ticker,date,open,high,low,close,adj_close,volume,return_1d,return_3d,return_5d,return_10d,return_20d,return_60d,volatility_5d,volatility_20d,volatility_60d,volume_to_20d_avg,volume_to_60d_avg,gap,intraday_range,high_252d,low_252d,distance_from_52w_high,distance_from_52w_low,dollar_volume,adv_20d_dollars,price,next_open,exit_close_5d,fwd_return_5d,exit_close_10d,fwd_return_10d,exit_close_20d,fwd_return_20d,event_date,has_event,days_to_event_calendar,event_5d,event_10d,event_20d,event_40d,event_60d,event_90d,sec_days_since_last_filing,sec_days_since_event_language,sec_filings_30d,sec_filings_90d,sec_filings_180d,sec_filings_ever,sec_strategic_alternatives_hit_30d,sec_strategic_alternatives_hit_90d,sec_strategic_alternatives_hit_180d,sec_strategic_alternatives_hit_ever,sec_strategic_alternatives_count_30d,sec_strategic_alternatives_count_90d,sec_strategic_alternatives_count_180d,sec_strategic_alternatives_count_ever,sec_investment_bank_hit_30d,sec_investment_bank_hit_90d,sec_investment_bank_hit_180d,sec_investment_bank_hit_ever,sec_investment_bank_count_30d,sec_investment_bank_count_90d,sec_investment_bank_count_180d,sec_investment_bank_count_ever,sec_change_of_control_hit_30d,sec_change_of_control_hit_90d,sec_change_of_control_hit_180d,sec_change_of_control_hit_ever,sec_change_of_control_count_30d,sec_change_of_control_count_90d,sec_change_of_control_count_180d,sec_change_of_control_count_ever,sec_committee_hit_30d,sec_committee_hit_90d,sec_committee_hit_180d,sec_committee_hit_ever,sec_committee_count_30d,sec_committee_count_90d,sec_committee_count_180d,sec_committee_count_ever,sec_unsolicited_interest_hit_30d,sec_unsolicited_interest_hit_90d,sec_unsolicited_interest_hit_180d,sec_unsolicited_interest_hit_ever,sec_unsolicited_interest_count_30d,sec_unsolicited_interest_count_90d,sec_unsolicited_interest_count_180d,sec_unsolicited_interest_count_ever,sec_multiple_party_interest_hit_30d,sec_multiple_party_interest_hit_90d,sec_multiple_party_interest_hit_180d,sec_multiple_party_interest_hit_ever,sec_multiple_party_interest_count_30d,sec_multiple_party_interest_count_90d,sec_multiple_party_interest_count_180d,sec_multiple_party_interest_count_ever,sec_transaction_hit_30d,sec_transaction_hit_90d,sec_transaction_hit_180d,sec_transaction_hit_ever,sec_transaction_count_30d,sec_transaction_count_90d,sec_transaction_count_180d,sec_transaction_count_ever,sec_confidentiality_hit_30d,sec_confidentiality_hit_90d,sec_confidentiality_hit_180d,sec_confidentiality_hit_ever,sec_confidentiality_count_30d,sec_confidentiality_count_90d,sec_confidentiality_count_180d,sec_confidentiality_count_ever,sec_financing_hit_30d,sec_financing_hit_90d,sec_financing_hit_180d,sec_financing_hit_ever,sec_financing_count_30d,sec_financing_count_90d,sec_financing_count_180d,sec_financing_count_ever,sec_any_event_language_hit_30d,sec_any_event_language_hit_90d,sec_any_event_language_hit_180d,sec_any_event_language_hit_ever,planned_position_dollars,open_gap,order_pct_adv,harsh_net_return_20d,execution_tradable,outcome_known_date,event_score,expected_net_return_20d,positive_return_score,execution_score,paper_entry_eligible,paper_entry_condition
AAOI,2026-09-16,98.2,99.6,94.0,96.74,96.74,6963381.0,0.0152167068947421,-0.0818147304479879,-0.103678310015751,-0.064319566689235,-0.2638307586941633,-0.4350289084856625,0.0465147839966844,0.0518776492469009,0.0816995906751161,0.9843385644232292,0.7094009138406736,0.0305383565956554,0.0570264765784113,233.67,18.5,-0.5859973466854966,4.229189189189189,673637477.9399999,776058586.4305,96.74,100.725,,,,,,,,0,,0,0,0,0,0,0,0.0,0.0,1.0,1.0,1,8.0,0,0,0,0,0.0,0.0,0.0,0.0,0,0,0,0,0.0,0.0,0.0,0.0,0,0,0,0,0.0,0.0,0.0,0.0,0,0,0,0,0.0,0.0,0.0,0.0,0,0,0,0,0.0,0.0,0.0,0.0,0,0,0,0,0.0,0.0,0.0,0.0,1,1,1,1,1.0,1.0,1.0,8.0,0,0,0,1,0.0,0.0,0.0,3.0,0,0,0,1,0.0,0.0,0.0,4.0,1,1,1,1,10000.0,0.04119288815381439,1.2885625099511158e-05,,False,2026-10-16,0.006787483443898779,-0.012701967932297125,0.4403550366327777,0.0,True,next_open_gap_checked
AB,2026-09-16,36.04,36.5,35.29,35.5,35.5,441888.0,-0.0158026060438036,-0.0163480188417844,-0.0244572684803517,-0.0319061903463322,-0.0187949143173024,-0.0127919911012236,0.0069387855444602,0.0078385246449548,0.0093094857355034,1.4811984256434287,1.56474230713868,-0.0008317161075686,0.033573806881243,44.11,34.92,-0.1951938335978236,0.0166093928980526,15687024.0,10883030.15,35.5,35.88,,,,,,,,0,,0,0,0,0,0,0,5.0,1792.0,1.0,1.0,1,8.0,0,0,0,0,0.0,0.0,0.0,0.0,0,0,0,0,0.0,0.0,0.0,0.0,0,0,0,0,0.0,0.0,0.0,0.0,0,0,0,0,0.0,0.0,0.0,0.0,0,0,0,0,0.0,0.0,0.0,0.0,0,0,0,0,0.0,0.0,0.0,0.0,0,0,0,1,0.0,0.0,0.0,1.0,0,0,0,0,0.0,0.0,0.0,0.0,0,0,0,0,0.0,0.0,0.0,0.0,0,0,0,1,10000.0,0.010704225352112795,0.0009188617381529537,,False,2026-10-16,0.008993938347342259,-0.02465291489136744,0.2885194260313094,0.0,True,next_open_gap_checked
ABXL,2026-09-16,25.5,25.505,25.34,25.34,25.34,5765.0,0.0003947887879984,-0.003147128245476,-0.0003944773175542,-0.0058846606512357,-0.0051040439733018,-0.0062745098039215,0.0017923506569438,0.0036123414151812,0.004308281087793,0.6017494050352804,0.7373961537723601,0.0067114093959732,0.006470588235294,26.48,24.92,-0.0430513595166163,0.0168539325842695,146085.1,243547.37235,25.34,25.43,,,,,,,,0,,0,0,0,0,0,0,22.0,789.0,1.0,1.0,1,8.0,0,0,0,0,0.0,0.0,0.0,0.0,0,0,0,0,0.0,0.0,0.0,0.0,0,0,0,0,0.0,0.0,0.0,0.0,0,0,0,0,0.0,0.0,0.0,0.0,0,0,0,0,0.0,0.0,0.0,0.0,0,0,0,0,0.0,0.0,0.0,0.0,0,0,0,1,0.0,0.0,0.0,74.0,0,0,0,1,0.0,0.0,0.0,4.0,0,0,0,1,0.0,0.0,0.0,25.0,0,0,0,1,10000.0,0.003551696921862746,0.04105977372496173,,False,2026-10-16,0.009513781769943339,-0.026733470067141305,0.11779256062894328,0.0,False,next_open_gap_checked
ACB,2026-09-16,3.82,3.87,3.775,3.83,3.83,557902.0,0.0026178010471205,0.0240641711229945,-0.0128865979381442,-0.0543209876543209,0.0435967302452315,0.3344947735191637,0.0214296773090455,0.0231247091963172,0.0358481875379762,0.5267526903568253,0.4139444492102035,0.0,0.024869109947644,6.665,2.56,-0.4253563390847712,0.49609375,2136764.66,4163892.9245,3.83,3.87,,,,,,,,0,,0,0,0,0,0,0,,,0.0,0.0,0,0.0,0,0,0,0,0.0,0.0,0.0,0.0,0,0,0,0,0.0,0.0,0.0,0.0,0,0,0,0,0.0,0.0,0.0,0.0,0,0,0,0,0.0,0.0,0.0,0.0,0,0,0,0,0.0,0.0,0.0,0.0,0,0,0,0,0.0,0.0,0.0,0.0,0,0,0,0,0.0,0.0,0.0,0.0,0,0,0,0,0.0,0.0,0.0,0.0,0,0,0,0,0.0,0.0,0.0,0.0,0,0,0,0,10000.0,0.010443864229765065,0.0024015987397660566,,False,2026-10-16,0.004115181018112375,-0.011740360719363583,0.43342514252771885,0.0,True,next_open_gap_checked
ACFN,2026-09-16,20.45,20.97,19.28,20.78,20.78,78605.0,0.0236453201970443,-0.0386305806153133,0.0939720979205054,0.0839853938445487,0.069480185280494,0.2725045927740357,0.0566622894903621,0.0450331045491936,0.035266728445239,1.1080990402724678,1.8906188616921484,0.0073891625615762,0.0826405867970659,31.88,12.42,-0.3481806775407778,0.673107890499195,1633411.9,1410305.3362500002,20.78,21.19,,,,,,,,0,,0,0,0,0,0,0,6.0,6.0,1.0,1.0,1,8.0,0,0,0,0,0.0,0.0,0.0,0.0,0,0,0,1,0.0,0.0,0.0,1.0,0,0,0,1,0.0,0.0,0.0,3.0,0,0,0,0,0.0,0.0,0.0,0.0,0,0,0,0,0.0,0.0,0.0,0.0,0,0,0,0,0.0,0.0,0.0,0.0,1,1,1,1,1.0,1.0,1.0,8.0,0,0,0,1,0.0,0.0,0.0,2.0,0,0,0,1,0.0,0.0,0.0,3.0,1,1,1,1,10000.0,0.019730510105871124,0.007090663094695498,,False,2026-10-16,0.020812898755355858,-0.01575284379712779,0.4090159200299218,0.0,True,next_open_gap_checked
ACGL,2026-09-16,96.14,97.63,96.14,96.97,96.97,5272433.0,-0.0007213520197857,0.0091580809657612,0.0088955938199033,-0.0166311733089949,-0.0196137903144272,0.0535636679704476,0.0105723614563533,0.0115636287287036,0.0147010543848398,1.7280731767088633,2.3999752374941665,-0.0092745259686727,0.0154982317453712,107.085,82.445,-0.0944576738105242,0.176178058099339,511267828.01,298841605.894,96.97,97.0,,,,,,,,0,,0,0,0,0,0,0,49.0,3386.0,0.0,1.0,1,8.0,0,0,0,0,0.0,0.0,0.0,0.0,0,0,0,0,0.0,0.0,0.0,0.0,0,0,0,0,0.0,0.0,0.0,0.0,0,0,0,0,0.0,0.0,0.0,0.0,0,0,0,0,0.0,0.0,0.0,0.0,0,0,0,0,0.0,0.0,0.0,0.0,0,0,0,1,0.0,0.0,0.0,2.0,0,0,0,0,0.0,0.0,0.0,0.0,0,0,0,0,0.0,0.0,0.0,0.0,0,0,0,1,10000.0,0.0003093740332060779,3.3462542707480395e-05,,False,2026-10-16,0.006509958772869935,-0.02465291489136744,0.31343664959278494,0.0,True,next_open_gap_checked
ACH,2026-09-16,1.1,1.11,1.04,1.07,1.07,1242775.0,-0.0360360360360361,-0.0092592592592593,0.0,-0.0695652173913041,-0.0530973451327432,-0.665625,0.0266317432513008,0.0541420220251685,0.0860618402609047,1.067758400282221,1.0680032157615282,-0.009009009009009,0.0636363636363636,5.69,0.9337,-0.81195079086116,0.1459783656420692,1329769.25,1392443.742000006,1.07,1.08,,,,,,,,0,,0,0,0,0,0,0,496.0,2008.0,0.0,0.0,0,7.0,0,0,0,0,0.0,0.0,0.0,0.0,0,0,0,0,0.0,0.0,0.0,0.0,0,0,0,0,0.0,0.0,0.0,0.0,0,0,0,0,0.0,0.0,0.0,0.0,0,0,0,0,0.0,0.0,0.0,0.0,0,0,0,0,0.0,0.0,0.0,0.0,0,0,0,0,0.0,0.0,0.0,0.0,0,0,0,1,0.0,0.0,0.0,2.0,0,0,0,0,0.0,0.0,0.0,0.0,0,0,0,1,10000.0,0.009345794392523477,0.007181618688333304,,False,2026-10-16,0.010165272775014509,-0.011175317739656666,0.427568303724235,0.0,True,next_open_gap_checked
ACLS,2026-09-16,107.41,107.625,102.66,103.75,103.75,440920.0,-0.0122810357958873,-0.0853389755796527,-0.1021979923849083,-0.0575892451630484,-0.2336952507570721,-0.4358960417572857,0.0294424843338142,0.0319479459750654,0.0494542666526948,1.3624520428746587,0.9899667043653216,0.0225628332063974,0.0462247462992272,193.78,73.6,-0.4645990298276395,0.4096467391304348,45745450.0,37462274.496,103.75,106.16,,,,,,,,0,,0,0,0,0,0,0,41.0,901.0,0.0,1.0,1,8.0,0,0,0,0,0.0,0.0,0.0,0.0,0,0,0,0,0.0,0.0,0.0,0.0,0,0,0,0,0.0,0.0,0.0,0.0,0,0,0,0,0.0,0.0,0.0,0.0,0,0,0,0,0.0,0.0,0.0,0.0,0,0,0,1,0.0,0.0,0.0,1.0,0,0,0,1,0.0,0.0,0.0,2.0,0,0,0,1,0.0,0.0,0.0,3.0,0,0,0,0,0.0,0.0,0.0,0.0,0,0,0,1,10000.0,0.023228915662650618,0.0002669352070725909,,False,2026-10-16,0.009542632830568425,-0.006765665328917485,0.44759023995988373,0.0,True,next_open_gap_checked
ACN,2026-09-16,190.04,192.0,188.18,189.64,189.64,3265189.0,-0.0194415718717684,0.0312126155519303,0.0787258248009099,0.0082407358179594,0.0966286936910887,0.5191860930865977,0.0321611049425326,0.0282394627852573,0.0292294226923544,0.7271591783683802,0.4467982627208452,-0.0173733195449845,0.0201010313618185,291.09,118.15,-0.3485176405922566,0.6050782903089291,619210441.9599999,836629253.413,189.64,189.94,,,,,,,,0,,0,0,0,0,0,0,68.0,229.95833333333337,0.0,1.0,1,8.0,0,0,0,0,0.0,0.0,0.0,0.0,0,0,0,0,0.0,0.0,0.0,0.0,0,0,0,0,0.0,0.0,0.0,0.0,0,0,0,0,0.0,0.0,0.0,0.0,0,0,0,0,0.0,0.0,0.0,0.0,0,0,0,0,0.0,0.0,0.0,0.0,0,0,0,0,0.0,0.0,0.0,0.0,0,0,0,1,0.0,0.0,0.0,3.0,0,0,0,0,0.0,0.0,0.0,0.0,0,0,0,1,10000.0,0.0015819447373972562,1.1952725725529376e-05,,False,2026-10-16,0.005796989494271368,-0.016560249885306494,0.41589581042696255,0.0,True,next_open_gap_checked
ACVA,2026-09-16,10.44,10.44,10.42,10.42,10.42,11997022.0,-0.0009587727708533,0.0009606147934677,0.4138398914518317,0.5414201183431953,0.3656618610747051,0.6357927786499216,0.1999626789593918,0.1018470528181093,0.0646576147568469,1.1686355546911134,1.976674921708293,0.0009587727708533,0.0019157088122604,10.595,4.065,-0.0165172251061822,1.5633456334563345,125008969.24,99171182.474,10.42,10.46,,,,,,,,0,,0,0,0,0,0,0,152.0,152.0,0.0,0.0,1,7.0,0,0,0,0,0.0,0.0,0.0,0.0,0,0,0,0,0.0,0.0,0.0,0.0,0,0,0,1,0.0,0.0,0.0,4.0,0,0,0,0,0.0,0.0,0.0,0.0,0,0,0,0,0.0,0.0,0.0,0.0,0,0,0,0,0.0,0.0,0.0,0.0,0,0,0,1,0.0,0.0,0.0,5.0,0,0,1,1,0.0,0.0,2.0,25.0,0,0,0,0,0.0,0.0,0.0,0.0,0,0,1,1,10000.0,0.0038387715930903177,0.00010083574432140837,,False,2026-10-16,0.026709872859298482,0.0022785640198483125,0.3680267738262926,0.00013704921751155576,True,next_open_gap_checked
ADEA,2026-09-16,24.97,25.42,24.66,24.97,24.97,1307778.0,0.0028112449799195,-0.0651441407712467,-0.0679357969391564,0.0246204349610175,-0.1088508208422556,-0.2150267211568689,0.0376248595187352,0.0283797621180612,0.0399811067784234,1.589239653059186,1.0709052379089965,0.0028112449799195,0.0304365238285943,34.34,11.61,-0.272859638905067,1.1507321274763136,32655216.66,21318655.8405,24.97,25.6,,,,,,,,0,,0,0,0,0,0,0,43.0,592.9583333333334,0.0,1.0,1,8.0,0,0,0,0,0.0,0.0,0.0,0.0,0,0,0,1,0.0,0.0,0.0,4.0,0,0,0,1,0.0,0.0,0.0,1.0,0,0,0,0,0.0,0.0,0.0,0.0,0,0,0,0,0.0,0.0,0.0,0.0,0,0,0,0,0.0,0.0,0.0,0.0,0,0,0,1,0.0,0.0,0.0,198.0,0,0,0,1,0.0,0.0,0.0,21.0,0,0,0,0,0.0,0.0,0.0,0.0,0,0,0,1,10000.0,0.02523027633159791,0.00046907272554222456,,False,2026-10-16,0.013248630022664265,-0.007401780142812551,0.43318681204270915,0.0,True,next_open_gap_checked
ADP,2026-09-16,273.3,277.62,271.96,273.19,273.19,2478665.0,-0.0120782555238129,0.0183776932826362,0.0300505240932056,-0.0363328512469576,0.0144071887415988,0.2730195712954333,0.0159103675653579,0.0152944339120596,0.0193309106581382,1.2599136941595743,1.048504889679614,-0.0116804686652441,0.0207098426637395,294.46,188.16,-0.0722339197174488,0.4519026360544218,677146491.35,547574161.1070001,273.19,271.31,,,,,,,,0,,0,0,0,0,0,0,49.0,1818.0,0.0,1.0,1,8.0,0,0,0,0,0.0,0.0,0.0,0.0,0,0,0,0,0.0,0.0,0.0,0.0,0,0,0,0,0.0,0.0,0.0,0.0,0,0,0,0,0.0,0.0,0.0,0.0,0,0,0,0,0.0,0.0,0.0,0.0,0,0,0,0,0.0,0.0,0.0,0.0,0,0,0,0,0.0,0.0,0.0,0.0,0,0,0,1,0.0,0.0,0.0,1.0,0,0,0,0,0.0,0.0,0.0,0.0,0,0,0,1,10000.0,-0.0068816574545188525,1.8262366470659532e-05,,False,2026-10-16,0.005796989494271368,-0.024012716409663463,0.34647460385668516,0.0,True,next_open_gap_checked
ADVB,2026-09-16,7.94,8.14,7.72,7.72,7.72,12936.0,-0.0445544554455445,-0.0573870573870574,-0.0917647058823529,-0.2605363984674329,-0.1146788990825689,0.4932301740812379,0.0539323647437385,0.0558156719286745,0.1688967638084659,0.0685996829863134,0.0069540202414348,-0.0173267326732673,0.0528967254408061,24.229,3.61,-0.6813735606091873,1.1385041551246535,99865.92,1730389.82375,7.72,7.76,,,,,,,,0,,0,0,0,0,0,0,58.0,58.0,0.0,1.0,3,8.0,0,0,0,0,0.0,0.0,0.0,0.0,0,0,0,0,0.0,0.0,0.0,0.0,0,0,1,1,0.0,0.0,1.0,1.0,0,0,0,0,0.0,0.0,0.0,0.0,0,0,0,0,0.0,0.0,0.0,0.0,0,0,0,0,0.0,0.0,0.0,0.0,0,1,1,1,0.0,1.0,9.0,13.0,0,0,1,1,0.0,0.0,14.0,14.0,0,0,0,1,0.0,0.0,0.0,1.0,0,1,1,1,10000.0,0.005181347150259086,0.005779044619164821,,False,2026-10-16,0.017056936209896418,0.026700104221472377,0.2911276950014145,0.0010151892051391174,True,next_open_gap_checked
AEMD,2026-09-16,1.46,1.5,1.41,1.43,1.43,42823.0,-0.0272108843537415,-0.0653594771241831,-0.1538461538461538,-0.2228260869565218,-0.5051903114186851,-0.7927536231884058,0.0311009367433321,0.0644490462883081,0.0660889651100526,0.0132194982335594,0.0385630723664333,-0.0068027210884353,0.0616438356164384,41.35,1.41,-0.9654171704957678,0.0141843971631205,61236.89,7716819.224499999,1.43,8.48,,,,,,,2026-09-17,1,1.0,1,1,1,1,1,1,366.0,2687.0,0.0,0.0,0,7.0,0,0,0,0,0.0,0.0,0.0,0.0,0,0,0,0,0.0,0.0,0.0,0.0,0,0,0,1,0.0,0.0,0.0,7.0,0,0,0,0,0.0,0.0,0.0,0.0,0,0,0,0,0.0,0.0,0.0,0.0,0,0,0,0,0.0,0.0,0.0,0.0,0,0,0,1,0.0,0.0,0.0,6.0,0,0,0,1,0.0,0.0,0.0,7.0,0,0,0,1,0.0,0.0,0.0,4.0,0,0,0,1,10000.0,4.930069930069931,0.0012958707090417732,,False,2026-10-16,0.010534692314391265,-0.037596195271054206,0.3942626589822319,0.0,False,next_open_gap_checked
AFL,2026-09-16,117.23,118.09,116.15,116.81,116.81,2375105.0,-0.006295193534666,0.0132720333102012,0.0180407878682238,0.0068091708326152,-0.0404173170130617,0.0022308022308021,0.0083154372805503,0.0137003634274046,0.0119297984631495,1.1388470850591497,1.16409046999386,-0.0027222458528285,0.0165486650174869,130.22,105.426,-0.1029795730302565,0.1079809534649895,277436015.05,242805589.04649997,116.81,117.02,,,,,,,,0,,0,0,0,0,0,0,40.0,1280.0,0.0,1.0,1,8.0,0,0,0,0,0.0,0.0,0.0,0.0,0,0,0,0,0.0,0.0,0.0,0.0,0,0,0,0,0.0,0.0,0.0,0.0,0,0,0,0,0.0,0.0,0.0,0.0,0,0,0,0,0.0,0.0,0.0,0.0,0,0,0,0,0.0,0.0,0.0,0.0,0,0,0,0,0.0,0.0,0.0,0.0,0,0,0,1,0.0,0.0,0.0,8.0,0,0,0,0,0.0,0.0,0.0,0.0,0,0,0,1,10000.0,0.0017977912849926891,4.1185213401677046e-05,,False,2026-10-16,0.006696791996195411,-0.02465291489136744,0.32121013212609706,0.0,True,next_open_gap_checked
AGM,2026-09-16,222.93,224.9,216.267,220.65,220.65,131816.0,-0.0170616535994296,-0.0215511507250232,-0.0169302740031186,0.0036388446668182,-0.0370095578928991,0.2052766701261812,0.0081090401430709,0.0107374301383627,0.0158649533900847,1.366495685383381,1.1174198138792182,-0.0069048467569493,0.0387251603642399,248.285,136.57,-0.1113035423001792,0.6156549754704548,29085200.4,21491213.6995,220.65,222.25,,,,,,,,0,,0,0,0,0,0,0,33.0,1854.0,0.0,1.0,1,8.0,0,0,0,0,0.0,0.0,0.0,0.0,0,0,0,0,0.0,0.0,0.0,0.0,0,0,0,0,0.0,0.0,0.0,0.0,0,0,0,0,0.0,0.0,0.0,0.0,0,0,0,0,0.0,0.0,0.0,0.0,0,0,0,0,0.0,0.0,0.0,0.0,0,0,0,1,0.0,0.0,0.0,1.0,0,0,0,0,0.0,0.0,0.0,0.0,0,0,0,0,0.0,0.0,0.0,0.0,0,0,0,1,10000.0,0.007251302968502182,0.0004653064335883764,,False,2026-10-16,0.009399376525803117,-0.02465291489136744,0.3273210501911423,0.0,True,next_open_gap_checked
AHG,2026-09-16,0.85,0.85,0.7303,0.7451,0.7451,9662.0,-0.0196052631578947,-0.1121306005719732,-0.0687414073240845,-0.1721111111111111,-0.2869856459330143,-0.443955223880597,0.0927521594306812,0.0624679786602536,0.0590760754639502,0.6364178278668278,0.6247756995748396,0.1184210526315789,0.1408235294117647,2.5,0.73,-0.70196,0.0206849315068493,7199.156199999999,12472.880454988126,0.7451,0.7451,,,,,,,,0,,0,0,0,0,0,0,,,0.0,0.0,0,0.0,0,0,0,0,0.0,0.0,0.0,0.0,0,0,0,0,0.0,0.0,0.0,0.0,0,0,0,0,0.0,0.0,0.0,0.0,0,0,0,0,0.0,0.0,0.0,0.0,0,0,0,0,0.0,0.0,0.0,0.0,0,0,0,0,0.0,0.0,0.0,0.0,0,0,0,0,0.0,0.0,0.0,0.0,0,0,0,0,0.0,0.0,0.0,0.0,0,0,0,0,0.0,0.0,0.0,0.0,0,0,0,0,10000.0,0.0,0.8017394246732176,,False,2026-10-16,0.004115181018112375,0.009196979964037039,0.4323377652656165,0.0002550720576280945,False,next_open_gap_checked
AIIO,2026-09-16,1.52,1.56,1.495,1.54,1.54,360820.0,0.0,-0.0833333333333332,-0.1720430107526882,-0.2487804878048779,-0.4460431654676259,-0.5202492211838006,0.0238360064974507,0.0544994014443066,0.0874549834010532,0.5080630115286456,0.264740918570963,-0.0129870129870129,0.0427631578947368,56.3,0.5401,-0.972646536412078,1.8513238289205705,555662.8,1460552.5825,1.54,1.56,,,,,,,,0,,0,0,0,0,0,0,,,0.0,0.0,0,0.0,0,0,0,0,0.0,0.0,0.0,0.0,0,0,0,0,0.0,0.0,0.0,0.0,0,0,0,0,0.0,0.0,0.0,0.0,0,0,0,0,0.0,0.0,0.0,0.0,0,0,0,0,0.0,0.0,0.0,0.0,0,0,0,0,0.0,0.0,0.0,0.0,0,0,0,0,0.0,0.0,0.0,0.0,0,0,0,0,0.0,0.0,0.0,0.0,0,0,0,0,0.0,0.0,0.0,0.0,0,0,0,0,10000.0,0.012987012987013102,0.00684672371253022,,False,2026-10-16,0.004115181018112375,-0.04082781097175599,0.4058868136279621,0.0,True,next_open_gap_checked
AIM,2026-09-16,0.2119,0.2166,0.2062,0.212,0.212,2396890.0,-0.0074906367041199,-0.0437528191249436,-0.0909090909090909,-0.1016949152542372,-0.0936297563061137,-0.4463306346304518,0.0181937042780821,0.038262562921412,0.0485139317723404,0.2035152327762628,0.5085190916682593,-0.0079588014981273,0.0490797546012269,2.888,0.1901,-0.9265927977839336,0.1152025249868491,508140.68,2699087.792655,0.212,0.206,,,,,,,,0,,0,0,0,0,0,0,1.0,1.0,1.0,1.0,1,8.0,0,0,0,0,0.0,0.0,0.0,0.0,0,0,0,0,0.0,0.0,0.0,0.0,0,0,0,0,0.0,0.0,0.0,0.0,0,0,0,0,0.0,0.0,0.0,0.0,0,0,0,0,0.0,0.0,0.0,0.0,0,0,0,0,0.0,0.0,0.0,0.0,1,1,1,1,1.0,1.0,1.0,4.0,0,0,0,1,0.0,0.0,0.0,2.0,0,0,0,1,0.0,0.0,0.0,8.0,1,1,1,1,10000.0,-0.028301886792452824,0.003704955439838933,,False,2026-10-16,0.00892303931183562,0.0019311815313742613,0.41433931571221805,7.558500516463179e-05,False,next_open_gap_checked
AIR,2026-09-16,116.73,119.86,115.49,117.23,117.23,343386.0,0.0113008971704624,-0.0657475294867707,-0.0591492776886034,-0.0582422879177377,-0.2133270701919205,-0.1269734882335418,0.0252158685114867,0.0279524652212173,0.0307176401726379,1.054337436737942,0.80420395200154,0.0069875776397516,0.0374368200119935,154.0,74.243,-0.2387662337662337,0.5790040811928399,40255140.78,41804590.4985,117.23,119.74,,,,,,,,0,,0,0,0,0,0,0,37.0,37.0,0.0,1.0,1,8.0,0,0,0,0,0.0,0.0,0.0,0.0,0,0,0,0,0.0,0.0,0.0,0.0,0,0,0,0,0.0,0.0,0.0,0.0,0,0,0,0,0.0,0.0,0.0,0.0,0,0,0,0,0.0,0.0,0.0,0.0,0,0,0,0,0.0,0.0,0.0,0.0,0,1,1,1,0.0,3.0,3.0,11.0,0,1,1,1,0.0,1.0,1.0,2.0,0,0,0,0,0.0,0.0,0.0,0.0,0,1,1,1,10000.0,0.02141090164633619,0.00023920817978970068,,False,2026-10-16,0.010684279833048269,-0.009891482956497855,0.43054736822406353,0.0,True,next_open_gap_checked
AIRO,2026-09-16,7.33,7.36,7.007,7.19,7.19,241666.0,-0.0110041265474551,-0.0082758620689654,0.0450581395348836,-0.0150684931506848,-0.1993318485523385,-0.0650195058517555,0.0211686193997345,0.0346250915466999,0.0567471978457032,0.6517315453725742,0.517329350147987,0.0082530949105914,0.0481582537517054,22.47,5.71,-0.6800178015131286,0.2591943957968476,1737578.54,2830973.9235,7.19,7.32,,,,,,,,0,,0,0,0,0,0,0,34.0,100.0,0.0,1.0,4,8.0,0,0,0,0,0.0,0.0,0.0,0.0,0,0,0,0,0.0,0.0,0.0,0.0,0,0,1,1,0.0,0.0,1.0,1.0,0,0,0,0,0.0,0.0,0.0,0.0,0,0,0,0,0.0,0.0,0.0,0.0,0,0,0,0,0.0,0.0,0.0,0.0,0,0,0,1,0.0,0.0,0.0,1.0,0,0,1,1,0.0,0.0,3.0,3.0,0,0,0,0,0.0,0.0,0.0,0.0,0,0,1,1,10000.0,0.018080667593880273,0.0035323532714270868,,False,2026-10-16,0.012164839223680148,0.05250197824073863,0.5312438731252147,0.0030762582308916262,True,next_open_gap_checked
ALH,2026-09-16,21.29,21.875,21.205,21.55,21.55,1042012.0,0.0213270142180095,-0.0027764923646459,-0.0091954022988505,-0.0318957771787961,-0.1020833333333333,-0.184947049924357,0.0225479836437457,0.0177342602758218,0.0189879779749056,0.5235382892628784,0.9563145054582488,0.0090047393364927,0.031470173790512,28.23,18.64,-0.2366277010272759,0.1561158798283262,22455358.6,46253410.046,21.55,22.02,,,,,,,,0,,0,0,0,0,0,0,34.0,141.0,0.0,2.0,6,8.0,0,0,0,0,0.0,0.0,0.0,0.0,0,0,0,0,0.0,0.0,0.0,0.0,0,0,1,1,0.0,0.0,3.0,3.0,0,0,0,0,0.0,0.0,0.0,0.0,0,0,0,0,0.0,0.0,0.0,0.0,0,0,1,1,0.0,0.0,2.0,2.0,0,0,0,1,0.0,0.0,0.0,1.0,0,0,1,1,0.0,0.0,3.0,3.0,0,0,0,0,0.0,0.0,0.0,0.0,0,0,1,1,10000.0,0.02180974477958242,0.00021620027561329615,,False,2026-10-16,0.016045466394282858,-0.024012716409663463,0.33080650057005734,0.0,True,next_open_gap_checked
ALK,2026-09-16,41.1,41.1,38.881,39.68,39.68,2536403.0,-0.0057629666750187,-0.0359572400388725,-0.0168483647175421,-0.0248218235438681,-0.0643716104692289,-0.1868852459016393,0.0173854505718807,0.0206967464810477,0.0277943898480983,1.0891756810512276,0.9186116054074543,0.0298170884490103,0.0539902676399027,60.63,33.03,-0.3455385122876464,0.2013321223130486,100644471.04,95760891.1965,39.68,40.7,,,,,,,,0,,0,0,0,0,0,0,56.0,1982.0,0.0,1.0,1,8.0,0,0,0,0,0.0,0.0,0.0,0.0,0,0,0,0,0.0,0.0,0.0,0.0,0,0,0,0,0.0,0.0,0.0,0.0,0,0,0,0,0.0,0.0,0.0,0.0,0,0,0,0,0.0,0.0,0.0,0.0,0,0,0,0,0.0,0.0,0.0,0.0,0,0,0,1,0.0,0.0,0.0,1.0,0,0,0,1,0.0,0.0,0.0,1.0,0,0,0,0,0.0,0.0,0.0,0.0,0,0,0,1,10000.0,0.02570564516129048,0.00010442676415239432,,False,2026-10-16,0.012767415032539878,-0.016560249885306494,0.4284549402286293,0.0,True,next_open_gap_checked
ALLY,2026-09-16,41.46,41.62,39.985,40.31,40.31,5600376.0,-0.0305435305435304,-0.0418350368433562,-0.0363375567774323,-0.0367980884109916,-0.0760944304377722,-0.1154268158876453,0.0143348492002969,0.0145165297209979,0.0150502085495127,1.7229991888449077,1.852601545603296,-0.0028860028860028,0.0394356005788711,47.29,35.92,-0.1475999154155212,0.1222160356347439,225751156.56,137142605.0605,40.31,40.9,,,,,,,,0,,0,0,0,0,0,0,0.0,2400.9583333333335,1.0,1.0,1,8.0,0,0,0,0,0.0,0.0,0.0,0.0,0,0,0,0,0.0,0.0,0.0,0.0,0,0,0,0,0.0,0.0,0.0,0.0,0,0,0,0,0.0,0.0,0.0,0.0,0,0,0,0,0.0,0.0,0.0,0.0,0,0,0,0,0.0,0.0,0.0,0.0,0,0,0,1,0.0,0.0,0.0,8.0,0,0,0,0,0.0,0.0,0.0,0.0,0,0,0,0,0.0,0.0,0.0,0.0,0,0,0,1,10000.0,0.014636566608781765,7.2916800695076e-05,,False,2026-10-16,0.013354231399840861,-0.02465291489136744,0.32326314793113237,0.0,True,next_open_gap_checked
AM,2026-09-16,21.36,21.485,21.03,21.16,21.16,2125136.0,-0.0079699953117673,-0.040797824116047,-0.0735551663747811,-0.0587188612099643,-0.0674305861613046,-0.0315789473684211,0.007184164359956,0.0121458148586607,0.0149661748062017,1.0288059079985412,0.9491929104874348,0.0014064697609001,0.0213014981273407,23.835,16.96,-0.1122299139920285,0.2476415094339621,44967877.76,45946394.297,21.16,21.08,,,,,,,,0,,0,0,0,0,0,0,48.0,1601.0,0.0,1.0,1,8.0,0,0,0,0,0.0,0.0,0.0,0.0,0,0,0,0,0.0,0.0,0.0,0.0,0,0,0,0,0.0,0.0,0.0,0.0,0,0,0,0,0.0,0.0,0.0,0.0,0,0,0,0,0.0,0.0,0.0,0.0,0,0,0,0,0.0,0.0,0.0,0.0,0,0,0,1,0.0,0.0,0.0,1.0,0,0,0,1,0.0,0.0,0.0,1.0,0,0,0,0,0.0,0.0,0.0,0.0,0,0,0,1,10000.0,-0.003780718336483968,0.00021764493499445146,,False,2026-10-16,0.015937807489924547,-0.02401680007747237,0.3346765406173996,0.0,True,next_open_gap_checked
AMBQ,2026-09-16,62.57,62.65,58.47,59.9,59.9,362336.0,-0.0156121610517666,-0.0569899244332494,-0.0606868433432649,0.0707901322845907,-0.0493572448817647,-0.3236224028906956,0.0458104526230224,0.0403211361894665,0.049348082755855,0.8561192682715044,0.6821675283805805,0.028266228430567,0.0668051782004155,91.61,22.12,-0.3461412509551359,1.7079566003616633,21703926.4,25175244.524,59.9,61.76,,,,,,,,0,,0,0,0,0,0,0,36.0,146.0,0.0,1.0,4,8.0,0,0,0,0,0.0,0.0,0.0,0.0,0,0,0,0,0.0,0.0,0.0,0.0,0,0,1,1,0.0,0.0,1.0,1.0,0,0,0,0,0.0,0.0,0.0,0.0,0,0,0,0,0.0,0.0,0.0,0.0,0,0,0,0,0.0,0.0,0.0,0.0,0,0,1,1,0.0,0.0,3.0,3.0,0,0,1,1,0.0,0.0,1.0,1.0,0,0,0,0,0.0,0.0,0.0,0.0,0,0,1,1,10000.0,0.031051752921535947,0.0003972156056107747,,False,2026-10-16,0.011057800763674117,0.00233711296078885,0.4364149350282077,0.00010725404712378355,True,next_open_gap_checked
AMR,2026-09-16,191.45,197.99,187.845,189.49,189.49,335800.0,0.004612448308769,-0.0951243971157059,-0.1650215916101172,-0.1881667452122873,0.1183309726156751,0.0822434176709121,0.0232073926181537,0.0496239979408341,0.0361178111073201,0.9127330197478404,1.0847016421751896,0.0150037111653058,0.0529903369025855,253.82,133.64,-0.2534473248758963,0.4179137982639931,63630742.0,78280934.26699999,189.49,192.84,,,,,,,,0,,0,0,0,0,0,0,40.0,2590.0,0.0,1.0,1,8.0,0,0,0,0,0.0,0.0,0.0,0.0,0,0,0,1,0.0,0.0,0.0,4.0,0,0,0,1,0.0,0.0,0.0,1.0,0,0,0,0,0.0,0.0,0.0,0.0,0,0,0,0,0.0,0.0,0.0,0.0,0,0,0,0,0.0,0.0,0.0,0.0,0,0,0,1,0.0,0.0,0.0,168.0,0,0,0,0,0.0,0.0,0.0,0.0,0,0,0,0,0.0,0.0,0.0,0.0,0,0,0,1,10000.0,0.017679033194363702,0.0001277450262140725,,False,2026-10-16,0.009399376525803117,-0.006765665328917485,0.4369853661234216,0.0,True,next_open_gap_checked
AMRN,2026-09-16,13.97,14.08,13.78,13.84,13.84,45088.0,-0.0064608758076094,0.0028985507246375,-0.0382209867963864,-0.0003611412062116,-0.0205237084217976,-0.1246046805819102,0.0147130414172628,0.0175998873682712,0.0162121001048956,0.5382661664592417,0.6235468885234301,0.0028715003589376,0.0214745884037223,20.9,12.96,-0.3377990430622009,0.067901234567901,624017.92,1177791.8345,13.84,13.92,,,,,,,,0,,0,0,0,0,0,0,48.0,1248.0,0.0,1.0,1,8.0,0,0,0,0,0.0,0.0,0.0,0.0,0,0,0,0,0.0,0.0,0.0,0.0,0,0,0,1,0.0,0.0,0.0,1.0,0,0,0,0,0.0,0.0,0.0,0.0,0,0,0,0,0.0,0.0,0.0,0.0,0,0,0,0,0.0,0.0,0.0,0.0,0,0,0,1,0.0,0.0,0.0,1.0,0,0,0,0,0.0,0.0,0.0,0.0,0,0,0,0,0.0,0.0,0.0,0.0,0,0,0,1,10000.0,0.005780346820809301,0.008490464704440094,,False,2026-10-16,0.01717534321079621,-0.025773301442386865,0.3183863976966314,0.0,True,next_open_gap_checked
AMTD,2026-09-16,0.755,0.755,0.7101,0.7101,0.7101,8040.0,-0.027393507738666,-0.076592977893368,-0.0716433520721664,-0.0539568345323742,-0.0495248293401151,-0.2827272727272727,0.0238490617071376,0.0345212727227242,0.034890541867104,0.903015667995732,0.800079609911434,0.034104917134639,0.0594701986754967,1.65,0.71,-0.5696363636363637,0.0001408450704225,5709.204,6979.489500000001,0.7101,0.71,,,,,,,,0,,0,0,0,0,0,0,,,0.0,0.0,0,0.0,0,0,0,0,0.0,0.0,0.0,0.0,0,0,0,0,0.0,0.0,0.0,0.0,0,0,0,0,0.0,0.0,0.0,0.0,0,0,0,0,0.0,0.0,0.0,0.0,0,0,0,0,0.0,0.0,0.0,0.0,0,0,0,0,0.0,0.0,0.0,0.0,0,0,0,0,0.0,0.0,0.0,0.0,0,0,0,0,0.0,0.0,0.0,0.0,0,0,0,0,0.0,0.0,0.0,0.0,0,0,0,0,10000.0,-0.00014082523588221374,1.4327695456809555,,False,2026-10-16,0.004115181018112375,0.008845050083851592,0.4295791784588799,0.00024374627719928033,False,next_open_gap_checked
AMTM,2026-09-16,20.09,20.4,19.65,19.88,19.88,1369548.0,-0.012909632571996,0.0215827338129495,0.0295183842568618,-0.0055027513756877,-0.0510739856801909,-0.0560303893637227,0.0141694524246477,0.0231017042156029,0.0285112261890089,0.7439948761491588,0.6700078587202307,-0.0024826216484608,0.0373320059731209,38.11,19.21,-0.4783521385463133,0.0348776678813116,27226614.24,37266794.465,19.88,20.11,,,,,,,,0,,0,0,0,0,0,0,36.0,267.9583333333333,0.0,1.0,1,8.0,0,0,0,0,0.0,0.0,0.0,0.0,0,0,0,0,0.0,0.0,0.0,0.0,0,0,0,1,0.0,0.0,0.0,6.0,0,0,0,0,0.0,0.0,0.0,0.0,0,0,0,0,0.0,0.0,0.0,0.0,0,0,0,0,0.0,0.0,0.0,0.0,0,0,0,1,0.0,0.0,0.0,3.0,0,0,0,1,0.0,0.0,0.0,7.0,0,0,0,0,0.0,0.0,0.0,0.0,0,0,0,1,10000.0,0.0115694164989939,0.00026833539464714995,,False,2026-10-16,0.014483501216730154,-0.016560249885306494,0.4133648972401297,0.0,True,next_open_gap_checked
ANDG,2026-09-16,54.75,55.99,54.24,55.01,55.01,286109.0,0.0147574248293671,0.025349487418453,0.0095430354193428,-0.0127422828427853,0.2024043715846994,0.5310325633175619,0.0352428076367573,0.0375986200693716,0.0357312520369811,0.5033925585401969,0.6176142089829064,0.0099612617598228,0.0319634703196347,57.62,18.12,-0.0452967719541825,2.0358719646799113,15738856.09,29827734.43649999,55.01,55.42,,,,,,,,0,,0,0,0,0,0,0,34.0,78.0,0.0,3.0,6,8.0,0,0,0,0,0.0,0.0,0.0,0.0,0,0,0,0,0.0,0.0,0.0,0.0,0,1,1,1,0.0,1.0,1.0,1.0,0,0,0,0,0.0,0.0,0.0,0.0,0,0,0,0,0.0,0.0,0.0,0.0,0,0,0,0,0.0,0.0,0.0,0.0,0,1,1,1,0.0,3.0,6.0,7.0,0,0,1,1,0.0,0.0,2.0,2.0,0,0,0,0,0.0,0.0,0.0,0.0,0,1,1,1,10000.0,0.007453190329031134,0.00033525844952418074,,False,2026-10-16,0.021077841731404295,-0.0009228301227863752,0.48017798873056783,0.0,True,next_open_gap_checked
APA,2026-09-16,46.44,46.66,44.18,44.79,44.79,9157574.0,-0.0552626028264079,0.0013413816230718,-0.0011150758251562,0.0110609480812642,0.0572406467602972,0.3096491228070175,0.0385995826074479,0.026278809355465,0.0270328982751431,1.6926728522708163,1.6831661154726376,-0.02045981860367,0.053402239448751,47.44,21.63,-0.0558600337268128,1.0707350901525658,410167739.46,237622115.932,44.79,44.63,,,,,,,,0,,0,0,0,0,0,0,41.0,404.0,0.0,1.0,1,8.0,0,0,0,0,0.0,0.0,0.0,0.0,0,0,0,1,0.0,0.0,0.0,9.0,0,0,0,1,0.0,0.0,0.0,2.0,0,0,0,0,0.0,0.0,0.0,0.0,0,0,0,0,0.0,0.0,0.0,0.0,0,0,0,1,0.0,0.0,0.0,1.0,0,0,0,1,0.0,0.0,0.0,12.0,0,0,0,1,0.0,0.0,0.0,3.0,0,0,0,1,0.0,0.0,0.0,2.0,0,0,0,1,10000.0,-0.0035722259432908743,4.208362492177153e-05,,False,2026-10-16,0.010283933171200542,-0.017520418510060934,0.4045989215729407,0.0,True,next_open_gap_checked
APP,2026-09-16,333.58,336.44,322.01,326.56,326.56,3517124.0,-0.0147830809147407,0.0080256821829856,0.0704779387661442,0.0475396163469556,0.0628132526199309,-0.3042885447069601,0.0233803382166191,0.0214970692655111,0.0430647419550708,0.7900943586960331,0.6088783521427754,0.006395945212092,0.0432579890880748,745.61,297.5,-0.5620230415364601,0.0976806722689076,1148552013.44,1403101941.8705,326.56,331.86,,,,,,,,0,,0,0,0,0,0,0,41.0,875.0,0.0,1.0,1,8.0,0,0,0,0,0.0,0.0,0.0,0.0,0,0,0,0,0.0,0.0,0.0,0.0,0,0,0,1,0.0,0.0,0.0,5.0,0,0,0,0,0.0,0.0,0.0,0.0,0,0,0,0,0.0,0.0,0.0,0.0,0,0,0,0,0.0,0.0,0.0,0.0,0,0,0,1,0.0,0.0,0.0,3.0,0,0,0,1,0.0,0.0,0.0,1.0,0,0,0,0,0.0,0.0,0.0,0.0,0,0,0,1,10000.0,0.016229789318961352,7.127065897057218e-06,,False,2026-10-16,0.00706761816404637,-0.01047232075579381,0.4229391381042094,0.0,True,next_open_gap_checked
APPS,2026-09-16,11.3,11.4,10.62,10.84,10.84,2211164.0,-0.0474516695957821,-0.0821337849280271,-0.0198915009041591,0.084,-0.1056105610561055,0.1718918918918919,0.0435699574813701,0.0469868310468632,0.0760708672018321,0.8744831820901411,0.6043761872433758,-0.0070298769771529,0.0690265486725664,15.335,2.74,-0.2931203130094555,2.9562043795620436,23969017.76,27858938.37375,10.84,11.0,,,,,,,,0,,0,0,0,0,0,0,7.0,1843.0,1.0,1.0,1,8.0,0,0,0,0,0.0,0.0,0.0,0.0,0,0,0,0,0.0,0.0,0.0,0.0,0,0,0,0,0.0,0.0,0.0,0.0,0,0,0,0,0.0,0.0,0.0,0.0,0,0,0,0,0.0,0.0,0.0,0.0,0,0,0,0,0.0,0.0,0.0,0.0,0,0,0,1,0.0,0.0,0.0,6.0,0,0,0,0,0.0,0.0,0.0,0.0,0,0,0,0,0.0,0.0,0.0,0.0,0,0,0,1,10000.0,0.014760147601476037,0.00035895122297346655,,False,2026-10-16,0.01835373894119491,-0.008425494330112287,0.39695536199380493,0.0,True,next_open_gap_checked
AQN,2026-09-16,5.33,5.34,5.285,5.32,5.32,3622244.0,0.0075757575757575,0.0018832391713747,-0.0483005366726295,-0.0600706713780918,-0.081174438687392,-0.0921501706484642,0.0167233358435127,0.0111631213206962,0.0155649341097394,0.9173952728782798,0.9416612964854588,0.009469696969697,0.0103189493433395,7.105,5.235,-0.2512315270935961,0.0162368672397326,19270338.08,21931394.1075,5.32,5.36,,,,,,,,0,,0,0,0,0,0,0,,,0.0,0.0,0,0.0,0,0,0,0,0.0,0.0,0.0,0.0,0,0,0,0,0.0,0.0,0.0,0.0,0,0,0,0,0.0,0.0,0.0,0.0,0,0,0,0,0.0,0.0,0.0,0.0,0,0,0,0,0.0,0.0,0.0,0.0,0,0,0,0,0.0,0.0,0.0,0.0,0,0,0,0,0.0,0.0,0.0,0.0,0,0,0,0,0.0,0.0,0.0,0.0,0,0,0,0,0.0,0.0,0.0,0.0,0,0,0,0,10000.0,0.007518796992481258,0.00045596736582195855,,False,2026-10-16,0.004115181018112375,-0.023867942112306383,0.36839220119841104,0.0,True,next_open_gap_checked
ARES,2026-09-16,127.96,128.61,121.29,124.21,124.21,1802097.0,-0.0378776142525174,-0.0564418109996961,-0.0756121157996577,-0.1069810913796822,-0.1147459197491269,-0.0134233518665608,0.0188003635517982,0.0176626128790672,0.025890158206262,0.9662590268574184,0.8246099917934673,-0.008830364058869,0.0572053766802126,186.85,95.8,-0.3352421728659353,0.2965553235908142,223838468.36999995,257349609.5525,124.21,125.92,,,,,,,,0,,0,0,0,0,0,0,47.0,517.0,0.0,1.0,1,8.0,0,0,0,0,0.0,0.0,0.0,0.0,0,0,0,0,0.0,0.0,0.0,0.0,0,0,0,0,0.0,0.0,0.0,0.0,0,0,0,0,0.0,0.0,0.0,0.0,0,0,0,0,0.0,0.0,0.0,0.0,0,0,0,1,0.0,0.0,0.0,2.0,0,0,0,1,0.0,0.0,0.0,4.0,0,0,0,1,0.0,0.0,0.0,11.0,0,0,0,0,0.0,0.0,0.0,0.0,0,0,0,1,10000.0,0.01376700748731996,3.8857645898079254e-05,,False,2026-10-16,0.006941046227070337,-0.01566102652681787,0.44497163755818747,0.0,True,next_open_gap_checked
ARIS,2026-09-16,18.86,18.93,17.85,18.23,18.23,1322228.0,-0.017780172413793,-0.0670419651995904,-0.0943864878291107,-0.0339162692103869,0.0363843092666287,0.1088807785888077,0.0207709408751589,0.0400547964942868,0.0410019459783453,0.9499788393138212,0.9447090187078004,0.0161637931034484,0.0572640509013784,23.29,8.75,-0.2172606268784885,1.0834285714285716,24104216.44,27715149.595000006,18.23,19.02,,,,,,,,0,,0,0,0,0,0,0,,,0.0,0.0,0,0.0,0,0,0,0,0.0,0.0,0.0,0.0,0,0,0,0,0.0,0.0,0.0,0.0,0,0,0,0,0.0,0.0,0.0,0.0,0,0,0,0,0.0,0.0,0.0,0.0,0,0,0,0,0.0,0.0,0.0,0.0,0,0,0,0,0.0,0.0,0.0,0.0,0,0,0,0,0.0,0.0,0.0,0.0,0,0,0,0,0.0,0.0,0.0,0.0,0,0,0,0,0.0,0.0,0.0,0.0,0,0,0,0,10000.0,0.04333516182117392,0.00036081349536731583,,False,2026-10-16,0.004115181018112375,-0.01064499605533126,0.4307519848845466,0.0,True,next_open_gap_checked
ARLO,2026-09-16,13.62,13.85,13.3,13.4,13.4,1062832.0,-0.0088757396449703,0.0159211523881728,0.0205635948210205,0.0660302307080349,0.0014947683109118,0.0136157337367623,0.0248431284142768,0.0293084370955807,0.0287156599326563,0.8746190526584147,0.8364755313088843,0.0073964497041418,0.0403817914831129,19.94,11.05,-0.3279839518555667,0.2126696832579184,14241948.8,16164243.8995,13.4,13.62,,,,,,,,0,,0,0,0,0,0,0,40.0,506.0,0.0,1.0,1,8.0,0,0,0,0,0.0,0.0,0.0,0.0,0,0,0,0,0.0,0.0,0.0,0.0,0,0,0,1,0.0,0.0,0.0,5.0,0,0,0,0,0.0,0.0,0.0,0.0,0,0,0,0,0.0,0.0,0.0,0.0,0,0,0,0,0.0,0.0,0.0,0.0,0,0,0,1,0.0,0.0,0.0,3.0,0,0,0,1,0.0,0.0,0.0,2.0,0,0,0,0,0.0,0.0,0.0,0.0,0,0,0,1,10000.0,0.016417910447761086,0.0006186494129991026,,False,2026-10-16,0.026211983861717247,-0.016560249885306494,0.4083630981049404,0.0,True,next_open_gap_checked
ARQQ,2026-09-16,18.21,19.33,18.08,19.01,19.01,489385.0,0.040503557744937,-0.051870324189526,-0.1215341959334564,0.0058201058201059,-0.1351228389444949,-0.1125116713352007,0.1147127294276906,0.0655218611823427,0.0865472697385962,1.385130225053766,0.983867054457893,-0.0032840722495893,0.0686436024162548,62.0,11.52,-0.6933870967741935,0.6501736111111114,9303208.85,6886659.911,19.01,19.59,,,,,,,,0,,0,0,0,0,0,0,,,0.0,0.0,0,0.0,0,0,0,0,0.0,0.0,0.0,0.0,0,0,0,0,0.0,0.0,0.0,0.0,0,0,0,0,0.0,0.0,0.0,0.0,0,0,0,0,0.0,0.0,0.0,0.0,0,0,0,0,0.0,0.0,0.0,0.0,0,0,0,0,0.0,0.0,0.0,0.0,0,0,0,0,0.0,0.0,0.0,0.0,0,0,0,0,0.0,0.0,0.0,0.0,0,0,0,0,0.0,0.0,0.0,0.0,0,0,0,0,10000.0,0.030510257759074122,0.001452082741014565,,False,2026-10-16,0.004115181018112375,-0.012681868927454393,0.4272947941048503,0.0,True,next_open_gap_checked
ARTW,2026-09-16,2.95,2.97,2.91,2.92,2.92,10604.0,-0.0135135135135134,-0.033112582781457,-0.0488599348534202,0.0103806228373701,-0.0846394984326018,0.1145038167938929,0.0123377183253384,0.0348454441174999,0.0563385946408771,0.5264399029928735,0.0182587787579209,-0.0033783783783782,0.0203389830508474,4.17,2.05,-0.2997601918465228,0.4243902439024392,30963.68,61172.9385,2.92,2.9,,,,,,,,0,,0,0,0,0,0,0,37.0,1237.0,0.0,1.0,1,8.0,0,0,0,0,0.0,0.0,0.0,0.0,0,0,0,0,0.0,0.0,0.0,0.0,0,0,0,0,0.0,0.0,0.0,0.0,0,0,0,0,0.0,0.0,0.0,0.0,0,0,0,0,0.0,0.0,0.0,0.0,0,0,0,0,0.0,0.0,0.0,0.0,0,0,0,0,0.0,0.0,0.0,0.0,0,0,0,1,0.0,0.0,0.0,4.0,0,0,0,0,0.0,0.0,0.0,0.0,0,0,0,1,10000.0,-0.006849315068493178,0.16347097663127627,,False,2026-10-16,0.02362816158093136,-0.00422505208587087,0.40613847156146127,0.0,False,next_open_gap_checked
ASBA,2026-09-16,24.9,24.95,24.685,24.7,24.7001,26686.0,-0.0056360708534621,-0.0076335877862595,-0.0056360708534621,-0.0016168148746967,0.0085749285422622,-0.0052356020942407,0.0030575591828841,0.002552413009167,0.0035699717407282,1.4206620457618635,0.8607766967326009,0.002415458937198,0.0106425702811245,25.37,23.9,-0.0264091446590462,0.0334728033472804,659144.2,464755.75345,24.7,24.76,,,,,,,,0,,0,0,0,0,0,0,1.0,183.0,1.0,1.0,1,8.0,0,0,0,0,0.0,0.0,0.0,0.0,0,0,0,0,0.0,0.0,0.0,0.0,0,0,0,0,0.0,0.0,0.0,0.0,0,0,0,0,0.0,0.0,0.0,0.0,0,0,0,0,0.0,0.0,0.0,0.0,0,0,0,0,0.0,0.0,0.0,0.0,0,0,0,1,0.0,0.0,0.0,1.0,0,0,0,1,0.0,0.0,0.0,1.0,0,0,0,0,0.0,0.0,0.0,0.0,0,0,0,1,10000.0,0.0024291497975710286,0.021516678224567334,,False,2026-10-16,0.010296607276428274,-0.025773301442386865,0.11779256062894328,0.0,False,next_open_gap_checked
ATGL,2026-09-16,4.705,4.705,4.705,4.705,4.705,1061.0,0.001063829787234,-0.1122641509433961,-0.202542372881356,-0.2892749244712991,-0.302962962962963,-0.6101905550952775,0.0560521944617317,0.0479115741287086,0.0599824169327265,0.1776773005107594,0.0557882255821351,0.001063829787234,0.0,50.0,4.52,-0.9059,0.0409292035398232,4992.005,40635.60274999925,4.705,4.75,,,,,,,,0,,0,0,0,0,0,0,,,0.0,0.0,0,0.0,0,0,0,0,0.0,0.0,0.0,0.0,0,0,0,0,0.0,0.0,0.0,0.0,0,0,0,0,0.0,0.0,0.0,0.0,0,0,0,0,0.0,0.0,0.0,0.0,0,0,0,0,0.0,0.0,0.0,0.0,0,0,0,0,0.0,0.0,0.0,0.0,0,0,0,0,0.0,0.0,0.0,0.0,0,0,0,0,0.0,0.0,0.0,0.0,0,0,0,0,0.0,0.0,0.0,0.0,0,0,0,0,10000.0,0.009564293304994642,0.24608961903487908,,False,2026-10-16,0.004115181018112375,-0.025633998238902646,0.3429534952554382,0.0,False,next_open_gap_checked
ATHR,2026-09-16,3.34,3.6,3.34,3.47,3.47,4307.0,0.0644171779141105,0.0028901734104047,0.0929133858267716,0.1528239202657808,-0.036111111111111,0.1762711864406778,0.0571735082727995,0.0496462801316297,0.0602239879140435,0.3178457042492583,0.2575890178284853,0.0245398773006135,0.0778443113772455,6.86,1.87,-0.4941690962099125,0.8556149732620322,14945.29,43355.66435,3.47,3.13,,,,,,,,0,,0,0,0,0,0,0,36.0,36.0,0.0,2.0,3,8.0,0,0,0,0,0.0,0.0,0.0,0.0,0,0,0,0,0.0,0.0,0.0,0.0,0,0,0,0,0.0,0.0,0.0,0.0,0,0,0,0,0.0,0.0,0.0,0.0,0,0,0,0,0.0,0.0,0.0,0.0,0,0,0,0,0.0,0.0,0.0,0.0,0,1,1,1,0.0,9.0,9.0,14.0,0,1,1,1,0.0,1.0,1.0,1.0,0,0,0,1,0.0,0.0,0.0,16.0,0,1,1,1,10000.0,-0.09798270893371763,0.230650369448208,,False,2026-10-16,0.02083169421754063,-0.021279206272363207,0.41498807015393196,0.0,False,next_open_gap_checked
ATYR,2026-09-16,0.3958,0.3958,0.3787,0.3841,0.3841,941614.0,-0.0131038026721479,-0.1063285248953002,-0.1565656565656565,-0.1939139559286463,-0.2380480063479468,-0.1831135686941727,0.0408592044040188,0.0474779168459064,0.0512042437800693,1.2459286453142249,0.7382386516964576,0.0169578622816033,0.0432036382011116,1.2,0.375,-0.6799166666666667,0.0242666666666666,361673.9374,353132.57120999997,0.3841,0.395,,,,,,,,0,,0,0,0,0,0,0,2.0,2.0,1.0,1.0,1,8.0,0,0,0,0,0.0,0.0,0.0,0.0,0,0,0,0,0.0,0.0,0.0,0.0,0,0,0,1,0.0,0.0,0.0,1.0,0,0,0,0,0.0,0.0,0.0,0.0,0,0,0,0,0.0,0.0,0.0,0.0,0,0,0,0,0.0,0.0,0.0,0.0,1,1,1,1,1.0,1.0,1.0,2.0,1,1,1,1,1.0,1.0,1.0,1.0,0,0,0,0,0.0,0.0,0.0,0.0,1,1,1,1,10000.0,0.028378026555584634,0.028317976916530947,,False,2026-10-16,0.01040570083306141,0.05266763254415814,0.48707663585949207,0.0026168375468474513,False,next_open_gap_checked
AUDC,2026-09-16,9.8,10.03,9.8,9.98,9.98,82791.0,0.0131979695431472,0.0385015608740895,0.025693730729702,-0.0010010010010009,0.017329255861366,0.1015452538631347,0.0490751749183561,0.0261639129058725,0.0220763526368531,0.8571885610867599,0.7742716838732756,-0.0050761421319796,0.0234693877551019,10.86,6.95,-0.0810313075506444,0.4359712230215828,826254.18,948716.5525,9.98,9.98,,,,,,,,0,,0,0,0,0,0,0,3744.0,3744.0,0.0,0.0,0,1.0,0,0,0,0,0.0,0.0,0.0,0.0,0,0,0,0,0.0,0.0,0.0,0.0,0,0,0,0,0.0,0.0,0.0,0.0,0,0,0,0,0.0,0.0,0.0,0.0,0,0,0,0,0.0,0.0,0.0,0.0,0,0,0,0,0.0,0.0,0.0,0.0,0,0,0,1,0.0,0.0,0.0,4.0,0,0,0,0,0.0,0.0,0.0,0.0,0,0,0,0,0.0,0.0,0.0,0.0,0,0,0,1,10000.0,0.0,0.010540556052962932,,False,2026-10-16,0.004115181018112375,-0.021091915990190786,0.35915688066994506,0.0,True,next_open_gap_checked
AUGO,2026-09-16,87.2,88.95,84.355,85.96,85.96,933416.0,0.0022152267692665,-0.0128617363344052,0.0075011720581341,0.087481814156493,0.127492130115425,0.3171927673919703,0.0091013251706311,0.0385535201390231,0.0495843435468078,0.8872490598686087,0.9387626916180208,0.0166724962107964,0.0526949541284403,110.321,29.11,-0.2208192456558588,1.9529371350051528,80236439.36,90231371.459,85.96,91.265,,,,,,,,0,,0,0,0,0,0,0,,,0.0,0.0,0,0.0,0,0,0,0,0.0,0.0,0.0,0.0,0,0,0,0,0.0,0.0,0.0,0.0,0,0,0,0,0.0,0.0,0.0,0.0,0,0,0,0,0.0,0.0,0.0,0.0,0,0,0,0,0.0,0.0,0.0,0.0,0,0,0,0,0.0,0.0,0.0,0.0,0,0,0,0,0.0,0.0,0.0,0.0,0,0,0,0,0.0,0.0,0.0,0.0,0,0,0,0,0.0,0.0,0.0,0.0,0,0,0,0,10000.0,0.06171475104699864,0.00011082619978289783,,False,2026-10-16,0.004115181018112375,-0.011801850214737434,0.42663983657086785,0.0,True,next_open_gap_checked
AVIR,2026-09-16,5.23,5.33,5.15,5.15,5.15,274171.0,-0.0152963671128106,-0.0301318267419961,-0.0227703984819732,-0.0619307832422586,-0.0246212121212121,0.1731207289293852,0.0183415149770935,0.0292430482011805,0.0273332158110931,1.1383713878991442,0.8432834076436255,0.0,0.034416826003824,6.45,2.78,-0.2015503875968991,0.852517985611511,1411980.65,1307967.2945,5.15,5.21,,,,,,,,0,,0,0,0,0,0,0,34.0,541.0,0.0,1.0,1,8.0,0,0,0,0,0.0,0.0,0.0,0.0,0,0,0,1,0.0,0.0,0.0,1.0,0,0,0,0,0.0,0.0,0.0,0.0,0,0,0,0,0.0,0.0,0.0,0.0,0,0,0,0,0.0,0.0,0.0,0.0,0,0,0,0,0.0,0.0,0.0,0.0,0,0,0,1,0.0,0.0,0.0,1.0,0,0,0,1,0.0,0.0,0.0,2.0,0,0,0,0,0.0,0.0,0.0,0.0,0,0,0,1,10000.0,0.011650485436893065,0.007645451107263905,,False,2026-10-16,0.029260843906338603,-0.015522777616883048,0.4089965889444621,0.0,True,next_open_gap_checked
AVTX,2026-09-16,16.17,16.695,15.87,16.58,16.58,1443197.0,0.0317361543248286,0.0285359801488831,-0.0895112575507963,-0.125065963060686,-0.1588026382546932,-0.0292740046838407,0.0402109693740378,0.0352742798763758,0.0382231431492881,1.544828319998921,1.285175141765167,0.0062227753578096,0.0510204081632653,24.27,9.54,-0.3168520807581376,0.7379454926624738,23928206.26,17178588.4365,16.58,17.105,,,,,,,,0,,0,0,0,0,0,0,41.0,503.0,0.0,1.0,1,8.0,0,0,0,0,0.0,0.0,0.0,0.0,0,0,0,0,0.0,0.0,0.0,0.0,0,0,0,0,0.0,0.0,0.0,0.0,0,0,0,0,0.0,0.0,0.0,0.0,0,0,0,0,0.0,0.0,0.0,0.0,0,0,0,0,0.0,0.0,0.0,0.0,0,0,0,1,0.0,0.0,0.0,7.0,0,0,0,1,0.0,0.0,0.0,3.0,0,0,0,1,0.0,0.0,0.0,17.0,0,0,0,1,10000.0,0.03166465621230419,0.000582120005783049,,False,2026-10-16,0.018077520902922244,-0.010658184173244037,0.44759023995988373,0.0,True,next_open_gap_checked
AVY,2026-09-16,172.24,174.63,171.26,172.28,172.28,1046322.0,0.0044309701492537,0.0171212657928918,0.014665174627481,-0.0045646270295255,-0.0305553992459625,0.0939801879603761,0.0054978559393734,0.0136599284074757,0.0172629511193571,0.987029136368608,1.1841007683309104,0.0041977611940298,0.019565722248026,199.54,152.42,-0.136614212689185,0.1302978611730745,180260354.16,185356664.0505,172.28,173.84,,,,,,,,0,,0,0,0,0,0,0,28.0,1619.0,1.0,1.0,1,8.0,0,0,0,0,0.0,0.0,0.0,0.0,0,0,0,0,0.0,0.0,0.0,0.0,0,0,0,1,0.0,0.0,0.0,3.0,0,0,0,0,0.0,0.0,0.0,0.0,0,0,0,0,0.0,0.0,0.0,0.0,0,0,0,0,0.0,0.0,0.0,0.0,0,0,0,1,0.0,0.0,0.0,5.0,0,0,0,1,0.0,0.0,0.0,2.0,0,0,0,0,0.0,0.0,0.0,0.0,0,0,0,1,10000.0,0.00905502670071967,5.395004302232976e-05,,False,2026-10-16,0.010106087788955302,-0.02465291489136744,0.3142276335958855,0.0,True,next_open_gap_checked
AWF,2026-09-16,9.94,9.97,9.92,9.93,9.93,248265.0,0.0,-0.0030120481927712,-0.0139026812313803,-0.0168316831683168,-0.0216748768472907,-0.0207100591715977,0.0025728467291937,0.0036118155625099,0.0039559744347853,0.9805135447836572,0.82328934044829,0.0010070493454179,0.0050301810865191,11.43,9.845,-0.1312335958005249,0.0086338242762822,2465271.4499999997,2550274.1645,9.93,9.95,,,,,,,,0,,0,0,0,0,0,0,54.0,54.0,0.0,2.0,3,8.0,0,0,0,0,0.0,0.0,0.0,0.0,0,1,1,1,0.0,17.0,17.0,43.0,0,0,0,1,0.0,0.0,0.0,22.0,0,0,0,0,0.0,0.0,0.0,0.0,0,0,0,0,0.0,0.0,0.0,0.0,0,0,0,0,0.0,0.0,0.0,0.0,0,1,1,1,0.0,6.0,6.0,11.0,0,1,1,1,0.0,2.0,3.0,8.0,0,0,0,0,0.0,0.0,0.0,0.0,0,1,1,1,10000.0,0.002014098690835908,0.003921147043404478,,False,2026-10-16,0.008704756057486785,-0.02465291489136744,0.12835458246302592,0.0,True,next_open_gap_checked
AXS,2026-09-16,99.71,100.13,98.53,99.59,99.59,773891.0,-0.0094489755321265,0.0137418566775244,0.0122992478145964,-0.0021042084168335,-0.0114155251141551,-0.0367540381081342,0.0109355158861468,0.0109471698071171,0.0198229221320848,1.3435003530223206,1.130778678293475,-0.0082554207280685,0.0160465349513588,119.99,88.07,-0.1700141678473206,0.1308050414443058,77071804.69,57279193.2845,99.59,99.96,,,,,,,,0,,0,0,0,0,0,0,49.0,559.9583333333334,0.0,1.0,1,8.0,0,0,0,0,0.0,0.0,0.0,0.0,0,0,0,0,0.0,0.0,0.0,0.0,0,0,0,1,0.0,0.0,0.0,2.0,0,0,0,0,0.0,0.0,0.0,0.0,0,0,0,0,0.0,0.0,0.0,0.0,0,0,0,0,0.0,0.0,0.0,0.0,0,0,0,1,0.0,0.0,0.0,4.0,0,0,0,1,0.0,0.0,0.0,1.0,0,0,0,0,0.0,0.0,0.0,0.0,0,0,0,1,10000.0,0.003715232453057382,0.00017458346437127707,,False,2026-10-16,0.009783710035914488,-0.024012716409663463,0.3378376860465122,0.0,True,next_open_gap_checked
AZZ,2026-09-16,134.23,134.53,130.115,132.66,132.66,329774.0,-0.0032308963859043,-0.0321733420879841,-0.0407115481958203,-0.0227624309392265,-0.0940381069452981,-0.1616531850353894,0.0146189916243674,0.0139522360023817,0.0200452767209777,1.5453214843097438,1.20251658650169,0.0085656322789089,0.0328913059673693,162.2,92.98,-0.1821208384710233,0.4267584426758442,43747818.84,29355338.489499997,132.66,135.09,,,,,,,,0,,0,0,0,0,0,0,44.0,44.0,0.0,1.0,1,8.0,0,0,0,0,0.0,0.0,0.0,0.0,0,0,0,0,0.0,0.0,0.0,0.0,0,1,1,1,0.0,1.0,1.0,7.0,0,0,0,0,0.0,0.0,0.0,0.0,0,0,0,0,0.0,0.0,0.0,0.0,0,0,0,0,0.0,0.0,0.0,0.0,0,0,0,0,0.0,0.0,0.0,0.0,0,0,0,0,0.0,0.0,0.0,0.0,0,0,0,0,0.0,0.0,0.0,0.0,0,1,1,1,10000.0,0.01831750339213034,0.00034065354087389803,,False,2026-10-16,0.013906057495896927,-0.024012716409663463,0.354506717108756,0.0,True,next_open_gap_checked
BAR,2026-09-16,42.8,42.98,41.72,42.07,42.07,350323.0,-0.0047314880529927,-0.0165965404394576,-0.0279574861367837,-0.0115131578947368,-0.0168263612993689,0.0201260911736178,0.0098105654634446,0.0172957965598532,0.0155129164106885,1.1865290545901317,1.546049432968542,0.0125384433404305,0.0294392523364485,54.625,35.78,-0.2298398169336384,0.1757965343767467,14738088.61,12899263.632,42.07,42.94,,,,,,,,0,,0,0,0,0,0,0,125.0,2086.9583333333335,0.0,0.0,1,5.0,0,0,0,0,0.0,0.0,0.0,0.0,0,0,0,0,0.0,0.0,0.0,0.0,0,0,0,0,0.0,0.0,0.0,0.0,0,0,0,0,0.0,0.0,0.0,0.0,0,0,0,0,0.0,0.0,0.0,0.0,0,0,0,0,0.0,0.0,0.0,0.0,0,0,0,1,0.0,0.0,0.0,1.0,0,0,0,0,0.0,0.0,0.0,0.0,0,0,0,0,0.0,0.0,0.0,0.0,0,0,0,1,10000.0,0.020679819348704553,0.00077523805120103,,False,2026-10-16,0.01194594478811077,-0.025118769325712414,0.34458443043489234,0.0,True,next_open_gap_checked
BB,2026-09-16,7.79,7.925,7.57,7.64,7.64,10749213.0,-0.0205128205128205,-0.0039113428943937,-0.0141935483870968,-0.0242656449553001,-0.1095571095571096,-0.1308304891922639,0.0197883372287201,0.0354267892234142,0.0481182632678252,1.2523194581615018,0.6152818865346062,-0.0012820512820512,0.045571245186136,13.59,3.12,-0.4378219278881531,1.4487179487179485,82123987.32,67887934.08199999,7.64,7.84,,,,,,,,0,,0,0,0,0,0,0,83.0,83.0,0.0,1.0,1,8.0,0,0,0,0,0.0,0.0,0.0,0.0,0,0,0,0,0.0,0.0,0.0,0.0,0,0,0,0,0.0,0.0,0.0,0.0,0,0,0,0,0.0,0.0,0.0,0.0,0,0,0,0,0.0,0.0,0.0,0.0,0,0,0,0,0.0,0.0,0.0,0.0,0,0,0,1,0.0,0.0,0.0,3.0,0,1,1,1,0.0,1.0,1.0,6.0,0,0,0,0,0.0,0.0,0.0,0.0,0,1,1,1,10000.0,0.02617801047120416,0.0001473015806891586,,False,2026-10-16,0.016110780486654604,-0.0008062960083707249,0.4504037406492736,0.0,True,next_open_gap_checked
BBLG,2026-09-16,0.531,0.55,0.531,0.5376,0.5376,14648.0,-0.0044444444444445,-0.0239651416122004,-0.0297780184082296,-0.0457933972310969,-0.1643090315560391,-0.6075912408759125,0.0132795361181843,0.0237044151342731,0.046725134833907,0.2686126782323422,0.045950511809064,-0.0166666666666667,0.0357815442561205,2.89,0.5101,-0.8139792387543253,0.0539109978435601,7874.7648,32084.33913,0.5376,0.469,,,,,,,,0,,0,0,0,0,0,0,0.0,912.0,1.0,1.0,1,8.0,0,0,0,0,0.0,0.0,0.0,0.0,0,0,0,0,0.0,0.0,0.0,0.0,0,0,0,1,0.0,0.0,0.0,3.0,0,0,0,0,0.0,0.0,0.0,0.0,0,0,0,0,0.0,0.0,0.0,0.0,0,0,0,0,0.0,0.0,0.0,0.0,0,0,0,1,0.0,0.0,0.0,3.0,0,0,0,0,0.0,0.0,0.0,0.0,0,0,0,1,0.0,0.0,0.0,7.0,0,0,0,1,10000.0,-0.12760416666666663,0.3116785407198755,,False,2026-10-16,0.011271906619897675,-0.006031021255125856,0.40450003990340155,0.0,False,next_open_gap_checked
BCDA,2026-09-16,1.24,1.4,1.13,1.25,1.25,1516269.0,0.0162601626016261,0.1574074074074074,0.1363636363636362,0.1363636363636362,0.2815255279885174,0.29292511377741,0.0461840177741479,0.0357947070169458,0.0490323530126994,5.663077885813238,3.039295062091878,0.0081300813008129,0.217741935483871,2.049,0.75,-0.3899463152757442,0.6666666666666667,1895336.25,310940.47490499995,1.25,1.25,,,,,,,,0,,0,0,0,0,0,0,6.0,3779.0,1.0,1.0,1,8.0,0,0,0,0,0.0,0.0,0.0,0.0,0,0,0,0,0.0,0.0,0.0,0.0,0,0,0,0,0.0,0.0,0.0,0.0,0,0,0,0,0.0,0.0,0.0,0.0,0,0,0,0,0.0,0.0,0.0,0.0,0,0,0,0,0.0,0.0,0.0,0.0,0,0,0,1,0.0,0.0,0.0,9.0,0,0,0,0,0.0,0.0,0.0,0.0,0,0,0,1,0.0,0.0,0.0,16.0,0,0,0,1,10000.0,0.0,0.032160496323469144,,False,2026-10-16,0.020949743837112355,0.004949427909603118,0.40510526082047954,0.0002902099140440373,False,next_open_gap_checked
BCIC,2026-09-16,7.05,7.07,7.02,7.02,7.02,57767.0,0.0,-0.0154277699859748,-0.0112676056338028,-0.078740157480315,-0.0835509138381201,-0.0042553191489361,0.009319663201479,0.0115877772925604,0.0130746433335576,0.9220178507584657,0.9900108312158382,0.0042735042735042,0.0070921985815603,13.5,6.7,-0.48,0.0477611940298505,405524.34,465658.48175,7.02,7.04,,,,,,,,0,,0,0,0,0,0,0,12.0,12.0,1.0,1.0,1,8.0,0,0,0,0,0.0,0.0,0.0,0.0,0,0,0,0,0.0,0.0,0.0,0.0,0,0,0,1,0.0,0.0,0.0,5.0,0,0,0,0,0.0,0.0,0.0,0.0,0,0,0,0,0.0,0.0,0.0,0.0,0,0,0,0,0.0,0.0,0.0,0.0,1,1,1,1,1.0,1.0,1.0,27.0,0,0,0,1,0.0,0.0,0.0,9.0,0,0,0,1,0.0,0.0,0.0,2.0,1,1,1,1,10000.0,0.002849002849002913,0.021474965864293528,,False,2026-10-16,0.011677056454851231,-0.026097355253246236,0.2942559280149912,0.0,False,next_open_gap_checked
BCRX,2026-09-16,8.15,8.45,8.11,8.43,8.43,5144672.0,0.0330882352941175,0.0381773399014779,-0.0425894378194208,-0.1502016129032258,-0.1309278350515463,-0.0776805251641138,0.0348504586344441,0.0311844099348963,0.0330587915278978,1.3716304346739354,1.1672736586760286,-0.0012254901960784,0.0417177914110429,11.22,6.0,-0.2486631016042781,0.405,43369584.96,34057847.991500005,8.43,8.54,,,,,,,,0,,0,0,0,0,0,0,42.0,2709.0,0.0,1.0,1,8.0,0,0,0,0,0.0,0.0,0.0,0.0,0,0,0,0,0.0,0.0,0.0,0.0,0,0,0,0,0.0,0.0,0.0,0.0,0,0,0,0,0.0,0.0,0.0,0.0,0,0,0,0,0.0,0.0,0.0,0.0,0,0,0,0,0.0,0.0,0.0,0.0,0,0,0,0,0.0,0.0,0.0,0.0,0,0,0,1,0.0,0.0,0.0,1.0,0,0,0,0,0.0,0.0,0.0,0.0,0,0,0,1,10000.0,0.013048635824436383,0.00029361808187339825,,False,2026-10-16,0.015673515876976633,-0.00990907429807706,0.4477089634024304,0.0,True,next_open_gap_checked
BEPI,2026-09-16,15.77,15.9,15.77,15.835,15.835,15277.0,0.0041217501585288,0.0053968253968255,0.0085987261146498,-0.0040880503144653,-0.0176799007444168,0.0249190938511327,0.0028621311025995,0.0077698426785051,0.0068192148357542,0.8905353296589595,0.529629666010085,0.0,0.0082435003170577,17.48,14.94,-0.0941075514874141,0.0599062918340027,241911.295,273229.19525,15.835,15.85,,,,,,,,0,,0,0,0,0,0,0,,,0.0,0.0,0,0.0,0,0,0,0,0.0,0.0,0.0,0.0,0,0,0,0,0.0,0.0,0.0,0.0,0,0,0,0,0.0,0.0,0.0,0.0,0,0,0,0,0.0,0.0,0.0,0.0,0,0,0,0,0.0,0.0,0.0,0.0,0,0,0,0,0.0,0.0,0.0,0.0,0,0,0,0,0.0,0.0,0.0,0.0,0,0,0,0,0.0,0.0,0.0,0.0,0,0,0,0,0.0,0.0,0.0,0.0,0,0,0,0,10000.0,0.000947268708556992,0.03659930993410193,,False,2026-10-16,0.004115181018112375,-0.02530650648547006,0.1766073797995294,0.0,False,next_open_gap_checked
BHE,2026-09-16,74.13,74.99,72.99,73.85,73.85,212171.0,0.016797466611593,-0.0507712082262211,-0.0072590401935744,0.0478149829738931,-0.0372832746708382,-0.2115097159940209,0.0449815755535342,0.0256742796047214,0.0337228213707432,0.6689253075285821,0.5139555667235546,0.020652622883106,0.0269796303790638,100.41,35.91,-0.2645154865053282,1.056530214424951,15668828.35,22992953.8285,73.85,75.59,,,,,,,,0,,0,0,0,0,0,0,7.0,530.0,1.0,1.0,1,8.0,0,0,0,0,0.0,0.0,0.0,0.0,0,0,0,0,0.0,0.0,0.0,0.0,0,0,0,0,0.0,0.0,0.0,0.0,0,0,0,0,0.0,0.0,0.0,0.0,0,0,0,0,0.0,0.0,0.0,0.0,0,0,0,0,0.0,0.0,0.0,0.0,0,0,0,0,0.0,0.0,0.0,0.0,0,0,0,1,0.0,0.0,0.0,1.0,0,0,0,0,0.0,0.0,0.0,0.0,0,0,0,1,10000.0,0.02356127285037246,0.0004349158474630127,,False,2026-10-16,0.014712563179904638,-0.007401780142812551,0.428120203164122,0.0,True,next_open_gap_checked
BHVN,2026-09-16,12.34,12.44,11.93,12.02,12.02,2252946.0,-0.0259319286871961,-0.0542879622344611,-0.1986666666666666,-0.2363405336721729,-0.1142225497420781,-0.224516129032258,0.0597830352889884,0.061402271032772,0.0461342653629102,0.6149899574482536,0.805431764673581,0.0,0.0413290113452187,18.566,7.48,-0.3525799849186685,0.6069518716577538,27080410.92,54296685.446,12.02,12.18,,,,,,,,0,,0,0,0,0,0,0,6.0,184.0,1.0,1.0,1,8.0,0,0,0,0,0.0,0.0,0.0,0.0,0,0,0,0,0.0,0.0,0.0,0.0,0,0,0,0,0.0,0.0,0.0,0.0,0,0,0,0,0.0,0.0,0.0,0.0,0,0,0,0,0.0,0.0,0.0,0.0,0,0,0,0,0.0,0.0,0.0,0.0,0,0,0,1,0.0,0.0,0.0,10.0,0,0,0,1,0.0,0.0,0.0,1.0,0,0,0,0,0.0,0.0,0.0,0.0,0,0,0,1,10000.0,0.01331114808652245,0.00018417330483175366,,False,2026-10-16,0.017279646648121268,-0.007789379516217221,0.44487929376842505,0.0,True,next_open_gap_checked
BIII,2026-09-16,10.055,10.055,10.051,10.055,10.055,3176.0,-0.0004970178926442,-0.0004970178926442,-0.0009935419771485,0.0,0.0085255767301903,0.0197768762677486,0.00027216030782,0.0017852167178092,0.0016026526194895,0.008510064772686,0.0232451871996307,-0.0004970178926442,0.0003978120338139,10.24,9.83,-0.01806640625,0.0228891149542216,31934.68,3755662.898000001,10.055,10.05,,,,,,,,0,,0,0,0,0,0,0,20.0,20.0,1.0,1.0,1,4.0,0,0,0,0,0.0,0.0,0.0,0.0,0,0,0,0,0.0,0.0,0.0,0.0,1,1,1,1,4.0,4.0,4.0,4.0,0,0,0,0,0.0,0.0,0.0,0.0,0,0,0,0,0.0,0.0,0.0,0.0,0,0,0,0,0.0,0.0,0.0,0.0,1,1,1,1,113.0,113.0,113.0,124.0,1,1,1,1,1.0,1.0,1.0,1.0,1,1,1,1,21.0,21.0,21.0,64.0,1,1,1,1,10000.0,-0.0004972650422674363,0.0026626457889299088,,False,2026-10-16,0.009312653006406437,-0.02719932450148628,0.11779256062894328,0.0,True,next_open_gap_checked
BLMN,2026-09-16,8.15,8.21,7.985,8.04,8.04,2092360.0,0.0037453183520599,-0.0747986191024165,-0.1106194690265487,-0.1745379876796715,-0.2457786116322702,-0.0348139255702282,0.0502327951452737,0.0430714273588698,0.0557516753145429,1.1167308089311994,1.0082124337077052,0.017478152309613,0.0276073619631902,12.63,5.19,-0.3634204275534443,0.5491329479768783,16822574.4,18401444.061,8.04,8.21,,,,,,,,0,,0,0,0,0,0,0,42.0,,0.0,1.0,1,8.0,0,0,0,0,0.0,0.0,0.0,0.0,0,0,0,0,0.0,0.0,0.0,0.0,0,0,0,0,0.0,0.0,0.0,0.0,0,0,0,0,0.0,0.0,0.0,0.0,0,0,0,0,0.0,0.0,0.0,0.0,0,0,0,0,0.0,0.0,0.0,0.0,0,0,0,0,0.0,0.0,0.0,0.0,0,0,0,0,0.0,0.0,0.0,0.0,0,0,0,1,0.0,0.0,0.0,1.0,0,0,0,0,10000.0,0.021144278606965328,0.0005434356111862975,,False,2026-10-16,0.014116907761996178,-0.007789379516217221,0.4521298921289169,0.0,True,next_open_gap_checked
BLNE,2026-09-16,1.08,1.08,0.99,0.99,0.99,347308.0,-0.0747663551401869,-0.0388349514563106,-0.0198019801980198,-0.0571428571428571,0.0039549741405537,-0.1951219512195121,0.0611308485758318,0.0365169251917327,0.0501939375552853,0.9393206863779732,0.8524153584708942,0.0093457943925234,0.0833333333333334,4.65,0.76,-0.7870967741935484,0.3026315789473683,343834.92,381776.2211099992,0.99,1.0,,,,,,,,0,,0,0,0,0,0,0,23.0,345.0,1.0,1.0,1,8.0,0,0,0,0,0.0,0.0,0.0,0.0,0,0,0,0,0.0,0.0,0.0,0.0,0,0,0,0,0.0,0.0,0.0,0.0,0,0,0,1,0.0,0.0,0.0,1.0,0,0,0,0,0.0,0.0,0.0,0.0,0,0,0,0,0.0,0.0,0.0,0.0,0,0,0,1,0.0,0.0,0.0,15.0,0,0,0,1,0.0,0.0,0.0,8.0,0,0,0,1,0.0,0.0,0.0,23.0,0,0,0,1,10000.0,0.010101010101010166,0.026193354764016984,,False,2026-10-16,0.015914969666790634,0.03199979671584623,0.42072380228462275,0.0016984282691966212,False,next_open_gap_checked
BMO,2026-09-16,173.75,174.63,170.97,172.6,172.6,361612.0,-0.0063327576280943,-0.0130375114364135,-0.0001737820772751,0.0255496137849078,-0.0546091909952346,-0.0033491165261578,0.006074370520439,0.0139735441676194,0.0121552388612919,0.4786496386354861,0.4982606581493469,0.0002878526194589,0.0210647482014388,187.22,119.84,-0.078089947655165,0.4402536715620826,62414231.2,130871619.6065,172.6,174.03,,,,,,,,0,,0,0,0,0,0,0,,,0.0,0.0,0,0.0,0,0,0,0,0.0,0.0,0.0,0.0,0,0,0,0,0.0,0.0,0.0,0.0,0,0,0,0,0.0,0.0,0.0,0.0,0,0,0,0,0.0,0.0,0.0,0.0,0,0,0,0,0.0,0.0,0.0,0.0,0,0,0,0,0.0,0.0,0.0,0.0,0,0,0,0,0.0,0.0,0.0,0.0,0,0,0,0,0.0,0.0,0.0,0.0,0,0,0,0,0.0,0.0,0.0,0.0,0,0,0,0,10000.0,0.008285052143684801,7.641076063754414e-05,,False,2026-10-16,0.004115181018112375,-0.024186119934450634,0.3573131206318836,0.0,True,next_open_gap_checked
BNC,2026-09-16,4.77,4.905,4.66,4.76,4.76,1828350.0,-0.0305498981670061,-0.0083333333333333,0.0744920993227991,0.6939501779359429,0.8888888888888888,1.2720763723150357,0.0881610324616812,0.136639430997021,0.0900505270768289,0.3832061696036112,1.0074194064015711,-0.0285132382892058,0.0513626834381551,17.88,1.835,-0.7337807606263982,1.5940054495912808,8702946.0,24114491.756,4.76,5.03,,,,,,,,0,,0,0,0,0,0,0,2.0,1751.9583333333333,1.0,1.0,1,8.0,0,0,0,0,0.0,0.0,0.0,0.0,0,0,0,0,0.0,0.0,0.0,0.0,0,0,0,1,0.0,0.0,0.0,1.0,0,0,0,0,0.0,0.0,0.0,0.0,0,0,0,0,0.0,0.0,0.0,0.0,0,0,0,0,0.0,0.0,0.0,0.0,0,0,0,0,0.0,0.0,0.0,0.0,0,0,0,0,0.0,0.0,0.0,0.0,0,0,0,1,0.0,0.0,0.0,2.0,0,0,0,1,10000.0,0.05672268907563027,0.0004146883998710804,,False,2026-10-16,0.017447714394503745,-0.012827687111006136,0.38903052614025385,0.0,True,next_open_gap_checked
BNED,2026-09-16,10.73,10.78,10.465,10.47,10.47,252778.99999999997,-0.0278551532033425,-0.0676758682101513,-0.0332409972299168,-0.1119592875318065,-0.1238493723849371,-0.0242311276794034,0.0239607785957317,0.0341553239157062,0.0447587228740468,0.8095514510605828,0.748694710561619,-0.0037140204271122,0.0293569431500465,14.75,5.9,-0.2901694915254237,0.7745762711864408,2646596.13,3643672.3615,10.47,10.64,,,,,,,,0,,0,0,0,0,0,0,7.0,841.0,1.0,1.0,1,8.0,0,0,0,1,0.0,0.0,0.0,2.0,0,0,0,0,0.0,0.0,0.0,0.0,0,0,0,0,0.0,0.0,0.0,0.0,0,0,0,0,0.0,0.0,0.0,0.0,0,0,0,0,0.0,0.0,0.0,0.0,0,0,0,0,0.0,0.0,0.0,0.0,0,0,0,0,0.0,0.0,0.0,0.0,0,0,0,1,0.0,0.0,0.0,2.0,0,0,0,0,0.0,0.0,0.0,0.0,0,0,0,1,10000.0,0.01623686723973261,0.0027444838634951454,,False,2026-10-16,0.031653879853291315,-0.007789379516217221,0.44759023995988373,0.0,True,next_open_gap_checked
BNO,2026-09-16,62.96,62.98,60.86,61.71,61.71,1798511.0,-0.0291063561988672,0.005540166204986,0.0402899527983817,0.1106911447084233,0.1842256764536558,0.4311224489795919,0.0389198440831116,0.0267662326296151,0.0330462581250706,1.0449379847478917,1.0157063899655034,-0.0094398993077406,0.0336721728081321,63.98,27.14,-0.0354798374492028,1.27376565954311,110986113.81,98999289.354,61.71,60.28,,,,,,,,0,,0,0,0,0,0,0,19.0,,1.0,1.0,1,8.0,0,0,0,0,0.0,0.0,0.0,0.0,0,0,0,0,0.0,0.0,0.0,0.0,0,0,0,0,0.0,0.0,0.0,0.0,0,0,0,0,0.0,0.0,0.0,0.0,0,0,0,0,0.0,0.0,0.0,0.0,0,0,0,0,0.0,0.0,0.0,0.0,0,0,0,0,0.0,0.0,0.0,0.0,0,0,0,0,0.0,0.0,0.0,0.0,0,0,0,0,0.0,0.0,0.0,0.0,0,0,0,0,10000.0,-0.02317290552584672,0.00010101082609029816,,False,2026-10-16,0.02341648625310057,-0.00952147492467239,0.4155352260730427,0.0,True,next_open_gap_checked
BOH,2026-09-16,75.64,75.855,73.68,74.86,74.86,397569.0,-0.0075566750629724,-0.0124010554089709,-0.0070301100941769,-0.0042564511838255,-0.0533636823469904,-0.0545592321293256,0.005982837832543,0.0094101287766274,0.0120986544315933,1.4106993352767443,1.0674652994145624,0.002784038181095,0.0287546271813854,86.31,59.36,-0.1326613370408991,0.2611185983827493,29762015.34,21542691.207500003,74.86,75.52,,,,,,,,0,,0,0,0,0,0,0,51.0,,0.0,1.0,1,8.0,0,0,0,0,0.0,0.0,0.0,0.0,0,0,0,0,0.0,0.0,0.0,0.0,0,0,0,0,0.0,0.0,0.0,0.0,0,0,0,0,0.0,0.0,0.0,0.0,0,0,0,0,0.0,0.0,0.0,0.0,0,0,0,0,0.0,0.0,0.0,0.0,0,0,0,0,0.0,0.0,0.0,0.0,0,0,0,0,0.0,0.0,0.0,0.0,0,0,0,0,0.0,0.0,0.0,0.0,0,0,0,0,10000.0,0.008816457387122556,0.0004641945569232566,,False,2026-10-16,0.009419534300507943,-0.02465291489136744,0.3222161159642177,0.0,True,next_open_gap_checked
BON,2026-09-16,1.09,1.14,1.09,1.13,1.1299,7114.0,0.0272727272727271,0.0180180180180178,-0.0131004366812228,-0.0423728813559322,-0.0131004366812228,-0.0661157024793389,0.022496267534744,0.0227074960473731,0.0291045341214111,1.4466406377094516,0.9348594556947054,-0.0090909090909091,0.0458715596330273,2.34,0.9837,-0.517094017094017,0.1487242045339025,8038.819999999999,5591.758249999255,1.13,1.115,,,,,,,,0,,0,0,0,0,0,0,,,0.0,0.0,0,0.0,0,0,0,0,0.0,0.0,0.0,0.0,0,0,0,0,0.0,0.0,0.0,0.0,0,0,0,0,0.0,0.0,0.0,0.0,0,0,0,0,0.0,0.0,0.0,0.0,0,0,0,0,0.0,0.0,0.0,0.0,0,0,0,0,0.0,0.0,0.0,0.0,0,0,0,0,0.0,0.0,0.0,0.0,0,0,0,0,0.0,0.0,0.0,0.0,0,0,0,0,0.0,0.0,0.0,0.0,0,0,0,0,10000.0,-0.01327433628318575,1.7883462683676163,,False,2026-10-16,0.004115181018112375,0.004975503403675124,0.42308896749004377,0.00013504023973388127,False,next_open_gap_checked
BOSC,2026-09-16,4.82,4.83,4.724,4.74,4.74,23354.0,-0.010438413361169,0.017167381974249,0.0193548387096773,0.017167381974249,0.0281995661605205,0.094688221709007,0.0103043957225762,0.0170880462999362,0.0166689835545166,0.4952639877509429,0.6720027623646992,0.0062630480167014,0.0219917012448132,6.72,3.8,-0.2946428571428571,0.2473684210526316,110697.96,219992.95099999997,4.74,4.72,,,,,,,,0,,0,0,0,0,0,0,,,0.0,0.0,0,0.0,0,0,0,0,0.0,0.0,0.0,0.0,0,0,0,0,0.0,0.0,0.0,0.0,0,0,0,0,0.0,0.0,0.0,0.0,0,0,0,0,0.0,0.0,0.0,0.0,0,0,0,0,0.0,0.0,0.0,0.0,0,0,0,0,0.0,0.0,0.0,0.0,0,0,0,0,0.0,0.0,0.0,0.0,0,0,0,0,0.0,0.0,0.0,0.0,0,0,0,0,0.0,0.0,0.0,0.0,0,0,0,0,10000.0,-0.0042194092827004814,0.04545600190617017,,False,2026-10-16,0.004115181018112375,-0.02426486295232849,0.33296426605064844,0.0,False,next_open_gap_checked
BOXL,2026-09-16,4.75,4.9,4.06,4.21,4.21,161309.0,-0.171259842519685,-0.2601054481546573,-0.2703639514731368,-0.3041322314049587,-0.4438573315719947,0.1753210496929089,0.0679246912053118,0.1009425060908432,0.2365181623190003,2.6903463982140967,0.0967843227904873,-0.0649606299212598,0.176842105263158,365.4,2.59,-0.9884783798576902,0.6254826254826256,679110.89,331780.31475,4.21,4.19,,,,,,,,0,,0,0,0,0,0,0,1.0,334.0,1.0,1.0,1,8.0,0,0,0,0,0.0,0.0,0.0,0.0,0,0,0,0,0.0,0.0,0.0,0.0,0,0,0,1,0.0,0.0,0.0,1.0,0,0,0,0,0.0,0.0,0.0,0.0,0,0,0,0,0.0,0.0,0.0,0.0,0,0,0,0,0.0,0.0,0.0,0.0,0,0,0,1,0.0,0.0,0.0,11.0,0,0,0,1,0.0,0.0,0.0,1.0,0,0,0,1,0.0,0.0,0.0,3.0,0,0,0,1,10000.0,-0.004750593824227933,0.030140425924711976,,False,2026-10-16,0.017300378071429007,-0.11065806215678328,0.28148235907831826,0.0,False,next_open_gap_checked
BPRE,2026-09-16,11.91,12.3,11.86,12.12,12.12,1296030.0,0.0210614995787699,-0.0024691358024692,0.0058091286307053,0.0083194675540765,0.01,-0.1404255319148936,0.0149265889804853,0.0171141559596955,0.0232183487418351,1.485632682612241,1.438453591633366,0.0033698399326032,0.036943744752309,18.265,11.67,-0.3364358061866959,0.038560411311054,15707883.6,10542563.577,12.12,12.2,,,,,,,,0,,0,0,0,0,0,0,40.0,75.0,0.0,2.0,2,8.0,0,0,0,1,0.0,0.0,0.0,6.0,0,0,0,1,0.0,0.0,0.0,2.0,0,0,0,0,0.0,0.0,0.0,0.0,0,0,0,0,0.0,0.0,0.0,0.0,0,0,0,0,0.0,0.0,0.0,0.0,0,0,0,0,0.0,0.0,0.0,0.0,0,1,1,1,0.0,1.0,1.0,7.0,0,0,0,1,0.0,0.0,0.0,4.0,0,0,0,0,0.0,0.0,0.0,0.0,0,1,1,1,10000.0,0.0066006600660066805,0.0009485358970769051,,False,2026-10-16,0.011619165941052936,-0.018416836122572777,0.39230138926379116,0.0,True,next_open_gap_checked
BRAI,2026-09-16,5.39,5.77,5.325,5.43,5.43,13542.0,-0.0018382352941177,-0.0440140845070422,-0.0389380530973452,-0.0686106346483705,0.0018450184501843,-0.2817460317460317,0.0223164261177454,0.0298307392609084,0.0477569986417298,0.3214615080584955,0.057766514986789,-0.0091911764705883,0.082560296846011,18.59,4.187,-0.7079074771382463,0.2968712682111296,73533.06,233816.716,5.43,5.43,,,,,,,,0,,0,0,0,0,0,0,,,0.0,0.0,0,0.0,0,0,0,0,0.0,0.0,0.0,0.0,0,0,0,0,0.0,0.0,0.0,0.0,0,0,0,0,0.0,0.0,0.0,0.0,0,0,0,0,0.0,0.0,0.0,0.0,0,0,0,0,0.0,0.0,0.0,0.0,0,0,0,0,0.0,0.0,0.0,0.0,0,0,0,0,0.0,0.0,0.0,0.0,0,0,0,0,0.0,0.0,0.0,0.0,0,0,0,0,0.0,0.0,0.0,0.0,0,0,0,0,10000.0,0.0,0.042768541835135516,,False,2026-10-16,0.004115181018112375,-0.012045155560518477,0.4293405762875707,0.0,False,next_open_gap_checked
BRSL,2026-09-16,10.56,10.79,10.51,10.53,10.53,1351734.0,-0.0047258979206049,-0.0250000000000001,-0.0530575539568345,-0.0572963294538944,-0.0427272727272728,-0.0383561643835616,0.019650719803288,0.0211395601101136,0.0243186212999556,0.7770495783906436,0.7570683606330472,-0.0018903591682418,0.0265151515151514,18.565,9.9,-0.432803662806356,0.0636363636363634,14233759.02,19499949.743,10.53,10.69,,,,,,,,0,,0,0,0,0,0,0,,,0.0,0.0,0,0.0,0,0,0,0,0.0,0.0,0.0,0.0,0,0,0,0,0.0,0.0,0.0,0.0,0,0,0,0,0.0,0.0,0.0,0.0,0,0,0,0,0.0,0.0,0.0,0.0,0,0,0,0,0.0,0.0,0.0,0.0,0,0,0,0,0.0,0.0,0.0,0.0,0,0,0,0,0.0,0.0,0.0,0.0,0,0,0,0,0.0,0.0,0.0,0.0,0,0,0,0,0.0,0.0,0.0,0.0,0,0,0,0,10000.0,0.015194681861348647,0.0005128218345070224,,False,2026-10-16,0.004115181018112375,-0.017854468110345346,0.43292325057325515,0.0,True,next_open_gap_checked
BRSP,2026-09-16,4.44,4.46,4.26,4.29,4.29,1480649.0,-0.0316027088036117,-0.0359550561797753,-0.0592105263157893,-0.0754310344827585,-0.1154639175257731,-0.2199999999999999,0.0123020288332062,0.011233433474692,0.0147810402916837,1.2780787019583453,0.9405946710779856,0.0022573363431153,0.045045045045045,6.165,4.26,-0.3041362530413625,0.0070422535211267,6351984.21,5352353.871999999,4.29,4.32,,,,,,,,0,,0,0,0,0,0,0,0.0,0.0,1.0,1.0,1,8.0,0,0,0,0,0.0,0.0,0.0,0.0,0,0,0,1,0.0,0.0,0.0,4.0,0,0,0,0,0.0,0.0,0.0,0.0,0,0,0,1,0.0,0.0,0.0,21.0,0,0,0,0,0.0,0.0,0.0,0.0,0,0,0,0,0.0,0.0,0.0,0.0,1,1,1,1,1.0,1.0,1.0,96.0,0,0,0,1,0.0,0.0,0.0,1.0,0,0,0,0,0.0,0.0,0.0,0.0,1,1,1,1,10000.0,0.006993006993007089,0.0018683368549888741,,False,2026-10-16,0.012530913955854194,-0.023310647781789103,0.3083193645294074,0.0,True,next_open_gap_checked
BRT,2026-09-16,14.15,14.24,13.86,13.95,13.95,67630.0,-0.0134370579915135,-0.0169133192389006,-0.0148305084745763,-0.0332640332640332,-0.0325936199722608,-0.0612382234185733,0.0068794142276613,0.0143711385385778,0.0166349574751325,1.602018216058083,1.5342965066377283,0.0007072135785006,0.0268551236749117,16.69,13.178,-0.1641701617735171,0.0585824859614507,943438.5,608025.7135,13.95,14.04,,,,,,,,0,,0,0,0,0,0,0,676.9583333333334,2484.9583333333335,0.0,0.0,0,7.0,0,0,0,0,0.0,0.0,0.0,0.0,0,0,0,1,0.0,0.0,0.0,1.0,0,0,0,0,0.0,0.0,0.0,0.0,0,0,0,0,0.0,0.0,0.0,0.0,0,0,0,0,0.0,0.0,0.0,0.0,0,0,0,0,0.0,0.0,0.0,0.0,0,0,0,1,0.0,0.0,0.0,13.0,0,0,0,0,0.0,0.0,0.0,0.0,0,0,0,1,0.0,0.0,0.0,1.0,0,0,0,1,10000.0,0.006451612903225712,0.01644667285933788,,False,2026-10-16,0.01745985009050082,-0.025773301442386865,0.3466352194288373,0.0,True,next_open_gap_checked
BSAC,2026-09-16,34.93,34.93,33.84,34.15,34.15,229840.0,-0.0175489067894131,-0.0295538505257174,-0.0323037687730235,-0.0206481215944938,-0.0084204413472706,0.0386253041362529,0.0080203563377593,0.0132032842811931,0.0142769791842148,0.8255323092240593,0.7844821976059595,0.0048906789413118,0.0312052676782134,37.72,25.51,-0.094644750795334,0.3386907095256761,7849036.0,9808728.085,34.15,34.46,,,,,,,,0,,0,0,0,0,0,0,,,0.0,0.0,0,0.0,0,0,0,0,0.0,0.0,0.0,0.0,0,0,0,0,0.0,0.0,0.0,0.0,0,0,0,0,0.0,0.0,0.0,0.0,0,0,0,0,0.0,0.0,0.0,0.0,0,0,0,0,0.0,0.0,0.0,0.0,0,0,0,0,0.0,0.0,0.0,0.0,0,0,0,0,0.0,0.0,0.0,0.0,0,0,0,0,0.0,0.0,0.0,0.0,0,0,0,0,0.0,0.0,0.0,0.0,0,0,0,0,10000.0,0.009077598828697075,0.0010195001750830978,,False,2026-10-16,0.004115181018112375,-0.024186119934450634,0.37395954688929134,0.0,True,next_open_gap_checked
BSVN,2026-09-16,54.615,55.35,53.61,54.37,54.071045,43696.0,-0.0137855976782151,-0.0094734924394244,-0.0049414348462665,0.0573706728899259,0.0451749327181851,0.1910186199342824,0.0077751472966806,0.0257575277149644,0.0207141128079427,0.8844914417113339,1.09272326396559,-0.009341556321422,0.0318593792914035,57.675,38.29,-0.0573038578240138,0.4199529903369026,2375751.52,2646888.547,54.37,54.38,,,,,,,,0,,0,0,0,0,0,0,336.0,849.0,0.0,0.0,0,7.0,0,0,0,0,0.0,0.0,0.0,0.0,0,0,0,0,0.0,0.0,0.0,0.0,0,0,0,0,0.0,0.0,0.0,0.0,0,0,0,0,0.0,0.0,0.0,0.0,0,0,0,0,0.0,0.0,0.0,0.0,0,0,0,0,0.0,0.0,0.0,0.0,0,0,0,0,0.0,0.0,0.0,0.0,0,0,0,1,0.0,0.0,0.0,5.0,0,0,0,0,0.0,0.0,0.0,0.0,0,0,0,1,10000.0,0.00018392495861707658,0.0037780208053467394,,False,2026-10-16,0.03644790198560793,-0.024012716409663463,0.3755223067334183,0.0,True,next_open_gap_checked
BTQ,2026-09-16,2.65,2.7,2.56,2.63,2.63,2043592.0,-0.0037878787878788,-0.0706713780918728,-0.1084745762711865,-0.1204013377926422,-0.2891891891891892,-0.4076576576576577,0.0497084703932272,0.0560672993750573,0.0686192863855556,0.8981813646063646,0.8735666859449212,0.0037878787878786,0.0528301886792453,16.0,2.09,-0.8356250000000001,0.2583732057416268,5374646.959999999,7097543.441249999,2.63,2.74,,,,,,,,0,,0,0,0,0,0,0,,,0.0,0.0,0,0.0,0,0,0,0,0.0,0.0,0.0,0.0,0,0,0,0,0.0,0.0,0.0,0.0,0,0,0,0,0.0,0.0,0.0,0.0,0,0,0,0,0.0,0.0,0.0,0.0,0,0,0,0,0.0,0.0,0.0,0.0,0,0,0,0,0.0,0.0,0.0,0.0,0,0,0,0,0.0,0.0,0.0,0.0,0,0,0,0,0.0,0.0,0.0,0.0,0,0,0,0,0.0,0.0,0.0,0.0,0,0,0,0,10000.0,0.041825095057034245,0.0014089381886528936,,False,2026-10-16,0.004115181018112375,-0.010643322226405849,0.42191857775911507,0.0,True,next_open_gap_checked
BUI,2026-09-16,25.68,25.85,25.3,25.53,25.53,80355.0,-0.0073872472783824,-0.0369671821953979,-0.0402255639097745,-0.0344175491679273,-0.0607064017660043,-0.0908119658119657,0.0076117346655299,0.0072664904231695,0.0074973971754879,1.0750580642399203,1.11904703325923,-0.0015552099533436,0.021417445482866,30.8,24.85,-0.1711038961038961,0.027364185110664,2051463.15,1988738.265,25.53,25.56,,,,,,,,0,,0,0,0,0,0,0,105.0,105.0,0.0,0.0,1,8.0,0,0,0,0,0.0,0.0,0.0,0.0,0,0,0,1,0.0,0.0,0.0,8.0,0,0,0,1,0.0,0.0,0.0,2.0,0,0,0,0,0.0,0.0,0.0,0.0,0,0,0,0,0.0,0.0,0.0,0.0,0,0,0,0,0.0,0.0,0.0,0.0,0,0,0,1,0.0,0.0,0.0,2.0,0,0,1,1,0.0,0.0,1.0,7.0,0,0,0,0,0.0,0.0,0.0,0.0,0,0,1,1,10000.0,0.001175088131609714,0.005028313768579296,,False,2026-10-16,0.00899394142855781,-0.02465291489136744,0.26369771801573244,0.0,True,next_open_gap_checked
C,2026-09-16,136.85,136.89,131.05,132.95,132.95,9428643.0,-0.0236469119482999,-0.04228497334678,-0.0351959361393324,0.0030934057642975,-0.0341445695604796,-0.0873206562778884,0.0132485715112197,0.0151277241410699,0.0172980165369133,1.0767764389059893,0.8770641347006578,0.0049937578027465,0.0426744610887831,147.96,93.66,-0.1014463368477968,0.4194960495408926,1253538086.85,1176919829.0995002,132.95,135.2,,,,,,,,0,,0,0,0,0,0,0,64.0,166.0,0.0,1.0,3,8.0,0,0,0,0,0.0,0.0,0.0,0.0,0,0,0,0,0.0,0.0,0.0,0.0,0,0,0,0,0.0,0.0,0.0,0.0,0,0,0,0,0.0,0.0,0.0,0.0,0,0,0,0,0.0,0.0,0.0,0.0,0,0,0,0,0.0,0.0,0.0,0.0,0,0,0,0,0.0,0.0,0.0,0.0,0,0,1,1,0.0,0.0,1.0,1.0,0,0,0,0,0.0,0.0,0.0,0.0,0,0,1,1,10000.0,0.016923655509589963,8.496755473693843e-06,,False,2026-10-16,0.0071044340176794965,-0.02465291489136744,0.35946520351715716,0.0,True,next_open_gap_checked
CAAS,2026-09-16,5.27,5.27,5.081,5.09,5.09,12416.0,-0.03415559772296,-0.0503731343283583,-0.0626151012891343,-0.0711678832116788,0.1041214750542298,0.1568181818181817,0.0219881200130338,0.0430562822138892,0.0285896018955425,0.3018123080401039,0.4386860617538256,0.0,0.035863377609108,5.64,4.0,-0.0975177304964538,0.2724999999999999,63197.439999999995,215594.67674999996,5.09,5.08,,,,,,,,0,,0,0,0,0,0,0,,,0.0,0.0,0,0.0,0,0,0,0,0.0,0.0,0.0,0.0,0,0,0,0,0.0,0.0,0.0,0.0,0,0,0,0,0.0,0.0,0.0,0.0,0,0,0,0,0.0,0.0,0.0,0.0,0,0,0,0,0.0,0.0,0.0,0.0,0,0,0,0,0.0,0.0,0.0,0.0,0,0,0,0,0.0,0.0,0.0,0.0,0,0,0,0,0.0,0.0,0.0,0.0,0,0,0,0,0.0,0.0,0.0,0.0,0,0,0,0,10000.0,-0.0019646365422396617,0.04638333446236168,,False,2026-10-16,0.004115181018112375,-0.015927561468747433,0.4185923082408375,0.0,False,next_open_gap_checked
CAE,2026-09-16,23.67,24.35,23.67,24.05,24.05,1518163.0,0.0143399409531843,0.0029190992493743,-0.0004156275976724,0.020797962648557,-0.0757109915449654,-0.03529883674288,0.0190112443891627,0.0171594559659896,0.0187685712359422,1.6785966360134537,2.0868260568205,-0.0016870518768451,0.028728348119983,34.24,22.76,-0.2976051401869158,0.0566783831282953,36511820.15,21979662.163,24.05,24.25,,,,,,,,0,,0,0,0,0,0,0,,,0.0,0.0,0,0.0,0,0,0,0,0.0,0.0,0.0,0.0,0,0,0,0,0.0,0.0,0.0,0.0,0,0,0,0,0.0,0.0,0.0,0.0,0,0,0,0,0.0,0.0,0.0,0.0,0,0,0,0,0.0,0.0,0.0,0.0,0,0,0,0,0.0,0.0,0.0,0.0,0,0,0,0,0.0,0.0,0.0,0.0,0,0,0,0,0.0,0.0,0.0,0.0,0,0,0,0,0.0,0.0,0.0,0.0,0,0,0,0,10000.0,0.008316008316008316,0.0004549660466043807,,False,2026-10-16,0.004115181018112375,-0.023768526219580283,0.3669479007187513,0.0,True,next_open_gap_checked
CAI,2026-09-16,28.16,29.085,27.91,28.21,28.21,4302436.0,-0.0101754385964911,0.1589975349219392,0.1739492301290053,0.1384180790960452,0.3452551263710064,0.6296938186019643,0.0459921589302671,0.0446987102153506,0.0470155306180352,0.8146252408280567,0.9424596409978911,-0.0119298245614034,0.0417258522727273,34.544,14.19,-0.1833603520148216,0.9880197322057788,121371719.56,136357003.98,28.21,28.595,,,,,,,,0,,0,0,0,0,0,0,1.0,146.0,1.0,1.0,4,8.0,0,0,0,0,0.0,0.0,0.0,0.0,0,0,1,1,0.0,0.0,1.0,1.0,0,0,0,0,0.0,0.0,0.0,0.0,0,0,0,0,0.0,0.0,0.0,0.0,0,0,0,0,0.0,0.0,0.0,0.0,0,0,0,0,0.0,0.0,0.0,0.0,0,0,1,1,0.0,0.0,6.0,6.0,0,0,1,1,0.0,0.0,1.0,1.0,0,0,0,0,0.0,0.0,0.0,0.0,0,0,1,1,10000.0,0.013647642679900596,7.333690025535277e-05,,False,2026-10-16,0.020292339823306575,0.0025102114440326393,0.4345370070835581,0.00015538286944125982,True,next_open_gap_checked
CANE,2026-09-16,11.45,11.47,11.29,11.39,11.39,419552.0,0.0008787346221441,-0.011284722222222,-0.0189491817398793,-0.0155574762316335,0.018783542039356,0.2393906420021763,0.0156300902455308,0.0138798507348833,0.0137059160754986,1.0867625031812034,1.430724109589773,0.0061511423550086,0.0157205240174673,11.875,8.97,-0.0408421052631579,0.269788182831661,4778697.28,4415700.845000001,11.39,11.25,,,,,,,,0,,0,0,0,0,0,0,15.0,1042.9583333333333,1.0,1.0,2,8.0,0,0,0,0,0.0,0.0,0.0,0.0,0,0,0,1,0.0,0.0,0.0,1.0,0,0,0,0,0.0,0.0,0.0,0.0,0,0,0,0,0.0,0.0,0.0,0.0,0,0,0,0,0.0,0.0,0.0,0.0,0,0,0,0,0.0,0.0,0.0,0.0,0,0,0,1,0.0,0.0,0.0,12.0,0,0,0,0,0.0,0.0,0.0,0.0,0,0,0,0,0.0,0.0,0.0,0.0,0,0,0,1,10000.0,-0.012291483757682187,0.002264646168529109,,False,2026-10-16,0.019764336392706593,-0.02465291489136744,0.2966841157578258,0.0,True,next_open_gap_checked
CARL,2026-09-16,15.26,15.615,15.11,15.31,15.31,55057.0,0.005252790544977,0.0393754243041413,0.0213475650433623,-0.064752596212584,0.0288978494623655,0.5558943089430894,0.021998225607809,0.0281327323815339,0.041002410915456,0.4248082722532075,0.3806055271229051,0.0019697964543663,0.0330930537352556,17.23,8.5,-0.1114335461404526,0.8011764705882354,842922.67,2066579.0615,15.31,15.57,,,,,,,,0,,0,0,0,0,0,0,7.0,147.0,1.0,1.0,4,8.0,0,0,0,0,0.0,0.0,0.0,0.0,0,0,0,0,0.0,0.0,0.0,0.0,0,0,1,1,0.0,0.0,1.0,1.0,0,0,0,0,0.0,0.0,0.0,0.0,0,0,0,0,0.0,0.0,0.0,0.0,0,0,0,0,0.0,0.0,0.0,0.0,0,0,1,1,0.0,0.0,1.0,2.0,0,0,1,1,0.0,0.0,2.0,2.0,0,0,0,1,0.0,0.0,0.0,18.0,0,0,1,1,10000.0,0.0169823644676681,0.004838914797066427,,False,2026-10-16,0.022622614095984178,-0.0029316293873809796,0.45542108173921514,0.0,True,next_open_gap_checked
CART,2026-09-16,45.64,47.095,45.59,46.85,46.85,5143580.0,0.0008545182653278,-0.0385799302277857,0.0045025728987992,-0.0639360639360638,-0.0425097077457592,0.0582787440704766,0.0327902616109973,0.0266630505834809,0.0276472094670483,1.460279662415053,1.2663049459105276,-0.0249946592608417,0.0329754601226992,52.68,32.73,-0.110668185269552,0.4314084937366331,240976723.0,174193819.5925,46.85,46.77,,,,,,,,0,,0,0,0,0,0,0,40.0,881.0,0.0,1.0,1,8.0,0,0,0,0,0.0,0.0,0.0,0.0,0,0,0,0,0.0,0.0,0.0,0.0,0,0,0,1,0.0,0.0,0.0,4.0,0,0,0,0,0.0,0.0,0.0,0.0,0,0,0,0,0.0,0.0,0.0,0.0,0,0,0,0,0.0,0.0,0.0,0.0,0,0,0,0,0.0,0.0,0.0,0.0,0,0,0,1,0.0,0.0,0.0,1.0,0,0,0,1,0.0,0.0,0.0,3.0,0,0,0,1,10000.0,-0.0017075773745997003,5.740731802881114e-05,,False,2026-10-16,0.023185054057905937,-0.016884303696165864,0.430936664874064,0.0,True,next_open_gap_checked
CAVA,2026-09-16,50.89,51.65,49.675,49.76,49.76,6029391.0,-0.0046009201840369,-0.1095204008589836,-0.11944788533003,-0.1853307138179436,-0.2708089097303634,-0.3847675568743818,0.0462375855615161,0.0338823951978402,0.0380846102922836,2.08377281015607,1.8276303603641773,0.018003600720144,0.0388091963057575,98.79,43.41,-0.4963052940581031,0.1462796590647317,300022496.15999997,172569058.014,49.76,51.31,,,,,,,,0,,0,0,0,0,0,0,35.0,142.0,0.0,1.0,2,8.0,0,0,0,0,0.0,0.0,0.0,0.0,0,0,0,0,0.0,0.0,0.0,0.0,0,0,0,1,0.0,0.0,0.0,2.0,0,0,0,0,0.0,0.0,0.0,0.0,0,0,0,0,0.0,0.0,0.0,0.0,0,0,0,0,0.0,0.0,0.0,0.0,0,0,0,0,0.0,0.0,0.0,0.0,0,0,1,1,0.0,0.0,1.0,3.0,0,0,0,0,0.0,0.0,0.0,0.0,0,0,1,1,10000.0,0.031149517684887496,5.794781587779618e-05,,False,2026-10-16,0.010103660073287873,0.006208500902122096,0.4672064379212186,0.00029156469189073314,True,next_open_gap_checked
CBZ,2026-09-16,54.6,54.67,54.59,54.6,54.6,2364365.0,-0.0014630577907827,0.001100110011001,-0.000183116645303,0.0034920051461129,-0.0023752969121139,0.9050942079553386,0.0014439006912653,0.0029650557030389,0.0312460678921993,2.074049141762182,1.703938797682727,-0.0014630577907827,0.0014652014652014,57.51,24.29,-0.0505998956703181,1.2478386167146978,129094329.0,62288349.14699999,54.6,54.6,,,,,,,,0,,0,0,0,0,0,0,42.0,42.0,0.0,1.0,1,8.0,0,1,1,1,0.0,1.0,1.0,1.0,0,0,0,0,0.0,0.0,0.0,0.0,0,1,1,1,0.0,1.0,1.0,2.0,0,0,0,0,0.0,0.0,0.0,0.0,0,0,0,0,0.0,0.0,0.0,0.0,0,0,0,0,0.0,0.0,0.0,0.0,0,1,1,1,0.0,5.0,5.0,14.0,0,1,1,1,0.0,1.0,1.0,3.0,0,0,0,0,0.0,0.0,0.0,0.0,0,1,1,1,10000.0,0.0,0.00016054366726592933,,False,2026-10-16,0.03740194039988734,-0.012647292552252758,0.16606814314734816,0.0,True,next_open_gap_checked
CCXI,2026-09-16,12.25,12.59,11.76,12.09,12.09,2428355.0,0.0033195020746887,-0.0186688311688312,-0.0840909090909091,-0.0735632183908047,-0.2274760383386581,0.1658630665380907,0.0196857943501822,0.0304410086344011,0.0580054101785671,1.1600703679508142,0.6983658036103886,0.0165975103734439,0.0677551020408163,19.69,10.095,-0.3859827323514475,0.1976225854383357,29358811.95,28042962.639749996,12.09,12.59,,,,,,,,0,,0,0,0,0,0,0,9.0,9.0,1.0,4.0,4,8.0,0,0,0,0,0.0,0.0,0.0,0.0,1,1,1,1,1.0,1.0,1.0,1.0,0,0,0,0,0.0,0.0,0.0,0.0,0,0,0,0,0.0,0.0,0.0,0.0,0,0,0,0,0.0,0.0,0.0,0.0,0,0,0,0,0.0,0.0,0.0,0.0,1,1,1,1,152.0,165.0,165.0,182.0,0,1,1,1,0.0,1.0,1.0,1.0,1,1,1,1,13.0,25.0,25.0,65.0,1,1,1,1,10000.0,0.04135649296939614,0.00035659570382999843,,False,2026-10-16,0.01719021070479677,-0.01037472965828841,0.3372519117193707,0.0,True,next_open_gap_checked
CD,2026-09-16,3.08,3.08,2.79,2.95,2.95,238191.0,-0.0133779264214046,0.0034013605442178,-0.0514469453376205,-0.0264026402640262,-0.1917808219178081,-0.3683083511777302,0.0267768302146667,0.0690520457621684,0.0814158826470942,1.0456974312494909,0.8150625044591455,0.0301003344481605,0.0941558441558441,36.77,2.1,-0.9197715528963828,0.4047619047619049,702663.4500000001,758484.731,2.95,2.95,,,,,,,,0,,0,0,0,0,0,0,21.0,23.0,2.0,4.0,5,8.0,0,0,0,0,0.0,0.0,0.0,0.0,0,0,0,0,0.0,0.0,0.0,0.0,0,0,0,0,0.0,0.0,0.0,0.0,0,0,0,0,0.0,0.0,0.0,0.0,0,0,0,0,0.0,0.0,0.0,0.0,0,0,0,0,0.0,0.0,0.0,0.0,1,1,1,1,1.0,2.0,2.0,3.0,0,0,0,0,0.0,0.0,0.0,0.0,0,1,1,1,0.0,1.0,1.0,1.0,1,1,1,1,10000.0,0.0,0.01318418102736995,,False,2026-10-16,0.010052719762168344,-0.015123733805814232,0.403062183067638,0.0,True,next_open_gap_checked
CDLR,2026-09-16,25.28,25.52,24.93,25.13,25.13,49908.0,0.01947261663286,-0.0274767801857584,-0.0255913144629701,-0.0027777777777777,0.0776157804459691,0.1021929824561402,0.0205017533718241,0.0258059225995556,0.0263979538361549,0.6903391525543296,0.6116908600580053,0.025557809330629,0.0233386075949367,30.01,15.37,-0.1626124625124959,0.6350032530904359,1254188.04,1809367.776,25.13,25.34,,,,,,,,0,,0,0,0,0,0,0,1043.9583333333333,1043.9583333333333,0.0,0.0,0,1.0,0,0,0,0,0.0,0.0,0.0,0.0,0,0,0,0,0.0,0.0,0.0,0.0,0,0,0,0,0.0,0.0,0.0,0.0,0,0,0,0,0.0,0.0,0.0,0.0,0,0,0,0,0.0,0.0,0.0,0.0,0,0,0,0,0.0,0.0,0.0,0.0,0,0,0,1,0.0,0.0,0.0,15.0,0,0,0,1,0.0,0.0,0.0,1.0,0,0,0,0,0.0,0.0,0.0,0.0,0,0,0,1,10000.0,0.008356545961002881,0.005526792359542939,,False,2026-10-16,0.004115181018112375,-0.021091915990190786,0.36537564400702816,0.0,True,next_open_gap_checked
CDLX,2026-09-16,4.11,4.13,3.876,3.92,3.92,28429.0,-0.0368550368550369,-0.055421686746988,-0.081967213114754,0.053763440860215,-0.0485436893203884,-0.2490421455938697,0.0212560485211736,0.0423637177707306,0.0448567441739956,0.7005296663680953,0.5794062049392906,0.0098280098280099,0.0618004866180048,32.8,3.49,-0.8804878048780488,0.1232091690544412,111441.68,166403.293,3.92,3.98,,,,,,,,0,,0,0,0,0,0,0,5.0,5.0,1.0,1.0,1,8.0,0,0,0,0,0.0,0.0,0.0,0.0,0,0,0,0,0.0,0.0,0.0,0.0,0,0,0,0,0.0,0.0,0.0,0.0,0,0,0,0,0.0,0.0,0.0,0.0,0,0,0,0,0.0,0.0,0.0,0.0,0,0,0,0,0.0,0.0,0.0,0.0,1,1,1,1,2.0,2.0,2.0,4.0,0,0,0,1,0.0,0.0,0.0,1.0,0,0,0,0,0.0,0.0,0.0,0.0,1,1,1,1,10000.0,0.015306122448979664,0.06009496458702893,,False,2026-10-16,0.01402249217332063,-0.01600138500334367,0.4069585885485029,0.0,False,next_open_gap_checked
CDRO,2026-09-16,9.41,9.89,9.41,9.69,9.69,10608.0,0.0396995708154506,0.0396995708154506,0.0555555555555555,0.1202312138728323,0.0778642936596216,-0.0157440325038091,0.0173958380466689,0.0142601663365052,0.0147992740484017,0.6104322456460379,0.4578702931037459,0.009656652360515,0.051009564293305,10.26,5.18,-0.0555555555555555,0.8706563706563706,102791.52,157898.2969999999,9.69,9.6,,,,,,,,0,,0,0,0,0,0,0,,,0.0,0.0,0,0.0,0,0,0,0,0.0,0.0,0.0,0.0,0,0,0,0,0.0,0.0,0.0,0.0,0,0,0,0,0.0,0.0,0.0,0.0,0,0,0,0,0.0,0.0,0.0,0.0,0,0,0,0,0.0,0.0,0.0,0.0,0,0,0,0,0.0,0.0,0.0,0.0,0,0,0,0,0.0,0.0,0.0,0.0,0,0,0,0,0.0,0.0,0.0,0.0,0,0,0,0,0.0,0.0,0.0,0.0,0,0,0,0,10000.0,-0.009287925696594423,0.06333190534664225,,False,2026-10-16,0.004115181018112375,-0.024358689981742468,0.3704590435319649,0.0,False,next_open_gap_checked
CDXS,2026-09-16,1.42,1.43,1.34,1.34,1.34,954123.0,-0.0428571428571427,-0.0853242320819113,-0.0629370629370628,-0.1125827814569535,-0.1066666666666665,-0.4345991561181435,0.0333054429749799,0.0431326642561274,0.0515052624353494,1.067875620615692,0.8305642721643282,0.0142857142857142,0.0633802816901407,2.98,0.9583,-0.5503355704697986,0.3983095064176145,1278524.82,1386038.9995000006,1.34,1.38,,,,,,,,0,,0,0,0,0,0,0,35.0,1104.0,0.0,1.0,1,8.0,0,0,0,0,0.0,0.0,0.0,0.0,0,0,0,0,0.0,0.0,0.0,0.0,0,0,0,0,0.0,0.0,0.0,0.0,0,0,0,0,0.0,0.0,0.0,0.0,0,0,0,0,0.0,0.0,0.0,0.0,0,0,0,0,0.0,0.0,0.0,0.0,0,0,0,1,0.0,0.0,0.0,3.0,0,0,0,1,0.0,0.0,0.0,1.0,0,0,0,0,0.0,0.0,0.0,0.0,0,0,0,1,10000.0,0.02985074626865658,0.007214804203638857,,False,2026-10-16,0.011360212053079636,0.00687025266479407,0.44759023995988373,0.00032775289477362824,True,next_open_gap_checked
CEPO,2026-09-16,10.751,10.76,10.75,10.75,10.75,20487.0,-0.0009293680297397,-0.00046490004649,0.0,-0.0009293680297397,0.0056127221702526,0.011288805268109,0.000869835183842,0.0027327151144078,0.0332943463740788,0.0659256109269117,0.1237277896025656,-0.0008364312267657,0.0009301460329271,10.97,8.22,-0.0200546946216956,0.3077858880778588,220235.25,3347143.8432500004,10.75,10.77,,,,,,,,0,,0,0,0,0,0,0,26.0,26.0,1.0,3.0,5,8.0,0,0,0,0,0.0,0.0,0.0,0.0,1,1,1,1,2.0,2.0,5.0,5.0,0,0,0,0,0.0,0.0,0.0,0.0,0,0,0,0,0.0,0.0,0.0,0.0,0,0,0,0,0.0,0.0,0.0,0.0,0,1,1,1,0.0,2.0,3.0,5.0,1,1,1,1,17.0,61.0,272.0,391.0,0,0,1,1,0.0,0.0,1.0,2.0,0,1,1,1,0.0,6.0,71.0,123.0,1,1,1,1,10000.0,0.0018604651162790198,0.0029876218257444916,,False,2026-10-16,0.02583733132332735,-0.023027002101188045,0.13602349558101645,0.0,True,next_open_gap_checked
CFG,2026-09-16,70.25,70.25,65.66,66.84,66.84,5122434.0,-0.0484054669703871,-0.0516458569807037,-0.0364710970160011,-0.0193661971830985,-0.0901170705145656,-0.0169142520958963,0.0238112397523494,0.0164500460362688,0.0161141148541848,1.6888777977066278,1.3497907303338097,0.0001423690205011,0.065338078291815,75.33,47.955,-0.1127041019514136,0.3938066937754145,342383488.56,211232138.517,66.84,67.99,,,,,,,,0,,0,0,0,0,0,0,47.0,554.0,0.0,1.0,1,8.0,0,0,0,0,0.0,0.0,0.0,0.0,0,0,0,0,0.0,0.0,0.0,0.0,0,0,0,0,0.0,0.0,0.0,0.0,0,0,0,0,0.0,0.0,0.0,0.0,0,0,0,0,0.0,0.0,0.0,0.0,0,0,0,0,0.0,0.0,0.0,0.0,0,0,0,1,0.0,0.0,0.0,52.0,0,0,0,1,0.0,0.0,0.0,5.0,0,0,0,0,0.0,0.0,0.0,0.0,0,0,0,1,10000.0,0.01720526630760011,4.7341280878028884e-05,,False,2026-10-16,0.012076014877792566,-0.0225332201095076,0.3251251005447095,0.0,True,next_open_gap_checked
CGAU,2026-09-16,22.54,22.55,21.46,21.92,21.92,1389018.0,-0.007246376811594,-0.0313742819266459,-0.0592274678111587,0.0064279155188247,0.0300751879699248,0.3212778782399037,0.0214674672753665,0.0291656926545355,0.0324326563938529,1.1285719723635883,0.9774926954655694,0.0208333333333334,0.0483584738243123,24.52,8.95,-0.1060358890701467,1.4491620111731849,30447274.56,28257760.43300001,21.92,22.54,,,,,,,,0,,0,0,0,0,0,0,,,0.0,0.0,0,0.0,0,0,0,0,0.0,0.0,0.0,0.0,0,0,0,0,0.0,0.0,0.0,0.0,0,0,0,0,0.0,0.0,0.0,0.0,0,0,0,0,0.0,0.0,0.0,0.0,0,0,0,0,0.0,0.0,0.0,0.0,0,0,0,0,0.0,0.0,0.0,0.0,0,0,0,0,0.0,0.0,0.0,0.0,0,0,0,0,0.0,0.0,0.0,0.0,0,0,0,0,0.0,0.0,0.0,0.0,0,0,0,0,10000.0,0.02828467153284664,0.0003538850866723956,,False,2026-10-16,0.004115181018112375,-0.012764690837191098,0.44125366489894224,0.0,True,next_open_gap_checked
CHGG,2026-09-16,0.74,0.7498,0.7233,0.7342,0.7342,373656.0,-0.0110452586206896,-0.0006805498843065,-0.0306311064166886,-0.0741488020176546,-0.0336930771255594,-0.3007619047619048,0.0296376899510727,0.0639112443347662,0.0563600542948028,0.2872863474247593,0.297215753934602,-0.0032327586206896,0.0358108108108107,1.9,0.45,-0.613578947368421,0.6315555555555554,274338.2352,1111003.5024,0.7342,0.73,,,,,,,,0,,0,0,0,0,0,0,14.0,527.0,1.0,1.0,1,8.0,0,0,0,1,0.0,0.0,0.0,1.0,0,0,0,0,0.0,0.0,0.0,0.0,0,0,0,0,0.0,0.0,0.0,0.0,0,0,0,0,0.0,0.0,0.0,0.0,0,0,0,0,0.0,0.0,0.0,0.0,0,0,0,0,0.0,0.0,0.0,0.0,0,0,0,0,0.0,0.0,0.0,0.0,0,0,0,0,0.0,0.0,0.0,0.0,0,0,0,0,0.0,0.0,0.0,0.0,0,0,0,1,10000.0,-0.005720512122037613,0.009000871714983712,,False,2026-10-16,0.010999940188351973,0.009421131160438398,0.42778420998806765,0.00042269096230147156,False,next_open_gap_checked
CHH,2026-09-16,97.39,99.575,97.285,98.19,98.19,566678.0,0.0079039211660849,0.0146739692053321,-0.0142555968276277,0.0007134121483896,-0.0838775891024445,-0.1063887877684747,0.0114503049021265,0.0191423674120132,0.0198372181082265,1.101192694147158,1.01229982208591,-0.0003079449804967,0.023513707772872,123.82,84.035,-0.2069940235826198,0.1684417207116082,55642112.82,52806765.1505,98.19,99.47,,,,,,,,0,,0,0,0,0,0,0,16.0,16.0,1.0,1.0,1,8.0,0,0,0,1,0.0,0.0,0.0,1.0,0,0,0,0,0.0,0.0,0.0,0.0,1,1,1,1,2.0,2.0,2.0,5.0,0,0,0,0,0.0,0.0,0.0,0.0,0,0,0,0,0.0,0.0,0.0,0.0,0,0,0,0,0.0,0.0,0.0,0.0,0,0,0,1,0.0,0.0,0.0,13.0,1,1,1,1,1.0,1.0,1.0,3.0,0,0,0,0,0.0,0.0,0.0,0.0,1,1,1,1,10000.0,0.013035950707811494,0.00018936967586444397,,False,2026-10-16,0.010832891698441833,-0.024012716409663463,0.3319027735999823,0.0,True,next_open_gap_checked
CHOW,2026-09-16,0.459,0.54,0.455,0.518,0.518,629912.0,0.0923660902572753,0.1505997334517992,0.1588366890380312,0.0318725099601593,0.3588667366211964,0.2043710764938386,0.0454274216628987,0.1638628933037831,0.1128985086080674,0.0823515606915158,0.0897499231361431,-0.032053985660059,0.1851851851851852,12.05,0.271,-0.95701244813278,0.9114391143911438,326294.416,4842316.122455,0.518,0.5251,,,,,,,,0,,0,0,0,0,0,0,,,0.0,0.0,0,0.0,0,0,0,0,0.0,0.0,0.0,0.0,0,0,0,0,0.0,0.0,0.0,0.0,0,0,0,0,0.0,0.0,0.0,0.0,0,0,0,0,0.0,0.0,0.0,0.0,0,0,0,0,0.0,0.0,0.0,0.0,0,0,0,0,0.0,0.0,0.0,0.0,0,0,0,0,0.0,0.0,0.0,0.0,0,0,0,0,0.0,0.0,0.0,0.0,0,0,0,0,0.0,0.0,0.0,0.0,0,0,0,0,10000.0,0.013706563706563646,0.002065127461139425,,False,2026-10-16,0.004115181018112375,-0.014830716797419994,0.3797263772127012,0.0,False,next_open_gap_checked
CHY,2026-09-16,12.19,12.25,12.03,12.12,12.12,141291.0,0.0083194675540765,-0.035031847133758,-0.0471698113207548,-0.0434096290449882,-0.0907726931732934,-0.099554234769688,0.0138152328113641,0.0098846590303358,0.011375692371695,1.039083959360625,0.88829479182788,0.0141430948419301,0.0180475799835931,13.91,10.41,-0.1286843997124371,0.1642651296829971,1712446.92,1730071.799,12.12,12.29,,,,,,,,0,,0,0,0,0,0,0,128.0,128.0,0.0,0.0,1,8.0,0,0,0,0,0.0,0.0,0.0,0.0,0,0,0,0,0.0,0.0,0.0,0.0,0,0,0,1,0.0,0.0,0.0,2.0,0,0,0,0,0.0,0.0,0.0,0.0,0,0,0,0,0.0,0.0,0.0,0.0,0,0,0,0,0.0,0.0,0.0,0.0,0,0,0,0,0.0,0.0,0.0,0.0,0,0,1,1,0.0,0.0,1.0,6.0,0,0,0,0,0.0,0.0,0.0,0.0,0,0,1,1,10000.0,0.014026402640264113,0.00578010693300712,,False,2026-10-16,0.01035647775456135,-0.02465291489136744,0.3396234480209594,0.0,True,next_open_gap_checked
CIRC,2026-09-16,0.4733,0.4886,0.4547,0.4547,0.4547,278412.0,-0.0325531914893616,-0.1640007354293069,-0.2010191530486734,-0.3515402167712493,-0.3110606060606061,0.0338790359254206,0.032625901348701,0.0581862460553941,0.2931056927595171,0.2884289051321142,0.0214807439480988,0.0070212765957446,0.0716247623072047,5.2,0.4138,-0.9125576923076923,0.098840019333011,126593.9364,593445.136205,0.4547,0.47,,,,,,,,0,,0,0,0,0,0,0,5.0,5.0,1.0,1.0,1,8.0,0,0,0,0,0.0,0.0,0.0,0.0,0,0,0,0,0.0,0.0,0.0,0.0,0,0,0,1,0.0,0.0,0.0,3.0,0,0,0,0,0.0,0.0,0.0,0.0,0,0,0,0,0.0,0.0,0.0,0.0,0,0,0,0,0.0,0.0,0.0,0.0,0,0,0,1,0.0,0.0,0.0,238.0,1,1,1,1,1.0,1.0,1.0,1.0,0,0,0,1,0.0,0.0,0.0,27.0,1,1,1,1,10000.0,0.03364855948977352,0.01685075736562376,,False,2026-10-16,0.018546132460860815,0.09831862485490939,0.3792567787025361,0.005078036593920045,False,next_open_gap_checked
CLNE,2026-09-16,1.69,1.725,1.67,1.7,1.7,1567217.0,-0.0173410404624277,0.0429447852760735,0.0365853658536585,0.0559006211180124,0.0591900311526478,-0.0502793296089385,0.0519137128507678,0.0349839729914241,0.0406328467129143,0.8979244516952165,0.8286896813505416,-0.0231213872832369,0.0325443786982249,3.11,1.54,-0.4533762057877814,0.1038961038961039,2664268.9,2867614.8435,1.7,1.7,,,,,,,,0,,0,0,0,0,0,0,40.0,3443.0,0.0,1.0,1,8.0,0,0,0,0,0.0,0.0,0.0,0.0,0,0,0,1,0.0,0.0,0.0,1.0,0,0,0,1,0.0,0.0,0.0,2.0,0,0,0,0,0.0,0.0,0.0,0.0,0,0,0,0,0.0,0.0,0.0,0.0,0,0,0,0,0.0,0.0,0.0,0.0,0,0,0,1,0.0,0.0,0.0,2.0,0,0,0,1,0.0,0.0,0.0,19.0,0,0,0,1,0.0,0.0,0.0,1.0,0,0,0,1,10000.0,0.0,0.003487218662808543,,False,2026-10-16,0.013461019664485622,-0.0046264095403992424,0.42415798207812216,0.0,True,next_open_gap_checked
CMCO,2026-09-16,16.5,16.635,15.77,16.1,16.1,423313.0,-0.0098400984009839,-0.0924464487034947,-0.0862656072644721,-0.0672074159907299,-0.0955056179775281,0.1065292096219931,0.0368949119920023,0.0285447517995069,0.0653610628604479,1.1183292309813917,0.7354659801833361,0.0147601476014758,0.0524242424242425,24.4,11.99,-0.3401639344262294,0.3427856547122603,6815339.300000001,6666338.091,16.1,16.8,,,,,,,,0,,0,0,0,0,0,0,29.0,244.95833333333337,1.0,1.0,1,8.0,0,0,0,0,0.0,0.0,0.0,0.0,0,0,0,0,0.0,0.0,0.0,0.0,0,0,0,0,0.0,0.0,0.0,0.0,0,0,0,0,0.0,0.0,0.0,0.0,0,0,0,0,0.0,0.0,0.0,0.0,0,0,0,0,0.0,0.0,0.0,0.0,0,0,0,1,0.0,0.0,0.0,4.0,0,0,0,0,0.0,0.0,0.0,0.0,0,0,0,0,0.0,0.0,0.0,0.0,0,0,0,1,10000.0,0.04347826086956519,0.001500073933168896,,False,2026-10-16,0.022705201937952068,-0.006765665328917485,0.4291488803110227,0.0,True,next_open_gap_checked
CMG,2026-09-16,35.24,35.24,33.635,33.68,33.68,12997625.0,-0.0330175136376685,-0.0696132596685084,-0.0652234249236747,-0.1021061050386563,0.0095923261390886,0.1028159790438769,0.0328539420864257,0.0263009615932084,0.0319578317786047,1.0029266541964414,0.7675321917532375,0.0117714613838646,0.045544835414302,42.815,28.035,-0.2133598038070769,0.2013554485464597,437760010.0,474238271.2510001,33.68,34.27,,,,,,,,0,,0,0,0,0,0,0,1.0,446.0,1.0,1.0,1,8.0,0,0,0,0,0.0,0.0,0.0,0.0,0,0,0,0,0.0,0.0,0.0,0.0,0,0,0,1,0.0,0.0,0.0,1.0,0,0,0,0,0.0,0.0,0.0,0.0,0,0,0,0,0.0,0.0,0.0,0.0,0,0,0,0,0.0,0.0,0.0,0.0,0,0,0,1,0.0,0.0,0.0,2.0,0,0,0,1,0.0,0.0,0.0,2.0,0,0,0,0,0.0,0.0,0.0,0.0,0,0,0,1,10000.0,0.017517814726840886,2.1086446637089944e-05,,False,2026-10-16,0.010335573611042032,-0.007444460830791228,0.44576533750315867,0.0,True,next_open_gap_checked
CMI,2026-09-16,541.64,543.46,519.085,527.5,527.5,1445330.0,-0.0195531764618415,-0.0525370453524921,-0.0491383661403128,-0.0429102785085729,-0.1503036355728805,-0.2723435366173286,0.0152769830219462,0.0144586184133063,0.0217886217836192,1.3909850487368791,1.433642136902758,0.0067283744098731,0.0450022154936858,737.76,400.722,-0.2849978312730427,0.3163739450292222,762411575.0,581611078.433,527.5,543.21,,,,,,,,0,,0,0,0,0,0,0,43.0,,0.0,1.0,1,8.0,0,0,0,0,0.0,0.0,0.0,0.0,0,0,0,0,0.0,0.0,0.0,0.0,0,0,0,0,0.0,0.0,0.0,0.0,0,0,0,0,0.0,0.0,0.0,0.0,0,0,0,0,0.0,0.0,0.0,0.0,0,0,0,0,0.0,0.0,0.0,0.0,0,0,0,0,0.0,0.0,0.0,0.0,0,0,0,0,0.0,0.0,0.0,0.0,0,0,0,0,0.0,0.0,0.0,0.0,0,0,0,0,10000.0,0.029781990521327018,1.7193620222885718e-05,,False,2026-10-16,0.006589803140111121,-0.016297141340712938,0.4133216471930448,0.0,True,next_open_gap_checked
CMRC,2026-09-16,3.48,3.55,3.42,3.43,3.43,663396.0,-0.041899441340782,-0.0213980028530669,0.3192307692307692,0.4533898305084747,0.6570048309178746,0.3041825095057036,0.0978573459117243,0.0564326085413539,0.0635838614413006,0.4673270618799989,0.6272026540961075,-0.0279329608938547,0.0373563218390804,5.545,1.95,-0.3814247069431921,0.7589743589743592,2275448.2800000003,3841356.67525,3.43,3.45,,,,,,,,0,,0,0,0,0,0,0,6.0,1262.0,1.0,1.0,1,8.0,0,0,0,0,0.0,0.0,0.0,0.0,0,0,0,0,0.0,0.0,0.0,0.0,0,0,0,0,0.0,0.0,0.0,0.0,0,0,0,0,0.0,0.0,0.0,0.0,0,0,0,0,0.0,0.0,0.0,0.0,0,0,0,0,0.0,0.0,0.0,0.0,0,0,0,0,0.0,0.0,0.0,0.0,0,0,0,1,0.0,0.0,0.0,5.0,0,0,0,0,0.0,0.0,0.0,0.0,0,0,0,1,10000.0,0.005830903790087438,0.0026032469373204426,,False,2026-10-16,0.022692164889165558,-0.002360811144249114,0.4103947454897212,0.0,True,next_open_gap_checked
CMRE,2026-09-16,15.15,15.25,14.86,15.05,15.05,367323.0,-0.0059445178335535,-0.0150523560209423,-0.0013271400132713,-0.0208197787898503,0.0080375083724046,-0.0131147540983606,0.0081468305695033,0.0208262191042503,0.0191033001540054,1.0324655366285185,0.966051157003728,0.000660501981506,0.0257425742574257,18.055,10.835,-0.1664358903350872,0.389017074296262,5528211.15,5431997.8945,15.05,15.15,,,,,,,,0,,0,0,0,0,0,0,,,0.0,0.0,0,0.0,0,0,0,0,0.0,0.0,0.0,0.0,0,0,0,0,0.0,0.0,0.0,0.0,0,0,0,0,0.0,0.0,0.0,0.0,0,0,0,0,0.0,0.0,0.0,0.0,0,0,0,0,0.0,0.0,0.0,0.0,0,0,0,0,0.0,0.0,0.0,0.0,0,0,0,0,0.0,0.0,0.0,0.0,0,0,0,0,0.0,0.0,0.0,0.0,0,0,0,0,0.0,0.0,0.0,0.0,0,0,0,0,10000.0,0.006644518272425293,0.0018409432761609108,,False,2026-10-16,0.004115181018112375,-0.023768526219580283,0.3461225016487394,0.0,True,next_open_gap_checked
CMSA,2026-09-16,19.21,19.45,19.21,19.32,19.32,54684.0,0.0025947067981317,-0.0025813113061435,-0.010752688172043,-0.0197869101978691,-0.0473372781065088,-0.0751555768310195,0.0053194892650204,0.0066856704213917,0.0047807972250969,2.2221093459519974,2.8357309848016694,-0.003113648157758,0.0124934929724101,24.67,19.18,-0.2168625861370086,0.0072992700729928,1056494.88,486371.51675000007,19.32,19.5,,,,,,,,0,,0,0,0,0,0,0,50.0,544.0,0.0,1.0,1,8.0,0,0,0,0,0.0,0.0,0.0,0.0,0,0,0,0,0.0,0.0,0.0,0.0,0,0,0,0,0.0,0.0,0.0,0.0,0,0,0,0,0.0,0.0,0.0,0.0,0,0,0,0,0.0,0.0,0.0,0.0,0,0,0,0,0.0,0.0,0.0,0.0,0,0,0,1,0.0,0.0,0.0,1.0,0,0,0,1,0.0,0.0,0.0,5.0,0,0,0,0,0.0,0.0,0.0,0.0,0,0,0,1,10000.0,0.009316770186335477,0.02056041453007229,,False,2026-10-16,0.00899394142855781,-0.025773301442386865,0.2026715573704306,0.0,False,next_open_gap_checked
CMSD,2026-09-16,20.04,20.341,19.87,20.29,20.29,81541.0,0.0109616342800198,-0.001476377952756,-0.0126520681265207,-0.0235803657362849,-0.0379326695116168,-0.08106884057971,0.008366049403583,0.0064772048198406,0.0054684026836161,1.2354425546711474,1.225736544033552,-0.0014947683109118,0.023502994011976,24.76,19.775,-0.1805331179321487,0.0260429835651074,1654466.89,1363571.184,20.29,20.39,,,,,,,,0,,0,0,0,0,0,0,,,0.0,0.0,0,0.0,0,0,0,0,0.0,0.0,0.0,0.0,0,0,0,0,0.0,0.0,0.0,0.0,0,0,0,0,0.0,0.0,0.0,0.0,0,0,0,0,0.0,0.0,0.0,0.0,0,0,0,0,0.0,0.0,0.0,0.0,0,0,0,0,0.0,0.0,0.0,0.0,0,0,0,0,0.0,0.0,0.0,0.0,0,0,0,0,0.0,0.0,0.0,0.0,0,0,0,0,0.0,0.0,0.0,0.0,0,0,0,0,10000.0,0.00492853622474132,0.007333683871688507,,False,2026-10-16,0.004115181018112375,-0.02530650648547006,0.1645466544490258,0.0,True,next_open_gap_checked
CNI,2026-09-16,120.99,121.69,118.935,119.49,119.49,1522575.0,-0.0187238236018724,-0.0225766871165644,-0.0192875902823375,-0.0077229696063777,-0.0557882259976294,0.0469639884342416,0.009965246925273,0.0118794545605013,0.011933690373394,1.161379567057499,1.0415866655015762,-0.0064055186006405,0.0227704768989172,131.55,90.74,-0.0916761687571267,0.3168393211373155,181932486.75,162460050.26299998,119.49,120.8,,,,,,,,0,,0,0,0,0,0,0,,,0.0,0.0,0,0.0,0,0,0,0,0.0,0.0,0.0,0.0,0,0,0,0,0.0,0.0,0.0,0.0,0,0,0,0,0.0,0.0,0.0,0.0,0,0,0,0,0.0,0.0,0.0,0.0,0,0,0,0,0.0,0.0,0.0,0.0,0,0,0,0,0.0,0.0,0.0,0.0,0,0,0,0,0.0,0.0,0.0,0.0,0,0,0,0,0.0,0.0,0.0,0.0,0,0,0,0,0.0,0.0,0.0,0.0,0,0,0,0,10000.0,0.010963260523893181,6.15535941532174e-05,,False,2026-10-16,0.004115181018112375,-0.024186119934450634,0.3507056595518237,0.0,True,next_open_gap_checked
CODA,2026-09-16,10.7,10.79,10.375,10.71,10.71,94635.0,0.0009345794392525,0.0688622754491019,0.06993006993007,0.0646123260437376,0.0583003952569172,0.108695652173913,0.0346912228432316,0.0213488160968384,0.018974273914226,0.9269348853587188,1.0027168946344642,0.0,0.0387850467289718,17.28,7.8,-0.3802083333333333,0.3730769230769233,1013540.85,1047302.20975,10.71,10.81,,,,,,,,0,,0,0,0,0,0,0,5.0,1128.0,1.0,1.0,1,8.0,0,0,0,0,0.0,0.0,0.0,0.0,0,0,0,1,0.0,0.0,0.0,8.0,0,0,0,0,0.0,0.0,0.0,0.0,0,0,0,0,0.0,0.0,0.0,0.0,0,0,0,0,0.0,0.0,0.0,0.0,0,0,0,0,0.0,0.0,0.0,0.0,0,0,0,1,0.0,0.0,0.0,1.0,0,0,0,1,0.0,0.0,0.0,9.0,0,0,0,1,0.0,0.0,0.0,1.0,0,0,0,1,10000.0,0.00933706816059754,0.009548342309319757,,False,2026-10-16,0.030459338318909724,-0.024185286456955297,0.3318566562381816,0.0,True,next_open_gap_checked
COLA,2026-09-16,10.65,10.9,10.6,10.83,10.83,214312.0,0.0159474671669792,0.0207351555136663,0.1107692307692307,0.0159474671669792,0.0102611940298507,0.0083798882681564,0.1545902886998115,0.0738338243602227,0.0419572460177158,4.172209346354777,7.615942951738189,-0.0009380863039399,0.0281690140845071,11.15,8.02,-0.0286995515695067,0.3503740648379052,2320998.96,536622.2085,10.83,10.65,,,,,,,,0,,0,0,0,0,0,0,5.0,5.0,1.0,2.0,4,8.0,0,0,0,0,0.0,0.0,0.0,0.0,0,0,0,0,0.0,0.0,0.0,0.0,0,0,0,0,0.0,0.0,0.0,0.0,0,0,0,0,0.0,0.0,0.0,0.0,0,0,0,0,0.0,0.0,0.0,0.0,0,0,0,0,0.0,0.0,0.0,0.0,1,1,1,1,4.0,62.0,74.0,149.0,0,0,0,1,0.0,0.0,0.0,1.0,0,0,0,0,0.0,0.0,0.0,0.0,1,1,1,1,10000.0,-0.0166204986149584,0.01863508412734655,,False,2026-10-16,0.02222187383023879,-0.015616296904717376,0.40798903528178715,0.0,True,next_open_gap_checked
COP,2026-09-16,138.42,139.19,132.38,132.54,132.54,9032841.0,-0.0614643818156068,-0.0350200218420094,-0.0292243462975171,-0.0268007930097657,0.0217391304347824,0.2082041932543299,0.0345783120014512,0.020488172974084,0.0195699895907726,1.4294924049461022,1.3710470480123815,-0.0198272199405183,0.0491980927611617,141.62,85.57,-0.0641152379607401,0.5489073273343461,1197212746.14,848958585.444,132.54,131.3,,,,,,,,0,,0,0,0,0,0,0,35.0,534.0,0.0,1.0,1,8.0,0,0,0,0,0.0,0.0,0.0,0.0,0,0,0,1,0.0,0.0,0.0,2.0,0,0,0,1,0.0,0.0,0.0,7.0,0,0,0,0,0.0,0.0,0.0,0.0,0,0,0,0,0.0,0.0,0.0,0.0,0,0,0,1,0.0,0.0,0.0,1.0,0,0,0,1,0.0,0.0,0.0,223.0,0,0,0,1,0.0,0.0,0.0,30.0,0,0,0,0,0.0,0.0,0.0,0.0,0,0,0,1,10000.0,-0.00935566621397299,1.1779137606306275e-05,,False,2026-10-16,0.005834468156877945,-0.024012716409663463,0.3224073681374953,0.0,True,next_open_gap_checked
COUR,2026-09-16,5.33,5.33,5.14,5.24,5.24,5157590.0,-0.0075757575757575,0.0038314176245211,-0.011320754716981,-0.1521035598705501,-0.0790861159929701,-0.0131826741996232,0.024237424566019,0.0292309767252777,0.0401996742682459,1.1784912365024978,0.8530713329081274,0.009469696969697,0.0356472795497186,12.32,5.0,-0.5746753246753247,0.048,27025771.6,25568228.192500003,5.24,5.27,,,,,,,,0,,0,0,0,0,0,0,48.0,48.0,0.0,1.0,2,8.0,0,0,0,0,0.0,0.0,0.0,0.0,0,0,0,0,0.0,0.0,0.0,0.0,0,0,0,1,0.0,0.0,0.0,3.0,0,1,1,1,0.0,4.0,4.0,4.0,0,0,0,0,0.0,0.0,0.0,0.0,0,0,0,0,0.0,0.0,0.0,0.0,0,0,1,1,0.0,0.0,46.0,46.0,0,0,0,1,0.0,0.0,0.0,3.0,0,0,0,0,0.0,0.0,0.0,0.0,0,1,1,1,10000.0,0.005725190839694472,0.0003911104017341854,,False,2026-10-16,0.012876404170555232,-0.01085992012919848,0.41575944822995753,0.0,True,next_open_gap_checked
CPT,2026-09-16,102.78,103.255,100.43,101.3,101.3,939905.0,-0.014974718008557,-0.0166003300650423,-0.0269906829315147,-0.0439788599471497,-0.0557419835943325,-0.0704716461736099,0.0111379688891023,0.0086179583021916,0.0125434125734547,1.0669898383352685,1.036470637209914,-0.000583430571762,0.0274858921969253,119.81,96.53,-0.1544946164760872,0.0494146897337615,95212376.5,92983407.1745,101.3,101.83,,,,,,,,0,,0,0,0,0,0,0,15.0,15.0,1.0,1.0,1,8.0,0,0,0,0,0.0,0.0,0.0,0.0,0,0,0,0,0.0,0.0,0.0,0.0,0,0,0,0,0.0,0.0,0.0,0.0,0,0,0,0,0.0,0.0,0.0,0.0,0,0,0,0,0.0,0.0,0.0,0.0,0,0,0,0,0.0,0.0,0.0,0.0,1,1,1,1,1.0,1.0,1.0,2.0,0,0,0,0,0.0,0.0,0.0,0.0,0,0,0,0,0.0,0.0,0.0,0.0,1,1,1,1,10000.0,0.005231984205330775,0.00010754606981902922,,False,2026-10-16,0.009109111999558904,-0.02465291489136744,0.307450840772627,0.0,True,next_open_gap_checked
CRDL,2026-09-16,1.85,1.9,1.81,1.9,1.9,1579699.0,0.0270270270270269,-0.0476190476190476,-0.1684901531728666,-0.1162790697674418,0.0026385224274405,0.7924528301886791,0.0664485878732678,0.0519406384996021,0.0439938400162269,0.9773396811885874,1.355248522154471,0.0,0.0486486486486485,2.34,0.88,-0.188034188034188,1.1590909090909092,3001428.0999999996,3313717.741,1.9,1.91,,,,,,,,0,,0,0,0,0,0,0,,,0.0,0.0,0,0.0,0,0,0,0,0.0,0.0,0.0,0.0,0,0,0,0,0.0,0.0,0.0,0.0,0,0,0,0,0.0,0.0,0.0,0.0,0,0,0,0,0.0,0.0,0.0,0.0,0,0,0,0,0.0,0.0,0.0,0.0,0,0,0,0,0.0,0.0,0.0,0.0,0,0,0,0,0.0,0.0,0.0,0.0,0,0,0,0,0.0,0.0,0.0,0.0,0,0,0,0,0.0,0.0,0.0,0.0,0,0,0,0,10000.0,0.0052631578947368585,0.0030177585363629195,,False,2026-10-16,0.004115181018112375,-0.011123581265832735,0.4389457145895054,0.0,True,next_open_gap_checked
CSW,2026-09-16,295.0,295.0,285.79,287.8,287.8,167158.0,-0.0059408676429951,-0.0429317282431577,-0.0289165570064445,-0.0432816966956983,-0.1331064188680382,0.0489867327598774,0.0215879769372044,0.0164183204511748,0.0324814907509257,1.357320307796119,1.1384056341628388,0.0189278806300083,0.0312203389830507,355.483,230.45,-0.1903972904470818,0.2488609242785855,48108072.4,37953767.4225,287.8,295.88,,,,,,,,0,,0,0,0,0,0,0,15.0,426.0,1.0,1.0,1,8.0,0,0,0,0,0.0,0.0,0.0,0.0,0,0,0,0,0.0,0.0,0.0,0.0,0,0,0,1,0.0,0.0,0.0,7.0,0,0,0,0,0.0,0.0,0.0,0.0,0,0,0,0,0.0,0.0,0.0,0.0,0,0,0,1,0.0,0.0,0.0,2.0,0,0,0,1,0.0,0.0,0.0,6.0,0,0,0,1,0.0,0.0,0.0,8.0,0,0,0,0,0.0,0.0,0.0,0.0,0,0,0,1,10000.0,0.028075052119527433,0.00026347845494968533,,False,2026-10-16,0.010106087788955302,-0.011151116257667553,0.4342630069271105,0.0,True,next_open_gap_checked
CURV,2026-09-16,2.16,2.28,2.125,2.15,2.15,212546.0,-0.0092165898617511,-0.0444444444444445,-0.0732758620689655,-0.0137614678899083,0.0141509433962263,0.12565445026178,0.0074317849075994,0.0387138930178003,0.0399446385129251,0.4835286081769172,0.6216878521282277,-0.0046082949308754,0.0717592592592591,2.855,0.9394,-0.2469352014010508,1.2886949116457314,456973.9,1033729.5435,2.15,2.18,,,,,,,,0,,0,0,0,0,0,0,12.0,875.0,1.0,1.0,1,8.0,0,0,0,0,0.0,0.0,0.0,0.0,0,0,0,0,0.0,0.0,0.0,0.0,0,0,0,1,0.0,0.0,0.0,2.0,0,0,0,0,0.0,0.0,0.0,0.0,0,0,0,0,0.0,0.0,0.0,0.0,0,0,0,1,0.0,0.0,0.0,2.0,0,0,0,1,0.0,0.0,0.0,1.0,0,0,0,1,0.0,0.0,0.0,4.0,0,0,0,0,0.0,0.0,0.0,0.0,0,0,0,1,10000.0,0.013953488372093092,0.009673710171948858,,False,2026-10-16,0.025393121263413605,-0.015967952266807858,0.3867197567526352,0.0,True,next_open_gap_checked
CVV,2026-09-16,4.48,4.66,4.47,4.6,4.6,82316.0,0.0290827740492169,-0.0170940170940171,-0.2834890965732087,-0.2987804878048781,-0.3939393939393939,-0.4155019059720458,0.1129123061100875,0.0631844562646624,0.0565589597692714,0.7438711464368676,0.6865888878462774,0.0022371364653246,0.0424107142857143,9.1,2.96,-0.4945054945054945,0.554054054054054,378653.6,628065.467,4.6,4.6,,,,,,,,0,,0,0,0,0,0,0,5.0,5.0,1.0,1.0,1,8.0,1,1,1,1,1.0,1.0,1.0,1.0,0,0,0,0,0.0,0.0,0.0,0.0,0,0,0,0,0.0,0.0,0.0,0.0,0,0,0,0,0.0,0.0,0.0,0.0,0,0,0,0,0.0,0.0,0.0,0.0,0,0,0,0,0.0,0.0,0.0,0.0,0,0,0,1,0.0,0.0,0.0,7.0,0,0,0,0,0.0,0.0,0.0,0.0,0,0,0,0,0.0,0.0,0.0,0.0,1,1,1,1,10000.0,0.0,0.015921907070875464,,False,2026-10-16,0.010999940188351973,-0.012081275869128622,0.44076938031188717,0.0,True,next_open_gap_checked
CWT,2026-09-16,48.03,48.36,47.7,48.05,48.05,338386.0,0.0048097030531157,-0.0035255080879303,-0.0279182682581429,-0.0339766787293929,-0.0363016446048937,0.0630530973451326,0.0077767661913148,0.0094420429379952,0.0133255919800004,0.6747145255258614,0.6624837060083434,0.0043914680050187,0.0137414116177388,53.82,41.29,-0.1072092159048681,0.1637200290627269,16259447.3,24959578.777499996,48.05,48.19,,,,,,,,0,,0,0,0,0,0,0,48.0,489.0,0.0,1.0,1,8.0,0,0,0,0,0.0,0.0,0.0,0.0,0,0,0,0,0.0,0.0,0.0,0.0,0,0,0,0,0.0,0.0,0.0,0.0,0,0,0,0,0.0,0.0,0.0,0.0,0,0,0,0,0.0,0.0,0.0,0.0,0,0,0,0,0.0,0.0,0.0,0.0,0,0,0,1,0.0,0.0,0.0,2.0,0,0,0,1,0.0,0.0,0.0,1.0,0,0,0,0,0.0,0.0,0.0,0.0,0,0,0,1,10000.0,0.0029136316337148305,0.00040064778693359106,,False,2026-10-16,0.017707728200868217,-0.02465291489136744,0.31791553021391133,0.0,True,next_open_gap_checked
CXW,2026-09-16,35.01,35.76,34.76,34.93,34.93,2296520.0,-0.0127190503109102,0.0,0.0162932790224032,0.0675427872860636,0.0780864197530863,0.1780775716694773,0.0215826411118924,0.0210470050687545,0.0226656767790568,1.5635948983879826,1.692812523622416,-0.0104578858111928,0.0285632676378177,36.07,15.735,-0.0316052120876074,1.2198919605973946,80217443.6,50026562.947500005,34.93,35.02,,,,,,,,0,,0,0,0,0,0,0,37.0,37.0,0.0,1.0,1,8.0,0,0,0,0,0.0,0.0,0.0,0.0,0,0,0,0,0.0,0.0,0.0,0.0,0,0,0,1,0.0,0.0,0.0,4.0,0,0,0,0,0.0,0.0,0.0,0.0,0,0,0,0,0.0,0.0,0.0,0.0,0,0,0,1,0.0,0.0,0.0,2.0,0,1,1,1,0.0,1.0,1.0,1.0,0,0,0,1,0.0,0.0,0.0,13.0,0,0,0,0,0.0,0.0,0.0,0.0,0,1,1,1,10000.0,0.0025765817348983866,0.0001998938046272422,,False,2026-10-16,0.01874679750948654,-0.018416836122572777,0.3708811815958186,0.0,True,next_open_gap_checked
DAAQ,2026-09-16,10.45,10.47,10.43,10.46,10.46,2430.0,0.0009569377990432,0.0019157088122607,0.0019157088122607,0.0028763183125599,0.0048030739673392,0.0096525096525097,0.0006242427005256,0.0008110450009253,0.0796142372777958,0.0374746121069213,0.0442491036369849,0.0,0.0038277511961723,10.49,6.6,-0.0028598665395613,0.5848484848484852,25417.800000000003,676801.6432999999,10.46,10.45,,,,,,,,0,,0,0,0,0,0,0,33.0,33.0,0.0,2.0,3,8.0,0,0,0,0,0.0,0.0,0.0,0.0,0,0,0,0,0.0,0.0,0.0,0.0,0,0,0,0,0.0,0.0,0.0,0.0,0,0,0,0,0.0,0.0,0.0,0.0,0,0,0,0,0.0,0.0,0.0,0.0,0,0,0,0,0.0,0.0,0.0,0.0,0,1,1,1,0.0,43.0,43.0,230.0,0,0,0,1,0.0,0.0,0.0,2.0,0,1,1,1,0.0,4.0,4.0,73.0,0,1,1,1,10000.0,-0.0009560229445507717,0.014775377836320335,,False,2026-10-16,0.014508117642189906,-0.02410847763524445,0.13602349558101645,0.0,True,next_open_gap_checked
DAC,2026-09-16,160.0,160.53,157.86,159.16,159.16,174094.0,-0.0026944044113039,-0.0010669679281993,0.0288965026827849,0.0534118737176516,0.0953888506538196,0.2493916319962319,0.0100200107861243,0.01237048580156,0.0157297881646418,1.4731731093062732,1.527082527138227,0.0025690832758944,0.0166874999999999,160.53,83.56,-0.0085342303619261,0.9047391096218284,27708801.04,18150587.4225,159.16,159.49,,,,,,,,0,,0,0,0,0,0,0,,,0.0,0.0,0,0.0,0,0,0,0,0.0,0.0,0.0,0.0,0,0,0,0,0.0,0.0,0.0,0.0,0,0,0,0,0.0,0.0,0.0,0.0,0,0,0,0,0.0,0.0,0.0,0.0,0,0,0,0,0.0,0.0,0.0,0.0,0,0,0,0,0.0,0.0,0.0,0.0,0,0,0,0,0.0,0.0,0.0,0.0,0,0,0,0,0.0,0.0,0.0,0.0,0,0,0,0,0.0,0.0,0.0,0.0,0,0,0,0,10000.0,0.002073385272681749,0.0005509463560173103,,False,2026-10-16,0.004115181018112375,-0.024186119934450634,0.36554142607438556,0.0,True,next_open_gap_checked
DAVEW,2026-09-16,1.55,1.86,1.54,1.65,1.65,11731.0,-0.1176470588235295,0.1458333333333332,-0.0119760479041916,0.1785714285714286,0.2682551883166795,0.1870503597122301,0.1302071318551063,0.1733684726506634,0.1502818022434343,0.2711680266290654,0.191003104146433,-0.1711229946524064,0.2064516129032258,4.03,0.2002,-0.5905707196029777,7.241758241758241,19356.15,77982.61899999999,1.65,1.82,,,,,,,,0,,0,0,0,0,0,0,30.0,561.9583333333334,0.0,1.0,1,8.0,0,0,0,0,0.0,0.0,0.0,0.0,0,0,0,0,0.0,0.0,0.0,0.0,0,0,0,0,0.0,0.0,0.0,0.0,0,0,0,0,0.0,0.0,0.0,0.0,0,0,0,0,0.0,0.0,0.0,0.0,0,0,0,1,0.0,0.0,0.0,1.0,0,0,0,1,0.0,0.0,0.0,38.0,0,0,0,0,0.0,0.0,0.0,0.0,0,0,0,1,0.0,0.0,0.0,24.0,0,0,0,1,10000.0,0.10303030303030303,0.12823370294860192,,False,2026-10-16,0.03321797512775006,-0.07551684313000305,0.32249951744082617,0.0,False,next_open_gap_checked
DCBO,2026-09-16,24.62,24.64,23.81,24.09,24.09,32009.000000000004,-0.0207317073170731,-0.0065979381443298,0.0166701835830342,-0.0513880685174247,0.0617011899515205,0.4313725490196081,0.0348726341843729,0.0289468474248905,0.03359629629739,0.569587592176067,0.4038200730456504,0.0008130081300812,0.0337124289195776,30.8,14.39,-0.2178571428571428,0.6740792216817233,771096.81,1389081.02325,24.09,24.33,,,,,,,,0,,0,0,0,0,0,0,,,0.0,0.0,0,0.0,0,0,0,0,0.0,0.0,0.0,0.0,0,0,0,0,0.0,0.0,0.0,0.0,0,0,0,0,0.0,0.0,0.0,0.0,0,0,0,0,0.0,0.0,0.0,0.0,0,0,0,0,0.0,0.0,0.0,0.0,0,0,0,0,0.0,0.0,0.0,0.0,0,0,0,0,0.0,0.0,0.0,0.0,0,0,0,0,0.0,0.0,0.0,0.0,0,0,0,0,0.0,0.0,0.0,0.0,0,0,0,0,10000.0,0.00996264009962644,0.007199004113239728,,False,2026-10-16,0.004115181018112375,-0.013086799093660045,0.43342514252771885,0.0,True,next_open_gap_checked
DCI,2026-09-16,87.69,88.06,85.24,86.33,86.33,635203.0,-0.0083850218240294,-0.0327170868347339,-0.0387484689900902,-0.0382130124777184,-0.0813025433649037,0.0044211751018032,0.0118117669377082,0.0121680738348119,0.0140411523780466,0.9530705734773504,0.93749287419489,0.00723638869745,0.0321587410195006,112.84,79.42,-0.2349344204182913,0.0870057919919415,54837074.99,60662123.536,86.33,87.7,,,,,,,,0,,0,0,0,0,0,0,21.0,2898.0,1.0,1.0,1,8.0,0,0,0,0,0.0,0.0,0.0,0.0,0,0,0,0,0.0,0.0,0.0,0.0,0,0,0,0,0.0,0.0,0.0,0.0,0,0,0,0,0.0,0.0,0.0,0.0,0,0,0,0,0.0,0.0,0.0,0.0,0,0,0,0,0.0,0.0,0.0,0.0,0,0,0,0,0.0,0.0,0.0,0.0,0,0,0,1,0.0,0.0,0.0,1.0,0,0,0,0,0.0,0.0,0.0,0.0,0,0,0,1,10000.0,0.015869338584501458,0.00016484750973258446,,False,2026-10-16,0.008472572761853975,-0.02465291489136744,0.3223918805875014,0.0,True,next_open_gap_checked
DDI,2026-09-16,12.77,12.891,12.67,12.73,12.73,300784.0,-0.0015686274509804,0.0039432176656151,0.0007861635220125,0.0023622047244096,-0.0039123630672925,0.1156879929886065,0.0107616770111411,0.0083299314867391,0.0123613541684947,2.1548601558917926,2.7087595388739976,0.0015686274509802,0.0173061863743148,13.28,8.1,-0.0414156626506023,0.5716049382716051,3828980.32,1779701.63325,12.73,12.7,,,,,,,,0,,0,0,0,0,0,0,1806.0,1806.0,0.0,0.0,0,2.0,0,0,0,0,0.0,0.0,0.0,0.0,0,0,0,0,0.0,0.0,0.0,0.0,0,0,0,1,0.0,0.0,0.0,2.0,0,0,0,0,0.0,0.0,0.0,0.0,0,0,0,0,0.0,0.0,0.0,0.0,0,0,0,0,0.0,0.0,0.0,0.0,0,0,0,1,0.0,0.0,0.0,19.0,0,0,0,0,0.0,0.0,0.0,0.0,0,0,0,0,0.0,0.0,0.0,0.0,0,0,0,1,10000.0,-0.002356637863315081,0.005618919381300175,,False,2026-10-16,0.004115181018112375,-0.02575955605023925,0.2946119997035463,0.0,True,next_open_gap_checked
DEFT,2026-09-16,0.53,0.533,0.4926,0.5025,0.5025,2042920.0,-0.0572232645403378,-0.1283607979184736,-0.1728395061728396,-0.2429948779752937,0.1498855835240273,-0.0913200723327307,0.0646887507720038,0.0700208416395275,0.0624012660582658,0.6991245047652779,0.870918203282656,-0.0056285178236398,0.0762264150943397,2.8,0.39,-0.8205357142857143,0.2884615384615383,1026567.3,1747243.37746,0.5025,0.5122,,,,,,,,0,,0,0,0,0,0,0,,,0.0,0.0,0,0.0,0,0,0,0,0.0,0.0,0.0,0.0,0,0,0,0,0.0,0.0,0.0,0.0,0,0,0,0,0.0,0.0,0.0,0.0,0,0,0,0,0.0,0.0,0.0,0.0,0,0,0,0,0.0,0.0,0.0,0.0,0,0,0,0,0.0,0.0,0.0,0.0,0,0,0,0,0.0,0.0,0.0,0.0,0,0,0,0,0.0,0.0,0.0,0.0,0,0,0,0,0.0,0.0,0.0,0.0,0,0,0,0,10000.0,0.019303482587064824,0.005723301131944872,,False,2026-10-16,0.004115181018112375,0.007822393794949485,0.4237138242116954,0.00021262130574569273,False,next_open_gap_checked
DFP,2026-09-16,19.46,19.73,19.46,19.51,19.51,87087.0,0.0046343975283213,-0.0116514690982774,-0.0249875062468765,-0.044564152791381,-0.0602119460500963,-0.040334481062469,0.0078563087461316,0.0048581772109384,0.0051875781935906,1.1625341153243132,1.5890285316686894,0.0020597322348094,0.013874614594039,22.11,19.4,-0.1175938489371324,0.0056701030927837,1699067.37,1504712.4075,19.51,19.68,,,,,,,,0,,0,0,0,0,0,0,191.0,191.0,0.0,0.0,0,8.0,0,0,0,0,0.0,0.0,0.0,0.0,0,0,0,1,0.0,0.0,0.0,11.0,0,0,0,1,0.0,0.0,0.0,3.0,0,0,0,0,0.0,0.0,0.0,0.0,0,0,0,0,0.0,0.0,0.0,0.0,0,0,0,0,0.0,0.0,0.0,0.0,0,0,0,0,0.0,0.0,0.0,0.0,0,0,0,1,0.0,0.0,0.0,8.0,0,0,0,0,0.0,0.0,0.0,0.0,0,0,0,1,10000.0,0.00871348026652985,0.006645788225149596,,False,2026-10-16,0.00948079370591705,-0.02401680007747237,0.1596968075292571,0.0,True,next_open_gap_checked
DHR,2026-09-16,209.67,211.98,206.675,208.36,208.36,3558831.0,-0.0047764615972487,0.0410712501249126,0.017134488650232,0.0069105494611705,0.0439923840064133,0.1693136539648689,0.0197052174000788,0.0201901659508691,0.0247932085792994,1.0708384389136194,0.7740538880625776,0.0014807030951469,0.0253016645204367,242.8,160.93,-0.1418451400329489,0.2947244143416392,741518027.1600001,699522052.319,208.36,210.48,,,,,,,,0,,0,0,0,0,0,0,,,0.0,0.0,0,0.0,0,0,0,0,0.0,0.0,0.0,0.0,0,0,0,0,0.0,0.0,0.0,0.0,0,0,0,0,0.0,0.0,0.0,0.0,0,0,0,0,0.0,0.0,0.0,0.0,0,0,0,0,0.0,0.0,0.0,0.0,0,0,0,0,0.0,0.0,0.0,0.0,0,0,0,0,0.0,0.0,0.0,0.0,0,0,0,0,0.0,0.0,0.0,0.0,0,0,0,0,0.0,0.0,0.0,0.0,0,0,0,0,10000.0,0.010174697638702046,1.4295474984453732e-05,,False,2026-10-16,0.004115181018112375,-0.018172645932489597,0.41815758088019056,0.0,True,next_open_gap_checked
DIN,2026-09-16,27.1,27.74,26.9,27.48,27.48,408942.0,0.014771048744461,-0.0286320254506892,-0.0569663692518874,-0.1544615384615384,-0.2139588100686499,-0.176752546434991,0.0376087829055903,0.0282738026478572,0.0263420656494252,1.488619184506846,1.4548601206187246,0.0007385524372232,0.0309963099630996,39.68,22.85,-0.3074596774193548,0.2026258205689277,11237726.16,8541351.995,27.48,27.8,,,,,,,,0,,0,0,0,0,0,0,12.0,2358.0,1.0,1.0,1,8.0,0,0,0,0,0.0,0.0,0.0,0.0,0,0,0,0,0.0,0.0,0.0,0.0,0,0,0,1,0.0,0.0,0.0,2.0,0,0,0,0,0.0,0.0,0.0,0.0,0,0,0,0,0.0,0.0,0.0,0.0,0,0,0,0,0.0,0.0,0.0,0.0,0,0,0,0,0.0,0.0,0.0,0.0,0,0,0,1,0.0,0.0,0.0,3.0,0,0,0,1,0.0,0.0,0.0,1.0,0,0,0,1,10000.0,0.011644832605531397,0.001170774838205225,,False,2026-10-16,0.01333968078251769,-0.017313005277356346,0.4042960764221138,0.0,True,next_open_gap_checked
DLNG,2026-09-16,3.79,3.84,3.77,3.77,3.77,56845.0,-0.0052770448548812,-0.0026455026455025,-0.013089005235602,-0.0052770448548812,0.0,0.0589887640449438,0.0098478240607068,0.0176542552774252,0.02751639495892,0.996552519080356,0.8847707215004708,0.0,0.0184696569920843,4.45,3.27,-0.152808988764045,0.1529051987767584,214305.65,216180.2,3.77,3.77,,,,,,,,0,,0,0,0,0,0,0,,,0.0,0.0,0,0.0,0,0,0,0,0.0,0.0,0.0,0.0,0,0,0,0,0.0,0.0,0.0,0.0,0,0,0,0,0.0,0.0,0.0,0.0,0,0,0,0,0.0,0.0,0.0,0.0,0,0,0,0,0.0,0.0,0.0,0.0,0,0,0,0,0.0,0.0,0.0,0.0,0,0,0,0,0.0,0.0,0.0,0.0,0,0,0,0,0.0,0.0,0.0,0.0,0,0,0,0,0.0,0.0,0.0,0.0,0,0,0,0,10000.0,0.0,0.046257705377273216,,False,2026-10-16,0.004115181018112375,-0.016156366448739263,0.4115617219492461,0.0,False,next_open_gap_checked
DMB,2026-09-16,9.89,9.98,9.87,9.94,9.89,90147.0,0.005055611729019,-0.0245338567222767,-0.0368217054263566,-0.051526717557252,-0.0622641509433962,-0.093065693430657,0.008559900309182,0.0069287222437814,0.005802859504237,1.6696084114763237,1.4761148804372657,0.0,0.0111223458038423,11.28,9.87,-0.1187943262411347,0.0070921985815604,896061.1799999999,558633.963,9.94,9.95,,,,,,,,0,,0,0,0,0,0,0,26.0,26.0,1.0,3.0,3,8.0,0,0,0,0,0.0,0.0,0.0,0.0,0,0,0,1,0.0,0.0,0.0,11.0,0,0,0,0,0.0,0.0,0.0,0.0,0,0,0,0,0.0,0.0,0.0,0.0,0,0,0,0,0.0,0.0,0.0,0.0,0,0,0,0,0.0,0.0,0.0,0.0,0,0,0,1,0.0,0.0,0.0,7.0,1,1,1,1,1.0,3.0,3.0,11.0,0,0,0,0,0.0,0.0,0.0,0.0,1,1,1,1,10000.0,0.001006036217303885,0.01790080922809915,,False,2026-10-16,0.00899394142855781,-0.025137186628491796,0.21298491987112017,0.0,True,next_open_gap_checked
DOMO,2026-09-16,3.87,3.895,3.805,3.84,3.84,853127.0,-0.0204081632653061,0.0026109660574411,0.0158730158730158,0.0434782608695651,0.024,0.6695652173913045,0.0165105508912061,0.0175394021262424,0.0614539491398787,0.6641341207976659,0.4357391683158034,-0.0127551020408163,0.0232558139534883,18.489,1.84,-0.792308940451079,1.0869565217391304,3276007.6799999997,4905166.899000002,3.84,3.85,,,,,,,,0,,0,0,0,0,0,0,55.0,55.0,0.0,1.0,1,8.0,0,0,0,0,0.0,0.0,0.0,0.0,0,0,0,0,0.0,0.0,0.0,0.0,0,0,0,1,0.0,0.0,0.0,5.0,0,0,0,0,0.0,0.0,0.0,0.0,0,0,0,0,0.0,0.0,0.0,0.0,0,0,0,0,0.0,0.0,0.0,0.0,0,1,1,1,0.0,13.0,13.0,20.0,0,0,0,1,0.0,0.0,0.0,8.0,0,0,0,1,0.0,0.0,0.0,2.0,0,1,1,1,10000.0,0.0026041666666667407,0.002038666615408879,,False,2026-10-16,0.020723762900331916,-0.02486164121980656,0.39495980815791676,0.0,True,next_open_gap_checked
DRTS,2026-09-16,14.88,15.2,14.73,15.04,15.04,670968.0,0.0114324142568931,0.0422730422730421,0.0539593552908199,0.0773638968481373,0.0546984572230013,0.4995014955134595,0.0139319671561834,0.0213881562845765,0.0404394678009687,1.0609398272166817,0.990394169847613,0.0006724949562879,0.0315860215053762,15.2,3.43,-0.0105263157894737,3.3848396501457723,10091358.72,9183566.4615,15.04,15.15,,,,,,,,0,,0,0,0,0,0,0,,,0.0,0.0,0,0.0,0,0,0,0,0.0,0.0,0.0,0.0,0,0,0,0,0.0,0.0,0.0,0.0,0,0,0,0,0.0,0.0,0.0,0.0,0,0,0,0,0.0,0.0,0.0,0.0,0,0,0,0,0.0,0.0,0.0,0.0,0,0,0,0,0.0,0.0,0.0,0.0,0,0,0,0,0.0,0.0,0.0,0.0,0,0,0,0,0.0,0.0,0.0,0.0,0,0,0,0,0.0,0.0,0.0,0.0,0,0,0,0,10000.0,0.007313829787234161,0.001088901576737394,,False,2026-10-16,0.004115181018112375,-0.012764690837191098,0.4369234794704792,0.0,True,next_open_gap_checked
DTG,2026-09-16,15.8,16.25,15.65,16.25,16.25,40205.0,0.0258838383838384,0.0310913705583757,0.0337150127226462,0.0314185972707077,0.0207286432160804,-0.0407319952774498,0.0139348296265228,0.0102423697016579,0.0074936882965658,1.170468274647375,1.160346482932714,-0.0025252525252524,0.0379746835443037,18.95,15.45,-0.1424802110817942,0.0517799352750809,653331.25,543459.9012500001,16.25,16.22,,,,,,,,0,,0,0,0,0,0,0,7.0,2378.0,1.0,1.0,1,8.0,0,0,0,0,0.0,0.0,0.0,0.0,0,0,0,0,0.0,0.0,0.0,0.0,0,0,0,1,0.0,0.0,0.0,2.0,0,0,0,0,0.0,0.0,0.0,0.0,0,0,0,0,0.0,0.0,0.0,0.0,0,0,0,0,0.0,0.0,0.0,0.0,0,0,0,1,0.0,0.0,0.0,1.0,0,0,0,1,0.0,0.0,0.0,2.0,0,0,0,0,0.0,0.0,0.0,0.0,0,0,0,1,10000.0,-0.0018461538461539417,0.018400621604278845,,False,2026-10-16,0.009488407777484456,-0.025773301442386865,0.221598430754618,0.0,True,next_open_gap_checked
DXC,2026-09-16,11.84,11.85,11.565,11.58,11.58,2257752.0,-0.0382059800664451,0.0166812993854257,0.0575342465753425,0.0376344086021505,0.1028571428571427,0.3985507246376814,0.0386733188081254,0.0286072480450659,0.0328904393195532,1.0390322813272157,0.6054937456192087,-0.016611295681063,0.0240709459459459,15.68,7.9,-0.2614795918367346,0.4658227848101266,26144768.16,24431048.5575,11.58,11.64,,,,,,,,0,,0,0,0,0,0,0,47.0,3604.0,0.0,1.0,1,8.0,0,0,0,0,0.0,0.0,0.0,0.0,0,0,0,1,0.0,0.0,0.0,3.0,0,0,0,0,0.0,0.0,0.0,0.0,0,0,0,0,0.0,0.0,0.0,0.0,0,0,0,0,0.0,0.0,0.0,0.0,0,0,0,0,0.0,0.0,0.0,0.0,0,0,0,1,0.0,0.0,0.0,392.0,0,0,0,1,0.0,0.0,0.0,1.0,0,0,0,0,0.0,0.0,0.0,0.0,0,0,0,1,10000.0,0.005181347150259086,0.0004093152193801414,,False,2026-10-16,0.02050440908115322,-0.010545189111972126,0.3841107531627771,0.0,True,next_open_gap_checked
EARN,2026-09-16,4.18,4.18,4.1,4.15,4.15,417055.0,-0.0024038461538461,-0.0393518518518518,-0.0393518518518518,-0.0371229698375867,-0.052511415525114,-0.0481651376146788,0.0151290848687277,0.0118294241203747,0.0127852864381736,1.0759182053987202,1.0480724982883112,0.0048076923076922,0.0191387559808612,5.765,4.1,-0.280138768430182,0.0121951219512197,1730778.2500000002,1685262.473,4.15,4.16,,,,,,,,0,,0,0,0,0,0,0,7.0,516.0,1.0,1.0,1,8.0,0,0,0,0,0.0,0.0,0.0,0.0,0,0,0,1,0.0,0.0,0.0,16.0,0,0,0,0,0.0,0.0,0.0,0.0,0,0,0,0,0.0,0.0,0.0,0.0,0,0,0,0,0.0,0.0,0.0,0.0,0,0,0,1,0.0,0.0,0.0,1.0,0,0,0,1,0.0,0.0,0.0,1.0,0,0,0,1,0.0,0.0,0.0,1.0,0,0,0,0,0.0,0.0,0.0,0.0,0,0,0,1,10000.0,0.00240963855421672,0.005933793791894398,,False,2026-10-16,0.01743688001201955,-0.023946762595684172,0.30492551524614403,0.0,True,next_open_gap_checked
EBAY,2026-09-16,107.44,109.68,106.055,109.17,109.17,4649809.0,0.0105526242710358,0.0131786542923433,0.0546807071780504,0.0399123642598588,0.0674684658257553,0.0403087478559176,0.0125305313009424,0.0172559258596483,0.0202927010787274,1.076688667986008,1.1605555926800692,-0.0054614458946589,0.0337397617274758,119.31,78.03,-0.0849886849383957,0.3990772779700116,507619648.53,454614757.7974999,109.17,109.27,,,,,,,,0,,0,0,0,0,0,0,41.0,1178.0,0.0,1.0,1,8.0,0,0,0,1,0.0,0.0,0.0,1.0,0,0,0,0,0.0,0.0,0.0,0.0,0,0,0,0,0.0,0.0,0.0,0.0,0,0,0,0,0.0,0.0,0.0,0.0,0,0,0,0,0.0,0.0,0.0,0.0,0,0,0,0,0.0,0.0,0.0,0.0,0,0,0,1,0.0,0.0,0.0,3.0,0,0,0,1,0.0,0.0,0.0,2.0,0,0,0,0,0.0,0.0,0.0,0.0,0,0,0,1,10000.0,0.0009160025648071723,2.1996646233940174e-05,,False,2026-10-16,0.007048722132522126,-0.024012716409663463,0.3575160888240254,0.0,True,next_open_gap_checked
EBMT,2026-09-16,22.42,22.47,21.78,21.94,21.94,18784.0,-0.0304904993371629,-0.0205357142857142,-0.0231522707034728,-0.0157021085688648,-0.0675733106672332,-0.0543103448275861,0.0153233793861843,0.0129510294905215,0.0139885345658729,0.4814126632238553,0.3471273841445723,-0.0092797171895712,0.0307760927743085,24.66,15.8,-0.1103000811030007,0.3886075949367089,412120.96,882347.9135000001,21.94,22.09,,,,,,,,0,,0,0,0,0,0,0,49.0,546.0,0.0,1.0,1,8.0,0,0,0,0,0.0,0.0,0.0,0.0,0,0,0,1,0.0,0.0,0.0,1.0,0,0,0,1,0.0,0.0,0.0,31.0,0,0,0,0,0.0,0.0,0.0,0.0,0,0,0,0,0.0,0.0,0.0,0.0,0,0,0,1,0.0,0.0,0.0,1.0,0,0,0,1,0.0,0.0,0.0,369.0,0,0,0,1,0.0,0.0,0.0,4.0,0,0,0,1,0.0,0.0,0.0,1.0,0,0,0,1,10000.0,0.0068368277119414955,0.011333397911412411,,False,2026-10-16,0.02030697060025728,-0.024825484938659274,0.3205600075255035,0.0,True,next_open_gap_checked
EC,2026-09-16,17.97,18.035,17.44,17.46,17.46,1781958.0,-0.0438116100766703,-0.016338028169014,-0.0207515423443632,0.0005730659025788,-0.0124434389140271,0.0744615384615385,0.0282806921321293,0.0212720430266778,0.0228238833296732,1.099372676502521,0.8417164968882955,-0.0158817086527931,0.0331107401224262,18.38,8.57,-0.0500544069640913,1.0373395565927654,31112986.68,28129376.2485,17.46,17.27,,,,,,,,0,,0,0,0,0,0,0,,,0.0,0.0,0,0.0,0,0,0,0,0.0,0.0,0.0,0.0,0,0,0,0,0.0,0.0,0.0,0.0,0,0,0,0,0.0,0.0,0.0,0.0,0,0,0,0,0.0,0.0,0.0,0.0,0,0,0,0,0.0,0.0,0.0,0.0,0,0,0,0,0.0,0.0,0.0,0.0,0,0,0,0,0.0,0.0,0.0,0.0,0,0,0,0,0.0,0.0,0.0,0.0,0,0,0,0,0.0,0.0,0.0,0.0,0,0,0,0,10000.0,-0.010882016036655284,0.00035550023973721247,,False,2026-10-16,0.004115181018112375,-0.018172645932489597,0.43119034908473153,0.0,True,next_open_gap_checked
ECCV,2026-09-16,23.95,23.95,23.8,23.89,23.89,2570.0,-0.0016715419974926,-0.0107660455486541,-0.0217035217035217,-0.0126059103120479,-0.0107660455486541,0.0061065487471045,0.0038729121408583,0.0038404911091239,0.0032811325234588,0.7426350541083322,0.783516678946165,0.0008357709987463,0.0062630480167014,24.42,23.06,-0.0217035217035217,0.0359930615784909,61397.3,83770.36899999999,23.89,23.85,,,,,,,,0,,0,0,0,0,0,0,1.0,209.95833333333337,1.0,1.0,1,8.0,0,0,0,0,0.0,0.0,0.0,0.0,0,0,0,1,0.0,0.0,0.0,5.0,0,0,0,0,0.0,0.0,0.0,0.0,0,0,0,0,0.0,0.0,0.0,0.0,0,0,0,0,0.0,0.0,0.0,0.0,0,0,0,0,0.0,0.0,0.0,0.0,0,0,0,1,0.0,0.0,0.0,1.0,0,0,0,1,0.0,0.0,0.0,3.0,0,0,0,1,0.0,0.0,0.0,1.0,0,0,0,1,10000.0,-0.001674340728338164,0.11937395190416317,,False,2026-10-16,0.011719370782971113,-0.025773301442386865,0.11779256062894328,0.0,False,next_open_gap_checked
ECF,2026-09-16,11.98,12.19,11.97,12.09,12.09,15321.0,-0.0057565789473684,-0.0335731414868105,-0.0381861575178997,-0.0082034454470877,-0.05546875,-0.0930232558139535,0.0096904608888691,0.0085064336798076,0.0108887334086805,0.6021802059935031,0.739060139585777,-0.0148026315789473,0.0183639398998329,13.845,10.705,-0.1267605633802817,0.1293787949556282,185230.89,315622.573,12.09,12.13,,,,,,,,0,,0,0,0,0,0,0,180.0,180.0,0.0,0.0,0,8.0,0,0,0,0,0.0,0.0,0.0,0.0,0,0,0,1,0.0,0.0,0.0,2.0,0,0,0,0,0.0,0.0,0.0,0.0,0,0,0,0,0.0,0.0,0.0,0.0,0,0,0,0,0.0,0.0,0.0,0.0,0,0,0,1,0.0,0.0,0.0,4.0,0,0,0,1,0.0,0.0,0.0,8.0,0,0,0,1,0.0,0.0,0.0,8.0,0,0,0,0,0.0,0.0,0.0,0.0,0,0,0,1,10000.0,0.003308519437551727,0.031683411946584694,,False,2026-10-16,0.012850477475150602,-0.025773301442386865,0.3214981626606468,0.0,False,next_open_gap_checked
ECHO,2026-09-16,91.92,95.11,91.69,93.46,93.46,3209117.0,0.0147665580890337,0.0034356882112946,0.0234340779675865,0.0862389586238956,0.0384444444444442,-0.1216165413533835,0.0138372804291533,0.0172040687414698,0.0245135277774144,1.232079469107905,0.6631614462751734,-0.0019543973941367,0.0372062663185378,147.252,65.76,-0.3653057343873089,0.4212287104622869,299924074.82,232669532.854,93.46,94.92,,,,,,,,0,,0,0,0,0,0,0,37.0,37.0,0.0,1.0,1,8.0,0,0,0,0,0.0,0.0,0.0,0.0,0,0,0,0,0.0,0.0,0.0,0.0,0,0,0,0,0.0,0.0,0.0,0.0,0,0,0,1,0.0,0.0,0.0,1.0,0,0,0,0,0.0,0.0,0.0,0.0,0,0,0,0,0.0,0.0,0.0,0.0,0,1,1,1,0.0,1.0,1.0,40.0,0,1,1,1,0.0,2.0,2.0,2.0,0,0,0,1,0.0,0.0,0.0,1.0,0,1,1,1,10000.0,0.01562165632356094,4.2979413236175594e-05,,False,2026-10-16,0.007925993800297779,-0.016040989389959473,0.3925047695000353,0.0,True,next_open_gap_checked
ECO,2026-09-16,82.49,87.11,82.344,84.74,84.74,1080043.0,0.0242959023328899,0.1128036769533813,0.1823636109948374,0.2469099470276634,0.3661131710462677,0.5410074559010727,0.0127897251768031,0.0243673987302005,0.0294174057569523,1.846633767688188,2.022237611697655,-0.0029010032636287,0.0577767002060856,87.11,27.74,-0.0272069796808632,2.054794520547945,91522843.82,42127157.7405,84.74,85.66,,,,,,,,0,,0,0,0,0,0,0,,,0.0,0.0,0,0.0,0,0,0,0,0.0,0.0,0.0,0.0,0,0,0,0,0.0,0.0,0.0,0.0,0,0,0,0,0.0,0.0,0.0,0.0,0,0,0,0,0.0,0.0,0.0,0.0,0,0,0,0,0.0,0.0,0.0,0.0,0,0,0,0,0.0,0.0,0.0,0.0,0,0,0,0,0.0,0.0,0.0,0.0,0,0,0,0,0.0,0.0,0.0,0.0,0,0,0,0,0.0,0.0,0.0,0.0,0,0,0,0,10000.0,0.01085673825820166,0.00023737656505571104,,False,2026-10-16,0.004115181018112375,-0.014023266430119682,0.43497888174289306,0.0,True,next_open_gap_checked
EDU,2026-09-16,55.63,56.39,55.57,55.82,55.82,525778.0,-0.0078208318521151,0.0,0.005947017480627,-0.0548594649508974,0.0238444607483492,0.2333186036235086,0.0177181090021929,0.0221000755877319,0.0290216835102355,0.8622238796155219,0.7602971761326397,-0.0111980092428012,0.0147402480675894,64.97,44.25,-0.1408342311836231,0.2614689265536722,29348927.96,34981258.1035,55.82,55.51,,,,,,,,0,,0,0,0,0,0,0,,,0.0,0.0,0,0.0,0,0,0,0,0.0,0.0,0.0,0.0,0,0,0,0,0.0,0.0,0.0,0.0,0,0,0,0,0.0,0.0,0.0,0.0,0,0,0,0,0.0,0.0,0.0,0.0,0,0,0,0,0.0,0.0,0.0,0.0,0,0,0,0,0.0,0.0,0.0,0.0,0,0,0,0,0.0,0.0,0.0,0.0,0,0,0,0,0.0,0.0,0.0,0.0,0,0,0,0,0.0,0.0,0.0,0.0,0,0,0,0,10000.0,-0.005553565030455121,0.00028586736275787244,,False,2026-10-16,0.004115181018112375,-0.015997881873079062,0.43680807012195255,0.0,True,next_open_gap_checked
EIG,2026-09-16,49.68,50.51,49.4,50.02,50.02,169415.0,0.0022039671408535,0.0072492952074105,0.019983686786297,0.0183224755700326,0.0332575914067343,0.0752364574376611,0.0068954630388704,0.0079737334912579,0.0140890299684922,1.2927247178901,0.9025574636864664,-0.0046082949308755,0.0223429951690821,52.59,35.73,-0.0488686061988971,0.3999440246291634,8474138.3,6447763.8695,50.02,50.38,,,,,,,,0,,0,0,0,0,0,0,48.0,1251.0,0.0,1.0,1,8.0,0,0,0,0,0.0,0.0,0.0,0.0,0,0,0,0,0.0,0.0,0.0,0.0,0,0,0,0,0.0,0.0,0.0,0.0,0,0,0,0,0.0,0.0,0.0,0.0,0,0,0,0,0.0,0.0,0.0,0.0,0,0,0,0,0.0,0.0,0.0,0.0,0,0,0,1,0.0,0.0,0.0,3.0,0,0,0,1,0.0,0.0,0.0,9.0,0,0,0,0,0.0,0.0,0.0,0.0,0,0,0,1,10000.0,0.007197121151539365,0.0015509252823763013,,False,2026-10-16,0.022682219580902017,-0.02465291489136744,0.28762987794877903,0.0,True,next_open_gap_checked
ELPW,2026-09-16,2.75,2.804,2.541,2.62,2.62,40535.0,-0.0472727272727272,-0.0437956204379562,-0.0626118067978532,-0.1987767584097859,-0.324742268041237,-0.9402235911476158,0.0264030916776321,0.0499019502130078,0.1370832370297189,0.4826500206884029,0.0715489859760339,0.0,0.0956363636363636,54972.055,2.541,-0.9999523394204564,0.031090121999213,106201.7,303919.958,2.62,2.58,,,,,,,,0,,0,0,0,0,0,0,,,0.0,0.0,0,0.0,0,0,0,0,0.0,0.0,0.0,0.0,0,0,0,0,0.0,0.0,0.0,0.0,0,0,0,0,0.0,0.0,0.0,0.0,0,0,0,0,0.0,0.0,0.0,0.0,0,0,0,0,0.0,0.0,0.0,0.0,0,0,0,0,0.0,0.0,0.0,0.0,0,0,0,0,0.0,0.0,0.0,0.0,0,0,0,0,0.0,0.0,0.0,0.0,0,0,0,0,0.0,0.0,0.0,0.0,0,0,0,0,10000.0,-0.01526717557251911,0.032903400177490154,,False,2026-10-16,0.004115181018112375,-0.10353098859009421,0.29298308735836004,0.0,False,next_open_gap_checked
ELVN,2026-09-16,53.7,54.125,48.42,49.12,49.12,2914695.0,-0.0794602698650674,-0.0957290132547865,-0.1449956483899043,-0.1510542689249914,-0.1822873314466456,0.0687554395126195,0.0302917876110889,0.0239242062462503,0.0259134926665952,2.87953714722411,2.474658942092737,0.0063718140929536,0.1062383612662941,62.32,14.785,-0.2118100128369705,2.322286100777815,143169818.4,57708243.276999995,49.12,49.58,,,,,,,,0,,0,0,0,0,0,0,41.0,278.9583333333333,0.0,1.0,1,8.0,0,0,0,0,0.0,0.0,0.0,0.0,0,0,0,0,0.0,0.0,0.0,0.0,0,0,0,1,0.0,0.0,0.0,14.0,0,0,0,0,0.0,0.0,0.0,0.0,0,0,0,0,0.0,0.0,0.0,0.0,0,0,0,0,0.0,0.0,0.0,0.0,0,0,0,1,0.0,0.0,0.0,18.0,0,0,0,0,0.0,0.0,0.0,0.0,0,0,0,0,0.0,0.0,0.0,0.0,0,0,0,1,10000.0,0.009364820846905486,0.00017328546897537543,,False,2026-10-16,0.025242888059561992,-0.01566102652681787,0.4145878510425049,0.0,True,next_open_gap_checked
ENVB,2026-09-16,1.45,1.54,1.45,1.49,1.49,51275.0,0.0205479452054795,0.0492957746478874,0.0240549828178693,0.0875912408759123,0.1037037037037036,0.1203007518796992,0.027496906436419,0.0309054382236865,0.0384423920755308,0.6727815103502073,0.4546462810554887,-0.0068493150684931,0.0620689655172414,13.25,1.17,-0.8875471698113208,0.2735042735042736,76399.75,106585.16475000004,1.49,1.493,,,,,,,,0,,0,0,0,0,0,0,30.0,2295.0,0.0,1.0,1,8.0,0,0,0,0,0.0,0.0,0.0,0.0,0,0,0,0,0.0,0.0,0.0,0.0,0,0,0,1,0.0,0.0,0.0,11.0,0,0,0,0,0.0,0.0,0.0,0.0,0,0,0,0,0.0,0.0,0.0,0.0,0,0,0,0,0.0,0.0,0.0,0.0,0,0,0,1,0.0,0.0,0.0,6.0,0,0,0,1,0.0,0.0,0.0,20.0,0,0,0,1,0.0,0.0,0.0,5.0,0,0,0,1,10000.0,0.002013422818792021,0.09382168731882545,,False,2026-10-16,0.01874038480850293,-0.013497837512826986,0.39902898880779075,0.0,False,next_open_gap_checked
EPM,2026-09-16,3.85,3.89,3.61,3.63,3.63,1114863.0,-0.0162601626016259,-0.0241935483870968,-0.0162601626016259,-0.0162601626016259,-0.0522193211488251,-0.047244094488189,0.0268564004552838,0.0374935465727858,0.0274323505721023,1.438107223487654,2.335130685642313,0.043360433604336,0.0727272727272728,5.7,3.19,-0.3631578947368421,0.1379310344827586,4046952.69,2749388.1224999996,3.63,3.64,,,,,,,,0,,0,0,0,0,0,0,0.0,1624.0,1.0,1.0,1,8.0,0,0,0,0,0.0,0.0,0.0,0.0,0,0,0,0,0.0,0.0,0.0,0.0,0,0,0,0,0.0,0.0,0.0,0.0,0,0,0,0,0.0,0.0,0.0,0.0,0,0,0,0,0.0,0.0,0.0,0.0,0,0,0,0,0.0,0.0,0.0,0.0,0,0,0,1,0.0,0.0,0.0,3.0,0,0,0,0,0.0,0.0,0.0,0.0,0,0,0,0,0.0,0.0,0.0,0.0,0,0,0,1,10000.0,0.0027548209366392573,0.0036371729106427757,,False,2026-10-16,0.016636040022208084,-0.010641470313733609,0.41376167920857715,0.0,True,next_open_gap_checked
EPOW,2026-09-16,6.69,7.23,6.425,6.805,6.805,15226.0,0.0022091310751104,-0.1504369538077403,-0.2353932584269663,-0.3964523281596452,-0.4489878542510122,-0.5323024054982819,0.0381401634110484,0.0506859610110745,0.0589552703097765,0.0770643474141358,0.2025924362918017,-0.0147275405007363,0.1203288490284006,46.5,6.425,-0.8536559139784946,0.0591439688715953,103612.93,2304046.2863000003,6.805,6.75,,,,,,,,0,,0,0,0,0,0,0,,,0.0,0.0,0,0.0,0,0,0,0,0.0,0.0,0.0,0.0,0,0,0,0,0.0,0.0,0.0,0.0,0,0,0,0,0.0,0.0,0.0,0.0,0,0,0,0,0.0,0.0,0.0,0.0,0,0,0,0,0.0,0.0,0.0,0.0,0,0,0,0,0.0,0.0,0.0,0.0,0,0,0,0,0.0,0.0,0.0,0.0,0,0,0,0,0.0,0.0,0.0,0.0,0,0,0,0,0.0,0.0,0.0,0.0,0,0,0,0,10000.0,-0.008082292432035176,0.004340190585345707,,False,2026-10-16,0.004115181018112375,-0.017566496413572743,0.411316463678493,0.0,True,next_open_gap_checked
EPRX,2026-09-16,8.12,8.25,8.0,8.09,8.09,197602.0,-0.002466091245376,-0.0391923990498812,0.0012376237623761,0.27602523659306,0.1810218978102189,0.2183734939759036,0.0327831392250031,0.0594641256312124,0.0439503537866653,0.3678176238700798,0.4618807151365107,0.0012330456226881,0.0307881773399014,9.32,5.16,-0.1319742489270386,0.567829457364341,1598600.18,4176505.64025,8.09,8.3,,,,,,,,0,,0,0,0,0,0,0,,,0.0,0.0,0,0.0,0,0,0,0,0.0,0.0,0.0,0.0,0,0,0,0,0.0,0.0,0.0,0.0,0,0,0,0,0.0,0.0,0.0,0.0,0,0,0,0,0.0,0.0,0.0,0.0,0,0,0,0,0.0,0.0,0.0,0.0,0,0,0,0,0.0,0.0,0.0,0.0,0,0,0,0,0.0,0.0,0.0,0.0,0,0,0,0,0.0,0.0,0.0,0.0,0,0,0,0,0.0,0.0,0.0,0.0,0,0,0,0,10000.0,0.02595797280593337,0.0023943461020685735,,False,2026-10-16,0.004115181018112375,-0.013404976915804294,0.4199799031629317,0.0,True,next_open_gap_checked
EPSM,2026-09-16,1.4,1.4,1.3,1.32,1.32,14320.0,0.0,-0.0294117647058823,-0.0364963503649635,-0.095890410958904,-0.089655172413793,-0.0222222222222222,0.007408379359618,0.0396467538242126,0.0384723320619461,0.587137907706185,0.4266598867206083,0.0606060606060605,0.0714285714285713,42.51,0.83,-0.9689484827099506,0.5903614457831328,18902.4,33922.70175,1.32,1.38,,,,,,,,0,,0,0,0,0,0,0,,,0.0,0.0,0,0.0,0,0,0,0,0.0,0.0,0.0,0.0,0,0,0,0,0.0,0.0,0.0,0.0,0,0,0,0,0.0,0.0,0.0,0.0,0,0,0,0,0.0,0.0,0.0,0.0,0,0,0,0,0.0,0.0,0.0,0.0,0,0,0,0,0.0,0.0,0.0,0.0,0,0,0,0,0.0,0.0,0.0,0.0,0,0,0,0,0.0,0.0,0.0,0.0,0,0,0,0,0.0,0.0,0.0,0.0,0,0,0,0,10000.0,0.045454545454545414,0.2947878407120093,,False,2026-10-16,0.004115181018112375,-0.016171608064045957,0.4067340847398343,0.0,False,next_open_gap_checked
EQH,2026-09-16,53.83,54.795,52.86,53.88,53.88,3223502.0,-0.0016675931072817,0.0101237345331832,0.0343636014590131,0.0915721231766613,0.059795436664044,0.1978657180969321,0.0058162622165839,0.0171940141077145,0.0201542138380523,1.2865031831505265,1.1135585342909604,-0.0025940337224383,0.0359464982351848,55.15,35.195,-0.0230281051677243,0.530899275465265,173682287.76000002,129100552.1575,53.88,54.33,,,,,,,,0,,0,0,0,0,0,0,37.0,37.0,0.0,1.0,1,8.0,0,0,0,0,0.0,0.0,0.0,0.0,0,0,0,1,0.0,0.0,0.0,2.0,0,0,0,1,0.0,0.0,0.0,6.0,0,0,0,0,0.0,0.0,0.0,0.0,0,0,0,0,0.0,0.0,0.0,0.0,0,0,0,0,0.0,0.0,0.0,0.0,0,0,0,1,0.0,0.0,0.0,6.0,0,1,1,1,0.0,1.0,1.0,3.0,0,0,0,0,0.0,0.0,0.0,0.0,0,1,1,1,10000.0,0.008351893095768226,7.745900255949493e-05,,False,2026-10-16,0.024312701907967475,-0.024012716409663463,0.32010480765214905,0.0,True,next_open_gap_checked
ERH,2026-09-16,10.82,10.895,10.65,10.65,10.65,23531.0,-0.0129749768303983,-0.0508021390374331,-0.0666082383873795,-0.0583554376657825,-0.0842648323301805,-0.0920716112531969,0.0081001132019786,0.0089157104322781,0.0081366230600349,0.844937413373358,0.8689609839681727,0.0027803521779425,0.0226432532347503,13.07,10.65,-0.1851568477429227,0.0,250605.15,315349.9326,10.65,10.81,,,,,,,,0,,0,0,0,0,0,0,327.0,327.0,0.0,0.0,0,8.0,0,0,0,0,0.0,0.0,0.0,0.0,0,0,0,1,0.0,0.0,0.0,48.0,0,0,0,1,0.0,0.0,0.0,6.0,0,0,0,0,0.0,0.0,0.0,0.0,0,0,0,0,0.0,0.0,0.0,0.0,0,0,0,0,0.0,0.0,0.0,0.0,0,0,0,1,0.0,0.0,0.0,5.0,0,0,0,1,0.0,0.0,0.0,8.0,0,0,0,0,0.0,0.0,0.0,0.0,0,0,0,1,10000.0,0.015023474178403662,0.03171080430413258,,False,2026-10-16,0.009755401661139942,-0.02452040717496095,0.3581147016545709,0.0,False,next_open_gap_checked
EROK,2026-09-16,24.35,24.405,23.66,23.89,23.89,95184.0,-0.0209016393442622,-0.0557312252964427,-0.0885158336512781,-0.0531113753468093,-0.0740310077519379,0.1327643432906591,0.0255452111969654,0.0231855772380697,0.0283417203794959,0.7841767396491043,0.5228278536121558,-0.0020491803278687,0.0305954825462012,27.42,19.75,-0.1287381473377097,0.209620253164557,2273945.76,3093933.0245000003,23.89,23.81,,,,,,,,0,,0,0,0,0,0,0,0.0,0.0,1.0,4.0,6,6.0,0,0,0,0,0.0,0.0,0.0,0.0,0,0,0,0,0.0,0.0,0.0,0.0,1,1,1,1,5.0,5.0,14.0,14.0,0,0,0,0,0.0,0.0,0.0,0.0,0,0,0,0,0.0,0.0,0.0,0.0,0,0,0,0,0.0,0.0,0.0,0.0,0,1,1,1,0.0,2.0,8.0,8.0,0,0,1,1,0.0,0.0,1.0,1.0,0,0,1,1,0.0,0.0,8.0,8.0,1,1,1,1,10000.0,-0.00334868145667655,0.0032321320212211333,,False,2026-10-16,0.013722854744559237,-0.010925398382919933,0.38016533264164154,0.0,True,next_open_gap_checked
ETN,2026-09-16,397.65,403.323,393.6,397.8,397.8,1809237.0,0.0137614678899082,-0.0648141617885604,-0.0419536631183469,0.0181464513321902,-0.0777363039899844,-0.0871540685667079,0.0430409809540377,0.0269969965097983,0.0310320642472675,0.971750915986219,0.8346636172655025,0.0133792048929664,0.0244511505092416,478.0,311.915,-0.1677824267782426,0.2753474504271997,719714478.6,757795801.3050001,397.8,415.08,,,,,,,,0,,0,0,0,0,0,0,47.0,915.0,0.0,1.0,1,8.0,0,0,0,0,0.0,0.0,0.0,0.0,0,0,0,0,0.0,0.0,0.0,0.0,0,0,0,1,0.0,0.0,0.0,1.0,0,0,0,0,0.0,0.0,0.0,0.0,0,0,0,0,0.0,0.0,0.0,0.0,0,0,0,1,0.0,0.0,0.0,3.0,0,0,0,1,0.0,0.0,0.0,4.0,0,0,0,1,0.0,0.0,0.0,5.0,0,0,0,0,0.0,0.0,0.0,0.0,0,0,0,1,10000.0,0.04343891402714917,1.3196167071365401e-05,,False,2026-10-16,0.006941046227070337,-0.014440555103446653,0.422437266780368,0.0,True,next_open_gap_checked
ETY,2026-09-16,13.92,14.05,13.78,13.89,13.89,209042.0,0.0,-0.0211416490486257,-0.0286713286713287,-0.0300279329608937,-0.0486301369863012,-0.0347463516330784,0.0086176642793524,0.0073362364742846,0.0079555043163452,0.7025256941676542,0.7709069256065708,0.0021598272138227,0.019396551724138,16.009,13.12,-0.1323630457867449,0.058689024390244,2903593.38,4259068.7845,13.89,14.0,,,,,,,,0,,0,0,0,0,0,0,85.0,85.0,0.0,1.0,1,8.0,0,0,0,0,0.0,0.0,0.0,0.0,0,0,0,1,0.0,0.0,0.0,4.0,0,0,0,0,0.0,0.0,0.0,0.0,0,0,0,0,0.0,0.0,0.0,0.0,0,0,0,0,0.0,0.0,0.0,0.0,0,0,0,0,0.0,0.0,0.0,0.0,0,1,1,1,0.0,7.0,7.0,29.0,0,1,1,1,0.0,1.0,1.0,12.0,0,0,0,0,0.0,0.0,0.0,0.0,0,1,1,1,10000.0,0.007919366450683807,0.0023479310868124346,,False,2026-10-16,0.008704756057486785,-0.02465291489136744,0.29899946587850135,0.0,True,next_open_gap_checked
EVN,2026-09-16,10.2,10.25,10.1,10.15,10.15,116638.0,0.0014800197335964,-0.0259117082533588,-0.0277777777777776,-0.0433553251649386,-0.055813953488372,-0.0730593607305934,0.0103833166299739,0.008300955614888,0.0072155221554789,1.7884175591146996,1.5860735711064224,0.0064134188455846,0.0147058823529412,11.26,10.09,-0.0985790408525754,0.0059464816650149,1183875.7,688796.517,10.15,10.25,,,,,,,,0,,0,0,0,0,0,0,231.95833333333337,231.95833333333337,0.0,0.0,0,8.0,0,0,0,0,0.0,0.0,0.0,0.0,0,0,0,1,0.0,0.0,0.0,102.0,0,0,0,0,0.0,0.0,0.0,0.0,0,0,0,0,0.0,0.0,0.0,0.0,0,0,0,0,0.0,0.0,0.0,0.0,0,0,0,0,0.0,0.0,0.0,0.0,0,0,0,1,0.0,0.0,0.0,51.0,0,0,0,1,0.0,0.0,0.0,14.0,0,0,0,0,0.0,0.0,0.0,0.0,0,0,0,1,10000.0,0.009852216748768461,0.014518075735275532,,False,2026-10-16,0.009755401661139942,-0.025773301442386865,0.3239998380091073,0.0,True,next_open_gap_checked
EW,2026-09-16,84.99,89.7,84.84,89.28,89.28,4876658.0,0.0412876137158852,0.0581960412468887,0.0359712230215827,-0.0160899272647122,-0.0186854253682128,0.03959012575687,0.024697854185951,0.0166017874937167,0.0154978900557698,1.647523713403878,1.2160101140304085,-0.0087473757872638,0.0571831980232968,96.29,72.3,-0.0728009139059092,0.2348547717842324,435388026.24,263173370.3765,89.28,89.21,,,,,,,,0,,0,0,0,0,0,0,16.0,2687.0,1.0,1.0,1,8.0,0,0,0,0,0.0,0.0,0.0,0.0,0,0,0,0,0.0,0.0,0.0,0.0,0,0,0,0,0.0,0.0,0.0,0.0,0,0,0,0,0.0,0.0,0.0,0.0,0,0,0,0,0.0,0.0,0.0,0.0,0,0,0,0,0.0,0.0,0.0,0.0,0,0,0,0,0.0,0.0,0.0,0.0,0,0,0,1,0.0,0.0,0.0,2.0,0,0,0,0,0.0,0.0,0.0,0.0,0,0,0,1,10000.0,-0.0007840501792115706,3.7997765449041596e-05,,False,2026-10-16,0.006559747652768129,-0.02465291489136744,0.3245464980375597,0.0,True,next_open_gap_checked
EXFY,2026-09-16,2.29,2.35,2.24,2.3,2.3,623289.0,-0.0043290043290044,0.0648148148148146,0.0043668122270741,-0.0763052208835343,-0.0170940170940171,0.4024390243902438,0.0351209115837989,0.0291302382379393,0.0633685607571935,0.9788977303950596,0.5315691449581152,-0.0086580086580086,0.0480349344978165,2.81,0.6907,-0.1814946619217082,2.329955117996235,1433564.7,1562418.799,2.3,2.3,,,,,,,,0,,0,0,0,0,0,0,40.0,156.0,0.0,1.0,2,8.0,0,0,0,0,0.0,0.0,0.0,0.0,0,0,0,0,0.0,0.0,0.0,0.0,0,0,0,0,0.0,0.0,0.0,0.0,0,0,0,0,0.0,0.0,0.0,0.0,0,0,0,0,0.0,0.0,0.0,0.0,0,0,0,0,0.0,0.0,0.0,0.0,0,0,0,0,0.0,0.0,0.0,0.0,0,0,1,1,0.0,0.0,1.0,1.0,0,0,0,0,0.0,0.0,0.0,0.0,0,0,1,1,10000.0,0.0,0.006400332616581631,,False,2026-10-16,0.025829799209005005,-0.0023576712218732064,0.43582713021632513,0.0,True,next_open_gap_checked
EXTR,2026-09-16,22.21,22.4,21.64,21.89,21.89,1219793.0,-0.0072562358276644,-0.0139639639639639,0.0200372786579683,0.0050505050505049,-0.0783157894736842,-0.3127158555729984,0.0295175416133527,0.0225924534948041,0.0372813607747271,0.9405254566534444,0.6908090596784846,0.0072562358276644,0.034218820351193,33.73,13.475,-0.3510228283427216,0.6244897959183675,26701268.77,28824263.8335,21.89,22.42,,,,,,,,0,,0,0,0,0,0,0,20.0,716.0,1.0,1.0,1,8.0,0,0,0,0,0.0,0.0,0.0,0.0,0,0,0,1,0.0,0.0,0.0,1.0,0,0,0,1,0.0,0.0,0.0,1.0,0,0,0,0,0.0,0.0,0.0,0.0,0,0,0,0,0.0,0.0,0.0,0.0,0,0,0,0,0.0,0.0,0.0,0.0,0,0,0,1,0.0,0.0,0.0,20.0,0,0,0,1,0.0,0.0,0.0,2.0,0,0,0,0,0.0,0.0,0.0,0.0,0,0,0,1,10000.0,0.02421196893558708,0.0003469299357570356,,False,2026-10-16,0.01367516819619601,-0.00952147492467239,0.43318681204270915,0.0,True,next_open_gap_checked
FAST,2026-09-16,49.6,49.78,48.73,49.03,49.03,5998933.0,-0.0076907508601496,-0.0058799675587996,0.0049190407870465,0.0057435897435897,-0.043690267212795,0.063096270598439,0.0054962854895846,0.0129960362069748,0.0144568692232551,1.0213388222806932,0.7854112214168133,0.0038453754300749,0.0211693548387097,52.915,38.97,-0.0734196352641027,0.2581472927893251,294127684.99,292012388.45124996,49.03,49.48,,,,,,,,0,,0,0,0,0,0,0,64.0,1663.9583333333333,0.0,1.0,1,8.0,0,0,0,0,0.0,0.0,0.0,0.0,0,0,0,0,0.0,0.0,0.0,0.0,0,0,0,0,0.0,0.0,0.0,0.0,0,0,0,0,0.0,0.0,0.0,0.0,0,0,0,0,0.0,0.0,0.0,0.0,0,0,0,0,0.0,0.0,0.0,0.0,0,0,0,1,0.0,0.0,0.0,2.0,0,0,0,1,0.0,0.0,0.0,7.0,0,0,0,0,0.0,0.0,0.0,0.0,0,0,0,1,10000.0,0.009178054252498402,3.42451224519519e-05,,False,2026-10-16,0.00960554691542449,-0.02465291489136744,0.3447492543580491,0.0,True,next_open_gap_checked
FBK,2026-09-16,54.78,54.81,53.0,54.15,54.15,751272.0,-0.0095116151454179,-0.0111395178962746,-0.0098738343390016,-0.0245000900738605,-0.1130221130221129,0.0061315496098104,0.0076677993456242,0.0126861778349395,0.0126353151498203,2.0204002682313766,1.9583886637055277,0.0020120724346075,0.0330412559328222,62.655,49.24,-0.1357433564759397,0.0997156783103168,40681378.8,20883818.633,54.15,54.61,,,,,,,,0,,0,0,0,0,0,0,495.0,495.0,0.0,0.0,0,7.0,0,0,0,0,0.0,0.0,0.0,0.0,0,0,0,1,0.0,0.0,0.0,5.0,0,0,0,1,0.0,0.0,0.0,1.0,0,0,0,0,0.0,0.0,0.0,0.0,0,0,0,0,0.0,0.0,0.0,0.0,0,0,0,0,0.0,0.0,0.0,0.0,0,0,0,1,0.0,0.0,0.0,285.0,0,0,0,1,0.0,0.0,0.0,2.0,0,0,0,0,0.0,0.0,0.0,0.0,0,0,0,1,10000.0,0.008494921514312193,0.00047883963061230055,,False,2026-10-16,0.019906325255687408,-0.02465291489136744,0.3712436919094029,0.0,True,next_open_gap_checked
FCAP,2026-09-16,61.21,62.205,60.04,61.37,61.37,31785.0,-0.0177656850192061,-0.0204309656823623,-0.0297233201581028,-0.0014643670680117,-0.0397433891409795,-0.0258730158730159,0.0162443235046912,0.0150711210075152,0.0186280020885101,1.8193317955205,2.0864855994092064,-0.020326504481434,0.0353700375755595,71.0,37.64,-0.1356338028169014,0.6304463336875663,1950645.45,1090398.583,61.37,61.37,,,,,,,,0,,0,0,0,0,0,0,51.0,2717.0,0.0,1.0,1,8.0,0,0,0,0,0.0,0.0,0.0,0.0,0,0,0,0,0.0,0.0,0.0,0.0,0,0,0,1,0.0,0.0,0.0,5.0,0,0,0,0,0.0,0.0,0.0,0.0,0,0,0,0,0.0,0.0,0.0,0.0,0,0,0,0,0.0,0.0,0.0,0.0,0,0,0,1,0.0,0.0,0.0,1.0,0,0,0,1,0.0,0.0,0.0,2.0,0,0,0,0,0.0,0.0,0.0,0.0,0,0,0,1,10000.0,0.0,0.009170958359545116,,False,2026-10-16,0.019851601370268625,-0.024012716409663463,0.36832966033962417,0.0,True,next_open_gap_checked
FCEL,2026-09-16,15.8,15.99,15.09,15.5,15.5,4410901.0,0.0163934426229508,-0.0245437382001258,-0.0645745322872661,-0.0925058548009366,-0.2857142857142857,-0.3644936449364494,0.0346371044967675,0.0704603746515248,0.0984725154546336,0.601719261420843,0.4254899506329904,0.0360655737704918,0.0569620253164557,37.88,5.71,-0.5908130939809926,1.7145359019264448,68368965.5,125426506.553,15.5,16.32,,,,,,,,0,,0,0,0,0,0,0,14.0,772.0,1.0,1.0,1,8.0,0,0,0,0,0.0,0.0,0.0,0.0,0,0,0,0,0.0,0.0,0.0,0.0,0,0,0,0,0.0,0.0,0.0,0.0,0,0,0,0,0.0,0.0,0.0,0.0,0,0,0,0,0.0,0.0,0.0,0.0,0,0,0,0,0.0,0.0,0.0,0.0,0,0,0,1,0.0,0.0,0.0,3.0,0,0,0,1,0.0,0.0,0.0,1.0,0,0,0,0,0.0,0.0,0.0,0.0,0,0,0,1,10000.0,0.05290322580645168,7.972796400714882e-05,,False,2026-10-16,0.010005493911447186,-0.008885360110777323,0.4296481799869439,0.0,True,next_open_gap_checked
FCFS,2026-09-16,216.51,220.89,216.51,219.7,219.7,375961.0,0.0193003618817853,-0.0380068307207286,-0.0337335620354488,0.0192057895713488,0.0327159913509447,-0.0401502905325702,0.0211949295255574,0.0315554284042746,0.0254011081460676,0.8273744092517097,0.8187206837375297,0.0045003247657047,0.0202300124705556,238.93,145.42,-0.0804838237140586,0.5107963141246046,82598631.7,101554595.7535,219.7,222.77,,,,,,,,0,,0,0,0,0,0,0,16.0,16.0,1.0,1.0,1,8.0,0,0,0,0,0.0,0.0,0.0,0.0,0,0,0,0,0.0,0.0,0.0,0.0,0,0,0,0,0.0,0.0,0.0,0.0,0,0,0,0,0.0,0.0,0.0,0.0,0,0,0,0,0.0,0.0,0.0,0.0,0,0,0,1,0.0,0.0,0.0,2.0,1,1,1,1,1.0,1.0,1.0,12.0,1,1,1,1,1.0,1.0,1.0,5.0,0,0,0,1,0.0,0.0,0.0,1.0,1,1,1,1,10000.0,0.013973600364133087,9.846920196770472e-05,,False,2026-10-16,0.009039493130646947,-0.016040989389959473,0.40023827749771174,0.0,True,next_open_gap_checked
FDMT,2026-09-16,13.65,14.2,13.545,13.76,13.76,819574.0,0.0095377842993396,0.0447987851176916,-0.0296191819464033,-0.0411149825783971,-0.0652173913043479,0.3205374280230326,0.0352366805727804,0.0428350598629361,0.0478822381023592,0.8995831502818559,0.8838384537354592,0.0014673514306675,0.0479853479853479,16.93,6.467,-0.1872415829887773,1.1277253749806713,11277338.24,13660722.003,13.76,13.93,,,,,,,,0,,0,0,0,0,0,0,33.0,504.0,0.0,1.0,1,8.0,0,0,0,0,0.0,0.0,0.0,0.0,0,0,0,0,0.0,0.0,0.0,0.0,0,0,0,1,0.0,0.0,0.0,1.0,0,0,0,0,0.0,0.0,0.0,0.0,0,0,0,0,0.0,0.0,0.0,0.0,0,0,0,0,0.0,0.0,0.0,0.0,0,0,0,1,0.0,0.0,0.0,1.0,0,0,0,1,0.0,0.0,0.0,3.0,0,0,0,0,0.0,0.0,0.0,0.0,0,0,0,1,10000.0,0.012354651162790775,0.0007320257302508552,,False,2026-10-16,0.023388122492904177,-0.00952147492467239,0.4113690944678125,0.0,True,next_open_gap_checked
FDUS,2026-09-16,19.12,19.43,19.105,19.25,19.25,342431.0,0.0067991631799162,-0.0163515585079202,-0.0163515585079202,-0.0198574338085539,-0.0133264992311635,0.0730211817168338,0.0104406890749811,0.006656528424436,0.0156074014994287,1.0125678335375634,0.8872785005936248,0.0,0.0169979079497907,21.31,16.865,-0.0966682308775221,0.1414171360806404,6591796.75,6632814.2475,19.25,19.34,,,,,,,,0,,0,0,0,0,0,0,40.0,545.0,0.0,1.0,1,8.0,0,0,0,0,0.0,0.0,0.0,0.0,0,0,0,0,0.0,0.0,0.0,0.0,0,0,0,1,0.0,0.0,0.0,2.0,0,0,0,0,0.0,0.0,0.0,0.0,0,0,0,0,0.0,0.0,0.0,0.0,0,0,0,0,0.0,0.0,0.0,0.0,0,0,0,1,0.0,0.0,0.0,3.0,0,0,0,1,0.0,0.0,0.0,1.0,0,0,0,0,0.0,0.0,0.0,0.0,0,0,0,1,10000.0,0.00467532467532461,0.0015076556687486221,,False,2026-10-16,0.023946015453781794,-0.02465291489136744,0.21904814965985075,0.0,True,next_open_gap_checked
FENG,2026-09-16,1.45,1.45,1.44,1.44,1.44,1936.0,0.0,-0.0335570469798658,-0.0068965517241379,-0.04,-0.0463576158940397,-0.0769230769230769,0.017616050100527,0.0182854369710048,0.0225896782997269,0.6285102100444762,0.4082364228705177,0.0069444444444444,0.0068965517241379,3.65,1.39,-0.6054794520547946,0.0359712230215827,2787.8399999999997,4581.523750000652,1.44,1.43,,,,,,,,0,,0,0,0,0,0,0,,,0.0,0.0,0,0.0,0,0,0,0,0.0,0.0,0.0,0.0,0,0,0,0,0.0,0.0,0.0,0.0,0,0,0,0,0.0,0.0,0.0,0.0,0,0,0,0,0.0,0.0,0.0,0.0,0,0,0,0,0.0,0.0,0.0,0.0,0,0,0,0,0.0,0.0,0.0,0.0,0,0,0,0,0.0,0.0,0.0,0.0,0,0,0,0,0.0,0.0,0.0,0.0,0,0,0,0,0.0,0.0,0.0,0.0,0,0,0,0,10000.0,-0.00694444444444442,2.1826799435446724,,False,2026-10-16,0.004115181018112375,-0.015583879014301203,0.33636501046436407,0.0,False,next_open_gap_checked
FERG,2026-09-16,215.54,219.51,213.14,214.35,214.35,1438999.0,-0.0035330761005998,-0.0368023726071717,-0.0397365827434817,-0.0208304782787447,-0.1232053012639587,-0.0966368846931895,0.0149641867095269,0.0149418600907939,0.0188982368709646,1.1031371471420008,0.620361979957983,0.0019989772674444,0.0295536791314837,271.64,213.14,-0.2109041378294801,0.0056770197991931,308449435.65,296149732.824,214.35,218.23,,,,,,,,0,,0,0,0,0,0,0,30.0,184.0,0.0,1.0,2,8.0,0,0,0,0,0.0,0.0,0.0,0.0,0,0,0,0,0.0,0.0,0.0,0.0,0,0,0,1,0.0,0.0,0.0,3.0,0,0,0,0,0.0,0.0,0.0,0.0,0,0,0,0,0.0,0.0,0.0,0.0,0,0,0,0,0.0,0.0,0.0,0.0,0,0,0,1,0.0,0.0,0.0,296.0,0,0,0,1,0.0,0.0,0.0,4.0,0,0,0,0,0.0,0.0,0.0,0.0,0,0,0,1,10000.0,0.018101236295777978,3.376670275756399e-05,,False,2026-10-16,0.006941046227070337,-0.024012716409663463,0.3569608724998012,0.0,True,next_open_gap_checked
FGL,2026-09-16,4.52,4.73,4.09,4.35,4.35,406723.0,-0.0268456375838926,-0.2018348623853212,-0.3593519882179676,-0.7475333720255368,-0.8861852433281004,-0.9744117647058824,0.1161994175492088,0.1088660295538082,0.098668201493806,1.057026156084593,3.012594852731675,0.0111856823266218,0.1415929203539824,14000.0,4.09,-0.9996892857142856,0.0635696821515892,1769245.0499999998,3797457.5005,4.35,4.41,,,,,,,,0,,0,0,0,0,0,0,,,0.0,0.0,0,0.0,0,0,0,0,0.0,0.0,0.0,0.0,0,0,0,0,0.0,0.0,0.0,0.0,0,0,0,0,0.0,0.0,0.0,0.0,0,0,0,0,0.0,0.0,0.0,0.0,0,0,0,0,0.0,0.0,0.0,0.0,0,0,0,0,0.0,0.0,0.0,0.0,0,0,0,0,0.0,0.0,0.0,0.0,0,0,0,0,0.0,0.0,0.0,0.0,0,0,0,0,0.0,0.0,0.0,0.0,0,0,0,0,10000.0,0.01379310344827589,0.002633340859952568,,False,2026-10-16,0.004115181018112375,-0.10923162871857232,0.4005423994442495,0.0,True,next_open_gap_checked
FGNXP,2026-09-16,24.4,24.4,24.332,24.332,24.3315,947.0,-0.0168888888888888,0.0442918454935621,-0.0208450704225352,-0.0412923561859731,-0.0336775218427323,-0.0267199999999999,0.0387287580955445,0.0235956476663385,0.0217875636433547,1.5018634525414325,0.5730248694003509,-0.0141414141414142,0.0027868852459015,26.0,16.275,-0.0641538461538461,0.4950537634408605,23042.404,15645.71845000001,24.332,24.4,,,,,,,,0,,0,0,0,0,0,0,,,0.0,0.0,0,0.0,0,0,0,0,0.0,0.0,0.0,0.0,0,0,0,0,0.0,0.0,0.0,0.0,0,0,0,0,0.0,0.0,0.0,0.0,0,0,0,0,0.0,0.0,0.0,0.0,0,0,0,0,0.0,0.0,0.0,0.0,0,0,0,0,0.0,0.0,0.0,0.0,0,0,0,0,0.0,0.0,0.0,0.0,0,0,0,0,0.0,0.0,0.0,0.0,0,0,0,0,0.0,0.0,0.0,0.0,0,0,0,0,10000.0,0.002794673680749593,0.6391524960619493,,False,2026-10-16,0.004115181018112375,-0.01834521597978143,0.34973414906243866,0.0,False,next_open_gap_checked
FICO,2026-09-16,980.0,1003.17,976.0,991.35,991.35,215727.0,0.0054667532151404,0.0060483666365602,0.0082995148445366,-0.101777689185271,-0.0804826920936443,-0.0912132740523443,0.020664349651723,0.0468040272807111,0.0418173575032857,0.606227597747937,0.6617559768636284,-0.0060448699744412,0.0277244897959183,1998.01,870.01,-0.5038313121555948,0.1394696612682613,213860961.45,366532620.613,991.35,990.3,,,,,,,,0,,0,0,0,0,0,0,48.0,1693.9583333333333,0.0,1.0,1,8.0,0,0,0,0,0.0,0.0,0.0,0.0,0,0,0,0,0.0,0.0,0.0,0.0,0,0,0,1,0.0,0.0,0.0,18.0,0,0,0,0,0.0,0.0,0.0,0.0,0,0,0,0,0.0,0.0,0.0,0.0,0,0,0,0,0.0,0.0,0.0,0.0,0,0,0,1,0.0,0.0,0.0,7.0,0,0,0,1,0.0,0.0,0.0,9.0,0,0,0,0,0.0,0.0,0.0,0.0,0,0,0,1,10000.0,-0.001059161749130011,2.7282701286656846e-05,,False,2026-10-16,0.006941046227070337,-0.019214691523723505,0.4542517968034198,0.0,True,next_open_gap_checked
FLNA,2026-09-16,0.69,0.6954,0.6701,0.6842,0.6842,379178.0,-0.0176597272074658,-0.1144188454568987,-0.1541599703300777,-0.2019129826198529,-0.2107509516668588,-0.4482258064516129,0.0265081757974311,0.0379505227143926,0.0364225154071628,1.4451284302829903,1.1948146070779226,-0.0093323761665471,0.0366666666666666,4.98,0.6701,-0.8626104417670682,0.0210416355767795,259433.5876,216960.8572650104,0.6842,0.685,,,,,,,,0,,0,0,0,0,0,0,49.0,531.0,0.0,1.0,1,8.0,0,0,0,0,0.0,0.0,0.0,0.0,0,0,0,1,0.0,0.0,0.0,1.0,0,0,0,1,0.0,0.0,0.0,3.0,0,0,0,0,0.0,0.0,0.0,0.0,0,0,0,0,0.0,0.0,0.0,0.0,0,0,0,0,0.0,0.0,0.0,0.0,0,0,0,1,0.0,0.0,0.0,1.0,0,0,0,1,0.0,0.0,0.0,17.0,0,0,0,1,0.0,0.0,0.0,13.0,0,0,0,1,10000.0,0.0011692487576733246,0.04609126330923986,,False,2026-10-16,0.010624874386532833,-0.010538834292979518,0.43855951138206345,0.0,False,next_open_gap_checked
FLY,2026-09-16,20.68,20.715,19.56,20.28,20.28,3200904.0,-0.0102489019033673,-0.0402271651680075,-0.0701513067400274,-0.0188679245283018,-0.224177505738332,-0.2997237569060773,0.0261800054594986,0.0329699746216278,0.0499321271729457,1.3541739666525188,0.9155577840548872,0.0092728160078088,0.0558510638297872,62.17,16.0,-0.6737976516004504,0.2675,64914333.120000005,51918483.3095,20.28,20.98,,,,,,,,0,,0,0,0,0,0,0,35.0,106.0,0.0,1.0,4,8.0,0,0,0,0,0.0,0.0,0.0,0.0,0,0,0,0,0.0,0.0,0.0,0.0,0,0,0,1,0.0,0.0,0.0,1.0,0,0,0,0,0.0,0.0,0.0,0.0,0,0,0,0,0.0,0.0,0.0,0.0,0,0,0,0,0.0,0.0,0.0,0.0,0,0,1,1,0.0,0.0,2.0,4.0,0,0,1,1,0.0,0.0,1.0,1.0,0,0,0,0,0.0,0.0,0.0,0.0,0,0,1,1,10000.0,0.03451676528599612,0.00019260963268875398,,False,2026-10-16,0.00892303931183562,0.04255299374259639,0.46494123140790095,0.001868893631972613,True,next_open_gap_checked
FMC,2026-09-16,11.13,11.23,10.61,10.8,10.8,3785635.0,-0.0399999999999999,-0.0526315789473683,-0.1212367778681854,-0.0909090909090909,0.0671936758893281,-0.0208522212148684,0.0310890095041464,0.043685997313011,0.0423104965568679,1.2582111092938153,0.9737123836357028,-0.0106666666666666,0.0557053009883199,38.675,9.945,-0.7207498383968971,0.0859728506787331,40884858.0,35364668.1875,10.8,10.84,,,,,,,,0,,0,0,0,0,0,0,48.0,1237.0,0.0,1.0,1,8.0,0,0,0,0,0.0,0.0,0.0,0.0,0,0,0,0,0.0,0.0,0.0,0.0,0,0,0,1,0.0,0.0,0.0,6.0,0,0,0,0,0.0,0.0,0.0,0.0,0,0,0,0,0.0,0.0,0.0,0.0,0,0,0,0,0.0,0.0,0.0,0.0,0,0,0,1,0.0,0.0,0.0,3.0,0,0,0,1,0.0,0.0,0.0,10.0,0,0,0,0,0.0,0.0,0.0,0.0,0,0,0,1,10000.0,0.0037037037037035425,0.00028276809913727963,,False,2026-10-16,0.014743043320261752,-0.008740225347338641,0.43560394394609303,0.0,True,next_open_gap_checked
FORM,2026-09-16,105.0,106.125,103.13,104.82,104.82,598002.0,0.0307798210246827,-0.0881252718573293,-0.0819758276405676,0.0986269783041609,-0.1569889013993888,-0.3309076981999234,0.0541677511506829,0.04611786590884,0.0702704257280919,0.5721822474736397,0.4008422843491921,0.0325499065788179,0.0285238095238095,160.27,31.05,-0.3459786610095464,2.375845410628019,62682569.63999999,111381874.27299996,104.82,109.64,,,,,,,,0,,0,0,0,0,0,0,48.0,531.0,0.0,1.0,1,8.0,0,0,0,0,0.0,0.0,0.0,0.0,0,0,0,0,0.0,0.0,0.0,0.0,0,0,0,1,0.0,0.0,0.0,2.0,0,0,0,0,0.0,0.0,0.0,0.0,0,0,0,0,0.0,0.0,0.0,0.0,0,0,0,0,0.0,0.0,0.0,0.0,0,0,0,1,0.0,0.0,0.0,16.0,0,0,0,1,0.0,0.0,0.0,6.0,0,0,0,0,0.0,0.0,0.0,0.0,0,0,0,1,10000.0,0.04598359091776394,8.978121498916181e-05,,False,2026-10-16,0.008032800251170556,-0.007401780142812551,0.43472002391365583,0.0,True,next_open_gap_checked
FR,2026-09-16,61.19,62.23,61.14,61.41,61.41,1199468.0,0.00065178425941,0.0004887585532746,0.0072166639330817,-0.0163382988947622,-0.0153920153920154,-0.0270912547528516,0.0049273883165061,0.0066201422497914,0.0108567592360287,1.6020772129657517,1.173184903959612,-0.0029330291673456,0.0178133681974178,69.88,50.24,-0.1212077847738981,0.2223328025477706,73659329.88,46462173.953,61.41,61.44,,,,,,,,0,,0,0,0,0,0,0,29.0,3460.0,1.0,1.0,1,8.0,0,0,0,0,0.0,0.0,0.0,0.0,0,0,0,0,0.0,0.0,0.0,0.0,0,0,0,1,0.0,0.0,0.0,3.0,0,0,0,0,0.0,0.0,0.0,0.0,0,0,0,0,0.0,0.0,0.0,0.0,0,0,0,1,0.0,0.0,0.0,3.0,0,0,0,1,0.0,0.0,0.0,1.0,0,0,0,1,0.0,0.0,0.0,7.0,0,0,0,0,0.0,0.0,0.0,0.0,0,0,0,1,10000.0,0.0004885197850512668,0.00021522884422316862,,False,2026-10-16,0.012759972037439253,-0.02465291489136744,0.29086460300394795,0.0,True,next_open_gap_checked
FROG,2026-09-16,93.5,95.18,90.68,92.62,92.62,1282679.0,-0.0229957805907172,0.0623996329433356,0.060696289509849,0.0091523207670516,0.0111353711790394,0.1593440981349356,0.0357212670722392,0.0425524063916777,0.0420155257197614,0.6647735487006164,0.4901288701737656,-0.0137130801687763,0.0481283422459893,105.76,34.05,-0.1242435703479576,1.7201174743024965,118801728.98,179344334.89099997,92.62,93.16,,,,,,,,0,,0,0,0,0,0,0,40.0,888.0,0.0,1.0,1,8.0,0,0,0,0,0.0,0.0,0.0,0.0,0,0,0,0,0.0,0.0,0.0,0.0,0,0,0,1,0.0,0.0,0.0,1.0,0,0,0,0,0.0,0.0,0.0,0.0,0,0,0,0,0.0,0.0,0.0,0.0,0,0,0,0,0.0,0.0,0.0,0.0,0,0,0,1,0.0,0.0,0.0,11.0,0,0,0,1,0.0,0.0,0.0,2.0,0,0,0,0,0.0,0.0,0.0,0.0,0,0,0,1,10000.0,0.005830274238825206,5.5758661159147826e-05,,False,2026-10-16,0.014063837054746451,-0.00952147492467239,0.4051902513110442,0.0,True,next_open_gap_checked
FSK,2026-09-16,11.56,11.57,11.38,11.53,11.53,2680867.0,-0.0391666666666666,-0.030277544154752,-0.0375626043405676,-0.0603096984515078,-0.0319059613769941,0.1382033563672258,0.0190761531481865,0.0133189812734747,0.0209034837338717,1.6980386585500489,1.1977183249831038,-0.0366666666666666,0.0164359861591695,17.1,9.72,-0.3257309941520468,0.1862139917695471,30910396.51,19046809.751500003,11.53,11.6,,,,,,,,0,,0,0,0,0,0,0,26.0,831.0,1.0,1.0,1,8.0,0,0,0,0,0.0,0.0,0.0,0.0,0,0,0,0,0.0,0.0,0.0,0.0,0,0,0,1,0.0,0.0,0.0,2.0,0,0,0,0,0.0,0.0,0.0,0.0,0,0,0,0,0.0,0.0,0.0,0.0,0,0,0,0,0.0,0.0,0.0,0.0,0,0,0,1,0.0,0.0,0.0,4.0,0,0,0,1,0.0,0.0,0.0,1.0,0,0,0,0,0.0,0.0,0.0,0.0,0,0,0,1,10000.0,0.006071118820468291,0.0005250223071720693,,False,2026-10-16,0.027865367747802152,-0.018446173927507463,0.3991329624398302,0.0,True,next_open_gap_checked
FSLY,2026-09-16,23.84,24.824,23.095,23.54,23.54,3515652.0,-0.0312757201646091,0.0164075993091536,0.0365477763099955,0.1333654309099663,-0.114704776231666,0.3709959231217237,0.0416996145441675,0.0560596220213824,0.053532501192528,0.714753194682088,0.6352644411901821,-0.0189300411522633,0.072525167785235,34.82,7.735,-0.3239517518667433,2.0433096315449255,82758448.08,113093795.07400005,23.54,23.54,,,,,,,,0,,0,0,0,0,0,0,29.0,29.0,1.0,1.0,1,8.0,0,0,0,0,0.0,0.0,0.0,0.0,0,0,0,1,0.0,0.0,0.0,1.0,0,0,0,1,0.0,0.0,0.0,9.0,0,0,0,0,0.0,0.0,0.0,0.0,0,0,0,0,0.0,0.0,0.0,0.0,0,0,0,0,0.0,0.0,0.0,0.0,1,1,1,1,1.0,1.0,1.0,3.0,0,0,0,1,0.0,0.0,0.0,3.0,0,0,0,0,0.0,0.0,0.0,0.0,1,1,1,1,10000.0,0.0,8.842218084075042e-05,,False,2026-10-16,0.02120630172792909,-0.01047232075579381,0.41640675293655943,0.0,True,next_open_gap_checked
FTHY,2026-09-16,12.98,13.08,12.96,13.0,13.0,107512.0,0.005413766434648,0.0,-0.0076335877862595,-0.0203466465712132,-0.0298507462686566,-0.0391722099039171,0.0054515092932565,0.0039416724504503,0.0038186245765073,1.0185593967011832,1.1198313184116695,0.0038669760247487,0.0092449922958396,14.84,12.93,-0.1239892183288409,0.005413766434648,1397656.0,1393392.611,13.0,13.0,,,,,,,,0,,0,0,0,0,0,0,41.0,41.0,0.0,1.0,1,8.0,0,0,0,0,0.0,0.0,0.0,0.0,0,1,1,1,0.0,1.0,1.0,3.0,0,0,0,0,0.0,0.0,0.0,0.0,0,0,0,0,0.0,0.0,0.0,0.0,0,0,0,0,0.0,0.0,0.0,0.0,0,0,0,0,0.0,0.0,0.0,0.0,0,0,0,1,0.0,0.0,0.0,11.0,0,1,1,1,0.0,1.0,1.0,3.0,0,0,0,0,0.0,0.0,0.0,0.0,0,1,1,1,10000.0,0.0,0.007176728167679367,,False,2026-10-16,0.010296607276428274,-0.025773301442386865,0.12835458246302592,0.0,True,next_open_gap_checked
FTS,2026-09-16,53.8,54.12,53.62,53.85,53.85,707973.0,0.0065420560747664,-0.0095640978480778,-0.0230406386066762,-0.0216206395348836,-0.0463963166282981,-0.0385645420460631,0.007350255413868,0.008310939901275,0.0091404453003078,1.083778840064423,0.9955212724034518,0.0056074766355138,0.0092936802973977,59.4,48.69,-0.0934343434343434,0.1059765865680839,38124346.05,35914703.451500006,53.85,54.1,,,,,,,,0,,0,0,0,0,0,0,,,0.0,0.0,0,0.0,0,0,0,0,0.0,0.0,0.0,0.0,0,0,0,0,0.0,0.0,0.0,0.0,0,0,0,0,0.0,0.0,0.0,0.0,0,0,0,0,0.0,0.0,0.0,0.0,0,0,0,0,0.0,0.0,0.0,0.0,0,0,0,0,0.0,0.0,0.0,0.0,0,0,0,0,0.0,0.0,0.0,0.0,0,0,0,0,0.0,0.0,0.0,0.0,0,0,0,0,0.0,0.0,0.0,0.0,0,0,0,0,10000.0,0.00464252553389044,0.000278437493254099,,False,2026-10-16,0.004115181018112375,-0.024186119934450634,0.3516617504639778,0.0,True,next_open_gap_checked
GBLI,2026-09-16,29.95,30.2,29.0,30.0,29.618321,3536.0,0.0284538909838873,0.0169491525423728,0.0834236186348862,0.0344827586206897,0.1037527593818985,0.1538461538461537,0.0344743002409073,0.0360351806154351,0.0258699002170118,0.5581512817274908,0.4271356783919598,0.026739801165581,0.0400667779632721,30.517,24.28,-0.0169413769374446,0.2355848434925864,106080.0,183518.309,30.0,29.25,,,,,,,,0,,0,0,0,0,0,0,42.0,,0.0,1.0,1,8.0,0,0,0,0,0.0,0.0,0.0,0.0,0,0,0,0,0.0,0.0,0.0,0.0,0,0,0,0,0.0,0.0,0.0,0.0,0,0,0,0,0.0,0.0,0.0,0.0,0,0,0,0,0.0,0.0,0.0,0.0,0,0,0,0,0.0,0.0,0.0,0.0,0,0,0,0,0.0,0.0,0.0,0.0,0,0,0,0,0.0,0.0,0.0,0.0,0,0,0,0,0.0,0.0,0.0,0.0,0,0,0,0,10000.0,-0.025000000000000022,0.05449047593392984,,False,2026-10-16,0.018915836151862306,-0.019537222673592203,0.36521560586934787,0.0,False,next_open_gap_checked
GBTG,2026-09-16,9.48,9.48,9.46,9.47,9.47,1010535.0,0.0,0.0010570824524311,-0.001054852320675,0.0010570824524311,0.0021164021164021,0.0085197018104365,0.0011561438373351,0.0013668523458023,0.0013727093801317,0.5759543976185895,0.592656840203345,0.0010559662090812,0.0021097046413501,9.56,4.955,-0.0094142259414226,0.9112008072653884,9569766.45,16620465.233,9.47,9.47,,,,,,,,0,,0,0,0,0,0,0,43.0,509.0,0.0,1.0,2,8.0,0,0,0,0,0.0,0.0,0.0,0.0,0,0,0,0,0.0,0.0,0.0,0.0,0,0,0,1,0.0,0.0,0.0,34.0,0,0,0,0,0.0,0.0,0.0,0.0,0,0,0,0,0.0,0.0,0.0,0.0,0,0,0,0,0.0,0.0,0.0,0.0,0,0,0,1,0.0,0.0,0.0,22.0,0,0,0,1,0.0,0.0,0.0,6.0,0,0,0,1,0.0,0.0,0.0,18.0,0,0,0,1,10000.0,0.0,0.0006016678751052624,,False,2026-10-16,0.016191546020404103,-0.02561308351612188,0.11779256062894328,0.0,True,next_open_gap_checked
GCL,2026-09-16,0.615,0.615,0.5701,0.58,0.58,25372.0,-0.0572171651495448,-0.0469930989155439,0.0349750178443968,0.1275272161741836,0.0071192915436708,0.4146341463414633,0.0454919241626103,0.1124785681706904,0.0769170156399209,0.0438699894224081,0.0505016928775734,-0.0003250975292586,0.0730081300813007,3.015,0.3808,-0.8076285240464345,0.5231092436974787,14715.759999999998,381293.195195,0.58,0.5628,,,,,,,,0,,0,0,0,0,0,0,,,0.0,0.0,0,0.0,0,0,0,0,0.0,0.0,0.0,0.0,0,0,0,0,0.0,0.0,0.0,0.0,0,0,0,0,0.0,0.0,0.0,0.0,0,0,0,0,0.0,0.0,0.0,0.0,0,0,0,0,0.0,0.0,0.0,0.0,0,0,0,0,0.0,0.0,0.0,0.0,0,0,0,0,0.0,0.0,0.0,0.0,0,0,0,0,0.0,0.0,0.0,0.0,0,0,0,0,0.0,0.0,0.0,0.0,0,0,0,0,10000.0,-0.02965517241379312,0.026226536759686534,,False,2026-10-16,0.004115181018112375,0.008287098724438544,0.38748967238512827,0.00020599520740501362,False,next_open_gap_checked
GDDY,2026-09-16,101.14,102.39,98.46,99.09,99.09,1785843.0,-0.0321351826528618,0.0104007341694709,0.0586538461538461,-0.0145201392342118,0.0343423799582465,0.3213761834911324,0.0392115901467213,0.0319056931033891,0.0411344282261485,1.021607058243529,0.8897847492383829,-0.0121117405743308,0.0388570298596006,148.19,71.59,-0.3313313988798164,0.3841318619918983,176959182.87,172362953.703,99.09,99.7,,,,,,,,0,,0,0,0,0,0,0,43.0,43.0,0.0,1.0,1,8.0,0,0,0,0,0.0,0.0,0.0,0.0,0,0,0,1,0.0,0.0,0.0,1.0,0,0,0,0,0.0,0.0,0.0,0.0,0,0,0,0,0.0,0.0,0.0,0.0,0,0,0,0,0.0,0.0,0.0,0.0,0,0,0,0,0.0,0.0,0.0,0.0,0,1,1,1,0.0,1.0,1.0,5.0,0,0,0,1,0.0,0.0,0.0,8.0,0,0,0,0,0.0,0.0,0.0,0.0,0,1,1,1,10000.0,0.006156019779997912,5.801710741875009e-05,,False,2026-10-16,0.013105621985234133,-0.00952147492467239,0.41789938546291505,0.0,True,next_open_gap_checked
GE,2026-09-16,310.175,318.5,308.68,312.9,312.9,4505046.0,0.0190522716170002,-0.0332447630229254,-0.0384733575072215,-0.0549397444803527,-0.1658002079500919,-0.1188893895021402,0.0196061760820764,0.0203093148678315,0.0187155617669438,1.1950591110522208,1.1381743440437266,0.010177495521902,0.0316595470299024,388.84,268.91,-0.1952988375681514,0.1635863299988842,1409628893.4,1255631869.2105,312.9,316.79,,,,,,,,0,,0,0,0,0,0,0,8.0,1608.0,1.0,1.0,1,8.0,0,0,0,0,0.0,0.0,0.0,0.0,0,0,0,0,0.0,0.0,0.0,0.0,0,0,0,0,0.0,0.0,0.0,0.0,0,0,0,0,0.0,0.0,0.0,0.0,0,0,0,0,0.0,0.0,0.0,0.0,0,0,0,0,0.0,0.0,0.0,0.0,0,0,0,1,0.0,0.0,0.0,1.0,0,0,0,1,0.0,0.0,0.0,1.0,0,0,0,0,0.0,0.0,0.0,0.0,0,0,0,1,10000.0,0.012432086928731323,7.964117704568674e-06,,False,2026-10-16,0.00706761816404637,-0.023376601595768393,0.3737464400993379,0.0,True,next_open_gap_checked
GECC,2026-09-16,5.59,5.63,5.232,5.32,5.32,77423.0,-0.046594982078853,-0.1103678929765886,-0.0998307952622673,-0.1133333333333332,-0.0952380952380951,-0.0111524163568772,0.0511987947286695,0.0274467158399236,0.0256293418829536,1.190803392012452,1.27398851666663,0.0017921146953405,0.0711985688729874,11.455,4.63,-0.5355739851593191,0.1490280777537798,411890.36,386417.44975,5.32,5.38,,,,,,,,0,,0,0,0,0,0,0,22.0,22.0,1.0,1.0,1,8.0,0,0,0,0,0.0,0.0,0.0,0.0,1,1,1,1,14.0,14.0,14.0,14.0,0,0,0,1,0.0,0.0,0.0,1.0,0,0,0,0,0.0,0.0,0.0,0.0,0,0,0,0,0.0,0.0,0.0,0.0,0,0,0,0,0.0,0.0,0.0,0.0,1,1,1,1,1.0,1.0,1.0,11.0,1,1,1,1,3.0,3.0,3.0,6.0,0,0,0,0,0.0,0.0,0.0,0.0,1,1,1,1,10000.0,0.011278195488721776,0.0258787485049386,,False,2026-10-16,0.011619165941052936,-0.014866838140411414,0.4249319865825687,0.0,False,next_open_gap_checked
GENC,2026-09-16,16.98,17.355,16.975,17.11,17.11,63618.99999999999,0.0076560659599527,-0.0457334076965979,-0.0874666666666666,-0.0736329182458039,-0.1107068607068606,0.1490933512424446,0.01830954410062,0.0157599976396407,0.0285079673339119,0.9501598808771716,1.192674367159008,0.0,0.0223792697290929,20.19,12.22,-0.1525507677067856,0.4001636661211127,1088521.09,1237740.559,17.11,17.14,,,,,,,,0,,0,0,0,0,0,0,90.0,3871.9583333333335,0.0,0.0,1,8.0,0,0,0,0,0.0,0.0,0.0,0.0,0,0,0,0,0.0,0.0,0.0,0.0,0,0,0,1,0.0,0.0,0.0,5.0,0,0,0,0,0.0,0.0,0.0,0.0,0,0,0,0,0.0,0.0,0.0,0.0,0,0,0,0,0.0,0.0,0.0,0.0,0,0,0,1,0.0,0.0,0.0,2.0,0,0,0,1,0.0,0.0,0.0,3.0,0,0,1,1,0.0,0.0,1.0,2.0,0,0,0,1,10000.0,0.001753360607831711,0.00807923754884403,,False,2026-10-16,0.03125016064811076,-0.01752458977477906,0.41304709056798433,0.0,True,next_open_gap_checked
GENI,2026-09-16,6.56,6.705,6.41,6.62,6.62,3793898.0,0.0091463414634147,-0.0293255131964809,-0.0583214793741109,-0.0779944289693592,-0.116154873164219,0.1144781144781144,0.0265716353281343,0.032256262151401,0.0448866902260933,0.8134466997768816,0.6744391258593064,0.0,0.0449695121951219,13.69,3.825,-0.5164353542731921,0.7307189542483659,25115604.76,34567955.8435,6.62,6.69,,,,,,,,0,,0,0,0,0,0,0,1397.9583333333333,1397.9583333333333,0.0,0.0,0,1.0,0,0,0,0,0.0,0.0,0.0,0.0,0,0,0,0,0.0,0.0,0.0,0.0,0,0,0,0,0.0,0.0,0.0,0.0,0,0,0,0,0.0,0.0,0.0,0.0,0,0,0,0,0.0,0.0,0.0,0.0,0,0,0,0,0.0,0.0,0.0,0.0,0,0,0,1,0.0,0.0,0.0,6.0,0,0,0,0,0.0,0.0,0.0,0.0,0,0,0,1,0.0,0.0,0.0,26.0,0,0,0,1,10000.0,0.010574018126888296,0.00028928525728490114,,False,2026-10-16,0.004115181018112375,-0.020633604983684727,0.4210803385825631,0.0,True,next_open_gap_checked
GFR,2026-09-16,6.83,6.955,6.445,6.49,6.49,2485499.0,-0.0634920634920633,-0.0046012269938648,0.0156494522691705,0.0317965023847377,0.0156494522691705,0.1821493624772312,0.046706166328193,0.0272169795379126,0.0325461231249826,1.6844245727520242,3.734758277045848,-0.0144300144300143,0.0746705710102488,7.16,4.15,-0.0935754189944133,0.5638554216867468,16130888.51,9392246.266,6.49,6.48,,,,,,,,0,,0,0,0,0,0,0,,,0.0,0.0,0,0.0,0,0,0,0,0.0,0.0,0.0,0.0,0,0,0,0,0.0,0.0,0.0,0.0,0,0,0,0,0.0,0.0,0.0,0.0,0,0,0,0,0.0,0.0,0.0,0.0,0,0,0,0,0.0,0.0,0.0,0.0,0,0,0,0,0.0,0.0,0.0,0.0,0,0,0,0,0.0,0.0,0.0,0.0,0,0,0,0,0.0,0.0,0.0,0.0,0,0,0,0,0.0,0.0,0.0,0.0,0,0,0,0,10000.0,-0.0015408320493065508,0.0010647080279613272,,False,2026-10-16,0.004115181018112375,-0.012764690837191098,0.44125366489894224,0.0,True,next_open_gap_checked
GFS,2026-09-16,43.91,44.16,42.555,43.03,43.03,2750005.0,0.0065497076023393,-0.0834930777422791,-0.0635473340587595,-0.020487138629638,-0.1376753507014028,-0.5201293632206981,0.0365065478954475,0.0241425595647912,0.0375947281528281,0.7573329316263172,0.7143417730048328,0.0271345029239764,0.0365520382600773,92.55,31.85,-0.5350621285791464,0.3510204081632653,118332715.15,164800137.5805,43.03,44.87,,,,,,,,0,,0,0,0,0,0,0,,,0.0,0.0,0,0.0,0,0,0,0,0.0,0.0,0.0,0.0,0,0,0,0,0.0,0.0,0.0,0.0,0,0,0,0,0.0,0.0,0.0,0.0,0,0,0,0,0.0,0.0,0.0,0.0,0,0,0,0,0.0,0.0,0.0,0.0,0,0,0,0,0.0,0.0,0.0,0.0,0,0,0,0,0.0,0.0,0.0,0.0,0,0,0,0,0.0,0.0,0.0,0.0,0,0,0,0,0.0,0.0,0.0,0.0,0,0,0,0,10000.0,0.042760864513130326,6.067956099317754e-05,,False,2026-10-16,0.004115181018112375,-0.009682155432877596,0.44541731790182193,0.0,True,next_open_gap_checked
GHRS,2026-09-16,27.63,28.07,27.22,27.75,27.75,152947.0,0.0072595281306715,0.0202205882352941,0.0068940493468796,0.0142543859649122,-0.0667563477383554,0.2562245359891353,0.015377446908821,0.0185216592569025,0.0325700898400606,0.8735585572721821,0.5763514897348448,0.0029038112522685,0.0307636626854868,31.439,12.04,-0.1173383377333884,1.3048172757475085,4244279.25,4909791.770499999,27.75,28.11,,,,,,,,0,,0,0,0,0,0,0,,,0.0,0.0,0,0.0,0,0,0,0,0.0,0.0,0.0,0.0,0,0,0,0,0.0,0.0,0.0,0.0,0,0,0,0,0.0,0.0,0.0,0.0,0,0,0,0,0.0,0.0,0.0,0.0,0,0,0,0,0.0,0.0,0.0,0.0,0,0,0,0,0.0,0.0,0.0,0.0,0,0,0,0,0.0,0.0,0.0,0.0,0,0,0,0,0.0,0.0,0.0,0.0,0,0,0,0,0.0,0.0,0.0,0.0,0,0,0,0,10000.0,0.012972972972973063,0.002036746254715733,,False,2026-10-16,0.004115181018112375,-0.012764690837191098,0.43743279869745844,0.0,True,next_open_gap_checked
GILD,2026-09-16,146.58,149.3,146.12,147.68,147.68,5187953.0,0.0094326725905673,0.0275535763985528,0.0139375214555441,-0.014941302027748,0.0295593976575572,0.1826699767758468,0.0110679511492563,0.0158892872327522,0.0181349154556912,0.9703849956919604,0.7915144085902589,0.001913875598086,0.021694637740483,157.29,108.46,-0.0610973361307138,0.3616079660704407,766156899.0400001,786840188.84975,147.68,148.775,,,,,,,,0,,0,0,0,0,0,0,42.0,1995.0,0.0,1.0,1,8.0,0,0,0,0,0.0,0.0,0.0,0.0,0,0,0,0,0.0,0.0,0.0,0.0,0,0,0,1,0.0,0.0,0.0,2.0,0,0,0,0,0.0,0.0,0.0,0.0,0,0,0,0,0.0,0.0,0.0,0.0,0,0,0,0,0.0,0.0,0.0,0.0,0,0,0,1,0.0,0.0,0.0,1.0,0,0,0,1,0.0,0.0,0.0,4.0,0,0,0,0,0.0,0.0,0.0,0.0,0,0,0,1,10000.0,0.007414680390032569,1.2709061054213051e-05,,False,2026-10-16,0.005796989494271368,-0.02465291489136744,0.30477943000373137,0.0,True,next_open_gap_checked
GITS,2026-09-16,2.37,2.4,2.08,2.11,2.11,39701.0,-0.1115789473684211,-0.0321100917431194,0.0,-0.0140186915887852,0.2710843373493976,0.3973509933774832,0.0731455215635273,0.0585265807941077,0.0936985010376931,0.3334297763767174,0.0534656986790871,-0.0021052631578947,0.1350210970464134,7.09,0.6557,-0.7023977433004231,2.2179350312642976,83769.11,207690.1055,2.11,2.22,,,,,,,,0,,0,0,0,0,0,0,5.0,232.95833333333337,1.0,1.0,2,8.0,0,0,0,0,0.0,0.0,0.0,0.0,0,0,0,0,0.0,0.0,0.0,0.0,0,0,0,1,0.0,0.0,0.0,6.0,0,0,0,0,0.0,0.0,0.0,0.0,0,0,0,0,0.0,0.0,0.0,0.0,0,0,0,0,0.0,0.0,0.0,0.0,0,0,0,1,0.0,0.0,0.0,8.0,0,0,0,1,0.0,0.0,0.0,1.0,0,0,0,0,0.0,0.0,0.0,0.0,0,0,0,1,10000.0,0.05213270142180115,0.048148658675509215,,False,2026-10-16,0.02176157779625632,-0.016156528954164532,0.40228636550723523,0.0,False,next_open_gap_checked
GLIBA,2026-09-16,25.82,26.12,24.76,25.02,25.02,35264.0,-0.0275942479595803,-0.0395393474088292,-0.0328565906455354,-0.054421768707483,-0.0565610859728507,0.2046220510351468,0.0142237561872332,0.0109528111917066,0.0244571415661141,1.1122535877621826,0.4757286945228828,0.0034978624174115,0.0526723470178156,41.87,19.61,-0.4024361117745402,0.2758796532381438,882305.28,834342.4280000001,25.02,25.145,,,,,,,,0,,0,0,0,0,0,0,14.0,,1.0,1.0,3,8.0,0,0,0,0,0.0,0.0,0.0,0.0,0,0,0,0,0.0,0.0,0.0,0.0,0,0,0,0,0.0,0.0,0.0,0.0,0,0,0,0,0.0,0.0,0.0,0.0,0,0,0,0,0.0,0.0,0.0,0.0,0,0,0,0,0.0,0.0,0.0,0.0,0,0,0,0,0.0,0.0,0.0,0.0,0,0,0,0,0.0,0.0,0.0,0.0,0,0,0,0,0.0,0.0,0.0,0.0,0,0,0,0,10000.0,0.004996003197442089,0.011985486611259807,,False,2026-10-16,0.023281342817124007,-0.018901107859697133,0.3875870643996885,0.0,True,next_open_gap_checked
GPRK,2026-09-16,11.6,11.605,11.21,11.28,11.28,724519.0,-0.0432569974554707,-0.0174216027874565,-0.0528967254408061,0.0044523597506678,0.2038420490928496,0.1405460060667338,0.0308542339054665,0.0342667617155213,0.0279733753723933,0.6411762784980779,1.1311962793439765,-0.0161153519932145,0.034051724137931,13.13,5.75,-0.140898705255141,0.9617391304347824,8172574.319999999,12965527.0295,11.28,11.28,,,,,,,,0,,0,0,0,0,0,0,910.0,910.0,0.0,0.0,0,1.0,0,0,0,0,0.0,0.0,0.0,0.0,0,0,0,0,0.0,0.0,0.0,0.0,0,0,0,0,0.0,0.0,0.0,0.0,0,0,0,0,0.0,0.0,0.0,0.0,0,0,0,0,0.0,0.0,0.0,0.0,0,0,0,0,0.0,0.0,0.0,0.0,0,0,0,1,0.0,0.0,0.0,11.0,0,0,0,0,0.0,0.0,0.0,0.0,0,0,0,0,0.0,0.0,0.0,0.0,0,0,0,1,10000.0,0.0,0.0007712760134815467,,False,2026-10-16,0.004115181018112375,-0.01906275970563267,0.3729380617843577,0.0,True,next_open_gap_checked
GPRO,2026-09-16,1.31,1.34,1.25,1.27,1.27,19268725.0,-0.0378787878787879,-0.0797101449275361,-0.1024734982332156,0.0325203252032519,1.1438217420661716,0.7162162162162162,0.010482895017313,0.1744196410498052,0.1091391875615118,0.2109461831100417,0.5611477893330099,-0.0075757575757575,0.0687022900763359,3.05,0.5701,-0.5836065573770491,1.2276793544992106,24471280.75,124018578.535765,1.27,1.29,,,,,,,,0,,0,0,0,0,0,0,161.0,1238.0,0.0,0.0,1,7.0,0,0,0,0,0.0,0.0,0.0,0.0,0,0,0,0,0.0,0.0,0.0,0.0,0,0,0,1,0.0,0.0,0.0,15.0,0,0,0,0,0.0,0.0,0.0,0.0,0,0,0,0,0.0,0.0,0.0,0.0,0,0,0,0,0.0,0.0,0.0,0.0,0,0,0,1,0.0,0.0,0.0,7.0,0,0,0,1,0.0,0.0,0.0,12.0,0,0,0,0,0.0,0.0,0.0,0.0,0,0,0,1,10000.0,0.015748031496062964,8.063308028575862e-05,,False,2026-10-16,0.020531049786792183,0.024316816332276392,0.39422346143278825,0.001373582532845823,True,next_open_gap_checked
GRAB,2026-09-16,2.935,2.99,2.85,2.87,2.87,84502314.0,-0.013745704467354,-0.0590163934426228,-0.0559210526315788,-0.1705202312138728,-0.1681159420289855,-0.1776504297994269,0.0176493672377368,0.0240290383418722,0.0246901202427259,1.7591514668605497,1.814352017568304,0.0085910652920961,0.0477001703577513,6.62,2.85,-0.5664652567975831,0.0070175438596491,242521641.18,155136243.48499998,2.87,2.925,,,,,,,,0,,0,0,0,0,0,0,,,0.0,0.0,0,0.0,0,0,0,0,0.0,0.0,0.0,0.0,0,0,0,0,0.0,0.0,0.0,0.0,0,0,0,0,0.0,0.0,0.0,0.0,0,0,0,0,0.0,0.0,0.0,0.0,0,0,0,0,0.0,0.0,0.0,0.0,0,0,0,0,0.0,0.0,0.0,0.0,0,0,0,0,0.0,0.0,0.0,0.0,0,0,0,0,0.0,0.0,0.0,0.0,0,0,0,0,0.0,0.0,0.0,0.0,0,0,0,0,10000.0,0.019163763066202044,6.445946978835344e-05,,False,2026-10-16,0.004115181018112375,-0.015028621032802237,0.43186378914756474,0.0,True,next_open_gap_checked
GRFS,2026-09-16,7.41,7.41,7.34,7.4,7.4,471631.0,0.0054347826086955,-0.019867549668874,-0.0537084398976982,-0.0426908150064683,-0.0451612903225806,0.0164835164835164,0.0102240142572835,0.0200301426377053,0.0193288493636377,1.1470851517325356,0.7970714001829178,0.0067934782608696,0.00944669365722,10.23,6.96,-0.2766373411534701,0.0632183908045977,3490069.4000000004,3204171.4235,7.4,7.4,,,,,,,,0,,0,0,0,0,0,0,,,0.0,0.0,0,0.0,0,0,0,0,0.0,0.0,0.0,0.0,0,0,0,0,0.0,0.0,0.0,0.0,0,0,0,0,0.0,0.0,0.0,0.0,0,0,0,0,0.0,0.0,0.0,0.0,0,0,0,0,0.0,0.0,0.0,0.0,0,0,0,0,0.0,0.0,0.0,0.0,0,0,0,0,0.0,0.0,0.0,0.0,0,0,0,0,0.0,0.0,0.0,0.0,0,0,0,0,0.0,0.0,0.0,0.0,0,0,0,0,10000.0,0.0,0.0031209316476197577,,False,2026-10-16,0.004115181018112375,-0.023768526219580283,0.38973172293646274,0.0,True,next_open_gap_checked
GRNT,2026-09-16,5.25,5.25,4.875,4.95,4.95,1438080.0,-0.0695488721804511,-0.0313111545988258,-0.0294117647058822,-0.0217391304347824,-0.0517241379310343,0.0975609756097561,0.0394633384021467,0.0198994403922111,0.0220069765397379,0.9295672226199344,1.307964399153248,-0.0131578947368421,0.0714285714285714,6.145,4.18,-0.19446704637917,0.1842105263157896,7118496.0,7893774.7465,4.95,4.91,,,,,,,,0,,0,0,0,0,0,0,27.0,27.0,1.0,1.0,2,8.0,0,0,0,0,0.0,0.0,0.0,0.0,1,1,1,1,1.0,1.0,2.0,2.0,0,0,1,1,0.0,0.0,2.0,2.0,0,0,0,0,0.0,0.0,0.0,0.0,0,0,0,0,0.0,0.0,0.0,0.0,0,0,0,0,0.0,0.0,0.0,0.0,1,1,1,1,1.0,1.0,5.0,329.0,0,0,1,1,0.0,0.0,1.0,6.0,0,0,0,1,0.0,0.0,0.0,43.0,1,1,1,1,10000.0,-0.008080808080808133,0.0012668210483753508,,False,2026-10-16,0.018448503421602643,-0.017001158014713913,0.3875202980369839,0.0,True,next_open_gap_checked
GRO,2026-09-16,2.37,2.39,2.31,2.32,2.32,115048.0,-0.0085470085470085,-0.037344398340249,-0.0413223140495868,-0.1145038167938932,0.0943396226415094,0.031111111111111,0.0106151605665715,0.0392591636065031,0.034273306993481,0.4639592563698721,0.560027915073856,0.0128205128205129,0.0337552742616034,3.99,1.86,-0.418546365914787,0.247311827956989,266911.36,614089.3059999996,2.32,2.34,,,,,,,,0,,0,0,0,0,0,0,,,0.0,0.0,0,0.0,0,0,0,0,0.0,0.0,0.0,0.0,0,0,0,0,0.0,0.0,0.0,0.0,0,0,0,0,0.0,0.0,0.0,0.0,0,0,0,0,0.0,0.0,0.0,0.0,0,0,0,0,0.0,0.0,0.0,0.0,0,0,0,0,0.0,0.0,0.0,0.0,0,0,0,0,0.0,0.0,0.0,0.0,0,0,0,0,0.0,0.0,0.0,0.0,0,0,0,0,0.0,0.0,0.0,0.0,0,0,0,0,10000.0,0.008620689655172376,0.01628427641109257,,False,2026-10-16,0.004115181018112375,-0.012286819768562805,0.42740913148174714,0.0,True,next_open_gap_checked
GS,2026-09-16,981.46,984.66,932.37,937.98,937.98,3521410.0,-0.0396141992689443,-0.0886142365766922,-0.0882598806353155,-0.0644150973507818,-0.0985035608907513,-0.1522004392743836,0.0211915820141585,0.0200214499954055,0.0233708787839057,1.8302896853744397,1.792325155586732,0.0049044201214332,0.0532777698530759,1153.99,740.01,-0.187185330895415,0.2675234118457859,3303012151.8,1953456848.634,937.98,940.1,,,,,,,,0,,0,0,0,0,0,0,35.0,180.0,0.0,2.0,4,8.0,0,0,0,0,0.0,0.0,0.0,0.0,0,0,0,0,0.0,0.0,0.0,0.0,0,0,0,1,0.0,0.0,0.0,1.0,0,0,0,0,0.0,0.0,0.0,0.0,0,0,0,0,0.0,0.0,0.0,0.0,0,0,0,0,0.0,0.0,0.0,0.0,0,0,0,0,0.0,0.0,0.0,0.0,0,0,0,1,0.0,0.0,0.0,1.0,0,0,0,0,0.0,0.0,0.0,0.0,0,0,0,1,10000.0,0.0022601761231582085,5.119130226497059e-06,,False,2026-10-16,0.006818940472486299,-0.01566102652681787,0.4335846716495132,0.0,True,next_open_gap_checked
GSAT,2026-09-16,81.99,82.11,81.55,81.9,81.9,592610.0,0.0008554319931566,-0.0070320077594567,0.0026934378060725,0.006513457048052,-0.0119435396308359,0.0261871945871445,0.0047342711247623,0.0040815670472744,0.0075280970006743,0.9912320265911988,0.6183939889000187,0.0019552731272149,0.0068301012318575,84.85,31.2,-0.0347672362993516,1.6250000000000004,48534759.0,48998977.2325,81.9,82.69,,,,,,,,0,,0,0,0,0,0,0,41.0,634.9583333333334,0.0,1.0,1,8.0,0,0,0,1,0.0,0.0,0.0,79.0,0,0,0,0,0.0,0.0,0.0,0.0,0,0,0,1,0.0,0.0,0.0,1.0,0,0,0,0,0.0,0.0,0.0,0.0,0,0,0,0,0.0,0.0,0.0,0.0,0,0,0,0,0.0,0.0,0.0,0.0,0,0,0,1,0.0,0.0,0.0,7.0,0,0,0,1,0.0,0.0,0.0,5.0,0,0,0,0,0.0,0.0,0.0,0.0,0,0,0,1,10000.0,0.009645909645909612,0.00020408589249832767,,False,2026-10-16,0.016647190381755737,-0.02465291489136744,0.18032477181729958,0.0,True,next_open_gap_checked
GSUI,2026-09-16,9.965,10.25,9.84,10.23,10.23,24621.0,0.0212638514525307,-0.0275665399239543,-0.1025528555136414,-0.0275665399239543,0.0726643598615917,-0.0210526315789472,0.0388955696794555,0.0508723554774003,0.0351111493355041,0.4414624328397415,0.6514911096155864,-0.0051911750024956,0.0411440040140491,19.249,9.44,-0.4685438204582055,0.0836864406779662,251872.83,615605.2133000001,10.23,10.52,,,,,,,,0,,0,0,0,0,0,0,40.0,40.0,0.0,3.0,3,3.0,0,0,0,0,0.0,0.0,0.0,0.0,0,0,0,0,0.0,0.0,0.0,0.0,0,0,0,0,0.0,0.0,0.0,0.0,0,0,0,0,0.0,0.0,0.0,0.0,0,0,0,0,0.0,0.0,0.0,0.0,0,0,0,0,0.0,0.0,0.0,0.0,0,1,1,1,0.0,1.0,1.0,1.0,0,0,0,0,0.0,0.0,0.0,0.0,0,0,0,0,0.0,0.0,0.0,0.0,0,1,1,1,10000.0,0.02834799608993155,0.01624417692370442,,False,2026-10-16,0.012657886385728028,-0.015285442810793668,0.4052523352193558,0.0,True,next_open_gap_checked
GTBP,2026-09-16,9.04,9.04,7.31,7.81,7.81,106973.0,-0.1322222222222222,-0.0929152148664343,0.306020066889632,0.0812681711200331,0.1343500363108205,-0.3631248471010356,0.2794008376285952,0.1460269055855683,0.0929289362562551,1.0268483015050005,1.94504792177358,0.0044444444444442,0.1913716814159291,34.25,4.91,-0.7719708029197081,0.590631364562118,835459.13,907463.23655,7.81,7.8,,,,,,,,0,,0,0,0,0,0,0,1.0,1.0,1.0,1.0,1,8.0,0,0,0,0,0.0,0.0,0.0,0.0,0,0,0,0,0.0,0.0,0.0,0.0,0,0,0,1,0.0,0.0,0.0,1.0,0,0,0,0,0.0,0.0,0.0,0.0,0,0,0,0,0.0,0.0,0.0,0.0,0,0,0,0,0.0,0.0,0.0,0.0,1,1,1,1,1.0,1.0,1.0,2.0,0,0,0,1,0.0,0.0,0.0,2.0,1,1,1,1,8.0,8.0,8.0,9.0,1,1,1,1,10000.0,-0.001280409731113874,0.011019730163414738,,False,2026-10-16,0.010602239543098415,-0.02716975504237241,0.3763660317625852,0.0,True,next_open_gap_checked
GUG,2026-09-16,14.3,14.55,14.25,14.26,14.26,219455.0,-0.0069637883008356,-0.0493333333333333,-0.0770226537216828,-0.0710097719869706,-0.044876088412592,-0.0911408540471637,0.0069337561014002,0.0119453526974393,0.0089484179774785,1.9211602510539003,2.182899501543678,-0.0041782729805013,0.020979020979021,16.46,14.22,-0.1336573511543135,0.0028129395218001,3129428.3,1716648.4575,14.26,14.5,,,,,,,,0,,0,0,0,0,0,0,201.95833333333337,201.95833333333337,0.0,0.0,0,7.0,0,0,0,1,0.0,0.0,0.0,25.0,0,0,0,1,0.0,0.0,0.0,9.0,0,0,0,0,0.0,0.0,0.0,0.0,0,0,0,0,0.0,0.0,0.0,0.0,0,0,0,0,0.0,0.0,0.0,0.0,0,0,0,1,0.0,0.0,0.0,2.0,0,0,0,1,0.0,0.0,0.0,2.0,0,0,0,1,0.0,0.0,0.0,5.0,0,0,0,0,0.0,0.0,0.0,0.0,0,0,0,1,10000.0,0.016830294530154388,0.005825304509091664,,False,2026-10-16,0.011141317720059614,-0.02189710529561253,0.33220208889426883,0.0,True,next_open_gap_checked
H,2026-09-16,160.7,161.98,157.38,158.65,158.65,633955.0,-0.0096135838691553,-0.0271049242656526,0.0025910010111223,-0.0239926176561058,-0.1122985675917636,-0.1919217643763052,0.0163768786146696,0.0167696966771588,0.0177946557556311,0.9081258104237324,0.803932854921287,0.0031837193332917,0.028624766645924,206.86,134.18,-0.2330561732572754,0.1823669697421375,100576960.75,116925475.582,158.65,160.92,,,,,,,,0,,0,0,0,0,0,0,48.0,758.0,0.0,1.0,1,8.0,0,0,0,0,0.0,0.0,0.0,0.0,0,0,0,0,0.0,0.0,0.0,0.0,0,0,0,0,0.0,0.0,0.0,0.0,0,0,0,0,0.0,0.0,0.0,0.0,0,0,0,0,0.0,0.0,0.0,0.0,0,0,0,0,0.0,0.0,0.0,0.0,0,0,0,1,0.0,0.0,0.0,1.0,0,0,0,0,0.0,0.0,0.0,0.0,0,0,0,0,0.0,0.0,0.0,0.0,0,0,0,1,10000.0,0.014308225653955065,8.552456126626559e-05,,False,2026-10-16,0.010548515884593828,-0.02465291489136744,0.326926382118603,0.0,True,next_open_gap_checked
HAE,2026-09-16,105.9,106.78,104.78,106.24,106.24,520711.00000000006,0.0003766478342748,0.0345700652449119,0.0298565335401317,0.0420794507111328,0.0151935021500237,0.4647731972976698,0.0208207855253459,0.0147062311361331,0.0270726724997565,0.8004437626733611,0.7194859328410619,-0.002824858757062,0.0188857412653446,109.571,47.315,-0.0304003796625019,1.2453767304237555,55320336.64,68510805.5875,106.24,108.39,,,,,,,,0,,0,0,0,0,0,0,29.0,2287.0,1.0,1.0,1,8.0,0,0,0,0,0.0,0.0,0.0,0.0,0,0,0,0,0.0,0.0,0.0,0.0,0,0,0,0,0.0,0.0,0.0,0.0,0,0,0,0,0.0,0.0,0.0,0.0,0,0,0,0,0.0,0.0,0.0,0.0,0,0,0,0,0.0,0.0,0.0,0.0,0,0,0,1,0.0,0.0,0.0,1.0,0,0,0,0,0.0,0.0,0.0,0.0,0,0,0,0,0.0,0.0,0.0,0.0,0,0,0,1,10000.0,0.020237198795180822,0.00014596237650757574,,False,2026-10-16,0.0124061258450627,-0.016560249885306494,0.38918929353813725,0.0,True,next_open_gap_checked
HBNB,2026-09-16,5.25,5.27,5.135,5.135,5.1351,3041.0,0.0068627450980391,0.030090270812437,0.0810526315789472,-0.0490740740740741,-0.0419776119402985,-0.0086872586872587,0.022198412379469,0.0326998314995554,0.035963863324782,1.7499136839682357,0.5785878726764209,0.0294117647058824,0.0257142857142856,10.43,2.11,-0.5076701821668265,1.433649289099526,15615.535,8994.472749999999,5.135,5.3,,,,,,,,0,,0,0,0,0,0,0,,,0.0,0.0,0,0.0,0,0,0,0,0.0,0.0,0.0,0.0,0,0,0,0,0.0,0.0,0.0,0.0,0,0,0,0,0.0,0.0,0.0,0.0,0,0,0,0,0.0,0.0,0.0,0.0,0,0,0,0,0.0,0.0,0.0,0.0,0,0,0,0,0.0,0.0,0.0,0.0,0,0,0,0,0.0,0.0,0.0,0.0,0,0,0,0,0.0,0.0,0.0,0.0,0,0,0,0,0.0,0.0,0.0,0.0,0,0,0,0,10000.0,0.03213242453748788,1.111793906985821,,False,2026-10-16,0.004115181018112375,-0.018575428465565848,0.4295791784588799,0.0,False,next_open_gap_checked
HBNC,2026-09-16,19.79,19.835,19.17,19.49,19.49,642587.0,-0.0151591712986357,-0.0146612740141558,-0.0040878896269801,0.0124675324675322,-0.0389546351084814,0.0041215868109221,0.0089756173732894,0.0109283958242915,0.0124347897108134,1.414741548504039,0.9899432303983116,0.0,0.0336028297119757,21.04,14.97,-0.0736692015209126,0.3019372077488309,12524020.63,8913742.97,19.49,19.73,,,,,,,,0,,0,0,0,0,0,0,0.0,1246.0,1.0,1.0,1,8.0,0,0,0,0,0.0,0.0,0.0,0.0,0,0,0,0,0.0,0.0,0.0,0.0,0,0,0,1,0.0,0.0,0.0,2.0,0,0,0,0,0.0,0.0,0.0,0.0,0,0,0,0,0.0,0.0,0.0,0.0,0,0,0,0,0.0,0.0,0.0,0.0,0,0,0,1,0.0,0.0,0.0,6.0,0,0,0,1,0.0,0.0,0.0,1.0,0,0,0,0,0.0,0.0,0.0,0.0,0,0,0,1,10000.0,0.012314007183170883,0.0011218631761826536,,False,2026-10-16,0.022442663334003177,-0.02465291489136744,0.3177303912232146,0.0,True,next_open_gap_checked
HCKT,2026-09-16,11.07,11.1,10.73,10.99,10.867662,232871.0,-0.0116906474820143,0.0009107468123861,0.0,0.0018231540565176,0.0456707897240724,0.0721951219512195,0.0290024745573467,0.0200149945886325,0.0312925179038242,1.1217355009432854,0.7406514505170337,-0.0044964028776977,0.0334236675700089,21.035,9.155,-0.4775374376039933,0.2004369197160023,2559252.29,2299990.474,10.99,11.0,,,,,,,,0,,0,0,0,0,0,0,42.0,42.0,0.0,1.0,1,8.0,0,0,0,1,0.0,0.0,0.0,6.0,0,0,0,0,0.0,0.0,0.0,0.0,0,0,0,1,0.0,0.0,0.0,16.0,0,0,0,0,0.0,0.0,0.0,0.0,0,0,0,0,0.0,0.0,0.0,0.0,0,0,0,0,0.0,0.0,0.0,0.0,0,1,1,1,0.0,1.0,1.0,13.0,0,0,0,1,0.0,0.0,0.0,3.0,0,0,0,0,0.0,0.0,0.0,0.0,0,1,1,1,10000.0,0.0009099181073703999,0.004347844094592541,,False,2026-10-16,0.018248827212541705,-0.016560249885306494,0.40481378612780655,0.0,True,next_open_gap_checked
HCWB,2026-09-16,2.09,2.1,1.89,2.01,2.01,86435.0,-0.0195121951219512,-0.1026785714285716,-0.1829268292682927,-0.4173913043478262,-0.0563380281690141,-0.7112068965517242,0.0313548287830027,0.0828646469396919,0.0751344135603603,0.2954152954272576,0.534544504404032,0.0195121951219512,0.1004784688995216,29.34,1.5,-0.9314928425357872,0.3399999999999998,173734.34999999998,779976.8104999999,2.01,2.05,,,,,,,,0,,0,0,0,0,0,0,6.0,873.0,1.0,1.0,2,8.0,0,0,0,0,0.0,0.0,0.0,0.0,0,0,0,0,0.0,0.0,0.0,0.0,0,0,0,0,0.0,0.0,0.0,0.0,0,0,0,0,0.0,0.0,0.0,0.0,0,0,0,0,0.0,0.0,0.0,0.0,0,0,0,0,0.0,0.0,0.0,0.0,0,0,0,0,0.0,0.0,0.0,0.0,0,0,0,1,0.0,0.0,0.0,1.0,0,0,0,0,0.0,0.0,0.0,0.0,0,0,0,1,10000.0,0.01990049751243772,0.01282089398733477,,False,2026-10-16,0.00996565799392012,-0.04693190860078176,0.4014999144198344,0.0,True,next_open_gap_checked
HCXY,2026-09-16,24.94,25.1,24.94,25.1,25.1,2941.0,0.0033177439341249,0.0025963650888756,0.004,-0.0003982477100755,0.004,0.0017960486928756,0.0028946082724612,0.0034891166760125,0.0042289863880919,1.3345433919455474,1.2837562565475498,-0.003077907023224,0.0064153969526864,25.714,24.36,-0.0238780430893675,0.0303776683087029,73819.1,55105.026549999995,25.1,24.98,,,,,,,,0,,0,0,0,0,0,0,651.9583333333334,651.9583333333334,0.0,0.0,0,7.0,0,0,0,0,0.0,0.0,0.0,0.0,0,0,0,0,0.0,0.0,0.0,0.0,0,0,0,0,0.0,0.0,0.0,0.0,0,0,0,0,0.0,0.0,0.0,0.0,0,0,0,0,0.0,0.0,0.0,0.0,0,0,0,0,0.0,0.0,0.0,0.0,0,0,0,1,0.0,0.0,0.0,3.0,0,0,0,0,0.0,0.0,0.0,0.0,0,0,0,0,0.0,0.0,0.0,0.0,0,0,0,1,10000.0,-0.004780876494023922,0.18147164834275906,,False,2026-10-16,0.011075857960676793,-0.025773301442386865,0.11779256062894328,0.0,False,next_open_gap_checked
HDSN,2026-09-16,5.21,5.235,5.1,5.21,5.21,360053.0,0.0019230769230769,-0.0360777058279371,-0.0206766917293234,0.0136186770428015,-0.0754214729370008,-0.095486111111111,0.0145360451830011,0.0234778434659535,0.030625380714569,0.6704980611026189,0.6271193732376839,0.0019230769230769,0.025911708253359,10.49,4.64,-0.5033365109628217,0.122844827586207,1875876.13,2908855.6225,5.21,5.27,,,,,,,,0,,0,0,0,0,0,0,41.0,3324.0,0.0,1.0,1,8.0,0,0,0,0,0.0,0.0,0.0,0.0,0,0,0,0,0.0,0.0,0.0,0.0,0,0,0,0,0.0,0.0,0.0,0.0,0,0,0,0,0.0,0.0,0.0,0.0,0,0,0,0,0.0,0.0,0.0,0.0,0,0,0,0,0.0,0.0,0.0,0.0,0,0,0,1,0.0,0.0,0.0,1.0,0,0,0,1,0.0,0.0,0.0,1.0,0,0,0,0,0.0,0.0,0.0,0.0,0,0,0,1,10000.0,0.011516314779270509,0.003437778046682686,,False,2026-10-16,0.015275119096553682,-0.016560249885306494,0.39228080563840456,0.0,True,next_open_gap_checked
HEQ,2026-09-16,11.28,11.49,11.25,11.28,11.28,21439.0,-0.0044130626654899,-0.0026525198938992,-0.0367207514944493,-0.0317596566523605,-0.0456852791878172,-0.0061674008810572,0.0120042626704978,0.0081193243094019,0.0078589753895386,0.9912040408243468,0.8934691195612462,-0.0044130626654899,0.0212765957446808,12.0,10.46,-0.06,0.0783938814531546,241831.92,252465.9215,11.28,11.25,,,,,,,,0,,0,0,0,0,0,0,278.9583333333333,278.9583333333333,0.0,0.0,0,8.0,0,0,0,0,0.0,0.0,0.0,0.0,0,0,0,1,0.0,0.0,0.0,1.0,0,0,0,0,0.0,0.0,0.0,0.0,0,0,0,0,0.0,0.0,0.0,0.0,0,0,0,0,0.0,0.0,0.0,0.0,0,0,0,0,0.0,0.0,0.0,0.0,0,0,0,0,0.0,0.0,0.0,0.0,0,0,0,1,0.0,0.0,0.0,7.0,0,0,0,0,0.0,0.0,0.0,0.0,0,0,0,1,10000.0,-0.0026595744680850686,0.039609306240565224,,False,2026-10-16,0.00948079370591705,-0.025773301442386865,0.2778563697928298,0.0,False,next_open_gap_checked
HIPO,2026-09-16,32.25,32.572,31.543,31.88,31.88,143506.0,-0.0205837173579108,-0.00375,-0.0074719800747197,-0.0400481782595604,-0.0324734446130502,0.2366175329712954,0.0119471310951374,0.0145836951209641,0.0234405911673783,0.9057752275467866,0.8339529606271529,-0.0092165898617511,0.0319069767441861,38.725,24.08,-0.1767591994835378,0.3239202657807309,4574971.28,5225107.6865,31.88,31.97,,,,,,,,0,,0,0,0,0,0,0,48.0,2121.9583333333335,0.0,1.0,1,8.0,0,0,0,0,0.0,0.0,0.0,0.0,0,0,0,0,0.0,0.0,0.0,0.0,0,0,0,0,0.0,0.0,0.0,0.0,0,0,0,0,0.0,0.0,0.0,0.0,0,0,0,0,0.0,0.0,0.0,0.0,0,0,0,0,0.0,0.0,0.0,0.0,0,0,0,1,0.0,0.0,0.0,9.0,0,0,0,0,0.0,0.0,0.0,0.0,0,0,0,1,0.0,0.0,0.0,13.0,0,0,0,1,10000.0,0.0028230865746550204,0.0019138361541976997,,False,2026-10-16,0.021765688682381948,-0.020417607469812377,0.38701482200376386,0.0,True,next_open_gap_checked
HQL,2026-09-16,19.44,19.56,19.16,19.28,19.28,158881.0,-0.0056730273336771,-0.0242914979757085,-0.0521140609636183,-0.0761859127934834,-0.1123388581952117,0.0512540894220283,0.0140805180527394,0.0177674441547248,0.0154051361222612,1.076223919278295,1.02406254683036,0.002578648788035,0.0205761316872427,22.67,13.888,-0.1495368328187031,0.3882488479262673,3063225.68,3094803.7759999996,19.28,19.5,,,,,,,,0,,0,0,0,0,0,0,161.0,161.0,0.0,0.0,1,8.0,0,0,0,0,0.0,0.0,0.0,0.0,0,0,1,1,0.0,0.0,2.0,39.0,0,0,0,1,0.0,0.0,0.0,2.0,0,0,0,0,0.0,0.0,0.0,0.0,0,0,0,0,0.0,0.0,0.0,0.0,0,0,0,0,0.0,0.0,0.0,0.0,0,0,0,1,0.0,0.0,0.0,1.0,0,0,1,1,0.0,0.0,1.0,9.0,0,0,0,1,0.0,0.0,0.0,2.0,0,0,1,1,10000.0,0.011410788381742698,0.0032312226311565677,,False,2026-10-16,0.03266125748185166,-0.02497696870222681,0.3484599460385229,0.0,True,next_open_gap_checked
HRL,2026-09-16,20.8,20.955,20.765,20.78,20.78,2838061.0,-0.0004810004810004,0.0102090422946037,-0.0090605627086313,-0.0550250113688038,-0.1462612982744453,-0.1381169639153877,0.0124129544177138,0.024698537299202,0.020230013169068,0.5050386667479314,0.6415332517097645,0.0004810004810005,0.0091346153846152,26.6,19.7,-0.218796992481203,0.0548223350253807,58974907.580000006,123752057.99199998,20.78,20.92,,,,,,,,0,,0,0,0,0,0,0,20.0,3213.9583333333335,1.0,1.0,1,8.0,0,0,0,0,0.0,0.0,0.0,0.0,0,0,0,0,0.0,0.0,0.0,0.0,0,0,0,0,0.0,0.0,0.0,0.0,0,0,0,0,0.0,0.0,0.0,0.0,0,0,0,0,0.0,0.0,0.0,0.0,0,0,0,0,0.0,0.0,0.0,0.0,0,0,0,1,0.0,0.0,0.0,4.0,0,0,0,0,0.0,0.0,0.0,0.0,0,0,0,0,0.0,0.0,0.0,0.0,0,0,0,1,10000.0,0.00673724735322434,8.080673697278194e-05,,False,2026-10-16,0.015275119096553682,-0.023376601595768393,0.36063639881372794,0.0,True,next_open_gap_checked
HSCS,2026-09-16,3.45,3.94,3.43,3.79,3.79,89177.0,0.1017441860465115,0.1179941002949851,-0.0800970873786407,0.2147435897435896,0.779342723004695,1.1412429378531073,0.0940288144141829,0.0778343020003841,0.0979494390382313,0.5492031575009122,0.0367875523697789,0.002906976744186,0.1478260869565216,4.35,1.63,-0.1287356321839079,1.3251533742331292,337980.83,514776.897,3.79,3.9,,,,,,,,0,,0,0,0,0,0,0,16.0,16.0,1.0,2.0,2,7.0,0,0,0,0,0.0,0.0,0.0,0.0,0,0,0,0,0.0,0.0,0.0,0.0,0,0,0,0,0.0,0.0,0.0,0.0,0,0,0,0,0.0,0.0,0.0,0.0,0,0,0,0,0.0,0.0,0.0,0.0,0,0,0,0,0.0,0.0,0.0,0.0,1,1,1,1,2.0,12.0,12.0,13.0,1,1,1,1,1.0,2.0,2.0,3.0,0,0,0,1,0.0,0.0,0.0,2.0,1,1,1,1,10000.0,0.029023746701847042,0.019425891212829623,,False,2026-10-16,0.016700519058167478,-0.02708317993969856,0.42842158438008127,0.0,True,next_open_gap_checked
HSHP,2026-09-16,18.2,18.7,18.18,18.39,18.152157,574775.0,0.0016339869281045,0.0165837479270316,0.0194013303769402,0.0811287477954143,0.1617182564750474,0.2833217027215631,0.0071634046562976,0.0183499433753885,0.0274832213940809,1.4972048615949989,1.648322104024986,-0.008714596949891,0.0285714285714285,18.86,7.37,-0.0249204665959702,1.4952510176390774,10570112.25,6738410.6115,18.39,18.7,,,,,,,,0,,0,0,0,0,0,0,,,0.0,0.0,0,0.0,0,0,0,0,0.0,0.0,0.0,0.0,0,0,0,0,0.0,0.0,0.0,0.0,0,0,0,0,0.0,0.0,0.0,0.0,0,0,0,0,0.0,0.0,0.0,0.0,0,0,0,0,0.0,0.0,0.0,0.0,0,0,0,0,0.0,0.0,0.0,0.0,0,0,0,0,0.0,0.0,0.0,0.0,0,0,0,0,0.0,0.0,0.0,0.0,0,0,0,0,0.0,0.0,0.0,0.0,0,0,0,0,10000.0,0.016856987493202746,0.0014840294806216857,,False,2026-10-16,0.004115181018112375,-0.016316059695223314,0.4088140678338914,0.0,True,next_open_gap_checked
HTFC,2026-09-16,24.89,25.0,24.85,25.0,25.0,6841.0,0.004419445560466,-0.0071485305798252,0.0008006405124099,0.0004001600640257,0.0020040080160321,0.0032102728731941,0.0073404349168073,0.003455520214797,0.0030379529352886,1.6061890283272486,1.969606088379391,0.0,0.0060265166733627,25.29,24.4,-0.011466982997232,0.0245901639344263,171025.0,106465.6713,25.0,24.81,,,,,,,,0,,0,0,0,0,0,0,6.0,6.0,1.0,1.0,1,8.0,0,0,0,0,0.0,0.0,0.0,0.0,0,0,0,0,0.0,0.0,0.0,0.0,0,0,0,0,0.0,0.0,0.0,0.0,0,0,0,0,0.0,0.0,0.0,0.0,0,0,0,0,0.0,0.0,0.0,0.0,0,0,0,0,0.0,0.0,0.0,0.0,1,1,1,1,1.0,1.0,1.0,3.0,0,0,0,0,0.0,0.0,0.0,0.0,0,0,0,1,0.0,0.0,0.0,2.0,1,1,1,1,10000.0,-0.007600000000000051,0.09392698959105704,,False,2026-10-16,0.011489773551030277,-0.026733470067141305,0.11779256062894328,0.0,False,next_open_gap_checked
HTLD,2026-09-16,12.31,12.47,11.675,11.88,11.88,1983738.0,-0.0511182108626196,-0.0372771474878443,-0.0286181520850368,-0.0025188916876573,-0.0682352941176469,-0.1912865895166779,0.0261461795844311,0.0214211023790904,0.0230073278140674,2.8390637208539813,2.820020611330147,-0.016773162939297,0.0645816409423233,16.635,6.995,-0.2858431018935978,0.6983559685489635,23566807.44,8592421.713499999,11.88,12.03,,,,,,,,0,,0,0,0,0,0,0,0.0,537.0,1.0,1.0,1,8.0,0,0,0,0,0.0,0.0,0.0,0.0,0,0,0,0,0.0,0.0,0.0,0.0,0,0,0,1,0.0,0.0,0.0,18.0,0,0,0,0,0.0,0.0,0.0,0.0,0,0,0,0,0.0,0.0,0.0,0.0,0,0,0,0,0.0,0.0,0.0,0.0,0,0,0,1,0.0,0.0,0.0,6.0,0,0,0,1,0.0,0.0,0.0,8.0,0,0,0,0,0.0,0.0,0.0,0.0,0,0,0,1,10000.0,0.012626262626262541,0.0011638162480187026,,False,2026-10-16,0.01628493418576495,-0.018416836122572777,0.3994554434210075,0.0,True,next_open_gap_checked
HUIZ,2026-09-16,1.52,1.59,1.44,1.44,1.44,54554.0,-0.0828025477707007,-0.0588235294117647,-0.027027027027027,-0.0557377049180327,0.1900826446280992,0.180327868852459,0.069585880253058,0.099694570118461,0.0895512016690854,0.0124564637982108,0.0276867090744972,-0.0318471337579617,0.0986842105263158,4.53,1.04,-0.6821192052980133,0.3846153846153846,78557.76,7998927.77975,1.44,1.56,,,,,,,,0,,0,0,0,0,0,0,,,0.0,0.0,0,0.0,0,0,0,0,0.0,0.0,0.0,0.0,0,0,0,0,0.0,0.0,0.0,0.0,0,0,0,0,0.0,0.0,0.0,0.0,0,0,0,0,0.0,0.0,0.0,0.0,0,0,0,0,0.0,0.0,0.0,0.0,0,0,0,0,0.0,0.0,0.0,0.0,0,0,0,0,0.0,0.0,0.0,0.0,0,0,0,0,0.0,0.0,0.0,0.0,0,0,0,0,0.0,0.0,0.0,0.0,0,0,0,0,10000.0,0.08333333333333348,0.0012501675568712964,,False,2026-10-16,0.004115181018112375,-0.00876086617092138,0.40531615735205834,0.0,True,next_open_gap_checked
HVII,2026-09-16,9.73,11.0,9.52,10.15,10.15,119014.0,0.0639412997903565,-0.0420009438414347,-0.0601851851851852,0.2996158770806658,-0.0351711026615968,-0.0287081339712917,0.0478200344362813,0.1080185704826064,0.0613316963200729,1.1971029493046303,1.6031516858838897,0.0199161425576521,0.1521068859198356,12.05,6.25,-0.1576763485477178,0.6240000000000001,1207992.1,785579.9549999998,10.15,9.775,,,,,,,,0,,0,0,0,0,0,0,22.0,22.0,2.0,3.0,4,8.0,0,0,0,0,0.0,0.0,0.0,0.0,0,0,0,0,0.0,0.0,0.0,0.0,0,0,0,0,0.0,0.0,0.0,0.0,0,0,0,0,0.0,0.0,0.0,0.0,0,0,0,0,0.0,0.0,0.0,0.0,0,0,0,0,0.0,0.0,0.0,0.0,1,1,1,1,49.0,57.0,91.0,301.0,1,1,1,1,1.0,1.0,1.0,7.0,0,0,0,1,0.0,0.0,0.0,34.0,1,1,1,1,10000.0,-0.036945812807881784,0.012729449034885319,,False,2026-10-16,0.014294254948583392,-0.01407625119861213,0.41436386350932675,0.0,True,next_open_gap_checked
HXL,2026-09-16,91.59,93.0,90.555,91.08,91.08,791714.0,-0.0030647985989492,-0.0178995039896484,0.0072992700729925,-0.0108601216333622,-0.0998220992290966,-0.0814844695441709,0.0190750003770926,0.0157993153178282,0.0168767220655251,1.054164060817946,0.84093972423004,0.0025175131348511,0.0266950540452013,111.735,60.26,-0.1848570277889649,0.5114503816793894,72109311.12,69604841.8735,91.08,92.35,,,,,,,,0,,0,0,0,0,0,0,48.0,328.0,0.0,1.0,1,8.0,0,0,0,0,0.0,0.0,0.0,0.0,0,0,0,0,0.0,0.0,0.0,0.0,0,0,0,0,0.0,0.0,0.0,0.0,0,0,0,0,0.0,0.0,0.0,0.0,0,0,0,0,0.0,0.0,0.0,0.0,0,0,0,0,0.0,0.0,0.0,0.0,0,0,0,1,0.0,0.0,0.0,5.0,0,0,0,1,0.0,0.0,0.0,2.0,0,0,0,0,0.0,0.0,0.0,0.0,0,0,0,1,10000.0,0.013943785682916099,0.00014366816633495157,,False,2026-10-16,0.01336564712267863,-0.02465291489136744,0.31121975313522776,0.0,True,next_open_gap_checked
HYFT,2026-09-16,1.14,1.14,1.06,1.13,1.13,391672.0,-0.0216450216450218,-0.1340996168582375,-0.1240310077519381,-0.1307692307692308,-0.1503759398496241,-0.2466666666666667,0.0629149303954158,0.0442127675748184,0.0504623081096204,2.8787208951499603,1.9029010586706612,-0.0129870129870131,0.0701754385964911,2.99,0.99,-0.6220735785953178,0.1414141414141412,442589.36,175009.87699999998,1.13,1.15,,,,,,,,0,,0,0,0,0,0,0,,,0.0,0.0,0,0.0,0,0,0,0,0.0,0.0,0.0,0.0,0,0,0,0,0.0,0.0,0.0,0.0,0,0,0,0,0.0,0.0,0.0,0.0,0,0,0,0,0.0,0.0,0.0,0.0,0,0,0,0,0.0,0.0,0.0,0.0,0,0,0,0,0.0,0.0,0.0,0.0,0,0,0,0,0.0,0.0,0.0,0.0,0,0,0,0,0.0,0.0,0.0,0.0,0,0,0,0,0.0,0.0,0.0,0.0,0,0,0,0,10000.0,0.017699115044247815,0.0571396321820168,,False,2026-10-16,0.004115181018112375,0.008845050083851592,0.4423065516848773,0.0002509678791714523,False,next_open_gap_checked
HYPR,2026-09-16,0.785,0.8014,0.7726,0.7742,0.7742,326880.0,-0.0336994508237643,-0.020124034932287,-0.0211151852320141,-0.0450228197853705,-0.1356480964608686,-0.4804026845637583,0.0188887282276996,0.0211788279744397,0.0383115129474973,0.7489118748972589,0.3585581788561572,-0.0202196704942586,0.036687898089172,2.22,0.7726,-0.6512612612612613,0.0020709293295366,253070.496,366911.08033499995,0.7742,0.8017,,,,,,,,0,,0,0,0,0,0,0,40.0,1441.0,0.0,1.0,1,8.0,0,0,0,0,0.0,0.0,0.0,0.0,0,0,0,0,0.0,0.0,0.0,0.0,0,0,0,1,0.0,0.0,0.0,4.0,0,0,0,0,0.0,0.0,0.0,0.0,0,0,0,0,0.0,0.0,0.0,0.0,0,0,0,0,0.0,0.0,0.0,0.0,0,0,0,1,0.0,0.0,0.0,12.0,0,0,0,0,0.0,0.0,0.0,0.0,0,0,0,1,0.0,0.0,0.0,9.0,0,0,0,1,10000.0,0.03552053732885563,0.027254559853765452,,False,2026-10-16,0.011415023437894854,0.0041053145925855905,0.4325515540094913,0.00018972419699703856,False,next_open_gap_checked
HZO,2026-09-16,52.48,52.48,52.27,52.34,52.34,998176.0,-0.0030476190476189,0.0024899444550852,0.0032585777266629,0.0042210283960093,0.0030663089306248,0.5027275337352859,0.0030969577303216,0.0016398401460638,0.0625403483671132,1.361648816024572,1.5645757244173886,-0.0003809523809524,0.0040015243902437,52.5,21.42,-0.0030476190476189,1.4435107376283844,52244531.84,38270497.934,52.34,52.48,,,,,,,,0,,0,0,0,0,0,0,28.0,28.0,1.0,1.0,1,8.0,0,0,0,0,0.0,0.0,0.0,0.0,0,0,0,0,0.0,0.0,0.0,0.0,0,0,0,0,0.0,0.0,0.0,0.0,0,0,0,0,0.0,0.0,0.0,0.0,0,0,0,0,0.0,0.0,0.0,0.0,0,0,0,0,0.0,0.0,0.0,0.0,1,1,1,1,4.0,4.0,4.0,5.0,1,1,1,1,1.0,1.0,1.0,1.0,0,0,0,0,0.0,0.0,0.0,0.0,1,1,1,1,10000.0,0.0026748184944591635,0.0002612978806088612,,False,2026-10-16,0.03879922248708601,-0.006842253983291878,0.15535300392883203,0.0,True,next_open_gap_checked
IAG,2026-09-16,20.09,20.17,19.145,19.48,19.48,6014727.0,-0.0081466395112016,-0.0384995064165845,-0.0516066212268743,0.0098496630378435,0.0709180868609125,0.1519810762862212,0.0128940041275762,0.034505483003608,0.0378445195643165,1.2589755398625917,1.1928332712501928,0.0229124236252544,0.0510204081632654,24.87,10.76,-0.2167269802975472,0.8104089219330857,117166881.96,98073541.676,19.48,20.1,,,,,,,,0,,0,0,0,0,0,0,,,0.0,0.0,0,0.0,0,0,0,0,0.0,0.0,0.0,0.0,0,0,0,0,0.0,0.0,0.0,0.0,0,0,0,0,0.0,0.0,0.0,0.0,0,0,0,0,0.0,0.0,0.0,0.0,0,0,0,0,0.0,0.0,0.0,0.0,0,0,0,0,0.0,0.0,0.0,0.0,0,0,0,0,0.0,0.0,0.0,0.0,0,0,0,0,0.0,0.0,0.0,0.0,0,0,0,0,0.0,0.0,0.0,0.0,0,0,0,0,10000.0,0.03182751540041062,0.00010196429973984659,,False,2026-10-16,0.004115181018112375,-0.011801850214737434,0.4443351911506075,0.0,True,next_open_gap_checked
IBKR,2026-09-16,88.99,89.09,84.96,86.74,86.74,3682947.0,-0.0231981981981982,-0.0506730874466455,-0.0392113424900311,-0.0403805730722425,-0.0421819787985866,-0.1041107209254286,0.0180626824047996,0.0277642150662837,0.0268676427957817,0.9791978611011908,0.8563748790219374,0.0021396396396395,0.0464097089560625,98.75,58.95,-0.121620253164557,0.4714164546225614,319458822.78,347724108.72249997,86.74,88.72,,,,,,,,0,,0,0,0,0,0,0,47.0,557.9583333333334,0.0,1.0,1,8.0,0,0,0,0,0.0,0.0,0.0,0.0,0,0,0,0,0.0,0.0,0.0,0.0,0,0,0,1,0.0,0.0,0.0,7.0,0,0,0,0,0.0,0.0,0.0,0.0,0,0,0,0,0.0,0.0,0.0,0.0,0,0,0,0,0.0,0.0,0.0,0.0,0,0,0,0,0.0,0.0,0.0,0.0,0,0,0,1,0.0,0.0,0.0,3.0,0,0,0,0,0.0,0.0,0.0,0.0,0,0,0,1,10000.0,0.022826838828683416,2.8758431610448e-05,,False,2026-10-16,0.0077180283547133655,-0.014440555103446653,0.43497806316024057,0.0,True,next_open_gap_checked
IBM,2026-09-16,240.5,243.34,235.41,237.49,237.49,6151373.0,-0.0438056125941136,-0.0238398618932137,-0.0102108860548469,0.0263180639585134,0.0207160355868827,-0.0584013956070097,0.0341355714313193,0.0223861955530061,0.0400212721456047,1.345579544861201,0.7199542375162636,-0.0316865966098965,0.032972972972973,332.46,199.19,-0.285658425073693,0.1922787288518501,1460889573.77,1083019093.211,237.49,238.58,,,,,,,,0,,0,0,0,0,0,0,30.0,1622.0,0.0,1.0,1,8.0,0,0,0,0,0.0,0.0,0.0,0.0,0,0,0,0,0.0,0.0,0.0,0.0,0,0,0,0,0.0,0.0,0.0,0.0,0,0,0,0,0.0,0.0,0.0,0.0,0,0,0,0,0.0,0.0,0.0,0.0,0,0,0,0,0.0,0.0,0.0,0.0,0,0,0,1,0.0,0.0,0.0,1.0,0,0,0,1,0.0,0.0,0.0,2.0,0,0,0,0,0.0,0.0,0.0,0.0,0,0,0,1,10000.0,0.004589666933344505,9.233447556636697e-06,,False,2026-10-16,0.00706761816404637,-0.00952147492467239,0.4283025175443253,0.0,True,next_open_gap_checked
ICCM,2026-09-16,2.06,2.14,2.02,2.06,2.06,81473.0,0.0048780487804878,-0.0678733031674208,-0.0236966824644548,-0.0964912280701753,-0.2076923076923077,-0.6526138279932546,0.0336041798246773,0.0245105268423961,0.0912205444412343,0.4842288195581537,0.1426334887901943,0.0048780487804878,0.058252427184466,42.0,2.02,-0.950952380952381,0.0198019801980198,167834.38,386955.282499994,2.06,2.11,,,,,,,,0,,0,0,0,0,0,0,,,0.0,0.0,0,0.0,0,0,0,0,0.0,0.0,0.0,0.0,0,0,0,0,0.0,0.0,0.0,0.0,0,0,0,0,0.0,0.0,0.0,0.0,0,0,0,0,0.0,0.0,0.0,0.0,0,0,0,0,0.0,0.0,0.0,0.0,0,0,0,0,0.0,0.0,0.0,0.0,0,0,0,0,0.0,0.0,0.0,0.0,0,0,0,0,0.0,0.0,0.0,0.0,0,0,0,0,0.0,0.0,0.0,0.0,0,0,0,0,10000.0,0.024271844660194164,0.025842779391440807,,False,2026-10-16,0.004115181018112375,-0.05168836929324286,0.40979939941365684,0.0,False,next_open_gap_checked
IDR,2026-09-16,29.03,29.03,27.55,28.0,28.0,215777.0,-0.0274400833622785,-0.0941442898738272,-0.1094147582697201,-0.0967741935483871,-0.0607178799060716,-0.1951710261569416,0.0267973892266196,0.0381788229431112,0.0399782590768168,1.0125360443536182,0.9453522601132004,0.0083362278568948,0.0509817430244574,54.7,26.02,-0.4881170018281535,0.0760953112990008,6041756.0,6724582.392999999,28.0,28.99,,,,,,,,0,,0,0,0,0,0,0,33.0,1560.0,0.0,1.0,1,8.0,0,0,0,0,0.0,0.0,0.0,0.0,0,0,0,0,0.0,0.0,0.0,0.0,0,0,0,0,0.0,0.0,0.0,0.0,0,0,0,0,0.0,0.0,0.0,0.0,0,0,0,0,0.0,0.0,0.0,0.0,0,0,0,0,0.0,0.0,0.0,0.0,0,0,0,1,0.0,0.0,0.0,8.0,0,0,0,1,0.0,0.0,0.0,1.0,0,0,0,0,0.0,0.0,0.0,0.0,0,0,0,1,10000.0,0.035357142857142865,0.0014870811918981867,,False,2026-10-16,0.017035854262336125,-0.006765665328917485,0.44759023995988373,0.0,True,next_open_gap_checked
IGIC,2026-09-16,25.33,25.67,25.0,25.1,25.1,147102.0,-0.0153001176932129,-0.0342439399769141,-0.0383141762452107,-0.0430804422417079,-0.064131245339299,-0.0019880715705764,0.0056968438702734,0.0121724105555436,0.0173245712539357,2.056809681275736,1.630197963111408,-0.0062769713613182,0.0264508487958942,29.585,20.82,-0.1515970931215142,0.2055715658021133,3692260.2,1880433.594,25.1,25.29,,,,,,,,0,,0,0,0,0,0,0,1146.0,1146.0,0.0,0.0,0,1.0,0,0,0,0,0.0,0.0,0.0,0.0,0,0,0,0,0.0,0.0,0.0,0.0,0,0,0,0,0.0,0.0,0.0,0.0,0,0,0,0,0.0,0.0,0.0,0.0,0,0,0,0,0.0,0.0,0.0,0.0,0,0,0,0,0.0,0.0,0.0,0.0,0,0,0,1,0.0,0.0,0.0,7.0,0,0,0,0,0.0,0.0,0.0,0.0,0,0,0,1,0.0,0.0,0.0,21.0,0,0,0,1,10000.0,0.007569721115537664,0.0053179224365633194,,False,2026-10-16,0.004115181018112375,-0.02671972467499369,0.35012877231895584,0.0,True,next_open_gap_checked
IMNN,2026-09-16,1.4,1.48,1.38,1.41,1.41,69559.0,0.0071428571428571,-0.0408163265306122,-0.0662251655629139,-0.1187500000000001,-0.1075949367088608,-0.2166666666666667,0.0269907446919683,0.0237204418301748,0.0299414125635371,0.6072635208869877,0.4923752468636227,0.0,0.0714285714285715,5.705,1.38,-0.7528483786152498,0.0217391304347827,98078.19,172096.69324999995,1.41,1.41,,,,,,,,0,,0,0,0,0,0,0,35.0,477.0,0.0,1.0,1,8.0,0,0,0,0,0.0,0.0,0.0,0.0,0,0,0,0,0.0,0.0,0.0,0.0,0,0,0,0,0.0,0.0,0.0,0.0,0,0,0,0,0.0,0.0,0.0,0.0,0,0,0,0,0.0,0.0,0.0,0.0,0,0,0,0,0.0,0.0,0.0,0.0,0,0,0,1,0.0,0.0,0.0,3.0,0,0,0,0,0.0,0.0,0.0,0.0,0,0,0,1,0.0,0.0,0.0,30.0,0,0,0,1,10000.0,0.0,0.05810686894182961,,False,2026-10-16,0.016762618035639974,-0.017765213172166974,0.4194514296988149,0.0,False,next_open_gap_checked
IMOS,2026-09-16,54.8,55.576,54.19,54.75,54.75,67887.0,0.0373247442212958,-0.0104825591903126,-0.0623394416852201,-0.0440020953378732,0.0206935123042506,-0.2210840802390099,0.0303022994257003,0.0257039691501091,0.0516882534891366,1.0974341150748266,0.6506738095812414,0.0382720727548313,0.0252919708029197,78.35,18.302,-0.3012125079770261,1.9914763413834553,3716813.25,3424500.818,54.75,55.19,,,,,,,,0,,0,0,0,0,0,0,,,0.0,0.0,0,0.0,0,0,0,0,0.0,0.0,0.0,0.0,0,0,0,0,0.0,0.0,0.0,0.0,0,0,0,0,0.0,0.0,0.0,0.0,0,0,0,0,0.0,0.0,0.0,0.0,0,0,0,0,0.0,0.0,0.0,0.0,0,0,0,0,0.0,0.0,0.0,0.0,0,0,0,0,0.0,0.0,0.0,0.0,0,0,0,0,0.0,0.0,0.0,0.0,0,0,0,0,0.0,0.0,0.0,0.0,0,0,0,0,10000.0,0.008036529680365279,0.00292013362865548,,False,2026-10-16,0.004115181018112375,-0.012764690837191098,0.4307519848845466,0.0,True,next_open_gap_checked
INOD,2026-09-16,54.48,55.46,53.37,55.41,55.41,760840.0,0.0191281956961559,0.0413456117271189,0.0140922401171301,0.0140922401171301,-0.1007789678675754,-0.3889501543890605,0.0265025430716466,0.0353803211335692,0.0409015981398046,0.8155757779653795,0.6287656915608594,0.0020231745447856,0.0383627019089574,125.14,34.23,-0.5572159181716478,0.6187554776511832,42158144.4,53161067.268499985,55.41,57.89,,,,,,,,0,,0,0,0,0,0,0,1.0,2315.0,1.0,1.0,1,8.0,0,0,0,0,0.0,0.0,0.0,0.0,0,0,0,0,0.0,0.0,0.0,0.0,0,0,0,0,0.0,0.0,0.0,0.0,0,0,0,0,0.0,0.0,0.0,0.0,0,0,0,0,0.0,0.0,0.0,0.0,0,0,0,0,0.0,0.0,0.0,0.0,0,0,0,1,0.0,0.0,0.0,8.0,0,0,0,1,0.0,0.0,0.0,1.0,0,0,0,0,0.0,0.0,0.0,0.0,0,0,0,1,10000.0,0.04475726403176328,0.00018810758537809476,,False,2026-10-16,0.012232503008489158,-0.00952147492467239,0.42172743886727404,0.0,True,next_open_gap_checked
INSG,2026-09-16,4.21,4.215,4.0,4.11,4.11,220844.0,-0.007246376811594,-0.0805369127516777,-0.0441860465116278,0.0123152709359608,-0.0508083140877597,-0.6017441860465116,0.0343972475906861,0.0392295906623344,0.0528228216257559,0.917353488935278,0.6987113800665532,0.0169082125603865,0.0510688836104512,21.9,3.93,-0.8123287671232876,0.0458015267175573,907668.84,1028421.7274999998,4.11,4.245,,,,,,,,0,,0,0,0,0,0,0,1.0,652.9583333333334,1.0,1.0,1,8.0,0,0,0,1,0.0,0.0,0.0,1.0,0,0,0,1,0.0,0.0,0.0,1.0,0,0,0,1,0.0,0.0,0.0,7.0,0,0,0,0,0.0,0.0,0.0,0.0,0,0,0,0,0.0,0.0,0.0,0.0,0,0,0,1,0.0,0.0,0.0,1.0,0,0,0,1,0.0,0.0,0.0,28.0,0,0,0,1,0.0,0.0,0.0,3.0,0,0,0,0,0.0,0.0,0.0,0.0,0,0,0,1,10000.0,0.03284671532846706,0.009723637426748165,,False,2026-10-16,0.00892303931183562,-0.014293097027625084,0.41599626134319384,0.0,True,next_open_gap_checked
INTG,2026-09-16,36.21,37.47,35.91,37.3,37.3,72106.0,0.0378408458542014,-0.0116587175410706,-0.0386597938144329,0.0774119006354707,0.0629809062410942,-0.0801479654747225,0.0300510949907855,0.03042412031633,0.0404601579313941,0.7293472076468878,0.7039441837912684,0.0075125208681137,0.0430820215410108,52.0,16.882,-0.2826923076923078,1.2094538561781776,2689553.8,3517688.3115000003,37.3,37.885,,,,,,,,0,,0,0,0,0,0,0,113.0,2412.9583333333335,0.0,0.0,1,8.0,0,0,0,0,0.0,0.0,0.0,0.0,0,0,0,0,0.0,0.0,0.0,0.0,0,0,0,1,0.0,0.0,0.0,12.0,0,0,0,0,0.0,0.0,0.0,0.0,0,0,0,0,0.0,0.0,0.0,0.0,0,0,0,0,0.0,0.0,0.0,0.0,0,0,0,1,0.0,0.0,0.0,1.0,0,0,0,1,0.0,0.0,0.0,9.0,0,0,0,0,0.0,0.0,0.0,0.0,0,0,0,1,10000.0,0.015683646112600647,0.0028427760263204887,,False,2026-10-16,0.012955467563228571,-0.01047232075579381,0.41644265248050105,0.0,True,next_open_gap_checked
INVX,2026-09-16,29.93,30.12,28.79,29.33,29.33,658732.0,-0.0207011686143573,-0.0265516096913375,-0.0170911528150135,-0.0304132231404958,-0.0271973466003316,0.143024162120031,0.0261379108587579,0.0225331144492649,0.0287181151958427,0.9031394052100674,1.047183551692194,-0.0006677796327211,0.0444370197126629,33.71,16.68,-0.1299317709878374,0.7583932853717026,19320609.56,21740849.0405,29.33,29.56,,,,,,,,0,,0,0,0,0,0,0,36.0,36.0,0.0,1.0,1,8.0,0,0,0,0,0.0,0.0,0.0,0.0,0,0,0,0,0.0,0.0,0.0,0.0,0,0,0,0,0.0,0.0,0.0,0.0,0,0,0,0,0.0,0.0,0.0,0.0,0,0,0,0,0.0,0.0,0.0,0.0,0,0,0,0,0.0,0.0,0.0,0.0,0,1,1,1,0.0,1.0,1.0,3.0,0,0,0,1,0.0,0.0,0.0,4.0,0,0,0,0,0.0,0.0,0.0,0.0,0,1,1,1,10000.0,0.007841800204568816,0.0004599636371777143,,False,2026-10-16,0.02096866240726759,-0.016560249885306494,0.39599473704606264,0.0,True,next_open_gap_checked
IPI,2026-09-16,38.62,38.86,37.805,38.17,38.17,123107.0,-0.0121635610766045,-0.0380544354838708,-0.0748909355307803,-0.0621621621621621,0.0483383685800604,0.1102385107620709,0.014091189899443,0.0220446891841556,0.0221955775977162,0.5660423771968242,0.6074047357606597,-0.0005175983436853,0.0273174520973588,50.34,22.55,-0.2417560588001589,0.6926829268292682,4698994.19,8538638.908999998,38.17,38.56,,,,,,,,0,,0,0,0,0,0,0,42.0,2352.0,0.0,1.0,1,8.0,0,0,0,0,0.0,0.0,0.0,0.0,0,0,0,0,0.0,0.0,0.0,0.0,0,0,0,0,0.0,0.0,0.0,0.0,0,0,0,0,0.0,0.0,0.0,0.0,0,0,0,0,0.0,0.0,0.0,0.0,0,0,0,0,0.0,0.0,0.0,0.0,0,0,0,1,0.0,0.0,0.0,3.0,0,0,0,1,0.0,0.0,0.0,1.0,0,0,0,0,0.0,0.0,0.0,0.0,0,0,0,1,10000.0,0.010217448257794137,0.0011711468427900939,,False,2026-10-16,0.020679496093115205,-0.017780721308677708,0.41087469746382793,0.0,True,next_open_gap_checked
IPWR,2026-09-16,4.25,4.27,3.8,3.89,3.89,607384.0,-0.0738095238095237,-0.1878914405010437,-0.2012320328542094,-0.1793248945147679,-0.2061224489795918,-0.3395585738539898,0.0381846228329932,0.0448714522916613,0.05330490217413,3.503619656320122,3.003182498081758,0.0119047619047618,0.1105882352941175,9.3,2.615,-0.5817204301075269,0.4875717017208412,2362723.76,794165.2155000006,3.89,4.04,,,,,,,,0,,0,0,0,0,0,0,34.0,,0.0,1.0,1,8.0,0,0,0,0,0.0,0.0,0.0,0.0,0,0,0,0,0.0,0.0,0.0,0.0,0,0,0,0,0.0,0.0,0.0,0.0,0,0,0,0,0.0,0.0,0.0,0.0,0,0,0,0,0.0,0.0,0.0,0.0,0,0,0,0,0.0,0.0,0.0,0.0,0,0,0,0,0.0,0.0,0.0,0.0,0,0,0,0,0.0,0.0,0.0,0.0,0,0,0,0,0.0,0.0,0.0,0.0,0,0,0,0,10000.0,0.03856041131105403,0.012591838328884844,,False,2026-10-16,0.0120847869044394,-0.007083227220533956,0.44759023995988373,0.0,True,next_open_gap_checked
IPXG,2026-09-16,10.05,10.06,10.05,10.055,10.055,32840.0,0.0004975124378108,-0.0004970178926442,0.0014940239043825,-0.0009935419771485,0.0034930139720559,0.0075150300601201,0.0012967474856932,0.0014996983990242,0.0024643895818149,0.3272502063998142,0.1793378479676682,0.0,0.0009950248756218,10.22,9.756,-0.0161448140900196,0.0306478064780646,330206.2,1008239.056,10.055,10.06,,,,,,,,0,,0,0,0,0,0,0,21.0,21.0,1.0,5.0,5,8.0,0,0,0,0,0.0,0.0,0.0,0.0,0,1,1,1,0.0,2.0,2.0,2.0,0,0,0,0,0.0,0.0,0.0,0.0,0,0,0,0,0.0,0.0,0.0,0.0,0,0,0,0,0.0,0.0,0.0,0.0,0,0,0,0,0.0,0.0,0.0,0.0,1,1,1,1,5.0,375.0,375.0,382.0,0,1,1,1,0.0,5.0,5.0,5.0,1,1,1,1,2.0,83.0,83.0,129.0,1,1,1,1,10000.0,0.0004972650422676583,0.00991828271330128,,False,2026-10-16,0.009832324362203103,-0.026733470067141305,0.11779256062894328,0.0,True,next_open_gap_checked
IRHO,2026-09-16,10.06,10.06,10.06,10.06,10.06,3238.0,-0.0009930486593843,0.0,0.0009950248756218,0.0009950248756218,0.0049950049950051,0.0,0.0008315526597889,0.0008634748365819,0.000845383920457,0.0318172639609545,0.0443437926678903,-0.0009930486593843,0.0,10.14,9.85,-0.0078895463510848,0.0213197969543148,32574.28,1022114.6445,10.06,10.07,,,,,,,,0,,0,0,0,0,0,0,15.0,15.0,2.0,3.0,6,8.0,0,0,0,0,0.0,0.0,0.0,0.0,0,0,0,0,0.0,0.0,0.0,0.0,0,0,0,0,0.0,0.0,0.0,0.0,0,0,0,0,0.0,0.0,0.0,0.0,0,0,0,0,0.0,0.0,0.0,0.0,0,0,0,0,0.0,0.0,0.0,0.0,1,1,1,1,40.0,61.0,339.0,351.0,0,0,0,0,0.0,0.0,0.0,0.0,0,0,1,1,0.0,0.0,13.0,17.0,1,1,1,1,10000.0,0.0009940357852882276,0.009783638316709392,,False,2026-10-16,0.01122766297379291,-0.026733470067141305,0.11779256062894328,0.0,True,next_open_gap_checked
IRMD,2026-09-16,82.27,83.88,82.01,82.58,82.58,115961.0,0.00206285644946,0.0043784967161275,-0.0117280995691718,-0.0439916647372076,-0.0567675613934893,-0.0993565274293816,0.0102607914788649,0.0111086662078192,0.0177873314323488,1.108243469318808,0.9265466181060424,-0.0016988229583788,0.0227300352497871,107.9,67.842,-0.2346617238183503,0.2172400577813154,9576059.38,8872646.742500002,82.58,83.11,,,,,,,,0,,0,0,0,0,0,0,47.0,1891.0,0.0,1.0,1,8.0,0,0,0,0,0.0,0.0,0.0,0.0,0,0,0,0,0.0,0.0,0.0,0.0,0,0,0,1,0.0,0.0,0.0,2.0,0,0,0,0,0.0,0.0,0.0,0.0,0,0,0,0,0.0,0.0,0.0,0.0,0,0,0,0,0.0,0.0,0.0,0.0,0,0,0,0,0.0,0.0,0.0,0.0,0,0,0,0,0.0,0.0,0.0,0.0,0,0,0,0,0.0,0.0,0.0,0.0,0,0,0,1,10000.0,0.006418018890772537,0.0011270594096911323,,False,2026-10-16,0.008806504558148246,-0.02465291489136744,0.3280160994613744,0.0,True,next_open_gap_checked
ITRN,2026-09-16,51.62,52.11,51.0,51.55,51.55,98004.0,0.0,-0.0212644769318398,0.0044816835541698,0.0095965530748138,-0.0088444529898096,-0.1969154073843277,0.0142986567122855,0.0119041342294473,0.0175225857174802,0.969262767290497,0.7103563064622631,0.0013579049466536,0.0215032932971716,68.304,33.981,-0.2452857812133989,0.5170242194167327,5052106.2,5184108.117500001,51.55,52.22,,,,,,,,0,,0,0,0,0,0,0,,,0.0,0.0,0,0.0,0,0,0,0,0.0,0.0,0.0,0.0,0,0,0,0,0.0,0.0,0.0,0.0,0,0,0,0,0.0,0.0,0.0,0.0,0,0,0,0,0.0,0.0,0.0,0.0,0,0,0,0,0.0,0.0,0.0,0.0,0,0,0,0,0.0,0.0,0.0,0.0,0,0,0,0,0.0,0.0,0.0,0.0,0,0,0,0,0.0,0.0,0.0,0.0,0,0,0,0,0.0,0.0,0.0,0.0,0,0,0,0,10000.0,0.01299709020368578,0.0019289721150380693,,False,2026-10-16,0.004115181018112375,-0.024186119934450634,0.36060648936707607,0.0,True,next_open_gap_checked
IVT,2026-09-16,31.47,31.6,30.65,30.82,30.82,876679.0,-0.0131284021773935,-0.0326428123038292,-0.0467058459635013,-0.0525668613587457,-0.0772455089820358,-0.1056297156123041,0.0049830942338791,0.0065354999422351,0.0109142015604692,1.5134844822691311,1.3084672986408474,0.0076849183477425,0.0301874801398157,37.22,26.81,-0.1719505642127887,0.1495710555762774,27019246.78,18726919.6975,30.82,31.02,,,,,,,,0,,0,0,0,0,0,0,43.0,2942.0,0.0,1.0,1,8.0,0,0,0,0,0.0,0.0,0.0,0.0,0,0,0,0,0.0,0.0,0.0,0.0,0,0,0,1,0.0,0.0,0.0,1.0,0,0,0,0,0.0,0.0,0.0,0.0,0,0,0,0,0.0,0.0,0.0,0.0,0,0,0,0,0.0,0.0,0.0,0.0,0,0,0,0,0.0,0.0,0.0,0.0,0,0,0,1,0.0,0.0,0.0,1.0,0,0,0,0,0.0,0.0,0.0,0.0,0,0,0,1,10000.0,0.006489292667099189,0.0005339906488377251,,False,2026-10-16,0.010151438883400636,-0.02401680007747237,0.27719441062319156,0.0,True,next_open_gap_checked
IVZ,2026-09-16,30.86,31.045,29.555,30.08,30.08,4320286.0,-0.0227420402858999,-0.0681536555142503,-0.0626363353069493,-0.0597061581744294,-0.071031500926498,0.0451702571230019,0.0154448035331325,0.017137403072558,0.0228107047536884,1.3020541754602877,0.9510006601532816,0.0025990903183885,0.0482825664290344,33.66,20.67,-0.1063576945929887,0.4552491533623606,129954202.88,106465593.031,30.08,30.65,,,,,,,,0,,0,0,0,0,0,0,5.0,485.0,1.0,1.0,1,8.0,0,0,0,0,0.0,0.0,0.0,0.0,0,0,0,0,0.0,0.0,0.0,0.0,0,0,0,1,0.0,0.0,0.0,2.0,0,0,0,0,0.0,0.0,0.0,0.0,0,0,0,0,0.0,0.0,0.0,0.0,0,0,0,0,0.0,0.0,0.0,0.0,0,0,0,1,0.0,0.0,0.0,5.0,0,0,0,0,0.0,0.0,0.0,0.0,0,0,0,0,0.0,0.0,0.0,0.0,0,0,0,1,10000.0,0.018949468085106336,9.392705864220623e-05,,False,2026-10-16,0.02438161409120163,-0.01566102652681787,0.42295140426865013,0.0,True,next_open_gap_checked
JAZZ,2026-09-16,242.93,244.36,241.76,243.59,243.59,602214.0,0.0114603662334427,-0.0089910496338486,0.0094484273341344,-0.0004923884945221,-0.037459991306753,0.0782135269121813,0.0160711608810067,0.0192252033767775,0.0179993908882987,0.5966266806299031,0.7020169403404388,0.0087198438732716,0.0107026715514758,266.375,124.47,-0.0855373064289065,0.9570177552823976,146693308.26,250953328.24474996,243.59,246.59,,,,,,,,0,,0,0,0,0,0,0,1.0,1.0,1.0,1.0,1,8.0,0,0,0,1,0.0,0.0,0.0,4.0,0,0,0,0,0.0,0.0,0.0,0.0,0,0,0,1,0.0,0.0,0.0,1.0,0,0,0,0,0.0,0.0,0.0,0.0,0,0,0,0,0.0,0.0,0.0,0.0,0,0,0,0,0.0,0.0,0.0,0.0,1,1,1,1,2.0,2.0,2.0,11.0,0,0,0,1,0.0,0.0,0.0,12.0,0,0,0,0,0.0,0.0,0.0,0.0,1,1,1,1,10000.0,0.012315776509708831,3.98480469254713e-05,,False,2026-10-16,0.005834468156877945,-0.02465291489136744,0.30323925591565454,0.0,True,next_open_gap_checked
JBDI,2026-09-16,1.15,1.195,1.15,1.19,1.19,2452.0,0.017094017094017,-0.0083333333333333,-0.0083333333333333,-0.1119402985074627,-0.1313868613138686,-0.0041841004184101,0.0548764250844109,0.0530379811071936,0.0662444645627777,0.1264031549237688,0.0419654623560218,-0.0170940170940171,0.0391304347826088,4.56,0.7832,-0.7390350877192982,0.5194075587334013,2917.8799999999997,25364.8099,1.19,1.18,,,,,,,,0,,0,0,0,0,0,0,,,0.0,0.0,0,0.0,0,0,0,0,0.0,0.0,0.0,0.0,0,0,0,0,0.0,0.0,0.0,0.0,0,0,0,0,0.0,0.0,0.0,0.0,0,0,0,0,0.0,0.0,0.0,0.0,0,0,0,0,0.0,0.0,0.0,0.0,0,0,0,0,0.0,0.0,0.0,0.0,0,0,0,0,0.0,0.0,0.0,0.0,0,0,0,0,0.0,0.0,0.0,0.0,0,0,0,0,0.0,0.0,0.0,0.0,0,0,0,0,10000.0,-0.008403361344537785,0.3942469917742218,,False,2026-10-16,0.004115181018112375,0.008845050083851592,0.41047613336291927,0.0002329070737210883,False,next_open_gap_checked
JCAP,2026-09-16,21.27,21.27,20.345,20.49,20.49,223874.0,-0.0224236641221374,-0.0416276894293732,-0.0491879350348029,-0.0087082728592163,-0.1213550600343054,0.2074248674130818,0.016094796341096,0.0181945197232005,0.0243964671105473,0.8733702136806569,0.6298897564907774,0.0147900763358777,0.0434884814292431,24.44,15.5,-0.1616202945990181,0.3219354838709676,4587178.26,5537477.643,20.49,20.77,,,,,,,,0,,0,0,0,0,0,0,26.0,26.0,1.0,2.0,4,8.0,0,0,0,0,0.0,0.0,0.0,0.0,0,0,0,0,0.0,0.0,0.0,0.0,0,0,0,0,0.0,0.0,0.0,0.0,0,0,0,0,0.0,0.0,0.0,0.0,0,0,0,0,0.0,0.0,0.0,0.0,0,0,0,0,0.0,0.0,0.0,0.0,1,1,1,1,1.0,1.0,1.0,1.0,0,0,1,1,0.0,0.0,1.0,1.0,0,0,0,0,0.0,0.0,0.0,0.0,1,1,1,1,10000.0,0.01366520253782344,0.0018058763655039102,,False,2026-10-16,0.02865479620289513,-0.016040989389959473,0.38515512285860315,0.0,True,next_open_gap_checked
JMIA,2026-09-16,7.3,7.475,7.16,7.16,7.16,1327090.0,-0.0205198358413132,-0.0389261744966442,-0.0478723404255317,0.0376811594202897,0.1293375394321767,0.0848484848484849,0.0209766351367657,0.0285087669680141,0.0332486556643392,0.7997182675745756,0.754020154855123,-0.0013679890560874,0.0431506849315067,14.72,5.69,-0.5135869565217391,0.2583479789103691,9501964.4,11717079.664499978,7.16,7.38,,,,,,,,0,,0,0,0,0,0,0,,,0.0,0.0,0,0.0,0,0,0,0,0.0,0.0,0.0,0.0,0,0,0,0,0.0,0.0,0.0,0.0,0,0,0,0,0.0,0.0,0.0,0.0,0,0,0,0,0.0,0.0,0.0,0.0,0,0,0,0,0.0,0.0,0.0,0.0,0,0,0,0,0.0,0.0,0.0,0.0,0,0,0,0,0.0,0.0,0.0,0.0,0,0,0,0,0.0,0.0,0.0,0.0,0,0,0,0,0.0,0.0,0.0,0.0,0,0,0,0,10000.0,0.030726256983240274,0.0008534549807916447,,False,2026-10-16,0.004115181018112375,-0.012764690837191098,0.4275366990369139,0.0,True,next_open_gap_checked
KELYB,2026-09-16,22.3,22.75,22.29,22.29,22.29,6851.0,0.0045065344749886,-0.0088928412627834,-0.075103734439834,-0.0502769492969749,-0.0386025447487599,0.2766323024054982,0.0232355808868986,0.033771038651975,0.0428390288946361,1.84959706267464,2.405533675481768,0.0049571879224876,0.0206278026905829,125.0,8.38,-0.82168,1.659904534606205,152708.79,83528.98175,22.29,22.2,,,,,,,,0,,0,0,0,0,0,0,41.0,,0.0,1.0,1,8.0,0,0,0,0,0.0,0.0,0.0,0.0,0,0,0,0,0.0,0.0,0.0,0.0,0,0,0,0,0.0,0.0,0.0,0.0,0,0,0,0,0.0,0.0,0.0,0.0,0,0,0,0,0.0,0.0,0.0,0.0,0,0,0,0,0.0,0.0,0.0,0.0,0,0,0,0,0.0,0.0,0.0,0.0,0,0,0,0,0.0,0.0,0.0,0.0,0,0,0,0,0.0,0.0,0.0,0.0,0,0,0,0,10000.0,-0.004037685060565233,0.11971892617977471,,False,2026-10-16,0.027591753797518517,-0.03441188499257629,0.4104769850229536,0.0,False,next_open_gap_checked
KFY,2026-09-16,77.38,78.4,76.935,77.43,77.43,419899.0,-0.0052672147995888,-0.0020621214073978,-0.0456058178232464,-0.0852923803898405,-0.0767855013711696,0.1425409473218239,0.0170725797423751,0.0152089044862409,0.0203169687370161,0.9291396044984712,0.8591841441577607,-0.0059095580678315,0.0189325407081933,87.51,58.95,-0.1151868357901954,0.3134860050890586,32512779.570000004,37139594.8035,77.43,77.5,,,,,,,,0,,0,0,0,0,0,0,0.0,2583.0,1.0,1.0,1,8.0,0,0,0,1,0.0,0.0,0.0,1.0,0,0,0,0,0.0,0.0,0.0,0.0,0,0,0,1,0.0,0.0,0.0,2.0,0,0,0,0,0.0,0.0,0.0,0.0,0,0,0,0,0.0,0.0,0.0,0.0,0,0,0,0,0.0,0.0,0.0,0.0,0,0,0,1,0.0,0.0,0.0,4.0,0,0,0,1,0.0,0.0,0.0,2.0,0,0,0,0,0.0,0.0,0.0,0.0,0,0,0,1,10000.0,0.0009040423608419612,0.00026925441844232535,,False,2026-10-16,0.0120516193198893,-0.023376601595768393,0.3538438764910377,0.0,True,next_open_gap_checked
KIM,2026-09-16,22.94,23.135,22.38,22.59,22.59,6204133.0,-0.0173988690735101,-0.0258732212160414,-0.0415782774713618,-0.0634328358208955,-0.0672997522708505,-0.0850546780072905,0.0071793893194581,0.0081495146027032,0.0106316176509913,1.2053896392880832,1.3607960887119428,-0.0021748586341886,0.0329119442022668,26.645,19.76,-0.1521861512478889,0.1432186234817813,140151364.47,121574482.92700002,22.59,22.67,,,,,,,,0,,0,0,0,0,0,0,43.0,,0.0,1.0,1,8.0,0,0,0,0,0.0,0.0,0.0,0.0,0,0,0,0,0.0,0.0,0.0,0.0,0,0,0,0,0.0,0.0,0.0,0.0,0,0,0,0,0.0,0.0,0.0,0.0,0,0,0,0,0.0,0.0,0.0,0.0,0,0,0,0,0.0,0.0,0.0,0.0,0,0,0,0,0.0,0.0,0.0,0.0,0,0,0,0,0.0,0.0,0.0,0.0,0,0,0,0,0.0,0.0,0.0,0.0,0,0,0,0,10000.0,0.0035413899955734074,8.225410266399856e-05,,False,2026-10-16,0.011153628786999804,-0.02401680007747237,0.34740908798981596,0.0,True,next_open_gap_checked
KKRS,2026-09-16,15.6,15.815,15.56,15.6,15.6,17988.0,0.0019267822736031,-0.0151515151515151,-0.0126582278481013,-0.0274314214463839,-0.0394088669950738,-0.04,0.0075706525183251,0.0068916907620327,0.0050430663799724,0.6446549332874606,0.493811796249102,0.0019267822736031,0.0163461538461537,19.16,15.5,-0.1858037578288101,0.0064516129032257,280612.8,445120.1798500001,15.6,15.67,,,,,,,,0,,0,0,0,0,0,0,16.0,404.0,1.0,1.0,1,8.0,0,0,0,0,0.0,0.0,0.0,0.0,0,0,0,0,0.0,0.0,0.0,0.0,0,0,0,1,0.0,0.0,0.0,1.0,0,0,0,0,0.0,0.0,0.0,0.0,0,0,0,0,0.0,0.0,0.0,0.0,0,0,0,0,0.0,0.0,0.0,0.0,0,0,0,1,0.0,0.0,0.0,19.0,0,0,0,1,0.0,0.0,0.0,1.0,0,0,0,0,0.0,0.0,0.0,0.0,0,0,0,1,10000.0,0.004487179487179471,0.02246584282781759,,False,2026-10-16,0.010296607276428274,-0.025773301442386865,0.1563440326750161,0.0,False,next_open_gap_checked
KMPR,2026-09-16,27.76,28.015,26.96,27.4,27.4,765451.0,-0.01509705248023,0.0055045871559633,0.0062431142122658,-0.0093998553868402,0.0454025181228536,0.0929397686477861,0.015232401736947,0.0205400163425546,0.0276266960471361,0.922327464922804,0.7602722786618484,-0.0021567217828899,0.0380043227665705,53.25,22.69,-0.4854460093896714,0.2075804319083294,20973357.4,22938675.557000004,27.4,27.56,,,,,,,,0,,0,0,0,0,0,0,41.0,1664.9583333333333,0.0,1.0,1,8.0,0,0,0,0,0.0,0.0,0.0,0.0,0,0,0,0,0.0,0.0,0.0,0.0,0,0,0,0,0.0,0.0,0.0,0.0,0,0,0,0,0.0,0.0,0.0,0.0,0,0,0,0,0.0,0.0,0.0,0.0,0,0,0,0,0.0,0.0,0.0,0.0,0,0,0,1,0.0,0.0,0.0,2.0,0,0,0,0,0.0,0.0,0.0,0.0,0,0,0,0,0.0,0.0,0.0,0.0,0,0,0,1,10000.0,0.005839416058394109,0.0004359449600806784,,False,2026-10-16,0.02251979807404137,-0.016560249885306494,0.4052080296093252,0.0,True,next_open_gap_checked
KNX,2026-09-16,65.71,66.9,65.03,65.78,65.78,11278462.0,-0.0395678201197253,-0.0322200971016625,-0.0437563599360373,-0.014236475348419,-0.0698529411764705,-0.1275862068965517,0.019213514682991,0.0223213647590333,0.02181076576441,3.2769140590401173,3.1122668254850527,-0.0405898671338881,0.0284583777202861,82.86,38.625,-0.2061308230750663,0.703042071197411,741897230.36,235861703.6725,65.78,66.85,,,,,,,,0,,0,0,0,0,0,0,41.0,531.0,0.0,1.0,1,8.0,0,0,0,0,0.0,0.0,0.0,0.0,0,0,0,0,0.0,0.0,0.0,0.0,0,0,0,1,0.0,0.0,0.0,1.0,0,0,0,0,0.0,0.0,0.0,0.0,0,0,0,0,0.0,0.0,0.0,0.0,0,0,0,0,0.0,0.0,0.0,0.0,0,0,0,1,0.0,0.0,0.0,18.0,0,0,0,1,0.0,0.0,0.0,5.0,0,0,0,0,0.0,0.0,0.0,0.0,0,0,0,1,10000.0,0.016266342353298713,4.2397726482486765e-05,,False,2026-10-16,0.012077903870242879,-0.018416836122572777,0.41806649309587063,0.0,True,next_open_gap_checked
KOD,2026-09-16,33.12,33.49,31.62,32.77,32.77,707938.0,-0.0066686874810548,-0.0036485253876556,-0.0298993487270573,-0.1157582298974635,-0.1938499384993849,-0.1053781053781053,0.0129394924257412,0.0223651986164738,0.0340641782663939,1.1754958062839074,1.05325119734129,0.0039405880569869,0.0564613526570048,47.842,9.1,-0.3150369967810709,2.6010989010989016,23199128.26,21755582.917000003,32.77,33.32,,,,,,,,0,,0,0,0,0,0,0,33.0,511.0,0.0,1.0,1,8.0,0,0,0,0,0.0,0.0,0.0,0.0,0,0,0,0,0.0,0.0,0.0,0.0,0,0,0,0,0.0,0.0,0.0,0.0,0,0,0,0,0.0,0.0,0.0,0.0,0,0,0,0,0.0,0.0,0.0,0.0,0,0,0,0,0.0,0.0,0.0,0.0,0,0,0,1,0.0,0.0,0.0,1.0,0,0,0,1,0.0,0.0,0.0,1.0,0,0,0,0,0.0,0.0,0.0,0.0,0,0,0,1,10000.0,0.016783643576441687,0.0004596521287501753,,False,2026-10-16,0.01991942587831814,-0.008885360110777323,0.44759023995988373,0.0,True,next_open_gap_checked
KOSS,2026-09-16,3.43,3.475,3.35,3.36,3.36,14025.0,-0.0117647058823529,-0.0146627565982405,-0.0289017341040462,-0.0232558139534884,-0.0614525139664805,-0.1450381679389313,0.0098734075775064,0.017143638735849,0.0188122833728616,0.8549561549223225,0.8160300694716509,0.0088235294117646,0.0364431486880466,5.88,3.3,-0.4285714285714286,0.0181818181818183,47124.0,56883.5755,3.36,3.42,,,,,,,,0,,0,0,0,0,0,0,19.0,19.0,1.0,1.0,1,8.0,0,0,0,0,0.0,0.0,0.0,0.0,0,0,0,0,0.0,0.0,0.0,0.0,0,0,0,0,0.0,0.0,0.0,0.0,0,0,0,0,0.0,0.0,0.0,0.0,0,0,0,0,0.0,0.0,0.0,0.0,0,0,0,0,0.0,0.0,0.0,0.0,0,0,0,0,0.0,0.0,0.0,0.0,1,1,1,1,1.0,1.0,1.0,3.0,0,0,0,0,0.0,0.0,0.0,0.0,1,1,1,1,10000.0,0.017857142857142794,0.17579766939931546,,False,2026-10-16,0.020234101239110555,-0.02338530713185805,0.3374750372509619,0.0,False,next_open_gap_checked
KRMN,2026-09-16,38.01,38.065,36.16,36.94,36.94,4093457.0,-0.0141446490525753,0.0470521541950113,0.0488358886996025,-0.1009978096860551,-0.3784284031633855,-0.2255765199161427,0.0427361887434263,0.0393666383195849,0.0440648046408254,1.4162880055978129,1.2868969143874152,0.0144115292233786,0.0501183898973954,118.38,33.99,-0.6879540462916034,0.0867902324213003,151212301.57999998,119201874.069,36.94,37.89,,,,,,,,0,,0,0,0,0,0,0,0.0,41.0,1.0,2.0,3,8.0,0,0,0,0,0.0,0.0,0.0,0.0,0,0,0,0,0.0,0.0,0.0,0.0,0,0,0,1,0.0,0.0,0.0,1.0,0,0,0,0,0.0,0.0,0.0,0.0,0,0,0,0,0.0,0.0,0.0,0.0,0,0,0,0,0.0,0.0,0.0,0.0,0,1,1,1,0.0,1.0,1.0,3.0,0,0,0,0,0.0,0.0,0.0,0.0,0,0,0,0,0.0,0.0,0.0,0.0,0,1,1,1,10000.0,0.025717379534380136,8.389129850602433e-05,,False,2026-10-16,0.011689215312871417,-0.008885360110777323,0.46081201288072154,0.0,True,next_open_gap_checked
KRP,2026-09-16,14.92,14.92,14.57,14.61,14.61,1131138.0,-0.0227424749163879,-0.0194630872483222,-0.036914963744232,-0.0194630872483222,-0.0201207243460764,-0.0061224489795917,0.0112704442391291,0.0110990106650231,0.0123132789415266,1.1678447020054383,1.3796081671214353,-0.0020066889632106,0.0234584450402144,15.8,11.31,-0.0753164556962026,0.2917771883289124,16525926.18,14551877.78,14.61,14.58,,,,,,,,0,,0,0,0,0,0,0,23.0,23.0,1.0,1.0,1,8.0,0,0,0,0,0.0,0.0,0.0,0.0,0,0,0,0,0.0,0.0,0.0,0.0,0,0,0,1,0.0,0.0,0.0,1.0,0,0,0,0,0.0,0.0,0.0,0.0,0,0,0,0,0.0,0.0,0.0,0.0,0,0,0,0,0.0,0.0,0.0,0.0,1,1,1,1,2.0,2.0,2.0,45.0,0,0,0,1,0.0,0.0,0.0,1.0,1,1,1,1,1.0,1.0,1.0,21.0,1,1,1,1,10000.0,-0.002053388090349051,0.0006871965358136756,,False,2026-10-16,0.013962063974355945,-0.02561308351612188,0.25439922575338725,0.0,True,next_open_gap_checked
KRRO,2026-09-16,14.15,14.864,13.44,13.83,13.83,304648.0,-0.0170575692963752,0.001448225923244,0.0696055684454757,0.1299019607843137,0.0461422087745839,-0.0050359712230215,0.0271376057722714,0.0426812663830808,0.0407503067720145,2.679756643249612,1.8309462294871124,0.0056858564321251,0.1006360424028269,55.89,5.204,-0.7525496511003757,1.6575710991544963,4213281.84,1516447.2245,13.83,14.18,,,,,,,,0,,0,0,0,0,0,0,27.0,461.0,1.0,1.0,1,8.0,0,0,0,0,0.0,0.0,0.0,0.0,0,0,0,0,0.0,0.0,0.0,0.0,0,0,0,1,0.0,0.0,0.0,2.0,0,0,0,0,0.0,0.0,0.0,0.0,0,0,0,0,0.0,0.0,0.0,0.0,0,0,0,0,0.0,0.0,0.0,0.0,0,0,0,1,0.0,0.0,0.0,1.0,0,0,0,1,0.0,0.0,0.0,2.0,0,0,0,0,0.0,0.0,0.0,0.0,0,0,0,1,10000.0,0.025307302964569844,0.006594360712617071,,False,2026-10-16,0.02560139818535981,-0.00952147492467239,0.42642577069518045,0.0,True,next_open_gap_checked
KRSP,2026-09-16,10.51,10.51,10.51,10.51,10.51,136.0,-0.0018993352326684,-0.0066162570888469,-0.0037914691943128,-0.0084905660377357,0.0052606408417024,0.0057416267942584,0.0039912721447866,0.0044691849977437,0.0039075270220823,0.0057172404225713,0.0061146267717243,-0.0018993352326684,0.0,11.89,10.21,-0.1160639192598823,0.0293829578844269,1429.36,250772.19850000003,10.51,10.51,,,,,,,,0,,0,0,0,0,0,0,300.9583333333333,300.9583333333333,0.0,0.0,0,3.0,0,0,0,0,0.0,0.0,0.0,0.0,0,0,0,0,0.0,0.0,0.0,0.0,0,0,0,0,0.0,0.0,0.0,0.0,0,0,0,0,0.0,0.0,0.0,0.0,0,0,0,0,0.0,0.0,0.0,0.0,0,0,0,0,0.0,0.0,0.0,0.0,0,0,0,1,0.0,0.0,0.0,23.0,0,0,0,0,0.0,0.0,0.0,0.0,0,0,0,1,0.0,0.0,0.0,52.0,0,0,0,1,10000.0,0.0,0.03987682869080082,,False,2026-10-16,0.007624586883294604,-0.027840111226013115,0.12835458246302592,0.0,False,next_open_gap_checked
KTOS,2026-09-16,47.475,47.69,45.89,47.59,47.59,3974124.0,-0.0006299874002518,0.0192760762475905,0.0181857081728711,-0.0354681799756789,-0.2322955315373447,-0.0685065570561753,0.0095187949723257,0.0263026744481738,0.037852606979391,1.2151865571169704,0.9305916584591336,-0.0030449391012179,0.0379146919431279,134.0,43.09,-0.6448507462686567,0.1044325829658854,189128561.16000003,164568210.452,47.59,48.3,,,,,,,,0,,0,0,0,0,0,0,42.0,527.0,0.0,1.0,1,8.0,0,0,0,0,0.0,0.0,0.0,0.0,0,0,0,0,0.0,0.0,0.0,0.0,0,0,0,1,0.0,0.0,0.0,14.0,0,0,0,0,0.0,0.0,0.0,0.0,0,0,0,0,0.0,0.0,0.0,0.0,0,0,0,1,0.0,0.0,0.0,2.0,0,0,0,1,0.0,0.0,0.0,22.0,0,0,0,1,0.0,0.0,0.0,13.0,0,0,0,0,0.0,0.0,0.0,0.0,0,0,0,1,10000.0,0.014919100651397121,6.076507712233235e-05,,False,2026-10-16,0.015094066974535181,-0.01202970988236334,0.4364791768417652,0.0,True,next_open_gap_checked
KUST,2026-09-16,0.5852,0.6082,0.5804,0.5851,0.5851,110555.0,0.0080978635423845,-0.126977021784542,-0.2419020471624774,-0.3660888407367281,-0.4480188679245284,-0.5760144927536233,0.0498566653450091,0.0495986120259028,0.1342979178891167,0.1748157481071971,0.0155887365805008,0.0082701585113715,0.0475051264524947,34.122,0.5801,-0.9828527049997068,0.0086192035855887,64685.7305,577405.7273600022,0.5851,0.5851,,,,,,,,0,,0,0,0,0,0,0,7.0,7.0,1.0,1.0,1,8.0,0,0,0,0,0.0,0.0,0.0,0.0,0,0,0,0,0.0,0.0,0.0,0.0,1,1,1,1,3.0,3.0,3.0,4.0,0,0,0,0,0.0,0.0,0.0,0.0,0,0,0,0,0.0,0.0,0.0,0.0,0,0,0,0,0.0,0.0,0.0,0.0,1,1,1,1,65.0,65.0,65.0,67.0,1,1,1,1,15.0,15.0,15.0,15.0,0,0,0,1,0.0,0.0,0.0,6.0,1,1,1,1,10000.0,0.0,0.017318844490375445,,False,2026-10-16,0.011625605812084952,0.054009450920144864,0.2947503917842115,0.0017164531333549947,False,next_open_gap_checked
KZIA,2026-09-16,10.5,10.97,10.15,10.2,10.2,353817.0,-0.0154440154440154,-0.0884718498659518,-0.1414141414141415,-0.1923990498812352,-0.290681502086231,-0.2714285714285714,0.0409599399645377,0.0675004510508271,0.0524327673409703,0.9956978520215874,1.442061600678038,0.0135135135135135,0.0780952380952381,17.4,4.86,-0.4137931034482758,1.098765432098765,3608933.4,4618460.327500002,10.2,10.515,,,,,,,,0,,0,0,0,0,0,0,,,0.0,0.0,0,0.0,0,0,0,0,0.0,0.0,0.0,0.0,0,0,0,0,0.0,0.0,0.0,0.0,0,0,0,0,0.0,0.0,0.0,0.0,0,0,0,0,0.0,0.0,0.0,0.0,0,0,0,0,0.0,0.0,0.0,0.0,0,0,0,0,0.0,0.0,0.0,0.0,0,0,0,0,0.0,0.0,0.0,0.0,0,0,0,0,0.0,0.0,0.0,0.0,0,0,0,0,0.0,0.0,0.0,0.0,0,0,0,0,10000.0,0.030882352941176583,0.002165223752265737,,False,2026-10-16,0.004115181018112375,-0.01032681823318701,0.4349979069871829,0.0,True,next_open_gap_checked
LAB,2026-09-16,0.6903,0.7373,0.6903,0.7091,0.7091,980781.0,0.0272345357091119,0.0276811594202899,-0.0246217331499312,0.0900845503458878,0.0711480362537764,-0.0838501291989665,0.029306049226728,0.0253858461377839,0.0398776955118382,0.5579138827198271,0.3570529542214393,0.0,0.0680863392727798,1.72,0.6251,-0.587732558139535,0.1343784994400896,695471.8071,1183188.707555,0.7091,0.7165,,,,,,,,0,,0,0,0,0,0,0,41.0,3767.0,0.0,1.0,1,8.0,0,0,0,0,0.0,0.0,0.0,0.0,0,0,0,0,0.0,0.0,0.0,0.0,0,0,0,1,0.0,0.0,0.0,1.0,0,0,0,0,0.0,0.0,0.0,0.0,0,0,0,0,0.0,0.0,0.0,0.0,0,0,0,0,0.0,0.0,0.0,0.0,0,0,0,0,0.0,0.0,0.0,0.0,0,0,0,0,0.0,0.0,0.0,0.0,0,0,0,0,0.0,0.0,0.0,0.0,0,0,0,1,10000.0,0.010435763644055962,0.008451737187945698,,False,2026-10-16,0.013775308602139259,0.01399764362243295,0.42415798207812216,0.0006968402774129136,False,next_open_gap_checked
LAR,2026-09-16,5.74,5.83,5.42,5.56,5.56,1924162.0,-0.0194003527336861,-0.0495726495726496,-0.1775147928994083,-0.1613876319758673,-0.0974025974025974,-0.3801560758082498,0.0383326119707281,0.0444357166932322,0.0407345374510322,0.9452950646831488,1.0275013334632257,0.0123456790123457,0.0714285714285714,12.05,3.11,-0.5385892116182573,0.787781350482315,10698340.72,13146959.3965,5.56,5.72,,,,,,,,0,,0,0,0,0,0,0,,,0.0,0.0,0,0.0,0,0,0,0,0.0,0.0,0.0,0.0,0,0,0,0,0.0,0.0,0.0,0.0,0,0,0,0,0.0,0.0,0.0,0.0,0,0,0,0,0.0,0.0,0.0,0.0,0,0,0,0,0.0,0.0,0.0,0.0,0,0,0,0,0.0,0.0,0.0,0.0,0,0,0,0,0.0,0.0,0.0,0.0,0,0,0,0,0.0,0.0,0.0,0.0,0,0,0,0,0.0,0.0,0.0,0.0,0,0,0,0,10000.0,0.02877697841726623,0.0007606321506296134,,False,2026-10-16,0.004115181018112375,-0.01032681823318701,0.43898376551203305,0.0,True,next_open_gap_checked
LARK,2026-09-16,33.33,34.6,32.55,32.55,32.55,11758.0,-0.0234023402340234,0.0015384615384614,0.0044746181144883,0.032186459489456,0.0122842481729124,0.1101637107776261,0.0176817827040601,0.0102913534716146,0.0131856621347143,1.3444013766450569,0.953565259233828,0.0,0.0615061506150616,34.6,23.57,-0.0592485549132949,0.380992787441663,382722.9,281637.04449999996,32.55,32.79,,,,,,,,0,,0,0,0,0,0,0,48.0,516.0,0.0,1.0,1,8.0,0,0,0,0,0.0,0.0,0.0,0.0,0,0,0,0,0.0,0.0,0.0,0.0,0,0,0,1,0.0,0.0,0.0,3.0,0,0,0,0,0.0,0.0,0.0,0.0,0,0,0,0,0.0,0.0,0.0,0.0,0,0,0,0,0.0,0.0,0.0,0.0,0,0,0,1,0.0,0.0,0.0,2.0,0,0,0,1,0.0,0.0,0.0,26.0,0,0,0,0,0.0,0.0,0.0,0.0,0,0,0,1,10000.0,0.007373271889401067,0.03550669272841343,,False,2026-10-16,0.01947643718045467,-0.024825484938659274,0.30159945437658253,0.0,False,next_open_gap_checked
LAUR,2026-09-16,35.86,36.43,35.86,36.2,36.2,979320.0,0.0094813162297826,0.0019374481040685,0.0061145080600335,-0.028448738593666,-0.0523560209424083,-0.0266200591556868,0.0084066021171374,0.0151820576707692,0.0172452491297455,1.0693582540148434,0.924517063063212,0.0,0.0158951477969882,40.925,24.977,-0.1154551007941354,0.4493333867157787,35451384.0,33865382.27424999,36.2,36.22,,,,,,,,0,,0,0,0,0,0,0,48.0,2139.9583333333335,0.0,1.0,1,8.0,0,0,0,0,0.0,0.0,0.0,0.0,0,0,0,0,0.0,0.0,0.0,0.0,0,0,0,0,0.0,0.0,0.0,0.0,0,0,0,0,0.0,0.0,0.0,0.0,0,0,0,0,0.0,0.0,0.0,0.0,0,0,0,0,0.0,0.0,0.0,0.0,0,0,0,1,0.0,0.0,0.0,2.0,0,0,0,0,0.0,0.0,0.0,0.0,0,0,0,0,0.0,0.0,0.0,0.0,0,0,0,1,10000.0,0.0005524861878452025,0.00029528678929467266,,False,2026-10-16,0.014583245398260693,-0.02465291489136744,0.3402797456586309,0.0,True,next_open_gap_checked
LEE,2026-09-16,7.39,7.49,7.195,7.32,7.32,23951.0,-0.0094722598105547,-0.048114434330299,-0.0330250990752972,-0.0627400768245838,-0.0906832298136646,-0.1839464882943143,0.0235739722667709,0.0259710596956629,0.0290753289309803,0.7121682014563901,0.3920668837631611,0.0,0.0399188092016238,11.88,3.34,-0.3838383838383838,1.191616766467066,175321.32,267846.53699999995,7.32,7.31,,,,,,,,0,,0,0,0,0,0,0,6.0,306.9583333333333,1.0,1.0,1,8.0,0,0,0,0,0.0,0.0,0.0,0.0,0,0,0,0,0.0,0.0,0.0,0.0,0,0,0,0,0.0,0.0,0.0,0.0,0,0,0,0,0.0,0.0,0.0,0.0,0,0,0,0,0.0,0.0,0.0,0.0,0,0,0,0,0.0,0.0,0.0,0.0,0,0,0,0,0.0,0.0,0.0,0.0,0,0,0,1,0.0,0.0,0.0,3.0,0,0,0,0,0.0,0.0,0.0,0.0,0,0,0,1,10000.0,-0.001366120218579292,0.03733481161266611,,False,2026-10-16,0.020728294361147166,-0.021436271068399574,0.425670413945309,0.0,False,next_open_gap_checked
LIFE,2026-09-16,39.7,40.8,38.2,38.55,38.55,2912579.0,-0.0429493545183714,-0.0422360248447205,-0.0294561933534743,0.1014285714285714,0.1334901499558953,1.4822923374114616,0.0335649509974795,0.0408888801776282,0.0519404798576639,2.030656397715352,2.5549366660441417,-0.0143992055610724,0.065491183879093,42.55,9.45,-0.0940070505287896,3.079365079365079,112279920.45,54614118.571,38.55,39.67,,,,,,,,0,,0,0,0,0,0,0,0.0,225.95833333333337,1.0,2.0,3,5.0,0,0,0,0,0.0,0.0,0.0,0.0,0,0,0,0,0.0,0.0,0.0,0.0,0,0,0,0,0.0,0.0,0.0,0.0,0,0,0,0,0.0,0.0,0.0,0.0,0,0,0,0,0.0,0.0,0.0,0.0,0,0,0,0,0.0,0.0,0.0,0.0,0,0,0,1,0.0,0.0,0.0,1.0,0,0,0,1,0.0,0.0,0.0,1.0,0,0,0,0,0.0,0.0,0.0,0.0,0,0,0,1,10000.0,0.029053177691310106,0.0001831028360734175,,False,2026-10-16,0.016612630382271055,-0.012734499605999214,0.40914815075383376,0.0,True,next_open_gap_checked
LKFN,2026-09-16,60.84,61.128,59.34,59.94,59.94,286159.0,-0.0133333333333334,-0.0105645427533839,-0.0046496180670874,0.0190411424685481,-0.0250487963565386,-0.0053103219382675,0.007193996403204,0.009109569164117,0.0134208045675191,1.9677915354961513,1.5390433580835825,0.0014814814814816,0.0293885601577908,66.82,54.36,-0.1029631846752469,0.1026490066225165,17152370.46,8730722.3295,59.94,60.56,,,,,,,,0,,0,0,0,0,0,0,51.0,,0.0,1.0,1,8.0,0,0,0,0,0.0,0.0,0.0,0.0,0,0,0,0,0.0,0.0,0.0,0.0,0,0,0,0,0.0,0.0,0.0,0.0,0,0,0,0,0.0,0.0,0.0,0.0,0,0,0,0,0.0,0.0,0.0,0.0,0,0,0,0,0.0,0.0,0.0,0.0,0,0,0,0,0.0,0.0,0.0,0.0,0,0,0,0,0.0,0.0,0.0,0.0,0,0,0,0,0.0,0.0,0.0,0.0,0,0,0,0,10000.0,0.010343677010343777,0.0011453806022682993,,False,2026-10-16,0.012897470219199972,-0.02465291489136744,0.3188253770574148,0.0,True,next_open_gap_checked
LMAT,2026-09-16,79.53,80.84,79.48,80.38,80.38,256907.0,0.0017447657028912,-0.0026057823551309,0.0114508619604882,-0.0086334484459793,-0.0139842983316977,-0.0928789075725088,0.0123570866262272,0.0131160992205061,0.0374265442603915,0.904162288661343,0.7202469911677061,-0.0088484546360916,0.0171004652332453,118.01,78.27,-0.3188712820947378,0.026957966015076,20650184.66,22876507.841,80.38,81.07,,,,,,,,0,,0,0,0,0,0,0,42.0,517.0,0.0,1.0,1,8.0,0,0,0,0,0.0,0.0,0.0,0.0,0,0,0,0,0.0,0.0,0.0,0.0,0,0,0,1,0.0,0.0,0.0,1.0,0,0,0,0,0.0,0.0,0.0,0.0,0,0,0,0,0.0,0.0,0.0,0.0,0,0,0,0,0.0,0.0,0.0,0.0,0,0,0,1,0.0,0.0,0.0,5.0,0,0,0,1,0.0,0.0,0.0,6.0,0,0,0,0,0.0,0.0,0.0,0.0,0,0,0,1,10000.0,0.008584224931575068,0.0004371296558680904,,False,2026-10-16,0.00901540514584416,-0.00952147492467239,0.4342630069271105,0.0,True,next_open_gap_checked
LNG,2026-09-16,268.0,271.8,265.27,267.75,267.75,1701533.0,-0.0119196988707653,-0.0380469928863977,-0.0296451998695321,-0.08968823309421,-0.0220249835634449,0.1598440545808968,0.0096560295040909,0.0179168350342618,0.0199529539435028,0.8452876623554851,0.8801259922174198,-0.0109971215587867,0.0243656716417911,300.89,186.2,-0.1101399182425471,0.4379699248120301,455585460.75,567075489.6635001,267.75,266.38,,,,,,,,0,,0,0,0,0,0,0,13.0,13.0,1.0,1.0,1,8.0,0,0,0,0,0.0,0.0,0.0,0.0,0,0,0,0,0.0,0.0,0.0,0.0,1,1,1,1,2.0,2.0,2.0,4.0,0,0,0,0,0.0,0.0,0.0,0.0,0,0,0,0,0.0,0.0,0.0,0.0,0,0,0,0,0.0,0.0,0.0,0.0,1,1,1,1,7.0,7.0,7.0,8.0,0,0,0,0,0.0,0.0,0.0,0.0,1,1,1,1,1.0,1.0,1.0,1.0,1,1,1,1,10000.0,-0.005116713352007474,1.7634336490074632e-05,,False,2026-10-16,0.005796989494271368,-0.023376601595768393,0.34193599423888565,0.0,True,next_open_gap_checked
LOOP,2026-09-16,0.47,0.4846,0.4501,0.4844,0.4844,122454.0,0.0241014799154335,0.0245346869712352,0.1265116279069766,-0.0251559669953713,-0.2341501976284584,-0.3473457289140393,0.0347165695999613,0.0440773762195325,0.058885170085376,0.0251523526520302,0.0732737139282606,-0.0063424947145876,0.0734042553191488,1.99,0.41,-0.7565829145728643,0.1814634146341465,59316.7176,3070082.07641,0.4844,0.474,,,,,,,,0,,0,0,0,0,0,0,474.0,474.0,0.0,0.0,0,7.0,0,0,0,0,0.0,0.0,0.0,0.0,0,0,0,0,0.0,0.0,0.0,0.0,0,0,0,0,0.0,0.0,0.0,0.0,0,0,0,0,0.0,0.0,0.0,0.0,0,0,0,0,0.0,0.0,0.0,0.0,0,0,0,0,0.0,0.0,0.0,0.0,0,0,0,1,0.0,0.0,0.0,2.0,0,0,0,1,0.0,0.0,0.0,1.0,0,0,0,1,0.0,0.0,0.0,11.0,0,0,0,1,10000.0,-0.02146985962014869,0.0032572419079080444,,False,2026-10-16,0.010588779836739727,-0.03752473866945388,0.40441420955245877,0.0,False,next_open_gap_checked
LPCN,2026-09-16,2.23,2.235,2.15,2.16,2.16,63961.00000000001,-0.0114416475972539,-0.0484581497797356,-0.0399999999999999,-0.0608695652173911,0.0588235294117647,-0.0567685589519649,0.0124308448204443,0.0252758674782645,0.0274049974971139,2.1600564658840695,1.6212900410259057,0.0205949656750572,0.0381165919282511,12.37,1.81,-0.8253839935327405,0.1933701657458564,138155.76000000004,65262.24949999926,2.16,2.16,,,,,,,,0,,0,0,0,0,0,0,0.0,,1.0,1.0,1,8.0,0,0,0,0,0.0,0.0,0.0,0.0,0,0,0,0,0.0,0.0,0.0,0.0,0,0,0,0,0.0,0.0,0.0,0.0,0,0,0,0,0.0,0.0,0.0,0.0,0,0,0,0,0.0,0.0,0.0,0.0,0,0,0,0,0.0,0.0,0.0,0.0,0,0,0,0,0.0,0.0,0.0,0.0,0,0,0,0,0.0,0.0,0.0,0.0,0,0,0,0,0.0,0.0,0.0,0.0,0,0,0,0,10000.0,0.0,0.15322793922388644,,False,2026-10-16,0.014943147161553025,-0.015147662371396529,0.426448619141389,0.0,False,next_open_gap_checked
LQDA,2026-09-16,65.67,69.87,65.34,68.45,68.45,1295686.0,0.0415398660986001,0.0256218160023975,-0.009693287037037,0.0230159916305485,-0.0791066863984931,-0.0932573850841169,0.0265498373554847,0.0254265167248098,0.0371710851201133,1.1588604996650476,0.8767465155343936,-0.0007608034083992,0.0689812699862951,93.61,21.145,-0.2687747035573122,2.237171908252542,88689706.7,76995467.56175001,68.45,69.51,,,,,,,,0,,0,0,0,0,0,0,13.0,735.0,1.0,1.0,1,8.0,0,0,0,0,0.0,0.0,0.0,0.0,0,0,0,0,0.0,0.0,0.0,0.0,0,0,0,0,0.0,0.0,0.0,0.0,0,0,0,0,0.0,0.0,0.0,0.0,0,0,0,0,0.0,0.0,0.0,0.0,0,0,0,0,0.0,0.0,0.0,0.0,0,0,0,1,0.0,0.0,0.0,94.0,0,0,0,1,0.0,0.0,0.0,2.0,0,0,0,1,0.0,0.0,0.0,19.0,0,0,0,1,10000.0,0.015485756026296649,0.00012987777484408476,,False,2026-10-16,0.019721803559672825,-0.008677768507551609,0.4398046712778947,0.0,True,next_open_gap_checked
LUCD,2026-09-16,0.7868,0.8444,0.7768,0.8364,0.8364,1268085.0,0.0539314516129032,0.0683356750542854,0.0186335403726707,-0.1413612565445026,-0.1547246083880747,-0.1879611650485436,0.0321936816770416,0.032771456838112,0.0399375775311868,1.3654907829627894,0.957670768515527,-0.0085685483870966,0.0859176410777834,1.629,0.75,-0.4865561694290976,0.1151999999999999,1060626.294,838582.72276,0.8364,0.8228,,,,,,,,0,,0,0,0,0,0,0,34.0,371.0,0.0,1.0,1,8.0,0,0,0,0,0.0,0.0,0.0,0.0,0,0,0,1,0.0,0.0,0.0,1.0,0,0,0,1,0.0,0.0,0.0,10.0,0,0,0,0,0.0,0.0,0.0,0.0,0,0,0,1,0.0,0.0,0.0,1.0,0,0,0,0,0.0,0.0,0.0,0.0,0,0,0,1,0.0,0.0,0.0,14.0,0,0,0,1,0.0,0.0,0.0,4.0,0,0,0,0,0.0,0.0,0.0,0.0,0,0,0,1,10000.0,-0.016260162601626105,0.011924881980739271,,False,2026-10-16,0.012638795982676282,0.008470285329316977,0.44759023995988373,0.0004262177182446854,False,next_open_gap_checked
LUCK,2026-09-16,5.47,5.61,5.33,5.34,5.34,51202.0,-0.0273224043715847,-0.0531914893617021,-0.0290909090909091,-0.1245901639344262,-0.1909090909090909,-0.3010471204188482,0.018161424735641,0.0311467471484055,0.0258525129967539,0.4882889146057054,0.5490048068211183,-0.0036429872495447,0.0511882998171846,10.82,5.3,-0.5064695009242144,0.0075471698113207,273418.68,640983.916,5.34,5.44,,,,,,,,0,,0,0,0,0,0,0,20.0,1779.0,1.0,1.0,1,8.0,0,0,0,0,0.0,0.0,0.0,0.0,0,0,0,0,0.0,0.0,0.0,0.0,0,0,0,0,0.0,0.0,0.0,0.0,0,0,0,0,0.0,0.0,0.0,0.0,0,0,0,0,0.0,0.0,0.0,0.0,0,0,0,0,0.0,0.0,0.0,0.0,0,0,0,1,0.0,0.0,0.0,26.0,0,0,0,0,0.0,0.0,0.0,0.0,0,0,0,1,0.0,0.0,0.0,22.0,0,0,0,1,10000.0,0.01872659176029967,0.015601015486323061,,False,2026-10-16,0.011631676208969407,-0.019243456220264316,0.4191377728632315,0.0,True,next_open_gap_checked
LVLU,2026-09-16,10.1,10.3,9.71,9.9,9.9,66203.0,-0.0060240963855422,-0.0699859088774071,-0.1624365482233503,-0.1831683168316831,-0.322845417236662,0.3769123783031989,0.0386524591606447,0.0529281370480026,0.0780566829705712,0.8837400533690729,1.3343661997380434,0.0140562248995983,0.0584158415841584,32.319,4.26,-0.6936786410470621,1.323943661971831,655409.7000000001,946104.9155,9.9,9.87,,,,,,,,0,,0,0,0,0,0,0,34.0,155.0,0.0,1.0,2,8.0,0,0,0,0,0.0,0.0,0.0,0.0,0,0,0,0,0.0,0.0,0.0,0.0,0,0,1,1,0.0,0.0,3.0,3.0,0,0,0,0,0.0,0.0,0.0,0.0,0,0,0,0,0.0,0.0,0.0,0.0,0,0,0,0,0.0,0.0,0.0,0.0,0,0,0,1,0.0,0.0,0.0,1.0,0,0,1,1,0.0,0.0,1.0,1.0,0,0,0,0,0.0,0.0,0.0,0.0,0,0,1,1,10000.0,-0.003030303030303161,0.0105696523040631,,False,2026-10-16,0.02176157779625632,0.02007722985096308,0.4430888582969127,0.0013123201905040566,True,next_open_gap_checked
LWLG,2026-09-16,4.78,4.84,4.615,4.83,4.83,2221437.0,0.0364806866952789,-0.0764818355640536,-0.0834914611005691,-0.0584795321637426,-0.2725903614457831,-0.5184446660019939,0.0458721777066718,0.0395553740269227,0.0668078064392952,0.936542522534046,0.6447002499223898,0.0257510729613734,0.0470711297071128,18.709,2.84,-0.741835480250147,0.7007042253521127,10729540.71,12916148.4365,4.83,5.06,,,,,,,,0,,0,0,0,0,0,0,58.0,58.0,0.0,1.0,1,8.0,0,0,0,0,0.0,0.0,0.0,0.0,0,0,0,0,0.0,0.0,0.0,0.0,0,1,1,1,0.0,1.0,1.0,1.0,0,0,0,0,0.0,0.0,0.0,0.0,0,0,0,0,0.0,0.0,0.0,0.0,0,0,0,0,0.0,0.0,0.0,0.0,0,0,0,1,0.0,0.0,0.0,2.0,0,0,0,0,0.0,0.0,0.0,0.0,0,0,0,0,0.0,0.0,0.0,0.0,0,1,1,1,10000.0,0.04761904761904745,0.0007742246110876832,,False,2026-10-16,0.010999940188351973,-0.023286789573723824,0.41689640379152876,0.0,True,next_open_gap_checked
LX,2026-09-16,0.7885,0.815,0.78,0.8,0.8,1919008.0,0.0081915563957153,-0.0052225814474011,-0.0261716372489347,-0.0925589836660617,-0.4029850746268657,-0.5959595959595959,0.0175075250460797,0.0511326132374316,0.0373239848264243,0.3418817397154353,0.5599130126193431,-0.0063011972274732,0.0443880786303106,5.94,0.78,-0.8653198653198653,0.0256410256410257,1535206.4,5350052.514705,0.8,0.8,,,,,,,,0,,0,0,0,0,0,0,,,0.0,0.0,0,0.0,0,0,0,0,0.0,0.0,0.0,0.0,0,0,0,0,0.0,0.0,0.0,0.0,0,0,0,0,0.0,0.0,0.0,0.0,0,0,0,0,0.0,0.0,0.0,0.0,0,0,0,0,0.0,0.0,0.0,0.0,0,0,0,0,0.0,0.0,0.0,0.0,0,0,0,0,0.0,0.0,0.0,0.0,0,0,0,0,0.0,0.0,0.0,0.0,0,0,0,0,0.0,0.0,0.0,0.0,0,0,0,0,10000.0,0.0,0.001869140531333905,,False,2026-10-16,0.004115181018112375,0.02554212596819836,0.4260266046494861,0.000698052738442842,False,next_open_gap_checked
MAIA,2026-09-16,1.35,1.42,1.34,1.4,1.4,901845.0,0.0447761194029849,0.0769230769230768,0.0526315789473683,0.0769230769230768,0.0218978102189779,0.0144927536231884,0.0440541849427918,0.0302622405221468,0.0295313785778504,1.7955464785014046,1.8256348612866096,0.007462686567164,0.0592592592592591,3.19,0.87,-0.5611285266457681,0.6091954022988504,1262583.0,682464.4000000001,1.4,1.44,,,,,,,,0,,0,0,0,0,0,0,117.0,534.0,0.0,0.0,1,8.0,0,0,0,0,0.0,0.0,0.0,0.0,0,0,0,0,0.0,0.0,0.0,0.0,0,0,0,1,0.0,0.0,0.0,6.0,0,0,0,0,0.0,0.0,0.0,0.0,0,0,0,0,0.0,0.0,0.0,0.0,0,0,0,0,0.0,0.0,0.0,0.0,0,0,0,1,0.0,0.0,0.0,4.0,0,0,0,1,0.0,0.0,0.0,1.0,0,0,0,1,0.0,0.0,0.0,19.0,0,0,0,1,10000.0,0.028571428571428692,0.014652778958140524,,False,2026-10-16,0.03196165996575885,-0.01745351148233445,0.4171153650508234,0.0,True,next_open_gap_checked
MAIR,2026-09-16,24.22,24.46,23.2,23.48,23.48,2302419.0,-0.0175732217573221,-0.0686235620785402,-0.0634224172317511,-0.0881553398058252,-0.1443148688046647,-0.3910788381742739,0.0299063265568994,0.0399317038323199,0.0375468829830199,0.7535241749123194,0.8380969074434427,0.0133891213389121,0.0520231213872833,44.5,22.91,-0.4723595505617978,0.0248799650807507,54060798.12,80003304.345,23.48,23.98,,,,,,,,0,,0,0,0,0,0,0,22.0,22.0,1.0,3.0,7,7.0,1,1,1,1,1.0,2.0,2.0,2.0,0,0,0,0,0.0,0.0,0.0,0.0,0,0,0,0,0.0,0.0,0.0,0.0,0,0,0,0,0.0,0.0,0.0,0.0,0,0,0,0,0.0,0.0,0.0,0.0,0,0,0,0,0.0,0.0,0.0,0.0,1,1,1,1,22.0,45.0,47.0,47.0,0,1,1,1,0.0,1.0,1.0,1.0,1,1,1,1,18.0,18.0,20.0,20.0,1,1,1,1,10000.0,0.021294718909710353,0.00012499483717418448,,False,2026-10-16,0.01154181272865753,0.004792222974194714,0.3540298742709816,0.0001822694736332187,True,next_open_gap_checked
MAN,2026-09-16,57.77,58.231,56.89,57.93,57.93,702229.0,-0.008896492728828,0.0260361317747077,0.0213328631875882,-0.053276679195947,-0.0260591795561533,0.8490264921800192,0.0152357006279749,0.0221906569538991,0.0513159596800421,0.8926730799947347,0.5621514916759331,-0.011633875106929,0.0232127401765622,63.88,25.15,-0.0931433938634941,1.3033797216699805,40680125.97,47123346.029,57.93,58.04,,,,,,,,0,,0,0,0,0,0,0,36.0,557.9583333333334,0.0,1.0,1,8.0,0,0,0,0,0.0,0.0,0.0,0.0,0,0,0,0,0.0,0.0,0.0,0.0,0,0,0,1,0.0,0.0,0.0,6.0,0,0,0,0,0.0,0.0,0.0,0.0,0,0,0,0,0.0,0.0,0.0,0.0,0,0,0,0,0.0,0.0,0.0,0.0,0,0,0,0,0.0,0.0,0.0,0.0,0,0,0,1,0.0,0.0,0.0,3.0,0,0,0,0,0.0,0.0,0.0,0.0,0,0,0,1,10000.0,0.00189884343172797,0.00021220903952461138,,False,2026-10-16,0.022474568189408996,-0.009836205941898744,0.4174021834547366,0.0,True,next_open_gap_checked
MBVI,2026-09-16,10.25,10.25,10.24,10.24,10.24,4356.0,0.0,0.0,0.0009775171065493,0.0029382957884427,0.0039215686274509,0.0108588351431391,0.0007901634278399,0.0006922553354886,0.0011690385080553,0.1431660871222827,0.1362131128573796,0.0009765625,0.0009756097560975,10.25,9.99,-0.0009756097560975,0.025025025025025,44605.44,311114.07545,10.24,10.25,,,,,,,,0,,0,0,0,0,0,0,284.9583333333333,284.9583333333333,0.0,0.0,0,4.0,0,0,0,0,0.0,0.0,0.0,0.0,0,0,0,0,0.0,0.0,0.0,0.0,0,0,0,0,0.0,0.0,0.0,0.0,0,0,0,0,0.0,0.0,0.0,0.0,0,0,0,0,0.0,0.0,0.0,0.0,0,0,0,0,0.0,0.0,0.0,0.0,0,0,0,1,0.0,0.0,0.0,19.0,0,0,0,0,0.0,0.0,0.0,0.0,0,0,0,1,0.0,0.0,0.0,37.0,0,0,0,1,10000.0,0.0009765625,0.032142550881170684,,False,2026-10-16,0.008149516416511267,-0.027840111226013115,0.11779256062894328,0.0,False,next_open_gap_checked
MCHX,2026-09-16,1.25,1.33,1.25,1.29,1.29,34788.0,0.048780487804878,-0.0549450549450548,-0.1861198738170346,-0.2670454545454545,-0.2793296089385475,-0.1224489795918366,0.0645385219175162,0.0408818767084979,0.0365886123255078,1.2168742129564851,1.4162227004904209,0.0162601626016261,0.064,2.04,1.15,-0.3676470588235294,0.1217391304347828,44876.52,43447.93475,1.29,1.3,,,,,,,,0,,0,0,0,0,0,0,34.0,622.9583333333334,0.0,1.0,1,8.0,0,0,0,0,0.0,0.0,0.0,0.0,0,0,0,0,0.0,0.0,0.0,0.0,0,0,0,1,0.0,0.0,0.0,1.0,0,0,0,0,0.0,0.0,0.0,0.0,0,0,0,0,0.0,0.0,0.0,0.0,0,0,0,0,0.0,0.0,0.0,0.0,0,0,0,1,0.0,0.0,0.0,5.0,0,0,0,0,0.0,0.0,0.0,0.0,0,0,0,0,0.0,0.0,0.0,0.0,0,0,0,1,10000.0,0.007751937984496138,0.23016053714728063,,False,2026-10-16,0.01656797204466784,0.009421131160438398,0.4480070539348114,0.0005432785754571994,False,next_open_gap_checked
MCK,2026-09-16,895.57,897.68,887.29,887.29,887.29,784416.0,-0.0136400017786473,0.0065569307211488,-0.0049232908666786,-0.021482845705085,0.0207417803649081,0.1912331341880915,0.0200132254023752,0.0181192626146859,0.0203766602741131,0.8934082304864215,0.7845127696501363,-0.0044355018008802,0.0116015498509329,999.0,687.68,-0.1118218218218218,0.2902658213122382,696004472.64,780819397.6795,887.29,886.11,,,,,,,,0,,0,0,0,0,0,0,16.0,1860.0,1.0,1.0,1,8.0,0,0,0,0,0.0,0.0,0.0,0.0,0,0,0,0,0.0,0.0,0.0,0.0,0,0,0,1,0.0,0.0,0.0,2.0,0,0,0,0,0.0,0.0,0.0,0.0,0,0,0,0,0.0,0.0,0.0,0.0,0,0,0,0,0.0,0.0,0.0,0.0,0,0,0,1,0.0,0.0,0.0,9.0,0,0,0,0,0.0,0.0,0.0,0.0,0,0,0,0,0.0,0.0,0.0,0.0,0,0,0,1,10000.0,-0.0013298921434931055,1.2807058879068297e-05,,False,2026-10-16,0.006075111067876416,-0.024012716409663463,0.3391874228706257,0.0,True,next_open_gap_checked
MELI,2026-09-16,1822.002,1853.5,1794.72,1839.71,1839.71,898574.0,0.0058886568176101,-0.0303894337952006,-0.0195168227337407,-0.0630408099862999,0.0340445383724721,0.1574506904904211,0.020307978157969,0.0242382101987304,0.0226730558146218,2.0485868365710003,2.079743714587767,-0.0037934541319015,0.0322612159591482,2548.5,1495.0,-0.2781204630174612,0.2305752508361205,1653115573.54,842342417.52525,1839.71,1847.39,,,,,,,,0,,0,0,0,0,0,0,1.0,505.0,1.0,1.0,1,8.0,0,0,0,0,0.0,0.0,0.0,0.0,0,0,0,0,0.0,0.0,0.0,0.0,0,0,0,1,0.0,0.0,0.0,3.0,0,0,0,0,0.0,0.0,0.0,0.0,0,0,0,0,0.0,0.0,0.0,0.0,0,0,0,0,0.0,0.0,0.0,0.0,0,0,0,1,0.0,0.0,0.0,1.0,0,0,0,1,0.0,0.0,0.0,1.0,0,0,0,1,0.0,0.0,0.0,4.0,0,0,0,1,10000.0,0.004174570992167226,1.1871656694411025e-05,,False,2026-10-16,0.006075111067876416,-0.018740889933432148,0.40375884638388554,0.0,True,next_open_gap_checked
MG,2026-09-16,19.8,19.865,19.32,19.36,19.36,342117.0,-0.0152594099694811,-0.022715800100959,-0.0310310310310311,0.0431034482758621,0.0637362637362637,0.0330843116328709,0.0215075939542882,0.0265039456109186,0.0326285724995538,1.4052963195881836,1.5296356084694054,0.0071210579857579,0.0275252525252524,20.2,9.345,-0.0415841584158416,1.0716960941680045,6623385.12,4695729.388499999,19.36,19.59,,,,,,,,0,,0,0,0,0,0,0,36.0,36.0,0.0,1.0,1,8.0,0,0,0,0,0.0,0.0,0.0,0.0,0,0,0,0,0.0,0.0,0.0,0.0,0,0,0,1,0.0,0.0,0.0,3.0,0,0,0,0,0.0,0.0,0.0,0.0,0,0,0,0,0.0,0.0,0.0,0.0,0,0,0,0,0.0,0.0,0.0,0.0,0,1,1,1,0.0,1.0,1.0,13.0,0,0,0,1,0.0,0.0,0.0,1.0,0,0,0,0,0.0,0.0,0.0,0.0,0,1,1,1,10000.0,0.011880165289256173,0.002129594610901203,,False,2026-10-16,0.021033259458590647,-0.011151116257667553,0.43318681204270915,0.0,True,next_open_gap_checked
MGM,2026-09-16,39.22,39.24,38.14,38.39,38.39,2775925.0,-0.0211626721060682,-0.0376034093757834,-0.055828824397442,-0.0583762570517537,-0.1138042474607571,-0.1756495598024479,0.0107913678417127,0.0107288417179406,0.0133517179417508,1.409450703535969,1.1644292570503618,0.0,0.0280469148393677,51.59,29.185,-0.255863539445629,0.3154017474730171,106567760.75,81498521.454,38.39,38.78,,,,,,,,0,,0,0,0,0,0,0,48.0,517.0,0.0,1.0,1,8.0,0,0,0,1,0.0,0.0,0.0,1.0,0,0,0,0,0.0,0.0,0.0,0.0,0,0,0,1,0.0,0.0,0.0,5.0,0,0,0,0,0.0,0.0,0.0,0.0,0,0,0,0,0.0,0.0,0.0,0.0,0,0,0,1,0.0,0.0,0.0,2.0,0,0,0,1,0.0,0.0,0.0,4.0,0,0,0,1,0.0,0.0,0.0,1.0,0,0,0,0,0.0,0.0,0.0,0.0,0,0,0,1,10000.0,0.01015889554571503,0.00012270161251507213,,False,2026-10-16,0.015020495275119557,-0.02401680007747237,0.3216996584064944,0.0,True,next_open_gap_checked
MGN,2026-09-16,4.817,4.851,3.27,3.987,3.987003,6044642.0,0.0326340326340326,-0.2154663518299882,-0.5181290790427846,0.1205733558178752,0.3223880597014925,-0.0425072046109509,0.162149944596022,0.4123126935528666,0.2757284488878939,4.531396264723881,4.252992298590828,0.2476042476042474,0.3282125804442599,155.4,1.671,-0.9743436293436294,1.385996409335727,24099987.654,7253306.77605,3.987,3.93,,,,,,,,0,,0,0,0,0,0,0,,,0.0,0.0,0,0.0,0,0,0,0,0.0,0.0,0.0,0.0,0,0,0,0,0.0,0.0,0.0,0.0,0,0,0,0,0.0,0.0,0.0,0.0,0,0,0,0,0.0,0.0,0.0,0.0,0,0,0,0,0.0,0.0,0.0,0.0,0,0,0,0,0.0,0.0,0.0,0.0,0,0,0,0,0.0,0.0,0.0,0.0,0,0,0,0,0.0,0.0,0.0,0.0,0,0,0,0,0.0,0.0,0.0,0.0,0,0,0,0,10000.0,-0.014296463506395796,0.0013786815184791883,,False,2026-10-16,0.004115181018112375,-0.06421597259464268,0.28960112129555426,0.0,True,next_open_gap_checked
MIDD,2026-09-16,111.44,113.49,110.85,112.31,112.31,833363.0,0.0108910891089109,0.0369310312990489,0.060128374551633,0.0063620071684589,-0.0148245614035087,-0.326072607260726,0.0094436565949902,0.0151129245919632,0.0349098362651191,1.4954070804765347,1.331016843099091,0.0030603060306031,0.0236898779612347,180.13,104.24,-0.3765058568811413,0.0774174980813509,93594998.53,62047028.912,112.31,113.36,,,,,,,,0,,0,0,0,0,0,0,6.0,1994.0,1.0,1.0,1,8.0,0,0,0,1,0.0,0.0,0.0,1.0,0,0,0,0,0.0,0.0,0.0,0.0,0,0,0,0,0.0,0.0,0.0,0.0,0,0,0,0,0.0,0.0,0.0,0.0,0,0,0,0,0.0,0.0,0.0,0.0,0,0,0,0,0.0,0.0,0.0,0.0,0,0,0,1,0.0,0.0,0.0,4.0,0,0,0,1,0.0,0.0,0.0,3.0,0,0,0,1,0.0,0.0,0.0,1.0,0,0,0,1,10000.0,0.009349122963226764,0.00016116807162809988,,False,2026-10-16,0.008854797908253649,-0.00952147492467239,0.41810521993250593,0.0,True,next_open_gap_checked
MLKN,2026-09-16,21.04,21.36,20.725,20.97,20.97,555785.0,0.0014326647564468,-0.0103822557810289,-0.0314087759815242,-0.0468181818181818,-0.0957309184993532,0.3297400126823082,0.022036620477359,0.018062871882798,0.0286215231675467,1.0092458897497127,0.7748820822016206,0.0047755491881564,0.0301806083650189,24.71,13.773,-0.151355726426548,0.5225441080374646,11654811.45,12274916.553499991,20.97,21.46,,,,,,,,0,,0,0,0,0,0,0,16.0,16.0,1.0,1.0,1,8.0,0,0,0,0,0.0,0.0,0.0,0.0,0,0,0,1,0.0,0.0,0.0,4.0,0,0,0,0,0.0,0.0,0.0,0.0,0,0,0,0,0.0,0.0,0.0,0.0,0,0,0,0,0.0,0.0,0.0,0.0,0,0,0,0,0.0,0.0,0.0,0.0,0,0,0,1,0.0,0.0,0.0,183.0,1,1,1,1,1.0,1.0,1.0,12.0,0,0,0,0,0.0,0.0,0.0,0.0,1,1,1,1,10000.0,0.02336671435383897,0.0008146694893130385,,False,2026-10-16,0.01888614891739896,-0.012011177738357692,0.40570929382599086,0.0,True,next_open_gap_checked
MLPB,2026-09-16,31.38,31.38,30.971,30.971,30.9707,20626.0,-0.0107640219752139,-0.0230276647424371,-0.0272010553758206,-0.0221639882549805,-0.0104163338339138,0.1022492704107054,0.0054573860018382,0.0062608264480874,0.009778961718404,5.0974334894411015,5.432540989003753,0.0022997316979684,0.013033779477374,31.94,23.409,-0.0303381340012524,0.323038147720962,638807.846,126896.43575,30.971,31.021,,,,,,,,0,,0,0,0,0,0,0,,,0.0,0.0,0,0.0,0,0,0,0,0.0,0.0,0.0,0.0,0,0,0,0,0.0,0.0,0.0,0.0,0,0,0,0,0.0,0.0,0.0,0.0,0,0,0,0,0.0,0.0,0.0,0.0,0,0,0,0,0.0,0.0,0.0,0.0,0,0,0,0,0.0,0.0,0.0,0.0,0,0,0,0,0.0,0.0,0.0,0.0,0,0,0,0,0.0,0.0,0.0,0.0,0,0,0,0,0.0,0.0,0.0,0.0,0,0,0,0,10000.0,0.0016144134835813784,0.07880441984754485,,False,2026-10-16,0.004115181018112375,-0.024358689981742468,0.22115470155233088,0.0,False,next_open_gap_checked
MRP,2026-09-16,29.53,29.65,28.68,28.95,28.95,1693905.0,-0.0166440217391304,-0.0249242169080499,-0.0505083633978353,-0.053302812295618,-0.0330661322645291,0.016146016146016,0.0131887320927425,0.0154887583252304,0.0160899111083303,1.606033373329979,1.4120013929082962,0.0030570652173913,0.0328479512360311,35.45,26.3,-0.1833568406205924,0.1007604562737642,49038549.75,32048496.788,28.95,29.3,,,,,,,,0,,0,0,0,0,0,0,14.0,14.0,1.0,1.0,3,8.0,0,0,0,0,0.0,0.0,0.0,0.0,0,0,0,0,0.0,0.0,0.0,0.0,0,0,0,1,0.0,0.0,0.0,4.0,0,0,0,0,0.0,0.0,0.0,0.0,0,0,0,0,0.0,0.0,0.0,0.0,0,0,0,0,0.0,0.0,0.0,0.0,1,1,1,1,1.0,1.0,1.0,12.0,0,0,0,0,0.0,0.0,0.0,0.0,0,0,0,0,0.0,0.0,0.0,0.0,1,1,1,1,10000.0,0.012089810017271274,0.00031202711522321155,,False,2026-10-16,0.01912129422908031,-0.02401680007747237,0.31699611747920725,0.0,True,next_open_gap_checked
MSA,2026-09-16,179.73,182.095,179.045,179.82,179.82,262081.99999999997,0.0057609485989149,-0.012954221100011,-0.026948051948052,-0.0403970329259831,-0.0504805153659309,0.0967978042086001,0.0107085638242669,0.0096480756030413,0.0161946966976903,1.2395932757496957,0.978133063224168,0.0052575647407573,0.0169698992933845,208.92,151.105,-0.1392877656519241,0.1900334204692102,47127585.239999995,39468714.2745,179.82,181.76,,,,,,,,0,,0,0,0,0,0,0,47.0,534.0,0.0,1.0,1,8.0,0,0,0,0,0.0,0.0,0.0,0.0,0,0,0,0,0.0,0.0,0.0,0.0,0,0,0,1,0.0,0.0,0.0,2.0,0,0,0,0,0.0,0.0,0.0,0.0,0,0,0,0,0.0,0.0,0.0,0.0,0,0,0,0,0.0,0.0,0.0,0.0,0,0,0,1,0.0,0.0,0.0,3.0,0,0,0,1,0.0,0.0,0.0,2.0,0,0,0,0,0.0,0.0,0.0,0.0,0,0,0,1,10000.0,0.010788566344121842,0.0002533652332946861,,False,2026-10-16,0.009373055718780063,-0.02465291489136744,0.30781929244029993,0.0,True,next_open_gap_checked
MSLE,2026-09-16,9.5,9.66,9.185,9.3,9.3,29772.0,-0.0064102564102562,-0.0461538461538461,-0.0718562874251496,0.0242290748898679,-0.0519877675840978,0.606217616580311,0.0213236499311243,0.0420011050738559,0.0503744905652259,1.0380481681964384,0.5412667736886025,0.0149572649572651,0.0499999999999999,13.395,5.303,-0.3057110862262037,0.7537243069960402,276879.60000000003,273887.62425,9.3,9.27,,,,,,,,0,,0,0,0,0,0,0,,,0.0,0.0,0,0.0,0,0,0,0,0.0,0.0,0.0,0.0,0,0,0,0,0.0,0.0,0.0,0.0,0,0,0,0,0.0,0.0,0.0,0.0,0,0,0,0,0.0,0.0,0.0,0.0,0,0,0,0,0.0,0.0,0.0,0.0,0,0,0,0,0.0,0.0,0.0,0.0,0,0,0,0,0.0,0.0,0.0,0.0,0,0,0,0,0.0,0.0,0.0,0.0,0,0,0,0,0.0,0.0,0.0,0.0,0,0,0,0,10000.0,-0.003225806451613078,0.0365113247719151,,False,2026-10-16,0.004115181018112375,-0.013404976915804294,0.42584017792912976,0.0,False,next_open_gap_checked
MSS,2026-09-16,1.59,1.65,1.51,1.52,1.52,61640.0,0.0,-0.1555555555555555,-0.1213872832369942,0.0555555555555555,-0.0318471337579617,-0.6001052354643515,0.0660429240059745,0.0786188872498014,0.0830962250404415,0.0120719100020699,0.0211395722423789,0.0460526315789473,0.0880503144654087,197.995,1.24,-0.9923230384605672,0.2258064516129032,93692.8,8959018.930750001,1.52,1.54,,,,,,,,0,,0,0,0,0,0,0,21.0,85.0,1.0,2.0,2,8.0,0,0,0,0,0.0,0.0,0.0,0.0,0,0,0,0,0.0,0.0,0.0,0.0,0,0,0,1,0.0,0.0,0.0,1.0,0,0,0,0,0.0,0.0,0.0,0.0,0,0,0,0,0.0,0.0,0.0,0.0,0,0,0,0,0.0,0.0,0.0,0.0,0,1,1,1,0.0,3.0,3.0,7.0,0,1,1,1,0.0,1.0,1.0,1.0,0,0,0,1,0.0,0.0,0.0,21.0,0,1,1,1,10000.0,0.013157894736842035,0.001116193645453415,,False,2026-10-16,0.009324871142663888,0.023873280361757492,0.4115099693773019,0.0009486671863340368,True,next_open_gap_checked
MTEN,2026-09-16,1.07,1.15,1.05,1.06,1.06,516615.00000000006,-0.0619469026548671,0.0392156862745098,0.0392156862745098,0.0,-0.0535714285714286,-0.4564102564102563,0.0685702479462031,0.0491792032951064,0.0758318492473047,0.6679806513630787,0.2503809604201005,-0.0530973451327432,0.0934579439252335,2478.0,0.8,-0.9995722356739306,0.3249999999999999,547611.9000000001,858377.3887,1.06,1.06,,,,,,,,0,,0,0,0,0,0,0,,,0.0,0.0,0,0.0,0,0,0,0,0.0,0.0,0.0,0.0,0,0,0,0,0.0,0.0,0.0,0.0,0,0,0,0,0.0,0.0,0.0,0.0,0,0,0,0,0.0,0.0,0.0,0.0,0,0,0,0,0.0,0.0,0.0,0.0,0,0,0,0,0.0,0.0,0.0,0.0,0,0,0,0,0.0,0.0,0.0,0.0,0,0,0,0,0.0,0.0,0.0,0.0,0,0,0,0,0.0,0.0,0.0,0.0,0,0,0,0,10000.0,0.0,0.011649887487303053,,False,2026-10-16,0.004115181018112375,-0.06480566737599973,0.4079578336618011,0.0,True,next_open_gap_checked
MTH,2026-09-16,65.35,66.1,63.41,63.96,63.96,1041710.0,-0.0276679841897232,-0.0040485829959513,0.00219366969602,-0.0521636040308239,-0.0950764006791172,-0.1481086840703249,0.0285563866576417,0.0247189966275606,0.0254359589291245,1.5187754387341024,1.2750487701166786,-0.00653694131955,0.0411629686304513,85.38,58.03,-0.2508784258608573,0.1021885231776666,66627771.599999994,46303362.436,63.96,65.63,,,,,,,,0,,0,0,0,0,0,0,21.0,1225.0,1.0,1.0,1,8.0,0,0,0,0,0.0,0.0,0.0,0.0,0,0,0,0,0.0,0.0,0.0,0.0,0,0,0,0,0.0,0.0,0.0,0.0,0,0,0,0,0.0,0.0,0.0,0.0,0,0,0,0,0.0,0.0,0.0,0.0,0,0,0,0,0.0,0.0,0.0,0.0,0,0,0,0,0.0,0.0,0.0,0.0,0,0,0,1,0.0,0.0,0.0,2.0,0,0,0,0,0.0,0.0,0.0,0.0,0,0,0,1,10000.0,0.0261100687929956,0.00021596703724965742,,False,2026-10-16,0.016571847183065137,-0.017780721308677708,0.41113290358359866,0.0,True,next_open_gap_checked
MUR,2026-09-16,39.29,39.525,37.99,38.19,38.19,2128056.0,-0.0547029702970297,-0.008051948051948,-0.0070202808112325,0.0156914893617019,0.0855599772598065,0.1095293434049968,0.0404099180273289,0.0311383182018524,0.0313831572901197,1.359241489115895,1.2212393296089,-0.0274752475247525,0.0390684652583353,43.34,26.18,-0.1188278726349794,0.4587471352177235,81270458.64,58623656.87899999,38.19,37.5,,,,,,,,0,,0,0,0,0,0,0,7.0,2361.0,1.0,1.0,1,8.0,0,0,0,0,0.0,0.0,0.0,0.0,0,0,0,0,0.0,0.0,0.0,0.0,0,0,0,0,0.0,0.0,0.0,0.0,0,0,0,0,0.0,0.0,0.0,0.0,0,0,0,0,0.0,0.0,0.0,0.0,0,0,0,0,0.0,0.0,0.0,0.0,0,0,0,1,0.0,0.0,0.0,1.0,0,0,0,1,0.0,0.0,0.0,1.0,0,0,0,0,0.0,0.0,0.0,0.0,0,0,0,1,10000.0,-0.01806755695208162,0.000170579601007152,,False,2026-10-16,0.019981325054545817,-0.016560249885306494,0.3833061615494694,0.0,True,next_open_gap_checked
MUX,2026-09-16,18.99,19.0,17.71,18.18,18.18,1022923.0,-0.0210016155088853,-0.0691244239631336,-0.1026653504442252,-0.0506527415143602,-0.0098039215686274,-0.0466701625589932,0.0204964650223201,0.0371420155344817,0.0352487616037033,1.0238506598903938,0.928008979230766,0.0226171243941841,0.0679304897314375,29.7,13.045,-0.3878787878787878,0.3936374089689536,18596740.14,20042778.248,18.18,18.84,,,,,,,,0,,0,0,0,0,0,0,14.0,14.0,1.0,1.0,1,8.0,0,0,0,0,0.0,0.0,0.0,0.0,0,0,0,0,0.0,0.0,0.0,0.0,0,0,0,1,0.0,0.0,0.0,1.0,0,0,0,0,0.0,0.0,0.0,0.0,0,0,0,0,0.0,0.0,0.0,0.0,1,1,1,1,1.0,1.0,1.0,1.0,0,0,0,1,0.0,0.0,0.0,32.0,0,0,0,1,0.0,0.0,0.0,1.0,0,0,0,1,0.0,0.0,0.0,10.0,1,1,1,1,10000.0,0.03630363036303641,0.0004989328263908656,,False,2026-10-16,0.020083388760367017,-0.012687805788699378,0.440380658927724,0.0,True,next_open_gap_checked
MVIS,2026-09-16,1.55,1.67,1.412,1.63,1.63,3292421.0,0.065359477124183,-0.0060975609756097,0.012422360248447,-0.0523255813953489,-0.0919220055710307,-0.6978683966635774,0.0478504388079326,0.0353207275964494,0.0960856987342433,2.304525444128756,2.451886788600497,0.0130718954248365,0.1664516129032258,23.1,1.412,-0.9294372294372296,0.1543909348441925,5366646.2299999995,2421912.029,1.63,1.64,,,,,,,,0,,0,0,0,0,0,0,16.0,377.0,1.0,1.0,1,8.0,0,0,0,1,0.0,0.0,0.0,1.0,0,0,0,0,0.0,0.0,0.0,0.0,0,0,0,1,0.0,0.0,0.0,3.0,0,0,0,0,0.0,0.0,0.0,0.0,0,0,0,0,0.0,0.0,0.0,0.0,0,0,0,0,0.0,0.0,0.0,0.0,0,0,0,1,0.0,0.0,0.0,4.0,0,0,0,1,0.0,0.0,0.0,3.0,0,0,0,0,0.0,0.0,0.0,0.0,0,0,0,1,10000.0,0.006134969325153339,0.004128969128630559,,False,2026-10-16,0.00892303931183562,-0.04015885245557984,0.4186917717234066,0.0,True,next_open_gap_checked
NAC,2026-09-16,10.7,10.85,10.68,10.78,10.78,967792.0,0.005597014925373,-0.0261969286359531,-0.0217785843920145,-0.0617928633594431,-0.0802047781569966,-0.1001669449081803,0.0155795536646867,0.0108763542598209,0.0076512355405368,1.3415762819884132,1.959285013643543,-0.0018656716417911,0.0158878504672897,12.25,10.56,-0.1200000000000001,0.0208333333333332,10432797.76,8106512.308,10.78,10.87,,,,,,,,0,,0,0,0,0,0,0,312.9583333333333,312.9583333333333,0.0,0.0,0,8.0,0,0,0,0,0.0,0.0,0.0,0.0,0,0,0,0,0.0,0.0,0.0,0.0,0,0,0,0,0.0,0.0,0.0,0.0,0,0,0,0,0.0,0.0,0.0,0.0,0,0,0,0,0.0,0.0,0.0,0.0,0,0,0,0,0.0,0.0,0.0,0.0,0,0,0,1,0.0,0.0,0.0,1.0,0,0,0,1,0.0,0.0,0.0,6.0,0,0,0,1,0.0,0.0,0.0,1.0,0,0,0,1,10000.0,0.008348794063079756,0.0012335761200450398,,False,2026-10-16,0.009755401661139942,-0.02401680007747237,0.3250345987204625,0.0,True,next_open_gap_checked
NAK,2026-09-16,1.27,1.28,1.2,1.24,1.24,3833377.0,-0.0158730158730159,-0.1205673758865247,-0.1895424836601307,-0.2051282051282051,-0.2101910828025478,-0.3921568627450981,0.0323153228029064,0.0395436966368359,0.0433654463113436,1.0387055343863003,0.8153816695723701,0.0079365079365079,0.062992125984252,2.98,0.81,-0.5838926174496644,0.5308641975308641,4753387.4799999995,5739087.447,1.24,1.29,,,,,,,,0,,0,0,0,0,0,0,,,0.0,0.0,0,0.0,0,0,0,0,0.0,0.0,0.0,0.0,0,0,0,0,0.0,0.0,0.0,0.0,0,0,0,0,0.0,0.0,0.0,0.0,0,0,0,0,0.0,0.0,0.0,0.0,0,0,0,0,0.0,0.0,0.0,0.0,0,0,0,0,0.0,0.0,0.0,0.0,0,0,0,0,0.0,0.0,0.0,0.0,0,0,0,0,0.0,0.0,0.0,0.0,0,0,0,0,0.0,0.0,0.0,0.0,0,0,0,0,10000.0,0.040322580645161255,0.0017424372937943841,,False,2026-10-16,0.004115181018112375,0.008990417842907023,0.43898376551203305,0.0002531761596957331,True,next_open_gap_checked
NAMS,2026-09-16,22.07,22.15,21.02,21.18,21.18,1233639.0,0.0009451795841208,-0.0710526315789473,-0.0706450197455024,-0.1500802568218299,-0.2227522935779816,-0.3127839065541856,0.0380547468333046,0.0358031060758147,0.0337194811773186,0.922827269042772,1.054027181865974,0.0430056710775046,0.0512007249660171,42.205,21.02,-0.4981637246771709,0.0076117982873453,26128474.02,32953416.6995,21.18,21.59,,,,,,,,0,,0,0,0,0,0,0,,,0.0,0.0,0,0.0,0,0,0,0,0.0,0.0,0.0,0.0,0,0,0,0,0.0,0.0,0.0,0.0,0,0,0,0,0.0,0.0,0.0,0.0,0,0,0,0,0.0,0.0,0.0,0.0,0,0,0,0,0.0,0.0,0.0,0.0,0,0,0,0,0.0,0.0,0.0,0.0,0,0,0,0,0.0,0.0,0.0,0.0,0,0,0,0,0.0,0.0,0.0,0.0,0,0,0,0,0.0,0.0,0.0,0.0,0,0,0,0,10000.0,0.019357884796978198,0.00030345866989117795,,False,2026-10-16,0.004115181018112375,-0.01032681823318701,0.43898376551203305,0.0,True,next_open_gap_checked
NAUT,2026-09-16,0.9179,1.0,0.91,0.9721,0.9721,1147567.0,0.0908988890135786,-0.0469607843137255,-0.1320535714285715,0.0492174851592013,0.1412303357595679,-0.5791774891774892,0.0900562451996036,0.0768065577562115,0.0676328583674138,1.1773607012248453,1.0988823718054197,0.0300751879699248,0.0980498965028869,4.31,0.681,-0.7744547563805104,0.4274596182085166,1115549.8807,949033.807925,0.9721,1.01,,,,,,,,0,,0,0,0,0,0,0,2.0,2.0,1.0,1.0,1,8.0,0,0,0,0,0.0,0.0,0.0,0.0,0,0,0,1,0.0,0.0,0.0,1.0,0,0,0,1,0.0,0.0,0.0,3.0,0,0,0,0,0.0,0.0,0.0,0.0,0,0,0,1,0.0,0.0,0.0,1.0,0,0,0,1,0.0,0.0,0.0,1.0,1,1,1,1,2.0,2.0,2.0,82.0,0,0,0,1,0.0,0.0,0.0,2.0,0,0,0,1,0.0,0.0,0.0,9.0,1,1,1,1,10000.0,0.038987758461063615,0.010537032418122535,,False,2026-10-16,0.011459315879683494,-0.005224879934810992,0.3998167668718256,0.0,False,next_open_gap_checked
NB,2026-09-16,3.6,3.63,3.405,3.5,3.5,2904225.0,-0.0168539325842697,-0.0801576872536137,-0.1336633663366336,-0.125,-0.2273730684326711,-0.326923076923077,0.0227657238628896,0.0392636068246439,0.0487040379255012,1.066799741828016,0.8916805830860849,0.0112359550561798,0.0625,12.58,3.405,-0.7217806041335453,0.0279001468428781,10164787.5,11209989.70625,3.5,3.65,,,,,,,,0,,0,0,0,0,0,0,70.0,1279.0,0.0,1.0,1,8.0,0,0,0,0,0.0,0.0,0.0,0.0,0,0,0,0,0.0,0.0,0.0,0.0,0,0,0,0,0.0,0.0,0.0,0.0,0,0,0,0,0.0,0.0,0.0,0.0,0,0,0,0,0.0,0.0,0.0,0.0,0,0,0,0,0.0,0.0,0.0,0.0,0,0,0,1,0.0,0.0,0.0,68.0,0,0,0,0,0.0,0.0,0.0,0.0,0,0,0,1,0.0,0.0,0.0,48.0,0,0,0,1,10000.0,0.04285714285714293,0.000892061479273671,,False,2026-10-16,0.009244054059001285,-0.0031947101821418536,0.43560394394609303,0.0,True,next_open_gap_checked
NBIS,2026-09-16,212.49,220.4,208.461,209.37,209.37,12750480.0,0.0096445966147464,-0.0676018704074816,-0.1288953609319741,0.0492633056028866,-0.1572273879966187,-0.2617679207362223,0.0266919666663841,0.0445494873422507,0.0889703980934864,0.79850781479259,0.6277078929846184,0.0246901673337511,0.0561861734669866,299.86,73.52,-0.3017741612752618,1.8477965179542983,2669567997.6,3508908406.091001,209.37,230.02,,,,,,,,0,,0,0,0,0,0,0,,,0.0,0.0,0,0.0,0,0,0,0,0.0,0.0,0.0,0.0,0,0,0,0,0.0,0.0,0.0,0.0,0,0,0,0,0.0,0.0,0.0,0.0,0,0,0,0,0.0,0.0,0.0,0.0,0,0,0,0,0.0,0.0,0.0,0.0,0,0,0,0,0.0,0.0,0.0,0.0,0,0,0,0,0.0,0.0,0.0,0.0,0,0,0,0,0.0,0.0,0.0,0.0,0,0,0,0,0.0,0.0,0.0,0.0,0,0,0,0,10000.0,0.09862922099632243,2.8498891514641196e-06,,False,2026-10-16,0.004115181018112375,-0.009682155432877596,0.4367194785292088,0.0,True,next_open_gap_checked
NCI,2026-09-16,12.9,13.45,12.885,13.325,13.325,225448.0,0.0297527047913446,0.0273708558211256,0.0533596837944663,0.0257890685142416,0.0659999999999998,0.1688596491228069,0.0145297325317334,0.0500651656068112,0.0329650195959005,0.2645706585661598,0.4087849625756117,-0.0030911901081915,0.043798449612403,110.48,2.56,-0.8793899348298335,4.205078125,3004094.5999999996,11027359.154,13.325,13.25,,,,,,,,0,,0,0,0,0,0,0,,,0.0,0.0,0,0.0,0,0,0,0,0.0,0.0,0.0,0.0,0,0,0,0,0.0,0.0,0.0,0.0,0,0,0,0,0.0,0.0,0.0,0.0,0,0,0,0,0.0,0.0,0.0,0.0,0,0,0,0,0.0,0.0,0.0,0.0,0,0,0,0,0.0,0.0,0.0,0.0,0,0,0,0,0.0,0.0,0.0,0.0,0,0,0,0,0.0,0.0,0.0,0.0,0,0,0,0,0.0,0.0,0.0,0.0,0,0,0,0,10000.0,-0.0056285178236397115,0.0009068354317971641,,False,2026-10-16,0.004115181018112375,-0.025968790478919982,0.40751292802025785,0.0,True,next_open_gap_checked
NCPL,2026-09-16,0.4263,0.4299,0.3825,0.4238,0.4238,374897.0,-0.0221504383940932,-0.0586406041759217,-0.1247418422139612,-0.4648989898989899,0.8587719298245613,-0.32192,0.0415750571602664,0.3184585156655833,0.1923591336861688,0.0090885414759442,0.026472194365561,-0.0163820950622981,0.1111893033075299,2.75,0.2065,-0.845890909090909,1.0523002421307508,158881.3486,25524657.87278,0.4238,0.415,,,,,,,,0,,0,0,0,0,0,0,12.0,608.9583333333334,1.0,1.0,1,8.0,0,0,0,0,0.0,0.0,0.0,0.0,0,0,0,0,0.0,0.0,0.0,0.0,0,0,0,0,0.0,0.0,0.0,0.0,0,0,0,0,0.0,0.0,0.0,0.0,0,0,0,0,0.0,0.0,0.0,0.0,0,0,0,0,0.0,0.0,0.0,0.0,0,0,0,1,0.0,0.0,0.0,10.0,0,0,0,1,0.0,0.0,0.0,1.0,0,0,0,1,0.0,0.0,0.0,38.0,0,0,0,1,10000.0,-0.020764511562057608,0.0003917780230333351,,False,2026-10-16,0.0107025200502617,-0.08314450987815451,0.2735230644356317,0.0,False,next_open_gap_checked
NEXA,2026-09-16,12.88,12.98,11.943,12.08,12.08,1306580.0,-0.0427892234548334,-0.092411720510894,-0.1522807017543859,-0.0792682926829267,-0.1045218680504077,-0.1340501792114694,0.0409142757238454,0.0470474582059659,0.0466259889918889,1.4688934619974492,1.8017547589361127,0.0206022187004755,0.0805124223602485,16.89,4.82,-0.2847838957963292,1.5062240663900417,15783486.4,12343082.303,12.08,12.87,,,,,,,,0,,0,0,0,0,0,0,,,0.0,0.0,0,0.0,0,0,0,0,0.0,0.0,0.0,0.0,0,0,0,0,0.0,0.0,0.0,0.0,0,0,0,0,0.0,0.0,0.0,0.0,0,0,0,0,0.0,0.0,0.0,0.0,0,0,0,0,0.0,0.0,0.0,0.0,0,0,0,0,0.0,0.0,0.0,0.0,0,0,0,0,0.0,0.0,0.0,0.0,0,0,0,0,0.0,0.0,0.0,0.0,0,0,0,0,0.0,0.0,0.0,0.0,0,0,0,0,10000.0,0.0653973509933774,0.000810170405942241,,False,2026-10-16,0.004115181018112375,-0.01032681823318701,0.44221575053406087,0.0,True,next_open_gap_checked
NEXR,2026-09-16,1.6,1.9,1.375,1.42,1.42,964416.0,-0.1069182389937107,-0.0838709677419355,-0.1497005988023951,-0.2240437158469945,-0.4621212121212121,-0.8055060950554719,0.0605431529524477,0.0765104603921973,0.1633620287563421,2.558823915691812,1.0926552462320551,0.0062893081761006,0.3281249999999999,847.0,1.375,-0.998323494687131,0.0327272727272727,1369470.72,714525.7452499999,1.42,1.61,,,,,,,,0,,0,0,0,0,0,0,,,0.0,0.0,0,0.0,0,0,0,0,0.0,0.0,0.0,0.0,0,0,0,0,0.0,0.0,0.0,0.0,0,0,0,0,0.0,0.0,0.0,0.0,0,0,0,0,0.0,0.0,0.0,0.0,0,0,0,0,0.0,0.0,0.0,0.0,0,0,0,0,0.0,0.0,0.0,0.0,0,0,0,0,0.0,0.0,0.0,0.0,0,0,0,0,0.0,0.0,0.0,0.0,0,0,0,0,0.0,0.0,0.0,0.0,0,0,0,0,10000.0,0.1338028169014085,0.013995296973520775,,False,2026-10-16,0.004115181018112375,-0.10353098859009421,0.2838797536244953,0.0,False,next_open_gap_checked
NGEN,2026-09-16,2.16,2.18,2.08,2.13,2.13,452882.0,-0.0046728971962617,-0.0251716247139588,0.0,-0.0818965517241379,0.2456140350877191,-0.0046728971962617,0.0158344075039818,0.0361691431118515,0.0335225117346557,0.7436169791793747,0.725068341087689,0.0093457943925234,0.0462962962962963,6.3,1.58,-0.6619047619047619,0.3481012658227846,964638.66,1320316.2715,2.13,2.15,,,,,,,,0,,0,0,0,0,0,0,,,0.0,0.0,0,0.0,0,0,0,0,0.0,0.0,0.0,0.0,0,0,0,0,0.0,0.0,0.0,0.0,0,0,0,0,0.0,0.0,0.0,0.0,0,0,0,0,0.0,0.0,0.0,0.0,0,0,0,0,0.0,0.0,0.0,0.0,0,0,0,0,0.0,0.0,0.0,0.0,0,0,0,0,0.0,0.0,0.0,0.0,0,0,0,0,0.0,0.0,0.0,0.0,0,0,0,0,0.0,0.0,0.0,0.0,0,0,0,0,10000.0,0.009389671361502261,0.007573942861916778,,False,2026-10-16,0.004115181018112375,-0.01133900326483521,0.43898376551203305,0.0,True,next_open_gap_checked
NGL,2026-09-16,17.08,17.26,16.25,16.33,16.33,317892.0,-0.0511330621731552,-0.071103526734926,-0.077922077922078,-0.1091107474086198,-0.0614942528735632,-0.0024434941967014,0.0204430535046332,0.0299566621860754,0.0299405664093129,1.4986369791734189,1.481364234568443,-0.0075537478210344,0.0591334894613584,19.058,5.77,-0.1431419876167489,1.830155979202773,5191176.359999999,3736440.1765,16.33,16.35,,,,,,,,0,,0,0,0,0,0,0,187.0,187.0,0.0,0.0,0,8.0,0,0,0,0,0.0,0.0,0.0,0.0,0,0,0,1,0.0,0.0,0.0,2.0,0,0,0,1,0.0,0.0,0.0,65.0,0,0,0,0,0.0,0.0,0.0,0.0,0,0,0,0,0.0,0.0,0.0,0.0,0,0,0,0,0.0,0.0,0.0,0.0,0,0,0,1,0.0,0.0,0.0,9.0,0,0,0,0,0.0,0.0,0.0,0.0,0,0,0,0,0.0,0.0,0.0,0.0,0,0,0,1,10000.0,0.0012247397428049034,0.002676344201332083,,False,2026-10-16,0.02183754832032429,-0.013804440289551587,0.4412293584674837,0.0,True,next_open_gap_checked
NINE,2026-09-16,10.11,10.48,9.91,9.91,9.91,46494.0,-0.0322265625,-0.0570884871550904,0.0122574055158326,-0.0498561840843719,-0.0217176702862784,-0.1896974652493868,0.0335708798799642,0.0419975943262364,0.0443268706946166,0.4779183507324915,0.6536975703213936,-0.0126953125000001,0.056379821958457,13.23,7.76,-0.2509448223733937,0.2770618556701032,460755.54,1070894.209,9.91,10.01,,,,,,,,0,,0,0,0,0,0,0,41.0,921.9583333333334,0.0,1.0,1,8.0,0,0,0,0,0.0,0.0,0.0,0.0,0,0,0,0,0.0,0.0,0.0,0.0,0,0,0,0,0.0,0.0,0.0,0.0,0,0,0,0,0.0,0.0,0.0,0.0,0,0,0,0,0.0,0.0,0.0,0.0,0,0,0,0,0.0,0.0,0.0,0.0,0,0,0,1,0.0,0.0,0.0,5.0,0,0,0,1,0.0,0.0,0.0,1.0,0,0,0,0,0.0,0.0,0.0,0.0,0,0,0,1,10000.0,0.010090817356205761,0.00933799054655267,,False,2026-10-16,0.014754254349566126,-0.009932580923159408,0.4334562020960925,0.0,True,next_open_gap_checked
NRIX,2026-09-16,24.87,25.29,24.68,25.15,25.15,1236320.0,0.0128876359242851,0.0019920318725097,-0.0422696115765424,-0.0341781874039939,-0.0660972892684739,0.3485254691689008,0.0216429035031112,0.0198299619489877,0.0300051236522269,0.9951915149201248,0.8841772099996205,0.0016109544905358,0.0245275432247687,28.23,8.195,-0.1091037902940135,2.0689444783404514,31093448.0,32487786.66775,25.15,25.79,,,,,,,,0,,0,0,0,0,0,0,68.0,903.0,0.0,1.0,1,8.0,0,0,0,0,0.0,0.0,0.0,0.0,0,0,0,0,0.0,0.0,0.0,0.0,0,0,0,1,0.0,0.0,0.0,1.0,0,0,0,0,0.0,0.0,0.0,0.0,0,0,0,0,0.0,0.0,0.0,0.0,0,0,0,0,0.0,0.0,0.0,0.0,0,0,0,1,0.0,0.0,0.0,2.0,0,0,0,1,0.0,0.0,0.0,6.0,0,0,0,0,0.0,0.0,0.0,0.0,0,0,0,1,10000.0,0.02544731610337969,0.0003078079803425577,,False,2026-10-16,0.025150291419133223,-0.016560249885306494,0.39891522430521964,0.0,True,next_open_gap_checked
NTRP,2026-09-16,1.71,1.9,1.7,1.78,1.78,95850.0,-0.011111111111111,0.2535211267605635,0.2361111111111111,0.2714285714285716,0.2535211267605635,-0.1317073170731706,0.0884779280876046,0.0775076610989337,0.0623634386182748,1.0136898362919995,0.5270699110442363,-0.05,0.1169590643274853,5.2,0.9001,-0.6576923076923077,0.977558049105655,170613.0,134484.97799999992,1.78,1.81,,,,,,,,0,,0,0,0,0,0,0,1.0,349.0,1.0,1.0,1,8.0,0,0,0,0,0.0,0.0,0.0,0.0,0,0,0,0,0.0,0.0,0.0,0.0,0,0,0,1,0.0,0.0,0.0,5.0,0,0,0,0,0.0,0.0,0.0,0.0,0,0,0,0,0.0,0.0,0.0,0.0,0,0,0,1,0.0,0.0,0.0,2.0,0,0,0,1,0.0,0.0,0.0,9.0,0,0,0,1,0.0,0.0,0.0,4.0,0,0,0,1,0.0,0.0,0.0,23.0,0,0,0,1,10000.0,0.016853932584269593,0.07435774722735208,,False,2026-10-16,0.014808986033292214,-0.015334656665072671,0.41065488051384763,0.0,False,next_open_gap_checked
NUV,2026-09-16,8.5,8.555,8.485,8.54,8.54,837159.0,0.0023474178403755,-0.0206422018348625,-0.0183908045977011,-0.0458100558659217,-0.0500556173526141,-0.0635964912280702,0.0076359998042114,0.0062071718424454,0.0048660479013922,1.6075781087526468,1.6600387341512026,-0.0023474178403755,0.008235294117647,9.26,8.485,-0.0777537796976243,0.0064820271066587,7149337.859999999,4592404.3795,8.54,8.59,,,,,,,,0,,0,0,0,0,0,0,76.0,76.0,0.0,1.0,1,8.0,0,0,0,0,0.0,0.0,0.0,0.0,0,0,0,0,0.0,0.0,0.0,0.0,0,0,0,0,0.0,0.0,0.0,0.0,0,0,0,0,0.0,0.0,0.0,0.0,0,0,0,0,0.0,0.0,0.0,0.0,0,0,0,0,0.0,0.0,0.0,0.0,0,0,0,0,0.0,0.0,0.0,0.0,0,1,1,1,0.0,1.0,1.0,7.0,0,0,0,0,0.0,0.0,0.0,0.0,0,1,1,1,10000.0,0.005854800936768267,0.00217750859324125,,False,2026-10-16,0.008740578867183766,-0.02401680007747237,0.21298491987112017,0.0,True,next_open_gap_checked
NVNIW,2026-09-16,0.0171,0.018,0.0163,0.0163,0.0163,16298.0,-0.0944444444444444,-0.2850877192982457,-0.4072727272727273,-0.5356125356125356,-0.5925,-0.6218097447795824,0.1554697654130769,0.419018009412541,0.2863290510988905,1.7220229384697472,1.872250154125391,-0.0499999999999999,0.0994152046783625,0.155,0.0155,-0.8948387096774194,0.0516129032258063,265.6574,224.267375,0.0163,0.0172,,,,,,,,0,,0,0,0,0,0,0,,,0.0,0.0,0,0.0,0,0,0,0,0.0,0.0,0.0,0.0,0,0,0,0,0.0,0.0,0.0,0.0,0,0,0,0,0.0,0.0,0.0,0.0,0,0,0,0,0.0,0.0,0.0,0.0,0,0,0,0,0.0,0.0,0.0,0.0,0,0,0,0,0.0,0.0,0.0,0.0,0,0,0,0,0.0,0.0,0.0,0.0,0,0,0,0,0.0,0.0,0.0,0.0,0,0,0,0,0.0,0.0,0.0,0.0,0,0,0,0,10000.0,0.05521472392638049,44.58963324469286,,False,2026-10-16,0.004115181018112375,-0.039013686730168265,0.2838797536244953,0.0,False,next_open_gap_checked
NVST,2026-09-16,24.92,25.51,24.77,24.97,24.97,3555703.0,0.0097048119692679,-0.0227005870841487,-0.054882664647994,-0.0626876876876877,-0.1024442846872754,-0.0211681693453548,0.0214994948737375,0.0161293365231462,0.0192912005691513,1.5327112359510118,1.3276478342755975,0.0076829761423373,0.0296950240770466,30.42,18.77,-0.1791584483892176,0.3303143313798615,88785903.91,61488968.60599999,24.97,25.15,,,,,,,,0,,0,0,0,0,0,0,460.0,2304.0,0.0,0.0,0,7.0,0,0,0,0,0.0,0.0,0.0,0.0,0,0,0,0,0.0,0.0,0.0,0.0,0,0,0,0,0.0,0.0,0.0,0.0,0,0,0,0,0.0,0.0,0.0,0.0,0,0,0,0,0.0,0.0,0.0,0.0,0,0,0,0,0.0,0.0,0.0,0.0,0,0,0,1,0.0,0.0,0.0,5.0,0,0,0,0,0.0,0.0,0.0,0.0,0,0,0,1,0.0,0.0,0.0,1.0,0,0,0,1,10000.0,0.007208650380456483,0.00016263079746997442,,False,2026-10-16,0.020709530787931793,-0.023376601595768393,0.4143064642348945,0.0,True,next_open_gap_checked
NVX,2026-09-16,3.06,3.06,2.92,2.97,2.97,13527.0,-0.0262295081967212,-0.0033557046979865,0.083941605839416,-0.0198019801980197,-0.2910002387204583,-0.388259526261586,0.0585439677841012,0.0569591756187071,0.0433118535926438,0.3487274939674552,0.5023075499618451,0.0032786885245903,0.0457516339869281,38.6,2.65,-0.9230569948186528,0.1207547169811322,40175.19,129699.8304,2.97,2.97,,,,,,,,0,,0,0,0,0,0,0,,,0.0,0.0,0,0.0,0,0,0,0,0.0,0.0,0.0,0.0,0,0,0,0,0.0,0.0,0.0,0.0,0,0,0,0,0.0,0.0,0.0,0.0,0,0,0,0,0.0,0.0,0.0,0.0,0,0,0,0,0.0,0.0,0.0,0.0,0,0,0,0,0.0,0.0,0.0,0.0,0,0,0,0,0.0,0.0,0.0,0.0,0,0,0,0,0.0,0.0,0.0,0.0,0,0,0,0,0.0,0.0,0.0,0.0,0,0,0,0,10000.0,0.0,0.0771011031329768,,False,2026-10-16,0.004115181018112375,-0.06564784254041015,0.40342813259285704,0.0,False,next_open_gap_checked
NWE,2026-09-16,68.24,69.14,68.12,68.52,68.52,408189.0,0.0079435127978815,-0.0103986135181975,-0.0290491710358509,-0.0198827063367186,-0.0295992069112024,-0.020583190394511,0.0078028218693161,0.0109370321990808,0.0125644305468641,1.0815661139013608,1.0173010639331883,0.003824654310091,0.0149472450175849,75.18,55.5,-0.088587390263368,0.2345945945945944,27969110.279999997,26429395.1215,68.52,69.25,,,,,,,,0,,0,0,0,0,0,0,7.0,163.0,1.0,1.0,2,8.0,0,0,0,0,0.0,0.0,0.0,0.0,0,0,0,0,0.0,0.0,0.0,0.0,0,0,0,1,0.0,0.0,0.0,3.0,0,0,0,0,0.0,0.0,0.0,0.0,0,0,0,0,0.0,0.0,0.0,0.0,0,0,0,0,0.0,0.0,0.0,0.0,0,0,1,1,0.0,0.0,11.0,11.0,0,0,0,1,0.0,0.0,0.0,1.0,0,0,0,0,0.0,0.0,0.0,0.0,0,0,1,1,10000.0,0.010653823701109122,0.00037836658591800757,,False,2026-10-16,0.013936121522243954,-0.02465291489136744,0.29323747523066374,0.0,True,next_open_gap_checked
NWG,2026-09-16,18.85,18.985,18.435,18.62,18.62,4217457.0,0.0,-0.0142932768660666,0.0032327586206897,0.0158210583742499,-0.006403415154749,0.063392347230154,0.0177853666715415,0.0130664402018531,0.0167804565074071,1.527026582264594,1.1226126486955097,0.0123523093447905,0.0291777188328912,19.42,13.56,-0.0411946446961895,0.3731563421828909,78529049.34,51356041.905499995,18.62,18.93,,,,,,,,0,,0,0,0,0,0,0,,,0.0,0.0,0,0.0,0,0,0,0,0.0,0.0,0.0,0.0,0,0,0,0,0.0,0.0,0.0,0.0,0,0,0,0,0.0,0.0,0.0,0.0,0,0,0,0,0.0,0.0,0.0,0.0,0,0,0,0,0.0,0.0,0.0,0.0,0,0,0,0,0.0,0.0,0.0,0.0,0,0,0,0,0.0,0.0,0.0,0.0,0,0,0,0,0.0,0.0,0.0,0.0,0,0,0,0,0.0,0.0,0.0,0.0,0,0,0,0,10000.0,0.016648764769065405,0.00019471905600515227,,False,2026-10-16,0.004115181018112375,-0.024186119934450634,0.37342864158725064,0.0,True,next_open_gap_checked
NXG,2026-09-16,54.6,55.133,53.7,53.8,53.8,75067.0,-0.018068990691732,-0.0425342587649048,-0.0604261264407963,-0.0311543309922565,-0.1094189703691441,-0.0941235898299377,0.0118747854465765,0.0156189933261094,0.0188166891332935,0.8713821309029154,0.6761528813307423,-0.0034677860923525,0.0262454212454212,65.78,47.1,-0.1821222256004865,0.1422505307855626,4038604.6,4820465.929,53.8,54.38,,,,,,,,0,,0,0,0,0,0,0,65.0,65.0,0.0,1.0,3,8.0,0,0,0,0,0.0,0.0,0.0,0.0,0,1,1,1,0.0,22.0,22.0,22.0,0,1,1,1,0.0,1.0,1.0,1.0,0,0,0,0,0.0,0.0,0.0,0.0,0,0,0,0,0.0,0.0,0.0,0.0,0,0,0,1,0.0,0.0,0.0,3.0,0,1,1,1,0.0,2.0,3.0,8.0,0,0,1,1,0.0,0.0,1.0,4.0,0,0,0,0,0.0,0.0,0.0,0.0,0,1,1,1,10000.0,0.010780669144981436,0.0020744882646799435,,False,2026-10-16,0.011333154079446838,-0.024012716409663463,0.37713985767744473,0.0,True,next_open_gap_checked
NXP,2026-09-16,13.49,13.65,13.42,13.53,13.53,256525.99999999997,0.0052005943536403,-0.016,-0.0280172413793103,-0.0458392101551481,-0.0465116279069767,-0.0511921458625526,0.0070721925870422,0.004633710441698,0.0042063924773248,1.4353931515464864,1.6640655888924771,0.0022288261515601,0.01704966641957,14.65,13.42,-0.0764505119453925,0.0081967213114753,3470796.7799999993,2493030.6185000003,13.53,13.56,,,,,,,,0,,0,0,0,0,0,0,76.0,76.0,0.0,1.0,1,8.0,0,0,0,0,0.0,0.0,0.0,0.0,0,0,0,0,0.0,0.0,0.0,0.0,0,0,0,0,0.0,0.0,0.0,0.0,0,0,0,0,0.0,0.0,0.0,0.0,0,0,0,0,0.0,0.0,0.0,0.0,0,0,0,0,0.0,0.0,0.0,0.0,0,0,0,0,0.0,0.0,0.0,0.0,0,1,1,1,0.0,1.0,1.0,5.0,0,0,0,0,0.0,0.0,0.0,0.0,0,1,1,1,10000.0,0.0022172949002217113,0.004011182183561296,,False,2026-10-16,0.008740578867183766,-0.02401680007747237,0.1596968075292571,0.0,True,next_open_gap_checked
NXPI,2026-09-16,227.99,228.18,216.66,218.98,218.98,3342945.0,-0.0325601943892203,-0.0745499112501056,-0.0194339960594662,-0.0153776978417267,-0.0419145957297865,-0.3225467145155303,0.0388771078114563,0.021331157341173,0.0277979618404198,1.105983844893189,0.8618275956812266,0.0072454163905457,0.0505285319531558,339.95,183.0,-0.3558464480070599,0.1966120218579234,732038096.1,680204850.37975,218.98,222.16,,,,,,,,0,,0,0,0,0,0,0,13.0,13.0,1.0,1.0,1,8.0,0,0,0,0,0.0,0.0,0.0,0.0,1,1,1,1,3.0,3.0,3.0,3.0,0,0,0,1,0.0,0.0,0.0,22.0,0,0,0,0,0.0,0.0,0.0,0.0,0,0,0,0,0.0,0.0,0.0,0.0,0,0,0,1,0.0,0.0,0.0,1.0,1,1,1,1,1.0,1.0,1.0,36.0,1,1,1,1,1.0,1.0,1.0,10.0,0,0,0,1,0.0,0.0,0.0,3.0,1,1,1,1,10000.0,0.014521874143757385,1.4701453531854593e-05,,False,2026-10-16,0.006941046227070337,-0.011487766395147361,0.4274268391534281,0.0,True,next_open_gap_checked
OCCI,2026-09-16,2.38,2.477,2.34,2.355,2.355,207698.0,-0.0146443514644352,-0.1011450381679389,-0.1045627376425855,-0.076470588235294,-0.058,-0.0426829268292683,0.0266504208285876,0.0237670470532623,0.0246393529163623,1.093761025922965,0.934115093202527,-0.0041841004184101,0.057563025210084,6.03,2.15,-0.6094527363184079,0.0953488372093023,489128.79,487163.788,2.355,2.36,,,,,,,,0,,0,0,0,0,0,0,78.0,78.0,0.0,1.0,1,8.0,0,0,0,0,0.0,0.0,0.0,0.0,0,0,0,0,0.0,0.0,0.0,0.0,0,0,0,1,0.0,0.0,0.0,3.0,0,0,0,0,0.0,0.0,0.0,0.0,0,0,0,0,0.0,0.0,0.0,0.0,0,0,0,0,0.0,0.0,0.0,0.0,0,0,0,0,0.0,0.0,0.0,0.0,0,1,1,1,0.0,1.0,1.0,10.0,0,0,0,1,0.0,0.0,0.0,4.0,0,1,1,1,10000.0,0.002123142250530785,0.020526977263753438,,False,2026-10-16,0.01769668275949436,-0.006672494478228259,0.44486956401759137,0.0,False,next_open_gap_checked
OFIX,2026-09-16,9.09,9.11,8.79,8.9,8.9,230285.0,-0.0209020902090208,-0.0033594624860021,-0.0011223344556677,-0.0562036055143159,-0.1291585127201565,-0.0055865921787707,0.0235607038393438,0.0192940673837744,0.0393740406277886,0.7419665133180064,0.6312624948362215,0.0,0.0352035203520352,16.99,8.615,-0.476162448499117,0.0330818340104468,2049536.5,2910437.0595,8.9,8.94,,,,,,,,0,,0,0,0,0,0,0,42.0,42.0,0.0,1.0,1,8.0,0,0,0,0,0.0,0.0,0.0,0.0,0,0,0,0,0.0,0.0,0.0,0.0,0,0,0,1,0.0,0.0,0.0,13.0,0,0,0,0,0.0,0.0,0.0,0.0,0,0,0,0,0.0,0.0,0.0,0.0,0,0,0,0,0.0,0.0,0.0,0.0,0,1,1,1,0.0,7.0,7.0,108.0,0,0,0,1,0.0,0.0,0.0,1.0,0,0,0,0,0.0,0.0,0.0,0.0,0,1,1,1,10000.0,0.004494382022471877,0.003435910069712332,,False,2026-10-16,0.013296962628562285,-0.01085992012919848,0.44759023995988373,0.0,True,next_open_gap_checked
OGG,2026-09-16,2.79,2.8,2.57,2.64,2.64,1464432.0,-0.0469314079422382,-0.0671378091872791,-0.0736842105263158,-0.0736842105263158,-0.0222222222222222,0.0352941176470589,0.0194982258153676,0.0319535209675853,0.0385829446356611,0.8251045591805907,0.7392685169217267,0.0072202166064982,0.082437275985663,4.795,2.18,-0.4494264859228363,0.2110091743119266,3866100.48,5381869.76,2.64,2.74,,,,,,,,0,,0,0,0,0,0,0,,,0.0,0.0,0,0.0,0,0,0,0,0.0,0.0,0.0,0.0,0,0,0,0,0.0,0.0,0.0,0.0,0,0,0,0,0.0,0.0,0.0,0.0,0,0,0,0,0.0,0.0,0.0,0.0,0,0,0,0,0.0,0.0,0.0,0.0,0,0,0,0,0.0,0.0,0.0,0.0,0,0,0,0,0.0,0.0,0.0,0.0,0,0,0,0,0.0,0.0,0.0,0.0,0,0,0,0,0.0,0.0,0.0,0.0,0,0,0,0,10000.0,0.037878787878787845,0.0018580903005724167,,False,2026-10-16,0.004115181018112375,-0.009620665937503745,0.43898376551203305,0.0,True,next_open_gap_checked
OIO,2026-09-16,1.78,1.94,1.77,1.85,1.85,112940.0,0.0393258426966292,-0.0703517587939698,0.15625,-0.0053763440860215,-0.0703517587939698,-0.1991341991341991,0.1023439623330065,0.070132925596463,0.0621443124060245,0.7539914346466208,0.976965533289188,0.0,0.095505617977528,12.96,1.5,-0.8572530864197531,0.2333333333333334,208939.0,281378.47275,1.85,1.92,,,,,,,,0,,0,0,0,0,0,0,,,0.0,0.0,0,0.0,0,0,0,0,0.0,0.0,0.0,0.0,0,0,0,0,0.0,0.0,0.0,0.0,0,0,0,0,0.0,0.0,0.0,0.0,0,0,0,0,0.0,0.0,0.0,0.0,0,0,0,0,0.0,0.0,0.0,0.0,0,0,0,0,0.0,0.0,0.0,0.0,0,0,0,0,0.0,0.0,0.0,0.0,0,0,0,0,0.0,0.0,0.0,0.0,0,0,0,0,0.0,0.0,0.0,0.0,0,0,0,0,10000.0,0.03783783783783767,0.03553932147781906,,False,2026-10-16,0.004115181018112375,-0.014920443424476848,0.40626623859440825,0.0,False,next_open_gap_checked
OKE,2026-09-16,93.35,94.43,91.88,92.7,92.7,2974308.0,-0.0213260135135134,-0.040571310287725,-0.0325610519724482,-0.0312467342460026,-0.0450190584114555,0.0742843898481862,0.0148654386654418,0.01439684438463,0.0168648898481206,0.910724888887147,0.8315523023687477,-0.0144636824324324,0.0273165506159615,99.845,64.02,-0.0715609194251089,0.4479850046860358,275718351.6,310780915.07449996,92.7,92.15,,,,,,,,0,,0,0,0,0,0,0,0.0,0.0,1.0,1.0,1,8.0,0,0,0,0,0.0,0.0,0.0,0.0,0,0,0,0,0.0,0.0,0.0,0.0,0,0,0,1,0.0,0.0,0.0,8.0,0,0,0,0,0.0,0.0,0.0,0.0,0,0,0,0,0.0,0.0,0.0,0.0,0,0,0,0,0.0,0.0,0.0,0.0,1,1,1,1,1.0,1.0,1.0,86.0,0,0,0,1,0.0,0.0,0.0,7.0,0,0,0,0,0.0,0.0,0.0,0.0,1,1,1,1,10000.0,-0.0059331175836030425,3.2177008030247976e-05,,False,2026-10-16,0.007048722132522126,-0.02465291489136744,0.3050380496311256,0.0,True,next_open_gap_checked
OLLI,2026-09-16,73.96,77.121,73.17,73.23,73.23,1820179.0,-0.0023160762942779,-0.0044861337683523,0.011743575573363,0.0123030135471384,-0.0391024799895025,-0.002587850721874,0.0351677877631127,0.0334920102848325,0.0298486308884075,0.9799858648248908,0.9486775358842598,0.0076294277929154,0.0534207679826932,139.21,60.29,-0.4739602040083327,0.2146292917565102,133291708.17,138193757.01325,73.23,74.72,,,,,,,,0,,0,0,0,0,0,0,14.0,,1.0,1.0,1,8.0,0,0,0,0,0.0,0.0,0.0,0.0,0,0,0,0,0.0,0.0,0.0,0.0,0,0,0,0,0.0,0.0,0.0,0.0,0,0,0,0,0.0,0.0,0.0,0.0,0,0,0,0,0.0,0.0,0.0,0.0,0,0,0,0,0.0,0.0,0.0,0.0,0,0,0,0,0.0,0.0,0.0,0.0,0,0,0,0,0.0,0.0,0.0,0.0,0,0,0,0,0.0,0.0,0.0,0.0,0,0,0,0,10000.0,0.020346852382903124,7.236216900189784e-05,,False,2026-10-16,0.009508312870550475,-0.016560249885306494,0.41990426976648204,0.0,True,next_open_gap_checked
OLP,2026-09-16,23.02,23.43,22.635,22.87,22.87,86685.0,-0.0078091106290671,-0.0142241379310343,-0.0263942103022561,-0.0414920368818104,-0.0510373443983402,-0.0474802165764265,0.0040757488235858,0.0078911069076926,0.0137206664576497,1.406882582879642,1.045554208460725,-0.0013015184381779,0.034535186794092,25.88,19.62,-0.1163060278207108,0.1656472986748216,1982485.95,1463529.8965,22.87,22.83,,,,,,,,0,,0,0,0,0,0,0,41.0,,0.0,1.0,1,8.0,0,0,0,0,0.0,0.0,0.0,0.0,0,0,0,0,0.0,0.0,0.0,0.0,0,0,0,0,0.0,0.0,0.0,0.0,0,0,0,0,0.0,0.0,0.0,0.0,0,0,0,0,0.0,0.0,0.0,0.0,0,0,0,0,0.0,0.0,0.0,0.0,0,0,0,0,0.0,0.0,0.0,0.0,0,0,0,0,0.0,0.0,0.0,0.0,0,0,0,0,0.0,0.0,0.0,0.0,0,0,0,0,10000.0,-0.0017490161783997316,0.006832795164563965,,False,2026-10-16,0.014943147161553025,-0.02465291489136744,0.2716322983752993,0.0,True,next_open_gap_checked
ONB,2026-09-16,25.85,25.85,24.81,25.31,25.31,6267927.0,-0.0193723363037582,-0.0136399064692128,-0.003935458480913,0.0051628276409849,-0.0506376594148537,0.0119952019192322,0.0111630660450097,0.0113107723672505,0.0118051899524856,1.823925605316904,1.4995656400596544,0.0015497869043008,0.0402321083172148,27.36,19.391,-0.0749269005847953,0.3052447011500181,158641232.37,88275561.5065,25.31,25.47,,,,,,,,0,,0,0,0,0,0,0,34.0,608.9583333333334,0.0,1.0,1,8.0,0,0,0,0,0.0,0.0,0.0,0.0,0,0,0,1,0.0,0.0,0.0,4.0,0,0,0,0,0.0,0.0,0.0,0.0,0,0,0,0,0.0,0.0,0.0,0.0,0,0,0,0,0.0,0.0,0.0,0.0,0,0,0,0,0.0,0.0,0.0,0.0,0,0,0,1,0.0,0.0,0.0,216.0,0,0,0,0,0.0,0.0,0.0,0.0,0,0,0,0,0.0,0.0,0.0,0.0,0,0,0,1,10000.0,0.006321612011062738,0.00011328163570235312,,False,2026-10-16,0.011337145727229483,-0.02465291489136744,0.3037293476112622,0.0,True,next_open_gap_checked
ONEG,2026-09-16,1.02,1.04,1.01,1.02,1.02,126901.0,0.0,-0.0097087378640776,0.0,0.0,0.0,-0.4769230769230769,0.0068988161493445,0.0104249732483217,0.0480151634178856,3.98525248369718,1.8048137944145084,0.0,0.0294117647058823,14.95,0.72,-0.931772575250836,0.4166666666666667,129439.02000000002,32642.586750000093,1.02,1.04,,,,,,,,0,,0,0,0,0,0,0,,,0.0,0.0,0,0.0,0,0,0,0,0.0,0.0,0.0,0.0,0,0,0,0,0.0,0.0,0.0,0.0,0,0,0,0,0.0,0.0,0.0,0.0,0,0,0,0,0.0,0.0,0.0,0.0,0,0,0,0,0.0,0.0,0.0,0.0,0,0,0,0,0.0,0.0,0.0,0.0,0,0,0,0,0.0,0.0,0.0,0.0,0,0,0,0,0.0,0.0,0.0,0.0,0,0,0,0,0.0,0.0,0.0,0.0,0,0,0,0,10000.0,0.019607843137254832,0.30634827063758885,,False,2026-10-16,0.004115181018112375,-0.019040664381834535,0.3878306041726905,0.0,False,next_open_gap_checked
ONEW,2026-09-16,10.1,10.225,9.52,9.53,9.53,98319.0,-0.0536246276067527,-0.1118359739049394,-0.1498661909009814,-0.202510460251046,-0.1610915492957746,-0.1654991243432575,0.0192018625118028,0.0344575910872161,0.0323979515520545,1.0757149304558322,0.9355569000639918,0.0029791459781529,0.0698019801980198,17.35,8.12,-0.450720461095101,0.1736453201970442,936980.07,1048453.2354999998,9.53,9.71,,,,,,,,0,,0,0,0,0,0,0,8.0,1443.0,1.0,1.0,1,8.0,0,0,0,0,0.0,0.0,0.0,0.0,0,0,0,0,0.0,0.0,0.0,0.0,0,0,0,0,0.0,0.0,0.0,0.0,0,0,0,0,0.0,0.0,0.0,0.0,0,0,0,0,0.0,0.0,0.0,0.0,0,0,0,0,0.0,0.0,0.0,0.0,0,0,0,1,0.0,0.0,0.0,3.0,0,0,0,1,0.0,0.0,0.0,10.0,0,0,0,0,0.0,0.0,0.0,0.0,0,0,0,1,10000.0,0.018887722980063026,0.009537859831422116,,False,2026-10-16,0.020821599827930654,-0.011559192928760745,0.44759023995988373,0.0,True,next_open_gap_checked
ONTO,2026-09-16,252.37,254.98,240.2,243.64,243.64,566342.0,-0.002129750982962,-0.1337552442579819,-0.1248563218390804,-0.049654795802941,-0.2275695897533448,-0.2996234225429039,0.0569482476154324,0.0411001450550352,0.061601494217167,0.6639767617160843,0.484185894273458,0.0336254914809961,0.058564805642509,386.46,111.989,-0.3695595921958288,1.175570814990758,137983564.88,232492528.16399997,243.64,254.26,,,,,,,,0,,0,0,0,0,0,0,37.0,37.0,0.0,1.0,1,8.0,0,0,0,0,0.0,0.0,0.0,0.0,0,0,0,0,0.0,0.0,0.0,0.0,0,0,0,0,0.0,0.0,0.0,0.0,0,0,0,0,0.0,0.0,0.0,0.0,0,0,0,0,0.0,0.0,0.0,0.0,0,0,0,0,0.0,0.0,0.0,0.0,0,1,1,1,0.0,4.0,4.0,4.0,0,0,0,1,0.0,0.0,0.0,1.0,0,0,0,0,0.0,0.0,0.0,0.0,0,1,1,1,10000.0,0.0435889016581843,4.301213496610098e-05,,False,2026-10-16,0.006509611224348889,-0.010914981726232665,0.45156034448780247,0.0,True,next_open_gap_checked
OPP,2026-09-16,7.14,7.34,7.1,7.1,7.1,150718.0,-0.0042075736325386,-0.0353260869565218,-0.044414535666218,-0.044414535666218,-0.0583554376657825,-0.0533333333333333,0.0087790317385272,0.0062660945321719,0.0057645339007553,1.4177757689009882,1.7285466096567996,0.0014025245441795,0.0336134453781512,8.68,7.013,-0.1820276497695853,0.0124055325823471,1070097.8,784772.425,7.1,7.18,,,,,,,,0,,0,0,0,0,0,0,23.0,23.0,1.0,1.0,1,8.0,0,0,0,0,0.0,0.0,0.0,0.0,0,0,0,0,0.0,0.0,0.0,0.0,0,0,0,0,0.0,0.0,0.0,0.0,0,0,0,0,0.0,0.0,0.0,0.0,0,0,0,0,0.0,0.0,0.0,0.0,0,0,0,0,0.0,0.0,0.0,0.0,0,0,0,0,0.0,0.0,0.0,0.0,1,1,1,1,1.0,1.0,1.0,8.0,0,0,0,0,0.0,0.0,0.0,0.0,1,1,1,1,10000.0,0.011267605633802802,0.012742547624554977,,False,2026-10-16,0.008740578867183766,-0.025773301442386865,0.21298491987112017,0.0,True,next_open_gap_checked
OPTU,2026-09-16,0.9784,1.058,0.97,1.01,1.01,2802112.0,0.0206143896523847,-0.0098039215686274,0.0469576034000207,0.0732121984911273,0.2079894749431887,-0.1919999999999999,0.0322699110110705,0.0538984870866348,0.0726492459404785,1.315085630382126,0.4699630819787861,-0.0113177041228779,0.08994276369583,2.79,0.5832,-0.6379928315412187,0.731824417009602,2830133.12,2063304.176485,1.01,1.02,,,,,,,,0,,0,0,0,0,0,0,30.0,505.0,0.0,1.0,1,8.0,0,0,0,0,0.0,0.0,0.0,0.0,0,0,0,1,0.0,0.0,0.0,2.0,0,0,0,1,0.0,0.0,0.0,2.0,0,0,0,1,0.0,0.0,0.0,1.0,0,0,0,0,0.0,0.0,0.0,0.0,0,0,0,1,0.0,0.0,0.0,1.0,0,0,0,1,0.0,0.0,0.0,5.0,0,0,0,1,0.0,0.0,0.0,4.0,0,0,0,0,0.0,0.0,0.0,0.0,0,0,0,1,10000.0,0.00990099009900991,0.004846595142862446,,False,2026-10-16,0.016464666895622038,0.00815129217020992,0.40465242083666325,0.00042323841302280524,True,next_open_gap_checked
OVBC,2026-09-16,46.1,46.18,44.02,44.88,44.88,24978.0,-0.0325501185600344,-0.0387663311201541,-0.0387663311201541,-0.0058699745265256,-0.0079575596816976,-0.0569447362891364,0.0140380633204741,0.0128562782132869,0.0218207300766337,0.8153193072821547,0.6217944196660097,-0.0062513472731191,0.0468546637744033,54.96,34.18,-0.1834061135371179,0.3130485664131071,1121012.64,1401618.6182499998,44.88,45.38,,,,,,,,0,,0,0,0,0,0,0,28.0,2308.0,1.0,1.0,1,8.0,0,0,0,0,0.0,0.0,0.0,0.0,0,0,0,0,0.0,0.0,0.0,0.0,0,0,0,0,0.0,0.0,0.0,0.0,0,0,0,0,0.0,0.0,0.0,0.0,0,0,0,0,0.0,0.0,0.0,0.0,0,0,0,0,0.0,0.0,0.0,0.0,0,0,0,0,0.0,0.0,0.0,0.0,0,0,0,1,0.0,0.0,0.0,1.0,0,0,0,0,0.0,0.0,0.0,0.0,0,0,0,1,10000.0,0.011140819964349458,0.0071346084232853345,,False,2026-10-16,0.011887576295365193,-0.01858940616986461,0.3987913793871332,0.0,True,next_open_gap_checked
PACK,2026-09-16,3.82,3.91,3.78,3.84,3.84,531685.0,0.0078740157480314,-0.0278481012658228,-0.0518518518518518,-0.1409395973154362,-0.2586872586872587,-0.4718019257221457,0.011196131834675,0.0231858449419701,0.03766369604119,1.2199751615503094,1.03161403158842,0.0026246719160103,0.0340314136125655,7.81,3.22,-0.5083226632522407,0.1925465838509314,2041670.4,1952685.202,3.84,3.94,,,,,,,,0,,0,0,0,0,0,0,48.0,523.0,0.0,1.0,1,8.0,0,0,0,0,0.0,0.0,0.0,0.0,0,0,0,0,0.0,0.0,0.0,0.0,0,0,0,1,0.0,0.0,0.0,1.0,0,0,0,0,0.0,0.0,0.0,0.0,0,0,0,0,0.0,0.0,0.0,0.0,0,0,0,1,0.0,0.0,0.0,1.0,0,0,0,1,0.0,0.0,0.0,35.0,0,0,0,1,0.0,0.0,0.0,8.0,0,0,0,1,0.0,0.0,0.0,100.0,0,0,0,1,10000.0,0.02604166666666674,0.005121153163734581,,False,2026-10-16,0.010511870180219757,-0.01292767693774495,0.4454275312689894,0.0,True,next_open_gap_checked
PAGS,2026-09-16,9.39,9.485,9.195,9.47,9.47,2494446.0,-0.0155925155925153,-0.0642292490118575,-0.0145681581685742,0.036105032822757,0.1220379146919432,0.0749148694665153,0.0334217314783152,0.0268245196283459,0.0211178882417784,0.9245980029029188,0.869635423123863,-0.0239085239085237,0.0308839190628327,12.32,8.42,-0.2313311688311687,0.1247030878859858,23622403.62,25390654.707999997,9.47,9.53,,,,,,,,0,,0,0,0,0,0,0,,,0.0,0.0,0,0.0,0,0,0,0,0.0,0.0,0.0,0.0,0,0,0,0,0.0,0.0,0.0,0.0,0,0,0,0,0.0,0.0,0.0,0.0,0,0,0,0,0.0,0.0,0.0,0.0,0,0,0,0,0.0,0.0,0.0,0.0,0,0,0,0,0.0,0.0,0.0,0.0,0,0,0,0,0.0,0.0,0.0,0.0,0,0,0,0,0.0,0.0,0.0,0.0,0,0,0,0,0.0,0.0,0.0,0.0,0,0,0,0,10000.0,0.0063357972544877406,0.0003938456930316663,,False,2026-10-16,0.004115181018112375,-0.016718403769459513,0.3916036583566567,0.0,True,next_open_gap_checked
PANL,2026-09-16,8.4,8.525,8.22,8.28,8.28,501824.00000000006,-0.0119331742243438,-0.0154577883472057,-0.002409638554217,0.0260223048327137,0.0670103092783505,0.1039999999999998,0.0101248001688915,0.0209181608214063,0.0243260575660281,1.2620548706059525,1.1740504675623047,0.0023866348448686,0.0363095238095237,9.39,4.54,-0.1182108626198084,0.8237885462555063,4155102.72,3266236.0597500005,8.28,8.36,,,,,,,,0,,0,0,0,0,0,0,36.0,1546.0,0.0,1.0,1,8.0,0,0,0,0,0.0,0.0,0.0,0.0,0,0,0,0,0.0,0.0,0.0,0.0,0,0,0,1,0.0,0.0,0.0,2.0,0,0,0,0,0.0,0.0,0.0,0.0,0,0,0,0,0.0,0.0,0.0,0.0,0,0,0,0,0.0,0.0,0.0,0.0,0,0,0,1,0.0,0.0,0.0,15.0,0,0,0,1,0.0,0.0,0.0,2.0,0,0,0,1,0.0,0.0,0.0,1.0,0,0,0,1,10000.0,0.009661835748792313,0.003061628068843685,,False,2026-10-16,0.03102940874772807,-0.018416836122572777,0.38038923399109575,0.0,True,next_open_gap_checked
PAX,2026-09-16,10.28,10.285,9.97,10.06,10.06,1084097.0,-0.017578125,-0.0527306967984932,-0.0702402957486136,-0.1057777777777777,-0.1065719360568383,-0.1025869759143621,0.0061654329251445,0.0152525292005862,0.017035368937586,0.9513106773752668,1.0131220745388336,0.00390625,0.0306420233463034,17.8,9.97,-0.4348314606741573,0.0090270812437311,10906015.82,12650690.887,10.06,10.19,,,,,,,,0,,0,0,0,0,0,0,,,0.0,0.0,0,0.0,0,0,0,0,0.0,0.0,0.0,0.0,0,0,0,0,0.0,0.0,0.0,0.0,0,0,0,0,0.0,0.0,0.0,0.0,0,0,0,0,0.0,0.0,0.0,0.0,0,0,0,0,0.0,0.0,0.0,0.0,0,0,0,0,0.0,0.0,0.0,0.0,0,0,0,0,0.0,0.0,0.0,0.0,0,0,0,0,0.0,0.0,0.0,0.0,0,0,0,0,0.0,0.0,0.0,0.0,0,0,0,0,10000.0,0.012922465208747402,0.0007904706619838541,,False,2026-10-16,0.004115181018112375,-0.021748247330446543,0.3779717183402505,0.0,True,next_open_gap_checked
PAY,2026-09-16,35.83,37.23,35.67,36.64,36.64,1363092.0,0.0174951402388225,0.0071467839472236,0.0400227079193868,0.0429832052376886,-0.0438413361169102,0.8129638792676892,0.0227914834223245,0.0306339451461449,0.0531579956147051,1.2379442539468957,1.0791630645861627,-0.0049986114968064,0.0435389338543118,45.31,20.11,-0.1913484881924519,0.821979114868225,49943690.88,40819258.7185,36.64,37.39,,,,,,,,0,,0,0,0,0,0,0,43.0,1934.0,0.0,1.0,1,8.0,0,0,0,0,0.0,0.0,0.0,0.0,0,0,0,0,0.0,0.0,0.0,0.0,0,0,0,0,0.0,0.0,0.0,0.0,0,0,0,0,0.0,0.0,0.0,0.0,0,0,0,0,0.0,0.0,0.0,0.0,0,0,0,0,0.0,0.0,0.0,0.0,0,0,0,1,0.0,0.0,0.0,1.0,0,0,0,0,0.0,0.0,0.0,0.0,0,0,0,1,0.0,0.0,0.0,2.0,0,0,0,1,10000.0,0.020469432314410563,0.0002449824008065052,,False,2026-10-16,0.0194481707271888,-0.011308461130736849,0.3990282663151179,0.0,True,next_open_gap_checked
PCSA,2026-09-16,1.93,1.95,1.85,1.85,1.85,17090.0,-0.0546755237608584,-0.110576923076923,-0.0703517587939698,-0.0975609756097559,-0.119047619047619,-0.110576923076923,0.0917788747839073,0.0503219127273882,0.0753579633992003,0.5894444942642119,0.069496428768702,-0.0137966274910578,0.0518134715025906,14.243,1.67,-0.8701116337850172,0.1077844311377247,31616.5,59193.1015,1.85,1.85,,,,,,,,0,,0,0,0,0,0,0,42.0,454.0,0.0,1.0,1,8.0,0,0,0,0,0.0,0.0,0.0,0.0,0,0,0,1,0.0,0.0,0.0,1.0,0,0,0,1,0.0,0.0,0.0,1.0,0,0,0,0,0.0,0.0,0.0,0.0,0,0,0,0,0.0,0.0,0.0,0.0,0,0,0,0,0.0,0.0,0.0,0.0,0,0,0,1,0.0,0.0,0.0,7.0,0,0,0,1,0.0,0.0,0.0,6.0,0,0,0,1,0.0,0.0,0.0,13.0,0,0,0,1,10000.0,0.0,0.16893860511769265,,False,2026-10-16,0.01061341682129908,-0.024352367554299204,0.41937740403830837,0.0,False,next_open_gap_checked
PDFS,2026-09-16,42.24,43.18,41.59,41.97,41.97,431368.0,0.0132786093674552,-0.12141511408834,-0.1098621420996818,0.0043072505384063,-0.1243480075109535,-0.353810623556582,0.0494071772174946,0.0384374965848571,0.0536738112775471,0.6753407052276094,0.686508346374087,0.0197971994205696,0.0376420454545453,71.685,19.57,-0.4145218664992677,1.14460909555442,18104514.96,28542919.955,41.97,43.21,,,,,,,,0,,0,0,0,0,0,0,40.0,555.0,0.0,1.0,1,8.0,0,0,0,0,0.0,0.0,0.0,0.0,0,0,0,1,0.0,0.0,0.0,1.0,0,0,0,1,0.0,0.0,0.0,6.0,0,0,0,0,0.0,0.0,0.0,0.0,0,0,0,0,0.0,0.0,0.0,0.0,0,0,0,0,0.0,0.0,0.0,0.0,0,0,0,1,0.0,0.0,0.0,6.0,0,0,0,1,0.0,0.0,0.0,8.0,0,0,0,0,0.0,0.0,0.0,0.0,0,0,0,1,10000.0,0.029544913033118902,0.0003503495793620881,,False,2026-10-16,0.010999940188351973,-0.00835262597393397,0.43318681204270915,0.0,True,next_open_gap_checked
PEO,2026-09-16,29.35,29.49,28.65,28.65,28.65,93545.0,-0.0317674890165596,-0.0231844527787248,-0.0281546811397558,-0.015125472671021,0.0159574468085106,0.1660561660561659,0.0190807833030845,0.0118536217809775,0.0117731237460052,1.4455319780199405,1.580363810015081,-0.0081108482595471,0.0286201022146507,29.75,20.75,-0.0369747899159664,0.380722891566265,2680064.25,1865697.7195,28.65,28.61,,,,,,,,0,,0,0,0,0,0,0,209.95833333333337,209.95833333333337,0.0,0.0,0,8.0,0,0,0,0,0.0,0.0,0.0,0.0,0,0,0,1,0.0,0.0,0.0,4.0,0,0,0,0,0.0,0.0,0.0,0.0,0,0,0,0,0.0,0.0,0.0,0.0,0,0,0,0,0.0,0.0,0.0,0.0,0,0,0,0,0.0,0.0,0.0,0.0,0,0,0,1,0.0,0.0,0.0,3.0,0,0,0,1,0.0,0.0,0.0,4.0,0,0,0,0,0.0,0.0,0.0,0.0,0,0,0,1,10000.0,-0.0013961605584641434,0.005359925080832474,,False,2026-10-16,0.020558736643138925,-0.02465291489136744,0.31837140158700555,0.0,True,next_open_gap_checked
PEPG,2026-09-16,2.92,2.975,2.85,2.9,2.9,612820.0,0.0034602076124565,-0.0268456375838926,-0.0793650793650794,-0.0705128205128206,-0.0034364261168385,0.5846994535519126,0.0180552397641982,0.0344777353889265,0.0572115526249685,0.856357794956234,0.6503822179757882,0.0103806228373701,0.0428082191780821,7.8,1.31,-0.6282051282051282,1.213740458015267,1777178.0,2228101.8752499996,2.9,2.9,,,,,,,,0,,0,0,0,0,0,0,41.0,,0.0,1.0,1,8.0,0,0,0,0,0.0,0.0,0.0,0.0,0,0,0,0,0.0,0.0,0.0,0.0,0,0,0,0,0.0,0.0,0.0,0.0,0,0,0,0,0.0,0.0,0.0,0.0,0,0,0,0,0.0,0.0,0.0,0.0,0,0,0,0,0.0,0.0,0.0,0.0,0,0,0,0,0.0,0.0,0.0,0.0,0,0,0,0,0.0,0.0,0.0,0.0,0,0,0,0,0.0,0.0,0.0,0.0,0,0,0,0,10000.0,0.0,0.0044881251216926385,,False,2026-10-16,0.022692164889165558,-0.009202922002393794,0.4245209488847437,0.0,True,next_open_gap_checked
PLUT,2026-09-16,2.55,2.55,2.55,2.55,2.55,332.0,-0.0520446096654275,0.0240963855421685,0.0,-0.0770901194353963,-0.1471571906354516,0.0159362549800796,0.0436354949974389,0.0386983671402935,0.0449602292793041,0.3536052827777186,0.0744973671613212,-0.0520446096654275,0.0,4.19,1.88,-0.3914081145584727,0.3563829787234043,846.5999999999999,2667.9681,2.55,2.58,,,,,,,,0,,0,0,0,0,0,0,,,0.0,0.0,0,0.0,0,0,0,0,0.0,0.0,0.0,0.0,0,0,0,0,0.0,0.0,0.0,0.0,0,0,0,0,0.0,0.0,0.0,0.0,0,0,0,0,0.0,0.0,0.0,0.0,0,0,0,0,0.0,0.0,0.0,0.0,0,0,0,0,0.0,0.0,0.0,0.0,0,0,0,0,0.0,0.0,0.0,0.0,0,0,0,0,0.0,0.0,0.0,0.0,0,0,0,0,0.0,0.0,0.0,0.0,0,0,0,0,10000.0,0.011764705882353121,3.7481707521165637,,False,2026-10-16,0.004115181018112375,-0.01133900326483521,0.3600978238243859,0.0,False,next_open_gap_checked
PLXS,2026-09-16,242.41,245.505,238.82,242.33,242.33,221974.0,0.0159309101580513,-0.0509516722800971,-0.0238469284994964,0.0157605734166073,-0.0427414576338138,-0.2023895727733525,0.0358931209785113,0.0207546657653286,0.0279091511127717,1.0473907831555116,0.7682221931124967,0.016266297740326,0.0275772451631533,307.06,132.03,-0.2108057057252653,0.835416193289404,53790959.42,51417560.079500005,242.33,246.01,,,,,,,,0,,0,0,0,0,0,0,22.0,1005.9583333333334,1.0,1.0,1,8.0,0,0,0,0,0.0,0.0,0.0,0.0,0,0,0,0,0.0,0.0,0.0,0.0,0,0,0,0,0.0,0.0,0.0,0.0,0,0,0,0,0.0,0.0,0.0,0.0,0,0,0,0,0.0,0.0,0.0,0.0,0,0,0,0,0.0,0.0,0.0,0.0,0,0,0,1,0.0,0.0,0.0,3.0,0,0,0,1,0.0,0.0,0.0,2.0,0,0,0,0,0.0,0.0,0.0,0.0,0,0,0,1,10000.0,0.015185903519993271,0.00019448608577572244,,False,2026-10-16,0.01168062977066736,-0.014440555103446653,0.40416160907980947,0.0,True,next_open_gap_checked
PNR,2026-09-16,57.15,57.79,56.1,56.46,56.46,2294455.0,-0.0021208907741251,-0.0021208907741251,-0.0184283727399166,-0.0660049627791563,-0.1115656963021242,-0.2373362150479535,0.0076276218197589,0.0140880675180817,0.0262354548502991,0.6046347393674727,0.6903583732785722,0.0100742311770944,0.0295713035870515,113.95,55.99,-0.504519526107942,0.0083943561350241,129544929.3,229202666.0395,56.46,57.46,,,,,,,,0,,0,0,0,0,0,0,13.0,13.0,1.0,1.0,1,8.0,0,0,0,0,0.0,0.0,0.0,0.0,0,0,0,0,0.0,0.0,0.0,0.0,0,0,0,1,0.0,0.0,0.0,1.0,0,0,0,0,0.0,0.0,0.0,0.0,0,0,0,0,0.0,0.0,0.0,0.0,0,0,0,0,0.0,0.0,0.0,0.0,1,1,1,1,9.0,9.0,9.0,11.0,0,0,0,1,0.0,0.0,0.0,3.0,0,0,0,0,0.0,0.0,0.0,0.0,1,1,1,1,10000.0,0.017711654268508736,4.362950995638347e-05,,False,2026-10-16,0.009290554955249308,-0.017780721308677708,0.41899234268234153,0.0,True,next_open_gap_checked
POWI,2026-09-16,49.64,49.64,46.71,47.65,47.65,601739.0,-0.0128444168220427,-0.0885615914307574,-0.0414403540535104,-0.0427882683808759,-0.1867212834954771,-0.4544934172867773,0.0442011206026219,0.0298845612493717,0.0418863027839657,0.7554499475600812,0.7692062192114816,0.0283820178164491,0.0590249798549556,91.179,30.86,-0.4774015946654383,0.5440699935191187,28672863.35,41051004.735,47.65,49.1,,,,,,,,0,,0,0,0,0,0,0,30.0,898.0,0.0,1.0,1,8.0,0,0,0,0,0.0,0.0,0.0,0.0,0,0,0,0,0.0,0.0,0.0,0.0,0,0,0,1,0.0,0.0,0.0,2.0,0,0,0,0,0.0,0.0,0.0,0.0,0,0,0,0,0.0,0.0,0.0,0.0,0,0,0,0,0.0,0.0,0.0,0.0,0,0,0,0,0.0,0.0,0.0,0.0,0,0,0,1,0.0,0.0,0.0,3.0,0,0,0,0,0.0,0.0,0.0,0.0,0,0,0,1,10000.0,0.030430220356768123,0.00024359939700754806,,False,2026-10-16,0.021494592025378522,-0.008959169269382079,0.43144262882971335,0.0,True,next_open_gap_checked
PPL,2026-09-16,33.49,33.54,33.2,33.41,33.41,4264585.0,0.0054167920553716,-0.0196596244131456,-0.0329956584659912,-0.0307513780098637,-0.0620437956204379,-0.0612531610002811,0.0081521860555556,0.0107997707299888,0.0120949985114851,0.610443509038195,0.5195347254499182,0.0078242551910925,0.0101522842639592,40.105,33.165,-0.1669367909238249,0.0073873058947684,142479784.85,241617759.9855,33.41,33.6,,,,,,,,0,,0,0,0,0,0,0,19.0,19.0,1.0,1.0,1,8.0,0,0,0,0,0.0,0.0,0.0,0.0,0,0,0,0,0.0,0.0,0.0,0.0,0,0,0,0,0.0,0.0,0.0,0.0,0,0,0,0,0.0,0.0,0.0,0.0,0,0,0,0,0.0,0.0,0.0,0.0,0,0,0,0,0.0,0.0,0.0,0.0,1,1,1,1,1.0,1.0,1.0,15.0,0,0,0,1,0.0,0.0,0.0,1.0,0,0,0,0,0.0,0.0,0.0,0.0,1,1,1,1,10000.0,0.005686920083807445,4.13876860732428e-05,,False,2026-10-16,0.010122428347710573,-0.02465291489136744,0.3142967386147556,0.0,True,next_open_gap_checked
PRG,2026-09-16,36.43,36.66,35.45,35.7,35.7,555694.0,-0.0173410404624275,-0.034090909090909,-0.0462196099385519,-0.0505319148936169,-0.1403804478690102,-0.0843806104129263,0.0147099299024664,0.0234203292948381,0.0257058569210413,1.0696636307551344,0.968209445402991,0.0027525461051471,0.0332143837496567,47.73,25.795,-0.2520427404148333,0.3839891451831749,19838275.8,19830355.526,35.7,36.67,,,,,,,,0,,0,0,0,0,0,0,41.0,1754.9583333333333,0.0,1.0,1,8.0,0,0,0,1,0.0,0.0,0.0,1.0,0,0,0,0,0.0,0.0,0.0,0.0,0,0,0,1,0.0,0.0,0.0,5.0,0,0,0,0,0.0,0.0,0.0,0.0,0,0,0,0,0.0,0.0,0.0,0.0,0,0,0,0,0.0,0.0,0.0,0.0,0,0,0,1,0.0,0.0,0.0,75.0,0,0,0,1,0.0,0.0,0.0,10.0,0,0,0,1,0.0,0.0,0.0,2.0,0,0,0,1,10000.0,0.02717086834733884,0.000504277393659876,,False,2026-10-16,0.014249105361375655,-0.018740889933432148,0.41329743047292034,0.0,True,next_open_gap_checked
PRHI,2026-09-16,8.05,9.629,7.21,7.6,7.6,22323.0,-0.078564500484966,-0.1304347826086956,-0.1058823529411765,0.2645590682196339,0.1603053435114503,0.551020408163265,0.0672577055895484,0.0760511764756022,0.0735393040923068,0.86588700762204,1.410630970310377,-0.0240058195926283,0.3004968944099378,19.81,3.361,-0.6163553760726905,1.2612317762570662,169654.8,197564.447,7.6,7.85,,,,,,,,0,,0,0,0,0,0,0,33.0,,0.0,1.0,1,8.0,0,0,0,0,0.0,0.0,0.0,0.0,0,0,0,0,0.0,0.0,0.0,0.0,0,0,0,0,0.0,0.0,0.0,0.0,0,0,0,0,0.0,0.0,0.0,0.0,0,0,0,0,0.0,0.0,0.0,0.0,0,0,0,0,0.0,0.0,0.0,0.0,0,0,0,0,0.0,0.0,0.0,0.0,0,0,0,0,0.0,0.0,0.0,0.0,0,0,0,0,0.0,0.0,0.0,0.0,0,0,0,0,10000.0,0.03289473684210531,0.050616394558075525,,False,2026-10-16,0.0181988934506497,-0.018482445756775732,0.39879959309687546,0.0,False,next_open_gap_checked
PRQR,2026-09-16,1.85,1.902,1.79,1.86,1.86,741792.0,0.0108695652173913,0.0,-0.0653266331658291,-0.1226415094339622,-0.1348837209302325,-0.0106382978723402,0.0205417961090204,0.0266098967696477,0.0477303206008784,0.8463050934242823,0.656784579816176,0.0054347826086955,0.0605405405405404,3.1,1.33,-0.4,0.3984962406015038,1379733.12,1912192.0575,1.86,1.9,,,,,,,,0,,0,0,0,0,0,0,,,0.0,0.0,0,0.0,0,0,0,0,0.0,0.0,0.0,0.0,0,0,0,0,0.0,0.0,0.0,0.0,0,0,0,0,0.0,0.0,0.0,0.0,0,0,0,0,0.0,0.0,0.0,0.0,0,0,0,0,0.0,0.0,0.0,0.0,0,0,0,0,0.0,0.0,0.0,0.0,0,0,0,0,0.0,0.0,0.0,0.0,0,0,0,0,0.0,0.0,0.0,0.0,0,0,0,0,0.0,0.0,0.0,0.0,0,0,0,0,10000.0,0.021505376344086002,0.005229600217602619,,False,2026-10-16,0.004115181018112375,-0.01133900326483521,0.43898376551203305,0.0,True,next_open_gap_checked
PSX,2026-09-16,260.46,267.29,259.355,264.63,264.63,2668917.0,-0.0011323745895142,0.019886692103133,0.0147634021013882,0.050035711451472,0.0868208139964679,0.5713437444332283,0.0163415636473807,0.0136821697329904,0.0186674337915887,1.0124977173991534,0.990629157231018,-0.0168723813837619,0.0304653305689933,267.29,126.74,-0.0099517378128625,1.0879753826731893,706275505.71,662201935.5005,264.63,261.44,,,,,,,,0,,0,0,0,0,0,0,23.0,23.0,1.0,1.0,1,8.0,0,0,0,0,0.0,0.0,0.0,0.0,0,0,0,1,0.0,0.0,0.0,1.0,0,0,0,1,0.0,0.0,0.0,4.0,0,0,0,0,0.0,0.0,0.0,0.0,0,0,0,0,0.0,0.0,0.0,0.0,0,0,0,1,0.0,0.0,0.0,3.0,1,1,1,1,1.0,1.0,1.0,8.0,0,0,0,1,0.0,0.0,0.0,5.0,0,0,0,0,0.0,0.0,0.0,0.0,1,1,1,1,10000.0,-0.012054566753580409,1.5101133753772379e-05,,False,2026-10-16,0.005796989494271368,-0.024012716409663463,0.30647852019693655,0.0,True,next_open_gap_checked
PTC,2026-09-16,131.08,132.58,130.33,131.16,131.16,1235376.0,-0.0119774011299434,0.0029056430646887,0.0176119171386455,-0.1416792094758197,-0.1045876570180228,0.1405217391304347,0.0281035729027776,0.02918884579695,0.0280756745192794,0.9306581777300108,0.8130746131222507,-0.0125800376647833,0.017165090021361,208.0,108.5,-0.3694230769230769,0.2088479262672811,162031916.16,189745563.43975,131.16,131.16,,,,,,,,0,,0,0,0,0,0,0,48.0,708.0,0.0,1.0,1,8.0,0,0,0,0,0.0,0.0,0.0,0.0,0,0,0,0,0.0,0.0,0.0,0.0,0,0,0,0,0.0,0.0,0.0,0.0,0,0,0,0,0.0,0.0,0.0,0.0,0,0,0,0,0.0,0.0,0.0,0.0,0,0,0,0,0.0,0.0,0.0,0.0,0,0,0,1,0.0,0.0,0.0,1.0,0,0,0,1,0.0,0.0,0.0,1.0,0,0,0,0,0.0,0.0,0.0,0.0,0,0,0,1,10000.0,0.0,5.2702154499519065e-05,,False,2026-10-16,0.010106087788955302,-0.015924135071411424,0.42039420430523433,0.0,True,next_open_gap_checked
PZG,2026-09-16,1.34,1.379,1.26,1.28,1.28,267674.0,-0.0153846153846154,-0.0303030303030302,-0.0588235294117647,-0.037593984962406,-0.111111111111111,0.0491803278688525,0.0170597036254855,0.0332678867999384,0.04151567151133,0.5307734230983423,0.5435985209109785,0.0307692307692308,0.0888059701492537,2.71,0.95,-0.5276752767527675,0.3473684210526317,342622.72000000003,739536.0845,1.28,1.32,,,,,,,,0,,0,0,0,0,0,0,63.0,842.0,0.0,1.0,1,8.0,0,0,0,0,0.0,0.0,0.0,0.0,0,0,0,0,0.0,0.0,0.0,0.0,0,0,0,1,0.0,0.0,0.0,1.0,0,0,0,0,0.0,0.0,0.0,0.0,0,0,0,0,0.0,0.0,0.0,0.0,0,0,0,0,0.0,0.0,0.0,0.0,0,0,0,1,0.0,0.0,0.0,15.0,0,0,0,1,0.0,0.0,0.0,3.0,0,0,0,1,0.0,0.0,0.0,4.0,0,0,0,1,10000.0,0.03125,0.013521990623028213,,False,2026-10-16,0.023789971442123088,0.006998030140478872,0.42704925942463395,0.0004609467338989437,True,next_open_gap_checked
QLEP,2026-09-16,10.0,10.0,10.0,10.0,10.0,103.0,-0.0039840637450198,-0.0049751243781095,-0.0014977533699451,-0.0029910269192422,0.0,-0.0009990009990009,0.0029388760654187,0.0023575447105852,0.0020559844472491,0.0030460125330107,0.0009488838715076,-0.0039840637450198,0.0,10.12,9.93,-0.0118577075098813,0.0070493454179254,1030.0,337922.7088,10.0,9.99,,,,,,,,0,,0,0,0,0,0,0,69.0,69.0,0.0,3.0,6,6.0,0,0,0,0,0.0,0.0,0.0,0.0,0,0,1,1,0.0,0.0,1.0,1.0,0,0,0,0,0.0,0.0,0.0,0.0,0,0,0,0,0.0,0.0,0.0,0.0,0,0,0,0,0.0,0.0,0.0,0.0,0,0,0,0,0.0,0.0,0.0,0.0,0,1,1,1,0.0,9.0,23.0,23.0,0,0,0,0,0.0,0.0,0.0,0.0,0,1,1,1,0.0,15.0,46.0,46.0,0,1,1,1,10000.0,-0.0010000000000000009,0.029592565813381048,,False,2026-10-16,0.00792740624046742,-0.02719932450148628,0.11779256062894328,0.0,False,next_open_gap_checked
QNCX,2026-09-16,27.39,28.5,25.775,27.17,27.17,48980.0,-0.0580689894262436,-0.0805414551607445,-0.1037440211116609,-0.1538461538461537,-0.174415071406867,0.4645321259163433,0.0341845190198002,0.0422782610572173,0.0451711473535439,2.5232465291193367,1.5772110499230123,-0.0504420176807072,0.0994888645491055,909.98,15.1,-0.9701422009274928,0.7993377483443711,1330786.6,601679.4084999998,27.17,27.17,,,,,,,,0,,0,0,0,0,0,0,1.0,1.0,1.0,1.0,2,8.0,0,0,0,0,0.0,0.0,0.0,0.0,0,0,0,0,0.0,0.0,0.0,0.0,1,1,1,1,1.0,1.0,1.0,8.0,0,0,0,0,0.0,0.0,0.0,0.0,0,0,0,0,0.0,0.0,0.0,0.0,0,0,0,0,0.0,0.0,0.0,0.0,1,1,1,1,1.0,1.0,1.0,81.0,0,0,1,1,0.0,0.0,1.0,7.0,0,0,0,1,0.0,0.0,0.0,1.0,1,1,1,1,10000.0,0.0,0.016620146640767088,,False,2026-10-16,0.02074677097867818,0.02598625694131509,0.44906304213077175,0.0016808397062359236,True,next_open_gap_checked
QQQX,2026-09-16,29.66,29.75,29.381,29.59,29.59,72705.0,0.0010148849797022,-0.0256832400395127,-0.0306306306306305,-0.0333224436458673,-0.0330065359477125,-0.0095397489539749,0.0141016061708331,0.0081442888126224,0.0112876128049586,0.9020443484976784,0.6676792898658397,0.003382949932341,0.0124409979770734,31.87,25.353,-0.0715406338249137,0.1671202619019445,2151340.95,2451140.16625,29.59,30.03,,,,,,,,0,,0,0,0,0,0,0,195.95833333333337,195.95833333333337,0.0,0.0,0,8.0,0,0,0,0,0.0,0.0,0.0,0.0,0,0,0,0,0.0,0.0,0.0,0.0,0,0,0,0,0.0,0.0,0.0,0.0,0,0,0,0,0.0,0.0,0.0,0.0,0,0,0,0,0.0,0.0,0.0,0.0,0,0,0,0,0.0,0.0,0.0,0.0,0,0,0,0,0.0,0.0,0.0,0.0,0,0,0,1,0.0,0.0,0.0,4.0,0,0,0,1,0.0,0.0,0.0,1.0,0,0,0,1,10000.0,0.014869888475836479,0.00407973405099024,,False,2026-10-16,0.012114839073992176,-0.02465291489136744,0.2934073908592933,0.0,True,next_open_gap_checked
QTWO,2026-09-16,59.14,60.38,59.11,59.55,59.55,631411.0,-0.0088215712383489,-0.0220068976843489,-0.0040140491721023,-0.0682209356908152,-0.0523551877784851,0.4148253741981467,0.0190893889233488,0.0151741046552653,0.0259823001661101,1.118140342231048,0.7948890139498451,-0.0156458055925432,0.0214744673655732,85.13,40.79,-0.3004816163514624,0.4599166462368227,37600525.05,35504401.3345,59.55,59.8,,,,,,,,0,,0,0,0,0,0,0,48.0,2303.0,0.0,1.0,1,8.0,0,0,0,0,0.0,0.0,0.0,0.0,0,0,0,0,0.0,0.0,0.0,0.0,0,0,0,0,0.0,0.0,0.0,0.0,0,0,0,0,0.0,0.0,0.0,0.0,0,0,0,0,0.0,0.0,0.0,0.0,0,0,0,0,0.0,0.0,0.0,0.0,0,0,0,1,0.0,0.0,0.0,3.0,0,0,0,1,0.0,0.0,0.0,1.0,0,0,0,1,0.0,0.0,0.0,1.0,0,0,0,1,10000.0,0.004198152812762368,0.00028165522087772525,,False,2026-10-16,0.022890713124255016,-0.017780721308677708,0.41154247851433945,0.0,True,next_open_gap_checked
QUBT,2026-09-16,7.89,8.05,7.79,8.0,8.0,4948530.0,0.0204081632653061,0.0012515644555695,-0.0049751243781093,0.0126582278481011,-0.0610328638497652,-0.2409867172675521,0.0218340222015284,0.0375154616331834,0.0432733978196823,0.7631927323949422,0.5527845016020349,0.006377551020408,0.0329531051964512,25.84,6.18,-0.6904024767801857,0.2944983818770228,39588240.0,53295173.838,8.0,8.29,,,,,,,,0,,0,0,0,0,0,0,36.0,273.9583333333333,0.0,1.0,1,8.0,0,0,0,0,0.0,0.0,0.0,0.0,0,0,0,0,0.0,0.0,0.0,0.0,0,0,0,0,0.0,0.0,0.0,0.0,0,0,0,0,0.0,0.0,0.0,0.0,0,0,0,0,0.0,0.0,0.0,0.0,0,0,0,0,0.0,0.0,0.0,0.0,0,0,0,1,0.0,0.0,0.0,4.0,0,0,0,1,0.0,0.0,0.0,4.0,0,0,0,1,0.0,0.0,0.0,9.0,0,0,0,1,10000.0,0.03624999999999989,0.00018763425053076567,,False,2026-10-16,0.012437060911074051,-0.017321305094379652,0.43104135820589823,0.0,True,next_open_gap_checked
QUIK,2026-09-16,10.25,10.31,9.725,10.01,10.01,315056.0,-0.018627450980392,-0.0748613678373383,-0.0671015843429637,-0.0520833333333333,-0.1706710853355427,-0.543651698199225,0.0206079910633944,0.0195302367742345,0.046182782553188,1.3814267953109116,0.9390726671321784,0.0049019607843137,0.0570731707317074,24.33,5.28,-0.5885737772297575,0.8958333333333333,3153710.56,2473388.5579999997,10.01,10.32,,,,,,,,0,,0,0,0,0,0,0,35.0,616.9583333333334,0.0,1.0,1,8.0,0,0,0,1,0.0,0.0,0.0,1.0,0,0,0,0,0.0,0.0,0.0,0.0,0,0,0,1,0.0,0.0,0.0,33.0,0,0,0,0,0.0,0.0,0.0,0.0,0,0,0,1,0.0,0.0,0.0,1.0,0,0,0,0,0.0,0.0,0.0,0.0,0,0,0,1,0.0,0.0,0.0,7.0,0,0,0,1,0.0,0.0,0.0,20.0,0,0,0,0,0.0,0.0,0.0,0.0,0,0,0,1,10000.0,0.03096903096903092,0.004043036411588349,,False,2026-10-16,0.010338290516962506,-0.008740225347338641,0.45220364694878457,0.0,True,next_open_gap_checked
R,2026-09-16,240.68,241.39,235.57,237.96,237.96,250929.0,-0.013269198872118,-0.0219482120838471,-0.0277425944841674,-0.0226712666338096,-0.0817673162261237,-0.1022410020372746,0.0088760282894692,0.0116028400155034,0.0143810484637566,1.0363889920867275,0.793116330934979,-0.0019903798308176,0.0241814857902608,284.25,157.67,-0.1628496042216358,0.5092281347117398,59711064.84,59410701.8215,237.96,242.36,,,,,,,,0,,0,0,0,0,0,0,55.0,553.0,0.0,1.0,1,8.0,0,0,0,0,0.0,0.0,0.0,0.0,0,0,0,0,0.0,0.0,0.0,0.0,0,0,0,1,0.0,0.0,0.0,1.0,0,0,0,0,0.0,0.0,0.0,0.0,0,0,0,0,0.0,0.0,0.0,0.0,0,0,0,1,0.0,0.0,0.0,2.0,0,0,0,0,0.0,0.0,0.0,0.0,0,0,0,1,0.0,0.0,0.0,5.0,0,0,0,0,0.0,0.0,0.0,0.0,0,0,0,1,10000.0,0.01849050260548002,0.0001683198429475735,,False,2026-10-16,0.0097089858855668,-0.02465291489136744,0.32560342715315604,0.0,True,next_open_gap_checked
RAMP,2026-09-16,37.58,37.93,37.57,37.87,37.87,2444055.0,0.0069130550385534,0.0071808510638295,0.0029131355932203,0.0013220518244314,0.0117552765161634,0.0069130550385534,0.0040253924558246,0.0028481221157324,0.0032862302596713,2.2321026769697254,2.416240049958231,-0.0007976601967562,0.0095795635976583,38.23,21.71,-0.0094166884645565,0.7443574389682173,92556362.85,41307679.042,37.87,37.89,,,,,,,,0,,0,0,0,0,0,0,26.0,121.0,1.0,1.0,2,8.0,0,0,0,0,0.0,0.0,0.0,0.0,0,0,0,0,0.0,0.0,0.0,0.0,0,0,0,0,0.0,0.0,0.0,0.0,0,0,0,0,0.0,0.0,0.0,0.0,0,0,0,0,0.0,0.0,0.0,0.0,0,0,0,0,0.0,0.0,0.0,0.0,0,0,1,1,0.0,0.0,4.0,8.0,0,0,1,1,0.0,0.0,1.0,3.0,0,0,0,0,0.0,0.0,0.0,0.0,0,0,1,1,10000.0,0.0005281225244258003,0.00024208573882430912,,False,2026-10-16,0.04307098931114187,-0.02465291489136744,0.11779256062894328,0.0,True,next_open_gap_checked
RANI,2026-09-16,0.8101,0.84,0.755,0.756,0.756,1261592.0,-0.0797321972002435,-0.1027771184429148,-0.0999999999999999,-0.125506072874494,-0.084080445844439,-0.0216125275009706,0.0379170194180281,0.0410734592208282,0.0527502785628075,2.159882849238416,1.6222515621149738,-0.0138770541692025,0.1049253178619923,3.87,0.4453,-0.8046511627906977,0.6977318661576466,953763.552,498246.68109,0.756,0.759,,,,,,,,0,,0,0,0,0,0,0,33.0,1049.0,0.0,1.0,1,8.0,0,0,0,0,0.0,0.0,0.0,0.0,0,0,0,0,0.0,0.0,0.0,0.0,0,0,0,0,0.0,0.0,0.0,0.0,0,0,0,0,0.0,0.0,0.0,0.0,0,0,0,0,0.0,0.0,0.0,0.0,0,0,0,0,0.0,0.0,0.0,0.0,0,0,0,1,0.0,0.0,0.0,1.0,0,0,0,0,0.0,0.0,0.0,0.0,0,0,0,0,0.0,0.0,0.0,0.0,0,0,0,1,10000.0,0.003968253968253954,0.020070379551998793,,False,2026-10-16,0.013995145620337634,0.008398474871536292,0.44266512980242073,0.00043980934251205457,False,next_open_gap_checked
RCS,2026-09-16,4.88,4.95,4.88,4.92,4.92,106643.0,0.004081632653061,-0.021868787276342,-0.0352941176470588,-0.0628571428571428,-0.0628571428571428,-0.0855018587360594,0.0116616838138877,0.0076483181032242,0.0088648957369905,0.6700408616669059,0.7553319381774707,-0.0040816326530612,0.014344262295082,8.0,4.84,-0.385,0.0165289256198346,524683.5599999999,814561.4355,4.92,4.92,,,,,,,,0,,0,0,0,0,0,0,83.0,488.0,0.0,1.0,1,8.0,0,0,0,0,0.0,0.0,0.0,0.0,0,0,0,0,0.0,0.0,0.0,0.0,0,0,0,0,0.0,0.0,0.0,0.0,0,0,0,0,0.0,0.0,0.0,0.0,0,0,0,0,0.0,0.0,0.0,0.0,0,0,0,0,0.0,0.0,0.0,0.0,0,0,0,1,0.0,0.0,0.0,13.0,0,0,0,1,0.0,0.0,0.0,6.0,0,0,0,0,0.0,0.0,0.0,0.0,0,0,0,1,10000.0,0.0,0.012276544854915366,,False,2026-10-16,0.00899394142855781,-0.024095543095350225,0.3094469993012794,0.0,True,next_open_gap_checked
RDAG,2026-09-16,10.42,10.45,10.42,10.45,10.45,375750.0,0.0019175455417066,0.0019175455417066,0.0048076923076922,0.0067437379576107,0.0086872586872586,0.0185185185185183,0.0013588448135475,0.0012607102609161,0.0013830481528348,5.704478414071502,7.320275783962735,-0.0009587727708533,0.0028790786948175,10.45,9.768,0.0,0.0698198198198196,3926587.499999999,686053.1799,10.45,10.42,,,,,,,,0,,0,0,0,0,0,0,455.0,455.0,0.0,0.0,0,4.0,0,0,0,0,0.0,0.0,0.0,0.0,0,0,0,0,0.0,0.0,0.0,0.0,0,0,0,0,0.0,0.0,0.0,0.0,0,0,0,0,0.0,0.0,0.0,0.0,0,0,0,0,0.0,0.0,0.0,0.0,0,0,0,0,0.0,0.0,0.0,0.0,0,0,0,1,0.0,0.0,0.0,17.0,0,0,0,0,0.0,0.0,0.0,0.0,0,0,0,1,0.0,0.0,0.0,51.0,0,0,0,1,10000.0,-0.002870813397129135,0.014576129508586512,,False,2026-10-16,0.007577808502620544,-0.02671972467499369,0.11779256062894328,0.0,True,next_open_gap_checked
RDWR,2026-09-16,29.53,30.0,29.2,29.45,29.45,258963.0,-0.0107490762512596,0.0555555555555555,0.0517857142857143,0.054421768707483,0.047669868374244,0.0650994575045207,0.0271858312184293,0.0241833928552465,0.0339909324174327,1.0590236492503269,1.1188255175613375,-0.0080618071884447,0.0270910938029123,32.791,21.68,-0.1018877130920068,0.3583948339483394,7626460.35,6925698.157500001,29.45,30.21,,,,,,,,0,,0,0,0,0,0,0,,,0.0,0.0,0,0.0,0,0,0,0,0.0,0.0,0.0,0.0,0,0,0,0,0.0,0.0,0.0,0.0,0,0,0,0,0.0,0.0,0.0,0.0,0,0,0,0,0.0,0.0,0.0,0.0,0,0,0,0,0.0,0.0,0.0,0.0,0,0,0,0,0.0,0.0,0.0,0.0,0,0,0,0,0.0,0.0,0.0,0.0,0,0,0,0,0.0,0.0,0.0,0.0,0,0,0,0,0.0,0.0,0.0,0.0,0,0,0,0,10000.0,0.02580645161290329,0.0014438977519068985,,False,2026-10-16,0.004115181018112375,-0.012764690837191098,0.43477371449262275,0.0,True,next_open_gap_checked
REKR,2026-09-16,0.437,0.4449,0.4255,0.4288,0.4288,1382240.0,-0.0225666742648733,-0.0678260869565217,-0.1250765149969392,-0.1722007722007722,-0.2971643992788066,-0.3495145631067961,0.0279452721512808,0.0302516751097249,0.0417829922554827,0.8357566774101,0.8106305214554539,-0.0038750854798267,0.0443935926773456,3.42,0.425,-0.8746198830409356,0.0089411764705882,592704.512,865789.680895,0.4288,0.44,,,,,,,,0,,0,0,0,0,0,0,1.0,582.9583333333334,1.0,1.0,1,8.0,0,0,0,0,0.0,0.0,0.0,0.0,0,0,0,0,0.0,0.0,0.0,0.0,0,0,0,0,0.0,0.0,0.0,0.0,0,0,0,0,0.0,0.0,0.0,0.0,0,0,0,0,0.0,0.0,0.0,0.0,0,0,0,0,0.0,0.0,0.0,0.0,0,0,0,1,0.0,0.0,0.0,142.0,0,0,0,0,0.0,0.0,0.0,0.0,0,0,0,1,0.0,0.0,0.0,13.0,0,0,0,1,10000.0,0.026119402985074647,0.011550149211368073,,False,2026-10-16,0.010918016671920643,0.0010961622372098717,0.4324065114190809,4.952664830707304e-05,False,next_open_gap_checked
REXR,2026-09-16,39.0,39.67,38.42,38.84,38.84,4094673.0,0.0056965302951839,0.0210304942166141,0.0477475047207984,0.0480302212628169,0.0485961123110152,0.1639196883428231,0.011310554704856,0.0106766170753031,0.0182555556599711,1.685134770001786,1.5559347151880094,0.009839461418954,0.032051282051282,44.38,32.14,-0.1248310049571879,0.2084629744866211,159037099.32000002,91318976.43,38.84,39.1,,,,,,,,0,,0,0,0,0,0,0,699.0,2402.9583333333335,0.0,0.0,0,7.0,0,0,0,0,0.0,0.0,0.0,0.0,0,0,0,0,0.0,0.0,0.0,0.0,0,0,0,1,0.0,0.0,0.0,1.0,0,0,0,0,0.0,0.0,0.0,0.0,0,0,0,0,0.0,0.0,0.0,0.0,0,0,0,1,0.0,0.0,0.0,2.0,0,0,0,1,0.0,0.0,0.0,10.0,0,0,0,1,0.0,0.0,0.0,2.0,0,0,0,1,0.0,0.0,0.0,2.0,0,0,0,1,10000.0,0.006694129763130663,0.00010950626464440759,,False,2026-10-16,0.03045947928018991,-0.024972885034417903,0.3607368477845497,0.0,True,next_open_gap_checked
RGEN,2026-09-16,174.9,178.55,171.66,172.91,172.91,826515.0,-0.0104160705087849,0.0467974331032812,0.0476219327476521,0.0169980002352663,0.0406861269936804,0.3661215137868374,0.019795979588819,0.0261672068345574,0.0313935516698835,0.8086119276166046,0.7431019765254765,0.0009729296629086,0.0393939393939394,188.73,100.99,-0.0838234514915488,0.712149717793841,142912708.65,178156279.692,172.91,174.93,,,,,,,,0,,0,0,0,0,0,0,0.0,527.0,1.0,1.0,1,8.0,0,0,0,0,0.0,0.0,0.0,0.0,0,0,0,0,0.0,0.0,0.0,0.0,0,0,0,0,0.0,0.0,0.0,0.0,0,0,0,0,0.0,0.0,0.0,0.0,0,0,0,0,0.0,0.0,0.0,0.0,0,0,0,0,0.0,0.0,0.0,0.0,0,0,0,1,0.0,0.0,0.0,43.0,0,0,0,1,0.0,0.0,0.0,6.0,0,0,0,0,0.0,0.0,0.0,0.0,0,0,0,1,10000.0,0.011682378115782877,5.6130494065593375e-05,,False,2026-10-16,0.010093871273239062,-0.016560249885306494,0.4013945409264413,0.0,True,next_open_gap_checked
RIO,2026-09-16,97.93,98.185,94.96,95.79,95.79,2234258.0,-0.015114127082048,-0.0417166866746697,-0.076633892423366,-0.0595915963086588,-0.0093080980452993,-0.0359299516908211,0.0183284400214368,0.018517959216919,0.0185905381264626,1.1227544488907222,0.9117914525654056,0.0068887517993008,0.0329316858980905,112.58,61.72,-0.1491383904778823,0.55200907323396,214019573.82,203193112.225,95.79,97.4,,,,,,,,0,,0,0,0,0,0,0,706.0,706.0,0.0,0.0,0,2.0,0,0,0,0,0.0,0.0,0.0,0.0,0,0,0,1,0.0,0.0,0.0,3.0,0,0,0,0,0.0,0.0,0.0,0.0,0,0,0,0,0.0,0.0,0.0,0.0,0,0,0,0,0.0,0.0,0.0,0.0,0,0,0,0,0.0,0.0,0.0,0.0,0,0,0,1,0.0,0.0,0.0,8.0,0,0,0,1,0.0,0.0,0.0,2.0,0,0,0,0,0.0,0.0,0.0,0.0,0,0,0,1,10000.0,0.016807599958241992,4.921426661808689e-05,,False,2026-10-16,0.004115181018112375,-0.024091135121962867,0.38167439009570353,0.0,True,next_open_gap_checked
RNG,2026-09-16,70.81,75.14,70.57,73.54,73.54,1511410.0,0.0153251415159463,0.067034242600116,0.056002297530155,0.0391408789034903,0.1280871299279031,1.1107921928817452,0.0230480148123647,0.0249096511274612,0.045867518398402,1.077072377872744,0.809672817257856,-0.0223664227530029,0.0645389069340489,77.95,24.14,-0.0565747273893521,2.0463960231980116,111149091.4,98055780.495,73.54,73.11,,,,,,,,0,,0,0,0,0,0,0,54.0,1009.9583333333334,0.0,1.0,1,8.0,0,0,0,0,0.0,0.0,0.0,0.0,0,0,0,0,0.0,0.0,0.0,0.0,0,0,0,1,0.0,0.0,0.0,2.0,0,0,0,0,0.0,0.0,0.0,0.0,0,0,0,0,0.0,0.0,0.0,0.0,0,0,0,1,0.0,0.0,0.0,1.0,0,0,0,1,0.0,0.0,0.0,3.0,0,0,0,1,0.0,0.0,0.0,11.0,0,0,0,0,0.0,0.0,0.0,0.0,0,0,0,1,10000.0,-0.0058471580092467335,0.00010198276888438936,,False,2026-10-16,0.012564226404659403,-0.00952147492467239,0.3921512079907719,0.0,True,next_open_gap_checked
RNST,2026-09-16,40.73,40.82,39.76,40.53,40.53,970244.0,-0.010498046875,-0.0058866813833701,0.0024734108335395,0.0150262960180316,-0.0485915492957746,-0.0375207789123722,0.0067032325810704,0.0099715850007444,0.0114309018741381,1.7784761174521877,1.5180862257968188,-0.0056152343750001,0.0260250429658728,44.54,33.04,-0.0900314324202963,0.2266949152542374,39323989.32,22361347.873000003,40.53,40.95,,,,,,,,0,,0,0,0,0,0,0,21.0,21.0,1.0,1.0,1,8.0,0,0,0,0,0.0,0.0,0.0,0.0,0,0,0,1,0.0,0.0,0.0,4.0,1,1,1,1,7.0,7.0,7.0,10.0,0,0,0,0,0.0,0.0,0.0,0.0,0,0,0,0,0.0,0.0,0.0,0.0,0,0,0,0,0.0,0.0,0.0,0.0,0,0,0,1,0.0,0.0,0.0,324.0,1,1,1,1,1.0,1.0,1.0,13.0,0,0,0,0,0.0,0.0,0.0,0.0,1,1,1,1,10000.0,0.010362694300518172,0.0004472002339391359,,False,2026-10-16,0.009901434618816032,-0.02465291489136744,0.3161006037696934,0.0,True,next_open_gap_checked
ROL,2026-09-16,33.77,34.41,33.53,33.53,33.53,5514459.0,-0.0071068996150429,-0.034552260293694,-0.0292414591777648,-0.0735009671179882,-0.07681718061674,-0.2449898671470388,0.0228767849760054,0.0155266323330005,0.0195006373985204,1.197366793989389,1.042743294175075,0.0,0.0260586319218239,66.14,33.53,-0.4930450559419413,0.0,184899810.27,163670387.371,33.53,33.71,,,,,,,,0,,0,0,0,0,0,0,55.0,3466.0,0.0,1.0,1,8.0,0,0,0,0,0.0,0.0,0.0,0.0,0,0,0,0,0.0,0.0,0.0,0.0,0,0,0,0,0.0,0.0,0.0,0.0,0,0,0,1,0.0,0.0,0.0,1.0,0,0,0,0,0.0,0.0,0.0,0.0,0,0,0,0,0.0,0.0,0.0,0.0,0,0,0,0,0.0,0.0,0.0,0.0,0,0,0,1,0.0,0.0,0.0,2.0,0,0,0,0,0.0,0.0,0.0,0.0,0,0,0,1,10000.0,0.005368326871458384,6.109840735778606e-05,,False,2026-10-16,0.012409708228171236,-0.023376601595768393,0.38049830762998577,0.0,True,next_open_gap_checked
ROST,2026-09-16,226.65,227.64,222.15,224.8,224.8,2086129.0,-0.0064527534694598,-0.0257432608130363,-0.0020863852266169,-0.0193683475833187,-0.0489889161519586,-0.0513567118200615,0.0147085422255242,0.0162986008181864,0.0177694272447334,0.8143167550554927,0.7870831815617307,0.0017236807212941,0.0242223692918596,257.0,143.39,-0.1252918287937743,0.5677522839807521,468961799.2000001,594643767.8725,224.8,226.78,,,,,,,,0,,0,0,0,0,0,0,571.9583333333334,2169.0,0.0,0.0,0,7.0,0,0,0,0,0.0,0.0,0.0,0.0,0,0,0,0,0.0,0.0,0.0,0.0,0,0,0,1,0.0,0.0,0.0,4.0,0,0,0,0,0.0,0.0,0.0,0.0,0,0,0,0,0.0,0.0,0.0,0.0,0,0,0,0,0.0,0.0,0.0,0.0,0,0,0,1,0.0,0.0,0.0,1.0,0,0,0,1,0.0,0.0,0.0,1.0,0,0,0,0,0.0,0.0,0.0,0.0,0,0,0,1,10000.0,0.008807829181494586,1.6816791060936743e-05,,False,2026-10-16,0.007090143807852394,-0.02465291489136744,0.3875178005086436,0.0,True,next_open_gap_checked
RUM,2026-09-16,8.29,8.535,7.98,8.3,8.3,6770904.0,0.0121951219512197,0.1576011157601116,0.1037234042553192,-0.0269636576787806,0.0246913580246914,0.2205882352941177,0.0571367078887789,0.055421804070859,0.0477263991154881,1.2338890772480002,1.7332304029203465,0.0109756097560975,0.0669481302774426,10.595,4.62,-0.216611609249646,0.7965367965367967,56198503.2,47047920.33425,8.3,8.66,,,,,,,,0,,0,0,0,0,0,0,5.0,5.0,1.0,1.0,2,8.0,0,0,0,0,0.0,0.0,0.0,0.0,0,0,1,1,0.0,0.0,1.0,1.0,0,0,0,1,0.0,0.0,0.0,4.0,0,0,0,0,0.0,0.0,0.0,0.0,0,0,0,0,0.0,0.0,0.0,0.0,0,0,0,0,0.0,0.0,0.0,0.0,1,1,1,1,1.0,1.0,10.0,76.0,0,0,1,1,0.0,0.0,1.0,2.0,1,1,1,1,1.0,1.0,1.0,24.0,1,1,1,1,10000.0,0.04337349397590362,0.00021254924615063566,,False,2026-10-16,0.022933206431732193,-0.007755268897740328,0.42258221371050414,0.0,True,next_open_gap_checked
RVLV,2026-09-16,20.65,21.335,20.395,20.61,20.61,1157249.0,-0.0048285852245293,-0.0246095598674869,0.0574653668547973,-0.0720396217919856,-0.0984251968503937,-0.0086580086580086,0.0314925434409747,0.0264853917216118,0.0277700158909487,1.3674672841514983,1.3694431151358,-0.0028971511347176,0.0455205811138015,31.68,17.35,-0.3494318181818182,0.1878962536023054,23850901.89,18540771.202499997,20.61,20.85,,,,,,,,0,,0,0,0,0,0,0,42.0,827.0,0.0,1.0,1,8.0,0,0,0,0,0.0,0.0,0.0,0.0,0,0,0,0,0.0,0.0,0.0,0.0,0,0,0,0,0.0,0.0,0.0,0.0,0,0,0,0,0.0,0.0,0.0,0.0,0,0,0,0,0.0,0.0,0.0,0.0,0,0,0,0,0.0,0.0,0.0,0.0,0,0,0,0,0.0,0.0,0.0,0.0,0,0,0,1,0.0,0.0,0.0,6.0,0,0,0,0,0.0,0.0,0.0,0.0,0,0,0,1,10000.0,0.011644832605531397,0.0005393518905325589,,False,2026-10-16,0.013294770156407159,-0.015924135071411424,0.4297477294795642,0.0,True,next_open_gap_checked
RXO,2026-09-16,19.26,19.885,18.56,19.08,19.08,1512695.0,-0.025038323965253,-0.0210364289379169,-0.0479041916167665,-0.0512182993535554,-0.1568714096332303,-0.2610379550735864,0.0149439120882474,0.0267058874766265,0.0341782309536451,1.0284704780846576,0.8752164772596818,-0.0158405723045477,0.0687954309449637,29.9,10.425,-0.3618729096989966,0.8302158273381293,28862220.6,30343731.418,19.08,19.43,,,,,,,,0,,0,0,0,0,0,0,7.0,531.0,1.0,1.0,1,8.0,0,0,0,1,0.0,0.0,0.0,1.0,0,0,0,0,0.0,0.0,0.0,0.0,0,0,0,0,0.0,0.0,0.0,0.0,0,0,0,0,0.0,0.0,0.0,0.0,0,0,0,0,0.0,0.0,0.0,0.0,0,0,0,0,0.0,0.0,0.0,0.0,0,0,0,1,0.0,0.0,0.0,13.0,0,0,0,1,0.0,0.0,0.0,4.0,0,0,0,0,0.0,0.0,0.0,0.0,0,0,0,1,10000.0,0.01834381551362685,0.0003295573593848767,,False,2026-10-16,0.01482870133914227,-0.008885360110777323,0.440380658927724,0.0,True,next_open_gap_checked
RYAM,2026-09-16,8.3,8.435,8.15,8.26,8.26,642010.0,0.0012121212121212,-0.0282352941176471,-0.0270906949352179,-0.0084033613445378,-0.0154946364719905,0.0073170731707317,0.0155769377635577,0.0214264755159175,0.0323142194975482,0.9722482716928192,0.721667367371285,0.0060606060606061,0.0343373493975903,11.85,5.38,-0.3029535864978903,0.5353159851301115,5303002.6,5596586.140999999,8.26,8.45,,,,,,,,0,,0,0,0,0,0,0,42.0,534.0,0.0,1.0,1,8.0,0,0,0,0,0.0,0.0,0.0,0.0,0,0,0,0,0.0,0.0,0.0,0.0,0,0,0,1,0.0,0.0,0.0,4.0,0,0,0,0,0.0,0.0,0.0,0.0,0,0,0,0,0.0,0.0,0.0,0.0,0,0,0,1,0.0,0.0,0.0,2.0,0,0,0,1,0.0,0.0,0.0,3.0,0,0,0,1,0.0,0.0,0.0,8.0,0,0,0,0,0.0,0.0,0.0,0.0,0,0,0,1,10000.0,0.02300242130750596,0.0017868035527481756,,False,2026-10-16,0.017141000425688026,-0.01217483044496729,0.4342630069271105,0.0,True,next_open_gap_checked
RYDE,2026-09-16,0.73,0.73,0.6349,0.6839,0.6839,523615.99999999994,0.0274939903846154,0.0521538461538459,-0.0494788047255039,-0.0263382687927108,-0.263356311934511,-0.0774315391879131,0.0679687316431772,0.0472972119977355,0.0746754308607228,2.5653410768077176,2.914920707319858,0.0967548076923077,0.1302739726027396,1.55,0.205,-0.5587741935483872,2.3360975609756096,358100.9823999999,139590.72953,0.6839,0.73,,,,,,,,0,,0,0,0,0,0,0,,,0.0,0.0,0,0.0,0,0,0,0,0.0,0.0,0.0,0.0,0,0,0,0,0.0,0.0,0.0,0.0,0,0,0,0,0.0,0.0,0.0,0.0,0,0,0,0,0.0,0.0,0.0,0.0,0,0,0,0,0.0,0.0,0.0,0.0,0,0,0,0,0.0,0.0,0.0,0.0,0,0,0,0,0.0,0.0,0.0,0.0,0,0,0,0,0.0,0.0,0.0,0.0,0,0,0,0,0.0,0.0,0.0,0.0,0,0,0,0,10000.0,0.06740751571867243,0.07163799511378625,,False,2026-10-16,0.004115181018112375,0.004796010936372019,0.42691186790503566,0.00013134479429796598,False,next_open_gap_checked
RZLVW,2026-09-16,0.715,0.7199,0.46,0.4699,0.4699,58599.0,-0.0695049504950495,-0.3089705882352942,-0.243317230273752,-0.3038518518518519,-0.3649141775915664,-0.426951219512195,0.1729630798196045,0.1086268002715709,0.0734191744720347,1.3186939306413663,2.5799175380885537,0.4158415841584157,0.3634965034965035,3.0,0.4507,-0.8433666666666667,0.0426003993787442,27535.6701,29538.89634,0.4699,0.4899,,,,,,,,0,,0,0,0,0,0,0,,,0.0,0.0,0,0.0,0,0,0,0,0.0,0.0,0.0,0.0,0,0,0,0,0.0,0.0,0.0,0.0,0,0,0,0,0.0,0.0,0.0,0.0,0,0,0,0,0.0,0.0,0.0,0.0,0,0,0,0,0.0,0.0,0.0,0.0,0,0,0,0,0.0,0.0,0.0,0.0,0,0,0,0,0.0,0.0,0.0,0.0,0,0,0,0,0.0,0.0,0.0,0.0,0,0,0,0,0.0,0.0,0.0,0.0,0,0,0,0,10000.0,0.042562247286656696,0.3385366834595825,,False,2026-10-16,0.004115181018112375,0.01998930914539036,0.40891105276413886,0.0005243497992325353,False,next_open_gap_checked
SAM,2026-09-16,171.12,172.31,169.387,170.25,170.25,211333.0,-0.0059555088456823,-0.0133294697189221,0.048789502864535,-0.026864818519577,-0.0470193115029387,-0.0414391081583245,0.0217371903132709,0.0228619850312397,0.0248499724461609,1.1134251893001428,0.7845301789065735,-0.0008758101243651,0.0170815801776531,264.46,158.68,-0.3562353475005672,0.0729140408369044,35979443.25,33254807.945,170.25,172.66,,,,,,,,0,,0,0,0,0,0,0,26.0,530.0,1.0,1.0,1,8.0,0,0,0,0,0.0,0.0,0.0,0.0,0,0,0,0,0.0,0.0,0.0,0.0,0,0,0,1,0.0,0.0,0.0,2.0,0,0,0,0,0.0,0.0,0.0,0.0,0,0,0,0,0.0,0.0,0.0,0.0,0,0,0,1,0.0,0.0,0.0,1.0,0,0,0,1,0.0,0.0,0.0,4.0,0,0,0,1,0.0,0.0,0.0,4.0,0,0,0,0,0.0,0.0,0.0,0.0,0,0,0,1,10000.0,0.014155653450807604,0.00030070839731021636,,False,2026-10-16,0.009720741152503366,-0.018416836122572777,0.3979923152018119,0.0,True,next_open_gap_checked
SARO,2026-09-16,23.57,23.57,22.83,23.13,23.13,3360876.0,-0.0060163300386764,-0.0378535773710482,-0.0450041288191577,-0.0446096654275093,-0.1430159318266024,-0.1515040352164344,0.0156625479341699,0.0161551714924974,0.0215589910758523,1.1229190316438964,0.9958778243655126,0.0128921357971638,0.0313958421722529,34.48,22.83,-0.3291763341067285,0.0131406044678055,77737061.88,73134738.011,23.13,23.51,,,,,,,,0,,0,0,0,0,0,0,40.0,228.95833333333337,0.0,1.0,2,8.0,0,0,0,0,0.0,0.0,0.0,0.0,0,0,0,0,0.0,0.0,0.0,0.0,0,0,0,1,0.0,0.0,0.0,2.0,0,0,0,0,0.0,0.0,0.0,0.0,0,0,0,0,0.0,0.0,0.0,0.0,0,0,0,0,0.0,0.0,0.0,0.0,0,0,0,1,0.0,0.0,0.0,7.0,0,0,0,1,0.0,0.0,0.0,4.0,0,0,0,0,0.0,0.0,0.0,0.0,0,0,0,1,10000.0,0.016428880242109978,0.00013673392797955913,,False,2026-10-16,0.013089148223910666,-0.017780721308677708,0.410494958625569,0.0,True,next_open_gap_checked
SCCO,2026-09-16,192.3,194.0,186.42,189.88,189.88,941794.0,0.0025872538148794,-0.0186572949506435,-0.0926120615502246,-0.0581816378155846,0.0110756123535675,0.0118406889128095,0.0324245388085811,0.0341477765688516,0.0321166403874683,0.8220563541638253,0.8013288518683102,0.0153651195944877,0.0394175767030681,220.78,101.098,-0.1399583295588369,0.8781776098439138,178827844.72,233868590.667,189.88,195.79,,,,,,,,0,,0,0,0,0,0,0,56.0,475.0,0.0,1.0,1,8.0,0,0,0,0,0.0,0.0,0.0,0.0,0,0,0,0,0.0,0.0,0.0,0.0,0,0,0,0,0.0,0.0,0.0,0.0,0,0,0,0,0.0,0.0,0.0,0.0,0,0,0,0,0.0,0.0,0.0,0.0,0,0,0,0,0.0,0.0,0.0,0.0,0,0,0,0,0.0,0.0,0.0,0.0,0,0,0,1,0.0,0.0,0.0,4.0,0,0,0,0,0.0,0.0,0.0,0.0,0,0,0,1,10000.0,0.031124921002738448,4.275905529459818e-05,,False,2026-10-16,0.005796989494271368,-0.009564155612651067,0.4542517968034198,0.0,True,next_open_gap_checked
SCM,2026-09-16,7.92,8.0,7.75,7.77,7.77,106267.0,-0.018939393939394,-0.050122249388753,-0.0694610778443114,-0.1089449541284405,-0.0944055944055944,-0.0570388349514563,0.0108019934000812,0.014715764725959,0.0255577891886995,0.7168730312334618,0.4905538293815125,0.0,0.0315656565656565,14.13,6.83,-0.4501061571125265,0.137628111273792,825694.59,1262214.1595,7.77,7.9,,,,,,,,0,,0,0,0,0,0,0,48.0,371.0,0.0,1.0,1,8.0,0,0,0,0,0.0,0.0,0.0,0.0,0,0,0,1,0.0,0.0,0.0,5.0,0,0,0,0,0.0,0.0,0.0,0.0,0,0,0,0,0.0,0.0,0.0,0.0,0,0,0,0,0.0,0.0,0.0,0.0,0,0,0,1,0.0,0.0,0.0,3.0,0,0,0,1,0.0,0.0,0.0,9.0,0,0,0,1,0.0,0.0,0.0,3.0,0,0,0,0,0.0,0.0,0.0,0.0,0,0,0,1,10000.0,0.016731016731016846,0.007922585818528049,,False,2026-10-16,0.014686678494564431,-0.018284328406166287,0.4326383546022852,0.0,True,next_open_gap_checked
SD,2026-09-16,14.74,14.83,14.305,14.36,14.36,502974.00000000006,-0.040748162992652,-0.0184552289815448,-0.0231292517006802,-0.0006958942240778,0.0006968641114981,0.0338372930165586,0.0268780172813114,0.0168113003425467,0.0180521073775063,1.6316977070218048,1.606545162702249,-0.0153640614562458,0.0356173677069199,18.45,11.1,-0.2216802168021679,0.2936936936936936,7222706.640000001,4432961.398,14.36,14.315,,,,,,,,0,,0,0,0,0,0,0,41.0,856.0,0.0,1.0,1,8.0,0,0,0,1,0.0,0.0,0.0,28.0,0,0,0,1,0.0,0.0,0.0,3.0,0,0,0,1,0.0,0.0,0.0,4.0,0,0,0,0,0.0,0.0,0.0,0.0,0,0,0,1,0.0,0.0,0.0,2.0,0,0,0,1,0.0,0.0,0.0,4.0,0,0,0,1,0.0,0.0,0.0,45.0,0,0,0,1,0.0,0.0,0.0,18.0,0,0,0,0,0.0,0.0,0.0,0.0,0,0,0,1,10000.0,-0.0031337047353759973,0.0022558283508878865,,False,2026-10-16,0.02077792043532249,-0.02465291489136744,0.3157921034268474,0.0,True,next_open_gap_checked
SDHY,2026-09-16,15.38,15.717,14.67,15.36,15.36,56596.0,-0.0013003901170351,-0.0185303514376997,-0.0351758793969849,-0.0303030303030302,-0.0582464745554873,-0.0489164086687305,0.0072227801421011,0.0063230008850932,0.0055357363840866,0.8424593812100417,0.9602649568444074,0.0,0.068075422626788,17.1,14.67,-0.1017543859649123,0.0470347648261757,869314.5599999999,1065120.5585,15.36,15.31,,,,,,,,0,,0,0,0,0,0,0,161.0,161.0,0.0,0.0,1,6.0,0,0,0,0,0.0,0.0,0.0,0.0,0,0,0,0,0.0,0.0,0.0,0.0,0,0,0,0,0.0,0.0,0.0,0.0,0,0,0,0,0.0,0.0,0.0,0.0,0,0,0,0,0.0,0.0,0.0,0.0,0,0,0,0,0.0,0.0,0.0,0.0,0,0,0,0,0.0,0.0,0.0,0.0,0,0,1,1,0.0,0.0,1.0,8.0,0,0,0,1,0.0,0.0,0.0,2.0,0,0,1,1,10000.0,-0.0032552083333332593,0.00938860856660481,,False,2026-10-16,0.008256953009178173,-0.02719932450148628,0.2075528470078373,0.0,True,next_open_gap_checked
SENEA,2026-09-16,181.01,187.62,178.2,186.31,186.31,74937.0,0.0370143604586441,-0.0226104291260098,-0.0277618326984292,-0.0868947265242109,-0.030998075622822,0.1907835868592611,0.0331612898405835,0.0231190909306852,0.0231492629353447,0.8703044619696914,0.7072838968806625,0.0075141934765667,0.0520413236837744,210.0,99.58,-0.1128095238095238,0.870958023699538,13961512.47,16707306.823,186.31,187.76,,,,,,,,0,,0,0,0,0,0,0,35.0,1164.0,0.0,1.0,1,8.0,0,0,0,1,0.0,0.0,0.0,1.0,0,0,0,1,0.0,0.0,0.0,2.0,0,0,0,0,0.0,0.0,0.0,0.0,0,0,0,0,0.0,0.0,0.0,0.0,0,0,0,0,0.0,0.0,0.0,0.0,0,0,0,0,0.0,0.0,0.0,0.0,0,0,0,1,0.0,0.0,0.0,6.0,0,0,0,1,0.0,0.0,0.0,11.0,0,0,0,0,0.0,0.0,0.0,0.0,0,0,0,1,10000.0,0.007782727711878046,0.0005985405131983073,,False,2026-10-16,0.010158846250756224,-0.017780721308677708,0.40254048725003005,0.0,True,next_open_gap_checked
SFWL,2026-09-16,9.0,9.18,9.0,9.0,9.0,3189.0,-0.0217391304347824,0.0744985673352436,-0.1750687442713107,-0.2771664926511927,-0.3181818181818181,-0.2683521664905293,0.1015636106923782,0.0769007533604759,0.0797729346688602,0.7120767229733502,1.224019805400426,-0.0217391304347824,0.0199999999999999,19.2,7.82,-0.53125,0.1508951406649616,28701.0,47960.22435000149,9.0,8.995,,,,,,,,0,,0,0,0,0,0,0,,,0.0,0.0,0,0.0,0,0,0,0,0.0,0.0,0.0,0.0,0,0,0,0,0.0,0.0,0.0,0.0,0,0,0,0,0.0,0.0,0.0,0.0,0,0,0,0,0.0,0.0,0.0,0.0,0,0,0,0,0.0,0.0,0.0,0.0,0,0,0,0,0.0,0.0,0.0,0.0,0,0,0,0,0.0,0.0,0.0,0.0,0,0,0,0,0.0,0.0,0.0,0.0,0,0,0,0,0.0,0.0,0.0,0.0,0,0,0,0,10000.0,-0.0005555555555556424,0.2085061138793378,,False,2026-10-16,0.004115181018112375,-0.014884477177313771,0.4147767500884694,0.0,False,next_open_gap_checked
SGMT,2026-09-16,10.51,10.62,10.25,10.46,10.46,620552.0,0.0,-0.0386029411764705,-0.0368324125230201,-0.0038095238095237,-0.0113421550094516,0.4732394366197185,0.0213794602739979,0.0244148796022307,0.0397674244041092,0.6317569357764719,0.5045518402816234,0.0047801147227533,0.0352045670789723,11.449,4.5,-0.0863830902262206,1.3244444444444443,6490973.920000001,10456231.87,10.46,10.69,,,,,,,,0,,0,0,0,0,0,0,34.0,758.0,0.0,1.0,2,8.0,0,0,0,0,0.0,0.0,0.0,0.0,0,0,0,0,0.0,0.0,0.0,0.0,0,0,0,0,0.0,0.0,0.0,0.0,0,0,0,0,0.0,0.0,0.0,0.0,0,0,0,0,0.0,0.0,0.0,0.0,0,0,0,0,0.0,0.0,0.0,0.0,0,0,0,1,0.0,0.0,0.0,1.0,0,0,0,1,0.0,0.0,0.0,1.0,0,0,0,0,0.0,0.0,0.0,0.0,0,0,0,1,10000.0,0.021988527724665197,0.0009563674681594452,,False,2026-10-16,0.03005993643624024,-0.010545189111972126,0.4103084870020961,0.0,True,next_open_gap_checked
SHAK,2026-09-16,58.5,59.23,56.62,56.65,56.65,1592195.0,-0.027801613180024,-0.1099764336213668,-0.1009363593080463,-0.1622301094350784,-0.2020002817298211,0.0168730928020104,0.0416769954316357,0.0292891382631077,0.0327020373793456,1.4387186129270475,0.9662154464525708,0.0039471426119785,0.0446153846153846,107.46,51.6,-0.4728270984552392,0.0978682170542635,90197846.75,74126717.7495,56.65,57.4,,,,,,,,0,,0,0,0,0,0,0,42.0,509.0,0.0,1.0,1,8.0,0,0,0,0,0.0,0.0,0.0,0.0,0,0,0,1,0.0,0.0,0.0,8.0,0,0,0,1,0.0,0.0,0.0,3.0,0,0,0,0,0.0,0.0,0.0,0.0,0,0,0,0,0.0,0.0,0.0,0.0,0,0,0,1,0.0,0.0,0.0,4.0,0,0,0,1,0.0,0.0,0.0,6.0,0,0,0,1,0.0,0.0,0.0,4.0,0,0,0,0,0.0,0.0,0.0,0.0,0,0,0,1,10000.0,0.013239187996469504,0.00013490412503887575,,False,2026-10-16,0.020515206608560516,-0.008395306661912648,0.4575045222663724,0.0,True,next_open_gap_checked
SHAZ,2026-09-16,50.65,55.06,50.65,52.21,52.21,1192367.0,0.0444088817763552,-0.1211917185658979,-0.0799999999999999,-0.0081686930091184,-0.2409130561209653,-0.4319442933304319,0.0720708025976748,0.0509736925756296,0.0816150061534887,0.7797172433185329,0.6117249692763097,0.0132026405281056,0.0870681145113524,5690.0,1.25,-0.9908242530755712,40.768,62253481.07,86380891.60749999,52.21,55.17,,,,,,,,0,,0,0,0,0,0,0,2.0,2.0,1.0,3.0,5,8.0,0,0,0,0,0.0,0.0,0.0,0.0,0,0,0,0,0.0,0.0,0.0,0.0,0,0,0,0,0.0,0.0,0.0,0.0,0,0,0,0,0.0,0.0,0.0,0.0,0,0,0,0,0.0,0.0,0.0,0.0,0,0,0,0,0.0,0.0,0.0,0.0,1,1,1,1,1.0,1.0,3.0,229.0,0,1,1,1,0.0,1.0,1.0,3.0,0,0,1,1,0.0,0.0,1.0,44.0,1,1,1,1,10000.0,0.056694119900402296,0.00011576634385111805,,False,2026-10-16,0.017217282587240076,0.0268179641375684,0.4639426739260193,0.0016325723269793445,True,next_open_gap_checked
SHC,2026-09-16,19.13,19.63,19.105,19.33,19.33,2834510.0,0.0184404636459429,0.0522591181273814,0.0545553737043098,0.0347965738758029,0.0443003781739599,0.2280813214739516,0.01116780340245,0.0149587745221968,0.0179174976214833,1.457349152683893,1.05030263023086,0.0079030558482613,0.0274438055410349,19.85,13.09,-0.0261964735516374,0.4766997708174176,54791078.3,36987779.54649999,19.33,19.64,,,,,,,,0,,0,0,0,0,0,0,33.0,887.0,0.0,1.0,1,8.0,0,0,0,0,0.0,0.0,0.0,0.0,0,0,0,0,0.0,0.0,0.0,0.0,0,0,0,1,0.0,0.0,0.0,5.0,0,0,0,0,0.0,0.0,0.0,0.0,0,0,0,0,0.0,0.0,0.0,0.0,0,0,0,0,0.0,0.0,0.0,0.0,0,0,0,1,0.0,0.0,0.0,2.0,0,0,0,1,0.0,0.0,0.0,2.0,0,0,0,0,0.0,0.0,0.0,0.0,0,0,0,1,10000.0,0.016037247801345078,0.0002703595653107071,,False,2026-10-16,0.029970010983025267,-0.02465291489136744,0.3051529664972439,0.0,True,next_open_gap_checked
SINT,2026-09-16,1.745,1.745,1.67,1.68,1.68,7153.0,-0.0117647058823529,-0.0666666666666667,-0.0769230769230769,0.1275167785234898,0.0370370370370369,-0.1557788944723618,0.0274219446742999,0.0336646873681891,0.0433564160432142,0.2665648058433331,0.0711885913805043,0.0264705882352942,0.0429799426934098,5.14,1.4,-0.6731517509727627,0.1999999999999999,12017.04,43311.68400000005,1.68,1.69,,,,,,,,0,,0,0,0,0,0,0,34.0,1869.0,0.0,1.0,1,8.0,0,0,0,0,0.0,0.0,0.0,0.0,0,0,0,0,0.0,0.0,0.0,0.0,0,0,0,1,0.0,0.0,0.0,14.0,0,0,0,0,0.0,0.0,0.0,0.0,0,0,0,0,0.0,0.0,0.0,0.0,0,0,0,0,0.0,0.0,0.0,0.0,0,0,0,1,0.0,0.0,0.0,9.0,0,0,0,1,0.0,0.0,0.0,6.0,0,0,0,0,0.0,0.0,0.0,0.0,0,0,0,1,10000.0,0.005952380952380931,0.23088458070575107,,False,2026-10-16,0.01092737312136441,-0.005506934967189037,0.39882431145363734,0.0,False,next_open_gap_checked
SKIL,2026-09-16,5.9,6.19,5.755,6.1,6.1,95691.0,0.0535405872193437,0.4120370370370367,-0.0423861852433281,-0.0658499234303217,-0.1994750656167979,-0.1734417344173442,0.2067900559591377,0.1034712451539321,0.0824671145493447,1.072857460788529,0.998872813368409,0.0189982728842832,0.0737288135593221,18.45,3.43,-0.6693766937669376,0.7784256559766762,583715.1,511602.491,6.1,6.05,,,,,,,,0,,0,0,0,0,0,0,6.0,1436.0,1.0,1.0,1,8.0,0,0,0,0,0.0,0.0,0.0,0.0,0,0,0,0,0.0,0.0,0.0,0.0,0,0,0,1,0.0,0.0,0.0,1.0,0,0,0,0,0.0,0.0,0.0,0.0,0,0,0,0,0.0,0.0,0.0,0.0,0,0,0,0,0.0,0.0,0.0,0.0,0,0,0,1,0.0,0.0,0.0,33.0,0,0,0,1,0.0,0.0,0.0,1.0,0,0,0,1,0.0,0.0,0.0,18.0,0,0,0,1,10000.0,-0.008196721311475419,0.01954642554701713,,False,2026-10-16,0.01184191874920979,-0.020575982636877554,0.4226334387874781,0.0,True,next_open_gap_checked
SKIN,2026-09-16,0.66,0.685,0.64,0.675,0.675,463851.0,0.0,-0.0357142857142855,-0.0217391304347824,0.0,0.1250000000000002,0.0046137818127698,0.0187443359560114,0.036287006501214,0.0787236607806444,1.224400101995727,0.1918112282195549,-0.0222222222222222,0.0681818181818182,2.69,0.5506,-0.7490706319702602,0.2259353432618962,313099.42500000005,255460.1290599993,0.675,0.675,,,,,,,,0,,0,0,0,0,0,0,5.0,1134.0,1.0,1.0,1,8.0,0,0,0,0,0.0,0.0,0.0,0.0,0,0,0,0,0.0,0.0,0.0,0.0,0,0,0,1,0.0,0.0,0.0,4.0,0,0,0,0,0.0,0.0,0.0,0.0,0,0,0,0,0.0,0.0,0.0,0.0,0,0,0,0,0.0,0.0,0.0,0.0,0,0,0,1,0.0,0.0,0.0,37.0,0,0,0,1,0.0,0.0,0.0,1.0,0,0,0,1,0.0,0.0,0.0,18.0,0,0,0,1,10000.0,0.0,0.0391450518591546,,False,2026-10-16,0.011142777456725499,-0.004195840921495574,0.4058966967871798,0.0,False,next_open_gap_checked
SLM,2026-09-16,26.08,26.16,24.96,25.28,25.28,2439320.0,-0.0332695984703631,-0.0291858678955452,-0.0310463779225756,-0.0190143577803647,-0.0591737997767026,0.1068301225919439,0.0218366964984255,0.0182274735194012,0.0203117022203437,1.448315916833517,0.9910062642961526,-0.0026768642447418,0.0460122699386502,31.06,17.77,-0.186091435930457,0.4226223972988183,61666009.6,44182029.033,25.28,25.62,,,,,,,,0,,0,0,0,0,0,0,41.0,,0.0,1.0,1,8.0,0,0,0,0,0.0,0.0,0.0,0.0,0,0,0,0,0.0,0.0,0.0,0.0,0,0,0,0,0.0,0.0,0.0,0.0,0,0,0,0,0.0,0.0,0.0,0.0,0,0,0,0,0.0,0.0,0.0,0.0,0,0,0,0,0.0,0.0,0.0,0.0,0,0,0,0,0.0,0.0,0.0,0.0,0,0,0,0,0.0,0.0,0.0,0.0,0,0,0,0,0.0,0.0,0.0,0.0,0,0,0,0,10000.0,0.013449367088607556,0.0002263363684028839,,False,2026-10-16,0.026184963276063362,-0.024012716409663463,0.3360617494433873,0.0,True,next_open_gap_checked
SLN,2026-09-16,12.53,12.775,12.241,12.5,12.5,983260.0,0.0032102728731941,-0.0399385560675883,-0.0774907749077491,-0.151967435549525,-0.1134751773049644,0.6600265604249667,0.0204058069409231,0.0305590719749834,0.0649952295607588,1.3390529230005757,0.8895126060272562,0.0056179775280897,0.0426177174780527,17.576,4.19,-0.2888029130632681,1.9832935560859184,12290750.0,9923932.6265,12.5,12.76,,,,,,,,0,,0,0,0,0,0,0,34.0,34.0,0.0,2.0,3,8.0,0,0,0,0,0.0,0.0,0.0,0.0,0,0,0,0,0.0,0.0,0.0,0.0,0,0,0,0,0.0,0.0,0.0,0.0,0,0,0,0,0.0,0.0,0.0,0.0,0,0,0,0,0.0,0.0,0.0,0.0,0,0,0,0,0.0,0.0,0.0,0.0,0,1,1,1,0.0,1.0,3.0,5.0,0,0,0,1,0.0,0.0,0.0,13.0,0,0,1,1,0.0,0.0,1.0,1.0,0,1,1,1,10000.0,0.02079999999999993,0.0010076650433213218,,False,2026-10-16,0.01872398157038992,-0.014058390695392237,0.4245209488847437,0.0,True,next_open_gap_checked
SNTI,2026-09-16,0.307,0.3324,0.2904,0.3113,0.3113,5668788.0,0.0376666666666667,0.0173202614379086,0.0411371237458195,-0.0844117647058824,-0.2762148337595906,-0.6805869074492099,0.0204799810083412,0.0443796972929061,0.0772987061581455,12.113774586256602,16.1776201124057,0.0233333333333334,0.1368078175895765,2.88,0.29,-0.8919097222222222,0.0734482758620691,1764693.7044000002,155345.11793500002,0.3113,0.3177,,,,,,,,0,,0,0,0,0,0,0,12.0,12.0,1.0,1.0,2,8.0,0,0,0,0,0.0,0.0,0.0,0.0,0,0,0,0,0.0,0.0,0.0,0.0,0,0,0,1,0.0,0.0,0.0,2.0,0,0,0,0,0.0,0.0,0.0,0.0,0,0,0,0,0.0,0.0,0.0,0.0,0,0,0,0,0.0,0.0,0.0,0.0,1,1,1,1,5.0,5.0,5.0,74.0,0,0,0,1,0.0,0.0,0.0,1.0,1,1,1,1,2.0,2.0,2.0,19.0,1,1,1,1,10000.0,0.02055894635399924,0.06437279866229353,,False,2026-10-16,0.008459578415815773,0.012590073498258426,0.4006810271734301,0.0004639822900756861,False,next_open_gap_checked
SOEZ,2026-09-16,16.83,17.1,16.771,17.003,17.0028,3805.0,0.0024171677868176,-0.0386181160239738,-0.0400835544515327,-0.0188690132717829,0.2768849504355661,0.3467722772277228,0.0318239551338054,0.047106022927556,0.0366540767184642,0.174568911135019,0.2682581200076142,-0.0077821011673152,0.0195484254307784,25.33,10.763,-0.328740623766285,0.5797640063179412,64696.415,377959.4546,17.003,17.35,,,,,,,,0,,0,0,0,0,0,0,20.0,,1.0,1.0,2,2.0,0,0,0,0,0.0,0.0,0.0,0.0,0,0,0,0,0.0,0.0,0.0,0.0,0,0,0,0,0.0,0.0,0.0,0.0,0,0,0,0,0.0,0.0,0.0,0.0,0,0,0,0,0.0,0.0,0.0,0.0,0,0,0,0,0.0,0.0,0.0,0.0,0,0,0,0,0.0,0.0,0.0,0.0,0,0,0,0,0.0,0.0,0.0,0.0,0,0,0,0,0.0,0.0,0.0,0.0,0,0,0,0,10000.0,0.020408163265306145,0.026457864403956095,,False,2026-10-16,0.004115181018112375,-0.013575357163301334,0.40529533337668594,0.0,False,next_open_gap_checked
SOJF,2026-09-16,23.55,23.9,23.504,23.65,23.65,77495.0,0.0046728971962617,-0.0311347808275297,-0.0471394037066882,-0.0494372990353697,-0.0436329815196733,-0.0558882235528942,0.0145933605539929,0.0086865098147772,0.0056976782488078,1.5559370356985105,1.3774391132630173,0.0004248088360239,0.0168152866242037,26.35,23.307,-0.1024667931688805,0.0147166087441541,1832756.75,1223412.61025,23.65,23.76,,,,,,,,0,,0,0,0,0,0,0,41.0,897.0,0.0,1.0,1,8.0,0,0,0,0,0.0,0.0,0.0,0.0,0,0,0,0,0.0,0.0,0.0,0.0,0,0,0,0,0.0,0.0,0.0,0.0,0,0,0,0,0.0,0.0,0.0,0.0,0,0,0,0,0.0,0.0,0.0,0.0,0,0,0,0,0.0,0.0,0.0,0.0,0,0,0,1,0.0,0.0,0.0,1.0,0,0,0,1,0.0,0.0,0.0,1.0,0,0,0,0,0.0,0.0,0.0,0.0,0,0,0,1,10000.0,0.0046511627906977715,0.008173857222181596,,False,2026-10-16,0.010676570197063086,-0.02401680007747237,0.2454057550767166,0.0,True,next_open_gap_checked
SONY,2026-09-16,24.0,24.05,23.66,23.73,23.73,3011318.0,-0.0079431438127091,-0.007112970711297,0.012372013651877,-0.0435308343409914,0.0128040973111396,0.2162993336750382,0.0185469893070496,0.0169156056632671,0.0190415399085926,0.7861354551614974,0.6388467164110441,0.0033444816053511,0.01625,30.34,19.32,-0.2178642056690837,0.2282608695652173,71458576.14,92531172.37,23.73,24.155,,,,,,,,0,,0,0,0,0,0,0,,,0.0,0.0,0,0.0,0,0,0,0,0.0,0.0,0.0,0.0,0,0,0,0,0.0,0.0,0.0,0.0,0,0,0,0,0.0,0.0,0.0,0.0,0,0,0,0,0.0,0.0,0.0,0.0,0,0,0,0,0.0,0.0,0.0,0.0,0,0,0,0,0.0,0.0,0.0,0.0,0,0,0,0,0.0,0.0,0.0,0.0,0,0,0,0,0.0,0.0,0.0,0.0,0,0,0,0,0.0,0.0,0.0,0.0,0,0,0,0,10000.0,0.0179098187947746,0.00010807168810110256,,False,2026-10-16,0.004115181018112375,-0.023768526219580283,0.3657988576780465,0.0,True,next_open_gap_checked
SPCE,2026-09-16,3.01,3.04,2.86,2.93,2.93,6851787.0,-0.0361842105263157,0.0034246575342467,-0.010135135135135,0.0068728522336769,-0.0815047021943573,-0.0815047021943573,0.0264940707783342,0.0255030725574276,0.0461722012272692,1.349976800246676,0.7133948565057824,-0.0098684210526316,0.0598006644518273,8.9,2.13,-0.6707865168539326,0.375586854460094,20075735.91,15232394.62,2.93,2.975,,,,,,,,0,,0,0,0,0,0,0,29.0,270.9583333333333,1.0,1.0,1,8.0,0,0,0,0,0.0,0.0,0.0,0.0,0,0,0,0,0.0,0.0,0.0,0.0,0,0,0,1,0.0,0.0,0.0,1.0,0,0,0,0,0.0,0.0,0.0,0.0,0,0,0,0,0.0,0.0,0.0,0.0,0,0,0,0,0.0,0.0,0.0,0.0,0,0,0,1,0.0,0.0,0.0,7.0,0,0,0,1,0.0,0.0,0.0,6.0,0,0,0,1,0.0,0.0,0.0,10.0,0,0,0,1,10000.0,0.015358361774743923,0.0006564955970133605,,False,2026-10-16,0.015740186596359996,-0.016615152798696384,0.43104135820589823,0.0,True,next_open_gap_checked
SPKL,2026-09-16,11.59,11.59,11.585,11.585,11.585,986.0,0.0004317789291883,0.0004317789291883,-0.0012931034482757,0.0021626297577854,0.0030303030303029,-0.0812846946867564,0.0008403937010397,0.0009112677539986,0.0124948287075528,0.0503572504736952,0.0278378777712004,0.0008635578583764,0.0004314063848144,13.93,10.9,-0.1683417085427134,0.0628440366972478,11422.81,226534.7505,11.585,11.59,,,,,,,,0,,0,0,0,0,0,0,15.0,15.0,1.0,1.0,2,8.0,0,0,0,0,0.0,0.0,0.0,0.0,0,0,0,0,0.0,0.0,0.0,0.0,0,0,0,0,0.0,0.0,0.0,0.0,0,0,0,0,0.0,0.0,0.0,0.0,0,0,0,0,0.0,0.0,0.0,0.0,0,0,0,0,0.0,0.0,0.0,0.0,1,1,1,1,279.0,279.0,282.0,516.0,1,1,1,1,1.0,1.0,1.0,8.0,1,1,1,1,39.0,39.0,41.0,90.0,1,1,1,1,10000.0,0.0004315925766076312,0.04414333773484347,,False,2026-10-16,0.014176640151879855,-0.008216009881185673,0.13602349558101645,0.0,False,next_open_gap_checked
SQM,2026-09-16,69.97,70.52,67.85,68.68,68.68,890208.0,-0.0088035791600519,-0.01717229536348,-0.0898489265836203,-0.1469382685380698,-0.0777494293003893,-0.1267641449459631,0.0176886484508166,0.0250732423835273,0.0243530023060719,0.8814583360459899,0.9352943472443256,0.0098138259489102,0.0381592110904673,98.0,40.58,-0.2991836734693877,0.692459339576146,61139485.440000005,77447322.238,68.68,70.57,,,,,,,,0,,0,0,0,0,0,0,,,0.0,0.0,0,0.0,0,0,0,0,0.0,0.0,0.0,0.0,0,0,0,0,0.0,0.0,0.0,0.0,0,0,0,0,0.0,0.0,0.0,0.0,0,0,0,0,0.0,0.0,0.0,0.0,0,0,0,0,0.0,0.0,0.0,0.0,0,0,0,0,0.0,0.0,0.0,0.0,0,0,0,0,0.0,0.0,0.0,0.0,0,0,0,0,0.0,0.0,0.0,0.0,0,0,0,0,0.0,0.0,0.0,0.0,0,0,0,0,10000.0,0.02751892836342429,0.0001291200226299553,,False,2026-10-16,0.004115181018112375,-0.017854468110345346,0.43573146197079243,0.0,True,next_open_gap_checked
SSL,2026-09-16,14.62,14.69,14.18,14.29,14.29,2289895.0,-0.0542686962276638,-0.0205620287868403,-0.0198902606310014,0.1477911646586345,0.2059071729957806,0.2657218777679362,0.0343888434645393,0.0385941800075932,0.0317654807858447,1.29131833660534,1.601323943037526,-0.0324288550628723,0.0348837209302325,15.179,5.24,-0.0585677580868305,1.7270992366412212,32722599.549999997,23499254.088,14.29,13.77,,,,,,,,0,,0,0,0,0,0,0,,,0.0,0.0,0,0.0,0,0,0,0,0.0,0.0,0.0,0.0,0,0,0,0,0.0,0.0,0.0,0.0,0,0,0,0,0.0,0.0,0.0,0.0,0,0,0,0,0.0,0.0,0.0,0.0,0,0,0,0,0.0,0.0,0.0,0.0,0,0,0,0,0.0,0.0,0.0,0.0,0,0,0,0,0.0,0.0,0.0,0.0,0,0,0,0,0.0,0.0,0.0,0.0,0,0,0,0,0.0,0.0,0.0,0.0,0,0,0,0,10000.0,-0.03638908327501744,0.00042554542210369753,,False,2026-10-16,0.004115181018112375,-0.013591508418501118,0.4369234794704792,0.0,True,next_open_gap_checked
STEP,2026-09-16,49.76,50.0,46.33,48.29,48.29,1202848.0,-0.0226674762193886,-0.0128781684382666,-0.0330396475770924,-0.0279790660225442,-0.0039191419141914,0.0622525296964364,0.0340593274998033,0.0247531985974241,0.0331940433660678,1.2210172866836313,0.8927287149388072,0.0070835863185589,0.0737540192926045,77.795,38.85,-0.3792660196670737,0.2429858429858429,58085529.92,49340541.3185,48.29,49.42,,,,,,,,0,,0,0,0,0,0,0,7.0,7.0,1.0,1.0,1,8.0,0,0,0,0,0.0,0.0,0.0,0.0,0,0,0,0,0.0,0.0,0.0,0.0,0,0,0,1,0.0,0.0,0.0,1.0,0,0,0,0,0.0,0.0,0.0,0.0,0,0,0,0,0.0,0.0,0.0,0.0,0,0,0,0,0.0,0.0,0.0,0.0,0,0,0,1,0.0,0.0,0.0,3.0,1,1,1,1,2.0,2.0,2.0,5.0,0,0,0,1,0.0,0.0,0.0,1.0,1,1,1,1,10000.0,0.02340028991509624,0.00020267309058181226,,False,2026-10-16,0.02711225558327475,-0.002161790755195843,0.4850723017741243,0.0,True,next_open_gap_checked
STI,2026-09-16,6.7,6.835,6.55,6.55,6.55,41333.0,-0.0120663650075414,-0.0940525587828493,-0.0800561797752809,-0.1449086161879895,-0.1112618724559023,-0.5679419525065963,0.0281741527086721,0.030192905568309,0.0599640087641664,0.7879000451775363,0.2261978847955761,0.0105580693815987,0.0425373134328358,46.0,2.94,-0.8576086956521739,1.2278911564625852,270731.14999999997,384222.481,6.55,6.64,,,,,,,,0,,0,0,0,0,0,0,13.0,912.0,1.0,1.0,1,8.0,0,0,0,0,0.0,0.0,0.0,0.0,0,0,0,0,0.0,0.0,0.0,0.0,0,0,0,1,0.0,0.0,0.0,3.0,0,0,0,0,0.0,0.0,0.0,0.0,0,0,0,0,0.0,0.0,0.0,0.0,0,0,0,0,0.0,0.0,0.0,0.0,0,0,0,1,0.0,0.0,0.0,129.0,0,0,0,1,0.0,0.0,0.0,2.0,0,0,0,1,0.0,0.0,0.0,52.0,0,0,0,1,10000.0,0.013740458015267132,0.02602658744478827,,False,2026-10-16,0.01730556119289286,-0.03977524211246735,0.4283229174896016,0.0,False,next_open_gap_checked
STK,2026-09-16,52.61,52.61,51.265,51.58,51.58,61735.0,-0.0050154320987655,-0.0013552758954501,-0.0109300095877277,-0.0052073288331726,-0.0120666538977207,-0.0516639088067659,0.0124235656960134,0.0099028784781681,0.0181471436691777,1.3154011776500056,1.0626627014887775,0.0148533950617282,0.0255654818475574,58.46,32.5,-0.1176873075607253,0.587076923076923,3184291.3,2432252.532,51.58,52.6,,,,,,,,0,,0,0,0,0,0,0,40.0,2353.0,0.0,1.0,1,8.0,0,0,0,0,0.0,0.0,0.0,0.0,0,0,0,0,0.0,0.0,0.0,0.0,0,0,0,0,0.0,0.0,0.0,0.0,0,0,0,0,0.0,0.0,0.0,0.0,0,0,0,0,0.0,0.0,0.0,0.0,0,0,0,0,0.0,0.0,0.0,0.0,0,0,0,0,0.0,0.0,0.0,0.0,0,0,0,1,0.0,0.0,0.0,1.0,0,0,0,0,0.0,0.0,0.0,0.0,0,0,0,1,10000.0,0.01977510663047699,0.004111415187541061,,False,2026-10-16,0.015095706506904151,-0.02465291489136744,0.32301163445400344,0.0,True,next_open_gap_checked
STKS,2026-09-16,1.59,1.59,1.5,1.53,1.53,17992.0,-0.0377358490566037,-0.0377358490566037,-0.0555555555555555,-0.0727272727272726,-0.0946745562130176,-0.15,0.025637232077054,0.0150920155576937,0.0270948979254715,0.7997901839890824,0.8803805587519787,0.0,0.0566037735849057,3.38,1.5,-0.5473372781065089,0.02,27527.76,36349.2605,1.53,1.55,,,,,,,,0,,0,0,0,0,0,0,41.0,1371.9583333333333,0.0,1.0,1,8.0,0,0,0,0,0.0,0.0,0.0,0.0,0,0,0,0,0.0,0.0,0.0,0.0,0,0,0,1,0.0,0.0,0.0,1.0,0,0,0,0,0.0,0.0,0.0,0.0,0,0,0,0,0.0,0.0,0.0,0.0,0,0,0,0,0.0,0.0,0.0,0.0,0,0,0,1,0.0,0.0,0.0,5.0,0,0,0,0,0.0,0.0,0.0,0.0,0,0,0,0,0.0,0.0,0.0,0.0,0,0,0,1,10000.0,0.013071895424836555,0.2751087604657047,,False,2026-10-16,0.01590733831061542,-0.010551814549037765,0.425670413945309,0.0,False,next_open_gap_checked
SXTP,2026-09-16,0.919,0.96685,0.86,0.924,0.924,125752.0,0.0916824196597354,0.0266666666666666,-0.0172303765156349,-0.0941176470588235,-0.175,-0.4532544378698224,0.0567990002683525,0.0427858828747007,0.0445121940301261,2.039622379856799,1.4575446876673397,0.0857750472589791,0.1162676822633297,8.62,0.83995,-0.8928074245939674,0.1000654800881006,116194.848,60211.32693,0.924,0.96,,,,,,,,0,,0,0,0,0,0,0,1.0,1156.0,1.0,1.0,2,8.0,0,0,0,0,0.0,0.0,0.0,0.0,0,0,0,0,0.0,0.0,0.0,0.0,0,0,0,0,0.0,0.0,0.0,0.0,0,0,0,0,0.0,0.0,0.0,0.0,0,0,0,0,0.0,0.0,0.0,0.0,0,0,0,0,0.0,0.0,0.0,0.0,0,0,0,1,0.0,0.0,0.0,1.0,0,0,0,0,0.0,0.0,0.0,0.0,0,0,1,1,0.0,0.0,1.0,34.0,0,0,0,1,10000.0,0.03896103896103886,0.16608170770967595,,False,2026-10-16,0.011778258068283531,-0.0010060024334652578,0.4430810360601827,0.0,False,next_open_gap_checked
TCBK,2026-09-16,53.86,54.02,52.5,53.43,53.43,241650.0,-0.0072463768115942,-0.0018681113394358,-0.0020545386626821,0.013851992409867,-0.0576719576719577,0.036368926389293,0.0044687947333161,0.0088119859953461,0.0194502661285287,1.05338249554225,0.676200003162036,0.0007432181345223,0.0282213145191237,61.71,40.44,-0.1341759844433641,0.3212166172106825,12911359.5,12394995.63,53.43,53.93,,,,,,,,0,,0,0,0,0,0,0,0.0,0.0,1.0,1.0,1,8.0,0,0,0,0,0.0,0.0,0.0,0.0,1,1,1,1,1.0,1.0,1.0,1.0,1,1,1,1,2.0,2.0,2.0,2.0,0,0,0,0,0.0,0.0,0.0,0.0,0,0,0,0,0.0,0.0,0.0,0.0,0,0,0,0,0.0,0.0,0.0,0.0,1,1,1,1,182.0,182.0,182.0,186.0,1,1,1,1,9.0,9.0,9.0,10.0,0,0,0,0,0.0,0.0,0.0,0.0,1,1,1,1,10000.0,0.009358038555118853,0.0008067772106185083,,False,2026-10-16,0.031074638391572262,-0.024012716409663463,0.2729125719052605,0.0,True,next_open_gap_checked
TCPC,2026-09-16,3.8,3.885,3.75,3.85,3.85,1369632.0,-0.0399002493765585,-0.054054054054054,-0.0446650124069479,-0.0563725490196078,-0.0563725490196078,0.1666666666666667,0.0197659747878446,0.0136113260479686,0.02679068358226,1.9476209426074576,1.797428487963486,-0.0523690773067331,0.0355263157894736,6.79,3.08,-0.4329896907216495,0.25,5273083.2,2852221.5615,3.85,3.84,,,,,,,,0,,0,0,0,0,0,0,12.0,921.9583333333334,1.0,1.0,1,8.0,0,0,0,0,0.0,0.0,0.0,0.0,0,0,0,1,0.0,0.0,0.0,1.0,0,0,0,0,0.0,0.0,0.0,0.0,0,0,0,0,0.0,0.0,0.0,0.0,0,0,0,0,0.0,0.0,0.0,0.0,0,0,0,0,0.0,0.0,0.0,0.0,0,0,0,1,0.0,0.0,0.0,19.0,0,0,0,1,0.0,0.0,0.0,1.0,0,0,0,0,0.0,0.0,0.0,0.0,0,0,0,1,10000.0,-0.0025974025974027093,0.003506038989040158,,False,2026-10-16,0.02380048019573668,-0.01309828799386832,0.4187757623375657,0.0,True,next_open_gap_checked
TEN,2026-09-16,50.9,52.9,50.9,52.31,52.31,653802.0,0.0234787712776365,0.0920668058455116,0.1802797833935019,0.2216254086875293,0.2445871996193196,0.3169687814702921,0.0232382076727032,0.0239721677901165,0.0245369580133754,1.7702063646007464,2.334189065165732,-0.0041087849735863,0.0392927308447937,52.9,20.5,-0.0111531190926275,1.5517073170731708,34200382.620000005,17007630.7185,52.31,52.16,,,,,,,,0,,0,0,0,0,0,0,,,0.0,0.0,0,0.0,0,0,0,0,0.0,0.0,0.0,0.0,0,0,0,0,0.0,0.0,0.0,0.0,0,0,0,0,0.0,0.0,0.0,0.0,0,0,0,0,0.0,0.0,0.0,0.0,0,0,0,0,0.0,0.0,0.0,0.0,0,0,0,0,0.0,0.0,0.0,0.0,0,0,0,0,0.0,0.0,0.0,0.0,0,0,0,0,0.0,0.0,0.0,0.0,0,0,0,0,0.0,0.0,0.0,0.0,0,0,0,0,10000.0,-0.002867520550564051,0.000587971373879992,,False,2026-10-16,0.004115181018112375,-0.018172645932489597,0.41374113562162534,0.0,True,next_open_gap_checked
TEX,2026-09-16,58.69,60.005,57.97,58.82,58.82,928968.0,0.0078821110349553,-0.0328839197632357,-0.0497576736672051,-0.0079271377972676,-0.087071240105541,-0.1467943138961415,0.0253213761350397,0.0243967142226816,0.027465327957474,0.9864681429368306,0.7255604620440703,0.0056545579163811,0.0346737093201568,74.69,41.7,-0.2124782434060784,0.4105515587529975,54641897.76,58728990.077999994,58.82,60.55,,,,,,,,0,,0,0,0,0,0,0,43.0,2598.0,0.0,1.0,1,8.0,0,0,0,0,0.0,0.0,0.0,0.0,0,0,0,0,0.0,0.0,0.0,0.0,0,0,0,0,0.0,0.0,0.0,0.0,0,0,0,0,0.0,0.0,0.0,0.0,0,0,0,0,0.0,0.0,0.0,0.0,0,0,0,0,0.0,0.0,0.0,0.0,0,0,0,1,0.0,0.0,0.0,1.0,0,0,0,0,0.0,0.0,0.0,0.0,0,0,0,0,0.0,0.0,0.0,0.0,0,0,0,1,10000.0,0.02941176470588225,0.00017027365848993242,,False,2026-10-16,0.014583245398260693,-0.016560249885306494,0.39499199396847956,0.0,True,next_open_gap_checked
TIMB,2026-09-16,18.95,19.17,18.93,19.06,19.06,225617.0,0.0015764582238568,0.0089994706193752,0.0052742616033754,0.0507166482910692,0.103009259259259,-0.1097617935544138,0.0115111721439101,0.0146332434676842,0.0184971273220413,0.4104925339108421,0.4398248695789764,-0.0042038885969523,0.0126649076517151,28.22,17.14,-0.3245924875974486,0.1120186697782963,4300260.02,10071674.1025,19.06,19.08,,,,,,,,0,,0,0,0,0,0,0,,,0.0,0.0,0,0.0,0,0,0,0,0.0,0.0,0.0,0.0,0,0,0,0,0.0,0.0,0.0,0.0,0,0,0,0,0.0,0.0,0.0,0.0,0,0,0,0,0.0,0.0,0.0,0.0,0,0,0,0,0.0,0.0,0.0,0.0,0,0,0,0,0.0,0.0,0.0,0.0,0,0,0,0,0.0,0.0,0.0,0.0,0,0,0,0,0.0,0.0,0.0,0.0,0,0,0,0,0.0,0.0,0.0,0.0,0,0,0,0,10000.0,0.0010493179433368471,0.0009928835959374213,,False,2026-10-16,0.004115181018112375,-0.023768526219580283,0.33717546653318264,0.0,True,next_open_gap_checked
TLF,2026-09-16,2.62,2.664,2.58,2.65,2.65,19689.0,0.0114503816793891,0.0114503816793891,0.0,0.0,0.0331384015594542,0.1228813559322035,0.0117639683970055,0.0114187516549616,0.0134472021568175,0.7863945632572528,0.8107490441610956,0.0,0.0320610687022901,3.36,2.2,-0.2113095238095238,0.2045454545454543,52175.85,65260.88474999999,2.65,2.65,,,,,,,,0,,0,0,0,0,0,0,35.0,592.9583333333334,0.0,1.0,1,8.0,0,0,0,0,0.0,0.0,0.0,0.0,0,0,0,0,0.0,0.0,0.0,0.0,0,0,0,0,0.0,0.0,0.0,0.0,0,0,0,0,0.0,0.0,0.0,0.0,0,0,0,0,0.0,0.0,0.0,0.0,0,0,0,0,0.0,0.0,0.0,0.0,0,0,0,1,0.0,0.0,0.0,3.0,0,0,0,0,0.0,0.0,0.0,0.0,0,0,0,0,0.0,0.0,0.0,0.0,0,0,0,1,10000.0,0.0,0.15323114356030856,,False,2026-10-16,0.022642931227584127,-0.024025505613562027,0.2845168956710246,0.0,False,next_open_gap_checked
TLIH,2026-09-16,5.8,5.9,5.75,5.9,5.9,1776.0,0.0181190681622089,0.0260869565217392,0.034906156814594,0.0078578749572941,0.0269799825935597,0.2688172043010752,0.0109696981285679,0.0105701591893119,0.0242056105605885,0.6886790623727631,0.3682037283391786,0.000862812769629,0.0258620689655173,8.5,2.2,-0.3058823529411764,1.6818181818181817,10478.4,14921.23185,5.9,5.35,,,,,,,,0,,0,0,0,0,0,0,,,0.0,0.0,0,0.0,0,0,0,0,0.0,0.0,0.0,0.0,0,0,0,0,0.0,0.0,0.0,0.0,0,0,0,0,0.0,0.0,0.0,0.0,0,0,0,0,0.0,0.0,0.0,0.0,0,0,0,0,0.0,0.0,0.0,0.0,0,0,0,0,0.0,0.0,0.0,0.0,0,0,0,0,0.0,0.0,0.0,0.0,0,0,0,0,0.0,0.0,0.0,0.0,0,0,0,0,0.0,0.0,0.0,0.0,0,0,0,0,10000.0,-0.09322033898305093,0.6701859538493801,,False,2026-10-16,0.004115181018112375,-0.02383384535168723,0.4092769612457912,0.0,False,next_open_gap_checked
TLRY,2026-09-16,4.01,4.02,3.87,3.93,3.93,3732526.0,-0.0150375939849624,-0.0223880597014923,-0.0665083135391924,-0.1266666666666666,-0.1208053691275167,-0.1437908496732025,0.0257289990641136,0.0315492446268101,0.0307243176165098,1.0267810838064435,0.9264959706021464,0.0050125313283206,0.0374064837905235,23.2,3.67,-0.8306034482758621,0.0708446866485015,14668827.18,16202145.3195,3.93,4.01,,,,,,,,0,,0,0,0,0,0,0,1.0,1203.0,1.0,1.0,1,8.0,0,0,0,0,0.0,0.0,0.0,0.0,0,0,0,0,0.0,0.0,0.0,0.0,0,0,0,1,0.0,0.0,0.0,1.0,0,0,0,0,0.0,0.0,0.0,0.0,0,0,0,0,0.0,0.0,0.0,0.0,0,0,0,0,0.0,0.0,0.0,0.0,0,0,0,1,0.0,0.0,0.0,9.0,0,0,0,1,0.0,0.0,0.0,2.0,0,0,0,0,0.0,0.0,0.0,0.0,0,0,0,1,10000.0,0.020356234096692072,0.0006172022162993784,,False,2026-10-16,0.014753244152272416,-0.010005355499838543,0.42033832277651284,0.0,True,next_open_gap_checked
TLS,2026-09-16,4.23,4.23,4.04,4.08,4.08,642412.0,-0.0354609929078014,0.0329113924050632,-0.1149674620390456,-0.135593220338983,-0.0727272727272727,-0.0489510489510489,0.0883927764610128,0.0485155094800731,0.0425406132197624,0.9958989696110764,1.0987555053267295,0.0,0.0449172576832152,8.36,3.785,-0.5119617224880382,0.0779392338177014,2621040.96,2907880.8605,4.08,4.15,,,,,,,,0,,0,0,0,0,0,0,37.0,2129.9583333333335,0.0,1.0,1,8.0,0,0,0,0,0.0,0.0,0.0,0.0,0,0,0,0,0.0,0.0,0.0,0.0,0,0,0,0,0.0,0.0,0.0,0.0,0,0,0,0,0.0,0.0,0.0,0.0,0,0,0,0,0.0,0.0,0.0,0.0,0,0,0,0,0.0,0.0,0.0,0.0,0,0,0,1,0.0,0.0,0.0,1.0,0,0,0,0,0.0,0.0,0.0,0.0,0,0,0,0,0.0,0.0,0.0,0.0,0,0,0,1,10000.0,0.0171568627450982,0.003438930437569762,,False,2026-10-16,0.013546814412007661,-0.0024869654741187888,0.4521298921289169,0.0,True,next_open_gap_checked
TMDX,2026-09-16,88.17,88.28,86.29,87.56,87.56,464167.0,-0.0060165739584515,0.0654660501338524,0.0134259259259259,0.0646887159533073,-0.0345131767559818,0.1595815123824657,0.031810449245183,0.0292503803748277,0.0327976595029494,0.6771311929195226,0.5143142509894586,0.000908162106936,0.0225700351593511,156.0,60.105,-0.4387179487179486,0.4567839614008819,40642462.52,60230027.815500006,87.56,88.0,,,,,,,,0,,0,0,0,0,0,0,5.0,5.0,1.0,1.0,1,8.0,0,0,0,0,0.0,0.0,0.0,0.0,0,0,0,0,0.0,0.0,0.0,0.0,1,1,1,1,1.0,1.0,1.0,1.0,0,0,0,0,0.0,0.0,0.0,0.0,0,0,0,0,0.0,0.0,0.0,0.0,0,0,0,0,0.0,0.0,0.0,0.0,0,0,0,1,0.0,0.0,0.0,2.0,0,0,0,1,0.0,0.0,0.0,1.0,0,0,0,0,0.0,0.0,0.0,0.0,1,1,1,1,10000.0,0.005025125628140614,0.0001660301408233209,,False,2026-10-16,0.015215168024047597,-0.029846996881367924,0.39708210854501125,0.0,True,next_open_gap_checked
TNC,2026-09-16,69.1,69.66,66.81,67.97,67.97,164767.0,-0.0094724570096182,-0.0112016293279021,-0.0446943078004217,-0.0180583646344987,0.025807425294295,-0.2460343871325568,0.0123478052202099,0.0159445933585178,0.0259170372872453,0.852288656807519,0.8198192520304708,0.0069950451763332,0.041244573082489,91.93,60.175,-0.2606330903948657,0.1295388450353136,11199212.99,13458450.444,67.97,68.99,,,,,,,,0,,0,0,0,0,0,0,41.0,546.0,0.0,1.0,1,8.0,0,0,0,0,0.0,0.0,0.0,0.0,0,0,0,1,0.0,0.0,0.0,1.0,0,0,0,1,0.0,0.0,0.0,2.0,0,0,0,0,0.0,0.0,0.0,0.0,0,0,0,0,0.0,0.0,0.0,0.0,0,0,0,0,0.0,0.0,0.0,0.0,0,0,0,1,0.0,0.0,0.0,16.0,0,0,0,1,0.0,0.0,0.0,2.0,0,0,0,0,0.0,0.0,0.0,0.0,0,0,0,1,10000.0,0.015006620567897588,0.0007430275901085006,,False,2026-10-16,0.015913817524903773,-0.018416836122572777,0.40013466907368866,0.0,True,next_open_gap_checked
TORO,2026-09-16,6.32,6.357,5.9,6.2,6.2,34288.0,-0.0342679127725856,-0.0718562874251496,-0.0342679127725856,0.0147299509001637,0.1111111111111111,0.2133072407045009,0.0364408279249489,0.0256978178435228,0.0203611768010066,1.0873946515075834,1.1437981718399302,-0.0155763239875388,0.0723101265822784,8.5,2.95,-0.2705882352941176,1.101694915254237,212585.6,200006.41775,6.2,6.18,,,,,,,,0,,0,0,0,0,0,0,433.0,433.0,0.0,0.0,0,1.0,0,0,0,0,0.0,0.0,0.0,0.0,0,0,0,0,0.0,0.0,0.0,0.0,0,0,0,0,0.0,0.0,0.0,0.0,0,0,0,0,0.0,0.0,0.0,0.0,0,0,0,0,0.0,0.0,0.0,0.0,0,0,0,0,0.0,0.0,0.0,0.0,0,0,0,1,0.0,0.0,0.0,3.0,0,0,0,0,0.0,0.0,0.0,0.0,0,0,0,0,0.0,0.0,0.0,0.0,0,0,0,1,10000.0,-0.003225806451612967,0.04999839561398274,,False,2026-10-16,0.004115181018112375,-0.023856109395988315,0.37394803504156254,0.0,False,next_open_gap_checked
TPET,2026-09-16,1.92,1.95,1.78,1.84,1.84,697757.0,-0.065989847715736,-0.0212765957446807,0.0165745856353591,-0.0366492146596857,-0.1961555264307558,-0.3185185185185185,0.0770048098084504,0.0620736229809225,0.0518346615916376,0.4788744370879744,0.9900368973933594,-0.0253807106598985,0.0885416666666666,22.5,1.68,-0.9182222222222224,0.0952380952380953,1283872.88,2891117.0616500056,1.84,1.8,,,,,,,,0,,0,0,0,0,0,0,28.0,314.9583333333333,1.0,1.0,2,8.0,0,0,0,0,0.0,0.0,0.0,0.0,0,0,0,0,0.0,0.0,0.0,0.0,0,0,0,0,0.0,0.0,0.0,0.0,0,0,0,0,0.0,0.0,0.0,0.0,0,0,0,0,0.0,0.0,0.0,0.0,0,0,0,0,0.0,0.0,0.0,0.0,0,0,0,1,0.0,0.0,0.0,19.0,0,0,0,0,0.0,0.0,0.0,0.0,0,0,0,1,0.0,0.0,0.0,30.0,0,0,0,1,10000.0,-0.021739130434782594,0.003458870667205998,,False,2026-10-16,0.009324871142663888,-0.009219549171222658,0.4168208794310628,0.0,True,next_open_gap_checked
TRAK,2026-09-16,8.15,8.32,8.06,8.24,8.24,64742.99999999999,0.0048780487804878,0.03,0.0470139771283355,0.0390920554854981,0.0147783251231528,-0.0803571428571429,0.0191178768875908,0.0193239059322568,0.0249207970137414,0.6797147514048518,0.8691264971958969,-0.0060975609756096,0.0319018404907975,18.05,6.94,-0.5434903047091413,0.1873198847262247,533482.32,765571.4605,8.24,8.34,,,,,,,,0,,0,0,0,0,0,0,28.0,28.0,1.0,1.0,1,8.0,0,0,0,0,0.0,0.0,0.0,0.0,0,0,0,0,0.0,0.0,0.0,0.0,1,1,1,1,1.0,1.0,1.0,1.0,0,0,0,0,0.0,0.0,0.0,0.0,0,0,0,0,0.0,0.0,0.0,0.0,0,0,0,0,0.0,0.0,0.0,0.0,1,1,1,1,1.0,1.0,1.0,2.0,0,0,0,0,0.0,0.0,0.0,0.0,0,0,0,0,0.0,0.0,0.0,0.0,1,1,1,1,10000.0,0.012135922330096971,0.013062137913904119,,False,2026-10-16,0.017853624306304775,-0.035034632731098796,0.3766224405243891,0.0,True,next_open_gap_checked
TRLV,2026-09-16,11.55,11.97,11.23,11.55,11.55,1662214.0,-0.004310344827586,0.0212201591511935,-0.0186915887850466,-0.0161839863713798,0.191950464396285,0.2664473684210529,0.0233045731932412,0.0335803983242344,0.0358579600259659,1.0269976958856335,1.3627509355203915,-0.004310344827586,0.064069264069264,13.28,4.616,-0.1302710843373493,1.5021663778162917,19198571.700000003,18609111.366,11.55,11.51,,,,,,,,0,,0,0,0,0,0,0,35.0,35.0,0.0,1.0,2,8.0,0,0,0,0,0.0,0.0,0.0,0.0,0,0,0,0,0.0,0.0,0.0,0.0,0,0,0,1,0.0,0.0,0.0,1.0,0,0,0,0,0.0,0.0,0.0,0.0,0,0,0,0,0.0,0.0,0.0,0.0,0,0,0,0,0.0,0.0,0.0,0.0,0,1,1,1,0.0,1.0,1.0,2.0,0,0,1,1,0.0,0.0,1.0,8.0,0,0,0,1,0.0,0.0,0.0,3.0,0,1,1,1,10000.0,-0.0034632034632035014,0.0005373711728261576,,False,2026-10-16,0.023920963149071366,-0.008100488707277767,0.42258221371050414,0.0,True,next_open_gap_checked
TRP,2026-09-16,60.96,61.985,60.87,61.21,61.21,2667570.0,0.0019643149451629,0.0054204993429698,-0.0351513240857502,-0.0305669939816281,-0.0438925335832551,-0.1055092795557505,0.0126397231772173,0.0122202375074243,0.0130909004049725,1.513138991258257,1.3923478223773034,-0.0021280078572598,0.0182906824146981,71.47,49.27,-0.1435567370924863,0.2423381367972397,163281959.7,109438076.2395,61.21,61.82,,,,,,,,0,,0,0,0,0,0,0,,,0.0,0.0,0,0.0,0,0,0,0,0.0,0.0,0.0,0.0,0,0,0,0,0.0,0.0,0.0,0.0,0,0,0,0,0.0,0.0,0.0,0.0,0,0,0,0,0.0,0.0,0.0,0.0,0,0,0,0,0.0,0.0,0.0,0.0,0,0,0,0,0.0,0.0,0.0,0.0,0,0,0,0,0.0,0.0,0.0,0.0,0,0,0,0,0.0,0.0,0.0,0.0,0,0,0,0,0.0,0.0,0.0,0.0,0,0,0,0,10000.0,0.009965691880411631,9.137587523117162e-05,,False,2026-10-16,0.004115181018112375,-0.024186119934450634,0.34558662384829325,0.0,True,next_open_gap_checked
TRT,2026-09-16,10.11,10.6,9.89,10.09,10.09,127521.0,-0.0156097560975609,-0.0009900990099009,-0.0507996237064911,0.0233265720081137,-0.1248915871639201,-0.3041379310344827,0.0353275753123662,0.0329711993905866,0.050791998961268,0.9001006887989094,0.4156479310579171,-0.0136585365853658,0.0702274975272007,21.38,2.565,-0.5280636108512629,2.9337231968810915,1286686.89,1477037.459,10.09,10.57,,,,,,,,0,,0,0,0,0,0,0,28.0,329.0,1.0,1.0,1,8.0,0,0,0,0,0.0,0.0,0.0,0.0,0,0,0,0,0.0,0.0,0.0,0.0,0,0,0,0,0.0,0.0,0.0,0.0,0,0,0,0,0.0,0.0,0.0,0.0,0,0,0,0,0.0,0.0,0.0,0.0,0,0,0,0,0.0,0.0,0.0,0.0,0,0,0,0,0.0,0.0,0.0,0.0,0,0,0,1,0.0,0.0,0.0,15.0,0,0,0,0,0.0,0.0,0.0,0.0,0,0,0,1,10000.0,0.04757185332011904,0.006770308998642668,,False,2026-10-16,0.009823774105697222,-0.016674104562491122,0.43318681204270915,0.0,True,next_open_gap_checked
TTC,2026-09-16,93.6,93.82,91.61,92.32,92.32,1076544.0,-0.0083780880773361,-0.004314063848145,-0.0256464379947229,-0.0575745202123315,-0.0420255266161669,0.0014101312506777,0.0113954604672205,0.0184553508340163,0.0176551193282131,1.1949208670608578,1.5706702319918129,0.0053705692803436,0.023611111111111,105.185,67.64,-0.1223083139230879,0.3648728562980483,99386542.08,86287451.6025,92.32,92.4,,,,,,,,0,,0,0,0,0,0,0,13.0,2769.9583333333335,1.0,1.0,1,8.0,0,0,0,0,0.0,0.0,0.0,0.0,0,0,0,0,0.0,0.0,0.0,0.0,0,0,0,0,0.0,0.0,0.0,0.0,0,0,0,0,0.0,0.0,0.0,0.0,0,0,0,0,0.0,0.0,0.0,0.0,0,0,0,0,0.0,0.0,0.0,0.0,0,0,0,1,0.0,0.0,0.0,48.0,0,0,0,1,0.0,0.0,0.0,1.0,0,0,0,1,0.0,0.0,0.0,1.0,0,0,0,1,10000.0,0.0008665511265166792,0.0001158917063174719,,False,2026-10-16,0.009980194860925877,-0.02401680007747237,0.3272188403331026,0.0,True,next_open_gap_checked
TYL,2026-09-16,346.07,350.43,344.02,346.44,346.44,621191.0,-0.0189448644974938,0.0290195146582705,0.0109723357067819,-0.0796695268708658,0.0428343517654496,0.2585461546844916,0.0377749361638384,0.028425484791836,0.0288338329574472,0.6524114656569756,0.7347114497839862,-0.0199926372723926,0.0185222642817927,543.3,270.71,-0.3623412479293207,0.2797458534963615,215205410.04,344396160.6855,346.44,345.41,,,,,,,,0,,0,0,0,0,0,0,1.0,715.0,1.0,1.0,1,8.0,0,0,0,0,0.0,0.0,0.0,0.0,0,0,0,0,0.0,0.0,0.0,0.0,0,0,0,0,0.0,0.0,0.0,0.0,0,0,0,0,0.0,0.0,0.0,0.0,0,0,0,0,0.0,0.0,0.0,0.0,0,0,0,0,0.0,0.0,0.0,0.0,0,0,0,1,0.0,0.0,0.0,2.0,0,0,0,1,0.0,0.0,0.0,1.0,0,0,0,0,0.0,0.0,0.0,0.0,0,0,0,1,10000.0,-0.0029730977947118875,2.9036328337968682e-05,,False,2026-10-16,0.006075111067876416,-0.015924135071411424,0.4155158035046192,0.0,True,next_open_gap_checked
TZOO,2026-09-16,5.62,5.815,5.57,5.67,5.67,58835.0,0.0088967971530249,-0.0357142857142857,-0.055,-0.0971337579617834,-0.19,-0.5008802816901408,0.020979640867757,0.0159754501059361,0.0397751639664787,1.1746560983888037,0.5900912609625569,0.0,0.043594306049822,12.39,4.715,-0.5423728813559323,0.20254506892895,333594.45,312595.693,5.67,5.69,,,,,,,,0,,0,0,0,0,0,0,50.0,1387.9583333333333,0.0,1.0,1,8.0,0,0,0,0,0.0,0.0,0.0,0.0,0,0,0,1,0.0,0.0,0.0,15.0,0,0,0,1,0.0,0.0,0.0,6.0,0,0,0,1,0.0,0.0,0.0,151.0,0,0,0,0,0.0,0.0,0.0,0.0,0,0,0,1,0.0,0.0,0.0,1.0,0,0,0,1,0.0,0.0,0.0,165.0,0,0,0,1,0.0,0.0,0.0,5.0,0,0,0,1,0.0,0.0,0.0,4.0,0,0,0,1,10000.0,0.003527336860670305,0.03199020403649643,,False,2026-10-16,0.01024049381269542,-0.018597494636762805,0.42215572602277385,0.0,False,next_open_gap_checked
UAL,2026-09-16,108.3,109.78,104.59,106.3,106.3,4130096.0,-0.0057987280209502,-0.0320524494627572,-0.0076549663928305,0.0159610054477683,-0.1046159029649596,-0.1043141220087631,0.0190277432553451,0.0224700042573361,0.0250318637184502,1.1793605507240177,1.0219598814765245,0.0129068462401795,0.0479224376731301,138.77,84.642,-0.2339842905527132,0.2558776966517804,439029204.8,384835053.5,106.3,109.4,,,,,,,,0,,0,0,0,0,0,0,62.0,2022.9583333333333,0.0,1.0,1,8.0,0,0,0,0,0.0,0.0,0.0,0.0,0,0,0,0,0.0,0.0,0.0,0.0,0,0,0,0,0.0,0.0,0.0,0.0,0,0,0,0,0.0,0.0,0.0,0.0,0,0,0,0,0.0,0.0,0.0,0.0,0,0,0,0,0.0,0.0,0.0,0.0,0,0,0,1,0.0,0.0,0.0,1.0,0,0,0,1,0.0,0.0,0.0,3.0,0,0,0,0,0.0,0.0,0.0,0.0,0,0,0,1,10000.0,0.029162746942615225,2.5985158859755482e-05,,False,2026-10-16,0.00706761816404637,-0.018416836122572777,0.4146455767332975,0.0,True,next_open_gap_checked
UCL,2026-09-16,0.3844,0.4839,0.3131,0.3547,0.3547,3929357.0,-0.0571504518872939,-0.1687368174361377,-0.1444766039556199,-0.0995176440720994,-0.2761224489795918,-0.6488118811881187,0.044573073311832,0.0529599190169413,0.0563257075815218,5.578172064656058,2.0772851688732534,0.0217969165337588,0.4443288241415192,2.794,0.3131,-0.8730493915533286,0.1328648993931651,1393742.9279,272493.693735,0.3547,0.369,,,,,,,,0,,0,0,0,0,0,0,,,0.0,0.0,0,0.0,0,0,0,0,0.0,0.0,0.0,0.0,0,0,0,0,0.0,0.0,0.0,0.0,0,0,0,0,0.0,0.0,0.0,0.0,0,0,0,0,0.0,0.0,0.0,0.0,0,0,0,0,0.0,0.0,0.0,0.0,0,0,0,0,0.0,0.0,0.0,0.0,0,0,0,0,0.0,0.0,0.0,0.0,0,0,0,0,0.0,0.0,0.0,0.0,0,0,0,0,0.0,0.0,0.0,0.0,0,0,0,0,10000.0,0.04031575979701141,0.036698096983209444,,False,2026-10-16,0.004115181018112375,0.021373639074609874,0.4329911077840732,0.0005936793194092726,False,next_open_gap_checked
UDR,2026-09-16,34.91,35.144,34.32,34.4,34.4,4072959.0,-0.0146089945574333,-0.0205011389521639,-0.0282485875706214,-0.0669921345267154,-0.0725262874090052,-0.0885002649708532,0.0090288442686202,0.0096626647484583,0.0127143090131188,1.190515897705156,1.2218919949503622,0.0,0.0236035519908335,42.0,32.94,-0.1809523809523809,0.0443230115361263,140109789.6,124141353.2355,34.4,34.58,,,,,,,,0,,0,0,0,0,0,0,6.0,1251.0,1.0,1.0,1,8.0,0,0,0,0,0.0,0.0,0.0,0.0,0,0,0,0,0.0,0.0,0.0,0.0,0,0,0,1,0.0,0.0,0.0,1.0,0,0,0,0,0.0,0.0,0.0,0.0,0,0,0,0,0.0,0.0,0.0,0.0,0,0,0,0,0.0,0.0,0.0,0.0,0,0,0,0,0.0,0.0,0.0,0.0,0,0,0,1,0.0,0.0,0.0,3.0,0,0,0,0,0.0,0.0,0.0,0.0,0,0,0,1,10000.0,0.005232558139534937,8.055333488293535e-05,,False,2026-10-16,0.013341943399026938,-0.02401680007747237,0.3287566737482048,0.0,True,next_open_gap_checked
UGA,2026-09-16,142.37,145.91,141.15,145.91,145.91,155488.0,0.0102471785640101,0.0519826964671954,0.0885556550283497,0.1078967350037964,0.1646711366538953,0.4243459586099181,0.0306541130062508,0.0223297564873911,0.0248992093559332,3.2898705425954744,3.435919212469261,-0.0142629647580142,0.0334340099740113,145.91,60.399,0.0,1.4157684729879634,22687254.08,6369617.718599999,145.91,142.05,,,,,,,,0,,0,0,0,0,0,0,19.0,,1.0,1.0,1,8.0,0,0,0,0,0.0,0.0,0.0,0.0,0,0,0,0,0.0,0.0,0.0,0.0,0,0,0,0,0.0,0.0,0.0,0.0,0,0,0,0,0.0,0.0,0.0,0.0,0,0,0,0,0.0,0.0,0.0,0.0,0,0,0,0,0.0,0.0,0.0,0.0,0,0,0,0,0.0,0.0,0.0,0.0,0,0,0,0,0.0,0.0,0.0,0.0,0,0,0,0,0.0,0.0,0.0,0.0,0,0,0,0,10000.0,-0.026454663833870073,0.0015699529299535318,,False,2026-10-16,0.011090360834707907,-0.018416836122572777,0.36700939832135887,0.0,True,next_open_gap_checked
UGI,2026-09-16,38.07,38.559,37.66,38.18,38.18,2742229.0,0.0097857709600635,0.0050013161358251,-0.0093409444732744,-0.0067637877211237,-0.0054701745246158,0.1299200947025747,0.0091020620630334,0.0090114588137779,0.0167195325361426,1.297833008113382,1.48929359557846,0.0068764877016662,0.0236143945363803,41.34,31.62,-0.0764392839864538,0.2074636306135358,104698303.22,80586584.50299999,38.18,38.26,,,,,,,,0,,0,0,0,0,0,0,29.0,29.0,1.0,1.0,1,8.0,0,0,0,1,0.0,0.0,0.0,2.0,0,0,0,0,0.0,0.0,0.0,0.0,1,1,1,1,1.0,1.0,1.0,2.0,0,0,0,0,0.0,0.0,0.0,0.0,0,0,0,0,0.0,0.0,0.0,0.0,0,0,0,0,0.0,0.0,0.0,0.0,1,1,1,1,2.0,2.0,2.0,6.0,0,0,0,1,0.0,0.0,0.0,1.0,1,1,1,1,2.0,2.0,2.0,2.0,1,1,1,1,10000.0,0.002095337873232017,0.00012409013313658592,,False,2026-10-16,0.01932834890459369,-0.02561308351612188,0.2617912577111975,0.0,True,next_open_gap_checked
UGP,2026-09-16,7.46,7.58,7.375,7.56,7.56,2849668.0,0.0161290322580645,0.0147651006711408,0.0174966352624494,0.1004366812227073,0.1943127962085307,0.5460122699386503,0.0133874673621338,0.0191491766428061,0.0223252091607372,0.941532541569705,0.7991275128214733,0.0026881720430107,0.0274798927613941,7.63,3.6,-0.0091743119266055,1.0999999999999996,21543490.08,21250128.5075,7.56,7.53,,,,,,,,0,,0,0,0,0,0,0,,,0.0,0.0,0,0.0,0,0,0,0,0.0,0.0,0.0,0.0,0,0,0,0,0.0,0.0,0.0,0.0,0,0,0,0,0.0,0.0,0.0,0.0,0,0,0,0,0.0,0.0,0.0,0.0,0,0,0,0,0.0,0.0,0.0,0.0,0,0,0,0,0.0,0.0,0.0,0.0,0,0,0,0,0.0,0.0,0.0,0.0,0,0,0,0,0.0,0.0,0.0,0.0,0,0,0,0,0.0,0.0,0.0,0.0,0,0,0,0,10000.0,-0.003968253968253843,0.00047058538947049707,,False,2026-10-16,0.004115181018112375,-0.018172645932489597,0.41374113562162534,0.0,True,next_open_gap_checked
UHS,2026-09-16,176.27,182.19,175.365,181.21,181.21,869531.0,0.0246536612948826,0.0364925928044386,0.0308908863351917,0.0612591508052708,0.0469120110924952,0.2704010095344926,0.0185660932029733,0.016013543018087,0.0196578397008292,1.359537889298473,1.0654458376524694,-0.0032796154933558,0.0387190106087251,246.325,140.08,-0.264345884502182,0.293617932609937,157567712.51000002,111143325.32549998,181.21,182.29,,,,,,,,0,,0,0,0,0,0,0,26.0,26.0,1.0,1.0,1,8.0,0,0,0,0,0.0,0.0,0.0,0.0,1,1,1,1,1.0,1.0,1.0,1.0,1,1,1,1,2.0,2.0,2.0,2.0,0,0,0,0,0.0,0.0,0.0,0.0,0,0,0,0,0.0,0.0,0.0,0.0,0,0,0,0,0.0,0.0,0.0,0.0,1,1,1,1,2.0,2.0,2.0,2.0,0,0,0,1,0.0,0.0,0.0,1.0,0,0,0,0,0.0,0.0,0.0,0.0,1,1,1,1,10000.0,0.005959935985872633,8.997391404939066e-05,,False,2026-10-16,0.008683131856100744,-0.024012716409663463,0.3145756038705094,0.0,True,next_open_gap_checked
ULCC,2026-09-16,5.66,5.86,5.47,5.61,5.61,2408689.0,0.0071813285457809,-0.0017793594306049,-0.0070796460176991,0.0163043478260871,-0.0878048780487804,-0.2142857142857142,0.0147936169678046,0.0248487609759572,0.0432346707618208,0.9863442478355722,0.7085742548854558,0.0161579892280072,0.068904593639576,8.405,3.02,-0.3325401546698393,0.8576158940397351,13512745.29,14042200.2705,5.61,5.79,,,,,,,,0,,0,0,0,0,0,0,15.0,541.0,1.0,1.0,1,8.0,0,0,0,0,0.0,0.0,0.0,0.0,0,0,0,1,0.0,0.0,0.0,2.0,0,0,0,1,0.0,0.0,0.0,5.0,0,0,0,0,0.0,0.0,0.0,0.0,0,0,0,0,0.0,0.0,0.0,0.0,0,0,0,0,0.0,0.0,0.0,0.0,0,0,0,1,0.0,0.0,0.0,71.0,0,0,0,1,0.0,0.0,0.0,8.0,0,0,0,1,0.0,0.0,0.0,1.0,0,0,0,1,10000.0,0.03208556149732611,0.0007121391097809724,,False,2026-10-16,0.01482870133914227,-0.011496034943093546,0.43318681204270915,0.0,True,next_open_gap_checked
UNFI,2026-09-16,44.79,46.33,44.08,46.3,46.3,637572.0,0.0332515063601872,0.0416197975253092,0.0378838825375476,0.0371863799283154,-0.0119504908237303,-0.0925127401019209,0.018680559305507,0.0195108782761212,0.0214949166093923,1.0522741284585069,1.134384201096578,-0.000446328944432,0.0502344273275284,57.02,28.01,-0.1880042090494564,0.6529810781863619,29519583.6,27405806.466999996,46.3,46.7,,,,,,,,0,,0,0,0,0,0,0,8.0,1042.9583333333333,1.0,1.0,1,8.0,0,0,0,0,0.0,0.0,0.0,0.0,0,0,0,0,0.0,0.0,0.0,0.0,0,0,0,1,0.0,0.0,0.0,1.0,0,0,0,0,0.0,0.0,0.0,0.0,0,0,0,0,0.0,0.0,0.0,0.0,0,0,0,0,0.0,0.0,0.0,0.0,0,0,0,1,0.0,0.0,0.0,19.0,0,0,0,1,0.0,0.0,0.0,1.0,0,0,0,0,0.0,0.0,0.0,0.0,0,0,0,1,10000.0,0.008639308855291628,0.0003648861788483125,,False,2026-10-16,0.018437849640621822,-0.018416836122572777,0.39665146194722367,0.0,True,next_open_gap_checked
USB,2026-09-16,62.14,62.96,58.81,59.73,59.73,16291182.0,-0.0400192864030858,-0.0494907702100574,-0.0383191112542263,-0.0241790557098513,-0.0780984719864178,0.0178936605316972,0.0189807741645159,0.014555201270097,0.0132596548331667,2.4796603078370043,2.2272127703297833,-0.0012857602057215,0.066784679755391,66.075,45.02,-0.0960272417707152,0.3267436694802308,973072300.86,407921720.488,59.73,60.58,,,,,,,,0,,0,0,0,0,0,0,62.0,558.9583333333334,0.0,1.0,1,8.0,0,0,0,0,0.0,0.0,0.0,0.0,0,0,0,0,0.0,0.0,0.0,0.0,0,0,0,0,0.0,0.0,0.0,0.0,0,0,0,0,0.0,0.0,0.0,0.0,0,0,0,0,0.0,0.0,0.0,0.0,0,0,0,0,0.0,0.0,0.0,0.0,0,0,0,1,0.0,0.0,0.0,8.0,0,0,0,1,0.0,0.0,0.0,2.0,0,0,0,0,0.0,0.0,0.0,0.0,0,0,0,1,10000.0,0.014230704838439578,2.4514507312915136e-05,,False,2026-10-16,0.010940415340006367,-0.0225332201095076,0.35047753832353856,0.0,True,next_open_gap_checked
USEA,2026-09-16,3.14,3.2,3.05,3.06,3.06,201534.0,-0.0285714285714285,0.0234113712374581,0.047945205479452,0.0851063829787235,0.1291512915129151,0.1460674157303372,0.0313865092980508,0.0239020511157268,0.022157114949882,1.8024612189647748,2.6733634656863483,-0.003174603174603,0.0477707006369427,3.2,1.417,-0.04375,1.1594918842625264,616694.04,329603.40450000006,3.06,3.04,,,,,,,,0,,0,0,0,0,0,0,,,0.0,0.0,0,0.0,0,0,0,0,0.0,0.0,0.0,0.0,0,0,0,0,0.0,0.0,0.0,0.0,0,0,0,0,0.0,0.0,0.0,0.0,0,0,0,0,0.0,0.0,0.0,0.0,0,0,0,0,0.0,0.0,0.0,0.0,0,0,0,0,0.0,0.0,0.0,0.0,0,0,0,0,0.0,0.0,0.0,0.0,0,0,0,0,0.0,0.0,0.0,0.0,0,0,0,0,0.0,0.0,0.0,0.0,0,0,0,0,10000.0,-0.006535947712418277,0.030339492442955026,,False,2026-10-16,0.004115181018112375,-0.01845295535797157,0.41374113562162534,0.0,False,next_open_gap_checked
VENU,2026-09-16,1.79,1.82,1.665,1.69,1.69,589281.0,-0.0174418604651163,-0.028735632183908,-0.0611111111111111,-0.0913978494623656,-0.0913978494623656,-0.4328859060402684,0.0128295200533124,0.038613337479116,0.0551409628483039,1.387555955533673,0.9833019609160604,0.0406976744186047,0.0865921787709497,13.96,1.665,-0.8789398280802292,0.015015015015015,995884.89,790676.1300000001,1.69,1.73,,,,,,,,0,,0,0,0,0,0,0,26.0,26.0,1.0,2.0,2,8.0,0,0,0,0,0.0,0.0,0.0,0.0,0,0,0,0,0.0,0.0,0.0,0.0,1,1,1,1,1.0,2.0,2.0,2.0,0,0,0,0,0.0,0.0,0.0,0.0,0,0,0,0,0.0,0.0,0.0,0.0,0,0,0,0,0.0,0.0,0.0,0.0,0,1,1,1,0.0,1.0,1.0,6.0,1,1,1,1,1.0,2.0,2.0,3.0,1,1,1,1,3.0,3.0,3.0,20.0,1,1,1,1,10000.0,0.02366863905325456,0.012647403431794506,,False,2026-10-16,0.009324871142663888,0.04183174226003014,0.48189067375270234,0.0019465963013309928,True,next_open_gap_checked
VERA,2026-09-16,33.22,34.0,31.19,31.77,31.77,3909064.0,-0.0564300564300565,-0.0935805991440797,-0.0595026642984014,-0.0718667835232251,-0.0157992565055762,-0.1733021077283372,0.0365170241102792,0.0346166627789354,0.0352265723422926,1.6534855276490907,1.6306421099165078,-0.0133650133650135,0.0845875978326309,56.05,23.05,-0.4331846565566458,0.3783080260303686,124190963.28,80456862.26075,31.77,32.5,,,,,,,,0,,0,0,0,0,0,0,1.0,805.0,1.0,1.0,1,8.0,0,0,0,0,0.0,0.0,0.0,0.0,0,0,0,0,0.0,0.0,0.0,0.0,0,0,0,1,0.0,0.0,0.0,1.0,0,0,0,0,0.0,0.0,0.0,0.0,0,0,0,0,0.0,0.0,0.0,0.0,0,0,0,0,0.0,0.0,0.0,0.0,0,0,0,0,0.0,0.0,0.0,0.0,0,0,0,1,0.0,0.0,0.0,1.0,0,0,0,0,0.0,0.0,0.0,0.0,0,0,0,1,10000.0,0.022977651872835958,0.00012429020619262194,,False,2026-10-16,0.019962967684123967,-0.006765665328917485,0.4575556055675296,0.0,True,next_open_gap_checked
VET,2026-09-16,13.24,13.33,12.515,12.62,12.62,1925191.0,-0.0624071322436851,-0.0461073318216176,-0.056095736724009,-0.0424886191198786,0.0318887980376123,0.2786220871327254,0.0300294196859754,0.0240620053677543,0.0301088065514034,1.3512412709700614,1.34881008044778,-0.0163447251114413,0.0615558912386706,14.82,7.105,-0.1484480431848853,0.7762139338494016,24295910.42,18418584.3885,12.62,12.505,,,,,,,,0,,0,0,0,0,0,0,,,0.0,0.0,0,0.0,0,0,0,0,0.0,0.0,0.0,0.0,0,0,0,0,0.0,0.0,0.0,0.0,0,0,0,0,0.0,0.0,0.0,0.0,0,0,0,0,0.0,0.0,0.0,0.0,0,0,0,0,0.0,0.0,0.0,0.0,0,0,0,0,0.0,0.0,0.0,0.0,0,0,0,0,0.0,0.0,0.0,0.0,0,0,0,0,0.0,0.0,0.0,0.0,0,0,0,0,0.0,0.0,0.0,0.0,0,0,0,0,10000.0,-0.009112519809825526,0.0005429298902169536,,False,2026-10-16,0.004115181018112375,-0.016316059695223314,0.4285859201400623,0.0,True,next_open_gap_checked
VFC,2026-09-16,12.75,13.075,12.6,12.73,12.73,7389566.0,0.0015735641227379,-0.0334092634776005,-0.0139426800929511,-0.027501909854851,-0.1104122990915443,-0.2524955960070464,0.0282479147449759,0.0208209634518964,0.0318199146745567,1.1989250348700409,1.0639163752160854,0.003147128245476,0.0372549019607842,22.27,12.455,-0.428378985181859,0.0220794861501405,94069175.18,82553601.776,12.73,12.92,,,,,,,,0,,0,0,0,0,0,0,47.0,1556.0,0.0,1.0,1,8.0,0,0,0,0,0.0,0.0,0.0,0.0,0,0,0,0,0.0,0.0,0.0,0.0,0,0,0,0,0.0,0.0,0.0,0.0,0,0,0,0,0.0,0.0,0.0,0.0,0,0,0,0,0.0,0.0,0.0,0.0,0,0,0,0,0.0,0.0,0.0,0.0,0,0,0,0,0.0,0.0,0.0,0.0,0,0,0,1,0.0,0.0,0.0,1.0,0,0,0,0,0.0,0.0,0.0,0.0,0,0,0,1,10000.0,0.014925373134328401,0.00012113341858946247,,False,2026-10-16,0.015002804693923844,-0.01122398461384587,0.4413357054413227,0.0,True,next_open_gap_checked
VISN,2026-09-16,6.79,6.79,6.49,6.51,6.51,6672030.0,-0.0326894502228827,0.0046296296296295,0.0163934426229508,0.0466237942122187,-0.4279437609841828,-0.4945652173913044,0.0266847329528857,0.1109018920443331,0.0706672872684194,0.7139555663533002,0.8495582698854186,0.0089153046062406,0.0441826215022091,20.55,6.0,-0.6832116788321168,0.0849999999999999,43434915.3,73862532.865,6.51,6.72,,,,,,,,0,,0,0,0,0,0,0,20.0,408.0,1.0,1.0,1,8.0,0,0,0,0,0.0,0.0,0.0,0.0,0,0,0,0,0.0,0.0,0.0,0.0,0,0,0,0,0.0,0.0,0.0,0.0,0,0,0,0,0.0,0.0,0.0,0.0,0,0,0,0,0.0,0.0,0.0,0.0,0,0,0,0,0.0,0.0,0.0,0.0,0,0,0,1,0.0,0.0,0.0,1.0,0,0,0,1,0.0,0.0,0.0,3.0,0,0,0,0,0.0,0.0,0.0,0.0,0,0,0,1,10000.0,0.032258064516129004,0.00013538663801683048,,False,2026-10-16,0.00892303931183562,-0.014527698886357113,0.41607459414010595,0.0,True,next_open_gap_checked
VIV,2026-09-16,11.85,11.95,11.81,11.86,11.86,1582698.0,-0.0025231286795627,0.0008438818565401,0.0059372349448685,0.0232959447799827,0.0504871567759079,-0.0876923076923077,0.0064538876131761,0.0130925255043104,0.0176690590383377,1.2294685503419531,1.1255792140737098,-0.0033641715727502,0.011814345991561,17.255,11.18,-0.3126629962329759,0.0608228980322003,18770798.279999997,15002397.201999998,11.86,11.92,,,,,,,,0,,0,0,0,0,0,0,,,0.0,0.0,0,0.0,0,0,0,0,0.0,0.0,0.0,0.0,0,0,0,0,0.0,0.0,0.0,0.0,0,0,0,0,0.0,0.0,0.0,0.0,0,0,0,0,0.0,0.0,0.0,0.0,0,0,0,0,0.0,0.0,0.0,0.0,0,0,0,0,0.0,0.0,0.0,0.0,0,0,0,0,0.0,0.0,0.0,0.0,0,0,0,0,0.0,0.0,0.0,0.0,0,0,0,0,0.0,0.0,0.0,0.0,0,0,0,0,10000.0,0.005059021922428464,0.000666560141379731,,False,2026-10-16,0.004115181018112375,-0.024186119934450634,0.3384913116498451,0.0,True,next_open_gap_checked
VMI,2026-09-16,479.9,484.535,470.485,475.35,475.35,127251.0,0.003567960140185,-0.0167342379612774,-0.0113352745424292,0.0157919480297461,-0.024642974392646,-0.1846483704974271,0.0139707315977848,0.0117418808424777,0.0187871538031692,0.8161360861755971,0.6496841887427081,0.013174006671452,0.0292769326943113,585.71,361.5,-0.1884208908845674,0.3149377593360996,60488762.85,74221407.67899999,475.35,478.01,,,,,,,,0,,0,0,0,0,0,0,50.0,1646.0,0.0,1.0,1,8.0,0,0,0,0,0.0,0.0,0.0,0.0,0,0,0,0,0.0,0.0,0.0,0.0,0,0,0,0,0.0,0.0,0.0,0.0,0,0,0,0,0.0,0.0,0.0,0.0,0,0,0,0,0.0,0.0,0.0,0.0,0,0,0,0,0.0,0.0,0.0,0.0,0,0,0,0,0.0,0.0,0.0,0.0,0,0,0,1,0.0,0.0,0.0,1.0,0,0,0,0,0.0,0.0,0.0,0.0,0,0,0,1,10000.0,0.005595876722414905,0.00013473201752315153,,False,2026-10-16,0.010057053328926062,-0.024012716409663463,0.36309687062001406,0.0,True,next_open_gap_checked
VNRX,2026-09-16,0.28,0.287,0.2749,0.2749,0.2749,1261893.0,-0.0497753197372969,-0.1137975499677627,-0.1961988304093568,-0.3026382546930493,-0.4201645222526894,-0.7948507462686567,0.0410226033227747,0.124745338089292,0.0842009596699307,0.0599661820505974,0.1702386752541628,-0.0321465606636708,0.0432142857142857,14.8,0.2749,-0.9814256756756756,0.0,346894.3857,10078370.197495,0.2749,0.29,,,,,,,,0,,0,0,0,0,0,0,0.0,644.9583333333334,1.0,1.0,1,8.0,0,0,0,0,0.0,0.0,0.0,0.0,0,0,0,0,0.0,0.0,0.0,0.0,0,0,0,0,0.0,0.0,0.0,0.0,0,0,0,0,0.0,0.0,0.0,0.0,0,0,0,0,0.0,0.0,0.0,0.0,0,0,0,0,0.0,0.0,0.0,0.0,0,0,0,1,0.0,0.0,0.0,1.0,0,0,0,1,0.0,0.0,0.0,5.0,0,0,0,1,0.0,0.0,0.0,12.0,0,0,0,1,10000.0,0.05492906511458706,0.0009922239215310348,,False,2026-10-16,0.008459578415815773,-0.008581772268809964,0.3934055189348888,0.0,False,next_open_gap_checked
VREX,2026-09-16,18.47,18.49,18.45,18.47,18.47,671250.0,0.0,0.0005417118093173,-0.0016216216216217,0.0,0.0005417118093173,0.7759615384615384,0.0008201373769288,0.0010454481199366,0.0643423276466302,0.8963947304409173,0.7827020343431579,0.0,0.002165674066053,18.63,9.09,-0.0085882984433709,1.031903190319032,12397987.5,13843398.2845,18.47,18.5,,,,,,,,0,,0,0,0,0,0,0,34.0,34.0,0.0,1.0,1,8.0,0,0,0,0,0.0,0.0,0.0,0.0,0,0,0,0,0.0,0.0,0.0,0.0,0,0,0,1,0.0,0.0,0.0,1.0,0,0,0,0,0.0,0.0,0.0,0.0,0,0,0,0,0.0,0.0,0.0,0.0,0,0,0,0,0.0,0.0,0.0,0.0,0,1,1,1,0.0,7.0,7.0,10.0,0,1,1,1,0.0,1.0,1.0,1.0,0,0,0,1,0.0,0.0,0.0,1.0,0,1,1,1,10000.0,0.0016242555495398214,0.0007223659822889495,,False,2026-10-16,0.02896268893428126,-0.006842253983291878,0.1538019376091084,0.0,True,next_open_gap_checked
VSME,2026-09-16,0.9481,1.04,0.92,0.9659,0.9659,98024.0,-0.0530392156862745,-0.0972897196261682,0.0188818565400843,-0.0530392156862745,-0.2210483870967742,-0.6167063492063491,0.1743102145920527,0.0855168241775601,0.0742143615604898,0.090679713947797,0.2245017224761668,-0.0704901960784313,0.1265689273283408,64.2,0.68,-0.9849548286604362,0.4204411764705882,94681.3816,1349111.0254750005,0.9659,0.935,,,,,,,,0,,0,0,0,0,0,0,,,0.0,0.0,0,0.0,0,0,0,0,0.0,0.0,0.0,0.0,0,0,0,0,0.0,0.0,0.0,0.0,0,0,0,0,0.0,0.0,0.0,0.0,0,0,0,0,0.0,0.0,0.0,0.0,0,0,0,0,0.0,0.0,0.0,0.0,0,0,0,0,0.0,0.0,0.0,0.0,0,0,0,0,0.0,0.0,0.0,0.0,0,0,0,0,0.0,0.0,0.0,0.0,0,0,0,0,0.0,0.0,0.0,0.0,0,0,0,0,10000.0,-0.031990889326017125,0.00741228839670861,,False,2026-10-16,0.004115181018112375,-0.008552008219319193,0.3749352210447072,0.0,False,next_open_gap_checked
VSTS,2026-09-16,13.25,14.02,13.12,13.77,13.77,2066815.0,0.0376789751318764,0.061680801850424,0.0495426829268292,0.1352019785655398,0.0584166026133743,0.0503432494279176,0.0206040211780935,0.0241924037102714,0.0240869452577829,1.6015205811490745,1.4947831232582505,-0.0015071590052749,0.0679245283018868,16.9,4.019,-0.1852071005917159,2.426225429211246,28460042.55,16754891.246499997,13.77,13.9,,,,,,,,0,,0,0,0,0,0,0,36.0,250.95833333333337,0.0,1.0,1,8.0,0,0,0,0,0.0,0.0,0.0,0.0,0,0,0,0,0.0,0.0,0.0,0.0,0,0,0,1,0.0,0.0,0.0,17.0,0,0,0,0,0.0,0.0,0.0,0.0,0,0,0,0,0.0,0.0,0.0,0.0,0,0,0,0,0.0,0.0,0.0,0.0,0,0,0,1,0.0,0.0,0.0,1.0,0,0,0,1,0.0,0.0,0.0,3.0,0,0,0,0,0.0,0.0,0.0,0.0,0,0,0,1,10000.0,0.009440813362382006,0.0005968406391231542,,False,2026-10-16,0.02874887189391274,-0.018416836122572777,0.3888040831079628,0.0,True,next_open_gap_checked
VTR,2026-09-16,88.32,89.78,87.87,88.21,88.21,2814611.0,-0.0039521228545619,-0.0197799755528391,-0.0130901767733273,-0.0419246225697839,-0.0327850877192983,0.0622591522157993,0.0083914862739145,0.008047607991824,0.0167992371377304,1.0342555292732196,0.8777834929663841,-0.0027100271002711,0.0216259057971014,101.6,66.54,-0.1317913385826772,0.3256687706642618,248276836.30999997,248113404.591,88.21,88.57,,,,,,,,0,,0,0,0,0,0,0,0.0,896.0,1.0,1.0,1,8.0,0,0,0,0,0.0,0.0,0.0,0.0,0,0,0,1,0.0,0.0,0.0,2.0,0,0,0,0,0.0,0.0,0.0,0.0,0,0,0,0,0.0,0.0,0.0,0.0,0,0,0,0,0.0,0.0,0.0,0.0,0,0,0,0,0.0,0.0,0.0,0.0,0,0,0,1,0.0,0.0,0.0,267.0,0,0,0,1,0.0,0.0,0.0,25.0,0,0,0,0,0.0,0.0,0.0,0.0,0,0,0,1,10000.0,0.004081169935381546,4.030415050119681e-05,,False,2026-10-16,0.006529907462103001,-0.02465291489136744,0.3565791809147458,0.0,True,next_open_gap_checked
VVR,2026-09-16,2.86,2.905,2.86,2.9,2.9,1078359.0,0.0,-0.0136054421768707,-0.0202702702702702,-0.0068493150684931,-0.0102389078498293,-0.0268456375838926,0.0055900652196243,0.0063763021941851,0.006193679123929,1.5013772081467012,1.5842640050685448,-0.0137931034482758,0.0157342657342657,3.54,2.86,-0.1807909604519774,0.0139860139860139,3127241.1,2103189.0725,2.9,2.88,,,,,,,,0,,0,0,0,0,0,0,76.0,76.0,0.0,1.0,1,8.0,0,0,0,0,0.0,0.0,0.0,0.0,0,0,0,1,0.0,0.0,0.0,25.0,0,0,0,0,0.0,0.0,0.0,0.0,0,0,0,0,0.0,0.0,0.0,0.0,0,0,0,0,0.0,0.0,0.0,0.0,0,0,0,0,0.0,0.0,0.0,0.0,0,0,0,1,0.0,0.0,0.0,12.0,0,1,1,1,0.0,3.0,3.0,14.0,0,0,0,0,0.0,0.0,0.0,0.0,0,1,1,1,10000.0,-0.006896551724137945,0.004754684270070541,,False,2026-10-16,0.020309647077612455,-0.023946762595684172,0.14156339663315204,0.0,True,next_open_gap_checked
W,2026-09-16,105.26,106.66,102.37,103.24,103.24,2546362.0,-0.0043398591956794,0.047377498224612,0.0311626048741509,0.0997017469109502,0.0152424033828302,0.214016933207902,0.0344064369507131,0.0303298356516325,0.0525170976714526,1.1395254604884435,0.8348236919531541,0.0151412865271483,0.0407562226866805,119.98,55.6,-0.139523253875646,0.8568345323741007,262886412.88,226302550.1665,103.24,107.0,,,,,,,,0,,0,0,0,0,0,0,43.0,1238.0,0.0,1.0,1,8.0,0,0,0,0,0.0,0.0,0.0,0.0,0,0,0,0,0.0,0.0,0.0,0.0,0,0,0,1,0.0,0.0,0.0,7.0,0,0,0,0,0.0,0.0,0.0,0.0,0,0,0,0,0.0,0.0,0.0,0.0,0,0,0,0,0.0,0.0,0.0,0.0,0,0,0,1,0.0,0.0,0.0,1.0,0,0,0,1,0.0,0.0,0.0,4.0,0,0,0,0,0.0,0.0,0.0,0.0,0,0,0,1,10000.0,0.036419992251065514,4.4188631514062e-05,,False,2026-10-16,0.006764946284503827,-0.01047232075579381,0.40341365577327165,0.0,True,next_open_gap_checked
WAFDP,2026-09-16,16.46,16.49,16.35,16.47,16.47,7746.0,0.0006075334143376,0.0042682926829269,0.001824817518248,-0.0048338368580062,0.0030450669914736,-0.0066344993968636,0.0038781657957923,0.0051864083064768,0.0073008294015442,0.5064400130761687,0.4156776181983725,0.0,0.0085054678007288,17.49,15.94,-0.0583190394511149,0.0332496863237139,127576.62,252637.96575000012,16.47,16.48,,,,,,,,0,,0,0,0,0,0,0,2.0,2.0,1.0,1.0,1,8.0,0,0,0,0,0.0,0.0,0.0,0.0,0,0,0,0,0.0,0.0,0.0,0.0,0,0,0,1,0.0,0.0,0.0,5.0,0,0,0,0,0.0,0.0,0.0,0.0,0,0,0,0,0.0,0.0,0.0,0.0,0,0,0,0,0.0,0.0,0.0,0.0,1,1,1,1,3.0,3.0,3.0,4.0,1,1,1,1,1.0,1.0,1.0,8.0,0,0,0,0,0.0,0.0,0.0,0.0,1,1,1,1,10000.0,0.0006071645415908211,0.03958233264867078,,False,2026-10-16,0.008704756057486785,-0.025773301442386865,0.15844308618768443,0.0,False,next_open_gap_checked
WAT,2026-09-16,417.86,424.73,415.935,418.64,418.64,707762.0,0.0037162243160948,0.0252240779742372,0.0341641757861712,0.0315395229647152,0.0433395638629283,0.1685694347522679,0.0104658715958184,0.015436522838187,0.0170957484919456,1.095655488099858,0.8906884832879974,0.001846124337673,0.0210477193318336,426.22,282.77,-0.0177842428792642,0.4804965166036001,296297483.68,265773832.656,418.64,424.0,,,,,,,,0,,0,0,0,0,0,0,26.0,474.0,1.0,1.0,1,8.0,0,0,0,0,0.0,0.0,0.0,0.0,0,0,0,0,0.0,0.0,0.0,0.0,0,0,0,0,0.0,0.0,0.0,0.0,0,0,0,0,0.0,0.0,0.0,0.0,0,0,0,0,0.0,0.0,0.0,0.0,0,0,0,0,0.0,0.0,0.0,0.0,0,0,0,1,0.0,0.0,0.0,2.0,0,0,0,1,0.0,0.0,0.0,2.0,0,0,0,0,0.0,0.0,0.0,0.0,0,0,0,1,10000.0,0.012803363271546075,3.762597656836795e-05,,False,2026-10-16,0.005796989494271368,-0.02465291489136744,0.2983773999679748,0.0,True,next_open_gap_checked
WAVE,2026-09-16,5.75,6.22,5.62,6.06,6.0601,60567.0,0.0376712328767123,0.0899280575539569,0.1018181818181818,0.0394511149228129,-0.1217391304347826,-0.3137032842582107,0.0267612229500488,0.0350110180299925,0.0375553092965406,3.0225391684486573,0.8672137035238416,-0.0154109589041095,0.1043478260869564,10.87,4.52,-0.4425022999080037,0.3407079646017699,367036.02,120327.531,6.06,5.84,,,,,,,,0,,0,0,0,0,0,0,,,0.0,0.0,0,0.0,0,0,0,0,0.0,0.0,0.0,0.0,0,0,0,0,0.0,0.0,0.0,0.0,0,0,0,0,0.0,0.0,0.0,0.0,0,0,0,0,0.0,0.0,0.0,0.0,0,0,0,0,0.0,0.0,0.0,0.0,0,0,0,0,0.0,0.0,0.0,0.0,0,0,0,0,0.0,0.0,0.0,0.0,0,0,0,0,0.0,0.0,0.0,0.0,0,0,0,0,0.0,0.0,0.0,0.0,0,0,0,0,10000.0,-0.0363036303630363,0.08310650037355125,,False,2026-10-16,0.004115181018112375,-0.012363333382662725,0.42370391080641506,0.0,False,next_open_gap_checked
WEC,2026-09-16,104.21,104.46,102.86,103.38,103.38,2563361.0,-0.0012559173026761,-0.0185132440900028,-0.0260951483749412,-0.0265536723163842,-0.0690679873930661,-0.0854564755838641,0.0065511512993608,0.0094946572899399,0.0109090542728118,1.154449253822122,1.157688789153094,0.0067626316297941,0.0153536128970347,119.91,102.86,-0.1378533900425319,0.0050554151273576,265000260.18,235826042.688,103.38,103.84,,,,,,,,0,,0,0,0,0,0,0,9.0,902.0,1.0,1.0,1,8.0,0,0,0,0,0.0,0.0,0.0,0.0,0,0,0,0,0.0,0.0,0.0,0.0,0,0,0,1,0.0,0.0,0.0,2.0,0,0,0,0,0.0,0.0,0.0,0.0,0,0,0,0,0.0,0.0,0.0,0.0,0,0,0,0,0.0,0.0,0.0,0.0,0,0,0,1,0.0,0.0,0.0,3.0,0,0,0,1,0.0,0.0,0.0,1.0,0,0,0,0,0.0,0.0,0.0,0.0,0,0,0,1,10000.0,0.00444960340491396,4.240413775347997e-05,,False,2026-10-16,0.00706761816404637,-0.02465291489136744,0.32653660870510576,0.0,True,next_open_gap_checked
WEX,2026-09-16,198.75,200.22,194.49,197.17,197.17,557378.0,-0.0145441823270693,0.0295008354218879,0.0606810479315724,0.0448860625331213,0.0283732331925103,0.5161091887735485,0.0243544400473809,0.0197897096615938,0.0243010873046848,1.1239639623652813,0.8805688819572466,-0.0066473410635746,0.0288301886792452,203.99,125.29,-0.0334330114221286,0.5737089951312953,109898220.26,96941338.519,197.17,196.23,,,,,,,,0,,0,0,0,0,0,0,55.0,526.0,0.0,1.0,1,8.0,0,0,0,1,0.0,0.0,0.0,1.0,0,0,0,1,0.0,0.0,0.0,1.0,0,0,0,0,0.0,0.0,0.0,0.0,0,0,0,0,0.0,0.0,0.0,0.0,0,0,0,0,0.0,0.0,0.0,0.0,0,0,0,0,0.0,0.0,0.0,0.0,0,0,0,1,0.0,0.0,0.0,17.0,0,0,0,1,0.0,0.0,0.0,4.0,0,0,0,0,0.0,0.0,0.0,0.0,0,0,0,1,10000.0,-0.004767459552670328,0.00010315516737000751,,False,2026-10-16,0.010093871273239062,-0.018416836122572777,0.3888685278910238,0.0,True,next_open_gap_checked
WHLR,2026-09-16,0.35,0.55,0.32,0.3829,0.3829,21384226.0,0.090883190883191,-0.0227156712608472,0.0031438302331674,-0.3390298636285171,-0.7447333333333332,-0.9949618421052632,291.5330892931935,0.0,155.49624677803243,4.792390864558883,13.05500664805838,-0.0028490028490028,0.6571428571428573,18359.999,0.32,-0.9999791448790384,0.1965624999999999,8188020.1354,3626293.190345001,0.3829,0.38,,,,,,,,0,,0,0,0,0,0,0,194.95833333333337,2245.0,0.0,0.0,0,7.0,0,0,0,0,0.0,0.0,0.0,0.0,0,0,0,0,0.0,0.0,0.0,0.0,0,0,0,0,0.0,0.0,0.0,0.0,0,0,0,0,0.0,0.0,0.0,0.0,0,0,0,0,0.0,0.0,0.0,0.0,0,0,0,0,0.0,0.0,0.0,0.0,0,0,0,1,0.0,0.0,0.0,1.0,0,0,0,0,0.0,0.0,0.0,0.0,0,0,0,0,0.0,0.0,0.0,0.0,0,0,0,1,10000.0,-0.007573779054583452,0.0027576369242908933,,False,2026-10-16,0.014552991874301013,-0.22954646889625185,0.16484650773269965,0.0,False,next_open_gap_checked
WINA,2026-09-16,301.66,305.0,293.9,294.87,294.87,75264.0,-0.0221522135632565,-0.0440885661490583,-0.0535691359609705,-0.0956295046771967,-0.1411470014271982,-0.250914541205162,0.0145724418303541,0.0167409828500237,0.0245733111978717,1.3428633620828083,1.4715515480025978,0.0003647819598739,0.0367963932904595,527.37,291.6,-0.4408669435121451,0.0112139917695472,22193095.68,17936825.9545,294.87,299.66,,,,,,,,0,,0,0,0,0,0,0,63.0,3345.0,0.0,1.0,1,8.0,0,0,0,0,0.0,0.0,0.0,0.0,0,0,0,0,0.0,0.0,0.0,0.0,0,0,0,0,0.0,0.0,0.0,0.0,0,0,0,0,0.0,0.0,0.0,0.0,0,0,0,0,0.0,0.0,0.0,0.0,0,0,0,0,0.0,0.0,0.0,0.0,0,0,0,1,0.0,0.0,0.0,5.0,0,0,0,0,0.0,0.0,0.0,0.0,0,0,0,0,0.0,0.0,0.0,0.0,0,0,0,1,10000.0,0.016244446705327764,0.0005575122390866035,,False,2026-10-16,0.009770687585090344,-0.017780721308677708,0.4181289910551139,0.0,True,next_open_gap_checked
WIX,2026-09-16,81.03,82.86,79.0,80.4,80.4,601575.0,-0.0263986437394041,0.0498824758422564,0.0831200323319412,-0.0902404526166902,0.04199066874028,0.9206880076445296,0.0436737652092897,0.0386793032055592,0.0501560420865737,0.439920237742308,0.4017174937876775,-0.0187696778881084,0.047636677773664,190.93,40.16,-0.5789032629759598,1.0019920318725104,48366630.0,112376327.7595,80.4,80.4,,,,,,,,0,,0,0,0,0,0,0,193.95833333333337,193.95833333333337,0.0,0.0,0,1.0,0,0,0,0,0.0,0.0,0.0,0.0,0,0,0,0,0.0,0.0,0.0,0.0,0,0,0,0,0.0,0.0,0.0,0.0,0,0,0,0,0.0,0.0,0.0,0.0,0,0,0,0,0.0,0.0,0.0,0.0,0,0,0,0,0.0,0.0,0.0,0.0,0,0,0,1,0.0,0.0,0.0,7.0,0,0,0,0,0.0,0.0,0.0,0.0,0,0,0,0,0.0,0.0,0.0,0.0,0,0,0,1,10000.0,0.0,8.898671276571081e-05,,False,2026-10-16,0.004520330143738013,-0.011483672392593184,0.43511148312257114,0.0,True,next_open_gap_checked
WM,2026-09-16,216.59,218.77,213.7,214.0,214.0,1760591.0,-0.0149597238204832,0.0025297479621473,-0.0112733321012751,-0.0262547208445192,-0.0428481975131944,0.0032347287984624,0.0139813411423092,0.0102641066815075,0.0140197651240364,0.8241719840293509,0.847079405856834,-0.0030379746835442,0.0234082829308833,248.13,194.11,-0.137548865514045,0.1024676729689351,376766474.0,468718601.1065,214.0,214.38,,,,,,,,0,,0,0,0,0,0,0,21.0,856.0,1.0,1.0,1,8.0,0,0,0,0,0.0,0.0,0.0,0.0,0,0,0,0,0.0,0.0,0.0,0.0,0,0,0,1,0.0,0.0,0.0,8.0,0,0,0,0,0.0,0.0,0.0,0.0,0,0,0,0,0.0,0.0,0.0,0.0,0,0,0,0,0.0,0.0,0.0,0.0,0,0,0,1,0.0,0.0,0.0,4.0,0,0,0,0,0.0,0.0,0.0,0.0,0,0,0,0,0.0,0.0,0.0,0.0,0,0,0,1,10000.0,0.0017757009345793495,2.1334762427591065e-05,,False,2026-10-16,0.006743271375131703,-0.02465291489136744,0.32792473824985285,0.0,True,next_open_gap_checked
WNW,2026-09-16,2.45,2.75,2.38,2.52,2.52,745589.0,0.0723404255319148,0.0909090909090908,0.0588235294117647,0.0327868852459016,-0.0307692307692307,-0.28,0.0401255270449136,0.0917669012599823,0.0735929397724241,0.4820171993333764,1.085395245124226,0.0425531914893617,0.1510204081632653,1352.0,2.25,-0.9981360946745562,0.1200000000000001,1878884.28,4511628.763,2.52,2.43,,,,,,,,0,,0,0,0,0,0,0,,,0.0,0.0,0,0.0,0,0,0,0,0.0,0.0,0.0,0.0,0,0,0,0,0.0,0.0,0.0,0.0,0,0,0,0,0.0,0.0,0.0,0.0,0,0,0,0,0.0,0.0,0.0,0.0,0,0,0,0,0.0,0.0,0.0,0.0,0,0,0,0,0.0,0.0,0.0,0.0,0,0,0,0,0.0,0.0,0.0,0.0,0,0,0,0,0.0,0.0,0.0,0.0,0,0,0,0,0.0,0.0,0.0,0.0,0,0,0,0,10000.0,-0.0357142857142857,0.0022164944248095706,,False,2026-10-16,0.004115181018112375,-0.1192389574822813,0.39062994372340043,0.0,True,next_open_gap_checked
WOOF,2026-09-16,2.41,2.42,2.34,2.35,2.35,1967476.0,-0.0126050420168066,-0.0408163265306122,-0.048582995951417,-0.0891472868217053,-0.148550724637681,-0.0562248995983936,0.0110977235104624,0.0327715504286067,0.029344358680934,0.7003470738181228,0.9807087459626064,0.0126050420168069,0.0331950207468879,3.96,2.24,-0.4065656565656566,0.0491071428571427,4623568.600000001,7296664.877000001,2.35,2.39,,,,,,,,0,,0,0,0,0,0,0,13.0,917.0,1.0,1.0,1,8.0,0,0,0,0,0.0,0.0,0.0,0.0,0,0,0,0,0.0,0.0,0.0,0.0,0,0,0,0,0.0,0.0,0.0,0.0,0,0,0,0,0.0,0.0,0.0,0.0,0,0,0,0,0.0,0.0,0.0,0.0,0,0,0,0,0.0,0.0,0.0,0.0,0,0,0,1,0.0,0.0,0.0,2.0,0,0,0,0,0.0,0.0,0.0,0.0,0,0,0,0,0.0,0.0,0.0,0.0,0,0,0,1,10000.0,0.017021276595744705,0.0013704891438170949,,False,2026-10-16,0.016425421035306628,-0.015217982775728155,0.4276044988141059,0.0,True,next_open_gap_checked
WRD,2026-09-16,5.59,5.65,5.47,5.51,5.51,2303378.0,-0.0143112701252235,-0.0417391304347826,-0.0532646048109965,-0.0265017667844523,-0.0816666666666666,-0.0862354892205639,0.0121540173762653,0.0305080983971511,0.0328744846851592,1.147249545795114,1.0072838254673366,0.0,0.0322003577817532,12.55,5.18,-0.5609561752988048,0.0637065637065636,12691612.78,11856355.455999998,5.51,5.62,,,,,,,,0,,0,0,0,0,0,0,,,0.0,0.0,0,0.0,0,0,0,0,0.0,0.0,0.0,0.0,0,0,0,0,0.0,0.0,0.0,0.0,0,0,0,0,0.0,0.0,0.0,0.0,0,0,0,0,0.0,0.0,0.0,0.0,0,0,0,0,0.0,0.0,0.0,0.0,0,0,0,0,0.0,0.0,0.0,0.0,0,0,0,0,0.0,0.0,0.0,0.0,0,0,0,0,0.0,0.0,0.0,0.0,0,0,0,0,0.0,0.0,0.0,0.0,0,0,0,0,10000.0,0.019963702359346636,0.0008434295038733361,,False,2026-10-16,0.004115181018112375,-0.012764690837191098,0.4307519848845466,0.0,True,next_open_gap_checked
WRN,2026-09-16,2.33,2.345,2.205,2.25,2.25,1205087.0,-0.0174672489082969,-0.066390041493776,-0.12109375,-0.0466101694915254,-0.0466101694915254,-0.0343347639484978,0.0274454659024243,0.03163840527888,0.0306884564769933,1.0985694831954709,0.9172054405053942,0.0174672489082969,0.0600858369098712,4.26,1.595,-0.4718309859154929,0.4106583072100314,2711445.75,2675108.343,2.25,2.33,,,,,,,,0,,0,0,0,0,0,0,,,0.0,0.0,0,0.0,0,0,0,0,0.0,0.0,0.0,0.0,0,0,0,0,0.0,0.0,0.0,0.0,0,0,0,0,0.0,0.0,0.0,0.0,0,0,0,0,0.0,0.0,0.0,0.0,0,0,0,0,0.0,0.0,0.0,0.0,0,0,0,0,0.0,0.0,0.0,0.0,0,0,0,0,0.0,0.0,0.0,0.0,0,0,0,0,0.0,0.0,0.0,0.0,0,0,0,0,0.0,0.0,0.0,0.0,0,0,0,0,10000.0,0.03555555555555556,0.003738166353586076,,False,2026-10-16,0.004115181018112375,-0.013172034795535961,0.4290337624524071,0.0,True,next_open_gap_checked
WTI,2026-09-16,4.06,4.06,3.85,3.89,3.89,3952744.0,-0.0581113801452783,-0.0535279805352798,-0.0418719211822659,0.0103896103896103,0.0156657963446475,0.1752265861027191,0.0394590297449545,0.0316582176766288,0.0407757492239777,1.1775832847060932,1.02443715134949,-0.0169491525423729,0.0517241379310343,5.08,1.5,-0.234251968503937,1.5933333333333333,15376174.16,13123253.064,3.89,3.79,,,,,,,,0,,0,0,0,0,0,0,37.0,615.9583333333334,0.0,1.0,1,8.0,0,0,0,0,0.0,0.0,0.0,0.0,0,0,0,1,0.0,0.0,0.0,1.0,0,0,0,0,0.0,0.0,0.0,0.0,0,0,0,0,0.0,0.0,0.0,0.0,0,0,0,0,0.0,0.0,0.0,0.0,0,0,0,0,0.0,0.0,0.0,0.0,0,0,0,1,0.0,0.0,0.0,3.0,0,0,0,0,0.0,0.0,0.0,0.0,0,0,0,0,0.0,0.0,0.0,0.0,0,0,0,1,10000.0,-0.02570694087403602,0.0007620061848408778,,False,2026-10-16,0.025393121263413605,-0.007719342034429023,0.4103084870020961,0.0,True,next_open_gap_checked
WTS,2026-09-16,352.73,355.935,345.72,348.78,348.78,218550.0,-0.0048220960424574,-0.0203359361833604,-0.0210783350641332,-0.0195648507336819,-0.0718999467802022,-0.0034857142857143,0.0126652014056721,0.0133617549560994,0.0227196065722972,1.2016418865255285,0.7607232213591448,0.0064484834650611,0.0289598276301986,394.54,260.0,-0.1159831702742435,0.3414615384615382,76225869.0,65850780.262,348.78,354.6,,,,,,,,0,,0,0,0,0,0,0,41.0,1107.0,0.0,1.0,1,8.0,0,0,0,0,0.0,0.0,0.0,0.0,0,0,0,1,0.0,0.0,0.0,1.0,0,0,0,1,0.0,0.0,0.0,3.0,0,0,0,0,0.0,0.0,0.0,0.0,0,0,0,0,0.0,0.0,0.0,0.0,0,0,0,0,0.0,0.0,0.0,0.0,0,0,0,1,0.0,0.0,0.0,7.0,0,0,0,1,0.0,0.0,0.0,3.0,0,0,0,0,0.0,0.0,0.0,0.0,0,0,0,1,10000.0,0.016686736624806686,0.0001518584891509725,,False,2026-10-16,0.010535770241936537,-0.018416836122572777,0.40957520147979093,0.0,True,next_open_gap_checked
WYFI,2026-09-16,17.26,17.9,16.81,17.26,17.26,1239606.0,0.0261593341260404,-0.0982236154649947,-0.1061626100466078,-0.0137142857142856,-0.3623937938677503,-0.6144739781103417,0.0490504066451669,0.0660177383375208,0.0819324693496621,0.4429638238670583,0.4661464268920562,0.0261593341260404,0.0631517960602549,46.87,10.51,-0.6317473863878813,0.642245480494767,21395599.56,55666855.09,17.26,18.05,,,,,,,,0,,0,0,0,0,0,0,2.0,30.0,1.0,2.0,4,8.0,0,0,0,0,0.0,0.0,0.0,0.0,0,0,0,0,0.0,0.0,0.0,0.0,0,0,0,0,0.0,0.0,0.0,0.0,0,0,0,0,0.0,0.0,0.0,0.0,0,0,0,0,0.0,0.0,0.0,0.0,0,0,0,0,0.0,0.0,0.0,0.0,0,1,1,1,0.0,1.0,2.0,4.0,0,0,0,0,0.0,0.0,0.0,0.0,0,0,0,0,0.0,0.0,0.0,0.0,0,1,1,1,10000.0,0.04577056778679012,0.0001796401105079924,,False,2026-10-16,0.009700005799370488,-0.01310848566669726,0.4288394981177257,0.0,True,next_open_gap_checked
XEL,2026-09-16,72.4,73.493,72.39,72.71,72.71,7658911.0,0.0030349013657056,-0.036953642384106,-0.0456752854705342,-0.0419027539860324,-0.0815965643551851,-0.0774013450069789,0.0112832299432277,0.0116989691607979,0.0116308578810484,1.3411161700793208,1.4762097476919291,-0.0012415505586975,0.0152348066298341,84.23,71.35,-0.1367683723139025,0.0190609670637702,556879418.81,433676761.1595,72.71,73.22,,,,,,,,0,,0,0,0,0,0,0,26.0,2543.0,1.0,1.0,1,8.0,0,0,0,0,0.0,0.0,0.0,0.0,0,0,0,0,0.0,0.0,0.0,0.0,0,0,0,0,0.0,0.0,0.0,0.0,0,0,0,0,0.0,0.0,0.0,0.0,0,0,0,0,0.0,0.0,0.0,0.0,0,0,0,0,0.0,0.0,0.0,0.0,0,0,0,1,0.0,0.0,0.0,3.0,0,0,0,0,0.0,0.0,0.0,0.0,0,0,0,0,0.0,0.0,0.0,0.0,0,0,0,1,10000.0,0.007014165864392963,2.305864850416125e-05,,False,2026-10-16,0.00706761816404637,-0.02465291489136744,0.32691362956422026,0.0,True,next_open_gap_checked
XHR,2026-09-16,17.54,17.735,17.13,17.54,17.54,859928.0,0.002858776443682,-0.0056689342403628,-0.0056689342403628,-0.0410060142154182,-0.0897768552153607,-0.1273631840796021,0.0048638734617879,0.0123933891010043,0.0172199196456896,1.1539976416217923,1.1566881147900137,0.002858776443682,0.0344925883694413,22.06,11.75,-0.2048957388939256,0.4927659574468084,15083137.12,13741859.868,17.54,17.36,,,,,,,,0,,0,0,0,0,0,0,0.0,658.9583333333334,1.0,1.0,1,8.0,0,0,0,0,0.0,0.0,0.0,0.0,0,0,0,1,0.0,0.0,0.0,1.0,0,0,0,1,0.0,0.0,0.0,2.0,0,0,0,0,0.0,0.0,0.0,0.0,0,0,0,0,0.0,0.0,0.0,0.0,0,0,0,0,0.0,0.0,0.0,0.0,0,0,0,1,0.0,0.0,0.0,3.0,0,0,0,1,0.0,0.0,0.0,2.0,0,0,0,0,0.0,0.0,0.0,0.0,0,0,0,1,10000.0,-0.010262257696693311,0.0007277035347512539,,False,2026-10-16,0.019452922815987046,-0.02465291489136744,0.32997908327348174,0.0,True,next_open_gap_checked
XMTR,2026-09-16,87.87,93.68,87.29,93.15,93.15,957034.0,0.0635382771022436,0.081755893624434,0.0883280757097793,0.0219418540866702,0.0837696335078534,0.0173656618610746,0.0311051687537362,0.0344287683910662,0.0360684169758514,1.666019083509678,1.3216617241143669,0.0032539818462067,0.0727210652099692,106.08,35.86,-0.1218891402714931,1.5976017847183497,89147717.10000001,51056738.815249994,93.15,95.8,,,,,,,,0,,0,0,0,0,0,0,43.0,504.0,0.0,1.0,1,8.0,0,0,0,0,0.0,0.0,0.0,0.0,0,0,0,0,0.0,0.0,0.0,0.0,0,0,0,0,0.0,0.0,0.0,0.0,0,0,0,0,0.0,0.0,0.0,0.0,0,0,0,0,0.0,0.0,0.0,0.0,0,0,0,0,0.0,0.0,0.0,0.0,0,0,0,0,0.0,0.0,0.0,0.0,0,0,0,1,0.0,0.0,0.0,1.0,0,0,0,0,0.0,0.0,0.0,0.0,0,0,0,1,10000.0,0.028448738593666034,0.00019586053148018783,,False,2026-10-16,0.014063837054746451,-0.00952147492467239,0.4334154196170729,0.0,True,next_open_gap_checked
XPOF,2026-09-16,3.79,3.86,3.62,3.77,3.77,1020529.0,-0.0156657963446474,-0.0827250608272507,-0.0645161290322581,-0.2504970178926441,-0.2564102564102565,-0.4296520423600605,0.0232554015056413,0.0484045906540646,0.0432267125734184,1.5974227205128138,1.2703346310308683,-0.010443864229765,0.0633245382585751,9.25,3.62,-0.5924324324324324,0.0414364640883977,3847394.33,2964246.9620000003,3.77,3.82,,,,,,,,0,,0,0,0,0,0,0,7.0,7.0,1.0,1.0,1,8.0,0,0,0,0,0.0,0.0,0.0,0.0,0,0,0,0,0.0,0.0,0.0,0.0,0,0,0,1,0.0,0.0,0.0,4.0,0,0,0,0,0.0,0.0,0.0,0.0,0,0,0,0,0.0,0.0,0.0,0.0,0,0,0,0,0.0,0.0,0.0,0.0,1,1,1,1,2.0,2.0,2.0,2.0,0,0,0,1,0.0,0.0,0.0,1.0,0,0,0,0,0.0,0.0,0.0,0.0,1,1,1,1,10000.0,0.013262599469495928,0.0033735380783701378,,False,2026-10-16,0.012030755443926129,-0.008034073051655377,0.44759023995988373,0.0,True,next_open_gap_checked
XRAY,2026-09-16,9.8,10.29,9.8,10.14,10.14,5509481.0,0.0315361139369279,-0.0305927342256214,-0.0541044776119402,-0.057620817843866,-0.0873087308730872,-0.0009852216748768,0.0305176549257087,0.0236594263585856,0.031034173525813,1.5324316659188983,1.1085740728429545,-0.0030518819938961,0.0499999999999998,14.755,9.405,-0.3127753303964757,0.0781499202551836,55866137.34,38847733.4505,10.14,10.11,,,,,,,,0,,0,0,0,0,0,0,40.0,581.9583333333334,0.0,1.0,1,8.0,0,0,0,1,0.0,0.0,0.0,2.0,0,0,0,0,0.0,0.0,0.0,0.0,0,0,0,0,0.0,0.0,0.0,0.0,0,0,0,0,0.0,0.0,0.0,0.0,0,0,0,0,0.0,0.0,0.0,0.0,0,0,0,1,0.0,0.0,0.0,1.0,0,0,0,1,0.0,0.0,0.0,3.0,0,0,0,1,0.0,0.0,0.0,11.0,0,0,0,0,0.0,0.0,0.0,0.0,0,0,0,1,10000.0,-0.002958579881656931,0.000257415275275765,,False,2026-10-16,0.014483501216730154,-0.015924135071411424,0.4297477294795642,0.0,True,next_open_gap_checked
YCBD,2026-09-16,0.4611,0.4787,0.455,0.466,0.466,42731.0,0.0128232992827646,-0.0335960182496889,-0.0526529782476112,-0.0678135627125424,-0.0085106382978722,-0.3247355455731053,0.0215805657696569,0.0306608675231799,0.0446051485040951,0.2472893857580735,0.2090568810092356,0.0021734405564006,0.051398828887443,2.56,0.4521,-0.81796875,0.0307454103074542,19912.646,85661.98296999963,0.466,0.4744,,,,,,,,0,,0,0,0,0,0,0,14.0,14.0,1.0,1.0,1,8.0,0,0,0,0,0.0,0.0,0.0,0.0,0,0,0,0,0.0,0.0,0.0,0.0,0,0,0,0,0.0,0.0,0.0,0.0,0,0,0,0,0.0,0.0,0.0,0.0,0,0,0,0,0.0,0.0,0.0,0.0,0,0,0,0,0.0,0.0,0.0,0.0,1,1,1,1,1.0,1.0,1.0,10.0,0,0,0,1,0.0,0.0,0.0,2.0,0,0,0,0,0.0,0.0,0.0,0.0,1,1,1,1,10000.0,0.018025751072961338,0.11673789997952977,,False,2026-10-16,0.010609031309482467,0.0042491584742211114,0.41433931571221805,0.00018134138928832476,False,next_open_gap_checked
YCS,2026-09-16,52.2,52.9,52.12,52.82,52.82,3732.0,0.0134305448963929,0.0321647711728612,0.0336594911937377,-0.0505123134999101,-0.041031227305737,-0.0547602004294918,0.0082280626420496,0.0141834765580594,0.0118781332993365,0.2416480239835016,0.1253638389820402,0.0015349194167306,0.0149425287356322,57.92,42.92,-0.0880524861878453,0.2306616961789376,197124.24,826553.7268000001,52.82,52.6,,,,,,,,0,,0,0,0,0,0,0,127.0,,0.0,0.0,1,8.0,0,0,0,0,0.0,0.0,0.0,0.0,0,0,0,0,0.0,0.0,0.0,0.0,0,0,0,0,0.0,0.0,0.0,0.0,0,0,0,0,0.0,0.0,0.0,0.0,0,0,0,0,0.0,0.0,0.0,0.0,0,0,0,0,0.0,0.0,0.0,0.0,0,0,0,0,0.0,0.0,0.0,0.0,0,0,0,0,0.0,0.0,0.0,0.0,0,0,0,0,0.0,0.0,0.0,0.0,0,0,0,0,10000.0,-0.004165088981446408,0.012098427090414275,,False,2026-10-16,0.010442274612061918,-0.025137186628491796,0.32256396244726143,0.0,True,next_open_gap_checked
YSXT,2026-09-16,1.297,1.297,1.24,1.24,1.24,342.0,-0.0236220472440945,-0.03125,-0.0387596899224806,0.0420168067226891,0.2526517830083847,-0.008,0.0130260604908562,0.0712604758728923,0.0863850910463312,0.0096130062287783,0.0017142623705291,0.021259842519685,0.043947571318427,5.01,0.5021,-0.7524950099800399,1.4696275642302332,424.08,41761.188700000006,1.24,1.27,,,,,,,,0,,0,0,0,0,0,0,,,0.0,0.0,0,0.0,0,0,0,0,0.0,0.0,0.0,0.0,0,0,0,0,0.0,0.0,0.0,0.0,0,0,0,0,0.0,0.0,0.0,0.0,0,0,0,0,0.0,0.0,0.0,0.0,0,0,0,0,0.0,0.0,0.0,0.0,0,0,0,0,0.0,0.0,0.0,0.0,0,0,0,0,0.0,0.0,0.0,0.0,0,0,0,0,0.0,0.0,0.0,0.0,0,0,0,0,0.0,0.0,0.0,0.0,0,0,0,0,10000.0,0.024193548387096753,0.2394567853859964,,False,2026-10-16,0.004115181018112375,0.007433606198457106,0.40208807686497317,0.0001917411011828439,False,next_open_gap_checked
ZETA,2026-09-16,30.53,31.44,30.37,30.85,30.85,4517754.0,-0.0061211340206185,0.0222001325381047,0.0141354372123603,-0.0224968314321926,0.0928090683669855,0.670276123443422,0.0152348558629958,0.0318833737192368,0.0382561142034621,0.7091118933706356,0.5429487624234385,-0.0164304123711339,0.0350474942679331,32.81,14.365,-0.0597378847912222,1.1475809258614689,139372710.9,193842336.97,30.85,30.94,,,,,,,,0,,0,0,0,0,0,0,42.0,870.0,0.0,1.0,1,8.0,0,0,0,0,0.0,0.0,0.0,0.0,0,0,0,0,0.0,0.0,0.0,0.0,0,0,0,1,0.0,0.0,0.0,2.0,0,0,0,0,0.0,0.0,0.0,0.0,0,0,0,0,0.0,0.0,0.0,0.0,0,0,0,1,0.0,0.0,0.0,8.0,0,0,0,1,0.0,0.0,0.0,1.0,0,0,0,1,0.0,0.0,0.0,20.0,0,0,0,0,0.0,0.0,0.0,0.0,0,0,0,1,10000.0,0.00291734197730964,5.158831737334889e-05,,False,2026-10-16,0.02094079480853854,-0.00952147492467239,0.4180344026442002,0.0,True,next_open_gap_checked
ZJYL,2026-09-16,1.985,2.013,1.87,1.97,1.97,13546.0,-0.0100502512562814,-0.0483091787439613,-0.1244444444444444,-0.1045454545454546,-0.3603896103896103,-0.1893004115226337,0.0400807195559479,0.0535453978869032,0.0798543684591929,0.0999979330118674,0.0176708050084848,-0.0025125628140703,0.0720403022670024,13.484,1.53,-0.8539009196084248,0.2875816993464051,26685.62,303902.69449999894,1.97,2.06,,,,,,,,0,,0,0,0,0,0,0,,,0.0,0.0,0,0.0,0,0,0,0,0.0,0.0,0.0,0.0,0,0,0,0,0.0,0.0,0.0,0.0,0,0,0,0,0.0,0.0,0.0,0.0,0,0,0,0,0.0,0.0,0.0,0.0,0,0,0,0,0.0,0.0,0.0,0.0,0,0,0,0,0.0,0.0,0.0,0.0,0,0,0,0,0.0,0.0,0.0,0.0,0,0,0,0,0.0,0.0,0.0,0.0,0,0,0,0,0.0,0.0,0.0,0.0,0,0,0,0,10000.0,0.045685279187817285,0.03290526928842362,,False,2026-10-16,0.004115181018112375,0.00231354036330211,0.404265290067238,5.9998170440965856e-05,False,next_open_gap_checked
