symbol,cik,company_name,exchange,event_type,event_date,label_quality,source_url,cik_source,acquirer,acquirer_name
KRRO,0001703647,"Korro Bio, Inc.",Nasdaq,NONE,,control_no_seeded_acquisition_in_stockanalysis_pull,https://www.sec.gov/files/company_tickers_exchange.json,sec_company_tickers_exchange,,
CHY,0001222719,CALAMOS CONVERTIBLE & HIGH INCOME FUND,Nasdaq,NONE,,control_no_seeded_acquisition_in_stockanalysis_pull,https://www.sec.gov/files/company_tickers_exchange.json,sec_company_tickers_exchange,,
CDLR,0001978867,Cadeler A/S,NYSE,NONE,,control_no_seeded_acquisition_in_stockanalysis_pull,https://www.sec.gov/files/company_tickers_exchange.json,sec_company_tickers_exchange,,
ACH,0000075252,ACCENDRA HEALTH INC/VA/,NYSE,NONE,,control_no_seeded_acquisition_in_stockanalysis_pull,https://www.sec.gov/files/company_tickers_exchange.json,sec_company_tickers_exchange,,
ALB-PA,0000915913,ALBEMARLE CORP,NYSE,NONE,,control_no_seeded_acquisition_in_stockanalysis_pull,https://www.sec.gov/files/company_tickers_exchange.json,sec_company_tickers_exchange,,
ONTO,0000704532,ONTO INNOVATION INC.,NYSE,NONE,,control_no_seeded_acquisition_in_stockanalysis_pull,https://www.sec.gov/files/company_tickers_exchange.json,sec_company_tickers_exchange,,
FLY,0001860160,Firefly Aerospace Inc.,Nasdaq,NONE,,control_no_seeded_acquisition_in_stockanalysis_pull,https://www.sec.gov/files/company_tickers_exchange.json,sec_company_tickers_exchange,,
FERG,0002011641,Ferguson Enterprises Inc. /DE/,NYSE,NONE,,control_no_seeded_acquisition_in_stockanalysis_pull,https://www.sec.gov/files/company_tickers_exchange.json,sec_company_tickers_exchange,,
OIO,0001957538,OIO Group,Nasdaq,NONE,,control_no_seeded_acquisition_in_stockanalysis_pull,https://www.sec.gov/files/company_tickers_exchange.json,sec_company_tickers_exchange,,
GSUI,0002034012,Grayscale Sui Staking ETF,NYSE,NONE,,control_no_seeded_acquisition_in_stockanalysis_pull,https://www.sec.gov/files/company_tickers_exchange.json,sec_company_tickers_exchange,,
OBAWU,0002034313,Oxley Bridge Acquisition Ltd,Nasdaq,NONE,,control_no_seeded_acquisition_in_stockanalysis_pull,https://www.sec.gov/files/company_tickers_exchange.json,sec_company_tickers_exchange,,
KRMN,0002040127,Karman Holdings Inc.,NYSE,NONE,,control_no_seeded_acquisition_in_stockanalysis_pull,https://www.sec.gov/files/company_tickers_exchange.json,sec_company_tickers_exchange,,
AMTD,0001769731,AMTD IDEA GROUP,NYSE,NONE,,control_no_seeded_acquisition_in_stockanalysis_pull,https://www.sec.gov/files/company_tickers_exchange.json,sec_company_tickers_exchange,,
YICC,0002130386,Yorkville International Capital Corp.,Nasdaq,NONE,,control_no_seeded_acquisition_in_stockanalysis_pull,https://www.sec.gov/files/company_tickers_exchange.json,sec_company_tickers_exchange,,
GRAB,0001855612,Grab Holdings Ltd,Nasdaq,NONE,,control_no_seeded_acquisition_in_stockanalysis_pull,https://www.sec.gov/files/company_tickers_exchange.json,sec_company_tickers_exchange,,
JBDI,0001964314,JBDI Holdings Ltd,Nasdaq,NONE,,control_no_seeded_acquisition_in_stockanalysis_pull,https://www.sec.gov/files/company_tickers_exchange.json,sec_company_tickers_exchange,,
AVIR,0001593899,"Atea Pharmaceuticals, Inc.",Nasdaq,NONE,,control_no_seeded_acquisition_in_stockanalysis_pull,https://www.sec.gov/files/company_tickers_exchange.json,sec_company_tickers_exchange,,
KUST,0001342958,"KUSTOM ENTERTAINMENT, INC.",Nasdaq,NONE,,control_no_seeded_acquisition_in_stockanalysis_pull,https://www.sec.gov/files/company_tickers_exchange.json,sec_company_tickers_exchange,,
ATLCL,0001464343,Atlanticus Holdings Corp,Nasdaq,NONE,,control_no_seeded_acquisition_in_stockanalysis_pull,https://www.sec.gov/files/company_tickers_exchange.json,sec_company_tickers_exchange,,
PLUT,0001933021,Plutus Financial Group Ltd,Nasdaq,NONE,,control_no_seeded_acquisition_in_stockanalysis_pull,https://www.sec.gov/files/company_tickers_exchange.json,sec_company_tickers_exchange,,
FR,0000921825,FIRST INDUSTRIAL REALTY TRUST INC,NYSE,NONE,,control_no_seeded_acquisition_in_stockanalysis_pull,https://www.sec.gov/files/company_tickers_exchange.json,sec_company_tickers_exchange,,
GILD,0000882095,"GILEAD SCIENCES, INC.",Nasdaq,NONE,,control_no_seeded_acquisition_in_stockanalysis_pull,https://www.sec.gov/files/company_tickers_exchange.json,sec_company_tickers_exchange,,
R,0000085961,RYDER SYSTEM INC,NYSE,NONE,,control_no_seeded_acquisition_in_stockanalysis_pull,https://www.sec.gov/files/company_tickers_exchange.json,sec_company_tickers_exchange,,
CHGG,0001364954,"CHEGG, INC",NYSE,NONE,,control_no_seeded_acquisition_in_stockanalysis_pull,https://www.sec.gov/files/company_tickers_exchange.json,sec_company_tickers_exchange,,
KMPR,0000860748,KEMPER Corp,NYSE,NONE,,control_no_seeded_acquisition_in_stockanalysis_pull,https://www.sec.gov/files/company_tickers_exchange.json,sec_company_tickers_exchange,,
PDFS,0001120914,PDF SOLUTIONS INC,Nasdaq,NONE,,control_no_seeded_acquisition_in_stockanalysis_pull,https://www.sec.gov/files/company_tickers_exchange.json,sec_company_tickers_exchange,,
VLYPO,0000714310,VALLEY NATIONAL BANCORP,Nasdaq,NONE,,control_no_seeded_acquisition_in_stockanalysis_pull,https://www.sec.gov/files/company_tickers_exchange.json,sec_company_tickers_exchange,,
QQQX,0001608741,Nuveen NASDAQ 100 Dynamic Overwrite Fund,Nasdaq,NONE,,control_no_seeded_acquisition_in_stockanalysis_pull,https://www.sec.gov/files/company_tickers_exchange.json,sec_company_tickers_exchange,,
FGIWW,0001864943,FGI Industries Ltd.,Nasdaq,NONE,,control_no_seeded_acquisition_in_stockanalysis_pull,https://www.sec.gov/files/company_tickers_exchange.json,sec_company_tickers_exchange,,
CDXS,0001200375,"CODEXIS, INC.",Nasdaq,NONE,,control_no_seeded_acquisition_in_stockanalysis_pull,https://www.sec.gov/files/company_tickers_exchange.json,sec_company_tickers_exchange,,
EDU,0001372920,New Oriental Education & Technology Group Inc.,NYSE,NONE,,control_no_seeded_acquisition_in_stockanalysis_pull,https://www.sec.gov/files/company_tickers_exchange.json,sec_company_tickers_exchange,,
BACCU,0002059654,Blue Acquisition Corp/Cayman,Nasdaq,NONE,,control_no_seeded_acquisition_in_stockanalysis_pull,https://www.sec.gov/files/company_tickers_exchange.json,sec_company_tickers_exchange,,
EPOW,0001780731,E-Power Inc.,Nasdaq,NONE,,control_no_seeded_acquisition_in_stockanalysis_pull,https://www.sec.gov/files/company_tickers_exchange.json,sec_company_tickers_exchange,,
BOSC,0001005516,BOS BETTER ONLINE SOLUTIONS LTD,Nasdaq,NONE,,control_no_seeded_acquisition_in_stockanalysis_pull,https://www.sec.gov/files/company_tickers_exchange.json,sec_company_tickers_exchange,,
USB-PP,0000036104,US BANCORP \DE\,NYSE,NONE,,control_no_seeded_acquisition_in_stockanalysis_pull,https://www.sec.gov/files/company_tickers_exchange.json,sec_company_tickers_exchange,,
BLNE,0001534708,"Beeline Holdings, Inc.",Nasdaq,NONE,,control_no_seeded_acquisition_in_stockanalysis_pull,https://www.sec.gov/files/company_tickers_exchange.json,sec_company_tickers_exchange,,
ACB,0001683541,AURORA CANNABIS INC,Nasdaq,NONE,,control_no_seeded_acquisition_in_stockanalysis_pull,https://www.sec.gov/files/company_tickers_exchange.json,sec_company_tickers_exchange,,
YSXT,0001993463,"YSX Tech Co., Ltd",Nasdaq,NONE,,control_no_seeded_acquisition_in_stockanalysis_pull,https://www.sec.gov/files/company_tickers_exchange.json,sec_company_tickers_exchange,,
GHRS,0001855129,GH Research PLC,Nasdaq,NONE,,control_no_seeded_acquisition_in_stockanalysis_pull,https://www.sec.gov/files/company_tickers_exchange.json,sec_company_tickers_exchange,,
EWAVU,0002100704,East West Ave Acquisition Corp.,Nasdaq,NONE,,control_no_seeded_acquisition_in_stockanalysis_pull,https://www.sec.gov/files/company_tickers_exchange.json,sec_company_tickers_exchange,,
RZLVW,0001920294,REZOLVE AI PLC,Nasdaq,NONE,,control_no_seeded_acquisition_in_stockanalysis_pull,https://www.sec.gov/files/company_tickers_exchange.json,sec_company_tickers_exchange,,
AHG,0001702318,Akso Health Group,Nasdaq,NONE,,control_no_seeded_acquisition_in_stockanalysis_pull,https://www.sec.gov/files/company_tickers_exchange.json,sec_company_tickers_exchange,,
LARK,0001141688,LANDMARK BANCORP INC,Nasdaq,NONE,,control_no_seeded_acquisition_in_stockanalysis_pull,https://www.sec.gov/files/company_tickers_exchange.json,sec_company_tickers_exchange,,
NHIVU,0002099767,NewHold Investment Corp IV,Nasdaq,NONE,,control_no_seeded_acquisition_in_stockanalysis_pull,https://www.sec.gov/files/company_tickers_exchange.json,sec_company_tickers_exchange,,
AB,0000825313,ALLIANCEBERNSTEIN HOLDING L.P.,NYSE,NONE,,control_no_seeded_acquisition_in_stockanalysis_pull,https://www.sec.gov/files/company_tickers_exchange.json,sec_company_tickers_exchange,,
BNC,0001482541,CEA Industries Inc.,Nasdaq,NONE,,control_no_seeded_acquisition_in_stockanalysis_pull,https://www.sec.gov/files/company_tickers_exchange.json,sec_company_tickers_exchange,,
DAAQ,0002052162,Digital Asset Acquisition Corp.,Nasdaq,NONE,,control_no_seeded_acquisition_in_stockanalysis_pull,https://www.sec.gov/files/company_tickers_exchange.json,sec_company_tickers_exchange,,
ADEA,0001803696,Adeia Inc.,Nasdaq,NONE,,control_no_seeded_acquisition_in_stockanalysis_pull,https://www.sec.gov/files/company_tickers_exchange.json,sec_company_tickers_exchange,,
CMI,0000026172,CUMMINS INC,NYSE,NONE,,control_no_seeded_acquisition_in_stockanalysis_pull,https://www.sec.gov/files/company_tickers_exchange.json,sec_company_tickers_exchange,,
NHICU,0002043699,NewHold Investment Corp. III,Nasdaq,NONE,,control_no_seeded_acquisition_in_stockanalysis_pull,https://www.sec.gov/files/company_tickers_exchange.json,sec_company_tickers_exchange,,
NGEN,0001751912,NERVGEN PHARMA CORP.,Nasdaq,NONE,,control_no_seeded_acquisition_in_stockanalysis_pull,https://www.sec.gov/files/company_tickers_exchange.json,sec_company_tickers_exchange,,
GS,0000886982,GOLDMAN SACHS GROUP INC,NYSE,NONE,,control_no_seeded_acquisition_in_stockanalysis_pull,https://www.sec.gov/files/company_tickers_exchange.json,sec_company_tickers_exchange,,
RIO,0000863064,RIO TINTO PLC,NYSE,NONE,,control_no_seeded_acquisition_in_stockanalysis_pull,https://www.sec.gov/files/company_tickers_exchange.json,sec_company_tickers_exchange,,
PRG,0001808834,"PROG Holdings, Inc.",NYSE,NONE,,control_no_seeded_acquisition_in_stockanalysis_pull,https://www.sec.gov/files/company_tickers_exchange.json,sec_company_tickers_exchange,,
HCWB,0001828673,HCW Biologics Inc.,Nasdaq,NONE,,control_no_seeded_acquisition_in_stockanalysis_pull,https://www.sec.gov/files/company_tickers_exchange.json,sec_company_tickers_exchange,,
SOCAU,0002065948,Solarius Capital Acquisition Corp.,Nasdaq,NONE,,control_no_seeded_acquisition_in_stockanalysis_pull,https://www.sec.gov/files/company_tickers_exchange.json,sec_company_tickers_exchange,,
FORM,0001039399,FORMFACTOR INC,Nasdaq,NONE,,control_no_seeded_acquisition_in_stockanalysis_pull,https://www.sec.gov/files/company_tickers_exchange.json,sec_company_tickers_exchange,,
FTRA-UN,0002131853,FutureCorp Space Acquisition 1,NYSE,NONE,,control_no_seeded_acquisition_in_stockanalysis_pull,https://www.sec.gov/files/company_tickers_exchange.json,sec_company_tickers_exchange,,
SRJN,0001126956,SPIRE INC,NYSE,NONE,,control_no_seeded_acquisition_in_stockanalysis_pull,https://www.sec.gov/files/company_tickers_exchange.json,sec_company_tickers_exchange,,
MSLE,0001421642,Satellos Bioscience Inc.,Nasdaq,NONE,,control_no_seeded_acquisition_in_stockanalysis_pull,https://www.sec.gov/files/company_tickers_exchange.json,sec_company_tickers_exchange,,
LNG,0000003570,"Cheniere Energy, Inc.",NYSE,NONE,,control_no_seeded_acquisition_in_stockanalysis_pull,https://www.sec.gov/files/company_tickers_exchange.json,sec_company_tickers_exchange,,
AMODW,0001862463,"ALPHA MODUS HOLDINGS, INC.",Nasdaq,NONE,,control_no_seeded_acquisition_in_stockanalysis_pull,https://www.sec.gov/files/company_tickers_exchange.json,sec_company_tickers_exchange,,
BC-PC,0000014930,BRUNSWICK CORP,NYSE,NONE,,control_no_seeded_acquisition_in_stockanalysis_pull,https://www.sec.gov/files/company_tickers_exchange.json,sec_company_tickers_exchange,,
NBIS,0001513845,Nebius Group N.V.,Nasdaq,NONE,,control_no_seeded_acquisition_in_stockanalysis_pull,https://www.sec.gov/files/company_tickers_exchange.json,sec_company_tickers_exchange,,
IVZ,0000914208,Invesco Ltd.,NYSE,NONE,,control_no_seeded_acquisition_in_stockanalysis_pull,https://www.sec.gov/files/company_tickers_exchange.json,sec_company_tickers_exchange,,
MSA,0000066570,MSA Safety Inc,NYSE,NONE,,control_no_seeded_acquisition_in_stockanalysis_pull,https://www.sec.gov/files/company_tickers_exchange.json,sec_company_tickers_exchange,,
VISN,0001517228,"Vistance Networks, Inc.",Nasdaq,NONE,,control_no_seeded_acquisition_in_stockanalysis_pull,https://www.sec.gov/files/company_tickers_exchange.json,sec_company_tickers_exchange,,
WEX,0001309108,WEX Inc.,NYSE,NONE,,control_no_seeded_acquisition_in_stockanalysis_pull,https://www.sec.gov/files/company_tickers_exchange.json,sec_company_tickers_exchange,,
HXL,0000717605,HEXCEL CORP /DE/,NYSE,NONE,,control_no_seeded_acquisition_in_stockanalysis_pull,https://www.sec.gov/files/company_tickers_exchange.json,sec_company_tickers_exchange,,
COP,0001163165,CONOCOPHILLIPS,NYSE,NONE,,control_no_seeded_acquisition_in_stockanalysis_pull,https://www.sec.gov/files/company_tickers_exchange.json,sec_company_tickers_exchange,,
ELVN,0001672619,"Enliven Therapeutics, Inc.",Nasdaq,NONE,,control_no_seeded_acquisition_in_stockanalysis_pull,https://www.sec.gov/files/company_tickers_exchange.json,sec_company_tickers_exchange,,
PLXS,0000785786,PLEXUS CORP,Nasdaq,NONE,,control_no_seeded_acquisition_in_stockanalysis_pull,https://www.sec.gov/files/company_tickers_exchange.json,sec_company_tickers_exchange,,
BOXL,0001624512,Boxlight Corp,Nasdaq,NONE,,control_no_seeded_acquisition_in_stockanalysis_pull,https://www.sec.gov/files/company_tickers_exchange.json,sec_company_tickers_exchange,,
BIDWU,0002094919,Tribeca Strategic Acquisition Corp.,Nasdaq,NONE,,control_no_seeded_acquisition_in_stockanalysis_pull,https://www.sec.gov/files/company_tickers_exchange.json,sec_company_tickers_exchange,,
TLF,0000909724,TANDY LEATHER FACTORY INC,Nasdaq,NONE,,control_no_seeded_acquisition_in_stockanalysis_pull,https://www.sec.gov/files/company_tickers_exchange.json,sec_company_tickers_exchange,,
TRLV,0001754195,Trulieve Cannabis Corp.,NYSE,NONE,,control_no_seeded_acquisition_in_stockanalysis_pull,https://www.sec.gov/files/company_tickers_exchange.json,sec_company_tickers_exchange,,
BRTMW,0002131350,B&R Technology Merger Corp.,Nasdaq,NONE,,control_no_seeded_acquisition_in_stockanalysis_pull,https://www.sec.gov/files/company_tickers_exchange.json,sec_company_tickers_exchange,,
DCBO,0001829959,Docebo Inc.,Nasdaq,NONE,,control_no_seeded_acquisition_in_stockanalysis_pull,https://www.sec.gov/files/company_tickers_exchange.json,sec_company_tickers_exchange,,
SHAZ,0002068385,SharonAI Holdings Inc.,Nasdaq,NONE,,control_no_seeded_acquisition_in_stockanalysis_pull,https://www.sec.gov/files/company_tickers_exchange.json,sec_company_tickers_exchange,,
CWT,0001035201,CALIFORNIA WATER SERVICE GROUP,NYSE,NONE,,control_no_seeded_acquisition_in_stockanalysis_pull,https://www.sec.gov/files/company_tickers_exchange.json,sec_company_tickers_exchange,,
NEWTH,0001587987,"NewtekOne, Inc.",Nasdaq,NONE,,control_no_seeded_acquisition_in_stockanalysis_pull,https://www.sec.gov/files/company_tickers_exchange.json,sec_company_tickers_exchange,,
AHT-PI,0001232582,ASHFORD HOSPITALITY TRUST INC,NYSE,NONE,,control_no_seeded_acquisition_in_stockanalysis_pull,https://www.sec.gov/files/company_tickers_exchange.json,sec_company_tickers_exchange,,
CLNE,0001368265,Clean Energy Fuels Corp.,Nasdaq,NONE,,control_no_seeded_acquisition_in_stockanalysis_pull,https://www.sec.gov/files/company_tickers_exchange.json,sec_company_tickers_exchange,,
DLNG,0001578453,Dynagas LNG Partners LP,NYSE,NONE,,control_no_seeded_acquisition_in_stockanalysis_pull,https://www.sec.gov/files/company_tickers_exchange.json,sec_company_tickers_exchange,,
WIX,0001576789,Wix.com Ltd.,Nasdaq,NONE,,control_no_seeded_acquisition_in_stockanalysis_pull,https://www.sec.gov/files/company_tickers_exchange.json,sec_company_tickers_exchange,,
RVLV,0001746618,"Revolve Group, Inc.",NYSE,NONE,,control_no_seeded_acquisition_in_stockanalysis_pull,https://www.sec.gov/files/company_tickers_exchange.json,sec_company_tickers_exchange,,
MCHX,0001224133,MARCHEX INC,Nasdaq,NONE,,control_no_seeded_acquisition_in_stockanalysis_pull,https://www.sec.gov/files/company_tickers_exchange.json,sec_company_tickers_exchange,,
SHC,0001822479,Sotera Health Co,Nasdaq,NONE,,control_no_seeded_acquisition_in_stockanalysis_pull,https://www.sec.gov/files/company_tickers_exchange.json,sec_company_tickers_exchange,,
IPI,0001421461,"Intrepid Potash, Inc.",NYSE,NONE,,control_no_seeded_acquisition_in_stockanalysis_pull,https://www.sec.gov/files/company_tickers_exchange.json,sec_company_tickers_exchange,,
VSTS,0001967649,Vestis Corp,NYSE,NONE,,control_no_seeded_acquisition_in_stockanalysis_pull,https://www.sec.gov/files/company_tickers_exchange.json,sec_company_tickers_exchange,,
KOD,0001468748,Kodiak Sciences Inc.,Nasdaq,NONE,,control_no_seeded_acquisition_in_stockanalysis_pull,https://www.sec.gov/files/company_tickers_exchange.json,sec_company_tickers_exchange,,
CANE,0001471824,Teucrium Commodity Trust,NYSE,NONE,,control_no_seeded_acquisition_in_stockanalysis_pull,https://www.sec.gov/files/company_tickers_exchange.json,sec_company_tickers_exchange,,
NAC,0001074952,Nuveen California Quality Municipal Income Fund,NYSE,NONE,,control_no_seeded_acquisition_in_stockanalysis_pull,https://www.sec.gov/files/company_tickers_exchange.json,sec_company_tickers_exchange,,
NVST,0001757073,Envista Holdings Corp,NYSE,NONE,,control_no_seeded_acquisition_in_stockanalysis_pull,https://www.sec.gov/files/company_tickers_exchange.json,sec_company_tickers_exchange,,
ANDG,0002065708,Andersen Group Inc.,NYSE,NONE,,control_no_seeded_acquisition_in_stockanalysis_pull,https://www.sec.gov/files/company_tickers_exchange.json,sec_company_tickers_exchange,,
SHAK,0001620533,Shake Shack Inc.,NYSE,NONE,,control_no_seeded_acquisition_in_stockanalysis_pull,https://www.sec.gov/files/company_tickers_exchange.json,sec_company_tickers_exchange,,
NEXR,0001885408,Nexera Technologies Ltd,Nasdaq,NONE,,control_no_seeded_acquisition_in_stockanalysis_pull,https://www.sec.gov/files/company_tickers_exchange.json,sec_company_tickers_exchange,,
CAE,0001173382,CAE INC,Nasdaq,NONE,,control_no_seeded_acquisition_in_stockanalysis_pull,https://www.sec.gov/files/company_tickers_exchange.json,sec_company_tickers_exchange,,
YCBD,0001644903,"cbdMD, Inc.",NYSE,NONE,,control_no_seeded_acquisition_in_stockanalysis_pull,https://www.sec.gov/files/company_tickers_exchange.json,sec_company_tickers_exchange,,
SOUNW,0001840856,"SOUNDHOUND AI, INC.",Nasdaq,NONE,,control_no_seeded_acquisition_in_stockanalysis_pull,https://www.sec.gov/files/company_tickers_exchange.json,sec_company_tickers_exchange,,
ATLQW,0002128739,JAB Acquisition Corp I,Nasdaq,NONE,,control_no_seeded_acquisition_in_stockanalysis_pull,https://www.sec.gov/files/company_tickers_exchange.json,sec_company_tickers_exchange,,
BAC-PB,0000070858,BANK OF AMERICA CORP /DE/,NYSE,NONE,,control_no_seeded_acquisition_in_stockanalysis_pull,https://www.sec.gov/files/company_tickers_exchange.json,sec_company_tickers_exchange,,
CSW,0001624794,"CSW INDUSTRIALS, INC.",NYSE,NONE,,control_no_seeded_acquisition_in_stockanalysis_pull,https://www.sec.gov/files/company_tickers_exchange.json,sec_company_tickers_exchange,,
PNR,0000077360,PENTAIR plc,NYSE,NONE,,control_no_seeded_acquisition_in_stockanalysis_pull,https://www.sec.gov/files/company_tickers_exchange.json,sec_company_tickers_exchange,,
ONEG,0002030834,OneConstruction Group Ltd,Nasdaq,NONE,,control_no_seeded_acquisition_in_stockanalysis_pull,https://www.sec.gov/files/company_tickers_exchange.json,sec_company_tickers_exchange,,
TLRY,0001731348,"Tilray Brands, Inc.",Nasdaq,NONE,,control_no_seeded_acquisition_in_stockanalysis_pull,https://www.sec.gov/files/company_tickers_exchange.json,sec_company_tickers_exchange,,
EXYNW,0001960355,"Exyn Technologies, Inc.",Nasdaq,NONE,,control_no_seeded_acquisition_in_stockanalysis_pull,https://www.sec.gov/files/company_tickers_exchange.json,sec_company_tickers_exchange,,
PLUN-RI,0002065661,Plutonian Acquisition Corp. II,NYSE,NONE,,control_no_seeded_acquisition_in_stockanalysis_pull,https://www.sec.gov/files/company_tickers_exchange.json,sec_company_tickers_exchange,,
SXTP,0001946563,"60 DEGREES PHARMACEUTICALS, INC.",Nasdaq,NONE,,control_no_seeded_acquisition_in_stockanalysis_pull,https://www.sec.gov/files/company_tickers_exchange.json,sec_company_tickers_exchange,,
STRRP,0001210708,"Star Equity Holdings, Inc.",Nasdaq,NONE,,control_no_seeded_acquisition_in_stockanalysis_pull,https://www.sec.gov/files/company_tickers_exchange.json,sec_company_tickers_exchange,,
SKYAW,0001737995,"SkyAI, Inc.",Nasdaq,NONE,,control_no_seeded_acquisition_in_stockanalysis_pull,https://www.sec.gov/files/company_tickers_exchange.json,sec_company_tickers_exchange,,
HONA,0002089271,Honeywell Aerospace Inc.,Nasdaq,NONE,,control_no_seeded_acquisition_in_stockanalysis_pull,https://www.sec.gov/files/company_tickers_exchange.json,sec_company_tickers_exchange,,
VFC,0000103379,V F CORP,NYSE,NONE,,control_no_seeded_acquisition_in_stockanalysis_pull,https://www.sec.gov/files/company_tickers_exchange.json,sec_company_tickers_exchange,,
HUBCW,0001905660,Hub Cyber Security Ltd.,Nasdaq,NONE,,control_no_seeded_acquisition_in_stockanalysis_pull,https://www.sec.gov/files/company_tickers_exchange.json,sec_company_tickers_exchange,,
LX,0001708259,LexinFintech Holdings Ltd.,Nasdaq,NONE,,control_no_seeded_acquisition_in_stockanalysis_pull,https://www.sec.gov/files/company_tickers_exchange.json,sec_company_tickers_exchange,,
LAFAU,0002079106,LaFayette Acquisition Corp.,Nasdaq,NONE,,control_no_seeded_acquisition_in_stockanalysis_pull,https://www.sec.gov/files/company_tickers_exchange.json,sec_company_tickers_exchange,,
HAVAU,0002042460,Harvard Ave Acquisition Corp,Nasdaq,NONE,,control_no_seeded_acquisition_in_stockanalysis_pull,https://www.sec.gov/files/company_tickers_exchange.json,sec_company_tickers_exchange,,
CFG,0000759944,CITIZENS FINANCIAL GROUP INC/RI,NYSE,NONE,,control_no_seeded_acquisition_in_stockanalysis_pull,https://www.sec.gov/files/company_tickers_exchange.json,sec_company_tickers_exchange,,
BBLG,0001419554,Bone Biologics Corp,Nasdaq,NONE,,control_no_seeded_acquisition_in_stockanalysis_pull,https://www.sec.gov/files/company_tickers_exchange.json,sec_company_tickers_exchange,,
UGP,0001094972,ULTRAPAR HOLDINGS INC,NYSE,NONE,,control_no_seeded_acquisition_in_stockanalysis_pull,https://www.sec.gov/files/company_tickers_exchange.json,sec_company_tickers_exchange,,
WHLR,0001527541,"Wheeler Real Estate Investment Trust, Inc.",Nasdaq,NONE,,control_no_seeded_acquisition_in_stockanalysis_pull,https://www.sec.gov/files/company_tickers_exchange.json,sec_company_tickers_exchange,,
FCEL,0000886128,FUELCELL ENERGY INC,Nasdaq,NONE,,control_no_seeded_acquisition_in_stockanalysis_pull,https://www.sec.gov/files/company_tickers_exchange.json,sec_company_tickers_exchange,,
KIM,0000879101,KIMCO REALTY CORP,NYSE,NONE,,control_no_seeded_acquisition_in_stockanalysis_pull,https://www.sec.gov/files/company_tickers_exchange.json,sec_company_tickers_exchange,,
WTS,0000795403,WATTS WATER TECHNOLOGIES INC,NYSE,NONE,,control_no_seeded_acquisition_in_stockanalysis_pull,https://www.sec.gov/files/company_tickers_exchange.json,sec_company_tickers_exchange,,
TPET,0001898766,Trio Petroleum Corp,NYSE,NONE,,control_no_seeded_acquisition_in_stockanalysis_pull,https://www.sec.gov/files/company_tickers_exchange.json,sec_company_tickers_exchange,,
FJDIU,0002094712,ARC Group Securities Acquisition I,Nasdaq,NONE,,control_no_seeded_acquisition_in_stockanalysis_pull,https://www.sec.gov/files/company_tickers_exchange.json,sec_company_tickers_exchange,,
DMB,0001565381,"BNY Mellon Municipal Bond Infrastructure Fund, Inc.",NYSE,NONE,,control_no_seeded_acquisition_in_stockanalysis_pull,https://www.sec.gov/files/company_tickers_exchange.json,sec_company_tickers_exchange,,
GITS,0001911545,"Global Interactive Technologies, Inc.",Nasdaq,NONE,,control_no_seeded_acquisition_in_stockanalysis_pull,https://www.sec.gov/files/company_tickers_exchange.json,sec_company_tickers_exchange,,
FLG-PA,0000910073,"FLAGSTAR BANK, NATIONAL ASSOCIATION",NYSE,NONE,,control_no_seeded_acquisition_in_stockanalysis_pull,https://www.sec.gov/files/company_tickers_exchange.json,sec_company_tickers_exchange,,
SAM,0000949870,BOSTON BEER CO INC,NYSE,NONE,,control_no_seeded_acquisition_in_stockanalysis_pull,https://www.sec.gov/files/company_tickers_exchange.json,sec_company_tickers_exchange,,
COUR,0001651562,"Coursera, Inc.",NYSE,NONE,,control_no_seeded_acquisition_in_stockanalysis_pull,https://www.sec.gov/files/company_tickers_exchange.json,sec_company_tickers_exchange,,
ARES,0001176948,Ares Management Corp,NYSE,NONE,,control_no_seeded_acquisition_in_stockanalysis_pull,https://www.sec.gov/files/company_tickers_exchange.json,sec_company_tickers_exchange,,
AGNCL,0001423689,AGNC Investment Corp.,Nasdaq,NONE,,control_no_seeded_acquisition_in_stockanalysis_pull,https://www.sec.gov/files/company_tickers_exchange.json,sec_company_tickers_exchange,,
ELPW,0002015691,Elong Power Holding Ltd.,Nasdaq,NONE,,control_no_seeded_acquisition_in_stockanalysis_pull,https://www.sec.gov/files/company_tickers_exchange.json,sec_company_tickers_exchange,,
MSBIP,0001466026,"Midland States Bancorp, Inc.",Nasdaq,NONE,,control_no_seeded_acquisition_in_stockanalysis_pull,https://www.sec.gov/files/company_tickers_exchange.json,sec_company_tickers_exchange,,
BCDA,0000925741,"BioCardia, Inc.",Nasdaq,NONE,,control_no_seeded_acquisition_in_stockanalysis_pull,https://www.sec.gov/files/company_tickers_exchange.json,sec_company_tickers_exchange,,
RANI,0001856725,"Rani Therapeutics Holdings, Inc.",Nasdaq,NONE,,control_no_seeded_acquisition_in_stockanalysis_pull,https://www.sec.gov/files/company_tickers_exchange.json,sec_company_tickers_exchange,,
CMSA,0000811156,CMS ENERGY CORP,NYSE,NONE,,control_no_seeded_acquisition_in_stockanalysis_pull,https://www.sec.gov/files/company_tickers_exchange.json,sec_company_tickers_exchange,,
BAR,0001690437,GraniteShares Gold Trust,NYSE,NONE,,control_no_seeded_acquisition_in_stockanalysis_pull,https://www.sec.gov/files/company_tickers_exchange.json,sec_company_tickers_exchange,,
EARN,0001560672,Ellington Credit Co,NYSE,NONE,,control_no_seeded_acquisition_in_stockanalysis_pull,https://www.sec.gov/files/company_tickers_exchange.json,sec_company_tickers_exchange,,
WEC,0000783325,"WEC ENERGY GROUP, INC.",NYSE,NONE,,control_no_seeded_acquisition_in_stockanalysis_pull,https://www.sec.gov/files/company_tickers_exchange.json,sec_company_tickers_exchange,,
VTR,0000740260,"Ventas, Inc.",NYSE,NONE,,control_no_seeded_acquisition_in_stockanalysis_pull,https://www.sec.gov/files/company_tickers_exchange.json,sec_company_tickers_exchange,,
ISNRW,0002123475,Snow Rothschild Acquisition Corp.,Nasdaq,NONE,,control_no_seeded_acquisition_in_stockanalysis_pull,https://www.sec.gov/files/company_tickers_exchange.json,sec_company_tickers_exchange,,
RWT-PA,0000930236,REDWOOD TRUST INC,NYSE,NONE,,control_no_seeded_acquisition_in_stockanalysis_pull,https://www.sec.gov/files/company_tickers_exchange.json,sec_company_tickers_exchange,,
EBMT,0001478454,"Eagle Bancorp Montana, Inc.",Nasdaq,NONE,,control_no_seeded_acquisition_in_stockanalysis_pull,https://www.sec.gov/files/company_tickers_exchange.json,sec_company_tickers_exchange,,
RAMP,0000733269,"LiveRamp Holdings, Inc.",NYSE,NONE,,control_no_seeded_acquisition_in_stockanalysis_pull,https://www.sec.gov/files/company_tickers_exchange.json,sec_company_tickers_exchange,,
MAIA,0001878313,"MAIA Biotechnology, Inc.",NYSE,NONE,,control_no_seeded_acquisition_in_stockanalysis_pull,https://www.sec.gov/files/company_tickers_exchange.json,sec_company_tickers_exchange,,
FDUS,0001513363,FIDUS INVESTMENT Corp,Nasdaq,NONE,,control_no_seeded_acquisition_in_stockanalysis_pull,https://www.sec.gov/files/company_tickers_exchange.json,sec_company_tickers_exchange,,
ECF,0000793040,ELLSWORTH GROWTH & INCOME FUND LTD,NYSE,NONE,,control_no_seeded_acquisition_in_stockanalysis_pull,https://www.sec.gov/files/company_tickers_exchange.json,sec_company_tickers_exchange,,
F-PD,0000037996,FORD MOTOR CO,NYSE,NONE,,control_no_seeded_acquisition_in_stockanalysis_pull,https://www.sec.gov/files/company_tickers_exchange.json,sec_company_tickers_exchange,,
BMO,0000927971,BANK OF MONTREAL /CAN/,NYSE,NONE,,control_no_seeded_acquisition_in_stockanalysis_pull,https://www.sec.gov/files/company_tickers_exchange.json,sec_company_tickers_exchange,,
ALK,0000766421,"ALASKA AIR GROUP, INC.",NYSE,NONE,,control_no_seeded_acquisition_in_stockanalysis_pull,https://www.sec.gov/files/company_tickers_exchange.json,sec_company_tickers_exchange,,
FBK,0001649749,FB Financial Corp,NYSE,NONE,,control_no_seeded_acquisition_in_stockanalysis_pull,https://www.sec.gov/files/company_tickers_exchange.json,sec_company_tickers_exchange,,
RGEN,0000730272,REPLIGEN CORP,Nasdaq,NONE,,control_no_seeded_acquisition_in_stockanalysis_pull,https://www.sec.gov/files/company_tickers_exchange.json,sec_company_tickers_exchange,,
IMNN,0000749647,"Imunon, Inc.",Nasdaq,NONE,,control_no_seeded_acquisition_in_stockanalysis_pull,https://www.sec.gov/files/company_tickers_exchange.json,sec_company_tickers_exchange,,
HPP-PC,0001482512,"Hudson Pacific Properties, Inc.",NYSE,NONE,,control_no_seeded_acquisition_in_stockanalysis_pull,https://www.sec.gov/files/company_tickers_exchange.json,sec_company_tickers_exchange,,
FITB-PK,0000035527,FIFTH THIRD BANCORP,NYSE,NONE,,control_no_seeded_acquisition_in_stockanalysis_pull,https://www.sec.gov/files/company_tickers_exchange.json,sec_company_tickers_exchange,,
BRTM,0002131350,B&R Technology Merger Corp.,Nasdaq,NONE,,control_no_seeded_acquisition_in_stockanalysis_pull,https://www.sec.gov/files/company_tickers_exchange.json,sec_company_tickers_exchange,,
VNO-PM,0000899689,VORNADO REALTY TRUST,NYSE,NONE,,control_no_seeded_acquisition_in_stockanalysis_pull,https://www.sec.gov/files/company_tickers_exchange.json,sec_company_tickers_exchange,,
HYPR,0001833769,"Hyperfine, Inc.",Nasdaq,NONE,,control_no_seeded_acquisition_in_stockanalysis_pull,https://www.sec.gov/files/company_tickers_exchange.json,sec_company_tickers_exchange,,
VMI,0000102729,VALMONT INDUSTRIES INC,NYSE,NONE,,control_no_seeded_acquisition_in_stockanalysis_pull,https://www.sec.gov/files/company_tickers_exchange.json,sec_company_tickers_exchange,,
ITG,0002110117,"ITG, Inc./DE/",Nasdaq,NONE,,control_no_seeded_acquisition_in_stockanalysis_pull,https://www.sec.gov/files/company_tickers_exchange.json,sec_company_tickers_exchange,,
ADP,0000008670,AUTOMATIC DATA PROCESSING INC,Nasdaq,NONE,,control_no_seeded_acquisition_in_stockanalysis_pull,https://www.sec.gov/files/company_tickers_exchange.json,sec_company_tickers_exchange,,
VET,0001293135,VERMILION ENERGY INC.,NYSE,NONE,,control_no_seeded_acquisition_in_stockanalysis_pull,https://www.sec.gov/files/company_tickers_exchange.json,sec_company_tickers_exchange,,
STK,0001471420,"Columbia Seligman Premium Technology Growth Fund, Inc.",NYSE,NONE,,control_no_seeded_acquisition_in_stockanalysis_pull,https://www.sec.gov/files/company_tickers_exchange.json,sec_company_tickers_exchange,,
AZZ,0000008947,AZZ INC,NYSE,NONE,,control_no_seeded_acquisition_in_stockanalysis_pull,https://www.sec.gov/files/company_tickers_exchange.json,sec_company_tickers_exchange,,
HBNC,0000706129,HORIZON BANCORP INC /IN/,Nasdaq,NONE,,control_no_seeded_acquisition_in_stockanalysis_pull,https://www.sec.gov/files/company_tickers_exchange.json,sec_company_tickers_exchange,,
PAX,0001825570,Patria Investments Ltd,Nasdaq,NONE,,control_no_seeded_acquisition_in_stockanalysis_pull,https://www.sec.gov/files/company_tickers_exchange.json,sec_company_tickers_exchange,,
TCBK,0000356171,TRICO BANCSHARES /,Nasdaq,NONE,,control_no_seeded_acquisition_in_stockanalysis_pull,https://www.sec.gov/files/company_tickers_exchange.json,sec_company_tickers_exchange,,
LQDA,0001819576,Liquidia Corp,Nasdaq,NONE,,control_no_seeded_acquisition_in_stockanalysis_pull,https://www.sec.gov/files/company_tickers_exchange.json,sec_company_tickers_exchange,,
AIM,0000946644,AIM ImmunoTech Inc.,NYSE,NONE,,control_no_seeded_acquisition_in_stockanalysis_pull,https://www.sec.gov/files/company_tickers_exchange.json,sec_company_tickers_exchange,,
OCCI,0001716951,"OFS Credit Company, Inc.",Nasdaq,NONE,,control_no_seeded_acquisition_in_stockanalysis_pull,https://www.sec.gov/files/company_tickers_exchange.json,sec_company_tickers_exchange,,
NRIX,0001549595,"Nurix Therapeutics, Inc.",Nasdaq,NONE,,control_no_seeded_acquisition_in_stockanalysis_pull,https://www.sec.gov/files/company_tickers_exchange.json,sec_company_tickers_exchange,,
CMRE,0001503584,Costamare Inc.,NYSE,NONE,,control_no_seeded_acquisition_in_stockanalysis_pull,https://www.sec.gov/files/company_tickers_exchange.json,sec_company_tickers_exchange,,
SOUL,0002025608,Soulpower Acquisition Corp.,NYSE,NONE,,control_no_seeded_acquisition_in_stockanalysis_pull,https://www.sec.gov/files/company_tickers_exchange.json,sec_company_tickers_exchange,,
SFWL,0001863218,SHENGFENG DEVELOPMENT Ltd,Nasdaq,NONE,,control_no_seeded_acquisition_in_stockanalysis_pull,https://www.sec.gov/files/company_tickers_exchange.json,sec_company_tickers_exchange,,
TCPC,0001370755,BlackRock TCP Capital Corp.,Nasdaq,NONE,,control_no_seeded_acquisition_in_stockanalysis_pull,https://www.sec.gov/files/company_tickers_exchange.json,sec_company_tickers_exchange,,
SONY,0000313838,Sony Group Corp,NYSE,NONE,,control_no_seeded_acquisition_in_stockanalysis_pull,https://www.sec.gov/files/company_tickers_exchange.json,sec_company_tickers_exchange,,
SSEAU,0002059165,STARRY SEA ACQUISITION CORP,Nasdaq,NONE,,control_no_seeded_acquisition_in_stockanalysis_pull,https://www.sec.gov/files/company_tickers_exchange.json,sec_company_tickers_exchange,,
ALH,0001317685,Alliance Laundry Holdings Inc.,NYSE,NONE,,control_no_seeded_acquisition_in_stockanalysis_pull,https://www.sec.gov/files/company_tickers_exchange.json,sec_company_tickers_exchange,,
FUFUW,0001921158,Bitfufu Inc.,Nasdaq,NONE,,control_no_seeded_acquisition_in_stockanalysis_pull,https://www.sec.gov/files/company_tickers_exchange.json,sec_company_tickers_exchange,,
BML-PG,0000070858,BANK OF AMERICA CORP /DE/,NYSE,NONE,,control_no_seeded_acquisition_in_stockanalysis_pull,https://www.sec.gov/files/company_tickers_exchange.json,sec_company_tickers_exchange,,
SACH-PA,0001682220,Sachem Capital Corp.,NYSE,NONE,,control_no_seeded_acquisition_in_stockanalysis_pull,https://www.sec.gov/files/company_tickers_exchange.json,sec_company_tickers_exchange,,
LKSPU,0002043508,Lake Superior Acquisition Corp,Nasdaq,NONE,,control_no_seeded_acquisition_in_stockanalysis_pull,https://www.sec.gov/files/company_tickers_exchange.json,sec_company_tickers_exchange,,
QUBT,0001758009,Quantum Computing Inc.,Nasdaq,NONE,,control_no_seeded_acquisition_in_stockanalysis_pull,https://www.sec.gov/files/company_tickers_exchange.json,sec_company_tickers_exchange,,
CDLX,0001666071,"Cardlytics, Inc.",Nasdaq,NONE,,control_no_seeded_acquisition_in_stockanalysis_pull,https://www.sec.gov/files/company_tickers_exchange.json,sec_company_tickers_exchange,,
ECO,0001964954,Okeanis Eco Tankers Corp.,NYSE,NONE,,control_no_seeded_acquisition_in_stockanalysis_pull,https://www.sec.gov/files/company_tickers_exchange.json,sec_company_tickers_exchange,,
USB,0000036104,US BANCORP \DE\,NYSE,NONE,,control_no_seeded_acquisition_in_stockanalysis_pull,https://www.sec.gov/files/company_tickers_exchange.json,sec_company_tickers_exchange,,
MUX,0000314203,McEwen Inc.,NYSE,NONE,,control_no_seeded_acquisition_in_stockanalysis_pull,https://www.sec.gov/files/company_tickers_exchange.json,sec_company_tickers_exchange,,
DRTS,0001871321,Alpha Tau Medical Ltd.,Nasdaq,NONE,,control_no_seeded_acquisition_in_stockanalysis_pull,https://www.sec.gov/files/company_tickers_exchange.json,sec_company_tickers_exchange,,
SNUS-PI,0000811830,"Santander Holdings USA, Inc.",NYSE,NONE,,control_no_seeded_acquisition_in_stockanalysis_pull,https://www.sec.gov/files/company_tickers_exchange.json,sec_company_tickers_exchange,,
CHEC,0002047177,Chenghe Acquisition III Co.,Nasdaq,NONE,,control_no_seeded_acquisition_in_stockanalysis_pull,https://www.sec.gov/files/company_tickers_exchange.json,sec_company_tickers_exchange,,
LAUR,0000912766,"LAUREATE EDUCATION, INC.",Nasdaq,NONE,,control_no_seeded_acquisition_in_stockanalysis_pull,https://www.sec.gov/files/company_tickers_exchange.json,sec_company_tickers_exchange,,
GFS,0001709048,GLOBALFOUNDRIES Inc.,Nasdaq,NONE,,control_no_seeded_acquisition_in_stockanalysis_pull,https://www.sec.gov/files/company_tickers_exchange.json,sec_company_tickers_exchange,,
LNC-PD,0000059558,LINCOLN NATIONAL CORP,NYSE,NONE,,control_no_seeded_acquisition_in_stockanalysis_pull,https://www.sec.gov/files/company_tickers_exchange.json,sec_company_tickers_exchange,,
ATGL,0001967621,Alpha Technology Group Ltd,Nasdaq,NONE,,control_no_seeded_acquisition_in_stockanalysis_pull,https://www.sec.gov/files/company_tickers_exchange.json,sec_company_tickers_exchange,,
TVACU,0002033991,Texas Ventures Acquisition III Corp,Nasdaq,NONE,,control_no_seeded_acquisition_in_stockanalysis_pull,https://www.sec.gov/files/company_tickers_exchange.json,sec_company_tickers_exchange,,
CMCO,0001005229,COLUMBUS MCKINNON CORP,Nasdaq,NONE,,control_no_seeded_acquisition_in_stockanalysis_pull,https://www.sec.gov/files/company_tickers_exchange.json,sec_company_tickers_exchange,,
KKRS,0001404912,KKR & Co. Inc.,NYSE,NONE,,control_no_seeded_acquisition_in_stockanalysis_pull,https://www.sec.gov/files/company_tickers_exchange.json,sec_company_tickers_exchange,,
RDWR,0001094366,RADWARE LTD,Nasdaq,NONE,,control_no_seeded_acquisition_in_stockanalysis_pull,https://www.sec.gov/files/company_tickers_exchange.json,sec_company_tickers_exchange,,
DXC,0001688568,DXC Technology Co,NYSE,NONE,,control_no_seeded_acquisition_in_stockanalysis_pull,https://www.sec.gov/files/company_tickers_exchange.json,sec_company_tickers_exchange,,
SHO-PH,0001295810,"Sunstone Hotel Investors, Inc.",NYSE,NONE,,control_no_seeded_acquisition_in_stockanalysis_pull,https://www.sec.gov/files/company_tickers_exchange.json,sec_company_tickers_exchange,,
LANDP,0001495240,GLADSTONE LAND Corp,Nasdaq,NONE,,control_no_seeded_acquisition_in_stockanalysis_pull,https://www.sec.gov/files/company_tickers_exchange.json,sec_company_tickers_exchange,,
FTHY,0001810523,FIRST TRUST HIGH YIELD OPPORTUNITIES 2027 TERM FUND,NYSE,NONE,,control_no_seeded_acquisition_in_stockanalysis_pull,https://www.sec.gov/files/company_tickers_exchange.json,sec_company_tickers_exchange,,
DCI,0000029644,DONALDSON Co INC,NYSE,NONE,,control_no_seeded_acquisition_in_stockanalysis_pull,https://www.sec.gov/files/company_tickers_exchange.json,sec_company_tickers_exchange,,
GENC,0000064472,GENCOR INDUSTRIES INC,NYSE,NONE,,control_no_seeded_acquisition_in_stockanalysis_pull,https://www.sec.gov/files/company_tickers_exchange.json,sec_company_tickers_exchange,,
JMIA,0001756708,Jumia Technologies AG,NYSE,NONE,,control_no_seeded_acquisition_in_stockanalysis_pull,https://www.sec.gov/files/company_tickers_exchange.json,sec_company_tickers_exchange,,
GDDY,0001609711,GoDaddy Inc.,NYSE,NONE,,control_no_seeded_acquisition_in_stockanalysis_pull,https://www.sec.gov/files/company_tickers_exchange.json,sec_company_tickers_exchange,,
DSYWW,0001999297,Big Tree Cloud Holdings Ltd,Nasdaq,NONE,,control_no_seeded_acquisition_in_stockanalysis_pull,https://www.sec.gov/files/company_tickers_exchange.json,sec_company_tickers_exchange,,
VSME,0001951294,VS MEDIA Holdings Ltd,Nasdaq,NONE,,control_no_seeded_acquisition_in_stockanalysis_pull,https://www.sec.gov/files/company_tickers_exchange.json,sec_company_tickers_exchange,,
UAL,0000100517,"United Airlines Holdings, Inc.",Nasdaq,NONE,,control_no_seeded_acquisition_in_stockanalysis_pull,https://www.sec.gov/files/company_tickers_exchange.json,sec_company_tickers_exchange,,
PMT-PB,0001464423,PennyMac Mortgage Investment Trust,NYSE,NONE,,control_no_seeded_acquisition_in_stockanalysis_pull,https://www.sec.gov/files/company_tickers_exchange.json,sec_company_tickers_exchange,,
W,0001616707,Wayfair Inc.,NYSE,NONE,,control_no_seeded_acquisition_in_stockanalysis_pull,https://www.sec.gov/files/company_tickers_exchange.json,sec_company_tickers_exchange,,
BCIC,0001372807,BCP Investment Corp,Nasdaq,NONE,,control_no_seeded_acquisition_in_stockanalysis_pull,https://www.sec.gov/files/company_tickers_exchange.json,sec_company_tickers_exchange,,
CGAU,0001854640,Centerra Gold Inc.,NYSE,NONE,,control_no_seeded_acquisition_in_stockanalysis_pull,https://www.sec.gov/files/company_tickers_exchange.json,sec_company_tickers_exchange,,
NINE,0001532286,"Nine Energy Service, Inc.",NYSE,NONE,,control_no_seeded_acquisition_in_stockanalysis_pull,https://www.sec.gov/files/company_tickers_exchange.json,sec_company_tickers_exchange,,
RYDE,0001971115,Ryde Group Ltd,NYSE,NONE,,control_no_seeded_acquisition_in_stockanalysis_pull,https://www.sec.gov/files/company_tickers_exchange.json,sec_company_tickers_exchange,,
STEP,0001796022,StepStone Group Inc.,Nasdaq,NONE,,control_no_seeded_acquisition_in_stockanalysis_pull,https://www.sec.gov/files/company_tickers_exchange.json,sec_company_tickers_exchange,,
DMAAR,0002028614,Drugs Made In America Acquisition Corp.,Nasdaq,NONE,,control_no_seeded_acquisition_in_stockanalysis_pull,https://www.sec.gov/files/company_tickers_exchange.json,sec_company_tickers_exchange,,
CXIIU,0002114227,Churchill Capital Corp XII,Nasdaq,NONE,,control_no_seeded_acquisition_in_stockanalysis_pull,https://www.sec.gov/files/company_tickers_exchange.json,sec_company_tickers_exchange,,
EW,0001099800,Edwards Lifesciences Corp,NYSE,NONE,,control_no_seeded_acquisition_in_stockanalysis_pull,https://www.sec.gov/files/company_tickers_exchange.json,sec_company_tickers_exchange,,
BPAC,0002064177,Blueport Acquisition Ltd,Nasdaq,NONE,,control_no_seeded_acquisition_in_stockanalysis_pull,https://www.sec.gov/files/company_tickers_exchange.json,sec_company_tickers_exchange,,
HYFT,0001715925,MindWalk Holdings Corp.,Nasdaq,NONE,,control_no_seeded_acquisition_in_stockanalysis_pull,https://www.sec.gov/files/company_tickers_exchange.json,sec_company_tickers_exchange,,
ITRN,0001337117,Ituran Location & Control Ltd.,Nasdaq,NONE,,control_no_seeded_acquisition_in_stockanalysis_pull,https://www.sec.gov/files/company_tickers_exchange.json,sec_company_tickers_exchange,,
BEPI,0001533232,Brookfield Renewable Partners L.P.,NYSE,NONE,,control_no_seeded_acquisition_in_stockanalysis_pull,https://www.sec.gov/files/company_tickers_exchange.json,sec_company_tickers_exchange,,
EIG,0001379041,"Employers Holdings, Inc.",NYSE,NONE,,control_no_seeded_acquisition_in_stockanalysis_pull,https://www.sec.gov/files/company_tickers_exchange.json,sec_company_tickers_exchange,,
PAY,0001841156,"Paymentus Holdings, Inc.",NYSE,NONE,,control_no_seeded_acquisition_in_stockanalysis_pull,https://www.sec.gov/files/company_tickers_exchange.json,sec_company_tickers_exchange,,
NVNIW,0001965143,Nvni Group Ltd,Nasdaq,NONE,,control_no_seeded_acquisition_in_stockanalysis_pull,https://www.sec.gov/files/company_tickers_exchange.json,sec_company_tickers_exchange,,
SORN,0002086263,Soren Acquisition Corp.,Nasdaq,NONE,,control_no_seeded_acquisition_in_stockanalysis_pull,https://www.sec.gov/files/company_tickers_exchange.json,sec_company_tickers_exchange,,
RDAGU,0002055459,Republic Digital Acquisition Co,Nasdaq,NONE,,control_no_seeded_acquisition_in_stockanalysis_pull,https://www.sec.gov/files/company_tickers_exchange.json,sec_company_tickers_exchange,,
APP,0001751008,AppLovin Corp,Nasdaq,NONE,,control_no_seeded_acquisition_in_stockanalysis_pull,https://www.sec.gov/files/company_tickers_exchange.json,sec_company_tickers_exchange,,
IVT,0001307748,InvenTrust Properties Corp.,NYSE,NONE,,control_no_seeded_acquisition_in_stockanalysis_pull,https://www.sec.gov/files/company_tickers_exchange.json,sec_company_tickers_exchange,,
CEPO,0002027708,"Cantor Equity Partners I, Inc.",Nasdaq,NONE,,control_no_seeded_acquisition_in_stockanalysis_pull,https://www.sec.gov/files/company_tickers_exchange.json,sec_company_tickers_exchange,,
NCPL,0001414767,Netcapital Inc.,Nasdaq,NONE,,control_no_seeded_acquisition_in_stockanalysis_pull,https://www.sec.gov/files/company_tickers_exchange.json,sec_company_tickers_exchange,,
AUDC,0001086434,AUDIOCODES LTD,Nasdaq,NONE,,control_no_seeded_acquisition_in_stockanalysis_pull,https://www.sec.gov/files/company_tickers_exchange.json,sec_company_tickers_exchange,,
AM,0001623925,Antero Midstream Corp,NYSE,NONE,,control_no_seeded_acquisition_in_stockanalysis_pull,https://www.sec.gov/files/company_tickers_exchange.json,sec_company_tickers_exchange,,
OHACU,0002090787,Oceanhawk Acquisition Corp.,Nasdaq,NONE,,control_no_seeded_acquisition_in_stockanalysis_pull,https://www.sec.gov/files/company_tickers_exchange.json,sec_company_tickers_exchange,,
PRHI,0001502292,"Presurance Holdings, Inc.",Nasdaq,NONE,,control_no_seeded_acquisition_in_stockanalysis_pull,https://www.sec.gov/files/company_tickers_exchange.json,sec_company_tickers_exchange,,
RDAG,0002055459,Republic Digital Acquisition Co,Nasdaq,NONE,,control_no_seeded_acquisition_in_stockanalysis_pull,https://www.sec.gov/files/company_tickers_exchange.json,sec_company_tickers_exchange,,
HZO,0001057060,MARINEMAX INC,NYSE,NONE,,control_no_seeded_acquisition_in_stockanalysis_pull,https://www.sec.gov/files/company_tickers_exchange.json,sec_company_tickers_exchange,,
BRT,0000014846,BRT Apartments Corp.,NYSE,NONE,,control_no_seeded_acquisition_in_stockanalysis_pull,https://www.sec.gov/files/company_tickers_exchange.json,sec_company_tickers_exchange,,
HSCS,0001468492,HeartSciences Inc.,Nasdaq,NONE,,control_no_seeded_acquisition_in_stockanalysis_pull,https://www.sec.gov/files/company_tickers_exchange.json,sec_company_tickers_exchange,,
HQL,0000884121,abrdn Life Sciences Investors,NYSE,NONE,,control_no_seeded_acquisition_in_stockanalysis_pull,https://www.sec.gov/files/company_tickers_exchange.json,sec_company_tickers_exchange,,
INTG,0000069422,INTERGROUP CORP,Nasdaq,NONE,,control_no_seeded_acquisition_in_stockanalysis_pull,https://www.sec.gov/files/company_tickers_exchange.json,sec_company_tickers_exchange,,
ZJYL,0001837821,Jin Medical International Ltd.,Nasdaq,NONE,,control_no_seeded_acquisition_in_stockanalysis_pull,https://www.sec.gov/files/company_tickers_exchange.json,sec_company_tickers_exchange,,
TLIH,0001982012,Ten-League International Holdings Ltd,Nasdaq,NONE,,control_no_seeded_acquisition_in_stockanalysis_pull,https://www.sec.gov/files/company_tickers_exchange.json,sec_company_tickers_exchange,,
QNCX,0001662774,"Quince Therapeutics, Inc.",Nasdaq,NONE,,control_no_seeded_acquisition_in_stockanalysis_pull,https://www.sec.gov/files/company_tickers_exchange.json,sec_company_tickers_exchange,,
MLKN,0000066382,"MILLERKNOLL, INC.",Nasdaq,NONE,,control_no_seeded_acquisition_in_stockanalysis_pull,https://www.sec.gov/files/company_tickers_exchange.json,sec_company_tickers_exchange,,
GENI,0001834489,Genius Sports Ltd,NYSE,NONE,,control_no_seeded_acquisition_in_stockanalysis_pull,https://www.sec.gov/files/company_tickers_exchange.json,sec_company_tickers_exchange,,
ROST,0000745732,"ROSS STORES, INC.",Nasdaq,NONE,,control_no_seeded_acquisition_in_stockanalysis_pull,https://www.sec.gov/files/company_tickers_exchange.json,sec_company_tickers_exchange,,
CNCKW,0001913847,Coincheck Group N.V.,Nasdaq,NONE,,control_no_seeded_acquisition_in_stockanalysis_pull,https://www.sec.gov/files/company_tickers_exchange.json,sec_company_tickers_exchange,,
FOUR-PA,0001794669,"Shift4 Payments, Inc.",NYSE,NONE,,control_no_seeded_acquisition_in_stockanalysis_pull,https://www.sec.gov/files/company_tickers_exchange.json,sec_company_tickers_exchange,,
IPXG,0002088805,Inflection Point Acquisition Corp. VII,Nasdaq,NONE,,control_no_seeded_acquisition_in_stockanalysis_pull,https://www.sec.gov/files/company_tickers_exchange.json,sec_company_tickers_exchange,,
AMTM,0002011286,"Amentum Holdings, Inc.",NYSE,NONE,,control_no_seeded_acquisition_in_stockanalysis_pull,https://www.sec.gov/files/company_tickers_exchange.json,sec_company_tickers_exchange,,
ADAML,0001273685,"ADAMAS TRUST, INC.",Nasdaq,NONE,,control_no_seeded_acquisition_in_stockanalysis_pull,https://www.sec.gov/files/company_tickers_exchange.json,sec_company_tickers_exchange,,
OFIX,0000884624,Orthofix Medical Inc.,Nasdaq,NONE,,control_no_seeded_acquisition_in_stockanalysis_pull,https://www.sec.gov/files/company_tickers_exchange.json,sec_company_tickers_exchange,,
CMRC,0001626450,"Commerce.com, Inc.",Nasdaq,NONE,,control_no_seeded_acquisition_in_stockanalysis_pull,https://www.sec.gov/files/company_tickers_exchange.json,sec_company_tickers_exchange,,
HAE,0000313143,HAEMONETICS CORP,NYSE,NONE,,control_no_seeded_acquisition_in_stockanalysis_pull,https://www.sec.gov/files/company_tickers_exchange.json,sec_company_tickers_exchange,,
SD,0001349436,SANDRIDGE ENERGY INC,NYSE,NONE,,control_no_seeded_acquisition_in_stockanalysis_pull,https://www.sec.gov/files/company_tickers_exchange.json,sec_company_tickers_exchange,,
FENG,0001509646,Phoenix New Media Ltd,NYSE,NONE,,control_no_seeded_acquisition_in_stockanalysis_pull,https://www.sec.gov/files/company_tickers_exchange.json,sec_company_tickers_exchange,,
IAG,0001203464,IAMGOLD CORP,NYSE,NONE,,control_no_seeded_acquisition_in_stockanalysis_pull,https://www.sec.gov/files/company_tickers_exchange.json,sec_company_tickers_exchange,,
TORO,0001941131,TORO CORP.,Nasdaq,NONE,,control_no_seeded_acquisition_in_stockanalysis_pull,https://www.sec.gov/files/company_tickers_exchange.json,sec_company_tickers_exchange,,
TRAK,0000050471,"ReposiTrak, Inc.",NYSE,NONE,,control_no_seeded_acquisition_in_stockanalysis_pull,https://www.sec.gov/files/company_tickers_exchange.json,sec_company_tickers_exchange,,
EVN,0001074540,Eaton Vance Municipal Income Trust,NYSE,NONE,,control_no_seeded_acquisition_in_stockanalysis_pull,https://www.sec.gov/files/company_tickers_exchange.json,sec_company_tickers_exchange,,
PCG-PD,0001004980,PG&E Corp,NYSE,NONE,,control_no_seeded_acquisition_in_stockanalysis_pull,https://www.sec.gov/files/company_tickers_exchange.json,sec_company_tickers_exchange,,
ATHR,0002026353,"Aether Holdings, Inc.",Nasdaq,NONE,,control_no_seeded_acquisition_in_stockanalysis_pull,https://www.sec.gov/files/company_tickers_exchange.json,sec_company_tickers_exchange,,
LIFE,0001788451,Ethos Technologies Inc.,Nasdaq,NONE,,control_no_seeded_acquisition_in_stockanalysis_pull,https://www.sec.gov/files/company_tickers_exchange.json,sec_company_tickers_exchange,,
VERA,0001831828,"Vera Therapeutics, Inc.",Nasdaq,NONE,,control_no_seeded_acquisition_in_stockanalysis_pull,https://www.sec.gov/files/company_tickers_exchange.json,sec_company_tickers_exchange,,
ASBA,0000007789,ASSOCIATED BANC-CORP,NYSE,NONE,,control_no_seeded_acquisition_in_stockanalysis_pull,https://www.sec.gov/files/company_tickers_exchange.json,sec_company_tickers_exchange,,
ETY,0001340736,Eaton Vance Tax-Managed Diversified Equity Income Fund,NYSE,NONE,,control_no_seeded_acquisition_in_stockanalysis_pull,https://www.sec.gov/files/company_tickers_exchange.json,sec_company_tickers_exchange,,
MGM,0000789570,MGM Resorts International,NYSE,NONE,,control_no_seeded_acquisition_in_stockanalysis_pull,https://www.sec.gov/files/company_tickers_exchange.json,sec_company_tickers_exchange,,
TRT,0000732026,TRIO-TECH INTERNATIONAL,NYSE,NONE,,control_no_seeded_acquisition_in_stockanalysis_pull,https://www.sec.gov/files/company_tickers_exchange.json,sec_company_tickers_exchange,,
PEPG,0001835597,PepGen Inc.,Nasdaq,NONE,,control_no_seeded_acquisition_in_stockanalysis_pull,https://www.sec.gov/files/company_tickers_exchange.json,sec_company_tickers_exchange,,
BDMDW,0001982444,Baird Medical Investment Holdings Ltd,Nasdaq,NONE,,control_no_seeded_acquisition_in_stockanalysis_pull,https://www.sec.gov/files/company_tickers_exchange.json,sec_company_tickers_exchange,,
CAPNR,0002024203,Cayson Acquisition Corp,Nasdaq,NONE,,control_no_seeded_acquisition_in_stockanalysis_pull,https://www.sec.gov/files/company_tickers_exchange.json,sec_company_tickers_exchange,,
GE,0000040545,GENERAL ELECTRIC CO,NYSE,NONE,,control_no_seeded_acquisition_in_stockanalysis_pull,https://www.sec.gov/files/company_tickers_exchange.json,sec_company_tickers_exchange,,
FGII,0002090452,FG Imperii Acquisition Corp.,Nasdaq,NONE,,control_no_seeded_acquisition_in_stockanalysis_pull,https://www.sec.gov/files/company_tickers_exchange.json,sec_company_tickers_exchange,,
CARL,0001794546,"CARLSMED, INC.",Nasdaq,NONE,,control_no_seeded_acquisition_in_stockanalysis_pull,https://www.sec.gov/files/company_tickers_exchange.json,sec_company_tickers_exchange,,
FCFS,0000840489,"FirstCash Holdings, Inc.",Nasdaq,NONE,,control_no_seeded_acquisition_in_stockanalysis_pull,https://www.sec.gov/files/company_tickers_exchange.json,sec_company_tickers_exchange,,
KRP,0001657788,"Kimbell Royalty Partners, LP",NYSE,NONE,,control_no_seeded_acquisition_in_stockanalysis_pull,https://www.sec.gov/files/company_tickers_exchange.json,sec_company_tickers_exchange,,
ACGL,0000947484,ARCH CAPITAL GROUP LTD.,Nasdaq,NONE,,control_no_seeded_acquisition_in_stockanalysis_pull,https://www.sec.gov/files/company_tickers_exchange.json,sec_company_tickers_exchange,,
IONQ-WT,0001824920,"IonQ, Inc.",NYSE,NONE,,control_no_seeded_acquisition_in_stockanalysis_pull,https://www.sec.gov/files/company_tickers_exchange.json,sec_company_tickers_exchange,,
SARO,0002025410,"StandardAero, Inc.",NYSE,NONE,,control_no_seeded_acquisition_in_stockanalysis_pull,https://www.sec.gov/files/company_tickers_exchange.json,sec_company_tickers_exchange,,
WNW,0001787803,Meiwu Technology Co Ltd,Nasdaq,NONE,,control_no_seeded_acquisition_in_stockanalysis_pull,https://www.sec.gov/files/company_tickers_exchange.json,sec_company_tickers_exchange,,
MCGAU,0002064658,Yorkville Acquisition Corp.,Nasdaq,NONE,,control_no_seeded_acquisition_in_stockanalysis_pull,https://www.sec.gov/files/company_tickers_exchange.json,sec_company_tickers_exchange,,
UGI,0000884614,UGI CORP /PA/,NYSE,NONE,,control_no_seeded_acquisition_in_stockanalysis_pull,https://www.sec.gov/files/company_tickers_exchange.json,sec_company_tickers_exchange,,
BCRX,0000882796,BIOCRYST PHARMACEUTICALS INC,Nasdaq,NONE,,control_no_seeded_acquisition_in_stockanalysis_pull,https://www.sec.gov/files/company_tickers_exchange.json,sec_company_tickers_exchange,,
MRP,0002017206,"Millrose Properties, Inc.",NYSE,NONE,,control_no_seeded_acquisition_in_stockanalysis_pull,https://www.sec.gov/files/company_tickers_exchange.json,sec_company_tickers_exchange,,
NXPI,0001413447,NXP Semiconductors N.V.,Nasdaq,NONE,,control_no_seeded_acquisition_in_stockanalysis_pull,https://www.sec.gov/files/company_tickers_exchange.json,sec_company_tickers_exchange,,
INSG,0001022652,INSEEGO CORP.,Nasdaq,NONE,,control_no_seeded_acquisition_in_stockanalysis_pull,https://www.sec.gov/files/company_tickers_exchange.json,sec_company_tickers_exchange,,
ARTW,0000007623,ARTS WAY MANUFACTURING CO INC,Nasdaq,NONE,,control_no_seeded_acquisition_in_stockanalysis_pull,https://www.sec.gov/files/company_tickers_exchange.json,sec_company_tickers_exchange,,
SB-PD,0001434754,"SAFE BULKERS, INC.",NYSE,NONE,,control_no_seeded_acquisition_in_stockanalysis_pull,https://www.sec.gov/files/company_tickers_exchange.json,sec_company_tickers_exchange,,
WINA,0000908315,WINMARK CORP,Nasdaq,NONE,,control_no_seeded_acquisition_in_stockanalysis_pull,https://www.sec.gov/files/company_tickers_exchange.json,sec_company_tickers_exchange,,
H,0001468174,Hyatt Hotels Corp,NYSE,NONE,,control_no_seeded_acquisition_in_stockanalysis_pull,https://www.sec.gov/files/company_tickers_exchange.json,sec_company_tickers_exchange,,
MG,0001436126,"Mistras Group, Inc.",NYSE,NONE,,control_no_seeded_acquisition_in_stockanalysis_pull,https://www.sec.gov/files/company_tickers_exchange.json,sec_company_tickers_exchange,,
BHVN,0001935979,Biohaven Ltd.,NYSE,NONE,,control_no_seeded_acquisition_in_stockanalysis_pull,https://www.sec.gov/files/company_tickers_exchange.json,sec_company_tickers_exchange,,
VENU,0001770501,Venu Holding Corp,NYSE,NONE,,control_no_seeded_acquisition_in_stockanalysis_pull,https://www.sec.gov/files/company_tickers_exchange.json,sec_company_tickers_exchange,,
ACFN,0000880984,"ACORN ENERGY, INC.",Nasdaq,NONE,,control_no_seeded_acquisition_in_stockanalysis_pull,https://www.sec.gov/files/company_tickers_exchange.json,sec_company_tickers_exchange,,
NAMSW,0001936258,NewAmsterdam Pharma Co N.V.,Nasdaq,NONE,,control_no_seeded_acquisition_in_stockanalysis_pull,https://www.sec.gov/files/company_tickers_exchange.json,sec_company_tickers_exchange,,
GCL,0002002045,GCL Global Holdings Ltd,Nasdaq,NONE,,control_no_seeded_acquisition_in_stockanalysis_pull,https://www.sec.gov/files/company_tickers_exchange.json,sec_company_tickers_exchange,,
DOMO,0001505952,"DOMO, INC.",Nasdaq,NONE,,control_no_seeded_acquisition_in_stockanalysis_pull,https://www.sec.gov/files/company_tickers_exchange.json,sec_company_tickers_exchange,,
GFR-RI,0001966287,Greenfire Resources Ltd.,NYSE,NONE,,control_no_seeded_acquisition_in_stockanalysis_pull,https://www.sec.gov/files/company_tickers_exchange.json,sec_company_tickers_exchange,,
LAR,0001440972,Lithium Argentina AG,NYSE,NONE,,control_no_seeded_acquisition_in_stockanalysis_pull,https://www.sec.gov/files/company_tickers_exchange.json,sec_company_tickers_exchange,,
RF-PC,0001281761,REGIONS FINANCIAL CORP,NYSE,NONE,,control_no_seeded_acquisition_in_stockanalysis_pull,https://www.sec.gov/files/company_tickers_exchange.json,sec_company_tickers_exchange,,
AMR,0001704715,"Alpha Metallurgical Resources, Inc.",NYSE,NONE,,control_no_seeded_acquisition_in_stockanalysis_pull,https://www.sec.gov/files/company_tickers_exchange.json,sec_company_tickers_exchange,,
BPACR,0002064177,Blueport Acquisition Ltd,Nasdaq,NONE,,control_no_seeded_acquisition_in_stockanalysis_pull,https://www.sec.gov/files/company_tickers_exchange.json,sec_company_tickers_exchange,,
VRXAW,0002079109,Veraxa Biotech AG - Post de-SPAC,Nasdaq,NONE,,control_no_seeded_acquisition_in_stockanalysis_pull,https://www.sec.gov/files/company_tickers_exchange.json,sec_company_tickers_exchange,,
OLLI,0001639300,"Ollie's Bargain Outlet Holdings, Inc.",Nasdaq,NONE,,control_no_seeded_acquisition_in_stockanalysis_pull,https://www.sec.gov/files/company_tickers_exchange.json,sec_company_tickers_exchange,,
GTEN,0001986817,"Gores Holdings X, Inc. / CI",Nasdaq,NONE,,control_no_seeded_acquisition_in_stockanalysis_pull,https://www.sec.gov/files/company_tickers_exchange.json,sec_company_tickers_exchange,,
IRAB-WT,0002077785,Iris Acquisition Corp II,NYSE,NONE,,control_no_seeded_acquisition_in_stockanalysis_pull,https://www.sec.gov/files/company_tickers_exchange.json,sec_company_tickers_exchange,,
NXP,0000883618,NUVEEN SELECT TAX FREE INCOME PORTFOLIO,NYSE,NONE,,control_no_seeded_acquisition_in_stockanalysis_pull,https://www.sec.gov/files/company_tickers_exchange.json,sec_company_tickers_exchange,,
IDR,0001030192,"Idaho Strategic Resources, Inc.",NYSE,NONE,,control_no_seeded_acquisition_in_stockanalysis_pull,https://www.sec.gov/files/company_tickers_exchange.json,sec_company_tickers_exchange,,
CDRO,0001866782,"Codere Online Luxembourg, S.A.",Nasdaq,NONE,,control_no_seeded_acquisition_in_stockanalysis_pull,https://www.sec.gov/files/company_tickers_exchange.json,sec_company_tickers_exchange,,
GRNT,0001928446,"Granite Ridge Resources, Inc.",NYSE,NONE,,control_no_seeded_acquisition_in_stockanalysis_pull,https://www.sec.gov/files/company_tickers_exchange.json,sec_company_tickers_exchange,,
JAZZ,0001232524,Jazz Pharmaceuticals plc,Nasdaq,NONE,,control_no_seeded_acquisition_in_stockanalysis_pull,https://www.sec.gov/files/company_tickers_exchange.json,sec_company_tickers_exchange,,
ERH,0001279014,ALLSPRING UTILITIES & HIGH INCOME FUND,NYSE,NONE,,control_no_seeded_acquisition_in_stockanalysis_pull,https://www.sec.gov/files/company_tickers_exchange.json,sec_company_tickers_exchange,,
MVIS,0000065770,"MICROVISION, INC.",Nasdaq,NONE,,control_no_seeded_acquisition_in_stockanalysis_pull,https://www.sec.gov/files/company_tickers_exchange.json,sec_company_tickers_exchange,,
FCAP,0001070296,FIRST CAPITAL INC,Nasdaq,NONE,,control_no_seeded_acquisition_in_stockanalysis_pull,https://www.sec.gov/files/company_tickers_exchange.json,sec_company_tickers_exchange,,
APPS,0000317788,"Digital Turbine, Inc.",Nasdaq,NONE,,control_no_seeded_acquisition_in_stockanalysis_pull,https://www.sec.gov/files/company_tickers_exchange.json,sec_company_tickers_exchange,,
SINT,0001269026,"Sintx Technologies, Inc.",Nasdaq,NONE,,control_no_seeded_acquisition_in_stockanalysis_pull,https://www.sec.gov/files/company_tickers_exchange.json,sec_company_tickers_exchange,,
SCM,0001551901,Stellus Capital Investment Corp,NYSE,NONE,,control_no_seeded_acquisition_in_stockanalysis_pull,https://www.sec.gov/files/company_tickers_exchange.json,sec_company_tickers_exchange,,
UGA,0001396878,"United States Gasoline Fund, LP",NYSE,NONE,,control_no_seeded_acquisition_in_stockanalysis_pull,https://www.sec.gov/files/company_tickers_exchange.json,sec_company_tickers_exchange,,
GRO,0001472326,Brazil Potash Corp.,NYSE,NONE,,control_no_seeded_acquisition_in_stockanalysis_pull,https://www.sec.gov/files/company_tickers_exchange.json,sec_company_tickers_exchange,,
IPWR,0001507957,Ideal Power Inc.,Nasdaq,NONE,,control_no_seeded_acquisition_in_stockanalysis_pull,https://www.sec.gov/files/company_tickers_exchange.json,sec_company_tickers_exchange,,
FMC,0000037785,FMC CORP,NYSE,NONE,,control_no_seeded_acquisition_in_stockanalysis_pull,https://www.sec.gov/files/company_tickers_exchange.json,sec_company_tickers_exchange,,
BRAI,0002076975,Braiin Ltd,Nasdaq,NONE,,control_no_seeded_acquisition_in_stockanalysis_pull,https://www.sec.gov/files/company_tickers_exchange.json,sec_company_tickers_exchange,,
FGNXP,0001591890,FG Nexus Inc.,Nasdaq,NONE,,control_no_seeded_acquisition_in_stockanalysis_pull,https://www.sec.gov/files/company_tickers_exchange.json,sec_company_tickers_exchange,,
INVX,0001042893,"Innovex International, Inc.",NYSE,NONE,,control_no_seeded_acquisition_in_stockanalysis_pull,https://www.sec.gov/files/company_tickers_exchange.json,sec_company_tickers_exchange,,
MRCO,0002106436,Mercator Acquisition Corp.,Nasdaq,NONE,,control_no_seeded_acquisition_in_stockanalysis_pull,https://www.sec.gov/files/company_tickers_exchange.json,sec_company_tickers_exchange,,
REKR,0001697851,"Rekor Systems, Inc.",Nasdaq,NONE,,control_no_seeded_acquisition_in_stockanalysis_pull,https://www.sec.gov/files/company_tickers_exchange.json,sec_company_tickers_exchange,,
SLN,0001479615,Silence Therapeutics plc,Nasdaq,NONE,,control_no_seeded_acquisition_in_stockanalysis_pull,https://www.sec.gov/files/company_tickers_exchange.json,sec_company_tickers_exchange,,
TLNCU,0002073340,Talon Capital Corp.,Nasdaq,NONE,,control_no_seeded_acquisition_in_stockanalysis_pull,https://www.sec.gov/files/company_tickers_exchange.json,sec_company_tickers_exchange,,
XFLH-RI,0002088103,XFLH Capital Corp,NYSE,NONE,,control_no_seeded_acquisition_in_stockanalysis_pull,https://www.sec.gov/files/company_tickers_exchange.json,sec_company_tickers_exchange,,
RXO,0001929561,"RXO, Inc.",NYSE,NONE,,control_no_seeded_acquisition_in_stockanalysis_pull,https://www.sec.gov/files/company_tickers_exchange.json,sec_company_tickers_exchange,,
CHOW,0002041829,ChowChow Cloud International Holdings Ltd,NYSE,NONE,,control_no_seeded_acquisition_in_stockanalysis_pull,https://www.sec.gov/files/company_tickers_exchange.json,sec_company_tickers_exchange,,
BSAC,0001027552,BANCO SANTANDER CHILE,NYSE,NONE,,control_no_seeded_acquisition_in_stockanalysis_pull,https://www.sec.gov/files/company_tickers_exchange.json,sec_company_tickers_exchange,,
KOSS,0000056701,KOSS CORP,Nasdaq,NONE,,control_no_seeded_acquisition_in_stockanalysis_pull,https://www.sec.gov/files/company_tickers_exchange.json,sec_company_tickers_exchange,,
SPKL,0001884046,Spark I Acquisition Corp,Nasdaq,NONE,,control_no_seeded_acquisition_in_stockanalysis_pull,https://www.sec.gov/files/company_tickers_exchange.json,sec_company_tickers_exchange,,
NAUT,0001808805,"Nautilus Biotechnology, Inc.",Nasdaq,NONE,,control_no_seeded_acquisition_in_stockanalysis_pull,https://www.sec.gov/files/company_tickers_exchange.json,sec_company_tickers_exchange,,
AMBQ,0001500412,"Ambiq Micro, Inc.",NYSE,NONE,,control_no_seeded_acquisition_in_stockanalysis_pull,https://www.sec.gov/files/company_tickers_exchange.json,sec_company_tickers_exchange,,
RFAMU,0002091712,RF Acquisition Corp III,Nasdaq,NONE,,control_no_seeded_acquisition_in_stockanalysis_pull,https://www.sec.gov/files/company_tickers_exchange.json,sec_company_tickers_exchange,,
ATYR,0001339970,aTYR PHARMA INC,Nasdaq,NONE,,control_no_seeded_acquisition_in_stockanalysis_pull,https://www.sec.gov/files/company_tickers_exchange.json,sec_company_tickers_exchange,,
CNI,0000016868,CANADIAN NATIONAL RAILWAY CO,NYSE,NONE,,control_no_seeded_acquisition_in_stockanalysis_pull,https://www.sec.gov/files/company_tickers_exchange.json,sec_company_tickers_exchange,,
SKIN,0001818093,SkinHealth Systems Inc.,Nasdaq,NONE,,control_no_seeded_acquisition_in_stockanalysis_pull,https://www.sec.gov/files/company_tickers_exchange.json,sec_company_tickers_exchange,,
VREX,0001681622,Varex Imaging Corp,Nasdaq,NONE,,control_no_seeded_acquisition_in_stockanalysis_pull,https://www.sec.gov/files/company_tickers_exchange.json,sec_company_tickers_exchange,,
EXTR,0001078271,EXTREME NETWORKS INC,Nasdaq,NONE,,control_no_seeded_acquisition_in_stockanalysis_pull,https://www.sec.gov/files/company_tickers_exchange.json,sec_company_tickers_exchange,,
SGMT,0001400118,Sagimet Biosciences Inc.,Nasdaq,NONE,,control_no_seeded_acquisition_in_stockanalysis_pull,https://www.sec.gov/files/company_tickers_exchange.json,sec_company_tickers_exchange,,
SSL,0000314590,SASOL LTD,NYSE,NONE,,control_no_seeded_acquisition_in_stockanalysis_pull,https://www.sec.gov/files/company_tickers_exchange.json,sec_company_tickers_exchange,,
FICO,0000814547,FAIR ISAAC CORP,NYSE,NONE,,control_no_seeded_acquisition_in_stockanalysis_pull,https://www.sec.gov/files/company_tickers_exchange.json,sec_company_tickers_exchange,,
WYFI,0002042022,"WhiteFiber, Inc.",Nasdaq,NONE,,control_no_seeded_acquisition_in_stockanalysis_pull,https://www.sec.gov/files/company_tickers_exchange.json,sec_company_tickers_exchange,,
PFAI,0002032755,Pinnacle Food Group Ltd,Nasdaq,NONE,,control_no_seeded_acquisition_in_stockanalysis_pull,https://www.sec.gov/files/company_tickers_exchange.json,sec_company_tickers_exchange,,
CBZ,0000944148,"CBIZ, Inc.",NYSE,NONE,,control_no_seeded_acquisition_in_stockanalysis_pull,https://www.sec.gov/files/company_tickers_exchange.json,sec_company_tickers_exchange,,
IRHO,0002051985,Iron Horse Acquisition II Corp.,Nasdaq,NONE,,control_no_seeded_acquisition_in_stockanalysis_pull,https://www.sec.gov/files/company_tickers_exchange.json,sec_company_tickers_exchange,,
WAVE,0001846715,Eco Wave Power Global AB (publ),Nasdaq,NONE,,control_no_seeded_acquisition_in_stockanalysis_pull,https://www.sec.gov/files/company_tickers_exchange.json,sec_company_tickers_exchange,,
TLS,0000320121,TELOS CORP,Nasdaq,NONE,,control_no_seeded_acquisition_in_stockanalysis_pull,https://www.sec.gov/files/company_tickers_exchange.json,sec_company_tickers_exchange,,
WENC-UN,0002104260,West Enclave Merger Corp.,NYSE,NONE,,control_no_seeded_acquisition_in_stockanalysis_pull,https://www.sec.gov/files/company_tickers_exchange.json,sec_company_tickers_exchange,,
BRSP,0001717547,"BrightSpire Capital, Inc.",NYSE,NONE,,control_no_seeded_acquisition_in_stockanalysis_pull,https://www.sec.gov/files/company_tickers_exchange.json,sec_company_tickers_exchange,,
NWG,0000844150,NatWest Group plc,NYSE,NONE,,control_no_seeded_acquisition_in_stockanalysis_pull,https://www.sec.gov/files/company_tickers_exchange.json,sec_company_tickers_exchange,,
HRL,0000048465,HORMEL FOODS CORP /DE/,NYSE,NONE,,control_no_seeded_acquisition_in_stockanalysis_pull,https://www.sec.gov/files/company_tickers_exchange.json,sec_company_tickers_exchange,,
PRQR,0001612940,ProQR Therapeutics N.V.,Nasdaq,NONE,,control_no_seeded_acquisition_in_stockanalysis_pull,https://www.sec.gov/files/company_tickers_exchange.json,sec_company_tickers_exchange,,
ANG-PD,0001039828,American National Group Inc.,NYSE,NONE,,control_no_seeded_acquisition_in_stockanalysis_pull,https://www.sec.gov/files/company_tickers_exchange.json,sec_company_tickers_exchange,,
GTBP,0000109657,"GT Biopharma, Inc.",Nasdaq,NONE,,control_no_seeded_acquisition_in_stockanalysis_pull,https://www.sec.gov/files/company_tickers_exchange.json,sec_company_tickers_exchange,,
CHH,0001046311,CHOICE HOTELS INTERNATIONAL INC /DE,NYSE,NONE,,control_no_seeded_acquisition_in_stockanalysis_pull,https://www.sec.gov/files/company_tickers_exchange.json,sec_company_tickers_exchange,,
APA,0001841666,APA Corp,Nasdaq,NONE,,control_no_seeded_acquisition_in_stockanalysis_pull,https://www.sec.gov/files/company_tickers_exchange.json,sec_company_tickers_exchange,,
AIQD,0000927971,BANK OF MONTREAL /CAN/,NYSE,NONE,,control_no_seeded_acquisition_in_stockanalysis_pull,https://www.sec.gov/files/company_tickers_exchange.json,sec_company_tickers_exchange,,
NGL,0001504461,NGL Energy Partners LP,NYSE,NONE,,control_no_seeded_acquisition_in_stockanalysis_pull,https://www.sec.gov/files/company_tickers_exchange.json,sec_company_tickers_exchange,,
PEO,0000216851,"ADAMS NATURAL RESOURCES FUND, INC.",NYSE,NONE,,control_no_seeded_acquisition_in_stockanalysis_pull,https://www.sec.gov/files/company_tickers_exchange.json,sec_company_tickers_exchange,,
CXW,0001070985,"CoreCivic, Inc.",NYSE,NONE,,control_no_seeded_acquisition_in_stockanalysis_pull,https://www.sec.gov/files/company_tickers_exchange.json,sec_company_tickers_exchange,,
SPKLU,0001884046,Spark I Acquisition Corp,Nasdaq,NONE,,control_no_seeded_acquisition_in_stockanalysis_pull,https://www.sec.gov/files/company_tickers_exchange.json,sec_company_tickers_exchange,,
BNO,0001472494,"United States Brent Oil Fund, LP",NYSE,NONE,,control_no_seeded_acquisition_in_stockanalysis_pull,https://www.sec.gov/files/company_tickers_exchange.json,sec_company_tickers_exchange,,
QUIK,0000882508,QUICKLOGIC Corp,Nasdaq,NONE,,control_no_seeded_acquisition_in_stockanalysis_pull,https://www.sec.gov/files/company_tickers_exchange.json,sec_company_tickers_exchange,,
RCS,0000916183,"PIMCO STRATEGIC INCOME FUND, INC.",NYSE,NONE,,control_no_seeded_acquisition_in_stockanalysis_pull,https://www.sec.gov/files/company_tickers_exchange.json,sec_company_tickers_exchange,,
FIGX,0002059033,FIGX Capital Acquisition Corp.,Nasdaq,NONE,,control_no_seeded_acquisition_in_stockanalysis_pull,https://www.sec.gov/files/company_tickers_exchange.json,sec_company_tickers_exchange,,
PZG,0001629210,Paramount Gold Nevada Corp.,NYSE,NONE,,control_no_seeded_acquisition_in_stockanalysis_pull,https://www.sec.gov/files/company_tickers_exchange.json,sec_company_tickers_exchange,,
NXG,0001506488,NXG NextGen Infrastructure Income Fund,NYSE,NONE,,control_no_seeded_acquisition_in_stockanalysis_pull,https://www.sec.gov/files/company_tickers_exchange.json,sec_company_tickers_exchange,,
ADVB,0001941029,Advanced Biomed Inc.,Nasdaq,NONE,,control_no_seeded_acquisition_in_stockanalysis_pull,https://www.sec.gov/files/company_tickers_exchange.json,sec_company_tickers_exchange,,
AMRN,0000897448,AMARIN CORP PLC\UK,Nasdaq,NONE,,control_no_seeded_acquisition_in_stockanalysis_pull,https://www.sec.gov/files/company_tickers_exchange.json,sec_company_tickers_exchange,,
ROL,0000084839,ROLLINS INC,NYSE,NONE,,control_no_seeded_acquisition_in_stockanalysis_pull,https://www.sec.gov/files/company_tickers_exchange.json,sec_company_tickers_exchange,,
AUGO,0001468642,Aura Minerals Inc.,Nasdaq,NONE,,control_no_seeded_acquisition_in_stockanalysis_pull,https://www.sec.gov/files/company_tickers_exchange.json,sec_company_tickers_exchange,,
MELI,0001099590,MERCADOLIBRE INC,Nasdaq,NONE,,control_no_seeded_acquisition_in_stockanalysis_pull,https://www.sec.gov/files/company_tickers_exchange.json,sec_company_tickers_exchange,,
FDMT,0001650648,"4D Molecular Therapeutics, Inc.",Nasdaq,NONE,,control_no_seeded_acquisition_in_stockanalysis_pull,https://www.sec.gov/files/company_tickers_exchange.json,sec_company_tickers_exchange,,
AVY,0000008818,Avery Dennison Corp,NYSE,NONE,,control_no_seeded_acquisition_in_stockanalysis_pull,https://www.sec.gov/files/company_tickers_exchange.json,sec_company_tickers_exchange,,
DFP,0001559991,Flaherty & Crumrine Dynamic Preferred & Income Fund Inc,NYSE,NONE,,control_no_seeded_acquisition_in_stockanalysis_pull,https://www.sec.gov/files/company_tickers_exchange.json,sec_company_tickers_exchange,,
BRSL,0001619762,Brightstar Lottery PLC,NYSE,NONE,,control_no_seeded_acquisition_in_stockanalysis_pull,https://www.sec.gov/files/company_tickers_exchange.json,sec_company_tickers_exchange,,
RYAM,0001597672,RAYONIER ADVANCED MATERIALS INC.,NYSE,NONE,,control_no_seeded_acquisition_in_stockanalysis_pull,https://www.sec.gov/files/company_tickers_exchange.json,sec_company_tickers_exchange,,
FAST,0000815556,FASTENAL CO,Nasdaq,NONE,,control_no_seeded_acquisition_in_stockanalysis_pull,https://www.sec.gov/files/company_tickers_exchange.json,sec_company_tickers_exchange,,
MSS,0001892292,Maison Solutions Inc.,Nasdaq,NONE,,control_no_seeded_acquisition_in_stockanalysis_pull,https://www.sec.gov/files/company_tickers_exchange.json,sec_company_tickers_exchange,,
DRDB,0002032528,Roman DBDR Acquisition Corp. II,Nasdaq,NONE,,control_no_seeded_acquisition_in_stockanalysis_pull,https://www.sec.gov/files/company_tickers_exchange.json,sec_company_tickers_exchange,,
ATH-PE,0001527469,Athene Holding Ltd.,NYSE,NONE,,control_no_seeded_acquisition_in_stockanalysis_pull,https://www.sec.gov/files/company_tickers_exchange.json,sec_company_tickers_exchange,,
OVBC,0000894671,OHIO VALLEY BANC CORP,Nasdaq,NONE,,control_no_seeded_acquisition_in_stockanalysis_pull,https://www.sec.gov/files/company_tickers_exchange.json,sec_company_tickers_exchange,,
MSOL,0002103547,Morgan Stanley Solana Trust,NYSE,NONE,,control_no_seeded_acquisition_in_stockanalysis_pull,https://www.sec.gov/files/company_tickers_exchange.json,sec_company_tickers_exchange,,
VIV,0001066119,TELEFONICA BRASIL S.A.,NYSE,NONE,,control_no_seeded_acquisition_in_stockanalysis_pull,https://www.sec.gov/files/company_tickers_exchange.json,sec_company_tickers_exchange,,
HEQ,0001496749,John Hancock Diversified Income Fund,NYSE,NONE,,control_no_seeded_acquisition_in_stockanalysis_pull,https://www.sec.gov/files/company_tickers_exchange.json,sec_company_tickers_exchange,,
AACIU,0002092897,Armada Acquisition Corp. III,Nasdaq,NONE,,control_no_seeded_acquisition_in_stockanalysis_pull,https://www.sec.gov/files/company_tickers_exchange.json,sec_company_tickers_exchange,,
MIDD,0000769520,MIDDLEBY Corp,Nasdaq,NONE,,control_no_seeded_acquisition_in_stockanalysis_pull,https://www.sec.gov/files/company_tickers_exchange.json,sec_company_tickers_exchange,,
PANL,0001606909,Pangaea Logistics Solutions Ltd.,Nasdaq,NONE,,control_no_seeded_acquisition_in_stockanalysis_pull,https://www.sec.gov/files/company_tickers_exchange.json,sec_company_tickers_exchange,,
MUR,0000717423,MURPHY OIL CORP,NYSE,NONE,,control_no_seeded_acquisition_in_stockanalysis_pull,https://www.sec.gov/files/company_tickers_exchange.json,sec_company_tickers_exchange,,
CAAS,0002037400,"China Automotive Systems, Inc.",Nasdaq,NONE,,control_no_seeded_acquisition_in_stockanalysis_pull,https://www.sec.gov/files/company_tickers_exchange.json,sec_company_tickers_exchange,,
LVLU,0001780201,"Lulu's Fashion Lounge Holdings, Inc.",Nasdaq,NONE,,control_no_seeded_acquisition_in_stockanalysis_pull,https://www.sec.gov/files/company_tickers_exchange.json,sec_company_tickers_exchange,,
WAFDP,0000936528,WAFD INC,Nasdaq,NONE,,control_no_seeded_acquisition_in_stockanalysis_pull,https://www.sec.gov/files/company_tickers_exchange.json,sec_company_tickers_exchange,,
KFY,0000056679,KORN FERRY,NYSE,NONE,,control_no_seeded_acquisition_in_stockanalysis_pull,https://www.sec.gov/files/company_tickers_exchange.json,sec_company_tickers_exchange,,
MGN,0001995075,Megan Holdings Ltd.,Nasdaq,NONE,,control_no_seeded_acquisition_in_stockanalysis_pull,https://www.sec.gov/files/company_tickers_exchange.json,sec_company_tickers_exchange,,
CRDL,0001702123,Cardiol Therapeutics Inc.,Nasdaq,NONE,,control_no_seeded_acquisition_in_stockanalysis_pull,https://www.sec.gov/files/company_tickers_exchange.json,sec_company_tickers_exchange,,
NVX,0001859795,NOVONIX Ltd,Nasdaq,NONE,,control_no_seeded_acquisition_in_stockanalysis_pull,https://www.sec.gov/files/company_tickers_exchange.json,sec_company_tickers_exchange,,
USEA,0001912847,United Maritime Corp,Nasdaq,NONE,,control_no_seeded_acquisition_in_stockanalysis_pull,https://www.sec.gov/files/company_tickers_exchange.json,sec_company_tickers_exchange,,
IBM,0000051143,INTERNATIONAL BUSINESS MACHINES CORP,NYSE,NONE,,control_no_seeded_acquisition_in_stockanalysis_pull,https://www.sec.gov/files/company_tickers_exchange.json,sec_company_tickers_exchange,,
ABXL,0001814287,"Abacus Global Management, Inc.",NYSE,NONE,,control_no_seeded_acquisition_in_stockanalysis_pull,https://www.sec.gov/files/company_tickers_exchange.json,sec_company_tickers_exchange,,
BIII,0002087087,Black Spade Acquisition III Co,NYSE,NONE,,control_no_seeded_acquisition_in_stockanalysis_pull,https://www.sec.gov/files/company_tickers_exchange.json,sec_company_tickers_exchange,,
MLPB,0001114446,UBS AG,NYSE,NONE,,control_no_seeded_acquisition_in_stockanalysis_pull,https://www.sec.gov/files/company_tickers_exchange.json,sec_company_tickers_exchange,,
IMOS,0001123134,CHIPMOS TECHNOLOGIES INC,Nasdaq,NONE,,control_no_seeded_acquisition_in_stockanalysis_pull,https://www.sec.gov/files/company_tickers_exchange.json,sec_company_tickers_exchange,,
OKE,0001039684,ONEOK INC /NEW/,NYSE,NONE,,control_no_seeded_acquisition_in_stockanalysis_pull,https://www.sec.gov/files/company_tickers_exchange.json,sec_company_tickers_exchange,,
INN-PE,0001497645,"Summit Hotel Properties, Inc.",NYSE,NONE,,control_no_seeded_acquisition_in_stockanalysis_pull,https://www.sec.gov/files/company_tickers_exchange.json,sec_company_tickers_exchange,,
QTWO,0001410384,"Q2 Holdings, Inc.",NYSE,NONE,,control_no_seeded_acquisition_in_stockanalysis_pull,https://www.sec.gov/files/company_tickers_exchange.json,sec_company_tickers_exchange,,
SCCO,0001001838,SOUTHERN COPPER CORP/,NYSE,NONE,,control_no_seeded_acquisition_in_stockanalysis_pull,https://www.sec.gov/files/company_tickers_exchange.json,sec_company_tickers_exchange,,
IBKR,0001381197,"Interactive Brokers Group, Inc.",Nasdaq,NONE,,control_no_seeded_acquisition_in_stockanalysis_pull,https://www.sec.gov/files/company_tickers_exchange.json,sec_company_tickers_exchange,,
NWE,0001993004,"NorthWestern Energy Group, Inc.",Nasdaq,NONE,,control_no_seeded_acquisition_in_stockanalysis_pull,https://www.sec.gov/files/company_tickers_exchange.json,sec_company_tickers_exchange,,
DHR,0000313616,DANAHER CORP /DE/,NYSE,NONE,,control_no_seeded_acquisition_in_stockanalysis_pull,https://www.sec.gov/files/company_tickers_exchange.json,sec_company_tickers_exchange,,
EBAY,0001065088,EBAY INC,Nasdaq,NONE,,control_no_seeded_acquisition_in_stockanalysis_pull,https://www.sec.gov/files/company_tickers_exchange.json,sec_company_tickers_exchange,,
AXS,0001214816,AXIS CAPITAL HOLDINGS LTD,NYSE,NONE,,control_no_seeded_acquisition_in_stockanalysis_pull,https://www.sec.gov/files/company_tickers_exchange.json,sec_company_tickers_exchange,,
CHECW,0002047177,Chenghe Acquisition III Co.,Nasdaq,NONE,,control_no_seeded_acquisition_in_stockanalysis_pull,https://www.sec.gov/files/company_tickers_exchange.json,sec_company_tickers_exchange,,
GSAT,0001366868,"Globalstar, Inc.",Nasdaq,NONE,,control_no_seeded_acquisition_in_stockanalysis_pull,https://www.sec.gov/files/company_tickers_exchange.json,sec_company_tickers_exchange,,
TWO-PC,0001465740,TWO HARBORS INVESTMENT CORP.,NYSE,NONE,,control_no_seeded_acquisition_in_stockanalysis_pull,https://www.sec.gov/files/company_tickers_exchange.json,sec_company_tickers_exchange,,
IRMD,0001325618,IRADIMED CORP,Nasdaq,NONE,,control_no_seeded_acquisition_in_stockanalysis_pull,https://www.sec.gov/files/company_tickers_exchange.json,sec_company_tickers_exchange,,
UCL,0001775898,uCloudlink Group Inc.,Nasdaq,NONE,,control_no_seeded_acquisition_in_stockanalysis_pull,https://www.sec.gov/files/company_tickers_exchange.json,sec_company_tickers_exchange,,
LKFN,0000721994,LAKELAND FINANCIAL CORP,Nasdaq,NONE,,control_no_seeded_acquisition_in_stockanalysis_pull,https://www.sec.gov/files/company_tickers_exchange.json,sec_company_tickers_exchange,,
KPLT,0001785424,"Katapult Holdings, Inc.",Nasdaq,NONE,,control_no_seeded_acquisition_in_stockanalysis_pull,https://www.sec.gov/files/company_tickers_exchange.json,sec_company_tickers_exchange,,
HSHP,0001959455,Himalaya Shipping Ltd.,NYSE,NONE,,control_no_seeded_acquisition_in_stockanalysis_pull,https://www.sec.gov/files/company_tickers_exchange.json,sec_company_tickers_exchange,,
SOEZ,0002057388,Franklin Solana Trust,NYSE,NONE,,control_no_seeded_acquisition_in_stockanalysis_pull,https://www.sec.gov/files/company_tickers_exchange.json,sec_company_tickers_exchange,,
TIMB,0001826168,TIM S.A.,NYSE,NONE,,control_no_seeded_acquisition_in_stockanalysis_pull,https://www.sec.gov/files/company_tickers_exchange.json,sec_company_tickers_exchange,,
PAGS,0001712807,PagSeguro Digital Ltd.,NYSE,NONE,,control_no_seeded_acquisition_in_stockanalysis_pull,https://www.sec.gov/files/company_tickers_exchange.json,sec_company_tickers_exchange,,
IGIC,0001794338,International General Insurance Holdings Ltd.,Nasdaq,NONE,,control_no_seeded_acquisition_in_stockanalysis_pull,https://www.sec.gov/files/company_tickers_exchange.json,sec_company_tickers_exchange,,
WTI,0001288403,W&T OFFSHORE INC,NYSE,NONE,,control_no_seeded_acquisition_in_stockanalysis_pull,https://www.sec.gov/files/company_tickers_exchange.json,sec_company_tickers_exchange,,
PPL,0000922224,PPL Corp,NYSE,NONE,,control_no_seeded_acquisition_in_stockanalysis_pull,https://www.sec.gov/files/company_tickers_exchange.json,sec_company_tickers_exchange,,
TTC,0000737758,TORO CO,NYSE,NONE,,control_no_seeded_acquisition_in_stockanalysis_pull,https://www.sec.gov/files/company_tickers_exchange.json,sec_company_tickers_exchange,,
FSLY,0001517413,"Fastly, Inc.",Nasdaq,NONE,,control_no_seeded_acquisition_in_stockanalysis_pull,https://www.sec.gov/files/company_tickers_exchange.json,sec_company_tickers_exchange,,
PTC,0000857005,PTC INC.,Nasdaq,NONE,,control_no_seeded_acquisition_in_stockanalysis_pull,https://www.sec.gov/files/company_tickers_exchange.json,sec_company_tickers_exchange,,
XRAY,0000818479,DENTSPLY SIRONA Inc.,Nasdaq,NONE,,control_no_seeded_acquisition_in_stockanalysis_pull,https://www.sec.gov/files/company_tickers_exchange.json,sec_company_tickers_exchange,,
WRN,0001364125,Western Copper & Gold Corp,NYSE,NONE,,control_no_seeded_acquisition_in_stockanalysis_pull,https://www.sec.gov/files/company_tickers_exchange.json,sec_company_tickers_exchange,,
LOOP,0001504678,"Loop Industries, Inc.",Nasdaq,NONE,,control_no_seeded_acquisition_in_stockanalysis_pull,https://www.sec.gov/files/company_tickers_exchange.json,sec_company_tickers_exchange,,
CMSD,0000811156,CMS ENERGY CORP,NYSE,NONE,,control_no_seeded_acquisition_in_stockanalysis_pull,https://www.sec.gov/files/company_tickers_exchange.json,sec_company_tickers_exchange,,
XCBEW,0002083493,X3 Acquisition Corp. Ltd.,Nasdaq,NONE,,control_no_seeded_acquisition_in_stockanalysis_pull,https://www.sec.gov/files/company_tickers_exchange.json,sec_company_tickers_exchange,,
HTFC,0001487428,Horizon Technology Finance Corp,NYSE,NONE,,control_no_seeded_acquisition_in_stockanalysis_pull,https://www.sec.gov/files/company_tickers_exchange.json,sec_company_tickers_exchange,,
NMPAR,0002054876,NMP Acquisition Corp.,Nasdaq,NONE,,control_no_seeded_acquisition_in_stockanalysis_pull,https://www.sec.gov/files/company_tickers_exchange.json,sec_company_tickers_exchange,,
CTAA,0002094073,Clearthink 1 Acquisition Corp.,Nasdaq,NONE,,control_no_seeded_acquisition_in_stockanalysis_pull,https://www.sec.gov/files/company_tickers_exchange.json,sec_company_tickers_exchange,,
MBVI,0002073928,M3-Brigade Acquisition VI Corp.,Nasdaq,NONE,,control_no_seeded_acquisition_in_stockanalysis_pull,https://www.sec.gov/files/company_tickers_exchange.json,sec_company_tickers_exchange,,
KRSP,0002074872,Rice Acquisition Corp 3,NYSE,NONE,,control_no_seeded_acquisition_in_stockanalysis_pull,https://www.sec.gov/files/company_tickers_exchange.json,sec_company_tickers_exchange,,
CODA,0001334325,"Coda Octopus Group, Inc.",Nasdaq,NONE,,control_no_seeded_acquisition_in_stockanalysis_pull,https://www.sec.gov/files/company_tickers_exchange.json,sec_company_tickers_exchange,,
ALDFW,0002031561,Aldel Financial II Inc.,Nasdaq,NONE,,control_no_seeded_acquisition_in_stockanalysis_pull,https://www.sec.gov/files/company_tickers_exchange.json,sec_company_tickers_exchange,,
GOOGN,0001652044,Alphabet Inc.,Nasdaq,NONE,,control_no_seeded_acquisition_in_stockanalysis_pull,https://www.sec.gov/files/company_tickers_exchange.json,sec_company_tickers_exchange,,
AGM,0000845877,FEDERAL AGRICULTURAL MORTGAGE CORP,NYSE,NONE,,control_no_seeded_acquisition_in_stockanalysis_pull,https://www.sec.gov/files/company_tickers_exchange.json,sec_company_tickers_exchange,,
ISNR,0002123475,Snow Rothschild Acquisition Corp.,Nasdaq,NONE,,control_no_seeded_acquisition_in_stockanalysis_pull,https://www.sec.gov/files/company_tickers_exchange.json,sec_company_tickers_exchange,,
TZOO,0001133311,TRAVELZOO,Nasdaq,NONE,,control_no_seeded_acquisition_in_stockanalysis_pull,https://www.sec.gov/files/company_tickers_exchange.json,sec_company_tickers_exchange,,
MAN,0000871763,ManpowerGroup Inc.,NYSE,NONE,,control_no_seeded_acquisition_in_stockanalysis_pull,https://www.sec.gov/files/company_tickers_exchange.json,sec_company_tickers_exchange,,
RUM,0001830081,RUM Group Inc.,Nasdaq,NONE,,control_no_seeded_acquisition_in_stockanalysis_pull,https://www.sec.gov/files/company_tickers_exchange.json,sec_company_tickers_exchange,,
VNO-PL,0000899689,VORNADO REALTY TRUST,NYSE,NONE,,control_no_seeded_acquisition_in_stockanalysis_pull,https://www.sec.gov/files/company_tickers_exchange.json,sec_company_tickers_exchange,,
LUCK,0001840572,Lucky Strike Entertainment Corp,NYSE,NONE,,control_no_seeded_acquisition_in_stockanalysis_pull,https://www.sec.gov/files/company_tickers_exchange.json,sec_company_tickers_exchange,,
CPT,0000906345,CAMDEN PROPERTY TRUST,NYSE,NONE,,control_no_seeded_acquisition_in_stockanalysis_pull,https://www.sec.gov/files/company_tickers_exchange.json,sec_company_tickers_exchange,,
BOH,0000046195,BANK OF HAWAII CORP,NYSE,NONE,,control_no_seeded_acquisition_in_stockanalysis_pull,https://www.sec.gov/files/company_tickers_exchange.json,sec_company_tickers_exchange,,
CXIIW,0002114227,Churchill Capital Corp XII,Nasdaq,NONE,,control_no_seeded_acquisition_in_stockanalysis_pull,https://www.sec.gov/files/company_tickers_exchange.json,sec_company_tickers_exchange,,
TRP,0001232384,TC ENERGY CORP,NYSE,NONE,,control_no_seeded_acquisition_in_stockanalysis_pull,https://www.sec.gov/files/company_tickers_exchange.json,sec_company_tickers_exchange,,
NHIV,0002099767,NewHold Investment Corp IV,Nasdaq,NONE,,control_no_seeded_acquisition_in_stockanalysis_pull,https://www.sec.gov/files/company_tickers_exchange.json,sec_company_tickers_exchange,,
ACLS,0001113232,AXCELIS TECHNOLOGIES INC,Nasdaq,NONE,,control_no_seeded_acquisition_in_stockanalysis_pull,https://www.sec.gov/files/company_tickers_exchange.json,sec_company_tickers_exchange,,
WENC,0002104260,West Enclave Merger Corp.,NYSE,NONE,,control_no_seeded_acquisition_in_stockanalysis_pull,https://www.sec.gov/files/company_tickers_exchange.json,sec_company_tickers_exchange,,
LMAT,0001158895,LEMAITRE VASCULAR INC,Nasdaq,NONE,,control_no_seeded_acquisition_in_stockanalysis_pull,https://www.sec.gov/files/company_tickers_exchange.json,sec_company_tickers_exchange,,
UNFI,0001020859,UNITED NATURAL FOODS INC,NYSE,NONE,,control_no_seeded_acquisition_in_stockanalysis_pull,https://www.sec.gov/files/company_tickers_exchange.json,sec_company_tickers_exchange,,
SCATU,0002133239,Southern Cross Acquisition II Corp.,Nasdaq,NONE,,control_no_seeded_acquisition_in_stockanalysis_pull,https://www.sec.gov/files/company_tickers_exchange.json,sec_company_tickers_exchange,,
ILLUW,0002101135,Illumination Acquisition Corp. I,Nasdaq,NONE,,control_no_seeded_acquisition_in_stockanalysis_pull,https://www.sec.gov/files/company_tickers_exchange.json,sec_company_tickers_exchange,,
SNTI,0001854270,"Senti Biosciences Holdings, Inc.",Nasdaq,NONE,,control_no_seeded_acquisition_in_stockanalysis_pull,https://www.sec.gov/files/company_tickers_exchange.json,sec_company_tickers_exchange,,
BON,0001816815,Bon Natural Life Ltd,Nasdaq,NONE,,control_no_seeded_acquisition_in_stockanalysis_pull,https://www.sec.gov/files/company_tickers_exchange.json,sec_company_tickers_exchange,,
UDR,0000074208,"UDR, Inc.",NYSE,NONE,,control_no_seeded_acquisition_in_stockanalysis_pull,https://www.sec.gov/files/company_tickers_exchange.json,sec_company_tickers_exchange,,
SKIL,0001774675,Skillsoft Corp.,NYSE,NONE,,control_no_seeded_acquisition_in_stockanalysis_pull,https://www.sec.gov/files/company_tickers_exchange.json,sec_company_tickers_exchange,,
PACK,0001712463,Ranpak Holdings Corp.,NYSE,NONE,,control_no_seeded_acquisition_in_stockanalysis_pull,https://www.sec.gov/files/company_tickers_exchange.json,sec_company_tickers_exchange,,
ZETA,0001851003,Zeta Global Holdings Corp.,NYSE,NONE,,control_no_seeded_acquisition_in_stockanalysis_pull,https://www.sec.gov/files/company_tickers_exchange.json,sec_company_tickers_exchange,,
FGL,0001989930,Founder Group Ltd,Nasdaq,NONE,,control_no_seeded_acquisition_in_stockanalysis_pull,https://www.sec.gov/files/company_tickers_exchange.json,sec_company_tickers_exchange,,
OPP,0001678130,"RiverNorth/DoubleLine Strategic Opportunity Fund, Inc.",NYSE,NONE,,control_no_seeded_acquisition_in_stockanalysis_pull,https://www.sec.gov/files/company_tickers_exchange.json,sec_company_tickers_exchange,,
ECCV,0001604174,Eagle Point Credit Co,NYSE,NONE,,control_no_seeded_acquisition_in_stockanalysis_pull,https://www.sec.gov/files/company_tickers_exchange.json,sec_company_tickers_exchange,,
WM,0000823768,WASTE MANAGEMENT INC,NYSE,NONE,,control_no_seeded_acquisition_in_stockanalysis_pull,https://www.sec.gov/files/company_tickers_exchange.json,sec_company_tickers_exchange,,
AVTX,0001534120,"Avalo Therapeutics, Inc.",Nasdaq,NONE,,control_no_seeded_acquisition_in_stockanalysis_pull,https://www.sec.gov/files/company_tickers_exchange.json,sec_company_tickers_exchange,,
MTH,0000833079,Meritage Homes CORP,NYSE,NONE,,control_no_seeded_acquisition_in_stockanalysis_pull,https://www.sec.gov/files/company_tickers_exchange.json,sec_company_tickers_exchange,,
NUV,0000812801,NUVEEN MUNICIPAL VALUE FUND INC,NYSE,NONE,,control_no_seeded_acquisition_in_stockanalysis_pull,https://www.sec.gov/files/company_tickers_exchange.json,sec_company_tickers_exchange,,
ENVB,0000890821,"Enveric Biosciences, Inc.",Nasdaq,NONE,,control_no_seeded_acquisition_in_stockanalysis_pull,https://www.sec.gov/files/company_tickers_exchange.json,sec_company_tickers_exchange,,
OGG,0001431852,Osisko Gold Group Inc.,NYSE,NONE,,control_no_seeded_acquisition_in_stockanalysis_pull,https://www.sec.gov/files/company_tickers_exchange.json,sec_company_tickers_exchange,,
GPRK,0001464591,GeoPark Ltd,NYSE,NONE,,control_no_seeded_acquisition_in_stockanalysis_pull,https://www.sec.gov/files/company_tickers_exchange.json,sec_company_tickers_exchange,,
AGNCP,0001423689,AGNC Investment Corp.,Nasdaq,NONE,,control_no_seeded_acquisition_in_stockanalysis_pull,https://www.sec.gov/files/company_tickers_exchange.json,sec_company_tickers_exchange,,
ALLY,0000040729,Ally Financial Inc.,NYSE,NONE,,control_no_seeded_acquisition_in_stockanalysis_pull,https://www.sec.gov/files/company_tickers_exchange.json,sec_company_tickers_exchange,,
FOIL,0002006960,Londian Wason New Energy Tech Inc.,NYSE,NONE,,control_no_seeded_acquisition_in_stockanalysis_pull,https://www.sec.gov/files/company_tickers_exchange.json,sec_company_tickers_exchange,,
EPSM,0001883437,Epsium Enterprise Ltd,Nasdaq,NONE,,control_no_seeded_acquisition_in_stockanalysis_pull,https://www.sec.gov/files/company_tickers_exchange.json,sec_company_tickers_exchange,,
KRAQU,0002082119,KRAKacquisition Corp,Nasdaq,NONE,,control_no_seeded_acquisition_in_stockanalysis_pull,https://www.sec.gov/files/company_tickers_exchange.json,sec_company_tickers_exchange,,
VGASW,0001841425,"Verde Clean Fuels, Inc.",Nasdaq,NONE,,control_no_seeded_acquisition_in_stockanalysis_pull,https://www.sec.gov/files/company_tickers_exchange.json,sec_company_tickers_exchange,,
TWLVU,0002052243,Twelve Seas Investment Co III/Cayman,Nasdaq,NONE,,control_no_seeded_acquisition_in_stockanalysis_pull,https://www.sec.gov/files/company_tickers_exchange.json,sec_company_tickers_exchange,,
GFR,0001966287,Greenfire Resources Ltd.,NYSE,NONE,,control_no_seeded_acquisition_in_stockanalysis_pull,https://www.sec.gov/files/company_tickers_exchange.json,sec_company_tickers_exchange,,
YCS,0001415311,ProShares Trust II,NYSE,NONE,,control_no_seeded_acquisition_in_stockanalysis_pull,https://www.sec.gov/files/company_tickers_exchange.json,sec_company_tickers_exchange,,
SLM,0001032033,SLM Corp,Nasdaq,NONE,,control_no_seeded_acquisition_in_stockanalysis_pull,https://www.sec.gov/files/company_tickers_exchange.json,sec_company_tickers_exchange,,
LPCN,0001535955,Lipocine Inc.,Nasdaq,NONE,,control_no_seeded_acquisition_in_stockanalysis_pull,https://www.sec.gov/files/company_tickers_exchange.json,sec_company_tickers_exchange,,
LUCD,0001799011,Lucid Diagnostics Inc.,Nasdaq,NONE,,control_no_seeded_acquisition_in_stockanalysis_pull,https://www.sec.gov/files/company_tickers_exchange.json,sec_company_tickers_exchange,,
MTEN,0001948099,Mingteng International Corp Inc.,Nasdaq,NONE,,control_no_seeded_acquisition_in_stockanalysis_pull,https://www.sec.gov/files/company_tickers_exchange.json,sec_company_tickers_exchange,,
AIRO,0001927958,"AIRO Group Holdings, Inc.",Nasdaq,NONE,,control_no_seeded_acquisition_in_stockanalysis_pull,https://www.sec.gov/files/company_tickers_exchange.json,sec_company_tickers_exchange,,
MCK,0000927653,MCKESSON CORP,NYSE,NONE,,control_no_seeded_acquisition_in_stockanalysis_pull,https://www.sec.gov/files/company_tickers_exchange.json,sec_company_tickers_exchange,,
FLYX-WT,0001843973,FLYEXCLUSIVE INC.,NYSE,NONE,,control_no_seeded_acquisition_in_stockanalysis_pull,https://www.sec.gov/files/company_tickers_exchange.json,sec_company_tickers_exchange,,
EC,0001444406,ECOPETROL S.A.,NYSE,NONE,,control_no_seeded_acquisition_in_stockanalysis_pull,https://www.sec.gov/files/company_tickers_exchange.json,sec_company_tickers_exchange,,
STKS,0001399520,"ONE Group Hospitality, Inc.",Nasdaq,NONE,,control_no_seeded_acquisition_in_stockanalysis_pull,https://www.sec.gov/files/company_tickers_exchange.json,sec_company_tickers_exchange,,
DTG,0000936340,DTE ENERGY CO,NYSE,NONE,,control_no_seeded_acquisition_in_stockanalysis_pull,https://www.sec.gov/files/company_tickers_exchange.json,sec_company_tickers_exchange,,
INACR,0002063816,Indigo Acquisition Corp.,Nasdaq,NONE,,control_no_seeded_acquisition_in_stockanalysis_pull,https://www.sec.gov/files/company_tickers_exchange.json,sec_company_tickers_exchange,,
HVII,0001846416,Hennessy Capital Investment Corp. VII,Nasdaq,NONE,,control_no_seeded_acquisition_in_stockanalysis_pull,https://www.sec.gov/files/company_tickers_exchange.json,sec_company_tickers_exchange,,
NAK,0001164771,NORTHERN DYNASTY MINERALS LTD,NYSE,NONE,,control_no_seeded_acquisition_in_stockanalysis_pull,https://www.sec.gov/files/company_tickers_exchange.json,sec_company_tickers_exchange,,
UHS,0000352915,UNIVERSAL HEALTH SERVICES INC,NYSE,NONE,,control_no_seeded_acquisition_in_stockanalysis_pull,https://www.sec.gov/files/company_tickers_exchange.json,sec_company_tickers_exchange,,
VNRX,0000093314,VOLITIONRX LTD,NYSE,NONE,,control_no_seeded_acquisition_in_stockanalysis_pull,https://www.sec.gov/files/company_tickers_exchange.json,sec_company_tickers_exchange,,
ACVA,0001637873,ACV Auctions Inc.,NYSE,NONE,,control_no_seeded_acquisition_in_stockanalysis_pull,https://www.sec.gov/files/company_tickers_exchange.json,sec_company_tickers_exchange,,
AQN,0001174169,ALGONQUIN POWER & UTILITIES CORP.,NYSE,NONE,,control_no_seeded_acquisition_in_stockanalysis_pull,https://www.sec.gov/files/company_tickers_exchange.json,sec_company_tickers_exchange,,
COLA,0002028201,Columbus Acquisition Corp/Cayman Islands,Nasdaq,NONE,,control_no_seeded_acquisition_in_stockanalysis_pull,https://www.sec.gov/files/company_tickers_exchange.json,sec_company_tickers_exchange,,
AAOI,0001158114,"APPLIED OPTOELECTRONICS, INC.",Nasdaq,NONE,,control_no_seeded_acquisition_in_stockanalysis_pull,https://www.sec.gov/files/company_tickers_exchange.json,sec_company_tickers_exchange,,
OST,0001803407,"Ostin Technology Group Co., Ltd.",Nasdaq,NONE,,control_no_seeded_acquisition_in_stockanalysis_pull,https://www.sec.gov/files/company_tickers_exchange.json,sec_company_tickers_exchange,,
ICCM,0001584371,IceCure Medical Ltd.,Nasdaq,NONE,,control_no_seeded_acquisition_in_stockanalysis_pull,https://www.sec.gov/files/company_tickers_exchange.json,sec_company_tickers_exchange,,
NAMS,0001936258,NewAmsterdam Pharma Co N.V.,Nasdaq,NONE,,control_no_seeded_acquisition_in_stockanalysis_pull,https://www.sec.gov/files/company_tickers_exchange.json,sec_company_tickers_exchange,,
AFL,0000004977,AFLAC INC,NYSE,NONE,,control_no_seeded_acquisition_in_stockanalysis_pull,https://www.sec.gov/files/company_tickers_exchange.json,sec_company_tickers_exchange,,
PSX,0001534701,Phillips 66,NYSE,NONE,,control_no_seeded_acquisition_in_stockanalysis_pull,https://www.sec.gov/files/company_tickers_exchange.json,sec_company_tickers_exchange,,
NB,0001512228,NIOCORP DEVELOPMENTS LTD,Nasdaq,NONE,,control_no_seeded_acquisition_in_stockanalysis_pull,https://www.sec.gov/files/company_tickers_exchange.json,sec_company_tickers_exchange,,
KZIA,0001075880,KAZIA THERAPEUTICS LTD,Nasdaq,NONE,,control_no_seeded_acquisition_in_stockanalysis_pull,https://www.sec.gov/files/company_tickers_exchange.json,sec_company_tickers_exchange,,
WOOF,0001826470,"Petco Health & Wellness Company, Inc.",Nasdaq,NONE,,control_no_seeded_acquisition_in_stockanalysis_pull,https://www.sec.gov/files/company_tickers_exchange.json,sec_company_tickers_exchange,,
CAVA,0001639438,"CAVA GROUP, INC.",NYSE,NONE,,control_no_seeded_acquisition_in_stockanalysis_pull,https://www.sec.gov/files/company_tickers_exchange.json,sec_company_tickers_exchange,,
ALUB-UN,0002041493,Alussa Energy Acquisition Corp. II,NYSE,NONE,,control_no_seeded_acquisition_in_stockanalysis_pull,https://www.sec.gov/files/company_tickers_exchange.json,sec_company_tickers_exchange,,
EPM,0001006655,EVOLUTION PETROLEUM CORP,NYSE,NONE,,control_no_seeded_acquisition_in_stockanalysis_pull,https://www.sec.gov/files/company_tickers_exchange.json,sec_company_tickers_exchange,,
FLNA,0001069530,"FILANA THERAPEUTICS, INC.",Nasdaq,NONE,,control_no_seeded_acquisition_in_stockanalysis_pull,https://www.sec.gov/files/company_tickers_exchange.json,sec_company_tickers_exchange,,
BLMN,0001546417,"Bloomin' Brands, Inc.",Nasdaq,NONE,,control_no_seeded_acquisition_in_stockanalysis_pull,https://www.sec.gov/files/company_tickers_exchange.json,sec_company_tickers_exchange,,
LIME,0001699963,"Neutron Holdings, Inc.",Nasdaq,NONE,,control_no_seeded_acquisition_in_stockanalysis_pull,https://www.sec.gov/files/company_tickers_exchange.json,sec_company_tickers_exchange,,
RNST,0000715072,RENASANT CORP,NYSE,NONE,,control_no_seeded_acquisition_in_stockanalysis_pull,https://www.sec.gov/files/company_tickers_exchange.json,sec_company_tickers_exchange,,
XMTR,0001657573,"Xometry, Inc.",Nasdaq,NONE,,control_no_seeded_acquisition_in_stockanalysis_pull,https://www.sec.gov/files/company_tickers_exchange.json,sec_company_tickers_exchange,,
FTS,0001666175,Fortis Inc.,NYSE,NONE,,control_no_seeded_acquisition_in_stockanalysis_pull,https://www.sec.gov/files/company_tickers_exchange.json,sec_company_tickers_exchange,,
GBTG,0001820872,"Global Business Travel Group, Inc.",NYSE,NONE,,control_no_seeded_acquisition_in_stockanalysis_pull,https://www.sec.gov/files/company_tickers_exchange.json,sec_company_tickers_exchange,,
ONEW,0001772921,OneWater Marine Inc.,Nasdaq,NONE,,control_no_seeded_acquisition_in_stockanalysis_pull,https://www.sec.gov/files/company_tickers_exchange.json,sec_company_tickers_exchange,,
ACN,0001467373,Accenture plc,NYSE,NONE,,control_no_seeded_acquisition_in_stockanalysis_pull,https://www.sec.gov/files/company_tickers_exchange.json,sec_company_tickers_exchange,,
HIPO,0001828105,Hippo Holdings Inc.,NYSE,NONE,,control_no_seeded_acquisition_in_stockanalysis_pull,https://www.sec.gov/files/company_tickers_exchange.json,sec_company_tickers_exchange,,
MAIR,0002098430,Madison Air Solutions Corp,NYSE,NONE,,control_no_seeded_acquisition_in_stockanalysis_pull,https://www.sec.gov/files/company_tickers_exchange.json,sec_company_tickers_exchange,,
CGCF,0002126043,Cartesian Growth Corp IV,Nasdaq,NONE,,control_no_seeded_acquisition_in_stockanalysis_pull,https://www.sec.gov/files/company_tickers_exchange.json,sec_company_tickers_exchange,,
BHE,0000863436,BENCHMARK ELECTRONICS INC,NYSE,NONE,,control_no_seeded_acquisition_in_stockanalysis_pull,https://www.sec.gov/files/company_tickers_exchange.json,sec_company_tickers_exchange,,
CMG,0001058090,CHIPOTLE MEXICAN GRILL INC,NYSE,NONE,,control_no_seeded_acquisition_in_stockanalysis_pull,https://www.sec.gov/files/company_tickers_exchange.json,sec_company_tickers_exchange,,
DDI,0001799567,"DoubleDown Interactive Co., Ltd.",Nasdaq,NONE,,control_no_seeded_acquisition_in_stockanalysis_pull,https://www.sec.gov/files/company_tickers_exchange.json,sec_company_tickers_exchange,,
SDHY,0001812923,PGIM Short Duration High Yield Opportunities Fund,NYSE,NONE,,control_no_seeded_acquisition_in_stockanalysis_pull,https://www.sec.gov/files/company_tickers_exchange.json,sec_company_tickers_exchange,,
SVCCU,0002033593,Stellar V Capital Corp. (Cayman Islands),Nasdaq,NONE,,control_no_seeded_acquisition_in_stockanalysis_pull,https://www.sec.gov/files/company_tickers_exchange.json,sec_company_tickers_exchange,,
GPRO,0001500435,"GoPro, Inc.",Nasdaq,NONE,,control_no_seeded_acquisition_in_stockanalysis_pull,https://www.sec.gov/files/company_tickers_exchange.json,sec_company_tickers_exchange,,
YSAG,0002087989,Texas Precious Metals Trust,Nasdaq,NONE,,control_no_seeded_acquisition_in_stockanalysis_pull,https://www.sec.gov/files/company_tickers_exchange.json,sec_company_tickers_exchange,,
BSVN,0001746129,Bank7 Corp.,Nasdaq,NONE,,control_no_seeded_acquisition_in_stockanalysis_pull,https://www.sec.gov/files/company_tickers_exchange.json,sec_company_tickers_exchange,,
HCXY,0001280784,"Hercules Capital, Inc.",NYSE,NONE,,control_no_seeded_acquisition_in_stockanalysis_pull,https://www.sec.gov/files/company_tickers_exchange.json,sec_company_tickers_exchange,,
DAC,0001369241,Danaos Corp,NYSE,NONE,,control_no_seeded_acquisition_in_stockanalysis_pull,https://www.sec.gov/files/company_tickers_exchange.json,sec_company_tickers_exchange,,
ARQQ,0001859690,Arqit Quantum Inc.,Nasdaq,NONE,,control_no_seeded_acquisition_in_stockanalysis_pull,https://www.sec.gov/files/company_tickers_exchange.json,sec_company_tickers_exchange,,
GRFS,0001438569,Grifols SA,Nasdaq,NONE,,control_no_seeded_acquisition_in_stockanalysis_pull,https://www.sec.gov/files/company_tickers_exchange.json,sec_company_tickers_exchange,,
AWF,0000906013,ALLIANCEBERNSTEIN GLOBAL HIGH INCOME FUND INC,NYSE,NONE,,control_no_seeded_acquisition_in_stockanalysis_pull,https://www.sec.gov/files/company_tickers_exchange.json,sec_company_tickers_exchange,,
OPTU,0001702780,"Optimum Communications, Inc.",NYSE,NONE,,control_no_seeded_acquisition_in_stockanalysis_pull,https://www.sec.gov/files/company_tickers_exchange.json,sec_company_tickers_exchange,,
OHAC,0002090787,Oceanhawk Acquisition Corp.,Nasdaq,NONE,,control_no_seeded_acquisition_in_stockanalysis_pull,https://www.sec.gov/files/company_tickers_exchange.json,sec_company_tickers_exchange,,
FTRA-WT,0002131853,FutureCorp Space Acquisition 1,NYSE,NONE,,control_no_seeded_acquisition_in_stockanalysis_pull,https://www.sec.gov/files/company_tickers_exchange.json,sec_company_tickers_exchange,,
ARLO,0001736946,"Arlo Technologies, Inc.",NYSE,NONE,,control_no_seeded_acquisition_in_stockanalysis_pull,https://www.sec.gov/files/company_tickers_exchange.json,sec_company_tickers_exchange,,
SPCE,0001706946,"Virgin Galactic Holdings, Inc",NYSE,NONE,,control_no_seeded_acquisition_in_stockanalysis_pull,https://www.sec.gov/files/company_tickers_exchange.json,sec_company_tickers_exchange,,
KARD,0002123613,"Kardigan, Inc.",Nasdaq,NONE,,control_no_seeded_acquisition_in_stockanalysis_pull,https://www.sec.gov/files/company_tickers_exchange.json,sec_company_tickers_exchange,,
HBNB,0002054507,Hotel101 Global Holdings Corp.,Nasdaq,NONE,,control_no_seeded_acquisition_in_stockanalysis_pull,https://www.sec.gov/files/company_tickers_exchange.json,sec_company_tickers_exchange,,
EPRX,0001581178,EUPRAXIA PHARMACEUTICALS INC.,Nasdaq,NONE,,control_no_seeded_acquisition_in_stockanalysis_pull,https://www.sec.gov/files/company_tickers_exchange.json,sec_company_tickers_exchange,,
RTACU,0002035173,Renatus Tactical Acquisition Corp I,Nasdaq,NONE,,control_no_seeded_acquisition_in_stockanalysis_pull,https://www.sec.gov/files/company_tickers_exchange.json,sec_company_tickers_exchange,,
BNED,0001634117,"Barnes & Noble Education, Inc.",NYSE,NONE,,control_no_seeded_acquisition_in_stockanalysis_pull,https://www.sec.gov/files/company_tickers_exchange.json,sec_company_tickers_exchange,,
CVV,0000766792,CVD EQUIPMENT CORP,Nasdaq,NONE,,control_no_seeded_acquisition_in_stockanalysis_pull,https://www.sec.gov/files/company_tickers_exchange.json,sec_company_tickers_exchange,,
XPOF,0001802156,"Xponential Fitness, Inc.",NYSE,NONE,,control_no_seeded_acquisition_in_stockanalysis_pull,https://www.sec.gov/files/company_tickers_exchange.json,sec_company_tickers_exchange,,
AIR,0000001750,AAR CORP,NYSE,NONE,,control_no_seeded_acquisition_in_stockanalysis_pull,https://www.sec.gov/files/company_tickers_exchange.json,sec_company_tickers_exchange,,
FSK,0001422183,FS KKR Capital Corp,NYSE,NONE,,control_no_seeded_acquisition_in_stockanalysis_pull,https://www.sec.gov/files/company_tickers_exchange.json,sec_company_tickers_exchange,,
LAB,0001162194,STANDARD BIOTOOLS INC.,Nasdaq,NONE,,control_no_seeded_acquisition_in_stockanalysis_pull,https://www.sec.gov/files/company_tickers_exchange.json,sec_company_tickers_exchange,,
EROK,0002104882,"EagleRock Land, LLC",NYSE,NONE,,control_no_seeded_acquisition_in_stockanalysis_pull,https://www.sec.gov/files/company_tickers_exchange.json,sec_company_tickers_exchange,,
LWLG,0001325964,"Lightwave Logic, Inc.",Nasdaq,NONE,,control_no_seeded_acquisition_in_stockanalysis_pull,https://www.sec.gov/files/company_tickers_exchange.json,sec_company_tickers_exchange,,
RNG,0001384905,"RingCentral, Inc.",NYSE,NONE,,control_no_seeded_acquisition_in_stockanalysis_pull,https://www.sec.gov/files/company_tickers_exchange.json,sec_company_tickers_exchange,,
DIN,0000049754,"Dine Brands Global, Inc.",NYSE,NONE,,control_no_seeded_acquisition_in_stockanalysis_pull,https://www.sec.gov/files/company_tickers_exchange.json,sec_company_tickers_exchange,,
MYX,0002080087,Maywood Acquisition Corp. 2,Nasdaq,NONE,,control_no_seeded_acquisition_in_stockanalysis_pull,https://www.sec.gov/files/company_tickers_exchange.json,sec_company_tickers_exchange,,
DAVEW,0001841408,Dave Inc./DE,Nasdaq,NONE,,control_no_seeded_acquisition_in_stockanalysis_pull,https://www.sec.gov/files/company_tickers_exchange.json,sec_company_tickers_exchange,,
WRD,0001867729,WeRide Inc.,Nasdaq,NONE,,control_no_seeded_acquisition_in_stockanalysis_pull,https://www.sec.gov/files/company_tickers_exchange.json,sec_company_tickers_exchange,,
TEX,0000097216,TEREX CORP,NYSE,NONE,,control_no_seeded_acquisition_in_stockanalysis_pull,https://www.sec.gov/files/company_tickers_exchange.json,sec_company_tickers_exchange,,
KELYB,0000055135,KELLY SERVICES INC,Nasdaq,NONE,,control_no_seeded_acquisition_in_stockanalysis_pull,https://www.sec.gov/files/company_tickers_exchange.json,sec_company_tickers_exchange,,
BB,0001070235,BLACKBERRY Ltd,NYSE,NONE,,control_no_seeded_acquisition_in_stockanalysis_pull,https://www.sec.gov/files/company_tickers_exchange.json,sec_company_tickers_exchange,,
POWI,0000833640,POWER INTEGRATIONS INC,Nasdaq,NONE,,control_no_seeded_acquisition_in_stockanalysis_pull,https://www.sec.gov/files/company_tickers_exchange.json,sec_company_tickers_exchange,,
TNC,0000097134,TENNANT CO,NYSE,NONE,,control_no_seeded_acquisition_in_stockanalysis_pull,https://www.sec.gov/files/company_tickers_exchange.json,sec_company_tickers_exchange,,
KPET,0002095297,KPET Ultra Paceline Corp,NYSE,NONE,,control_no_seeded_acquisition_in_stockanalysis_pull,https://www.sec.gov/files/company_tickers_exchange.json,sec_company_tickers_exchange,,
DEFT,0001888274,"Defi Technologies, Inc.",Nasdaq,NONE,,control_no_seeded_acquisition_in_stockanalysis_pull,https://www.sec.gov/files/company_tickers_exchange.json,sec_company_tickers_exchange,,
TLNC,0002073340,Talon Capital Corp.,Nasdaq,NONE,,control_no_seeded_acquisition_in_stockanalysis_pull,https://www.sec.gov/files/company_tickers_exchange.json,sec_company_tickers_exchange,,
EXFY,0001476840,"Expensify, Inc.",Nasdaq,NONE,,control_no_seeded_acquisition_in_stockanalysis_pull,https://www.sec.gov/files/company_tickers_exchange.json,sec_company_tickers_exchange,,
NEXA,0001713930,Nexa Resources S.A.,NYSE,NONE,,control_no_seeded_acquisition_in_stockanalysis_pull,https://www.sec.gov/files/company_tickers_exchange.json,sec_company_tickers_exchange,,
HCKT,0001057379,"HACKETT GROUP, INC.",Nasdaq,NONE,,control_no_seeded_acquisition_in_stockanalysis_pull,https://www.sec.gov/files/company_tickers_exchange.json,sec_company_tickers_exchange,,
HUIZ,0001778982,Huize Holding Ltd,Nasdaq,NONE,,control_no_seeded_acquisition_in_stockanalysis_pull,https://www.sec.gov/files/company_tickers_exchange.json,sec_company_tickers_exchange,,
MET-PF,0001099219,METLIFE INC,NYSE,NONE,,control_no_seeded_acquisition_in_stockanalysis_pull,https://www.sec.gov/files/company_tickers_exchange.json,sec_company_tickers_exchange,,
INOD,0000903651,INNODATA INC,Nasdaq,NONE,,control_no_seeded_acquisition_in_stockanalysis_pull,https://www.sec.gov/files/company_tickers_exchange.json,sec_company_tickers_exchange,,
ULCC,0001670076,"Frontier Group Holdings, Inc.",Nasdaq,NONE,,control_no_seeded_acquisition_in_stockanalysis_pull,https://www.sec.gov/files/company_tickers_exchange.json,sec_company_tickers_exchange,,
C,0000831001,CITIGROUP INC,NYSE,NONE,,control_no_seeded_acquisition_in_stockanalysis_pull,https://www.sec.gov/files/company_tickers_exchange.json,sec_company_tickers_exchange,,
ONB,0000707179,OLD NATIONAL BANCORP /IN/,Nasdaq,NONE,,control_no_seeded_acquisition_in_stockanalysis_pull,https://www.sec.gov/files/company_tickers_exchange.json,sec_company_tickers_exchange,,
CURV,0001792781,Torrid Holdings Inc.,NYSE,NONE,,control_no_seeded_acquisition_in_stockanalysis_pull,https://www.sec.gov/files/company_tickers_exchange.json,sec_company_tickers_exchange,,
PCSA,0001533743,"Processa Pharmaceuticals, Inc.",Nasdaq,NONE,,control_no_seeded_acquisition_in_stockanalysis_pull,https://www.sec.gov/files/company_tickers_exchange.json,sec_company_tickers_exchange,,
EQH,0001333986,"Equitable Holdings, Inc.",NYSE,NONE,,control_no_seeded_acquisition_in_stockanalysis_pull,https://www.sec.gov/files/company_tickers_exchange.json,sec_company_tickers_exchange,,
REXR,0001571283,"Rexford Industrial Realty, Inc.",NYSE,NONE,,control_no_seeded_acquisition_in_stockanalysis_pull,https://www.sec.gov/files/company_tickers_exchange.json,sec_company_tickers_exchange,,
KNX,0001492691,Knight-Swift Transportation Holdings Inc.,NYSE,NONE,,control_no_seeded_acquisition_in_stockanalysis_pull,https://www.sec.gov/files/company_tickers_exchange.json,sec_company_tickers_exchange,,
LTGO,0002056611,"Latigo Biotherapeutics, Inc.",Nasdaq,NONE,,control_no_seeded_acquisition_in_stockanalysis_pull,https://www.sec.gov/files/company_tickers_exchange.json,sec_company_tickers_exchange,,
HTLD,0000799233,HEARTLAND EXPRESS INC,Nasdaq,NONE,,control_no_seeded_acquisition_in_stockanalysis_pull,https://www.sec.gov/files/company_tickers_exchange.json,sec_company_tickers_exchange,,
SOJF,0000092122,SOUTHERN CO,NYSE,NONE,,control_no_seeded_acquisition_in_stockanalysis_pull,https://www.sec.gov/files/company_tickers_exchange.json,sec_company_tickers_exchange,,
BUI,0001528988,"BlackRock Utilities, Infrastructure & Power Opportunities Trust",NYSE,NONE,,control_no_seeded_acquisition_in_stockanalysis_pull,https://www.sec.gov/files/company_tickers_exchange.json,sec_company_tickers_exchange,,
MKDWW,0001991332,MKDWELL Tech Inc.,Nasdaq,NONE,,control_no_seeded_acquisition_in_stockanalysis_pull,https://www.sec.gov/files/company_tickers_exchange.json,sec_company_tickers_exchange,,
BPRE,0001551047,Bluerock Private Real Estate Fund,NYSE,NONE,,control_no_seeded_acquisition_in_stockanalysis_pull,https://www.sec.gov/files/company_tickers_exchange.json,sec_company_tickers_exchange,,
GBLI,0001494904,"Global Indemnity Group, LLC",Nasdaq,NONE,,control_no_seeded_acquisition_in_stockanalysis_pull,https://www.sec.gov/files/company_tickers_exchange.json,sec_company_tickers_exchange,,
VVR,0001059386,Invesco Senior Income Trust,NYSE,NONE,,control_no_seeded_acquisition_in_stockanalysis_pull,https://www.sec.gov/files/company_tickers_exchange.json,sec_company_tickers_exchange,,
BTQ,0001821866,BTQ Technologies Corp.,Nasdaq,NONE,,control_no_seeded_acquisition_in_stockanalysis_pull,https://www.sec.gov/files/company_tickers_exchange.json,sec_company_tickers_exchange,,
OLP,0000712770,ONE LIBERTY PROPERTIES INC,NYSE,NONE,,control_no_seeded_acquisition_in_stockanalysis_pull,https://www.sec.gov/files/company_tickers_exchange.json,sec_company_tickers_exchange,,
WAT,0001000697,WATERS CORP /DE/,NYSE,NONE,,control_no_seeded_acquisition_in_stockanalysis_pull,https://www.sec.gov/files/company_tickers_exchange.json,sec_company_tickers_exchange,,
XEL,0000072903,XCEL ENERGY INC,Nasdaq,NONE,,control_no_seeded_acquisition_in_stockanalysis_pull,https://www.sec.gov/files/company_tickers_exchange.json,sec_company_tickers_exchange,,
LEE,0000058361,"LEE ENTERPRISES, Inc",Nasdaq,NONE,,control_no_seeded_acquisition_in_stockanalysis_pull,https://www.sec.gov/files/company_tickers_exchange.json,sec_company_tickers_exchange,,
ETN,0001551182,Eaton Corp plc,NYSE,NONE,,control_no_seeded_acquisition_in_stockanalysis_pull,https://www.sec.gov/files/company_tickers_exchange.json,sec_company_tickers_exchange,,
SENEA,0000088948,Seneca Foods Corp,Nasdaq,NONE,,control_no_seeded_acquisition_in_stockanalysis_pull,https://www.sec.gov/files/company_tickers_exchange.json,sec_company_tickers_exchange,,
KTOS,0001069258,"KRATOS DEFENSE & SECURITY SOLUTIONS, INC.",Nasdaq,NONE,,control_no_seeded_acquisition_in_stockanalysis_pull,https://www.sec.gov/files/company_tickers_exchange.json,sec_company_tickers_exchange,,
SQM,0000909037,CHEMICAL & MINING CO OF CHILE INC,NYSE,NONE,,control_no_seeded_acquisition_in_stockanalysis_pull,https://www.sec.gov/files/company_tickers_exchange.json,sec_company_tickers_exchange,,
HDSN,0000925528,HUDSON TECHNOLOGIES INC /NY,Nasdaq,NONE,,control_no_seeded_acquisition_in_stockanalysis_pull,https://www.sec.gov/files/company_tickers_exchange.json,sec_company_tickers_exchange,,
TMDX,0001756262,"TransMedics Group, Inc.",Nasdaq,NONE,,control_no_seeded_acquisition_in_stockanalysis_pull,https://www.sec.gov/files/company_tickers_exchange.json,sec_company_tickers_exchange,,
CIRC,0001605888,CIRCLE8 GROUP INC,Nasdaq,NONE,,control_no_seeded_acquisition_in_stockanalysis_pull,https://www.sec.gov/files/company_tickers_exchange.json,sec_company_tickers_exchange,,
FROG,0001800667,JFrog Ltd,Nasdaq,NONE,,control_no_seeded_acquisition_in_stockanalysis_pull,https://www.sec.gov/files/company_tickers_exchange.json,sec_company_tickers_exchange,,
GECC,0001675033,Great Elm Capital Corp.,Nasdaq,NONE,,control_no_seeded_acquisition_in_stockanalysis_pull,https://www.sec.gov/files/company_tickers_exchange.json,sec_company_tickers_exchange,,
QLEP,0002102155,Quantum Leap Acquisition Corp,NYSE,NONE,,control_no_seeded_acquisition_in_stockanalysis_pull,https://www.sec.gov/files/company_tickers_exchange.json,sec_company_tickers_exchange,,
XHR,0001616000,"Xenia Hotels & Resorts, Inc.",NYSE,NONE,,control_no_seeded_acquisition_in_stockanalysis_pull,https://www.sec.gov/files/company_tickers_exchange.json,sec_company_tickers_exchange,,
AIIO,0001932737,ROBO.AI INC.,Nasdaq,NONE,,control_no_seeded_acquisition_in_stockanalysis_pull,https://www.sec.gov/files/company_tickers_exchange.json,sec_company_tickers_exchange,,
GUG,0001864208,Guggenheim Active Allocation Fund,NYSE,NONE,,control_no_seeded_acquisition_in_stockanalysis_pull,https://www.sec.gov/files/company_tickers_exchange.json,sec_company_tickers_exchange,,
TYL,0000860731,TYLER TECHNOLOGIES INC,NYSE,NONE,,control_no_seeded_acquisition_in_stockanalysis_pull,https://www.sec.gov/files/company_tickers_exchange.json,sec_company_tickers_exchange,,
