ticker,cik,company_name,exchange,event_type,seed_event_date,label_quality,announcement_url,cik_source,acquirer,acquirer_name,announcement_ts,announcement_source,audited_announcement_ts,audit_status,audit_score,audit_hits,audit_form,audit_accession,audit_document_url
AEMD,0000882291,Aethlon Medical Inc,Nasdaq,MERGER,2026-09-17,audited_sec_8k_first_public_announcement,https://www.sec.gov/Archives/edgar/data/882291/000168316826007206/0001683168-26-007206-index.htm,manual_sec_8k,NRTX,North Immunology,2026-09-17 12:00:00+00:00,audited_sec_8k_first_public_announcement,2026-09-17 08:03:36+00:00,manual_aemd_sec_8k,99.0,manual,8-K,0001683168-26-007206,https://www.sec.gov/Archives/edgar/data/882291/000168316826007206/0001683168-26-007206-index.htm
BRNS,0001828185,Barinthus Biotherapeutics PLC,Nasdaq,ACQUISITION,2026-09-16,provisional_stockanalysis_action_date_not_first_announcement,https://stockanalysis.com/actions/acquisitions/,sec_company_tickers_exchange,-,Clywedog Therapeutics Inc,2026-09-16 12:00:00+00:00,provisional_stockanalysis_action_date_not_first_announcement,2026-03-13 12:03:44+00:00,sec_candidate,3.0,acquirer_name,8-K,0001828185-26-000011,https://www.sec.gov/Archives/edgar/data/1828185/000182818526000011/brns-20260313.htm
ATAI,0002081043,Ataibeckley Inc,,ACQUISITION,2026-09-11,provisional_stockanalysis_action_date_not_first_announcement,https://stockanalysis.com/actions/acquisitions/2026/,stockanalysis_company_page,LLY,Eli Lilly & Co.,2026-09-11 12:00:00+00:00,provisional_stockanalysis_action_date_not_first_announcement,2026-07-16 11:27:30+00:00,sec_candidate,15.0,agreement\s+and\s+plan\s+of\s+merger|merger\s+agreement|definitive\s+agreement|acquisition\s+agreement|entered\s+into\s+.*(?:merger|acquisition)|acquirer_name|item_1_01_transaction,8-K,0001140361-26-028604,https://www.sec.gov/Archives/edgar/data/2081043/000114036126028604/ef20078103_8k.htm
LPSN,0001102993,Liveperson Inc,Nasdaq,ACQUISITION,2026-09-03,provisional_stockanalysis_action_date_not_first_announcement,https://stockanalysis.com/actions/acquisitions/,sec_company_tickers_exchange,SOUN,Soundhound Ai Inc,2026-09-03 12:00:00+00:00,provisional_stockanalysis_action_date_not_first_announcement,2026-04-21 21:25:59+00:00,sec_candidate,11.0,merger\s+agreement|definitive\s+agreement|entered\s+into\s+.*(?:merger|acquisition)|acquirer_name|item_1_01_transaction,8-K,0001193125-26-167270,https://www.sec.gov/Archives/edgar/data/1102993/000119312526167270/d148603d8k.htm
APGE,0001974640,Apogee Therapeutics Inc,,ACQUISITION,2026-09-02,provisional_stockanalysis_action_date_not_first_announcement,https://stockanalysis.com/actions/acquisitions/,stockanalysis_company_page,ABBV,Abbvie Inc,2026-09-02 12:00:00+00:00,provisional_stockanalysis_action_date_not_first_announcement,2026-05-27 10:40:32+00:00,sec_candidate,4.0,definitive\s+agreement|change\s+of\s+control,8-K,0001104659-26-066575,https://www.sec.gov/Archives/edgar/data/1974640/000110465926066575/tm2615568d2_8k.htm
CRNX,0001658247,Crinetics Pharmaceuticals Inc,,ACQUISITION,2026-09-01,provisional_stockanalysis_action_date_not_first_announcement,https://stockanalysis.com/actions/acquisitions/,stockanalysis_company_page,VRTX,Vertex Pharmaceuticals Inc,2026-09-01 12:00:00+00:00,provisional_stockanalysis_action_date_not_first_announcement,2026-07-06 21:17:19+00:00,sec_candidate,14.0,agreement\s+and\s+plan\s+of\s+merger|merger\s+agreement|definitive\s+agreement|entered\s+into\s+.*(?:merger|acquisition)|acquirer_name|acquirer_symbol|item_1_01_transaction,8-K,0001140361-26-027642,https://www.sec.gov/Archives/edgar/data/1658247/000114036126027642/ef20077399_form8k.htm
NCSM,0001692427,Ncs Multistage Holdings Inc,,ACQUISITION,2026-08-31,provisional_stockanalysis_action_date_not_first_announcement,https://stockanalysis.com/actions/acquisitions/,stockanalysis_company_page,WFRD,Weatherford International PLC,2026-08-31 12:00:00+00:00,provisional_stockanalysis_action_date_not_first_announcement,2026-06-02 00:43:55+00:00,sec_candidate,13.0,agreement\s+and\s+plan\s+of\s+merger|merger\s+agreement|definitive\s+agreement|entered\s+into\s+.*(?:merger|acquisition)|acquirer_name|item_1_01_transaction,8-K,0001193125-26-252096,https://www.sec.gov/Archives/edgar/data/1692427/000119312526252096/d23867d8k.htm
ALOT,0000008146,Astronova Inc,,ACQUISITION,2026-08-27,provisional_stockanalysis_action_date_not_first_announcement,https://stockanalysis.com/actions/acquisitions/,stockanalysis_company_page,-,Arcline Investment Management,2026-08-27 12:00:00+00:00,provisional_stockanalysis_action_date_not_first_announcement,2026-05-18 11:20:01+00:00,sec_candidate,6.0,definitive\s+agreement|entered\s+into\s+.*(?:merger|acquisition)|item_1_01_transaction,8-K,0001193125-26-227887,https://www.sec.gov/Archives/edgar/data/8146/000119312526227887/d139961d8k.htm
FBRX,0001419041,Forte Biosciences Inc,,ACQUISITION,2026-08-27,provisional_stockanalysis_action_date_not_first_announcement,https://stockanalysis.com/actions/acquisitions/2026/,stockanalysis_company_page,ARGX,Argenx Se,2026-08-27 12:00:00+00:00,provisional_stockanalysis_action_date_not_first_announcement,2026-07-27 10:06:03+00:00,sec_candidate,14.0,agreement\s+and\s+plan\s+of\s+merger|merger\s+agreement|definitive\s+agreement|tender\s+offer|acquisition\s+agreement|entered\s+into\s+.*(?:merger|acquisition)|item_1_01_transaction,8-K,0001193125-26-316766,https://www.sec.gov/Archives/edgar/data/1419041/000119312526316766/d31466d8k.htm
LEG,0000058492,Leggett & Platt Inc,,ACQUISITION,2026-08-26,provisional_stockanalysis_action_date_not_first_announcement,https://stockanalysis.com/actions/acquisitions/2026/,stockanalysis_company_page,SGI,Somnigroup International Inc,2026-08-26 12:00:00+00:00,provisional_stockanalysis_action_date_not_first_announcement,2026-04-13 11:23:41+00:00,sec_candidate,13.0,agreement\s+and\s+plan\s+of\s+merger|merger\s+agreement|definitive\s+agreement|entered\s+into\s+.*(?:merger|acquisition)|acquirer_name|item_1_01_transaction,8-K,0001193125-26-151966,https://www.sec.gov/Archives/edgar/data/58492/000119312526151966/d38467d8k.htm
TWO,0001465740,Two Harbors Investment Corp,,ACQUISITION,2026-08-24,provisional_stockanalysis_action_date_not_first_announcement,https://stockanalysis.com/actions/acquisitions/2026/,stockanalysis_company_page,-,Crosscountry Mortgage LLC,2026-08-24 12:00:00+00:00,provisional_stockanalysis_action_date_not_first_announcement,2026-05-14 13:09:05+00:00,sec_candidate,4.0,agreement\s+and\s+plan\s+of\s+merger|merger\s+agreement,8-K,0001104659-26-060760,https://www.sec.gov/Archives/edgar/data/1465740/000110465926060760/tm2612985d15_8k.htm
WBS,0000801337,Webster Financial Corp,,ACQUISITION,2026-08-19,provisional_stockanalysis_action_date_not_first_announcement,https://stockanalysis.com/actions/acquisitions/2026/,stockanalysis_company_page,SAN,Banco Santander SA,2026-08-19 12:00:00+00:00,provisional_stockanalysis_action_date_not_first_announcement,2026-02-06 21:49:43+00:00,sec_candidate,7.0,definitive\s+agreement|entered\s+into\s+.*(?:merger|acquisition)|acquirer_symbol|item_1_01_transaction,8-K,0001193125-26-041328,https://www.sec.gov/Archives/edgar/data/801337/000119312526041328/d103982d8k.htm
LBRDA,0001611983,Liberty Broadband Corp,,ACQUISITION,2026-08-19,provisional_stockanalysis_action_date_not_first_announcement,https://stockanalysis.com/actions/acquisitions/2026/,stockanalysis_company_page,CHTR,Charter Communications Inc,2026-08-19 12:00:00+00:00,provisional_stockanalysis_action_date_not_first_announcement,2026-03-09 20:06:52+00:00,sec_candidate,13.0,agreement\s+and\s+plan\s+of\s+merger|merger\s+agreement|definitive\s+agreement|entered\s+into\s+.*(?:merger|acquisition)|acquirer_name|item_1_01_transaction,8-K,0001104659-26-025209,https://www.sec.gov/Archives/edgar/data/1611983/000110465926025209/tm268186d1_8k.htm
AVB,0000915912,Avalonbay Communities Inc,,ACQUISITION,2026-08-14,provisional_stockanalysis_action_date_not_first_announcement,https://stockanalysis.com/actions/acquisitions/,stockanalysis_company_page,VMRK,Vivmark Residential,2026-08-14 12:00:00+00:00,provisional_stockanalysis_action_date_not_first_announcement,2026-05-21 10:12:12+00:00,sec_candidate,10.0,agreement\s+and\s+plan\s+of\s+merger|merger\s+agreement|definitive\s+agreement|entered\s+into\s+.*(?:merger|acquisition)|item_1_01_transaction,8-K,0001104659-26-064781,https://www.sec.gov/Archives/edgar/data/915912/000110465926064781/tm2615292d1_8k.htm
TALK,0001803901,Talkspace Inc,,ACQUISITION,2026-08-14,provisional_stockanalysis_action_date_not_first_announcement,https://stockanalysis.com/actions/acquisitions/,stockanalysis_company_page,UHS,Universal Health Services Inc,2026-08-14 12:00:00+00:00,provisional_stockanalysis_action_date_not_first_announcement,2026-03-09 12:20:44+00:00,sec_candidate,8.0,agreement\s+and\s+plan\s+of\s+merger|merger\s+agreement|acquirer_name|acquirer_symbol,8-K,0000950157-26-000259,https://www.sec.gov/Archives/edgar/data/1803901/000095015726000259/form8-k.htm
MDV,0001645873,Modiv Industrial Inc,,ACQUISITION,2026-08-12,provisional_stockanalysis_action_date_not_first_announcement,https://stockanalysis.com/actions/acquisitions/2026/,stockanalysis_company_page,GNL,Global Net Lease Inc,2026-08-12 12:00:00+00:00,provisional_stockanalysis_action_date_not_first_announcement,2026-01-20 11:04:15+00:00,sec_candidate,6.0,definitive\s+agreement|entered\s+into\s+.*(?:merger|acquisition)|item_1_01_transaction,8-K,0001140361-26-001557,https://www.sec.gov/Archives/edgar/data/1645873/000114036126001557/ef20063373_8k.htm
ELSE,0000351789,Electro Sensors Inc,,ACQUISITION,2026-08-05,provisional_stockanalysis_action_date_not_first_announcement,https://stockanalysis.com/actions/acquisitions/2026/,stockanalysis_company_page,-,Steute Industrial Controls Inc.,2026-08-05 12:00:00+00:00,provisional_stockanalysis_action_date_not_first_announcement,2026-04-24 21:18:23+00:00,sec_candidate,13.0,agreement\s+and\s+plan\s+of\s+merger|merger\s+agreement|definitive\s+agreement|entered\s+into\s+.*(?:merger|acquisition)|acquirer_name|item_1_01_transaction,8-K,0001554855-26-000735,https://www.sec.gov/Archives/edgar/data/351789/000155485526000735/else-20260420.htm
EA,0000712515,Electronic Arts Inc,,ACQUISITION,2026-08-04,provisional_stockanalysis_action_date_not_first_announcement,https://stockanalysis.com/actions/acquisitions/,stockanalysis_company_page,-,Affinity Partners Gp Lp,2026-08-04 12:00:00+00:00,provisional_stockanalysis_action_date_not_first_announcement,2025-09-29 12:05:41+00:00,sec_candidate,10.0,agreement\s+and\s+plan\s+of\s+merger|merger\s+agreement|definitive\s+agreement|entered\s+into\s+.*(?:merger|acquisition)|item_1_01_transaction,8-K,0001140361-25-036415,https://www.sec.gov/Archives/edgar/data/712515/000114036125036415/ef20056167_8k.htm
ORLA,0001680056,Orla Mining Ltd.,,ACQUISITION,2026-07-31,provisional_stockanalysis_action_date_not_first_announcement,https://stockanalysis.com/actions/acquisitions/,stockanalysis_company_page,EQX,Equinox Gold Corp,2026-07-31 12:00:00+00:00,provisional_stockanalysis_action_date_not_first_announcement,,no_candidate_filings,,,,,
AFBI,0001823406,Affinity Bancshares Inc,,ACQUISITION,2026-07-31,provisional_stockanalysis_action_date_not_first_announcement,https://stockanalysis.com/actions/acquisitions/,stockanalysis_company_page,-,Fidelity Bancshares Nc Inc,2026-07-31 12:00:00+00:00,provisional_stockanalysis_action_date_not_first_announcement,2026-03-31 20:40:47+00:00,sec_candidate,10.0,agreement\s+and\s+plan\s+of\s+merger|merger\s+agreement|definitive\s+agreement|entered\s+into\s+.*(?:merger|acquisition)|item_1_01_transaction,8-K,0001193125-26-134773,https://www.sec.gov/Archives/edgar/data/1823406/000119312526134773/d138375d8k.htm
SKYT,0001819974,Skywater Technology Inc,,ACQUISITION,2026-07-30,provisional_stockanalysis_action_date_not_first_announcement,https://stockanalysis.com/actions/acquisitions/,stockanalysis_company_page,IONQ,Ionq Inc,2026-07-30 12:00:00+00:00,provisional_stockanalysis_action_date_not_first_announcement,2026-01-26 11:07:05+00:00,sec_candidate,10.0,agreement\s+and\s+plan\s+of\s+merger|merger\s+agreement|entered\s+into\s+.*(?:merger|acquisition)|acquirer_name|acquirer_symbol,8-K,0001193125-26-021606,https://www.sec.gov/Archives/edgar/data/1819974/000119312526021606/d20158d8k.htm
LPRO,0001806201,Open Lending Corp,,ACQUISITION,2026-07-30,provisional_stockanalysis_action_date_not_first_announcement,https://stockanalysis.com/actions/acquisitions/,stockanalysis_company_page,-,Anv Group Holdings Ltd.,2026-07-30 12:00:00+00:00,provisional_stockanalysis_action_date_not_first_announcement,2026-06-16 13:11:27+00:00,sec_candidate,15.0,agreement\s+and\s+plan\s+of\s+merger|merger\s+agreement|definitive\s+agreement|tender\s+offer|entered\s+into\s+.*(?:merger|acquisition)|acquirer_name|item_1_01_transaction,8-K,0001193125-26-271902,https://www.sec.gov/Archives/edgar/data/1806201/000119312526271902/d147981d8k.htm
AVNS,0001606498,Avanos Medical Inc,,ACQUISITION,2026-07-24,provisional_stockanalysis_action_date_not_first_announcement,https://stockanalysis.com/actions/acquisitions/2026/,stockanalysis_company_page,-,American Industrial Partners Corp,2026-07-24 12:00:00+00:00,provisional_stockanalysis_action_date_not_first_announcement,2026-04-14 10:07:32+00:00,sec_candidate,15.0,agreement\s+and\s+plan\s+of\s+merger|merger\s+agreement|definitive\s+agreement|acquisition\s+agreement|entered\s+into\s+.*(?:merger|acquisition)|acquirer_name|item_1_01_transaction,8-K,0001606498-26-000046,https://www.sec.gov/Archives/edgar/data/1606498/000160649826000046/avns-20260413.htm
TMHC,0001562476,Taylor Morrison Home Corp,,ACQUISITION,2026-07-23,provisional_stockanalysis_action_date_not_first_announcement,https://stockanalysis.com/actions/acquisitions/,stockanalysis_company_page,BRK.B,Berkshire Hathaway Inc,2026-07-23 12:00:00+00:00,provisional_stockanalysis_action_date_not_first_announcement,2025-12-23 13:00:15+00:00,sec_candidate,6.0,definitive\s+agreement|entered\s+into\s+.*(?:merger|acquisition)|item_1_01_transaction,8-K,0001193125-25-329705,https://www.sec.gov/Archives/edgar/data/1562476/000119312525329705/d87862d8k.htm
CCRN,0001141103,Cross Country Healthcare Inc,,ACQUISITION,2026-07-21,provisional_stockanalysis_action_date_not_first_announcement,https://stockanalysis.com/actions/acquisitions/,stockanalysis_company_page,-,Knox Lane Lp,2026-07-21 12:00:00+00:00,provisional_stockanalysis_action_date_not_first_announcement,2026-05-07 10:07:39+00:00,sec_candidate,13.0,agreement\s+and\s+plan\s+of\s+merger|merger\s+agreement|definitive\s+agreement|entered\s+into\s+.*(?:merger|acquisition)|acquirer_name|item_1_01_transaction,8-K,0000950103-26-006921,https://www.sec.gov/Archives/edgar/data/1141103/000095010326006921/dp246394_8k.htm
KORE,0001855457,Kore Group Holdings Inc,,ACQUISITION,2026-07-21,provisional_stockanalysis_action_date_not_first_announcement,https://stockanalysis.com/actions/acquisitions/2026/,stockanalysis_company_page,-,Abry Partners LLC,2026-07-21 12:00:00+00:00,provisional_stockanalysis_action_date_not_first_announcement,2025-11-04 22:54:59+00:00,sec_candidate,3.0,acquirer_name,8-K,0001855457-25-000084,https://www.sec.gov/Archives/edgar/data/1855457/000185545725000084/kore-20251103.htm
NSA,0001618563,National Storage Affiliates Trust,,ACQUISITION,2026-07-21,provisional_stockanalysis_action_date_not_first_announcement,https://stockanalysis.com/actions/acquisitions/,stockanalysis_company_page,PSA,Public Storage,2026-07-21 12:00:00+00:00,provisional_stockanalysis_action_date_not_first_announcement,2026-03-16 11:13:34+00:00,sec_candidate,7.0,agreement\s+and\s+plan\s+of\s+merger|merger\s+agreement|acquirer_name,8-K,0001104659-26-027957,https://www.sec.gov/Archives/edgar/data/1618563/000110465926027957/tm268896d1_8k.htm
NFBK,0001493225,Northfield Bancorp Inc,,ACQUISITION,2026-07-20,provisional_stockanalysis_action_date_not_first_announcement,https://stockanalysis.com/actions/acquisitions/,stockanalysis_company_page,CLBK,Columbia Financial Inc,2026-07-20 12:00:00+00:00,provisional_stockanalysis_action_date_not_first_announcement,2026-02-02 13:47:08+00:00,sec_candidate,13.0,agreement\s+and\s+plan\s+of\s+merger|merger\s+agreement|definitive\s+agreement|entered\s+into\s+.*(?:merger|acquisition)|acquirer_name|item_1_01_transaction,8-K,0001104659-26-008996,https://www.sec.gov/Archives/edgar/data/1493225/000110465926008996/tm264753d1_8k.htm
NUVL,0001861560,Nuvalent Inc,,ACQUISITION,2026-07-15,provisional_stockanalysis_action_date_not_first_announcement,https://stockanalysis.com/actions/acquisitions/2026/,stockanalysis_company_page,GSK,Gsk PLC,2026-07-15 12:00:00+00:00,provisional_stockanalysis_action_date_not_first_announcement,2026-06-09 11:03:35+00:00,sec_candidate,13.0,agreement\s+and\s+plan\s+of\s+merger|merger\s+agreement|definitive\s+agreement|tender\s+offer|entered\s+into\s+.*(?:merger|acquisition)|acquirer_symbol|item_1_01_transaction,8-K,0001193125-26-262950,https://www.sec.gov/Archives/edgar/data/1861560/000119312526262950/d137459d8k.htm
CPRX,0001369568,Catalyst Pharmaceuticals Inc,,ACQUISITION,2026-07-15,provisional_stockanalysis_action_date_not_first_announcement,https://stockanalysis.com/actions/acquisitions/,stockanalysis_company_page,-,Angelini Pharma SpA,2026-07-15 12:00:00+00:00,provisional_stockanalysis_action_date_not_first_announcement,2026-05-07 12:45:27+00:00,sec_candidate,12.0,agreement\s+and\s+plan\s+of\s+merger|merger\s+agreement|definitive\s+agreement|acquisition\s+agreement|entered\s+into\s+.*(?:merger|acquisition)|item_1_01_transaction,8-K,0001193125-26-210518,https://www.sec.gov/Archives/edgar/data/1369568/000119312526210518/d90722d8k.htm
GTLS,0000892553,Chart Industries Inc,,ACQUISITION,2026-07-15,provisional_stockanalysis_action_date_not_first_announcement,https://stockanalysis.com/actions/acquisitions/,stockanalysis_company_page,BKR,Baker Hughes Co.,2026-07-15 12:00:00+00:00,provisional_stockanalysis_action_date_not_first_announcement,2025-11-07 11:01:53+00:00,sec_candidate,9.0,agreement\s+and\s+plan\s+of\s+merger|merger\s+agreement|entered\s+into\s+.*(?:merger|acquisition)|acquirer_name,8-K,0001193125-25-270810,https://www.sec.gov/Archives/edgar/data/892553/000119312525270810/d93917d8k.htm
EEX,0001579214,Emerald Holding Inc,,ACQUISITION,2026-07-13,provisional_stockanalysis_action_date_not_first_announcement,https://stockanalysis.com/actions/acquisitions/2026/,stockanalysis_company_page,APO,Apollo Global Management Inc,2026-07-13 12:00:00+00:00,provisional_stockanalysis_action_date_not_first_announcement,2026-05-11 10:49:40+00:00,sec_candidate,13.0,agreement\s+and\s+plan\s+of\s+merger|merger\s+agreement|definitive\s+agreement|entered\s+into\s+.*(?:merger|acquisition)|acquirer_name|item_1_01_transaction,8-K,0001193125-26-215652,https://www.sec.gov/Archives/edgar/data/1579214/000119312526215652/d22741d8k.htm
ESPR,0001434868,Esperion Therapeutics Inc,,ACQUISITION,2026-07-13,provisional_stockanalysis_action_date_not_first_announcement,https://stockanalysis.com/actions/acquisitions/2026/,stockanalysis_company_page,-,Archimed,2026-07-13 12:00:00+00:00,provisional_stockanalysis_action_date_not_first_announcement,2026-03-03 12:03:05+00:00,sec_candidate,10.0,agreement\s+and\s+plan\s+of\s+merger|merger\s+agreement|definitive\s+agreement|entered\s+into\s+.*(?:merger|acquisition)|item_1_01_transaction,8-K,0001628280-26-013552,https://www.sec.gov/Archives/edgar/data/1434868/000162828026013552/espr-20260302.htm
XOMA,0000791908,Xoma Royalty Corp,,ACQUISITION,2026-07-13,provisional_stockanalysis_action_date_not_first_announcement,https://stockanalysis.com/actions/acquisitions/2026/,stockanalysis_company_page,LGND,Ligand Pharmaceuticals Inc,2026-07-13 12:00:00+00:00,provisional_stockanalysis_action_date_not_first_announcement,2026-02-09 21:19:14+00:00,sec_candidate,8.0,agreement\s+and\s+plan\s+of\s+merger|merger\s+agreement|tender\s+offer|entered\s+into\s+.*(?:merger|acquisition),8-K,0001193125-26-042836,https://www.sec.gov/Archives/edgar/data/791908/000119312526042836/d59988d8k.htm
WSR,0001175535,Whitestone Reit,,ACQUISITION,2026-07-13,provisional_stockanalysis_action_date_not_first_announcement,https://stockanalysis.com/actions/acquisitions/2026/,stockanalysis_company_page,ARES,Ares Management Corp,2026-07-13 12:00:00+00:00,provisional_stockanalysis_action_date_not_first_announcement,2026-04-09 10:12:34+00:00,sec_candidate,14.0,agreement\s+and\s+plan\s+of\s+merger|merger\s+agreement|definitive\s+agreement|entered\s+into\s+.*(?:merger|acquisition)|acquirer_name|acquirer_symbol|item_1_01_transaction,8-K,0001193125-26-148793,https://www.sec.gov/Archives/edgar/data/1175535/000119312526148793/d898183d8k.htm
TBRG,0001169445,Trubridge Inc,,ACQUISITION,2026-07-08,provisional_stockanalysis_action_date_not_first_announcement,https://stockanalysis.com/actions/acquisitions/2026/,stockanalysis_company_page,-,Iks Health,2026-07-08 12:00:00+00:00,provisional_stockanalysis_action_date_not_first_announcement,2025-12-01 13:00:07+00:00,sec_candidate,6.0,definitive\s+agreement|entered\s+into\s+.*(?:merger|acquisition)|item_1_01_transaction,8-K,0001193125-25-303161,https://www.sec.gov/Archives/edgar/data/1169445/000119312525303161/d700980d8k.htm
OLPX,0001868726,Olaplex Holdings Inc,,ACQUISITION,2026-07-07,provisional_stockanalysis_action_date_not_first_announcement,https://stockanalysis.com/actions/acquisitions/2026/,stockanalysis_company_page,HENKY,Henkel Ag & Co Kgaa,2026-07-07 12:00:00+00:00,provisional_stockanalysis_action_date_not_first_announcement,2025-08-26 10:55:13+00:00,sec_candidate,6.0,definitive\s+agreement|entered\s+into\s+.*(?:merger|acquisition)|item_1_01_transaction,8-K,0001193125-25-188088,https://www.sec.gov/Archives/edgar/data/1868726/000119312525188088/d70869d8k.htm
BLD,0001633931,Topbuild Corp,,ACQUISITION,2026-06-30,provisional_stockanalysis_action_date_not_first_announcement,https://stockanalysis.com/actions/acquisitions/2026/,stockanalysis_company_page,QXO,Qxo Inc,2026-06-30 12:00:00+00:00,provisional_stockanalysis_action_date_not_first_announcement,2026-05-29 20:22:21+00:00,sec_candidate,5.0,agreement\s+and\s+plan\s+of\s+merger|acquisition\s+agreement|acquirer_symbol,8-K,0001104659-26-068292,https://www.sec.gov/Archives/edgar/data/1633931/000110465926068292/bld-20260529x8k.htm
SEM,0001320414,Select Medical Holdings Corp,,ACQUISITION,2026-06-30,provisional_stockanalysis_action_date_not_first_announcement,https://stockanalysis.com/actions/acquisitions/,stockanalysis_company_page,-,Ortenzio Robert A,2026-06-30 12:00:00+00:00,provisional_stockanalysis_action_date_not_first_announcement,2026-03-03 13:58:41+00:00,sec_candidate,10.0,agreement\s+and\s+plan\s+of\s+merger|merger\s+agreement|definitive\s+agreement|entered\s+into\s+.*(?:merger|acquisition)|item_1_01_transaction,8-K,0001104659-26-022577,https://www.sec.gov/Archives/edgar/data/1320414/000110465926022577/tm267827d1_8k.htm
STEL,0001473844,Stellar Bancorp Inc,,ACQUISITION,2026-06-30,provisional_stockanalysis_action_date_not_first_announcement,https://stockanalysis.com/actions/acquisitions/,stockanalysis_company_page,PB,Prosperity Bancshares Inc,2026-06-30 12:00:00+00:00,provisional_stockanalysis_action_date_not_first_announcement,2026-01-28 11:44:00+00:00,sec_candidate,7.0,agreement\s+and\s+plan\s+of\s+merger|merger\s+agreement|acquirer_name,8-K,0001104659-26-007183,https://www.sec.gov/Archives/edgar/data/1473844/000110465926007183/tm264235d2_8k.htm
SILA,0001567925,Sila Realty Trust Inc,,ACQUISITION,2026-06-30,provisional_stockanalysis_action_date_not_first_announcement,https://stockanalysis.com/actions/acquisitions/,stockanalysis_company_page,OWL,Blue Owl Capital Inc,2026-06-30 12:00:00+00:00,provisional_stockanalysis_action_date_not_first_announcement,2025-08-12 21:14:30+00:00,sec_candidate,6.0,definitive\s+agreement|entered\s+into\s+.*(?:merger|acquisition)|item_1_01_transaction,8-K,0001567925-25-000072,https://www.sec.gov/Archives/edgar/data/1567925/000156792525000072/cik0001567925-20250812.htm
JHG,0001274173,Janus Henderson Group PLC,,ACQUISITION,2026-06-30,provisional_stockanalysis_action_date_not_first_announcement,https://stockanalysis.com/actions/acquisitions/,stockanalysis_company_page,-,Trian Fund Management Lp,2026-06-30 12:00:00+00:00,provisional_stockanalysis_action_date_not_first_announcement,2025-12-22 14:19:11+00:00,sec_candidate,13.0,agreement\s+and\s+plan\s+of\s+merger|merger\s+agreement|definitive\s+agreement|entered\s+into\s+.*(?:merger|acquisition)|acquirer_name|item_1_01_transaction,8-K,0001104659-25-123536,https://www.sec.gov/Archives/edgar/data/1274173/000110465925123536/tm2534023d1_8k.htm
PRA,0001127703,Proassurance Corp,,ACQUISITION,2026-06-25,provisional_stockanalysis_action_date_not_first_announcement,https://stockanalysis.com/actions/acquisitions/,stockanalysis_company_page,-,The Doctors Company,2026-06-25 12:00:00+00:00,provisional_stockanalysis_action_date_not_first_announcement,2025-06-24 20:18:42+00:00,sec_candidate,7.0,agreement\s+and\s+plan\s+of\s+merger|merger\s+agreement|acquirer_name,8-K,0002031090-25-000010,https://www.sec.gov/Archives/edgar/data/1127703/000203109025000010/pra-20250624.htm
CWAN,0001866368,Clearwater Analytics Holdings Inc,,ACQUISITION,2026-06-24,provisional_stockanalysis_action_date_not_first_announcement,https://stockanalysis.com/actions/acquisitions/2026/,stockanalysis_company_page,-,Warburg Pincus LLC,2026-06-24 12:00:00+00:00,provisional_stockanalysis_action_date_not_first_announcement,2025-12-22 12:38:36+00:00,sec_candidate,15.0,agreement\s+and\s+plan\s+of\s+merger|merger\s+agreement|definitive\s+agreement|acquisition\s+agreement|entered\s+into\s+.*(?:merger|acquisition)|acquirer_name|item_1_01_transaction,8-K,0000950157-25-001016,https://www.sec.gov/Archives/edgar/data/1866368/000095015725001016/form8-k.htm
CNTA,0001847903,Centessa Pharmaceuticals PLC,,ACQUISITION,2026-06-23,provisional_stockanalysis_action_date_not_first_announcement,https://stockanalysis.com/actions/acquisitions/2026/,stockanalysis_company_page,LLY,Eli Lilly & Co.,2026-06-23 12:00:00+00:00,provisional_stockanalysis_action_date_not_first_announcement,2026-03-31 20:21:59+00:00,sec_candidate,9.0,definitive\s+agreement|entered\s+into\s+.*(?:merger|acquisition)|acquirer_name|item_1_01_transaction,8-K,0001193125-26-134656,https://www.sec.gov/Archives/edgar/data/1847903/000119312526134656/d145970d8k.htm
ASRT,0001005201,Assertio Holdings Inc,,ACQUISITION,2026-06-16,provisional_stockanalysis_action_date_not_first_announcement,https://stockanalysis.com/actions/acquisitions/,stockanalysis_company_page,-,Zydus Lifesciences Ltd.,2026-06-16 12:00:00+00:00,provisional_stockanalysis_action_date_not_first_announcement,,no_candidate_filings_in_window,,,,,
KW,0001408100,Kennedy-wilson Holdings Inc,,ACQUISITION,2026-06-15,provisional_stockanalysis_action_date_not_first_announcement,https://stockanalysis.com/actions/acquisitions/,stockanalysis_company_page,FRFHF,Fairfax Financial Holdings Ltd.,2026-06-15 12:00:00+00:00,provisional_stockanalysis_action_date_not_first_announcement,2026-03-02 13:59:06+00:00,sec_candidate,7.0,agreement\s+and\s+plan\s+of\s+merger|merger\s+agreement|acquirer_name,8-K,0001408100-26-000088,https://www.sec.gov/Archives/edgar/data/1408100/000140810026000088/kw-20260302.htm
KALV,0001348911,Kalvista Pharmaceuticals Inc,,ACQUISITION,2026-06-12,provisional_stockanalysis_action_date_not_first_announcement,https://stockanalysis.com/actions/acquisitions/,stockanalysis_company_page,-,Chiesi Farmaceutici SpA,2026-06-12 12:00:00+00:00,provisional_stockanalysis_action_date_not_first_announcement,2025-09-29 20:27:33+00:00,sec_candidate,6.0,definitive\s+agreement|entered\s+into\s+.*(?:merger|acquisition)|item_1_01_transaction,8-K,0001193125-25-223262,https://www.sec.gov/Archives/edgar/data/1348911/000119312525223262/d83242d8k.htm
MASI,0000937556,Masimo Corp,,ACQUISITION,2026-06-09,provisional_stockanalysis_action_date_not_first_announcement,https://stockanalysis.com/actions/acquisitions/,stockanalysis_company_page,DHR,Danaher Corp,2026-06-09 12:00:00+00:00,provisional_stockanalysis_action_date_not_first_announcement,2026-02-17 13:44:47+00:00,sec_candidate,16.0,agreement\s+and\s+plan\s+of\s+merger|merger\s+agreement|definitive\s+agreement|acquisition\s+agreement|entered\s+into\s+.*(?:merger|acquisition)|acquirer_name|acquirer_symbol|item_1_01_transaction,8-K,0001104659-26-015904,https://www.sec.gov/Archives/edgar/data/937556/000110465926015904/tm266533d1_8k.htm
FONR,0000355019,Fonar Corp,,ACQUISITION,2026-06-03,provisional_stockanalysis_action_date_not_first_announcement,https://stockanalysis.com/actions/acquisitions/,stockanalysis_company_page,-,Damadian Raymond V,2026-06-03 12:00:00+00:00,provisional_stockanalysis_action_date_not_first_announcement,2025-12-30 01:56:28+00:00,sec_candidate,14.0,agreement\s+and\s+plan\s+of\s+merger|merger\s+agreement|definitive\s+agreement|tender\s+offer|acquisition\s+agreement|entered\s+into\s+.*(?:merger|acquisition)|item_1_01_transaction,8-K,0001731122-25-001734,https://www.sec.gov/Archives/edgar/data/355019/000173112225001734/fonar_8-k.htm
FFIC,0000923139,Flushing Financial Corp,,ACQUISITION,2026-06-01,provisional_stockanalysis_action_date_not_first_announcement,https://stockanalysis.com/actions/acquisitions/,stockanalysis_company_page,OCFC,Oceanfirst Financial Corp,2026-06-01 12:00:00+00:00,provisional_stockanalysis_action_date_not_first_announcement,2025-12-30 00:53:17+00:00,sec_candidate,9.0,agreement\s+and\s+plan\s+of\s+merger|merger\s+agreement|entered\s+into\s+.*(?:merger|acquisition)|acquirer_name,8-K,0001193125-25-335650,https://www.sec.gov/Archives/edgar/data/923139/000119312525335650/d37539d8k.htm
NVRI,0002104052,Enviri Corp,NYSE,ACQUISITION,2026-05-29,provisional_stockanalysis_action_date_not_first_announcement,https://stockanalysis.com/actions/acquisitions/,sec_company_tickers_exchange,VEOEY,Veolia Environnement,2026-05-29 12:00:00+00:00,provisional_stockanalysis_action_date_not_first_announcement,2026-06-01 21:18:36+00:00,sec_candidate,13.0,agreement\s+and\s+plan\s+of\s+merger|merger\s+agreement|definitive\s+agreement|entered\s+into\s+.*(?:merger|acquisition)|acquirer_name|item_1_01_transaction,8-K,0001193125-26-251752,https://www.sec.gov/Archives/edgar/data/2104052/000119312526251752/d258410d8k.htm
THR,0001489096,Thermon Group Holdings Inc,,ACQUISITION,2026-05-29,provisional_stockanalysis_action_date_not_first_announcement,https://stockanalysis.com/actions/acquisitions/,stockanalysis_company_page,CECO,Ceco Environmental Corp,2026-05-29 12:00:00+00:00,provisional_stockanalysis_action_date_not_first_announcement,2026-02-24 12:34:04+00:00,sec_candidate,16.0,agreement\s+and\s+plan\s+of\s+merger|merger\s+agreement|definitive\s+agreement|tender\s+offer|entered\s+into\s+.*(?:merger|acquisition)|acquirer_name|acquirer_symbol|item_1_01_transaction,8-K,0001104659-26-018826,https://www.sec.gov/Archives/edgar/data/1489096/000110465926018826/tm267070d1_8k.htm
AMWD,0000794619,American Woodmark Corp,,ACQUISITION,2026-05-28,provisional_stockanalysis_action_date_not_first_announcement,https://stockanalysis.com/actions/acquisitions/,stockanalysis_company_page,MBC,Masterbrand Inc,2026-05-28 12:00:00+00:00,provisional_stockanalysis_action_date_not_first_announcement,2025-10-06 21:21:24+00:00,sec_candidate,9.0,agreement\s+and\s+plan\s+of\s+merger|merger\s+agreement|entered\s+into\s+.*(?:merger|acquisition)|acquirer_name,8-K,0001193125-25-232083,https://www.sec.gov/Archives/edgar/data/794619/000119312525232083/d65788d8k.htm
CVGW,0001133470,Calavo Growers Inc,,ACQUISITION,2026-05-28,provisional_stockanalysis_action_date_not_first_announcement,https://stockanalysis.com/actions/acquisitions/,stockanalysis_company_page,AVO,Mission Produce Inc,2026-05-28 12:00:00+00:00,provisional_stockanalysis_action_date_not_first_announcement,2026-01-15 01:07:54+00:00,sec_candidate,13.0,agreement\s+and\s+plan\s+of\s+merger|merger\s+agreement|definitive\s+agreement|entered\s+into\s+.*(?:merger|acquisition)|acquirer_name|item_1_01_transaction,8-K,0001193125-26-013320,https://www.sec.gov/Archives/edgar/data/1133470/000119312526013320/d27429d8k.htm
VRE,0000924901,Veris Residential Inc,,ACQUISITION,2026-05-26,provisional_stockanalysis_action_date_not_first_announcement,https://stockanalysis.com/actions/acquisitions/,stockanalysis_company_page,-,Affinius Capital,2026-05-26 12:00:00+00:00,provisional_stockanalysis_action_date_not_first_announcement,2026-02-23 12:42:41+00:00,sec_candidate,19.0,agreement\s+and\s+plan\s+of\s+merger|merger\s+agreement|definitive\s+agreement|tender\s+offer|change\s+of\s+control|acquisition\s+agreement|entered\s+into\s+.*(?:merger|acquisition)|acquirer_name|item_1_01_transaction,8-K,0001104659-26-018349,https://www.sec.gov/Archives/edgar/data/924901/000110465926018349/tm267019d1_8k.htm
MCW,0001853513,Mister Car Wash Inc,,ACQUISITION,2026-05-19,provisional_stockanalysis_action_date_not_first_announcement,https://stockanalysis.com/actions/acquisitions/,stockanalysis_company_page,-,Leonard Green & Partners Lp,2026-05-19 12:00:00+00:00,provisional_stockanalysis_action_date_not_first_announcement,2026-02-18 12:15:18+00:00,sec_candidate,15.0,agreement\s+and\s+plan\s+of\s+merger|merger\s+agreement|definitive\s+agreement|acquisition\s+agreement|entered\s+into\s+.*(?:merger|acquisition)|acquirer_name|item_1_01_transaction,8-K,0001193125-26-056047,https://www.sec.gov/Archives/edgar/data/1853513/000119312526056047/d113732d8k.htm
SLNO,0001484565,Soleno Therapeutics Inc,,ACQUISITION,2026-05-18,provisional_stockanalysis_action_date_not_first_announcement,https://stockanalysis.com/actions/acquisitions/,stockanalysis_company_page,NBIX,Neurocrine Biosciences Inc,2026-05-18 12:00:00+00:00,provisional_stockanalysis_action_date_not_first_announcement,2026-04-06 11:46:57+00:00,sec_candidate,17.0,agreement\s+and\s+plan\s+of\s+merger|merger\s+agreement|definitive\s+agreement|tender\s+offer|acquisition\s+agreement|entered\s+into\s+.*(?:merger|acquisition)|acquirer_name|item_1_01_transaction,8-K,0001193125-26-142911,https://www.sec.gov/Archives/edgar/data/1484565/000119312526142911/d142985d8k.htm
APLS,0001492422,Apellis Pharmaceuticals Inc,,ACQUISITION,2026-05-15,provisional_stockanalysis_action_date_not_first_announcement,https://stockanalysis.com/actions/acquisitions/,stockanalysis_company_page,BIIB,Biogen Inc,2026-05-15 12:00:00+00:00,provisional_stockanalysis_action_date_not_first_announcement,2026-03-31 21:08:58+00:00,sec_candidate,16.0,agreement\s+and\s+plan\s+of\s+merger|merger\s+agreement|definitive\s+agreement|tender\s+offer|entered\s+into\s+.*(?:merger|acquisition)|acquirer_name|acquirer_symbol|item_1_01_transaction,8-K,0001193125-26-134916,https://www.sec.gov/Archives/edgar/data/1492422/000119312526134916/d132653d8k.htm
EHAB,0001803737,Enhabit Inc,,ACQUISITION,2026-05-14,provisional_stockanalysis_action_date_not_first_announcement,https://stockanalysis.com/actions/acquisitions/,stockanalysis_company_page,-,Kinderhook Industries LLC,2026-05-14 12:00:00+00:00,provisional_stockanalysis_action_date_not_first_announcement,2026-02-23 21:51:40+00:00,sec_candidate,15.0,agreement\s+and\s+plan\s+of\s+merger|merger\s+agreement|definitive\s+agreement|will\s+be\s+acquired|entered\s+into\s+.*(?:merger|acquisition)|acquirer_name|item_1_01_transaction,8-K,0001193125-26-064210,https://www.sec.gov/Archives/edgar/data/1803737/000119312526064210/d29040d8k.htm
FORA,0001829280,Forian Inc,,ACQUISITION,2026-05-14,provisional_stockanalysis_action_date_not_first_announcement,https://stockanalysis.com/actions/acquisitions/,stockanalysis_company_page,-,2025 Acquisition Company LLC,2026-05-14 12:00:00+00:00,provisional_stockanalysis_action_date_not_first_announcement,2026-04-03 13:06:29+00:00,sec_candidate,15.0,agreement\s+and\s+plan\s+of\s+merger|merger\s+agreement|definitive\s+agreement|tender\s+offer|entered\s+into\s+.*(?:merger|acquisition)|acquirer_name|item_1_01_transaction,8-K,0001140361-26-013124,https://www.sec.gov/Archives/edgar/data/1829280/000114036126013124/ef20069813_8k.htm
MPX,0001129155,Marine Products Corp,,ACQUISITION,2026-05-14,provisional_stockanalysis_action_date_not_first_announcement,https://stockanalysis.com/actions/acquisitions/,stockanalysis_company_page,MCFT,Mastercraft Boat Holdings Inc,2026-05-14 12:00:00+00:00,provisional_stockanalysis_action_date_not_first_announcement,2026-02-05 12:46:12+00:00,sec_candidate,7.0,agreement\s+and\s+plan\s+of\s+merger|merger\s+agreement|acquirer_name,8-K,0001104659-26-010656,https://www.sec.gov/Archives/edgar/data/1129155/000110465926010656/tm265315d1_8k.htm
TPH,0001561680,Tri Pointe Homes Inc,,ACQUISITION,2026-05-13,provisional_stockanalysis_action_date_not_first_announcement,https://stockanalysis.com/actions/acquisitions/,stockanalysis_company_page,SMFRF,Sumitomo Forestry Co Ltd.,2026-05-13 12:00:00+00:00,provisional_stockanalysis_action_date_not_first_announcement,2026-02-13 12:45:21+00:00,sec_candidate,15.0,agreement\s+and\s+plan\s+of\s+merger|merger\s+agreement|definitive\s+agreement|acquisition\s+agreement|entered\s+into\s+.*(?:merger|acquisition)|acquirer_name|item_1_01_transaction,8-K,0001193125-26-049867,https://www.sec.gov/Archives/edgar/data/1561680/000119312526049867/d75298d8k.htm
CSGS,0001005757,Csg Systems International Inc,,ACQUISITION,2026-05-13,provisional_stockanalysis_action_date_not_first_announcement,https://stockanalysis.com/actions/acquisitions/,stockanalysis_company_page,NECPY,Nec Corp,2026-05-13 12:00:00+00:00,provisional_stockanalysis_action_date_not_first_announcement,2025-10-29 10:06:48+00:00,sec_candidate,4.0,agreement\s+and\s+plan\s+of\s+merger|merger\s+agreement,8-K,0001193125-25-254538,https://www.sec.gov/Archives/edgar/data/1005757/000119312525254538/d939238d8k.htm
SNCY,0001743907,Sun Country Airlines Holdings Inc,,ACQUISITION,2026-05-12,provisional_stockanalysis_action_date_not_first_announcement,https://stockanalysis.com/actions/acquisitions/,stockanalysis_company_page,ALGT,Allegiant Travel Co.,2026-05-12 12:00:00+00:00,provisional_stockanalysis_action_date_not_first_announcement,2026-01-12 14:11:05+00:00,sec_candidate,13.0,agreement\s+and\s+plan\s+of\s+merger|merger\s+agreement|definitive\s+agreement|entered\s+into\s+.*(?:merger|acquisition)|acquirer_name|item_1_01_transaction,8-K,0001193125-26-009914,https://www.sec.gov/Archives/edgar/data/1743907/000119312526009914/d20291d8k.htm
UDMY,0001607939,Udemy Inc,,ACQUISITION,2026-05-11,provisional_stockanalysis_action_date_not_first_announcement,https://stockanalysis.com/actions/acquisitions/,stockanalysis_company_page,COUR,Coursera Inc,2026-05-11 12:00:00+00:00,provisional_stockanalysis_action_date_not_first_announcement,2025-12-17 12:45:50+00:00,sec_candidate,10.0,agreement\s+and\s+plan\s+of\s+merger|merger\s+agreement|entered\s+into\s+.*(?:merger|acquisition)|acquirer_name|acquirer_symbol,8-K,0001193125-25-321719,https://www.sec.gov/Archives/edgar/data/1607939/000119312525321719/d41058d8k.htm
KZR,0001645666,Kezar Life Sciences Inc,,ACQUISITION,2026-05-11,provisional_stockanalysis_action_date_not_first_announcement,https://stockanalysis.com/actions/acquisitions/,stockanalysis_company_page,AUPH,Aurinia Pharmaceuticals Inc,2026-05-11 12:00:00+00:00,provisional_stockanalysis_action_date_not_first_announcement,2026-03-12 13:11:56+00:00,sec_candidate,8.0,definitive\s+agreement|change\s+of\s+control|entered\s+into\s+.*(?:merger|acquisition)|item_1_01_transaction,8-K,0001628280-26-017046,https://www.sec.gov/Archives/edgar/data/1645666/000162828026017046/kzr-20260306.htm
EWCZ,0001856236,European Wax Center Inc,,ACQUISITION,2026-05-08,provisional_stockanalysis_action_date_not_first_announcement,https://stockanalysis.com/actions/acquisitions/,stockanalysis_company_page,-,General Atlantic,2026-05-08 12:00:00+00:00,provisional_stockanalysis_action_date_not_first_announcement,2026-02-10 12:08:11+00:00,sec_candidate,15.0,agreement\s+and\s+plan\s+of\s+merger|merger\s+agreement|definitive\s+agreement|acquisition\s+agreement|entered\s+into\s+.*(?:merger|acquisition)|acquirer_name|item_1_01_transaction,8-K,0001193125-26-043656,https://www.sec.gov/Archives/edgar/data/1856236/000119312526043656/d71794d8k.htm
CTLP,0000896429,Cantaloupe Inc,,ACQUISITION,2026-05-07,provisional_stockanalysis_action_date_not_first_announcement,https://stockanalysis.com/actions/acquisitions/,stockanalysis_company_page,-,365 Retail Markets LLC,2026-05-07 12:00:00+00:00,provisional_stockanalysis_action_date_not_first_announcement,2025-02-05 21:04:04+00:00,sec_candidate,6.0,definitive\s+agreement|entered\s+into\s+.*(?:merger|acquisition)|item_1_01_transaction,8-K,0001628280-25-004018,https://www.sec.gov/Archives/edgar/data/896429/000162828025004018/usat-20250131.htm
CTRA,0000858470,Coterra Energy Inc,,ACQUISITION,2026-05-06,provisional_stockanalysis_action_date_not_first_announcement,https://stockanalysis.com/actions/acquisitions/,stockanalysis_company_page,DVN,Devon Energy Corp,2026-05-06 12:00:00+00:00,provisional_stockanalysis_action_date_not_first_announcement,2026-02-02 13:12:37+00:00,sec_candidate,14.0,agreement\s+and\s+plan\s+of\s+merger|merger\s+agreement|definitive\s+agreement|entered\s+into\s+.*(?:merger|acquisition)|acquirer_name|acquirer_symbol|item_1_01_transaction,8-K,0001104659-26-008979,https://www.sec.gov/Archives/edgar/data/858470/000110465926008979/tm264761d1_8k.htm
PKST,0001600626,Peakstone Realty Trust,,ACQUISITION,2026-05-05,provisional_stockanalysis_action_date_not_first_announcement,https://stockanalysis.com/actions/acquisitions/,stockanalysis_company_page,BAM,Brookfield Asset Management Ltd.,2026-05-05 12:00:00+00:00,provisional_stockanalysis_action_date_not_first_announcement,2026-02-02 14:27:10+00:00,sec_candidate,10.0,agreement\s+and\s+plan\s+of\s+merger|merger\s+agreement|definitive\s+agreement|entered\s+into\s+.*(?:merger|acquisition)|item_1_01_transaction,8-K,0001140361-26-003102,https://www.sec.gov/Archives/edgar/data/1600626/000114036126003102/ef20064511_8k.htm
UHG,0001830188,United Homes Group Inc,,ACQUISITION,2026-05-04,provisional_stockanalysis_action_date_not_first_announcement,https://stockanalysis.com/actions/acquisitions/,stockanalysis_company_page,-,Stanley Martin Homes,2026-05-04 12:00:00+00:00,provisional_stockanalysis_action_date_not_first_announcement,2025-10-01 20:36:47+00:00,sec_candidate,4.0,definitive\s+agreement|change\s+of\s+control,8-K,0001830188-25-000066,https://www.sec.gov/Archives/edgar/data/1830188/000183018825000066/uhg-20250929.htm
FARM,0000034563,Farmer Brothers Co.,,ACQUISITION,2026-05-04,provisional_stockanalysis_action_date_not_first_announcement,https://stockanalysis.com/actions/acquisitions/,stockanalysis_company_page,-,Royal Cup Coffee & Tea,2026-05-04 12:00:00+00:00,provisional_stockanalysis_action_date_not_first_announcement,2026-03-04 21:15:41+00:00,sec_candidate,10.0,agreement\s+and\s+plan\s+of\s+merger|merger\s+agreement|definitive\s+agreement|entered\s+into\s+.*(?:merger|acquisition)|item_1_01_transaction,8-K,0001104659-26-023464,https://www.sec.gov/Archives/edgar/data/34563/000110465926023464/tm267957d1_8k.htm
TERN,0001831363,Terns Pharmaceuticals Inc,,ACQUISITION,2026-05-04,provisional_stockanalysis_action_date_not_first_announcement,https://stockanalysis.com/actions/acquisitions/,stockanalysis_company_page,MRK,Merck & Co Inc,2026-05-04 12:00:00+00:00,provisional_stockanalysis_action_date_not_first_announcement,2026-03-25 11:17:09+00:00,sec_candidate,15.0,agreement\s+and\s+plan\s+of\s+merger|merger\s+agreement|definitive\s+agreement|tender\s+offer|entered\s+into\s+.*(?:merger|acquisition)|acquirer_name|item_1_01_transaction,8-K,0001193125-26-122785,https://www.sec.gov/Archives/edgar/data/1831363/000119312526122785/d86253d8k.htm
STKL,0000351834,Sunopta Inc,,ACQUISITION,2026-05-01,provisional_stockanalysis_action_date_not_first_announcement,https://stockanalysis.com/actions/acquisitions/,stockanalysis_company_page,-,Refresco Group Nv,2026-05-01 12:00:00+00:00,provisional_stockanalysis_action_date_not_first_announcement,2026-02-06 14:26:45+00:00,sec_candidate,10.0,definitive\s+agreement|change\s+of\s+control|acquisition\s+agreement|entered\s+into\s+.*(?:merger|acquisition)|item_1_01_transaction,8-K,0001062993-26-000660,https://www.sec.gov/Archives/edgar/data/351834/000106299326000660/form8k.htm
LNKB,0001756701,Linkbancorp Inc,,ACQUISITION,2026-05-01,provisional_stockanalysis_action_date_not_first_announcement,https://stockanalysis.com/actions/acquisitions/,stockanalysis_company_page,BHRB,Burke & Herbert Financial Services Corp,2026-05-01 12:00:00+00:00,provisional_stockanalysis_action_date_not_first_announcement,2025-12-18 21:18:16+00:00,sec_candidate,14.0,agreement\s+and\s+plan\s+of\s+merger|merger\s+agreement|definitive\s+agreement|entered\s+into\s+.*(?:merger|acquisition)|acquirer_name|acquirer_symbol|item_1_01_transaction,8-K,0001193125-25-324855,https://www.sec.gov/Archives/edgar/data/1756701/000119312525324855/d937303d8k.htm
GDEN,0001071255,Golden Entertainment Inc,,ACQUISITION,2026-04-29,provisional_stockanalysis_action_date_not_first_announcement,https://stockanalysis.com/actions/acquisitions/,stockanalysis_company_page,VICI,Vici Properties Inc,2026-04-29 12:00:00+00:00,provisional_stockanalysis_action_date_not_first_announcement,2025-11-06 13:02:56+00:00,sec_candidate,4.0,acquirer_name|acquirer_symbol,8-K,0001071255-25-000109,https://www.sec.gov/Archives/edgar/data/1071255/000107125525000109/gden-20251106.htm
EM,0001834253,Smart Share Global Ltd.,,ACQUISITION,2026-04-28,provisional_stockanalysis_action_date_not_first_announcement,https://stockanalysis.com/actions/acquisitions/,stockanalysis_company_page,-,Mobile Charging Investment Limited,2026-04-28 12:00:00+00:00,provisional_stockanalysis_action_date_not_first_announcement,,no_candidate_filings,,,,,
ACLX,0001786205,Arcellx Inc,,ACQUISITION,2026-04-28,provisional_stockanalysis_action_date_not_first_announcement,https://stockanalysis.com/actions/acquisitions/,stockanalysis_company_page,GILD,Gilead Sciences Inc,2026-04-28 12:00:00+00:00,provisional_stockanalysis_action_date_not_first_announcement,2026-02-23 21:05:25+00:00,sec_candidate,17.0,agreement\s+and\s+plan\s+of\s+merger|merger\s+agreement|definitive\s+agreement|tender\s+offer|acquisition\s+agreement|entered\s+into\s+.*(?:merger|acquisition)|acquirer_name|item_1_01_transaction,8-K,0001193125-26-063955,https://www.sec.gov/Archives/edgar/data/1786205/000119312526063955/d112937d8k.htm
FOLD,0001178879,Amicus Therapeutics Inc,,ACQUISITION,2026-04-27,provisional_stockanalysis_action_date_not_first_announcement,https://stockanalysis.com/actions/acquisitions/,stockanalysis_company_page,BMRN,Biomarin Pharmaceutical Inc,2026-04-27 12:00:00+00:00,provisional_stockanalysis_action_date_not_first_announcement,2025-05-01 10:00:38+00:00,sec_candidate,8.0,definitive\s+agreement|change\s+of\s+control|entered\s+into\s+.*(?:merger|acquisition)|item_1_01_transaction,8-K,0001104659-25-042841,https://www.sec.gov/Archives/edgar/data/1178879/000110465925042841/tm2513759d1_8k.htm
SEMR,0001831840,Semrush Holdings Inc,,ACQUISITION,2026-04-27,provisional_stockanalysis_action_date_not_first_announcement,https://stockanalysis.com/actions/acquisitions/,stockanalysis_company_page,ADBE,Adobe Inc,2026-04-27 12:00:00+00:00,provisional_stockanalysis_action_date_not_first_announcement,2025-11-19 13:27:58+00:00,sec_candidate,13.0,agreement\s+and\s+plan\s+of\s+merger|merger\s+agreement|definitive\s+agreement|entered\s+into\s+.*(?:merger|acquisition)|acquirer_name|item_1_01_transaction,8-K,0000950103-25-014983,https://www.sec.gov/Archives/edgar/data/1831840/000095010325014983/dp237534_8k.htm
DAWN,0001845337,Day One Biopharmaceuticals Inc,,ACQUISITION,2026-04-23,provisional_stockanalysis_action_date_not_first_announcement,https://stockanalysis.com/actions/acquisitions/,stockanalysis_company_page,-,Servier Pharmaceuticals LLC,2026-04-23 12:00:00+00:00,provisional_stockanalysis_action_date_not_first_announcement,2025-11-13 11:46:24+00:00,sec_candidate,12.0,agreement\s+and\s+plan\s+of\s+merger|merger\s+agreement|definitive\s+agreement|tender\s+offer|entered\s+into\s+.*(?:merger|acquisition)|item_1_01_transaction,8-K,0001104659-25-110812,https://www.sec.gov/Archives/edgar/data/1845337/000110465925110812/tm2531072d1_8k.htm
DHIL,0000909108,Diamond Hill Investment Group Inc,,ACQUISITION,2026-04-21,provisional_stockanalysis_action_date_not_first_announcement,https://stockanalysis.com/actions/acquisitions/,stockanalysis_company_page,-,First Eagle Investment Management LLC,2026-04-21 12:00:00+00:00,provisional_stockanalysis_action_date_not_first_announcement,2026-02-17 21:28:01+00:00,sec_candidate,9.0,agreement\s+and\s+plan\s+of\s+merger|merger\s+agreement|entered\s+into\s+.*(?:merger|acquisition)|acquirer_name,8-K,0000950103-26-002190,https://www.sec.gov/Archives/edgar/data/909108/000095010326002190/dp241661_8k.htm
HTBK,0001053352,Heritage Commerce Corp,,ACQUISITION,2026-04-20,provisional_stockanalysis_action_date_not_first_announcement,https://stockanalysis.com/actions/acquisitions/,stockanalysis_company_page,CVBF,Cvb Financial Corp,2026-04-20 12:00:00+00:00,provisional_stockanalysis_action_date_not_first_announcement,2025-12-17 22:01:38+00:00,sec_candidate,6.0,merger\s+agreement|acquirer_name|acquirer_symbol,8-K,0001104659-25-122098,https://www.sec.gov/Archives/edgar/data/1053352/000110465925122098/tm2533554d1_8k.htm
MRCC,0001512931,Monroe Capital Corp,,ACQUISITION,2026-04-14,provisional_stockanalysis_action_date_not_first_announcement,https://stockanalysis.com/actions/acquisitions/,stockanalysis_company_page,HRZN,Horizon Technology Finance Corp,2026-04-14 12:00:00+00:00,provisional_stockanalysis_action_date_not_first_announcement,2025-12-16 21:44:15+00:00,sec_candidate,5.0,definitive\s+agreement|acquirer_name,8-K,0001512931-25-000079,https://www.sec.gov/Archives/edgar/data/1512931/000151293125000079/mrcc-20251210.htm
SEE,0001012100,Sealed Air Corp,,ACQUISITION,2026-04-08,provisional_stockanalysis_action_date_not_first_announcement,https://stockanalysis.com/actions/acquisitions/,stockanalysis_company_page,-,Cd&r,2026-04-08 12:00:00+00:00,provisional_stockanalysis_action_date_not_first_announcement,2025-12-17 12:04:28+00:00,sec_candidate,6.0,agreement\s+and\s+plan\s+of\s+merger|merger\s+agreement|entered\s+into\s+.*(?:merger|acquisition),8-K,0001193125-25-321673,https://www.sec.gov/Archives/edgar/data/1012100/000119312525321673/d94971d8k.htm
AL,0001487712,Air Lease Corp,,ACQUISITION,2026-04-07,provisional_stockanalysis_action_date_not_first_announcement,https://stockanalysis.com/actions/acquisitions/,stockanalysis_company_page,SSUMY,Sumitomo Corp,2026-04-07 12:00:00+00:00,provisional_stockanalysis_action_date_not_first_announcement,2025-11-10 22:25:19+00:00,sec_candidate,6.0,agreement\s+and\s+plan\s+of\s+merger|merger\s+agreement|entered\s+into\s+.*(?:merger|acquisition),8-K,0001193125-25-274598,https://www.sec.gov/Archives/edgar/data/1487712/000119312525274598/d89006d8k.htm
HOLX,0000859737,Hologic Inc,,ACQUISITION,2026-04-06,provisional_stockanalysis_action_date_not_first_announcement,https://stockanalysis.com/actions/acquisitions/,stockanalysis_company_page,-,Tpg Capital Lp,2026-04-06 12:00:00+00:00,provisional_stockanalysis_action_date_not_first_announcement,2025-10-21 13:58:42+00:00,sec_candidate,13.0,agreement\s+and\s+plan\s+of\s+merger|merger\s+agreement|definitive\s+agreement|entered\s+into\s+.*(?:merger|acquisition)|acquirer_name|item_1_01_transaction,8-K,0001193125-25-244423,https://www.sec.gov/Archives/edgar/data/859737/000119312525244423/d72397d8k.htm
SWKH,0001089907,Swk Holdings Corp,,ACQUISITION,2026-04-06,provisional_stockanalysis_action_date_not_first_announcement,https://stockanalysis.com/actions/acquisitions/,stockanalysis_company_page,RWAY,Runway Growth Finance Corp,2026-04-06 12:00:00+00:00,provisional_stockanalysis_action_date_not_first_announcement,2025-10-09 21:27:26+00:00,sec_candidate,6.0,merger\s+agreement|acquirer_name|acquirer_symbol,8-K,0001552781-25-000315,https://www.sec.gov/Archives/edgar/data/1089907/000155278125000315/e25355_swkh-8k.htm
OS,0001889956,Onestream Inc,,ACQUISITION,2026-04-02,provisional_stockanalysis_action_date_not_first_announcement,https://stockanalysis.com/actions/acquisitions/,stockanalysis_company_page,-,Hg Capital,2026-04-02 12:00:00+00:00,provisional_stockanalysis_action_date_not_first_announcement,2026-01-06 22:20:37+00:00,sec_candidate,12.0,agreement\s+and\s+plan\s+of\s+merger|merger\s+agreement|definitive\s+agreement|change\s+of\s+control|entered\s+into\s+.*(?:merger|acquisition)|item_1_01_transaction,8-K,0001193125-26-004772,https://www.sec.gov/Archives/edgar/data/1889956/000119312526004772/d13008d8k.htm
TBHC,0001056285,Brand House Collective Inc,,ACQUISITION,2026-04-01,provisional_stockanalysis_action_date_not_first_announcement,https://stockanalysis.com/actions/acquisitions/,stockanalysis_company_page,NXH,Neighborhood Intelligence Inc,2026-04-01 12:00:00+00:00,provisional_stockanalysis_action_date_not_first_announcement,2025-09-15 20:16:46+00:00,sec_candidate,4.0,definitive\s+agreement|change\s+of\s+control,8-K,0001437749-25-029062,https://www.sec.gov/Archives/edgar/data/1056285/000143774925029062/kirk20250909_8k.htm
BLFY,0001846017,Blue Foundry Bancorp,,ACQUISITION,2026-04-01,provisional_stockanalysis_action_date_not_first_announcement,https://stockanalysis.com/actions/acquisitions/,stockanalysis_company_page,FULT,Fulton Financial Corp,2026-04-01 12:00:00+00:00,provisional_stockanalysis_action_date_not_first_announcement,2025-11-25 11:30:29+00:00,sec_candidate,13.0,agreement\s+and\s+plan\s+of\s+merger|merger\s+agreement|definitive\s+agreement|entered\s+into\s+.*(?:merger|acquisition)|acquirer_name|item_1_01_transaction,8-K,0001193125-25-294478,https://www.sec.gov/Archives/edgar/data/1846017/000119312525294478/d922774d8k.htm
GLDD,0001372020,Great Lakes Dredge & Dock Corp,,ACQUISITION,2026-03-31,provisional_stockanalysis_action_date_not_first_announcement,https://stockanalysis.com/actions/acquisitions/,stockanalysis_company_page,-,Saltchuk Resources Inc,2026-03-31 12:00:00+00:00,provisional_stockanalysis_action_date_not_first_announcement,2025-10-27 20:11:53+00:00,sec_candidate,6.0,definitive\s+agreement|entered\s+into\s+.*(?:merger|acquisition)|item_1_01_transaction,8-K,0001193125-25-251593,https://www.sec.gov/Archives/edgar/data/1372020/000119312525251593/gldd-20251024.htm
ONTF,0001110611,On24 Inc,,ACQUISITION,2026-03-31,provisional_stockanalysis_action_date_not_first_announcement,https://stockanalysis.com/actions/acquisitions/,stockanalysis_company_page,-,Cvent LLC,2026-03-31 12:00:00+00:00,provisional_stockanalysis_action_date_not_first_announcement,2025-12-30 13:26:50+00:00,sec_candidate,7.0,agreement\s+and\s+plan\s+of\s+merger|merger\s+agreement|acquirer_name,8-K,0001193125-25-335946,https://www.sec.gov/Archives/edgar/data/1110611/000119312525335946/d22803d8k.htm
FFWM,0001413837,First Foundation Inc,,ACQUISITION,2026-03-31,provisional_stockanalysis_action_date_not_first_announcement,https://stockanalysis.com/actions/acquisitions/,stockanalysis_company_page,FSUN,Firstsun Capital Bancorp,2026-03-31 12:00:00+00:00,provisional_stockanalysis_action_date_not_first_announcement,2025-10-27 20:58:36+00:00,sec_candidate,7.0,agreement\s+and\s+plan\s+of\s+merger|merger\s+agreement|acquirer_name,8-K,0001104659-25-102633,https://www.sec.gov/Archives/edgar/data/1413837/000110465925102633/tm2529539d1_8k.htm
UBFO,0001137547,United Security Bancshares,,ACQUISITION,2026-03-31,provisional_stockanalysis_action_date_not_first_announcement,https://stockanalysis.com/actions/acquisitions/,stockanalysis_company_page,CWBC,Community West Bancshares,2026-03-31 12:00:00+00:00,provisional_stockanalysis_action_date_not_first_announcement,2025-12-17 13:46:13+00:00,sec_candidate,14.0,agreement\s+and\s+plan\s+of\s+merger|merger\s+agreement|definitive\s+agreement|entered\s+into\s+.*(?:merger|acquisition)|acquirer_name|acquirer_symbol|item_1_01_transaction,8-K,0001137547-25-000130,https://www.sec.gov/Archives/edgar/data/1137547/000113754725000130/ubfo-20251216.htm
DVS,0001542028,Dolly Varden Silver Corp,,ACQUISITION,2026-03-26,provisional_stockanalysis_action_date_not_first_announcement,https://stockanalysis.com/actions/acquisitions/,stockanalysis_company_page,CTGO,Contango Silver & Gold Inc,2026-03-26 12:00:00+00:00,provisional_stockanalysis_action_date_not_first_announcement,,no_candidate_filings,,,,,
NGD,0000800166,New Gold Inc,,ACQUISITION,2026-03-23,provisional_stockanalysis_action_date_not_first_announcement,https://stockanalysis.com/actions/acquisitions/,stockanalysis_company_page,CDE,Coeur Mining Inc,2026-03-23 12:00:00+00:00,provisional_stockanalysis_action_date_not_first_announcement,,no_candidate_filings_in_window,,,,,
TGNA,0000039899,Tegna Inc,,ACQUISITION,2026-03-20,provisional_stockanalysis_action_date_not_first_announcement,https://stockanalysis.com/actions/acquisitions/,stockanalysis_company_page,NXST,Nexstar Media Group Inc,2026-03-20 12:00:00+00:00,provisional_stockanalysis_action_date_not_first_announcement,2025-08-19 11:15:45+00:00,sec_candidate,13.0,agreement\s+and\s+plan\s+of\s+merger|merger\s+agreement|definitive\s+agreement|entered\s+into\s+.*(?:merger|acquisition)|acquirer_name|item_1_01_transaction,8-K,0001104659-25-080002,https://www.sec.gov/Archives/edgar/data/39899/000110465925080002/tm2523793d1_8k.htm
EXAS,0001124140,Exact Sciences Corp,,ACQUISITION,2026-03-20,provisional_stockanalysis_action_date_not_first_announcement,https://stockanalysis.com/actions/acquisitions/,stockanalysis_company_page,ABT,Abbott Laboratories,2026-03-20 12:00:00+00:00,provisional_stockanalysis_action_date_not_first_announcement,2025-11-20 13:02:02+00:00,sec_candidate,13.0,agreement\s+and\s+plan\s+of\s+merger|merger\s+agreement|definitive\s+agreement|entered\s+into\s+.*(?:merger|acquisition)|acquirer_name|item_1_01_transaction,8-K,0001193125-25-288896,https://www.sec.gov/Archives/edgar/data/1124140/000119312525288896/d38144d8k.htm
QIPT,0001540013,Quipt Home Medical Corp,,ACQUISITION,2026-03-17,provisional_stockanalysis_action_date_not_first_announcement,https://stockanalysis.com/actions/acquisitions/,stockanalysis_company_page,-,Kingswood Capital Management Lp,2026-03-17 12:00:00+00:00,provisional_stockanalysis_action_date_not_first_announcement,2025-08-12 21:00:58+00:00,sec_candidate,6.0,definitive\s+agreement|entered\s+into\s+.*(?:merger|acquisition)|item_1_01_transaction,8-K,0001558370-25-011243,https://www.sec.gov/Archives/edgar/data/1540013/000155837025011243/qipt-20250811x8k.htm
CFLT,0001699838,Confluent Inc,,ACQUISITION,2026-03-17,provisional_stockanalysis_action_date_not_first_announcement,https://stockanalysis.com/actions/acquisitions/,stockanalysis_company_page,IBM,International Business Machines Corp,2026-03-17 12:00:00+00:00,provisional_stockanalysis_action_date_not_first_announcement,2025-12-08 08:12:54+00:00,sec_candidate,14.0,agreement\s+and\s+plan\s+of\s+merger|merger\s+agreement|definitive\s+agreement|entered\s+into\s+.*(?:merger|acquisition)|acquirer_name|acquirer_symbol|item_1_01_transaction,8-K,0001104659-25-119081,https://www.sec.gov/Archives/edgar/data/1699838/000110465925119081/tm2532777d2_8k.htm
SGN,0001898474,Signing Day Sports Inc,,ACQUISITION,2026-03-16,provisional_stockanalysis_action_date_not_first_announcement,https://stockanalysis.com/actions/acquisitions/,stockanalysis_company_page,AIB,Aib Data Centers Inc,2026-03-16 12:00:00+00:00,provisional_stockanalysis_action_date_not_first_announcement,2026-03-09 12:00:26+00:00,sec_candidate,3.0,business\s+combination\s+agreement|acquirer_symbol,8-K,0001213900-26-024925,https://www.sec.gov/Archives/edgar/data/1898474/000121390026024925/ea0280519-8k425_signing.htm
ALEX,0001545654,Alexander & Baldwin Inc,,ACQUISITION,2026-03-12,provisional_stockanalysis_action_date_not_first_announcement,https://stockanalysis.com/actions/acquisitions/,stockanalysis_company_page,-,Blackstone Real Estate Income Trust Inc,2026-03-12 12:00:00+00:00,provisional_stockanalysis_action_date_not_first_announcement,2025-12-09 06:31:06+00:00,sec_candidate,10.0,agreement\s+and\s+plan\s+of\s+merger|merger\s+agreement|definitive\s+agreement|entered\s+into\s+.*(?:merger|acquisition)|item_1_01_transaction,8-K,0001104659-25-119462,https://www.sec.gov/Archives/edgar/data/1545654/000110465925119462/tm2532987d1_8k.htm
IROQ,0001514743,If Bancorp Inc,,ACQUISITION,2026-03-12,provisional_stockanalysis_action_date_not_first_announcement,https://stockanalysis.com/actions/acquisitions/,stockanalysis_company_page,-,Servbanc Holdco Inc,2026-03-12 12:00:00+00:00,provisional_stockanalysis_action_date_not_first_announcement,2025-09-16 21:20:14+00:00,sec_candidate,6.0,definitive\s+agreement|entered\s+into\s+.*(?:merger|acquisition)|item_1_01_transaction,8-K,0000943374-25-000403,https://www.sec.gov/Archives/edgar/data/1514743/000094337425000403/form8k_091625-if.htm
EB,0001475115,Eventbrite Inc,,ACQUISITION,2026-03-09,provisional_stockanalysis_action_date_not_first_announcement,https://stockanalysis.com/actions/acquisitions/,stockanalysis_company_page,BSP,Bending Spoons SpA,2026-03-09 12:00:00+00:00,provisional_stockanalysis_action_date_not_first_announcement,2025-08-07 20:08:42+00:00,sec_candidate,6.0,definitive\s+agreement|entered\s+into\s+.*(?:merger|acquisition)|item_1_01_transaction,8-K,0001475115-25-000105,https://www.sec.gov/Archives/edgar/data/1475115/000147511525000105/eb-20250806.htm
VTYX,0001851194,Ventyx Biosciences Inc,,ACQUISITION,2026-03-04,provisional_stockanalysis_action_date_not_first_announcement,https://stockanalysis.com/actions/acquisitions/,stockanalysis_company_page,LLY,Eli Lilly & Co.,2026-03-04 12:00:00+00:00,provisional_stockanalysis_action_date_not_first_announcement,2026-01-07 22:02:49+00:00,sec_candidate,13.0,agreement\s+and\s+plan\s+of\s+merger|merger\s+agreement|definitive\s+agreement|entered\s+into\s+.*(?:merger|acquisition)|acquirer_name|item_1_01_transaction,8-K,0001193125-26-006520,https://www.sec.gov/Archives/edgar/data/1851194/000119312526006520/d98679d8k.htm
RAPT,0001673772,Rapt Therapeutics Inc,,ACQUISITION,2026-03-03,provisional_stockanalysis_action_date_not_first_announcement,https://stockanalysis.com/actions/acquisitions/,stockanalysis_company_page,GSK,Gsk PLC,2026-03-03 12:00:00+00:00,provisional_stockanalysis_action_date_not_first_announcement,2026-01-20 11:11:32+00:00,sec_candidate,13.0,agreement\s+and\s+plan\s+of\s+merger|merger\s+agreement|definitive\s+agreement|tender\s+offer|entered\s+into\s+.*(?:merger|acquisition)|acquirer_symbol|item_1_01_transaction,8-K,0001193125-26-015882,https://www.sec.gov/Archives/edgar/data/1673772/000119312526015882/d12800d8k.htm
MBCN,0000836147,Middlefield Banc Corp,,ACQUISITION,2026-02-27,provisional_stockanalysis_action_date_not_first_announcement,https://stockanalysis.com/actions/acquisitions/,stockanalysis_company_page,FMNB,Farmers National Banc Corp,2026-02-27 12:00:00+00:00,provisional_stockanalysis_action_date_not_first_announcement,2025-10-27 17:25:08+00:00,sec_candidate,13.0,agreement\s+and\s+plan\s+of\s+merger|merger\s+agreement|definitive\s+agreement|entered\s+into\s+.*(?:merger|acquisition)|acquirer_name|item_1_01_transaction,8-K,0001437749-25-031826,https://www.sec.gov/Archives/edgar/data/836147/000143774925031826/mbcn20251027c_8k.htm
FRGE,0001827821,Forge Global Holdings Inc,,ACQUISITION,2026-02-27,provisional_stockanalysis_action_date_not_first_announcement,https://stockanalysis.com/actions/acquisitions/,stockanalysis_company_page,SCHW,Schwab Charles Corp,2026-02-27 12:00:00+00:00,provisional_stockanalysis_action_date_not_first_announcement,2025-11-06 06:33:37+00:00,sec_candidate,12.0,agreement\s+and\s+plan\s+of\s+merger|merger\s+agreement|definitive\s+agreement|acquisition\s+agreement|entered\s+into\s+.*(?:merger|acquisition)|item_1_01_transaction,8-K,0001827821-25-000020,https://www.sec.gov/Archives/edgar/data/1827821/000182782125000020/forge-20251105.htm
RNAM,0001599901,Avidity Biosciences Inc,,ACQUISITION,2026-02-26,provisional_stockanalysis_action_date_not_first_announcement,https://stockanalysis.com/actions/acquisitions/,stockanalysis_company_page,NVS,Novartis Ag,2026-02-26 12:00:00+00:00,provisional_stockanalysis_action_date_not_first_announcement,2025-10-27 11:28:55+00:00,sec_candidate,13.0,agreement\s+and\s+plan\s+of\s+merger|merger\s+agreement|definitive\s+agreement|entered\s+into\s+.*(?:merger|acquisition)|acquirer_name|item_1_01_transaction,8-K,0001193125-25-250696,https://www.sec.gov/Archives/edgar/data/1599901/000119312525250696/d25008d8k.htm
AHL,0001267395,Aspen Insurance Holdings Ltd.,,ACQUISITION,2026-02-23,provisional_stockanalysis_action_date_not_first_announcement,https://stockanalysis.com/actions/acquisitions/,stockanalysis_company_page,SMPNY,Sompo Holdings Inc,2026-02-23 12:00:00+00:00,provisional_stockanalysis_action_date_not_first_announcement,,no_candidate_filings_in_window,,,,,
MGIC,0000876779,Magic Software Enterprises Ltd.,,ACQUISITION,2026-02-23,provisional_stockanalysis_action_date_not_first_announcement,https://stockanalysis.com/actions/acquisitions/,stockanalysis_company_page,-,Matrix It Ltd.,2026-02-23 12:00:00+00:00,provisional_stockanalysis_action_date_not_first_announcement,,no_candidate_filings,,,,,
MOFG,0001412665,Midwestone Financial Group Inc,,ACQUISITION,2026-02-13,provisional_stockanalysis_action_date_not_first_announcement,https://stockanalysis.com/actions/acquisitions/,stockanalysis_company_page,NIC,Nicolet Bankshares Inc,2026-02-13 12:00:00+00:00,provisional_stockanalysis_action_date_not_first_announcement,2025-10-23 16:31:14+00:00,sec_candidate,15.0,agreement\s+and\s+plan\s+of\s+merger|merger\s+agreement|definitive\s+agreement|acquisition\s+agreement|entered\s+into\s+.*(?:merger|acquisition)|acquirer_name|item_1_01_transaction,8-K,0001104659-25-101847,https://www.sec.gov/Archives/edgar/data/1412665/000110465925101847/tm2529248d1_8k.htm
SNCR,0001131554,Synchronoss Technologies Inc,,ACQUISITION,2026-02-13,provisional_stockanalysis_action_date_not_first_announcement,https://stockanalysis.com/actions/acquisitions/,stockanalysis_company_page,-,Lumine Group Inc,2026-02-13 12:00:00+00:00,provisional_stockanalysis_action_date_not_first_announcement,2025-12-04 09:05:47+00:00,sec_candidate,13.0,agreement\s+and\s+plan\s+of\s+merger|merger\s+agreement|definitive\s+agreement|entered\s+into\s+.*(?:merger|acquisition)|acquirer_name|item_1_01_transaction,8-K,0001628280-25-055229,https://www.sec.gov/Archives/edgar/data/1131554/000162828025055229/sncr-20251203.htm
ZEUS,0000917470,Olympic Steel Inc,,ACQUISITION,2026-02-12,provisional_stockanalysis_action_date_not_first_announcement,https://stockanalysis.com/actions/acquisitions/,stockanalysis_company_page,RYZ,Ryerson Holding Corp,2026-02-12 12:00:00+00:00,provisional_stockanalysis_action_date_not_first_announcement,2025-04-18 18:31:28+00:00,sec_candidate,6.0,definitive\s+agreement|entered\s+into\s+.*(?:merger|acquisition)|item_1_01_transaction,8-K,0001437749-25-012355,https://www.sec.gov/Archives/edgar/data/917470/000143774925012355/zeus20250417_8k.htm
SOHO,0001301236,Sotherly Hotels Inc,,ACQUISITION,2026-02-12,provisional_stockanalysis_action_date_not_first_announcement,https://stockanalysis.com/actions/acquisitions/,stockanalysis_company_page,-,Kemmons Wilson Hospitality Partners Lp,2026-02-12 12:00:00+00:00,provisional_stockanalysis_action_date_not_first_announcement,2025-10-27 10:30:30+00:00,sec_candidate,17.0,agreement\s+and\s+plan\s+of\s+merger|merger\s+agreement|definitive\s+agreement|change\s+of\s+control|acquisition\s+agreement|entered\s+into\s+.*(?:merger|acquisition)|acquirer_name|item_1_01_transaction,8-K,0001193125-25-250648,https://www.sec.gov/Archives/edgar/data/1301236/000119312525250648/soho-20251024.htm
AVDL,0001012477,Avadel Pharmaceuticals PLC,,ACQUISITION,2026-02-11,provisional_stockanalysis_action_date_not_first_announcement,https://stockanalysis.com/actions/acquisitions/,stockanalysis_company_page,ALKS,Alkermes PLC,2026-02-11 12:00:00+00:00,provisional_stockanalysis_action_date_not_first_announcement,2025-11-14 06:03:57+00:00,sec_candidate,5.0,definitive\s+agreement|acquirer_name,8-K,0001104659-25-111719,https://www.sec.gov/Archives/edgar/data/1012477/000110465925111719/tm2529228d9_8k.htm
CYBR,0001598110,Cyberark Software Ltd.,,ACQUISITION,2026-02-10,provisional_stockanalysis_action_date_not_first_announcement,https://stockanalysis.com/actions/acquisitions/,stockanalysis_company_page,PANW,Palo Alto Networks Inc,2026-02-10 12:00:00+00:00,provisional_stockanalysis_action_date_not_first_announcement,2025-07-31 10:41:42+00:00,sec_candidate,6.0,definitive\s+agreement|acquirer_name|acquirer_symbol,425,0001193125-25-169878,https://www.sec.gov/Archives/edgar/data/1598110/000119312525169878/d53932d425.htm
THS,0001320695,Treehouse Foods Inc,,ACQUISITION,2026-02-10,provisional_stockanalysis_action_date_not_first_announcement,https://stockanalysis.com/actions/acquisitions/,stockanalysis_company_page,-,Investindustrial Viii Scsp,2026-02-10 12:00:00+00:00,provisional_stockanalysis_action_date_not_first_announcement,2025-11-10 12:05:18+00:00,sec_candidate,4.0,agreement\s+and\s+plan\s+of\s+merger|merger\s+agreement,8-K,0001320695-25-000104,https://www.sec.gov/Archives/edgar/data/1320695/000132069525000104/ths-20251110.htm
GBIO,0001733294,Generation Bio Co.,,ACQUISITION,2026-02-09,provisional_stockanalysis_action_date_not_first_announcement,https://stockanalysis.com/actions/acquisitions/,stockanalysis_company_page,XOMA,Xoma Royalty Corp,2026-02-09 12:00:00+00:00,provisional_stockanalysis_action_date_not_first_announcement,2025-12-15 22:00:51+00:00,sec_candidate,16.0,agreement\s+and\s+plan\s+of\s+merger|merger\s+agreement|definitive\s+agreement|tender\s+offer|entered\s+into\s+.*(?:merger|acquisition)|acquirer_name|acquirer_symbol|item_1_01_transaction,8-K,0001104659-25-121219,https://www.sec.gov/Archives/edgar/data/1733294/000110465925121219/gbio-20251215x8k.htm
DVAX,0001029142,Dynavax Technologies Corp,,ACQUISITION,2026-02-09,provisional_stockanalysis_action_date_not_first_announcement,https://stockanalysis.com/actions/acquisitions/,stockanalysis_company_page,SNY,Sanofi,2026-02-09 12:00:00+00:00,provisional_stockanalysis_action_date_not_first_announcement,2025-03-13 17:19:05+00:00,sec_candidate,4.0,definitive\s+agreement|item_1_01_transaction,8-K,0001193125-25-054049,https://www.sec.gov/Archives/edgar/data/1029142/000119312525054049/d935304d8k.htm
HI,0001417398,Hillenbrand Inc,,ACQUISITION,2026-02-09,provisional_stockanalysis_action_date_not_first_announcement,https://stockanalysis.com/actions/acquisitions/,stockanalysis_company_page,-,Lone Star Funds,2026-02-09 12:00:00+00:00,provisional_stockanalysis_action_date_not_first_announcement,2025-10-15 08:13:44+00:00,sec_candidate,9.0,merger\s+agreement|definitive\s+agreement|entered\s+into\s+.*(?:merger|acquisition)|acquirer_name,8-K,0001193125-25-239558,https://www.sec.gov/Archives/edgar/data/1417398/000119312525239558/d19460d8k.htm
ISPO,0001820566,Inspirato Inc,,ACQUISITION,2026-02-03,provisional_stockanalysis_action_date_not_first_announcement,https://stockanalysis.com/actions/acquisitions/,stockanalysis_company_page,-,Exclusive Investments LLC,2026-02-03 12:00:00+00:00,provisional_stockanalysis_action_date_not_first_announcement,2025-09-23 16:02:39+00:00,sec_candidate,8.0,agreement\s+and\s+plan\s+of\s+merger|merger\s+agreement|definitive\s+agreement|entered\s+into\s+.*(?:merger|acquisition),8-K,0001820566-25-000184,https://www.sec.gov/Archives/edgar/data/1820566/000182056625000184/ispo-20250918.htm
DAY,0001725057,Dayforce Inc,,ACQUISITION,2026-02-03,provisional_stockanalysis_action_date_not_first_announcement,https://stockanalysis.com/actions/acquisitions/,stockanalysis_company_page,-,Thoma Bravo Ugp LLC,2026-02-03 12:00:00+00:00,provisional_stockanalysis_action_date_not_first_announcement,2025-08-21 11:17:00+00:00,sec_candidate,10.0,agreement\s+and\s+plan\s+of\s+merger|merger\s+agreement|definitive\s+agreement|entered\s+into\s+.*(?:merger|acquisition)|item_1_01_transaction,8-K,0001193125-25-184632,https://www.sec.gov/Archives/edgar/data/1725057/000119312525184632/d949165d8k.htm
APLT,0001697532,Applied Therapeutics Inc,,ACQUISITION,2026-02-03,provisional_stockanalysis_action_date_not_first_announcement,https://stockanalysis.com/actions/acquisitions/,stockanalysis_company_page,-,Cycle Group Holdings Limited,2026-02-03 12:00:00+00:00,provisional_stockanalysis_action_date_not_first_announcement,2025-12-11 21:37:21+00:00,sec_candidate,15.0,agreement\s+and\s+plan\s+of\s+merger|merger\s+agreement|definitive\s+agreement|tender\s+offer|entered\s+into\s+.*(?:merger|acquisition)|acquirer_name|item_1_01_transaction,8-K,0001193125-25-316607,https://www.sec.gov/Archives/edgar/data/1697532/000119312525316607/d41524d8k.htm
REVG,0001687221,Rev Group Inc,,ACQUISITION,2026-01-30,provisional_stockanalysis_action_date_not_first_announcement,https://stockanalysis.com/actions/acquisitions/,stockanalysis_company_page,TEX,Terex Corp,2026-01-30 12:00:00+00:00,provisional_stockanalysis_action_date_not_first_announcement,2025-10-30 07:59:49+00:00,sec_candidate,14.0,agreement\s+and\s+plan\s+of\s+merger|merger\s+agreement|definitive\s+agreement|entered\s+into\s+.*(?:merger|acquisition)|acquirer_name|acquirer_symbol|item_1_01_transaction,8-K,0000950103-25-013873,https://www.sec.gov/Archives/edgar/data/1687221/000095010325013873/dp236569_8k.htm
PCH,0001338749,Potlatchdeltic Corp,,ACQUISITION,2026-01-30,provisional_stockanalysis_action_date_not_first_announcement,https://stockanalysis.com/actions/acquisitions/,stockanalysis_company_page,RYN,Rayonier Inc,2026-01-30 12:00:00+00:00,provisional_stockanalysis_action_date_not_first_announcement,2025-10-14 06:21:16+00:00,sec_candidate,13.0,agreement\s+and\s+plan\s+of\s+merger|merger\s+agreement|definitive\s+agreement|entered\s+into\s+.*(?:merger|acquisition)|acquirer_name|item_1_01_transaction,8-K,0001193125-25-237912,https://www.sec.gov/Archives/edgar/data/1338749/000119312525237912/d936326d8k.htm
CADE,0001299939,Cadence Bank,,ACQUISITION,2026-01-30,provisional_stockanalysis_action_date_not_first_announcement,https://stockanalysis.com/actions/acquisitions/,stockanalysis_company_page,HBAN,Huntington Bancshares Inc,2026-01-30 12:00:00+00:00,provisional_stockanalysis_action_date_not_first_announcement,,no_candidate_filings,,,,,
FSFG,0001435508,First Savings Financial Group Inc,,ACQUISITION,2026-01-30,provisional_stockanalysis_action_date_not_first_announcement,https://stockanalysis.com/actions/acquisitions/,stockanalysis_company_page,FRME,First Merchants Corp,2026-01-30 12:00:00+00:00,provisional_stockanalysis_action_date_not_first_announcement,2025-09-25 20:59:31+00:00,sec_candidate,13.0,agreement\s+and\s+plan\s+of\s+merger|merger\s+agreement|definitive\s+agreement|entered\s+into\s+.*(?:merger|acquisition)|acquirer_name|item_1_01_transaction,8-K,0001104659-25-093406,https://www.sec.gov/Archives/edgar/data/1435508/000110465925093406/tm2526965d1_8k.htm
CMA,0000028412,Comerica Inc,,ACQUISITION,2026-01-30,provisional_stockanalysis_action_date_not_first_announcement,https://stockanalysis.com/actions/acquisitions/,stockanalysis_company_page,FITB,Fifth Third Bancorp,2026-01-30 12:00:00+00:00,provisional_stockanalysis_action_date_not_first_announcement,2025-10-06 06:35:32+00:00,sec_candidate,6.0,merger\s+agreement|acquirer_name|acquirer_symbol,8-K,0001193125-25-230868,https://www.sec.gov/Archives/edgar/data/28412/000119312525230868/d76458d8k.htm
CIVI,0001509589,Civitas Resources Inc,,ACQUISITION,2026-01-29,provisional_stockanalysis_action_date_not_first_announcement,https://stockanalysis.com/actions/acquisitions/,stockanalysis_company_page,SM,Sm Energy Co.,2026-01-29 12:00:00+00:00,provisional_stockanalysis_action_date_not_first_announcement,2025-11-03 06:25:52+00:00,sec_candidate,10.0,agreement\s+and\s+plan\s+of\s+merger|merger\s+agreement|entered\s+into\s+.*(?:merger|acquisition)|acquirer_name|acquirer_symbol,8-K,0001104659-25-105172,https://www.sec.gov/Archives/edgar/data/1509589/000110465925105172/tm2530051d1_8k.htm
JAMF,0001721947,Jamf Holding Corp,,ACQUISITION,2026-01-29,provisional_stockanalysis_action_date_not_first_announcement,https://stockanalysis.com/actions/acquisitions/,stockanalysis_company_page,-,Francisco Partners Management Lp,2026-01-29 12:00:00+00:00,provisional_stockanalysis_action_date_not_first_announcement,2025-10-29 11:11:48+00:00,sec_candidate,9.0,agreement\s+and\s+plan\s+of\s+merger|merger\s+agreement|entered\s+into\s+.*(?:merger|acquisition)|acquirer_name,8-K,0001104659-25-103443,https://www.sec.gov/Archives/edgar/data/1721947/000110465925103443/tm2529593d1_8k.htm
SHCO,0001846510,Soho House & Co Inc,,ACQUISITION,2026-01-28,provisional_stockanalysis_action_date_not_first_announcement,https://stockanalysis.com/actions/acquisitions/,stockanalysis_company_page,-,Tyler Morse,2026-01-28 12:00:00+00:00,provisional_stockanalysis_action_date_not_first_announcement,2025-08-18 06:09:25+00:00,sec_candidate,14.0,agreement\s+and\s+plan\s+of\s+merger|merger\s+agreement|definitive\s+agreement|change\s+of\s+control|acquisition\s+agreement|entered\s+into\s+.*(?:merger|acquisition)|item_1_01_transaction,8-K,0001193125-25-182169,https://www.sec.gov/Archives/edgar/data/1846510/000119312525182169/d921953d8k.htm
RPTX,0001808158,Repare Therapeutics Inc,,ACQUISITION,2026-01-28,provisional_stockanalysis_action_date_not_first_announcement,https://stockanalysis.com/actions/acquisitions/,stockanalysis_company_page,-,Xenotherapeutics Corp,2026-01-28 12:00:00+00:00,provisional_stockanalysis_action_date_not_first_announcement,2025-11-14 22:16:14+00:00,sec_candidate,5.0,entered\s+into\s+.*(?:merger|acquisition)|acquirer_name,8-K,0001193125-25-283314,https://www.sec.gov/Archives/edgar/data/1808158/000119312525283314/d39095d8k.htm
VSTA,0001792829,Vasta Platform Ltd.,,ACQUISITION,2026-01-28,provisional_stockanalysis_action_date_not_first_announcement,https://stockanalysis.com/actions/acquisitions/,stockanalysis_company_page,COGNY,Cogna Educacao SA,2026-01-28 12:00:00+00:00,provisional_stockanalysis_action_date_not_first_announcement,2025-09-30 16:15:38+00:00,sec_candidate,4.0,tender\s+offer|entered\s+into\s+.*(?:merger|acquisition),SC 14D9,0000950103-25-012563,https://www.sec.gov/Archives/edgar/data/1792829/000095010325012563/dp235241_sc14d9.htm
PLYM,0001515816,Plymouth Industrial Reit Inc,,ACQUISITION,2026-01-26,provisional_stockanalysis_action_date_not_first_announcement,https://stockanalysis.com/actions/acquisitions/,stockanalysis_company_page,-,Ares Alternative Credit Fund,2026-01-26 12:00:00+00:00,provisional_stockanalysis_action_date_not_first_announcement,2025-06-03 07:30:26+00:00,sec_candidate,6.0,definitive\s+agreement|entered\s+into\s+.*(?:merger|acquisition)|item_1_01_transaction,8-K,0001171520-25-000201,https://www.sec.gov/Archives/edgar/data/1515816/000117152025000201/eps11944_plym.htm
GES,0000912463,Guess Inc,,ACQUISITION,2026-01-22,provisional_stockanalysis_action_date_not_first_announcement,https://stockanalysis.com/actions/acquisitions/,stockanalysis_company_page,-,Marciano Paul,2026-01-22 12:00:00+00:00,provisional_stockanalysis_action_date_not_first_announcement,2025-08-20 12:47:00+00:00,sec_candidate,12.0,agreement\s+and\s+plan\s+of\s+merger|merger\s+agreement|definitive\s+agreement|acquisition\s+agreement|entered\s+into\s+.*(?:merger|acquisition)|item_1_01_transaction,8-K,0001193125-25-183789,https://www.sec.gov/Archives/edgar/data/912463/000119312525183789/d936438d8k.htm
ATXS,0001454789,Astria Therapeutics Inc,,ACQUISITION,2026-01-22,provisional_stockanalysis_action_date_not_first_announcement,https://stockanalysis.com/actions/acquisitions/,stockanalysis_company_page,BCRX,Biocryst Pharmaceuticals Inc,2026-01-22 12:00:00+00:00,provisional_stockanalysis_action_date_not_first_announcement,2025-10-14 07:12:43+00:00,sec_candidate,13.0,agreement\s+and\s+plan\s+of\s+merger|merger\s+agreement|definitive\s+agreement|entered\s+into\s+.*(?:merger|acquisition)|acquirer_name|item_1_01_transaction,8-K,0001104659-25-098998,https://www.sec.gov/Archives/edgar/data/1454789/000110465925098998/tm2528677d1_8k.htm
TRUE,0001327318,Truecar Inc,,ACQUISITION,2026-01-21,provisional_stockanalysis_action_date_not_first_announcement,https://stockanalysis.com/actions/acquisitions/,stockanalysis_company_page,-,Fair Holdings Inc,2026-01-21 12:00:00+00:00,provisional_stockanalysis_action_date_not_first_announcement,2025-10-15 08:57:26+00:00,sec_candidate,15.0,agreement\s+and\s+plan\s+of\s+merger|merger\s+agreement|definitive\s+agreement|acquisition\s+agreement|entered\s+into\s+.*(?:merger|acquisition)|acquirer_name|item_1_01_transaction,8-K,0001104659-25-099554,https://www.sec.gov/Archives/edgar/data/1327318/000110465925099554/tm2528639d2_8k.htm
FYBR,0000020520,Frontier Communications Parent Inc,,ACQUISITION,2026-01-20,provisional_stockanalysis_action_date_not_first_announcement,https://stockanalysis.com/actions/acquisitions/,stockanalysis_company_page,VZ,Verizon Communications Inc,2026-01-20 12:00:00+00:00,provisional_stockanalysis_action_date_not_first_announcement,2025-12-19 16:26:59+00:00,sec_candidate,9.0,agreement\s+and\s+plan\s+of\s+merger|merger\s+agreement|entered\s+into\s+.*(?:merger|acquisition)|acquirer_name,8-K,0001140361-25-046200,https://www.sec.gov/Archives/edgar/data/20520/000114036125046200/ef20061604_8k.htm
GIFI,0001031623,Gulf Island Fabrication Inc,,ACQUISITION,2026-01-16,provisional_stockanalysis_action_date_not_first_announcement,https://stockanalysis.com/actions/acquisitions/,stockanalysis_company_page,IESC,Ies Holdings Inc,2026-01-16 12:00:00+00:00,provisional_stockanalysis_action_date_not_first_announcement,2025-11-07 09:01:57+00:00,sec_candidate,4.0,agreement\s+and\s+plan\s+of\s+merger|merger\s+agreement,8-K,0001140361-25-040961,https://www.sec.gov/Archives/edgar/data/1031623/000114036125040961/ny20056788x1_8k.htm
DENN,0000852772,Denny's Corp,,ACQUISITION,2026-01-16,provisional_stockanalysis_action_date_not_first_announcement,https://stockanalysis.com/actions/acquisitions/,stockanalysis_company_page,-,Yadav Enterprises Inc,2026-01-16 12:00:00+00:00,provisional_stockanalysis_action_date_not_first_announcement,2025-11-04 06:05:19+00:00,sec_candidate,10.0,agreement\s+and\s+plan\s+of\s+merger|merger\s+agreement|definitive\s+agreement|entered\s+into\s+.*(?:merger|acquisition)|item_1_01_transaction,8-K,0001193125-25-263393,https://www.sec.gov/Archives/edgar/data/852772/000119312525263393/d17512d8k.htm
SMLR,0001554859,Semler Scientific Inc,,ACQUISITION,2026-01-15,provisional_stockanalysis_action_date_not_first_announcement,https://stockanalysis.com/actions/acquisitions/,stockanalysis_company_page,ASST,Strive Inc,2026-01-15 12:00:00+00:00,provisional_stockanalysis_action_date_not_first_announcement,2025-09-26 11:30:51+00:00,sec_candidate,11.0,merger\s+agreement|definitive\s+agreement|entered\s+into\s+.*(?:merger|acquisition)|acquirer_name|item_1_01_transaction,8-K,0001104659-25-093562,https://www.sec.gov/Archives/edgar/data/1554859/000110465925093562/tm2526607d8_8k.htm
HOUS,0001398987,Anywhere Real Estate Inc,,ACQUISITION,2026-01-08,provisional_stockanalysis_action_date_not_first_announcement,https://stockanalysis.com/actions/acquisitions/,stockanalysis_company_page,COMP,Compass Inc,2026-01-08 12:00:00+00:00,provisional_stockanalysis_action_date_not_first_announcement,2025-06-27 20:12:38+00:00,sec_candidate,8.0,definitive\s+agreement|change\s+of\s+control|entered\s+into\s+.*(?:merger|acquisition)|item_1_01_transaction,8-K,0001398987-25-000100,https://www.sec.gov/Archives/edgar/data/1398987/000139898725000100/hous-20250626.htm
CIO,0001593222,City Office Reit Inc,,ACQUISITION,2026-01-08,provisional_stockanalysis_action_date_not_first_announcement,https://stockanalysis.com/actions/acquisitions/,stockanalysis_company_page,-,Elliott Investment Management Lp,2026-01-08 12:00:00+00:00,provisional_stockanalysis_action_date_not_first_announcement,2025-07-24 06:09:06+00:00,sec_candidate,10.0,agreement\s+and\s+plan\s+of\s+merger|merger\s+agreement|definitive\s+agreement|entered\s+into\s+.*(?:merger|acquisition)|item_1_01_transaction,8-K,0001193125-25-163765,https://www.sec.gov/Archives/edgar/data/1593222/000119312525163765/d923147d8k.htm
CVAC,0001809122,Curevac Nv,,ACQUISITION,2026-01-06,provisional_stockanalysis_action_date_not_first_announcement,https://stockanalysis.com/actions/acquisitions/,stockanalysis_company_page,BNTX,Biontech Se,2026-01-06 12:00:00+00:00,provisional_stockanalysis_action_date_not_first_announcement,2025-08-08 16:05:30+00:00,sec_candidate,10.0,definitive\s+agreement|tender\s+offer|entered\s+into\s+.*(?:merger|acquisition)|acquirer_name|acquirer_symbol,425,0001193125-25-176985,https://www.sec.gov/Archives/edgar/data/1809122/000119312525176985/d864452d425.htm
CDTX,0001610618,Cidara Therapeutics Inc,,ACQUISITION,2026-01-06,provisional_stockanalysis_action_date_not_first_announcement,https://stockanalysis.com/actions/acquisitions/,stockanalysis_company_page,MRK,Merck & Co Inc,2026-01-06 12:00:00+00:00,provisional_stockanalysis_action_date_not_first_announcement,2025-11-14 08:16:47+00:00,sec_candidate,15.0,agreement\s+and\s+plan\s+of\s+merger|merger\s+agreement|definitive\s+agreement|tender\s+offer|entered\s+into\s+.*(?:merger|acquisition)|acquirer_name|item_1_01_transaction,8-K,0001193125-25-281676,https://www.sec.gov/Archives/edgar/data/1610618/000119312525281676/d59851d8k.htm
MRSN,0001442836,Mersana Therapeutics Inc,,ACQUISITION,2026-01-05,provisional_stockanalysis_action_date_not_first_announcement,https://stockanalysis.com/actions/acquisitions/,stockanalysis_company_page,DAWN,Day One Biopharmaceuticals Inc,2026-01-05 12:00:00+00:00,provisional_stockanalysis_action_date_not_first_announcement,2025-11-13 11:17:29+00:00,sec_candidate,15.0,agreement\s+and\s+plan\s+of\s+merger|merger\s+agreement|definitive\s+agreement|tender\s+offer|entered\s+into\s+.*(?:merger|acquisition)|acquirer_name|item_1_01_transaction,8-K,0001104659-25-110764,https://www.sec.gov/Archives/edgar/data/1442836/000110465925110764/tm2531148d1_8k.htm
PBBK,0001849670,Pb Bankshares Inc,,ACQUISITION,2026-01-02,provisional_stockanalysis_action_date_not_first_announcement,https://stockanalysis.com/actions/acquisitions/,stockanalysis_company_page,NWFL,Norwood Financial Corp,2026-01-02 12:00:00+00:00,provisional_stockanalysis_action_date_not_first_announcement,2025-07-07 17:17:20+00:00,sec_candidate,15.0,agreement\s+and\s+plan\s+of\s+merger|merger\s+agreement|definitive\s+agreement|acquisition\s+agreement|entered\s+into\s+.*(?:merger|acquisition)|acquirer_name|item_1_01_transaction,8-K,0001849670-25-000021,https://www.sec.gov/Archives/edgar/data/1849670/000184967025000021/pbbk-20250707x8k.htm
SNV,0000018349,Synovus Financial Corp,,ACQUISITION,2025-12-31,provisional_stockanalysis_action_date_not_first_announcement,https://stockanalysis.com/actions/acquisitions/,stockanalysis_company_page,PNFP,Pinnacle Financial Partners Inc,2025-12-31 12:00:00+00:00,provisional_stockanalysis_action_date_not_first_announcement,2025-08-27 21:33:48+00:00,sec_candidate,6.0,merger\s+agreement|acquirer_name|acquirer_symbol,8-K,0001140361-25-033024,https://www.sec.gov/Archives/edgar/data/18349/000114036125033024/ef20052605_8k.htm
BFIN,0001303942,Bankfinancial Corp,,ACQUISITION,2025-12-31,provisional_stockanalysis_action_date_not_first_announcement,https://stockanalysis.com/actions/acquisitions/,stockanalysis_company_page,FFBC,First Financial Bancorp,2025-12-31 12:00:00+00:00,provisional_stockanalysis_action_date_not_first_announcement,2025-08-11 20:16:08+00:00,sec_candidate,13.0,agreement\s+and\s+plan\s+of\s+merger|merger\s+agreement|definitive\s+agreement|entered\s+into\s+.*(?:merger|acquisition)|acquirer_name|item_1_01_transaction,8-K,0001437749-25-025934,https://www.sec.gov/Archives/edgar/data/1303942/000143774925025934/bfin20250810_8k.htm
WOW,0001701051,Wideopenwest Inc,,ACQUISITION,2025-12-30,provisional_stockanalysis_action_date_not_first_announcement,https://stockanalysis.com/actions/acquisitions/2025/,stockanalysis_company_page,-,Digitalbridge Investments LLC,2025-12-30 12:00:00+00:00,provisional_stockanalysis_action_date_not_first_announcement,2025-08-11 17:14:32+00:00,sec_candidate,9.0,agreement\s+and\s+plan\s+of\s+merger|definitive\s+agreement|entered\s+into\s+.*(?:merger|acquisition)|acquirer_name,8-K,0001104659-25-076233,https://www.sec.gov/Archives/edgar/data/1701051/000110465925076233/tm2523141d1_8k.htm
MRUS,0001651311,Merus Nv,,ACQUISITION,2025-12-29,provisional_stockanalysis_action_date_not_first_announcement,https://stockanalysis.com/actions/acquisitions/,stockanalysis_company_page,GMAB,Genmab A,2025-12-29 12:00:00+00:00,provisional_stockanalysis_action_date_not_first_announcement,2025-09-29 08:30:16+00:00,sec_candidate,13.0,definitive\s+agreement|tender\s+offer|acquisition\s+agreement|entered\s+into\s+.*(?:merger|acquisition)|acquirer_name|item_1_01_transaction,8-K,0001193125-25-221801,https://www.sec.gov/Archives/edgar/data/1651311/000119312525221801/d94293d8k.htm
IAS,0001842718,Integral Ad Science Holding Corp,,ACQUISITION,2025-12-23,provisional_stockanalysis_action_date_not_first_announcement,https://stockanalysis.com/actions/acquisitions/,stockanalysis_company_page,-,Novacap,2025-12-23 12:00:00+00:00,provisional_stockanalysis_action_date_not_first_announcement,2025-09-24 08:14:05+00:00,sec_candidate,9.0,agreement\s+and\s+plan\s+of\s+merger|merger\s+agreement|entered\s+into\s+.*(?:merger|acquisition)|acquirer_name,8-K,0001193125-25-214050,https://www.sec.gov/Archives/edgar/data/1842718/000119312525214050/d938971d8k.htm
ZK,0001954042,Zeekr Intelligent Technology Holding Ltd.,,ACQUISITION,2025-12-19,provisional_stockanalysis_action_date_not_first_announcement,https://stockanalysis.com/actions/acquisitions/2025/,stockanalysis_company_page,GELYY,Geely Automobile Holdings Limited,2025-12-19 12:00:00+00:00,provisional_stockanalysis_action_date_not_first_announcement,,no_candidate_filings,,,,,
PGRE,0001605607,Paramount Group Inc,,ACQUISITION,2025-12-18,provisional_stockanalysis_action_date_not_first_announcement,https://stockanalysis.com/actions/acquisitions/2025/,stockanalysis_company_page,RITM,Rithm Capital Corp,2025-12-18 12:00:00+00:00,provisional_stockanalysis_action_date_not_first_announcement,2025-09-17 08:59:33+00:00,sec_candidate,15.0,agreement\s+and\s+plan\s+of\s+merger|merger\s+agreement|definitive\s+agreement|acquisition\s+agreement|entered\s+into\s+.*(?:merger|acquisition)|acquirer_name|item_1_01_transaction,8-K,0001193125-25-205552,https://www.sec.gov/Archives/edgar/data/1605607/000119312525205552/d36835d8k.htm
BRY,0001705873,Berry Corp (bry),,ACQUISITION,2025-12-17,provisional_stockanalysis_action_date_not_first_announcement,https://stockanalysis.com/actions/acquisitions/2025/,stockanalysis_company_page,CRC,California Resources Corp,2025-12-17 12:00:00+00:00,provisional_stockanalysis_action_date_not_first_announcement,2025-09-15 08:08:49+00:00,sec_candidate,10.0,agreement\s+and\s+plan\s+of\s+merger|merger\s+agreement|entered\s+into\s+.*(?:merger|acquisition)|acquirer_name|acquirer_symbol,8-K,0001193125-25-202840,https://www.sec.gov/Archives/edgar/data/1705873/000119312525202840/d99492d8k.htm
SPNS,0000885740,Sapiens International Corp N V,,ACQUISITION,2025-12-16,provisional_stockanalysis_action_date_not_first_announcement,https://stockanalysis.com/actions/acquisitions/2025/,stockanalysis_company_page,-,Advent International LLC,2025-12-16 12:00:00+00:00,provisional_stockanalysis_action_date_not_first_announcement,,no_candidate_filings,,,,,
EVOK,0001403708,Evoke Pharma Inc,,ACQUISITION,2025-12-16,provisional_stockanalysis_action_date_not_first_announcement,https://stockanalysis.com/actions/acquisitions/2025/,stockanalysis_company_page,-,Qol Medical LLC,2025-12-16 12:00:00+00:00,provisional_stockanalysis_action_date_not_first_announcement,2025-11-04 07:12:25+00:00,sec_candidate,17.0,agreement\s+and\s+plan\s+of\s+merger|merger\s+agreement|definitive\s+agreement|tender\s+offer|change\s+of\s+control|entered\s+into\s+.*(?:merger|acquisition)|acquirer_name|item_1_01_transaction,8-K,0001193125-25-263544,https://www.sec.gov/Archives/edgar/data/1403708/000119312525263544/d48107d8k.htm
BEDU,0001696355,Bright Scholar Education Holdings Ltd.,,ACQUISITION,2025-12-15,provisional_stockanalysis_action_date_not_first_announcement,https://stockanalysis.com/actions/acquisitions/2025/,stockanalysis_company_page,-,Excellence Education Investment Ltd.,2025-12-15 12:00:00+00:00,provisional_stockanalysis_action_date_not_first_announcement,,no_candidate_filings,,,,,
ALE,0000066756,Allete Inc,,ACQUISITION,2025-12-12,provisional_stockanalysis_action_date_not_first_announcement,https://stockanalysis.com/actions/acquisitions/2025/,stockanalysis_company_page,-,Global Infrastructure Partners,2025-12-12 12:00:00+00:00,provisional_stockanalysis_action_date_not_first_announcement,2024-12-19 17:13:46+00:00,sec_candidate,6.0,agreement\s+and\s+plan\s+of\s+merger|merger\s+agreement|entered\s+into\s+.*(?:merger|acquisition),8-K,0000066756-24-000097,https://www.sec.gov/Archives/edgar/data/66756/000006675624000097/ale-20241219.htm
SOL,0001417892,Emeren Group Ltd.,,ACQUISITION,2025-12-12,provisional_stockanalysis_action_date_not_first_announcement,https://stockanalysis.com/actions/acquisitions/,stockanalysis_company_page,-,Shurya Vitra Ltd.,2025-12-12 12:00:00+00:00,provisional_stockanalysis_action_date_not_first_announcement,2025-06-20 10:30:39+00:00,sec_candidate,13.0,agreement\s+and\s+plan\s+of\s+merger|merger\s+agreement|definitive\s+agreement|entered\s+into\s+.*(?:merger|acquisition)|acquirer_name|item_1_01_transaction,8-K,0001104659-25-060851,https://www.sec.gov/Archives/edgar/data/1417892/000110465925060851/tm2517472d2_8k.htm
VTLE,0001528129,Vital Energy Inc,,ACQUISITION,2025-12-12,provisional_stockanalysis_action_date_not_first_announcement,https://stockanalysis.com/actions/acquisitions/,stockanalysis_company_page,CRGY,Crescent Energy Co.,2025-12-12 12:00:00+00:00,provisional_stockanalysis_action_date_not_first_announcement,2025-08-25 07:39:29+00:00,sec_candidate,10.0,agreement\s+and\s+plan\s+of\s+merger|merger\s+agreement|entered\s+into\s+.*(?:merger|acquisition)|acquirer_name|acquirer_symbol,8-K,0001193125-25-187000,https://www.sec.gov/Archives/edgar/data/1528129/000119312525187000/d23518d8k.htm
ODP,0000800240,Odp Corp,,ACQUISITION,2025-12-11,provisional_stockanalysis_action_date_not_first_announcement,https://stockanalysis.com/actions/acquisitions/,stockanalysis_company_page,-,Atlas Holdings,2025-12-11 12:00:00+00:00,provisional_stockanalysis_action_date_not_first_announcement,2025-09-22 07:13:23+00:00,sec_candidate,4.0,agreement\s+and\s+plan\s+of\s+merger|merger\s+agreement,8-K,0001193125-25-209987,https://www.sec.gov/Archives/edgar/data/800240/000119312525209987/d919102d8k.htm
K,0000055067,Kellanova,,ACQUISITION,2025-12-11,provisional_stockanalysis_action_date_not_first_announcement,https://stockanalysis.com/actions/acquisitions/2025/,stockanalysis_company_page,-,Mars Inc,2025-12-11 12:00:00+00:00,provisional_stockanalysis_action_date_not_first_announcement,2025-03-12 17:16:16+00:00,sec_candidate,13.0,agreement\s+and\s+plan\s+of\s+merger|merger\s+agreement|definitive\s+agreement|entered\s+into\s+.*(?:merger|acquisition)|acquirer_name|item_1_01_transaction,8-K,0001193125-25-053048,https://www.sec.gov/Archives/edgar/data/55067/000119312525053048/d914885d8k.htm
SCS,0001050825,Steelcase Inc,,ACQUISITION,2025-12-09,provisional_stockanalysis_action_date_not_first_announcement,https://stockanalysis.com/actions/acquisitions/,stockanalysis_company_page,HNI,Hni Corp,2025-12-09 12:00:00+00:00,provisional_stockanalysis_action_date_not_first_announcement,2025-08-04 09:14:05+00:00,sec_candidate,11.0,agreement\s+and\s+plan\s+of\s+merger|merger\s+agreement|definitive\s+agreement|entered\s+into\s+.*(?:merger|acquisition)|acquirer_symbol|item_1_01_transaction,8-K,0001193125-25-172239,https://www.sec.gov/Archives/edgar/data/1050825/000119312525172239/d904356d8k.htm
ADVM,0001501756,Adverum Biotechnologies Inc,,ACQUISITION,2025-12-09,provisional_stockanalysis_action_date_not_first_announcement,https://stockanalysis.com/actions/acquisitions/,stockanalysis_company_page,LLY,Eli Lilly & Co.,2025-12-09 12:00:00+00:00,provisional_stockanalysis_action_date_not_first_announcement,2025-10-24 09:19:59+00:00,sec_candidate,17.0,agreement\s+and\s+plan\s+of\s+merger|merger\s+agreement|definitive\s+agreement|tender\s+offer|change\s+of\s+control|entered\s+into\s+.*(?:merger|acquisition)|acquirer_name|item_1_01_transaction,8-K,0001193125-25-249438,https://www.sec.gov/Archives/edgar/data/1501756/000119312525249438/d70157d8k.htm
HSII,0001066605,Heidrick & Struggles International Inc,,ACQUISITION,2025-12-09,provisional_stockanalysis_action_date_not_first_announcement,https://stockanalysis.com/actions/acquisitions/,stockanalysis_company_page,-,Advent International LLC,2025-12-09 12:00:00+00:00,provisional_stockanalysis_action_date_not_first_announcement,2025-03-18 16:33:23+00:00,sec_candidate,6.0,definitive\s+agreement|entered\s+into\s+.*(?:merger|acquisition)|item_1_01_transaction,8-K,0001193125-25-056700,https://www.sec.gov/Archives/edgar/data/1066605/000119312525056700/d897549d8k.htm
AKRO,0001744659,Akero Therapeutics Inc,,ACQUISITION,2025-12-09,provisional_stockanalysis_action_date_not_first_announcement,https://stockanalysis.com/actions/acquisitions/,stockanalysis_company_page,NVO,Novo Nordisk A S,2025-12-09 12:00:00+00:00,provisional_stockanalysis_action_date_not_first_announcement,2025-10-09 16:31:49+00:00,sec_candidate,13.0,agreement\s+and\s+plan\s+of\s+merger|merger\s+agreement|definitive\s+agreement|entered\s+into\s+.*(?:merger|acquisition)|acquirer_name|item_1_01_transaction,8-K,0001193125-25-235919,https://www.sec.gov/Archives/edgar/data/1744659/000119312525235919/d42650d8k.htm
PRO,0001392972,Pros Holdings Inc,,ACQUISITION,2025-12-08,provisional_stockanalysis_action_date_not_first_announcement,https://stockanalysis.com/actions/acquisitions/,stockanalysis_company_page,-,Thoma Bravo Ugp LLC,2025-12-08 12:00:00+00:00,provisional_stockanalysis_action_date_not_first_announcement,2025-06-25 08:06:43+00:00,sec_candidate,4.0,definitive\s+agreement|item_1_01_transaction,8-K,0001392972-25-000122,https://www.sec.gov/Archives/edgar/data/1392972/000139297225000122/pro-20250623.htm
SPR,0001364885,Spirit Aerosystems Holdings Inc,,ACQUISITION,2025-12-05,provisional_stockanalysis_action_date_not_first_announcement,https://stockanalysis.com/actions/acquisitions/2025/,stockanalysis_company_page,BA,Boeing Co.,2025-12-05 12:00:00+00:00,provisional_stockanalysis_action_date_not_first_announcement,2025-05-12 16:11:08+00:00,sec_candidate,9.0,agreement\s+and\s+plan\s+of\s+merger|merger\s+agreement|entered\s+into\s+.*(?:merger|acquisition)|acquirer_name,8-K,0001104659-25-047306,https://www.sec.gov/Archives/edgar/data/1364885/000110465925047306/tm2514598d1_8k.htm
MURA,0001971543,Mural Oncology PLC,,ACQUISITION,2025-12-04,provisional_stockanalysis_action_date_not_first_announcement,https://stockanalysis.com/actions/acquisitions/2025/,stockanalysis_company_page,XOMA,Xoma Royalty Corp,2025-12-04 12:00:00+00:00,provisional_stockanalysis_action_date_not_first_announcement,2025-08-20 08:50:42+00:00,sec_candidate,12.0,definitive\s+agreement|tender\s+offer|entered\s+into\s+.*(?:merger|acquisition)|acquirer_name|acquirer_symbol|item_1_01_transaction,8-K,0001193125-25-183796,https://www.sec.gov/Archives/edgar/data/1971543/000119312525183796/d947368d8k.htm
HBI,0001359841,Hanesbrands Inc,,ACQUISITION,2025-11-28,provisional_stockanalysis_action_date_not_first_announcement,https://stockanalysis.com/actions/acquisitions/2025/,stockanalysis_company_page,GIL,Gildan Activewear Inc,2025-11-28 12:00:00+00:00,provisional_stockanalysis_action_date_not_first_announcement,2025-08-13 07:00:44+00:00,sec_candidate,7.0,definitive\s+agreement|entered\s+into\s+.*(?:merger|acquisition)|acquirer_name,8-K,0001193125-25-179411,https://www.sec.gov/Archives/edgar/data/1359841/000119312525179411/d893770d8k.htm
GHLD,0001821160,Guild Holdings Co.,,ACQUISITION,2025-11-26,provisional_stockanalysis_action_date_not_first_announcement,https://stockanalysis.com/actions/acquisitions/,stockanalysis_company_page,-,Bayview Asset Management LLC,2025-11-26 12:00:00+00:00,provisional_stockanalysis_action_date_not_first_announcement,2025-06-18 08:32:56+00:00,sec_candidate,6.0,agreement\s+and\s+plan\s+of\s+merger|merger\s+agreement|entered\s+into\s+.*(?:merger|acquisition),8-K,0001104659-25-060481,https://www.sec.gov/Archives/edgar/data/1821160/000110465925060481/tm2518248d1_8k.htm
IPG,0000051644,Interpublic Group Of Companies Inc,,ACQUISITION,2025-11-26,provisional_stockanalysis_action_date_not_first_announcement,https://stockanalysis.com/actions/acquisitions/2025/,stockanalysis_company_page,OMC,Omnicom Group Inc,2025-11-26 12:00:00+00:00,provisional_stockanalysis_action_date_not_first_announcement,2025-06-23 20:22:37+00:00,sec_candidate,3.0,acquirer_name,8-K,0001193125-25-144861,https://www.sec.gov/Archives/edgar/data/51644/000119312525144861/d830943d8k.htm
VRNT,0001166388,Verint Systems Inc,,ACQUISITION,2025-11-26,provisional_stockanalysis_action_date_not_first_announcement,https://stockanalysis.com/actions/acquisitions/,stockanalysis_company_page,-,Calabrio Inc,2025-11-26 12:00:00+00:00,provisional_stockanalysis_action_date_not_first_announcement,2025-08-25 17:18:02+00:00,sec_candidate,15.0,agreement\s+and\s+plan\s+of\s+merger|merger\s+agreement|definitive\s+agreement|will\s+be\s+acquired|entered\s+into\s+.*(?:merger|acquisition)|acquirer_name|item_1_01_transaction,8-K,0001193125-25-187836,https://www.sec.gov/Archives/edgar/data/1166388/000119312525187836/d20307d8k.htm
PINC,0001577916,Premier Inc,,ACQUISITION,2025-11-24,provisional_stockanalysis_action_date_not_first_announcement,https://stockanalysis.com/actions/acquisitions/2025/,stockanalysis_company_page,-,Patient Square Capital LLC,2025-11-24 12:00:00+00:00,provisional_stockanalysis_action_date_not_first_announcement,2025-09-22 09:20:28+00:00,sec_candidate,10.0,agreement\s+and\s+plan\s+of\s+merger|merger\s+agreement|definitive\s+agreement|entered\s+into\s+.*(?:merger|acquisition)|item_1_01_transaction,8-K,0001193125-25-210204,https://www.sec.gov/Archives/edgar/data/1577916/000119312525210204/d948966d8k.htm
VMEO,0001837686,Vimeo Inc,,ACQUISITION,2025-11-21,provisional_stockanalysis_action_date_not_first_announcement,https://stockanalysis.com/actions/acquisitions/,stockanalysis_company_page,BSP,Bending Spoons SpA,2025-11-21 12:00:00+00:00,provisional_stockanalysis_action_date_not_first_announcement,2025-09-10 09:22:11+00:00,sec_candidate,10.0,agreement\s+and\s+plan\s+of\s+merger|merger\s+agreement|definitive\s+agreement|entered\s+into\s+.*(?:merger|acquisition)|item_1_01_transaction,8-K,0001104659-25-088898,https://www.sec.gov/Archives/edgar/data/1837686/000110465925088898/tm2525763d1_8k.htm
LVTX,0001840748,Lava Therapeutics Nv,,ACQUISITION,2025-11-21,provisional_stockanalysis_action_date_not_first_announcement,https://stockanalysis.com/actions/acquisitions/,stockanalysis_company_page,XOMA,Xoma Royalty Corp,2025-11-21 12:00:00+00:00,provisional_stockanalysis_action_date_not_first_announcement,2025-08-04 11:42:02+00:00,sec_candidate,12.0,definitive\s+agreement|tender\s+offer|entered\s+into\s+.*(?:merger|acquisition)|acquirer_name|acquirer_symbol|item_1_01_transaction,8-K,0001104659-25-073374,https://www.sec.gov/Archives/edgar/data/1840748/000110465925073374/tm2522230d1_8k.htm
OCFT,0001780531,Oneconnect Financial Technology Co Ltd.,,ACQUISITION,2025-11-20,provisional_stockanalysis_action_date_not_first_announcement,https://stockanalysis.com/actions/acquisitions/,stockanalysis_company_page,-,Bo Yu Ltd.,2025-11-20 12:00:00+00:00,provisional_stockanalysis_action_date_not_first_announcement,,no_candidate_filings,,,,,
SRDX,0000924717,Surmodics Inc,,ACQUISITION,2025-11-18,provisional_stockanalysis_action_date_not_first_announcement,https://stockanalysis.com/actions/acquisitions/,stockanalysis_company_page,-,Gtcr LLC,2025-11-18 12:00:00+00:00,provisional_stockanalysis_action_date_not_first_announcement,2025-03-06 21:15:49+00:00,sec_candidate,7.0,merger\s+agreement|entered\s+into\s+.*(?:merger|acquisition)|acquirer_name,8-K,0001193125-25-048719,https://www.sec.gov/Archives/edgar/data/924717/000119312525048719/d940382d8k.htm
INFA,0001868778,Informatica Inc,,ACQUISITION,2025-11-18,provisional_stockanalysis_action_date_not_first_announcement,https://stockanalysis.com/actions/acquisitions/,stockanalysis_company_page,CRM,Salesforce Inc,2025-11-18 12:00:00+00:00,provisional_stockanalysis_action_date_not_first_announcement,2025-05-27 08:12:54+00:00,sec_candidate,11.0,agreement\s+and\s+plan\s+of\s+merger|merger\s+agreement|definitive\s+agreement|entered\s+into\s+.*(?:merger|acquisition)|acquirer_name,8-K,0001193125-25-126272,https://www.sec.gov/Archives/edgar/data/1868778/000119312525126272/d104080d8k.htm
PVBC,0001635840,Provident Bancorp Inc,,ACQUISITION,2025-11-14,provisional_stockanalysis_action_date_not_first_announcement,https://stockanalysis.com/actions/acquisitions/,stockanalysis_company_page,NBBK,Nb Bancorp Inc,2025-11-14 12:00:00+00:00,provisional_stockanalysis_action_date_not_first_announcement,,no_candidate_filings_in_window,,,,,
MTSR,0002040807,Metsera Inc,,ACQUISITION,2025-11-14,provisional_stockanalysis_action_date_not_first_announcement,https://stockanalysis.com/actions/acquisitions/2025/,stockanalysis_company_page,PFE,Pfizer Inc,2025-11-14 12:00:00+00:00,provisional_stockanalysis_action_date_not_first_announcement,2025-09-22 07:41:54+00:00,sec_candidate,13.0,agreement\s+and\s+plan\s+of\s+merger|merger\s+agreement|definitive\s+agreement|entered\s+into\s+.*(?:merger|acquisition)|acquirer_name|item_1_01_transaction,8-K,0001193125-25-210030,https://www.sec.gov/Archives/edgar/data/2040807/000119312525210030/d921605d8k.htm
EMX,0001285786,Emx Royalty Corp,,ACQUISITION,2025-11-14,provisional_stockanalysis_action_date_not_first_announcement,https://stockanalysis.com/actions/acquisitions/2025/,stockanalysis_company_page,ELE,Elemental Royalty Corp,2025-11-14 12:00:00+00:00,provisional_stockanalysis_action_date_not_first_announcement,,no_candidate_filings_in_window,,,,,
MRC,0001439095,Mrc Global Inc,,ACQUISITION,2025-11-05,provisional_stockanalysis_action_date_not_first_announcement,https://stockanalysis.com/actions/acquisitions/2025/,stockanalysis_company_page,DNOW,Dnow Inc,2025-11-05 12:00:00+00:00,provisional_stockanalysis_action_date_not_first_announcement,2025-06-26 17:28:08+00:00,sec_candidate,14.0,agreement\s+and\s+plan\s+of\s+merger|merger\s+agreement|definitive\s+agreement|entered\s+into\s+.*(?:merger|acquisition)|acquirer_name|acquirer_symbol|item_1_01_transaction,8-K,0001193125-25-149152,https://www.sec.gov/Archives/edgar/data/1439095/000119312525149152/d75113d8k.htm
CFSB,0001879103,Cfsb Bancorp Inc,,ACQUISITION,2025-11-03,provisional_stockanalysis_action_date_not_first_announcement,https://stockanalysis.com/actions/acquisitions/,stockanalysis_company_page,-,Hometown Financial Group Inc,2025-11-03 12:00:00+00:00,provisional_stockanalysis_action_date_not_first_announcement,2025-05-21 06:30:16+00:00,sec_candidate,13.0,agreement\s+and\s+plan\s+of\s+merger|merger\s+agreement|definitive\s+agreement|entered\s+into\s+.*(?:merger|acquisition)|acquirer_name|item_1_01_transaction,8-K,0001193125-25-123609,https://www.sec.gov/Archives/edgar/data/1879103/000119312525123609/d944161d8k.htm
TIXT,0001825155,Telus International (cda) Inc,,ACQUISITION,2025-10-31,provisional_stockanalysis_action_date_not_first_announcement,https://stockanalysis.com/actions/acquisitions/2025/,stockanalysis_company_page,TU,Telus Corp,2025-10-31 12:00:00+00:00,provisional_stockanalysis_action_date_not_first_announcement,,no_candidate_filings,,,,,
HONE,0001769617,Harborone Bancorp Inc,,ACQUISITION,2025-10-31,provisional_stockanalysis_action_date_not_first_announcement,https://stockanalysis.com/actions/acquisitions/2025/,stockanalysis_company_page,EBC,Eastern Bankshares Inc,2025-10-31 12:00:00+00:00,provisional_stockanalysis_action_date_not_first_announcement,2025-08-06 17:12:42+00:00,sec_candidate,9.0,agreement\s+and\s+plan\s+of\s+merger|merger\s+agreement|entered\s+into\s+.*(?:merger|acquisition)|acquirer_name,8-K,0001558370-25-010562,https://www.sec.gov/Archives/edgar/data/1769617/000155837025010562/hone-20250806x8k.htm
CCRD,0000320340,Corecard Corp,,ACQUISITION,2025-10-30,provisional_stockanalysis_action_date_not_first_announcement,https://stockanalysis.com/actions/acquisitions/2025/,stockanalysis_company_page,EEFT,Euronet Worldwide Inc,2025-10-30 12:00:00+00:00,provisional_stockanalysis_action_date_not_first_announcement,2025-07-30 17:47:38+00:00,sec_candidate,14.0,agreement\s+and\s+plan\s+of\s+merger|merger\s+agreement|definitive\s+agreement|entered\s+into\s+.*(?:merger|acquisition)|acquirer_name|acquirer_symbol|item_1_01_transaction,8-K,0001437749-25-024000,https://www.sec.gov/Archives/edgar/data/320340/000143774925024000/ins20250730_8k.htm
ETNB,0001785173,89bio Inc,,ACQUISITION,2025-10-30,provisional_stockanalysis_action_date_not_first_announcement,https://stockanalysis.com/actions/acquisitions/,stockanalysis_company_page,RHHBY,Roche Holding Ltd.,2025-10-30 12:00:00+00:00,provisional_stockanalysis_action_date_not_first_announcement,2025-09-18 06:08:11+00:00,sec_candidate,17.0,agreement\s+and\s+plan\s+of\s+merger|merger\s+agreement|definitive\s+agreement|tender\s+offer|acquisition\s+agreement|entered\s+into\s+.*(?:merger|acquisition)|acquirer_name|item_1_01_transaction,8-K,0001193125-25-206747,https://www.sec.gov/Archives/edgar/data/1785173/000119312525206747/d143212d8k.htm
TRML,0001827506,Tourmaline Bio Inc,,ACQUISITION,2025-10-28,provisional_stockanalysis_action_date_not_first_announcement,https://stockanalysis.com/actions/acquisitions/2025/,stockanalysis_company_page,NVS,Novartis Ag,2025-10-28 12:00:00+00:00,provisional_stockanalysis_action_date_not_first_announcement,2025-09-09 06:09:59+00:00,sec_candidate,15.0,agreement\s+and\s+plan\s+of\s+merger|merger\s+agreement|definitive\s+agreement|tender\s+offer|entered\s+into\s+.*(?:merger|acquisition)|acquirer_name|item_1_01_transaction,8-K,0001193125-25-198747,https://www.sec.gov/Archives/edgar/data/1827506/000119312525198747/d80074d8k.htm
MLNK,0001834494,Meridianlink Inc,,ACQUISITION,2025-10-23,provisional_stockanalysis_action_date_not_first_announcement,https://stockanalysis.com/actions/acquisitions/,stockanalysis_company_page,-,Centerbridge Partners Lp,2025-10-23 12:00:00+00:00,provisional_stockanalysis_action_date_not_first_announcement,2025-08-11 08:54:30+00:00,sec_candidate,10.0,agreement\s+and\s+plan\s+of\s+merger|merger\s+agreement|definitive\s+agreement|entered\s+into\s+.*(?:merger|acquisition)|item_1_01_transaction,8-K,0001193125-25-177535,https://www.sec.gov/Archives/edgar/data/1834494/000119312525177535/d949966d8k.htm
PBPB,0001195734,Potbelly Corp,,ACQUISITION,2025-10-22,provisional_stockanalysis_action_date_not_first_announcement,https://stockanalysis.com/actions/acquisitions/,stockanalysis_company_page,-,Racetrac Inc,2025-10-22 12:00:00+00:00,provisional_stockanalysis_action_date_not_first_announcement,2025-09-10 08:07:27+00:00,sec_candidate,15.0,agreement\s+and\s+plan\s+of\s+merger|merger\s+agreement|definitive\s+agreement|tender\s+offer|entered\s+into\s+.*(?:merger|acquisition)|acquirer_name|item_1_01_transaction,8-K,0001193125-25-199704,https://www.sec.gov/Archives/edgar/data/1195734/000119312525199704/d91739d8k.htm
PHLT,0001550695,Performant Healthcare Inc,,ACQUISITION,2025-10-21,provisional_stockanalysis_action_date_not_first_announcement,https://stockanalysis.com/actions/acquisitions/2025/,stockanalysis_company_page,-,Machinify,2025-10-21 12:00:00+00:00,provisional_stockanalysis_action_date_not_first_announcement,2025-08-01 08:56:58+00:00,sec_candidate,13.0,agreement\s+and\s+plan\s+of\s+merger|merger\s+agreement|definitive\s+agreement|entered\s+into\s+.*(?:merger|acquisition)|acquirer_name|item_1_01_transaction,8-K,0001550695-25-000061,https://www.sec.gov/Archives/edgar/data/1550695/000155069525000061/pfmt-20250801.htm
SAND,0001434614,Sandstorm Gold Ltd.,,ACQUISITION,2025-10-17,provisional_stockanalysis_action_date_not_first_announcement,https://stockanalysis.com/actions/acquisitions/2025/,stockanalysis_company_page,RGLD,Royal Gold Inc,2025-10-17 12:00:00+00:00,provisional_stockanalysis_action_date_not_first_announcement,,no_candidate_filings,,,,,
ZIMV,0001876588,Zimvie Inc,,ACQUISITION,2025-10-17,provisional_stockanalysis_action_date_not_first_announcement,https://stockanalysis.com/actions/acquisitions/,stockanalysis_company_page,-,Archimed,2025-10-17 12:00:00+00:00,provisional_stockanalysis_action_date_not_first_announcement,2025-07-21 08:09:04+00:00,sec_candidate,12.0,agreement\s+and\s+plan\s+of\s+merger|merger\s+agreement|definitive\s+agreement|acquisition\s+agreement|entered\s+into\s+.*(?:merger|acquisition)|item_1_01_transaction,8-K,0001193125-25-161550,https://www.sec.gov/Archives/edgar/data/1876588/000119312525161550/d943059d8k.htm
VBTX,0001501570,Veritex Holdings Inc,,ACQUISITION,2025-10-17,provisional_stockanalysis_action_date_not_first_announcement,https://stockanalysis.com/actions/acquisitions/,stockanalysis_company_page,HBAN,Huntington Bancshares Inc,2025-10-17 12:00:00+00:00,provisional_stockanalysis_action_date_not_first_announcement,2025-07-14 08:01:01+00:00,sec_candidate,7.0,agreement\s+and\s+plan\s+of\s+merger|merger\s+agreement|acquirer_name,8-K,0001104659-25-067599,https://www.sec.gov/Archives/edgar/data/1501570/000110465925067599/tm2520227d1_8k.htm
WNS,0001356570,Wns (holdings) Ltd.,,ACQUISITION,2025-10-16,provisional_stockanalysis_action_date_not_first_announcement,https://stockanalysis.com/actions/acquisitions/,stockanalysis_company_page,CGEMY,Cap Gemini SA,2025-10-16 12:00:00+00:00,provisional_stockanalysis_action_date_not_first_announcement,2025-07-07 08:09:09+00:00,sec_candidate,6.0,definitive\s+agreement|entered\s+into\s+.*(?:merger|acquisition)|item_1_01_transaction,8-K,0001193125-25-155862,https://www.sec.gov/Archives/edgar/data/1356570/000119312525155862/d98718d8k.htm
AVDX,0001858257,Avidxchange Holdings Inc,,ACQUISITION,2025-10-14,provisional_stockanalysis_action_date_not_first_announcement,https://stockanalysis.com/actions/acquisitions/,stockanalysis_company_page,-,Tpg Capital Lp,2025-10-14 12:00:00+00:00,provisional_stockanalysis_action_date_not_first_announcement,2025-05-06 21:18:36+00:00,sec_candidate,6.0,agreement\s+and\s+plan\s+of\s+merger|merger\s+agreement|entered\s+into\s+.*(?:merger|acquisition),8-K,0001193125-25-113913,https://www.sec.gov/Archives/edgar/data/1858257/000119312525113913/d920050d8k.htm
ARIS,0001964504,Aris Water Solutions Inc,NYSE,ACQUISITION,2025-10-14,provisional_stockanalysis_action_date_not_first_announcement,https://stockanalysis.com/actions/acquisitions/,sec_company_tickers_exchange,WES,Western Midstream Partners Lp,2025-10-14 12:00:00+00:00,provisional_stockanalysis_action_date_not_first_announcement,,no_candidate_filings,,,,,
MTAL,0002107724,Mac Copper Ltd.,NYSE,ACQUISITION,2025-10-10,provisional_stockanalysis_action_date_not_first_announcement,https://stockanalysis.com/actions/acquisitions/,sec_company_tickers_exchange,HMY,Harmony Gold Mining Co Ltd.,2025-10-10 12:00:00+00:00,provisional_stockanalysis_action_date_not_first_announcement,,no_candidate_filings_in_window,,,,,
EPIX,0001633932,Essa Pharma Inc,,ACQUISITION,2025-10-08,provisional_stockanalysis_action_date_not_first_announcement,https://stockanalysis.com/actions/acquisitions/,stockanalysis_company_page,-,Xenotherapeutics Corp,2025-10-08 12:00:00+00:00,provisional_stockanalysis_action_date_not_first_announcement,2025-07-31 17:11:29+00:00,sec_candidate,5.0,business\s+combination\s+agreement|acquirer_name,8-K,0001104659-25-072771,https://www.sec.gov/Archives/edgar/data/1633932/000110465925072771/tm2522137d1_8k.htm
VRNA,0001657312,Verona Pharma PLC,,ACQUISITION,2025-10-07,provisional_stockanalysis_action_date_not_first_announcement,https://stockanalysis.com/actions/acquisitions/,stockanalysis_company_page,MRK,Merck & Co Inc,2025-10-07 12:00:00+00:00,provisional_stockanalysis_action_date_not_first_announcement,2025-07-09 07:44:55+00:00,sec_candidate,11.0,definitive\s+agreement|will\s+be\s+acquired|entered\s+into\s+.*(?:merger|acquisition)|acquirer_name|item_1_01_transaction,8-K,0001104659-25-066588,https://www.sec.gov/Archives/edgar/data/1657312/000110465925066588/tm2520134d1_8k.htm
SCPH,0001604950,Scpharmaceuticals Inc,,ACQUISITION,2025-10-06,provisional_stockanalysis_action_date_not_first_announcement,https://stockanalysis.com/actions/acquisitions/,stockanalysis_company_page,MNKD,Mannkind Corp,2025-10-06 12:00:00+00:00,provisional_stockanalysis_action_date_not_first_announcement,2025-08-25 07:33:16+00:00,sec_candidate,17.0,agreement\s+and\s+plan\s+of\s+merger|merger\s+agreement|definitive\s+agreement|tender\s+offer|acquisition\s+agreement|entered\s+into\s+.*(?:merger|acquisition)|acquirer_name|item_1_01_transaction,8-K,0001193125-25-186993,https://www.sec.gov/Archives/edgar/data/1604950/000119312525186993/d20370d8k.htm
MGRM,0001769759,Monogram Technologies Inc,,ACQUISITION,2025-10-06,provisional_stockanalysis_action_date_not_first_announcement,https://stockanalysis.com/actions/acquisitions/,stockanalysis_company_page,ZBH,Zimmer Biomet Holdings Inc,2025-10-06 12:00:00+00:00,provisional_stockanalysis_action_date_not_first_announcement,2025-07-14 07:35:45+00:00,sec_candidate,13.0,agreement\s+and\s+plan\s+of\s+merger|merger\s+agreement|definitive\s+agreement|entered\s+into\s+.*(?:merger|acquisition)|acquirer_name|item_1_01_transaction,8-K,0001104659-25-067582,https://www.sec.gov/Archives/edgar/data/1769759/000110465925067582/tm2520751d1_8k.htm
COOP,0000933136,Mr Cooper Group Inc,,ACQUISITION,2025-10-02,provisional_stockanalysis_action_date_not_first_announcement,https://stockanalysis.com/actions/acquisitions/,stockanalysis_company_page,RKT,Rocket Companies Inc,2025-10-02 12:00:00+00:00,provisional_stockanalysis_action_date_not_first_announcement,2025-04-01 16:35:29+00:00,sec_candidate,15.0,agreement\s+and\s+plan\s+of\s+merger|merger\s+agreement|definitive\s+agreement|acquisition\s+agreement|entered\s+into\s+.*(?:merger|acquisition)|acquirer_name|item_1_01_transaction,8-K,0001193125-25-070493,https://www.sec.gov/Archives/edgar/data/933136/000119312525070493/d925043d8k.htm
TTNP,0000910267,Titan Pharmaceuticals Inc,,ACQUISITION,2025-10-01,provisional_stockanalysis_action_date_not_first_announcement,https://stockanalysis.com/actions/acquisitions/,stockanalysis_company_page,BTTC,Black Titan Corp,2025-10-01 12:00:00+00:00,provisional_stockanalysis_action_date_not_first_announcement,2025-06-03 17:25:13+00:00,sec_candidate,3.0,acquirer_name,8-K,0001829126-25-004194,https://www.sec.gov/Archives/edgar/data/910267/000182912625004194/titanpharma_8k.htm
NEUE,0001671284,Neuehealth Inc,,ACQUISITION,2025-10-01,provisional_stockanalysis_action_date_not_first_announcement,https://stockanalysis.com/actions/acquisitions/,stockanalysis_company_page,-,New Enterprise Associates,2025-10-01 12:00:00+00:00,provisional_stockanalysis_action_date_not_first_announcement,2024-12-23 22:23:23+00:00,sec_candidate,17.0,agreement\s+and\s+plan\s+of\s+merger|merger\s+agreement|definitive\s+agreement|change\s+of\s+control|acquisition\s+agreement|entered\s+into\s+.*(?:merger|acquisition)|acquirer_name|item_1_01_transaction,8-K,0001104659-24-131382,https://www.sec.gov/Archives/edgar/data/1671284/000110465924131382/tm2431820d1_8k.htm
BGFV,0001156388,Big 5 Sporting Goods Corp,,ACQUISITION,2025-10-01,provisional_stockanalysis_action_date_not_first_announcement,https://stockanalysis.com/actions/acquisitions/,stockanalysis_company_page,-,Worldwide Golf Group LLC,2025-10-01 12:00:00+00:00,provisional_stockanalysis_action_date_not_first_announcement,2025-06-30 08:47:58+00:00,sec_candidate,13.0,agreement\s+and\s+plan\s+of\s+merger|merger\s+agreement|definitive\s+agreement|entered\s+into\s+.*(?:merger|acquisition)|acquirer_name|item_1_01_transaction,8-K,0001193125-25-152058,https://www.sec.gov/Archives/edgar/data/1156388/000119312525152058/d71886d8k.htm
GNTY,0001058867,Guaranty Bancshares Inc,,ACQUISITION,2025-09-30,provisional_stockanalysis_action_date_not_first_announcement,https://stockanalysis.com/actions/acquisitions/,stockanalysis_company_page,GBCI,Glacier Bancorp Inc,2025-09-30 12:00:00+00:00,provisional_stockanalysis_action_date_not_first_announcement,2025-06-24 17:15:03+00:00,sec_candidate,8.0,merger\s+agreement|entered\s+into\s+.*(?:merger|acquisition)|acquirer_name|acquirer_symbol,8-K,0001193125-25-145812,https://www.sec.gov/Archives/edgar/data/1058867/000119312525145812/d71389d8k.htm
KLG,0001959348,Wk Kellogg Co.,,ACQUISITION,2025-09-25,provisional_stockanalysis_action_date_not_first_announcement,https://stockanalysis.com/actions/acquisitions/,stockanalysis_company_page,-,Ferrero Group,2025-09-25 12:00:00+00:00,provisional_stockanalysis_action_date_not_first_announcement,2025-07-10 09:01:23+00:00,sec_candidate,10.0,agreement\s+and\s+plan\s+of\s+merger|merger\s+agreement|definitive\s+agreement|entered\s+into\s+.*(?:merger|acquisition)|item_1_01_transaction,8-K,0001193125-25-157425,https://www.sec.gov/Archives/edgar/data/1959348/000119312525157425/d72421d8k.htm
THTX,0001512717,Theratechnologies Inc,,ACQUISITION,2025-09-25,provisional_stockanalysis_action_date_not_first_announcement,https://stockanalysis.com/actions/acquisitions/,stockanalysis_company_page,-,Future Pak LLC,2025-09-25 12:00:00+00:00,provisional_stockanalysis_action_date_not_first_announcement,,no_candidate_filings,,,,,
DALN,0001413898,Dallasnews Corp,,ACQUISITION,2025-09-24,provisional_stockanalysis_action_date_not_first_announcement,https://stockanalysis.com/actions/acquisitions/,stockanalysis_company_page,-,Hearst Communications Inc,2025-09-24 12:00:00+00:00,provisional_stockanalysis_action_date_not_first_announcement,2025-07-10 08:02:48+00:00,sec_candidate,15.0,agreement\s+and\s+plan\s+of\s+merger|merger\s+agreement|definitive\s+agreement|acquisition\s+agreement|entered\s+into\s+.*(?:merger|acquisition)|acquirer_name|item_1_01_transaction,8-K,0001193125-25-157392,https://www.sec.gov/Archives/edgar/data/1413898/000119312525157392/d92838d8k.htm
BRFS,0001122491,Brf SA,,ACQUISITION,2025-09-22,provisional_stockanalysis_action_date_not_first_announcement,https://stockanalysis.com/actions/acquisitions/,stockanalysis_company_page,MRRTY,Marfrig Global Foods SA,2025-09-22 12:00:00+00:00,provisional_stockanalysis_action_date_not_first_announcement,,no_candidate_filings,,,,,
SPTN,0000877422,Spartannash Co.,,ACQUISITION,2025-09-19,provisional_stockanalysis_action_date_not_first_announcement,https://stockanalysis.com/actions/acquisitions/,stockanalysis_company_page,-,C&s Wholesale Grocers Inc,2025-09-19 12:00:00+00:00,provisional_stockanalysis_action_date_not_first_announcement,2025-06-23 08:05:38+00:00,sec_candidate,9.0,agreement\s+and\s+plan\s+of\s+merger|merger\s+agreement|entered\s+into\s+.*(?:merger|acquisition)|acquirer_name,8-K,0001104659-25-061407,https://www.sec.gov/Archives/edgar/data/877422/000110465925061407/tm2518553d1_8k.htm
IBTX,0000764038,Independent Bank Group Inc,,ACQUISITION,2024-12-31,provisional_stockanalysis_action_date_not_first_announcement,https://stockanalysis.com/actions/acquisitions/2024/,stockanalysis_company_page,SSB,Southstate Bank Corp,2024-12-31 12:00:00+00:00,provisional_stockanalysis_action_date_not_first_announcement,2024-07-24 20:07:17+00:00,sec_candidate,3.0,merger\s+agreement|acquirer_symbol,8-K,0001558370-24-010040,https://www.sec.gov/Archives/edgar/data/764038/000155837024010040/ssb-20240724x8k.htm
MNTX,0001302028,Manitex International Inc,,ACQUISITION,2024-12-31,provisional_stockanalysis_action_date_not_first_announcement,https://stockanalysis.com/actions/acquisitions/2024/,stockanalysis_company_page,-,Tadano Ltd.,2024-12-31 12:00:00+00:00,provisional_stockanalysis_action_date_not_first_announcement,2024-06-18 08:11:02+00:00,sec_candidate,3.0,acquirer_name,8-K,0001193125-24-163068,https://www.sec.gov/Archives/edgar/data/1302028/000119312524163068/d854219d8k.htm
NAPA,0001835256,Duckhorn Portfolio Inc,,ACQUISITION,2024-12-23,provisional_stockanalysis_action_date_not_first_announcement,https://stockanalysis.com/actions/acquisitions/2024/,stockanalysis_company_page,-,Marlee Buyer Inc,2024-12-23 12:00:00+00:00,provisional_stockanalysis_action_date_not_first_announcement,2024-05-01 06:06:31+00:00,sec_candidate,6.0,agreement\s+and\s+plan\s+of\s+merger|merger\s+agreement|entered\s+into\s+.*(?:merger|acquisition),8-K,0001193125-24-126168,https://www.sec.gov/Archives/edgar/data/1835256/000119312524126168/d552807d8k.htm
AGR,0001634997,Avangrid Inc,,ACQUISITION,2024-12-20,provisional_stockanalysis_action_date_not_first_announcement,https://stockanalysis.com/actions/acquisitions/2024/,stockanalysis_company_page,IBDRY,Iberdrola SA,2024-12-20 12:00:00+00:00,provisional_stockanalysis_action_date_not_first_announcement,2024-09-05 17:12:52+00:00,sec_candidate,6.0,agreement\s+and\s+plan\s+of\s+merger|merger\s+agreement|entered\s+into\s+.*(?:merger|acquisition),8-K,0001193125-24-214308,https://www.sec.gov/Archives/edgar/data/1634997/000119312524214308/d806596d8k.htm
CTLT,0001596783,Catalent Inc,,ACQUISITION,2024-12-17,provisional_stockanalysis_action_date_not_first_announcement,https://stockanalysis.com/actions/acquisitions/2024/,stockanalysis_company_page,NVO,Novo Nordisk A S,2024-12-17 12:00:00+00:00,provisional_stockanalysis_action_date_not_first_announcement,2024-05-03 08:01:01+00:00,sec_candidate,9.0,agreement\s+and\s+plan\s+of\s+merger|merger\s+agreement|entered\s+into\s+.*(?:merger|acquisition)|acquirer_name,8-K,0001193125-24-129982,https://www.sec.gov/Archives/edgar/data/1596783/000119312524129982/d797118d8k.htm
PGRU,0001873331,Propertyguru Group Ltd.,,ACQUISITION,2024-12-12,provisional_stockanalysis_action_date_not_first_announcement,https://stockanalysis.com/actions/acquisitions/2024/,stockanalysis_company_page,-,Eqt Private Equity Co LLC,2024-12-12 12:00:00+00:00,provisional_stockanalysis_action_date_not_first_announcement,,no_candidate_filings_in_window,,,,,
AY,0001601072,Atlantica Sustainable Infrastructure PLC,,ACQUISITION,2024-12-12,provisional_stockanalysis_action_date_not_first_announcement,https://stockanalysis.com/actions/acquisitions/2024/,stockanalysis_company_page,-,Energy Capital Partners Management Lp,2024-12-12 12:00:00+00:00,provisional_stockanalysis_action_date_not_first_announcement,,no_candidate_filings,,,,,
VZIO,0001835591,Vizio Holding Corp,,ACQUISITION,2024-12-02,provisional_stockanalysis_action_date_not_first_announcement,https://stockanalysis.com/actions/acquisitions/2024/,stockanalysis_company_page,WMT,Walmart Inc,2024-12-02 12:00:00+00:00,provisional_stockanalysis_action_date_not_first_announcement,2024-02-20 16:42:28+00:00,sec_candidate,15.0,agreement\s+and\s+plan\s+of\s+merger|merger\s+agreement|definitive\s+agreement|acquisition\s+agreement|entered\s+into\s+.*(?:merger|acquisition)|acquirer_name|item_1_01_transaction,8-K,0001193125-24-040047,https://www.sec.gov/Archives/edgar/data/1835591/000119312524040047/d794432d8k.htm
LBPH,0001832168,Longboard Pharmaceuticals Inc,,ACQUISITION,2024-11-29,provisional_stockanalysis_action_date_not_first_announcement,https://stockanalysis.com/actions/acquisitions/2024/,stockanalysis_company_page,HLUKF,H Lundbeck A S,2024-11-29 12:00:00+00:00,provisional_stockanalysis_action_date_not_first_announcement,2024-10-15 06:14:30+00:00,sec_candidate,17.0,agreement\s+and\s+plan\s+of\s+merger|merger\s+agreement|definitive\s+agreement|tender\s+offer|acquisition\s+agreement|entered\s+into\s+.*(?:merger|acquisition)|acquirer_name|item_1_01_transaction,8-K,0001193125-24-237160,https://www.sec.gov/Archives/edgar/data/1832168/000119312524237160/d857185d8k.htm
ENV,0001337619,Envestnet Inc,,ACQUISITION,2024-11-22,provisional_stockanalysis_action_date_not_first_announcement,https://stockanalysis.com/actions/acquisitions/2024/,stockanalysis_company_page,-,Bain Capital Partners LLC,2024-11-22 12:00:00+00:00,provisional_stockanalysis_action_date_not_first_announcement,2024-07-11 09:20:15+00:00,sec_candidate,14.0,agreement\s+and\s+plan\s+of\s+merger|merger\s+agreement|definitive\s+agreement|change\s+of\s+control|acquisition\s+agreement|entered\s+into\s+.*(?:merger|acquisition)|item_1_01_transaction,8-K,0001213900-24-060651,https://www.sec.gov/Archives/edgar/data/1337619/000121390024060651/ea0209261-8k_envestnet.htm
HAYN,0000858655,Haynes International Inc,,ACQUISITION,2024-11-20,provisional_stockanalysis_action_date_not_first_announcement,https://stockanalysis.com/actions/acquisitions/2024/,stockanalysis_company_page,ANIOY,Acerinox SA,2024-11-20 12:00:00+00:00,provisional_stockanalysis_action_date_not_first_announcement,2024-04-10 09:01:54+00:00,sec_candidate,10.0,agreement\s+and\s+plan\s+of\s+merger|merger\s+agreement|definitive\s+agreement|change\s+of\s+control|entered\s+into\s+.*(?:merger|acquisition),8-K,0001104659-24-045590,https://www.sec.gov/Archives/edgar/data/858655/000110465924045590/tm2411436d1_8k.htm
RCM,0001910851,R1 Rcm Inc,,ACQUISITION,2024-11-18,provisional_stockanalysis_action_date_not_first_announcement,https://stockanalysis.com/actions/acquisitions/2024/,stockanalysis_company_page,-,Towerbrook Capital Partners LLC,2024-11-18 12:00:00+00:00,provisional_stockanalysis_action_date_not_first_announcement,2024-08-01 07:39:32+00:00,sec_candidate,15.0,agreement\s+and\s+plan\s+of\s+merger|merger\s+agreement|definitive\s+agreement|acquisition\s+agreement|entered\s+into\s+.*(?:merger|acquisition)|acquirer_name|item_1_01_transaction,8-K,0001193125-24-190603,https://www.sec.gov/Archives/edgar/data/1910851/000119312524190603/d837241d8k.htm
NVEI,0001765159,Nuvei Corp,,ACQUISITION,2024-11-15,provisional_stockanalysis_action_date_not_first_announcement,https://stockanalysis.com/actions/acquisitions/2024/,stockanalysis_company_page,-,Advent International LLC,2024-11-15 12:00:00+00:00,provisional_stockanalysis_action_date_not_first_announcement,,no_candidate_filings_in_window,,,,,
AXNX,0001603756,Axonics Inc,,ACQUISITION,2024-11-14,provisional_stockanalysis_action_date_not_first_announcement,https://stockanalysis.com/actions/acquisitions/2024/,stockanalysis_company_page,BSX,Boston Scientific Corp,2024-11-14 12:00:00+00:00,provisional_stockanalysis_action_date_not_first_announcement,2024-01-08 08:47:31+00:00,sec_candidate,9.0,merger\s+agreement|definitive\s+agreement|will\s+be\s+acquired|acquirer_name,8-K,0001603756-24-000017,https://www.sec.gov/Archives/edgar/data/1603756/000160375624000017/axnx-20240108.htm
INST,0001841804,Instructure Holdings Inc,,ACQUISITION,2024-11-12,provisional_stockanalysis_action_date_not_first_announcement,https://stockanalysis.com/actions/acquisitions/2024/,stockanalysis_company_page,KKR,Kkr & Co Inc,2024-11-12 12:00:00+00:00,provisional_stockanalysis_action_date_not_first_announcement,2024-07-25 09:06:58+00:00,sec_candidate,6.0,agreement\s+and\s+plan\s+of\s+merger|merger\s+agreement|entered\s+into\s+.*(?:merger|acquisition),8-K,0001193125-24-184366,https://www.sec.gov/Archives/edgar/data/1841804/000119312524184366/d873629d8k.htm
TWKS,0001866550,Thoughtworks Holding Inc,,ACQUISITION,2024-11-12,provisional_stockanalysis_action_date_not_first_announcement,https://stockanalysis.com/actions/acquisitions/2024/,stockanalysis_company_page,-,Apax Partners LLC,2024-11-12 12:00:00+00:00,provisional_stockanalysis_action_date_not_first_announcement,2024-08-05 09:12:02+00:00,sec_candidate,13.0,agreement\s+and\s+plan\s+of\s+merger|merger\s+agreement|definitive\s+agreement|entered\s+into\s+.*(?:merger|acquisition)|acquirer_name|item_1_01_transaction,8-K,0001213900-24-065016,https://www.sec.gov/Archives/edgar/data/1866550/000121390024065016/ea0210599-8k_thought.htm
SRCL,0000861878,Stericycle Inc,,ACQUISITION,2024-11-01,provisional_stockanalysis_action_date_not_first_announcement,https://stockanalysis.com/actions/acquisitions/2024/,stockanalysis_company_page,WM,Waste Management Inc,2024-11-01 12:00:00+00:00,provisional_stockanalysis_action_date_not_first_announcement,2024-06-03 08:00:02+00:00,sec_candidate,15.0,agreement\s+and\s+plan\s+of\s+merger|merger\s+agreement|definitive\s+agreement|acquisition\s+agreement|entered\s+into\s+.*(?:merger|acquisition)|acquirer_name|item_1_01_transaction,8-K,0001193125-24-152384,https://www.sec.gov/Archives/edgar/data/861878/000119312524152384/d768242d8k.htm
GVP,0000944480,Gse Systems Inc,,ACQUISITION,2024-10-31,provisional_stockanalysis_action_date_not_first_announcement,https://stockanalysis.com/actions/acquisitions/2024/,stockanalysis_company_page,-,Pelican Energy Partners Lp,2024-10-31 12:00:00+00:00,provisional_stockanalysis_action_date_not_first_announcement,2024-10-08 08:09:54+00:00,sec_candidate,11.0,agreement\s+and\s+plan\s+of\s+merger|merger\s+agreement|definitive\s+agreement|entered\s+into\s+.*(?:merger|acquisition)|acquirer_name,8-K,0001140361-24-043050,https://www.sec.gov/Archives/edgar/data/944480/000114036124043050/ef20036742_8k.htm
GRDI,0000827876,Griid Infrastructure Inc,,ACQUISITION,2024-10-30,provisional_stockanalysis_action_date_not_first_announcement,https://stockanalysis.com/actions/acquisitions/2024/,stockanalysis_company_page,CLSK,Cleanspark Inc,2024-10-30 12:00:00+00:00,provisional_stockanalysis_action_date_not_first_announcement,2024-08-09 20:05:13+00:00,sec_candidate,4.0,acquirer_name|acquirer_symbol,8-K,0000950170-24-094740,https://www.sec.gov/Archives/edgar/data/827876/000095017024094740/clsk-20240809.htm
STER,0001210677,Sterling Check Corp,,ACQUISITION,2024-10-30,provisional_stockanalysis_action_date_not_first_announcement,https://stockanalysis.com/actions/acquisitions/2024/,stockanalysis_company_page,FA,First Advantage Corp,2024-10-30 12:00:00+00:00,provisional_stockanalysis_action_date_not_first_announcement,2024-06-10 20:15:10+00:00,sec_candidate,4.0,acquirer_name|acquirer_symbol,8-K,0000950170-24-071309,https://www.sec.gov/Archives/edgar/data/1210677/000095017024071309/fa-20240607.htm
LLAP,0000936468,Terran Orbital Corp,,ACQUISITION,2024-10-29,provisional_stockanalysis_action_date_not_first_announcement,https://stockanalysis.com/actions/acquisitions/2024/,stockanalysis_company_page,LMT,Lockheed Martin Corp,2024-10-29 12:00:00+00:00,provisional_stockanalysis_action_date_not_first_announcement,2024-01-23 12:34:45+00:00,sec_candidate,4.0,acquirer_name|acquirer_symbol,8-K,0000936468-24-000006,https://www.sec.gov/Archives/edgar/data/936468/000093646824000006/lmt-20240123.htm
PETQ,0001668673,Petiq Inc,,ACQUISITION,2024-10-24,provisional_stockanalysis_action_date_not_first_announcement,https://stockanalysis.com/actions/acquisitions/2024/,stockanalysis_company_page,-,Bansk Group,2024-10-24 12:00:00+00:00,provisional_stockanalysis_action_date_not_first_announcement,2024-08-07 08:05:15+00:00,sec_candidate,13.0,agreement\s+and\s+plan\s+of\s+merger|merger\s+agreement|definitive\s+agreement|entered\s+into\s+.*(?:merger|acquisition)|acquirer_name|item_1_01_transaction,8-K,0001104659-24-086551,https://www.sec.gov/Archives/edgar/data/1668673/000110465924086551/tm2421055d1_8k.htm
SHCR,0001816233,Sharecare Inc,,ACQUISITION,2024-10-21,provisional_stockanalysis_action_date_not_first_announcement,https://stockanalysis.com/actions/acquisitions/2024/,stockanalysis_company_page,-,Altaris Capital Lp,2024-10-21 12:00:00+00:00,provisional_stockanalysis_action_date_not_first_announcement,2024-06-21 17:29:57+00:00,sec_candidate,10.0,agreement\s+and\s+plan\s+of\s+merger|merger\s+agreement|definitive\s+agreement|entered\s+into\s+.*(?:merger|acquisition)|item_1_01_transaction,8-K,0001193125-24-165952,https://www.sec.gov/Archives/edgar/data/1816233/000119312524165952/d816000d8k.htm
SQSP,0001496963,Squarespace Inc,,ACQUISITION,2024-10-16,provisional_stockanalysis_action_date_not_first_announcement,https://stockanalysis.com/actions/acquisitions/2024/,stockanalysis_company_page,-,Permira Holdings Ltd.,2024-10-16 12:00:00+00:00,provisional_stockanalysis_action_date_not_first_announcement,2024-05-13 07:02:14+00:00,sec_candidate,15.0,agreement\s+and\s+plan\s+of\s+merger|merger\s+agreement|definitive\s+agreement|acquisition\s+agreement|entered\s+into\s+.*(?:merger|acquisition)|acquirer_name|item_1_01_transaction,8-K,0001496963-24-000038,https://www.sec.gov/Archives/edgar/data/1496963/000149696324000038/sqsp-20240513.htm
CHUY,0001524931,Chuy's Holdings Inc,,ACQUISITION,2024-10-10,provisional_stockanalysis_action_date_not_first_announcement,https://stockanalysis.com/actions/acquisitions/2024/,stockanalysis_company_page,DRI,Darden Restaurants Inc,2024-10-10 12:00:00+00:00,provisional_stockanalysis_action_date_not_first_announcement,2024-07-17 16:48:31+00:00,sec_candidate,13.0,agreement\s+and\s+plan\s+of\s+merger|merger\s+agreement|definitive\s+agreement|entered\s+into\s+.*(?:merger|acquisition)|acquirer_name|item_1_01_transaction,8-K,0001193125-24-180426,https://www.sec.gov/Archives/edgar/data/1524931/000119312524180426/d873202d8k.htm
HMNF,0000903419,Hmn Financial Inc,,ACQUISITION,2024-10-09,provisional_stockanalysis_action_date_not_first_announcement,https://stockanalysis.com/actions/acquisitions/2024/,stockanalysis_company_page,ALRS,Alerus Financial Corp,2024-10-09 12:00:00+00:00,provisional_stockanalysis_action_date_not_first_announcement,2024-04-29 20:05:16+00:00,sec_candidate,4.0,acquirer_name|acquirer_symbol,8-K,0001104659-24-053999,https://www.sec.gov/Archives/edgar/data/903419/000110465924053999/tm2412605d1_8k.htm
VGR,0000059440,Vector Group Ltd.,,ACQUISITION,2024-10-07,provisional_stockanalysis_action_date_not_first_announcement,https://stockanalysis.com/actions/acquisitions/2024/,stockanalysis_company_page,-,Jt Group,2024-10-07 12:00:00+00:00,provisional_stockanalysis_action_date_not_first_announcement,2024-08-21 17:22:52+00:00,sec_candidate,12.0,agreement\s+and\s+plan\s+of\s+merger|merger\s+agreement|definitive\s+agreement|tender\s+offer|entered\s+into\s+.*(?:merger|acquisition)|item_1_01_transaction,8-K,0001193125-24-204521,https://www.sec.gov/Archives/edgar/data/59440/000119312524204521/d868123d8k.htm
PRFT,0001085869,Perficient Inc,,ACQUISITION,2024-10-01,provisional_stockanalysis_action_date_not_first_announcement,https://stockanalysis.com/actions/acquisitions/2024/,stockanalysis_company_page,-,Bpea Private Equity Fund Viii Co-investment Lp,2024-10-01 12:00:00+00:00,provisional_stockanalysis_action_date_not_first_announcement,2024-05-06 08:57:02+00:00,sec_candidate,10.0,agreement\s+and\s+plan\s+of\s+merger|merger\s+agreement|definitive\s+agreement|entered\s+into\s+.*(?:merger|acquisition)|item_1_01_transaction,8-K,0001193125-24-131525,https://www.sec.gov/Archives/edgar/data/1085869/000119312524131525/d801285d8k.htm
AUGX,0001769804,Augmedix Inc,,ACQUISITION,2024-10-01,provisional_stockanalysis_action_date_not_first_announcement,https://stockanalysis.com/actions/acquisitions/2024/,stockanalysis_company_page,-,Commure Inc,2024-10-01 12:00:00+00:00,provisional_stockanalysis_action_date_not_first_announcement,2024-07-19 07:25:00+00:00,sec_candidate,13.0,agreement\s+and\s+plan\s+of\s+merger|merger\s+agreement|definitive\s+agreement|entered\s+into\s+.*(?:merger|acquisition)|acquirer_name|item_1_01_transaction,8-K,0001213900-24-062747,https://www.sec.gov/Archives/edgar/data/1769804/000121390024062747/ea0209614-8k_augmedix.htm
PWSC,0001835681,Powerschool Holdings Inc,,ACQUISITION,2024-09-30,provisional_stockanalysis_action_date_not_first_announcement,https://stockanalysis.com/actions/acquisitions/2024/,stockanalysis_company_page,-,Bain Capital,2024-09-30 12:00:00+00:00,provisional_stockanalysis_action_date_not_first_announcement,2023-10-12 16:39:32+00:00,sec_candidate,6.0,definitive\s+agreement|entered\s+into\s+.*(?:merger|acquisition)|item_1_01_transaction,8-K,0001193125-23-255056,https://www.sec.gov/Archives/edgar/data/1835681/000119312523255056/d558033d8k.htm
SWN,0000895126,Southwestern Energy Co.,,ACQUISITION,2024-09-30,provisional_stockanalysis_action_date_not_first_announcement,https://stockanalysis.com/actions/acquisitions/2024/,stockanalysis_company_page,EXE,Expand Energy Corp,2024-09-30 12:00:00+00:00,provisional_stockanalysis_action_date_not_first_announcement,2024-01-11 11:14:46+00:00,sec_candidate,6.0,agreement\s+and\s+plan\s+of\s+merger|merger\s+agreement|entered\s+into\s+.*(?:merger|acquisition),8-K,0001104659-24-003135,https://www.sec.gov/Archives/edgar/data/895126/000110465924003135/tm243106d1_8k.htm
SGE,0001591890,Strong Global Entertainment Inc,,ACQUISITION,2024-09-27,provisional_stockanalysis_action_date_not_first_announcement,https://stockanalysis.com/actions/acquisitions/2024/,stockanalysis_company_page,FGNX,Fg Nexus Inc,2024-09-27 12:00:00+00:00,provisional_stockanalysis_action_date_not_first_announcement,2024-01-04 12:30:14+00:00,sec_candidate,6.0,definitive\s+agreement|entered\s+into\s+.*(?:merger|acquisition)|item_1_01_transaction,8-K,0001493152-24-000516,https://www.sec.gov/Archives/edgar/data/1591890/000149315224000516/form8-k.htm
DOMA,0001722438,Doma Holdings Inc,,ACQUISITION,2024-09-26,provisional_stockanalysis_action_date_not_first_announcement,https://stockanalysis.com/actions/acquisitions/2024/,stockanalysis_company_page,-,Title Resources Group,2024-09-26 12:00:00+00:00,provisional_stockanalysis_action_date_not_first_announcement,2024-03-29 06:01:46+00:00,sec_candidate,12.0,agreement\s+and\s+plan\s+of\s+merger|merger\s+agreement|definitive\s+agreement|acquisition\s+agreement|entered\s+into\s+.*(?:merger|acquisition)|item_1_01_transaction,8-K,0001437749-24-009917,https://www.sec.gov/Archives/edgar/data/1722438/000143774924009917/doma20240310_8k.htm
GTHX,0001560241,G1 Therapeutics Inc,,ACQUISITION,2024-09-17,provisional_stockanalysis_action_date_not_first_announcement,https://stockanalysis.com/actions/acquisitions/2024/,stockanalysis_company_page,-,Pharmacosmos A,2024-09-17 12:00:00+00:00,provisional_stockanalysis_action_date_not_first_announcement,2024-08-07 09:21:29+00:00,sec_candidate,15.0,agreement\s+and\s+plan\s+of\s+merger|merger\s+agreement|definitive\s+agreement|tender\s+offer|entered\s+into\s+.*(?:merger|acquisition)|acquirer_name|item_1_01_transaction,8-K,0001193125-24-195484,https://www.sec.gov/Archives/edgar/data/1560241/000119312524195484/d857014d8k.htm
HA,0000766421,Hawaiian Holdings Inc,,ACQUISITION,2024-09-17,provisional_stockanalysis_action_date_not_first_announcement,https://stockanalysis.com/actions/acquisitions/2024/,stockanalysis_company_page,ALK,Alaska Air Group Inc,2024-09-17 12:00:00+00:00,provisional_stockanalysis_action_date_not_first_announcement,2024-07-17 21:15:20+00:00,sec_candidate,4.0,acquirer_name|acquirer_symbol,8-K,0000766421-24-000038,https://www.sec.gov/Archives/edgar/data/766421/000076642124000038/alk-20240717.htm
SILK,0001397702,Silk Road Medical Inc,,ACQUISITION,2024-09-16,provisional_stockanalysis_action_date_not_first_announcement,https://stockanalysis.com/actions/acquisitions/2024/,stockanalysis_company_page,BSX,Boston Scientific Corp,2024-09-16 12:00:00+00:00,provisional_stockanalysis_action_date_not_first_announcement,2024-06-18 16:36:43+00:00,sec_candidate,15.0,agreement\s+and\s+plan\s+of\s+merger|merger\s+agreement|definitive\s+agreement|change\s+of\s+control|entered\s+into\s+.*(?:merger|acquisition)|acquirer_name|item_1_01_transaction,8-K,0001104659-24-072846,https://www.sec.gov/Archives/edgar/data/1397702/000110465924072846/tm2417405d1_8k.htm
ALIM,0001023024,Alimera Sciences Inc,,ACQUISITION,2024-09-13,provisional_stockanalysis_action_date_not_first_announcement,https://stockanalysis.com/actions/acquisitions/2024/,stockanalysis_company_page,ANIP,Ani Pharmaceuticals Inc,2024-09-13 12:00:00+00:00,provisional_stockanalysis_action_date_not_first_announcement,2024-05-14 20:11:27+00:00,sec_candidate,4.0,acquirer_name|acquirer_symbol,8-K,0001023024-24-000059,https://www.sec.gov/Archives/edgar/data/1023024/000102302424000059/ani-20240514.htm
DO,0001895262,Diamond Offshore Drilling Inc,,ACQUISITION,2024-09-03,provisional_stockanalysis_action_date_not_first_announcement,https://stockanalysis.com/actions/acquisitions/2024/,stockanalysis_company_page,NE,Noble Corp PLC,2024-09-03 12:00:00+00:00,provisional_stockanalysis_action_date_not_first_announcement,2024-05-21 20:02:24+00:00,sec_candidate,4.0,acquirer_name|acquirer_symbol,8-K,0001628280-24-024526,https://www.sec.gov/Archives/edgar/data/1895262/000162828024024526/ne-20240521.htm
MRDB,0001929589,Mariadb PLC,,ACQUISITION,2024-08-23,provisional_stockanalysis_action_date_not_first_announcement,https://stockanalysis.com/actions/acquisitions/2024/,stockanalysis_company_page,-,Meridian Bidco LLC,2024-08-23 12:00:00+00:00,provisional_stockanalysis_action_date_not_first_announcement,2024-02-20 06:46:17+00:00,sec_candidate,4.0,definitive\s+agreement|change\s+of\s+control,8-K,0001213900-24-015085,https://www.sec.gov/Archives/edgar/data/1929589/000121390024015085/ea0200224-8k_mariadb.htm
RPT,0001614806,Rpt Realty,NYSE,ACQUISITION,2023-12-29,provisional_stockanalysis_action_date_not_first_announcement,https://stockanalysis.com/actions/acquisitions/2023/,sec_company_tickers_exchange,KIM,Kimco Realty Corp,2023-12-29 12:00:00+00:00,provisional_stockanalysis_action_date_not_first_announcement,2022-08-26 20:15:56+00:00,sec_candidate,4.0,definitive\s+agreement|change\s+of\s+control,8-K,0001104659-22-095135,https://www.sec.gov/Archives/edgar/data/1614806/000110465922095135/tm2224664d1_8k.htm
NETI,0001978867,Eneti Inc,,ACQUISITION,2023-12-28,provisional_stockanalysis_action_date_not_first_announcement,https://stockanalysis.com/actions/acquisitions/2023/,stockanalysis_company_page,CDLR,Cadeler A,2023-12-28 12:00:00+00:00,provisional_stockanalysis_action_date_not_first_announcement,2023-06-21 18:52:44+00:00,sec_candidate,7.0,business\s+combination\s+agreement|tender\s+offer|acquirer_name,425,0000950103-23-009057,https://www.sec.gov/Archives/edgar/data/1978867/000095010323009057/dp195554_425-stock.htm
AMTI,0000922247,Applied Molecular Transport Inc,,ACQUISITION,2023-12-26,provisional_stockanalysis_action_date_not_first_announcement,https://stockanalysis.com/actions/acquisitions/2023/,stockanalysis_company_page,CYTH,Cyclo Therapeutics Inc,2023-12-26 12:00:00+00:00,provisional_stockanalysis_action_date_not_first_announcement,2023-08-03 16:03:02+00:00,sec_candidate,4.0,acquirer_name|acquirer_symbol,8-K,0001437749-23-021921,https://www.sec.gov/Archives/edgar/data/922247/000143774923021921/ctdh20230803_8k.htm
PNT,0000059478,Point Biopharma Global Inc,,ACQUISITION,2023-12-26,provisional_stockanalysis_action_date_not_first_announcement,https://stockanalysis.com/actions/acquisitions/2023/,stockanalysis_company_page,LLY,Eli Lilly & Co.,2023-12-26 12:00:00+00:00,provisional_stockanalysis_action_date_not_first_announcement,2022-10-12 20:08:43+00:00,sec_candidate,4.0,acquirer_name|acquirer_symbol,8-K,0000059478-22-000233,https://www.sec.gov/Archives/edgar/data/59478/000005947822000233/lly-20221012.htm
LVOX,0001003935,Livevox Holdings Inc,,ACQUISITION,2023-12-22,provisional_stockanalysis_action_date_not_first_announcement,https://stockanalysis.com/actions/acquisitions/2023/,stockanalysis_company_page,NICE,Nice Ltd.,2023-12-22 12:00:00+00:00,provisional_stockanalysis_action_date_not_first_announcement,,no_candidate_filings_in_window,,,,,
CD,0001527762,Chindata Group Holdings Ltd.,Nasdaq,ACQUISITION,2023-12-18,provisional_stockanalysis_action_date_not_first_announcement,https://stockanalysis.com/actions/acquisitions/2023/,sec_company_tickers_exchange,-,Bain Capital,2023-12-18 12:00:00+00:00,provisional_stockanalysis_action_date_not_first_announcement,,no_candidate_filings_in_window,,,,,
PCTI,0000820313,Pc Tel Inc,,ACQUISITION,2023-12-15,provisional_stockanalysis_action_date_not_first_announcement,https://stockanalysis.com/actions/acquisitions/2023/,stockanalysis_company_page,APH,Amphenol Corp,2023-12-15 12:00:00+00:00,provisional_stockanalysis_action_date_not_first_announcement,2023-01-25 14:57:11+00:00,sec_candidate,4.0,acquirer_name|acquirer_symbol,8-K,0001558370-23-000501,https://www.sec.gov/Archives/edgar/data/820313/000155837023000501/aph-20230125x8k.htm
NM,0001333172,Navios Maritime Holdings Inc,,ACQUISITION,2023-12-13,provisional_stockanalysis_action_date_not_first_announcement,https://stockanalysis.com/actions/acquisitions/2023/,stockanalysis_company_page,-,N Logistics Holdings,2023-12-13 12:00:00+00:00,provisional_stockanalysis_action_date_not_first_announcement,,no_qualified_transaction_filing,,,,,
AAIC,0001411342,Arlington Asset Investment Corp,,ACQUISITION,2023-12-13,provisional_stockanalysis_action_date_not_first_announcement,https://stockanalysis.com/actions/acquisitions/2023/,stockanalysis_company_page,EFC,Ellington Financial Inc,2023-12-13 12:00:00+00:00,provisional_stockanalysis_action_date_not_first_announcement,2023-10-20 20:24:30+00:00,sec_candidate,14.0,agreement\s+and\s+plan\s+of\s+merger|merger\s+agreement|definitive\s+agreement|entered\s+into\s+.*(?:merger|acquisition)|acquirer_name|acquirer_symbol|item_1_01_transaction,8-K,0001411342-23-000170,https://www.sec.gov/Archives/edgar/data/1411342/000141134223000170/efc-20231020.htm
SGEN,0000078003,Seagen Inc,,ACQUISITION,2023-12-13,provisional_stockanalysis_action_date_not_first_announcement,https://stockanalysis.com/actions/acquisitions/2023/,stockanalysis_company_page,PFE,Pfizer Inc,2023-12-13 12:00:00+00:00,provisional_stockanalysis_action_date_not_first_announcement,2023-05-02 12:05:53+00:00,sec_candidate,4.0,acquirer_name|acquirer_symbol,8-K,0001628280-23-014759,https://www.sec.gov/Archives/edgar/data/78003/000162828023014759/pfe-20230502.htm
MIRO,0001527096,Miromatrix Medical Inc,,ACQUISITION,2023-12-12,provisional_stockanalysis_action_date_not_first_announcement,https://stockanalysis.com/actions/acquisitions/2023/,stockanalysis_company_page,UTHR,United Therapeutics Corp,2023-12-12 12:00:00+00:00,provisional_stockanalysis_action_date_not_first_announcement,2023-10-30 06:12:32+00:00,sec_candidate,15.0,agreement\s+and\s+plan\s+of\s+merger|merger\s+agreement|definitive\s+agreement|tender\s+offer|entered\s+into\s+.*(?:merger|acquisition)|acquirer_name|item_1_01_transaction,8-K,0001104659-23-112310,https://www.sec.gov/Archives/edgar/data/1527096/000110465923112310/tm2329345d1_8k.htm
WMC,0001514281,Western Asset Mortgage Capital Corp,,ACQUISITION,2023-12-05,provisional_stockanalysis_action_date_not_first_announcement,https://stockanalysis.com/actions/acquisitions/2023/,stockanalysis_company_page,MITT,Tpg Mortgage Investment Trust Inc,2023-12-05 12:00:00+00:00,provisional_stockanalysis_action_date_not_first_announcement,2023-08-08 22:21:58+00:00,sec_candidate,7.0,agreement\s+and\s+plan\s+of\s+merger|merger\s+agreement|entered\s+into\s+.*(?:merger|acquisition)|acquirer_symbol,8-K,0001514281-23-000082,https://www.sec.gov/Archives/edgar/data/1514281/000151428123000082/mitt-20230808.htm
ABCM,0000313616,Abcam PLC,,ACQUISITION,2023-12-05,provisional_stockanalysis_action_date_not_first_announcement,https://stockanalysis.com/actions/acquisitions/2023/,stockanalysis_company_page,DHR,Danaher Corp,2023-12-05 12:00:00+00:00,provisional_stockanalysis_action_date_not_first_announcement,2023-04-24 22:11:08+00:00,sec_candidate,4.0,acquirer_name|acquirer_symbol,8-K,0000313616-23-000129,https://www.sec.gov/Archives/edgar/data/313616/000031361623000129/dhr-20230425.htm
GHL,0001335730,Greenhill & Co Inc,,ACQUISITION,2023-11-30,provisional_stockanalysis_action_date_not_first_announcement,https://stockanalysis.com/actions/acquisitions/2023/,stockanalysis_company_page,MFG,Mizuho Financial Group Inc,2023-11-30 12:00:00+00:00,provisional_stockanalysis_action_date_not_first_announcement,,no_candidate_filings,,,,,
PTRS,0001756701,Partners Bancorp,,ACQUISITION,2023-11-30,provisional_stockanalysis_action_date_not_first_announcement,https://stockanalysis.com/actions/acquisitions/2023/,stockanalysis_company_page,LNKB,Linkbancorp Inc,2023-11-30 12:00:00+00:00,provisional_stockanalysis_action_date_not_first_announcement,2023-05-17 20:32:45+00:00,sec_candidate,4.0,acquirer_name|acquirer_symbol,8-K,0000950170-23-022753,https://www.sec.gov/Archives/edgar/data/1756701/000095017023022753/lnkb-20230517.htm
HEP,0001915657,Holly Energy Partners Lp,,ACQUISITION,2023-11-30,provisional_stockanalysis_action_date_not_first_announcement,https://stockanalysis.com/actions/acquisitions/2023/,stockanalysis_company_page,DINO,Hf Sinclair Corp,2023-11-30 12:00:00+00:00,provisional_stockanalysis_action_date_not_first_announcement,2023-10-30 21:16:01+00:00,sec_candidate,10.0,agreement\s+and\s+plan\s+of\s+merger|change\s+of\s+control|entered\s+into\s+.*(?:merger|acquisition)|acquirer_name|acquirer_symbol,8-K,0001193125-23-266287,https://www.sec.gov/Archives/edgar/data/1915657/000119312523266287/d552495d8k.htm
PACW,0001169770,Pacwest Bancorp,,ACQUISITION,2023-11-30,provisional_stockanalysis_action_date_not_first_announcement,https://stockanalysis.com/actions/acquisitions/2023/,stockanalysis_company_page,BANC,Banc Of California Inc,2023-11-30 12:00:00+00:00,provisional_stockanalysis_action_date_not_first_announcement,2023-07-06 20:14:29+00:00,sec_candidate,4.0,acquirer_name|acquirer_symbol,8-K,0001169770-23-000053,https://www.sec.gov/Archives/edgar/data/1169770/000116977023000053/banc-20230705.htm
VMW,0001124610,Vmware Inc,,ACQUISITION,2023-11-21,provisional_stockanalysis_action_date_not_first_announcement,https://stockanalysis.com/actions/acquisitions/2023/,stockanalysis_company_page,AVGO,Broadcom Inc,2023-11-21 12:00:00+00:00,provisional_stockanalysis_action_date_not_first_announcement,2023-05-19 16:18:08+00:00,sec_candidate,9.0,agreement\s+and\s+plan\s+of\s+merger|merger\s+agreement|entered\s+into\s+.*(?:merger|acquisition)|acquirer_name,8-K,0001124610-23-000023,https://www.sec.gov/Archives/edgar/data/1124610/000112461023000023/vmw-20230519.htm
ARGO,0001837429,Argo Group International Holdings Ltd.,,ACQUISITION,2023-11-15,provisional_stockanalysis_action_date_not_first_announcement,https://stockanalysis.com/actions/acquisitions/2023/,stockanalysis_company_page,BNT,Brookfield Wealth Solutions Ltd.,2023-11-15 12:00:00+00:00,provisional_stockanalysis_action_date_not_first_announcement,2023-07-05 21:22:23+00:00,sec_candidate,8.0,agreement\s+and\s+plan\s+of\s+merger|merger\s+agreement|definitive\s+agreement|entered\s+into\s+.*(?:merger|acquisition),425,0000950157-23-000748,https://www.sec.gov/Archives/edgar/data/1837429/000095015723000748/form425.htm
APRN,0001701114,Blue Apron Holdings Inc,,ACQUISITION,2023-11-10,provisional_stockanalysis_action_date_not_first_announcement,https://stockanalysis.com/actions/acquisitions/2023/,stockanalysis_company_page,-,Wonder Group Inc,2023-11-10 12:00:00+00:00,provisional_stockanalysis_action_date_not_first_announcement,2023-05-16 16:05:19+00:00,sec_candidate,4.0,definitive\s+agreement|entered\s+into\s+.*(?:merger|acquisition),8-K,0001701114-23-000054,https://www.sec.gov/Archives/edgar/data/1701114/000170111423000054/aprn-20230515.htm
EQRX,0001628171,Eqrx Inc,,ACQUISITION,2023-11-08,provisional_stockanalysis_action_date_not_first_announcement,https://stockanalysis.com/actions/acquisitions/2023/,stockanalysis_company_page,RVMD,Revolution Medicines Inc,2023-11-08 12:00:00+00:00,provisional_stockanalysis_action_date_not_first_announcement,2023-05-08 20:04:41+00:00,sec_candidate,4.0,acquirer_name|acquirer_symbol,8-K,0000950170-23-018785,https://www.sec.gov/Archives/edgar/data/1628171/000095017023018785/rvmd-20230508.htm
NXGN,0000708818,Nextgen Healthcare Inc,,ACQUISITION,2023-11-08,provisional_stockanalysis_action_date_not_first_announcement,https://stockanalysis.com/actions/acquisitions/2023/,stockanalysis_company_page,-,Thoma Bravo Ugp LLC,2023-11-08 12:00:00+00:00,provisional_stockanalysis_action_date_not_first_announcement,2023-09-06 07:22:31+00:00,sec_candidate,10.0,agreement\s+and\s+plan\s+of\s+merger|merger\s+agreement|definitive\s+agreement|entered\s+into\s+.*(?:merger|acquisition)|item_1_01_transaction,8-K,0001193125-23-229107,https://www.sec.gov/Archives/edgar/data/708818/000119312523229107/d503371d8k.htm
NEWR,0001448056,New Relic Inc,,ACQUISITION,2023-11-07,provisional_stockanalysis_action_date_not_first_announcement,https://stockanalysis.com/actions/acquisitions/2023/,stockanalysis_company_page,-,Francisco Partners Management Lp,2023-11-07 12:00:00+00:00,provisional_stockanalysis_action_date_not_first_announcement,2023-07-31 09:00:58+00:00,sec_candidate,15.0,agreement\s+and\s+plan\s+of\s+merger|merger\s+agreement|definitive\s+agreement|acquisition\s+agreement|entered\s+into\s+.*(?:merger|acquisition)|acquirer_name|item_1_01_transaction,8-K,0001193125-23-198641,https://www.sec.gov/Archives/edgar/data/1448056/000119312523198641/d531460d8k.htm
ICPT,0001270073,Intercept Pharmaceuticals Inc,,ACQUISITION,2023-11-07,provisional_stockanalysis_action_date_not_first_announcement,https://stockanalysis.com/actions/acquisitions/2023/,stockanalysis_company_page,-,Alfasigma SpA,2023-11-07 12:00:00+00:00,provisional_stockanalysis_action_date_not_first_announcement,2023-09-26 08:28:57+00:00,sec_candidate,12.0,agreement\s+and\s+plan\s+of\s+merger|merger\s+agreement|definitive\s+agreement|tender\s+offer|entered\s+into\s+.*(?:merger|acquisition)|item_1_01_transaction,8-K,0001104659-23-103739,https://www.sec.gov/Archives/edgar/data/1270073/000110465923103739/tm2326902d1_8k.htm
TWNK,0001644406,Hostess Brands Inc,,ACQUISITION,2023-11-06,provisional_stockanalysis_action_date_not_first_announcement,https://stockanalysis.com/actions/acquisitions/2023/,stockanalysis_company_page,SJM,J M Smucker Co.,2023-11-06 12:00:00+00:00,provisional_stockanalysis_action_date_not_first_announcement,2023-09-12 08:08:02+00:00,sec_candidate,15.0,agreement\s+and\s+plan\s+of\s+merger|merger\s+agreement|definitive\s+agreement|tender\s+offer|entered\s+into\s+.*(?:merger|acquisition)|acquirer_name|item_1_01_transaction,8-K,0001193125-23-233053,https://www.sec.gov/Archives/edgar/data/1644406/000119312523233053/d727245d8k.htm
CEQP,0001136352,Crestwood Equity Partners Lp,,ACQUISITION,2023-11-02,provisional_stockanalysis_action_date_not_first_announcement,https://stockanalysis.com/actions/acquisitions/2023/,stockanalysis_company_page,ET,Energy Transfer Lp,2023-11-02 12:00:00+00:00,provisional_stockanalysis_action_date_not_first_announcement,2023-08-16 08:11:55+00:00,sec_candidate,9.0,agreement\s+and\s+plan\s+of\s+merger|merger\s+agreement|entered\s+into\s+.*(?:merger|acquisition)|acquirer_name,8-K,0001193125-23-213882,https://www.sec.gov/Archives/edgar/data/1136352/000119312523213882/d459739d8k.htm
DEN,0000034088,Denbury Inc,,ACQUISITION,2023-11-01,provisional_stockanalysis_action_date_not_first_announcement,https://stockanalysis.com/actions/acquisitions/2023/,stockanalysis_company_page,XOM,Exxon Mobil Corp,2023-11-01 12:00:00+00:00,provisional_stockanalysis_action_date_not_first_announcement,2023-06-06 18:08:14+00:00,sec_candidate,4.0,acquirer_name|acquirer_symbol,8-K,0000034088-23-000036,https://www.sec.gov/Archives/edgar/data/34088/000003408823000036/xom-20230531.htm
ESTE,0001658566,Earthstone Energy Inc,,ACQUISITION,2023-10-31,provisional_stockanalysis_action_date_not_first_announcement,https://stockanalysis.com/actions/acquisitions/2023/,stockanalysis_company_page,PR,Permian Resources Corp,2023-10-31 12:00:00+00:00,provisional_stockanalysis_action_date_not_first_announcement,2023-09-05 21:25:54+00:00,sec_candidate,14.0,agreement\s+and\s+plan\s+of\s+merger|merger\s+agreement|definitive\s+agreement|entered\s+into\s+.*(?:merger|acquisition)|acquirer_name|acquirer_symbol|item_1_01_transaction,8-K,0001193125-23-228643,https://www.sec.gov/Archives/edgar/data/1658566/000119312523228643/d437341d8k.htm
PFSW,0001852244,Pfsweb Inc,,ACQUISITION,2023-10-23,provisional_stockanalysis_action_date_not_first_announcement,https://stockanalysis.com/actions/acquisitions/2023/,stockanalysis_company_page,GXO,Gxo Logistics Inc,2023-10-23 12:00:00+00:00,provisional_stockanalysis_action_date_not_first_announcement,2023-03-10 21:10:29+00:00,sec_candidate,6.0,definitive\s+agreement|acquirer_name|acquirer_symbol,8-K,0001104659-23-031168,https://www.sec.gov/Archives/edgar/data/1852244/000110465923031168/tm238603d1_8k.htm
CIR,0001404912,Circor International Inc,,ACQUISITION,2023-10-17,provisional_stockanalysis_action_date_not_first_announcement,https://stockanalysis.com/actions/acquisitions/2023/,stockanalysis_company_page,-,Kohlberg Kravis Roberts & Co Lp,2023-10-17 12:00:00+00:00,provisional_stockanalysis_action_date_not_first_announcement,2023-05-25 20:36:23+00:00,sec_candidate,4.0,definitive\s+agreement|change\s+of\s+control,8-K,0001140361-23-026651,https://www.sec.gov/Archives/edgar/data/1404912/000114036123026651/brhc20053448_8k.htm
EMCF,0000709337,Emclaire Financial Corp,,ACQUISITION,2022-12-30,provisional_stockanalysis_action_date_not_first_announcement,https://stockanalysis.com/actions/acquisitions/2022/,stockanalysis_company_page,FMNB,Farmers National Banc Corp,2022-12-30 12:00:00+00:00,provisional_stockanalysis_action_date_not_first_announcement,2022-06-21 20:21:05+00:00,sec_candidate,8.0,agreement\s+and\s+plan\s+of\s+merger|merger\s+agreement|acquirer_name|acquirer_symbol,8-K,0001193125-22-177661,https://www.sec.gov/Archives/edgar/data/709337/000119312522177661/d393643d8k.htm
PCSB,0001049782,Pcsb Financial Corp,,ACQUISITION,2022-12-30,provisional_stockanalysis_action_date_not_first_announcement,https://stockanalysis.com/actions/acquisitions/2022/,stockanalysis_company_page,BRKL,Brookline Bancorp Inc,2022-12-30 12:00:00+00:00,provisional_stockanalysis_action_date_not_first_announcement,2022-04-27 16:34:37+00:00,sec_candidate,4.0,acquirer_name|acquirer_symbol,8-K,0001171843-22-002868,https://www.sec.gov/Archives/edgar/data/1049782/000117184322002868/f8k_042722.htm
ABMD,0000200406,Abiomed Inc,,ACQUISITION,2022-12-21,provisional_stockanalysis_action_date_not_first_announcement,https://stockanalysis.com/actions/acquisitions/2022/,stockanalysis_company_page,JNJ,Johnson & Johnson,2022-12-21 12:00:00+00:00,provisional_stockanalysis_action_date_not_first_announcement,2022-02-02 21:35:08+00:00,sec_candidate,4.0,acquirer_name|acquirer_symbol,8-K,0000200406-22-000015,https://www.sec.gov/Archives/edgar/data/200406/000020040622000015/jnj-20220128.htm
RCOR,0001281895,Renovacor Inc,,ACQUISITION,2022-11-30,provisional_stockanalysis_action_date_not_first_announcement,https://stockanalysis.com/actions/acquisitions/2022/,stockanalysis_company_page,RCKT,Rocket Pharmaceuticals Inc,2022-11-30 12:00:00+00:00,provisional_stockanalysis_action_date_not_first_announcement,2022-02-28 23:40:28+00:00,sec_candidate,6.0,definitive\s+agreement|acquirer_name|acquirer_symbol,8-K,0001140361-22-007127,https://www.sec.gov/Archives/edgar/data/1281895/000114036122007127/ny20003042x2_8k.htm
AKUS,0000059478,Akouos Inc,,ACQUISITION,2022-11-30,provisional_stockanalysis_action_date_not_first_announcement,https://stockanalysis.com/actions/acquisitions/2022/,stockanalysis_company_page,LLY,Eli Lilly & Co.,2022-11-30 12:00:00+00:00,provisional_stockanalysis_action_date_not_first_announcement,2022-01-31 13:27:07+00:00,sec_candidate,4.0,acquirer_name|acquirer_symbol,8-K,0001193125-22-022446,https://www.sec.gov/Archives/edgar/data/59478/000119312522022446/d275834d8k.htm
PBFX,0001534504,Pbf Logistics Lp,,ACQUISITION,2022-11-29,provisional_stockanalysis_action_date_not_first_announcement,https://stockanalysis.com/actions/acquisitions/2022/,stockanalysis_company_page,PBF,Pbf Energy Inc,2022-11-29 12:00:00+00:00,provisional_stockanalysis_action_date_not_first_announcement,2022-04-28 10:04:42+00:00,sec_candidate,4.0,acquirer_name|acquirer_symbol,8-K,0001534504-22-000017,https://www.sec.gov/Archives/edgar/data/1534504/000153450422000017/pbf-20220428.htm
TEN,0001166663,Tenneco Inc,NYSE,ACQUISITION,2022-11-16,provisional_stockanalysis_action_date_not_first_announcement,https://stockanalysis.com/actions/acquisitions/2022/,sec_company_tickers_exchange,APO,Apollo Global Management Inc,2022-11-16 12:00:00+00:00,provisional_stockanalysis_action_date_not_first_announcement,,no_candidate_filings,,,,,
LOGC,0002064307,Logicbio Therapeutics Inc,OTC,ACQUISITION,2022-11-15,provisional_stockanalysis_action_date_not_first_announcement,https://stockanalysis.com/actions/acquisitions/2022/,sec_company_tickers_exchange,AZN,Astrazeneca PLC,2022-11-15 12:00:00+00:00,provisional_stockanalysis_action_date_not_first_announcement,,no_candidate_filings_in_window,,,,,
CCXI,0002074973,Chemocentryx Inc,Nasdaq,ACQUISITION,2022-10-19,provisional_stockanalysis_action_date_not_first_announcement,https://stockanalysis.com/actions/acquisitions/2022/,sec_company_tickers_exchange,AMGN,Amgen Inc,2022-10-19 12:00:00+00:00,provisional_stockanalysis_action_date_not_first_announcement,,no_candidate_filings_in_window,,,,,
COR,0001140859,Coresite Realty Corp,NYSE,ACQUISITION,2021-12-27,provisional_stockanalysis_action_date_not_first_announcement,https://stockanalysis.com/actions/acquisitions/2021/,sec_company_tickers_exchange,AMT,American Tower Corp,2021-12-27 12:00:00+00:00,provisional_stockanalysis_action_date_not_first_announcement,2021-06-02 20:58:48+00:00,sec_candidate,6.0,definitive\s+agreement|entered\s+into\s+.*(?:merger|acquisition)|item_1_01_transaction,8-K,0000950157-21-000585,https://www.sec.gov/Archives/edgar/data/1140859/000095015721000585/form8-k.htm
ECHO,0001415404,Echo Global Logistics Inc,Nasdaq,ACQUISITION,2021-11-22,provisional_stockanalysis_action_date_not_first_announcement,https://stockanalysis.com/actions/acquisitions/2021/,sec_company_tickers_exchange,-,The Jordan Company Lp,2021-11-22 12:00:00+00:00,provisional_stockanalysis_action_date_not_first_announcement,,no_qualified_transaction_filing,,,,,
CAI,0002019410,Cai International Inc,Nasdaq,ACQUISITION,2021-11-19,provisional_stockanalysis_action_date_not_first_announcement,https://stockanalysis.com/actions/acquisitions/2021/,sec_company_tickers_exchange,-,Mitsubishi Hc Capital Inc,2021-11-19 12:00:00+00:00,provisional_stockanalysis_action_date_not_first_announcement,,no_candidate_filings_in_window,,,,,
CADE,0001299939,Cadence Bancorporation,,ACQUISITION,2021-10-28,provisional_stockanalysis_action_date_not_first_announcement,https://stockanalysis.com/actions/acquisitions/2021/,stockanalysis_company_page,CADE,Cadence Bank,2021-10-28 12:00:00+00:00,provisional_stockanalysis_action_date_not_first_announcement,,no_candidate_filings,,,,,
GLIBA,0002057463,Gci Liberty Inc,Nasdaq,ACQUISITION,2020-12-18,provisional_stockanalysis_action_date_not_first_announcement,https://stockanalysis.com/actions/acquisitions/2020/,sec_company_tickers_exchange,LBRDA,Liberty Broadband Corp,2020-12-18 12:00:00+00:00,provisional_stockanalysis_action_date_not_first_announcement,,no_candidate_filings_in_window,,,,,
EMIS,0002075816,Emisphere Technologies Inc,Nasdaq,ACQUISITION,2020-12-08,provisional_stockanalysis_action_date_not_first_announcement,https://stockanalysis.com/actions/acquisitions/2020/,sec_company_tickers_exchange,NVO,Novo Nordisk A S,2020-12-08 12:00:00+00:00,provisional_stockanalysis_action_date_not_first_announcement,,no_candidate_filings_in_window,,,,,
NTRP,0000788611,Neurotrope Inc,Nasdaq,ACQUISITION,2020-12-01,provisional_stockanalysis_action_date_not_first_announcement,https://stockanalysis.com/actions/acquisitions/2020/,sec_company_tickers_exchange,PTPI,Petros Pharmaceuticals Inc,2020-12-01 12:00:00+00:00,provisional_stockanalysis_action_date_not_first_announcement,,no_qualified_transaction_filing,,,,,
JCAP,0002046042,Jernigan Capital Inc,Nasdaq,ACQUISITION,2020-11-05,provisional_stockanalysis_action_date_not_first_announcement,https://stockanalysis.com/actions/acquisitions/2020/,sec_company_tickers_exchange,-,Nexpoint Advisors Lp,2020-11-05 12:00:00+00:00,provisional_stockanalysis_action_date_not_first_announcement,,no_candidate_filings_in_window,,,,,
BITA,0002089969,Bitauto Holdings Ltd.,Nasdaq,ACQUISITION,2020-11-02,provisional_stockanalysis_action_date_not_first_announcement,https://stockanalysis.com/actions/acquisitions/2020/,sec_company_tickers_exchange,-,Yiche Holding Limited,2020-11-02 12:00:00+00:00,provisional_stockanalysis_action_date_not_first_announcement,,no_candidate_filings_in_window,,,,,
CART,0001579091,Carolina Trust Bancshares Inc,Nasdaq,ACQUISITION,2019-12-31,provisional_stockanalysis_action_date_not_first_announcement,https://stockanalysis.com/actions/acquisitions/2019/,sec_company_tickers_exchange,CARO,Carolina Financial Corp,2019-12-31 12:00:00+00:00,provisional_stockanalysis_action_date_not_first_announcement,,no_candidate_filings_in_window,,,,,
STI,0001881551,Suntrust Banks Inc,Nasdaq,ACQUISITION,2019-12-06,provisional_stockanalysis_action_date_not_first_announcement,https://stockanalysis.com/actions/acquisitions/2019/,sec_company_tickers_exchange,TFC,Truist Financial Corp,2019-12-06 12:00:00+00:00,provisional_stockanalysis_action_date_not_first_announcement,,no_candidate_filings_in_window,,,,,
NCI,0001916331,Navigant Consulting Inc,Nasdaq,ACQUISITION,2019-10-10,provisional_stockanalysis_action_date_not_first_announcement,https://stockanalysis.com/actions/acquisitions/2019/,sec_company_tickers_exchange,-,Veritas Capital Management LLC,2019-10-10 12:00:00+00:00,provisional_stockanalysis_action_date_not_first_announcement,,no_candidate_filings,,,,,
GOLD,0001591588,Randgold Resources Ltd.,NYSE,ACQUISITION,2018-12-28,provisional_stockanalysis_action_date_not_first_announcement,https://stockanalysis.com/actions/acquisitions/2018/,sec_company_tickers_exchange,B,Barrick Mining Corp,2018-12-28 12:00:00+00:00,provisional_stockanalysis_action_date_not_first_announcement,2017-08-18 19:12:04+00:00,sec_candidate,7.0,definitive\s+agreement|entered\s+into\s+.*(?:merger|acquisition)|acquirer_symbol|item_1_01_transaction,8-K,0001591588-17-000050,https://www.sec.gov/Archives/edgar/data/1591588/000159158817000050/form8-k_glix8x18x17.htm
KTWO,0002086524,K2m Group Holdings Inc,Nasdaq,ACQUISITION,2018-11-08,provisional_stockanalysis_action_date_not_first_announcement,https://stockanalysis.com/actions/acquisitions/2018/,sec_company_tickers_exchange,SYK,Stryker Corp,2018-11-08 12:00:00+00:00,provisional_stockanalysis_action_date_not_first_announcement,,no_candidate_filings_in_window,,,,,
