symbol,cik,company_name,exchange,event_type,event_date,label_quality,source_url,cik_source,acquirer,acquirer_name,dataset_role
AEMD,0000882291,Aethlon Medical Inc,Nasdaq,MERGER,2026-09-17,audited_sec_8k_first_public_announcement,https://www.sec.gov/Archives/edgar/data/882291/000168316826007206/0001683168-26-007206-index.htm,manual_sec_8k,NRTX,North Immunology,MERGER
BRNS,0001828185,Barinthus Biotherapeutics PLC,Nasdaq,ACQUISITION,2026-09-16,provisional_stockanalysis_action_date_not_first_announcement,https://stockanalysis.com/actions/acquisitions/,sec_company_tickers_exchange,-,Clywedog Therapeutics Inc,ACQUISITION
ATAI,0002081043,Ataibeckley Inc,,ACQUISITION,2026-09-11,provisional_stockanalysis_action_date_not_first_announcement,https://stockanalysis.com/actions/acquisitions/2026/,stockanalysis_company_page,LLY,Eli Lilly & Co.,ACQUISITION
LPSN,0001102993,Liveperson Inc,Nasdaq,ACQUISITION,2026-09-03,provisional_stockanalysis_action_date_not_first_announcement,https://stockanalysis.com/actions/acquisitions/,sec_company_tickers_exchange,SOUN,Soundhound Ai Inc,ACQUISITION
APGE,0001974640,Apogee Therapeutics Inc,,ACQUISITION,2026-09-02,provisional_stockanalysis_action_date_not_first_announcement,https://stockanalysis.com/actions/acquisitions/,stockanalysis_company_page,ABBV,Abbvie Inc,ACQUISITION
CRNX,0001658247,Crinetics Pharmaceuticals Inc,,ACQUISITION,2026-09-01,provisional_stockanalysis_action_date_not_first_announcement,https://stockanalysis.com/actions/acquisitions/,stockanalysis_company_page,VRTX,Vertex Pharmaceuticals Inc,ACQUISITION
NCSM,0001692427,Ncs Multistage Holdings Inc,,ACQUISITION,2026-08-31,provisional_stockanalysis_action_date_not_first_announcement,https://stockanalysis.com/actions/acquisitions/,stockanalysis_company_page,WFRD,Weatherford International PLC,ACQUISITION
ALOT,0000008146,Astronova Inc,,ACQUISITION,2026-08-27,provisional_stockanalysis_action_date_not_first_announcement,https://stockanalysis.com/actions/acquisitions/,stockanalysis_company_page,-,Arcline Investment Management,ACQUISITION
FBRX,0001419041,Forte Biosciences Inc,,ACQUISITION,2026-08-27,provisional_stockanalysis_action_date_not_first_announcement,https://stockanalysis.com/actions/acquisitions/2026/,stockanalysis_company_page,ARGX,Argenx Se,ACQUISITION
LEG,0000058492,Leggett & Platt Inc,,ACQUISITION,2026-08-26,provisional_stockanalysis_action_date_not_first_announcement,https://stockanalysis.com/actions/acquisitions/2026/,stockanalysis_company_page,SGI,Somnigroup International Inc,ACQUISITION
TWO,0001465740,Two Harbors Investment Corp,,ACQUISITION,2026-08-24,provisional_stockanalysis_action_date_not_first_announcement,https://stockanalysis.com/actions/acquisitions/2026/,stockanalysis_company_page,-,Crosscountry Mortgage LLC,ACQUISITION
WBS,0000801337,Webster Financial Corp,,ACQUISITION,2026-08-19,provisional_stockanalysis_action_date_not_first_announcement,https://stockanalysis.com/actions/acquisitions/2026/,stockanalysis_company_page,SAN,Banco Santander SA,ACQUISITION
LBRDA,0001611983,Liberty Broadband Corp,,ACQUISITION,2026-08-19,provisional_stockanalysis_action_date_not_first_announcement,https://stockanalysis.com/actions/acquisitions/2026/,stockanalysis_company_page,CHTR,Charter Communications Inc,ACQUISITION
AVB,0000915912,Avalonbay Communities Inc,,ACQUISITION,2026-08-14,provisional_stockanalysis_action_date_not_first_announcement,https://stockanalysis.com/actions/acquisitions/,stockanalysis_company_page,VMRK,Vivmark Residential,ACQUISITION
TALK,0001803901,Talkspace Inc,,ACQUISITION,2026-08-14,provisional_stockanalysis_action_date_not_first_announcement,https://stockanalysis.com/actions/acquisitions/,stockanalysis_company_page,UHS,Universal Health Services Inc,ACQUISITION
MDV,0001645873,Modiv Industrial Inc,,ACQUISITION,2026-08-12,provisional_stockanalysis_action_date_not_first_announcement,https://stockanalysis.com/actions/acquisitions/2026/,stockanalysis_company_page,GNL,Global Net Lease Inc,ACQUISITION
ELSE,0000351789,Electro Sensors Inc,,ACQUISITION,2026-08-05,provisional_stockanalysis_action_date_not_first_announcement,https://stockanalysis.com/actions/acquisitions/2026/,stockanalysis_company_page,-,Steute Industrial Controls Inc.,ACQUISITION
EA,0000712515,Electronic Arts Inc,,ACQUISITION,2026-08-04,provisional_stockanalysis_action_date_not_first_announcement,https://stockanalysis.com/actions/acquisitions/,stockanalysis_company_page,-,Affinity Partners Gp Lp,ACQUISITION
ORLA,0001680056,Orla Mining Ltd.,,ACQUISITION,2026-07-31,provisional_stockanalysis_action_date_not_first_announcement,https://stockanalysis.com/actions/acquisitions/,stockanalysis_company_page,EQX,Equinox Gold Corp,ACQUISITION
AFBI,0001823406,Affinity Bancshares Inc,,ACQUISITION,2026-07-31,provisional_stockanalysis_action_date_not_first_announcement,https://stockanalysis.com/actions/acquisitions/,stockanalysis_company_page,-,Fidelity Bancshares Nc Inc,ACQUISITION
SKYT,0001819974,Skywater Technology Inc,,ACQUISITION,2026-07-30,provisional_stockanalysis_action_date_not_first_announcement,https://stockanalysis.com/actions/acquisitions/,stockanalysis_company_page,IONQ,Ionq Inc,ACQUISITION
LPRO,0001806201,Open Lending Corp,,ACQUISITION,2026-07-30,provisional_stockanalysis_action_date_not_first_announcement,https://stockanalysis.com/actions/acquisitions/,stockanalysis_company_page,-,Anv Group Holdings Ltd.,ACQUISITION
AVNS,0001606498,Avanos Medical Inc,,ACQUISITION,2026-07-24,provisional_stockanalysis_action_date_not_first_announcement,https://stockanalysis.com/actions/acquisitions/2026/,stockanalysis_company_page,-,American Industrial Partners Corp,ACQUISITION
TMHC,0001562476,Taylor Morrison Home Corp,,ACQUISITION,2026-07-23,provisional_stockanalysis_action_date_not_first_announcement,https://stockanalysis.com/actions/acquisitions/,stockanalysis_company_page,BRK.B,Berkshire Hathaway Inc,ACQUISITION
CCRN,0001141103,Cross Country Healthcare Inc,,ACQUISITION,2026-07-21,provisional_stockanalysis_action_date_not_first_announcement,https://stockanalysis.com/actions/acquisitions/,stockanalysis_company_page,-,Knox Lane Lp,ACQUISITION
KORE,0001855457,Kore Group Holdings Inc,,ACQUISITION,2026-07-21,provisional_stockanalysis_action_date_not_first_announcement,https://stockanalysis.com/actions/acquisitions/2026/,stockanalysis_company_page,-,Abry Partners LLC,ACQUISITION
NSA,0001618563,National Storage Affiliates Trust,,ACQUISITION,2026-07-21,provisional_stockanalysis_action_date_not_first_announcement,https://stockanalysis.com/actions/acquisitions/,stockanalysis_company_page,PSA,Public Storage,ACQUISITION
NFBK,0001493225,Northfield Bancorp Inc,,ACQUISITION,2026-07-20,provisional_stockanalysis_action_date_not_first_announcement,https://stockanalysis.com/actions/acquisitions/,stockanalysis_company_page,CLBK,Columbia Financial Inc,ACQUISITION
NUVL,0001861560,Nuvalent Inc,,ACQUISITION,2026-07-15,provisional_stockanalysis_action_date_not_first_announcement,https://stockanalysis.com/actions/acquisitions/2026/,stockanalysis_company_page,GSK,Gsk PLC,ACQUISITION
CPRX,0001369568,Catalyst Pharmaceuticals Inc,,ACQUISITION,2026-07-15,provisional_stockanalysis_action_date_not_first_announcement,https://stockanalysis.com/actions/acquisitions/,stockanalysis_company_page,-,Angelini Pharma SpA,ACQUISITION
GTLS,0000892553,Chart Industries Inc,,ACQUISITION,2026-07-15,provisional_stockanalysis_action_date_not_first_announcement,https://stockanalysis.com/actions/acquisitions/,stockanalysis_company_page,BKR,Baker Hughes Co.,ACQUISITION
EEX,0001579214,Emerald Holding Inc,,ACQUISITION,2026-07-13,provisional_stockanalysis_action_date_not_first_announcement,https://stockanalysis.com/actions/acquisitions/2026/,stockanalysis_company_page,APO,Apollo Global Management Inc,ACQUISITION
ESPR,0001434868,Esperion Therapeutics Inc,,ACQUISITION,2026-07-13,provisional_stockanalysis_action_date_not_first_announcement,https://stockanalysis.com/actions/acquisitions/2026/,stockanalysis_company_page,-,Archimed,ACQUISITION
XOMA,0000791908,Xoma Royalty Corp,,ACQUISITION,2026-07-13,provisional_stockanalysis_action_date_not_first_announcement,https://stockanalysis.com/actions/acquisitions/2026/,stockanalysis_company_page,LGND,Ligand Pharmaceuticals Inc,ACQUISITION
WSR,0001175535,Whitestone Reit,,ACQUISITION,2026-07-13,provisional_stockanalysis_action_date_not_first_announcement,https://stockanalysis.com/actions/acquisitions/2026/,stockanalysis_company_page,ARES,Ares Management Corp,ACQUISITION
TBRG,0001169445,Trubridge Inc,,ACQUISITION,2026-07-08,provisional_stockanalysis_action_date_not_first_announcement,https://stockanalysis.com/actions/acquisitions/2026/,stockanalysis_company_page,-,Iks Health,ACQUISITION
OLPX,0001868726,Olaplex Holdings Inc,,ACQUISITION,2026-07-07,provisional_stockanalysis_action_date_not_first_announcement,https://stockanalysis.com/actions/acquisitions/2026/,stockanalysis_company_page,HENKY,Henkel Ag & Co Kgaa,ACQUISITION
BLD,0001633931,Topbuild Corp,,ACQUISITION,2026-06-30,provisional_stockanalysis_action_date_not_first_announcement,https://stockanalysis.com/actions/acquisitions/2026/,stockanalysis_company_page,QXO,Qxo Inc,ACQUISITION
SEM,0001320414,Select Medical Holdings Corp,,ACQUISITION,2026-06-30,provisional_stockanalysis_action_date_not_first_announcement,https://stockanalysis.com/actions/acquisitions/,stockanalysis_company_page,-,Ortenzio Robert A,ACQUISITION
STEL,0001473844,Stellar Bancorp Inc,,ACQUISITION,2026-06-30,provisional_stockanalysis_action_date_not_first_announcement,https://stockanalysis.com/actions/acquisitions/,stockanalysis_company_page,PB,Prosperity Bancshares Inc,ACQUISITION
SILA,0001567925,Sila Realty Trust Inc,,ACQUISITION,2026-06-30,provisional_stockanalysis_action_date_not_first_announcement,https://stockanalysis.com/actions/acquisitions/,stockanalysis_company_page,OWL,Blue Owl Capital Inc,ACQUISITION
JHG,0001274173,Janus Henderson Group PLC,,ACQUISITION,2026-06-30,provisional_stockanalysis_action_date_not_first_announcement,https://stockanalysis.com/actions/acquisitions/,stockanalysis_company_page,-,Trian Fund Management Lp,ACQUISITION
PRA,0001127703,Proassurance Corp,,ACQUISITION,2026-06-25,provisional_stockanalysis_action_date_not_first_announcement,https://stockanalysis.com/actions/acquisitions/,stockanalysis_company_page,-,The Doctors Company,ACQUISITION
CWAN,0001866368,Clearwater Analytics Holdings Inc,,ACQUISITION,2026-06-24,provisional_stockanalysis_action_date_not_first_announcement,https://stockanalysis.com/actions/acquisitions/2026/,stockanalysis_company_page,-,Warburg Pincus LLC,ACQUISITION
CNTA,0001847903,Centessa Pharmaceuticals PLC,,ACQUISITION,2026-06-23,provisional_stockanalysis_action_date_not_first_announcement,https://stockanalysis.com/actions/acquisitions/2026/,stockanalysis_company_page,LLY,Eli Lilly & Co.,ACQUISITION
ASRT,0001005201,Assertio Holdings Inc,,ACQUISITION,2026-06-16,provisional_stockanalysis_action_date_not_first_announcement,https://stockanalysis.com/actions/acquisitions/,stockanalysis_company_page,-,Zydus Lifesciences Ltd.,ACQUISITION
KW,0001408100,Kennedy-wilson Holdings Inc,,ACQUISITION,2026-06-15,provisional_stockanalysis_action_date_not_first_announcement,https://stockanalysis.com/actions/acquisitions/,stockanalysis_company_page,FRFHF,Fairfax Financial Holdings Ltd.,ACQUISITION
KALV,0001348911,Kalvista Pharmaceuticals Inc,,ACQUISITION,2026-06-12,provisional_stockanalysis_action_date_not_first_announcement,https://stockanalysis.com/actions/acquisitions/,stockanalysis_company_page,-,Chiesi Farmaceutici SpA,ACQUISITION
MASI,0000937556,Masimo Corp,,ACQUISITION,2026-06-09,provisional_stockanalysis_action_date_not_first_announcement,https://stockanalysis.com/actions/acquisitions/,stockanalysis_company_page,DHR,Danaher Corp,ACQUISITION
FONR,0000355019,Fonar Corp,,ACQUISITION,2026-06-03,provisional_stockanalysis_action_date_not_first_announcement,https://stockanalysis.com/actions/acquisitions/,stockanalysis_company_page,-,Damadian Raymond V,ACQUISITION
FFIC,0000923139,Flushing Financial Corp,,ACQUISITION,2026-06-01,provisional_stockanalysis_action_date_not_first_announcement,https://stockanalysis.com/actions/acquisitions/,stockanalysis_company_page,OCFC,Oceanfirst Financial Corp,ACQUISITION
NVRI,0002104052,Enviri Corp,NYSE,ACQUISITION,2026-05-29,provisional_stockanalysis_action_date_not_first_announcement,https://stockanalysis.com/actions/acquisitions/,sec_company_tickers_exchange,VEOEY,Veolia Environnement,ACQUISITION
THR,0001489096,Thermon Group Holdings Inc,,ACQUISITION,2026-05-29,provisional_stockanalysis_action_date_not_first_announcement,https://stockanalysis.com/actions/acquisitions/,stockanalysis_company_page,CECO,Ceco Environmental Corp,ACQUISITION
AMWD,0000794619,American Woodmark Corp,,ACQUISITION,2026-05-28,provisional_stockanalysis_action_date_not_first_announcement,https://stockanalysis.com/actions/acquisitions/,stockanalysis_company_page,MBC,Masterbrand Inc,ACQUISITION
CVGW,0001133470,Calavo Growers Inc,,ACQUISITION,2026-05-28,provisional_stockanalysis_action_date_not_first_announcement,https://stockanalysis.com/actions/acquisitions/,stockanalysis_company_page,AVO,Mission Produce Inc,ACQUISITION
VRE,0000924901,Veris Residential Inc,,ACQUISITION,2026-05-26,provisional_stockanalysis_action_date_not_first_announcement,https://stockanalysis.com/actions/acquisitions/,stockanalysis_company_page,-,Affinius Capital,ACQUISITION
MCW,0001853513,Mister Car Wash Inc,,ACQUISITION,2026-05-19,provisional_stockanalysis_action_date_not_first_announcement,https://stockanalysis.com/actions/acquisitions/,stockanalysis_company_page,-,Leonard Green & Partners Lp,ACQUISITION
SLNO,0001484565,Soleno Therapeutics Inc,,ACQUISITION,2026-05-18,provisional_stockanalysis_action_date_not_first_announcement,https://stockanalysis.com/actions/acquisitions/,stockanalysis_company_page,NBIX,Neurocrine Biosciences Inc,ACQUISITION
APLS,0001492422,Apellis Pharmaceuticals Inc,,ACQUISITION,2026-05-15,provisional_stockanalysis_action_date_not_first_announcement,https://stockanalysis.com/actions/acquisitions/,stockanalysis_company_page,BIIB,Biogen Inc,ACQUISITION
EHAB,0001803737,Enhabit Inc,,ACQUISITION,2026-05-14,provisional_stockanalysis_action_date_not_first_announcement,https://stockanalysis.com/actions/acquisitions/,stockanalysis_company_page,-,Kinderhook Industries LLC,ACQUISITION
FORA,0001829280,Forian Inc,,ACQUISITION,2026-05-14,provisional_stockanalysis_action_date_not_first_announcement,https://stockanalysis.com/actions/acquisitions/,stockanalysis_company_page,-,2025 Acquisition Company LLC,ACQUISITION
MPX,0001129155,Marine Products Corp,,ACQUISITION,2026-05-14,provisional_stockanalysis_action_date_not_first_announcement,https://stockanalysis.com/actions/acquisitions/,stockanalysis_company_page,MCFT,Mastercraft Boat Holdings Inc,ACQUISITION
TPH,0001561680,Tri Pointe Homes Inc,,ACQUISITION,2026-05-13,provisional_stockanalysis_action_date_not_first_announcement,https://stockanalysis.com/actions/acquisitions/,stockanalysis_company_page,SMFRF,Sumitomo Forestry Co Ltd.,ACQUISITION
CSGS,0001005757,Csg Systems International Inc,,ACQUISITION,2026-05-13,provisional_stockanalysis_action_date_not_first_announcement,https://stockanalysis.com/actions/acquisitions/,stockanalysis_company_page,NECPY,Nec Corp,ACQUISITION
SNCY,0001743907,Sun Country Airlines Holdings Inc,,ACQUISITION,2026-05-12,provisional_stockanalysis_action_date_not_first_announcement,https://stockanalysis.com/actions/acquisitions/,stockanalysis_company_page,ALGT,Allegiant Travel Co.,ACQUISITION
UDMY,0001607939,Udemy Inc,,ACQUISITION,2026-05-11,provisional_stockanalysis_action_date_not_first_announcement,https://stockanalysis.com/actions/acquisitions/,stockanalysis_company_page,COUR,Coursera Inc,ACQUISITION
KZR,0001645666,Kezar Life Sciences Inc,,ACQUISITION,2026-05-11,provisional_stockanalysis_action_date_not_first_announcement,https://stockanalysis.com/actions/acquisitions/,stockanalysis_company_page,AUPH,Aurinia Pharmaceuticals Inc,ACQUISITION
EWCZ,0001856236,European Wax Center Inc,,ACQUISITION,2026-05-08,provisional_stockanalysis_action_date_not_first_announcement,https://stockanalysis.com/actions/acquisitions/,stockanalysis_company_page,-,General Atlantic,ACQUISITION
CTLP,0000896429,Cantaloupe Inc,,ACQUISITION,2026-05-07,provisional_stockanalysis_action_date_not_first_announcement,https://stockanalysis.com/actions/acquisitions/,stockanalysis_company_page,-,365 Retail Markets LLC,ACQUISITION
CTRA,0000858470,Coterra Energy Inc,,ACQUISITION,2026-05-06,provisional_stockanalysis_action_date_not_first_announcement,https://stockanalysis.com/actions/acquisitions/,stockanalysis_company_page,DVN,Devon Energy Corp,ACQUISITION
PKST,0001600626,Peakstone Realty Trust,,ACQUISITION,2026-05-05,provisional_stockanalysis_action_date_not_first_announcement,https://stockanalysis.com/actions/acquisitions/,stockanalysis_company_page,BAM,Brookfield Asset Management Ltd.,ACQUISITION
UHG,0001830188,United Homes Group Inc,,ACQUISITION,2026-05-04,provisional_stockanalysis_action_date_not_first_announcement,https://stockanalysis.com/actions/acquisitions/,stockanalysis_company_page,-,Stanley Martin Homes,ACQUISITION
FARM,0000034563,Farmer Brothers Co.,,ACQUISITION,2026-05-04,provisional_stockanalysis_action_date_not_first_announcement,https://stockanalysis.com/actions/acquisitions/,stockanalysis_company_page,-,Royal Cup Coffee & Tea,ACQUISITION
TERN,0001831363,Terns Pharmaceuticals Inc,,ACQUISITION,2026-05-04,provisional_stockanalysis_action_date_not_first_announcement,https://stockanalysis.com/actions/acquisitions/,stockanalysis_company_page,MRK,Merck & Co Inc,ACQUISITION
STKL,0000351834,Sunopta Inc,,ACQUISITION,2026-05-01,provisional_stockanalysis_action_date_not_first_announcement,https://stockanalysis.com/actions/acquisitions/,stockanalysis_company_page,-,Refresco Group Nv,ACQUISITION
LNKB,0001756701,Linkbancorp Inc,,ACQUISITION,2026-05-01,provisional_stockanalysis_action_date_not_first_announcement,https://stockanalysis.com/actions/acquisitions/,stockanalysis_company_page,BHRB,Burke & Herbert Financial Services Corp,ACQUISITION
GDEN,0001071255,Golden Entertainment Inc,,ACQUISITION,2026-04-29,provisional_stockanalysis_action_date_not_first_announcement,https://stockanalysis.com/actions/acquisitions/,stockanalysis_company_page,VICI,Vici Properties Inc,ACQUISITION
EM,0001834253,Smart Share Global Ltd.,,ACQUISITION,2026-04-28,provisional_stockanalysis_action_date_not_first_announcement,https://stockanalysis.com/actions/acquisitions/,stockanalysis_company_page,-,Mobile Charging Investment Limited,ACQUISITION
ACLX,0001786205,Arcellx Inc,,ACQUISITION,2026-04-28,provisional_stockanalysis_action_date_not_first_announcement,https://stockanalysis.com/actions/acquisitions/,stockanalysis_company_page,GILD,Gilead Sciences Inc,ACQUISITION
FOLD,0001178879,Amicus Therapeutics Inc,,ACQUISITION,2026-04-27,provisional_stockanalysis_action_date_not_first_announcement,https://stockanalysis.com/actions/acquisitions/,stockanalysis_company_page,BMRN,Biomarin Pharmaceutical Inc,ACQUISITION
SEMR,0001831840,Semrush Holdings Inc,,ACQUISITION,2026-04-27,provisional_stockanalysis_action_date_not_first_announcement,https://stockanalysis.com/actions/acquisitions/,stockanalysis_company_page,ADBE,Adobe Inc,ACQUISITION
DAWN,0001845337,Day One Biopharmaceuticals Inc,,ACQUISITION,2026-04-23,provisional_stockanalysis_action_date_not_first_announcement,https://stockanalysis.com/actions/acquisitions/,stockanalysis_company_page,-,Servier Pharmaceuticals LLC,ACQUISITION
DHIL,0000909108,Diamond Hill Investment Group Inc,,ACQUISITION,2026-04-21,provisional_stockanalysis_action_date_not_first_announcement,https://stockanalysis.com/actions/acquisitions/,stockanalysis_company_page,-,First Eagle Investment Management LLC,ACQUISITION
HTBK,0001053352,Heritage Commerce Corp,,ACQUISITION,2026-04-20,provisional_stockanalysis_action_date_not_first_announcement,https://stockanalysis.com/actions/acquisitions/,stockanalysis_company_page,CVBF,Cvb Financial Corp,ACQUISITION
MRCC,0001512931,Monroe Capital Corp,,ACQUISITION,2026-04-14,provisional_stockanalysis_action_date_not_first_announcement,https://stockanalysis.com/actions/acquisitions/,stockanalysis_company_page,HRZN,Horizon Technology Finance Corp,ACQUISITION
SEE,0001012100,Sealed Air Corp,,ACQUISITION,2026-04-08,provisional_stockanalysis_action_date_not_first_announcement,https://stockanalysis.com/actions/acquisitions/,stockanalysis_company_page,-,Cd&r,ACQUISITION
AL,0001487712,Air Lease Corp,,ACQUISITION,2026-04-07,provisional_stockanalysis_action_date_not_first_announcement,https://stockanalysis.com/actions/acquisitions/,stockanalysis_company_page,SSUMY,Sumitomo Corp,ACQUISITION
HOLX,0000859737,Hologic Inc,,ACQUISITION,2026-04-06,provisional_stockanalysis_action_date_not_first_announcement,https://stockanalysis.com/actions/acquisitions/,stockanalysis_company_page,-,Tpg Capital Lp,ACQUISITION
SWKH,0001089907,Swk Holdings Corp,,ACQUISITION,2026-04-06,provisional_stockanalysis_action_date_not_first_announcement,https://stockanalysis.com/actions/acquisitions/,stockanalysis_company_page,RWAY,Runway Growth Finance Corp,ACQUISITION
OS,0001889956,Onestream Inc,,ACQUISITION,2026-04-02,provisional_stockanalysis_action_date_not_first_announcement,https://stockanalysis.com/actions/acquisitions/,stockanalysis_company_page,-,Hg Capital,ACQUISITION
TBHC,0001056285,Brand House Collective Inc,,ACQUISITION,2026-04-01,provisional_stockanalysis_action_date_not_first_announcement,https://stockanalysis.com/actions/acquisitions/,stockanalysis_company_page,NXH,Neighborhood Intelligence Inc,ACQUISITION
BLFY,0001846017,Blue Foundry Bancorp,,ACQUISITION,2026-04-01,provisional_stockanalysis_action_date_not_first_announcement,https://stockanalysis.com/actions/acquisitions/,stockanalysis_company_page,FULT,Fulton Financial Corp,ACQUISITION
GLDD,0001372020,Great Lakes Dredge & Dock Corp,,ACQUISITION,2026-03-31,provisional_stockanalysis_action_date_not_first_announcement,https://stockanalysis.com/actions/acquisitions/,stockanalysis_company_page,-,Saltchuk Resources Inc,ACQUISITION
ONTF,0001110611,On24 Inc,,ACQUISITION,2026-03-31,provisional_stockanalysis_action_date_not_first_announcement,https://stockanalysis.com/actions/acquisitions/,stockanalysis_company_page,-,Cvent LLC,ACQUISITION
FFWM,0001413837,First Foundation Inc,,ACQUISITION,2026-03-31,provisional_stockanalysis_action_date_not_first_announcement,https://stockanalysis.com/actions/acquisitions/,stockanalysis_company_page,FSUN,Firstsun Capital Bancorp,ACQUISITION
UBFO,0001137547,United Security Bancshares,,ACQUISITION,2026-03-31,provisional_stockanalysis_action_date_not_first_announcement,https://stockanalysis.com/actions/acquisitions/,stockanalysis_company_page,CWBC,Community West Bancshares,ACQUISITION
DVS,0001542028,Dolly Varden Silver Corp,,ACQUISITION,2026-03-26,provisional_stockanalysis_action_date_not_first_announcement,https://stockanalysis.com/actions/acquisitions/,stockanalysis_company_page,CTGO,Contango Silver & Gold Inc,ACQUISITION
NGD,0000800166,New Gold Inc,,ACQUISITION,2026-03-23,provisional_stockanalysis_action_date_not_first_announcement,https://stockanalysis.com/actions/acquisitions/,stockanalysis_company_page,CDE,Coeur Mining Inc,ACQUISITION
TGNA,0000039899,Tegna Inc,,ACQUISITION,2026-03-20,provisional_stockanalysis_action_date_not_first_announcement,https://stockanalysis.com/actions/acquisitions/,stockanalysis_company_page,NXST,Nexstar Media Group Inc,ACQUISITION
EXAS,0001124140,Exact Sciences Corp,,ACQUISITION,2026-03-20,provisional_stockanalysis_action_date_not_first_announcement,https://stockanalysis.com/actions/acquisitions/,stockanalysis_company_page,ABT,Abbott Laboratories,ACQUISITION
QIPT,0001540013,Quipt Home Medical Corp,,ACQUISITION,2026-03-17,provisional_stockanalysis_action_date_not_first_announcement,https://stockanalysis.com/actions/acquisitions/,stockanalysis_company_page,-,Kingswood Capital Management Lp,ACQUISITION
CFLT,0001699838,Confluent Inc,,ACQUISITION,2026-03-17,provisional_stockanalysis_action_date_not_first_announcement,https://stockanalysis.com/actions/acquisitions/,stockanalysis_company_page,IBM,International Business Machines Corp,ACQUISITION
SGN,0001898474,Signing Day Sports Inc,,ACQUISITION,2026-03-16,provisional_stockanalysis_action_date_not_first_announcement,https://stockanalysis.com/actions/acquisitions/,stockanalysis_company_page,AIB,Aib Data Centers Inc,ACQUISITION
ALEX,0001545654,Alexander & Baldwin Inc,,ACQUISITION,2026-03-12,provisional_stockanalysis_action_date_not_first_announcement,https://stockanalysis.com/actions/acquisitions/,stockanalysis_company_page,-,Blackstone Real Estate Income Trust Inc,ACQUISITION
IROQ,0001514743,If Bancorp Inc,,ACQUISITION,2026-03-12,provisional_stockanalysis_action_date_not_first_announcement,https://stockanalysis.com/actions/acquisitions/,stockanalysis_company_page,-,Servbanc Holdco Inc,ACQUISITION
EB,0001475115,Eventbrite Inc,,ACQUISITION,2026-03-09,provisional_stockanalysis_action_date_not_first_announcement,https://stockanalysis.com/actions/acquisitions/,stockanalysis_company_page,BSP,Bending Spoons SpA,ACQUISITION
VTYX,0001851194,Ventyx Biosciences Inc,,ACQUISITION,2026-03-04,provisional_stockanalysis_action_date_not_first_announcement,https://stockanalysis.com/actions/acquisitions/,stockanalysis_company_page,LLY,Eli Lilly & Co.,ACQUISITION
RAPT,0001673772,Rapt Therapeutics Inc,,ACQUISITION,2026-03-03,provisional_stockanalysis_action_date_not_first_announcement,https://stockanalysis.com/actions/acquisitions/,stockanalysis_company_page,GSK,Gsk PLC,ACQUISITION
MBCN,0000836147,Middlefield Banc Corp,,ACQUISITION,2026-02-27,provisional_stockanalysis_action_date_not_first_announcement,https://stockanalysis.com/actions/acquisitions/,stockanalysis_company_page,FMNB,Farmers National Banc Corp,ACQUISITION
FRGE,0001827821,Forge Global Holdings Inc,,ACQUISITION,2026-02-27,provisional_stockanalysis_action_date_not_first_announcement,https://stockanalysis.com/actions/acquisitions/,stockanalysis_company_page,SCHW,Schwab Charles Corp,ACQUISITION
RNAM,0001599901,Avidity Biosciences Inc,,ACQUISITION,2026-02-26,provisional_stockanalysis_action_date_not_first_announcement,https://stockanalysis.com/actions/acquisitions/,stockanalysis_company_page,NVS,Novartis Ag,ACQUISITION
AHL,0001267395,Aspen Insurance Holdings Ltd.,,ACQUISITION,2026-02-23,provisional_stockanalysis_action_date_not_first_announcement,https://stockanalysis.com/actions/acquisitions/,stockanalysis_company_page,SMPNY,Sompo Holdings Inc,ACQUISITION
MGIC,0000876779,Magic Software Enterprises Ltd.,,ACQUISITION,2026-02-23,provisional_stockanalysis_action_date_not_first_announcement,https://stockanalysis.com/actions/acquisitions/,stockanalysis_company_page,-,Matrix It Ltd.,ACQUISITION
MOFG,0001412665,Midwestone Financial Group Inc,,ACQUISITION,2026-02-13,provisional_stockanalysis_action_date_not_first_announcement,https://stockanalysis.com/actions/acquisitions/,stockanalysis_company_page,NIC,Nicolet Bankshares Inc,ACQUISITION
SNCR,0001131554,Synchronoss Technologies Inc,,ACQUISITION,2026-02-13,provisional_stockanalysis_action_date_not_first_announcement,https://stockanalysis.com/actions/acquisitions/,stockanalysis_company_page,-,Lumine Group Inc,ACQUISITION
ZEUS,0000917470,Olympic Steel Inc,,ACQUISITION,2026-02-12,provisional_stockanalysis_action_date_not_first_announcement,https://stockanalysis.com/actions/acquisitions/,stockanalysis_company_page,RYZ,Ryerson Holding Corp,ACQUISITION
SOHO,0001301236,Sotherly Hotels Inc,,ACQUISITION,2026-02-12,provisional_stockanalysis_action_date_not_first_announcement,https://stockanalysis.com/actions/acquisitions/,stockanalysis_company_page,-,Kemmons Wilson Hospitality Partners Lp,ACQUISITION
AVDL,0001012477,Avadel Pharmaceuticals PLC,,ACQUISITION,2026-02-11,provisional_stockanalysis_action_date_not_first_announcement,https://stockanalysis.com/actions/acquisitions/,stockanalysis_company_page,ALKS,Alkermes PLC,ACQUISITION
CYBR,0001598110,Cyberark Software Ltd.,,ACQUISITION,2026-02-10,provisional_stockanalysis_action_date_not_first_announcement,https://stockanalysis.com/actions/acquisitions/,stockanalysis_company_page,PANW,Palo Alto Networks Inc,ACQUISITION
THS,0001320695,Treehouse Foods Inc,,ACQUISITION,2026-02-10,provisional_stockanalysis_action_date_not_first_announcement,https://stockanalysis.com/actions/acquisitions/,stockanalysis_company_page,-,Investindustrial Viii Scsp,ACQUISITION
GBIO,0001733294,Generation Bio Co.,,ACQUISITION,2026-02-09,provisional_stockanalysis_action_date_not_first_announcement,https://stockanalysis.com/actions/acquisitions/,stockanalysis_company_page,XOMA,Xoma Royalty Corp,ACQUISITION
DVAX,0001029142,Dynavax Technologies Corp,,ACQUISITION,2026-02-09,provisional_stockanalysis_action_date_not_first_announcement,https://stockanalysis.com/actions/acquisitions/,stockanalysis_company_page,SNY,Sanofi,ACQUISITION
HI,0001417398,Hillenbrand Inc,,ACQUISITION,2026-02-09,provisional_stockanalysis_action_date_not_first_announcement,https://stockanalysis.com/actions/acquisitions/,stockanalysis_company_page,-,Lone Star Funds,ACQUISITION
ISPO,0001820566,Inspirato Inc,,ACQUISITION,2026-02-03,provisional_stockanalysis_action_date_not_first_announcement,https://stockanalysis.com/actions/acquisitions/,stockanalysis_company_page,-,Exclusive Investments LLC,ACQUISITION
DAY,0001725057,Dayforce Inc,,ACQUISITION,2026-02-03,provisional_stockanalysis_action_date_not_first_announcement,https://stockanalysis.com/actions/acquisitions/,stockanalysis_company_page,-,Thoma Bravo Ugp LLC,ACQUISITION
APLT,0001697532,Applied Therapeutics Inc,,ACQUISITION,2026-02-03,provisional_stockanalysis_action_date_not_first_announcement,https://stockanalysis.com/actions/acquisitions/,stockanalysis_company_page,-,Cycle Group Holdings Limited,ACQUISITION
REVG,0001687221,Rev Group Inc,,ACQUISITION,2026-01-30,provisional_stockanalysis_action_date_not_first_announcement,https://stockanalysis.com/actions/acquisitions/,stockanalysis_company_page,TEX,Terex Corp,ACQUISITION
PCH,0001338749,Potlatchdeltic Corp,,ACQUISITION,2026-01-30,provisional_stockanalysis_action_date_not_first_announcement,https://stockanalysis.com/actions/acquisitions/,stockanalysis_company_page,RYN,Rayonier Inc,ACQUISITION
CADE,0001299939,Cadence Bank,,ACQUISITION,2026-01-30,provisional_stockanalysis_action_date_not_first_announcement,https://stockanalysis.com/actions/acquisitions/,stockanalysis_company_page,HBAN,Huntington Bancshares Inc,ACQUISITION
FSFG,0001435508,First Savings Financial Group Inc,,ACQUISITION,2026-01-30,provisional_stockanalysis_action_date_not_first_announcement,https://stockanalysis.com/actions/acquisitions/,stockanalysis_company_page,FRME,First Merchants Corp,ACQUISITION
CMA,0000028412,Comerica Inc,,ACQUISITION,2026-01-30,provisional_stockanalysis_action_date_not_first_announcement,https://stockanalysis.com/actions/acquisitions/,stockanalysis_company_page,FITB,Fifth Third Bancorp,ACQUISITION
CIVI,0001509589,Civitas Resources Inc,,ACQUISITION,2026-01-29,provisional_stockanalysis_action_date_not_first_announcement,https://stockanalysis.com/actions/acquisitions/,stockanalysis_company_page,SM,Sm Energy Co.,ACQUISITION
JAMF,0001721947,Jamf Holding Corp,,ACQUISITION,2026-01-29,provisional_stockanalysis_action_date_not_first_announcement,https://stockanalysis.com/actions/acquisitions/,stockanalysis_company_page,-,Francisco Partners Management Lp,ACQUISITION
SHCO,0001846510,Soho House & Co Inc,,ACQUISITION,2026-01-28,provisional_stockanalysis_action_date_not_first_announcement,https://stockanalysis.com/actions/acquisitions/,stockanalysis_company_page,-,Tyler Morse,ACQUISITION
RPTX,0001808158,Repare Therapeutics Inc,,ACQUISITION,2026-01-28,provisional_stockanalysis_action_date_not_first_announcement,https://stockanalysis.com/actions/acquisitions/,stockanalysis_company_page,-,Xenotherapeutics Corp,ACQUISITION
VSTA,0001792829,Vasta Platform Ltd.,,ACQUISITION,2026-01-28,provisional_stockanalysis_action_date_not_first_announcement,https://stockanalysis.com/actions/acquisitions/,stockanalysis_company_page,COGNY,Cogna Educacao SA,ACQUISITION
PLYM,0001515816,Plymouth Industrial Reit Inc,,ACQUISITION,2026-01-26,provisional_stockanalysis_action_date_not_first_announcement,https://stockanalysis.com/actions/acquisitions/,stockanalysis_company_page,-,Ares Alternative Credit Fund,ACQUISITION
GES,0000912463,Guess Inc,,ACQUISITION,2026-01-22,provisional_stockanalysis_action_date_not_first_announcement,https://stockanalysis.com/actions/acquisitions/,stockanalysis_company_page,-,Marciano Paul,ACQUISITION
ATXS,0001454789,Astria Therapeutics Inc,,ACQUISITION,2026-01-22,provisional_stockanalysis_action_date_not_first_announcement,https://stockanalysis.com/actions/acquisitions/,stockanalysis_company_page,BCRX,Biocryst Pharmaceuticals Inc,ACQUISITION
TRUE,0001327318,Truecar Inc,,ACQUISITION,2026-01-21,provisional_stockanalysis_action_date_not_first_announcement,https://stockanalysis.com/actions/acquisitions/,stockanalysis_company_page,-,Fair Holdings Inc,ACQUISITION
FYBR,0000020520,Frontier Communications Parent Inc,,ACQUISITION,2026-01-20,provisional_stockanalysis_action_date_not_first_announcement,https://stockanalysis.com/actions/acquisitions/,stockanalysis_company_page,VZ,Verizon Communications Inc,ACQUISITION
GIFI,0001031623,Gulf Island Fabrication Inc,,ACQUISITION,2026-01-16,provisional_stockanalysis_action_date_not_first_announcement,https://stockanalysis.com/actions/acquisitions/,stockanalysis_company_page,IESC,Ies Holdings Inc,ACQUISITION
DENN,0000852772,Denny's Corp,,ACQUISITION,2026-01-16,provisional_stockanalysis_action_date_not_first_announcement,https://stockanalysis.com/actions/acquisitions/,stockanalysis_company_page,-,Yadav Enterprises Inc,ACQUISITION
SMLR,0001554859,Semler Scientific Inc,,ACQUISITION,2026-01-15,provisional_stockanalysis_action_date_not_first_announcement,https://stockanalysis.com/actions/acquisitions/,stockanalysis_company_page,ASST,Strive Inc,ACQUISITION
HOUS,0001398987,Anywhere Real Estate Inc,,ACQUISITION,2026-01-08,provisional_stockanalysis_action_date_not_first_announcement,https://stockanalysis.com/actions/acquisitions/,stockanalysis_company_page,COMP,Compass Inc,ACQUISITION
CIO,0001593222,City Office Reit Inc,,ACQUISITION,2026-01-08,provisional_stockanalysis_action_date_not_first_announcement,https://stockanalysis.com/actions/acquisitions/,stockanalysis_company_page,-,Elliott Investment Management Lp,ACQUISITION
CVAC,0001809122,Curevac Nv,,ACQUISITION,2026-01-06,provisional_stockanalysis_action_date_not_first_announcement,https://stockanalysis.com/actions/acquisitions/,stockanalysis_company_page,BNTX,Biontech Se,ACQUISITION
CDTX,0001610618,Cidara Therapeutics Inc,,ACQUISITION,2026-01-06,provisional_stockanalysis_action_date_not_first_announcement,https://stockanalysis.com/actions/acquisitions/,stockanalysis_company_page,MRK,Merck & Co Inc,ACQUISITION
MRSN,0001442836,Mersana Therapeutics Inc,,ACQUISITION,2026-01-05,provisional_stockanalysis_action_date_not_first_announcement,https://stockanalysis.com/actions/acquisitions/,stockanalysis_company_page,DAWN,Day One Biopharmaceuticals Inc,ACQUISITION
PBBK,0001849670,Pb Bankshares Inc,,ACQUISITION,2026-01-02,provisional_stockanalysis_action_date_not_first_announcement,https://stockanalysis.com/actions/acquisitions/,stockanalysis_company_page,NWFL,Norwood Financial Corp,ACQUISITION
SNV,0000018349,Synovus Financial Corp,,ACQUISITION,2025-12-31,provisional_stockanalysis_action_date_not_first_announcement,https://stockanalysis.com/actions/acquisitions/,stockanalysis_company_page,PNFP,Pinnacle Financial Partners Inc,ACQUISITION
BFIN,0001303942,Bankfinancial Corp,,ACQUISITION,2025-12-31,provisional_stockanalysis_action_date_not_first_announcement,https://stockanalysis.com/actions/acquisitions/,stockanalysis_company_page,FFBC,First Financial Bancorp,ACQUISITION
WOW,0001701051,Wideopenwest Inc,,ACQUISITION,2025-12-30,provisional_stockanalysis_action_date_not_first_announcement,https://stockanalysis.com/actions/acquisitions/2025/,stockanalysis_company_page,-,Digitalbridge Investments LLC,ACQUISITION
MRUS,0001651311,Merus Nv,,ACQUISITION,2025-12-29,provisional_stockanalysis_action_date_not_first_announcement,https://stockanalysis.com/actions/acquisitions/,stockanalysis_company_page,GMAB,Genmab A,ACQUISITION
IAS,0001842718,Integral Ad Science Holding Corp,,ACQUISITION,2025-12-23,provisional_stockanalysis_action_date_not_first_announcement,https://stockanalysis.com/actions/acquisitions/,stockanalysis_company_page,-,Novacap,ACQUISITION
ZK,0001954042,Zeekr Intelligent Technology Holding Ltd.,,ACQUISITION,2025-12-19,provisional_stockanalysis_action_date_not_first_announcement,https://stockanalysis.com/actions/acquisitions/2025/,stockanalysis_company_page,GELYY,Geely Automobile Holdings Limited,ACQUISITION
PGRE,0001605607,Paramount Group Inc,,ACQUISITION,2025-12-18,provisional_stockanalysis_action_date_not_first_announcement,https://stockanalysis.com/actions/acquisitions/2025/,stockanalysis_company_page,RITM,Rithm Capital Corp,ACQUISITION
BRY,0001705873,Berry Corp (bry),,ACQUISITION,2025-12-17,provisional_stockanalysis_action_date_not_first_announcement,https://stockanalysis.com/actions/acquisitions/2025/,stockanalysis_company_page,CRC,California Resources Corp,ACQUISITION
SPNS,0000885740,Sapiens International Corp N V,,ACQUISITION,2025-12-16,provisional_stockanalysis_action_date_not_first_announcement,https://stockanalysis.com/actions/acquisitions/2025/,stockanalysis_company_page,-,Advent International LLC,ACQUISITION
EVOK,0001403708,Evoke Pharma Inc,,ACQUISITION,2025-12-16,provisional_stockanalysis_action_date_not_first_announcement,https://stockanalysis.com/actions/acquisitions/2025/,stockanalysis_company_page,-,Qol Medical LLC,ACQUISITION
BEDU,0001696355,Bright Scholar Education Holdings Ltd.,,ACQUISITION,2025-12-15,provisional_stockanalysis_action_date_not_first_announcement,https://stockanalysis.com/actions/acquisitions/2025/,stockanalysis_company_page,-,Excellence Education Investment Ltd.,ACQUISITION
ALE,0000066756,Allete Inc,,ACQUISITION,2025-12-12,provisional_stockanalysis_action_date_not_first_announcement,https://stockanalysis.com/actions/acquisitions/2025/,stockanalysis_company_page,-,Global Infrastructure Partners,ACQUISITION
SOL,0001417892,Emeren Group Ltd.,,ACQUISITION,2025-12-12,provisional_stockanalysis_action_date_not_first_announcement,https://stockanalysis.com/actions/acquisitions/,stockanalysis_company_page,-,Shurya Vitra Ltd.,ACQUISITION
VTLE,0001528129,Vital Energy Inc,,ACQUISITION,2025-12-12,provisional_stockanalysis_action_date_not_first_announcement,https://stockanalysis.com/actions/acquisitions/,stockanalysis_company_page,CRGY,Crescent Energy Co.,ACQUISITION
ODP,0000800240,Odp Corp,,ACQUISITION,2025-12-11,provisional_stockanalysis_action_date_not_first_announcement,https://stockanalysis.com/actions/acquisitions/,stockanalysis_company_page,-,Atlas Holdings,ACQUISITION
K,0000055067,Kellanova,,ACQUISITION,2025-12-11,provisional_stockanalysis_action_date_not_first_announcement,https://stockanalysis.com/actions/acquisitions/2025/,stockanalysis_company_page,-,Mars Inc,ACQUISITION
SCS,0001050825,Steelcase Inc,,ACQUISITION,2025-12-09,provisional_stockanalysis_action_date_not_first_announcement,https://stockanalysis.com/actions/acquisitions/,stockanalysis_company_page,HNI,Hni Corp,ACQUISITION
ADVM,0001501756,Adverum Biotechnologies Inc,,ACQUISITION,2025-12-09,provisional_stockanalysis_action_date_not_first_announcement,https://stockanalysis.com/actions/acquisitions/,stockanalysis_company_page,LLY,Eli Lilly & Co.,ACQUISITION
HSII,0001066605,Heidrick & Struggles International Inc,,ACQUISITION,2025-12-09,provisional_stockanalysis_action_date_not_first_announcement,https://stockanalysis.com/actions/acquisitions/,stockanalysis_company_page,-,Advent International LLC,ACQUISITION
AKRO,0001744659,Akero Therapeutics Inc,,ACQUISITION,2025-12-09,provisional_stockanalysis_action_date_not_first_announcement,https://stockanalysis.com/actions/acquisitions/,stockanalysis_company_page,NVO,Novo Nordisk A S,ACQUISITION
PRO,0001392972,Pros Holdings Inc,,ACQUISITION,2025-12-08,provisional_stockanalysis_action_date_not_first_announcement,https://stockanalysis.com/actions/acquisitions/,stockanalysis_company_page,-,Thoma Bravo Ugp LLC,ACQUISITION
SPR,0001364885,Spirit Aerosystems Holdings Inc,,ACQUISITION,2025-12-05,provisional_stockanalysis_action_date_not_first_announcement,https://stockanalysis.com/actions/acquisitions/2025/,stockanalysis_company_page,BA,Boeing Co.,ACQUISITION
MURA,0001971543,Mural Oncology PLC,,ACQUISITION,2025-12-04,provisional_stockanalysis_action_date_not_first_announcement,https://stockanalysis.com/actions/acquisitions/2025/,stockanalysis_company_page,XOMA,Xoma Royalty Corp,ACQUISITION
HBI,0001359841,Hanesbrands Inc,,ACQUISITION,2025-11-28,provisional_stockanalysis_action_date_not_first_announcement,https://stockanalysis.com/actions/acquisitions/2025/,stockanalysis_company_page,GIL,Gildan Activewear Inc,ACQUISITION
GHLD,0001821160,Guild Holdings Co.,,ACQUISITION,2025-11-26,provisional_stockanalysis_action_date_not_first_announcement,https://stockanalysis.com/actions/acquisitions/,stockanalysis_company_page,-,Bayview Asset Management LLC,ACQUISITION
IPG,0000051644,Interpublic Group Of Companies Inc,,ACQUISITION,2025-11-26,provisional_stockanalysis_action_date_not_first_announcement,https://stockanalysis.com/actions/acquisitions/2025/,stockanalysis_company_page,OMC,Omnicom Group Inc,ACQUISITION
VRNT,0001166388,Verint Systems Inc,,ACQUISITION,2025-11-26,provisional_stockanalysis_action_date_not_first_announcement,https://stockanalysis.com/actions/acquisitions/,stockanalysis_company_page,-,Calabrio Inc,ACQUISITION
PINC,0001577916,Premier Inc,,ACQUISITION,2025-11-24,provisional_stockanalysis_action_date_not_first_announcement,https://stockanalysis.com/actions/acquisitions/2025/,stockanalysis_company_page,-,Patient Square Capital LLC,ACQUISITION
VMEO,0001837686,Vimeo Inc,,ACQUISITION,2025-11-21,provisional_stockanalysis_action_date_not_first_announcement,https://stockanalysis.com/actions/acquisitions/,stockanalysis_company_page,BSP,Bending Spoons SpA,ACQUISITION
LVTX,0001840748,Lava Therapeutics Nv,,ACQUISITION,2025-11-21,provisional_stockanalysis_action_date_not_first_announcement,https://stockanalysis.com/actions/acquisitions/,stockanalysis_company_page,XOMA,Xoma Royalty Corp,ACQUISITION
OCFT,0001780531,Oneconnect Financial Technology Co Ltd.,,ACQUISITION,2025-11-20,provisional_stockanalysis_action_date_not_first_announcement,https://stockanalysis.com/actions/acquisitions/,stockanalysis_company_page,-,Bo Yu Ltd.,ACQUISITION
SRDX,0000924717,Surmodics Inc,,ACQUISITION,2025-11-18,provisional_stockanalysis_action_date_not_first_announcement,https://stockanalysis.com/actions/acquisitions/,stockanalysis_company_page,-,Gtcr LLC,ACQUISITION
INFA,0001868778,Informatica Inc,,ACQUISITION,2025-11-18,provisional_stockanalysis_action_date_not_first_announcement,https://stockanalysis.com/actions/acquisitions/,stockanalysis_company_page,CRM,Salesforce Inc,ACQUISITION
PVBC,0001635840,Provident Bancorp Inc,,ACQUISITION,2025-11-14,provisional_stockanalysis_action_date_not_first_announcement,https://stockanalysis.com/actions/acquisitions/,stockanalysis_company_page,NBBK,Nb Bancorp Inc,ACQUISITION
MTSR,0002040807,Metsera Inc,,ACQUISITION,2025-11-14,provisional_stockanalysis_action_date_not_first_announcement,https://stockanalysis.com/actions/acquisitions/2025/,stockanalysis_company_page,PFE,Pfizer Inc,ACQUISITION
EMX,0001285786,Emx Royalty Corp,,ACQUISITION,2025-11-14,provisional_stockanalysis_action_date_not_first_announcement,https://stockanalysis.com/actions/acquisitions/2025/,stockanalysis_company_page,ELE,Elemental Royalty Corp,ACQUISITION
MRC,0001439095,Mrc Global Inc,,ACQUISITION,2025-11-05,provisional_stockanalysis_action_date_not_first_announcement,https://stockanalysis.com/actions/acquisitions/2025/,stockanalysis_company_page,DNOW,Dnow Inc,ACQUISITION
CFSB,0001879103,Cfsb Bancorp Inc,,ACQUISITION,2025-11-03,provisional_stockanalysis_action_date_not_first_announcement,https://stockanalysis.com/actions/acquisitions/,stockanalysis_company_page,-,Hometown Financial Group Inc,ACQUISITION
TIXT,0001825155,Telus International (cda) Inc,,ACQUISITION,2025-10-31,provisional_stockanalysis_action_date_not_first_announcement,https://stockanalysis.com/actions/acquisitions/2025/,stockanalysis_company_page,TU,Telus Corp,ACQUISITION
HONE,0001769617,Harborone Bancorp Inc,,ACQUISITION,2025-10-31,provisional_stockanalysis_action_date_not_first_announcement,https://stockanalysis.com/actions/acquisitions/2025/,stockanalysis_company_page,EBC,Eastern Bankshares Inc,ACQUISITION
CCRD,0000320340,Corecard Corp,,ACQUISITION,2025-10-30,provisional_stockanalysis_action_date_not_first_announcement,https://stockanalysis.com/actions/acquisitions/2025/,stockanalysis_company_page,EEFT,Euronet Worldwide Inc,ACQUISITION
ETNB,0001785173,89bio Inc,,ACQUISITION,2025-10-30,provisional_stockanalysis_action_date_not_first_announcement,https://stockanalysis.com/actions/acquisitions/,stockanalysis_company_page,RHHBY,Roche Holding Ltd.,ACQUISITION
TRML,0001827506,Tourmaline Bio Inc,,ACQUISITION,2025-10-28,provisional_stockanalysis_action_date_not_first_announcement,https://stockanalysis.com/actions/acquisitions/2025/,stockanalysis_company_page,NVS,Novartis Ag,ACQUISITION
MLNK,0001834494,Meridianlink Inc,,ACQUISITION,2025-10-23,provisional_stockanalysis_action_date_not_first_announcement,https://stockanalysis.com/actions/acquisitions/,stockanalysis_company_page,-,Centerbridge Partners Lp,ACQUISITION
PBPB,0001195734,Potbelly Corp,,ACQUISITION,2025-10-22,provisional_stockanalysis_action_date_not_first_announcement,https://stockanalysis.com/actions/acquisitions/,stockanalysis_company_page,-,Racetrac Inc,ACQUISITION
PHLT,0001550695,Performant Healthcare Inc,,ACQUISITION,2025-10-21,provisional_stockanalysis_action_date_not_first_announcement,https://stockanalysis.com/actions/acquisitions/2025/,stockanalysis_company_page,-,Machinify,ACQUISITION
SAND,0001434614,Sandstorm Gold Ltd.,,ACQUISITION,2025-10-17,provisional_stockanalysis_action_date_not_first_announcement,https://stockanalysis.com/actions/acquisitions/2025/,stockanalysis_company_page,RGLD,Royal Gold Inc,ACQUISITION
ZIMV,0001876588,Zimvie Inc,,ACQUISITION,2025-10-17,provisional_stockanalysis_action_date_not_first_announcement,https://stockanalysis.com/actions/acquisitions/,stockanalysis_company_page,-,Archimed,ACQUISITION
VBTX,0001501570,Veritex Holdings Inc,,ACQUISITION,2025-10-17,provisional_stockanalysis_action_date_not_first_announcement,https://stockanalysis.com/actions/acquisitions/,stockanalysis_company_page,HBAN,Huntington Bancshares Inc,ACQUISITION
WNS,0001356570,Wns (holdings) Ltd.,,ACQUISITION,2025-10-16,provisional_stockanalysis_action_date_not_first_announcement,https://stockanalysis.com/actions/acquisitions/,stockanalysis_company_page,CGEMY,Cap Gemini SA,ACQUISITION
AVDX,0001858257,Avidxchange Holdings Inc,,ACQUISITION,2025-10-14,provisional_stockanalysis_action_date_not_first_announcement,https://stockanalysis.com/actions/acquisitions/,stockanalysis_company_page,-,Tpg Capital Lp,ACQUISITION
ARIS,0001964504,Aris Water Solutions Inc,NYSE,ACQUISITION,2025-10-14,provisional_stockanalysis_action_date_not_first_announcement,https://stockanalysis.com/actions/acquisitions/,sec_company_tickers_exchange,WES,Western Midstream Partners Lp,ACQUISITION
MTAL,0002107724,Mac Copper Ltd.,NYSE,ACQUISITION,2025-10-10,provisional_stockanalysis_action_date_not_first_announcement,https://stockanalysis.com/actions/acquisitions/,sec_company_tickers_exchange,HMY,Harmony Gold Mining Co Ltd.,ACQUISITION
EPIX,0001633932,Essa Pharma Inc,,ACQUISITION,2025-10-08,provisional_stockanalysis_action_date_not_first_announcement,https://stockanalysis.com/actions/acquisitions/,stockanalysis_company_page,-,Xenotherapeutics Corp,ACQUISITION
VRNA,0001657312,Verona Pharma PLC,,ACQUISITION,2025-10-07,provisional_stockanalysis_action_date_not_first_announcement,https://stockanalysis.com/actions/acquisitions/,stockanalysis_company_page,MRK,Merck & Co Inc,ACQUISITION
SCPH,0001604950,Scpharmaceuticals Inc,,ACQUISITION,2025-10-06,provisional_stockanalysis_action_date_not_first_announcement,https://stockanalysis.com/actions/acquisitions/,stockanalysis_company_page,MNKD,Mannkind Corp,ACQUISITION
MGRM,0001769759,Monogram Technologies Inc,,ACQUISITION,2025-10-06,provisional_stockanalysis_action_date_not_first_announcement,https://stockanalysis.com/actions/acquisitions/,stockanalysis_company_page,ZBH,Zimmer Biomet Holdings Inc,ACQUISITION
COOP,0000933136,Mr Cooper Group Inc,,ACQUISITION,2025-10-02,provisional_stockanalysis_action_date_not_first_announcement,https://stockanalysis.com/actions/acquisitions/,stockanalysis_company_page,RKT,Rocket Companies Inc,ACQUISITION
TTNP,0000910267,Titan Pharmaceuticals Inc,,ACQUISITION,2025-10-01,provisional_stockanalysis_action_date_not_first_announcement,https://stockanalysis.com/actions/acquisitions/,stockanalysis_company_page,BTTC,Black Titan Corp,ACQUISITION
NEUE,0001671284,Neuehealth Inc,,ACQUISITION,2025-10-01,provisional_stockanalysis_action_date_not_first_announcement,https://stockanalysis.com/actions/acquisitions/,stockanalysis_company_page,-,New Enterprise Associates,ACQUISITION
BGFV,0001156388,Big 5 Sporting Goods Corp,,ACQUISITION,2025-10-01,provisional_stockanalysis_action_date_not_first_announcement,https://stockanalysis.com/actions/acquisitions/,stockanalysis_company_page,-,Worldwide Golf Group LLC,ACQUISITION
GNTY,0001058867,Guaranty Bancshares Inc,,ACQUISITION,2025-09-30,provisional_stockanalysis_action_date_not_first_announcement,https://stockanalysis.com/actions/acquisitions/,stockanalysis_company_page,GBCI,Glacier Bancorp Inc,ACQUISITION
KLG,0001959348,Wk Kellogg Co.,,ACQUISITION,2025-09-25,provisional_stockanalysis_action_date_not_first_announcement,https://stockanalysis.com/actions/acquisitions/,stockanalysis_company_page,-,Ferrero Group,ACQUISITION
THTX,0001512717,Theratechnologies Inc,,ACQUISITION,2025-09-25,provisional_stockanalysis_action_date_not_first_announcement,https://stockanalysis.com/actions/acquisitions/,stockanalysis_company_page,-,Future Pak LLC,ACQUISITION
DALN,0001413898,Dallasnews Corp,,ACQUISITION,2025-09-24,provisional_stockanalysis_action_date_not_first_announcement,https://stockanalysis.com/actions/acquisitions/,stockanalysis_company_page,-,Hearst Communications Inc,ACQUISITION
BRFS,0001122491,Brf SA,,ACQUISITION,2025-09-22,provisional_stockanalysis_action_date_not_first_announcement,https://stockanalysis.com/actions/acquisitions/,stockanalysis_company_page,MRRTY,Marfrig Global Foods SA,ACQUISITION
SPTN,0000877422,Spartannash Co.,,ACQUISITION,2025-09-19,provisional_stockanalysis_action_date_not_first_announcement,https://stockanalysis.com/actions/acquisitions/,stockanalysis_company_page,-,C&s Wholesale Grocers Inc,ACQUISITION
IBTX,0000764038,Independent Bank Group Inc,,ACQUISITION,2024-12-31,provisional_stockanalysis_action_date_not_first_announcement,https://stockanalysis.com/actions/acquisitions/2024/,stockanalysis_company_page,SSB,Southstate Bank Corp,ACQUISITION
MNTX,0001302028,Manitex International Inc,,ACQUISITION,2024-12-31,provisional_stockanalysis_action_date_not_first_announcement,https://stockanalysis.com/actions/acquisitions/2024/,stockanalysis_company_page,-,Tadano Ltd.,ACQUISITION
NAPA,0001835256,Duckhorn Portfolio Inc,,ACQUISITION,2024-12-23,provisional_stockanalysis_action_date_not_first_announcement,https://stockanalysis.com/actions/acquisitions/2024/,stockanalysis_company_page,-,Marlee Buyer Inc,ACQUISITION
AGR,0001634997,Avangrid Inc,,ACQUISITION,2024-12-20,provisional_stockanalysis_action_date_not_first_announcement,https://stockanalysis.com/actions/acquisitions/2024/,stockanalysis_company_page,IBDRY,Iberdrola SA,ACQUISITION
CTLT,0001596783,Catalent Inc,,ACQUISITION,2024-12-17,provisional_stockanalysis_action_date_not_first_announcement,https://stockanalysis.com/actions/acquisitions/2024/,stockanalysis_company_page,NVO,Novo Nordisk A S,ACQUISITION
PGRU,0001873331,Propertyguru Group Ltd.,,ACQUISITION,2024-12-12,provisional_stockanalysis_action_date_not_first_announcement,https://stockanalysis.com/actions/acquisitions/2024/,stockanalysis_company_page,-,Eqt Private Equity Co LLC,ACQUISITION
AY,0001601072,Atlantica Sustainable Infrastructure PLC,,ACQUISITION,2024-12-12,provisional_stockanalysis_action_date_not_first_announcement,https://stockanalysis.com/actions/acquisitions/2024/,stockanalysis_company_page,-,Energy Capital Partners Management Lp,ACQUISITION
VZIO,0001835591,Vizio Holding Corp,,ACQUISITION,2024-12-02,provisional_stockanalysis_action_date_not_first_announcement,https://stockanalysis.com/actions/acquisitions/2024/,stockanalysis_company_page,WMT,Walmart Inc,ACQUISITION
LBPH,0001832168,Longboard Pharmaceuticals Inc,,ACQUISITION,2024-11-29,provisional_stockanalysis_action_date_not_first_announcement,https://stockanalysis.com/actions/acquisitions/2024/,stockanalysis_company_page,HLUKF,H Lundbeck A S,ACQUISITION
ENV,0001337619,Envestnet Inc,,ACQUISITION,2024-11-22,provisional_stockanalysis_action_date_not_first_announcement,https://stockanalysis.com/actions/acquisitions/2024/,stockanalysis_company_page,-,Bain Capital Partners LLC,ACQUISITION
HAYN,0000858655,Haynes International Inc,,ACQUISITION,2024-11-20,provisional_stockanalysis_action_date_not_first_announcement,https://stockanalysis.com/actions/acquisitions/2024/,stockanalysis_company_page,ANIOY,Acerinox SA,ACQUISITION
RCM,0001910851,R1 Rcm Inc,,ACQUISITION,2024-11-18,provisional_stockanalysis_action_date_not_first_announcement,https://stockanalysis.com/actions/acquisitions/2024/,stockanalysis_company_page,-,Towerbrook Capital Partners LLC,ACQUISITION
NVEI,0001765159,Nuvei Corp,,ACQUISITION,2024-11-15,provisional_stockanalysis_action_date_not_first_announcement,https://stockanalysis.com/actions/acquisitions/2024/,stockanalysis_company_page,-,Advent International LLC,ACQUISITION
AXNX,0001603756,Axonics Inc,,ACQUISITION,2024-11-14,provisional_stockanalysis_action_date_not_first_announcement,https://stockanalysis.com/actions/acquisitions/2024/,stockanalysis_company_page,BSX,Boston Scientific Corp,ACQUISITION
INST,0001841804,Instructure Holdings Inc,,ACQUISITION,2024-11-12,provisional_stockanalysis_action_date_not_first_announcement,https://stockanalysis.com/actions/acquisitions/2024/,stockanalysis_company_page,KKR,Kkr & Co Inc,ACQUISITION
TWKS,0001866550,Thoughtworks Holding Inc,,ACQUISITION,2024-11-12,provisional_stockanalysis_action_date_not_first_announcement,https://stockanalysis.com/actions/acquisitions/2024/,stockanalysis_company_page,-,Apax Partners LLC,ACQUISITION
SRCL,0000861878,Stericycle Inc,,ACQUISITION,2024-11-01,provisional_stockanalysis_action_date_not_first_announcement,https://stockanalysis.com/actions/acquisitions/2024/,stockanalysis_company_page,WM,Waste Management Inc,ACQUISITION
GVP,0000944480,Gse Systems Inc,,ACQUISITION,2024-10-31,provisional_stockanalysis_action_date_not_first_announcement,https://stockanalysis.com/actions/acquisitions/2024/,stockanalysis_company_page,-,Pelican Energy Partners Lp,ACQUISITION
GRDI,0000827876,Griid Infrastructure Inc,,ACQUISITION,2024-10-30,provisional_stockanalysis_action_date_not_first_announcement,https://stockanalysis.com/actions/acquisitions/2024/,stockanalysis_company_page,CLSK,Cleanspark Inc,ACQUISITION
STER,0001210677,Sterling Check Corp,,ACQUISITION,2024-10-30,provisional_stockanalysis_action_date_not_first_announcement,https://stockanalysis.com/actions/acquisitions/2024/,stockanalysis_company_page,FA,First Advantage Corp,ACQUISITION
LLAP,0000936468,Terran Orbital Corp,,ACQUISITION,2024-10-29,provisional_stockanalysis_action_date_not_first_announcement,https://stockanalysis.com/actions/acquisitions/2024/,stockanalysis_company_page,LMT,Lockheed Martin Corp,ACQUISITION
PETQ,0001668673,Petiq Inc,,ACQUISITION,2024-10-24,provisional_stockanalysis_action_date_not_first_announcement,https://stockanalysis.com/actions/acquisitions/2024/,stockanalysis_company_page,-,Bansk Group,ACQUISITION
SHCR,0001816233,Sharecare Inc,,ACQUISITION,2024-10-21,provisional_stockanalysis_action_date_not_first_announcement,https://stockanalysis.com/actions/acquisitions/2024/,stockanalysis_company_page,-,Altaris Capital Lp,ACQUISITION
SQSP,0001496963,Squarespace Inc,,ACQUISITION,2024-10-16,provisional_stockanalysis_action_date_not_first_announcement,https://stockanalysis.com/actions/acquisitions/2024/,stockanalysis_company_page,-,Permira Holdings Ltd.,ACQUISITION
CHUY,0001524931,Chuy's Holdings Inc,,ACQUISITION,2024-10-10,provisional_stockanalysis_action_date_not_first_announcement,https://stockanalysis.com/actions/acquisitions/2024/,stockanalysis_company_page,DRI,Darden Restaurants Inc,ACQUISITION
HMNF,0000903419,Hmn Financial Inc,,ACQUISITION,2024-10-09,provisional_stockanalysis_action_date_not_first_announcement,https://stockanalysis.com/actions/acquisitions/2024/,stockanalysis_company_page,ALRS,Alerus Financial Corp,ACQUISITION
VGR,0000059440,Vector Group Ltd.,,ACQUISITION,2024-10-07,provisional_stockanalysis_action_date_not_first_announcement,https://stockanalysis.com/actions/acquisitions/2024/,stockanalysis_company_page,-,Jt Group,ACQUISITION
PRFT,0001085869,Perficient Inc,,ACQUISITION,2024-10-01,provisional_stockanalysis_action_date_not_first_announcement,https://stockanalysis.com/actions/acquisitions/2024/,stockanalysis_company_page,-,Bpea Private Equity Fund Viii Co-investment Lp,ACQUISITION
AUGX,0001769804,Augmedix Inc,,ACQUISITION,2024-10-01,provisional_stockanalysis_action_date_not_first_announcement,https://stockanalysis.com/actions/acquisitions/2024/,stockanalysis_company_page,-,Commure Inc,ACQUISITION
PWSC,0001835681,Powerschool Holdings Inc,,ACQUISITION,2024-09-30,provisional_stockanalysis_action_date_not_first_announcement,https://stockanalysis.com/actions/acquisitions/2024/,stockanalysis_company_page,-,Bain Capital,ACQUISITION
SWN,0000895126,Southwestern Energy Co.,,ACQUISITION,2024-09-30,provisional_stockanalysis_action_date_not_first_announcement,https://stockanalysis.com/actions/acquisitions/2024/,stockanalysis_company_page,EXE,Expand Energy Corp,ACQUISITION
SGE,0001591890,Strong Global Entertainment Inc,,ACQUISITION,2024-09-27,provisional_stockanalysis_action_date_not_first_announcement,https://stockanalysis.com/actions/acquisitions/2024/,stockanalysis_company_page,FGNX,Fg Nexus Inc,ACQUISITION
DOMA,0001722438,Doma Holdings Inc,,ACQUISITION,2024-09-26,provisional_stockanalysis_action_date_not_first_announcement,https://stockanalysis.com/actions/acquisitions/2024/,stockanalysis_company_page,-,Title Resources Group,ACQUISITION
GTHX,0001560241,G1 Therapeutics Inc,,ACQUISITION,2024-09-17,provisional_stockanalysis_action_date_not_first_announcement,https://stockanalysis.com/actions/acquisitions/2024/,stockanalysis_company_page,-,Pharmacosmos A,ACQUISITION
HA,0000766421,Hawaiian Holdings Inc,,ACQUISITION,2024-09-17,provisional_stockanalysis_action_date_not_first_announcement,https://stockanalysis.com/actions/acquisitions/2024/,stockanalysis_company_page,ALK,Alaska Air Group Inc,ACQUISITION
SILK,0001397702,Silk Road Medical Inc,,ACQUISITION,2024-09-16,provisional_stockanalysis_action_date_not_first_announcement,https://stockanalysis.com/actions/acquisitions/2024/,stockanalysis_company_page,BSX,Boston Scientific Corp,ACQUISITION
ALIM,0001023024,Alimera Sciences Inc,,ACQUISITION,2024-09-13,provisional_stockanalysis_action_date_not_first_announcement,https://stockanalysis.com/actions/acquisitions/2024/,stockanalysis_company_page,ANIP,Ani Pharmaceuticals Inc,ACQUISITION
DO,0001895262,Diamond Offshore Drilling Inc,,ACQUISITION,2024-09-03,provisional_stockanalysis_action_date_not_first_announcement,https://stockanalysis.com/actions/acquisitions/2024/,stockanalysis_company_page,NE,Noble Corp PLC,ACQUISITION
MRDB,0001929589,Mariadb PLC,,ACQUISITION,2024-08-23,provisional_stockanalysis_action_date_not_first_announcement,https://stockanalysis.com/actions/acquisitions/2024/,stockanalysis_company_page,-,Meridian Bidco LLC,ACQUISITION
RPT,0001614806,Rpt Realty,NYSE,ACQUISITION,2023-12-29,provisional_stockanalysis_action_date_not_first_announcement,https://stockanalysis.com/actions/acquisitions/2023/,sec_company_tickers_exchange,KIM,Kimco Realty Corp,ACQUISITION
NETI,0001978867,Eneti Inc,,ACQUISITION,2023-12-28,provisional_stockanalysis_action_date_not_first_announcement,https://stockanalysis.com/actions/acquisitions/2023/,stockanalysis_company_page,CDLR,Cadeler A,ACQUISITION
AMTI,0000922247,Applied Molecular Transport Inc,,ACQUISITION,2023-12-26,provisional_stockanalysis_action_date_not_first_announcement,https://stockanalysis.com/actions/acquisitions/2023/,stockanalysis_company_page,CYTH,Cyclo Therapeutics Inc,ACQUISITION
PNT,0000059478,Point Biopharma Global Inc,,ACQUISITION,2023-12-26,provisional_stockanalysis_action_date_not_first_announcement,https://stockanalysis.com/actions/acquisitions/2023/,stockanalysis_company_page,LLY,Eli Lilly & Co.,ACQUISITION
LVOX,0001003935,Livevox Holdings Inc,,ACQUISITION,2023-12-22,provisional_stockanalysis_action_date_not_first_announcement,https://stockanalysis.com/actions/acquisitions/2023/,stockanalysis_company_page,NICE,Nice Ltd.,ACQUISITION
CD,0001527762,Chindata Group Holdings Ltd.,Nasdaq,ACQUISITION,2023-12-18,provisional_stockanalysis_action_date_not_first_announcement,https://stockanalysis.com/actions/acquisitions/2023/,sec_company_tickers_exchange,-,Bain Capital,ACQUISITION
PCTI,0000820313,Pc Tel Inc,,ACQUISITION,2023-12-15,provisional_stockanalysis_action_date_not_first_announcement,https://stockanalysis.com/actions/acquisitions/2023/,stockanalysis_company_page,APH,Amphenol Corp,ACQUISITION
NM,0001333172,Navios Maritime Holdings Inc,,ACQUISITION,2023-12-13,provisional_stockanalysis_action_date_not_first_announcement,https://stockanalysis.com/actions/acquisitions/2023/,stockanalysis_company_page,-,N Logistics Holdings,ACQUISITION
AAIC,0001411342,Arlington Asset Investment Corp,,ACQUISITION,2023-12-13,provisional_stockanalysis_action_date_not_first_announcement,https://stockanalysis.com/actions/acquisitions/2023/,stockanalysis_company_page,EFC,Ellington Financial Inc,ACQUISITION
SGEN,0000078003,Seagen Inc,,ACQUISITION,2023-12-13,provisional_stockanalysis_action_date_not_first_announcement,https://stockanalysis.com/actions/acquisitions/2023/,stockanalysis_company_page,PFE,Pfizer Inc,ACQUISITION
MIRO,0001527096,Miromatrix Medical Inc,,ACQUISITION,2023-12-12,provisional_stockanalysis_action_date_not_first_announcement,https://stockanalysis.com/actions/acquisitions/2023/,stockanalysis_company_page,UTHR,United Therapeutics Corp,ACQUISITION
WMC,0001514281,Western Asset Mortgage Capital Corp,,ACQUISITION,2023-12-05,provisional_stockanalysis_action_date_not_first_announcement,https://stockanalysis.com/actions/acquisitions/2023/,stockanalysis_company_page,MITT,Tpg Mortgage Investment Trust Inc,ACQUISITION
ABCM,0000313616,Abcam PLC,,ACQUISITION,2023-12-05,provisional_stockanalysis_action_date_not_first_announcement,https://stockanalysis.com/actions/acquisitions/2023/,stockanalysis_company_page,DHR,Danaher Corp,ACQUISITION
GHL,0001335730,Greenhill & Co Inc,,ACQUISITION,2023-11-30,provisional_stockanalysis_action_date_not_first_announcement,https://stockanalysis.com/actions/acquisitions/2023/,stockanalysis_company_page,MFG,Mizuho Financial Group Inc,ACQUISITION
PTRS,0001756701,Partners Bancorp,,ACQUISITION,2023-11-30,provisional_stockanalysis_action_date_not_first_announcement,https://stockanalysis.com/actions/acquisitions/2023/,stockanalysis_company_page,LNKB,Linkbancorp Inc,ACQUISITION
HEP,0001915657,Holly Energy Partners Lp,,ACQUISITION,2023-11-30,provisional_stockanalysis_action_date_not_first_announcement,https://stockanalysis.com/actions/acquisitions/2023/,stockanalysis_company_page,DINO,Hf Sinclair Corp,ACQUISITION
PACW,0001169770,Pacwest Bancorp,,ACQUISITION,2023-11-30,provisional_stockanalysis_action_date_not_first_announcement,https://stockanalysis.com/actions/acquisitions/2023/,stockanalysis_company_page,BANC,Banc Of California Inc,ACQUISITION
VMW,0001124610,Vmware Inc,,ACQUISITION,2023-11-21,provisional_stockanalysis_action_date_not_first_announcement,https://stockanalysis.com/actions/acquisitions/2023/,stockanalysis_company_page,AVGO,Broadcom Inc,ACQUISITION
ARGO,0001837429,Argo Group International Holdings Ltd.,,ACQUISITION,2023-11-15,provisional_stockanalysis_action_date_not_first_announcement,https://stockanalysis.com/actions/acquisitions/2023/,stockanalysis_company_page,BNT,Brookfield Wealth Solutions Ltd.,ACQUISITION
APRN,0001701114,Blue Apron Holdings Inc,,ACQUISITION,2023-11-10,provisional_stockanalysis_action_date_not_first_announcement,https://stockanalysis.com/actions/acquisitions/2023/,stockanalysis_company_page,-,Wonder Group Inc,ACQUISITION
EQRX,0001628171,Eqrx Inc,,ACQUISITION,2023-11-08,provisional_stockanalysis_action_date_not_first_announcement,https://stockanalysis.com/actions/acquisitions/2023/,stockanalysis_company_page,RVMD,Revolution Medicines Inc,ACQUISITION
NXGN,0000708818,Nextgen Healthcare Inc,,ACQUISITION,2023-11-08,provisional_stockanalysis_action_date_not_first_announcement,https://stockanalysis.com/actions/acquisitions/2023/,stockanalysis_company_page,-,Thoma Bravo Ugp LLC,ACQUISITION
NEWR,0001448056,New Relic Inc,,ACQUISITION,2023-11-07,provisional_stockanalysis_action_date_not_first_announcement,https://stockanalysis.com/actions/acquisitions/2023/,stockanalysis_company_page,-,Francisco Partners Management Lp,ACQUISITION
ICPT,0001270073,Intercept Pharmaceuticals Inc,,ACQUISITION,2023-11-07,provisional_stockanalysis_action_date_not_first_announcement,https://stockanalysis.com/actions/acquisitions/2023/,stockanalysis_company_page,-,Alfasigma SpA,ACQUISITION
TWNK,0001644406,Hostess Brands Inc,,ACQUISITION,2023-11-06,provisional_stockanalysis_action_date_not_first_announcement,https://stockanalysis.com/actions/acquisitions/2023/,stockanalysis_company_page,SJM,J M Smucker Co.,ACQUISITION
CEQP,0001136352,Crestwood Equity Partners Lp,,ACQUISITION,2023-11-02,provisional_stockanalysis_action_date_not_first_announcement,https://stockanalysis.com/actions/acquisitions/2023/,stockanalysis_company_page,ET,Energy Transfer Lp,ACQUISITION
DEN,0000034088,Denbury Inc,,ACQUISITION,2023-11-01,provisional_stockanalysis_action_date_not_first_announcement,https://stockanalysis.com/actions/acquisitions/2023/,stockanalysis_company_page,XOM,Exxon Mobil Corp,ACQUISITION
ESTE,0001658566,Earthstone Energy Inc,,ACQUISITION,2023-10-31,provisional_stockanalysis_action_date_not_first_announcement,https://stockanalysis.com/actions/acquisitions/2023/,stockanalysis_company_page,PR,Permian Resources Corp,ACQUISITION
PFSW,0001852244,Pfsweb Inc,,ACQUISITION,2023-10-23,provisional_stockanalysis_action_date_not_first_announcement,https://stockanalysis.com/actions/acquisitions/2023/,stockanalysis_company_page,GXO,Gxo Logistics Inc,ACQUISITION
CIR,0001404912,Circor International Inc,,ACQUISITION,2023-10-17,provisional_stockanalysis_action_date_not_first_announcement,https://stockanalysis.com/actions/acquisitions/2023/,stockanalysis_company_page,-,Kohlberg Kravis Roberts & Co Lp,ACQUISITION
EMCF,0000709337,Emclaire Financial Corp,,ACQUISITION,2022-12-30,provisional_stockanalysis_action_date_not_first_announcement,https://stockanalysis.com/actions/acquisitions/2022/,stockanalysis_company_page,FMNB,Farmers National Banc Corp,ACQUISITION
PCSB,0001049782,Pcsb Financial Corp,,ACQUISITION,2022-12-30,provisional_stockanalysis_action_date_not_first_announcement,https://stockanalysis.com/actions/acquisitions/2022/,stockanalysis_company_page,BRKL,Brookline Bancorp Inc,ACQUISITION
ABMD,0000200406,Abiomed Inc,,ACQUISITION,2022-12-21,provisional_stockanalysis_action_date_not_first_announcement,https://stockanalysis.com/actions/acquisitions/2022/,stockanalysis_company_page,JNJ,Johnson & Johnson,ACQUISITION
RCOR,0001281895,Renovacor Inc,,ACQUISITION,2022-11-30,provisional_stockanalysis_action_date_not_first_announcement,https://stockanalysis.com/actions/acquisitions/2022/,stockanalysis_company_page,RCKT,Rocket Pharmaceuticals Inc,ACQUISITION
AKUS,0000059478,Akouos Inc,,ACQUISITION,2022-11-30,provisional_stockanalysis_action_date_not_first_announcement,https://stockanalysis.com/actions/acquisitions/2022/,stockanalysis_company_page,LLY,Eli Lilly & Co.,ACQUISITION
PBFX,0001534504,Pbf Logistics Lp,,ACQUISITION,2022-11-29,provisional_stockanalysis_action_date_not_first_announcement,https://stockanalysis.com/actions/acquisitions/2022/,stockanalysis_company_page,PBF,Pbf Energy Inc,ACQUISITION
TEN,0001166663,Tenneco Inc,NYSE,ACQUISITION,2022-11-16,provisional_stockanalysis_action_date_not_first_announcement,https://stockanalysis.com/actions/acquisitions/2022/,sec_company_tickers_exchange,APO,Apollo Global Management Inc,ACQUISITION
LOGC,0002064307,Logicbio Therapeutics Inc,OTC,ACQUISITION,2022-11-15,provisional_stockanalysis_action_date_not_first_announcement,https://stockanalysis.com/actions/acquisitions/2022/,sec_company_tickers_exchange,AZN,Astrazeneca PLC,ACQUISITION
CCXI,0002074973,Chemocentryx Inc,Nasdaq,ACQUISITION,2022-10-19,provisional_stockanalysis_action_date_not_first_announcement,https://stockanalysis.com/actions/acquisitions/2022/,sec_company_tickers_exchange,AMGN,Amgen Inc,ACQUISITION
COR,0001140859,Coresite Realty Corp,NYSE,ACQUISITION,2021-12-27,provisional_stockanalysis_action_date_not_first_announcement,https://stockanalysis.com/actions/acquisitions/2021/,sec_company_tickers_exchange,AMT,American Tower Corp,ACQUISITION
ECHO,0001415404,Echo Global Logistics Inc,Nasdaq,ACQUISITION,2021-11-22,provisional_stockanalysis_action_date_not_first_announcement,https://stockanalysis.com/actions/acquisitions/2021/,sec_company_tickers_exchange,-,The Jordan Company Lp,ACQUISITION
CAI,0002019410,Cai International Inc,Nasdaq,ACQUISITION,2021-11-19,provisional_stockanalysis_action_date_not_first_announcement,https://stockanalysis.com/actions/acquisitions/2021/,sec_company_tickers_exchange,-,Mitsubishi Hc Capital Inc,ACQUISITION
CADE,0001299939,Cadence Bancorporation,,ACQUISITION,2021-10-28,provisional_stockanalysis_action_date_not_first_announcement,https://stockanalysis.com/actions/acquisitions/2021/,stockanalysis_company_page,CADE,Cadence Bank,ACQUISITION
GLIBA,0002057463,Gci Liberty Inc,Nasdaq,ACQUISITION,2020-12-18,provisional_stockanalysis_action_date_not_first_announcement,https://stockanalysis.com/actions/acquisitions/2020/,sec_company_tickers_exchange,LBRDA,Liberty Broadband Corp,ACQUISITION
EMIS,0002075816,Emisphere Technologies Inc,Nasdaq,ACQUISITION,2020-12-08,provisional_stockanalysis_action_date_not_first_announcement,https://stockanalysis.com/actions/acquisitions/2020/,sec_company_tickers_exchange,NVO,Novo Nordisk A S,ACQUISITION
NTRP,0000788611,Neurotrope Inc,Nasdaq,ACQUISITION,2020-12-01,provisional_stockanalysis_action_date_not_first_announcement,https://stockanalysis.com/actions/acquisitions/2020/,sec_company_tickers_exchange,PTPI,Petros Pharmaceuticals Inc,ACQUISITION
JCAP,0002046042,Jernigan Capital Inc,Nasdaq,ACQUISITION,2020-11-05,provisional_stockanalysis_action_date_not_first_announcement,https://stockanalysis.com/actions/acquisitions/2020/,sec_company_tickers_exchange,-,Nexpoint Advisors Lp,ACQUISITION
BITA,0002089969,Bitauto Holdings Ltd.,Nasdaq,ACQUISITION,2020-11-02,provisional_stockanalysis_action_date_not_first_announcement,https://stockanalysis.com/actions/acquisitions/2020/,sec_company_tickers_exchange,-,Yiche Holding Limited,ACQUISITION
CART,0001579091,Carolina Trust Bancshares Inc,Nasdaq,ACQUISITION,2019-12-31,provisional_stockanalysis_action_date_not_first_announcement,https://stockanalysis.com/actions/acquisitions/2019/,sec_company_tickers_exchange,CARO,Carolina Financial Corp,ACQUISITION
STI,0001881551,Suntrust Banks Inc,Nasdaq,ACQUISITION,2019-12-06,provisional_stockanalysis_action_date_not_first_announcement,https://stockanalysis.com/actions/acquisitions/2019/,sec_company_tickers_exchange,TFC,Truist Financial Corp,ACQUISITION
NCI,0001916331,Navigant Consulting Inc,Nasdaq,ACQUISITION,2019-10-10,provisional_stockanalysis_action_date_not_first_announcement,https://stockanalysis.com/actions/acquisitions/2019/,sec_company_tickers_exchange,-,Veritas Capital Management LLC,ACQUISITION
GOLD,0001591588,Randgold Resources Ltd.,NYSE,ACQUISITION,2018-12-28,provisional_stockanalysis_action_date_not_first_announcement,https://stockanalysis.com/actions/acquisitions/2018/,sec_company_tickers_exchange,B,Barrick Mining Corp,ACQUISITION
KTWO,0002086524,K2m Group Holdings Inc,Nasdaq,ACQUISITION,2018-11-08,provisional_stockanalysis_action_date_not_first_announcement,https://stockanalysis.com/actions/acquisitions/2018/,sec_company_tickers_exchange,SYK,Stryker Corp,ACQUISITION
KRRO,0001703647,"Korro Bio, Inc.",Nasdaq,NONE,,control_no_seeded_acquisition_in_stockanalysis_pull,https://www.sec.gov/files/company_tickers_exchange.json,sec_company_tickers_exchange,,,CONTROL
CHY,0001222719,CALAMOS CONVERTIBLE & HIGH INCOME FUND,Nasdaq,NONE,,control_no_seeded_acquisition_in_stockanalysis_pull,https://www.sec.gov/files/company_tickers_exchange.json,sec_company_tickers_exchange,,,CONTROL
CDLR,0001978867,Cadeler A/S,NYSE,NONE,,control_no_seeded_acquisition_in_stockanalysis_pull,https://www.sec.gov/files/company_tickers_exchange.json,sec_company_tickers_exchange,,,CONTROL
ACH,0000075252,ACCENDRA HEALTH INC/VA/,NYSE,NONE,,control_no_seeded_acquisition_in_stockanalysis_pull,https://www.sec.gov/files/company_tickers_exchange.json,sec_company_tickers_exchange,,,CONTROL
ALB-PA,0000915913,ALBEMARLE CORP,NYSE,NONE,,control_no_seeded_acquisition_in_stockanalysis_pull,https://www.sec.gov/files/company_tickers_exchange.json,sec_company_tickers_exchange,,,CONTROL
ONTO,0000704532,ONTO INNOVATION INC.,NYSE,NONE,,control_no_seeded_acquisition_in_stockanalysis_pull,https://www.sec.gov/files/company_tickers_exchange.json,sec_company_tickers_exchange,,,CONTROL
FLY,0001860160,Firefly Aerospace Inc.,Nasdaq,NONE,,control_no_seeded_acquisition_in_stockanalysis_pull,https://www.sec.gov/files/company_tickers_exchange.json,sec_company_tickers_exchange,,,CONTROL
FERG,0002011641,Ferguson Enterprises Inc. /DE/,NYSE,NONE,,control_no_seeded_acquisition_in_stockanalysis_pull,https://www.sec.gov/files/company_tickers_exchange.json,sec_company_tickers_exchange,,,CONTROL
OIO,0001957538,OIO Group,Nasdaq,NONE,,control_no_seeded_acquisition_in_stockanalysis_pull,https://www.sec.gov/files/company_tickers_exchange.json,sec_company_tickers_exchange,,,CONTROL
GSUI,0002034012,Grayscale Sui Staking ETF,NYSE,NONE,,control_no_seeded_acquisition_in_stockanalysis_pull,https://www.sec.gov/files/company_tickers_exchange.json,sec_company_tickers_exchange,,,CONTROL
OBAWU,0002034313,Oxley Bridge Acquisition Ltd,Nasdaq,NONE,,control_no_seeded_acquisition_in_stockanalysis_pull,https://www.sec.gov/files/company_tickers_exchange.json,sec_company_tickers_exchange,,,CONTROL
KRMN,0002040127,Karman Holdings Inc.,NYSE,NONE,,control_no_seeded_acquisition_in_stockanalysis_pull,https://www.sec.gov/files/company_tickers_exchange.json,sec_company_tickers_exchange,,,CONTROL
AMTD,0001769731,AMTD IDEA GROUP,NYSE,NONE,,control_no_seeded_acquisition_in_stockanalysis_pull,https://www.sec.gov/files/company_tickers_exchange.json,sec_company_tickers_exchange,,,CONTROL
YICC,0002130386,Yorkville International Capital Corp.,Nasdaq,NONE,,control_no_seeded_acquisition_in_stockanalysis_pull,https://www.sec.gov/files/company_tickers_exchange.json,sec_company_tickers_exchange,,,CONTROL
GRAB,0001855612,Grab Holdings Ltd,Nasdaq,NONE,,control_no_seeded_acquisition_in_stockanalysis_pull,https://www.sec.gov/files/company_tickers_exchange.json,sec_company_tickers_exchange,,,CONTROL
JBDI,0001964314,JBDI Holdings Ltd,Nasdaq,NONE,,control_no_seeded_acquisition_in_stockanalysis_pull,https://www.sec.gov/files/company_tickers_exchange.json,sec_company_tickers_exchange,,,CONTROL
AVIR,0001593899,"Atea Pharmaceuticals, Inc.",Nasdaq,NONE,,control_no_seeded_acquisition_in_stockanalysis_pull,https://www.sec.gov/files/company_tickers_exchange.json,sec_company_tickers_exchange,,,CONTROL
KUST,0001342958,"KUSTOM ENTERTAINMENT, INC.",Nasdaq,NONE,,control_no_seeded_acquisition_in_stockanalysis_pull,https://www.sec.gov/files/company_tickers_exchange.json,sec_company_tickers_exchange,,,CONTROL
ATLCL,0001464343,Atlanticus Holdings Corp,Nasdaq,NONE,,control_no_seeded_acquisition_in_stockanalysis_pull,https://www.sec.gov/files/company_tickers_exchange.json,sec_company_tickers_exchange,,,CONTROL
PLUT,0001933021,Plutus Financial Group Ltd,Nasdaq,NONE,,control_no_seeded_acquisition_in_stockanalysis_pull,https://www.sec.gov/files/company_tickers_exchange.json,sec_company_tickers_exchange,,,CONTROL
FR,0000921825,FIRST INDUSTRIAL REALTY TRUST INC,NYSE,NONE,,control_no_seeded_acquisition_in_stockanalysis_pull,https://www.sec.gov/files/company_tickers_exchange.json,sec_company_tickers_exchange,,,CONTROL
GILD,0000882095,"GILEAD SCIENCES, INC.",Nasdaq,NONE,,control_no_seeded_acquisition_in_stockanalysis_pull,https://www.sec.gov/files/company_tickers_exchange.json,sec_company_tickers_exchange,,,CONTROL
R,0000085961,RYDER SYSTEM INC,NYSE,NONE,,control_no_seeded_acquisition_in_stockanalysis_pull,https://www.sec.gov/files/company_tickers_exchange.json,sec_company_tickers_exchange,,,CONTROL
CHGG,0001364954,"CHEGG, INC",NYSE,NONE,,control_no_seeded_acquisition_in_stockanalysis_pull,https://www.sec.gov/files/company_tickers_exchange.json,sec_company_tickers_exchange,,,CONTROL
KMPR,0000860748,KEMPER Corp,NYSE,NONE,,control_no_seeded_acquisition_in_stockanalysis_pull,https://www.sec.gov/files/company_tickers_exchange.json,sec_company_tickers_exchange,,,CONTROL
PDFS,0001120914,PDF SOLUTIONS INC,Nasdaq,NONE,,control_no_seeded_acquisition_in_stockanalysis_pull,https://www.sec.gov/files/company_tickers_exchange.json,sec_company_tickers_exchange,,,CONTROL
VLYPO,0000714310,VALLEY NATIONAL BANCORP,Nasdaq,NONE,,control_no_seeded_acquisition_in_stockanalysis_pull,https://www.sec.gov/files/company_tickers_exchange.json,sec_company_tickers_exchange,,,CONTROL
QQQX,0001608741,Nuveen NASDAQ 100 Dynamic Overwrite Fund,Nasdaq,NONE,,control_no_seeded_acquisition_in_stockanalysis_pull,https://www.sec.gov/files/company_tickers_exchange.json,sec_company_tickers_exchange,,,CONTROL
FGIWW,0001864943,FGI Industries Ltd.,Nasdaq,NONE,,control_no_seeded_acquisition_in_stockanalysis_pull,https://www.sec.gov/files/company_tickers_exchange.json,sec_company_tickers_exchange,,,CONTROL
CDXS,0001200375,"CODEXIS, INC.",Nasdaq,NONE,,control_no_seeded_acquisition_in_stockanalysis_pull,https://www.sec.gov/files/company_tickers_exchange.json,sec_company_tickers_exchange,,,CONTROL
EDU,0001372920,New Oriental Education & Technology Group Inc.,NYSE,NONE,,control_no_seeded_acquisition_in_stockanalysis_pull,https://www.sec.gov/files/company_tickers_exchange.json,sec_company_tickers_exchange,,,CONTROL
BACCU,0002059654,Blue Acquisition Corp/Cayman,Nasdaq,NONE,,control_no_seeded_acquisition_in_stockanalysis_pull,https://www.sec.gov/files/company_tickers_exchange.json,sec_company_tickers_exchange,,,CONTROL
EPOW,0001780731,E-Power Inc.,Nasdaq,NONE,,control_no_seeded_acquisition_in_stockanalysis_pull,https://www.sec.gov/files/company_tickers_exchange.json,sec_company_tickers_exchange,,,CONTROL
BOSC,0001005516,BOS BETTER ONLINE SOLUTIONS LTD,Nasdaq,NONE,,control_no_seeded_acquisition_in_stockanalysis_pull,https://www.sec.gov/files/company_tickers_exchange.json,sec_company_tickers_exchange,,,CONTROL
USB-PP,0000036104,US BANCORP \DE\,NYSE,NONE,,control_no_seeded_acquisition_in_stockanalysis_pull,https://www.sec.gov/files/company_tickers_exchange.json,sec_company_tickers_exchange,,,CONTROL
BLNE,0001534708,"Beeline Holdings, Inc.",Nasdaq,NONE,,control_no_seeded_acquisition_in_stockanalysis_pull,https://www.sec.gov/files/company_tickers_exchange.json,sec_company_tickers_exchange,,,CONTROL
ACB,0001683541,AURORA CANNABIS INC,Nasdaq,NONE,,control_no_seeded_acquisition_in_stockanalysis_pull,https://www.sec.gov/files/company_tickers_exchange.json,sec_company_tickers_exchange,,,CONTROL
YSXT,0001993463,"YSX Tech Co., Ltd",Nasdaq,NONE,,control_no_seeded_acquisition_in_stockanalysis_pull,https://www.sec.gov/files/company_tickers_exchange.json,sec_company_tickers_exchange,,,CONTROL
GHRS,0001855129,GH Research PLC,Nasdaq,NONE,,control_no_seeded_acquisition_in_stockanalysis_pull,https://www.sec.gov/files/company_tickers_exchange.json,sec_company_tickers_exchange,,,CONTROL
EWAVU,0002100704,East West Ave Acquisition Corp.,Nasdaq,NONE,,control_no_seeded_acquisition_in_stockanalysis_pull,https://www.sec.gov/files/company_tickers_exchange.json,sec_company_tickers_exchange,,,CONTROL
RZLVW,0001920294,REZOLVE AI PLC,Nasdaq,NONE,,control_no_seeded_acquisition_in_stockanalysis_pull,https://www.sec.gov/files/company_tickers_exchange.json,sec_company_tickers_exchange,,,CONTROL
AHG,0001702318,Akso Health Group,Nasdaq,NONE,,control_no_seeded_acquisition_in_stockanalysis_pull,https://www.sec.gov/files/company_tickers_exchange.json,sec_company_tickers_exchange,,,CONTROL
LARK,0001141688,LANDMARK BANCORP INC,Nasdaq,NONE,,control_no_seeded_acquisition_in_stockanalysis_pull,https://www.sec.gov/files/company_tickers_exchange.json,sec_company_tickers_exchange,,,CONTROL
NHIVU,0002099767,NewHold Investment Corp IV,Nasdaq,NONE,,control_no_seeded_acquisition_in_stockanalysis_pull,https://www.sec.gov/files/company_tickers_exchange.json,sec_company_tickers_exchange,,,CONTROL
AB,0000825313,ALLIANCEBERNSTEIN HOLDING L.P.,NYSE,NONE,,control_no_seeded_acquisition_in_stockanalysis_pull,https://www.sec.gov/files/company_tickers_exchange.json,sec_company_tickers_exchange,,,CONTROL
BNC,0001482541,CEA Industries Inc.,Nasdaq,NONE,,control_no_seeded_acquisition_in_stockanalysis_pull,https://www.sec.gov/files/company_tickers_exchange.json,sec_company_tickers_exchange,,,CONTROL
DAAQ,0002052162,Digital Asset Acquisition Corp.,Nasdaq,NONE,,control_no_seeded_acquisition_in_stockanalysis_pull,https://www.sec.gov/files/company_tickers_exchange.json,sec_company_tickers_exchange,,,CONTROL
ADEA,0001803696,Adeia Inc.,Nasdaq,NONE,,control_no_seeded_acquisition_in_stockanalysis_pull,https://www.sec.gov/files/company_tickers_exchange.json,sec_company_tickers_exchange,,,CONTROL
CMI,0000026172,CUMMINS INC,NYSE,NONE,,control_no_seeded_acquisition_in_stockanalysis_pull,https://www.sec.gov/files/company_tickers_exchange.json,sec_company_tickers_exchange,,,CONTROL
NHICU,0002043699,NewHold Investment Corp. III,Nasdaq,NONE,,control_no_seeded_acquisition_in_stockanalysis_pull,https://www.sec.gov/files/company_tickers_exchange.json,sec_company_tickers_exchange,,,CONTROL
NGEN,0001751912,NERVGEN PHARMA CORP.,Nasdaq,NONE,,control_no_seeded_acquisition_in_stockanalysis_pull,https://www.sec.gov/files/company_tickers_exchange.json,sec_company_tickers_exchange,,,CONTROL
GS,0000886982,GOLDMAN SACHS GROUP INC,NYSE,NONE,,control_no_seeded_acquisition_in_stockanalysis_pull,https://www.sec.gov/files/company_tickers_exchange.json,sec_company_tickers_exchange,,,CONTROL
RIO,0000863064,RIO TINTO PLC,NYSE,NONE,,control_no_seeded_acquisition_in_stockanalysis_pull,https://www.sec.gov/files/company_tickers_exchange.json,sec_company_tickers_exchange,,,CONTROL
PRG,0001808834,"PROG Holdings, Inc.",NYSE,NONE,,control_no_seeded_acquisition_in_stockanalysis_pull,https://www.sec.gov/files/company_tickers_exchange.json,sec_company_tickers_exchange,,,CONTROL
HCWB,0001828673,HCW Biologics Inc.,Nasdaq,NONE,,control_no_seeded_acquisition_in_stockanalysis_pull,https://www.sec.gov/files/company_tickers_exchange.json,sec_company_tickers_exchange,,,CONTROL
SOCAU,0002065948,Solarius Capital Acquisition Corp.,Nasdaq,NONE,,control_no_seeded_acquisition_in_stockanalysis_pull,https://www.sec.gov/files/company_tickers_exchange.json,sec_company_tickers_exchange,,,CONTROL
FORM,0001039399,FORMFACTOR INC,Nasdaq,NONE,,control_no_seeded_acquisition_in_stockanalysis_pull,https://www.sec.gov/files/company_tickers_exchange.json,sec_company_tickers_exchange,,,CONTROL
FTRA-UN,0002131853,FutureCorp Space Acquisition 1,NYSE,NONE,,control_no_seeded_acquisition_in_stockanalysis_pull,https://www.sec.gov/files/company_tickers_exchange.json,sec_company_tickers_exchange,,,CONTROL
SRJN,0001126956,SPIRE INC,NYSE,NONE,,control_no_seeded_acquisition_in_stockanalysis_pull,https://www.sec.gov/files/company_tickers_exchange.json,sec_company_tickers_exchange,,,CONTROL
MSLE,0001421642,Satellos Bioscience Inc.,Nasdaq,NONE,,control_no_seeded_acquisition_in_stockanalysis_pull,https://www.sec.gov/files/company_tickers_exchange.json,sec_company_tickers_exchange,,,CONTROL
LNG,0000003570,"Cheniere Energy, Inc.",NYSE,NONE,,control_no_seeded_acquisition_in_stockanalysis_pull,https://www.sec.gov/files/company_tickers_exchange.json,sec_company_tickers_exchange,,,CONTROL
AMODW,0001862463,"ALPHA MODUS HOLDINGS, INC.",Nasdaq,NONE,,control_no_seeded_acquisition_in_stockanalysis_pull,https://www.sec.gov/files/company_tickers_exchange.json,sec_company_tickers_exchange,,,CONTROL
BC-PC,0000014930,BRUNSWICK CORP,NYSE,NONE,,control_no_seeded_acquisition_in_stockanalysis_pull,https://www.sec.gov/files/company_tickers_exchange.json,sec_company_tickers_exchange,,,CONTROL
NBIS,0001513845,Nebius Group N.V.,Nasdaq,NONE,,control_no_seeded_acquisition_in_stockanalysis_pull,https://www.sec.gov/files/company_tickers_exchange.json,sec_company_tickers_exchange,,,CONTROL
IVZ,0000914208,Invesco Ltd.,NYSE,NONE,,control_no_seeded_acquisition_in_stockanalysis_pull,https://www.sec.gov/files/company_tickers_exchange.json,sec_company_tickers_exchange,,,CONTROL
MSA,0000066570,MSA Safety Inc,NYSE,NONE,,control_no_seeded_acquisition_in_stockanalysis_pull,https://www.sec.gov/files/company_tickers_exchange.json,sec_company_tickers_exchange,,,CONTROL
VISN,0001517228,"Vistance Networks, Inc.",Nasdaq,NONE,,control_no_seeded_acquisition_in_stockanalysis_pull,https://www.sec.gov/files/company_tickers_exchange.json,sec_company_tickers_exchange,,,CONTROL
WEX,0001309108,WEX Inc.,NYSE,NONE,,control_no_seeded_acquisition_in_stockanalysis_pull,https://www.sec.gov/files/company_tickers_exchange.json,sec_company_tickers_exchange,,,CONTROL
HXL,0000717605,HEXCEL CORP /DE/,NYSE,NONE,,control_no_seeded_acquisition_in_stockanalysis_pull,https://www.sec.gov/files/company_tickers_exchange.json,sec_company_tickers_exchange,,,CONTROL
COP,0001163165,CONOCOPHILLIPS,NYSE,NONE,,control_no_seeded_acquisition_in_stockanalysis_pull,https://www.sec.gov/files/company_tickers_exchange.json,sec_company_tickers_exchange,,,CONTROL
ELVN,0001672619,"Enliven Therapeutics, Inc.",Nasdaq,NONE,,control_no_seeded_acquisition_in_stockanalysis_pull,https://www.sec.gov/files/company_tickers_exchange.json,sec_company_tickers_exchange,,,CONTROL
PLXS,0000785786,PLEXUS CORP,Nasdaq,NONE,,control_no_seeded_acquisition_in_stockanalysis_pull,https://www.sec.gov/files/company_tickers_exchange.json,sec_company_tickers_exchange,,,CONTROL
BOXL,0001624512,Boxlight Corp,Nasdaq,NONE,,control_no_seeded_acquisition_in_stockanalysis_pull,https://www.sec.gov/files/company_tickers_exchange.json,sec_company_tickers_exchange,,,CONTROL
BIDWU,0002094919,Tribeca Strategic Acquisition Corp.,Nasdaq,NONE,,control_no_seeded_acquisition_in_stockanalysis_pull,https://www.sec.gov/files/company_tickers_exchange.json,sec_company_tickers_exchange,,,CONTROL
TLF,0000909724,TANDY LEATHER FACTORY INC,Nasdaq,NONE,,control_no_seeded_acquisition_in_stockanalysis_pull,https://www.sec.gov/files/company_tickers_exchange.json,sec_company_tickers_exchange,,,CONTROL
TRLV,0001754195,Trulieve Cannabis Corp.,NYSE,NONE,,control_no_seeded_acquisition_in_stockanalysis_pull,https://www.sec.gov/files/company_tickers_exchange.json,sec_company_tickers_exchange,,,CONTROL
BRTMW,0002131350,B&R Technology Merger Corp.,Nasdaq,NONE,,control_no_seeded_acquisition_in_stockanalysis_pull,https://www.sec.gov/files/company_tickers_exchange.json,sec_company_tickers_exchange,,,CONTROL
DCBO,0001829959,Docebo Inc.,Nasdaq,NONE,,control_no_seeded_acquisition_in_stockanalysis_pull,https://www.sec.gov/files/company_tickers_exchange.json,sec_company_tickers_exchange,,,CONTROL
SHAZ,0002068385,SharonAI Holdings Inc.,Nasdaq,NONE,,control_no_seeded_acquisition_in_stockanalysis_pull,https://www.sec.gov/files/company_tickers_exchange.json,sec_company_tickers_exchange,,,CONTROL
CWT,0001035201,CALIFORNIA WATER SERVICE GROUP,NYSE,NONE,,control_no_seeded_acquisition_in_stockanalysis_pull,https://www.sec.gov/files/company_tickers_exchange.json,sec_company_tickers_exchange,,,CONTROL
NEWTH,0001587987,"NewtekOne, Inc.",Nasdaq,NONE,,control_no_seeded_acquisition_in_stockanalysis_pull,https://www.sec.gov/files/company_tickers_exchange.json,sec_company_tickers_exchange,,,CONTROL
AHT-PI,0001232582,ASHFORD HOSPITALITY TRUST INC,NYSE,NONE,,control_no_seeded_acquisition_in_stockanalysis_pull,https://www.sec.gov/files/company_tickers_exchange.json,sec_company_tickers_exchange,,,CONTROL
CLNE,0001368265,Clean Energy Fuels Corp.,Nasdaq,NONE,,control_no_seeded_acquisition_in_stockanalysis_pull,https://www.sec.gov/files/company_tickers_exchange.json,sec_company_tickers_exchange,,,CONTROL
DLNG,0001578453,Dynagas LNG Partners LP,NYSE,NONE,,control_no_seeded_acquisition_in_stockanalysis_pull,https://www.sec.gov/files/company_tickers_exchange.json,sec_company_tickers_exchange,,,CONTROL
WIX,0001576789,Wix.com Ltd.,Nasdaq,NONE,,control_no_seeded_acquisition_in_stockanalysis_pull,https://www.sec.gov/files/company_tickers_exchange.json,sec_company_tickers_exchange,,,CONTROL
RVLV,0001746618,"Revolve Group, Inc.",NYSE,NONE,,control_no_seeded_acquisition_in_stockanalysis_pull,https://www.sec.gov/files/company_tickers_exchange.json,sec_company_tickers_exchange,,,CONTROL
MCHX,0001224133,MARCHEX INC,Nasdaq,NONE,,control_no_seeded_acquisition_in_stockanalysis_pull,https://www.sec.gov/files/company_tickers_exchange.json,sec_company_tickers_exchange,,,CONTROL
SHC,0001822479,Sotera Health Co,Nasdaq,NONE,,control_no_seeded_acquisition_in_stockanalysis_pull,https://www.sec.gov/files/company_tickers_exchange.json,sec_company_tickers_exchange,,,CONTROL
IPI,0001421461,"Intrepid Potash, Inc.",NYSE,NONE,,control_no_seeded_acquisition_in_stockanalysis_pull,https://www.sec.gov/files/company_tickers_exchange.json,sec_company_tickers_exchange,,,CONTROL
VSTS,0001967649,Vestis Corp,NYSE,NONE,,control_no_seeded_acquisition_in_stockanalysis_pull,https://www.sec.gov/files/company_tickers_exchange.json,sec_company_tickers_exchange,,,CONTROL
KOD,0001468748,Kodiak Sciences Inc.,Nasdaq,NONE,,control_no_seeded_acquisition_in_stockanalysis_pull,https://www.sec.gov/files/company_tickers_exchange.json,sec_company_tickers_exchange,,,CONTROL
CANE,0001471824,Teucrium Commodity Trust,NYSE,NONE,,control_no_seeded_acquisition_in_stockanalysis_pull,https://www.sec.gov/files/company_tickers_exchange.json,sec_company_tickers_exchange,,,CONTROL
NAC,0001074952,Nuveen California Quality Municipal Income Fund,NYSE,NONE,,control_no_seeded_acquisition_in_stockanalysis_pull,https://www.sec.gov/files/company_tickers_exchange.json,sec_company_tickers_exchange,,,CONTROL
NVST,0001757073,Envista Holdings Corp,NYSE,NONE,,control_no_seeded_acquisition_in_stockanalysis_pull,https://www.sec.gov/files/company_tickers_exchange.json,sec_company_tickers_exchange,,,CONTROL
ANDG,0002065708,Andersen Group Inc.,NYSE,NONE,,control_no_seeded_acquisition_in_stockanalysis_pull,https://www.sec.gov/files/company_tickers_exchange.json,sec_company_tickers_exchange,,,CONTROL
SHAK,0001620533,Shake Shack Inc.,NYSE,NONE,,control_no_seeded_acquisition_in_stockanalysis_pull,https://www.sec.gov/files/company_tickers_exchange.json,sec_company_tickers_exchange,,,CONTROL
NEXR,0001885408,Nexera Technologies Ltd,Nasdaq,NONE,,control_no_seeded_acquisition_in_stockanalysis_pull,https://www.sec.gov/files/company_tickers_exchange.json,sec_company_tickers_exchange,,,CONTROL
CAE,0001173382,CAE INC,Nasdaq,NONE,,control_no_seeded_acquisition_in_stockanalysis_pull,https://www.sec.gov/files/company_tickers_exchange.json,sec_company_tickers_exchange,,,CONTROL
YCBD,0001644903,"cbdMD, Inc.",NYSE,NONE,,control_no_seeded_acquisition_in_stockanalysis_pull,https://www.sec.gov/files/company_tickers_exchange.json,sec_company_tickers_exchange,,,CONTROL
SOUNW,0001840856,"SOUNDHOUND AI, INC.",Nasdaq,NONE,,control_no_seeded_acquisition_in_stockanalysis_pull,https://www.sec.gov/files/company_tickers_exchange.json,sec_company_tickers_exchange,,,CONTROL
ATLQW,0002128739,JAB Acquisition Corp I,Nasdaq,NONE,,control_no_seeded_acquisition_in_stockanalysis_pull,https://www.sec.gov/files/company_tickers_exchange.json,sec_company_tickers_exchange,,,CONTROL
BAC-PB,0000070858,BANK OF AMERICA CORP /DE/,NYSE,NONE,,control_no_seeded_acquisition_in_stockanalysis_pull,https://www.sec.gov/files/company_tickers_exchange.json,sec_company_tickers_exchange,,,CONTROL
CSW,0001624794,"CSW INDUSTRIALS, INC.",NYSE,NONE,,control_no_seeded_acquisition_in_stockanalysis_pull,https://www.sec.gov/files/company_tickers_exchange.json,sec_company_tickers_exchange,,,CONTROL
PNR,0000077360,PENTAIR plc,NYSE,NONE,,control_no_seeded_acquisition_in_stockanalysis_pull,https://www.sec.gov/files/company_tickers_exchange.json,sec_company_tickers_exchange,,,CONTROL
ONEG,0002030834,OneConstruction Group Ltd,Nasdaq,NONE,,control_no_seeded_acquisition_in_stockanalysis_pull,https://www.sec.gov/files/company_tickers_exchange.json,sec_company_tickers_exchange,,,CONTROL
TLRY,0001731348,"Tilray Brands, Inc.",Nasdaq,NONE,,control_no_seeded_acquisition_in_stockanalysis_pull,https://www.sec.gov/files/company_tickers_exchange.json,sec_company_tickers_exchange,,,CONTROL
EXYNW,0001960355,"Exyn Technologies, Inc.",Nasdaq,NONE,,control_no_seeded_acquisition_in_stockanalysis_pull,https://www.sec.gov/files/company_tickers_exchange.json,sec_company_tickers_exchange,,,CONTROL
PLUN-RI,0002065661,Plutonian Acquisition Corp. II,NYSE,NONE,,control_no_seeded_acquisition_in_stockanalysis_pull,https://www.sec.gov/files/company_tickers_exchange.json,sec_company_tickers_exchange,,,CONTROL
SXTP,0001946563,"60 DEGREES PHARMACEUTICALS, INC.",Nasdaq,NONE,,control_no_seeded_acquisition_in_stockanalysis_pull,https://www.sec.gov/files/company_tickers_exchange.json,sec_company_tickers_exchange,,,CONTROL
STRRP,0001210708,"Star Equity Holdings, Inc.",Nasdaq,NONE,,control_no_seeded_acquisition_in_stockanalysis_pull,https://www.sec.gov/files/company_tickers_exchange.json,sec_company_tickers_exchange,,,CONTROL
SKYAW,0001737995,"SkyAI, Inc.",Nasdaq,NONE,,control_no_seeded_acquisition_in_stockanalysis_pull,https://www.sec.gov/files/company_tickers_exchange.json,sec_company_tickers_exchange,,,CONTROL
HONA,0002089271,Honeywell Aerospace Inc.,Nasdaq,NONE,,control_no_seeded_acquisition_in_stockanalysis_pull,https://www.sec.gov/files/company_tickers_exchange.json,sec_company_tickers_exchange,,,CONTROL
VFC,0000103379,V F CORP,NYSE,NONE,,control_no_seeded_acquisition_in_stockanalysis_pull,https://www.sec.gov/files/company_tickers_exchange.json,sec_company_tickers_exchange,,,CONTROL
HUBCW,0001905660,Hub Cyber Security Ltd.,Nasdaq,NONE,,control_no_seeded_acquisition_in_stockanalysis_pull,https://www.sec.gov/files/company_tickers_exchange.json,sec_company_tickers_exchange,,,CONTROL
LX,0001708259,LexinFintech Holdings Ltd.,Nasdaq,NONE,,control_no_seeded_acquisition_in_stockanalysis_pull,https://www.sec.gov/files/company_tickers_exchange.json,sec_company_tickers_exchange,,,CONTROL
LAFAU,0002079106,LaFayette Acquisition Corp.,Nasdaq,NONE,,control_no_seeded_acquisition_in_stockanalysis_pull,https://www.sec.gov/files/company_tickers_exchange.json,sec_company_tickers_exchange,,,CONTROL
HAVAU,0002042460,Harvard Ave Acquisition Corp,Nasdaq,NONE,,control_no_seeded_acquisition_in_stockanalysis_pull,https://www.sec.gov/files/company_tickers_exchange.json,sec_company_tickers_exchange,,,CONTROL
CFG,0000759944,CITIZENS FINANCIAL GROUP INC/RI,NYSE,NONE,,control_no_seeded_acquisition_in_stockanalysis_pull,https://www.sec.gov/files/company_tickers_exchange.json,sec_company_tickers_exchange,,,CONTROL
BBLG,0001419554,Bone Biologics Corp,Nasdaq,NONE,,control_no_seeded_acquisition_in_stockanalysis_pull,https://www.sec.gov/files/company_tickers_exchange.json,sec_company_tickers_exchange,,,CONTROL
UGP,0001094972,ULTRAPAR HOLDINGS INC,NYSE,NONE,,control_no_seeded_acquisition_in_stockanalysis_pull,https://www.sec.gov/files/company_tickers_exchange.json,sec_company_tickers_exchange,,,CONTROL
WHLR,0001527541,"Wheeler Real Estate Investment Trust, Inc.",Nasdaq,NONE,,control_no_seeded_acquisition_in_stockanalysis_pull,https://www.sec.gov/files/company_tickers_exchange.json,sec_company_tickers_exchange,,,CONTROL
FCEL,0000886128,FUELCELL ENERGY INC,Nasdaq,NONE,,control_no_seeded_acquisition_in_stockanalysis_pull,https://www.sec.gov/files/company_tickers_exchange.json,sec_company_tickers_exchange,,,CONTROL
KIM,0000879101,KIMCO REALTY CORP,NYSE,NONE,,control_no_seeded_acquisition_in_stockanalysis_pull,https://www.sec.gov/files/company_tickers_exchange.json,sec_company_tickers_exchange,,,CONTROL
WTS,0000795403,WATTS WATER TECHNOLOGIES INC,NYSE,NONE,,control_no_seeded_acquisition_in_stockanalysis_pull,https://www.sec.gov/files/company_tickers_exchange.json,sec_company_tickers_exchange,,,CONTROL
TPET,0001898766,Trio Petroleum Corp,NYSE,NONE,,control_no_seeded_acquisition_in_stockanalysis_pull,https://www.sec.gov/files/company_tickers_exchange.json,sec_company_tickers_exchange,,,CONTROL
FJDIU,0002094712,ARC Group Securities Acquisition I,Nasdaq,NONE,,control_no_seeded_acquisition_in_stockanalysis_pull,https://www.sec.gov/files/company_tickers_exchange.json,sec_company_tickers_exchange,,,CONTROL
DMB,0001565381,"BNY Mellon Municipal Bond Infrastructure Fund, Inc.",NYSE,NONE,,control_no_seeded_acquisition_in_stockanalysis_pull,https://www.sec.gov/files/company_tickers_exchange.json,sec_company_tickers_exchange,,,CONTROL
GITS,0001911545,"Global Interactive Technologies, Inc.",Nasdaq,NONE,,control_no_seeded_acquisition_in_stockanalysis_pull,https://www.sec.gov/files/company_tickers_exchange.json,sec_company_tickers_exchange,,,CONTROL
FLG-PA,0000910073,"FLAGSTAR BANK, NATIONAL ASSOCIATION",NYSE,NONE,,control_no_seeded_acquisition_in_stockanalysis_pull,https://www.sec.gov/files/company_tickers_exchange.json,sec_company_tickers_exchange,,,CONTROL
SAM,0000949870,BOSTON BEER CO INC,NYSE,NONE,,control_no_seeded_acquisition_in_stockanalysis_pull,https://www.sec.gov/files/company_tickers_exchange.json,sec_company_tickers_exchange,,,CONTROL
COUR,0001651562,"Coursera, Inc.",NYSE,NONE,,control_no_seeded_acquisition_in_stockanalysis_pull,https://www.sec.gov/files/company_tickers_exchange.json,sec_company_tickers_exchange,,,CONTROL
ARES,0001176948,Ares Management Corp,NYSE,NONE,,control_no_seeded_acquisition_in_stockanalysis_pull,https://www.sec.gov/files/company_tickers_exchange.json,sec_company_tickers_exchange,,,CONTROL
AGNCL,0001423689,AGNC Investment Corp.,Nasdaq,NONE,,control_no_seeded_acquisition_in_stockanalysis_pull,https://www.sec.gov/files/company_tickers_exchange.json,sec_company_tickers_exchange,,,CONTROL
ELPW,0002015691,Elong Power Holding Ltd.,Nasdaq,NONE,,control_no_seeded_acquisition_in_stockanalysis_pull,https://www.sec.gov/files/company_tickers_exchange.json,sec_company_tickers_exchange,,,CONTROL
MSBIP,0001466026,"Midland States Bancorp, Inc.",Nasdaq,NONE,,control_no_seeded_acquisition_in_stockanalysis_pull,https://www.sec.gov/files/company_tickers_exchange.json,sec_company_tickers_exchange,,,CONTROL
BCDA,0000925741,"BioCardia, Inc.",Nasdaq,NONE,,control_no_seeded_acquisition_in_stockanalysis_pull,https://www.sec.gov/files/company_tickers_exchange.json,sec_company_tickers_exchange,,,CONTROL
RANI,0001856725,"Rani Therapeutics Holdings, Inc.",Nasdaq,NONE,,control_no_seeded_acquisition_in_stockanalysis_pull,https://www.sec.gov/files/company_tickers_exchange.json,sec_company_tickers_exchange,,,CONTROL
CMSA,0000811156,CMS ENERGY CORP,NYSE,NONE,,control_no_seeded_acquisition_in_stockanalysis_pull,https://www.sec.gov/files/company_tickers_exchange.json,sec_company_tickers_exchange,,,CONTROL
BAR,0001690437,GraniteShares Gold Trust,NYSE,NONE,,control_no_seeded_acquisition_in_stockanalysis_pull,https://www.sec.gov/files/company_tickers_exchange.json,sec_company_tickers_exchange,,,CONTROL
EARN,0001560672,Ellington Credit Co,NYSE,NONE,,control_no_seeded_acquisition_in_stockanalysis_pull,https://www.sec.gov/files/company_tickers_exchange.json,sec_company_tickers_exchange,,,CONTROL
WEC,0000783325,"WEC ENERGY GROUP, INC.",NYSE,NONE,,control_no_seeded_acquisition_in_stockanalysis_pull,https://www.sec.gov/files/company_tickers_exchange.json,sec_company_tickers_exchange,,,CONTROL
VTR,0000740260,"Ventas, Inc.",NYSE,NONE,,control_no_seeded_acquisition_in_stockanalysis_pull,https://www.sec.gov/files/company_tickers_exchange.json,sec_company_tickers_exchange,,,CONTROL
ISNRW,0002123475,Snow Rothschild Acquisition Corp.,Nasdaq,NONE,,control_no_seeded_acquisition_in_stockanalysis_pull,https://www.sec.gov/files/company_tickers_exchange.json,sec_company_tickers_exchange,,,CONTROL
RWT-PA,0000930236,REDWOOD TRUST INC,NYSE,NONE,,control_no_seeded_acquisition_in_stockanalysis_pull,https://www.sec.gov/files/company_tickers_exchange.json,sec_company_tickers_exchange,,,CONTROL
EBMT,0001478454,"Eagle Bancorp Montana, Inc.",Nasdaq,NONE,,control_no_seeded_acquisition_in_stockanalysis_pull,https://www.sec.gov/files/company_tickers_exchange.json,sec_company_tickers_exchange,,,CONTROL
RAMP,0000733269,"LiveRamp Holdings, Inc.",NYSE,NONE,,control_no_seeded_acquisition_in_stockanalysis_pull,https://www.sec.gov/files/company_tickers_exchange.json,sec_company_tickers_exchange,,,CONTROL
MAIA,0001878313,"MAIA Biotechnology, Inc.",NYSE,NONE,,control_no_seeded_acquisition_in_stockanalysis_pull,https://www.sec.gov/files/company_tickers_exchange.json,sec_company_tickers_exchange,,,CONTROL
FDUS,0001513363,FIDUS INVESTMENT Corp,Nasdaq,NONE,,control_no_seeded_acquisition_in_stockanalysis_pull,https://www.sec.gov/files/company_tickers_exchange.json,sec_company_tickers_exchange,,,CONTROL
ECF,0000793040,ELLSWORTH GROWTH & INCOME FUND LTD,NYSE,NONE,,control_no_seeded_acquisition_in_stockanalysis_pull,https://www.sec.gov/files/company_tickers_exchange.json,sec_company_tickers_exchange,,,CONTROL
F-PD,0000037996,FORD MOTOR CO,NYSE,NONE,,control_no_seeded_acquisition_in_stockanalysis_pull,https://www.sec.gov/files/company_tickers_exchange.json,sec_company_tickers_exchange,,,CONTROL
BMO,0000927971,BANK OF MONTREAL /CAN/,NYSE,NONE,,control_no_seeded_acquisition_in_stockanalysis_pull,https://www.sec.gov/files/company_tickers_exchange.json,sec_company_tickers_exchange,,,CONTROL
ALK,0000766421,"ALASKA AIR GROUP, INC.",NYSE,NONE,,control_no_seeded_acquisition_in_stockanalysis_pull,https://www.sec.gov/files/company_tickers_exchange.json,sec_company_tickers_exchange,,,CONTROL
FBK,0001649749,FB Financial Corp,NYSE,NONE,,control_no_seeded_acquisition_in_stockanalysis_pull,https://www.sec.gov/files/company_tickers_exchange.json,sec_company_tickers_exchange,,,CONTROL
RGEN,0000730272,REPLIGEN CORP,Nasdaq,NONE,,control_no_seeded_acquisition_in_stockanalysis_pull,https://www.sec.gov/files/company_tickers_exchange.json,sec_company_tickers_exchange,,,CONTROL
IMNN,0000749647,"Imunon, Inc.",Nasdaq,NONE,,control_no_seeded_acquisition_in_stockanalysis_pull,https://www.sec.gov/files/company_tickers_exchange.json,sec_company_tickers_exchange,,,CONTROL
HPP-PC,0001482512,"Hudson Pacific Properties, Inc.",NYSE,NONE,,control_no_seeded_acquisition_in_stockanalysis_pull,https://www.sec.gov/files/company_tickers_exchange.json,sec_company_tickers_exchange,,,CONTROL
FITB-PK,0000035527,FIFTH THIRD BANCORP,NYSE,NONE,,control_no_seeded_acquisition_in_stockanalysis_pull,https://www.sec.gov/files/company_tickers_exchange.json,sec_company_tickers_exchange,,,CONTROL
BRTM,0002131350,B&R Technology Merger Corp.,Nasdaq,NONE,,control_no_seeded_acquisition_in_stockanalysis_pull,https://www.sec.gov/files/company_tickers_exchange.json,sec_company_tickers_exchange,,,CONTROL
VNO-PM,0000899689,VORNADO REALTY TRUST,NYSE,NONE,,control_no_seeded_acquisition_in_stockanalysis_pull,https://www.sec.gov/files/company_tickers_exchange.json,sec_company_tickers_exchange,,,CONTROL
HYPR,0001833769,"Hyperfine, Inc.",Nasdaq,NONE,,control_no_seeded_acquisition_in_stockanalysis_pull,https://www.sec.gov/files/company_tickers_exchange.json,sec_company_tickers_exchange,,,CONTROL
VMI,0000102729,VALMONT INDUSTRIES INC,NYSE,NONE,,control_no_seeded_acquisition_in_stockanalysis_pull,https://www.sec.gov/files/company_tickers_exchange.json,sec_company_tickers_exchange,,,CONTROL
ITG,0002110117,"ITG, Inc./DE/",Nasdaq,NONE,,control_no_seeded_acquisition_in_stockanalysis_pull,https://www.sec.gov/files/company_tickers_exchange.json,sec_company_tickers_exchange,,,CONTROL
ADP,0000008670,AUTOMATIC DATA PROCESSING INC,Nasdaq,NONE,,control_no_seeded_acquisition_in_stockanalysis_pull,https://www.sec.gov/files/company_tickers_exchange.json,sec_company_tickers_exchange,,,CONTROL
VET,0001293135,VERMILION ENERGY INC.,NYSE,NONE,,control_no_seeded_acquisition_in_stockanalysis_pull,https://www.sec.gov/files/company_tickers_exchange.json,sec_company_tickers_exchange,,,CONTROL
STK,0001471420,"Columbia Seligman Premium Technology Growth Fund, Inc.",NYSE,NONE,,control_no_seeded_acquisition_in_stockanalysis_pull,https://www.sec.gov/files/company_tickers_exchange.json,sec_company_tickers_exchange,,,CONTROL
AZZ,0000008947,AZZ INC,NYSE,NONE,,control_no_seeded_acquisition_in_stockanalysis_pull,https://www.sec.gov/files/company_tickers_exchange.json,sec_company_tickers_exchange,,,CONTROL
HBNC,0000706129,HORIZON BANCORP INC /IN/,Nasdaq,NONE,,control_no_seeded_acquisition_in_stockanalysis_pull,https://www.sec.gov/files/company_tickers_exchange.json,sec_company_tickers_exchange,,,CONTROL
PAX,0001825570,Patria Investments Ltd,Nasdaq,NONE,,control_no_seeded_acquisition_in_stockanalysis_pull,https://www.sec.gov/files/company_tickers_exchange.json,sec_company_tickers_exchange,,,CONTROL
TCBK,0000356171,TRICO BANCSHARES /,Nasdaq,NONE,,control_no_seeded_acquisition_in_stockanalysis_pull,https://www.sec.gov/files/company_tickers_exchange.json,sec_company_tickers_exchange,,,CONTROL
LQDA,0001819576,Liquidia Corp,Nasdaq,NONE,,control_no_seeded_acquisition_in_stockanalysis_pull,https://www.sec.gov/files/company_tickers_exchange.json,sec_company_tickers_exchange,,,CONTROL
AIM,0000946644,AIM ImmunoTech Inc.,NYSE,NONE,,control_no_seeded_acquisition_in_stockanalysis_pull,https://www.sec.gov/files/company_tickers_exchange.json,sec_company_tickers_exchange,,,CONTROL
OCCI,0001716951,"OFS Credit Company, Inc.",Nasdaq,NONE,,control_no_seeded_acquisition_in_stockanalysis_pull,https://www.sec.gov/files/company_tickers_exchange.json,sec_company_tickers_exchange,,,CONTROL
NRIX,0001549595,"Nurix Therapeutics, Inc.",Nasdaq,NONE,,control_no_seeded_acquisition_in_stockanalysis_pull,https://www.sec.gov/files/company_tickers_exchange.json,sec_company_tickers_exchange,,,CONTROL
CMRE,0001503584,Costamare Inc.,NYSE,NONE,,control_no_seeded_acquisition_in_stockanalysis_pull,https://www.sec.gov/files/company_tickers_exchange.json,sec_company_tickers_exchange,,,CONTROL
SOUL,0002025608,Soulpower Acquisition Corp.,NYSE,NONE,,control_no_seeded_acquisition_in_stockanalysis_pull,https://www.sec.gov/files/company_tickers_exchange.json,sec_company_tickers_exchange,,,CONTROL
SFWL,0001863218,SHENGFENG DEVELOPMENT Ltd,Nasdaq,NONE,,control_no_seeded_acquisition_in_stockanalysis_pull,https://www.sec.gov/files/company_tickers_exchange.json,sec_company_tickers_exchange,,,CONTROL
TCPC,0001370755,BlackRock TCP Capital Corp.,Nasdaq,NONE,,control_no_seeded_acquisition_in_stockanalysis_pull,https://www.sec.gov/files/company_tickers_exchange.json,sec_company_tickers_exchange,,,CONTROL
SONY,0000313838,Sony Group Corp,NYSE,NONE,,control_no_seeded_acquisition_in_stockanalysis_pull,https://www.sec.gov/files/company_tickers_exchange.json,sec_company_tickers_exchange,,,CONTROL
SSEAU,0002059165,STARRY SEA ACQUISITION CORP,Nasdaq,NONE,,control_no_seeded_acquisition_in_stockanalysis_pull,https://www.sec.gov/files/company_tickers_exchange.json,sec_company_tickers_exchange,,,CONTROL
ALH,0001317685,Alliance Laundry Holdings Inc.,NYSE,NONE,,control_no_seeded_acquisition_in_stockanalysis_pull,https://www.sec.gov/files/company_tickers_exchange.json,sec_company_tickers_exchange,,,CONTROL
FUFUW,0001921158,Bitfufu Inc.,Nasdaq,NONE,,control_no_seeded_acquisition_in_stockanalysis_pull,https://www.sec.gov/files/company_tickers_exchange.json,sec_company_tickers_exchange,,,CONTROL
BML-PG,0000070858,BANK OF AMERICA CORP /DE/,NYSE,NONE,,control_no_seeded_acquisition_in_stockanalysis_pull,https://www.sec.gov/files/company_tickers_exchange.json,sec_company_tickers_exchange,,,CONTROL
SACH-PA,0001682220,Sachem Capital Corp.,NYSE,NONE,,control_no_seeded_acquisition_in_stockanalysis_pull,https://www.sec.gov/files/company_tickers_exchange.json,sec_company_tickers_exchange,,,CONTROL
LKSPU,0002043508,Lake Superior Acquisition Corp,Nasdaq,NONE,,control_no_seeded_acquisition_in_stockanalysis_pull,https://www.sec.gov/files/company_tickers_exchange.json,sec_company_tickers_exchange,,,CONTROL
QUBT,0001758009,Quantum Computing Inc.,Nasdaq,NONE,,control_no_seeded_acquisition_in_stockanalysis_pull,https://www.sec.gov/files/company_tickers_exchange.json,sec_company_tickers_exchange,,,CONTROL
CDLX,0001666071,"Cardlytics, Inc.",Nasdaq,NONE,,control_no_seeded_acquisition_in_stockanalysis_pull,https://www.sec.gov/files/company_tickers_exchange.json,sec_company_tickers_exchange,,,CONTROL
ECO,0001964954,Okeanis Eco Tankers Corp.,NYSE,NONE,,control_no_seeded_acquisition_in_stockanalysis_pull,https://www.sec.gov/files/company_tickers_exchange.json,sec_company_tickers_exchange,,,CONTROL
USB,0000036104,US BANCORP \DE\,NYSE,NONE,,control_no_seeded_acquisition_in_stockanalysis_pull,https://www.sec.gov/files/company_tickers_exchange.json,sec_company_tickers_exchange,,,CONTROL
MUX,0000314203,McEwen Inc.,NYSE,NONE,,control_no_seeded_acquisition_in_stockanalysis_pull,https://www.sec.gov/files/company_tickers_exchange.json,sec_company_tickers_exchange,,,CONTROL
DRTS,0001871321,Alpha Tau Medical Ltd.,Nasdaq,NONE,,control_no_seeded_acquisition_in_stockanalysis_pull,https://www.sec.gov/files/company_tickers_exchange.json,sec_company_tickers_exchange,,,CONTROL
SNUS-PI,0000811830,"Santander Holdings USA, Inc.",NYSE,NONE,,control_no_seeded_acquisition_in_stockanalysis_pull,https://www.sec.gov/files/company_tickers_exchange.json,sec_company_tickers_exchange,,,CONTROL
CHEC,0002047177,Chenghe Acquisition III Co.,Nasdaq,NONE,,control_no_seeded_acquisition_in_stockanalysis_pull,https://www.sec.gov/files/company_tickers_exchange.json,sec_company_tickers_exchange,,,CONTROL
LAUR,0000912766,"LAUREATE EDUCATION, INC.",Nasdaq,NONE,,control_no_seeded_acquisition_in_stockanalysis_pull,https://www.sec.gov/files/company_tickers_exchange.json,sec_company_tickers_exchange,,,CONTROL
GFS,0001709048,GLOBALFOUNDRIES Inc.,Nasdaq,NONE,,control_no_seeded_acquisition_in_stockanalysis_pull,https://www.sec.gov/files/company_tickers_exchange.json,sec_company_tickers_exchange,,,CONTROL
LNC-PD,0000059558,LINCOLN NATIONAL CORP,NYSE,NONE,,control_no_seeded_acquisition_in_stockanalysis_pull,https://www.sec.gov/files/company_tickers_exchange.json,sec_company_tickers_exchange,,,CONTROL
ATGL,0001967621,Alpha Technology Group Ltd,Nasdaq,NONE,,control_no_seeded_acquisition_in_stockanalysis_pull,https://www.sec.gov/files/company_tickers_exchange.json,sec_company_tickers_exchange,,,CONTROL
TVACU,0002033991,Texas Ventures Acquisition III Corp,Nasdaq,NONE,,control_no_seeded_acquisition_in_stockanalysis_pull,https://www.sec.gov/files/company_tickers_exchange.json,sec_company_tickers_exchange,,,CONTROL
CMCO,0001005229,COLUMBUS MCKINNON CORP,Nasdaq,NONE,,control_no_seeded_acquisition_in_stockanalysis_pull,https://www.sec.gov/files/company_tickers_exchange.json,sec_company_tickers_exchange,,,CONTROL
KKRS,0001404912,KKR & Co. Inc.,NYSE,NONE,,control_no_seeded_acquisition_in_stockanalysis_pull,https://www.sec.gov/files/company_tickers_exchange.json,sec_company_tickers_exchange,,,CONTROL
RDWR,0001094366,RADWARE LTD,Nasdaq,NONE,,control_no_seeded_acquisition_in_stockanalysis_pull,https://www.sec.gov/files/company_tickers_exchange.json,sec_company_tickers_exchange,,,CONTROL
DXC,0001688568,DXC Technology Co,NYSE,NONE,,control_no_seeded_acquisition_in_stockanalysis_pull,https://www.sec.gov/files/company_tickers_exchange.json,sec_company_tickers_exchange,,,CONTROL
SHO-PH,0001295810,"Sunstone Hotel Investors, Inc.",NYSE,NONE,,control_no_seeded_acquisition_in_stockanalysis_pull,https://www.sec.gov/files/company_tickers_exchange.json,sec_company_tickers_exchange,,,CONTROL
LANDP,0001495240,GLADSTONE LAND Corp,Nasdaq,NONE,,control_no_seeded_acquisition_in_stockanalysis_pull,https://www.sec.gov/files/company_tickers_exchange.json,sec_company_tickers_exchange,,,CONTROL
FTHY,0001810523,FIRST TRUST HIGH YIELD OPPORTUNITIES 2027 TERM FUND,NYSE,NONE,,control_no_seeded_acquisition_in_stockanalysis_pull,https://www.sec.gov/files/company_tickers_exchange.json,sec_company_tickers_exchange,,,CONTROL
DCI,0000029644,DONALDSON Co INC,NYSE,NONE,,control_no_seeded_acquisition_in_stockanalysis_pull,https://www.sec.gov/files/company_tickers_exchange.json,sec_company_tickers_exchange,,,CONTROL
GENC,0000064472,GENCOR INDUSTRIES INC,NYSE,NONE,,control_no_seeded_acquisition_in_stockanalysis_pull,https://www.sec.gov/files/company_tickers_exchange.json,sec_company_tickers_exchange,,,CONTROL
JMIA,0001756708,Jumia Technologies AG,NYSE,NONE,,control_no_seeded_acquisition_in_stockanalysis_pull,https://www.sec.gov/files/company_tickers_exchange.json,sec_company_tickers_exchange,,,CONTROL
GDDY,0001609711,GoDaddy Inc.,NYSE,NONE,,control_no_seeded_acquisition_in_stockanalysis_pull,https://www.sec.gov/files/company_tickers_exchange.json,sec_company_tickers_exchange,,,CONTROL
DSYWW,0001999297,Big Tree Cloud Holdings Ltd,Nasdaq,NONE,,control_no_seeded_acquisition_in_stockanalysis_pull,https://www.sec.gov/files/company_tickers_exchange.json,sec_company_tickers_exchange,,,CONTROL
VSME,0001951294,VS MEDIA Holdings Ltd,Nasdaq,NONE,,control_no_seeded_acquisition_in_stockanalysis_pull,https://www.sec.gov/files/company_tickers_exchange.json,sec_company_tickers_exchange,,,CONTROL
UAL,0000100517,"United Airlines Holdings, Inc.",Nasdaq,NONE,,control_no_seeded_acquisition_in_stockanalysis_pull,https://www.sec.gov/files/company_tickers_exchange.json,sec_company_tickers_exchange,,,CONTROL
PMT-PB,0001464423,PennyMac Mortgage Investment Trust,NYSE,NONE,,control_no_seeded_acquisition_in_stockanalysis_pull,https://www.sec.gov/files/company_tickers_exchange.json,sec_company_tickers_exchange,,,CONTROL
W,0001616707,Wayfair Inc.,NYSE,NONE,,control_no_seeded_acquisition_in_stockanalysis_pull,https://www.sec.gov/files/company_tickers_exchange.json,sec_company_tickers_exchange,,,CONTROL
BCIC,0001372807,BCP Investment Corp,Nasdaq,NONE,,control_no_seeded_acquisition_in_stockanalysis_pull,https://www.sec.gov/files/company_tickers_exchange.json,sec_company_tickers_exchange,,,CONTROL
CGAU,0001854640,Centerra Gold Inc.,NYSE,NONE,,control_no_seeded_acquisition_in_stockanalysis_pull,https://www.sec.gov/files/company_tickers_exchange.json,sec_company_tickers_exchange,,,CONTROL
NINE,0001532286,"Nine Energy Service, Inc.",NYSE,NONE,,control_no_seeded_acquisition_in_stockanalysis_pull,https://www.sec.gov/files/company_tickers_exchange.json,sec_company_tickers_exchange,,,CONTROL
RYDE,0001971115,Ryde Group Ltd,NYSE,NONE,,control_no_seeded_acquisition_in_stockanalysis_pull,https://www.sec.gov/files/company_tickers_exchange.json,sec_company_tickers_exchange,,,CONTROL
STEP,0001796022,StepStone Group Inc.,Nasdaq,NONE,,control_no_seeded_acquisition_in_stockanalysis_pull,https://www.sec.gov/files/company_tickers_exchange.json,sec_company_tickers_exchange,,,CONTROL
DMAAR,0002028614,Drugs Made In America Acquisition Corp.,Nasdaq,NONE,,control_no_seeded_acquisition_in_stockanalysis_pull,https://www.sec.gov/files/company_tickers_exchange.json,sec_company_tickers_exchange,,,CONTROL
CXIIU,0002114227,Churchill Capital Corp XII,Nasdaq,NONE,,control_no_seeded_acquisition_in_stockanalysis_pull,https://www.sec.gov/files/company_tickers_exchange.json,sec_company_tickers_exchange,,,CONTROL
EW,0001099800,Edwards Lifesciences Corp,NYSE,NONE,,control_no_seeded_acquisition_in_stockanalysis_pull,https://www.sec.gov/files/company_tickers_exchange.json,sec_company_tickers_exchange,,,CONTROL
BPAC,0002064177,Blueport Acquisition Ltd,Nasdaq,NONE,,control_no_seeded_acquisition_in_stockanalysis_pull,https://www.sec.gov/files/company_tickers_exchange.json,sec_company_tickers_exchange,,,CONTROL
HYFT,0001715925,MindWalk Holdings Corp.,Nasdaq,NONE,,control_no_seeded_acquisition_in_stockanalysis_pull,https://www.sec.gov/files/company_tickers_exchange.json,sec_company_tickers_exchange,,,CONTROL
ITRN,0001337117,Ituran Location & Control Ltd.,Nasdaq,NONE,,control_no_seeded_acquisition_in_stockanalysis_pull,https://www.sec.gov/files/company_tickers_exchange.json,sec_company_tickers_exchange,,,CONTROL
BEPI,0001533232,Brookfield Renewable Partners L.P.,NYSE,NONE,,control_no_seeded_acquisition_in_stockanalysis_pull,https://www.sec.gov/files/company_tickers_exchange.json,sec_company_tickers_exchange,,,CONTROL
EIG,0001379041,"Employers Holdings, Inc.",NYSE,NONE,,control_no_seeded_acquisition_in_stockanalysis_pull,https://www.sec.gov/files/company_tickers_exchange.json,sec_company_tickers_exchange,,,CONTROL
PAY,0001841156,"Paymentus Holdings, Inc.",NYSE,NONE,,control_no_seeded_acquisition_in_stockanalysis_pull,https://www.sec.gov/files/company_tickers_exchange.json,sec_company_tickers_exchange,,,CONTROL
NVNIW,0001965143,Nvni Group Ltd,Nasdaq,NONE,,control_no_seeded_acquisition_in_stockanalysis_pull,https://www.sec.gov/files/company_tickers_exchange.json,sec_company_tickers_exchange,,,CONTROL
SORN,0002086263,Soren Acquisition Corp.,Nasdaq,NONE,,control_no_seeded_acquisition_in_stockanalysis_pull,https://www.sec.gov/files/company_tickers_exchange.json,sec_company_tickers_exchange,,,CONTROL
RDAGU,0002055459,Republic Digital Acquisition Co,Nasdaq,NONE,,control_no_seeded_acquisition_in_stockanalysis_pull,https://www.sec.gov/files/company_tickers_exchange.json,sec_company_tickers_exchange,,,CONTROL
APP,0001751008,AppLovin Corp,Nasdaq,NONE,,control_no_seeded_acquisition_in_stockanalysis_pull,https://www.sec.gov/files/company_tickers_exchange.json,sec_company_tickers_exchange,,,CONTROL
IVT,0001307748,InvenTrust Properties Corp.,NYSE,NONE,,control_no_seeded_acquisition_in_stockanalysis_pull,https://www.sec.gov/files/company_tickers_exchange.json,sec_company_tickers_exchange,,,CONTROL
CEPO,0002027708,"Cantor Equity Partners I, Inc.",Nasdaq,NONE,,control_no_seeded_acquisition_in_stockanalysis_pull,https://www.sec.gov/files/company_tickers_exchange.json,sec_company_tickers_exchange,,,CONTROL
NCPL,0001414767,Netcapital Inc.,Nasdaq,NONE,,control_no_seeded_acquisition_in_stockanalysis_pull,https://www.sec.gov/files/company_tickers_exchange.json,sec_company_tickers_exchange,,,CONTROL
AUDC,0001086434,AUDIOCODES LTD,Nasdaq,NONE,,control_no_seeded_acquisition_in_stockanalysis_pull,https://www.sec.gov/files/company_tickers_exchange.json,sec_company_tickers_exchange,,,CONTROL
AM,0001623925,Antero Midstream Corp,NYSE,NONE,,control_no_seeded_acquisition_in_stockanalysis_pull,https://www.sec.gov/files/company_tickers_exchange.json,sec_company_tickers_exchange,,,CONTROL
OHACU,0002090787,Oceanhawk Acquisition Corp.,Nasdaq,NONE,,control_no_seeded_acquisition_in_stockanalysis_pull,https://www.sec.gov/files/company_tickers_exchange.json,sec_company_tickers_exchange,,,CONTROL
PRHI,0001502292,"Presurance Holdings, Inc.",Nasdaq,NONE,,control_no_seeded_acquisition_in_stockanalysis_pull,https://www.sec.gov/files/company_tickers_exchange.json,sec_company_tickers_exchange,,,CONTROL
RDAG,0002055459,Republic Digital Acquisition Co,Nasdaq,NONE,,control_no_seeded_acquisition_in_stockanalysis_pull,https://www.sec.gov/files/company_tickers_exchange.json,sec_company_tickers_exchange,,,CONTROL
HZO,0001057060,MARINEMAX INC,NYSE,NONE,,control_no_seeded_acquisition_in_stockanalysis_pull,https://www.sec.gov/files/company_tickers_exchange.json,sec_company_tickers_exchange,,,CONTROL
BRT,0000014846,BRT Apartments Corp.,NYSE,NONE,,control_no_seeded_acquisition_in_stockanalysis_pull,https://www.sec.gov/files/company_tickers_exchange.json,sec_company_tickers_exchange,,,CONTROL
HSCS,0001468492,HeartSciences Inc.,Nasdaq,NONE,,control_no_seeded_acquisition_in_stockanalysis_pull,https://www.sec.gov/files/company_tickers_exchange.json,sec_company_tickers_exchange,,,CONTROL
HQL,0000884121,abrdn Life Sciences Investors,NYSE,NONE,,control_no_seeded_acquisition_in_stockanalysis_pull,https://www.sec.gov/files/company_tickers_exchange.json,sec_company_tickers_exchange,,,CONTROL
INTG,0000069422,INTERGROUP CORP,Nasdaq,NONE,,control_no_seeded_acquisition_in_stockanalysis_pull,https://www.sec.gov/files/company_tickers_exchange.json,sec_company_tickers_exchange,,,CONTROL
ZJYL,0001837821,Jin Medical International Ltd.,Nasdaq,NONE,,control_no_seeded_acquisition_in_stockanalysis_pull,https://www.sec.gov/files/company_tickers_exchange.json,sec_company_tickers_exchange,,,CONTROL
TLIH,0001982012,Ten-League International Holdings Ltd,Nasdaq,NONE,,control_no_seeded_acquisition_in_stockanalysis_pull,https://www.sec.gov/files/company_tickers_exchange.json,sec_company_tickers_exchange,,,CONTROL
QNCX,0001662774,"Quince Therapeutics, Inc.",Nasdaq,NONE,,control_no_seeded_acquisition_in_stockanalysis_pull,https://www.sec.gov/files/company_tickers_exchange.json,sec_company_tickers_exchange,,,CONTROL
MLKN,0000066382,"MILLERKNOLL, INC.",Nasdaq,NONE,,control_no_seeded_acquisition_in_stockanalysis_pull,https://www.sec.gov/files/company_tickers_exchange.json,sec_company_tickers_exchange,,,CONTROL
GENI,0001834489,Genius Sports Ltd,NYSE,NONE,,control_no_seeded_acquisition_in_stockanalysis_pull,https://www.sec.gov/files/company_tickers_exchange.json,sec_company_tickers_exchange,,,CONTROL
ROST,0000745732,"ROSS STORES, INC.",Nasdaq,NONE,,control_no_seeded_acquisition_in_stockanalysis_pull,https://www.sec.gov/files/company_tickers_exchange.json,sec_company_tickers_exchange,,,CONTROL
CNCKW,0001913847,Coincheck Group N.V.,Nasdaq,NONE,,control_no_seeded_acquisition_in_stockanalysis_pull,https://www.sec.gov/files/company_tickers_exchange.json,sec_company_tickers_exchange,,,CONTROL
FOUR-PA,0001794669,"Shift4 Payments, Inc.",NYSE,NONE,,control_no_seeded_acquisition_in_stockanalysis_pull,https://www.sec.gov/files/company_tickers_exchange.json,sec_company_tickers_exchange,,,CONTROL
IPXG,0002088805,Inflection Point Acquisition Corp. VII,Nasdaq,NONE,,control_no_seeded_acquisition_in_stockanalysis_pull,https://www.sec.gov/files/company_tickers_exchange.json,sec_company_tickers_exchange,,,CONTROL
AMTM,0002011286,"Amentum Holdings, Inc.",NYSE,NONE,,control_no_seeded_acquisition_in_stockanalysis_pull,https://www.sec.gov/files/company_tickers_exchange.json,sec_company_tickers_exchange,,,CONTROL
ADAML,0001273685,"ADAMAS TRUST, INC.",Nasdaq,NONE,,control_no_seeded_acquisition_in_stockanalysis_pull,https://www.sec.gov/files/company_tickers_exchange.json,sec_company_tickers_exchange,,,CONTROL
OFIX,0000884624,Orthofix Medical Inc.,Nasdaq,NONE,,control_no_seeded_acquisition_in_stockanalysis_pull,https://www.sec.gov/files/company_tickers_exchange.json,sec_company_tickers_exchange,,,CONTROL
CMRC,0001626450,"Commerce.com, Inc.",Nasdaq,NONE,,control_no_seeded_acquisition_in_stockanalysis_pull,https://www.sec.gov/files/company_tickers_exchange.json,sec_company_tickers_exchange,,,CONTROL
HAE,0000313143,HAEMONETICS CORP,NYSE,NONE,,control_no_seeded_acquisition_in_stockanalysis_pull,https://www.sec.gov/files/company_tickers_exchange.json,sec_company_tickers_exchange,,,CONTROL
SD,0001349436,SANDRIDGE ENERGY INC,NYSE,NONE,,control_no_seeded_acquisition_in_stockanalysis_pull,https://www.sec.gov/files/company_tickers_exchange.json,sec_company_tickers_exchange,,,CONTROL
FENG,0001509646,Phoenix New Media Ltd,NYSE,NONE,,control_no_seeded_acquisition_in_stockanalysis_pull,https://www.sec.gov/files/company_tickers_exchange.json,sec_company_tickers_exchange,,,CONTROL
IAG,0001203464,IAMGOLD CORP,NYSE,NONE,,control_no_seeded_acquisition_in_stockanalysis_pull,https://www.sec.gov/files/company_tickers_exchange.json,sec_company_tickers_exchange,,,CONTROL
TORO,0001941131,TORO CORP.,Nasdaq,NONE,,control_no_seeded_acquisition_in_stockanalysis_pull,https://www.sec.gov/files/company_tickers_exchange.json,sec_company_tickers_exchange,,,CONTROL
TRAK,0000050471,"ReposiTrak, Inc.",NYSE,NONE,,control_no_seeded_acquisition_in_stockanalysis_pull,https://www.sec.gov/files/company_tickers_exchange.json,sec_company_tickers_exchange,,,CONTROL
EVN,0001074540,Eaton Vance Municipal Income Trust,NYSE,NONE,,control_no_seeded_acquisition_in_stockanalysis_pull,https://www.sec.gov/files/company_tickers_exchange.json,sec_company_tickers_exchange,,,CONTROL
PCG-PD,0001004980,PG&E Corp,NYSE,NONE,,control_no_seeded_acquisition_in_stockanalysis_pull,https://www.sec.gov/files/company_tickers_exchange.json,sec_company_tickers_exchange,,,CONTROL
ATHR,0002026353,"Aether Holdings, Inc.",Nasdaq,NONE,,control_no_seeded_acquisition_in_stockanalysis_pull,https://www.sec.gov/files/company_tickers_exchange.json,sec_company_tickers_exchange,,,CONTROL
LIFE,0001788451,Ethos Technologies Inc.,Nasdaq,NONE,,control_no_seeded_acquisition_in_stockanalysis_pull,https://www.sec.gov/files/company_tickers_exchange.json,sec_company_tickers_exchange,,,CONTROL
VERA,0001831828,"Vera Therapeutics, Inc.",Nasdaq,NONE,,control_no_seeded_acquisition_in_stockanalysis_pull,https://www.sec.gov/files/company_tickers_exchange.json,sec_company_tickers_exchange,,,CONTROL
ASBA,0000007789,ASSOCIATED BANC-CORP,NYSE,NONE,,control_no_seeded_acquisition_in_stockanalysis_pull,https://www.sec.gov/files/company_tickers_exchange.json,sec_company_tickers_exchange,,,CONTROL
ETY,0001340736,Eaton Vance Tax-Managed Diversified Equity Income Fund,NYSE,NONE,,control_no_seeded_acquisition_in_stockanalysis_pull,https://www.sec.gov/files/company_tickers_exchange.json,sec_company_tickers_exchange,,,CONTROL
MGM,0000789570,MGM Resorts International,NYSE,NONE,,control_no_seeded_acquisition_in_stockanalysis_pull,https://www.sec.gov/files/company_tickers_exchange.json,sec_company_tickers_exchange,,,CONTROL
TRT,0000732026,TRIO-TECH INTERNATIONAL,NYSE,NONE,,control_no_seeded_acquisition_in_stockanalysis_pull,https://www.sec.gov/files/company_tickers_exchange.json,sec_company_tickers_exchange,,,CONTROL
PEPG,0001835597,PepGen Inc.,Nasdaq,NONE,,control_no_seeded_acquisition_in_stockanalysis_pull,https://www.sec.gov/files/company_tickers_exchange.json,sec_company_tickers_exchange,,,CONTROL
BDMDW,0001982444,Baird Medical Investment Holdings Ltd,Nasdaq,NONE,,control_no_seeded_acquisition_in_stockanalysis_pull,https://www.sec.gov/files/company_tickers_exchange.json,sec_company_tickers_exchange,,,CONTROL
CAPNR,0002024203,Cayson Acquisition Corp,Nasdaq,NONE,,control_no_seeded_acquisition_in_stockanalysis_pull,https://www.sec.gov/files/company_tickers_exchange.json,sec_company_tickers_exchange,,,CONTROL
GE,0000040545,GENERAL ELECTRIC CO,NYSE,NONE,,control_no_seeded_acquisition_in_stockanalysis_pull,https://www.sec.gov/files/company_tickers_exchange.json,sec_company_tickers_exchange,,,CONTROL
FGII,0002090452,FG Imperii Acquisition Corp.,Nasdaq,NONE,,control_no_seeded_acquisition_in_stockanalysis_pull,https://www.sec.gov/files/company_tickers_exchange.json,sec_company_tickers_exchange,,,CONTROL
CARL,0001794546,"CARLSMED, INC.",Nasdaq,NONE,,control_no_seeded_acquisition_in_stockanalysis_pull,https://www.sec.gov/files/company_tickers_exchange.json,sec_company_tickers_exchange,,,CONTROL
FCFS,0000840489,"FirstCash Holdings, Inc.",Nasdaq,NONE,,control_no_seeded_acquisition_in_stockanalysis_pull,https://www.sec.gov/files/company_tickers_exchange.json,sec_company_tickers_exchange,,,CONTROL
KRP,0001657788,"Kimbell Royalty Partners, LP",NYSE,NONE,,control_no_seeded_acquisition_in_stockanalysis_pull,https://www.sec.gov/files/company_tickers_exchange.json,sec_company_tickers_exchange,,,CONTROL
ACGL,0000947484,ARCH CAPITAL GROUP LTD.,Nasdaq,NONE,,control_no_seeded_acquisition_in_stockanalysis_pull,https://www.sec.gov/files/company_tickers_exchange.json,sec_company_tickers_exchange,,,CONTROL
IONQ-WT,0001824920,"IonQ, Inc.",NYSE,NONE,,control_no_seeded_acquisition_in_stockanalysis_pull,https://www.sec.gov/files/company_tickers_exchange.json,sec_company_tickers_exchange,,,CONTROL
SARO,0002025410,"StandardAero, Inc.",NYSE,NONE,,control_no_seeded_acquisition_in_stockanalysis_pull,https://www.sec.gov/files/company_tickers_exchange.json,sec_company_tickers_exchange,,,CONTROL
WNW,0001787803,Meiwu Technology Co Ltd,Nasdaq,NONE,,control_no_seeded_acquisition_in_stockanalysis_pull,https://www.sec.gov/files/company_tickers_exchange.json,sec_company_tickers_exchange,,,CONTROL
MCGAU,0002064658,Yorkville Acquisition Corp.,Nasdaq,NONE,,control_no_seeded_acquisition_in_stockanalysis_pull,https://www.sec.gov/files/company_tickers_exchange.json,sec_company_tickers_exchange,,,CONTROL
UGI,0000884614,UGI CORP /PA/,NYSE,NONE,,control_no_seeded_acquisition_in_stockanalysis_pull,https://www.sec.gov/files/company_tickers_exchange.json,sec_company_tickers_exchange,,,CONTROL
BCRX,0000882796,BIOCRYST PHARMACEUTICALS INC,Nasdaq,NONE,,control_no_seeded_acquisition_in_stockanalysis_pull,https://www.sec.gov/files/company_tickers_exchange.json,sec_company_tickers_exchange,,,CONTROL
MRP,0002017206,"Millrose Properties, Inc.",NYSE,NONE,,control_no_seeded_acquisition_in_stockanalysis_pull,https://www.sec.gov/files/company_tickers_exchange.json,sec_company_tickers_exchange,,,CONTROL
NXPI,0001413447,NXP Semiconductors N.V.,Nasdaq,NONE,,control_no_seeded_acquisition_in_stockanalysis_pull,https://www.sec.gov/files/company_tickers_exchange.json,sec_company_tickers_exchange,,,CONTROL
INSG,0001022652,INSEEGO CORP.,Nasdaq,NONE,,control_no_seeded_acquisition_in_stockanalysis_pull,https://www.sec.gov/files/company_tickers_exchange.json,sec_company_tickers_exchange,,,CONTROL
ARTW,0000007623,ARTS WAY MANUFACTURING CO INC,Nasdaq,NONE,,control_no_seeded_acquisition_in_stockanalysis_pull,https://www.sec.gov/files/company_tickers_exchange.json,sec_company_tickers_exchange,,,CONTROL
SB-PD,0001434754,"SAFE BULKERS, INC.",NYSE,NONE,,control_no_seeded_acquisition_in_stockanalysis_pull,https://www.sec.gov/files/company_tickers_exchange.json,sec_company_tickers_exchange,,,CONTROL
WINA,0000908315,WINMARK CORP,Nasdaq,NONE,,control_no_seeded_acquisition_in_stockanalysis_pull,https://www.sec.gov/files/company_tickers_exchange.json,sec_company_tickers_exchange,,,CONTROL
H,0001468174,Hyatt Hotels Corp,NYSE,NONE,,control_no_seeded_acquisition_in_stockanalysis_pull,https://www.sec.gov/files/company_tickers_exchange.json,sec_company_tickers_exchange,,,CONTROL
MG,0001436126,"Mistras Group, Inc.",NYSE,NONE,,control_no_seeded_acquisition_in_stockanalysis_pull,https://www.sec.gov/files/company_tickers_exchange.json,sec_company_tickers_exchange,,,CONTROL
BHVN,0001935979,Biohaven Ltd.,NYSE,NONE,,control_no_seeded_acquisition_in_stockanalysis_pull,https://www.sec.gov/files/company_tickers_exchange.json,sec_company_tickers_exchange,,,CONTROL
VENU,0001770501,Venu Holding Corp,NYSE,NONE,,control_no_seeded_acquisition_in_stockanalysis_pull,https://www.sec.gov/files/company_tickers_exchange.json,sec_company_tickers_exchange,,,CONTROL
ACFN,0000880984,"ACORN ENERGY, INC.",Nasdaq,NONE,,control_no_seeded_acquisition_in_stockanalysis_pull,https://www.sec.gov/files/company_tickers_exchange.json,sec_company_tickers_exchange,,,CONTROL
NAMSW,0001936258,NewAmsterdam Pharma Co N.V.,Nasdaq,NONE,,control_no_seeded_acquisition_in_stockanalysis_pull,https://www.sec.gov/files/company_tickers_exchange.json,sec_company_tickers_exchange,,,CONTROL
GCL,0002002045,GCL Global Holdings Ltd,Nasdaq,NONE,,control_no_seeded_acquisition_in_stockanalysis_pull,https://www.sec.gov/files/company_tickers_exchange.json,sec_company_tickers_exchange,,,CONTROL
DOMO,0001505952,"DOMO, INC.",Nasdaq,NONE,,control_no_seeded_acquisition_in_stockanalysis_pull,https://www.sec.gov/files/company_tickers_exchange.json,sec_company_tickers_exchange,,,CONTROL
GFR-RI,0001966287,Greenfire Resources Ltd.,NYSE,NONE,,control_no_seeded_acquisition_in_stockanalysis_pull,https://www.sec.gov/files/company_tickers_exchange.json,sec_company_tickers_exchange,,,CONTROL
LAR,0001440972,Lithium Argentina AG,NYSE,NONE,,control_no_seeded_acquisition_in_stockanalysis_pull,https://www.sec.gov/files/company_tickers_exchange.json,sec_company_tickers_exchange,,,CONTROL
RF-PC,0001281761,REGIONS FINANCIAL CORP,NYSE,NONE,,control_no_seeded_acquisition_in_stockanalysis_pull,https://www.sec.gov/files/company_tickers_exchange.json,sec_company_tickers_exchange,,,CONTROL
AMR,0001704715,"Alpha Metallurgical Resources, Inc.",NYSE,NONE,,control_no_seeded_acquisition_in_stockanalysis_pull,https://www.sec.gov/files/company_tickers_exchange.json,sec_company_tickers_exchange,,,CONTROL
BPACR,0002064177,Blueport Acquisition Ltd,Nasdaq,NONE,,control_no_seeded_acquisition_in_stockanalysis_pull,https://www.sec.gov/files/company_tickers_exchange.json,sec_company_tickers_exchange,,,CONTROL
VRXAW,0002079109,Veraxa Biotech AG - Post de-SPAC,Nasdaq,NONE,,control_no_seeded_acquisition_in_stockanalysis_pull,https://www.sec.gov/files/company_tickers_exchange.json,sec_company_tickers_exchange,,,CONTROL
OLLI,0001639300,"Ollie's Bargain Outlet Holdings, Inc.",Nasdaq,NONE,,control_no_seeded_acquisition_in_stockanalysis_pull,https://www.sec.gov/files/company_tickers_exchange.json,sec_company_tickers_exchange,,,CONTROL
GTEN,0001986817,"Gores Holdings X, Inc. / CI",Nasdaq,NONE,,control_no_seeded_acquisition_in_stockanalysis_pull,https://www.sec.gov/files/company_tickers_exchange.json,sec_company_tickers_exchange,,,CONTROL
IRAB-WT,0002077785,Iris Acquisition Corp II,NYSE,NONE,,control_no_seeded_acquisition_in_stockanalysis_pull,https://www.sec.gov/files/company_tickers_exchange.json,sec_company_tickers_exchange,,,CONTROL
NXP,0000883618,NUVEEN SELECT TAX FREE INCOME PORTFOLIO,NYSE,NONE,,control_no_seeded_acquisition_in_stockanalysis_pull,https://www.sec.gov/files/company_tickers_exchange.json,sec_company_tickers_exchange,,,CONTROL
IDR,0001030192,"Idaho Strategic Resources, Inc.",NYSE,NONE,,control_no_seeded_acquisition_in_stockanalysis_pull,https://www.sec.gov/files/company_tickers_exchange.json,sec_company_tickers_exchange,,,CONTROL
CDRO,0001866782,"Codere Online Luxembourg, S.A.",Nasdaq,NONE,,control_no_seeded_acquisition_in_stockanalysis_pull,https://www.sec.gov/files/company_tickers_exchange.json,sec_company_tickers_exchange,,,CONTROL
GRNT,0001928446,"Granite Ridge Resources, Inc.",NYSE,NONE,,control_no_seeded_acquisition_in_stockanalysis_pull,https://www.sec.gov/files/company_tickers_exchange.json,sec_company_tickers_exchange,,,CONTROL
JAZZ,0001232524,Jazz Pharmaceuticals plc,Nasdaq,NONE,,control_no_seeded_acquisition_in_stockanalysis_pull,https://www.sec.gov/files/company_tickers_exchange.json,sec_company_tickers_exchange,,,CONTROL
ERH,0001279014,ALLSPRING UTILITIES & HIGH INCOME FUND,NYSE,NONE,,control_no_seeded_acquisition_in_stockanalysis_pull,https://www.sec.gov/files/company_tickers_exchange.json,sec_company_tickers_exchange,,,CONTROL
MVIS,0000065770,"MICROVISION, INC.",Nasdaq,NONE,,control_no_seeded_acquisition_in_stockanalysis_pull,https://www.sec.gov/files/company_tickers_exchange.json,sec_company_tickers_exchange,,,CONTROL
FCAP,0001070296,FIRST CAPITAL INC,Nasdaq,NONE,,control_no_seeded_acquisition_in_stockanalysis_pull,https://www.sec.gov/files/company_tickers_exchange.json,sec_company_tickers_exchange,,,CONTROL
APPS,0000317788,"Digital Turbine, Inc.",Nasdaq,NONE,,control_no_seeded_acquisition_in_stockanalysis_pull,https://www.sec.gov/files/company_tickers_exchange.json,sec_company_tickers_exchange,,,CONTROL
SINT,0001269026,"Sintx Technologies, Inc.",Nasdaq,NONE,,control_no_seeded_acquisition_in_stockanalysis_pull,https://www.sec.gov/files/company_tickers_exchange.json,sec_company_tickers_exchange,,,CONTROL
SCM,0001551901,Stellus Capital Investment Corp,NYSE,NONE,,control_no_seeded_acquisition_in_stockanalysis_pull,https://www.sec.gov/files/company_tickers_exchange.json,sec_company_tickers_exchange,,,CONTROL
UGA,0001396878,"United States Gasoline Fund, LP",NYSE,NONE,,control_no_seeded_acquisition_in_stockanalysis_pull,https://www.sec.gov/files/company_tickers_exchange.json,sec_company_tickers_exchange,,,CONTROL
GRO,0001472326,Brazil Potash Corp.,NYSE,NONE,,control_no_seeded_acquisition_in_stockanalysis_pull,https://www.sec.gov/files/company_tickers_exchange.json,sec_company_tickers_exchange,,,CONTROL
IPWR,0001507957,Ideal Power Inc.,Nasdaq,NONE,,control_no_seeded_acquisition_in_stockanalysis_pull,https://www.sec.gov/files/company_tickers_exchange.json,sec_company_tickers_exchange,,,CONTROL
FMC,0000037785,FMC CORP,NYSE,NONE,,control_no_seeded_acquisition_in_stockanalysis_pull,https://www.sec.gov/files/company_tickers_exchange.json,sec_company_tickers_exchange,,,CONTROL
BRAI,0002076975,Braiin Ltd,Nasdaq,NONE,,control_no_seeded_acquisition_in_stockanalysis_pull,https://www.sec.gov/files/company_tickers_exchange.json,sec_company_tickers_exchange,,,CONTROL
FGNXP,0001591890,FG Nexus Inc.,Nasdaq,NONE,,control_no_seeded_acquisition_in_stockanalysis_pull,https://www.sec.gov/files/company_tickers_exchange.json,sec_company_tickers_exchange,,,CONTROL
INVX,0001042893,"Innovex International, Inc.",NYSE,NONE,,control_no_seeded_acquisition_in_stockanalysis_pull,https://www.sec.gov/files/company_tickers_exchange.json,sec_company_tickers_exchange,,,CONTROL
MRCO,0002106436,Mercator Acquisition Corp.,Nasdaq,NONE,,control_no_seeded_acquisition_in_stockanalysis_pull,https://www.sec.gov/files/company_tickers_exchange.json,sec_company_tickers_exchange,,,CONTROL
REKR,0001697851,"Rekor Systems, Inc.",Nasdaq,NONE,,control_no_seeded_acquisition_in_stockanalysis_pull,https://www.sec.gov/files/company_tickers_exchange.json,sec_company_tickers_exchange,,,CONTROL
SLN,0001479615,Silence Therapeutics plc,Nasdaq,NONE,,control_no_seeded_acquisition_in_stockanalysis_pull,https://www.sec.gov/files/company_tickers_exchange.json,sec_company_tickers_exchange,,,CONTROL
TLNCU,0002073340,Talon Capital Corp.,Nasdaq,NONE,,control_no_seeded_acquisition_in_stockanalysis_pull,https://www.sec.gov/files/company_tickers_exchange.json,sec_company_tickers_exchange,,,CONTROL
XFLH-RI,0002088103,XFLH Capital Corp,NYSE,NONE,,control_no_seeded_acquisition_in_stockanalysis_pull,https://www.sec.gov/files/company_tickers_exchange.json,sec_company_tickers_exchange,,,CONTROL
RXO,0001929561,"RXO, Inc.",NYSE,NONE,,control_no_seeded_acquisition_in_stockanalysis_pull,https://www.sec.gov/files/company_tickers_exchange.json,sec_company_tickers_exchange,,,CONTROL
CHOW,0002041829,ChowChow Cloud International Holdings Ltd,NYSE,NONE,,control_no_seeded_acquisition_in_stockanalysis_pull,https://www.sec.gov/files/company_tickers_exchange.json,sec_company_tickers_exchange,,,CONTROL
BSAC,0001027552,BANCO SANTANDER CHILE,NYSE,NONE,,control_no_seeded_acquisition_in_stockanalysis_pull,https://www.sec.gov/files/company_tickers_exchange.json,sec_company_tickers_exchange,,,CONTROL
KOSS,0000056701,KOSS CORP,Nasdaq,NONE,,control_no_seeded_acquisition_in_stockanalysis_pull,https://www.sec.gov/files/company_tickers_exchange.json,sec_company_tickers_exchange,,,CONTROL
SPKL,0001884046,Spark I Acquisition Corp,Nasdaq,NONE,,control_no_seeded_acquisition_in_stockanalysis_pull,https://www.sec.gov/files/company_tickers_exchange.json,sec_company_tickers_exchange,,,CONTROL
NAUT,0001808805,"Nautilus Biotechnology, Inc.",Nasdaq,NONE,,control_no_seeded_acquisition_in_stockanalysis_pull,https://www.sec.gov/files/company_tickers_exchange.json,sec_company_tickers_exchange,,,CONTROL
AMBQ,0001500412,"Ambiq Micro, Inc.",NYSE,NONE,,control_no_seeded_acquisition_in_stockanalysis_pull,https://www.sec.gov/files/company_tickers_exchange.json,sec_company_tickers_exchange,,,CONTROL
RFAMU,0002091712,RF Acquisition Corp III,Nasdaq,NONE,,control_no_seeded_acquisition_in_stockanalysis_pull,https://www.sec.gov/files/company_tickers_exchange.json,sec_company_tickers_exchange,,,CONTROL
ATYR,0001339970,aTYR PHARMA INC,Nasdaq,NONE,,control_no_seeded_acquisition_in_stockanalysis_pull,https://www.sec.gov/files/company_tickers_exchange.json,sec_company_tickers_exchange,,,CONTROL
CNI,0000016868,CANADIAN NATIONAL RAILWAY CO,NYSE,NONE,,control_no_seeded_acquisition_in_stockanalysis_pull,https://www.sec.gov/files/company_tickers_exchange.json,sec_company_tickers_exchange,,,CONTROL
SKIN,0001818093,SkinHealth Systems Inc.,Nasdaq,NONE,,control_no_seeded_acquisition_in_stockanalysis_pull,https://www.sec.gov/files/company_tickers_exchange.json,sec_company_tickers_exchange,,,CONTROL
VREX,0001681622,Varex Imaging Corp,Nasdaq,NONE,,control_no_seeded_acquisition_in_stockanalysis_pull,https://www.sec.gov/files/company_tickers_exchange.json,sec_company_tickers_exchange,,,CONTROL
EXTR,0001078271,EXTREME NETWORKS INC,Nasdaq,NONE,,control_no_seeded_acquisition_in_stockanalysis_pull,https://www.sec.gov/files/company_tickers_exchange.json,sec_company_tickers_exchange,,,CONTROL
SGMT,0001400118,Sagimet Biosciences Inc.,Nasdaq,NONE,,control_no_seeded_acquisition_in_stockanalysis_pull,https://www.sec.gov/files/company_tickers_exchange.json,sec_company_tickers_exchange,,,CONTROL
SSL,0000314590,SASOL LTD,NYSE,NONE,,control_no_seeded_acquisition_in_stockanalysis_pull,https://www.sec.gov/files/company_tickers_exchange.json,sec_company_tickers_exchange,,,CONTROL
FICO,0000814547,FAIR ISAAC CORP,NYSE,NONE,,control_no_seeded_acquisition_in_stockanalysis_pull,https://www.sec.gov/files/company_tickers_exchange.json,sec_company_tickers_exchange,,,CONTROL
WYFI,0002042022,"WhiteFiber, Inc.",Nasdaq,NONE,,control_no_seeded_acquisition_in_stockanalysis_pull,https://www.sec.gov/files/company_tickers_exchange.json,sec_company_tickers_exchange,,,CONTROL
PFAI,0002032755,Pinnacle Food Group Ltd,Nasdaq,NONE,,control_no_seeded_acquisition_in_stockanalysis_pull,https://www.sec.gov/files/company_tickers_exchange.json,sec_company_tickers_exchange,,,CONTROL
CBZ,0000944148,"CBIZ, Inc.",NYSE,NONE,,control_no_seeded_acquisition_in_stockanalysis_pull,https://www.sec.gov/files/company_tickers_exchange.json,sec_company_tickers_exchange,,,CONTROL
IRHO,0002051985,Iron Horse Acquisition II Corp.,Nasdaq,NONE,,control_no_seeded_acquisition_in_stockanalysis_pull,https://www.sec.gov/files/company_tickers_exchange.json,sec_company_tickers_exchange,,,CONTROL
WAVE,0001846715,Eco Wave Power Global AB (publ),Nasdaq,NONE,,control_no_seeded_acquisition_in_stockanalysis_pull,https://www.sec.gov/files/company_tickers_exchange.json,sec_company_tickers_exchange,,,CONTROL
TLS,0000320121,TELOS CORP,Nasdaq,NONE,,control_no_seeded_acquisition_in_stockanalysis_pull,https://www.sec.gov/files/company_tickers_exchange.json,sec_company_tickers_exchange,,,CONTROL
WENC-UN,0002104260,West Enclave Merger Corp.,NYSE,NONE,,control_no_seeded_acquisition_in_stockanalysis_pull,https://www.sec.gov/files/company_tickers_exchange.json,sec_company_tickers_exchange,,,CONTROL
BRSP,0001717547,"BrightSpire Capital, Inc.",NYSE,NONE,,control_no_seeded_acquisition_in_stockanalysis_pull,https://www.sec.gov/files/company_tickers_exchange.json,sec_company_tickers_exchange,,,CONTROL
NWG,0000844150,NatWest Group plc,NYSE,NONE,,control_no_seeded_acquisition_in_stockanalysis_pull,https://www.sec.gov/files/company_tickers_exchange.json,sec_company_tickers_exchange,,,CONTROL
HRL,0000048465,HORMEL FOODS CORP /DE/,NYSE,NONE,,control_no_seeded_acquisition_in_stockanalysis_pull,https://www.sec.gov/files/company_tickers_exchange.json,sec_company_tickers_exchange,,,CONTROL
PRQR,0001612940,ProQR Therapeutics N.V.,Nasdaq,NONE,,control_no_seeded_acquisition_in_stockanalysis_pull,https://www.sec.gov/files/company_tickers_exchange.json,sec_company_tickers_exchange,,,CONTROL
ANG-PD,0001039828,American National Group Inc.,NYSE,NONE,,control_no_seeded_acquisition_in_stockanalysis_pull,https://www.sec.gov/files/company_tickers_exchange.json,sec_company_tickers_exchange,,,CONTROL
GTBP,0000109657,"GT Biopharma, Inc.",Nasdaq,NONE,,control_no_seeded_acquisition_in_stockanalysis_pull,https://www.sec.gov/files/company_tickers_exchange.json,sec_company_tickers_exchange,,,CONTROL
CHH,0001046311,CHOICE HOTELS INTERNATIONAL INC /DE,NYSE,NONE,,control_no_seeded_acquisition_in_stockanalysis_pull,https://www.sec.gov/files/company_tickers_exchange.json,sec_company_tickers_exchange,,,CONTROL
APA,0001841666,APA Corp,Nasdaq,NONE,,control_no_seeded_acquisition_in_stockanalysis_pull,https://www.sec.gov/files/company_tickers_exchange.json,sec_company_tickers_exchange,,,CONTROL
AIQD,0000927971,BANK OF MONTREAL /CAN/,NYSE,NONE,,control_no_seeded_acquisition_in_stockanalysis_pull,https://www.sec.gov/files/company_tickers_exchange.json,sec_company_tickers_exchange,,,CONTROL
NGL,0001504461,NGL Energy Partners LP,NYSE,NONE,,control_no_seeded_acquisition_in_stockanalysis_pull,https://www.sec.gov/files/company_tickers_exchange.json,sec_company_tickers_exchange,,,CONTROL
PEO,0000216851,"ADAMS NATURAL RESOURCES FUND, INC.",NYSE,NONE,,control_no_seeded_acquisition_in_stockanalysis_pull,https://www.sec.gov/files/company_tickers_exchange.json,sec_company_tickers_exchange,,,CONTROL
CXW,0001070985,"CoreCivic, Inc.",NYSE,NONE,,control_no_seeded_acquisition_in_stockanalysis_pull,https://www.sec.gov/files/company_tickers_exchange.json,sec_company_tickers_exchange,,,CONTROL
SPKLU,0001884046,Spark I Acquisition Corp,Nasdaq,NONE,,control_no_seeded_acquisition_in_stockanalysis_pull,https://www.sec.gov/files/company_tickers_exchange.json,sec_company_tickers_exchange,,,CONTROL
BNO,0001472494,"United States Brent Oil Fund, LP",NYSE,NONE,,control_no_seeded_acquisition_in_stockanalysis_pull,https://www.sec.gov/files/company_tickers_exchange.json,sec_company_tickers_exchange,,,CONTROL
QUIK,0000882508,QUICKLOGIC Corp,Nasdaq,NONE,,control_no_seeded_acquisition_in_stockanalysis_pull,https://www.sec.gov/files/company_tickers_exchange.json,sec_company_tickers_exchange,,,CONTROL
RCS,0000916183,"PIMCO STRATEGIC INCOME FUND, INC.",NYSE,NONE,,control_no_seeded_acquisition_in_stockanalysis_pull,https://www.sec.gov/files/company_tickers_exchange.json,sec_company_tickers_exchange,,,CONTROL
FIGX,0002059033,FIGX Capital Acquisition Corp.,Nasdaq,NONE,,control_no_seeded_acquisition_in_stockanalysis_pull,https://www.sec.gov/files/company_tickers_exchange.json,sec_company_tickers_exchange,,,CONTROL
PZG,0001629210,Paramount Gold Nevada Corp.,NYSE,NONE,,control_no_seeded_acquisition_in_stockanalysis_pull,https://www.sec.gov/files/company_tickers_exchange.json,sec_company_tickers_exchange,,,CONTROL
NXG,0001506488,NXG NextGen Infrastructure Income Fund,NYSE,NONE,,control_no_seeded_acquisition_in_stockanalysis_pull,https://www.sec.gov/files/company_tickers_exchange.json,sec_company_tickers_exchange,,,CONTROL
ADVB,0001941029,Advanced Biomed Inc.,Nasdaq,NONE,,control_no_seeded_acquisition_in_stockanalysis_pull,https://www.sec.gov/files/company_tickers_exchange.json,sec_company_tickers_exchange,,,CONTROL
AMRN,0000897448,AMARIN CORP PLC\UK,Nasdaq,NONE,,control_no_seeded_acquisition_in_stockanalysis_pull,https://www.sec.gov/files/company_tickers_exchange.json,sec_company_tickers_exchange,,,CONTROL
ROL,0000084839,ROLLINS INC,NYSE,NONE,,control_no_seeded_acquisition_in_stockanalysis_pull,https://www.sec.gov/files/company_tickers_exchange.json,sec_company_tickers_exchange,,,CONTROL
AUGO,0001468642,Aura Minerals Inc.,Nasdaq,NONE,,control_no_seeded_acquisition_in_stockanalysis_pull,https://www.sec.gov/files/company_tickers_exchange.json,sec_company_tickers_exchange,,,CONTROL
MELI,0001099590,MERCADOLIBRE INC,Nasdaq,NONE,,control_no_seeded_acquisition_in_stockanalysis_pull,https://www.sec.gov/files/company_tickers_exchange.json,sec_company_tickers_exchange,,,CONTROL
FDMT,0001650648,"4D Molecular Therapeutics, Inc.",Nasdaq,NONE,,control_no_seeded_acquisition_in_stockanalysis_pull,https://www.sec.gov/files/company_tickers_exchange.json,sec_company_tickers_exchange,,,CONTROL
AVY,0000008818,Avery Dennison Corp,NYSE,NONE,,control_no_seeded_acquisition_in_stockanalysis_pull,https://www.sec.gov/files/company_tickers_exchange.json,sec_company_tickers_exchange,,,CONTROL
DFP,0001559991,Flaherty & Crumrine Dynamic Preferred & Income Fund Inc,NYSE,NONE,,control_no_seeded_acquisition_in_stockanalysis_pull,https://www.sec.gov/files/company_tickers_exchange.json,sec_company_tickers_exchange,,,CONTROL
BRSL,0001619762,Brightstar Lottery PLC,NYSE,NONE,,control_no_seeded_acquisition_in_stockanalysis_pull,https://www.sec.gov/files/company_tickers_exchange.json,sec_company_tickers_exchange,,,CONTROL
RYAM,0001597672,RAYONIER ADVANCED MATERIALS INC.,NYSE,NONE,,control_no_seeded_acquisition_in_stockanalysis_pull,https://www.sec.gov/files/company_tickers_exchange.json,sec_company_tickers_exchange,,,CONTROL
FAST,0000815556,FASTENAL CO,Nasdaq,NONE,,control_no_seeded_acquisition_in_stockanalysis_pull,https://www.sec.gov/files/company_tickers_exchange.json,sec_company_tickers_exchange,,,CONTROL
MSS,0001892292,Maison Solutions Inc.,Nasdaq,NONE,,control_no_seeded_acquisition_in_stockanalysis_pull,https://www.sec.gov/files/company_tickers_exchange.json,sec_company_tickers_exchange,,,CONTROL
DRDB,0002032528,Roman DBDR Acquisition Corp. II,Nasdaq,NONE,,control_no_seeded_acquisition_in_stockanalysis_pull,https://www.sec.gov/files/company_tickers_exchange.json,sec_company_tickers_exchange,,,CONTROL
ATH-PE,0001527469,Athene Holding Ltd.,NYSE,NONE,,control_no_seeded_acquisition_in_stockanalysis_pull,https://www.sec.gov/files/company_tickers_exchange.json,sec_company_tickers_exchange,,,CONTROL
OVBC,0000894671,OHIO VALLEY BANC CORP,Nasdaq,NONE,,control_no_seeded_acquisition_in_stockanalysis_pull,https://www.sec.gov/files/company_tickers_exchange.json,sec_company_tickers_exchange,,,CONTROL
MSOL,0002103547,Morgan Stanley Solana Trust,NYSE,NONE,,control_no_seeded_acquisition_in_stockanalysis_pull,https://www.sec.gov/files/company_tickers_exchange.json,sec_company_tickers_exchange,,,CONTROL
VIV,0001066119,TELEFONICA BRASIL S.A.,NYSE,NONE,,control_no_seeded_acquisition_in_stockanalysis_pull,https://www.sec.gov/files/company_tickers_exchange.json,sec_company_tickers_exchange,,,CONTROL
HEQ,0001496749,John Hancock Diversified Income Fund,NYSE,NONE,,control_no_seeded_acquisition_in_stockanalysis_pull,https://www.sec.gov/files/company_tickers_exchange.json,sec_company_tickers_exchange,,,CONTROL
AACIU,0002092897,Armada Acquisition Corp. III,Nasdaq,NONE,,control_no_seeded_acquisition_in_stockanalysis_pull,https://www.sec.gov/files/company_tickers_exchange.json,sec_company_tickers_exchange,,,CONTROL
MIDD,0000769520,MIDDLEBY Corp,Nasdaq,NONE,,control_no_seeded_acquisition_in_stockanalysis_pull,https://www.sec.gov/files/company_tickers_exchange.json,sec_company_tickers_exchange,,,CONTROL
PANL,0001606909,Pangaea Logistics Solutions Ltd.,Nasdaq,NONE,,control_no_seeded_acquisition_in_stockanalysis_pull,https://www.sec.gov/files/company_tickers_exchange.json,sec_company_tickers_exchange,,,CONTROL
MUR,0000717423,MURPHY OIL CORP,NYSE,NONE,,control_no_seeded_acquisition_in_stockanalysis_pull,https://www.sec.gov/files/company_tickers_exchange.json,sec_company_tickers_exchange,,,CONTROL
CAAS,0002037400,"China Automotive Systems, Inc.",Nasdaq,NONE,,control_no_seeded_acquisition_in_stockanalysis_pull,https://www.sec.gov/files/company_tickers_exchange.json,sec_company_tickers_exchange,,,CONTROL
LVLU,0001780201,"Lulu's Fashion Lounge Holdings, Inc.",Nasdaq,NONE,,control_no_seeded_acquisition_in_stockanalysis_pull,https://www.sec.gov/files/company_tickers_exchange.json,sec_company_tickers_exchange,,,CONTROL
WAFDP,0000936528,WAFD INC,Nasdaq,NONE,,control_no_seeded_acquisition_in_stockanalysis_pull,https://www.sec.gov/files/company_tickers_exchange.json,sec_company_tickers_exchange,,,CONTROL
KFY,0000056679,KORN FERRY,NYSE,NONE,,control_no_seeded_acquisition_in_stockanalysis_pull,https://www.sec.gov/files/company_tickers_exchange.json,sec_company_tickers_exchange,,,CONTROL
MGN,0001995075,Megan Holdings Ltd.,Nasdaq,NONE,,control_no_seeded_acquisition_in_stockanalysis_pull,https://www.sec.gov/files/company_tickers_exchange.json,sec_company_tickers_exchange,,,CONTROL
CRDL,0001702123,Cardiol Therapeutics Inc.,Nasdaq,NONE,,control_no_seeded_acquisition_in_stockanalysis_pull,https://www.sec.gov/files/company_tickers_exchange.json,sec_company_tickers_exchange,,,CONTROL
NVX,0001859795,NOVONIX Ltd,Nasdaq,NONE,,control_no_seeded_acquisition_in_stockanalysis_pull,https://www.sec.gov/files/company_tickers_exchange.json,sec_company_tickers_exchange,,,CONTROL
USEA,0001912847,United Maritime Corp,Nasdaq,NONE,,control_no_seeded_acquisition_in_stockanalysis_pull,https://www.sec.gov/files/company_tickers_exchange.json,sec_company_tickers_exchange,,,CONTROL
IBM,0000051143,INTERNATIONAL BUSINESS MACHINES CORP,NYSE,NONE,,control_no_seeded_acquisition_in_stockanalysis_pull,https://www.sec.gov/files/company_tickers_exchange.json,sec_company_tickers_exchange,,,CONTROL
ABXL,0001814287,"Abacus Global Management, Inc.",NYSE,NONE,,control_no_seeded_acquisition_in_stockanalysis_pull,https://www.sec.gov/files/company_tickers_exchange.json,sec_company_tickers_exchange,,,CONTROL
BIII,0002087087,Black Spade Acquisition III Co,NYSE,NONE,,control_no_seeded_acquisition_in_stockanalysis_pull,https://www.sec.gov/files/company_tickers_exchange.json,sec_company_tickers_exchange,,,CONTROL
MLPB,0001114446,UBS AG,NYSE,NONE,,control_no_seeded_acquisition_in_stockanalysis_pull,https://www.sec.gov/files/company_tickers_exchange.json,sec_company_tickers_exchange,,,CONTROL
IMOS,0001123134,CHIPMOS TECHNOLOGIES INC,Nasdaq,NONE,,control_no_seeded_acquisition_in_stockanalysis_pull,https://www.sec.gov/files/company_tickers_exchange.json,sec_company_tickers_exchange,,,CONTROL
OKE,0001039684,ONEOK INC /NEW/,NYSE,NONE,,control_no_seeded_acquisition_in_stockanalysis_pull,https://www.sec.gov/files/company_tickers_exchange.json,sec_company_tickers_exchange,,,CONTROL
INN-PE,0001497645,"Summit Hotel Properties, Inc.",NYSE,NONE,,control_no_seeded_acquisition_in_stockanalysis_pull,https://www.sec.gov/files/company_tickers_exchange.json,sec_company_tickers_exchange,,,CONTROL
QTWO,0001410384,"Q2 Holdings, Inc.",NYSE,NONE,,control_no_seeded_acquisition_in_stockanalysis_pull,https://www.sec.gov/files/company_tickers_exchange.json,sec_company_tickers_exchange,,,CONTROL
SCCO,0001001838,SOUTHERN COPPER CORP/,NYSE,NONE,,control_no_seeded_acquisition_in_stockanalysis_pull,https://www.sec.gov/files/company_tickers_exchange.json,sec_company_tickers_exchange,,,CONTROL
IBKR,0001381197,"Interactive Brokers Group, Inc.",Nasdaq,NONE,,control_no_seeded_acquisition_in_stockanalysis_pull,https://www.sec.gov/files/company_tickers_exchange.json,sec_company_tickers_exchange,,,CONTROL
NWE,0001993004,"NorthWestern Energy Group, Inc.",Nasdaq,NONE,,control_no_seeded_acquisition_in_stockanalysis_pull,https://www.sec.gov/files/company_tickers_exchange.json,sec_company_tickers_exchange,,,CONTROL
DHR,0000313616,DANAHER CORP /DE/,NYSE,NONE,,control_no_seeded_acquisition_in_stockanalysis_pull,https://www.sec.gov/files/company_tickers_exchange.json,sec_company_tickers_exchange,,,CONTROL
EBAY,0001065088,EBAY INC,Nasdaq,NONE,,control_no_seeded_acquisition_in_stockanalysis_pull,https://www.sec.gov/files/company_tickers_exchange.json,sec_company_tickers_exchange,,,CONTROL
AXS,0001214816,AXIS CAPITAL HOLDINGS LTD,NYSE,NONE,,control_no_seeded_acquisition_in_stockanalysis_pull,https://www.sec.gov/files/company_tickers_exchange.json,sec_company_tickers_exchange,,,CONTROL
CHECW,0002047177,Chenghe Acquisition III Co.,Nasdaq,NONE,,control_no_seeded_acquisition_in_stockanalysis_pull,https://www.sec.gov/files/company_tickers_exchange.json,sec_company_tickers_exchange,,,CONTROL
GSAT,0001366868,"Globalstar, Inc.",Nasdaq,NONE,,control_no_seeded_acquisition_in_stockanalysis_pull,https://www.sec.gov/files/company_tickers_exchange.json,sec_company_tickers_exchange,,,CONTROL
TWO-PC,0001465740,TWO HARBORS INVESTMENT CORP.,NYSE,NONE,,control_no_seeded_acquisition_in_stockanalysis_pull,https://www.sec.gov/files/company_tickers_exchange.json,sec_company_tickers_exchange,,,CONTROL
IRMD,0001325618,IRADIMED CORP,Nasdaq,NONE,,control_no_seeded_acquisition_in_stockanalysis_pull,https://www.sec.gov/files/company_tickers_exchange.json,sec_company_tickers_exchange,,,CONTROL
UCL,0001775898,uCloudlink Group Inc.,Nasdaq,NONE,,control_no_seeded_acquisition_in_stockanalysis_pull,https://www.sec.gov/files/company_tickers_exchange.json,sec_company_tickers_exchange,,,CONTROL
LKFN,0000721994,LAKELAND FINANCIAL CORP,Nasdaq,NONE,,control_no_seeded_acquisition_in_stockanalysis_pull,https://www.sec.gov/files/company_tickers_exchange.json,sec_company_tickers_exchange,,,CONTROL
KPLT,0001785424,"Katapult Holdings, Inc.",Nasdaq,NONE,,control_no_seeded_acquisition_in_stockanalysis_pull,https://www.sec.gov/files/company_tickers_exchange.json,sec_company_tickers_exchange,,,CONTROL
HSHP,0001959455,Himalaya Shipping Ltd.,NYSE,NONE,,control_no_seeded_acquisition_in_stockanalysis_pull,https://www.sec.gov/files/company_tickers_exchange.json,sec_company_tickers_exchange,,,CONTROL
SOEZ,0002057388,Franklin Solana Trust,NYSE,NONE,,control_no_seeded_acquisition_in_stockanalysis_pull,https://www.sec.gov/files/company_tickers_exchange.json,sec_company_tickers_exchange,,,CONTROL
TIMB,0001826168,TIM S.A.,NYSE,NONE,,control_no_seeded_acquisition_in_stockanalysis_pull,https://www.sec.gov/files/company_tickers_exchange.json,sec_company_tickers_exchange,,,CONTROL
PAGS,0001712807,PagSeguro Digital Ltd.,NYSE,NONE,,control_no_seeded_acquisition_in_stockanalysis_pull,https://www.sec.gov/files/company_tickers_exchange.json,sec_company_tickers_exchange,,,CONTROL
IGIC,0001794338,International General Insurance Holdings Ltd.,Nasdaq,NONE,,control_no_seeded_acquisition_in_stockanalysis_pull,https://www.sec.gov/files/company_tickers_exchange.json,sec_company_tickers_exchange,,,CONTROL
WTI,0001288403,W&T OFFSHORE INC,NYSE,NONE,,control_no_seeded_acquisition_in_stockanalysis_pull,https://www.sec.gov/files/company_tickers_exchange.json,sec_company_tickers_exchange,,,CONTROL
PPL,0000922224,PPL Corp,NYSE,NONE,,control_no_seeded_acquisition_in_stockanalysis_pull,https://www.sec.gov/files/company_tickers_exchange.json,sec_company_tickers_exchange,,,CONTROL
TTC,0000737758,TORO CO,NYSE,NONE,,control_no_seeded_acquisition_in_stockanalysis_pull,https://www.sec.gov/files/company_tickers_exchange.json,sec_company_tickers_exchange,,,CONTROL
FSLY,0001517413,"Fastly, Inc.",Nasdaq,NONE,,control_no_seeded_acquisition_in_stockanalysis_pull,https://www.sec.gov/files/company_tickers_exchange.json,sec_company_tickers_exchange,,,CONTROL
PTC,0000857005,PTC INC.,Nasdaq,NONE,,control_no_seeded_acquisition_in_stockanalysis_pull,https://www.sec.gov/files/company_tickers_exchange.json,sec_company_tickers_exchange,,,CONTROL
XRAY,0000818479,DENTSPLY SIRONA Inc.,Nasdaq,NONE,,control_no_seeded_acquisition_in_stockanalysis_pull,https://www.sec.gov/files/company_tickers_exchange.json,sec_company_tickers_exchange,,,CONTROL
WRN,0001364125,Western Copper & Gold Corp,NYSE,NONE,,control_no_seeded_acquisition_in_stockanalysis_pull,https://www.sec.gov/files/company_tickers_exchange.json,sec_company_tickers_exchange,,,CONTROL
LOOP,0001504678,"Loop Industries, Inc.",Nasdaq,NONE,,control_no_seeded_acquisition_in_stockanalysis_pull,https://www.sec.gov/files/company_tickers_exchange.json,sec_company_tickers_exchange,,,CONTROL
CMSD,0000811156,CMS ENERGY CORP,NYSE,NONE,,control_no_seeded_acquisition_in_stockanalysis_pull,https://www.sec.gov/files/company_tickers_exchange.json,sec_company_tickers_exchange,,,CONTROL
XCBEW,0002083493,X3 Acquisition Corp. Ltd.,Nasdaq,NONE,,control_no_seeded_acquisition_in_stockanalysis_pull,https://www.sec.gov/files/company_tickers_exchange.json,sec_company_tickers_exchange,,,CONTROL
HTFC,0001487428,Horizon Technology Finance Corp,NYSE,NONE,,control_no_seeded_acquisition_in_stockanalysis_pull,https://www.sec.gov/files/company_tickers_exchange.json,sec_company_tickers_exchange,,,CONTROL
NMPAR,0002054876,NMP Acquisition Corp.,Nasdaq,NONE,,control_no_seeded_acquisition_in_stockanalysis_pull,https://www.sec.gov/files/company_tickers_exchange.json,sec_company_tickers_exchange,,,CONTROL
CTAA,0002094073,Clearthink 1 Acquisition Corp.,Nasdaq,NONE,,control_no_seeded_acquisition_in_stockanalysis_pull,https://www.sec.gov/files/company_tickers_exchange.json,sec_company_tickers_exchange,,,CONTROL
MBVI,0002073928,M3-Brigade Acquisition VI Corp.,Nasdaq,NONE,,control_no_seeded_acquisition_in_stockanalysis_pull,https://www.sec.gov/files/company_tickers_exchange.json,sec_company_tickers_exchange,,,CONTROL
KRSP,0002074872,Rice Acquisition Corp 3,NYSE,NONE,,control_no_seeded_acquisition_in_stockanalysis_pull,https://www.sec.gov/files/company_tickers_exchange.json,sec_company_tickers_exchange,,,CONTROL
CODA,0001334325,"Coda Octopus Group, Inc.",Nasdaq,NONE,,control_no_seeded_acquisition_in_stockanalysis_pull,https://www.sec.gov/files/company_tickers_exchange.json,sec_company_tickers_exchange,,,CONTROL
ALDFW,0002031561,Aldel Financial II Inc.,Nasdaq,NONE,,control_no_seeded_acquisition_in_stockanalysis_pull,https://www.sec.gov/files/company_tickers_exchange.json,sec_company_tickers_exchange,,,CONTROL
GOOGN,0001652044,Alphabet Inc.,Nasdaq,NONE,,control_no_seeded_acquisition_in_stockanalysis_pull,https://www.sec.gov/files/company_tickers_exchange.json,sec_company_tickers_exchange,,,CONTROL
AGM,0000845877,FEDERAL AGRICULTURAL MORTGAGE CORP,NYSE,NONE,,control_no_seeded_acquisition_in_stockanalysis_pull,https://www.sec.gov/files/company_tickers_exchange.json,sec_company_tickers_exchange,,,CONTROL
ISNR,0002123475,Snow Rothschild Acquisition Corp.,Nasdaq,NONE,,control_no_seeded_acquisition_in_stockanalysis_pull,https://www.sec.gov/files/company_tickers_exchange.json,sec_company_tickers_exchange,,,CONTROL
TZOO,0001133311,TRAVELZOO,Nasdaq,NONE,,control_no_seeded_acquisition_in_stockanalysis_pull,https://www.sec.gov/files/company_tickers_exchange.json,sec_company_tickers_exchange,,,CONTROL
MAN,0000871763,ManpowerGroup Inc.,NYSE,NONE,,control_no_seeded_acquisition_in_stockanalysis_pull,https://www.sec.gov/files/company_tickers_exchange.json,sec_company_tickers_exchange,,,CONTROL
RUM,0001830081,RUM Group Inc.,Nasdaq,NONE,,control_no_seeded_acquisition_in_stockanalysis_pull,https://www.sec.gov/files/company_tickers_exchange.json,sec_company_tickers_exchange,,,CONTROL
VNO-PL,0000899689,VORNADO REALTY TRUST,NYSE,NONE,,control_no_seeded_acquisition_in_stockanalysis_pull,https://www.sec.gov/files/company_tickers_exchange.json,sec_company_tickers_exchange,,,CONTROL
LUCK,0001840572,Lucky Strike Entertainment Corp,NYSE,NONE,,control_no_seeded_acquisition_in_stockanalysis_pull,https://www.sec.gov/files/company_tickers_exchange.json,sec_company_tickers_exchange,,,CONTROL
CPT,0000906345,CAMDEN PROPERTY TRUST,NYSE,NONE,,control_no_seeded_acquisition_in_stockanalysis_pull,https://www.sec.gov/files/company_tickers_exchange.json,sec_company_tickers_exchange,,,CONTROL
BOH,0000046195,BANK OF HAWAII CORP,NYSE,NONE,,control_no_seeded_acquisition_in_stockanalysis_pull,https://www.sec.gov/files/company_tickers_exchange.json,sec_company_tickers_exchange,,,CONTROL
CXIIW,0002114227,Churchill Capital Corp XII,Nasdaq,NONE,,control_no_seeded_acquisition_in_stockanalysis_pull,https://www.sec.gov/files/company_tickers_exchange.json,sec_company_tickers_exchange,,,CONTROL
TRP,0001232384,TC ENERGY CORP,NYSE,NONE,,control_no_seeded_acquisition_in_stockanalysis_pull,https://www.sec.gov/files/company_tickers_exchange.json,sec_company_tickers_exchange,,,CONTROL
NHIV,0002099767,NewHold Investment Corp IV,Nasdaq,NONE,,control_no_seeded_acquisition_in_stockanalysis_pull,https://www.sec.gov/files/company_tickers_exchange.json,sec_company_tickers_exchange,,,CONTROL
ACLS,0001113232,AXCELIS TECHNOLOGIES INC,Nasdaq,NONE,,control_no_seeded_acquisition_in_stockanalysis_pull,https://www.sec.gov/files/company_tickers_exchange.json,sec_company_tickers_exchange,,,CONTROL
WENC,0002104260,West Enclave Merger Corp.,NYSE,NONE,,control_no_seeded_acquisition_in_stockanalysis_pull,https://www.sec.gov/files/company_tickers_exchange.json,sec_company_tickers_exchange,,,CONTROL
LMAT,0001158895,LEMAITRE VASCULAR INC,Nasdaq,NONE,,control_no_seeded_acquisition_in_stockanalysis_pull,https://www.sec.gov/files/company_tickers_exchange.json,sec_company_tickers_exchange,,,CONTROL
UNFI,0001020859,UNITED NATURAL FOODS INC,NYSE,NONE,,control_no_seeded_acquisition_in_stockanalysis_pull,https://www.sec.gov/files/company_tickers_exchange.json,sec_company_tickers_exchange,,,CONTROL
SCATU,0002133239,Southern Cross Acquisition II Corp.,Nasdaq,NONE,,control_no_seeded_acquisition_in_stockanalysis_pull,https://www.sec.gov/files/company_tickers_exchange.json,sec_company_tickers_exchange,,,CONTROL
ILLUW,0002101135,Illumination Acquisition Corp. I,Nasdaq,NONE,,control_no_seeded_acquisition_in_stockanalysis_pull,https://www.sec.gov/files/company_tickers_exchange.json,sec_company_tickers_exchange,,,CONTROL
SNTI,0001854270,"Senti Biosciences Holdings, Inc.",Nasdaq,NONE,,control_no_seeded_acquisition_in_stockanalysis_pull,https://www.sec.gov/files/company_tickers_exchange.json,sec_company_tickers_exchange,,,CONTROL
BON,0001816815,Bon Natural Life Ltd,Nasdaq,NONE,,control_no_seeded_acquisition_in_stockanalysis_pull,https://www.sec.gov/files/company_tickers_exchange.json,sec_company_tickers_exchange,,,CONTROL
UDR,0000074208,"UDR, Inc.",NYSE,NONE,,control_no_seeded_acquisition_in_stockanalysis_pull,https://www.sec.gov/files/company_tickers_exchange.json,sec_company_tickers_exchange,,,CONTROL
SKIL,0001774675,Skillsoft Corp.,NYSE,NONE,,control_no_seeded_acquisition_in_stockanalysis_pull,https://www.sec.gov/files/company_tickers_exchange.json,sec_company_tickers_exchange,,,CONTROL
PACK,0001712463,Ranpak Holdings Corp.,NYSE,NONE,,control_no_seeded_acquisition_in_stockanalysis_pull,https://www.sec.gov/files/company_tickers_exchange.json,sec_company_tickers_exchange,,,CONTROL
ZETA,0001851003,Zeta Global Holdings Corp.,NYSE,NONE,,control_no_seeded_acquisition_in_stockanalysis_pull,https://www.sec.gov/files/company_tickers_exchange.json,sec_company_tickers_exchange,,,CONTROL
FGL,0001989930,Founder Group Ltd,Nasdaq,NONE,,control_no_seeded_acquisition_in_stockanalysis_pull,https://www.sec.gov/files/company_tickers_exchange.json,sec_company_tickers_exchange,,,CONTROL
OPP,0001678130,"RiverNorth/DoubleLine Strategic Opportunity Fund, Inc.",NYSE,NONE,,control_no_seeded_acquisition_in_stockanalysis_pull,https://www.sec.gov/files/company_tickers_exchange.json,sec_company_tickers_exchange,,,CONTROL
ECCV,0001604174,Eagle Point Credit Co,NYSE,NONE,,control_no_seeded_acquisition_in_stockanalysis_pull,https://www.sec.gov/files/company_tickers_exchange.json,sec_company_tickers_exchange,,,CONTROL
WM,0000823768,WASTE MANAGEMENT INC,NYSE,NONE,,control_no_seeded_acquisition_in_stockanalysis_pull,https://www.sec.gov/files/company_tickers_exchange.json,sec_company_tickers_exchange,,,CONTROL
AVTX,0001534120,"Avalo Therapeutics, Inc.",Nasdaq,NONE,,control_no_seeded_acquisition_in_stockanalysis_pull,https://www.sec.gov/files/company_tickers_exchange.json,sec_company_tickers_exchange,,,CONTROL
MTH,0000833079,Meritage Homes CORP,NYSE,NONE,,control_no_seeded_acquisition_in_stockanalysis_pull,https://www.sec.gov/files/company_tickers_exchange.json,sec_company_tickers_exchange,,,CONTROL
NUV,0000812801,NUVEEN MUNICIPAL VALUE FUND INC,NYSE,NONE,,control_no_seeded_acquisition_in_stockanalysis_pull,https://www.sec.gov/files/company_tickers_exchange.json,sec_company_tickers_exchange,,,CONTROL
ENVB,0000890821,"Enveric Biosciences, Inc.",Nasdaq,NONE,,control_no_seeded_acquisition_in_stockanalysis_pull,https://www.sec.gov/files/company_tickers_exchange.json,sec_company_tickers_exchange,,,CONTROL
OGG,0001431852,Osisko Gold Group Inc.,NYSE,NONE,,control_no_seeded_acquisition_in_stockanalysis_pull,https://www.sec.gov/files/company_tickers_exchange.json,sec_company_tickers_exchange,,,CONTROL
GPRK,0001464591,GeoPark Ltd,NYSE,NONE,,control_no_seeded_acquisition_in_stockanalysis_pull,https://www.sec.gov/files/company_tickers_exchange.json,sec_company_tickers_exchange,,,CONTROL
AGNCP,0001423689,AGNC Investment Corp.,Nasdaq,NONE,,control_no_seeded_acquisition_in_stockanalysis_pull,https://www.sec.gov/files/company_tickers_exchange.json,sec_company_tickers_exchange,,,CONTROL
ALLY,0000040729,Ally Financial Inc.,NYSE,NONE,,control_no_seeded_acquisition_in_stockanalysis_pull,https://www.sec.gov/files/company_tickers_exchange.json,sec_company_tickers_exchange,,,CONTROL
FOIL,0002006960,Londian Wason New Energy Tech Inc.,NYSE,NONE,,control_no_seeded_acquisition_in_stockanalysis_pull,https://www.sec.gov/files/company_tickers_exchange.json,sec_company_tickers_exchange,,,CONTROL
EPSM,0001883437,Epsium Enterprise Ltd,Nasdaq,NONE,,control_no_seeded_acquisition_in_stockanalysis_pull,https://www.sec.gov/files/company_tickers_exchange.json,sec_company_tickers_exchange,,,CONTROL
KRAQU,0002082119,KRAKacquisition Corp,Nasdaq,NONE,,control_no_seeded_acquisition_in_stockanalysis_pull,https://www.sec.gov/files/company_tickers_exchange.json,sec_company_tickers_exchange,,,CONTROL
VGASW,0001841425,"Verde Clean Fuels, Inc.",Nasdaq,NONE,,control_no_seeded_acquisition_in_stockanalysis_pull,https://www.sec.gov/files/company_tickers_exchange.json,sec_company_tickers_exchange,,,CONTROL
TWLVU,0002052243,Twelve Seas Investment Co III/Cayman,Nasdaq,NONE,,control_no_seeded_acquisition_in_stockanalysis_pull,https://www.sec.gov/files/company_tickers_exchange.json,sec_company_tickers_exchange,,,CONTROL
GFR,0001966287,Greenfire Resources Ltd.,NYSE,NONE,,control_no_seeded_acquisition_in_stockanalysis_pull,https://www.sec.gov/files/company_tickers_exchange.json,sec_company_tickers_exchange,,,CONTROL
YCS,0001415311,ProShares Trust II,NYSE,NONE,,control_no_seeded_acquisition_in_stockanalysis_pull,https://www.sec.gov/files/company_tickers_exchange.json,sec_company_tickers_exchange,,,CONTROL
SLM,0001032033,SLM Corp,Nasdaq,NONE,,control_no_seeded_acquisition_in_stockanalysis_pull,https://www.sec.gov/files/company_tickers_exchange.json,sec_company_tickers_exchange,,,CONTROL
LPCN,0001535955,Lipocine Inc.,Nasdaq,NONE,,control_no_seeded_acquisition_in_stockanalysis_pull,https://www.sec.gov/files/company_tickers_exchange.json,sec_company_tickers_exchange,,,CONTROL
LUCD,0001799011,Lucid Diagnostics Inc.,Nasdaq,NONE,,control_no_seeded_acquisition_in_stockanalysis_pull,https://www.sec.gov/files/company_tickers_exchange.json,sec_company_tickers_exchange,,,CONTROL
MTEN,0001948099,Mingteng International Corp Inc.,Nasdaq,NONE,,control_no_seeded_acquisition_in_stockanalysis_pull,https://www.sec.gov/files/company_tickers_exchange.json,sec_company_tickers_exchange,,,CONTROL
AIRO,0001927958,"AIRO Group Holdings, Inc.",Nasdaq,NONE,,control_no_seeded_acquisition_in_stockanalysis_pull,https://www.sec.gov/files/company_tickers_exchange.json,sec_company_tickers_exchange,,,CONTROL
MCK,0000927653,MCKESSON CORP,NYSE,NONE,,control_no_seeded_acquisition_in_stockanalysis_pull,https://www.sec.gov/files/company_tickers_exchange.json,sec_company_tickers_exchange,,,CONTROL
FLYX-WT,0001843973,FLYEXCLUSIVE INC.,NYSE,NONE,,control_no_seeded_acquisition_in_stockanalysis_pull,https://www.sec.gov/files/company_tickers_exchange.json,sec_company_tickers_exchange,,,CONTROL
EC,0001444406,ECOPETROL S.A.,NYSE,NONE,,control_no_seeded_acquisition_in_stockanalysis_pull,https://www.sec.gov/files/company_tickers_exchange.json,sec_company_tickers_exchange,,,CONTROL
STKS,0001399520,"ONE Group Hospitality, Inc.",Nasdaq,NONE,,control_no_seeded_acquisition_in_stockanalysis_pull,https://www.sec.gov/files/company_tickers_exchange.json,sec_company_tickers_exchange,,,CONTROL
DTG,0000936340,DTE ENERGY CO,NYSE,NONE,,control_no_seeded_acquisition_in_stockanalysis_pull,https://www.sec.gov/files/company_tickers_exchange.json,sec_company_tickers_exchange,,,CONTROL
INACR,0002063816,Indigo Acquisition Corp.,Nasdaq,NONE,,control_no_seeded_acquisition_in_stockanalysis_pull,https://www.sec.gov/files/company_tickers_exchange.json,sec_company_tickers_exchange,,,CONTROL
HVII,0001846416,Hennessy Capital Investment Corp. VII,Nasdaq,NONE,,control_no_seeded_acquisition_in_stockanalysis_pull,https://www.sec.gov/files/company_tickers_exchange.json,sec_company_tickers_exchange,,,CONTROL
NAK,0001164771,NORTHERN DYNASTY MINERALS LTD,NYSE,NONE,,control_no_seeded_acquisition_in_stockanalysis_pull,https://www.sec.gov/files/company_tickers_exchange.json,sec_company_tickers_exchange,,,CONTROL
UHS,0000352915,UNIVERSAL HEALTH SERVICES INC,NYSE,NONE,,control_no_seeded_acquisition_in_stockanalysis_pull,https://www.sec.gov/files/company_tickers_exchange.json,sec_company_tickers_exchange,,,CONTROL
VNRX,0000093314,VOLITIONRX LTD,NYSE,NONE,,control_no_seeded_acquisition_in_stockanalysis_pull,https://www.sec.gov/files/company_tickers_exchange.json,sec_company_tickers_exchange,,,CONTROL
ACVA,0001637873,ACV Auctions Inc.,NYSE,NONE,,control_no_seeded_acquisition_in_stockanalysis_pull,https://www.sec.gov/files/company_tickers_exchange.json,sec_company_tickers_exchange,,,CONTROL
AQN,0001174169,ALGONQUIN POWER & UTILITIES CORP.,NYSE,NONE,,control_no_seeded_acquisition_in_stockanalysis_pull,https://www.sec.gov/files/company_tickers_exchange.json,sec_company_tickers_exchange,,,CONTROL
COLA,0002028201,Columbus Acquisition Corp/Cayman Islands,Nasdaq,NONE,,control_no_seeded_acquisition_in_stockanalysis_pull,https://www.sec.gov/files/company_tickers_exchange.json,sec_company_tickers_exchange,,,CONTROL
AAOI,0001158114,"APPLIED OPTOELECTRONICS, INC.",Nasdaq,NONE,,control_no_seeded_acquisition_in_stockanalysis_pull,https://www.sec.gov/files/company_tickers_exchange.json,sec_company_tickers_exchange,,,CONTROL
OST,0001803407,"Ostin Technology Group Co., Ltd.",Nasdaq,NONE,,control_no_seeded_acquisition_in_stockanalysis_pull,https://www.sec.gov/files/company_tickers_exchange.json,sec_company_tickers_exchange,,,CONTROL
ICCM,0001584371,IceCure Medical Ltd.,Nasdaq,NONE,,control_no_seeded_acquisition_in_stockanalysis_pull,https://www.sec.gov/files/company_tickers_exchange.json,sec_company_tickers_exchange,,,CONTROL
NAMS,0001936258,NewAmsterdam Pharma Co N.V.,Nasdaq,NONE,,control_no_seeded_acquisition_in_stockanalysis_pull,https://www.sec.gov/files/company_tickers_exchange.json,sec_company_tickers_exchange,,,CONTROL
AFL,0000004977,AFLAC INC,NYSE,NONE,,control_no_seeded_acquisition_in_stockanalysis_pull,https://www.sec.gov/files/company_tickers_exchange.json,sec_company_tickers_exchange,,,CONTROL
PSX,0001534701,Phillips 66,NYSE,NONE,,control_no_seeded_acquisition_in_stockanalysis_pull,https://www.sec.gov/files/company_tickers_exchange.json,sec_company_tickers_exchange,,,CONTROL
NB,0001512228,NIOCORP DEVELOPMENTS LTD,Nasdaq,NONE,,control_no_seeded_acquisition_in_stockanalysis_pull,https://www.sec.gov/files/company_tickers_exchange.json,sec_company_tickers_exchange,,,CONTROL
KZIA,0001075880,KAZIA THERAPEUTICS LTD,Nasdaq,NONE,,control_no_seeded_acquisition_in_stockanalysis_pull,https://www.sec.gov/files/company_tickers_exchange.json,sec_company_tickers_exchange,,,CONTROL
WOOF,0001826470,"Petco Health & Wellness Company, Inc.",Nasdaq,NONE,,control_no_seeded_acquisition_in_stockanalysis_pull,https://www.sec.gov/files/company_tickers_exchange.json,sec_company_tickers_exchange,,,CONTROL
CAVA,0001639438,"CAVA GROUP, INC.",NYSE,NONE,,control_no_seeded_acquisition_in_stockanalysis_pull,https://www.sec.gov/files/company_tickers_exchange.json,sec_company_tickers_exchange,,,CONTROL
ALUB-UN,0002041493,Alussa Energy Acquisition Corp. II,NYSE,NONE,,control_no_seeded_acquisition_in_stockanalysis_pull,https://www.sec.gov/files/company_tickers_exchange.json,sec_company_tickers_exchange,,,CONTROL
EPM,0001006655,EVOLUTION PETROLEUM CORP,NYSE,NONE,,control_no_seeded_acquisition_in_stockanalysis_pull,https://www.sec.gov/files/company_tickers_exchange.json,sec_company_tickers_exchange,,,CONTROL
FLNA,0001069530,"FILANA THERAPEUTICS, INC.",Nasdaq,NONE,,control_no_seeded_acquisition_in_stockanalysis_pull,https://www.sec.gov/files/company_tickers_exchange.json,sec_company_tickers_exchange,,,CONTROL
BLMN,0001546417,"Bloomin' Brands, Inc.",Nasdaq,NONE,,control_no_seeded_acquisition_in_stockanalysis_pull,https://www.sec.gov/files/company_tickers_exchange.json,sec_company_tickers_exchange,,,CONTROL
LIME,0001699963,"Neutron Holdings, Inc.",Nasdaq,NONE,,control_no_seeded_acquisition_in_stockanalysis_pull,https://www.sec.gov/files/company_tickers_exchange.json,sec_company_tickers_exchange,,,CONTROL
RNST,0000715072,RENASANT CORP,NYSE,NONE,,control_no_seeded_acquisition_in_stockanalysis_pull,https://www.sec.gov/files/company_tickers_exchange.json,sec_company_tickers_exchange,,,CONTROL
XMTR,0001657573,"Xometry, Inc.",Nasdaq,NONE,,control_no_seeded_acquisition_in_stockanalysis_pull,https://www.sec.gov/files/company_tickers_exchange.json,sec_company_tickers_exchange,,,CONTROL
FTS,0001666175,Fortis Inc.,NYSE,NONE,,control_no_seeded_acquisition_in_stockanalysis_pull,https://www.sec.gov/files/company_tickers_exchange.json,sec_company_tickers_exchange,,,CONTROL
GBTG,0001820872,"Global Business Travel Group, Inc.",NYSE,NONE,,control_no_seeded_acquisition_in_stockanalysis_pull,https://www.sec.gov/files/company_tickers_exchange.json,sec_company_tickers_exchange,,,CONTROL
ONEW,0001772921,OneWater Marine Inc.,Nasdaq,NONE,,control_no_seeded_acquisition_in_stockanalysis_pull,https://www.sec.gov/files/company_tickers_exchange.json,sec_company_tickers_exchange,,,CONTROL
ACN,0001467373,Accenture plc,NYSE,NONE,,control_no_seeded_acquisition_in_stockanalysis_pull,https://www.sec.gov/files/company_tickers_exchange.json,sec_company_tickers_exchange,,,CONTROL
HIPO,0001828105,Hippo Holdings Inc.,NYSE,NONE,,control_no_seeded_acquisition_in_stockanalysis_pull,https://www.sec.gov/files/company_tickers_exchange.json,sec_company_tickers_exchange,,,CONTROL
MAIR,0002098430,Madison Air Solutions Corp,NYSE,NONE,,control_no_seeded_acquisition_in_stockanalysis_pull,https://www.sec.gov/files/company_tickers_exchange.json,sec_company_tickers_exchange,,,CONTROL
CGCF,0002126043,Cartesian Growth Corp IV,Nasdaq,NONE,,control_no_seeded_acquisition_in_stockanalysis_pull,https://www.sec.gov/files/company_tickers_exchange.json,sec_company_tickers_exchange,,,CONTROL
BHE,0000863436,BENCHMARK ELECTRONICS INC,NYSE,NONE,,control_no_seeded_acquisition_in_stockanalysis_pull,https://www.sec.gov/files/company_tickers_exchange.json,sec_company_tickers_exchange,,,CONTROL
CMG,0001058090,CHIPOTLE MEXICAN GRILL INC,NYSE,NONE,,control_no_seeded_acquisition_in_stockanalysis_pull,https://www.sec.gov/files/company_tickers_exchange.json,sec_company_tickers_exchange,,,CONTROL
DDI,0001799567,"DoubleDown Interactive Co., Ltd.",Nasdaq,NONE,,control_no_seeded_acquisition_in_stockanalysis_pull,https://www.sec.gov/files/company_tickers_exchange.json,sec_company_tickers_exchange,,,CONTROL
SDHY,0001812923,PGIM Short Duration High Yield Opportunities Fund,NYSE,NONE,,control_no_seeded_acquisition_in_stockanalysis_pull,https://www.sec.gov/files/company_tickers_exchange.json,sec_company_tickers_exchange,,,CONTROL
SVCCU,0002033593,Stellar V Capital Corp. (Cayman Islands),Nasdaq,NONE,,control_no_seeded_acquisition_in_stockanalysis_pull,https://www.sec.gov/files/company_tickers_exchange.json,sec_company_tickers_exchange,,,CONTROL
GPRO,0001500435,"GoPro, Inc.",Nasdaq,NONE,,control_no_seeded_acquisition_in_stockanalysis_pull,https://www.sec.gov/files/company_tickers_exchange.json,sec_company_tickers_exchange,,,CONTROL
YSAG,0002087989,Texas Precious Metals Trust,Nasdaq,NONE,,control_no_seeded_acquisition_in_stockanalysis_pull,https://www.sec.gov/files/company_tickers_exchange.json,sec_company_tickers_exchange,,,CONTROL
BSVN,0001746129,Bank7 Corp.,Nasdaq,NONE,,control_no_seeded_acquisition_in_stockanalysis_pull,https://www.sec.gov/files/company_tickers_exchange.json,sec_company_tickers_exchange,,,CONTROL
HCXY,0001280784,"Hercules Capital, Inc.",NYSE,NONE,,control_no_seeded_acquisition_in_stockanalysis_pull,https://www.sec.gov/files/company_tickers_exchange.json,sec_company_tickers_exchange,,,CONTROL
DAC,0001369241,Danaos Corp,NYSE,NONE,,control_no_seeded_acquisition_in_stockanalysis_pull,https://www.sec.gov/files/company_tickers_exchange.json,sec_company_tickers_exchange,,,CONTROL
ARQQ,0001859690,Arqit Quantum Inc.,Nasdaq,NONE,,control_no_seeded_acquisition_in_stockanalysis_pull,https://www.sec.gov/files/company_tickers_exchange.json,sec_company_tickers_exchange,,,CONTROL
GRFS,0001438569,Grifols SA,Nasdaq,NONE,,control_no_seeded_acquisition_in_stockanalysis_pull,https://www.sec.gov/files/company_tickers_exchange.json,sec_company_tickers_exchange,,,CONTROL
AWF,0000906013,ALLIANCEBERNSTEIN GLOBAL HIGH INCOME FUND INC,NYSE,NONE,,control_no_seeded_acquisition_in_stockanalysis_pull,https://www.sec.gov/files/company_tickers_exchange.json,sec_company_tickers_exchange,,,CONTROL
OPTU,0001702780,"Optimum Communications, Inc.",NYSE,NONE,,control_no_seeded_acquisition_in_stockanalysis_pull,https://www.sec.gov/files/company_tickers_exchange.json,sec_company_tickers_exchange,,,CONTROL
OHAC,0002090787,Oceanhawk Acquisition Corp.,Nasdaq,NONE,,control_no_seeded_acquisition_in_stockanalysis_pull,https://www.sec.gov/files/company_tickers_exchange.json,sec_company_tickers_exchange,,,CONTROL
FTRA-WT,0002131853,FutureCorp Space Acquisition 1,NYSE,NONE,,control_no_seeded_acquisition_in_stockanalysis_pull,https://www.sec.gov/files/company_tickers_exchange.json,sec_company_tickers_exchange,,,CONTROL
ARLO,0001736946,"Arlo Technologies, Inc.",NYSE,NONE,,control_no_seeded_acquisition_in_stockanalysis_pull,https://www.sec.gov/files/company_tickers_exchange.json,sec_company_tickers_exchange,,,CONTROL
SPCE,0001706946,"Virgin Galactic Holdings, Inc",NYSE,NONE,,control_no_seeded_acquisition_in_stockanalysis_pull,https://www.sec.gov/files/company_tickers_exchange.json,sec_company_tickers_exchange,,,CONTROL
KARD,0002123613,"Kardigan, Inc.",Nasdaq,NONE,,control_no_seeded_acquisition_in_stockanalysis_pull,https://www.sec.gov/files/company_tickers_exchange.json,sec_company_tickers_exchange,,,CONTROL
HBNB,0002054507,Hotel101 Global Holdings Corp.,Nasdaq,NONE,,control_no_seeded_acquisition_in_stockanalysis_pull,https://www.sec.gov/files/company_tickers_exchange.json,sec_company_tickers_exchange,,,CONTROL
EPRX,0001581178,EUPRAXIA PHARMACEUTICALS INC.,Nasdaq,NONE,,control_no_seeded_acquisition_in_stockanalysis_pull,https://www.sec.gov/files/company_tickers_exchange.json,sec_company_tickers_exchange,,,CONTROL
RTACU,0002035173,Renatus Tactical Acquisition Corp I,Nasdaq,NONE,,control_no_seeded_acquisition_in_stockanalysis_pull,https://www.sec.gov/files/company_tickers_exchange.json,sec_company_tickers_exchange,,,CONTROL
BNED,0001634117,"Barnes & Noble Education, Inc.",NYSE,NONE,,control_no_seeded_acquisition_in_stockanalysis_pull,https://www.sec.gov/files/company_tickers_exchange.json,sec_company_tickers_exchange,,,CONTROL
CVV,0000766792,CVD EQUIPMENT CORP,Nasdaq,NONE,,control_no_seeded_acquisition_in_stockanalysis_pull,https://www.sec.gov/files/company_tickers_exchange.json,sec_company_tickers_exchange,,,CONTROL
XPOF,0001802156,"Xponential Fitness, Inc.",NYSE,NONE,,control_no_seeded_acquisition_in_stockanalysis_pull,https://www.sec.gov/files/company_tickers_exchange.json,sec_company_tickers_exchange,,,CONTROL
AIR,0000001750,AAR CORP,NYSE,NONE,,control_no_seeded_acquisition_in_stockanalysis_pull,https://www.sec.gov/files/company_tickers_exchange.json,sec_company_tickers_exchange,,,CONTROL
FSK,0001422183,FS KKR Capital Corp,NYSE,NONE,,control_no_seeded_acquisition_in_stockanalysis_pull,https://www.sec.gov/files/company_tickers_exchange.json,sec_company_tickers_exchange,,,CONTROL
LAB,0001162194,STANDARD BIOTOOLS INC.,Nasdaq,NONE,,control_no_seeded_acquisition_in_stockanalysis_pull,https://www.sec.gov/files/company_tickers_exchange.json,sec_company_tickers_exchange,,,CONTROL
EROK,0002104882,"EagleRock Land, LLC",NYSE,NONE,,control_no_seeded_acquisition_in_stockanalysis_pull,https://www.sec.gov/files/company_tickers_exchange.json,sec_company_tickers_exchange,,,CONTROL
LWLG,0001325964,"Lightwave Logic, Inc.",Nasdaq,NONE,,control_no_seeded_acquisition_in_stockanalysis_pull,https://www.sec.gov/files/company_tickers_exchange.json,sec_company_tickers_exchange,,,CONTROL
RNG,0001384905,"RingCentral, Inc.",NYSE,NONE,,control_no_seeded_acquisition_in_stockanalysis_pull,https://www.sec.gov/files/company_tickers_exchange.json,sec_company_tickers_exchange,,,CONTROL
DIN,0000049754,"Dine Brands Global, Inc.",NYSE,NONE,,control_no_seeded_acquisition_in_stockanalysis_pull,https://www.sec.gov/files/company_tickers_exchange.json,sec_company_tickers_exchange,,,CONTROL
MYX,0002080087,Maywood Acquisition Corp. 2,Nasdaq,NONE,,control_no_seeded_acquisition_in_stockanalysis_pull,https://www.sec.gov/files/company_tickers_exchange.json,sec_company_tickers_exchange,,,CONTROL
DAVEW,0001841408,Dave Inc./DE,Nasdaq,NONE,,control_no_seeded_acquisition_in_stockanalysis_pull,https://www.sec.gov/files/company_tickers_exchange.json,sec_company_tickers_exchange,,,CONTROL
WRD,0001867729,WeRide Inc.,Nasdaq,NONE,,control_no_seeded_acquisition_in_stockanalysis_pull,https://www.sec.gov/files/company_tickers_exchange.json,sec_company_tickers_exchange,,,CONTROL
TEX,0000097216,TEREX CORP,NYSE,NONE,,control_no_seeded_acquisition_in_stockanalysis_pull,https://www.sec.gov/files/company_tickers_exchange.json,sec_company_tickers_exchange,,,CONTROL
KELYB,0000055135,KELLY SERVICES INC,Nasdaq,NONE,,control_no_seeded_acquisition_in_stockanalysis_pull,https://www.sec.gov/files/company_tickers_exchange.json,sec_company_tickers_exchange,,,CONTROL
BB,0001070235,BLACKBERRY Ltd,NYSE,NONE,,control_no_seeded_acquisition_in_stockanalysis_pull,https://www.sec.gov/files/company_tickers_exchange.json,sec_company_tickers_exchange,,,CONTROL
POWI,0000833640,POWER INTEGRATIONS INC,Nasdaq,NONE,,control_no_seeded_acquisition_in_stockanalysis_pull,https://www.sec.gov/files/company_tickers_exchange.json,sec_company_tickers_exchange,,,CONTROL
TNC,0000097134,TENNANT CO,NYSE,NONE,,control_no_seeded_acquisition_in_stockanalysis_pull,https://www.sec.gov/files/company_tickers_exchange.json,sec_company_tickers_exchange,,,CONTROL
KPET,0002095297,KPET Ultra Paceline Corp,NYSE,NONE,,control_no_seeded_acquisition_in_stockanalysis_pull,https://www.sec.gov/files/company_tickers_exchange.json,sec_company_tickers_exchange,,,CONTROL
DEFT,0001888274,"Defi Technologies, Inc.",Nasdaq,NONE,,control_no_seeded_acquisition_in_stockanalysis_pull,https://www.sec.gov/files/company_tickers_exchange.json,sec_company_tickers_exchange,,,CONTROL
TLNC,0002073340,Talon Capital Corp.,Nasdaq,NONE,,control_no_seeded_acquisition_in_stockanalysis_pull,https://www.sec.gov/files/company_tickers_exchange.json,sec_company_tickers_exchange,,,CONTROL
EXFY,0001476840,"Expensify, Inc.",Nasdaq,NONE,,control_no_seeded_acquisition_in_stockanalysis_pull,https://www.sec.gov/files/company_tickers_exchange.json,sec_company_tickers_exchange,,,CONTROL
NEXA,0001713930,Nexa Resources S.A.,NYSE,NONE,,control_no_seeded_acquisition_in_stockanalysis_pull,https://www.sec.gov/files/company_tickers_exchange.json,sec_company_tickers_exchange,,,CONTROL
HCKT,0001057379,"HACKETT GROUP, INC.",Nasdaq,NONE,,control_no_seeded_acquisition_in_stockanalysis_pull,https://www.sec.gov/files/company_tickers_exchange.json,sec_company_tickers_exchange,,,CONTROL
HUIZ,0001778982,Huize Holding Ltd,Nasdaq,NONE,,control_no_seeded_acquisition_in_stockanalysis_pull,https://www.sec.gov/files/company_tickers_exchange.json,sec_company_tickers_exchange,,,CONTROL
MET-PF,0001099219,METLIFE INC,NYSE,NONE,,control_no_seeded_acquisition_in_stockanalysis_pull,https://www.sec.gov/files/company_tickers_exchange.json,sec_company_tickers_exchange,,,CONTROL
INOD,0000903651,INNODATA INC,Nasdaq,NONE,,control_no_seeded_acquisition_in_stockanalysis_pull,https://www.sec.gov/files/company_tickers_exchange.json,sec_company_tickers_exchange,,,CONTROL
ULCC,0001670076,"Frontier Group Holdings, Inc.",Nasdaq,NONE,,control_no_seeded_acquisition_in_stockanalysis_pull,https://www.sec.gov/files/company_tickers_exchange.json,sec_company_tickers_exchange,,,CONTROL
C,0000831001,CITIGROUP INC,NYSE,NONE,,control_no_seeded_acquisition_in_stockanalysis_pull,https://www.sec.gov/files/company_tickers_exchange.json,sec_company_tickers_exchange,,,CONTROL
ONB,0000707179,OLD NATIONAL BANCORP /IN/,Nasdaq,NONE,,control_no_seeded_acquisition_in_stockanalysis_pull,https://www.sec.gov/files/company_tickers_exchange.json,sec_company_tickers_exchange,,,CONTROL
CURV,0001792781,Torrid Holdings Inc.,NYSE,NONE,,control_no_seeded_acquisition_in_stockanalysis_pull,https://www.sec.gov/files/company_tickers_exchange.json,sec_company_tickers_exchange,,,CONTROL
PCSA,0001533743,"Processa Pharmaceuticals, Inc.",Nasdaq,NONE,,control_no_seeded_acquisition_in_stockanalysis_pull,https://www.sec.gov/files/company_tickers_exchange.json,sec_company_tickers_exchange,,,CONTROL
EQH,0001333986,"Equitable Holdings, Inc.",NYSE,NONE,,control_no_seeded_acquisition_in_stockanalysis_pull,https://www.sec.gov/files/company_tickers_exchange.json,sec_company_tickers_exchange,,,CONTROL
REXR,0001571283,"Rexford Industrial Realty, Inc.",NYSE,NONE,,control_no_seeded_acquisition_in_stockanalysis_pull,https://www.sec.gov/files/company_tickers_exchange.json,sec_company_tickers_exchange,,,CONTROL
KNX,0001492691,Knight-Swift Transportation Holdings Inc.,NYSE,NONE,,control_no_seeded_acquisition_in_stockanalysis_pull,https://www.sec.gov/files/company_tickers_exchange.json,sec_company_tickers_exchange,,,CONTROL
LTGO,0002056611,"Latigo Biotherapeutics, Inc.",Nasdaq,NONE,,control_no_seeded_acquisition_in_stockanalysis_pull,https://www.sec.gov/files/company_tickers_exchange.json,sec_company_tickers_exchange,,,CONTROL
HTLD,0000799233,HEARTLAND EXPRESS INC,Nasdaq,NONE,,control_no_seeded_acquisition_in_stockanalysis_pull,https://www.sec.gov/files/company_tickers_exchange.json,sec_company_tickers_exchange,,,CONTROL
SOJF,0000092122,SOUTHERN CO,NYSE,NONE,,control_no_seeded_acquisition_in_stockanalysis_pull,https://www.sec.gov/files/company_tickers_exchange.json,sec_company_tickers_exchange,,,CONTROL
BUI,0001528988,"BlackRock Utilities, Infrastructure & Power Opportunities Trust",NYSE,NONE,,control_no_seeded_acquisition_in_stockanalysis_pull,https://www.sec.gov/files/company_tickers_exchange.json,sec_company_tickers_exchange,,,CONTROL
MKDWW,0001991332,MKDWELL Tech Inc.,Nasdaq,NONE,,control_no_seeded_acquisition_in_stockanalysis_pull,https://www.sec.gov/files/company_tickers_exchange.json,sec_company_tickers_exchange,,,CONTROL
BPRE,0001551047,Bluerock Private Real Estate Fund,NYSE,NONE,,control_no_seeded_acquisition_in_stockanalysis_pull,https://www.sec.gov/files/company_tickers_exchange.json,sec_company_tickers_exchange,,,CONTROL
GBLI,0001494904,"Global Indemnity Group, LLC",Nasdaq,NONE,,control_no_seeded_acquisition_in_stockanalysis_pull,https://www.sec.gov/files/company_tickers_exchange.json,sec_company_tickers_exchange,,,CONTROL
VVR,0001059386,Invesco Senior Income Trust,NYSE,NONE,,control_no_seeded_acquisition_in_stockanalysis_pull,https://www.sec.gov/files/company_tickers_exchange.json,sec_company_tickers_exchange,,,CONTROL
BTQ,0001821866,BTQ Technologies Corp.,Nasdaq,NONE,,control_no_seeded_acquisition_in_stockanalysis_pull,https://www.sec.gov/files/company_tickers_exchange.json,sec_company_tickers_exchange,,,CONTROL
OLP,0000712770,ONE LIBERTY PROPERTIES INC,NYSE,NONE,,control_no_seeded_acquisition_in_stockanalysis_pull,https://www.sec.gov/files/company_tickers_exchange.json,sec_company_tickers_exchange,,,CONTROL
WAT,0001000697,WATERS CORP /DE/,NYSE,NONE,,control_no_seeded_acquisition_in_stockanalysis_pull,https://www.sec.gov/files/company_tickers_exchange.json,sec_company_tickers_exchange,,,CONTROL
XEL,0000072903,XCEL ENERGY INC,Nasdaq,NONE,,control_no_seeded_acquisition_in_stockanalysis_pull,https://www.sec.gov/files/company_tickers_exchange.json,sec_company_tickers_exchange,,,CONTROL
LEE,0000058361,"LEE ENTERPRISES, Inc",Nasdaq,NONE,,control_no_seeded_acquisition_in_stockanalysis_pull,https://www.sec.gov/files/company_tickers_exchange.json,sec_company_tickers_exchange,,,CONTROL
ETN,0001551182,Eaton Corp plc,NYSE,NONE,,control_no_seeded_acquisition_in_stockanalysis_pull,https://www.sec.gov/files/company_tickers_exchange.json,sec_company_tickers_exchange,,,CONTROL
SENEA,0000088948,Seneca Foods Corp,Nasdaq,NONE,,control_no_seeded_acquisition_in_stockanalysis_pull,https://www.sec.gov/files/company_tickers_exchange.json,sec_company_tickers_exchange,,,CONTROL
KTOS,0001069258,"KRATOS DEFENSE & SECURITY SOLUTIONS, INC.",Nasdaq,NONE,,control_no_seeded_acquisition_in_stockanalysis_pull,https://www.sec.gov/files/company_tickers_exchange.json,sec_company_tickers_exchange,,,CONTROL
SQM,0000909037,CHEMICAL & MINING CO OF CHILE INC,NYSE,NONE,,control_no_seeded_acquisition_in_stockanalysis_pull,https://www.sec.gov/files/company_tickers_exchange.json,sec_company_tickers_exchange,,,CONTROL
HDSN,0000925528,HUDSON TECHNOLOGIES INC /NY,Nasdaq,NONE,,control_no_seeded_acquisition_in_stockanalysis_pull,https://www.sec.gov/files/company_tickers_exchange.json,sec_company_tickers_exchange,,,CONTROL
TMDX,0001756262,"TransMedics Group, Inc.",Nasdaq,NONE,,control_no_seeded_acquisition_in_stockanalysis_pull,https://www.sec.gov/files/company_tickers_exchange.json,sec_company_tickers_exchange,,,CONTROL
CIRC,0001605888,CIRCLE8 GROUP INC,Nasdaq,NONE,,control_no_seeded_acquisition_in_stockanalysis_pull,https://www.sec.gov/files/company_tickers_exchange.json,sec_company_tickers_exchange,,,CONTROL
FROG,0001800667,JFrog Ltd,Nasdaq,NONE,,control_no_seeded_acquisition_in_stockanalysis_pull,https://www.sec.gov/files/company_tickers_exchange.json,sec_company_tickers_exchange,,,CONTROL
GECC,0001675033,Great Elm Capital Corp.,Nasdaq,NONE,,control_no_seeded_acquisition_in_stockanalysis_pull,https://www.sec.gov/files/company_tickers_exchange.json,sec_company_tickers_exchange,,,CONTROL
QLEP,0002102155,Quantum Leap Acquisition Corp,NYSE,NONE,,control_no_seeded_acquisition_in_stockanalysis_pull,https://www.sec.gov/files/company_tickers_exchange.json,sec_company_tickers_exchange,,,CONTROL
XHR,0001616000,"Xenia Hotels & Resorts, Inc.",NYSE,NONE,,control_no_seeded_acquisition_in_stockanalysis_pull,https://www.sec.gov/files/company_tickers_exchange.json,sec_company_tickers_exchange,,,CONTROL
AIIO,0001932737,ROBO.AI INC.,Nasdaq,NONE,,control_no_seeded_acquisition_in_stockanalysis_pull,https://www.sec.gov/files/company_tickers_exchange.json,sec_company_tickers_exchange,,,CONTROL
GUG,0001864208,Guggenheim Active Allocation Fund,NYSE,NONE,,control_no_seeded_acquisition_in_stockanalysis_pull,https://www.sec.gov/files/company_tickers_exchange.json,sec_company_tickers_exchange,,,CONTROL
TYL,0000860731,TYLER TECHNOLOGIES INC,NYSE,NONE,,control_no_seeded_acquisition_in_stockanalysis_pull,https://www.sec.gov/files/company_tickers_exchange.json,sec_company_tickers_exchange,,,CONTROL
