symbol,cik,company_name,exchange,event_type,event_date,label_quality,source_url,cik_source,acquirer,acquirer_name
FIRY,0001801661,Firy Inc.,NYSE,NONE,,control_no_seeded_acquisition_in_stockanalysis_pull,https://www.sec.gov/files/company_tickers_exchange.json,sec_company_tickers_exchange,,
INUV,0000829323,"Inuvo, Inc.",NYSE,NONE,,control_no_seeded_acquisition_in_stockanalysis_pull,https://www.sec.gov/files/company_tickers_exchange.json,sec_company_tickers_exchange,,
NXPL,0001058307,NextPlat Corp,Nasdaq,NONE,,control_no_seeded_acquisition_in_stockanalysis_pull,https://www.sec.gov/files/company_tickers_exchange.json,sec_company_tickers_exchange,,
OR,0001627272,OR Royalties Inc.,NYSE,NONE,,control_no_seeded_acquisition_in_stockanalysis_pull,https://www.sec.gov/files/company_tickers_exchange.json,sec_company_tickers_exchange,,
VERA,0001831828,"Vera Therapeutics, Inc.",Nasdaq,NONE,,control_no_seeded_acquisition_in_stockanalysis_pull,https://www.sec.gov/files/company_tickers_exchange.json,sec_company_tickers_exchange,,
HMY,0001023514,HARMONY GOLD MINING CO LTD,NYSE,NONE,,control_no_seeded_acquisition_in_stockanalysis_pull,https://www.sec.gov/files/company_tickers_exchange.json,sec_company_tickers_exchange,,
XPOF,0001802156,"Xponential Fitness, Inc.",NYSE,NONE,,control_no_seeded_acquisition_in_stockanalysis_pull,https://www.sec.gov/files/company_tickers_exchange.json,sec_company_tickers_exchange,,
BEATW,0001779372,"HeartBeam, Inc.",Nasdaq,NONE,,control_no_seeded_acquisition_in_stockanalysis_pull,https://www.sec.gov/files/company_tickers_exchange.json,sec_company_tickers_exchange,,
FOUR,0001794669,"Shift4 Payments, Inc.",NYSE,NONE,,control_no_seeded_acquisition_in_stockanalysis_pull,https://www.sec.gov/files/company_tickers_exchange.json,sec_company_tickers_exchange,,
EXFY,0001476840,"Expensify, Inc.",Nasdaq,NONE,,control_no_seeded_acquisition_in_stockanalysis_pull,https://www.sec.gov/files/company_tickers_exchange.json,sec_company_tickers_exchange,,
DJP,0000312070,BARCLAYS BANK PLC,NYSE,NONE,,control_no_seeded_acquisition_in_stockanalysis_pull,https://www.sec.gov/files/company_tickers_exchange.json,sec_company_tickers_exchange,,
ALDF,0002031561,Aldel Financial II Inc.,Nasdaq,NONE,,control_no_seeded_acquisition_in_stockanalysis_pull,https://www.sec.gov/files/company_tickers_exchange.json,sec_company_tickers_exchange,,
MAGH,0002046117,Magnitude International Ltd,Nasdaq,NONE,,control_no_seeded_acquisition_in_stockanalysis_pull,https://www.sec.gov/files/company_tickers_exchange.json,sec_company_tickers_exchange,,
VSOL,0002028541,VanEck Solana ETF,Nasdaq,NONE,,control_no_seeded_acquisition_in_stockanalysis_pull,https://www.sec.gov/files/company_tickers_exchange.json,sec_company_tickers_exchange,,
RXST,0001111485,"RxSight, Inc.",Nasdaq,NONE,,control_no_seeded_acquisition_in_stockanalysis_pull,https://www.sec.gov/files/company_tickers_exchange.json,sec_company_tickers_exchange,,
GGN-PB,0001313510,"GAMCO Global Gold, Natural Resources & Income Trust",NYSE,NONE,,control_no_seeded_acquisition_in_stockanalysis_pull,https://www.sec.gov/files/company_tickers_exchange.json,sec_company_tickers_exchange,,
SBRA,0001492298,"Sabra Health Care REIT, Inc.",Nasdaq,NONE,,control_no_seeded_acquisition_in_stockanalysis_pull,https://www.sec.gov/files/company_tickers_exchange.json,sec_company_tickers_exchange,,
CNEY,0001780785,CN ENERGY GROUP. INC.,Nasdaq,NONE,,control_no_seeded_acquisition_in_stockanalysis_pull,https://www.sec.gov/files/company_tickers_exchange.json,sec_company_tickers_exchange,,
CPZ,0001717457,Calamos Long/Short Equity & Dynamic Income Trust,Nasdaq,NONE,,control_no_seeded_acquisition_in_stockanalysis_pull,https://www.sec.gov/files/company_tickers_exchange.json,sec_company_tickers_exchange,,
SLQT,0001794783,"SelectQuote, Inc.",NYSE,NONE,,control_no_seeded_acquisition_in_stockanalysis_pull,https://www.sec.gov/files/company_tickers_exchange.json,sec_company_tickers_exchange,,
NEWTP,0001587987,"NewtekOne, Inc.",Nasdaq,NONE,,control_no_seeded_acquisition_in_stockanalysis_pull,https://www.sec.gov/files/company_tickers_exchange.json,sec_company_tickers_exchange,,
NGL-PB,0001504461,NGL Energy Partners LP,NYSE,NONE,,control_no_seeded_acquisition_in_stockanalysis_pull,https://www.sec.gov/files/company_tickers_exchange.json,sec_company_tickers_exchange,,
FWDI,0000038264,"Forward Industries, Inc.",Nasdaq,NONE,,control_no_seeded_acquisition_in_stockanalysis_pull,https://www.sec.gov/files/company_tickers_exchange.json,sec_company_tickers_exchange,,
ABR,0001253986,ARBOR REALTY TRUST INC,NYSE,NONE,,control_no_seeded_acquisition_in_stockanalysis_pull,https://www.sec.gov/files/company_tickers_exchange.json,sec_company_tickers_exchange,,
STVN,0001849853,Stevanato Group S.p.A.,NYSE,NONE,,control_no_seeded_acquisition_in_stockanalysis_pull,https://www.sec.gov/files/company_tickers_exchange.json,sec_company_tickers_exchange,,
RANGU,0002035644,Range Capital Acquisition Corp.,Nasdaq,NONE,,control_no_seeded_acquisition_in_stockanalysis_pull,https://www.sec.gov/files/company_tickers_exchange.json,sec_company_tickers_exchange,,
ARE,0001035443,"ALEXANDRIA REAL ESTATE EQUITIES, INC.",NYSE,NONE,,control_no_seeded_acquisition_in_stockanalysis_pull,https://www.sec.gov/files/company_tickers_exchange.json,sec_company_tickers_exchange,,
EVTC,0001559865,"EVERTEC, Inc.",NYSE,NONE,,control_no_seeded_acquisition_in_stockanalysis_pull,https://www.sec.gov/files/company_tickers_exchange.json,sec_company_tickers_exchange,,
EFTY,0002058349,"ETOILES CAPITAL GROUP CO., LTD",Nasdaq,NONE,,control_no_seeded_acquisition_in_stockanalysis_pull,https://www.sec.gov/files/company_tickers_exchange.json,sec_company_tickers_exchange,,
ACDC,0001881487,ProFrac Holding Corp.,Nasdaq,NONE,,control_no_seeded_acquisition_in_stockanalysis_pull,https://www.sec.gov/files/company_tickers_exchange.json,sec_company_tickers_exchange,,
MC,0001596967,Moelis & Co,NYSE,NONE,,control_no_seeded_acquisition_in_stockanalysis_pull,https://www.sec.gov/files/company_tickers_exchange.json,sec_company_tickers_exchange,,
SHOTR,0002104879,RMG ML Sports Holdings,Nasdaq,NONE,,control_no_seeded_acquisition_in_stockanalysis_pull,https://www.sec.gov/files/company_tickers_exchange.json,sec_company_tickers_exchange,,
GS,0000886982,GOLDMAN SACHS GROUP INC,NYSE,NONE,,control_no_seeded_acquisition_in_stockanalysis_pull,https://www.sec.gov/files/company_tickers_exchange.json,sec_company_tickers_exchange,,
CMI,0000026172,CUMMINS INC,NYSE,NONE,,control_no_seeded_acquisition_in_stockanalysis_pull,https://www.sec.gov/files/company_tickers_exchange.json,sec_company_tickers_exchange,,
AGX,0000100591,ARGAN INC,NYSE,NONE,,control_no_seeded_acquisition_in_stockanalysis_pull,https://www.sec.gov/files/company_tickers_exchange.json,sec_company_tickers_exchange,,
SYPR,0000864240,SYPRIS SOLUTIONS INC,Nasdaq,NONE,,control_no_seeded_acquisition_in_stockanalysis_pull,https://www.sec.gov/files/company_tickers_exchange.json,sec_company_tickers_exchange,,
BXDC,0002100161,Blackstone Digital Infrastructure Trust Inc.,NYSE,NONE,,control_no_seeded_acquisition_in_stockanalysis_pull,https://www.sec.gov/files/company_tickers_exchange.json,sec_company_tickers_exchange,,
TECX,0001681087,"Tectonic Therapeutic, Inc.",Nasdaq,NONE,,control_no_seeded_acquisition_in_stockanalysis_pull,https://www.sec.gov/files/company_tickers_exchange.json,sec_company_tickers_exchange,,
CYCN,0001755237,"Korsana Biosciences, Inc.",Nasdaq,NONE,,control_no_seeded_acquisition_in_stockanalysis_pull,https://www.sec.gov/files/company_tickers_exchange.json,sec_company_tickers_exchange,,
GILD,0000882095,"GILEAD SCIENCES, INC.",Nasdaq,NONE,,control_no_seeded_acquisition_in_stockanalysis_pull,https://www.sec.gov/files/company_tickers_exchange.json,sec_company_tickers_exchange,,
HSDT,0001610853,Solana Co,Nasdaq,NONE,,control_no_seeded_acquisition_in_stockanalysis_pull,https://www.sec.gov/files/company_tickers_exchange.json,sec_company_tickers_exchange,,
SDHIR,0002034037,Siddhi Acquisition Corp (Cayman Islands),Nasdaq,NONE,,control_no_seeded_acquisition_in_stockanalysis_pull,https://www.sec.gov/files/company_tickers_exchange.json,sec_company_tickers_exchange,,
ASUR,0000884144,ASURE SOFTWARE INC,Nasdaq,NONE,,control_no_seeded_acquisition_in_stockanalysis_pull,https://www.sec.gov/files/company_tickers_exchange.json,sec_company_tickers_exchange,,
CFG-PI,0000759944,CITIZENS FINANCIAL GROUP INC/RI,NYSE,NONE,,control_no_seeded_acquisition_in_stockanalysis_pull,https://www.sec.gov/files/company_tickers_exchange.json,sec_company_tickers_exchange,,
FCN,0000887936,"FTI CONSULTING, INC",NYSE,NONE,,control_no_seeded_acquisition_in_stockanalysis_pull,https://www.sec.gov/files/company_tickers_exchange.json,sec_company_tickers_exchange,,
LSCC,0000855658,LATTICE SEMICONDUCTOR CORP,Nasdaq,NONE,,control_no_seeded_acquisition_in_stockanalysis_pull,https://www.sec.gov/files/company_tickers_exchange.json,sec_company_tickers_exchange,,
UFPT,0000914156,UFP TECHNOLOGIES INC,Nasdaq,NONE,,control_no_seeded_acquisition_in_stockanalysis_pull,https://www.sec.gov/files/company_tickers_exchange.json,sec_company_tickers_exchange,,
KTB,0001760965,"Kontoor Brands, Inc.",NYSE,NONE,,control_no_seeded_acquisition_in_stockanalysis_pull,https://www.sec.gov/files/company_tickers_exchange.json,sec_company_tickers_exchange,,
VICR,0000751978,VICOR CORP,Nasdaq,NONE,,control_no_seeded_acquisition_in_stockanalysis_pull,https://www.sec.gov/files/company_tickers_exchange.json,sec_company_tickers_exchange,,
NSAIW,0002133719,NorthStrive Acquisition Corp I.,Nasdaq,NONE,,control_no_seeded_acquisition_in_stockanalysis_pull,https://www.sec.gov/files/company_tickers_exchange.json,sec_company_tickers_exchange,,
UVE,0000891166,"UNIVERSAL INSURANCE HOLDINGS, INC.",NYSE,NONE,,control_no_seeded_acquisition_in_stockanalysis_pull,https://www.sec.gov/files/company_tickers_exchange.json,sec_company_tickers_exchange,,
CURX,0002025942,Curanex Pharmaceuticals Inc,Nasdaq,NONE,,control_no_seeded_acquisition_in_stockanalysis_pull,https://www.sec.gov/files/company_tickers_exchange.json,sec_company_tickers_exchange,,
CHRS,0001512762,"Coherus Oncology, Inc.",Nasdaq,NONE,,control_no_seeded_acquisition_in_stockanalysis_pull,https://www.sec.gov/files/company_tickers_exchange.json,sec_company_tickers_exchange,,
GOAI,0001983736,Eva Live Inc,Nasdaq,NONE,,control_no_seeded_acquisition_in_stockanalysis_pull,https://www.sec.gov/files/company_tickers_exchange.json,sec_company_tickers_exchange,,
PLOW,0001287213,"DOUGLAS DYNAMICS, INC",NYSE,NONE,,control_no_seeded_acquisition_in_stockanalysis_pull,https://www.sec.gov/files/company_tickers_exchange.json,sec_company_tickers_exchange,,
DXST,0001958133,Decent Holding Inc.,Nasdaq,NONE,,control_no_seeded_acquisition_in_stockanalysis_pull,https://www.sec.gov/files/company_tickers_exchange.json,sec_company_tickers_exchange,,
GTN,0000043196,"GRAY MEDIA, INC",NYSE,NONE,,control_no_seeded_acquisition_in_stockanalysis_pull,https://www.sec.gov/files/company_tickers_exchange.json,sec_company_tickers_exchange,,
SUIG,0001425355,SUI Group Holdings Ltd.,Nasdaq,NONE,,control_no_seeded_acquisition_in_stockanalysis_pull,https://www.sec.gov/files/company_tickers_exchange.json,sec_company_tickers_exchange,,
NFJ,0001260563,"Virtus Dividend, Interest & Premium Strategy Fund",NYSE,NONE,,control_no_seeded_acquisition_in_stockanalysis_pull,https://www.sec.gov/files/company_tickers_exchange.json,sec_company_tickers_exchange,,
MNTS,0001781162,Momentus Inc.,Nasdaq,NONE,,control_no_seeded_acquisition_in_stockanalysis_pull,https://www.sec.gov/files/company_tickers_exchange.json,sec_company_tickers_exchange,,
FTRA-UN,0002131853,FutureCorp Space Acquisition 1,NYSE,NONE,,control_no_seeded_acquisition_in_stockanalysis_pull,https://www.sec.gov/files/company_tickers_exchange.json,sec_company_tickers_exchange,,
COP,0001163165,CONOCOPHILLIPS,NYSE,NONE,,control_no_seeded_acquisition_in_stockanalysis_pull,https://www.sec.gov/files/company_tickers_exchange.json,sec_company_tickers_exchange,,
UHAL-B,0000004457,U-Haul Holding Co /NV/,NYSE,NONE,,control_no_seeded_acquisition_in_stockanalysis_pull,https://www.sec.gov/files/company_tickers_exchange.json,sec_company_tickers_exchange,,
OLMA,0001750284,"Olema Pharmaceuticals, Inc.",Nasdaq,NONE,,control_no_seeded_acquisition_in_stockanalysis_pull,https://www.sec.gov/files/company_tickers_exchange.json,sec_company_tickers_exchange,,
DYOR,0002079292,Insight Digital Partners II,Nasdaq,NONE,,control_no_seeded_acquisition_in_stockanalysis_pull,https://www.sec.gov/files/company_tickers_exchange.json,sec_company_tickers_exchange,,
LYTS,0000763532,LSI INDUSTRIES INC,Nasdaq,NONE,,control_no_seeded_acquisition_in_stockanalysis_pull,https://www.sec.gov/files/company_tickers_exchange.json,sec_company_tickers_exchange,,
LUCK,0001840572,Lucky Strike Entertainment Corp,NYSE,NONE,,control_no_seeded_acquisition_in_stockanalysis_pull,https://www.sec.gov/files/company_tickers_exchange.json,sec_company_tickers_exchange,,
MAT,0000063276,MATTEL INC /DE/,Nasdaq,NONE,,control_no_seeded_acquisition_in_stockanalysis_pull,https://www.sec.gov/files/company_tickers_exchange.json,sec_company_tickers_exchange,,
RIO,0000863064,RIO TINTO PLC,NYSE,NONE,,control_no_seeded_acquisition_in_stockanalysis_pull,https://www.sec.gov/files/company_tickers_exchange.json,sec_company_tickers_exchange,,
ABR-PD,0001253986,ARBOR REALTY TRUST INC,NYSE,NONE,,control_no_seeded_acquisition_in_stockanalysis_pull,https://www.sec.gov/files/company_tickers_exchange.json,sec_company_tickers_exchange,,
SCO,0001415311,ProShares Trust II,NYSE,NONE,,control_no_seeded_acquisition_in_stockanalysis_pull,https://www.sec.gov/files/company_tickers_exchange.json,sec_company_tickers_exchange,,
PRHIZ,0001502292,"Presurance Holdings, Inc.",Nasdaq,NONE,,control_no_seeded_acquisition_in_stockanalysis_pull,https://www.sec.gov/files/company_tickers_exchange.json,sec_company_tickers_exchange,,
LAR,0001440972,Lithium Argentina AG,NYSE,NONE,,control_no_seeded_acquisition_in_stockanalysis_pull,https://www.sec.gov/files/company_tickers_exchange.json,sec_company_tickers_exchange,,
GPAC,0002085408,General Purpose Acquisition Corp.,Nasdaq,NONE,,control_no_seeded_acquisition_in_stockanalysis_pull,https://www.sec.gov/files/company_tickers_exchange.json,sec_company_tickers_exchange,,
GPCR,0001888886,Structure Therapeutics Inc.,Nasdaq,NONE,,control_no_seeded_acquisition_in_stockanalysis_pull,https://www.sec.gov/files/company_tickers_exchange.json,sec_company_tickers_exchange,,
IONS,0000874015,IONIS PHARMACEUTICALS INC,Nasdaq,NONE,,control_no_seeded_acquisition_in_stockanalysis_pull,https://www.sec.gov/files/company_tickers_exchange.json,sec_company_tickers_exchange,,
RILYN,0001464790,"BRC Group Holdings, Inc.",Nasdaq,NONE,,control_no_seeded_acquisition_in_stockanalysis_pull,https://www.sec.gov/files/company_tickers_exchange.json,sec_company_tickers_exchange,,
AMP,0000820027,AMERIPRISE FINANCIAL INC,NYSE,NONE,,control_no_seeded_acquisition_in_stockanalysis_pull,https://www.sec.gov/files/company_tickers_exchange.json,sec_company_tickers_exchange,,
ACGCU,0002111542,ACP Holdings Acquisition Corp.,Nasdaq,NONE,,control_no_seeded_acquisition_in_stockanalysis_pull,https://www.sec.gov/files/company_tickers_exchange.json,sec_company_tickers_exchange,,
ALM,0001670061,Almonty Industries Inc.,Nasdaq,NONE,,control_no_seeded_acquisition_in_stockanalysis_pull,https://www.sec.gov/files/company_tickers_exchange.json,sec_company_tickers_exchange,,
COR,0001140859,"Cencora, Inc.",NYSE,NONE,,control_no_seeded_acquisition_in_stockanalysis_pull,https://www.sec.gov/files/company_tickers_exchange.json,sec_company_tickers_exchange,,
MTR,0000313364,MESA ROYALTY TRUST/TX,NYSE,NONE,,control_no_seeded_acquisition_in_stockanalysis_pull,https://www.sec.gov/files/company_tickers_exchange.json,sec_company_tickers_exchange,,
CSTE,0001504379,Caesarstone Ltd.,Nasdaq,NONE,,control_no_seeded_acquisition_in_stockanalysis_pull,https://www.sec.gov/files/company_tickers_exchange.json,sec_company_tickers_exchange,,
REYN,0001786431,Reynolds Consumer Products Inc.,Nasdaq,NONE,,control_no_seeded_acquisition_in_stockanalysis_pull,https://www.sec.gov/files/company_tickers_exchange.json,sec_company_tickers_exchange,,
IGACU,0002075068,Invest Green Acquisition Corp,Nasdaq,NONE,,control_no_seeded_acquisition_in_stockanalysis_pull,https://www.sec.gov/files/company_tickers_exchange.json,sec_company_tickers_exchange,,
FXE,0001328598,Invesco CurrencyShares Euro Trust,NYSE,NONE,,control_no_seeded_acquisition_in_stockanalysis_pull,https://www.sec.gov/files/company_tickers_exchange.json,sec_company_tickers_exchange,,
LFACU,0002084563,Leapfrog Acquisition Corp,Nasdaq,NONE,,control_no_seeded_acquisition_in_stockanalysis_pull,https://www.sec.gov/files/company_tickers_exchange.json,sec_company_tickers_exchange,,
GTENW,0001986817,"Gores Holdings X, Inc. / CI",Nasdaq,NONE,,control_no_seeded_acquisition_in_stockanalysis_pull,https://www.sec.gov/files/company_tickers_exchange.json,sec_company_tickers_exchange,,
ONL,0001873923,Orion Properties Inc.,NYSE,NONE,,control_no_seeded_acquisition_in_stockanalysis_pull,https://www.sec.gov/files/company_tickers_exchange.json,sec_company_tickers_exchange,,
CFBK,0001070680,CF BANKSHARES INC.,Nasdaq,NONE,,control_no_seeded_acquisition_in_stockanalysis_pull,https://www.sec.gov/files/company_tickers_exchange.json,sec_company_tickers_exchange,,
WKC,0000789460,WORLD KINECT CORP,NYSE,NONE,,control_no_seeded_acquisition_in_stockanalysis_pull,https://www.sec.gov/files/company_tickers_exchange.json,sec_company_tickers_exchange,,
DTCX,0001853825,"Datacentrex, Inc.",Nasdaq,NONE,,control_no_seeded_acquisition_in_stockanalysis_pull,https://www.sec.gov/files/company_tickers_exchange.json,sec_company_tickers_exchange,,
DBVT,0001613780,DBV Technologies S.A.,Nasdaq,NONE,,control_no_seeded_acquisition_in_stockanalysis_pull,https://www.sec.gov/files/company_tickers_exchange.json,sec_company_tickers_exchange,,
BJ,0001531152,"BJ's Wholesale Club Holdings, Inc.",NYSE,NONE,,control_no_seeded_acquisition_in_stockanalysis_pull,https://www.sec.gov/files/company_tickers_exchange.json,sec_company_tickers_exchange,,
EGO,0000918608,ELDORADO GOLD CORP /FI,NYSE,NONE,,control_no_seeded_acquisition_in_stockanalysis_pull,https://www.sec.gov/files/company_tickers_exchange.json,sec_company_tickers_exchange,,
SPG-PJ,0001063761,SIMON PROPERTY GROUP INC.,NYSE,NONE,,control_no_seeded_acquisition_in_stockanalysis_pull,https://www.sec.gov/files/company_tickers_exchange.json,sec_company_tickers_exchange,,
EVOX,0002077954,Evolution Global Acquisition Corp,Nasdaq,NONE,,control_no_seeded_acquisition_in_stockanalysis_pull,https://www.sec.gov/files/company_tickers_exchange.json,sec_company_tickers_exchange,,
NHIVU,0002099767,NewHold Investment Corp IV,Nasdaq,NONE,,control_no_seeded_acquisition_in_stockanalysis_pull,https://www.sec.gov/files/company_tickers_exchange.json,sec_company_tickers_exchange,,
SI,0001699350,"SHOULDER INNOVATIONS, INC.",NYSE,NONE,,control_no_seeded_acquisition_in_stockanalysis_pull,https://www.sec.gov/files/company_tickers_exchange.json,sec_company_tickers_exchange,,
KMB,0000055785,KIMBERLY CLARK CORP,Nasdaq,NONE,,control_no_seeded_acquisition_in_stockanalysis_pull,https://www.sec.gov/files/company_tickers_exchange.json,sec_company_tickers_exchange,,
DEFT,0001888274,"Defi Technologies, Inc.",Nasdaq,NONE,,control_no_seeded_acquisition_in_stockanalysis_pull,https://www.sec.gov/files/company_tickers_exchange.json,sec_company_tickers_exchange,,
ASST,0001920406,"Strive, Inc.",Nasdaq,NONE,,control_no_seeded_acquisition_in_stockanalysis_pull,https://www.sec.gov/files/company_tickers_exchange.json,sec_company_tickers_exchange,,
AIDX,0001139685,"20/20 Biolabs, Inc.",Nasdaq,NONE,,control_no_seeded_acquisition_in_stockanalysis_pull,https://www.sec.gov/files/company_tickers_exchange.json,sec_company_tickers_exchange,,
PTLE,0002016337,PTL Ltd,Nasdaq,NONE,,control_no_seeded_acquisition_in_stockanalysis_pull,https://www.sec.gov/files/company_tickers_exchange.json,sec_company_tickers_exchange,,
ARW,0000007536,"ARROW ELECTRONICS, INC.",NYSE,NONE,,control_no_seeded_acquisition_in_stockanalysis_pull,https://www.sec.gov/files/company_tickers_exchange.json,sec_company_tickers_exchange,,
ILLU,0002101135,Illumination Acquisition Corp. I,Nasdaq,NONE,,control_no_seeded_acquisition_in_stockanalysis_pull,https://www.sec.gov/files/company_tickers_exchange.json,sec_company_tickers_exchange,,
WRAP,0001702924,"WRAP TECHNOLOGIES, INC.",Nasdaq,NONE,,control_no_seeded_acquisition_in_stockanalysis_pull,https://www.sec.gov/files/company_tickers_exchange.json,sec_company_tickers_exchange,,
BKTI,0000002186,BK Technologies Corp,NYSE,NONE,,control_no_seeded_acquisition_in_stockanalysis_pull,https://www.sec.gov/files/company_tickers_exchange.json,sec_company_tickers_exchange,,
UHAL,0000004457,U-Haul Holding Co /NV/,NYSE,NONE,,control_no_seeded_acquisition_in_stockanalysis_pull,https://www.sec.gov/files/company_tickers_exchange.json,sec_company_tickers_exchange,,
ROST,0000745732,"ROSS STORES, INC.",Nasdaq,NONE,,control_no_seeded_acquisition_in_stockanalysis_pull,https://www.sec.gov/files/company_tickers_exchange.json,sec_company_tickers_exchange,,
PDFS,0001120914,PDF SOLUTIONS INC,Nasdaq,NONE,,control_no_seeded_acquisition_in_stockanalysis_pull,https://www.sec.gov/files/company_tickers_exchange.json,sec_company_tickers_exchange,,
EVR,0001360901,Evercore Inc.,NYSE,NONE,,control_no_seeded_acquisition_in_stockanalysis_pull,https://www.sec.gov/files/company_tickers_exchange.json,sec_company_tickers_exchange,,
ZOOZ,0001992818,ZOOZ Strategy Ltd.,Nasdaq,NONE,,control_no_seeded_acquisition_in_stockanalysis_pull,https://www.sec.gov/files/company_tickers_exchange.json,sec_company_tickers_exchange,,
JFR,0001276533,NUVEEN FLOATING RATE INCOME FUND,NYSE,NONE,,control_no_seeded_acquisition_in_stockanalysis_pull,https://www.sec.gov/files/company_tickers_exchange.json,sec_company_tickers_exchange,,
NEE-PN,0000753308,NEXTERA ENERGY INC,NYSE,NONE,,control_no_seeded_acquisition_in_stockanalysis_pull,https://www.sec.gov/files/company_tickers_exchange.json,sec_company_tickers_exchange,,
ONIT,0000873860,ONITY GROUP INC.,NYSE,NONE,,control_no_seeded_acquisition_in_stockanalysis_pull,https://www.sec.gov/files/company_tickers_exchange.json,sec_company_tickers_exchange,,
PAAC,0002087446,Proem Acquisition Corp. I,Nasdaq,NONE,,control_no_seeded_acquisition_in_stockanalysis_pull,https://www.sec.gov/files/company_tickers_exchange.json,sec_company_tickers_exchange,,
KIM-PM,0000879101,KIMCO REALTY CORP,NYSE,NONE,,control_no_seeded_acquisition_in_stockanalysis_pull,https://www.sec.gov/files/company_tickers_exchange.json,sec_company_tickers_exchange,,
SSEAU,0002059165,STARRY SEA ACQUISITION CORP,Nasdaq,NONE,,control_no_seeded_acquisition_in_stockanalysis_pull,https://www.sec.gov/files/company_tickers_exchange.json,sec_company_tickers_exchange,,
KR,0000056873,KROGER CO,NYSE,NONE,,control_no_seeded_acquisition_in_stockanalysis_pull,https://www.sec.gov/files/company_tickers_exchange.json,sec_company_tickers_exchange,,
KRP,0001657788,"Kimbell Royalty Partners, LP",NYSE,NONE,,control_no_seeded_acquisition_in_stockanalysis_pull,https://www.sec.gov/files/company_tickers_exchange.json,sec_company_tickers_exchange,,
GEN,0000849399,Gen Digital Inc.,Nasdaq,NONE,,control_no_seeded_acquisition_in_stockanalysis_pull,https://www.sec.gov/files/company_tickers_exchange.json,sec_company_tickers_exchange,,
EHI,0001228509,WESTERN ASSET GLOBAL HIGH INCOME FUND INC.,NYSE,NONE,,control_no_seeded_acquisition_in_stockanalysis_pull,https://www.sec.gov/files/company_tickers_exchange.json,sec_company_tickers_exchange,,
BEEP,0001847874,Mobile Infrastructure Corp,Nasdaq,NONE,,control_no_seeded_acquisition_in_stockanalysis_pull,https://www.sec.gov/files/company_tickers_exchange.json,sec_company_tickers_exchange,,
SOC,0001831481,Sable Offshore Corp.,NYSE,NONE,,control_no_seeded_acquisition_in_stockanalysis_pull,https://www.sec.gov/files/company_tickers_exchange.json,sec_company_tickers_exchange,,
FTI,0001681459,TechnipFMC plc,NYSE,NONE,,control_no_seeded_acquisition_in_stockanalysis_pull,https://www.sec.gov/files/company_tickers_exchange.json,sec_company_tickers_exchange,,
SRTS,0001494891,"Sensus Healthcare, Inc.",Nasdaq,NONE,,control_no_seeded_acquisition_in_stockanalysis_pull,https://www.sec.gov/files/company_tickers_exchange.json,sec_company_tickers_exchange,,
UK,0001821424,Ucommune International Ltd,Nasdaq,NONE,,control_no_seeded_acquisition_in_stockanalysis_pull,https://www.sec.gov/files/company_tickers_exchange.json,sec_company_tickers_exchange,,
COF-PL,0000927628,CAPITAL ONE FINANCIAL CORP,NYSE,NONE,,control_no_seeded_acquisition_in_stockanalysis_pull,https://www.sec.gov/files/company_tickers_exchange.json,sec_company_tickers_exchange,,
MAMA,0001520358,"Mama's Creations, Inc.",Nasdaq,NONE,,control_no_seeded_acquisition_in_stockanalysis_pull,https://www.sec.gov/files/company_tickers_exchange.json,sec_company_tickers_exchange,,
AMBR,0001697818,Amber International Holding Ltd,Nasdaq,NONE,,control_no_seeded_acquisition_in_stockanalysis_pull,https://www.sec.gov/files/company_tickers_exchange.json,sec_company_tickers_exchange,,
KEYS,0001601046,"Keysight Technologies, Inc.",NYSE,NONE,,control_no_seeded_acquisition_in_stockanalysis_pull,https://www.sec.gov/files/company_tickers_exchange.json,sec_company_tickers_exchange,,
KLXER,0001738827,"KLX Energy Services Holdings, Inc.",Nasdaq,NONE,,control_no_seeded_acquisition_in_stockanalysis_pull,https://www.sec.gov/files/company_tickers_exchange.json,sec_company_tickers_exchange,,
JFIN,0001743102,Jiayin Group Inc.,Nasdaq,NONE,,control_no_seeded_acquisition_in_stockanalysis_pull,https://www.sec.gov/files/company_tickers_exchange.json,sec_company_tickers_exchange,,
ETR,0000065984,ENTERGY CORP /DE/,NYSE,NONE,,control_no_seeded_acquisition_in_stockanalysis_pull,https://www.sec.gov/files/company_tickers_exchange.json,sec_company_tickers_exchange,,
UNG,0001376227,"United States Natural Gas Fund, LP",NYSE,NONE,,control_no_seeded_acquisition_in_stockanalysis_pull,https://www.sec.gov/files/company_tickers_exchange.json,sec_company_tickers_exchange,,
MIND,0000926423,"MIND TECHNOLOGY, INC",Nasdaq,NONE,,control_no_seeded_acquisition_in_stockanalysis_pull,https://www.sec.gov/files/company_tickers_exchange.json,sec_company_tickers_exchange,,
AVAV,0001368622,AeroVironment Inc,Nasdaq,NONE,,control_no_seeded_acquisition_in_stockanalysis_pull,https://www.sec.gov/files/company_tickers_exchange.json,sec_company_tickers_exchange,,
TII,0001791703,Titan Mining Corp,NYSE,NONE,,control_no_seeded_acquisition_in_stockanalysis_pull,https://www.sec.gov/files/company_tickers_exchange.json,sec_company_tickers_exchange,,
LPAAU,0002015502,Launch One Acquisition Corp.,Nasdaq,NONE,,control_no_seeded_acquisition_in_stockanalysis_pull,https://www.sec.gov/files/company_tickers_exchange.json,sec_company_tickers_exchange,,
VLY,0000714310,VALLEY NATIONAL BANCORP,Nasdaq,NONE,,control_no_seeded_acquisition_in_stockanalysis_pull,https://www.sec.gov/files/company_tickers_exchange.json,sec_company_tickers_exchange,,
VRCA,0001660334,Verrica Pharmaceuticals Inc.,Nasdaq,NONE,,control_no_seeded_acquisition_in_stockanalysis_pull,https://www.sec.gov/files/company_tickers_exchange.json,sec_company_tickers_exchange,,
FHB,0000036377,"FIRST HAWAIIAN, INC.",Nasdaq,NONE,,control_no_seeded_acquisition_in_stockanalysis_pull,https://www.sec.gov/files/company_tickers_exchange.json,sec_company_tickers_exchange,,
HBCP,0001436425,"HOME BANCORP, INC.",Nasdaq,NONE,,control_no_seeded_acquisition_in_stockanalysis_pull,https://www.sec.gov/files/company_tickers_exchange.json,sec_company_tickers_exchange,,
TONT,0001897463,Graf Global Corp.,NYSE,NONE,,control_no_seeded_acquisition_in_stockanalysis_pull,https://www.sec.gov/files/company_tickers_exchange.json,sec_company_tickers_exchange,,
DKL,0001552797,"Delek Logistics Partners, LP",NYSE,NONE,,control_no_seeded_acquisition_in_stockanalysis_pull,https://www.sec.gov/files/company_tickers_exchange.json,sec_company_tickers_exchange,,
PNRG,0000056868,PRIMEENERGY RESOURCES CORP,Nasdaq,NONE,,control_no_seeded_acquisition_in_stockanalysis_pull,https://www.sec.gov/files/company_tickers_exchange.json,sec_company_tickers_exchange,,
PSLV,0001494728,Sprott Physical Silver Trust,NYSE,NONE,,control_no_seeded_acquisition_in_stockanalysis_pull,https://www.sec.gov/files/company_tickers_exchange.json,sec_company_tickers_exchange,,
ATCX,0001684688,ATLAS CRITICAL MINERALS Corp,Nasdaq,NONE,,control_no_seeded_acquisition_in_stockanalysis_pull,https://www.sec.gov/files/company_tickers_exchange.json,sec_company_tickers_exchange,,
PFO,0000882071,Flaherty & Crumrine PREFERRED & INCOME OPPORTUNITY FUND INC,NYSE,NONE,,control_no_seeded_acquisition_in_stockanalysis_pull,https://www.sec.gov/files/company_tickers_exchange.json,sec_company_tickers_exchange,,
VKQ,0000877463,Invesco Municipal Trust,NYSE,NONE,,control_no_seeded_acquisition_in_stockanalysis_pull,https://www.sec.gov/files/company_tickers_exchange.json,sec_company_tickers_exchange,,
SAGT,0002029138,SAGTEC GLOBAL Ltd,Nasdaq,NONE,,control_no_seeded_acquisition_in_stockanalysis_pull,https://www.sec.gov/files/company_tickers_exchange.json,sec_company_tickers_exchange,,
EHTH,0001333493,"eHealth, Inc.",Nasdaq,NONE,,control_no_seeded_acquisition_in_stockanalysis_pull,https://www.sec.gov/files/company_tickers_exchange.json,sec_company_tickers_exchange,,
JMSB,0001710482,"John Marshall Bancorp, Inc.",Nasdaq,NONE,,control_no_seeded_acquisition_in_stockanalysis_pull,https://www.sec.gov/files/company_tickers_exchange.json,sec_company_tickers_exchange,,
INN-PE,0001497645,"Summit Hotel Properties, Inc.",NYSE,NONE,,control_no_seeded_acquisition_in_stockanalysis_pull,https://www.sec.gov/files/company_tickers_exchange.json,sec_company_tickers_exchange,,
RLI,0000084246,RLI CORP,NYSE,NONE,,control_no_seeded_acquisition_in_stockanalysis_pull,https://www.sec.gov/files/company_tickers_exchange.json,sec_company_tickers_exchange,,
FCEL,0000886128,FUELCELL ENERGY INC,Nasdaq,NONE,,control_no_seeded_acquisition_in_stockanalysis_pull,https://www.sec.gov/files/company_tickers_exchange.json,sec_company_tickers_exchange,,
LCLN,0001925283,"Lincoln International, Inc.",NYSE,NONE,,control_no_seeded_acquisition_in_stockanalysis_pull,https://www.sec.gov/files/company_tickers_exchange.json,sec_company_tickers_exchange,,
SMHI,0001690334,SEACOR Marine Holdings Inc.,NYSE,NONE,,control_no_seeded_acquisition_in_stockanalysis_pull,https://www.sec.gov/files/company_tickers_exchange.json,sec_company_tickers_exchange,,
MBC,0001941365,"MasterBrand, Inc.",NYSE,NONE,,control_no_seeded_acquisition_in_stockanalysis_pull,https://www.sec.gov/files/company_tickers_exchange.json,sec_company_tickers_exchange,,
FBP,0001057706,FIRST BANCORP /PR/,NYSE,NONE,,control_no_seeded_acquisition_in_stockanalysis_pull,https://www.sec.gov/files/company_tickers_exchange.json,sec_company_tickers_exchange,,
BML-PG,0000070858,BANK OF AMERICA CORP /DE/,NYSE,NONE,,control_no_seeded_acquisition_in_stockanalysis_pull,https://www.sec.gov/files/company_tickers_exchange.json,sec_company_tickers_exchange,,
KB,0001445930,KB Financial Group Inc.,NYSE,NONE,,control_no_seeded_acquisition_in_stockanalysis_pull,https://www.sec.gov/files/company_tickers_exchange.json,sec_company_tickers_exchange,,
RFMZ,0001817159,"RiverNorth Flexible Municipal Income Fund II, Inc.",NYSE,NONE,,control_no_seeded_acquisition_in_stockanalysis_pull,https://www.sec.gov/files/company_tickers_exchange.json,sec_company_tickers_exchange,,
BMO,0000927971,BANK OF MONTREAL /CAN/,NYSE,NONE,,control_no_seeded_acquisition_in_stockanalysis_pull,https://www.sec.gov/files/company_tickers_exchange.json,sec_company_tickers_exchange,,
MLM,0000916076,MARTIN MARIETTA MATERIALS INC,NYSE,NONE,,control_no_seeded_acquisition_in_stockanalysis_pull,https://www.sec.gov/files/company_tickers_exchange.json,sec_company_tickers_exchange,,
VTVT,0001641489,vTv Therapeutics Inc.,Nasdaq,NONE,,control_no_seeded_acquisition_in_stockanalysis_pull,https://www.sec.gov/files/company_tickers_exchange.json,sec_company_tickers_exchange,,
WEAT,0001471824,Teucrium Commodity Trust,NYSE,NONE,,control_no_seeded_acquisition_in_stockanalysis_pull,https://www.sec.gov/files/company_tickers_exchange.json,sec_company_tickers_exchange,,
BDMDW,0001982444,Baird Medical Investment Holdings Ltd,Nasdaq,NONE,,control_no_seeded_acquisition_in_stockanalysis_pull,https://www.sec.gov/files/company_tickers_exchange.json,sec_company_tickers_exchange,,
CAES,0002087965,"Cantor Equity Partners VII, Inc.",Nasdaq,NONE,,control_no_seeded_acquisition_in_stockanalysis_pull,https://www.sec.gov/files/company_tickers_exchange.json,sec_company_tickers_exchange,,
ALX,0000003499,ALEXANDERS INC,NYSE,NONE,,control_no_seeded_acquisition_in_stockanalysis_pull,https://www.sec.gov/files/company_tickers_exchange.json,sec_company_tickers_exchange,,
XTERU,0002134856,Karman Line Acquisition Corp.,Nasdaq,NONE,,control_no_seeded_acquisition_in_stockanalysis_pull,https://www.sec.gov/files/company_tickers_exchange.json,sec_company_tickers_exchange,,
CXIIU,0002114227,Churchill Capital Corp XII,Nasdaq,NONE,,control_no_seeded_acquisition_in_stockanalysis_pull,https://www.sec.gov/files/company_tickers_exchange.json,sec_company_tickers_exchange,,
FBIO,0001429260,"Fortress Biotech, Inc.",Nasdaq,NONE,,control_no_seeded_acquisition_in_stockanalysis_pull,https://www.sec.gov/files/company_tickers_exchange.json,sec_company_tickers_exchange,,
MDLN,0002046386,Medline Inc.,Nasdaq,NONE,,control_no_seeded_acquisition_in_stockanalysis_pull,https://www.sec.gov/files/company_tickers_exchange.json,sec_company_tickers_exchange,,
GIC,0000945114,GLOBAL INDUSTRIAL Co,NYSE,NONE,,control_no_seeded_acquisition_in_stockanalysis_pull,https://www.sec.gov/files/company_tickers_exchange.json,sec_company_tickers_exchange,,
ADP,0000008670,AUTOMATIC DATA PROCESSING INC,Nasdaq,NONE,,control_no_seeded_acquisition_in_stockanalysis_pull,https://www.sec.gov/files/company_tickers_exchange.json,sec_company_tickers_exchange,,
WALDW,0001840199,Waldencast plc,Nasdaq,NONE,,control_no_seeded_acquisition_in_stockanalysis_pull,https://www.sec.gov/files/company_tickers_exchange.json,sec_company_tickers_exchange,,
VMET,0002080073,Versamet Royalties Corp,Nasdaq,NONE,,control_no_seeded_acquisition_in_stockanalysis_pull,https://www.sec.gov/files/company_tickers_exchange.json,sec_company_tickers_exchange,,
SG,0001477815,"Sweetgreen, Inc.",NYSE,NONE,,control_no_seeded_acquisition_in_stockanalysis_pull,https://www.sec.gov/files/company_tickers_exchange.json,sec_company_tickers_exchange,,
CRT,0000881787,CROSS TIMBERS ROYALTY TRUST,NYSE,NONE,,control_no_seeded_acquisition_in_stockanalysis_pull,https://www.sec.gov/files/company_tickers_exchange.json,sec_company_tickers_exchange,,
NTCL,0001927578,NetClass Technology Inc,Nasdaq,NONE,,control_no_seeded_acquisition_in_stockanalysis_pull,https://www.sec.gov/files/company_tickers_exchange.json,sec_company_tickers_exchange,,
ANAB,0001370053,"ANAPTYSBIO, INC",Nasdaq,NONE,,control_no_seeded_acquisition_in_stockanalysis_pull,https://www.sec.gov/files/company_tickers_exchange.json,sec_company_tickers_exchange,,
BAK,0001071438,BRASKEM SA,NYSE,NONE,,control_no_seeded_acquisition_in_stockanalysis_pull,https://www.sec.gov/files/company_tickers_exchange.json,sec_company_tickers_exchange,,
PTORU,0002093912,Praetorian Acquisition Corp.,Nasdaq,NONE,,control_no_seeded_acquisition_in_stockanalysis_pull,https://www.sec.gov/files/company_tickers_exchange.json,sec_company_tickers_exchange,,
INVZ,0001835654,Innoviz Technologies Ltd.,Nasdaq,NONE,,control_no_seeded_acquisition_in_stockanalysis_pull,https://www.sec.gov/files/company_tickers_exchange.json,sec_company_tickers_exchange,,
ADC,0000917251,AGREE REALTY CORP,NYSE,NONE,,control_no_seeded_acquisition_in_stockanalysis_pull,https://www.sec.gov/files/company_tickers_exchange.json,sec_company_tickers_exchange,,
SGHT,0001531177,"Sight Sciences, Inc.",Nasdaq,NONE,,control_no_seeded_acquisition_in_stockanalysis_pull,https://www.sec.gov/files/company_tickers_exchange.json,sec_company_tickers_exchange,,
GELS,0001920092,Gelteq Ltd,Nasdaq,NONE,,control_no_seeded_acquisition_in_stockanalysis_pull,https://www.sec.gov/files/company_tickers_exchange.json,sec_company_tickers_exchange,,
BL,0001666134,"BLACKLINE, INC.",Nasdaq,NONE,,control_no_seeded_acquisition_in_stockanalysis_pull,https://www.sec.gov/files/company_tickers_exchange.json,sec_company_tickers_exchange,,
IREN,0001878848,IREN Ltd,Nasdaq,NONE,,control_no_seeded_acquisition_in_stockanalysis_pull,https://www.sec.gov/files/company_tickers_exchange.json,sec_company_tickers_exchange,,
SONY,0000313838,Sony Group Corp,NYSE,NONE,,control_no_seeded_acquisition_in_stockanalysis_pull,https://www.sec.gov/files/company_tickers_exchange.json,sec_company_tickers_exchange,,
PVL,0001520048,Permianville Royalty Trust,NYSE,NONE,,control_no_seeded_acquisition_in_stockanalysis_pull,https://www.sec.gov/files/company_tickers_exchange.json,sec_company_tickers_exchange,,
FTF,0001233087,FRANKLIN LTD DURATION INCOME TRUST,NYSE,NONE,,control_no_seeded_acquisition_in_stockanalysis_pull,https://www.sec.gov/files/company_tickers_exchange.json,sec_company_tickers_exchange,,
MSC,0001713334,STUDIO CITY INTERNATIONAL HOLDINGS Ltd,NYSE,NONE,,control_no_seeded_acquisition_in_stockanalysis_pull,https://www.sec.gov/files/company_tickers_exchange.json,sec_company_tickers_exchange,,
LIME,0001699963,"Neutron Holdings, Inc.",Nasdaq,NONE,,control_no_seeded_acquisition_in_stockanalysis_pull,https://www.sec.gov/files/company_tickers_exchange.json,sec_company_tickers_exchange,,
BEPI,0001533232,Brookfield Renewable Partners L.P.,NYSE,NONE,,control_no_seeded_acquisition_in_stockanalysis_pull,https://www.sec.gov/files/company_tickers_exchange.json,sec_company_tickers_exchange,,
ICUI,0000883984,ICU MEDICAL INC/DE,Nasdaq,NONE,,control_no_seeded_acquisition_in_stockanalysis_pull,https://www.sec.gov/files/company_tickers_exchange.json,sec_company_tickers_exchange,,
PMI,0002030617,"Picard Medical, Inc.",NYSE,NONE,,control_no_seeded_acquisition_in_stockanalysis_pull,https://www.sec.gov/files/company_tickers_exchange.json,sec_company_tickers_exchange,,
BRBR,0001772016,"BELLRING BRANDS, INC.",NYSE,NONE,,control_no_seeded_acquisition_in_stockanalysis_pull,https://www.sec.gov/files/company_tickers_exchange.json,sec_company_tickers_exchange,,
IMUX,0001280776,"IMMUNIC, INC.",Nasdaq,NONE,,control_no_seeded_acquisition_in_stockanalysis_pull,https://www.sec.gov/files/company_tickers_exchange.json,sec_company_tickers_exchange,,
USB,0000036104,US BANCORP \DE\,NYSE,NONE,,control_no_seeded_acquisition_in_stockanalysis_pull,https://www.sec.gov/files/company_tickers_exchange.json,sec_company_tickers_exchange,,
ADAM,0001273685,"ADAMAS TRUST, INC.",Nasdaq,NONE,,control_no_seeded_acquisition_in_stockanalysis_pull,https://www.sec.gov/files/company_tickers_exchange.json,sec_company_tickers_exchange,,
GFUZW,0002074850,General Fusion Group Ltd.,Nasdaq,NONE,,control_no_seeded_acquisition_in_stockanalysis_pull,https://www.sec.gov/files/company_tickers_exchange.json,sec_company_tickers_exchange,,
COCHW,0001840877,"Envoy Medical, Inc.",Nasdaq,NONE,,control_no_seeded_acquisition_in_stockanalysis_pull,https://www.sec.gov/files/company_tickers_exchange.json,sec_company_tickers_exchange,,
TGLS,0001534675,Tecnoglass Holdings Inc.,NYSE,NONE,,control_no_seeded_acquisition_in_stockanalysis_pull,https://www.sec.gov/files/company_tickers_exchange.json,sec_company_tickers_exchange,,
EVRG,0001711269,"Evergy, Inc.",Nasdaq,NONE,,control_no_seeded_acquisition_in_stockanalysis_pull,https://www.sec.gov/files/company_tickers_exchange.json,sec_company_tickers_exchange,,
BGY,0001393299,BlackRock Enhanced International Dividend Trust,NYSE,NONE,,control_no_seeded_acquisition_in_stockanalysis_pull,https://www.sec.gov/files/company_tickers_exchange.json,sec_company_tickers_exchange,,
SCL,0000094049,STEPAN CO,NYSE,NONE,,control_no_seeded_acquisition_in_stockanalysis_pull,https://www.sec.gov/files/company_tickers_exchange.json,sec_company_tickers_exchange,,
PRFX,0001801834,PRF Technologies Ltd.,Nasdaq,NONE,,control_no_seeded_acquisition_in_stockanalysis_pull,https://www.sec.gov/files/company_tickers_exchange.json,sec_company_tickers_exchange,,
MSA,0000066570,MSA Safety Inc,NYSE,NONE,,control_no_seeded_acquisition_in_stockanalysis_pull,https://www.sec.gov/files/company_tickers_exchange.json,sec_company_tickers_exchange,,
YDKG,0001413745,Yueda Digital Holding,Nasdaq,NONE,,control_no_seeded_acquisition_in_stockanalysis_pull,https://www.sec.gov/files/company_tickers_exchange.json,sec_company_tickers_exchange,,
NOVT,0001076930,NOVANTA INC,Nasdaq,NONE,,control_no_seeded_acquisition_in_stockanalysis_pull,https://www.sec.gov/files/company_tickers_exchange.json,sec_company_tickers_exchange,,
MS-PP,0000895421,MORGAN STANLEY,NYSE,NONE,,control_no_seeded_acquisition_in_stockanalysis_pull,https://www.sec.gov/files/company_tickers_exchange.json,sec_company_tickers_exchange,,
ASB-PF,0000007789,ASSOCIATED BANC-CORP,NYSE,NONE,,control_no_seeded_acquisition_in_stockanalysis_pull,https://www.sec.gov/files/company_tickers_exchange.json,sec_company_tickers_exchange,,
SILO,0001514183,"Silo Pharma, Inc.",Nasdaq,NONE,,control_no_seeded_acquisition_in_stockanalysis_pull,https://www.sec.gov/files/company_tickers_exchange.json,sec_company_tickers_exchange,,
MSN,0000032621,EMERSON RADIO CORP,NYSE,NONE,,control_no_seeded_acquisition_in_stockanalysis_pull,https://www.sec.gov/files/company_tickers_exchange.json,sec_company_tickers_exchange,,
CAIIW,0002115404,Collective Acquisition Corp. II,Nasdaq,NONE,,control_no_seeded_acquisition_in_stockanalysis_pull,https://www.sec.gov/files/company_tickers_exchange.json,sec_company_tickers_exchange,,
AES,0000874761,AES CORP,NYSE,NONE,,control_no_seeded_acquisition_in_stockanalysis_pull,https://www.sec.gov/files/company_tickers_exchange.json,sec_company_tickers_exchange,,
EEIQ,0001781397,EpicQuest Education Group International Ltd,Nasdaq,NONE,,control_no_seeded_acquisition_in_stockanalysis_pull,https://www.sec.gov/files/company_tickers_exchange.json,sec_company_tickers_exchange,,
EPSN,0001726126,Epsilon Energy Ltd.,Nasdaq,NONE,,control_no_seeded_acquisition_in_stockanalysis_pull,https://www.sec.gov/files/company_tickers_exchange.json,sec_company_tickers_exchange,,
HWKN,0000046250,HAWKINS INC,Nasdaq,NONE,,control_no_seeded_acquisition_in_stockanalysis_pull,https://www.sec.gov/files/company_tickers_exchange.json,sec_company_tickers_exchange,,
TK,0000911971,TEEKAY CORP LTD,NYSE,NONE,,control_no_seeded_acquisition_in_stockanalysis_pull,https://www.sec.gov/files/company_tickers_exchange.json,sec_company_tickers_exchange,,
YCY-WT,0002075336,AA Mission Acquisition Corp. II,NYSE,NONE,,control_no_seeded_acquisition_in_stockanalysis_pull,https://www.sec.gov/files/company_tickers_exchange.json,sec_company_tickers_exchange,,
KMPR,0000860748,KEMPER Corp,NYSE,NONE,,control_no_seeded_acquisition_in_stockanalysis_pull,https://www.sec.gov/files/company_tickers_exchange.json,sec_company_tickers_exchange,,
GYRE,0001124105,"GYRE THERAPEUTICS, INC.",Nasdaq,NONE,,control_no_seeded_acquisition_in_stockanalysis_pull,https://www.sec.gov/files/company_tickers_exchange.json,sec_company_tickers_exchange,,
JEM,0002018222,707 Cayman Holdings Ltd.,Nasdaq,NONE,,control_no_seeded_acquisition_in_stockanalysis_pull,https://www.sec.gov/files/company_tickers_exchange.json,sec_company_tickers_exchange,,
TSHA,0001806310,"Taysha Gene Therapies, Inc.",Nasdaq,NONE,,control_no_seeded_acquisition_in_stockanalysis_pull,https://www.sec.gov/files/company_tickers_exchange.json,sec_company_tickers_exchange,,
AMH,0001562401,American Homes 4 Rent,NYSE,NONE,,control_no_seeded_acquisition_in_stockanalysis_pull,https://www.sec.gov/files/company_tickers_exchange.json,sec_company_tickers_exchange,,
LILAK,0001712184,Liberty Latin America Ltd.,Nasdaq,NONE,,control_no_seeded_acquisition_in_stockanalysis_pull,https://www.sec.gov/files/company_tickers_exchange.json,sec_company_tickers_exchange,,
INACR,0002063816,Indigo Acquisition Corp.,Nasdaq,NONE,,control_no_seeded_acquisition_in_stockanalysis_pull,https://www.sec.gov/files/company_tickers_exchange.json,sec_company_tickers_exchange,,
POAS,0002024258,PHAOS TECHNOLOGY HOLDINGS (CAYMAN) Ltd,NYSE,NONE,,control_no_seeded_acquisition_in_stockanalysis_pull,https://www.sec.gov/files/company_tickers_exchange.json,sec_company_tickers_exchange,,
LITS,0001262104,"Lite Strategy, Inc.",Nasdaq,NONE,,control_no_seeded_acquisition_in_stockanalysis_pull,https://www.sec.gov/files/company_tickers_exchange.json,sec_company_tickers_exchange,,
SIRI,0000908937,SIRIUS XM HOLDINGS INC.,Nasdaq,NONE,,control_no_seeded_acquisition_in_stockanalysis_pull,https://www.sec.gov/files/company_tickers_exchange.json,sec_company_tickers_exchange,,
GROY,0001834026,Gold Royalty Corp.,NYSE,NONE,,control_no_seeded_acquisition_in_stockanalysis_pull,https://www.sec.gov/files/company_tickers_exchange.json,sec_company_tickers_exchange,,
XHLD,0002030954,"TEN Holdings, Inc.",Nasdaq,NONE,,control_no_seeded_acquisition_in_stockanalysis_pull,https://www.sec.gov/files/company_tickers_exchange.json,sec_company_tickers_exchange,,
WTFCN,0001015328,WINTRUST FINANCIAL CORP,Nasdaq,NONE,,control_no_seeded_acquisition_in_stockanalysis_pull,https://www.sec.gov/files/company_tickers_exchange.json,sec_company_tickers_exchange,,
INKT,0001840229,"MiNK Therapeutics, Inc.",Nasdaq,NONE,,control_no_seeded_acquisition_in_stockanalysis_pull,https://www.sec.gov/files/company_tickers_exchange.json,sec_company_tickers_exchange,,
HAFN,0001815779,Hafnia Ltd,NYSE,NONE,,control_no_seeded_acquisition_in_stockanalysis_pull,https://www.sec.gov/files/company_tickers_exchange.json,sec_company_tickers_exchange,,
F-PC,0000037996,FORD MOTOR CO,NYSE,NONE,,control_no_seeded_acquisition_in_stockanalysis_pull,https://www.sec.gov/files/company_tickers_exchange.json,sec_company_tickers_exchange,,
ZKH,0001862044,ZKH Group Ltd,NYSE,NONE,,control_no_seeded_acquisition_in_stockanalysis_pull,https://www.sec.gov/files/company_tickers_exchange.json,sec_company_tickers_exchange,,
PFN,0001296250,PIMCO Income Strategy Fund II,NYSE,NONE,,control_no_seeded_acquisition_in_stockanalysis_pull,https://www.sec.gov/files/company_tickers_exchange.json,sec_company_tickers_exchange,,
RARE,0001515673,Ultragenyx Pharmaceutical Inc.,Nasdaq,NONE,,control_no_seeded_acquisition_in_stockanalysis_pull,https://www.sec.gov/files/company_tickers_exchange.json,sec_company_tickers_exchange,,
BGSF,0001474903,"BGSF, INC.",NYSE,NONE,,control_no_seeded_acquisition_in_stockanalysis_pull,https://www.sec.gov/files/company_tickers_exchange.json,sec_company_tickers_exchange,,
CINGW,0001862150,Cingulate Inc.,Nasdaq,NONE,,control_no_seeded_acquisition_in_stockanalysis_pull,https://www.sec.gov/files/company_tickers_exchange.json,sec_company_tickers_exchange,,
OWLT,0001816708,"Owlet, Inc.",NYSE,NONE,,control_no_seeded_acquisition_in_stockanalysis_pull,https://www.sec.gov/files/company_tickers_exchange.json,sec_company_tickers_exchange,,
APP,0001751008,AppLovin Corp,Nasdaq,NONE,,control_no_seeded_acquisition_in_stockanalysis_pull,https://www.sec.gov/files/company_tickers_exchange.json,sec_company_tickers_exchange,,
ETB,0001308927,Eaton Vance Tax-Managed Buy-Write Income Fund,NYSE,NONE,,control_no_seeded_acquisition_in_stockanalysis_pull,https://www.sec.gov/files/company_tickers_exchange.json,sec_company_tickers_exchange,,
INDP,0001857044,"Indaptus Therapeutics, Inc.",Nasdaq,NONE,,control_no_seeded_acquisition_in_stockanalysis_pull,https://www.sec.gov/files/company_tickers_exchange.json,sec_company_tickers_exchange,,
SSTI,0001351636,"SOUNDTHINKING, INC.",Nasdaq,NONE,,control_no_seeded_acquisition_in_stockanalysis_pull,https://www.sec.gov/files/company_tickers_exchange.json,sec_company_tickers_exchange,,
GJS,0001356284,"STRATS(SM) Trust for Goldman Sachs Group Securities, Series 2006-2",NYSE,NONE,,control_no_seeded_acquisition_in_stockanalysis_pull,https://www.sec.gov/files/company_tickers_exchange.json,sec_company_tickers_exchange,,
BELFA,0000729580,BEL FUSE INC /NJ,Nasdaq,NONE,,control_no_seeded_acquisition_in_stockanalysis_pull,https://www.sec.gov/files/company_tickers_exchange.json,sec_company_tickers_exchange,,
RHLD,0002039497,"Resolute Holdings Management, Inc.",NYSE,NONE,,control_no_seeded_acquisition_in_stockanalysis_pull,https://www.sec.gov/files/company_tickers_exchange.json,sec_company_tickers_exchange,,
OHACR,0002090787,Oceanhawk Acquisition Corp.,Nasdaq,NONE,,control_no_seeded_acquisition_in_stockanalysis_pull,https://www.sec.gov/files/company_tickers_exchange.json,sec_company_tickers_exchange,,
NVNIW,0001965143,Nvni Group Ltd,Nasdaq,NONE,,control_no_seeded_acquisition_in_stockanalysis_pull,https://www.sec.gov/files/company_tickers_exchange.json,sec_company_tickers_exchange,,
ITG,0002110117,"ITG, Inc./DE/",Nasdaq,NONE,,control_no_seeded_acquisition_in_stockanalysis_pull,https://www.sec.gov/files/company_tickers_exchange.json,sec_company_tickers_exchange,,
GRDN,0001802255,"Guardian Pharmacy Services, Inc.",NYSE,NONE,,control_no_seeded_acquisition_in_stockanalysis_pull,https://www.sec.gov/files/company_tickers_exchange.json,sec_company_tickers_exchange,,
DMC,0001047340,DEL MONTE CORP,NYSE,NONE,,control_no_seeded_acquisition_in_stockanalysis_pull,https://www.sec.gov/files/company_tickers_exchange.json,sec_company_tickers_exchange,,
FITB-PI,0000035527,FIFTH THIRD BANCORP,NYSE,NONE,,control_no_seeded_acquisition_in_stockanalysis_pull,https://www.sec.gov/files/company_tickers_exchange.json,sec_company_tickers_exchange,,
PSQLW,0002119292,Pasqal Holding SA,Nasdaq,NONE,,control_no_seeded_acquisition_in_stockanalysis_pull,https://www.sec.gov/files/company_tickers_exchange.json,sec_company_tickers_exchange,,
JPM-PK,0000019617,JPMORGAN CHASE & CO,NYSE,NONE,,control_no_seeded_acquisition_in_stockanalysis_pull,https://www.sec.gov/files/company_tickers_exchange.json,sec_company_tickers_exchange,,
HII,0001501585,"HUNTINGTON INGALLS INDUSTRIES, INC.",NYSE,NONE,,control_no_seeded_acquisition_in_stockanalysis_pull,https://www.sec.gov/files/company_tickers_exchange.json,sec_company_tickers_exchange,,
AARD,0001774857,"Aardvark Therapeutics, Inc.",Nasdaq,NONE,,control_no_seeded_acquisition_in_stockanalysis_pull,https://www.sec.gov/files/company_tickers_exchange.json,sec_company_tickers_exchange,,
FRMI,0002071778,Fermi Inc.,Nasdaq,NONE,,control_no_seeded_acquisition_in_stockanalysis_pull,https://www.sec.gov/files/company_tickers_exchange.json,sec_company_tickers_exchange,,
CECO,0000003197,CECO ENVIRONMENTAL CORP,Nasdaq,NONE,,control_no_seeded_acquisition_in_stockanalysis_pull,https://www.sec.gov/files/company_tickers_exchange.json,sec_company_tickers_exchange,,
DX-PC,0000826675,DYNEX CAPITAL INC,NYSE,NONE,,control_no_seeded_acquisition_in_stockanalysis_pull,https://www.sec.gov/files/company_tickers_exchange.json,sec_company_tickers_exchange,,
KOD,0001468748,Kodiak Sciences Inc.,Nasdaq,NONE,,control_no_seeded_acquisition_in_stockanalysis_pull,https://www.sec.gov/files/company_tickers_exchange.json,sec_company_tickers_exchange,,
FRST,0001325670,Primis Financial Corp.,Nasdaq,NONE,,control_no_seeded_acquisition_in_stockanalysis_pull,https://www.sec.gov/files/company_tickers_exchange.json,sec_company_tickers_exchange,,
NAK,0001164771,NORTHERN DYNASTY MINERALS LTD,NYSE,NONE,,control_no_seeded_acquisition_in_stockanalysis_pull,https://www.sec.gov/files/company_tickers_exchange.json,sec_company_tickers_exchange,,
SNDX,0001395937,Syndax Pharmaceuticals Inc,Nasdaq,NONE,,control_no_seeded_acquisition_in_stockanalysis_pull,https://www.sec.gov/files/company_tickers_exchange.json,sec_company_tickers_exchange,,
TOL,0000794170,"Toll Brothers, Inc.",NYSE,NONE,,control_no_seeded_acquisition_in_stockanalysis_pull,https://www.sec.gov/files/company_tickers_exchange.json,sec_company_tickers_exchange,,
EZGO,0001806904,EZGO Technologies Ltd.,Nasdaq,NONE,,control_no_seeded_acquisition_in_stockanalysis_pull,https://www.sec.gov/files/company_tickers_exchange.json,sec_company_tickers_exchange,,
SAAQU,0002091222,Space Asset Acquisition Corp.,Nasdaq,NONE,,control_no_seeded_acquisition_in_stockanalysis_pull,https://www.sec.gov/files/company_tickers_exchange.json,sec_company_tickers_exchange,,
LNN,0000836157,LINDSAY CORP,NYSE,NONE,,control_no_seeded_acquisition_in_stockanalysis_pull,https://www.sec.gov/files/company_tickers_exchange.json,sec_company_tickers_exchange,,
RMCF,0001616262,"Rocky Mountain Chocolate Factory, Inc.",Nasdaq,NONE,,control_no_seeded_acquisition_in_stockanalysis_pull,https://www.sec.gov/files/company_tickers_exchange.json,sec_company_tickers_exchange,,
LAB,0001162194,STANDARD BIOTOOLS INC.,Nasdaq,NONE,,control_no_seeded_acquisition_in_stockanalysis_pull,https://www.sec.gov/files/company_tickers_exchange.json,sec_company_tickers_exchange,,
FBYDP,0001937987,"Falcon's Beyond Global, Inc.",Nasdaq,NONE,,control_no_seeded_acquisition_in_stockanalysis_pull,https://www.sec.gov/files/company_tickers_exchange.json,sec_company_tickers_exchange,,
RF-PC,0001281761,REGIONS FINANCIAL CORP,NYSE,NONE,,control_no_seeded_acquisition_in_stockanalysis_pull,https://www.sec.gov/files/company_tickers_exchange.json,sec_company_tickers_exchange,,
WIA,0001254370,WESTERN ASSET INFLATION-LINKED INCOME FUND,NYSE,NONE,,control_no_seeded_acquisition_in_stockanalysis_pull,https://www.sec.gov/files/company_tickers_exchange.json,sec_company_tickers_exchange,,
NMS,0001607997,Nuveen Minnesota Quality Municipal Income Fund,NYSE,NONE,,control_no_seeded_acquisition_in_stockanalysis_pull,https://www.sec.gov/files/company_tickers_exchange.json,sec_company_tickers_exchange,,
PZG,0001629210,Paramount Gold Nevada Corp.,NYSE,NONE,,control_no_seeded_acquisition_in_stockanalysis_pull,https://www.sec.gov/files/company_tickers_exchange.json,sec_company_tickers_exchange,,
ASLE,0001754170,AerSale Corp,Nasdaq,NONE,,control_no_seeded_acquisition_in_stockanalysis_pull,https://www.sec.gov/files/company_tickers_exchange.json,sec_company_tickers_exchange,,
GE,0000040545,GENERAL ELECTRIC CO,NYSE,NONE,,control_no_seeded_acquisition_in_stockanalysis_pull,https://www.sec.gov/files/company_tickers_exchange.json,sec_company_tickers_exchange,,
LGVN,0001721484,Longeveron Inc.,Nasdaq,NONE,,control_no_seeded_acquisition_in_stockanalysis_pull,https://www.sec.gov/files/company_tickers_exchange.json,sec_company_tickers_exchange,,
MCK,0000927653,MCKESSON CORP,NYSE,NONE,,control_no_seeded_acquisition_in_stockanalysis_pull,https://www.sec.gov/files/company_tickers_exchange.json,sec_company_tickers_exchange,,
PHR,0001412408,"Phreesia, Inc.",NYSE,NONE,,control_no_seeded_acquisition_in_stockanalysis_pull,https://www.sec.gov/files/company_tickers_exchange.json,sec_company_tickers_exchange,,
FRPH,0000844059,"FRP HOLDINGS, INC.",Nasdaq,NONE,,control_no_seeded_acquisition_in_stockanalysis_pull,https://www.sec.gov/files/company_tickers_exchange.json,sec_company_tickers_exchange,,
ORI,0000074260,OLD REPUBLIC INTERNATIONAL CORP,NYSE,NONE,,control_no_seeded_acquisition_in_stockanalysis_pull,https://www.sec.gov/files/company_tickers_exchange.json,sec_company_tickers_exchange,,
EXP,0000918646,EAGLE MATERIALS INC,NYSE,NONE,,control_no_seeded_acquisition_in_stockanalysis_pull,https://www.sec.gov/files/company_tickers_exchange.json,sec_company_tickers_exchange,,
NTRS,0000073124,NORTHERN TRUST CORP,Nasdaq,NONE,,control_no_seeded_acquisition_in_stockanalysis_pull,https://www.sec.gov/files/company_tickers_exchange.json,sec_company_tickers_exchange,,
MNPR,0001645469,Monopar Therapeutics,Nasdaq,NONE,,control_no_seeded_acquisition_in_stockanalysis_pull,https://www.sec.gov/files/company_tickers_exchange.json,sec_company_tickers_exchange,,
IAU,0001278680,ISHARES GOLD TRUST,NYSE,NONE,,control_no_seeded_acquisition_in_stockanalysis_pull,https://www.sec.gov/files/company_tickers_exchange.json,sec_company_tickers_exchange,,
CHGA,0001630212,Change Agents Corporation.,Nasdaq,NONE,,control_no_seeded_acquisition_in_stockanalysis_pull,https://www.sec.gov/files/company_tickers_exchange.json,sec_company_tickers_exchange,,
EIM,0001176984,Eaton Vance Municipal Bond Fund,NYSE,NONE,,control_no_seeded_acquisition_in_stockanalysis_pull,https://www.sec.gov/files/company_tickers_exchange.json,sec_company_tickers_exchange,,
CLM,0000814083,"Cornerstone Strategic Investment Fund, Inc.",NYSE,NONE,,control_no_seeded_acquisition_in_stockanalysis_pull,https://www.sec.gov/files/company_tickers_exchange.json,sec_company_tickers_exchange,,
BCE,0000718940,BCE INC,NYSE,NONE,,control_no_seeded_acquisition_in_stockanalysis_pull,https://www.sec.gov/files/company_tickers_exchange.json,sec_company_tickers_exchange,,
COHR,0000820318,COHERENT CORP.,NYSE,NONE,,control_no_seeded_acquisition_in_stockanalysis_pull,https://www.sec.gov/files/company_tickers_exchange.json,sec_company_tickers_exchange,,
TPET,0001898766,Trio Petroleum Corp,NYSE,NONE,,control_no_seeded_acquisition_in_stockanalysis_pull,https://www.sec.gov/files/company_tickers_exchange.json,sec_company_tickers_exchange,,
DKS,0001089063,"DICK'S SPORTING GOODS, INC.",NYSE,NONE,,control_no_seeded_acquisition_in_stockanalysis_pull,https://www.sec.gov/files/company_tickers_exchange.json,sec_company_tickers_exchange,,
ELTX,0001601485,"Elicio Therapeutics, Inc.",Nasdaq,NONE,,control_no_seeded_acquisition_in_stockanalysis_pull,https://www.sec.gov/files/company_tickers_exchange.json,sec_company_tickers_exchange,,
CING,0001862150,Cingulate Inc.,Nasdaq,NONE,,control_no_seeded_acquisition_in_stockanalysis_pull,https://www.sec.gov/files/company_tickers_exchange.json,sec_company_tickers_exchange,,
NATR,0000275053,NATURES SUNSHINE PRODUCTS INC,Nasdaq,NONE,,control_no_seeded_acquisition_in_stockanalysis_pull,https://www.sec.gov/files/company_tickers_exchange.json,sec_company_tickers_exchange,,
INDO,0001757840,Indonesia Energy Corp Ltd,NYSE,NONE,,control_no_seeded_acquisition_in_stockanalysis_pull,https://www.sec.gov/files/company_tickers_exchange.json,sec_company_tickers_exchange,,
XE,0002088896,"X-Energy, Inc.",Nasdaq,NONE,,control_no_seeded_acquisition_in_stockanalysis_pull,https://www.sec.gov/files/company_tickers_exchange.json,sec_company_tickers_exchange,,
ARLO,0001736946,"Arlo Technologies, Inc.",NYSE,NONE,,control_no_seeded_acquisition_in_stockanalysis_pull,https://www.sec.gov/files/company_tickers_exchange.json,sec_company_tickers_exchange,,
QSEAU,0002047455,Quartzsea Acquisition Corp,Nasdaq,NONE,,control_no_seeded_acquisition_in_stockanalysis_pull,https://www.sec.gov/files/company_tickers_exchange.json,sec_company_tickers_exchange,,
AEXA,0002079173,American Exceptionalism Acquisition Corp. A,NYSE,NONE,,control_no_seeded_acquisition_in_stockanalysis_pull,https://www.sec.gov/files/company_tickers_exchange.json,sec_company_tickers_exchange,,
IHD,0001496292,Voya Emerging Markets High Dividend Equity Fund,NYSE,NONE,,control_no_seeded_acquisition_in_stockanalysis_pull,https://www.sec.gov/files/company_tickers_exchange.json,sec_company_tickers_exchange,,
OIOWW,0001957538,OIO Group,Nasdaq,NONE,,control_no_seeded_acquisition_in_stockanalysis_pull,https://www.sec.gov/files/company_tickers_exchange.json,sec_company_tickers_exchange,,
PIPR,0001230245,PIPER SANDLER COMPANIES,NYSE,NONE,,control_no_seeded_acquisition_in_stockanalysis_pull,https://www.sec.gov/files/company_tickers_exchange.json,sec_company_tickers_exchange,,
HASI,0001561894,"HA Sustainable Infrastructure Capital, Inc.",NYSE,NONE,,control_no_seeded_acquisition_in_stockanalysis_pull,https://www.sec.gov/files/company_tickers_exchange.json,sec_company_tickers_exchange,,
YMM,0001838413,Full Truck Alliance Co. Ltd.,NYSE,NONE,,control_no_seeded_acquisition_in_stockanalysis_pull,https://www.sec.gov/files/company_tickers_exchange.json,sec_company_tickers_exchange,,
IBTA,0001538379,"Ibotta, Inc.",NYSE,NONE,,control_no_seeded_acquisition_in_stockanalysis_pull,https://www.sec.gov/files/company_tickers_exchange.json,sec_company_tickers_exchange,,
CE,0001306830,Celanese Corp,NYSE,NONE,,control_no_seeded_acquisition_in_stockanalysis_pull,https://www.sec.gov/files/company_tickers_exchange.json,sec_company_tickers_exchange,,
GFS,0001709048,GLOBALFOUNDRIES Inc.,Nasdaq,NONE,,control_no_seeded_acquisition_in_stockanalysis_pull,https://www.sec.gov/files/company_tickers_exchange.json,sec_company_tickers_exchange,,
CTXR,0001506251,"Citius Pharmaceuticals, Inc.",Nasdaq,NONE,,control_no_seeded_acquisition_in_stockanalysis_pull,https://www.sec.gov/files/company_tickers_exchange.json,sec_company_tickers_exchange,,
CGAU,0001854640,Centerra Gold Inc.,NYSE,NONE,,control_no_seeded_acquisition_in_stockanalysis_pull,https://www.sec.gov/files/company_tickers_exchange.json,sec_company_tickers_exchange,,
QRVO,0001604778,"Qorvo, Inc.",Nasdaq,NONE,,control_no_seeded_acquisition_in_stockanalysis_pull,https://www.sec.gov/files/company_tickers_exchange.json,sec_company_tickers_exchange,,
VGAS,0001841425,"Verde Clean Fuels, Inc.",Nasdaq,NONE,,control_no_seeded_acquisition_in_stockanalysis_pull,https://www.sec.gov/files/company_tickers_exchange.json,sec_company_tickers_exchange,,
SANA,0001770121,"Sana Biotechnology, Inc.",Nasdaq,NONE,,control_no_seeded_acquisition_in_stockanalysis_pull,https://www.sec.gov/files/company_tickers_exchange.json,sec_company_tickers_exchange,,
SSM,0001840416,Sono Group N.V.,Nasdaq,NONE,,control_no_seeded_acquisition_in_stockanalysis_pull,https://www.sec.gov/files/company_tickers_exchange.json,sec_company_tickers_exchange,,
IDACU,0002090441,Iron Dome Acquisition I Corp.,Nasdaq,NONE,,control_no_seeded_acquisition_in_stockanalysis_pull,https://www.sec.gov/files/company_tickers_exchange.json,sec_company_tickers_exchange,,
KEYYW,0002102771,Keystone Acquisition Corp.,Nasdaq,NONE,,control_no_seeded_acquisition_in_stockanalysis_pull,https://www.sec.gov/files/company_tickers_exchange.json,sec_company_tickers_exchange,,
CHSCL,0000823277,CHS INC,Nasdaq,NONE,,control_no_seeded_acquisition_in_stockanalysis_pull,https://www.sec.gov/files/company_tickers_exchange.json,sec_company_tickers_exchange,,
LPBBU,0002023676,Launch Two Acquisition Corp.,Nasdaq,NONE,,control_no_seeded_acquisition_in_stockanalysis_pull,https://www.sec.gov/files/company_tickers_exchange.json,sec_company_tickers_exchange,,
MCHB,0001518715,Mechanics Bancorp,Nasdaq,NONE,,control_no_seeded_acquisition_in_stockanalysis_pull,https://www.sec.gov/files/company_tickers_exchange.json,sec_company_tickers_exchange,,
IZEA,0001495231,"IZEA Worldwide, Inc.",Nasdaq,NONE,,control_no_seeded_acquisition_in_stockanalysis_pull,https://www.sec.gov/files/company_tickers_exchange.json,sec_company_tickers_exchange,,
SDOT,0001701756,Sadot Group Inc.,Nasdaq,NONE,,control_no_seeded_acquisition_in_stockanalysis_pull,https://www.sec.gov/files/company_tickers_exchange.json,sec_company_tickers_exchange,,
ZLAB,0001704292,Zai Lab Ltd,Nasdaq,NONE,,control_no_seeded_acquisition_in_stockanalysis_pull,https://www.sec.gov/files/company_tickers_exchange.json,sec_company_tickers_exchange,,
FNB,0000037808,FNB CORP/PA/,NYSE,NONE,,control_no_seeded_acquisition_in_stockanalysis_pull,https://www.sec.gov/files/company_tickers_exchange.json,sec_company_tickers_exchange,,
CGCF,0002126043,Cartesian Growth Corp IV,Nasdaq,NONE,,control_no_seeded_acquisition_in_stockanalysis_pull,https://www.sec.gov/files/company_tickers_exchange.json,sec_company_tickers_exchange,,
AEO,0000919012,AMERICAN EAGLE OUTFITTERS INC,NYSE,NONE,,control_no_seeded_acquisition_in_stockanalysis_pull,https://www.sec.gov/files/company_tickers_exchange.json,sec_company_tickers_exchange,,
TAOX,0001571934,TAO Synergies Inc.,Nasdaq,NONE,,control_no_seeded_acquisition_in_stockanalysis_pull,https://www.sec.gov/files/company_tickers_exchange.json,sec_company_tickers_exchange,,
KOYNU,0002068454,"CSLM Digital Asset Acquisition Corp III, Ltd",Nasdaq,NONE,,control_no_seeded_acquisition_in_stockanalysis_pull,https://www.sec.gov/files/company_tickers_exchange.json,sec_company_tickers_exchange,,
TNGX,0001819133,"Tango Therapeutics, Inc.",Nasdaq,NONE,,control_no_seeded_acquisition_in_stockanalysis_pull,https://www.sec.gov/files/company_tickers_exchange.json,sec_company_tickers_exchange,,
DCOM-P,0000846617,"Dime Commercial Bancshares, Inc. /NY/",NYSE,NONE,,control_no_seeded_acquisition_in_stockanalysis_pull,https://www.sec.gov/files/company_tickers_exchange.json,sec_company_tickers_exchange,,
USAC,0001522727,"USA Compression Partners, LP",NYSE,NONE,,control_no_seeded_acquisition_in_stockanalysis_pull,https://www.sec.gov/files/company_tickers_exchange.json,sec_company_tickers_exchange,,
REVB,0001810560,"REVELATION BIOSCIENCES, INC.",Nasdaq,NONE,,control_no_seeded_acquisition_in_stockanalysis_pull,https://www.sec.gov/files/company_tickers_exchange.json,sec_company_tickers_exchange,,
AMPG,0001518461,"AmpliTech Group, Inc.",Nasdaq,NONE,,control_no_seeded_acquisition_in_stockanalysis_pull,https://www.sec.gov/files/company_tickers_exchange.json,sec_company_tickers_exchange,,
TAP-A,0000024545,MOLSON COORS BEVERAGE CO,NYSE,NONE,,control_no_seeded_acquisition_in_stockanalysis_pull,https://www.sec.gov/files/company_tickers_exchange.json,sec_company_tickers_exchange,,
TPGXL,0001880661,TPG Inc.,Nasdaq,NONE,,control_no_seeded_acquisition_in_stockanalysis_pull,https://www.sec.gov/files/company_tickers_exchange.json,sec_company_tickers_exchange,,
ALF,0002010930,Centurion Acquisition Corp.,Nasdaq,NONE,,control_no_seeded_acquisition_in_stockanalysis_pull,https://www.sec.gov/files/company_tickers_exchange.json,sec_company_tickers_exchange,,
SIVR,0001450922,abrdn Silver ETF Trust,NYSE,NONE,,control_no_seeded_acquisition_in_stockanalysis_pull,https://www.sec.gov/files/company_tickers_exchange.json,sec_company_tickers_exchange,,
SOS,0001346610,SOS Ltd,NYSE,NONE,,control_no_seeded_acquisition_in_stockanalysis_pull,https://www.sec.gov/files/company_tickers_exchange.json,sec_company_tickers_exchange,,
TRTN-PB,0001660734,Triton International Ltd,NYSE,NONE,,control_no_seeded_acquisition_in_stockanalysis_pull,https://www.sec.gov/files/company_tickers_exchange.json,sec_company_tickers_exchange,,
TAOP,0001552670,Taoping Inc.,Nasdaq,NONE,,control_no_seeded_acquisition_in_stockanalysis_pull,https://www.sec.gov/files/company_tickers_exchange.json,sec_company_tickers_exchange,,
BBDC,0001379785,"Barings BDC, Inc.",NYSE,NONE,,control_no_seeded_acquisition_in_stockanalysis_pull,https://www.sec.gov/files/company_tickers_exchange.json,sec_company_tickers_exchange,,
MAMO,0001952853,Massimo Group,Nasdaq,NONE,,control_no_seeded_acquisition_in_stockanalysis_pull,https://www.sec.gov/files/company_tickers_exchange.json,sec_company_tickers_exchange,,
SLE,0001621672,"Super League Enterprise, Inc.",Nasdaq,NONE,,control_no_seeded_acquisition_in_stockanalysis_pull,https://www.sec.gov/files/company_tickers_exchange.json,sec_company_tickers_exchange,,
LNKS,0001972074,Linkers Industries Ltd,Nasdaq,NONE,,control_no_seeded_acquisition_in_stockanalysis_pull,https://www.sec.gov/files/company_tickers_exchange.json,sec_company_tickers_exchange,,
GTM,0001794515,ZoomInfo Technologies Inc.,Nasdaq,NONE,,control_no_seeded_acquisition_in_stockanalysis_pull,https://www.sec.gov/files/company_tickers_exchange.json,sec_company_tickers_exchange,,
SNES,0001680378,"SenesTech, Inc.",Nasdaq,NONE,,control_no_seeded_acquisition_in_stockanalysis_pull,https://www.sec.gov/files/company_tickers_exchange.json,sec_company_tickers_exchange,,
RVMD,0001628171,"Revolution Medicines, Inc.",Nasdaq,NONE,,control_no_seeded_acquisition_in_stockanalysis_pull,https://www.sec.gov/files/company_tickers_exchange.json,sec_company_tickers_exchange,,
EGAN,0001066194,EGAIN Corp,Nasdaq,NONE,,control_no_seeded_acquisition_in_stockanalysis_pull,https://www.sec.gov/files/company_tickers_exchange.json,sec_company_tickers_exchange,,
CNI,0000016868,CANADIAN NATIONAL RAILWAY CO,NYSE,NONE,,control_no_seeded_acquisition_in_stockanalysis_pull,https://www.sec.gov/files/company_tickers_exchange.json,sec_company_tickers_exchange,,
UGI,0000884614,UGI CORP /PA/,NYSE,NONE,,control_no_seeded_acquisition_in_stockanalysis_pull,https://www.sec.gov/files/company_tickers_exchange.json,sec_company_tickers_exchange,,
MMTXW,0002077033,Miluna Acquisition Corp,Nasdaq,NONE,,control_no_seeded_acquisition_in_stockanalysis_pull,https://www.sec.gov/files/company_tickers_exchange.json,sec_company_tickers_exchange,,
SLNH,0000064463,"Soluna Holdings, Inc",Nasdaq,NONE,,control_no_seeded_acquisition_in_stockanalysis_pull,https://www.sec.gov/files/company_tickers_exchange.json,sec_company_tickers_exchange,,
FSM,0001341335,FORTUNA MINING CORP.,NYSE,NONE,,control_no_seeded_acquisition_in_stockanalysis_pull,https://www.sec.gov/files/company_tickers_exchange.json,sec_company_tickers_exchange,,
ELUT,0001708527,ELUTIA INC.,Nasdaq,NONE,,control_no_seeded_acquisition_in_stockanalysis_pull,https://www.sec.gov/files/company_tickers_exchange.json,sec_company_tickers_exchange,,
WH,0001722684,"WYNDHAM HOTELS & RESORTS, INC.",NYSE,NONE,,control_no_seeded_acquisition_in_stockanalysis_pull,https://www.sec.gov/files/company_tickers_exchange.json,sec_company_tickers_exchange,,
CRMLW,0001951089,Critical Metals Corp.,Nasdaq,NONE,,control_no_seeded_acquisition_in_stockanalysis_pull,https://www.sec.gov/files/company_tickers_exchange.json,sec_company_tickers_exchange,,
IVR-PC,0001437071,Invesco Mortgage Capital Inc.,NYSE,NONE,,control_no_seeded_acquisition_in_stockanalysis_pull,https://www.sec.gov/files/company_tickers_exchange.json,sec_company_tickers_exchange,,
TXRH,0001289460,"Texas Roadhouse, Inc.",Nasdaq,NONE,,control_no_seeded_acquisition_in_stockanalysis_pull,https://www.sec.gov/files/company_tickers_exchange.json,sec_company_tickers_exchange,,
BMA,0001347426,Macro Bank Inc.,NYSE,NONE,,control_no_seeded_acquisition_in_stockanalysis_pull,https://www.sec.gov/files/company_tickers_exchange.json,sec_company_tickers_exchange,,
HVT,0000216085,HAVERTY FURNITURE COMPANIES INC,NYSE,NONE,,control_no_seeded_acquisition_in_stockanalysis_pull,https://www.sec.gov/files/company_tickers_exchange.json,sec_company_tickers_exchange,,
JETD,0000927971,BANK OF MONTREAL /CAN/,NYSE,NONE,,control_no_seeded_acquisition_in_stockanalysis_pull,https://www.sec.gov/files/company_tickers_exchange.json,sec_company_tickers_exchange,,
MG,0001436126,"Mistras Group, Inc.",NYSE,NONE,,control_no_seeded_acquisition_in_stockanalysis_pull,https://www.sec.gov/files/company_tickers_exchange.json,sec_company_tickers_exchange,,
LAFAR,0002079106,LaFayette Acquisition Corp.,Nasdaq,NONE,,control_no_seeded_acquisition_in_stockanalysis_pull,https://www.sec.gov/files/company_tickers_exchange.json,sec_company_tickers_exchange,,
BSET,0000010329,BASSETT FURNITURE INDUSTRIES INC,Nasdaq,NONE,,control_no_seeded_acquisition_in_stockanalysis_pull,https://www.sec.gov/files/company_tickers_exchange.json,sec_company_tickers_exchange,,
OXBRW,0001584831,OXBRIDGE RE HOLDINGS Ltd,Nasdaq,NONE,,control_no_seeded_acquisition_in_stockanalysis_pull,https://www.sec.gov/files/company_tickers_exchange.json,sec_company_tickers_exchange,,
NWG,0000844150,NatWest Group plc,NYSE,NONE,,control_no_seeded_acquisition_in_stockanalysis_pull,https://www.sec.gov/files/company_tickers_exchange.json,sec_company_tickers_exchange,,
GAB-PK,0000794685,GABELLI EQUITY TRUST INC,NYSE,NONE,,control_no_seeded_acquisition_in_stockanalysis_pull,https://www.sec.gov/files/company_tickers_exchange.json,sec_company_tickers_exchange,,
FHTX,0001822462,Foghorn Therapeutics Inc.,Nasdaq,NONE,,control_no_seeded_acquisition_in_stockanalysis_pull,https://www.sec.gov/files/company_tickers_exchange.json,sec_company_tickers_exchange,,
MHNC,0001412100,"Maiden Holdings, Ltd.",NYSE,NONE,,control_no_seeded_acquisition_in_stockanalysis_pull,https://www.sec.gov/files/company_tickers_exchange.json,sec_company_tickers_exchange,,
ZWS,0001439288,Zurn Elkay Water Solutions Corp,NYSE,NONE,,control_no_seeded_acquisition_in_stockanalysis_pull,https://www.sec.gov/files/company_tickers_exchange.json,sec_company_tickers_exchange,,
GRRR,0001903145,Gorilla Technology Group Inc.,Nasdaq,NONE,,control_no_seeded_acquisition_in_stockanalysis_pull,https://www.sec.gov/files/company_tickers_exchange.json,sec_company_tickers_exchange,,
GLU-PA,0001282957,GABELLI GLOBAL UTILITY & INCOME TRUST,NYSE,NONE,,control_no_seeded_acquisition_in_stockanalysis_pull,https://www.sec.gov/files/company_tickers_exchange.json,sec_company_tickers_exchange,,
PFX,0001490349,PhenixFIN Corp,Nasdaq,NONE,,control_no_seeded_acquisition_in_stockanalysis_pull,https://www.sec.gov/files/company_tickers_exchange.json,sec_company_tickers_exchange,,
OXLCL,0001495222,Oxford Lane Capital Corp.,Nasdaq,NONE,,control_no_seeded_acquisition_in_stockanalysis_pull,https://www.sec.gov/files/company_tickers_exchange.json,sec_company_tickers_exchange,,
GOODN,0001234006,GLADSTONE COMMERCIAL CORP,Nasdaq,NONE,,control_no_seeded_acquisition_in_stockanalysis_pull,https://www.sec.gov/files/company_tickers_exchange.json,sec_company_tickers_exchange,,
NCMI,0001377630,"National CineMedia, Inc.",Nasdaq,NONE,,control_no_seeded_acquisition_in_stockanalysis_pull,https://www.sec.gov/files/company_tickers_exchange.json,sec_company_tickers_exchange,,
NFGC,0001840616,New Found Gold Corp.,NYSE,NONE,,control_no_seeded_acquisition_in_stockanalysis_pull,https://www.sec.gov/files/company_tickers_exchange.json,sec_company_tickers_exchange,,
TRNS,0000099302,TRANSCAT INC,Nasdaq,NONE,,control_no_seeded_acquisition_in_stockanalysis_pull,https://www.sec.gov/files/company_tickers_exchange.json,sec_company_tickers_exchange,,
AGO,0001273813,ASSURED GUARANTY LTD,NYSE,NONE,,control_no_seeded_acquisition_in_stockanalysis_pull,https://www.sec.gov/files/company_tickers_exchange.json,sec_company_tickers_exchange,,
TFC-PR,0000092230,TRUIST FINANCIAL CORP,NYSE,NONE,,control_no_seeded_acquisition_in_stockanalysis_pull,https://www.sec.gov/files/company_tickers_exchange.json,sec_company_tickers_exchange,,
RVII,0002131040,Robinhood Ventures Fund II,NYSE,NONE,,control_no_seeded_acquisition_in_stockanalysis_pull,https://www.sec.gov/files/company_tickers_exchange.json,sec_company_tickers_exchange,,
BTQ,0001821866,BTQ Technologies Corp.,Nasdaq,NONE,,control_no_seeded_acquisition_in_stockanalysis_pull,https://www.sec.gov/files/company_tickers_exchange.json,sec_company_tickers_exchange,,
TCI,0000733590,TRANSCONTINENTAL REALTY INVESTORS INC,NYSE,NONE,,control_no_seeded_acquisition_in_stockanalysis_pull,https://www.sec.gov/files/company_tickers_exchange.json,sec_company_tickers_exchange,,
LYFT,0001759509,"Lyft, Inc.",Nasdaq,NONE,,control_no_seeded_acquisition_in_stockanalysis_pull,https://www.sec.gov/files/company_tickers_exchange.json,sec_company_tickers_exchange,,
TXG,0001770787,"10x Genomics, Inc.",Nasdaq,NONE,,control_no_seeded_acquisition_in_stockanalysis_pull,https://www.sec.gov/files/company_tickers_exchange.json,sec_company_tickers_exchange,,
SOMN,0000092122,SOUTHERN CO,NYSE,NONE,,control_no_seeded_acquisition_in_stockanalysis_pull,https://www.sec.gov/files/company_tickers_exchange.json,sec_company_tickers_exchange,,
GMTL,0002039972,Guardian Metal Resources PLC,NYSE,NONE,,control_no_seeded_acquisition_in_stockanalysis_pull,https://www.sec.gov/files/company_tickers_exchange.json,sec_company_tickers_exchange,,
MELI,0001099590,MERCADOLIBRE INC,Nasdaq,NONE,,control_no_seeded_acquisition_in_stockanalysis_pull,https://www.sec.gov/files/company_tickers_exchange.json,sec_company_tickers_exchange,,
SOBO,0002019061,South Bow Corp,NYSE,NONE,,control_no_seeded_acquisition_in_stockanalysis_pull,https://www.sec.gov/files/company_tickers_exchange.json,sec_company_tickers_exchange,,
STRA,0001013934,"Strategic Education, Inc.",Nasdaq,NONE,,control_no_seeded_acquisition_in_stockanalysis_pull,https://www.sec.gov/files/company_tickers_exchange.json,sec_company_tickers_exchange,,
ZIM,0001654126,ZIM Integrated Shipping Services Ltd.,NYSE,NONE,,control_no_seeded_acquisition_in_stockanalysis_pull,https://www.sec.gov/files/company_tickers_exchange.json,sec_company_tickers_exchange,,
BFLY,0001804176,"Butterfly Network, Inc.",NYSE,NONE,,control_no_seeded_acquisition_in_stockanalysis_pull,https://www.sec.gov/files/company_tickers_exchange.json,sec_company_tickers_exchange,,
RYAM,0001597672,RAYONIER ADVANCED MATERIALS INC.,NYSE,NONE,,control_no_seeded_acquisition_in_stockanalysis_pull,https://www.sec.gov/files/company_tickers_exchange.json,sec_company_tickers_exchange,,
UMC,0001033767,UNITED MICROELECTRONICS CORP,NYSE,NONE,,control_no_seeded_acquisition_in_stockanalysis_pull,https://www.sec.gov/files/company_tickers_exchange.json,sec_company_tickers_exchange,,
EQX,0001756607,Equinox Gold Corp.,NYSE,NONE,,control_no_seeded_acquisition_in_stockanalysis_pull,https://www.sec.gov/files/company_tickers_exchange.json,sec_company_tickers_exchange,,
MER-PK,0000070858,BANK OF AMERICA CORP /DE/,NYSE,NONE,,control_no_seeded_acquisition_in_stockanalysis_pull,https://www.sec.gov/files/company_tickers_exchange.json,sec_company_tickers_exchange,,
MCRP,0001993431,Micropolis AI Robotics,NYSE,NONE,,control_no_seeded_acquisition_in_stockanalysis_pull,https://www.sec.gov/files/company_tickers_exchange.json,sec_company_tickers_exchange,,
DOCN,0001582961,"DigitalOcean Holdings, Inc.",NYSE,NONE,,control_no_seeded_acquisition_in_stockanalysis_pull,https://www.sec.gov/files/company_tickers_exchange.json,sec_company_tickers_exchange,,
MAS,0000062996,MASCO CORP /DE/,NYSE,NONE,,control_no_seeded_acquisition_in_stockanalysis_pull,https://www.sec.gov/files/company_tickers_exchange.json,sec_company_tickers_exchange,,
COPL-WT,0002045473,Copley Acquisition Corp,NYSE,NONE,,control_no_seeded_acquisition_in_stockanalysis_pull,https://www.sec.gov/files/company_tickers_exchange.json,sec_company_tickers_exchange,,
LOTWW,0001962746,Lotus Technology Inc.,Nasdaq,NONE,,control_no_seeded_acquisition_in_stockanalysis_pull,https://www.sec.gov/files/company_tickers_exchange.json,sec_company_tickers_exchange,,
TC,0001743340,Token Cat Ltd,Nasdaq,NONE,,control_no_seeded_acquisition_in_stockanalysis_pull,https://www.sec.gov/files/company_tickers_exchange.json,sec_company_tickers_exchange,,
HESM,0001789832,Hess Midstream LP,NYSE,NONE,,control_no_seeded_acquisition_in_stockanalysis_pull,https://www.sec.gov/files/company_tickers_exchange.json,sec_company_tickers_exchange,,
FDMM,0002129659,Freedom Metals Acquisition Corp.,Nasdaq,NONE,,control_no_seeded_acquisition_in_stockanalysis_pull,https://www.sec.gov/files/company_tickers_exchange.json,sec_company_tickers_exchange,,
NX,0001423221,Quanex Building Products CORP,NYSE,NONE,,control_no_seeded_acquisition_in_stockanalysis_pull,https://www.sec.gov/files/company_tickers_exchange.json,sec_company_tickers_exchange,,
WTFC,0001015328,WINTRUST FINANCIAL CORP,Nasdaq,NONE,,control_no_seeded_acquisition_in_stockanalysis_pull,https://www.sec.gov/files/company_tickers_exchange.json,sec_company_tickers_exchange,,
ESOA,0001357971,Energy Services of America CORP,Nasdaq,NONE,,control_no_seeded_acquisition_in_stockanalysis_pull,https://www.sec.gov/files/company_tickers_exchange.json,sec_company_tickers_exchange,,
AUNA,0001799207,AUNA S.A.,NYSE,NONE,,control_no_seeded_acquisition_in_stockanalysis_pull,https://www.sec.gov/files/company_tickers_exchange.json,sec_company_tickers_exchange,,
BRBS,0000842717,"BLUE RIDGE BANKSHARES, INC.",NYSE,NONE,,control_no_seeded_acquisition_in_stockanalysis_pull,https://www.sec.gov/files/company_tickers_exchange.json,sec_company_tickers_exchange,,
IEP,0000813762,ICAHN ENTERPRISES L.P.,Nasdaq,NONE,,control_no_seeded_acquisition_in_stockanalysis_pull,https://www.sec.gov/files/company_tickers_exchange.json,sec_company_tickers_exchange,,
GNPX,0001595248,"Genprex, Inc.",Nasdaq,NONE,,control_no_seeded_acquisition_in_stockanalysis_pull,https://www.sec.gov/files/company_tickers_exchange.json,sec_company_tickers_exchange,,
KPRX,0001372514,KIORA PHARMACEUTICALS INC,Nasdaq,NONE,,control_no_seeded_acquisition_in_stockanalysis_pull,https://www.sec.gov/files/company_tickers_exchange.json,sec_company_tickers_exchange,,
IEX,0000832101,IDEX CORP /DE/,NYSE,NONE,,control_no_seeded_acquisition_in_stockanalysis_pull,https://www.sec.gov/files/company_tickers_exchange.json,sec_company_tickers_exchange,,
IBM,0000051143,INTERNATIONAL BUSINESS MACHINES CORP,NYSE,NONE,,control_no_seeded_acquisition_in_stockanalysis_pull,https://www.sec.gov/files/company_tickers_exchange.json,sec_company_tickers_exchange,,
CPK,0000019745,CHESAPEAKE UTILITIES CORP,NYSE,NONE,,control_no_seeded_acquisition_in_stockanalysis_pull,https://www.sec.gov/files/company_tickers_exchange.json,sec_company_tickers_exchange,,
ERH,0001279014,ALLSPRING UTILITIES & HIGH INCOME FUND,NYSE,NONE,,control_no_seeded_acquisition_in_stockanalysis_pull,https://www.sec.gov/files/company_tickers_exchange.json,sec_company_tickers_exchange,,
ESNT,0001448893,Essent Group Ltd.,NYSE,NONE,,control_no_seeded_acquisition_in_stockanalysis_pull,https://www.sec.gov/files/company_tickers_exchange.json,sec_company_tickers_exchange,,
KPTI,0001503802,Karyopharm Therapeutics Inc.,Nasdaq,NONE,,control_no_seeded_acquisition_in_stockanalysis_pull,https://www.sec.gov/files/company_tickers_exchange.json,sec_company_tickers_exchange,,
NBIS,0001513845,Nebius Group N.V.,Nasdaq,NONE,,control_no_seeded_acquisition_in_stockanalysis_pull,https://www.sec.gov/files/company_tickers_exchange.json,sec_company_tickers_exchange,,
ONEG,0002030834,OneConstruction Group Ltd,Nasdaq,NONE,,control_no_seeded_acquisition_in_stockanalysis_pull,https://www.sec.gov/files/company_tickers_exchange.json,sec_company_tickers_exchange,,
ATR,0000896622,"APTARGROUP, INC.",NYSE,NONE,,control_no_seeded_acquisition_in_stockanalysis_pull,https://www.sec.gov/files/company_tickers_exchange.json,sec_company_tickers_exchange,,
SCCO,0001001838,SOUTHERN COPPER CORP/,NYSE,NONE,,control_no_seeded_acquisition_in_stockanalysis_pull,https://www.sec.gov/files/company_tickers_exchange.json,sec_company_tickers_exchange,,
IBKR,0001381197,"Interactive Brokers Group, Inc.",Nasdaq,NONE,,control_no_seeded_acquisition_in_stockanalysis_pull,https://www.sec.gov/files/company_tickers_exchange.json,sec_company_tickers_exchange,,
LAUR,0000912766,"LAUREATE EDUCATION, INC.",Nasdaq,NONE,,control_no_seeded_acquisition_in_stockanalysis_pull,https://www.sec.gov/files/company_tickers_exchange.json,sec_company_tickers_exchange,,
DHR,0000313616,DANAHER CORP /DE/,NYSE,NONE,,control_no_seeded_acquisition_in_stockanalysis_pull,https://www.sec.gov/files/company_tickers_exchange.json,sec_company_tickers_exchange,,
ROK,0001024478,"ROCKWELL AUTOMATION, INC",NYSE,NONE,,control_no_seeded_acquisition_in_stockanalysis_pull,https://www.sec.gov/files/company_tickers_exchange.json,sec_company_tickers_exchange,,
OTAI-UN,0002094076,Starlink AI Acquisition Corp,NYSE,NONE,,control_no_seeded_acquisition_in_stockanalysis_pull,https://www.sec.gov/files/company_tickers_exchange.json,sec_company_tickers_exchange,,
GFF,0000050725,GRIFFON CORP,NYSE,NONE,,control_no_seeded_acquisition_in_stockanalysis_pull,https://www.sec.gov/files/company_tickers_exchange.json,sec_company_tickers_exchange,,
HYNE,0002073153,"Hoyne Bancorp, Inc.",Nasdaq,NONE,,control_no_seeded_acquisition_in_stockanalysis_pull,https://www.sec.gov/files/company_tickers_exchange.json,sec_company_tickers_exchange,,
PSNL,0001527753,"Personalis, Inc.",Nasdaq,NONE,,control_no_seeded_acquisition_in_stockanalysis_pull,https://www.sec.gov/files/company_tickers_exchange.json,sec_company_tickers_exchange,,
MARA,0001507605,"MARA Holdings, Inc.",Nasdaq,NONE,,control_no_seeded_acquisition_in_stockanalysis_pull,https://www.sec.gov/files/company_tickers_exchange.json,sec_company_tickers_exchange,,
ORIQW,0002044523,Origin Investment Corp I,Nasdaq,NONE,,control_no_seeded_acquisition_in_stockanalysis_pull,https://www.sec.gov/files/company_tickers_exchange.json,sec_company_tickers_exchange,,
ABSI,0001672688,Absci Corp,Nasdaq,NONE,,control_no_seeded_acquisition_in_stockanalysis_pull,https://www.sec.gov/files/company_tickers_exchange.json,sec_company_tickers_exchange,,
SCOR,0001158172,"COMSCORE, INC.",Nasdaq,NONE,,control_no_seeded_acquisition_in_stockanalysis_pull,https://www.sec.gov/files/company_tickers_exchange.json,sec_company_tickers_exchange,,
AJG,0000354190,Arthur J. Gallagher & Co.,NYSE,NONE,,control_no_seeded_acquisition_in_stockanalysis_pull,https://www.sec.gov/files/company_tickers_exchange.json,sec_company_tickers_exchange,,
NWSA,0001564708,NEWS CORP,Nasdaq,NONE,,control_no_seeded_acquisition_in_stockanalysis_pull,https://www.sec.gov/files/company_tickers_exchange.json,sec_company_tickers_exchange,,
CCIIU,0002064683,Cohen Circle Acquisition Corp. II,Nasdaq,NONE,,control_no_seeded_acquisition_in_stockanalysis_pull,https://www.sec.gov/files/company_tickers_exchange.json,sec_company_tickers_exchange,,
KKR-PD,0001404912,KKR & Co. Inc.,NYSE,NONE,,control_no_seeded_acquisition_in_stockanalysis_pull,https://www.sec.gov/files/company_tickers_exchange.json,sec_company_tickers_exchange,,
MARPS,0000062362,MARINE PETROLEUM TRUST,Nasdaq,NONE,,control_no_seeded_acquisition_in_stockanalysis_pull,https://www.sec.gov/files/company_tickers_exchange.json,sec_company_tickers_exchange,,
CSPI,0000356037,CSP INC /MA/,Nasdaq,NONE,,control_no_seeded_acquisition_in_stockanalysis_pull,https://www.sec.gov/files/company_tickers_exchange.json,sec_company_tickers_exchange,,
SIND,0002096861,Sinda Ltd.,NYSE,NONE,,control_no_seeded_acquisition_in_stockanalysis_pull,https://www.sec.gov/files/company_tickers_exchange.json,sec_company_tickers_exchange,,
FNGD,0000927971,BANK OF MONTREAL /CAN/,NYSE,NONE,,control_no_seeded_acquisition_in_stockanalysis_pull,https://www.sec.gov/files/company_tickers_exchange.json,sec_company_tickers_exchange,,
CCXIW,0002074973,Churchill Capital Corp XI,Nasdaq,NONE,,control_no_seeded_acquisition_in_stockanalysis_pull,https://www.sec.gov/files/company_tickers_exchange.json,sec_company_tickers_exchange,,
POET,0001437424,POET TECHNOLOGIES INC.,Nasdaq,NONE,,control_no_seeded_acquisition_in_stockanalysis_pull,https://www.sec.gov/files/company_tickers_exchange.json,sec_company_tickers_exchange,,
FXA,0001353614,Invesco CurrencyShares Australian Dollar Trust,NYSE,NONE,,control_no_seeded_acquisition_in_stockanalysis_pull,https://www.sec.gov/files/company_tickers_exchange.json,sec_company_tickers_exchange,,
ICMB,0001578348,"Investcorp Credit Management BDC, Inc.",Nasdaq,NONE,,control_no_seeded_acquisition_in_stockanalysis_pull,https://www.sec.gov/files/company_tickers_exchange.json,sec_company_tickers_exchange,,
GOF,0001380936,GUGGENHEIM STRATEGIC OPPORTUNITIES FUND,NYSE,NONE,,control_no_seeded_acquisition_in_stockanalysis_pull,https://www.sec.gov/files/company_tickers_exchange.json,sec_company_tickers_exchange,,
CZR,0001590895,"Caesars Entertainment, Inc.",Nasdaq,NONE,,control_no_seeded_acquisition_in_stockanalysis_pull,https://www.sec.gov/files/company_tickers_exchange.json,sec_company_tickers_exchange,,
PFXNZ,0001490349,PhenixFIN Corp,Nasdaq,NONE,,control_no_seeded_acquisition_in_stockanalysis_pull,https://www.sec.gov/files/company_tickers_exchange.json,sec_company_tickers_exchange,,
F-PD,0000037996,FORD MOTOR CO,NYSE,NONE,,control_no_seeded_acquisition_in_stockanalysis_pull,https://www.sec.gov/files/company_tickers_exchange.json,sec_company_tickers_exchange,,
RAVE,0000718332,"RAVE RESTAURANT GROUP, INC.",Nasdaq,NONE,,control_no_seeded_acquisition_in_stockanalysis_pull,https://www.sec.gov/files/company_tickers_exchange.json,sec_company_tickers_exchange,,
AMBA,0001280263,AMBARELLA INC,Nasdaq,NONE,,control_no_seeded_acquisition_in_stockanalysis_pull,https://www.sec.gov/files/company_tickers_exchange.json,sec_company_tickers_exchange,,
CLDT-PA,0001476045,Chatham Lodging Trust,NYSE,NONE,,control_no_seeded_acquisition_in_stockanalysis_pull,https://www.sec.gov/files/company_tickers_exchange.json,sec_company_tickers_exchange,,
OPK,0000944809,"OPKO HEALTH, INC.",Nasdaq,NONE,,control_no_seeded_acquisition_in_stockanalysis_pull,https://www.sec.gov/files/company_tickers_exchange.json,sec_company_tickers_exchange,,
CDRO,0001866782,"Codere Online Luxembourg, S.A.",Nasdaq,NONE,,control_no_seeded_acquisition_in_stockanalysis_pull,https://www.sec.gov/files/company_tickers_exchange.json,sec_company_tickers_exchange,,
NPFD,0001865389,Nuveen Variable Rate Preferred & Income Fund,NYSE,NONE,,control_no_seeded_acquisition_in_stockanalysis_pull,https://www.sec.gov/files/company_tickers_exchange.json,sec_company_tickers_exchange,,
HBIO,0001123494,HARVARD BIOSCIENCE INC,Nasdaq,NONE,,control_no_seeded_acquisition_in_stockanalysis_pull,https://www.sec.gov/files/company_tickers_exchange.json,sec_company_tickers_exchange,,
WLCOU,0002101470,Wilco 63 Corp,Nasdaq,NONE,,control_no_seeded_acquisition_in_stockanalysis_pull,https://www.sec.gov/files/company_tickers_exchange.json,sec_company_tickers_exchange,,
XOS,0001819493,"Xos, Inc.",Nasdaq,NONE,,control_no_seeded_acquisition_in_stockanalysis_pull,https://www.sec.gov/files/company_tickers_exchange.json,sec_company_tickers_exchange,,
F-PB,0000037996,FORD MOTOR CO,NYSE,NONE,,control_no_seeded_acquisition_in_stockanalysis_pull,https://www.sec.gov/files/company_tickers_exchange.json,sec_company_tickers_exchange,,
PAG,0001019849,"PENSKE AUTOMOTIVE GROUP, INC.",NYSE,NONE,,control_no_seeded_acquisition_in_stockanalysis_pull,https://www.sec.gov/files/company_tickers_exchange.json,sec_company_tickers_exchange,,
EQBK,0001227500,EQUITY BANCSHARES INC,NYSE,NONE,,control_no_seeded_acquisition_in_stockanalysis_pull,https://www.sec.gov/files/company_tickers_exchange.json,sec_company_tickers_exchange,,
KSCP,0001600983,"Knightscope, Inc.",Nasdaq,NONE,,control_no_seeded_acquisition_in_stockanalysis_pull,https://www.sec.gov/files/company_tickers_exchange.json,sec_company_tickers_exchange,,
OYSEU,0002042182,Oyster Enterprises II Acquisition Corp,Nasdaq,NONE,,control_no_seeded_acquisition_in_stockanalysis_pull,https://www.sec.gov/files/company_tickers_exchange.json,sec_company_tickers_exchange,,
CPS,0001320461,Cooper-Standard Holdings Inc.,NYSE,NONE,,control_no_seeded_acquisition_in_stockanalysis_pull,https://www.sec.gov/files/company_tickers_exchange.json,sec_company_tickers_exchange,,
GPGI,0001823144,"GPGI, Inc.",NYSE,NONE,,control_no_seeded_acquisition_in_stockanalysis_pull,https://www.sec.gov/files/company_tickers_exchange.json,sec_company_tickers_exchange,,
ARQQ,0001859690,Arqit Quantum Inc.,Nasdaq,NONE,,control_no_seeded_acquisition_in_stockanalysis_pull,https://www.sec.gov/files/company_tickers_exchange.json,sec_company_tickers_exchange,,
HFRO-PB,0001710680,HIGHLAND OPPORTUNITIES & INCOME FUND,NYSE,NONE,,control_no_seeded_acquisition_in_stockanalysis_pull,https://www.sec.gov/files/company_tickers_exchange.json,sec_company_tickers_exchange,,
BLNE,0001534708,"Beeline Holdings, Inc.",Nasdaq,NONE,,control_no_seeded_acquisition_in_stockanalysis_pull,https://www.sec.gov/files/company_tickers_exchange.json,sec_company_tickers_exchange,,
XLABW,0002109869,Exascale Labs Holdings Inc.,Nasdaq,NONE,,control_no_seeded_acquisition_in_stockanalysis_pull,https://www.sec.gov/files/company_tickers_exchange.json,sec_company_tickers_exchange,,
KFFB,0001297341,Kentucky First Federal Bancorp,Nasdaq,NONE,,control_no_seeded_acquisition_in_stockanalysis_pull,https://www.sec.gov/files/company_tickers_exchange.json,sec_company_tickers_exchange,,
GFUZ,0002074850,General Fusion Group Ltd.,Nasdaq,NONE,,control_no_seeded_acquisition_in_stockanalysis_pull,https://www.sec.gov/files/company_tickers_exchange.json,sec_company_tickers_exchange,,
PBT,0000319654,PERMIAN BASIN ROYALTY TRUST,NYSE,NONE,,control_no_seeded_acquisition_in_stockanalysis_pull,https://www.sec.gov/files/company_tickers_exchange.json,sec_company_tickers_exchange,,
SAFT,0001172052,SAFETY INSURANCE GROUP INC,Nasdaq,NONE,,control_no_seeded_acquisition_in_stockanalysis_pull,https://www.sec.gov/files/company_tickers_exchange.json,sec_company_tickers_exchange,,
LXP-PC,0000910108,LXP Industrial Trust,NYSE,NONE,,control_no_seeded_acquisition_in_stockanalysis_pull,https://www.sec.gov/files/company_tickers_exchange.json,sec_company_tickers_exchange,,
GLED-RI,0002091484,GalaxyEdge Acquisition Corp,NYSE,NONE,,control_no_seeded_acquisition_in_stockanalysis_pull,https://www.sec.gov/files/company_tickers_exchange.json,sec_company_tickers_exchange,,
APAM,0001517302,Artisan Partners Asset Management Inc.,NYSE,NONE,,control_no_seeded_acquisition_in_stockanalysis_pull,https://www.sec.gov/files/company_tickers_exchange.json,sec_company_tickers_exchange,,
CIGL,0002001794,Concorde International Group Ltd.,Nasdaq,NONE,,control_no_seeded_acquisition_in_stockanalysis_pull,https://www.sec.gov/files/company_tickers_exchange.json,sec_company_tickers_exchange,,
BRIA,0002000230,BrilliA Inc,NYSE,NONE,,control_no_seeded_acquisition_in_stockanalysis_pull,https://www.sec.gov/files/company_tickers_exchange.json,sec_company_tickers_exchange,,
HNI,0000048287,HNI CORP,NYSE,NONE,,control_no_seeded_acquisition_in_stockanalysis_pull,https://www.sec.gov/files/company_tickers_exchange.json,sec_company_tickers_exchange,,
VIVO,0001681348,VivoPower PLC,Nasdaq,NONE,,control_no_seeded_acquisition_in_stockanalysis_pull,https://www.sec.gov/files/company_tickers_exchange.json,sec_company_tickers_exchange,,
COGT,0001622229,"Cogent Biosciences, Inc.",Nasdaq,NONE,,control_no_seeded_acquisition_in_stockanalysis_pull,https://www.sec.gov/files/company_tickers_exchange.json,sec_company_tickers_exchange,,
CORZZ,0001839341,"Core Scientific, Inc./tx",Nasdaq,NONE,,control_no_seeded_acquisition_in_stockanalysis_pull,https://www.sec.gov/files/company_tickers_exchange.json,sec_company_tickers_exchange,,
KMX,0001170010,CARMAX INC,NYSE,NONE,,control_no_seeded_acquisition_in_stockanalysis_pull,https://www.sec.gov/files/company_tickers_exchange.json,sec_company_tickers_exchange,,
OCSL,0001414932,Oaktree Specialty Lending Corp,Nasdaq,NONE,,control_no_seeded_acquisition_in_stockanalysis_pull,https://www.sec.gov/files/company_tickers_exchange.json,sec_company_tickers_exchange,,
NGS,0001084991,NATURAL GAS SERVICES GROUP INC,NYSE,NONE,,control_no_seeded_acquisition_in_stockanalysis_pull,https://www.sec.gov/files/company_tickers_exchange.json,sec_company_tickers_exchange,,
RFAMR,0002091712,RF Acquisition Corp III,Nasdaq,NONE,,control_no_seeded_acquisition_in_stockanalysis_pull,https://www.sec.gov/files/company_tickers_exchange.json,sec_company_tickers_exchange,,
GJT,0001357660,"STRATS(SM) Trust for Allstate Corp Securities, Series 2006-3",NYSE,NONE,,control_no_seeded_acquisition_in_stockanalysis_pull,https://www.sec.gov/files/company_tickers_exchange.json,sec_company_tickers_exchange,,
CXT,0000025445,"Crane NXT, Co.",NYSE,NONE,,control_no_seeded_acquisition_in_stockanalysis_pull,https://www.sec.gov/files/company_tickers_exchange.json,sec_company_tickers_exchange,,
EFT,0001288992,Eaton Vance Floating-Rate Income Trust,NYSE,NONE,,control_no_seeded_acquisition_in_stockanalysis_pull,https://www.sec.gov/files/company_tickers_exchange.json,sec_company_tickers_exchange,,
ACRS,0001557746,"Aclaris Therapeutics, Inc.",Nasdaq,NONE,,control_no_seeded_acquisition_in_stockanalysis_pull,https://www.sec.gov/files/company_tickers_exchange.json,sec_company_tickers_exchange,,
CNP,0001130310,CENTERPOINT ENERGY INC,NYSE,NONE,,control_no_seeded_acquisition_in_stockanalysis_pull,https://www.sec.gov/files/company_tickers_exchange.json,sec_company_tickers_exchange,,
RLAY,0001812364,"Relay Therapeutics, Inc.",Nasdaq,NONE,,control_no_seeded_acquisition_in_stockanalysis_pull,https://www.sec.gov/files/company_tickers_exchange.json,sec_company_tickers_exchange,,
FLUX,0001083743,"Flux Power Holdings, Inc.",Nasdaq,NONE,,control_no_seeded_acquisition_in_stockanalysis_pull,https://www.sec.gov/files/company_tickers_exchange.json,sec_company_tickers_exchange,,
PBYI,0001401667,"PUMA BIOTECHNOLOGY, INC.",Nasdaq,NONE,,control_no_seeded_acquisition_in_stockanalysis_pull,https://www.sec.gov/files/company_tickers_exchange.json,sec_company_tickers_exchange,,
PECE,0002088626,Peace Acquisition Corp.,Nasdaq,NONE,,control_no_seeded_acquisition_in_stockanalysis_pull,https://www.sec.gov/files/company_tickers_exchange.json,sec_company_tickers_exchange,,
OTGA,0002077010,OTG Acquisition Corp. I,Nasdaq,NONE,,control_no_seeded_acquisition_in_stockanalysis_pull,https://www.sec.gov/files/company_tickers_exchange.json,sec_company_tickers_exchange,,
HVII,0001846416,Hennessy Capital Investment Corp. VII,Nasdaq,NONE,,control_no_seeded_acquisition_in_stockanalysis_pull,https://www.sec.gov/files/company_tickers_exchange.json,sec_company_tickers_exchange,,
CCAQU,0002041047,COLLECTIVE ACQUISITION CORP.,Nasdaq,NONE,,control_no_seeded_acquisition_in_stockanalysis_pull,https://www.sec.gov/files/company_tickers_exchange.json,sec_company_tickers_exchange,,
LIFE,0001788451,Ethos Technologies Inc.,Nasdaq,NONE,,control_no_seeded_acquisition_in_stockanalysis_pull,https://www.sec.gov/files/company_tickers_exchange.json,sec_company_tickers_exchange,,
SJM,0000091419,J M SMUCKER Co,NYSE,NONE,,control_no_seeded_acquisition_in_stockanalysis_pull,https://www.sec.gov/files/company_tickers_exchange.json,sec_company_tickers_exchange,,
UVSP,0000102212,UNIVEST FINANCIAL Corp,Nasdaq,NONE,,control_no_seeded_acquisition_in_stockanalysis_pull,https://www.sec.gov/files/company_tickers_exchange.json,sec_company_tickers_exchange,,
CRBG,0001889539,"Corebridge Financial, Inc.",NYSE,NONE,,control_no_seeded_acquisition_in_stockanalysis_pull,https://www.sec.gov/files/company_tickers_exchange.json,sec_company_tickers_exchange,,
WERN,0000793074,WERNER ENTERPRISES INC,Nasdaq,NONE,,control_no_seeded_acquisition_in_stockanalysis_pull,https://www.sec.gov/files/company_tickers_exchange.json,sec_company_tickers_exchange,,
ENVA,0001529864,"Enova International, Inc.",NYSE,NONE,,control_no_seeded_acquisition_in_stockanalysis_pull,https://www.sec.gov/files/company_tickers_exchange.json,sec_company_tickers_exchange,,
SCOP,0002108383,Sprott Physical Copper Trust,NYSE,NONE,,control_no_seeded_acquisition_in_stockanalysis_pull,https://www.sec.gov/files/company_tickers_exchange.json,sec_company_tickers_exchange,,
NXG,0001506488,NXG NextGen Infrastructure Income Fund,NYSE,NONE,,control_no_seeded_acquisition_in_stockanalysis_pull,https://www.sec.gov/files/company_tickers_exchange.json,sec_company_tickers_exchange,,
BWB,0001341317,Bridgewater Bancshares Inc,Nasdaq,NONE,,control_no_seeded_acquisition_in_stockanalysis_pull,https://www.sec.gov/files/company_tickers_exchange.json,sec_company_tickers_exchange,,
LXEH,0001814067,Lixiang Education Holding Co. Ltd.,Nasdaq,NONE,,control_no_seeded_acquisition_in_stockanalysis_pull,https://www.sec.gov/files/company_tickers_exchange.json,sec_company_tickers_exchange,,
WM,0000823768,WASTE MANAGEMENT INC,NYSE,NONE,,control_no_seeded_acquisition_in_stockanalysis_pull,https://www.sec.gov/files/company_tickers_exchange.json,sec_company_tickers_exchange,,
OCLTU,0002137679,OceanLight Acquisition Corp,Nasdaq,NONE,,control_no_seeded_acquisition_in_stockanalysis_pull,https://www.sec.gov/files/company_tickers_exchange.json,sec_company_tickers_exchange,,
MKZR,0001550913,"MacKenzie Realty Capital, Inc.",Nasdaq,NONE,,control_no_seeded_acquisition_in_stockanalysis_pull,https://www.sec.gov/files/company_tickers_exchange.json,sec_company_tickers_exchange,,
HRTG,0001598665,"Heritage Insurance Holdings, Inc.",NYSE,NONE,,control_no_seeded_acquisition_in_stockanalysis_pull,https://www.sec.gov/files/company_tickers_exchange.json,sec_company_tickers_exchange,,
NAGE,0001386570,"Niagen Bioscience, Inc.",Nasdaq,NONE,,control_no_seeded_acquisition_in_stockanalysis_pull,https://www.sec.gov/files/company_tickers_exchange.json,sec_company_tickers_exchange,,
EFC-PD,0001411342,Ellington Financial Inc.,NYSE,NONE,,control_no_seeded_acquisition_in_stockanalysis_pull,https://www.sec.gov/files/company_tickers_exchange.json,sec_company_tickers_exchange,,
BKR,0001701605,Baker Hughes Co,Nasdaq,NONE,,control_no_seeded_acquisition_in_stockanalysis_pull,https://www.sec.gov/files/company_tickers_exchange.json,sec_company_tickers_exchange,,
PSX,0001534701,Phillips 66,NYSE,NONE,,control_no_seeded_acquisition_in_stockanalysis_pull,https://www.sec.gov/files/company_tickers_exchange.json,sec_company_tickers_exchange,,
DOUG,0001878897,Douglas Elliman Inc.,NYSE,NONE,,control_no_seeded_acquisition_in_stockanalysis_pull,https://www.sec.gov/files/company_tickers_exchange.json,sec_company_tickers_exchange,,
JRSH,0001696558,"Jerash Holdings (US), Inc.",Nasdaq,NONE,,control_no_seeded_acquisition_in_stockanalysis_pull,https://www.sec.gov/files/company_tickers_exchange.json,sec_company_tickers_exchange,,
ADUR,0001863934,ADURO CLEAN TECHNOLOGIES INC.,Nasdaq,NONE,,control_no_seeded_acquisition_in_stockanalysis_pull,https://www.sec.gov/files/company_tickers_exchange.json,sec_company_tickers_exchange,,
FRT-PC,0000034903,FEDERAL REALTY INVESTMENT TRUST,NYSE,NONE,,control_no_seeded_acquisition_in_stockanalysis_pull,https://www.sec.gov/files/company_tickers_exchange.json,sec_company_tickers_exchange,,
MSGS,0001636519,Madison Square Garden Sports Corp.,NYSE,NONE,,control_no_seeded_acquisition_in_stockanalysis_pull,https://www.sec.gov/files/company_tickers_exchange.json,sec_company_tickers_exchange,,
BIO-B,0000012208,"BIO-RAD LABORATORIES, INC.",NYSE,NONE,,control_no_seeded_acquisition_in_stockanalysis_pull,https://www.sec.gov/files/company_tickers_exchange.json,sec_company_tickers_exchange,,
GLAD,0001143513,GLADSTONE CAPITAL CORP,Nasdaq,NONE,,control_no_seeded_acquisition_in_stockanalysis_pull,https://www.sec.gov/files/company_tickers_exchange.json,sec_company_tickers_exchange,,
FBYD,0001937987,"Falcon's Beyond Global, Inc.",Nasdaq,NONE,,control_no_seeded_acquisition_in_stockanalysis_pull,https://www.sec.gov/files/company_tickers_exchange.json,sec_company_tickers_exchange,,
TDWDU,0002076616,Tailwind 2.0 Acquisition Corp.,Nasdaq,NONE,,control_no_seeded_acquisition_in_stockanalysis_pull,https://www.sec.gov/files/company_tickers_exchange.json,sec_company_tickers_exchange,,
ST,0001477294,Sensata Technologies Holding plc,NYSE,NONE,,control_no_seeded_acquisition_in_stockanalysis_pull,https://www.sec.gov/files/company_tickers_exchange.json,sec_company_tickers_exchange,,
UGA,0001396878,"United States Gasoline Fund, LP",NYSE,NONE,,control_no_seeded_acquisition_in_stockanalysis_pull,https://www.sec.gov/files/company_tickers_exchange.json,sec_company_tickers_exchange,,
RYAAY,0001038683,RYANAIR HOLDINGS PLC,Nasdaq,NONE,,control_no_seeded_acquisition_in_stockanalysis_pull,https://www.sec.gov/files/company_tickers_exchange.json,sec_company_tickers_exchange,,
EOI,0001300391,Eaton Vance Enhanced Equity Income Fund,NYSE,NONE,,control_no_seeded_acquisition_in_stockanalysis_pull,https://www.sec.gov/files/company_tickers_exchange.json,sec_company_tickers_exchange,,
MOG-B,0000067887,MOOG INC.,NYSE,NONE,,control_no_seeded_acquisition_in_stockanalysis_pull,https://www.sec.gov/files/company_tickers_exchange.json,sec_company_tickers_exchange,,
ACN,0001467373,Accenture plc,NYSE,NONE,,control_no_seeded_acquisition_in_stockanalysis_pull,https://www.sec.gov/files/company_tickers_exchange.json,sec_company_tickers_exchange,,
MKDWW,0001991332,MKDWELL Tech Inc.,Nasdaq,NONE,,control_no_seeded_acquisition_in_stockanalysis_pull,https://www.sec.gov/files/company_tickers_exchange.json,sec_company_tickers_exchange,,
STBA,0000719220,S&T BANCORP INC,Nasdaq,NONE,,control_no_seeded_acquisition_in_stockanalysis_pull,https://www.sec.gov/files/company_tickers_exchange.json,sec_company_tickers_exchange,,
DBE,0001383062,Invesco DB Energy Fund,NYSE,NONE,,control_no_seeded_acquisition_in_stockanalysis_pull,https://www.sec.gov/files/company_tickers_exchange.json,sec_company_tickers_exchange,,
SIMAU,0002014982,SIM Acquisition Corp. I,Nasdaq,NONE,,control_no_seeded_acquisition_in_stockanalysis_pull,https://www.sec.gov/files/company_tickers_exchange.json,sec_company_tickers_exchange,,
LHX,0000202058,"L3HARRIS TECHNOLOGIES, INC. /DE/",NYSE,NONE,,control_no_seeded_acquisition_in_stockanalysis_pull,https://www.sec.gov/files/company_tickers_exchange.json,sec_company_tickers_exchange,,
PPLC,0000922224,PPL Corp,NYSE,NONE,,control_no_seeded_acquisition_in_stockanalysis_pull,https://www.sec.gov/files/company_tickers_exchange.json,sec_company_tickers_exchange,,
SLMT,0001939965,Brera Holdings PLC,Nasdaq,NONE,,control_no_seeded_acquisition_in_stockanalysis_pull,https://www.sec.gov/files/company_tickers_exchange.json,sec_company_tickers_exchange,,
TACOW,0002033122,Berto Acquisition Corp.,Nasdaq,NONE,,control_no_seeded_acquisition_in_stockanalysis_pull,https://www.sec.gov/files/company_tickers_exchange.json,sec_company_tickers_exchange,,
UCFIW,0001901203,CN Healthy Food Tech Group Corp.,Nasdaq,NONE,,control_no_seeded_acquisition_in_stockanalysis_pull,https://www.sec.gov/files/company_tickers_exchange.json,sec_company_tickers_exchange,,
OMSE,0002012219,OMS Energy Technologies Inc.,Nasdaq,NONE,,control_no_seeded_acquisition_in_stockanalysis_pull,https://www.sec.gov/files/company_tickers_exchange.json,sec_company_tickers_exchange,,
RNTX,0001420565,"Rein Therapeutics, Inc.",Nasdaq,NONE,,control_no_seeded_acquisition_in_stockanalysis_pull,https://www.sec.gov/files/company_tickers_exchange.json,sec_company_tickers_exchange,,
SGRX,0001735556,SANGRIX INC.,Nasdaq,NONE,,control_no_seeded_acquisition_in_stockanalysis_pull,https://www.sec.gov/files/company_tickers_exchange.json,sec_company_tickers_exchange,,
LOAN,0001080340,"MANHATTAN BRIDGE CAPITAL, INC",Nasdaq,NONE,,control_no_seeded_acquisition_in_stockanalysis_pull,https://www.sec.gov/files/company_tickers_exchange.json,sec_company_tickers_exchange,,
NNDM,0001643303,Nano Dimension Ltd.,Nasdaq,NONE,,control_no_seeded_acquisition_in_stockanalysis_pull,https://www.sec.gov/files/company_tickers_exchange.json,sec_company_tickers_exchange,,
SLMBP,0001032033,SLM Corp,Nasdaq,NONE,,control_no_seeded_acquisition_in_stockanalysis_pull,https://www.sec.gov/files/company_tickers_exchange.json,sec_company_tickers_exchange,,
AIB,0002070542,AIB Data Centers Inc.,NYSE,NONE,,control_no_seeded_acquisition_in_stockanalysis_pull,https://www.sec.gov/files/company_tickers_exchange.json,sec_company_tickers_exchange,,
RF-PE,0001281761,REGIONS FINANCIAL CORP,NYSE,NONE,,control_no_seeded_acquisition_in_stockanalysis_pull,https://www.sec.gov/files/company_tickers_exchange.json,sec_company_tickers_exchange,,
BRW,0000826020,Saba Capital Income & Opportunities Fund,NYSE,NONE,,control_no_seeded_acquisition_in_stockanalysis_pull,https://www.sec.gov/files/company_tickers_exchange.json,sec_company_tickers_exchange,,
FTRA-WT,0002131853,FutureCorp Space Acquisition 1,NYSE,NONE,,control_no_seeded_acquisition_in_stockanalysis_pull,https://www.sec.gov/files/company_tickers_exchange.json,sec_company_tickers_exchange,,
FMC,0000037785,FMC CORP,NYSE,NONE,,control_no_seeded_acquisition_in_stockanalysis_pull,https://www.sec.gov/files/company_tickers_exchange.json,sec_company_tickers_exchange,,
BOW,0002002473,Bowhead Specialty Holdings Inc.,NYSE,NONE,,control_no_seeded_acquisition_in_stockanalysis_pull,https://www.sec.gov/files/company_tickers_exchange.json,sec_company_tickers_exchange,,
GMHS,0002000530,Gamehaus Holdings Inc.,Nasdaq,NONE,,control_no_seeded_acquisition_in_stockanalysis_pull,https://www.sec.gov/files/company_tickers_exchange.json,sec_company_tickers_exchange,,
MUX,0000314203,McEwen Inc.,NYSE,NONE,,control_no_seeded_acquisition_in_stockanalysis_pull,https://www.sec.gov/files/company_tickers_exchange.json,sec_company_tickers_exchange,,
DLTH,0001649744,DULUTH HOLDINGS INC.,Nasdaq,NONE,,control_no_seeded_acquisition_in_stockanalysis_pull,https://www.sec.gov/files/company_tickers_exchange.json,sec_company_tickers_exchange,,
MESHW,0002081468,Meshflow Acquisition Corp,Nasdaq,NONE,,control_no_seeded_acquisition_in_stockanalysis_pull,https://www.sec.gov/files/company_tickers_exchange.json,sec_company_tickers_exchange,,
FSTR,0000352825,FOSTER L B CO,Nasdaq,NONE,,control_no_seeded_acquisition_in_stockanalysis_pull,https://www.sec.gov/files/company_tickers_exchange.json,sec_company_tickers_exchange,,
FENG,0001509646,Phoenix New Media Ltd,NYSE,NONE,,control_no_seeded_acquisition_in_stockanalysis_pull,https://www.sec.gov/files/company_tickers_exchange.json,sec_company_tickers_exchange,,
PD,0001568100,"PagerDuty, Inc.",NYSE,NONE,,control_no_seeded_acquisition_in_stockanalysis_pull,https://www.sec.gov/files/company_tickers_exchange.json,sec_company_tickers_exchange,,
BALL,0000009389,BALL Corp,NYSE,NONE,,control_no_seeded_acquisition_in_stockanalysis_pull,https://www.sec.gov/files/company_tickers_exchange.json,sec_company_tickers_exchange,,
YSG,0001819580,Yatsen Holding Ltd,NYSE,NONE,,control_no_seeded_acquisition_in_stockanalysis_pull,https://www.sec.gov/files/company_tickers_exchange.json,sec_company_tickers_exchange,,
BCTX,0001610820,BriaCell Therapeutics Corp.,Nasdaq,NONE,,control_no_seeded_acquisition_in_stockanalysis_pull,https://www.sec.gov/files/company_tickers_exchange.json,sec_company_tickers_exchange,,
HQH,0000805267,abrdn Healthcare Investors,NYSE,NONE,,control_no_seeded_acquisition_in_stockanalysis_pull,https://www.sec.gov/files/company_tickers_exchange.json,sec_company_tickers_exchange,,
LUNG,0001127537,Pulmonx Corp,Nasdaq,NONE,,control_no_seeded_acquisition_in_stockanalysis_pull,https://www.sec.gov/files/company_tickers_exchange.json,sec_company_tickers_exchange,,
UAC-WT,0002098669,United Acquisition Corp. I,NYSE,NONE,,control_no_seeded_acquisition_in_stockanalysis_pull,https://www.sec.gov/files/company_tickers_exchange.json,sec_company_tickers_exchange,,
CRACW,0002070887,Crown Reserve Acquisition Corp. I,Nasdaq,NONE,,control_no_seeded_acquisition_in_stockanalysis_pull,https://www.sec.gov/files/company_tickers_exchange.json,sec_company_tickers_exchange,,
HRMY,0001802665,"Harmony Biosciences Holdings, Inc.",Nasdaq,NONE,,control_no_seeded_acquisition_in_stockanalysis_pull,https://www.sec.gov/files/company_tickers_exchange.json,sec_company_tickers_exchange,,
PCG-PX,0001004980,PG&E Corp,NYSE,NONE,,control_no_seeded_acquisition_in_stockanalysis_pull,https://www.sec.gov/files/company_tickers_exchange.json,sec_company_tickers_exchange,,
ADEA,0001803696,Adeia Inc.,Nasdaq,NONE,,control_no_seeded_acquisition_in_stockanalysis_pull,https://www.sec.gov/files/company_tickers_exchange.json,sec_company_tickers_exchange,,
UGP,0001094972,ULTRAPAR HOLDINGS INC,NYSE,NONE,,control_no_seeded_acquisition_in_stockanalysis_pull,https://www.sec.gov/files/company_tickers_exchange.json,sec_company_tickers_exchange,,
UBSI,0000729986,UNITED BANKSHARES INC/WV,Nasdaq,NONE,,control_no_seeded_acquisition_in_stockanalysis_pull,https://www.sec.gov/files/company_tickers_exchange.json,sec_company_tickers_exchange,,
HP,0000046765,"Helmerich & Payne, Inc.",NYSE,NONE,,control_no_seeded_acquisition_in_stockanalysis_pull,https://www.sec.gov/files/company_tickers_exchange.json,sec_company_tickers_exchange,,
AVBH,0001443575,"Avidbank Holdings, Inc.",Nasdaq,NONE,,control_no_seeded_acquisition_in_stockanalysis_pull,https://www.sec.gov/files/company_tickers_exchange.json,sec_company_tickers_exchange,,
GFAIW,0001804469,"Guardforce AI Co., Ltd.",Nasdaq,NONE,,control_no_seeded_acquisition_in_stockanalysis_pull,https://www.sec.gov/files/company_tickers_exchange.json,sec_company_tickers_exchange,,
AHL-PE,0001267395,ASPEN INSURANCE HOLDINGS LTD,NYSE,NONE,,control_no_seeded_acquisition_in_stockanalysis_pull,https://www.sec.gov/files/company_tickers_exchange.json,sec_company_tickers_exchange,,
ACHR,0001824502,Archer Aviation Inc.,NYSE,NONE,,control_no_seeded_acquisition_in_stockanalysis_pull,https://www.sec.gov/files/company_tickers_exchange.json,sec_company_tickers_exchange,,
CNO-PA,0001224608,"CNO Financial Group, Inc.",NYSE,NONE,,control_no_seeded_acquisition_in_stockanalysis_pull,https://www.sec.gov/files/company_tickers_exchange.json,sec_company_tickers_exchange,,
HOMB,0001331520,HOME BANCSHARES INC,NYSE,NONE,,control_no_seeded_acquisition_in_stockanalysis_pull,https://www.sec.gov/files/company_tickers_exchange.json,sec_company_tickers_exchange,,
CNXN,0001050377,PC CONNECTION INC,Nasdaq,NONE,,control_no_seeded_acquisition_in_stockanalysis_pull,https://www.sec.gov/files/company_tickers_exchange.json,sec_company_tickers_exchange,,
ADAMH,0001273685,"ADAMAS TRUST, INC.",Nasdaq,NONE,,control_no_seeded_acquisition_in_stockanalysis_pull,https://www.sec.gov/files/company_tickers_exchange.json,sec_company_tickers_exchange,,
KEY-PJ,0000091576,KEYCORP /NEW/,NYSE,NONE,,control_no_seeded_acquisition_in_stockanalysis_pull,https://www.sec.gov/files/company_tickers_exchange.json,sec_company_tickers_exchange,,
COCO,0001482981,"Vita Coco Company, Inc.",Nasdaq,NONE,,control_no_seeded_acquisition_in_stockanalysis_pull,https://www.sec.gov/files/company_tickers_exchange.json,sec_company_tickers_exchange,,
LTC,0000887905,LTC PROPERTIES INC,NYSE,NONE,,control_no_seeded_acquisition_in_stockanalysis_pull,https://www.sec.gov/files/company_tickers_exchange.json,sec_company_tickers_exchange,,
CMPS,0001816590,COMPASS Pathways plc,Nasdaq,NONE,,control_no_seeded_acquisition_in_stockanalysis_pull,https://www.sec.gov/files/company_tickers_exchange.json,sec_company_tickers_exchange,,
BRTMW,0002131350,B&R Technology Merger Corp.,Nasdaq,NONE,,control_no_seeded_acquisition_in_stockanalysis_pull,https://www.sec.gov/files/company_tickers_exchange.json,sec_company_tickers_exchange,,
SGP,0001778922,"SpyGlass Pharma, Inc.",Nasdaq,NONE,,control_no_seeded_acquisition_in_stockanalysis_pull,https://www.sec.gov/files/company_tickers_exchange.json,sec_company_tickers_exchange,,
C,0000831001,CITIGROUP INC,NYSE,NONE,,control_no_seeded_acquisition_in_stockanalysis_pull,https://www.sec.gov/files/company_tickers_exchange.json,sec_company_tickers_exchange,,
NHP,0001561032,"National Healthcare Properties, Inc.",Nasdaq,NONE,,control_no_seeded_acquisition_in_stockanalysis_pull,https://www.sec.gov/files/company_tickers_exchange.json,sec_company_tickers_exchange,,
NDLS,0001275158,NOODLES & Co,Nasdaq,NONE,,control_no_seeded_acquisition_in_stockanalysis_pull,https://www.sec.gov/files/company_tickers_exchange.json,sec_company_tickers_exchange,,
STI,0001881551,Solidion Technology Inc.,Nasdaq,NONE,,control_no_seeded_acquisition_in_stockanalysis_pull,https://www.sec.gov/files/company_tickers_exchange.json,sec_company_tickers_exchange,,
CATX,0000728387,"Perspective Therapeutics, Inc.",NYSE,NONE,,control_no_seeded_acquisition_in_stockanalysis_pull,https://www.sec.gov/files/company_tickers_exchange.json,sec_company_tickers_exchange,,
EWAVR,0002100704,East West Ave Acquisition Corp.,Nasdaq,NONE,,control_no_seeded_acquisition_in_stockanalysis_pull,https://www.sec.gov/files/company_tickers_exchange.json,sec_company_tickers_exchange,,
YARW,0001566044,"Yarrow Bioscience, Inc.",Nasdaq,NONE,,control_no_seeded_acquisition_in_stockanalysis_pull,https://www.sec.gov/files/company_tickers_exchange.json,sec_company_tickers_exchange,,
LFWD,0001607962,Lifeward Ltd.,Nasdaq,NONE,,control_no_seeded_acquisition_in_stockanalysis_pull,https://www.sec.gov/files/company_tickers_exchange.json,sec_company_tickers_exchange,,
REPL,0001737953,"Replimune Group, Inc.",Nasdaq,NONE,,control_no_seeded_acquisition_in_stockanalysis_pull,https://www.sec.gov/files/company_tickers_exchange.json,sec_company_tickers_exchange,,
ATRO,0000008063,ASTRONICS CORP,Nasdaq,NONE,,control_no_seeded_acquisition_in_stockanalysis_pull,https://www.sec.gov/files/company_tickers_exchange.json,sec_company_tickers_exchange,,
TGHL,0002024114,GrowHub Ltd,Nasdaq,NONE,,control_no_seeded_acquisition_in_stockanalysis_pull,https://www.sec.gov/files/company_tickers_exchange.json,sec_company_tickers_exchange,,
CLMT,0002013745,"Calumet, Inc. /DE",Nasdaq,NONE,,control_no_seeded_acquisition_in_stockanalysis_pull,https://www.sec.gov/files/company_tickers_exchange.json,sec_company_tickers_exchange,,
TRUP,0001371285,"TRUPANION, INC.",Nasdaq,NONE,,control_no_seeded_acquisition_in_stockanalysis_pull,https://www.sec.gov/files/company_tickers_exchange.json,sec_company_tickers_exchange,,
BLDR,0001316835,"Builders FirstSource, Inc.",NYSE,NONE,,control_no_seeded_acquisition_in_stockanalysis_pull,https://www.sec.gov/files/company_tickers_exchange.json,sec_company_tickers_exchange,,
TFC-PI,0000092230,TRUIST FINANCIAL CORP,NYSE,NONE,,control_no_seeded_acquisition_in_stockanalysis_pull,https://www.sec.gov/files/company_tickers_exchange.json,sec_company_tickers_exchange,,
MNRO,0000876427,"MONRO, INC.",Nasdaq,NONE,,control_no_seeded_acquisition_in_stockanalysis_pull,https://www.sec.gov/files/company_tickers_exchange.json,sec_company_tickers_exchange,,
VAVX,0002060717,VanEck Avalanche ETF,Nasdaq,NONE,,control_no_seeded_acquisition_in_stockanalysis_pull,https://www.sec.gov/files/company_tickers_exchange.json,sec_company_tickers_exchange,,
VOD,0000839923,VODAFONE GROUP PUBLIC LTD CO,Nasdaq,NONE,,control_no_seeded_acquisition_in_stockanalysis_pull,https://www.sec.gov/files/company_tickers_exchange.json,sec_company_tickers_exchange,,
NTRA,0001604821,"Natera, Inc.",Nasdaq,NONE,,control_no_seeded_acquisition_in_stockanalysis_pull,https://www.sec.gov/files/company_tickers_exchange.json,sec_company_tickers_exchange,,
CVGI,0001290900,"Commercial Vehicle Group, Inc.",Nasdaq,NONE,,control_no_seeded_acquisition_in_stockanalysis_pull,https://www.sec.gov/files/company_tickers_exchange.json,sec_company_tickers_exchange,,
ETN,0001551182,Eaton Corp plc,NYSE,NONE,,control_no_seeded_acquisition_in_stockanalysis_pull,https://www.sec.gov/files/company_tickers_exchange.json,sec_company_tickers_exchange,,
XPEL,0001767258,"XPEL, Inc.",Nasdaq,NONE,,control_no_seeded_acquisition_in_stockanalysis_pull,https://www.sec.gov/files/company_tickers_exchange.json,sec_company_tickers_exchange,,
VMI,0000102729,VALMONT INDUSTRIES INC,NYSE,NONE,,control_no_seeded_acquisition_in_stockanalysis_pull,https://www.sec.gov/files/company_tickers_exchange.json,sec_company_tickers_exchange,,
RL,0001037038,RALPH LAUREN CORP,NYSE,NONE,,control_no_seeded_acquisition_in_stockanalysis_pull,https://www.sec.gov/files/company_tickers_exchange.json,sec_company_tickers_exchange,,
BZH,0000915840,BEAZER HOMES USA INC,NYSE,NONE,,control_no_seeded_acquisition_in_stockanalysis_pull,https://www.sec.gov/files/company_tickers_exchange.json,sec_company_tickers_exchange,,
AVY,0000008818,Avery Dennison Corp,NYSE,NONE,,control_no_seeded_acquisition_in_stockanalysis_pull,https://www.sec.gov/files/company_tickers_exchange.json,sec_company_tickers_exchange,,
WFF,0001980210,WF Holding Ltd,Nasdaq,NONE,,control_no_seeded_acquisition_in_stockanalysis_pull,https://www.sec.gov/files/company_tickers_exchange.json,sec_company_tickers_exchange,,
CIK,0000810766,"CREDIT SUISSE ASSET MANAGEMENT INCOME FUND, INC.",NYSE,NONE,,control_no_seeded_acquisition_in_stockanalysis_pull,https://www.sec.gov/files/company_tickers_exchange.json,sec_company_tickers_exchange,,
HYPR,0001833769,"Hyperfine, Inc.",Nasdaq,NONE,,control_no_seeded_acquisition_in_stockanalysis_pull,https://www.sec.gov/files/company_tickers_exchange.json,sec_company_tickers_exchange,,
IMCC,0001792030,IM Cannabis Corp.,Nasdaq,NONE,,control_no_seeded_acquisition_in_stockanalysis_pull,https://www.sec.gov/files/company_tickers_exchange.json,sec_company_tickers_exchange,,
RNGT,0002078653,Range Capital Acquisition Corp II,Nasdaq,NONE,,control_no_seeded_acquisition_in_stockanalysis_pull,https://www.sec.gov/files/company_tickers_exchange.json,sec_company_tickers_exchange,,
CAII,0002115404,Collective Acquisition Corp. II,Nasdaq,NONE,,control_no_seeded_acquisition_in_stockanalysis_pull,https://www.sec.gov/files/company_tickers_exchange.json,sec_company_tickers_exchange,,
RITR,0001951229,Reitar Logtech Holdings Ltd,Nasdaq,NONE,,control_no_seeded_acquisition_in_stockanalysis_pull,https://www.sec.gov/files/company_tickers_exchange.json,sec_company_tickers_exchange,,
ACV,0001636289,Virtus Diversified Income & Convertible Fund,NYSE,NONE,,control_no_seeded_acquisition_in_stockanalysis_pull,https://www.sec.gov/files/company_tickers_exchange.json,sec_company_tickers_exchange,,
OPY,0000791963,OPPENHEIMER HOLDINGS INC,NYSE,NONE,,control_no_seeded_acquisition_in_stockanalysis_pull,https://www.sec.gov/files/company_tickers_exchange.json,sec_company_tickers_exchange,,
UMH-PD,0000752642,"UMH PROPERTIES, INC.",NYSE,NONE,,control_no_seeded_acquisition_in_stockanalysis_pull,https://www.sec.gov/files/company_tickers_exchange.json,sec_company_tickers_exchange,,
IBRX,0001326110,"ImmunityBio, Inc.",Nasdaq,NONE,,control_no_seeded_acquisition_in_stockanalysis_pull,https://www.sec.gov/files/company_tickers_exchange.json,sec_company_tickers_exchange,,
KBONU,0002088749,Karbon Capital Partners Corp.,Nasdaq,NONE,,control_no_seeded_acquisition_in_stockanalysis_pull,https://www.sec.gov/files/company_tickers_exchange.json,sec_company_tickers_exchange,,
COF-PI,0000927628,CAPITAL ONE FINANCIAL CORP,NYSE,NONE,,control_no_seeded_acquisition_in_stockanalysis_pull,https://www.sec.gov/files/company_tickers_exchange.json,sec_company_tickers_exchange,,
CF,0001324404,"CF Industries Holdings, Inc.",NYSE,NONE,,control_no_seeded_acquisition_in_stockanalysis_pull,https://www.sec.gov/files/company_tickers_exchange.json,sec_company_tickers_exchange,,
PSA-PR,0001393311,Public Storage,NYSE,NONE,,control_no_seeded_acquisition_in_stockanalysis_pull,https://www.sec.gov/files/company_tickers_exchange.json,sec_company_tickers_exchange,,
APA,0001841666,APA Corp,Nasdaq,NONE,,control_no_seeded_acquisition_in_stockanalysis_pull,https://www.sec.gov/files/company_tickers_exchange.json,sec_company_tickers_exchange,,
PG,0000080424,PROCTER & GAMBLE Co,NYSE,NONE,,control_no_seeded_acquisition_in_stockanalysis_pull,https://www.sec.gov/files/company_tickers_exchange.json,sec_company_tickers_exchange,,
APLE,0001418121,"Apple Hospitality REIT, Inc.",NYSE,NONE,,control_no_seeded_acquisition_in_stockanalysis_pull,https://www.sec.gov/files/company_tickers_exchange.json,sec_company_tickers_exchange,,
IMAX,0000921582,IMAX CORP,NYSE,NONE,,control_no_seeded_acquisition_in_stockanalysis_pull,https://www.sec.gov/files/company_tickers_exchange.json,sec_company_tickers_exchange,,
ENB,0000895728,ENBRIDGE INC,NYSE,NONE,,control_no_seeded_acquisition_in_stockanalysis_pull,https://www.sec.gov/files/company_tickers_exchange.json,sec_company_tickers_exchange,,
ZH,0001835724,Zhihu Inc.,NYSE,NONE,,control_no_seeded_acquisition_in_stockanalysis_pull,https://www.sec.gov/files/company_tickers_exchange.json,sec_company_tickers_exchange,,
RVTY,0000031791,"REVVITY, INC.",NYSE,NONE,,control_no_seeded_acquisition_in_stockanalysis_pull,https://www.sec.gov/files/company_tickers_exchange.json,sec_company_tickers_exchange,,
BERZ,0000927971,BANK OF MONTREAL /CAN/,NYSE,NONE,,control_no_seeded_acquisition_in_stockanalysis_pull,https://www.sec.gov/files/company_tickers_exchange.json,sec_company_tickers_exchange,,
SNN,0000845982,SMITH & NEPHEW PLC,NYSE,NONE,,control_no_seeded_acquisition_in_stockanalysis_pull,https://www.sec.gov/files/company_tickers_exchange.json,sec_company_tickers_exchange,,
DLPN,0001282224,"Dolphin Entertainment, Inc.",Nasdaq,NONE,,control_no_seeded_acquisition_in_stockanalysis_pull,https://www.sec.gov/files/company_tickers_exchange.json,sec_company_tickers_exchange,,
CFG-PE,0000759944,CITIZENS FINANCIAL GROUP INC/RI,NYSE,NONE,,control_no_seeded_acquisition_in_stockanalysis_pull,https://www.sec.gov/files/company_tickers_exchange.json,sec_company_tickers_exchange,,
MRNA,0001682852,"Moderna, Inc.",Nasdaq,NONE,,control_no_seeded_acquisition_in_stockanalysis_pull,https://www.sec.gov/files/company_tickers_exchange.json,sec_company_tickers_exchange,,
WFC-PA,0000072971,WELLS FARGO & COMPANY/MN,NYSE,NONE,,control_no_seeded_acquisition_in_stockanalysis_pull,https://www.sec.gov/files/company_tickers_exchange.json,sec_company_tickers_exchange,,
RFAMU,0002091712,RF Acquisition Corp III,Nasdaq,NONE,,control_no_seeded_acquisition_in_stockanalysis_pull,https://www.sec.gov/files/company_tickers_exchange.json,sec_company_tickers_exchange,,
META,0001326801,"Meta Platforms, Inc.",Nasdaq,NONE,,control_no_seeded_acquisition_in_stockanalysis_pull,https://www.sec.gov/files/company_tickers_exchange.json,sec_company_tickers_exchange,,
ECAT,0001864843,BlackRock ESG Capital Allocation Term Trust,NYSE,NONE,,control_no_seeded_acquisition_in_stockanalysis_pull,https://www.sec.gov/files/company_tickers_exchange.json,sec_company_tickers_exchange,,
PATH,0001734722,"UiPath, Inc.",NYSE,NONE,,control_no_seeded_acquisition_in_stockanalysis_pull,https://www.sec.gov/files/company_tickers_exchange.json,sec_company_tickers_exchange,,
SBMT,0002067674,SILVER BOW MINING CORP.,NYSE,NONE,,control_no_seeded_acquisition_in_stockanalysis_pull,https://www.sec.gov/files/company_tickers_exchange.json,sec_company_tickers_exchange,,
MEDS,0002030763,"DataMeds AI, Inc.",Nasdaq,NONE,,control_no_seeded_acquisition_in_stockanalysis_pull,https://www.sec.gov/files/company_tickers_exchange.json,sec_company_tickers_exchange,,
TXMD,0000025743,"TherapeuticsMD, Inc.",Nasdaq,NONE,,control_no_seeded_acquisition_in_stockanalysis_pull,https://www.sec.gov/files/company_tickers_exchange.json,sec_company_tickers_exchange,,
NMI,0000830271,NUVEEN MUNICIPAL INCOME FUND INC,NYSE,NONE,,control_no_seeded_acquisition_in_stockanalysis_pull,https://www.sec.gov/files/company_tickers_exchange.json,sec_company_tickers_exchange,,
ECHO,0001415404,EchoStar CORP,Nasdaq,NONE,,control_no_seeded_acquisition_in_stockanalysis_pull,https://www.sec.gov/files/company_tickers_exchange.json,sec_company_tickers_exchange,,
TRNI,0001786108,Trinity Capital Inc.,NYSE,NONE,,control_no_seeded_acquisition_in_stockanalysis_pull,https://www.sec.gov/files/company_tickers_exchange.json,sec_company_tickers_exchange,,
RMT,0000912147,"ROYCE MICRO-CAP TRUST, INC.",NYSE,NONE,,control_no_seeded_acquisition_in_stockanalysis_pull,https://www.sec.gov/files/company_tickers_exchange.json,sec_company_tickers_exchange,,
GSRFR,0002072404,GSR IV Acquisition Corp.,Nasdaq,NONE,,control_no_seeded_acquisition_in_stockanalysis_pull,https://www.sec.gov/files/company_tickers_exchange.json,sec_company_tickers_exchange,,
GAME,0001714562,"GameSquare Holdings, Inc.",Nasdaq,NONE,,control_no_seeded_acquisition_in_stockanalysis_pull,https://www.sec.gov/files/company_tickers_exchange.json,sec_company_tickers_exchange,,
MMED,0002062583,"MiniMed Group, Inc.",Nasdaq,NONE,,control_no_seeded_acquisition_in_stockanalysis_pull,https://www.sec.gov/files/company_tickers_exchange.json,sec_company_tickers_exchange,,
DOMO,0001505952,"DOMO, INC.",Nasdaq,NONE,,control_no_seeded_acquisition_in_stockanalysis_pull,https://www.sec.gov/files/company_tickers_exchange.json,sec_company_tickers_exchange,,
MDA,0001857047,MDA Space Ltd.,NYSE,NONE,,control_no_seeded_acquisition_in_stockanalysis_pull,https://www.sec.gov/files/company_tickers_exchange.json,sec_company_tickers_exchange,,
BIOT,0002072188,INSTINCT BIO TECHNICAL CO HOLDINGS INC.,Nasdaq,NONE,,control_no_seeded_acquisition_in_stockanalysis_pull,https://www.sec.gov/files/company_tickers_exchange.json,sec_company_tickers_exchange,,
WSHP,0002048271,WeShop Holdings Ltd,Nasdaq,NONE,,control_no_seeded_acquisition_in_stockanalysis_pull,https://www.sec.gov/files/company_tickers_exchange.json,sec_company_tickers_exchange,,
IGACR,0002075068,Invest Green Acquisition Corp,Nasdaq,NONE,,control_no_seeded_acquisition_in_stockanalysis_pull,https://www.sec.gov/files/company_tickers_exchange.json,sec_company_tickers_exchange,,
BSOL,0002045872,Bitwise Solana Staking ETF,NYSE,NONE,,control_no_seeded_acquisition_in_stockanalysis_pull,https://www.sec.gov/files/company_tickers_exchange.json,sec_company_tickers_exchange,,
FRBT,0001925062,"Forbright, Inc.",Nasdaq,NONE,,control_no_seeded_acquisition_in_stockanalysis_pull,https://www.sec.gov/files/company_tickers_exchange.json,sec_company_tickers_exchange,,
MKLY,0002067592,McKinley Acquisition Corp,Nasdaq,NONE,,control_no_seeded_acquisition_in_stockanalysis_pull,https://www.sec.gov/files/company_tickers_exchange.json,sec_company_tickers_exchange,,
NE-WTA,0001895262,Noble Corp plc,NYSE,NONE,,control_no_seeded_acquisition_in_stockanalysis_pull,https://www.sec.gov/files/company_tickers_exchange.json,sec_company_tickers_exchange,,
RPM,0000110621,RPM INTERNATIONAL INC/DE/,NYSE,NONE,,control_no_seeded_acquisition_in_stockanalysis_pull,https://www.sec.gov/files/company_tickers_exchange.json,sec_company_tickers_exchange,,
ECC,0001604174,Eagle Point Credit Co,NYSE,NONE,,control_no_seeded_acquisition_in_stockanalysis_pull,https://www.sec.gov/files/company_tickers_exchange.json,sec_company_tickers_exchange,,
FSBW,0001530249,"FS Bancorp, Inc.",Nasdaq,NONE,,control_no_seeded_acquisition_in_stockanalysis_pull,https://www.sec.gov/files/company_tickers_exchange.json,sec_company_tickers_exchange,,
PMN,0001374339,ProMIS Neurosciences Inc.,Nasdaq,NONE,,control_no_seeded_acquisition_in_stockanalysis_pull,https://www.sec.gov/files/company_tickers_exchange.json,sec_company_tickers_exchange,,
EWBC,0001069157,EAST WEST BANCORP INC,Nasdaq,NONE,,control_no_seeded_acquisition_in_stockanalysis_pull,https://www.sec.gov/files/company_tickers_exchange.json,sec_company_tickers_exchange,,
GOLD,0001591588,"Gold.com, Inc.",NYSE,NONE,,control_no_seeded_acquisition_in_stockanalysis_pull,https://www.sec.gov/files/company_tickers_exchange.json,sec_company_tickers_exchange,,
ROIV,0001635088,Roivant Sciences Ltd.,Nasdaq,NONE,,control_no_seeded_acquisition_in_stockanalysis_pull,https://www.sec.gov/files/company_tickers_exchange.json,sec_company_tickers_exchange,,
URGN,0001668243,UroGen Pharma Ltd.,Nasdaq,NONE,,control_no_seeded_acquisition_in_stockanalysis_pull,https://www.sec.gov/files/company_tickers_exchange.json,sec_company_tickers_exchange,,
G,0001398659,Genpact LTD,NYSE,NONE,,control_no_seeded_acquisition_in_stockanalysis_pull,https://www.sec.gov/files/company_tickers_exchange.json,sec_company_tickers_exchange,,
CLYM,0001768446,"Climb Bio, Inc.",Nasdaq,NONE,,control_no_seeded_acquisition_in_stockanalysis_pull,https://www.sec.gov/files/company_tickers_exchange.json,sec_company_tickers_exchange,,
LNC-PD,0000059558,LINCOLN NATIONAL CORP,NYSE,NONE,,control_no_seeded_acquisition_in_stockanalysis_pull,https://www.sec.gov/files/company_tickers_exchange.json,sec_company_tickers_exchange,,
PFGC,0001618673,Performance Food Group Co,NYSE,NONE,,control_no_seeded_acquisition_in_stockanalysis_pull,https://www.sec.gov/files/company_tickers_exchange.json,sec_company_tickers_exchange,,
VREX,0001681622,Varex Imaging Corp,Nasdaq,NONE,,control_no_seeded_acquisition_in_stockanalysis_pull,https://www.sec.gov/files/company_tickers_exchange.json,sec_company_tickers_exchange,,
EML,0000031107,EASTERN CO,Nasdaq,NONE,,control_no_seeded_acquisition_in_stockanalysis_pull,https://www.sec.gov/files/company_tickers_exchange.json,sec_company_tickers_exchange,,
NRGV,0001828536,"Energy Vault Holdings, Inc.",NYSE,NONE,,control_no_seeded_acquisition_in_stockanalysis_pull,https://www.sec.gov/files/company_tickers_exchange.json,sec_company_tickers_exchange,,
KNTK,0001692787,Kinetik Holdings Inc.,NYSE,NONE,,control_no_seeded_acquisition_in_stockanalysis_pull,https://www.sec.gov/files/company_tickers_exchange.json,sec_company_tickers_exchange,,
FGIIW,0002090452,FG Imperii Acquisition Corp.,Nasdaq,NONE,,control_no_seeded_acquisition_in_stockanalysis_pull,https://www.sec.gov/files/company_tickers_exchange.json,sec_company_tickers_exchange,,
KYIV,0002062440,Kyivstar Group Ltd.,Nasdaq,NONE,,control_no_seeded_acquisition_in_stockanalysis_pull,https://www.sec.gov/files/company_tickers_exchange.json,sec_company_tickers_exchange,,
GECCI,0001675033,Great Elm Capital Corp.,Nasdaq,NONE,,control_no_seeded_acquisition_in_stockanalysis_pull,https://www.sec.gov/files/company_tickers_exchange.json,sec_company_tickers_exchange,,
MP,0001801368,MP Materials Corp. / DE,NYSE,NONE,,control_no_seeded_acquisition_in_stockanalysis_pull,https://www.sec.gov/files/company_tickers_exchange.json,sec_company_tickers_exchange,,
IBP,0001580905,"Installed Building Products, Inc.",NYSE,NONE,,control_no_seeded_acquisition_in_stockanalysis_pull,https://www.sec.gov/files/company_tickers_exchange.json,sec_company_tickers_exchange,,
CLSK,0000827876,"CLEANSPARK, INC.",Nasdaq,NONE,,control_no_seeded_acquisition_in_stockanalysis_pull,https://www.sec.gov/files/company_tickers_exchange.json,sec_company_tickers_exchange,,
SPWRW,0001838987,SunPower Inc.,Nasdaq,NONE,,control_no_seeded_acquisition_in_stockanalysis_pull,https://www.sec.gov/files/company_tickers_exchange.json,sec_company_tickers_exchange,,
AXG,0001959224,"Solowin Holdings, Ltd.",Nasdaq,NONE,,control_no_seeded_acquisition_in_stockanalysis_pull,https://www.sec.gov/files/company_tickers_exchange.json,sec_company_tickers_exchange,,
NMCO,0001774342,Nuveen Municipal Credit Opportunities Fund,NYSE,NONE,,control_no_seeded_acquisition_in_stockanalysis_pull,https://www.sec.gov/files/company_tickers_exchange.json,sec_company_tickers_exchange,,
UMBFO,0000101382,UMB FINANCIAL CORP,Nasdaq,NONE,,control_no_seeded_acquisition_in_stockanalysis_pull,https://www.sec.gov/files/company_tickers_exchange.json,sec_company_tickers_exchange,,
INVE,0001036044,"Identiv, Inc.",Nasdaq,NONE,,control_no_seeded_acquisition_in_stockanalysis_pull,https://www.sec.gov/files/company_tickers_exchange.json,sec_company_tickers_exchange,,
GGT-PG,0000921671,GABELLI MULTIMEDIA TRUST INC.,NYSE,NONE,,control_no_seeded_acquisition_in_stockanalysis_pull,https://www.sec.gov/files/company_tickers_exchange.json,sec_company_tickers_exchange,,
BLK,0002012383,"BlackRock, Inc.",NYSE,NONE,,control_no_seeded_acquisition_in_stockanalysis_pull,https://www.sec.gov/files/company_tickers_exchange.json,sec_company_tickers_exchange,,
IRDM,0001418819,Iridium Communications Inc.,Nasdaq,NONE,,control_no_seeded_acquisition_in_stockanalysis_pull,https://www.sec.gov/files/company_tickers_exchange.json,sec_company_tickers_exchange,,
PALL,0001459862,abrdn Palladium ETF Trust,NYSE,NONE,,control_no_seeded_acquisition_in_stockanalysis_pull,https://www.sec.gov/files/company_tickers_exchange.json,sec_company_tickers_exchange,,
GSIT,0001126741,GSI TECHNOLOGY INC,Nasdaq,NONE,,control_no_seeded_acquisition_in_stockanalysis_pull,https://www.sec.gov/files/company_tickers_exchange.json,sec_company_tickers_exchange,,
PLD,0001045609,"Prologis, Inc.",NYSE,NONE,,control_no_seeded_acquisition_in_stockanalysis_pull,https://www.sec.gov/files/company_tickers_exchange.json,sec_company_tickers_exchange,,
SQNS,0001383395,SEQUANS COMMUNICATIONS,NYSE,NONE,,control_no_seeded_acquisition_in_stockanalysis_pull,https://www.sec.gov/files/company_tickers_exchange.json,sec_company_tickers_exchange,,
LYNX,0002132582,Lyntris Inc.,NYSE,NONE,,control_no_seeded_acquisition_in_stockanalysis_pull,https://www.sec.gov/files/company_tickers_exchange.json,sec_company_tickers_exchange,,
BPYPP,0001545772,Brookfield Property Partners L.P.,Nasdaq,NONE,,control_no_seeded_acquisition_in_stockanalysis_pull,https://www.sec.gov/files/company_tickers_exchange.json,sec_company_tickers_exchange,,
FXB,0001353611,Invesco CurrencyShares British Pound Sterling Trust,NYSE,NONE,,control_no_seeded_acquisition_in_stockanalysis_pull,https://www.sec.gov/files/company_tickers_exchange.json,sec_company_tickers_exchange,,
PYXS,0001782223,"Pyxis Oncology, Inc.",Nasdaq,NONE,,control_no_seeded_acquisition_in_stockanalysis_pull,https://www.sec.gov/files/company_tickers_exchange.json,sec_company_tickers_exchange,,
NPT,0002014337,Texxon Holding Ltd,Nasdaq,NONE,,control_no_seeded_acquisition_in_stockanalysis_pull,https://www.sec.gov/files/company_tickers_exchange.json,sec_company_tickers_exchange,,
DAKT,0000915779,DAKTRONICS INC /SD/,Nasdaq,NONE,,control_no_seeded_acquisition_in_stockanalysis_pull,https://www.sec.gov/files/company_tickers_exchange.json,sec_company_tickers_exchange,,
EQH-PC,0001333986,"Equitable Holdings, Inc.",NYSE,NONE,,control_no_seeded_acquisition_in_stockanalysis_pull,https://www.sec.gov/files/company_tickers_exchange.json,sec_company_tickers_exchange,,
AZO,0000866787,AUTOZONE INC,NYSE,NONE,,control_no_seeded_acquisition_in_stockanalysis_pull,https://www.sec.gov/files/company_tickers_exchange.json,sec_company_tickers_exchange,,
MIMI,0001998560,Mint Inc Ltd,Nasdaq,NONE,,control_no_seeded_acquisition_in_stockanalysis_pull,https://www.sec.gov/files/company_tickers_exchange.json,sec_company_tickers_exchange,,
SLAB,0001038074,SILICON LABORATORIES INC.,Nasdaq,NONE,,control_no_seeded_acquisition_in_stockanalysis_pull,https://www.sec.gov/files/company_tickers_exchange.json,sec_company_tickers_exchange,,
MOS,0001285785,MOSAIC CO,NYSE,NONE,,control_no_seeded_acquisition_in_stockanalysis_pull,https://www.sec.gov/files/company_tickers_exchange.json,sec_company_tickers_exchange,,
FLG-PA,0000910073,"FLAGSTAR BANK, NATIONAL ASSOCIATION",NYSE,NONE,,control_no_seeded_acquisition_in_stockanalysis_pull,https://www.sec.gov/files/company_tickers_exchange.json,sec_company_tickers_exchange,,
FCAP,0001070296,FIRST CAPITAL INC,Nasdaq,NONE,,control_no_seeded_acquisition_in_stockanalysis_pull,https://www.sec.gov/files/company_tickers_exchange.json,sec_company_tickers_exchange,,
IQ,0001722608,"iQIYI, Inc.",Nasdaq,NONE,,control_no_seeded_acquisition_in_stockanalysis_pull,https://www.sec.gov/files/company_tickers_exchange.json,sec_company_tickers_exchange,,
FXF,0001353615,Invesco CurrencyShares Swiss Franc Trust,NYSE,NONE,,control_no_seeded_acquisition_in_stockanalysis_pull,https://www.sec.gov/files/company_tickers_exchange.json,sec_company_tickers_exchange,,
LX,0001708259,LexinFintech Holdings Ltd.,Nasdaq,NONE,,control_no_seeded_acquisition_in_stockanalysis_pull,https://www.sec.gov/files/company_tickers_exchange.json,sec_company_tickers_exchange,,
WSC,0001647088,WillScot Holdings Corp,Nasdaq,NONE,,control_no_seeded_acquisition_in_stockanalysis_pull,https://www.sec.gov/files/company_tickers_exchange.json,sec_company_tickers_exchange,,
RDN,0000890926,RADIAN GROUP INC,NYSE,NONE,,control_no_seeded_acquisition_in_stockanalysis_pull,https://www.sec.gov/files/company_tickers_exchange.json,sec_company_tickers_exchange,,
ESEA,0001341170,EUROSEAS LTD.,Nasdaq,NONE,,control_no_seeded_acquisition_in_stockanalysis_pull,https://www.sec.gov/files/company_tickers_exchange.json,sec_company_tickers_exchange,,
REFI,0001867949,"Chicago Atlantic Real Estate Finance, Inc.",Nasdaq,NONE,,control_no_seeded_acquisition_in_stockanalysis_pull,https://www.sec.gov/files/company_tickers_exchange.json,sec_company_tickers_exchange,,
XRP,0002039525,Bitwise XRP ETF,NYSE,NONE,,control_no_seeded_acquisition_in_stockanalysis_pull,https://www.sec.gov/files/company_tickers_exchange.json,sec_company_tickers_exchange,,
GNL-PB,0001526113,"Global Net Lease, Inc.",NYSE,NONE,,control_no_seeded_acquisition_in_stockanalysis_pull,https://www.sec.gov/files/company_tickers_exchange.json,sec_company_tickers_exchange,,
BAC-PM,0000070858,BANK OF AMERICA CORP /DE/,NYSE,NONE,,control_no_seeded_acquisition_in_stockanalysis_pull,https://www.sec.gov/files/company_tickers_exchange.json,sec_company_tickers_exchange,,
SHOP,0001594805,SHOPIFY INC.,Nasdaq,NONE,,control_no_seeded_acquisition_in_stockanalysis_pull,https://www.sec.gov/files/company_tickers_exchange.json,sec_company_tickers_exchange,,
TRN,0000099780,TRINITY INDUSTRIES INC,NYSE,NONE,,control_no_seeded_acquisition_in_stockanalysis_pull,https://www.sec.gov/files/company_tickers_exchange.json,sec_company_tickers_exchange,,
WAFD,0000936528,WAFD INC,Nasdaq,NONE,,control_no_seeded_acquisition_in_stockanalysis_pull,https://www.sec.gov/files/company_tickers_exchange.json,sec_company_tickers_exchange,,
GCGRU,0002108962,General Catalyst Global Resilience Merger Corp.,Nasdaq,NONE,,control_no_seeded_acquisition_in_stockanalysis_pull,https://www.sec.gov/files/company_tickers_exchange.json,sec_company_tickers_exchange,,
NAII,0000787253,NATURAL ALTERNATIVES INTERNATIONAL INC,Nasdaq,NONE,,control_no_seeded_acquisition_in_stockanalysis_pull,https://www.sec.gov/files/company_tickers_exchange.json,sec_company_tickers_exchange,,
GPN,0001123360,GLOBAL PAYMENTS INC,NYSE,NONE,,control_no_seeded_acquisition_in_stockanalysis_pull,https://www.sec.gov/files/company_tickers_exchange.json,sec_company_tickers_exchange,,
FRTT,0002092967,Fort Technology Inc,Nasdaq,NONE,,control_no_seeded_acquisition_in_stockanalysis_pull,https://www.sec.gov/files/company_tickers_exchange.json,sec_company_tickers_exchange,,
BIP-PB,0001406234,Brookfield Infrastructure Partners L.P.,NYSE,NONE,,control_no_seeded_acquisition_in_stockanalysis_pull,https://www.sec.gov/files/company_tickers_exchange.json,sec_company_tickers_exchange,,
MDY,0000936958,SPDR S&P MIDCAP 400 ETF TRUST,NYSE,NONE,,control_no_seeded_acquisition_in_stockanalysis_pull,https://www.sec.gov/files/company_tickers_exchange.json,sec_company_tickers_exchange,,
UFI,0000100726,UNIFI INC,NYSE,NONE,,control_no_seeded_acquisition_in_stockanalysis_pull,https://www.sec.gov/files/company_tickers_exchange.json,sec_company_tickers_exchange,,
WKHS,0001425287,Workhorse Group Inc.,Nasdaq,NONE,,control_no_seeded_acquisition_in_stockanalysis_pull,https://www.sec.gov/files/company_tickers_exchange.json,sec_company_tickers_exchange,,
AERT,0001853044,"Aeries Technology, Inc.",Nasdaq,NONE,,control_no_seeded_acquisition_in_stockanalysis_pull,https://www.sec.gov/files/company_tickers_exchange.json,sec_company_tickers_exchange,,
WATT,0001575793,Energous Corp,Nasdaq,NONE,,control_no_seeded_acquisition_in_stockanalysis_pull,https://www.sec.gov/files/company_tickers_exchange.json,sec_company_tickers_exchange,,
FANG,0001539838,"Diamondback Energy, Inc.",Nasdaq,NONE,,control_no_seeded_acquisition_in_stockanalysis_pull,https://www.sec.gov/files/company_tickers_exchange.json,sec_company_tickers_exchange,,
SNDA,0001043000,"SONIDA SENIOR LIVING, INC.",NYSE,NONE,,control_no_seeded_acquisition_in_stockanalysis_pull,https://www.sec.gov/files/company_tickers_exchange.json,sec_company_tickers_exchange,,
OII,0000073756,OCEANEERING INTERNATIONAL INC,NYSE,NONE,,control_no_seeded_acquisition_in_stockanalysis_pull,https://www.sec.gov/files/company_tickers_exchange.json,sec_company_tickers_exchange,,
PCG,0001004980,PG&E Corp,NYSE,NONE,,control_no_seeded_acquisition_in_stockanalysis_pull,https://www.sec.gov/files/company_tickers_exchange.json,sec_company_tickers_exchange,,
IPW,0001830072,iPower Inc.,Nasdaq,NONE,,control_no_seeded_acquisition_in_stockanalysis_pull,https://www.sec.gov/files/company_tickers_exchange.json,sec_company_tickers_exchange,,
UPS,0001090727,UNITED PARCEL SERVICE INC,NYSE,NONE,,control_no_seeded_acquisition_in_stockanalysis_pull,https://www.sec.gov/files/company_tickers_exchange.json,sec_company_tickers_exchange,,
DDI,0001799567,"DoubleDown Interactive Co., Ltd.",Nasdaq,NONE,,control_no_seeded_acquisition_in_stockanalysis_pull,https://www.sec.gov/files/company_tickers_exchange.json,sec_company_tickers_exchange,,
EMAT,0001866226,Evolution Metals & Technologies Corp.,Nasdaq,NONE,,control_no_seeded_acquisition_in_stockanalysis_pull,https://www.sec.gov/files/company_tickers_exchange.json,sec_company_tickers_exchange,,
ABLV,0001957489,Able View Global Inc.,Nasdaq,NONE,,control_no_seeded_acquisition_in_stockanalysis_pull,https://www.sec.gov/files/company_tickers_exchange.json,sec_company_tickers_exchange,,
SWVL,0001875609,Swvl Holdings Corp,Nasdaq,NONE,,control_no_seeded_acquisition_in_stockanalysis_pull,https://www.sec.gov/files/company_tickers_exchange.json,sec_company_tickers_exchange,,
CHSCM,0000823277,CHS INC,Nasdaq,NONE,,control_no_seeded_acquisition_in_stockanalysis_pull,https://www.sec.gov/files/company_tickers_exchange.json,sec_company_tickers_exchange,,
FBRT-PE,0001562528,"Franklin BSP Realty Trust, Inc.",NYSE,NONE,,control_no_seeded_acquisition_in_stockanalysis_pull,https://www.sec.gov/files/company_tickers_exchange.json,sec_company_tickers_exchange,,
ODTX,0001882782,"Odyssey Therapeutics, Inc.",Nasdaq,NONE,,control_no_seeded_acquisition_in_stockanalysis_pull,https://www.sec.gov/files/company_tickers_exchange.json,sec_company_tickers_exchange,,
