ticker,cik,company_name,exchange,event_type,seed_event_date,label_quality,announcement_url,cik_source,acquirer,acquirer_name,announcement_ts,announcement_source,audited_announcement_ts,audit_status,audit_score,audit_hits,audit_form,audit_accession,audit_document_url
AEMD,0000882291,Aethlon Medical Inc,Nasdaq,MERGER,2026-09-17,audited_sec_8k_first_public_announcement,https://www.sec.gov/Archives/edgar/data/882291/000168316826007206/0001683168-26-007206-index.htm,manual_sec_8k,NRTX,North Immunology,2026-09-17 12:00:00+00:00,audited_sec_8k_first_public_announcement,2026-09-17 08:03:36+00:00,manual_aemd_sec_8k,99.0,manual,8-K,0001683168-26-007206,https://www.sec.gov/Archives/edgar/data/882291/000168316826007206/0001683168-26-007206-index.htm
LPSN,0001102993,Liveperson Inc,Nasdaq,ACQUISITION,2026-09-03,provisional_stockanalysis_action_date_not_first_announcement,https://stockanalysis.com/actions/acquisitions/,sec_company_tickers_exchange,SOUN,Soundhound Ai Inc,2026-09-03 12:00:00+00:00,provisional_stockanalysis_action_date_not_first_announcement,2026-07-24 10:11:07+00:00,sec_candidate,7.0,merger\s+agreement|entered\s+into\s+.*(?:merger|acquisition)|acquirer_name,8-K,0001102993-26-000046,https://www.sec.gov/Archives/edgar/data/1102993/000110299326000046/lpsn-20260720.htm
APGE,0001974640,Apogee Therapeutics Inc,,ACQUISITION,2026-09-02,provisional_stockanalysis_action_date_not_first_announcement,https://stockanalysis.com/actions/acquisitions/2026/,stockanalysis_company_page,ABBV,Abbvie Inc,2026-09-02 12:00:00+00:00,provisional_stockanalysis_action_date_not_first_announcement,2026-08-11 20:00:59+00:00,sec_candidate,9.0,agreement\s+and\s+plan\s+of\s+merger|merger\s+agreement|entered\s+into\s+.*(?:merger|acquisition)|acquirer_name,8-K,0001140361-26-032231,https://www.sec.gov/Archives/edgar/data/1974640/000114036126032231/ef20079870_form8k.htm
CRNX,0001658247,Crinetics Pharmaceuticals Inc,,ACQUISITION,2026-09-01,provisional_stockanalysis_action_date_not_first_announcement,https://stockanalysis.com/actions/acquisitions/,stockanalysis_company_page,VRTX,Vertex Pharmaceuticals Inc,2026-09-01 12:00:00+00:00,provisional_stockanalysis_action_date_not_first_announcement,2026-08-14 12:30:52+00:00,sec_candidate,9.0,agreement\s+and\s+plan\s+of\s+merger|merger\s+agreement|entered\s+into\s+.*(?:merger|acquisition)|acquirer_name,8-K,0001140361-26-032951,https://www.sec.gov/Archives/edgar/data/1658247/000114036126032951/ef20080199_8k.htm
NCSM,0001692427,Ncs Multistage Holdings Inc,,ACQUISITION,2026-08-31,provisional_stockanalysis_action_date_not_first_announcement,https://stockanalysis.com/actions/acquisitions/,stockanalysis_company_page,WFRD,Weatherford International PLC,2026-08-31 12:00:00+00:00,provisional_stockanalysis_action_date_not_first_announcement,2026-06-02 00:43:55+00:00,sec_candidate,13.0,agreement\s+and\s+plan\s+of\s+merger|merger\s+agreement|definitive\s+agreement|entered\s+into\s+.*(?:merger|acquisition)|acquirer_name|item_1_01_transaction,8-K,0001193125-26-252096,https://www.sec.gov/Archives/edgar/data/1692427/000119312526252096/d23867d8k.htm
FBRX,0001419041,Forte Biosciences Inc,,ACQUISITION,2026-08-27,provisional_stockanalysis_action_date_not_first_announcement,https://stockanalysis.com/actions/acquisitions/,stockanalysis_company_page,ARGX,Argenx Se,2026-08-27 12:00:00+00:00,provisional_stockanalysis_action_date_not_first_announcement,2026-07-27 10:06:03+00:00,sec_candidate,14.0,agreement\s+and\s+plan\s+of\s+merger|merger\s+agreement|definitive\s+agreement|tender\s+offer|acquisition\s+agreement|entered\s+into\s+.*(?:merger|acquisition)|item_1_01_transaction,8-K,0001193125-26-316766,https://www.sec.gov/Archives/edgar/data/1419041/000119312526316766/d31466d8k.htm
ALOT,0000008146,Astronova Inc,,ACQUISITION,2026-08-27,provisional_stockanalysis_action_date_not_first_announcement,https://stockanalysis.com/actions/acquisitions/,stockanalysis_company_page,-,Arcline Investment Management,2026-08-27 12:00:00+00:00,provisional_stockanalysis_action_date_not_first_announcement,2026-06-17 12:42:16+00:00,sec_candidate,17.0,agreement\s+and\s+plan\s+of\s+merger|merger\s+agreement|definitive\s+agreement|tender\s+offer|acquisition\s+agreement|entered\s+into\s+.*(?:merger|acquisition)|acquirer_name|item_1_01_transaction,8-K,0001193125-26-273447,https://www.sec.gov/Archives/edgar/data/8146/000119312526273447/d100857d8k.htm
LEG,0000058492,Leggett & Platt Inc,,ACQUISITION,2026-08-26,provisional_stockanalysis_action_date_not_first_announcement,https://stockanalysis.com/actions/acquisitions/,stockanalysis_company_page,SGI,Somnigroup International Inc,2026-08-26 12:00:00+00:00,provisional_stockanalysis_action_date_not_first_announcement,2026-08-21 20:25:02+00:00,sec_candidate,9.0,agreement\s+and\s+plan\s+of\s+merger|merger\s+agreement|entered\s+into\s+.*(?:merger|acquisition)|acquirer_name,8-K,0001193125-26-361156,https://www.sec.gov/Archives/edgar/data/58492/000119312526361156/d146425d8k.htm
TWO,0001465740,Two Harbors Investment Corp,,ACQUISITION,2026-08-24,provisional_stockanalysis_action_date_not_first_announcement,https://stockanalysis.com/actions/acquisitions/2026/,stockanalysis_company_page,-,Crosscountry Mortgage LLC,2026-08-24 12:00:00+00:00,provisional_stockanalysis_action_date_not_first_announcement,2026-08-25 15:12:18+00:00,sec_candidate,6.0,agreement\s+and\s+plan\s+of\s+merger|merger\s+agreement|change\s+of\s+control,8-K,0001104659-26-100622,https://www.sec.gov/Archives/edgar/data/1465740/000110465926100622/tm2621794d1_8k.htm
WBS,0000801337,Webster Financial Corp,,ACQUISITION,2026-08-19,provisional_stockanalysis_action_date_not_first_announcement,https://stockanalysis.com/actions/acquisitions/,stockanalysis_company_page,SAN,Banco Santander SA,2026-08-19 12:00:00+00:00,provisional_stockanalysis_action_date_not_first_announcement,2026-08-20 10:33:53+00:00,sec_candidate,4.0,agreement\s+and\s+plan\s+of\s+merger|change\s+of\s+control,8-K,0001193125-26-357758,https://www.sec.gov/Archives/edgar/data/801337/000119312526357758/d919931d8k.htm
LBRDA,0001611983,Liberty Broadband Corp,,ACQUISITION,2026-08-19,provisional_stockanalysis_action_date_not_first_announcement,https://stockanalysis.com/actions/acquisitions/2026/,stockanalysis_company_page,CHTR,Charter Communications Inc,2026-08-19 12:00:00+00:00,provisional_stockanalysis_action_date_not_first_announcement,2026-05-14 20:16:19+00:00,sec_candidate,13.0,agreement\s+and\s+plan\s+of\s+merger|merger\s+agreement|definitive\s+agreement|entered\s+into\s+.*(?:merger|acquisition)|acquirer_name|item_1_01_transaction,8-K,0001104659-26-061190,https://www.sec.gov/Archives/edgar/data/1611983/000110465926061190/tm2614689d1_8k.htm
TALK,0001803901,Talkspace Inc,,ACQUISITION,2026-08-14,provisional_stockanalysis_action_date_not_first_announcement,https://stockanalysis.com/actions/acquisitions/,stockanalysis_company_page,UHS,Universal Health Services Inc,2026-08-14 12:00:00+00:00,provisional_stockanalysis_action_date_not_first_announcement,2026-03-09 12:20:44+00:00,sec_candidate,8.0,agreement\s+and\s+plan\s+of\s+merger|merger\s+agreement|acquirer_name|acquirer_symbol,8-K,0000950157-26-000259,https://www.sec.gov/Archives/edgar/data/1803901/000095015726000259/form8-k.htm
AVB,0000915912,Avalonbay Communities Inc,,ACQUISITION,2026-08-14,provisional_stockanalysis_action_date_not_first_announcement,https://stockanalysis.com/actions/acquisitions/2026/,stockanalysis_company_page,VMRK,Vivmark Residential,2026-08-14 12:00:00+00:00,provisional_stockanalysis_action_date_not_first_announcement,2026-07-31 20:59:36+00:00,sec_candidate,9.0,agreement\s+and\s+plan\s+of\s+merger|merger\s+agreement|entered\s+into\s+.*(?:merger|acquisition)|acquirer_name,8-K,0001104659-26-089277,https://www.sec.gov/Archives/edgar/data/915912/000110465926089277/tm2621824d1_8k.htm
MDV,0001645873,Modiv Industrial Inc,,ACQUISITION,2026-08-12,provisional_stockanalysis_action_date_not_first_announcement,https://stockanalysis.com/actions/acquisitions/2026/,stockanalysis_company_page,GNL,Global Net Lease Inc,2026-08-12 12:00:00+00:00,provisional_stockanalysis_action_date_not_first_announcement,2026-05-04 10:15:37+00:00,sec_candidate,16.0,agreement\s+and\s+plan\s+of\s+merger|merger\s+agreement|definitive\s+agreement|acquisition\s+agreement|entered\s+into\s+.*(?:merger|acquisition)|acquirer_name|acquirer_symbol|item_1_01_transaction,8-K,0001140361-26-018656,https://www.sec.gov/Archives/edgar/data/1645873/000114036126018656/ef20072329_8k.htm
ELSE,0000351789,Electro Sensors Inc,,ACQUISITION,2026-08-05,provisional_stockanalysis_action_date_not_first_announcement,https://stockanalysis.com/actions/acquisitions/,stockanalysis_company_page,-,Steute Industrial Controls Inc.,2026-08-05 12:00:00+00:00,provisional_stockanalysis_action_date_not_first_announcement,2026-04-24 21:18:23+00:00,sec_candidate,13.0,agreement\s+and\s+plan\s+of\s+merger|merger\s+agreement|definitive\s+agreement|entered\s+into\s+.*(?:merger|acquisition)|acquirer_name|item_1_01_transaction,8-K,0001554855-26-000735,https://www.sec.gov/Archives/edgar/data/351789/000155485526000735/else-20260420.htm
EA,0000712515,Electronic Arts Inc,,ACQUISITION,2026-08-04,provisional_stockanalysis_action_date_not_first_announcement,https://stockanalysis.com/actions/acquisitions/,stockanalysis_company_page,-,Silver Lake Partners Lp,2026-08-04 12:00:00+00:00,provisional_stockanalysis_action_date_not_first_announcement,2026-02-10 14:15:49+00:00,sec_candidate,6.0,agreement\s+and\s+plan\s+of\s+merger|merger\s+agreement|entered\s+into\s+.*(?:merger|acquisition),8-K,0001140361-26-004514,https://www.sec.gov/Archives/edgar/data/712515/000114036126004514/ef20065192_8k.htm
ORLA,0001680056,Orla Mining Ltd.,,ACQUISITION,2026-07-31,provisional_stockanalysis_action_date_not_first_announcement,https://stockanalysis.com/actions/acquisitions/2026/,stockanalysis_company_page,EQX,Equinox Gold Corp,2026-07-31 12:00:00+00:00,provisional_stockanalysis_action_date_not_first_announcement,,no_candidate_filings,,,,,
AFBI,0001823406,Affinity Bancshares Inc,,ACQUISITION,2026-07-31,provisional_stockanalysis_action_date_not_first_announcement,https://stockanalysis.com/actions/acquisitions/2026/,stockanalysis_company_page,-,Fidelity Bancshares Nc Inc,2026-07-31 12:00:00+00:00,provisional_stockanalysis_action_date_not_first_announcement,2026-07-07 20:41:43+00:00,sec_candidate,4.0,agreement\s+and\s+plan\s+of\s+merger|merger\s+agreement,8-K,0000943374-26-000254,https://www.sec.gov/Archives/edgar/data/1823406/000094337426000254/afbi-20260707.htm
LPRO,0001806201,Open Lending Corp,,ACQUISITION,2026-07-30,provisional_stockanalysis_action_date_not_first_announcement,https://stockanalysis.com/actions/acquisitions/2026/,stockanalysis_company_page,-,Anv Group Holdings Ltd.,2026-07-30 12:00:00+00:00,provisional_stockanalysis_action_date_not_first_announcement,2026-06-16 13:11:27+00:00,sec_candidate,15.0,agreement\s+and\s+plan\s+of\s+merger|merger\s+agreement|definitive\s+agreement|tender\s+offer|entered\s+into\s+.*(?:merger|acquisition)|acquirer_name|item_1_01_transaction,8-K,0001193125-26-271902,https://www.sec.gov/Archives/edgar/data/1806201/000119312526271902/d147981d8k.htm
SKYT,0001819974,Skywater Technology Inc,,ACQUISITION,2026-07-30,provisional_stockanalysis_action_date_not_first_announcement,https://stockanalysis.com/actions/acquisitions/2026/,stockanalysis_company_page,IONQ,Ionq Inc,2026-07-30 12:00:00+00:00,provisional_stockanalysis_action_date_not_first_announcement,2026-05-08 20:15:32+00:00,sec_candidate,10.0,agreement\s+and\s+plan\s+of\s+merger|merger\s+agreement|entered\s+into\s+.*(?:merger|acquisition)|acquirer_name|acquirer_symbol,8-K,0001193125-26-214679,https://www.sec.gov/Archives/edgar/data/1819974/000119312526214679/d118223d8k.htm
AVNS,0001606498,Avanos Medical Inc,,ACQUISITION,2026-07-24,provisional_stockanalysis_action_date_not_first_announcement,https://stockanalysis.com/actions/acquisitions/2026/,stockanalysis_company_page,-,American Industrial Partners Corp,2026-07-24 12:00:00+00:00,provisional_stockanalysis_action_date_not_first_announcement,2026-07-02 14:10:31+00:00,sec_candidate,3.0,acquirer_name,8-K,0001606498-26-000085,https://www.sec.gov/Archives/edgar/data/1606498/000160649826000085/avns-20260702.htm
TMHC,0001562476,Taylor Morrison Home Corp,,ACQUISITION,2026-07-23,provisional_stockanalysis_action_date_not_first_announcement,https://stockanalysis.com/actions/acquisitions/2026/,stockanalysis_company_page,BRK.B,Berkshire Hathaway Inc,2026-07-23 12:00:00+00:00,provisional_stockanalysis_action_date_not_first_announcement,2026-06-01 11:00:21+00:00,sec_candidate,13.0,agreement\s+and\s+plan\s+of\s+merger|merger\s+agreement|definitive\s+agreement|entered\s+into\s+.*(?:merger|acquisition)|acquirer_name|item_1_01_transaction,8-K,0001193125-26-249694,https://www.sec.gov/Archives/edgar/data/1562476/000119312526249694/d111152d8k.htm
NSA,0001618563,National Storage Affiliates Trust,,ACQUISITION,2026-07-21,provisional_stockanalysis_action_date_not_first_announcement,https://stockanalysis.com/actions/acquisitions/2026/,stockanalysis_company_page,PSA,Public Storage,2026-07-21 12:00:00+00:00,provisional_stockanalysis_action_date_not_first_announcement,2026-07-08 12:30:24+00:00,sec_candidate,10.0,agreement\s+and\s+plan\s+of\s+merger|merger\s+agreement|entered\s+into\s+.*(?:merger|acquisition)|acquirer_name|acquirer_symbol,8-K,0001104659-26-081584,https://www.sec.gov/Archives/edgar/data/1618563/000110465926081584/tm2619947d1_8k.htm
KORE,0001855457,Kore Group Holdings Inc,,ACQUISITION,2026-07-21,provisional_stockanalysis_action_date_not_first_announcement,https://stockanalysis.com/actions/acquisitions/2026/,stockanalysis_company_page,-,Abry Partners LLC,2026-07-21 12:00:00+00:00,provisional_stockanalysis_action_date_not_first_announcement,2026-07-09 20:47:01+00:00,sec_candidate,6.0,agreement\s+and\s+plan\s+of\s+merger|merger\s+agreement|entered\s+into\s+.*(?:merger|acquisition),8-K,0001140361-26-028120,https://www.sec.gov/Archives/edgar/data/1855457/000114036126028120/ef20077619_8k.htm
CCRN,0001141103,Cross Country Healthcare Inc,,ACQUISITION,2026-07-21,provisional_stockanalysis_action_date_not_first_announcement,https://stockanalysis.com/actions/acquisitions/2026/,stockanalysis_company_page,-,Knox Lane Lp,2026-07-21 12:00:00+00:00,provisional_stockanalysis_action_date_not_first_announcement,2026-06-23 12:30:25+00:00,sec_candidate,6.0,agreement\s+and\s+plan\s+of\s+merger|merger\s+agreement|entered\s+into\s+.*(?:merger|acquisition),8-K,0000950103-26-009315,https://www.sec.gov/Archives/edgar/data/1141103/000095010326009315/dp248764_8k.htm
NFBK,0001493225,Northfield Bancorp Inc,,ACQUISITION,2026-07-20,provisional_stockanalysis_action_date_not_first_announcement,https://stockanalysis.com/actions/acquisitions/,stockanalysis_company_page,CLBK,Columbia Financial Inc,2026-07-20 12:00:00+00:00,provisional_stockanalysis_action_date_not_first_announcement,2026-06-26 20:37:05+00:00,sec_candidate,7.0,agreement\s+and\s+plan\s+of\s+merger|merger\s+agreement|acquirer_name,8-K,0001493225-26-000062,https://www.sec.gov/Archives/edgar/data/1493225/000149322526000062/nfbk-20260625.htm
CPRX,0001369568,Catalyst Pharmaceuticals Inc,,ACQUISITION,2026-07-15,provisional_stockanalysis_action_date_not_first_announcement,https://stockanalysis.com/actions/acquisitions/,stockanalysis_company_page,-,Angelini Pharma SpA,2026-07-15 12:00:00+00:00,provisional_stockanalysis_action_date_not_first_announcement,2026-06-23 21:15:09+00:00,sec_candidate,6.0,agreement\s+and\s+plan\s+of\s+merger|merger\s+agreement|entered\s+into\s+.*(?:merger|acquisition),8-K,0001193125-26-279776,https://www.sec.gov/Archives/edgar/data/1369568/000119312526279776/d166178d8k.htm
NUVL,0001861560,Nuvalent Inc,,ACQUISITION,2026-07-15,provisional_stockanalysis_action_date_not_first_announcement,https://stockanalysis.com/actions/acquisitions/2026/,stockanalysis_company_page,GSK,Gsk PLC,2026-07-15 12:00:00+00:00,provisional_stockanalysis_action_date_not_first_announcement,2026-06-09 11:03:35+00:00,sec_candidate,13.0,agreement\s+and\s+plan\s+of\s+merger|merger\s+agreement|definitive\s+agreement|tender\s+offer|entered\s+into\s+.*(?:merger|acquisition)|acquirer_symbol|item_1_01_transaction,8-K,0001193125-26-262950,https://www.sec.gov/Archives/edgar/data/1861560/000119312526262950/d137459d8k.htm
GTLS,0000892553,Chart Industries Inc,,ACQUISITION,2026-07-15,provisional_stockanalysis_action_date_not_first_announcement,https://stockanalysis.com/actions/acquisitions/2026/,stockanalysis_company_page,BKR,Baker Hughes Co.,2026-07-15 12:00:00+00:00,provisional_stockanalysis_action_date_not_first_announcement,2026-05-21 20:01:14+00:00,sec_candidate,11.0,agreement\s+and\s+plan\s+of\s+merger|merger\s+agreement|will\s+be\s+acquired|entered\s+into\s+.*(?:merger|acquisition)|acquirer_name,8-K,0001193125-26-234381,https://www.sec.gov/Archives/edgar/data/892553/000119312526234381/d13051d8k.htm
ESPR,0001434868,Esperion Therapeutics Inc,,ACQUISITION,2026-07-13,provisional_stockanalysis_action_date_not_first_announcement,https://stockanalysis.com/actions/acquisitions/,stockanalysis_company_page,-,Archimed,2026-07-13 12:00:00+00:00,provisional_stockanalysis_action_date_not_first_announcement,2026-06-09 20:01:28+00:00,sec_candidate,9.0,agreement\s+and\s+plan\s+of\s+merger|merger\s+agreement|entered\s+into\s+.*(?:merger|acquisition)|acquirer_name,8-K,0001104659-26-071814,https://www.sec.gov/Archives/edgar/data/1434868/000110465926071814/tm2617356d1_8k.htm
XOMA,0000791908,Xoma Royalty Corp,,ACQUISITION,2026-07-13,provisional_stockanalysis_action_date_not_first_announcement,https://stockanalysis.com/actions/acquisitions/,stockanalysis_company_page,LGND,Ligand Pharmaceuticals Inc,2026-07-13 12:00:00+00:00,provisional_stockanalysis_action_date_not_first_announcement,2026-05-18 13:11:42+00:00,sec_candidate,13.0,agreement\s+and\s+plan\s+of\s+merger|merger\s+agreement|definitive\s+agreement|entered\s+into\s+.*(?:merger|acquisition)|acquirer_name|item_1_01_transaction,8-K,0001193125-26-228031,https://www.sec.gov/Archives/edgar/data/791908/000119312526228031/d130820d8k.htm
WSR,0001175535,Whitestone Reit,,ACQUISITION,2026-07-13,provisional_stockanalysis_action_date_not_first_announcement,https://stockanalysis.com/actions/acquisitions/2026/,stockanalysis_company_page,ARES,Ares Management Corp,2026-07-13 12:00:00+00:00,provisional_stockanalysis_action_date_not_first_announcement,2026-04-09 10:12:34+00:00,sec_candidate,14.0,agreement\s+and\s+plan\s+of\s+merger|merger\s+agreement|definitive\s+agreement|entered\s+into\s+.*(?:merger|acquisition)|acquirer_name|acquirer_symbol|item_1_01_transaction,8-K,0001193125-26-148793,https://www.sec.gov/Archives/edgar/data/1175535/000119312526148793/d898183d8k.htm
EEX,0001579214,Emerald Holding Inc,,ACQUISITION,2026-07-13,provisional_stockanalysis_action_date_not_first_announcement,https://stockanalysis.com/actions/acquisitions/,stockanalysis_company_page,APO,Apollo Global Management Inc,2026-07-13 12:00:00+00:00,provisional_stockanalysis_action_date_not_first_announcement,2026-05-11 10:49:40+00:00,sec_candidate,13.0,agreement\s+and\s+plan\s+of\s+merger|merger\s+agreement|definitive\s+agreement|entered\s+into\s+.*(?:merger|acquisition)|acquirer_name|item_1_01_transaction,8-K,0001193125-26-215652,https://www.sec.gov/Archives/edgar/data/1579214/000119312526215652/d22741d8k.htm
TBRG,0001169445,Trubridge Inc,,ACQUISITION,2026-07-08,provisional_stockanalysis_action_date_not_first_announcement,https://stockanalysis.com/actions/acquisitions/2026/,stockanalysis_company_page,-,Iks Health,2026-07-08 12:00:00+00:00,provisional_stockanalysis_action_date_not_first_announcement,2026-06-23 13:00:06+00:00,sec_candidate,6.0,agreement\s+and\s+plan\s+of\s+merger|merger\s+agreement|entered\s+into\s+.*(?:merger|acquisition),8-K,0001193125-26-278592,https://www.sec.gov/Archives/edgar/data/1169445/000119312526278592/d113709d8k.htm
OLPX,0001868726,Olaplex Holdings Inc,,ACQUISITION,2026-07-07,provisional_stockanalysis_action_date_not_first_announcement,https://stockanalysis.com/actions/acquisitions/2026/,stockanalysis_company_page,HENKY,Henkel Ag & Co Kgaa,2026-07-07 12:00:00+00:00,provisional_stockanalysis_action_date_not_first_announcement,2026-03-26 20:30:17+00:00,sec_candidate,12.0,agreement\s+and\s+plan\s+of\s+merger|merger\s+agreement|definitive\s+agreement|acquisition\s+agreement|entered\s+into\s+.*(?:merger|acquisition)|item_1_01_transaction,8-K,0001193125-26-126362,https://www.sec.gov/Archives/edgar/data/1868726/000119312526126362/d119132d8k.htm
BLD,0001633931,Topbuild Corp,,ACQUISITION,2026-06-30,provisional_stockanalysis_action_date_not_first_announcement,https://stockanalysis.com/actions/acquisitions/2026/,stockanalysis_company_page,QXO,Qxo Inc,2026-06-30 12:00:00+00:00,provisional_stockanalysis_action_date_not_first_announcement,2026-06-16 12:57:07+00:00,sec_candidate,3.0,agreement\s+and\s+plan\s+of\s+merger|acquirer_symbol,8-K,0001104659-26-074350,https://www.sec.gov/Archives/edgar/data/1633931/000110465926074350/bld-20260615x8k.htm
STEL,0001473844,Stellar Bancorp Inc,,ACQUISITION,2026-06-30,provisional_stockanalysis_action_date_not_first_announcement,https://stockanalysis.com/actions/acquisitions/2026/,stockanalysis_company_page,PB,Prosperity Bancshares Inc,2026-06-30 12:00:00+00:00,provisional_stockanalysis_action_date_not_first_announcement,2026-05-20 21:00:39+00:00,sec_candidate,9.0,agreement\s+and\s+plan\s+of\s+merger|merger\s+agreement|entered\s+into\s+.*(?:merger|acquisition)|acquirer_name,8-K,0001193125-26-232794,https://www.sec.gov/Archives/edgar/data/1473844/000119312526232794/d227903d8k.htm
JHG,0001274173,Janus Henderson Group PLC,,ACQUISITION,2026-06-30,provisional_stockanalysis_action_date_not_first_announcement,https://stockanalysis.com/actions/acquisitions/,stockanalysis_company_page,-,Trian Fund Management Lp,2026-06-30 12:00:00+00:00,provisional_stockanalysis_action_date_not_first_announcement,2026-06-18 12:44:32+00:00,sec_candidate,10.0,agreement\s+and\s+plan\s+of\s+merger|merger\s+agreement|definitive\s+agreement|entered\s+into\s+.*(?:merger|acquisition)|item_1_01_transaction,8-K,0001104659-26-075457,https://www.sec.gov/Archives/edgar/data/1274173/000110465926075457/tm2618260d1_8k.htm
SEM,0001320414,Select Medical Holdings Corp,,ACQUISITION,2026-06-30,provisional_stockanalysis_action_date_not_first_announcement,https://stockanalysis.com/actions/acquisitions/2026/,stockanalysis_company_page,-,Welsh Carson Anderson & Stowe,2026-06-30 12:00:00+00:00,provisional_stockanalysis_action_date_not_first_announcement,2026-06-22 11:38:15+00:00,sec_candidate,7.0,agreement\s+and\s+plan\s+of\s+merger|merger\s+agreement|acquirer_name,8-K,0001104659-26-076085,https://www.sec.gov/Archives/edgar/data/1320414/000110465926076085/tm2618429d1_8k.htm
SILA,0001567925,Sila Realty Trust Inc,,ACQUISITION,2026-06-30,provisional_stockanalysis_action_date_not_first_announcement,https://stockanalysis.com/actions/acquisitions/,stockanalysis_company_page,OWL,Blue Owl Capital Inc,2026-06-30 12:00:00+00:00,provisional_stockanalysis_action_date_not_first_announcement,2026-06-17 21:22:19+00:00,sec_candidate,7.0,agreement\s+and\s+plan\s+of\s+merger|merger\s+agreement|entered\s+into\s+.*(?:merger|acquisition)|acquirer_symbol,8-K,0001140361-26-025609,https://www.sec.gov/Archives/edgar/data/1567925/000114036126025609/ef20076359_8k.htm
PRA,0001127703,Proassurance Corp,,ACQUISITION,2026-06-25,provisional_stockanalysis_action_date_not_first_announcement,https://stockanalysis.com/actions/acquisitions/2026/,stockanalysis_company_page,-,The Doctors Company,2026-06-25 12:00:00+00:00,provisional_stockanalysis_action_date_not_first_announcement,2026-06-02 20:15:58+00:00,sec_candidate,9.0,agreement\s+and\s+plan\s+of\s+merger|merger\s+agreement|entered\s+into\s+.*(?:merger|acquisition)|acquirer_name,8-K,0001127703-26-000021,https://www.sec.gov/Archives/edgar/data/1127703/000112770326000021/pra-20260602.htm
CWAN,0001866368,Clearwater Analytics Holdings Inc,,ACQUISITION,2026-06-24,provisional_stockanalysis_action_date_not_first_announcement,https://stockanalysis.com/actions/acquisitions/,stockanalysis_company_page,-,Permira Holdings Ltd.,2026-06-24 12:00:00+00:00,provisional_stockanalysis_action_date_not_first_announcement,2026-05-07 11:47:35+00:00,sec_candidate,6.0,agreement\s+and\s+plan\s+of\s+merger|merger\s+agreement|entered\s+into\s+.*(?:merger|acquisition),8-K,0001193125-26-210384,https://www.sec.gov/Archives/edgar/data/1866368/000119312526210384/d129244d8k.htm
CNTA,0001847903,Centessa Pharmaceuticals PLC,,ACQUISITION,2026-06-23,provisional_stockanalysis_action_date_not_first_announcement,https://stockanalysis.com/actions/acquisitions/2026/,stockanalysis_company_page,LLY,Eli Lilly & Co.,2026-06-23 12:00:00+00:00,provisional_stockanalysis_action_date_not_first_announcement,2026-03-31 20:21:59+00:00,sec_candidate,9.0,definitive\s+agreement|entered\s+into\s+.*(?:merger|acquisition)|acquirer_name|item_1_01_transaction,8-K,0001193125-26-134656,https://www.sec.gov/Archives/edgar/data/1847903/000119312526134656/d145970d8k.htm
ASRT,0001005201,Assertio Holdings Inc,,ACQUISITION,2026-06-16,provisional_stockanalysis_action_date_not_first_announcement,https://stockanalysis.com/actions/acquisitions/,stockanalysis_company_page,-,Zydus Lifesciences Ltd.,2026-06-16 12:00:00+00:00,provisional_stockanalysis_action_date_not_first_announcement,,no_candidate_filings_in_window,,,,,
KW,0001408100,Kennedy-wilson Holdings Inc,,ACQUISITION,2026-06-15,provisional_stockanalysis_action_date_not_first_announcement,https://stockanalysis.com/actions/acquisitions/2026/,stockanalysis_company_page,FRFHF,Fairfax Financial Holdings Ltd.,2026-06-15 12:00:00+00:00,provisional_stockanalysis_action_date_not_first_announcement,2026-05-15 20:43:09+00:00,sec_candidate,7.0,agreement\s+and\s+plan\s+of\s+merger|merger\s+agreement|acquirer_name,8-K,0001193125-26-227040,https://www.sec.gov/Archives/edgar/data/1408100/000119312526227040/d119807d8k.htm
KALV,0001348911,Kalvista Pharmaceuticals Inc,,ACQUISITION,2026-06-12,provisional_stockanalysis_action_date_not_first_announcement,https://stockanalysis.com/actions/acquisitions/,stockanalysis_company_page,-,Chiesi Farmaceutici SpA,2026-06-12 12:00:00+00:00,provisional_stockanalysis_action_date_not_first_announcement,2026-04-29 12:30:47+00:00,sec_candidate,14.0,agreement\s+and\s+plan\s+of\s+merger|merger\s+agreement|definitive\s+agreement|tender\s+offer|acquisition\s+agreement|entered\s+into\s+.*(?:merger|acquisition)|item_1_01_transaction,8-K,0001140361-26-017656,https://www.sec.gov/Archives/edgar/data/1348911/000114036126017656/ef20071670_8k.htm
MASI,0000937556,Masimo Corp,,ACQUISITION,2026-06-09,provisional_stockanalysis_action_date_not_first_announcement,https://stockanalysis.com/actions/acquisitions/,stockanalysis_company_page,DHR,Danaher Corp,2026-06-09 12:00:00+00:00,provisional_stockanalysis_action_date_not_first_announcement,2026-02-17 13:44:47+00:00,sec_candidate,16.0,agreement\s+and\s+plan\s+of\s+merger|merger\s+agreement|definitive\s+agreement|acquisition\s+agreement|entered\s+into\s+.*(?:merger|acquisition)|acquirer_name|acquirer_symbol|item_1_01_transaction,8-K,0001104659-26-015904,https://www.sec.gov/Archives/edgar/data/937556/000110465926015904/tm266533d1_8k.htm
FONR,0000355019,Fonar Corp,,ACQUISITION,2026-06-03,provisional_stockanalysis_action_date_not_first_announcement,https://stockanalysis.com/actions/acquisitions/,stockanalysis_company_page,-,Damadian Raymond V,2026-06-03 12:00:00+00:00,provisional_stockanalysis_action_date_not_first_announcement,2026-05-21 21:24:49+00:00,sec_candidate,8.0,agreement\s+and\s+plan\s+of\s+merger|merger\s+agreement|acquisition\s+agreement|entered\s+into\s+.*(?:merger|acquisition),8-K,0001193125-26-234914,https://www.sec.gov/Archives/edgar/data/355019/000119312526234914/d53330d8k.htm
FFIC,0000923139,Flushing Financial Corp,,ACQUISITION,2026-06-01,provisional_stockanalysis_action_date_not_first_announcement,https://stockanalysis.com/actions/acquisitions/,stockanalysis_company_page,OCFC,Oceanfirst Financial Corp,2026-06-01 12:00:00+00:00,provisional_stockanalysis_action_date_not_first_announcement,2026-04-06 23:33:40+00:00,sec_candidate,7.0,agreement\s+and\s+plan\s+of\s+merger|merger\s+agreement|acquirer_name,8-K,0001193125-26-144221,https://www.sec.gov/Archives/edgar/data/923139/000119312526144221/d145325d8k.htm
NVRI,0002104052,Enviri Corp,NYSE,ACQUISITION,2026-05-29,provisional_stockanalysis_action_date_not_first_announcement,https://stockanalysis.com/actions/acquisitions/,sec_company_tickers_exchange,VEOEY,Veolia Environnement,2026-05-29 12:00:00+00:00,provisional_stockanalysis_action_date_not_first_announcement,2026-06-01 21:18:36+00:00,sec_candidate,13.0,agreement\s+and\s+plan\s+of\s+merger|merger\s+agreement|definitive\s+agreement|entered\s+into\s+.*(?:merger|acquisition)|acquirer_name|item_1_01_transaction,8-K,0001193125-26-251752,https://www.sec.gov/Archives/edgar/data/2104052/000119312526251752/d258410d8k.htm
THR,0001489096,Thermon Group Holdings Inc,,ACQUISITION,2026-05-29,provisional_stockanalysis_action_date_not_first_announcement,https://stockanalysis.com/actions/acquisitions/,stockanalysis_company_page,CECO,Ceco Environmental Corp,2026-05-29 12:00:00+00:00,provisional_stockanalysis_action_date_not_first_announcement,2026-05-28 12:10:32+00:00,sec_candidate,10.0,agreement\s+and\s+plan\s+of\s+merger|merger\s+agreement|entered\s+into\s+.*(?:merger|acquisition)|acquirer_name|acquirer_symbol,8-K,0001104659-26-067251,https://www.sec.gov/Archives/edgar/data/1489096/000110465926067251/tm2615817d1_8k.htm
AMWD,0000794619,American Woodmark Corp,,ACQUISITION,2026-05-28,provisional_stockanalysis_action_date_not_first_announcement,https://stockanalysis.com/actions/acquisitions/,stockanalysis_company_page,MBC,Masterbrand Inc,2026-05-28 12:00:00+00:00,provisional_stockanalysis_action_date_not_first_announcement,2026-04-22 20:23:30+00:00,sec_candidate,9.0,agreement\s+and\s+plan\s+of\s+merger|merger\s+agreement|entered\s+into\s+.*(?:merger|acquisition)|acquirer_name,8-K,0000794619-26-000011,https://www.sec.gov/Archives/edgar/data/794619/000079461926000011/amwd-20260417.htm
CVGW,0001133470,Calavo Growers Inc,,ACQUISITION,2026-05-28,provisional_stockanalysis_action_date_not_first_announcement,https://stockanalysis.com/actions/acquisitions/,stockanalysis_company_page,AVO,Mission Produce Inc,2026-05-28 12:00:00+00:00,provisional_stockanalysis_action_date_not_first_announcement,2026-04-20 10:01:18+00:00,sec_candidate,9.0,agreement\s+and\s+plan\s+of\s+merger|merger\s+agreement|entered\s+into\s+.*(?:merger|acquisition)|acquirer_name,8-K,0001193125-26-162551,https://www.sec.gov/Archives/edgar/data/1133470/000119312526162551/d102106d8k.htm
VRE,0000924901,Veris Residential Inc,,ACQUISITION,2026-05-26,provisional_stockanalysis_action_date_not_first_announcement,https://stockanalysis.com/actions/acquisitions/,stockanalysis_company_page,-,Vista Hill Investments LLC,2026-05-26 12:00:00+00:00,provisional_stockanalysis_action_date_not_first_announcement,2026-05-15 20:03:59+00:00,sec_candidate,6.0,agreement\s+and\s+plan\s+of\s+merger|merger\s+agreement|entered\s+into\s+.*(?:merger|acquisition),8-K,0001104659-26-062482,https://www.sec.gov/Archives/edgar/data/924901/000110465926062482/tm2614723d1_8k.htm
MCW,0001853513,Mister Car Wash Inc,,ACQUISITION,2026-05-19,provisional_stockanalysis_action_date_not_first_announcement,https://stockanalysis.com/actions/acquisitions/,stockanalysis_company_page,-,Leonard Green & Partners Lp,2026-05-19 12:00:00+00:00,provisional_stockanalysis_action_date_not_first_announcement,2026-02-18 12:15:18+00:00,sec_candidate,15.0,agreement\s+and\s+plan\s+of\s+merger|merger\s+agreement|definitive\s+agreement|acquisition\s+agreement|entered\s+into\s+.*(?:merger|acquisition)|acquirer_name|item_1_01_transaction,8-K,0001193125-26-056047,https://www.sec.gov/Archives/edgar/data/1853513/000119312526056047/d113732d8k.htm
SLNO,0001484565,Soleno Therapeutics Inc,,ACQUISITION,2026-05-18,provisional_stockanalysis_action_date_not_first_announcement,https://stockanalysis.com/actions/acquisitions/,stockanalysis_company_page,NBIX,Neurocrine Biosciences Inc,2026-05-18 12:00:00+00:00,provisional_stockanalysis_action_date_not_first_announcement,2026-04-06 11:46:57+00:00,sec_candidate,17.0,agreement\s+and\s+plan\s+of\s+merger|merger\s+agreement|definitive\s+agreement|tender\s+offer|acquisition\s+agreement|entered\s+into\s+.*(?:merger|acquisition)|acquirer_name|item_1_01_transaction,8-K,0001193125-26-142911,https://www.sec.gov/Archives/edgar/data/1484565/000119312526142911/d142985d8k.htm
APLS,0001492422,Apellis Pharmaceuticals Inc,,ACQUISITION,2026-05-15,provisional_stockanalysis_action_date_not_first_announcement,https://stockanalysis.com/actions/acquisitions/,stockanalysis_company_page,BIIB,Biogen Inc,2026-05-15 12:00:00+00:00,provisional_stockanalysis_action_date_not_first_announcement,2026-03-31 21:08:58+00:00,sec_candidate,16.0,agreement\s+and\s+plan\s+of\s+merger|merger\s+agreement|definitive\s+agreement|tender\s+offer|entered\s+into\s+.*(?:merger|acquisition)|acquirer_name|acquirer_symbol|item_1_01_transaction,8-K,0001193125-26-134916,https://www.sec.gov/Archives/edgar/data/1492422/000119312526134916/d132653d8k.htm
FORA,0001829280,Forian Inc,,ACQUISITION,2026-05-14,provisional_stockanalysis_action_date_not_first_announcement,https://stockanalysis.com/actions/acquisitions/,stockanalysis_company_page,-,2025 Acquisition Company LLC,2026-05-14 12:00:00+00:00,provisional_stockanalysis_action_date_not_first_announcement,2026-04-03 13:06:29+00:00,sec_candidate,15.0,agreement\s+and\s+plan\s+of\s+merger|merger\s+agreement|definitive\s+agreement|tender\s+offer|entered\s+into\s+.*(?:merger|acquisition)|acquirer_name|item_1_01_transaction,8-K,0001140361-26-013124,https://www.sec.gov/Archives/edgar/data/1829280/000114036126013124/ef20069813_8k.htm
MPX,0001129155,Marine Products Corp,,ACQUISITION,2026-05-14,provisional_stockanalysis_action_date_not_first_announcement,https://stockanalysis.com/actions/acquisitions/,stockanalysis_company_page,MCFT,Mastercraft Boat Holdings Inc,2026-05-14 12:00:00+00:00,provisional_stockanalysis_action_date_not_first_announcement,2026-05-01 20:30:32+00:00,sec_candidate,9.0,agreement\s+and\s+plan\s+of\s+merger|merger\s+agreement|entered\s+into\s+.*(?:merger|acquisition)|acquirer_name,8-K,0001104659-26-054177,https://www.sec.gov/Archives/edgar/data/1129155/000110465926054177/tm2613323d1_8k.htm
EHAB,0001803737,Enhabit Inc,,ACQUISITION,2026-05-14,provisional_stockanalysis_action_date_not_first_announcement,https://stockanalysis.com/actions/acquisitions/,stockanalysis_company_page,-,Kinderhook Industries LLC,2026-05-14 12:00:00+00:00,provisional_stockanalysis_action_date_not_first_announcement,2026-04-16 20:28:56+00:00,sec_candidate,11.0,agreement\s+and\s+plan\s+of\s+merger|merger\s+agreement|will\s+be\s+acquired|entered\s+into\s+.*(?:merger|acquisition)|acquirer_name,8-K,0001193125-26-159105,https://www.sec.gov/Archives/edgar/data/1803737/000119312526159105/d37819d8k.htm
TPH,0001561680,Tri Pointe Homes Inc,,ACQUISITION,2026-05-13,provisional_stockanalysis_action_date_not_first_announcement,https://stockanalysis.com/actions/acquisitions/,stockanalysis_company_page,SMFRF,Sumitomo Forestry Co Ltd.,2026-05-13 12:00:00+00:00,provisional_stockanalysis_action_date_not_first_announcement,2026-04-16 20:44:41+00:00,sec_candidate,7.0,agreement\s+and\s+plan\s+of\s+merger|merger\s+agreement|acquirer_name,8-K,0001193125-26-159169,https://www.sec.gov/Archives/edgar/data/1561680/000119312526159169/d130777d8k.htm
CSGS,0001005757,Csg Systems International Inc,,ACQUISITION,2026-05-13,provisional_stockanalysis_action_date_not_first_announcement,https://stockanalysis.com/actions/acquisitions/,stockanalysis_company_page,NECPY,Nec Corp,2026-05-13 12:00:00+00:00,provisional_stockanalysis_action_date_not_first_announcement,2026-05-11 21:19:18+00:00,sec_candidate,6.0,agreement\s+and\s+plan\s+of\s+merger|merger\s+agreement|entered\s+into\s+.*(?:merger|acquisition),8-K,0001193125-26-217132,https://www.sec.gov/Archives/edgar/data/1005757/000119312526217132/d315608d8k.htm
SNCY,0001743907,Sun Country Airlines Holdings Inc,,ACQUISITION,2026-05-12,provisional_stockanalysis_action_date_not_first_announcement,https://stockanalysis.com/actions/acquisitions/,stockanalysis_company_page,ALGT,Allegiant Travel Co.,2026-05-12 12:00:00+00:00,provisional_stockanalysis_action_date_not_first_announcement,2026-04-15 21:22:12+00:00,sec_candidate,9.0,agreement\s+and\s+plan\s+of\s+merger|merger\s+agreement|entered\s+into\s+.*(?:merger|acquisition)|acquirer_name,8-K,0001140361-26-014843,https://www.sec.gov/Archives/edgar/data/1743907/000114036126014843/ef20070584_8k.htm
KZR,0001645666,Kezar Life Sciences Inc,,ACQUISITION,2026-05-11,provisional_stockanalysis_action_date_not_first_announcement,https://stockanalysis.com/actions/acquisitions/,stockanalysis_company_page,AUPH,Aurinia Pharmaceuticals Inc,2026-05-11 12:00:00+00:00,provisional_stockanalysis_action_date_not_first_announcement,2026-03-12 13:11:56+00:00,sec_candidate,8.0,definitive\s+agreement|change\s+of\s+control|entered\s+into\s+.*(?:merger|acquisition)|item_1_01_transaction,8-K,0001628280-26-017046,https://www.sec.gov/Archives/edgar/data/1645666/000162828026017046/kzr-20260306.htm
UDMY,0001607939,Udemy Inc,,ACQUISITION,2026-05-11,provisional_stockanalysis_action_date_not_first_announcement,https://stockanalysis.com/actions/acquisitions/,stockanalysis_company_page,COUR,Coursera Inc,2026-05-11 12:00:00+00:00,provisional_stockanalysis_action_date_not_first_announcement,2026-02-10 21:40:44+00:00,sec_candidate,10.0,agreement\s+and\s+plan\s+of\s+merger|merger\s+agreement|entered\s+into\s+.*(?:merger|acquisition)|acquirer_name|acquirer_symbol,8-K,0001607939-26-000017,https://www.sec.gov/Archives/edgar/data/1607939/000160793926000017/udmy-20260209.htm
EWCZ,0001856236,European Wax Center Inc,,ACQUISITION,2026-05-08,provisional_stockanalysis_action_date_not_first_announcement,https://stockanalysis.com/actions/acquisitions/,stockanalysis_company_page,-,General Atlantic,2026-05-08 12:00:00+00:00,provisional_stockanalysis_action_date_not_first_announcement,2026-02-10 12:08:11+00:00,sec_candidate,15.0,agreement\s+and\s+plan\s+of\s+merger|merger\s+agreement|definitive\s+agreement|acquisition\s+agreement|entered\s+into\s+.*(?:merger|acquisition)|acquirer_name|item_1_01_transaction,8-K,0001193125-26-043656,https://www.sec.gov/Archives/edgar/data/1856236/000119312526043656/d71794d8k.htm
CTLP,0000896429,Cantaloupe Inc,,ACQUISITION,2026-05-07,provisional_stockanalysis_action_date_not_first_announcement,https://stockanalysis.com/actions/acquisitions/,stockanalysis_company_page,-,365 Retail Markets LLC,2026-05-07 12:00:00+00:00,provisional_stockanalysis_action_date_not_first_announcement,2026-05-01 20:23:15+00:00,sec_candidate,9.0,agreement\s+and\s+plan\s+of\s+merger|merger\s+agreement|entered\s+into\s+.*(?:merger|acquisition)|acquirer_name,8-K,0001140361-26-018563,https://www.sec.gov/Archives/edgar/data/896429/000114036126018563/ef20069668_8k.htm
CTRA,0000858470,Coterra Energy Inc,,ACQUISITION,2026-05-06,provisional_stockanalysis_action_date_not_first_announcement,https://stockanalysis.com/actions/acquisitions/,stockanalysis_company_page,DVN,Devon Energy Corp,2026-05-06 12:00:00+00:00,provisional_stockanalysis_action_date_not_first_announcement,2026-04-02 21:01:35+00:00,sec_candidate,9.0,agreement\s+and\s+plan\s+of\s+merger|merger\s+agreement|entered\s+into\s+.*(?:merger|acquisition)|acquirer_name,8-K,0001104659-26-039239,https://www.sec.gov/Archives/edgar/data/858470/000110465926039239/tm2611051d1_8k.htm
PKST,0001600626,Peakstone Realty Trust,,ACQUISITION,2026-05-05,provisional_stockanalysis_action_date_not_first_announcement,https://stockanalysis.com/actions/acquisitions/,stockanalysis_company_page,BAM,Brookfield Asset Management Ltd.,2026-05-05 12:00:00+00:00,provisional_stockanalysis_action_date_not_first_announcement,2026-02-02 14:27:10+00:00,sec_candidate,10.0,agreement\s+and\s+plan\s+of\s+merger|merger\s+agreement|definitive\s+agreement|entered\s+into\s+.*(?:merger|acquisition)|item_1_01_transaction,8-K,0001140361-26-003102,https://www.sec.gov/Archives/edgar/data/1600626/000114036126003102/ef20064511_8k.htm
TERN,0001831363,Terns Pharmaceuticals Inc,,ACQUISITION,2026-05-04,provisional_stockanalysis_action_date_not_first_announcement,https://stockanalysis.com/actions/acquisitions/,stockanalysis_company_page,MRK,Merck & Co Inc,2026-05-04 12:00:00+00:00,provisional_stockanalysis_action_date_not_first_announcement,2026-03-25 11:17:09+00:00,sec_candidate,15.0,agreement\s+and\s+plan\s+of\s+merger|merger\s+agreement|definitive\s+agreement|tender\s+offer|entered\s+into\s+.*(?:merger|acquisition)|acquirer_name|item_1_01_transaction,8-K,0001193125-26-122785,https://www.sec.gov/Archives/edgar/data/1831363/000119312526122785/d86253d8k.htm
FARM,0000034563,Farmer Brothers Co.,,ACQUISITION,2026-05-04,provisional_stockanalysis_action_date_not_first_announcement,https://stockanalysis.com/actions/acquisitions/,stockanalysis_company_page,-,Royal Cup Coffee & Tea,2026-05-04 12:00:00+00:00,provisional_stockanalysis_action_date_not_first_announcement,2026-04-21 20:15:28+00:00,sec_candidate,8.0,agreement\s+and\s+plan\s+of\s+merger|merger\s+agreement|change\s+of\s+control|entered\s+into\s+.*(?:merger|acquisition),8-K,0001104659-26-046012,https://www.sec.gov/Archives/edgar/data/34563/000110465926046012/tm2612214d1_8k.htm
UHG,0001830188,United Homes Group Inc,,ACQUISITION,2026-05-04,provisional_stockanalysis_action_date_not_first_announcement,https://stockanalysis.com/actions/acquisitions/,stockanalysis_company_page,-,Stanley Martin Homes,2026-05-04 12:00:00+00:00,provisional_stockanalysis_action_date_not_first_announcement,2026-02-23 12:35:52+00:00,sec_candidate,19.0,agreement\s+and\s+plan\s+of\s+merger|merger\s+agreement|definitive\s+agreement|business\s+combination\s+agreement|change\s+of\s+control|acquisition\s+agreement|entered\s+into\s+.*(?:merger|acquisition)|acquirer_name|item_1_01_transaction,8-K,0001104659-26-018344,https://www.sec.gov/Archives/edgar/data/1830188/000110465926018344/tm266691d1_8k.htm
LNKB,0001756701,Linkbancorp Inc,,ACQUISITION,2026-05-01,provisional_stockanalysis_action_date_not_first_announcement,https://stockanalysis.com/actions/acquisitions/,stockanalysis_company_page,BHRB,Burke & Herbert Financial Services Corp,2026-05-01 12:00:00+00:00,provisional_stockanalysis_action_date_not_first_announcement,2025-12-18 21:18:16+00:00,sec_candidate,14.0,agreement\s+and\s+plan\s+of\s+merger|merger\s+agreement|definitive\s+agreement|entered\s+into\s+.*(?:merger|acquisition)|acquirer_name|acquirer_symbol|item_1_01_transaction,8-K,0001193125-25-324855,https://www.sec.gov/Archives/edgar/data/1756701/000119312525324855/d937303d8k.htm
STKL,0000351834,Sunopta Inc,,ACQUISITION,2026-05-01,provisional_stockanalysis_action_date_not_first_announcement,https://stockanalysis.com/actions/acquisitions/,stockanalysis_company_page,-,Refresco Group Nv,2026-05-01 12:00:00+00:00,provisional_stockanalysis_action_date_not_first_announcement,2026-02-06 14:26:45+00:00,sec_candidate,10.0,definitive\s+agreement|change\s+of\s+control|acquisition\s+agreement|entered\s+into\s+.*(?:merger|acquisition)|item_1_01_transaction,8-K,0001062993-26-000660,https://www.sec.gov/Archives/edgar/data/351834/000106299326000660/form8k.htm
GDEN,0001071255,Golden Entertainment Inc,,ACQUISITION,2026-04-29,provisional_stockanalysis_action_date_not_first_announcement,https://stockanalysis.com/actions/acquisitions/,stockanalysis_company_page,VICI,Vici Properties Inc,2026-04-29 12:00:00+00:00,provisional_stockanalysis_action_date_not_first_announcement,2026-03-31 23:54:19+00:00,sec_candidate,6.0,entered\s+into\s+.*(?:merger|acquisition)|acquirer_name|acquirer_symbol,8-K,0001071255-26-000020,https://www.sec.gov/Archives/edgar/data/1071255/000107125526000020/gden-20260331.htm
ACLX,0001786205,Arcellx Inc,,ACQUISITION,2026-04-28,provisional_stockanalysis_action_date_not_first_announcement,https://stockanalysis.com/actions/acquisitions/,stockanalysis_company_page,GILD,Gilead Sciences Inc,2026-04-28 12:00:00+00:00,provisional_stockanalysis_action_date_not_first_announcement,2026-02-23 21:05:25+00:00,sec_candidate,17.0,agreement\s+and\s+plan\s+of\s+merger|merger\s+agreement|definitive\s+agreement|tender\s+offer|acquisition\s+agreement|entered\s+into\s+.*(?:merger|acquisition)|acquirer_name|item_1_01_transaction,8-K,0001193125-26-063955,https://www.sec.gov/Archives/edgar/data/1786205/000119312526063955/d112937d8k.htm
EM,0001834253,Smart Share Global Ltd.,,ACQUISITION,2026-04-28,provisional_stockanalysis_action_date_not_first_announcement,https://stockanalysis.com/actions/acquisitions/,stockanalysis_company_page,-,Mobile Charging Investment Limited,2026-04-28 12:00:00+00:00,provisional_stockanalysis_action_date_not_first_announcement,,no_candidate_filings,,,,,
FOLD,0001178879,Amicus Therapeutics Inc,,ACQUISITION,2026-04-27,provisional_stockanalysis_action_date_not_first_announcement,https://stockanalysis.com/actions/acquisitions/,stockanalysis_company_page,BMRN,Biomarin Pharmaceutical Inc,2026-04-27 12:00:00+00:00,provisional_stockanalysis_action_date_not_first_announcement,2026-03-03 21:06:40+00:00,sec_candidate,7.0,agreement\s+and\s+plan\s+of\s+merger|merger\s+agreement|acquirer_name,8-K,0001140361-26-007544,https://www.sec.gov/Archives/edgar/data/1178879/000114036126007544/ny20062454x6_8k.htm
SEMR,0001831840,Semrush Holdings Inc,,ACQUISITION,2026-04-27,provisional_stockanalysis_action_date_not_first_announcement,https://stockanalysis.com/actions/acquisitions/,stockanalysis_company_page,ADBE,Adobe Inc,2026-04-27 12:00:00+00:00,provisional_stockanalysis_action_date_not_first_announcement,2026-01-26 21:30:16+00:00,sec_candidate,13.0,agreement\s+and\s+plan\s+of\s+merger|merger\s+agreement|definitive\s+agreement|change\s+of\s+control|entered\s+into\s+.*(?:merger|acquisition)|acquirer_name,8-K,0001628280-26-003416,https://www.sec.gov/Archives/edgar/data/1831840/000162828026003416/semr-20260126.htm
DAWN,0001845337,Day One Biopharmaceuticals Inc,,ACQUISITION,2026-04-23,provisional_stockanalysis_action_date_not_first_announcement,https://stockanalysis.com/actions/acquisitions/,stockanalysis_company_page,-,Servier Pharmaceuticals LLC,2026-04-23 12:00:00+00:00,provisional_stockanalysis_action_date_not_first_announcement,2026-03-06 13:52:47+00:00,sec_candidate,15.0,agreement\s+and\s+plan\s+of\s+merger|merger\s+agreement|definitive\s+agreement|tender\s+offer|entered\s+into\s+.*(?:merger|acquisition)|acquirer_name|item_1_01_transaction,8-K,0001193125-26-095174,https://www.sec.gov/Archives/edgar/data/1845337/000119312526095174/d108979d8k.htm
DHIL,0000909108,Diamond Hill Investment Group Inc,,ACQUISITION,2026-04-21,provisional_stockanalysis_action_date_not_first_announcement,https://stockanalysis.com/actions/acquisitions/,stockanalysis_company_page,-,First Eagle Investment Management LLC,2026-04-21 12:00:00+00:00,provisional_stockanalysis_action_date_not_first_announcement,2026-04-17 20:39:54+00:00,sec_candidate,9.0,agreement\s+and\s+plan\s+of\s+merger|merger\s+agreement|entered\s+into\s+.*(?:merger|acquisition)|acquirer_name,8-K,0000950103-26-005886,https://www.sec.gov/Archives/edgar/data/909108/000095010326005886/dp245346_8k.htm
HTBK,0001053352,Heritage Commerce Corp,,ACQUISITION,2026-04-20,provisional_stockanalysis_action_date_not_first_announcement,https://stockanalysis.com/actions/acquisitions/,stockanalysis_company_page,CVBF,Cvb Financial Corp,2026-04-20 12:00:00+00:00,provisional_stockanalysis_action_date_not_first_announcement,2026-03-18 01:32:54+00:00,sec_candidate,8.0,merger\s+agreement|entered\s+into\s+.*(?:merger|acquisition)|acquirer_name|acquirer_symbol,8-K,0001193125-26-111645,https://www.sec.gov/Archives/edgar/data/1053352/000119312526111645/d72195d8k.htm
MRCC,0001512931,Monroe Capital Corp,,ACQUISITION,2026-04-14,provisional_stockanalysis_action_date_not_first_announcement,https://stockanalysis.com/actions/acquisitions/,stockanalysis_company_page,HRZN,Horizon Technology Finance Corp,2026-04-14 12:00:00+00:00,provisional_stockanalysis_action_date_not_first_announcement,2026-04-14 20:43:56+00:00,sec_candidate,10.0,agreement\s+and\s+plan\s+of\s+merger|merger\s+agreement|definitive\s+agreement|acquirer_name|acquirer_symbol,8-K,0001140361-26-014615,https://www.sec.gov/Archives/edgar/data/1512931/000114036126014615/ef20070437_8k.htm
SEE,0001012100,Sealed Air Corp,,ACQUISITION,2026-04-08,provisional_stockanalysis_action_date_not_first_announcement,https://stockanalysis.com/actions/acquisitions/,stockanalysis_company_page,-,Cd&r,2026-04-08 12:00:00+00:00,provisional_stockanalysis_action_date_not_first_announcement,2026-03-05 21:55:17+00:00,sec_candidate,9.0,agreement\s+and\s+plan\s+of\s+merger|merger\s+agreement|entered\s+into\s+.*(?:merger|acquisition)|acquirer_name,8-K,0001193125-26-094173,https://www.sec.gov/Archives/edgar/data/1012100/000119312526094173/d254616d8k.htm
AL,0001487712,Air Lease Corp,,ACQUISITION,2026-04-07,provisional_stockanalysis_action_date_not_first_announcement,https://stockanalysis.com/actions/acquisitions/,stockanalysis_company_page,SSUMY,Sumitomo Corp,2026-04-07 12:00:00+00:00,provisional_stockanalysis_action_date_not_first_announcement,2026-01-06 21:06:14+00:00,sec_candidate,6.0,agreement\s+and\s+plan\s+of\s+merger|merger\s+agreement|entered\s+into\s+.*(?:merger|acquisition),8-K,0001193125-26-004412,https://www.sec.gov/Archives/edgar/data/1487712/000119312526004412/d55546d8k.htm
SWKH,0001089907,Swk Holdings Corp,,ACQUISITION,2026-04-06,provisional_stockanalysis_action_date_not_first_announcement,https://stockanalysis.com/actions/acquisitions/,stockanalysis_company_page,RWAY,Runway Growth Finance Corp,2026-04-06 12:00:00+00:00,provisional_stockanalysis_action_date_not_first_announcement,2026-03-31 20:15:17+00:00,sec_candidate,8.0,agreement\s+and\s+plan\s+of\s+merger|merger\s+agreement|acquirer_name|acquirer_symbol,8-K,0001552781-26-000183,https://www.sec.gov/Archives/edgar/data/1089907/000155278126000183/e26163_swkh-8k.htm
HOLX,0000859737,Hologic Inc,,ACQUISITION,2026-04-06,provisional_stockanalysis_action_date_not_first_announcement,https://stockanalysis.com/actions/acquisitions/,stockanalysis_company_page,-,Tpg Capital Lp,2026-04-06 12:00:00+00:00,provisional_stockanalysis_action_date_not_first_announcement,2026-01-29 21:02:44+00:00,sec_candidate,3.0,acquirer_name,8-K,0001140361-26-002796,https://www.sec.gov/Archives/edgar/data/859737/000114036126002796/ef20064189_8k.htm
OS,0001889956,Onestream Inc,,ACQUISITION,2026-04-02,provisional_stockanalysis_action_date_not_first_announcement,https://stockanalysis.com/actions/acquisitions/,stockanalysis_company_page,-,Hg Capital,2026-04-02 12:00:00+00:00,provisional_stockanalysis_action_date_not_first_announcement,2026-01-06 22:20:37+00:00,sec_candidate,12.0,agreement\s+and\s+plan\s+of\s+merger|merger\s+agreement|definitive\s+agreement|change\s+of\s+control|entered\s+into\s+.*(?:merger|acquisition)|item_1_01_transaction,8-K,0001193125-26-004772,https://www.sec.gov/Archives/edgar/data/1889956/000119312526004772/d13008d8k.htm
BLFY,0001846017,Blue Foundry Bancorp,,ACQUISITION,2026-04-01,provisional_stockanalysis_action_date_not_first_announcement,https://stockanalysis.com/actions/acquisitions/,stockanalysis_company_page,FULT,Fulton Financial Corp,2026-04-01 12:00:00+00:00,provisional_stockanalysis_action_date_not_first_announcement,2025-11-25 11:30:29+00:00,sec_candidate,13.0,agreement\s+and\s+plan\s+of\s+merger|merger\s+agreement|definitive\s+agreement|entered\s+into\s+.*(?:merger|acquisition)|acquirer_name|item_1_01_transaction,8-K,0001193125-25-294478,https://www.sec.gov/Archives/edgar/data/1846017/000119312525294478/d922774d8k.htm
TBHC,0001056285,Brand House Collective Inc,,ACQUISITION,2026-04-01,provisional_stockanalysis_action_date_not_first_announcement,https://stockanalysis.com/actions/acquisitions/,stockanalysis_company_page,NXH,Neighborhood Intelligence Inc,2026-04-01 12:00:00+00:00,provisional_stockanalysis_action_date_not_first_announcement,2026-03-17 20:34:35+00:00,sec_candidate,4.0,agreement\s+and\s+plan\s+of\s+merger|merger\s+agreement,8-K,0001437749-26-008617,https://www.sec.gov/Archives/edgar/data/1056285/000143774926008617/tbhc20260317_8k.htm
GLDD,0001372020,Great Lakes Dredge & Dock Corp,,ACQUISITION,2026-03-31,provisional_stockanalysis_action_date_not_first_announcement,https://stockanalysis.com/actions/acquisitions/,stockanalysis_company_page,-,Saltchuk Resources Inc,2026-03-31 12:00:00+00:00,provisional_stockanalysis_action_date_not_first_announcement,2026-03-18 13:23:39+00:00,sec_candidate,5.0,tender\s+offer|acquirer_name,8-K,0001171843-26-001707,https://www.sec.gov/Archives/edgar/data/1372020/000117184326001707/f8k_031826.htm
ONTF,0001110611,On24 Inc,,ACQUISITION,2026-03-31,provisional_stockanalysis_action_date_not_first_announcement,https://stockanalysis.com/actions/acquisitions/,stockanalysis_company_page,-,Cvent LLC,2026-03-31 12:00:00+00:00,provisional_stockanalysis_action_date_not_first_announcement,2026-03-19 21:28:38+00:00,sec_candidate,11.0,agreement\s+and\s+plan\s+of\s+merger|merger\s+agreement|acquisition\s+agreement|entered\s+into\s+.*(?:merger|acquisition)|acquirer_name,8-K,0001193125-26-116242,https://www.sec.gov/Archives/edgar/data/1110611/000119312526116242/d110196d8k.htm
FFWM,0001413837,First Foundation Inc,,ACQUISITION,2026-03-31,provisional_stockanalysis_action_date_not_first_announcement,https://stockanalysis.com/actions/acquisitions/,stockanalysis_company_page,FSUN,Firstsun Capital Bancorp,2026-03-31 12:00:00+00:00,provisional_stockanalysis_action_date_not_first_announcement,2026-02-27 21:10:37+00:00,sec_candidate,7.0,agreement\s+and\s+plan\s+of\s+merger|merger\s+agreement|acquirer_name,8-K,0001104659-26-021558,https://www.sec.gov/Archives/edgar/data/1413837/000110465926021558/tm267298d3_8k.htm
UBFO,0001137547,United Security Bancshares,,ACQUISITION,2026-03-31,provisional_stockanalysis_action_date_not_first_announcement,https://stockanalysis.com/actions/acquisitions/,stockanalysis_company_page,CWBC,Community West Bancshares,2026-03-31 12:00:00+00:00,provisional_stockanalysis_action_date_not_first_announcement,2026-03-16 21:33:06+00:00,sec_candidate,6.0,merger\s+agreement|acquirer_name|acquirer_symbol,8-K,0001137547-26-000004,https://www.sec.gov/Archives/edgar/data/1137547/000113754726000004/ubfo-20260316.htm
DVS,0001542028,Dolly Varden Silver Corp,,ACQUISITION,2026-03-26,provisional_stockanalysis_action_date_not_first_announcement,https://stockanalysis.com/actions/acquisitions/,stockanalysis_company_page,CTGO,Contango Silver & Gold Inc,2026-03-26 12:00:00+00:00,provisional_stockanalysis_action_date_not_first_announcement,,no_candidate_filings,,,,,
NGD,0000800166,New Gold Inc,,ACQUISITION,2026-03-23,provisional_stockanalysis_action_date_not_first_announcement,https://stockanalysis.com/actions/acquisitions/,stockanalysis_company_page,CDE,Coeur Mining Inc,2026-03-23 12:00:00+00:00,provisional_stockanalysis_action_date_not_first_announcement,,no_candidate_filings_in_window,,,,,
TGNA,0000039899,Tegna Inc,,ACQUISITION,2026-03-20,provisional_stockanalysis_action_date_not_first_announcement,https://stockanalysis.com/actions/acquisitions/,stockanalysis_company_page,NXST,Nexstar Media Group Inc,2026-03-20 12:00:00+00:00,provisional_stockanalysis_action_date_not_first_announcement,2025-11-21 22:15:41+00:00,sec_candidate,7.0,agreement\s+and\s+plan\s+of\s+merger|merger\s+agreement|acquirer_name,8-K,0001104659-25-115057,https://www.sec.gov/Archives/edgar/data/39899/000110465925115057/tm2531511d1_8k.htm
EXAS,0001124140,Exact Sciences Corp,,ACQUISITION,2026-03-20,provisional_stockanalysis_action_date_not_first_announcement,https://stockanalysis.com/actions/acquisitions/,stockanalysis_company_page,ABT,Abbott Laboratories,2026-03-20 12:00:00+00:00,provisional_stockanalysis_action_date_not_first_announcement,2026-02-20 21:55:01+00:00,sec_candidate,7.0,agreement\s+and\s+plan\s+of\s+merger|merger\s+agreement|acquirer_name,8-K,0001193125-26-061570,https://www.sec.gov/Archives/edgar/data/1124140/000119312526061570/d56585d8k.htm
CFLT,0001699838,Confluent Inc,,ACQUISITION,2026-03-17,provisional_stockanalysis_action_date_not_first_announcement,https://stockanalysis.com/actions/acquisitions/,stockanalysis_company_page,IBM,International Business Machines Corp,2026-03-17 12:00:00+00:00,provisional_stockanalysis_action_date_not_first_announcement,2026-02-12 17:23:25+00:00,sec_candidate,9.0,agreement\s+and\s+plan\s+of\s+merger|merger\s+agreement|entered\s+into\s+.*(?:merger|acquisition)|acquirer_name,8-K,0001104659-26-014429,https://www.sec.gov/Archives/edgar/data/1699838/000110465926014429/tm266253d1_8k.htm
QIPT,0001540013,Quipt Home Medical Corp,,ACQUISITION,2026-03-17,provisional_stockanalysis_action_date_not_first_announcement,https://stockanalysis.com/actions/acquisitions/,stockanalysis_company_page,-,Kingswood Capital Management Lp,2026-03-17 12:00:00+00:00,provisional_stockanalysis_action_date_not_first_announcement,2026-03-16 11:41:06+00:00,sec_candidate,6.0,change\s+of\s+control|entered\s+into\s+.*(?:merger|acquisition)|item_1_01_transaction,8-K,0001104659-26-027980,https://www.sec.gov/Archives/edgar/data/1540013/000110465926027980/tm268505d5_8k.htm
SGN,0001898474,Signing Day Sports Inc,,ACQUISITION,2026-03-16,provisional_stockanalysis_action_date_not_first_announcement,https://stockanalysis.com/actions/acquisitions/,stockanalysis_company_page,AIB,Aib Data Centers Inc,2026-03-16 12:00:00+00:00,provisional_stockanalysis_action_date_not_first_announcement,2026-03-13 12:00:30+00:00,sec_candidate,5.0,business\s+combination\s+agreement|entered\s+into\s+.*(?:merger|acquisition)|acquirer_symbol,8-K,0001213900-26-027266,https://www.sec.gov/Archives/edgar/data/1898474/000121390026027266/ea0281555-8k425_signing.htm
IROQ,0001514743,If Bancorp Inc,,ACQUISITION,2026-03-12,provisional_stockanalysis_action_date_not_first_announcement,https://stockanalysis.com/actions/acquisitions/,stockanalysis_company_page,-,Servbanc Holdco Inc,2026-03-12 12:00:00+00:00,provisional_stockanalysis_action_date_not_first_announcement,2026-02-04 21:30:39+00:00,sec_candidate,7.0,agreement\s+and\s+plan\s+of\s+merger|merger\s+agreement|acquirer_name,8-K,0000943374-26-000053,https://www.sec.gov/Archives/edgar/data/1514743/000094337426000053/form8k.htm
ALEX,0001545654,Alexander & Baldwin Inc,,ACQUISITION,2026-03-12,provisional_stockanalysis_action_date_not_first_announcement,https://stockanalysis.com/actions/acquisitions/,stockanalysis_company_page,-,Mw Group,2026-03-12 12:00:00+00:00,provisional_stockanalysis_action_date_not_first_announcement,2025-12-09 06:31:06+00:00,sec_candidate,13.0,agreement\s+and\s+plan\s+of\s+merger|merger\s+agreement|definitive\s+agreement|entered\s+into\s+.*(?:merger|acquisition)|acquirer_name|item_1_01_transaction,8-K,0001104659-25-119462,https://www.sec.gov/Archives/edgar/data/1545654/000110465925119462/tm2532987d1_8k.htm
EB,0001475115,Eventbrite Inc,,ACQUISITION,2026-03-09,provisional_stockanalysis_action_date_not_first_announcement,https://stockanalysis.com/actions/acquisitions/,stockanalysis_company_page,BSP,Bending Spoons SpA,2026-03-09 12:00:00+00:00,provisional_stockanalysis_action_date_not_first_announcement,2025-12-19 22:15:44+00:00,sec_candidate,6.0,agreement\s+and\s+plan\s+of\s+merger|merger\s+agreement|entered\s+into\s+.*(?:merger|acquisition),8-K,0001193125-25-327083,https://www.sec.gov/Archives/edgar/data/1475115/000119312525327083/d910404d8k.htm
VTYX,0001851194,Ventyx Biosciences Inc,,ACQUISITION,2026-03-04,provisional_stockanalysis_action_date_not_first_announcement,https://stockanalysis.com/actions/acquisitions/,stockanalysis_company_page,LLY,Eli Lilly & Co.,2026-03-04 12:00:00+00:00,provisional_stockanalysis_action_date_not_first_announcement,2026-01-22 21:16:21+00:00,sec_candidate,7.0,merger\s+agreement|entered\s+into\s+.*(?:merger|acquisition)|acquirer_name,8-K,0001193125-26-019453,https://www.sec.gov/Archives/edgar/data/1851194/000119312526019453/d36232d8k.htm
RAPT,0001673772,Rapt Therapeutics Inc,,ACQUISITION,2026-03-03,provisional_stockanalysis_action_date_not_first_announcement,https://stockanalysis.com/actions/acquisitions/,stockanalysis_company_page,GSK,Gsk PLC,2026-03-03 12:00:00+00:00,provisional_stockanalysis_action_date_not_first_announcement,2026-01-20 11:11:32+00:00,sec_candidate,13.0,agreement\s+and\s+plan\s+of\s+merger|merger\s+agreement|definitive\s+agreement|tender\s+offer|entered\s+into\s+.*(?:merger|acquisition)|acquirer_symbol|item_1_01_transaction,8-K,0001193125-26-015882,https://www.sec.gov/Archives/edgar/data/1673772/000119312526015882/d12800d8k.htm
FRGE,0001827821,Forge Global Holdings Inc,,ACQUISITION,2026-02-27,provisional_stockanalysis_action_date_not_first_announcement,https://stockanalysis.com/actions/acquisitions/,stockanalysis_company_page,SCHW,Schwab Charles Corp,2026-02-27 12:00:00+00:00,provisional_stockanalysis_action_date_not_first_announcement,2025-12-29 16:15:13+00:00,sec_candidate,4.0,agreement\s+and\s+plan\s+of\s+merger|merger\s+agreement,8-K,0001827821-25-000034,https://www.sec.gov/Archives/edgar/data/1827821/000182782125000034/forge-20251222.htm
MBCN,0000836147,Middlefield Banc Corp,,ACQUISITION,2026-02-27,provisional_stockanalysis_action_date_not_first_announcement,https://stockanalysis.com/actions/acquisitions/,stockanalysis_company_page,FMNB,Farmers National Banc Corp,2026-02-27 12:00:00+00:00,provisional_stockanalysis_action_date_not_first_announcement,2026-02-10 16:02:35+00:00,sec_candidate,7.0,agreement\s+and\s+plan\s+of\s+merger|merger\s+agreement|acquirer_name,8-K,0001193125-26-044618,https://www.sec.gov/Archives/edgar/data/836147/000119312526044618/d281965d8k.htm
RNAM,0001599901,Avidity Biosciences Inc,,ACQUISITION,2026-02-26,provisional_stockanalysis_action_date_not_first_announcement,https://stockanalysis.com/actions/acquisitions/,stockanalysis_company_page,NVS,Novartis Ag,2026-02-26 12:00:00+00:00,provisional_stockanalysis_action_date_not_first_announcement,2026-02-03 22:29:30+00:00,sec_candidate,3.0,acquirer_name,8-K,0001193125-26-035914,https://www.sec.gov/Archives/edgar/data/1599901/000119312526035914/d11973d8k.htm
AHL,0001267395,Aspen Insurance Holdings Ltd.,,ACQUISITION,2026-02-23,provisional_stockanalysis_action_date_not_first_announcement,https://stockanalysis.com/actions/acquisitions/,stockanalysis_company_page,SMPNY,Sompo Holdings Inc,2026-02-23 12:00:00+00:00,provisional_stockanalysis_action_date_not_first_announcement,,no_candidate_filings_in_window,,,,,
MGIC,0000876779,Magic Software Enterprises Ltd.,,ACQUISITION,2026-02-23,provisional_stockanalysis_action_date_not_first_announcement,https://stockanalysis.com/actions/acquisitions/,stockanalysis_company_page,-,Matrix It Ltd.,2026-02-23 12:00:00+00:00,provisional_stockanalysis_action_date_not_first_announcement,,no_candidate_filings,,,,,
MOFG,0001412665,Midwestone Financial Group Inc,,ACQUISITION,2026-02-13,provisional_stockanalysis_action_date_not_first_announcement,https://stockanalysis.com/actions/acquisitions/,stockanalysis_company_page,NIC,Nicolet Bankshares Inc,2026-02-13 12:00:00+00:00,provisional_stockanalysis_action_date_not_first_announcement,2025-12-22 11:01:50+00:00,sec_candidate,5.0,merger\s+agreement|acquirer_name,8-K,0001412665-25-000165,https://www.sec.gov/Archives/edgar/data/1412665/000141266525000165/mofg-20251222.htm
SNCR,0001131554,Synchronoss Technologies Inc,,ACQUISITION,2026-02-13,provisional_stockanalysis_action_date_not_first_announcement,https://stockanalysis.com/actions/acquisitions/,stockanalysis_company_page,-,Lumine Group Inc,2026-02-13 12:00:00+00:00,provisional_stockanalysis_action_date_not_first_announcement,2025-12-04 09:05:47+00:00,sec_candidate,13.0,agreement\s+and\s+plan\s+of\s+merger|merger\s+agreement|definitive\s+agreement|entered\s+into\s+.*(?:merger|acquisition)|acquirer_name|item_1_01_transaction,8-K,0001628280-25-055229,https://www.sec.gov/Archives/edgar/data/1131554/000162828025055229/sncr-20251203.htm
ZEUS,0000917470,Olympic Steel Inc,,ACQUISITION,2026-02-12,provisional_stockanalysis_action_date_not_first_announcement,https://stockanalysis.com/actions/acquisitions/,stockanalysis_company_page,RYZ,Ryerson Holding Corp,2026-02-12 12:00:00+00:00,provisional_stockanalysis_action_date_not_first_announcement,2025-10-30 20:30:19+00:00,sec_candidate,13.0,agreement\s+and\s+plan\s+of\s+merger|merger\s+agreement|definitive\s+agreement|entered\s+into\s+.*(?:merger|acquisition)|acquirer_name|item_1_01_transaction,8-K,0001437749-25-032436,https://www.sec.gov/Archives/edgar/data/917470/000143774925032436/zeus20251029_8k.htm
SOHO,0001301236,Sotherly Hotels Inc,,ACQUISITION,2026-02-12,provisional_stockanalysis_action_date_not_first_announcement,https://stockanalysis.com/actions/acquisitions/,stockanalysis_company_page,-,Kemmons Wilson Hospitality Partners Lp,2026-02-12 12:00:00+00:00,provisional_stockanalysis_action_date_not_first_announcement,2026-02-18 13:53:26+00:00,sec_candidate,15.0,agreement\s+and\s+plan\s+of\s+merger|merger\s+agreement|definitive\s+agreement|change\s+of\s+control|entered\s+into\s+.*(?:merger|acquisition)|acquirer_name|item_1_01_transaction,8-K,0001193125-26-056144,https://www.sec.gov/Archives/edgar/data/1301236/000119312526056144/d107217d8k.htm
AVDL,0001012477,Avadel Pharmaceuticals PLC,,ACQUISITION,2026-02-11,provisional_stockanalysis_action_date_not_first_announcement,https://stockanalysis.com/actions/acquisitions/,stockanalysis_company_page,ALKS,Alkermes PLC,2026-02-11 12:00:00+00:00,provisional_stockanalysis_action_date_not_first_announcement,2026-01-12 16:09:02+00:00,sec_candidate,3.0,acquirer_name,8-K,0001104659-26-002870,https://www.sec.gov/Archives/edgar/data/1012477/000110465926002870/tm262904d1_8k.htm
CYBR,0001598110,Cyberark Software Ltd.,,ACQUISITION,2026-02-10,provisional_stockanalysis_action_date_not_first_announcement,https://stockanalysis.com/actions/acquisitions/,stockanalysis_company_page,PANW,Palo Alto Networks Inc,2026-02-10 12:00:00+00:00,provisional_stockanalysis_action_date_not_first_announcement,2025-08-19 12:30:35+00:00,sec_candidate,4.0,acquirer_name|acquirer_symbol,425,0001193125-25-183084,https://www.sec.gov/Archives/edgar/data/1598110/000119312525183084/d45869d425.htm
THS,0001320695,Treehouse Foods Inc,,ACQUISITION,2026-02-10,provisional_stockanalysis_action_date_not_first_announcement,https://stockanalysis.com/actions/acquisitions/,stockanalysis_company_page,-,Investindustrial Viii Scsp,2026-02-10 12:00:00+00:00,provisional_stockanalysis_action_date_not_first_announcement,2026-01-05 12:00:12+00:00,sec_candidate,4.0,agreement\s+and\s+plan\s+of\s+merger|entered\s+into\s+.*(?:merger|acquisition),8-K,0001320695-26-000003,https://www.sec.gov/Archives/edgar/data/1320695/000132069526000003/ths-20260105.htm
GBIO,0001733294,Generation Bio Co.,,ACQUISITION,2026-02-09,provisional_stockanalysis_action_date_not_first_announcement,https://stockanalysis.com/actions/acquisitions/,stockanalysis_company_page,XOMA,Xoma Royalty Corp,2026-02-09 12:00:00+00:00,provisional_stockanalysis_action_date_not_first_announcement,2025-12-15 22:00:51+00:00,sec_candidate,16.0,agreement\s+and\s+plan\s+of\s+merger|merger\s+agreement|definitive\s+agreement|tender\s+offer|entered\s+into\s+.*(?:merger|acquisition)|acquirer_name|acquirer_symbol|item_1_01_transaction,8-K,0001104659-25-121219,https://www.sec.gov/Archives/edgar/data/1733294/000110465925121219/gbio-20251215x8k.htm
DVAX,0001029142,Dynavax Technologies Corp,,ACQUISITION,2026-02-09,provisional_stockanalysis_action_date_not_first_announcement,https://stockanalysis.com/actions/acquisitions/,stockanalysis_company_page,SNY,Sanofi,2026-02-09 12:00:00+00:00,provisional_stockanalysis_action_date_not_first_announcement,2025-12-29 07:31:27+00:00,sec_candidate,17.0,agreement\s+and\s+plan\s+of\s+merger|merger\s+agreement|definitive\s+agreement|tender\s+offer|acquisition\s+agreement|entered\s+into\s+.*(?:merger|acquisition)|acquirer_name|item_1_01_transaction,8-K,0001193125-25-332264,https://www.sec.gov/Archives/edgar/data/1029142/000119312525332264/d82616d8k.htm
HI,0001417398,Hillenbrand Inc,,ACQUISITION,2026-02-09,provisional_stockanalysis_action_date_not_first_announcement,https://stockanalysis.com/actions/acquisitions/,stockanalysis_company_page,-,Lone Star Funds,2026-02-09 12:00:00+00:00,provisional_stockanalysis_action_date_not_first_announcement,2026-01-08 16:36:57+00:00,sec_candidate,4.0,agreement\s+and\s+plan\s+of\s+merger|merger\s+agreement,8-K,0001140361-26-000726,https://www.sec.gov/Archives/edgar/data/1417398/000114036126000726/ef20062496_8k.htm
DAY,0001725057,Dayforce Inc,,ACQUISITION,2026-02-03,provisional_stockanalysis_action_date_not_first_announcement,https://stockanalysis.com/actions/acquisitions/,stockanalysis_company_page,-,Thoma Bravo Ugp LLC,2026-02-03 12:00:00+00:00,provisional_stockanalysis_action_date_not_first_announcement,2025-11-05 21:31:34+00:00,sec_candidate,6.0,agreement\s+and\s+plan\s+of\s+merger|merger\s+agreement|entered\s+into\s+.*(?:merger|acquisition),8-K,0001140361-25-040546,https://www.sec.gov/Archives/edgar/data/1725057/000114036125040546/ef20058299_8k.htm
APLT,0001697532,Applied Therapeutics Inc,,ACQUISITION,2026-02-03,provisional_stockanalysis_action_date_not_first_announcement,https://stockanalysis.com/actions/acquisitions/,stockanalysis_company_page,-,Cycle Group Holdings Limited,2026-02-03 12:00:00+00:00,provisional_stockanalysis_action_date_not_first_announcement,2025-12-11 21:37:21+00:00,sec_candidate,15.0,agreement\s+and\s+plan\s+of\s+merger|merger\s+agreement|definitive\s+agreement|tender\s+offer|entered\s+into\s+.*(?:merger|acquisition)|acquirer_name|item_1_01_transaction,8-K,0001193125-25-316607,https://www.sec.gov/Archives/edgar/data/1697532/000119312525316607/d41524d8k.htm
ISPO,0001820566,Inspirato Inc,,ACQUISITION,2026-02-03,provisional_stockanalysis_action_date_not_first_announcement,https://stockanalysis.com/actions/acquisitions/,stockanalysis_company_page,-,Exclusive Investments LLC,2026-02-03 12:00:00+00:00,provisional_stockanalysis_action_date_not_first_announcement,2025-12-17 09:03:16+00:00,sec_candidate,9.0,agreement\s+and\s+plan\s+of\s+merger|merger\s+agreement|entered\s+into\s+.*(?:merger|acquisition)|acquirer_name,8-K,0001820566-25-000210,https://www.sec.gov/Archives/edgar/data/1820566/000182056625000210/ispo-20251217.htm
CMA,0000028412,Comerica Inc,,ACQUISITION,2026-01-30,provisional_stockanalysis_action_date_not_first_announcement,https://stockanalysis.com/actions/acquisitions/,stockanalysis_company_page,FITB,Fifth Third Bancorp,2026-01-30 12:00:00+00:00,provisional_stockanalysis_action_date_not_first_announcement,2026-01-06 16:01:31+00:00,sec_candidate,8.0,agreement\s+and\s+plan\s+of\s+merger|merger\s+agreement|acquirer_name|acquirer_symbol,8-K,0001193125-26-004372,https://www.sec.gov/Archives/edgar/data/28412/000119312526004372/d69885d8k.htm
FSFG,0001435508,First Savings Financial Group Inc,,ACQUISITION,2026-01-30,provisional_stockanalysis_action_date_not_first_announcement,https://stockanalysis.com/actions/acquisitions/,stockanalysis_company_page,FRME,First Merchants Corp,2026-01-30 12:00:00+00:00,provisional_stockanalysis_action_date_not_first_announcement,2025-09-25 20:59:31+00:00,sec_candidate,13.0,agreement\s+and\s+plan\s+of\s+merger|merger\s+agreement|definitive\s+agreement|entered\s+into\s+.*(?:merger|acquisition)|acquirer_name|item_1_01_transaction,8-K,0001104659-25-093406,https://www.sec.gov/Archives/edgar/data/1435508/000110465925093406/tm2526965d1_8k.htm
CADE,0001299939,Cadence Bank,,ACQUISITION,2026-01-30,provisional_stockanalysis_action_date_not_first_announcement,https://stockanalysis.com/actions/acquisitions/,stockanalysis_company_page,HBAN,Huntington Bancshares Inc,2026-01-30 12:00:00+00:00,provisional_stockanalysis_action_date_not_first_announcement,,no_candidate_filings,,,,,
PCH,0001338749,Potlatchdeltic Corp,,ACQUISITION,2026-01-30,provisional_stockanalysis_action_date_not_first_announcement,https://stockanalysis.com/actions/acquisitions/,stockanalysis_company_page,RYN,Rayonier Inc,2026-01-30 12:00:00+00:00,provisional_stockanalysis_action_date_not_first_announcement,2026-01-16 16:17:35+00:00,sec_candidate,9.0,agreement\s+and\s+plan\s+of\s+merger|merger\s+agreement|entered\s+into\s+.*(?:merger|acquisition)|acquirer_name,8-K,0001193125-26-015392,https://www.sec.gov/Archives/edgar/data/1338749/000119312526015392/d10977d8k.htm
REVG,0001687221,Rev Group Inc,,ACQUISITION,2026-01-30,provisional_stockanalysis_action_date_not_first_announcement,https://stockanalysis.com/actions/acquisitions/,stockanalysis_company_page,TEX,Terex Corp,2026-01-30 12:00:00+00:00,provisional_stockanalysis_action_date_not_first_announcement,2025-10-30 07:59:49+00:00,sec_candidate,14.0,agreement\s+and\s+plan\s+of\s+merger|merger\s+agreement|definitive\s+agreement|entered\s+into\s+.*(?:merger|acquisition)|acquirer_name|acquirer_symbol|item_1_01_transaction,8-K,0000950103-25-013873,https://www.sec.gov/Archives/edgar/data/1687221/000095010325013873/dp236569_8k.htm
JAMF,0001721947,Jamf Holding Corp,,ACQUISITION,2026-01-29,provisional_stockanalysis_action_date_not_first_announcement,https://stockanalysis.com/actions/acquisitions/,stockanalysis_company_page,-,Francisco Partners Management Lp,2026-01-29 12:00:00+00:00,provisional_stockanalysis_action_date_not_first_announcement,2025-12-30 21:39:29+00:00,sec_candidate,13.0,agreement\s+and\s+plan\s+of\s+merger|merger\s+agreement|definitive\s+agreement|change\s+of\s+control|entered\s+into\s+.*(?:merger|acquisition)|acquirer_name,8-K,0001104659-25-125265,https://www.sec.gov/Archives/edgar/data/1721947/000110465925125265/tm2534498d1_8k.htm
CIVI,0001509589,Civitas Resources Inc,,ACQUISITION,2026-01-29,provisional_stockanalysis_action_date_not_first_announcement,https://stockanalysis.com/actions/acquisitions/,stockanalysis_company_page,SM,Sm Energy Co.,2026-01-29 12:00:00+00:00,provisional_stockanalysis_action_date_not_first_announcement,2025-12-19 16:31:37+00:00,sec_candidate,8.0,agreement\s+and\s+plan\s+of\s+merger|merger\s+agreement|acquirer_name|acquirer_symbol,8-K,0001104659-25-123205,https://www.sec.gov/Archives/edgar/data/1509589/000110465925123205/tm2530051d12_8k.htm
VSTA,0001792829,Vasta Platform Ltd.,,ACQUISITION,2026-01-28,provisional_stockanalysis_action_date_not_first_announcement,https://stockanalysis.com/actions/acquisitions/,stockanalysis_company_page,COGNY,Cogna Educacao SA,2026-01-28 12:00:00+00:00,provisional_stockanalysis_action_date_not_first_announcement,2025-09-30 16:15:38+00:00,sec_candidate,4.0,tender\s+offer|entered\s+into\s+.*(?:merger|acquisition),SC 14D9,0000950103-25-012563,https://www.sec.gov/Archives/edgar/data/1792829/000095010325012563/dp235241_sc14d9.htm
SHCO,0001846510,Soho House & Co Inc,,ACQUISITION,2026-01-28,provisional_stockanalysis_action_date_not_first_announcement,https://stockanalysis.com/actions/acquisitions/,stockanalysis_company_page,-,Tyler Morse,2026-01-28 12:00:00+00:00,provisional_stockanalysis_action_date_not_first_announcement,2026-01-08 07:00:57+00:00,sec_candidate,6.0,agreement\s+and\s+plan\s+of\s+merger|merger\s+agreement|entered\s+into\s+.*(?:merger|acquisition),8-K,0001140361-26-000611,https://www.sec.gov/Archives/edgar/data/1846510/000114036126000611/ef20062542_8k.htm
RPTX,0001808158,Repare Therapeutics Inc,,ACQUISITION,2026-01-28,provisional_stockanalysis_action_date_not_first_announcement,https://stockanalysis.com/actions/acquisitions/,stockanalysis_company_page,-,Xenotherapeutics Corp,2026-01-28 12:00:00+00:00,provisional_stockanalysis_action_date_not_first_announcement,2025-12-19 21:14:15+00:00,sec_candidate,5.0,entered\s+into\s+.*(?:merger|acquisition)|acquirer_name,8-K,0001193125-25-326871,https://www.sec.gov/Archives/edgar/data/1808158/000119312525326871/d59892d8k.htm
PLYM,0001515816,Plymouth Industrial Reit Inc,,ACQUISITION,2026-01-26,provisional_stockanalysis_action_date_not_first_announcement,https://stockanalysis.com/actions/acquisitions/,stockanalysis_company_page,-,Makarora Management Lp,2026-01-26 12:00:00+00:00,provisional_stockanalysis_action_date_not_first_announcement,2026-01-12 16:05:40+00:00,sec_candidate,6.0,agreement\s+and\s+plan\s+of\s+merger|merger\s+agreement|entered\s+into\s+.*(?:merger|acquisition),8-K,0001193125-26-010364,https://www.sec.gov/Archives/edgar/data/1515816/000119312526010364/plym-20260112.htm
GES,0000912463,Guess Inc,,ACQUISITION,2026-01-22,provisional_stockanalysis_action_date_not_first_announcement,https://stockanalysis.com/actions/acquisitions/,stockanalysis_company_page,-,Marciano Nicolai D,2026-01-22 12:00:00+00:00,provisional_stockanalysis_action_date_not_first_announcement,2025-10-31 20:15:22+00:00,sec_candidate,6.0,agreement\s+and\s+plan\s+of\s+merger|merger\s+agreement|entered\s+into\s+.*(?:merger|acquisition),8-K,0000912463-25-000074,https://www.sec.gov/Archives/edgar/data/912463/000091246325000074/ges-20251031.htm
ATXS,0001454789,Astria Therapeutics Inc,,ACQUISITION,2026-01-22,provisional_stockanalysis_action_date_not_first_announcement,https://stockanalysis.com/actions/acquisitions/,stockanalysis_company_page,BCRX,Biocryst Pharmaceuticals Inc,2026-01-22 12:00:00+00:00,provisional_stockanalysis_action_date_not_first_announcement,2025-12-23 17:16:00+00:00,sec_candidate,9.0,agreement\s+and\s+plan\s+of\s+merger|merger\s+agreement|entered\s+into\s+.*(?:merger|acquisition)|acquirer_name,8-K,0001104659-25-124293,https://www.sec.gov/Archives/edgar/data/1454789/000110465925124293/tm2534154d1_8k.htm
TRUE,0001327318,Truecar Inc,,ACQUISITION,2026-01-21,provisional_stockanalysis_action_date_not_first_announcement,https://stockanalysis.com/actions/acquisitions/,stockanalysis_company_page,-,Fair Holdings Inc,2026-01-21 12:00:00+00:00,provisional_stockanalysis_action_date_not_first_announcement,2025-12-12 17:22:28+00:00,sec_candidate,9.0,agreement\s+and\s+plan\s+of\s+merger|merger\s+agreement|entered\s+into\s+.*(?:merger|acquisition)|acquirer_name,8-K,0001104659-25-120718,https://www.sec.gov/Archives/edgar/data/1327318/000110465925120718/tm2533266d1_8k.htm
FYBR,0000020520,Frontier Communications Parent Inc,,ACQUISITION,2026-01-20,provisional_stockanalysis_action_date_not_first_announcement,https://stockanalysis.com/actions/acquisitions/,stockanalysis_company_page,VZ,Verizon Communications Inc,2026-01-20 12:00:00+00:00,provisional_stockanalysis_action_date_not_first_announcement,2025-12-19 16:26:59+00:00,sec_candidate,9.0,agreement\s+and\s+plan\s+of\s+merger|merger\s+agreement|entered\s+into\s+.*(?:merger|acquisition)|acquirer_name,8-K,0001140361-25-046200,https://www.sec.gov/Archives/edgar/data/20520/000114036125046200/ef20061604_8k.htm
GIFI,0001031623,Gulf Island Fabrication Inc,,ACQUISITION,2026-01-16,provisional_stockanalysis_action_date_not_first_announcement,https://stockanalysis.com/actions/acquisitions/,stockanalysis_company_page,IESC,Ies Holdings Inc,2026-01-16 12:00:00+00:00,provisional_stockanalysis_action_date_not_first_announcement,2025-11-10 16:16:59+00:00,sec_candidate,14.0,agreement\s+and\s+plan\s+of\s+merger|merger\s+agreement|definitive\s+agreement|change\s+of\s+control|acquisition\s+agreement|entered\s+into\s+.*(?:merger|acquisition)|item_1_01_transaction,8-K,0001140361-25-041387,https://www.sec.gov/Archives/edgar/data/1031623/000114036125041387/ny20056788x3_8k.htm
DENN,0000852772,Denny's Corp,,ACQUISITION,2026-01-16,provisional_stockanalysis_action_date_not_first_announcement,https://stockanalysis.com/actions/acquisitions/,stockanalysis_company_page,-,Triartisan Capital Advisors LLC,2026-01-16 12:00:00+00:00,provisional_stockanalysis_action_date_not_first_announcement,2025-11-04 06:05:19+00:00,sec_candidate,13.0,agreement\s+and\s+plan\s+of\s+merger|merger\s+agreement|definitive\s+agreement|entered\s+into\s+.*(?:merger|acquisition)|acquirer_name|item_1_01_transaction,8-K,0001193125-25-263393,https://www.sec.gov/Archives/edgar/data/852772/000119312525263393/d17512d8k.htm
SMLR,0001554859,Semler Scientific Inc,,ACQUISITION,2026-01-15,provisional_stockanalysis_action_date_not_first_announcement,https://stockanalysis.com/actions/acquisitions/,stockanalysis_company_page,ASST,Strive Inc,2026-01-15 12:00:00+00:00,provisional_stockanalysis_action_date_not_first_announcement,2025-11-14 21:24:10+00:00,sec_candidate,9.0,agreement\s+and\s+plan\s+of\s+merger|merger\s+agreement|entered\s+into\s+.*(?:merger|acquisition)|acquirer_name,8-K,0001104659-25-112584,https://www.sec.gov/Archives/edgar/data/1554859/000110465925112584/tm2531348d1_8k.htm
CIO,0001593222,City Office Reit Inc,,ACQUISITION,2026-01-08,provisional_stockanalysis_action_date_not_first_announcement,https://stockanalysis.com/actions/acquisitions/,stockanalysis_company_page,-,Morning Calm Management LLC,2026-01-08 12:00:00+00:00,provisional_stockanalysis_action_date_not_first_announcement,2025-10-16 20:11:25+00:00,sec_candidate,4.0,agreement\s+and\s+plan\s+of\s+merger|merger\s+agreement,8-K,0001193125-25-241716,https://www.sec.gov/Archives/edgar/data/1593222/000119312525241716/d80098d8k.htm
HOUS,0001398987,Anywhere Real Estate Inc,,ACQUISITION,2026-01-08,provisional_stockanalysis_action_date_not_first_announcement,https://stockanalysis.com/actions/acquisitions/,stockanalysis_company_page,COMP,Compass Inc,2026-01-08 12:00:00+00:00,provisional_stockanalysis_action_date_not_first_announcement,2025-12-29 21:32:12+00:00,sec_candidate,9.0,agreement\s+and\s+plan\s+of\s+merger|merger\s+agreement|entered\s+into\s+.*(?:merger|acquisition)|acquirer_name,8-K,0001193125-25-335434,https://www.sec.gov/Archives/edgar/data/1398987/000119312525335434/d28511d8k.htm
CVAC,0001809122,Curevac Nv,,ACQUISITION,2026-01-06,provisional_stockanalysis_action_date_not_first_announcement,https://stockanalysis.com/actions/acquisitions/,stockanalysis_company_page,BNTX,Biontech Se,2026-01-06 12:00:00+00:00,provisional_stockanalysis_action_date_not_first_announcement,2025-11-12 08:00:45+00:00,sec_candidate,7.0,tender\s+offer|entered\s+into\s+.*(?:merger|acquisition)|acquirer_name,425,0001193125-25-276012,https://www.sec.gov/Archives/edgar/data/1809122/000119312525276012/d76655d425.htm
CDTX,0001610618,Cidara Therapeutics Inc,,ACQUISITION,2026-01-06,provisional_stockanalysis_action_date_not_first_announcement,https://stockanalysis.com/actions/acquisitions/,stockanalysis_company_page,MRK,Merck & Co Inc,2026-01-06 12:00:00+00:00,provisional_stockanalysis_action_date_not_first_announcement,2025-11-14 08:16:47+00:00,sec_candidate,15.0,agreement\s+and\s+plan\s+of\s+merger|merger\s+agreement|definitive\s+agreement|tender\s+offer|entered\s+into\s+.*(?:merger|acquisition)|acquirer_name|item_1_01_transaction,8-K,0001193125-25-281676,https://www.sec.gov/Archives/edgar/data/1610618/000119312525281676/d59851d8k.htm
MRSN,0001442836,Mersana Therapeutics Inc,,ACQUISITION,2026-01-05,provisional_stockanalysis_action_date_not_first_announcement,https://stockanalysis.com/actions/acquisitions/,stockanalysis_company_page,DAWN,Day One Biopharmaceuticals Inc,2026-01-05 12:00:00+00:00,provisional_stockanalysis_action_date_not_first_announcement,2025-11-13 11:17:29+00:00,sec_candidate,15.0,agreement\s+and\s+plan\s+of\s+merger|merger\s+agreement|definitive\s+agreement|tender\s+offer|entered\s+into\s+.*(?:merger|acquisition)|acquirer_name|item_1_01_transaction,8-K,0001104659-25-110764,https://www.sec.gov/Archives/edgar/data/1442836/000110465925110764/tm2531148d1_8k.htm
PBBK,0001849670,Pb Bankshares Inc,,ACQUISITION,2026-01-02,provisional_stockanalysis_action_date_not_first_announcement,https://stockanalysis.com/actions/acquisitions/,stockanalysis_company_page,NWFL,Norwood Financial Corp,2026-01-02 12:00:00+00:00,provisional_stockanalysis_action_date_not_first_announcement,2025-07-07 17:17:20+00:00,sec_candidate,15.0,agreement\s+and\s+plan\s+of\s+merger|merger\s+agreement|definitive\s+agreement|acquisition\s+agreement|entered\s+into\s+.*(?:merger|acquisition)|acquirer_name|item_1_01_transaction,8-K,0001849670-25-000021,https://www.sec.gov/Archives/edgar/data/1849670/000184967025000021/pbbk-20250707x8k.htm
SNV,0000018349,Synovus Financial Corp,,ACQUISITION,2025-12-31,provisional_stockanalysis_action_date_not_first_announcement,https://stockanalysis.com/actions/acquisitions/2025/,stockanalysis_company_page,PNFP,Pinnacle Financial Partners Inc,2025-12-31 12:00:00+00:00,provisional_stockanalysis_action_date_not_first_announcement,2025-12-01 09:11:24+00:00,sec_candidate,9.0,agreement\s+and\s+plan\s+of\s+merger|merger\s+agreement|entered\s+into\s+.*(?:merger|acquisition)|acquirer_name,8-K,0000018349-25-000129,https://www.sec.gov/Archives/edgar/data/18349/000001834925000129/syn-20251201.htm
BFIN,0001303942,Bankfinancial Corp,,ACQUISITION,2025-12-31,provisional_stockanalysis_action_date_not_first_announcement,https://stockanalysis.com/actions/acquisitions/2025/,stockanalysis_company_page,FFBC,First Financial Bancorp,2025-12-31 12:00:00+00:00,provisional_stockanalysis_action_date_not_first_announcement,2025-11-10 15:46:45+00:00,sec_candidate,7.0,agreement\s+and\s+plan\s+of\s+merger|merger\s+agreement|acquirer_name,8-K,0001437749-25-034012,https://www.sec.gov/Archives/edgar/data/1303942/000143774925034012/bfin20250916_8k.htm
WOW,0001701051,Wideopenwest Inc,,ACQUISITION,2025-12-30,provisional_stockanalysis_action_date_not_first_announcement,https://stockanalysis.com/actions/acquisitions/,stockanalysis_company_page,-,Digitalbridge Investments LLC,2025-12-30 12:00:00+00:00,provisional_stockanalysis_action_date_not_first_announcement,2025-11-24 21:21:02+00:00,sec_candidate,11.0,agreement\s+and\s+plan\s+of\s+merger|merger\s+agreement|acquisition\s+agreement|entered\s+into\s+.*(?:merger|acquisition)|acquirer_name,8-K,0001104659-25-115567,https://www.sec.gov/Archives/edgar/data/1701051/000110465925115567/tm2532038d1_8k.htm
MRUS,0001651311,Merus Nv,,ACQUISITION,2025-12-29,provisional_stockanalysis_action_date_not_first_announcement,https://stockanalysis.com/actions/acquisitions/2025/,stockanalysis_company_page,GMAB,Genmab A,2025-12-29 12:00:00+00:00,provisional_stockanalysis_action_date_not_first_announcement,2025-09-29 08:30:16+00:00,sec_candidate,13.0,definitive\s+agreement|tender\s+offer|acquisition\s+agreement|entered\s+into\s+.*(?:merger|acquisition)|acquirer_name|item_1_01_transaction,8-K,0001193125-25-221801,https://www.sec.gov/Archives/edgar/data/1651311/000119312525221801/d94293d8k.htm
IAS,0001842718,Integral Ad Science Holding Corp,,ACQUISITION,2025-12-23,provisional_stockanalysis_action_date_not_first_announcement,https://stockanalysis.com/actions/acquisitions/,stockanalysis_company_page,-,Novacap,2025-12-23 12:00:00+00:00,provisional_stockanalysis_action_date_not_first_announcement,2025-09-24 08:14:05+00:00,sec_candidate,9.0,agreement\s+and\s+plan\s+of\s+merger|merger\s+agreement|entered\s+into\s+.*(?:merger|acquisition)|acquirer_name,8-K,0001193125-25-214050,https://www.sec.gov/Archives/edgar/data/1842718/000119312525214050/d938971d8k.htm
ZK,0001954042,Zeekr Intelligent Technology Holding Ltd.,,ACQUISITION,2025-12-19,provisional_stockanalysis_action_date_not_first_announcement,https://stockanalysis.com/actions/acquisitions/2025/,stockanalysis_company_page,GELYY,Geely Automobile Holdings Limited,2025-12-19 12:00:00+00:00,provisional_stockanalysis_action_date_not_first_announcement,,no_candidate_filings,,,,,
PGRE,0001605607,Paramount Group Inc,,ACQUISITION,2025-12-18,provisional_stockanalysis_action_date_not_first_announcement,https://stockanalysis.com/actions/acquisitions/2025/,stockanalysis_company_page,RITM,Rithm Capital Corp,2025-12-18 12:00:00+00:00,provisional_stockanalysis_action_date_not_first_announcement,2025-12-08 17:12:32+00:00,sec_candidate,9.0,agreement\s+and\s+plan\s+of\s+merger|merger\s+agreement|entered\s+into\s+.*(?:merger|acquisition)|acquirer_name,8-K,0001193125-25-311418,https://www.sec.gov/Archives/edgar/data/1605607/000119312525311418/d37319d8k.htm
BRY,0001705873,Berry Corp (bry),,ACQUISITION,2025-12-17,provisional_stockanalysis_action_date_not_first_announcement,https://stockanalysis.com/actions/acquisitions/2025/,stockanalysis_company_page,CRC,California Resources Corp,2025-12-17 12:00:00+00:00,provisional_stockanalysis_action_date_not_first_announcement,2025-11-12 06:05:24+00:00,sec_candidate,4.0,acquirer_name|acquirer_symbol,8-K,0001193125-25-275610,https://www.sec.gov/Archives/edgar/data/1705873/000119312525275610/d88737d8k.htm
SPNS,0000885740,Sapiens International Corp N V,,ACQUISITION,2025-12-16,provisional_stockanalysis_action_date_not_first_announcement,https://stockanalysis.com/actions/acquisitions/,stockanalysis_company_page,-,Advent International LLC,2025-12-16 12:00:00+00:00,provisional_stockanalysis_action_date_not_first_announcement,,no_candidate_filings,,,,,
EVOK,0001403708,Evoke Pharma Inc,,ACQUISITION,2025-12-16,provisional_stockanalysis_action_date_not_first_announcement,https://stockanalysis.com/actions/acquisitions/2025/,stockanalysis_company_page,-,Qol Medical LLC,2025-12-16 12:00:00+00:00,provisional_stockanalysis_action_date_not_first_announcement,2025-11-04 07:12:25+00:00,sec_candidate,17.0,agreement\s+and\s+plan\s+of\s+merger|merger\s+agreement|definitive\s+agreement|tender\s+offer|change\s+of\s+control|entered\s+into\s+.*(?:merger|acquisition)|acquirer_name|item_1_01_transaction,8-K,0001193125-25-263544,https://www.sec.gov/Archives/edgar/data/1403708/000119312525263544/d48107d8k.htm
BEDU,0001696355,Bright Scholar Education Holdings Ltd.,,ACQUISITION,2025-12-15,provisional_stockanalysis_action_date_not_first_announcement,https://stockanalysis.com/actions/acquisitions/2025/,stockanalysis_company_page,-,Excellence Education Investment Ltd.,2025-12-15 12:00:00+00:00,provisional_stockanalysis_action_date_not_first_announcement,,no_candidate_filings,,,,,
VTLE,0001528129,Vital Energy Inc,,ACQUISITION,2025-12-12,provisional_stockanalysis_action_date_not_first_announcement,https://stockanalysis.com/actions/acquisitions/,stockanalysis_company_page,CRGY,Crescent Energy Co.,2025-12-12 12:00:00+00:00,provisional_stockanalysis_action_date_not_first_announcement,2025-12-05 17:21:08+00:00,sec_candidate,10.0,agreement\s+and\s+plan\s+of\s+merger|merger\s+agreement|entered\s+into\s+.*(?:merger|acquisition)|acquirer_name|acquirer_symbol,8-K,0001193125-25-309929,https://www.sec.gov/Archives/edgar/data/1528129/000119312525309929/d97300d8k.htm
ALE,0000066756,Allete Inc,,ACQUISITION,2025-12-12,provisional_stockanalysis_action_date_not_first_announcement,https://stockanalysis.com/actions/acquisitions/,stockanalysis_company_page,-,Global Infrastructure Partners,2025-12-12 12:00:00+00:00,provisional_stockanalysis_action_date_not_first_announcement,2025-10-03 16:16:59+00:00,sec_candidate,6.0,agreement\s+and\s+plan\s+of\s+merger|merger\s+agreement|entered\s+into\s+.*(?:merger|acquisition),8-K,0000066756-25-000082,https://www.sec.gov/Archives/edgar/data/66756/000006675625000082/ale-20251003.htm
SOL,0001417892,Emeren Group Ltd.,,ACQUISITION,2025-12-12,provisional_stockanalysis_action_date_not_first_announcement,https://stockanalysis.com/actions/acquisitions/,stockanalysis_company_page,-,Shurya Vitra Ltd.,2025-12-12 12:00:00+00:00,provisional_stockanalysis_action_date_not_first_announcement,2025-09-03 12:57:14+00:00,sec_candidate,13.0,agreement\s+and\s+plan\s+of\s+merger|merger\s+agreement|definitive\s+agreement|entered\s+into\s+.*(?:merger|acquisition)|acquirer_name|item_1_01_transaction,8-K,0001104659-25-086721,https://www.sec.gov/Archives/edgar/data/1417892/000110465925086721/tm2525121d1_8k.htm
K,0000055067,Kellanova,,ACQUISITION,2025-12-11,provisional_stockanalysis_action_date_not_first_announcement,https://stockanalysis.com/actions/acquisitions/2025/,stockanalysis_company_page,-,Mars Inc,2025-12-11 12:00:00+00:00,provisional_stockanalysis_action_date_not_first_announcement,2025-12-08 09:22:33+00:00,sec_candidate,9.0,agreement\s+and\s+plan\s+of\s+merger|merger\s+agreement|entered\s+into\s+.*(?:merger|acquisition)|acquirer_name,8-K,0001193125-25-310707,https://www.sec.gov/Archives/edgar/data/55067/000119312525310707/d49614d8k.htm
ODP,0000800240,Odp Corp,,ACQUISITION,2025-12-11,provisional_stockanalysis_action_date_not_first_announcement,https://stockanalysis.com/actions/acquisitions/,stockanalysis_company_page,-,Atlas Holdings,2025-12-11 12:00:00+00:00,provisional_stockanalysis_action_date_not_first_announcement,2025-11-07 07:31:15+00:00,sec_candidate,9.0,agreement\s+and\s+plan\s+of\s+merger|merger\s+agreement|entered\s+into\s+.*(?:merger|acquisition)|acquirer_name,8-K,0001193125-25-271041,https://www.sec.gov/Archives/edgar/data/800240/000119312525271041/d178586d8k.htm
SCS,0001050825,Steelcase Inc,,ACQUISITION,2025-12-09,provisional_stockanalysis_action_date_not_first_announcement,https://stockanalysis.com/actions/acquisitions/2025/,stockanalysis_company_page,HNI,Hni Corp,2025-12-09 12:00:00+00:00,provisional_stockanalysis_action_date_not_first_announcement,2025-11-25 08:05:14+00:00,sec_candidate,7.0,agreement\s+and\s+plan\s+of\s+merger|merger\s+agreement|entered\s+into\s+.*(?:merger|acquisition)|acquirer_symbol,8-K,0001193125-25-294589,https://www.sec.gov/Archives/edgar/data/1050825/000119312525294589/d84475d8k.htm
AKRO,0001744659,Akero Therapeutics Inc,,ACQUISITION,2025-12-09,provisional_stockanalysis_action_date_not_first_announcement,https://stockanalysis.com/actions/acquisitions/2025/,stockanalysis_company_page,NVO,Novo Nordisk A S,2025-12-09 12:00:00+00:00,provisional_stockanalysis_action_date_not_first_announcement,2025-10-09 16:31:49+00:00,sec_candidate,13.0,agreement\s+and\s+plan\s+of\s+merger|merger\s+agreement|definitive\s+agreement|entered\s+into\s+.*(?:merger|acquisition)|acquirer_name|item_1_01_transaction,8-K,0001193125-25-235919,https://www.sec.gov/Archives/edgar/data/1744659/000119312525235919/d42650d8k.htm
HSII,0001066605,Heidrick & Struggles International Inc,,ACQUISITION,2025-12-09,provisional_stockanalysis_action_date_not_first_announcement,https://stockanalysis.com/actions/acquisitions/2025/,stockanalysis_company_page,-,Advent International LLC,2025-12-09 12:00:00+00:00,provisional_stockanalysis_action_date_not_first_announcement,2025-11-18 06:01:54+00:00,sec_candidate,6.0,agreement\s+and\s+plan\s+of\s+merger|merger\s+agreement|entered\s+into\s+.*(?:merger|acquisition),8-K,0001193125-25-285256,https://www.sec.gov/Archives/edgar/data/1066605/000119312525285256/d887217d8k.htm
ADVM,0001501756,Adverum Biotechnologies Inc,,ACQUISITION,2025-12-09,provisional_stockanalysis_action_date_not_first_announcement,https://stockanalysis.com/actions/acquisitions/2025/,stockanalysis_company_page,LLY,Eli Lilly & Co.,2025-12-09 12:00:00+00:00,provisional_stockanalysis_action_date_not_first_announcement,2025-10-24 09:19:59+00:00,sec_candidate,17.0,agreement\s+and\s+plan\s+of\s+merger|merger\s+agreement|definitive\s+agreement|tender\s+offer|change\s+of\s+control|entered\s+into\s+.*(?:merger|acquisition)|acquirer_name|item_1_01_transaction,8-K,0001193125-25-249438,https://www.sec.gov/Archives/edgar/data/1501756/000119312525249438/d70157d8k.htm
PRO,0001392972,Pros Holdings Inc,,ACQUISITION,2025-12-08,provisional_stockanalysis_action_date_not_first_announcement,https://stockanalysis.com/actions/acquisitions/2025/,stockanalysis_company_page,-,Thoma Bravo Ugp LLC,2025-12-08 12:00:00+00:00,provisional_stockanalysis_action_date_not_first_announcement,2025-11-25 16:56:51+00:00,sec_candidate,6.0,agreement\s+and\s+plan\s+of\s+merger|merger\s+agreement|entered\s+into\s+.*(?:merger|acquisition),8-K,0001392972-25-000173,https://www.sec.gov/Archives/edgar/data/1392972/000139297225000173/pro-20251124.htm
SPR,0001364885,Spirit Aerosystems Holdings Inc,,ACQUISITION,2025-12-05,provisional_stockanalysis_action_date_not_first_announcement,https://stockanalysis.com/actions/acquisitions/2025/,stockanalysis_company_page,BA,Boeing Co.,2025-12-05 12:00:00+00:00,provisional_stockanalysis_action_date_not_first_announcement,2025-08-08 17:14:05+00:00,sec_candidate,11.0,merger\s+agreement|definitive\s+agreement|entered\s+into\s+.*(?:merger|acquisition)|acquirer_name|item_1_01_transaction,8-K,0001104659-25-075743,https://www.sec.gov/Archives/edgar/data/1364885/000110465925075743/tm2522552d1_8k.htm
MURA,0001971543,Mural Oncology PLC,,ACQUISITION,2025-12-04,provisional_stockanalysis_action_date_not_first_announcement,https://stockanalysis.com/actions/acquisitions/2025/,stockanalysis_company_page,XOMA,Xoma Royalty Corp,2025-12-04 12:00:00+00:00,provisional_stockanalysis_action_date_not_first_announcement,2025-08-20 08:50:42+00:00,sec_candidate,12.0,definitive\s+agreement|tender\s+offer|entered\s+into\s+.*(?:merger|acquisition)|acquirer_name|acquirer_symbol|item_1_01_transaction,8-K,0001193125-25-183796,https://www.sec.gov/Archives/edgar/data/1971543/000119312525183796/d947368d8k.htm
HBI,0001359841,Hanesbrands Inc,,ACQUISITION,2025-11-28,provisional_stockanalysis_action_date_not_first_announcement,https://stockanalysis.com/actions/acquisitions/,stockanalysis_company_page,GIL,Gildan Activewear Inc,2025-11-28 12:00:00+00:00,provisional_stockanalysis_action_date_not_first_announcement,2025-11-18 16:47:12+00:00,sec_candidate,9.0,agreement\s+and\s+plan\s+of\s+merger|merger\s+agreement|entered\s+into\s+.*(?:merger|acquisition)|acquirer_name,8-K,0001193125-25-286319,https://www.sec.gov/Archives/edgar/data/1359841/000119312525286319/d933736d8k.htm
GHLD,0001821160,Guild Holdings Co.,,ACQUISITION,2025-11-28,provisional_stockanalysis_action_date_not_first_announcement,https://stockanalysis.com/actions/acquisitions/2025/,stockanalysis_company_page,-,Bayview Msr Opportunity Master Fund Lp,2025-11-28 12:00:00+00:00,provisional_stockanalysis_action_date_not_first_announcement,2025-06-20 16:15:53+00:00,sec_candidate,10.0,agreement\s+and\s+plan\s+of\s+merger|merger\s+agreement|definitive\s+agreement|entered\s+into\s+.*(?:merger|acquisition)|item_1_01_transaction,8-K,0001104659-25-061171,https://www.sec.gov/Archives/edgar/data/1821160/000110465925061171/tm2518248d2_8k.htm
GHLD,0001821160,Guild Holdings Co.,,ACQUISITION,2025-11-26,provisional_stockanalysis_action_date_not_first_announcement,https://stockanalysis.com/actions/acquisitions/,stockanalysis_company_page,-,Bayview Asset Management LLC,2025-11-26 12:00:00+00:00,provisional_stockanalysis_action_date_not_first_announcement,2025-06-20 16:15:53+00:00,sec_candidate,10.0,agreement\s+and\s+plan\s+of\s+merger|merger\s+agreement|definitive\s+agreement|entered\s+into\s+.*(?:merger|acquisition)|item_1_01_transaction,8-K,0001104659-25-061171,https://www.sec.gov/Archives/edgar/data/1821160/000110465925061171/tm2518248d2_8k.htm
IPG,0000051644,Interpublic Group Of Companies Inc,,ACQUISITION,2025-11-26,provisional_stockanalysis_action_date_not_first_announcement,https://stockanalysis.com/actions/acquisitions/2025/,stockanalysis_company_page,OMC,Omnicom Group Inc,2025-11-26 12:00:00+00:00,provisional_stockanalysis_action_date_not_first_announcement,2025-09-30 17:22:22+00:00,sec_candidate,5.0,merger\s+agreement|acquirer_name,8-K,0001193125-25-225276,https://www.sec.gov/Archives/edgar/data/51644/000119312525225276/d939100d8k.htm
VRNT,0001166388,Verint Systems Inc,,ACQUISITION,2025-11-26,provisional_stockanalysis_action_date_not_first_announcement,https://stockanalysis.com/actions/acquisitions/,stockanalysis_company_page,-,Calabrio Inc,2025-11-26 12:00:00+00:00,provisional_stockanalysis_action_date_not_first_announcement,2025-11-07 16:08:35+00:00,sec_candidate,11.0,agreement\s+and\s+plan\s+of\s+merger|merger\s+agreement|will\s+be\s+acquired|entered\s+into\s+.*(?:merger|acquisition)|acquirer_name,8-K,0001193125-25-272344,https://www.sec.gov/Archives/edgar/data/1166388/000119312525272344/d31452d8k.htm
PINC,0001577916,Premier Inc,,ACQUISITION,2025-11-24,provisional_stockanalysis_action_date_not_first_announcement,https://stockanalysis.com/actions/acquisitions/,stockanalysis_company_page,-,Patient Square Capital LLC,2025-11-24 12:00:00+00:00,provisional_stockanalysis_action_date_not_first_announcement,2025-11-12 16:30:41+00:00,sec_candidate,13.0,agreement\s+and\s+plan\s+of\s+merger|merger\s+agreement|definitive\s+agreement|change\s+of\s+control|entered\s+into\s+.*(?:merger|acquisition)|acquirer_name,8-K,0001193125-25-277753,https://www.sec.gov/Archives/edgar/data/1577916/000119312525277753/d14693d8k.htm
LVTX,0001840748,Lava Therapeutics Nv,,ACQUISITION,2025-11-21,provisional_stockanalysis_action_date_not_first_announcement,https://stockanalysis.com/actions/acquisitions/,stockanalysis_company_page,XOMA,Xoma Royalty Corp,2025-11-21 12:00:00+00:00,provisional_stockanalysis_action_date_not_first_announcement,2025-10-17 15:52:47+00:00,sec_candidate,10.0,definitive\s+agreement|tender\s+offer|acquirer_name|acquirer_symbol|item_1_01_transaction,8-K,0001104659-25-100317,https://www.sec.gov/Archives/edgar/data/1840748/000110465925100317/tm2528774d1_8k.htm
VMEO,0001837686,Vimeo Inc,,ACQUISITION,2025-11-21,provisional_stockanalysis_action_date_not_first_announcement,https://stockanalysis.com/actions/acquisitions/2025/,stockanalysis_company_page,BSP,Bending Spoons SpA,2025-11-21 12:00:00+00:00,provisional_stockanalysis_action_date_not_first_announcement,2025-11-07 07:00:45+00:00,sec_candidate,6.0,agreement\s+and\s+plan\s+of\s+merger|merger\s+agreement|entered\s+into\s+.*(?:merger|acquisition),8-K,0001104659-25-108113,https://www.sec.gov/Archives/edgar/data/1837686/000110465925108113/tm2530547d1_8k.htm
OCFT,0001780531,Oneconnect Financial Technology Co Ltd.,,ACQUISITION,2025-11-20,provisional_stockanalysis_action_date_not_first_announcement,https://stockanalysis.com/actions/acquisitions/2025/,stockanalysis_company_page,-,Bo Yu Ltd.,2025-11-20 12:00:00+00:00,provisional_stockanalysis_action_date_not_first_announcement,,no_candidate_filings,,,,,
SRDX,0000924717,Surmodics Inc,,ACQUISITION,2025-11-18,provisional_stockanalysis_action_date_not_first_announcement,https://stockanalysis.com/actions/acquisitions/,stockanalysis_company_page,-,Gtcr LLC,2025-11-18 12:00:00+00:00,provisional_stockanalysis_action_date_not_first_announcement,2025-11-12 06:15:33+00:00,sec_candidate,3.0,acquirer_name,8-K,0001193125-25-275719,https://www.sec.gov/Archives/edgar/data/924717/000119312525275719/d82015d8k.htm
INFA,0001868778,Informatica Inc,,ACQUISITION,2025-11-18,provisional_stockanalysis_action_date_not_first_announcement,https://stockanalysis.com/actions/acquisitions/2025/,stockanalysis_company_page,CRM,Salesforce Inc,2025-11-18 12:00:00+00:00,provisional_stockanalysis_action_date_not_first_announcement,2025-11-18 16:17:34+00:00,sec_candidate,13.0,agreement\s+and\s+plan\s+of\s+merger|merger\s+agreement|definitive\s+agreement|change\s+of\s+control|entered\s+into\s+.*(?:merger|acquisition)|acquirer_name,8-K,0001104659-25-113667,https://www.sec.gov/Archives/edgar/data/1868778/000110465925113667/tm2531245d7_8k.htm
EMX,0001285786,Emx Royalty Corp,,ACQUISITION,2025-11-14,provisional_stockanalysis_action_date_not_first_announcement,https://stockanalysis.com/actions/acquisitions/,stockanalysis_company_page,ELE,Elemental Royalty Corp,2025-11-14 12:00:00+00:00,provisional_stockanalysis_action_date_not_first_announcement,,no_candidate_filings_in_window,,,,,
MTSR,0002040807,Metsera Inc,,ACQUISITION,2025-11-14,provisional_stockanalysis_action_date_not_first_announcement,https://stockanalysis.com/actions/acquisitions/2025/,stockanalysis_company_page,PFE,Pfizer Inc,2025-11-14 12:00:00+00:00,provisional_stockanalysis_action_date_not_first_announcement,2025-11-04 10:47:59+00:00,sec_candidate,9.0,agreement\s+and\s+plan\s+of\s+merger|merger\s+agreement|definitive\s+agreement|acquirer_name,8-K,0001193125-25-263828,https://www.sec.gov/Archives/edgar/data/2040807/000119312525263828/d60790d8k.htm
PVBC,0001635840,Provident Bancorp Inc,,ACQUISITION,2025-11-14,provisional_stockanalysis_action_date_not_first_announcement,https://stockanalysis.com/actions/acquisitions/,stockanalysis_company_page,NBBK,Nb Bancorp Inc,2025-11-14 12:00:00+00:00,provisional_stockanalysis_action_date_not_first_announcement,,no_candidate_filings_in_window,,,,,
MRC,0001439095,Mrc Global Inc,,ACQUISITION,2025-11-05,provisional_stockanalysis_action_date_not_first_announcement,https://stockanalysis.com/actions/acquisitions/,stockanalysis_company_page,DNOW,Dnow Inc,2025-11-05 12:00:00+00:00,provisional_stockanalysis_action_date_not_first_announcement,2025-10-07 08:45:21+00:00,sec_candidate,10.0,agreement\s+and\s+plan\s+of\s+merger|merger\s+agreement|entered\s+into\s+.*(?:merger|acquisition)|acquirer_name|acquirer_symbol,8-K,0001193125-25-232676,https://www.sec.gov/Archives/edgar/data/1439095/000119312525232676/d847595d8k.htm
CFSB,0001879103,Cfsb Bancorp Inc,,ACQUISITION,2025-11-03,provisional_stockanalysis_action_date_not_first_announcement,https://stockanalysis.com/actions/acquisitions/,stockanalysis_company_page,-,Hometown Financial Group Inc,2025-11-03 12:00:00+00:00,provisional_stockanalysis_action_date_not_first_announcement,2025-09-05 16:44:56+00:00,sec_candidate,9.0,agreement\s+and\s+plan\s+of\s+merger|merger\s+agreement|entered\s+into\s+.*(?:merger|acquisition)|acquirer_name,8-K,0001193125-25-197283,https://www.sec.gov/Archives/edgar/data/1879103/000119312525197283/d39024d8k.htm
TIXT,0001825155,Telus International (cda) Inc,,ACQUISITION,2025-10-31,provisional_stockanalysis_action_date_not_first_announcement,https://stockanalysis.com/actions/acquisitions/2025/,stockanalysis_company_page,TU,Telus Corp,2025-10-31 12:00:00+00:00,provisional_stockanalysis_action_date_not_first_announcement,,no_candidate_filings,,,,,
HONE,0001769617,Harborone Bancorp Inc,,ACQUISITION,2025-10-31,provisional_stockanalysis_action_date_not_first_announcement,https://stockanalysis.com/actions/acquisitions/2025/,stockanalysis_company_page,EBC,Eastern Bankshares Inc,2025-10-31 12:00:00+00:00,provisional_stockanalysis_action_date_not_first_announcement,2025-09-24 21:10:54+00:00,sec_candidate,9.0,agreement\s+and\s+plan\s+of\s+merger|merger\s+agreement|entered\s+into\s+.*(?:merger|acquisition)|acquirer_name,8-K,0001104659-25-093052,https://www.sec.gov/Archives/edgar/data/1769617/000110465925093052/tm2526820d1_8k.htm
CCRD,0000320340,Corecard Corp,,ACQUISITION,2025-10-30,provisional_stockanalysis_action_date_not_first_announcement,https://stockanalysis.com/actions/acquisitions/,stockanalysis_company_page,EEFT,Euronet Worldwide Inc,2025-10-30 12:00:00+00:00,provisional_stockanalysis_action_date_not_first_announcement,2025-09-09 16:30:33+00:00,sec_candidate,11.0,agreement\s+and\s+plan\s+of\s+merger|merger\s+agreement|definitive\s+agreement|entered\s+into\s+.*(?:merger|acquisition)|acquirer_name,8-K,0001437749-25-028693,https://www.sec.gov/Archives/edgar/data/320340/000143774925028693/ins20250909_8k.htm
ETNB,0001785173,89bio Inc,,ACQUISITION,2025-10-30,provisional_stockanalysis_action_date_not_first_announcement,https://stockanalysis.com/actions/acquisitions/,stockanalysis_company_page,RHHBY,Roche Holding Ltd.,2025-10-30 12:00:00+00:00,provisional_stockanalysis_action_date_not_first_announcement,2025-09-18 06:08:11+00:00,sec_candidate,17.0,agreement\s+and\s+plan\s+of\s+merger|merger\s+agreement|definitive\s+agreement|tender\s+offer|acquisition\s+agreement|entered\s+into\s+.*(?:merger|acquisition)|acquirer_name|item_1_01_transaction,8-K,0001193125-25-206747,https://www.sec.gov/Archives/edgar/data/1785173/000119312525206747/d143212d8k.htm
TRML,0001827506,Tourmaline Bio Inc,,ACQUISITION,2025-10-28,provisional_stockanalysis_action_date_not_first_announcement,https://stockanalysis.com/actions/acquisitions/2025/,stockanalysis_company_page,NVS,Novartis Ag,2025-10-28 12:00:00+00:00,provisional_stockanalysis_action_date_not_first_announcement,2025-09-09 06:09:59+00:00,sec_candidate,15.0,agreement\s+and\s+plan\s+of\s+merger|merger\s+agreement|definitive\s+agreement|tender\s+offer|entered\s+into\s+.*(?:merger|acquisition)|acquirer_name|item_1_01_transaction,8-K,0001193125-25-198747,https://www.sec.gov/Archives/edgar/data/1827506/000119312525198747/d80074d8k.htm
MLNK,0001834494,Meridianlink Inc,,ACQUISITION,2025-10-23,provisional_stockanalysis_action_date_not_first_announcement,https://stockanalysis.com/actions/acquisitions/,stockanalysis_company_page,-,Centerbridge Partners Lp,2025-10-23 12:00:00+00:00,provisional_stockanalysis_action_date_not_first_announcement,2025-08-11 08:54:30+00:00,sec_candidate,10.0,agreement\s+and\s+plan\s+of\s+merger|merger\s+agreement|definitive\s+agreement|entered\s+into\s+.*(?:merger|acquisition)|item_1_01_transaction,8-K,0001193125-25-177535,https://www.sec.gov/Archives/edgar/data/1834494/000119312525177535/d949966d8k.htm
PBPB,0001195734,Potbelly Corp,,ACQUISITION,2025-10-22,provisional_stockanalysis_action_date_not_first_announcement,https://stockanalysis.com/actions/acquisitions/,stockanalysis_company_page,-,Racetrac Inc,2025-10-22 12:00:00+00:00,provisional_stockanalysis_action_date_not_first_announcement,2025-09-10 08:07:27+00:00,sec_candidate,15.0,agreement\s+and\s+plan\s+of\s+merger|merger\s+agreement|definitive\s+agreement|tender\s+offer|entered\s+into\s+.*(?:merger|acquisition)|acquirer_name|item_1_01_transaction,8-K,0001193125-25-199704,https://www.sec.gov/Archives/edgar/data/1195734/000119312525199704/d91739d8k.htm
PHLT,0001550695,Performant Healthcare Inc,,ACQUISITION,2025-10-21,provisional_stockanalysis_action_date_not_first_announcement,https://stockanalysis.com/actions/acquisitions/,stockanalysis_company_page,-,Machinify,2025-10-21 12:00:00+00:00,provisional_stockanalysis_action_date_not_first_announcement,2025-08-01 08:56:58+00:00,sec_candidate,13.0,agreement\s+and\s+plan\s+of\s+merger|merger\s+agreement|definitive\s+agreement|entered\s+into\s+.*(?:merger|acquisition)|acquirer_name|item_1_01_transaction,8-K,0001550695-25-000061,https://www.sec.gov/Archives/edgar/data/1550695/000155069525000061/pfmt-20250801.htm
VBTX,0001501570,Veritex Holdings Inc,,ACQUISITION,2025-10-17,provisional_stockanalysis_action_date_not_first_announcement,https://stockanalysis.com/actions/acquisitions/,stockanalysis_company_page,HBAN,Huntington Bancshares Inc,2025-10-17 12:00:00+00:00,provisional_stockanalysis_action_date_not_first_announcement,2025-09-12 16:05:43+00:00,sec_candidate,9.0,agreement\s+and\s+plan\s+of\s+merger|merger\s+agreement|entered\s+into\s+.*(?:merger|acquisition)|acquirer_name,8-K,0001104659-25-089539,https://www.sec.gov/Archives/edgar/data/1501570/000110465925089539/tm2525945d8_8k.htm
SAND,0001434614,Sandstorm Gold Ltd.,,ACQUISITION,2025-10-17,provisional_stockanalysis_action_date_not_first_announcement,https://stockanalysis.com/actions/acquisitions/2025/,stockanalysis_company_page,RGLD,Royal Gold Inc,2025-10-17 12:00:00+00:00,provisional_stockanalysis_action_date_not_first_announcement,,no_candidate_filings,,,,,
ZIMV,0001876588,Zimvie Inc,,ACQUISITION,2025-10-17,provisional_stockanalysis_action_date_not_first_announcement,https://stockanalysis.com/actions/acquisitions/,stockanalysis_company_page,-,Archimed,2025-10-17 12:00:00+00:00,provisional_stockanalysis_action_date_not_first_announcement,2025-10-03 16:34:16+00:00,sec_candidate,9.0,agreement\s+and\s+plan\s+of\s+merger|merger\s+agreement|entered\s+into\s+.*(?:merger|acquisition)|acquirer_name,8-K,0001193125-25-230313,https://www.sec.gov/Archives/edgar/data/1876588/000119312525230313/d23839d8k.htm
WNS,0001356570,Wns (holdings) Ltd.,,ACQUISITION,2025-10-16,provisional_stockanalysis_action_date_not_first_announcement,https://stockanalysis.com/actions/acquisitions/,stockanalysis_company_page,CGEMY,Cap Gemini SA,2025-10-16 12:00:00+00:00,provisional_stockanalysis_action_date_not_first_announcement,,no_qualified_transaction_filing,,,,,
AVDX,0001858257,Avidxchange Holdings Inc,,ACQUISITION,2025-10-14,provisional_stockanalysis_action_date_not_first_announcement,https://stockanalysis.com/actions/acquisitions/,stockanalysis_company_page,CPAY,Corpay Inc,2025-10-14 12:00:00+00:00,provisional_stockanalysis_action_date_not_first_announcement,2025-09-16 21:11:23+00:00,sec_candidate,7.0,agreement\s+and\s+plan\s+of\s+merger|merger\s+agreement|acquirer_name,8-K,0001193125-25-205119,https://www.sec.gov/Archives/edgar/data/1858257/000119312525205119/d96285d8k.htm
ARIS,0001964504,Aris Water Solutions Inc,NYSE,ACQUISITION,2025-10-14,provisional_stockanalysis_action_date_not_first_announcement,https://stockanalysis.com/actions/acquisitions/,sec_company_tickers_exchange,WES,Western Midstream Partners Lp,2025-10-14 12:00:00+00:00,provisional_stockanalysis_action_date_not_first_announcement,,no_candidate_filings,,,,,
MTAL,0002107724,Mac Copper Ltd.,NYSE,ACQUISITION,2025-10-10,provisional_stockanalysis_action_date_not_first_announcement,https://stockanalysis.com/actions/acquisitions/,sec_company_tickers_exchange,HMY,Harmony Gold Mining Co Ltd.,2025-10-10 12:00:00+00:00,provisional_stockanalysis_action_date_not_first_announcement,,no_candidate_filings_in_window,,,,,
EPIX,0001633932,Essa Pharma Inc,,ACQUISITION,2025-10-08,provisional_stockanalysis_action_date_not_first_announcement,https://stockanalysis.com/actions/acquisitions/,stockanalysis_company_page,-,Xenotherapeutics Corp,2025-10-08 12:00:00+00:00,provisional_stockanalysis_action_date_not_first_announcement,2025-09-30 16:30:53+00:00,sec_candidate,5.0,business\s+combination\s+agreement|acquirer_name,8-K,0001104659-25-095056,https://www.sec.gov/Archives/edgar/data/1633932/000110465925095056/tm2527481d1_8k.htm
VRNA,0001657312,Verona Pharma PLC,,ACQUISITION,2025-10-07,provisional_stockanalysis_action_date_not_first_announcement,https://stockanalysis.com/actions/acquisitions/,stockanalysis_company_page,MRK,Merck & Co Inc,2025-10-07 12:00:00+00:00,provisional_stockanalysis_action_date_not_first_announcement,2025-07-09 07:44:55+00:00,sec_candidate,11.0,definitive\s+agreement|will\s+be\s+acquired|entered\s+into\s+.*(?:merger|acquisition)|acquirer_name|item_1_01_transaction,8-K,0001104659-25-066588,https://www.sec.gov/Archives/edgar/data/1657312/000110465925066588/tm2520134d1_8k.htm
SCPH,0001604950,Scpharmaceuticals Inc,,ACQUISITION,2025-10-06,provisional_stockanalysis_action_date_not_first_announcement,https://stockanalysis.com/actions/acquisitions/,stockanalysis_company_page,MNKD,Mannkind Corp,2025-10-06 12:00:00+00:00,provisional_stockanalysis_action_date_not_first_announcement,2025-08-25 07:33:16+00:00,sec_candidate,17.0,agreement\s+and\s+plan\s+of\s+merger|merger\s+agreement|definitive\s+agreement|tender\s+offer|acquisition\s+agreement|entered\s+into\s+.*(?:merger|acquisition)|acquirer_name|item_1_01_transaction,8-K,0001193125-25-186993,https://www.sec.gov/Archives/edgar/data/1604950/000119312525186993/d20370d8k.htm
MGRM,0001769759,Monogram Technologies Inc,,ACQUISITION,2025-10-06,provisional_stockanalysis_action_date_not_first_announcement,https://stockanalysis.com/actions/acquisitions/,stockanalysis_company_page,ZBH,Zimmer Biomet Holdings Inc,2025-10-06 12:00:00+00:00,provisional_stockanalysis_action_date_not_first_announcement,2025-08-29 15:49:06+00:00,sec_candidate,3.0,acquirer_name,8-K,0001104659-25-085618,https://www.sec.gov/Archives/edgar/data/1769759/000110465925085618/tm2524795d1_8k.htm
COOP,0000933136,Mr Cooper Group Inc,,ACQUISITION,2025-10-02,provisional_stockanalysis_action_date_not_first_announcement,https://stockanalysis.com/actions/acquisitions/,stockanalysis_company_page,RKT,Rocket Companies Inc,2025-10-02 12:00:00+00:00,provisional_stockanalysis_action_date_not_first_announcement,2025-09-03 17:01:40+00:00,sec_candidate,5.0,agreement\s+and\s+plan\s+of\s+merger|acquirer_name,8-K,0001193125-25-195037,https://www.sec.gov/Archives/edgar/data/933136/000119312525195037/d949688d8k.htm
NEUE,0001671284,Neuehealth Inc,,ACQUISITION,2025-10-01,provisional_stockanalysis_action_date_not_first_announcement,https://stockanalysis.com/actions/acquisitions/,stockanalysis_company_page,-,New Enterprise Associates,2025-10-01 12:00:00+00:00,provisional_stockanalysis_action_date_not_first_announcement,2025-09-23 10:45:19+00:00,sec_candidate,6.0,agreement\s+and\s+plan\s+of\s+merger|merger\s+agreement|entered\s+into\s+.*(?:merger|acquisition),8-K,0001671284-25-000025,https://www.sec.gov/Archives/edgar/data/1671284/000167128425000025/bhg-20250918.htm
BGFV,0001156388,Big 5 Sporting Goods Corp,,ACQUISITION,2025-10-01,provisional_stockanalysis_action_date_not_first_announcement,https://stockanalysis.com/actions/acquisitions/,stockanalysis_company_page,-,Worldwide Golf Group LLC,2025-10-01 12:00:00+00:00,provisional_stockanalysis_action_date_not_first_announcement,2025-09-12 20:44:15+00:00,sec_candidate,9.0,agreement\s+and\s+plan\s+of\s+merger|merger\s+agreement|entered\s+into\s+.*(?:merger|acquisition)|acquirer_name,8-K,0001193125-25-202503,https://www.sec.gov/Archives/edgar/data/1156388/000119312525202503/d949106d8k.htm
TTNP,0000910267,Titan Pharmaceuticals Inc,,ACQUISITION,2025-10-01,provisional_stockanalysis_action_date_not_first_announcement,https://stockanalysis.com/actions/acquisitions/,stockanalysis_company_page,BTTC,Black Titan Corp,2025-10-01 12:00:00+00:00,provisional_stockanalysis_action_date_not_first_announcement,2025-08-26 16:05:34+00:00,sec_candidate,5.0,merger\s+agreement|acquirer_name,8-K,0001829126-25-006734,https://www.sec.gov/Archives/edgar/data/910267/000182912625006734/titanpharma_8k.htm
GNTY,0001058867,Guaranty Bancshares Inc,,ACQUISITION,2025-09-30,provisional_stockanalysis_action_date_not_first_announcement,https://stockanalysis.com/actions/acquisitions/,stockanalysis_company_page,GBCI,Glacier Bancorp Inc,2025-09-30 12:00:00+00:00,provisional_stockanalysis_action_date_not_first_announcement,2025-09-08 16:29:52+00:00,sec_candidate,7.0,merger\s+agreement|entered\s+into\s+.*(?:merger|acquisition)|acquirer_name,8-K,0000950170-25-113569,https://www.sec.gov/Archives/edgar/data/1058867/000095017025113569/gnty-20250908.htm
THTX,0001512717,Theratechnologies Inc,,ACQUISITION,2025-09-25,provisional_stockanalysis_action_date_not_first_announcement,https://stockanalysis.com/actions/acquisitions/,stockanalysis_company_page,-,Future Pak LLC,2025-09-25 12:00:00+00:00,provisional_stockanalysis_action_date_not_first_announcement,,no_candidate_filings,,,,,
KLG,0001959348,Wk Kellogg Co.,,ACQUISITION,2025-09-25,provisional_stockanalysis_action_date_not_first_announcement,https://stockanalysis.com/actions/acquisitions/,stockanalysis_company_page,-,Ferrero Group,2025-09-25 12:00:00+00:00,provisional_stockanalysis_action_date_not_first_announcement,2025-09-09 16:45:28+00:00,sec_candidate,6.0,agreement\s+and\s+plan\s+of\s+merger|merger\s+agreement|entered\s+into\s+.*(?:merger|acquisition),8-K,0001193125-25-199222,https://www.sec.gov/Archives/edgar/data/1959348/000119312525199222/d947320d8k.htm
DALN,0001413898,Dallasnews Corp,,ACQUISITION,2025-09-24,provisional_stockanalysis_action_date_not_first_announcement,https://stockanalysis.com/actions/acquisitions/,stockanalysis_company_page,-,Hearst Communications Inc,2025-09-24 12:00:00+00:00,provisional_stockanalysis_action_date_not_first_announcement,2025-09-15 06:51:56+00:00,sec_candidate,13.0,agreement\s+and\s+plan\s+of\s+merger|merger\s+agreement|definitive\s+agreement|entered\s+into\s+.*(?:merger|acquisition)|acquirer_name|item_1_01_transaction,8-K,0001413898-25-000077,https://www.sec.gov/Archives/edgar/data/1413898/000141389825000077/daln-20250914x8k.htm
BRFS,0001122491,Brf SA,,ACQUISITION,2025-09-22,provisional_stockanalysis_action_date_not_first_announcement,https://stockanalysis.com/actions/acquisitions/,stockanalysis_company_page,MRRTY,Marfrig Global Foods SA,2025-09-22 12:00:00+00:00,provisional_stockanalysis_action_date_not_first_announcement,,no_candidate_filings,,,,,
SPTN,0000877422,Spartannash Co.,,ACQUISITION,2025-09-19,provisional_stockanalysis_action_date_not_first_announcement,https://stockanalysis.com/actions/acquisitions/,stockanalysis_company_page,-,C&s Wholesale Grocers Inc,2025-09-19 12:00:00+00:00,provisional_stockanalysis_action_date_not_first_announcement,2025-08-29 16:34:34+00:00,sec_candidate,9.0,agreement\s+and\s+plan\s+of\s+merger|merger\s+agreement|entered\s+into\s+.*(?:merger|acquisition)|acquirer_name,8-K,0001104659-25-085730,https://www.sec.gov/Archives/edgar/data/877422/000110465925085730/tm2524682d1_8k.htm
MNTX,0001302028,Manitex International Inc,,ACQUISITION,2024-12-31,provisional_stockanalysis_action_date_not_first_announcement,https://stockanalysis.com/actions/acquisitions/2024/,stockanalysis_company_page,-,Tadano Ltd.,2024-12-31 12:00:00+00:00,provisional_stockanalysis_action_date_not_first_announcement,2024-12-16 16:11:30+00:00,sec_candidate,9.0,agreement\s+and\s+plan\s+of\s+merger|merger\s+agreement|entered\s+into\s+.*(?:merger|acquisition)|acquirer_name,8-K,0001193125-24-279581,https://www.sec.gov/Archives/edgar/data/1302028/000119312524279581/d758001d8k.htm
IBTX,0000764038,Independent Bank Group Inc,,ACQUISITION,2024-12-31,provisional_stockanalysis_action_date_not_first_announcement,https://stockanalysis.com/actions/acquisitions/2024/,stockanalysis_company_page,SSB,Southstate Bank Corp,2024-12-31 12:00:00+00:00,provisional_stockanalysis_action_date_not_first_announcement,2024-10-23 20:06:37+00:00,sec_candidate,3.0,merger\s+agreement|acquirer_symbol,8-K,0001558370-24-013516,https://www.sec.gov/Archives/edgar/data/764038/000155837024013516/ssb-20241023x8k.htm
NAPA,0001835256,Duckhorn Portfolio Inc,,ACQUISITION,2024-12-23,provisional_stockanalysis_action_date_not_first_announcement,https://stockanalysis.com/actions/acquisitions/2024/,stockanalysis_company_page,-,Marlee Buyer Inc,2024-12-23 12:00:00+00:00,provisional_stockanalysis_action_date_not_first_announcement,2024-12-13 17:24:01+00:00,sec_candidate,11.0,merger\s+agreement|tender\s+offer|acquisition\s+agreement|entered\s+into\s+.*(?:merger|acquisition)|acquirer_name,8-K,0001193125-24-278709,https://www.sec.gov/Archives/edgar/data/1835256/000119312524278709/d853019d8k.htm
AGR,0001634997,Avangrid Inc,,ACQUISITION,2024-12-20,provisional_stockanalysis_action_date_not_first_announcement,https://stockanalysis.com/actions/acquisitions/2024/,stockanalysis_company_page,IBDRY,Iberdrola SA,2024-12-20 12:00:00+00:00,provisional_stockanalysis_action_date_not_first_announcement,2024-12-23 16:04:29+00:00,sec_candidate,6.0,agreement\s+and\s+plan\s+of\s+merger|merger\s+agreement|definitive\s+agreement,8-K,0001193125-24-284174,https://www.sec.gov/Archives/edgar/data/1634997/000119312524284174/d784430d8k.htm
CTLT,0001596783,Catalent Inc,,ACQUISITION,2024-12-17,provisional_stockanalysis_action_date_not_first_announcement,https://stockanalysis.com/actions/acquisitions/2024/,stockanalysis_company_page,NVO,Novo Nordisk A S,2024-12-17 12:00:00+00:00,provisional_stockanalysis_action_date_not_first_announcement,2024-12-18 09:49:29+00:00,sec_candidate,11.0,agreement\s+and\s+plan\s+of\s+merger|merger\s+agreement|definitive\s+agreement|entered\s+into\s+.*(?:merger|acquisition)|acquirer_name,8-K,0001193125-24-280922,https://www.sec.gov/Archives/edgar/data/1596783/000119312524280922/d902883d8k.htm
AY,0001601072,Atlantica Sustainable Infrastructure PLC,,ACQUISITION,2024-12-12,provisional_stockanalysis_action_date_not_first_announcement,https://stockanalysis.com/actions/acquisitions/2024/,stockanalysis_company_page,-,Energy Capital Partners Management Lp,2024-12-12 12:00:00+00:00,provisional_stockanalysis_action_date_not_first_announcement,,no_candidate_filings,,,,,
PGRU,0001873331,Propertyguru Group Ltd.,,ACQUISITION,2024-12-12,provisional_stockanalysis_action_date_not_first_announcement,https://stockanalysis.com/actions/acquisitions/2024/,stockanalysis_company_page,-,Eqt Private Equity Co LLC,2024-12-12 12:00:00+00:00,provisional_stockanalysis_action_date_not_first_announcement,,no_candidate_filings_in_window,,,,,
VZIO,0001835591,Vizio Holding Corp,,ACQUISITION,2024-12-02,provisional_stockanalysis_action_date_not_first_announcement,https://stockanalysis.com/actions/acquisitions/2024/,stockanalysis_company_page,WMT,Walmart Inc,2024-12-02 12:00:00+00:00,provisional_stockanalysis_action_date_not_first_announcement,2024-12-03 09:08:59+00:00,sec_candidate,7.0,agreement\s+and\s+plan\s+of\s+merger|merger\s+agreement|acquirer_name,8-K,0001193125-24-269483,https://www.sec.gov/Archives/edgar/data/1835591/000119312524269483/d909505d8k.htm
LBPH,0001832168,Longboard Pharmaceuticals Inc,,ACQUISITION,2024-11-29,provisional_stockanalysis_action_date_not_first_announcement,https://stockanalysis.com/actions/acquisitions/2024/,stockanalysis_company_page,HLUKF,H Lundbeck A S,2024-11-29 12:00:00+00:00,provisional_stockanalysis_action_date_not_first_announcement,2024-10-15 06:14:30+00:00,sec_candidate,17.0,agreement\s+and\s+plan\s+of\s+merger|merger\s+agreement|definitive\s+agreement|tender\s+offer|acquisition\s+agreement|entered\s+into\s+.*(?:merger|acquisition)|acquirer_name|item_1_01_transaction,8-K,0001193125-24-237160,https://www.sec.gov/Archives/edgar/data/1832168/000119312524237160/d857185d8k.htm
ENV,0001337619,Envestnet Inc,,ACQUISITION,2024-11-22,provisional_stockanalysis_action_date_not_first_announcement,https://stockanalysis.com/actions/acquisitions/2024/,stockanalysis_company_page,-,Bain Capital Partners LLC,2024-11-22 12:00:00+00:00,provisional_stockanalysis_action_date_not_first_announcement,2024-09-16 16:40:19+00:00,sec_candidate,8.0,agreement\s+and\s+plan\s+of\s+merger|merger\s+agreement|change\s+of\s+control|entered\s+into\s+.*(?:merger|acquisition),8-K,0001213900-24-078996,https://www.sec.gov/Archives/edgar/data/1337619/000121390024078996/ea0214644-8k_envestnet.htm
HAYN,0000858655,Haynes International Inc,,ACQUISITION,2024-11-20,provisional_stockanalysis_action_date_not_first_announcement,https://stockanalysis.com/actions/acquisitions/2024/,stockanalysis_company_page,ANIOY,Acerinox SA,2024-11-20 12:00:00+00:00,provisional_stockanalysis_action_date_not_first_announcement,2024-11-15 09:08:03+00:00,sec_candidate,6.0,agreement\s+and\s+plan\s+of\s+merger|merger\s+agreement|entered\s+into\s+.*(?:merger|acquisition),8-K,0001104659-24-119532,https://www.sec.gov/Archives/edgar/data/858655/000110465924119532/tm2428563d1_8k.htm
RCM,0001910851,R1 Rcm Inc,,ACQUISITION,2024-11-18,provisional_stockanalysis_action_date_not_first_announcement,https://stockanalysis.com/actions/acquisitions/2024/,stockanalysis_company_page,-,Clayton Dubilier & Rice LLC,2024-11-18 12:00:00+00:00,provisional_stockanalysis_action_date_not_first_announcement,2024-10-22 07:59:58+00:00,sec_candidate,4.0,agreement\s+and\s+plan\s+of\s+merger|entered\s+into\s+.*(?:merger|acquisition),8-K,0001193125-24-240751,https://www.sec.gov/Archives/edgar/data/1910851/000119312524240751/d897492d8k.htm
NVEI,0001765159,Nuvei Corp,,ACQUISITION,2024-11-15,provisional_stockanalysis_action_date_not_first_announcement,https://stockanalysis.com/actions/acquisitions/2024/,stockanalysis_company_page,-,Advent International LLC,2024-11-15 12:00:00+00:00,provisional_stockanalysis_action_date_not_first_announcement,,no_candidate_filings_in_window,,,,,
AXNX,0001603756,Axonics Inc,,ACQUISITION,2024-11-14,provisional_stockanalysis_action_date_not_first_announcement,https://stockanalysis.com/actions/acquisitions/2024/,stockanalysis_company_page,BSX,Boston Scientific Corp,2024-11-14 12:00:00+00:00,provisional_stockanalysis_action_date_not_first_announcement,2024-11-15 08:54:08+00:00,sec_candidate,9.0,agreement\s+and\s+plan\s+of\s+merger|merger\s+agreement|entered\s+into\s+.*(?:merger|acquisition)|acquirer_name,8-K,0001628280-24-048038,https://www.sec.gov/Archives/edgar/data/1603756/000162828024048038/axnx-20241115.htm
TWKS,0001866550,Thoughtworks Holding Inc,,ACQUISITION,2024-11-12,provisional_stockanalysis_action_date_not_first_announcement,https://stockanalysis.com/actions/acquisitions/2024/,stockanalysis_company_page,-,Apax Partners LLC,2024-11-12 12:00:00+00:00,provisional_stockanalysis_action_date_not_first_announcement,2024-08-05 09:12:02+00:00,sec_candidate,13.0,agreement\s+and\s+plan\s+of\s+merger|merger\s+agreement|definitive\s+agreement|entered\s+into\s+.*(?:merger|acquisition)|acquirer_name|item_1_01_transaction,8-K,0001213900-24-065016,https://www.sec.gov/Archives/edgar/data/1866550/000121390024065016/ea0210599-8k_thought.htm
INST,0001841804,Instructure Holdings Inc,,ACQUISITION,2024-11-12,provisional_stockanalysis_action_date_not_first_announcement,https://stockanalysis.com/actions/acquisitions/2024/,stockanalysis_company_page,KKR,Kkr & Co Inc,2024-11-12 12:00:00+00:00,provisional_stockanalysis_action_date_not_first_announcement,2024-08-02 16:05:21+00:00,sec_candidate,5.0,merger\s+agreement|definitive\s+agreement|acquirer_symbol,8-K,0000950170-24-089948,https://www.sec.gov/Archives/edgar/data/1841804/000095017024089948/inst-20240802.htm
SRCL,0000861878,Stericycle Inc,,ACQUISITION,2024-11-01,provisional_stockanalysis_action_date_not_first_announcement,https://stockanalysis.com/actions/acquisitions/2024/,stockanalysis_company_page,WM,Waste Management Inc,2024-11-01 12:00:00+00:00,provisional_stockanalysis_action_date_not_first_announcement,2024-09-06 07:03:00+00:00,sec_candidate,9.0,agreement\s+and\s+plan\s+of\s+merger|merger\s+agreement|entered\s+into\s+.*(?:merger|acquisition)|acquirer_name,8-K,0001193125-24-214684,https://www.sec.gov/Archives/edgar/data/861878/000119312524214684/d855644d8k.htm
GVP,0000944480,Gse Systems Inc,,ACQUISITION,2024-10-31,provisional_stockanalysis_action_date_not_first_announcement,https://stockanalysis.com/actions/acquisitions/2024/,stockanalysis_company_page,-,Pelican Energy Partners Lp,2024-10-31 12:00:00+00:00,provisional_stockanalysis_action_date_not_first_announcement,2024-10-25 16:16:34+00:00,sec_candidate,5.0,merger\s+agreement|acquirer_name,8-K,0001140361-24-044267,https://www.sec.gov/Archives/edgar/data/944480/000114036124044267/ef20037737_8k.htm
STER,0001210677,Sterling Check Corp,,ACQUISITION,2024-10-30,provisional_stockanalysis_action_date_not_first_announcement,https://stockanalysis.com/actions/acquisitions/2024/,stockanalysis_company_page,FA,First Advantage Corp,2024-10-30 12:00:00+00:00,provisional_stockanalysis_action_date_not_first_announcement,2024-10-21 20:30:08+00:00,sec_candidate,8.0,agreement\s+and\s+plan\s+of\s+merger|merger\s+agreement|acquirer_name|acquirer_symbol,8-K,0000950170-24-115963,https://www.sec.gov/Archives/edgar/data/1210677/000095017024115963/fa-20241021.htm
GRDI,0000827876,Griid Infrastructure Inc,,ACQUISITION,2024-10-30,provisional_stockanalysis_action_date_not_first_announcement,https://stockanalysis.com/actions/acquisitions/2024/,stockanalysis_company_page,CLSK,Cleanspark Inc,2024-10-30 12:00:00+00:00,provisional_stockanalysis_action_date_not_first_announcement,2024-10-04 21:19:58+00:00,sec_candidate,6.0,definitive\s+agreement|acquirer_name|acquirer_symbol,8-K,0000950170-24-112976,https://www.sec.gov/Archives/edgar/data/827876/000095017024112976/clsk-20241001.htm
LLAP,0000936468,Terran Orbital Corp,,ACQUISITION,2024-10-29,provisional_stockanalysis_action_date_not_first_announcement,https://stockanalysis.com/actions/acquisitions/2024/,stockanalysis_company_page,LMT,Lockheed Martin Corp,2024-10-29 12:00:00+00:00,provisional_stockanalysis_action_date_not_first_announcement,2024-07-19 19:40:35+00:00,sec_candidate,4.0,acquirer_name|acquirer_symbol,8-K,0000936468-24-000088,https://www.sec.gov/Archives/edgar/data/936468/000093646824000088/lmt-20240719.htm
PETQ,0001668673,Petiq Inc,,ACQUISITION,2024-10-24,provisional_stockanalysis_action_date_not_first_announcement,https://stockanalysis.com/actions/acquisitions/2024/,stockanalysis_company_page,-,Bansk Group,2024-10-24 12:00:00+00:00,provisional_stockanalysis_action_date_not_first_announcement,2024-10-11 16:05:17+00:00,sec_candidate,9.0,agreement\s+and\s+plan\s+of\s+merger|merger\s+agreement|entered\s+into\s+.*(?:merger|acquisition)|acquirer_name,8-K,0001104659-24-108042,https://www.sec.gov/Archives/edgar/data/1668673/000110465924108042/tm2425986d1_8k.htm
SHCR,0001816233,Sharecare Inc,,ACQUISITION,2024-10-21,provisional_stockanalysis_action_date_not_first_announcement,https://stockanalysis.com/actions/acquisitions/2024/,stockanalysis_company_page,-,Altaris Capital Lp,2024-10-21 12:00:00+00:00,provisional_stockanalysis_action_date_not_first_announcement,2024-10-07 16:07:14+00:00,sec_candidate,8.0,agreement\s+and\s+plan\s+of\s+merger|merger\s+agreement|definitive\s+agreement|entered\s+into\s+.*(?:merger|acquisition),8-K,0001104659-24-106673,https://www.sec.gov/Archives/edgar/data/1816233/000110465924106673/tm2425657d1_8k.htm
SQSP,0001496963,Squarespace Inc,,ACQUISITION,2024-10-16,provisional_stockanalysis_action_date_not_first_announcement,https://stockanalysis.com/actions/acquisitions/2024/,stockanalysis_company_page,-,Permira Holdings Ltd.,2024-10-16 12:00:00+00:00,provisional_stockanalysis_action_date_not_first_announcement,2024-07-03 15:15:19+00:00,sec_candidate,3.0,acquirer_name,8-K,0001496963-24-000061,https://www.sec.gov/Archives/edgar/data/1496963/000149696324000061/sqsp-20240628.htm
CHUY,0001524931,Chuy's Holdings Inc,,ACQUISITION,2024-10-10,provisional_stockanalysis_action_date_not_first_announcement,https://stockanalysis.com/actions/acquisitions/2024/,stockanalysis_company_page,DRI,Darden Restaurants Inc,2024-10-10 12:00:00+00:00,provisional_stockanalysis_action_date_not_first_announcement,2024-07-23 16:10:00+00:00,sec_candidate,3.0,acquirer_name,8-K,0001524931-24-000081,https://www.sec.gov/Archives/edgar/data/1524931/000152493124000081/chuy-20240723.htm
HMNF,0000903419,Hmn Financial Inc,,ACQUISITION,2024-10-09,provisional_stockanalysis_action_date_not_first_announcement,https://stockanalysis.com/actions/acquisitions/2024/,stockanalysis_company_page,ALRS,Alerus Financial Corp,2024-10-09 12:00:00+00:00,provisional_stockanalysis_action_date_not_first_announcement,2024-08-21 20:30:11+00:00,sec_candidate,4.0,acquirer_name|acquirer_symbol,8-K,0001558370-24-012416,https://www.sec.gov/Archives/edgar/data/903419/000155837024012416/alrs-20240821x8k.htm
VGR,0000059440,Vector Group Ltd.,,ACQUISITION,2024-10-07,provisional_stockanalysis_action_date_not_first_announcement,https://stockanalysis.com/actions/acquisitions/2024/,stockanalysis_company_page,-,Jt Group,2024-10-07 12:00:00+00:00,provisional_stockanalysis_action_date_not_first_announcement,2024-08-21 17:22:52+00:00,sec_candidate,12.0,agreement\s+and\s+plan\s+of\s+merger|merger\s+agreement|definitive\s+agreement|tender\s+offer|entered\s+into\s+.*(?:merger|acquisition)|item_1_01_transaction,8-K,0001193125-24-204521,https://www.sec.gov/Archives/edgar/data/59440/000119312524204521/d868123d8k.htm
AUGX,0001769804,Augmedix Inc,,ACQUISITION,2024-10-01,provisional_stockanalysis_action_date_not_first_announcement,https://stockanalysis.com/actions/acquisitions/2024/,stockanalysis_company_page,-,Commure Inc,2024-10-01 12:00:00+00:00,provisional_stockanalysis_action_date_not_first_announcement,2024-09-16 17:12:00+00:00,sec_candidate,9.0,agreement\s+and\s+plan\s+of\s+merger|merger\s+agreement|entered\s+into\s+.*(?:merger|acquisition)|acquirer_name,8-K,0001193125-24-219692,https://www.sec.gov/Archives/edgar/data/1769804/000119312524219692/d891498d8k.htm
PRFT,0001085869,Perficient Inc,,ACQUISITION,2024-10-01,provisional_stockanalysis_action_date_not_first_announcement,https://stockanalysis.com/actions/acquisitions/2024/,stockanalysis_company_page,-,Bpea Private Equity Fund Viii Co-investment Lp,2024-10-01 12:00:00+00:00,provisional_stockanalysis_action_date_not_first_announcement,2024-07-22 07:40:29+00:00,sec_candidate,6.0,agreement\s+and\s+plan\s+of\s+merger|merger\s+agreement|entered\s+into\s+.*(?:merger|acquisition),8-K,0001193125-24-181935,https://www.sec.gov/Archives/edgar/data/1085869/000119312524181935/d870294d8k.htm
PWSC,0001835681,Powerschool Holdings Inc,,ACQUISITION,2024-09-30,provisional_stockanalysis_action_date_not_first_announcement,https://stockanalysis.com/actions/acquisitions/2024/,stockanalysis_company_page,-,Bain Capital,2024-09-30 12:00:00+00:00,provisional_stockanalysis_action_date_not_first_announcement,2024-06-07 09:14:01+00:00,sec_candidate,6.0,agreement\s+and\s+plan\s+of\s+merger|merger\s+agreement|entered\s+into\s+.*(?:merger|acquisition),8-K,0001193125-24-156777,https://www.sec.gov/Archives/edgar/data/1835681/000119312524156777/d232555d8k.htm
SWN,0000895126,Southwestern Energy Co.,,ACQUISITION,2024-09-30,provisional_stockanalysis_action_date_not_first_announcement,https://stockanalysis.com/actions/acquisitions/2024/,stockanalysis_company_page,EXE,Expand Energy Corp,2024-09-30 12:00:00+00:00,provisional_stockanalysis_action_date_not_first_announcement,2024-10-01 20:49:41+00:00,sec_candidate,14.0,agreement\s+and\s+plan\s+of\s+merger|merger\s+agreement|definitive\s+agreement|entered\s+into\s+.*(?:merger|acquisition)|acquirer_name|acquirer_symbol|item_1_01_transaction,8-K,0001104659-24-104976,https://www.sec.gov/Archives/edgar/data/895126/000110465924104976/tm2425151d1_8k.htm
SGE,0001591890,Strong Global Entertainment Inc,,ACQUISITION,2024-09-27,provisional_stockanalysis_action_date_not_first_announcement,https://stockanalysis.com/actions/acquisitions/2024/,stockanalysis_company_page,FGNX,Fg Nexus Inc,2024-09-27 12:00:00+00:00,provisional_stockanalysis_action_date_not_first_announcement,,no_qualified_transaction_filing,,,,,
DOMA,0001722438,Doma Holdings Inc,,ACQUISITION,2024-09-26,provisional_stockanalysis_action_date_not_first_announcement,https://stockanalysis.com/actions/acquisitions/2024/,stockanalysis_company_page,-,Title Resources Group,2024-09-26 12:00:00+00:00,provisional_stockanalysis_action_date_not_first_announcement,2024-08-28 18:43:27+00:00,sec_candidate,4.0,agreement\s+and\s+plan\s+of\s+merger|merger\s+agreement,8-K,0001437749-24-027961,https://www.sec.gov/Archives/edgar/data/1722438/000143774924027961/doma20240827_8k.htm
GTHX,0001560241,G1 Therapeutics Inc,,ACQUISITION,2024-09-17,provisional_stockanalysis_action_date_not_first_announcement,https://stockanalysis.com/actions/acquisitions/2024/,stockanalysis_company_page,-,Pharmacosmos A,2024-09-17 12:00:00+00:00,provisional_stockanalysis_action_date_not_first_announcement,2024-08-07 09:21:29+00:00,sec_candidate,15.0,agreement\s+and\s+plan\s+of\s+merger|merger\s+agreement|definitive\s+agreement|tender\s+offer|entered\s+into\s+.*(?:merger|acquisition)|acquirer_name|item_1_01_transaction,8-K,0001193125-24-195484,https://www.sec.gov/Archives/edgar/data/1560241/000119312524195484/d857014d8k.htm
HA,0000766421,Hawaiian Holdings Inc,,ACQUISITION,2024-09-17,provisional_stockanalysis_action_date_not_first_announcement,https://stockanalysis.com/actions/acquisitions/2024/,stockanalysis_company_page,ALK,Alaska Air Group Inc,2024-09-17 12:00:00+00:00,provisional_stockanalysis_action_date_not_first_announcement,2024-08-20 10:00:26+00:00,sec_candidate,10.0,agreement\s+and\s+plan\s+of\s+merger|merger\s+agreement|entered\s+into\s+.*(?:merger|acquisition)|acquirer_name|acquirer_symbol,8-K,0000766421-24-000051,https://www.sec.gov/Archives/edgar/data/766421/000076642124000051/alk-20240820.htm
