symbol,cik,company_name,exchange,event_type,event_date,label_quality,source_url,cik_source,acquirer,acquirer_name,dataset_role
AEMD,0000882291,Aethlon Medical Inc,Nasdaq,MERGER,2026-09-17,audited_sec_8k_first_public_announcement,https://www.sec.gov/Archives/edgar/data/882291/000168316826007206/0001683168-26-007206-index.htm,manual_sec_8k,NRTX,North Immunology,MERGER
LPSN,0001102993,Liveperson Inc,Nasdaq,ACQUISITION,2026-09-03,provisional_stockanalysis_action_date_not_first_announcement,https://stockanalysis.com/actions/acquisitions/,sec_company_tickers_exchange,SOUN,Soundhound Ai Inc,ACQUISITION
APGE,0001974640,Apogee Therapeutics Inc,,ACQUISITION,2026-09-02,provisional_stockanalysis_action_date_not_first_announcement,https://stockanalysis.com/actions/acquisitions/2026/,stockanalysis_company_page,ABBV,Abbvie Inc,ACQUISITION
CRNX,0001658247,Crinetics Pharmaceuticals Inc,,ACQUISITION,2026-09-01,provisional_stockanalysis_action_date_not_first_announcement,https://stockanalysis.com/actions/acquisitions/,stockanalysis_company_page,VRTX,Vertex Pharmaceuticals Inc,ACQUISITION
NCSM,0001692427,Ncs Multistage Holdings Inc,,ACQUISITION,2026-08-31,provisional_stockanalysis_action_date_not_first_announcement,https://stockanalysis.com/actions/acquisitions/,stockanalysis_company_page,WFRD,Weatherford International PLC,ACQUISITION
FBRX,0001419041,Forte Biosciences Inc,,ACQUISITION,2026-08-27,provisional_stockanalysis_action_date_not_first_announcement,https://stockanalysis.com/actions/acquisitions/,stockanalysis_company_page,ARGX,Argenx Se,ACQUISITION
ALOT,0000008146,Astronova Inc,,ACQUISITION,2026-08-27,provisional_stockanalysis_action_date_not_first_announcement,https://stockanalysis.com/actions/acquisitions/,stockanalysis_company_page,-,Arcline Investment Management,ACQUISITION
LEG,0000058492,Leggett & Platt Inc,,ACQUISITION,2026-08-26,provisional_stockanalysis_action_date_not_first_announcement,https://stockanalysis.com/actions/acquisitions/,stockanalysis_company_page,SGI,Somnigroup International Inc,ACQUISITION
TWO,0001465740,Two Harbors Investment Corp,,ACQUISITION,2026-08-24,provisional_stockanalysis_action_date_not_first_announcement,https://stockanalysis.com/actions/acquisitions/2026/,stockanalysis_company_page,-,Crosscountry Mortgage LLC,ACQUISITION
WBS,0000801337,Webster Financial Corp,,ACQUISITION,2026-08-19,provisional_stockanalysis_action_date_not_first_announcement,https://stockanalysis.com/actions/acquisitions/,stockanalysis_company_page,SAN,Banco Santander SA,ACQUISITION
LBRDA,0001611983,Liberty Broadband Corp,,ACQUISITION,2026-08-19,provisional_stockanalysis_action_date_not_first_announcement,https://stockanalysis.com/actions/acquisitions/2026/,stockanalysis_company_page,CHTR,Charter Communications Inc,ACQUISITION
TALK,0001803901,Talkspace Inc,,ACQUISITION,2026-08-14,provisional_stockanalysis_action_date_not_first_announcement,https://stockanalysis.com/actions/acquisitions/,stockanalysis_company_page,UHS,Universal Health Services Inc,ACQUISITION
AVB,0000915912,Avalonbay Communities Inc,,ACQUISITION,2026-08-14,provisional_stockanalysis_action_date_not_first_announcement,https://stockanalysis.com/actions/acquisitions/2026/,stockanalysis_company_page,VMRK,Vivmark Residential,ACQUISITION
MDV,0001645873,Modiv Industrial Inc,,ACQUISITION,2026-08-12,provisional_stockanalysis_action_date_not_first_announcement,https://stockanalysis.com/actions/acquisitions/2026/,stockanalysis_company_page,GNL,Global Net Lease Inc,ACQUISITION
ELSE,0000351789,Electro Sensors Inc,,ACQUISITION,2026-08-05,provisional_stockanalysis_action_date_not_first_announcement,https://stockanalysis.com/actions/acquisitions/,stockanalysis_company_page,-,Steute Industrial Controls Inc.,ACQUISITION
EA,0000712515,Electronic Arts Inc,,ACQUISITION,2026-08-04,provisional_stockanalysis_action_date_not_first_announcement,https://stockanalysis.com/actions/acquisitions/,stockanalysis_company_page,-,Silver Lake Partners Lp,ACQUISITION
ORLA,0001680056,Orla Mining Ltd.,,ACQUISITION,2026-07-31,provisional_stockanalysis_action_date_not_first_announcement,https://stockanalysis.com/actions/acquisitions/2026/,stockanalysis_company_page,EQX,Equinox Gold Corp,ACQUISITION
AFBI,0001823406,Affinity Bancshares Inc,,ACQUISITION,2026-07-31,provisional_stockanalysis_action_date_not_first_announcement,https://stockanalysis.com/actions/acquisitions/2026/,stockanalysis_company_page,-,Fidelity Bancshares Nc Inc,ACQUISITION
LPRO,0001806201,Open Lending Corp,,ACQUISITION,2026-07-30,provisional_stockanalysis_action_date_not_first_announcement,https://stockanalysis.com/actions/acquisitions/2026/,stockanalysis_company_page,-,Anv Group Holdings Ltd.,ACQUISITION
SKYT,0001819974,Skywater Technology Inc,,ACQUISITION,2026-07-30,provisional_stockanalysis_action_date_not_first_announcement,https://stockanalysis.com/actions/acquisitions/2026/,stockanalysis_company_page,IONQ,Ionq Inc,ACQUISITION
AVNS,0001606498,Avanos Medical Inc,,ACQUISITION,2026-07-24,provisional_stockanalysis_action_date_not_first_announcement,https://stockanalysis.com/actions/acquisitions/2026/,stockanalysis_company_page,-,American Industrial Partners Corp,ACQUISITION
TMHC,0001562476,Taylor Morrison Home Corp,,ACQUISITION,2026-07-23,provisional_stockanalysis_action_date_not_first_announcement,https://stockanalysis.com/actions/acquisitions/2026/,stockanalysis_company_page,BRK.B,Berkshire Hathaway Inc,ACQUISITION
NSA,0001618563,National Storage Affiliates Trust,,ACQUISITION,2026-07-21,provisional_stockanalysis_action_date_not_first_announcement,https://stockanalysis.com/actions/acquisitions/2026/,stockanalysis_company_page,PSA,Public Storage,ACQUISITION
KORE,0001855457,Kore Group Holdings Inc,,ACQUISITION,2026-07-21,provisional_stockanalysis_action_date_not_first_announcement,https://stockanalysis.com/actions/acquisitions/2026/,stockanalysis_company_page,-,Abry Partners LLC,ACQUISITION
CCRN,0001141103,Cross Country Healthcare Inc,,ACQUISITION,2026-07-21,provisional_stockanalysis_action_date_not_first_announcement,https://stockanalysis.com/actions/acquisitions/2026/,stockanalysis_company_page,-,Knox Lane Lp,ACQUISITION
NFBK,0001493225,Northfield Bancorp Inc,,ACQUISITION,2026-07-20,provisional_stockanalysis_action_date_not_first_announcement,https://stockanalysis.com/actions/acquisitions/,stockanalysis_company_page,CLBK,Columbia Financial Inc,ACQUISITION
CPRX,0001369568,Catalyst Pharmaceuticals Inc,,ACQUISITION,2026-07-15,provisional_stockanalysis_action_date_not_first_announcement,https://stockanalysis.com/actions/acquisitions/,stockanalysis_company_page,-,Angelini Pharma SpA,ACQUISITION
NUVL,0001861560,Nuvalent Inc,,ACQUISITION,2026-07-15,provisional_stockanalysis_action_date_not_first_announcement,https://stockanalysis.com/actions/acquisitions/2026/,stockanalysis_company_page,GSK,Gsk PLC,ACQUISITION
GTLS,0000892553,Chart Industries Inc,,ACQUISITION,2026-07-15,provisional_stockanalysis_action_date_not_first_announcement,https://stockanalysis.com/actions/acquisitions/2026/,stockanalysis_company_page,BKR,Baker Hughes Co.,ACQUISITION
ESPR,0001434868,Esperion Therapeutics Inc,,ACQUISITION,2026-07-13,provisional_stockanalysis_action_date_not_first_announcement,https://stockanalysis.com/actions/acquisitions/,stockanalysis_company_page,-,Archimed,ACQUISITION
XOMA,0000791908,Xoma Royalty Corp,,ACQUISITION,2026-07-13,provisional_stockanalysis_action_date_not_first_announcement,https://stockanalysis.com/actions/acquisitions/,stockanalysis_company_page,LGND,Ligand Pharmaceuticals Inc,ACQUISITION
WSR,0001175535,Whitestone Reit,,ACQUISITION,2026-07-13,provisional_stockanalysis_action_date_not_first_announcement,https://stockanalysis.com/actions/acquisitions/2026/,stockanalysis_company_page,ARES,Ares Management Corp,ACQUISITION
EEX,0001579214,Emerald Holding Inc,,ACQUISITION,2026-07-13,provisional_stockanalysis_action_date_not_first_announcement,https://stockanalysis.com/actions/acquisitions/,stockanalysis_company_page,APO,Apollo Global Management Inc,ACQUISITION
TBRG,0001169445,Trubridge Inc,,ACQUISITION,2026-07-08,provisional_stockanalysis_action_date_not_first_announcement,https://stockanalysis.com/actions/acquisitions/2026/,stockanalysis_company_page,-,Iks Health,ACQUISITION
OLPX,0001868726,Olaplex Holdings Inc,,ACQUISITION,2026-07-07,provisional_stockanalysis_action_date_not_first_announcement,https://stockanalysis.com/actions/acquisitions/2026/,stockanalysis_company_page,HENKY,Henkel Ag & Co Kgaa,ACQUISITION
BLD,0001633931,Topbuild Corp,,ACQUISITION,2026-06-30,provisional_stockanalysis_action_date_not_first_announcement,https://stockanalysis.com/actions/acquisitions/2026/,stockanalysis_company_page,QXO,Qxo Inc,ACQUISITION
STEL,0001473844,Stellar Bancorp Inc,,ACQUISITION,2026-06-30,provisional_stockanalysis_action_date_not_first_announcement,https://stockanalysis.com/actions/acquisitions/2026/,stockanalysis_company_page,PB,Prosperity Bancshares Inc,ACQUISITION
JHG,0001274173,Janus Henderson Group PLC,,ACQUISITION,2026-06-30,provisional_stockanalysis_action_date_not_first_announcement,https://stockanalysis.com/actions/acquisitions/,stockanalysis_company_page,-,Trian Fund Management Lp,ACQUISITION
SEM,0001320414,Select Medical Holdings Corp,,ACQUISITION,2026-06-30,provisional_stockanalysis_action_date_not_first_announcement,https://stockanalysis.com/actions/acquisitions/2026/,stockanalysis_company_page,-,Welsh Carson Anderson & Stowe,ACQUISITION
SILA,0001567925,Sila Realty Trust Inc,,ACQUISITION,2026-06-30,provisional_stockanalysis_action_date_not_first_announcement,https://stockanalysis.com/actions/acquisitions/,stockanalysis_company_page,OWL,Blue Owl Capital Inc,ACQUISITION
PRA,0001127703,Proassurance Corp,,ACQUISITION,2026-06-25,provisional_stockanalysis_action_date_not_first_announcement,https://stockanalysis.com/actions/acquisitions/2026/,stockanalysis_company_page,-,The Doctors Company,ACQUISITION
CWAN,0001866368,Clearwater Analytics Holdings Inc,,ACQUISITION,2026-06-24,provisional_stockanalysis_action_date_not_first_announcement,https://stockanalysis.com/actions/acquisitions/,stockanalysis_company_page,-,Permira Holdings Ltd.,ACQUISITION
CNTA,0001847903,Centessa Pharmaceuticals PLC,,ACQUISITION,2026-06-23,provisional_stockanalysis_action_date_not_first_announcement,https://stockanalysis.com/actions/acquisitions/2026/,stockanalysis_company_page,LLY,Eli Lilly & Co.,ACQUISITION
ASRT,0001005201,Assertio Holdings Inc,,ACQUISITION,2026-06-16,provisional_stockanalysis_action_date_not_first_announcement,https://stockanalysis.com/actions/acquisitions/,stockanalysis_company_page,-,Zydus Lifesciences Ltd.,ACQUISITION
KW,0001408100,Kennedy-wilson Holdings Inc,,ACQUISITION,2026-06-15,provisional_stockanalysis_action_date_not_first_announcement,https://stockanalysis.com/actions/acquisitions/2026/,stockanalysis_company_page,FRFHF,Fairfax Financial Holdings Ltd.,ACQUISITION
KALV,0001348911,Kalvista Pharmaceuticals Inc,,ACQUISITION,2026-06-12,provisional_stockanalysis_action_date_not_first_announcement,https://stockanalysis.com/actions/acquisitions/,stockanalysis_company_page,-,Chiesi Farmaceutici SpA,ACQUISITION
MASI,0000937556,Masimo Corp,,ACQUISITION,2026-06-09,provisional_stockanalysis_action_date_not_first_announcement,https://stockanalysis.com/actions/acquisitions/,stockanalysis_company_page,DHR,Danaher Corp,ACQUISITION
FONR,0000355019,Fonar Corp,,ACQUISITION,2026-06-03,provisional_stockanalysis_action_date_not_first_announcement,https://stockanalysis.com/actions/acquisitions/,stockanalysis_company_page,-,Damadian Raymond V,ACQUISITION
FFIC,0000923139,Flushing Financial Corp,,ACQUISITION,2026-06-01,provisional_stockanalysis_action_date_not_first_announcement,https://stockanalysis.com/actions/acquisitions/,stockanalysis_company_page,OCFC,Oceanfirst Financial Corp,ACQUISITION
NVRI,0002104052,Enviri Corp,NYSE,ACQUISITION,2026-05-29,provisional_stockanalysis_action_date_not_first_announcement,https://stockanalysis.com/actions/acquisitions/,sec_company_tickers_exchange,VEOEY,Veolia Environnement,ACQUISITION
THR,0001489096,Thermon Group Holdings Inc,,ACQUISITION,2026-05-29,provisional_stockanalysis_action_date_not_first_announcement,https://stockanalysis.com/actions/acquisitions/,stockanalysis_company_page,CECO,Ceco Environmental Corp,ACQUISITION
AMWD,0000794619,American Woodmark Corp,,ACQUISITION,2026-05-28,provisional_stockanalysis_action_date_not_first_announcement,https://stockanalysis.com/actions/acquisitions/,stockanalysis_company_page,MBC,Masterbrand Inc,ACQUISITION
CVGW,0001133470,Calavo Growers Inc,,ACQUISITION,2026-05-28,provisional_stockanalysis_action_date_not_first_announcement,https://stockanalysis.com/actions/acquisitions/,stockanalysis_company_page,AVO,Mission Produce Inc,ACQUISITION
VRE,0000924901,Veris Residential Inc,,ACQUISITION,2026-05-26,provisional_stockanalysis_action_date_not_first_announcement,https://stockanalysis.com/actions/acquisitions/,stockanalysis_company_page,-,Vista Hill Investments LLC,ACQUISITION
MCW,0001853513,Mister Car Wash Inc,,ACQUISITION,2026-05-19,provisional_stockanalysis_action_date_not_first_announcement,https://stockanalysis.com/actions/acquisitions/,stockanalysis_company_page,-,Leonard Green & Partners Lp,ACQUISITION
SLNO,0001484565,Soleno Therapeutics Inc,,ACQUISITION,2026-05-18,provisional_stockanalysis_action_date_not_first_announcement,https://stockanalysis.com/actions/acquisitions/,stockanalysis_company_page,NBIX,Neurocrine Biosciences Inc,ACQUISITION
APLS,0001492422,Apellis Pharmaceuticals Inc,,ACQUISITION,2026-05-15,provisional_stockanalysis_action_date_not_first_announcement,https://stockanalysis.com/actions/acquisitions/,stockanalysis_company_page,BIIB,Biogen Inc,ACQUISITION
FORA,0001829280,Forian Inc,,ACQUISITION,2026-05-14,provisional_stockanalysis_action_date_not_first_announcement,https://stockanalysis.com/actions/acquisitions/,stockanalysis_company_page,-,2025 Acquisition Company LLC,ACQUISITION
MPX,0001129155,Marine Products Corp,,ACQUISITION,2026-05-14,provisional_stockanalysis_action_date_not_first_announcement,https://stockanalysis.com/actions/acquisitions/,stockanalysis_company_page,MCFT,Mastercraft Boat Holdings Inc,ACQUISITION
EHAB,0001803737,Enhabit Inc,,ACQUISITION,2026-05-14,provisional_stockanalysis_action_date_not_first_announcement,https://stockanalysis.com/actions/acquisitions/,stockanalysis_company_page,-,Kinderhook Industries LLC,ACQUISITION
TPH,0001561680,Tri Pointe Homes Inc,,ACQUISITION,2026-05-13,provisional_stockanalysis_action_date_not_first_announcement,https://stockanalysis.com/actions/acquisitions/,stockanalysis_company_page,SMFRF,Sumitomo Forestry Co Ltd.,ACQUISITION
CSGS,0001005757,Csg Systems International Inc,,ACQUISITION,2026-05-13,provisional_stockanalysis_action_date_not_first_announcement,https://stockanalysis.com/actions/acquisitions/,stockanalysis_company_page,NECPY,Nec Corp,ACQUISITION
SNCY,0001743907,Sun Country Airlines Holdings Inc,,ACQUISITION,2026-05-12,provisional_stockanalysis_action_date_not_first_announcement,https://stockanalysis.com/actions/acquisitions/,stockanalysis_company_page,ALGT,Allegiant Travel Co.,ACQUISITION
KZR,0001645666,Kezar Life Sciences Inc,,ACQUISITION,2026-05-11,provisional_stockanalysis_action_date_not_first_announcement,https://stockanalysis.com/actions/acquisitions/,stockanalysis_company_page,AUPH,Aurinia Pharmaceuticals Inc,ACQUISITION
UDMY,0001607939,Udemy Inc,,ACQUISITION,2026-05-11,provisional_stockanalysis_action_date_not_first_announcement,https://stockanalysis.com/actions/acquisitions/,stockanalysis_company_page,COUR,Coursera Inc,ACQUISITION
EWCZ,0001856236,European Wax Center Inc,,ACQUISITION,2026-05-08,provisional_stockanalysis_action_date_not_first_announcement,https://stockanalysis.com/actions/acquisitions/,stockanalysis_company_page,-,General Atlantic,ACQUISITION
CTLP,0000896429,Cantaloupe Inc,,ACQUISITION,2026-05-07,provisional_stockanalysis_action_date_not_first_announcement,https://stockanalysis.com/actions/acquisitions/,stockanalysis_company_page,-,365 Retail Markets LLC,ACQUISITION
CTRA,0000858470,Coterra Energy Inc,,ACQUISITION,2026-05-06,provisional_stockanalysis_action_date_not_first_announcement,https://stockanalysis.com/actions/acquisitions/,stockanalysis_company_page,DVN,Devon Energy Corp,ACQUISITION
PKST,0001600626,Peakstone Realty Trust,,ACQUISITION,2026-05-05,provisional_stockanalysis_action_date_not_first_announcement,https://stockanalysis.com/actions/acquisitions/,stockanalysis_company_page,BAM,Brookfield Asset Management Ltd.,ACQUISITION
TERN,0001831363,Terns Pharmaceuticals Inc,,ACQUISITION,2026-05-04,provisional_stockanalysis_action_date_not_first_announcement,https://stockanalysis.com/actions/acquisitions/,stockanalysis_company_page,MRK,Merck & Co Inc,ACQUISITION
FARM,0000034563,Farmer Brothers Co.,,ACQUISITION,2026-05-04,provisional_stockanalysis_action_date_not_first_announcement,https://stockanalysis.com/actions/acquisitions/,stockanalysis_company_page,-,Royal Cup Coffee & Tea,ACQUISITION
UHG,0001830188,United Homes Group Inc,,ACQUISITION,2026-05-04,provisional_stockanalysis_action_date_not_first_announcement,https://stockanalysis.com/actions/acquisitions/,stockanalysis_company_page,-,Stanley Martin Homes,ACQUISITION
LNKB,0001756701,Linkbancorp Inc,,ACQUISITION,2026-05-01,provisional_stockanalysis_action_date_not_first_announcement,https://stockanalysis.com/actions/acquisitions/,stockanalysis_company_page,BHRB,Burke & Herbert Financial Services Corp,ACQUISITION
STKL,0000351834,Sunopta Inc,,ACQUISITION,2026-05-01,provisional_stockanalysis_action_date_not_first_announcement,https://stockanalysis.com/actions/acquisitions/,stockanalysis_company_page,-,Refresco Group Nv,ACQUISITION
GDEN,0001071255,Golden Entertainment Inc,,ACQUISITION,2026-04-29,provisional_stockanalysis_action_date_not_first_announcement,https://stockanalysis.com/actions/acquisitions/,stockanalysis_company_page,VICI,Vici Properties Inc,ACQUISITION
ACLX,0001786205,Arcellx Inc,,ACQUISITION,2026-04-28,provisional_stockanalysis_action_date_not_first_announcement,https://stockanalysis.com/actions/acquisitions/,stockanalysis_company_page,GILD,Gilead Sciences Inc,ACQUISITION
EM,0001834253,Smart Share Global Ltd.,,ACQUISITION,2026-04-28,provisional_stockanalysis_action_date_not_first_announcement,https://stockanalysis.com/actions/acquisitions/,stockanalysis_company_page,-,Mobile Charging Investment Limited,ACQUISITION
FOLD,0001178879,Amicus Therapeutics Inc,,ACQUISITION,2026-04-27,provisional_stockanalysis_action_date_not_first_announcement,https://stockanalysis.com/actions/acquisitions/,stockanalysis_company_page,BMRN,Biomarin Pharmaceutical Inc,ACQUISITION
SEMR,0001831840,Semrush Holdings Inc,,ACQUISITION,2026-04-27,provisional_stockanalysis_action_date_not_first_announcement,https://stockanalysis.com/actions/acquisitions/,stockanalysis_company_page,ADBE,Adobe Inc,ACQUISITION
DAWN,0001845337,Day One Biopharmaceuticals Inc,,ACQUISITION,2026-04-23,provisional_stockanalysis_action_date_not_first_announcement,https://stockanalysis.com/actions/acquisitions/,stockanalysis_company_page,-,Servier Pharmaceuticals LLC,ACQUISITION
DHIL,0000909108,Diamond Hill Investment Group Inc,,ACQUISITION,2026-04-21,provisional_stockanalysis_action_date_not_first_announcement,https://stockanalysis.com/actions/acquisitions/,stockanalysis_company_page,-,First Eagle Investment Management LLC,ACQUISITION
HTBK,0001053352,Heritage Commerce Corp,,ACQUISITION,2026-04-20,provisional_stockanalysis_action_date_not_first_announcement,https://stockanalysis.com/actions/acquisitions/,stockanalysis_company_page,CVBF,Cvb Financial Corp,ACQUISITION
MRCC,0001512931,Monroe Capital Corp,,ACQUISITION,2026-04-14,provisional_stockanalysis_action_date_not_first_announcement,https://stockanalysis.com/actions/acquisitions/,stockanalysis_company_page,HRZN,Horizon Technology Finance Corp,ACQUISITION
SEE,0001012100,Sealed Air Corp,,ACQUISITION,2026-04-08,provisional_stockanalysis_action_date_not_first_announcement,https://stockanalysis.com/actions/acquisitions/,stockanalysis_company_page,-,Cd&r,ACQUISITION
AL,0001487712,Air Lease Corp,,ACQUISITION,2026-04-07,provisional_stockanalysis_action_date_not_first_announcement,https://stockanalysis.com/actions/acquisitions/,stockanalysis_company_page,SSUMY,Sumitomo Corp,ACQUISITION
SWKH,0001089907,Swk Holdings Corp,,ACQUISITION,2026-04-06,provisional_stockanalysis_action_date_not_first_announcement,https://stockanalysis.com/actions/acquisitions/,stockanalysis_company_page,RWAY,Runway Growth Finance Corp,ACQUISITION
HOLX,0000859737,Hologic Inc,,ACQUISITION,2026-04-06,provisional_stockanalysis_action_date_not_first_announcement,https://stockanalysis.com/actions/acquisitions/,stockanalysis_company_page,-,Tpg Capital Lp,ACQUISITION
OS,0001889956,Onestream Inc,,ACQUISITION,2026-04-02,provisional_stockanalysis_action_date_not_first_announcement,https://stockanalysis.com/actions/acquisitions/,stockanalysis_company_page,-,Hg Capital,ACQUISITION
BLFY,0001846017,Blue Foundry Bancorp,,ACQUISITION,2026-04-01,provisional_stockanalysis_action_date_not_first_announcement,https://stockanalysis.com/actions/acquisitions/,stockanalysis_company_page,FULT,Fulton Financial Corp,ACQUISITION
TBHC,0001056285,Brand House Collective Inc,,ACQUISITION,2026-04-01,provisional_stockanalysis_action_date_not_first_announcement,https://stockanalysis.com/actions/acquisitions/,stockanalysis_company_page,NXH,Neighborhood Intelligence Inc,ACQUISITION
GLDD,0001372020,Great Lakes Dredge & Dock Corp,,ACQUISITION,2026-03-31,provisional_stockanalysis_action_date_not_first_announcement,https://stockanalysis.com/actions/acquisitions/,stockanalysis_company_page,-,Saltchuk Resources Inc,ACQUISITION
ONTF,0001110611,On24 Inc,,ACQUISITION,2026-03-31,provisional_stockanalysis_action_date_not_first_announcement,https://stockanalysis.com/actions/acquisitions/,stockanalysis_company_page,-,Cvent LLC,ACQUISITION
FFWM,0001413837,First Foundation Inc,,ACQUISITION,2026-03-31,provisional_stockanalysis_action_date_not_first_announcement,https://stockanalysis.com/actions/acquisitions/,stockanalysis_company_page,FSUN,Firstsun Capital Bancorp,ACQUISITION
UBFO,0001137547,United Security Bancshares,,ACQUISITION,2026-03-31,provisional_stockanalysis_action_date_not_first_announcement,https://stockanalysis.com/actions/acquisitions/,stockanalysis_company_page,CWBC,Community West Bancshares,ACQUISITION
DVS,0001542028,Dolly Varden Silver Corp,,ACQUISITION,2026-03-26,provisional_stockanalysis_action_date_not_first_announcement,https://stockanalysis.com/actions/acquisitions/,stockanalysis_company_page,CTGO,Contango Silver & Gold Inc,ACQUISITION
NGD,0000800166,New Gold Inc,,ACQUISITION,2026-03-23,provisional_stockanalysis_action_date_not_first_announcement,https://stockanalysis.com/actions/acquisitions/,stockanalysis_company_page,CDE,Coeur Mining Inc,ACQUISITION
TGNA,0000039899,Tegna Inc,,ACQUISITION,2026-03-20,provisional_stockanalysis_action_date_not_first_announcement,https://stockanalysis.com/actions/acquisitions/,stockanalysis_company_page,NXST,Nexstar Media Group Inc,ACQUISITION
EXAS,0001124140,Exact Sciences Corp,,ACQUISITION,2026-03-20,provisional_stockanalysis_action_date_not_first_announcement,https://stockanalysis.com/actions/acquisitions/,stockanalysis_company_page,ABT,Abbott Laboratories,ACQUISITION
CFLT,0001699838,Confluent Inc,,ACQUISITION,2026-03-17,provisional_stockanalysis_action_date_not_first_announcement,https://stockanalysis.com/actions/acquisitions/,stockanalysis_company_page,IBM,International Business Machines Corp,ACQUISITION
QIPT,0001540013,Quipt Home Medical Corp,,ACQUISITION,2026-03-17,provisional_stockanalysis_action_date_not_first_announcement,https://stockanalysis.com/actions/acquisitions/,stockanalysis_company_page,-,Kingswood Capital Management Lp,ACQUISITION
SGN,0001898474,Signing Day Sports Inc,,ACQUISITION,2026-03-16,provisional_stockanalysis_action_date_not_first_announcement,https://stockanalysis.com/actions/acquisitions/,stockanalysis_company_page,AIB,Aib Data Centers Inc,ACQUISITION
IROQ,0001514743,If Bancorp Inc,,ACQUISITION,2026-03-12,provisional_stockanalysis_action_date_not_first_announcement,https://stockanalysis.com/actions/acquisitions/,stockanalysis_company_page,-,Servbanc Holdco Inc,ACQUISITION
ALEX,0001545654,Alexander & Baldwin Inc,,ACQUISITION,2026-03-12,provisional_stockanalysis_action_date_not_first_announcement,https://stockanalysis.com/actions/acquisitions/,stockanalysis_company_page,-,Mw Group,ACQUISITION
EB,0001475115,Eventbrite Inc,,ACQUISITION,2026-03-09,provisional_stockanalysis_action_date_not_first_announcement,https://stockanalysis.com/actions/acquisitions/,stockanalysis_company_page,BSP,Bending Spoons SpA,ACQUISITION
VTYX,0001851194,Ventyx Biosciences Inc,,ACQUISITION,2026-03-04,provisional_stockanalysis_action_date_not_first_announcement,https://stockanalysis.com/actions/acquisitions/,stockanalysis_company_page,LLY,Eli Lilly & Co.,ACQUISITION
RAPT,0001673772,Rapt Therapeutics Inc,,ACQUISITION,2026-03-03,provisional_stockanalysis_action_date_not_first_announcement,https://stockanalysis.com/actions/acquisitions/,stockanalysis_company_page,GSK,Gsk PLC,ACQUISITION
FRGE,0001827821,Forge Global Holdings Inc,,ACQUISITION,2026-02-27,provisional_stockanalysis_action_date_not_first_announcement,https://stockanalysis.com/actions/acquisitions/,stockanalysis_company_page,SCHW,Schwab Charles Corp,ACQUISITION
MBCN,0000836147,Middlefield Banc Corp,,ACQUISITION,2026-02-27,provisional_stockanalysis_action_date_not_first_announcement,https://stockanalysis.com/actions/acquisitions/,stockanalysis_company_page,FMNB,Farmers National Banc Corp,ACQUISITION
RNAM,0001599901,Avidity Biosciences Inc,,ACQUISITION,2026-02-26,provisional_stockanalysis_action_date_not_first_announcement,https://stockanalysis.com/actions/acquisitions/,stockanalysis_company_page,NVS,Novartis Ag,ACQUISITION
AHL,0001267395,Aspen Insurance Holdings Ltd.,,ACQUISITION,2026-02-23,provisional_stockanalysis_action_date_not_first_announcement,https://stockanalysis.com/actions/acquisitions/,stockanalysis_company_page,SMPNY,Sompo Holdings Inc,ACQUISITION
MGIC,0000876779,Magic Software Enterprises Ltd.,,ACQUISITION,2026-02-23,provisional_stockanalysis_action_date_not_first_announcement,https://stockanalysis.com/actions/acquisitions/,stockanalysis_company_page,-,Matrix It Ltd.,ACQUISITION
MOFG,0001412665,Midwestone Financial Group Inc,,ACQUISITION,2026-02-13,provisional_stockanalysis_action_date_not_first_announcement,https://stockanalysis.com/actions/acquisitions/,stockanalysis_company_page,NIC,Nicolet Bankshares Inc,ACQUISITION
SNCR,0001131554,Synchronoss Technologies Inc,,ACQUISITION,2026-02-13,provisional_stockanalysis_action_date_not_first_announcement,https://stockanalysis.com/actions/acquisitions/,stockanalysis_company_page,-,Lumine Group Inc,ACQUISITION
ZEUS,0000917470,Olympic Steel Inc,,ACQUISITION,2026-02-12,provisional_stockanalysis_action_date_not_first_announcement,https://stockanalysis.com/actions/acquisitions/,stockanalysis_company_page,RYZ,Ryerson Holding Corp,ACQUISITION
SOHO,0001301236,Sotherly Hotels Inc,,ACQUISITION,2026-02-12,provisional_stockanalysis_action_date_not_first_announcement,https://stockanalysis.com/actions/acquisitions/,stockanalysis_company_page,-,Kemmons Wilson Hospitality Partners Lp,ACQUISITION
AVDL,0001012477,Avadel Pharmaceuticals PLC,,ACQUISITION,2026-02-11,provisional_stockanalysis_action_date_not_first_announcement,https://stockanalysis.com/actions/acquisitions/,stockanalysis_company_page,ALKS,Alkermes PLC,ACQUISITION
CYBR,0001598110,Cyberark Software Ltd.,,ACQUISITION,2026-02-10,provisional_stockanalysis_action_date_not_first_announcement,https://stockanalysis.com/actions/acquisitions/,stockanalysis_company_page,PANW,Palo Alto Networks Inc,ACQUISITION
THS,0001320695,Treehouse Foods Inc,,ACQUISITION,2026-02-10,provisional_stockanalysis_action_date_not_first_announcement,https://stockanalysis.com/actions/acquisitions/,stockanalysis_company_page,-,Investindustrial Viii Scsp,ACQUISITION
GBIO,0001733294,Generation Bio Co.,,ACQUISITION,2026-02-09,provisional_stockanalysis_action_date_not_first_announcement,https://stockanalysis.com/actions/acquisitions/,stockanalysis_company_page,XOMA,Xoma Royalty Corp,ACQUISITION
DVAX,0001029142,Dynavax Technologies Corp,,ACQUISITION,2026-02-09,provisional_stockanalysis_action_date_not_first_announcement,https://stockanalysis.com/actions/acquisitions/,stockanalysis_company_page,SNY,Sanofi,ACQUISITION
HI,0001417398,Hillenbrand Inc,,ACQUISITION,2026-02-09,provisional_stockanalysis_action_date_not_first_announcement,https://stockanalysis.com/actions/acquisitions/,stockanalysis_company_page,-,Lone Star Funds,ACQUISITION
DAY,0001725057,Dayforce Inc,,ACQUISITION,2026-02-03,provisional_stockanalysis_action_date_not_first_announcement,https://stockanalysis.com/actions/acquisitions/,stockanalysis_company_page,-,Thoma Bravo Ugp LLC,ACQUISITION
APLT,0001697532,Applied Therapeutics Inc,,ACQUISITION,2026-02-03,provisional_stockanalysis_action_date_not_first_announcement,https://stockanalysis.com/actions/acquisitions/,stockanalysis_company_page,-,Cycle Group Holdings Limited,ACQUISITION
ISPO,0001820566,Inspirato Inc,,ACQUISITION,2026-02-03,provisional_stockanalysis_action_date_not_first_announcement,https://stockanalysis.com/actions/acquisitions/,stockanalysis_company_page,-,Exclusive Investments LLC,ACQUISITION
CMA,0000028412,Comerica Inc,,ACQUISITION,2026-01-30,provisional_stockanalysis_action_date_not_first_announcement,https://stockanalysis.com/actions/acquisitions/,stockanalysis_company_page,FITB,Fifth Third Bancorp,ACQUISITION
FSFG,0001435508,First Savings Financial Group Inc,,ACQUISITION,2026-01-30,provisional_stockanalysis_action_date_not_first_announcement,https://stockanalysis.com/actions/acquisitions/,stockanalysis_company_page,FRME,First Merchants Corp,ACQUISITION
CADE,0001299939,Cadence Bank,,ACQUISITION,2026-01-30,provisional_stockanalysis_action_date_not_first_announcement,https://stockanalysis.com/actions/acquisitions/,stockanalysis_company_page,HBAN,Huntington Bancshares Inc,ACQUISITION
PCH,0001338749,Potlatchdeltic Corp,,ACQUISITION,2026-01-30,provisional_stockanalysis_action_date_not_first_announcement,https://stockanalysis.com/actions/acquisitions/,stockanalysis_company_page,RYN,Rayonier Inc,ACQUISITION
REVG,0001687221,Rev Group Inc,,ACQUISITION,2026-01-30,provisional_stockanalysis_action_date_not_first_announcement,https://stockanalysis.com/actions/acquisitions/,stockanalysis_company_page,TEX,Terex Corp,ACQUISITION
JAMF,0001721947,Jamf Holding Corp,,ACQUISITION,2026-01-29,provisional_stockanalysis_action_date_not_first_announcement,https://stockanalysis.com/actions/acquisitions/,stockanalysis_company_page,-,Francisco Partners Management Lp,ACQUISITION
CIVI,0001509589,Civitas Resources Inc,,ACQUISITION,2026-01-29,provisional_stockanalysis_action_date_not_first_announcement,https://stockanalysis.com/actions/acquisitions/,stockanalysis_company_page,SM,Sm Energy Co.,ACQUISITION
VSTA,0001792829,Vasta Platform Ltd.,,ACQUISITION,2026-01-28,provisional_stockanalysis_action_date_not_first_announcement,https://stockanalysis.com/actions/acquisitions/,stockanalysis_company_page,COGNY,Cogna Educacao SA,ACQUISITION
SHCO,0001846510,Soho House & Co Inc,,ACQUISITION,2026-01-28,provisional_stockanalysis_action_date_not_first_announcement,https://stockanalysis.com/actions/acquisitions/,stockanalysis_company_page,-,Tyler Morse,ACQUISITION
RPTX,0001808158,Repare Therapeutics Inc,,ACQUISITION,2026-01-28,provisional_stockanalysis_action_date_not_first_announcement,https://stockanalysis.com/actions/acquisitions/,stockanalysis_company_page,-,Xenotherapeutics Corp,ACQUISITION
PLYM,0001515816,Plymouth Industrial Reit Inc,,ACQUISITION,2026-01-26,provisional_stockanalysis_action_date_not_first_announcement,https://stockanalysis.com/actions/acquisitions/,stockanalysis_company_page,-,Makarora Management Lp,ACQUISITION
GES,0000912463,Guess Inc,,ACQUISITION,2026-01-22,provisional_stockanalysis_action_date_not_first_announcement,https://stockanalysis.com/actions/acquisitions/,stockanalysis_company_page,-,Marciano Nicolai D,ACQUISITION
ATXS,0001454789,Astria Therapeutics Inc,,ACQUISITION,2026-01-22,provisional_stockanalysis_action_date_not_first_announcement,https://stockanalysis.com/actions/acquisitions/,stockanalysis_company_page,BCRX,Biocryst Pharmaceuticals Inc,ACQUISITION
TRUE,0001327318,Truecar Inc,,ACQUISITION,2026-01-21,provisional_stockanalysis_action_date_not_first_announcement,https://stockanalysis.com/actions/acquisitions/,stockanalysis_company_page,-,Fair Holdings Inc,ACQUISITION
FYBR,0000020520,Frontier Communications Parent Inc,,ACQUISITION,2026-01-20,provisional_stockanalysis_action_date_not_first_announcement,https://stockanalysis.com/actions/acquisitions/,stockanalysis_company_page,VZ,Verizon Communications Inc,ACQUISITION
GIFI,0001031623,Gulf Island Fabrication Inc,,ACQUISITION,2026-01-16,provisional_stockanalysis_action_date_not_first_announcement,https://stockanalysis.com/actions/acquisitions/,stockanalysis_company_page,IESC,Ies Holdings Inc,ACQUISITION
DENN,0000852772,Denny's Corp,,ACQUISITION,2026-01-16,provisional_stockanalysis_action_date_not_first_announcement,https://stockanalysis.com/actions/acquisitions/,stockanalysis_company_page,-,Triartisan Capital Advisors LLC,ACQUISITION
SMLR,0001554859,Semler Scientific Inc,,ACQUISITION,2026-01-15,provisional_stockanalysis_action_date_not_first_announcement,https://stockanalysis.com/actions/acquisitions/,stockanalysis_company_page,ASST,Strive Inc,ACQUISITION
CIO,0001593222,City Office Reit Inc,,ACQUISITION,2026-01-08,provisional_stockanalysis_action_date_not_first_announcement,https://stockanalysis.com/actions/acquisitions/,stockanalysis_company_page,-,Morning Calm Management LLC,ACQUISITION
HOUS,0001398987,Anywhere Real Estate Inc,,ACQUISITION,2026-01-08,provisional_stockanalysis_action_date_not_first_announcement,https://stockanalysis.com/actions/acquisitions/,stockanalysis_company_page,COMP,Compass Inc,ACQUISITION
CVAC,0001809122,Curevac Nv,,ACQUISITION,2026-01-06,provisional_stockanalysis_action_date_not_first_announcement,https://stockanalysis.com/actions/acquisitions/,stockanalysis_company_page,BNTX,Biontech Se,ACQUISITION
CDTX,0001610618,Cidara Therapeutics Inc,,ACQUISITION,2026-01-06,provisional_stockanalysis_action_date_not_first_announcement,https://stockanalysis.com/actions/acquisitions/,stockanalysis_company_page,MRK,Merck & Co Inc,ACQUISITION
MRSN,0001442836,Mersana Therapeutics Inc,,ACQUISITION,2026-01-05,provisional_stockanalysis_action_date_not_first_announcement,https://stockanalysis.com/actions/acquisitions/,stockanalysis_company_page,DAWN,Day One Biopharmaceuticals Inc,ACQUISITION
PBBK,0001849670,Pb Bankshares Inc,,ACQUISITION,2026-01-02,provisional_stockanalysis_action_date_not_first_announcement,https://stockanalysis.com/actions/acquisitions/,stockanalysis_company_page,NWFL,Norwood Financial Corp,ACQUISITION
SNV,0000018349,Synovus Financial Corp,,ACQUISITION,2025-12-31,provisional_stockanalysis_action_date_not_first_announcement,https://stockanalysis.com/actions/acquisitions/2025/,stockanalysis_company_page,PNFP,Pinnacle Financial Partners Inc,ACQUISITION
BFIN,0001303942,Bankfinancial Corp,,ACQUISITION,2025-12-31,provisional_stockanalysis_action_date_not_first_announcement,https://stockanalysis.com/actions/acquisitions/2025/,stockanalysis_company_page,FFBC,First Financial Bancorp,ACQUISITION
WOW,0001701051,Wideopenwest Inc,,ACQUISITION,2025-12-30,provisional_stockanalysis_action_date_not_first_announcement,https://stockanalysis.com/actions/acquisitions/,stockanalysis_company_page,-,Digitalbridge Investments LLC,ACQUISITION
MRUS,0001651311,Merus Nv,,ACQUISITION,2025-12-29,provisional_stockanalysis_action_date_not_first_announcement,https://stockanalysis.com/actions/acquisitions/2025/,stockanalysis_company_page,GMAB,Genmab A,ACQUISITION
IAS,0001842718,Integral Ad Science Holding Corp,,ACQUISITION,2025-12-23,provisional_stockanalysis_action_date_not_first_announcement,https://stockanalysis.com/actions/acquisitions/,stockanalysis_company_page,-,Novacap,ACQUISITION
ZK,0001954042,Zeekr Intelligent Technology Holding Ltd.,,ACQUISITION,2025-12-19,provisional_stockanalysis_action_date_not_first_announcement,https://stockanalysis.com/actions/acquisitions/2025/,stockanalysis_company_page,GELYY,Geely Automobile Holdings Limited,ACQUISITION
PGRE,0001605607,Paramount Group Inc,,ACQUISITION,2025-12-18,provisional_stockanalysis_action_date_not_first_announcement,https://stockanalysis.com/actions/acquisitions/2025/,stockanalysis_company_page,RITM,Rithm Capital Corp,ACQUISITION
BRY,0001705873,Berry Corp (bry),,ACQUISITION,2025-12-17,provisional_stockanalysis_action_date_not_first_announcement,https://stockanalysis.com/actions/acquisitions/2025/,stockanalysis_company_page,CRC,California Resources Corp,ACQUISITION
SPNS,0000885740,Sapiens International Corp N V,,ACQUISITION,2025-12-16,provisional_stockanalysis_action_date_not_first_announcement,https://stockanalysis.com/actions/acquisitions/,stockanalysis_company_page,-,Advent International LLC,ACQUISITION
EVOK,0001403708,Evoke Pharma Inc,,ACQUISITION,2025-12-16,provisional_stockanalysis_action_date_not_first_announcement,https://stockanalysis.com/actions/acquisitions/2025/,stockanalysis_company_page,-,Qol Medical LLC,ACQUISITION
BEDU,0001696355,Bright Scholar Education Holdings Ltd.,,ACQUISITION,2025-12-15,provisional_stockanalysis_action_date_not_first_announcement,https://stockanalysis.com/actions/acquisitions/2025/,stockanalysis_company_page,-,Excellence Education Investment Ltd.,ACQUISITION
VTLE,0001528129,Vital Energy Inc,,ACQUISITION,2025-12-12,provisional_stockanalysis_action_date_not_first_announcement,https://stockanalysis.com/actions/acquisitions/,stockanalysis_company_page,CRGY,Crescent Energy Co.,ACQUISITION
ALE,0000066756,Allete Inc,,ACQUISITION,2025-12-12,provisional_stockanalysis_action_date_not_first_announcement,https://stockanalysis.com/actions/acquisitions/,stockanalysis_company_page,-,Global Infrastructure Partners,ACQUISITION
SOL,0001417892,Emeren Group Ltd.,,ACQUISITION,2025-12-12,provisional_stockanalysis_action_date_not_first_announcement,https://stockanalysis.com/actions/acquisitions/,stockanalysis_company_page,-,Shurya Vitra Ltd.,ACQUISITION
K,0000055067,Kellanova,,ACQUISITION,2025-12-11,provisional_stockanalysis_action_date_not_first_announcement,https://stockanalysis.com/actions/acquisitions/2025/,stockanalysis_company_page,-,Mars Inc,ACQUISITION
ODP,0000800240,Odp Corp,,ACQUISITION,2025-12-11,provisional_stockanalysis_action_date_not_first_announcement,https://stockanalysis.com/actions/acquisitions/,stockanalysis_company_page,-,Atlas Holdings,ACQUISITION
SCS,0001050825,Steelcase Inc,,ACQUISITION,2025-12-09,provisional_stockanalysis_action_date_not_first_announcement,https://stockanalysis.com/actions/acquisitions/2025/,stockanalysis_company_page,HNI,Hni Corp,ACQUISITION
AKRO,0001744659,Akero Therapeutics Inc,,ACQUISITION,2025-12-09,provisional_stockanalysis_action_date_not_first_announcement,https://stockanalysis.com/actions/acquisitions/2025/,stockanalysis_company_page,NVO,Novo Nordisk A S,ACQUISITION
HSII,0001066605,Heidrick & Struggles International Inc,,ACQUISITION,2025-12-09,provisional_stockanalysis_action_date_not_first_announcement,https://stockanalysis.com/actions/acquisitions/2025/,stockanalysis_company_page,-,Advent International LLC,ACQUISITION
ADVM,0001501756,Adverum Biotechnologies Inc,,ACQUISITION,2025-12-09,provisional_stockanalysis_action_date_not_first_announcement,https://stockanalysis.com/actions/acquisitions/2025/,stockanalysis_company_page,LLY,Eli Lilly & Co.,ACQUISITION
PRO,0001392972,Pros Holdings Inc,,ACQUISITION,2025-12-08,provisional_stockanalysis_action_date_not_first_announcement,https://stockanalysis.com/actions/acquisitions/2025/,stockanalysis_company_page,-,Thoma Bravo Ugp LLC,ACQUISITION
SPR,0001364885,Spirit Aerosystems Holdings Inc,,ACQUISITION,2025-12-05,provisional_stockanalysis_action_date_not_first_announcement,https://stockanalysis.com/actions/acquisitions/2025/,stockanalysis_company_page,BA,Boeing Co.,ACQUISITION
MURA,0001971543,Mural Oncology PLC,,ACQUISITION,2025-12-04,provisional_stockanalysis_action_date_not_first_announcement,https://stockanalysis.com/actions/acquisitions/2025/,stockanalysis_company_page,XOMA,Xoma Royalty Corp,ACQUISITION
HBI,0001359841,Hanesbrands Inc,,ACQUISITION,2025-11-28,provisional_stockanalysis_action_date_not_first_announcement,https://stockanalysis.com/actions/acquisitions/,stockanalysis_company_page,GIL,Gildan Activewear Inc,ACQUISITION
GHLD,0001821160,Guild Holdings Co.,,ACQUISITION,2025-11-28,provisional_stockanalysis_action_date_not_first_announcement,https://stockanalysis.com/actions/acquisitions/2025/,stockanalysis_company_page,-,Bayview Msr Opportunity Master Fund Lp,ACQUISITION
GHLD,0001821160,Guild Holdings Co.,,ACQUISITION,2025-11-26,provisional_stockanalysis_action_date_not_first_announcement,https://stockanalysis.com/actions/acquisitions/,stockanalysis_company_page,-,Bayview Asset Management LLC,ACQUISITION
IPG,0000051644,Interpublic Group Of Companies Inc,,ACQUISITION,2025-11-26,provisional_stockanalysis_action_date_not_first_announcement,https://stockanalysis.com/actions/acquisitions/2025/,stockanalysis_company_page,OMC,Omnicom Group Inc,ACQUISITION
VRNT,0001166388,Verint Systems Inc,,ACQUISITION,2025-11-26,provisional_stockanalysis_action_date_not_first_announcement,https://stockanalysis.com/actions/acquisitions/,stockanalysis_company_page,-,Calabrio Inc,ACQUISITION
PINC,0001577916,Premier Inc,,ACQUISITION,2025-11-24,provisional_stockanalysis_action_date_not_first_announcement,https://stockanalysis.com/actions/acquisitions/,stockanalysis_company_page,-,Patient Square Capital LLC,ACQUISITION
LVTX,0001840748,Lava Therapeutics Nv,,ACQUISITION,2025-11-21,provisional_stockanalysis_action_date_not_first_announcement,https://stockanalysis.com/actions/acquisitions/,stockanalysis_company_page,XOMA,Xoma Royalty Corp,ACQUISITION
VMEO,0001837686,Vimeo Inc,,ACQUISITION,2025-11-21,provisional_stockanalysis_action_date_not_first_announcement,https://stockanalysis.com/actions/acquisitions/2025/,stockanalysis_company_page,BSP,Bending Spoons SpA,ACQUISITION
OCFT,0001780531,Oneconnect Financial Technology Co Ltd.,,ACQUISITION,2025-11-20,provisional_stockanalysis_action_date_not_first_announcement,https://stockanalysis.com/actions/acquisitions/2025/,stockanalysis_company_page,-,Bo Yu Ltd.,ACQUISITION
SRDX,0000924717,Surmodics Inc,,ACQUISITION,2025-11-18,provisional_stockanalysis_action_date_not_first_announcement,https://stockanalysis.com/actions/acquisitions/,stockanalysis_company_page,-,Gtcr LLC,ACQUISITION
INFA,0001868778,Informatica Inc,,ACQUISITION,2025-11-18,provisional_stockanalysis_action_date_not_first_announcement,https://stockanalysis.com/actions/acquisitions/2025/,stockanalysis_company_page,CRM,Salesforce Inc,ACQUISITION
EMX,0001285786,Emx Royalty Corp,,ACQUISITION,2025-11-14,provisional_stockanalysis_action_date_not_first_announcement,https://stockanalysis.com/actions/acquisitions/,stockanalysis_company_page,ELE,Elemental Royalty Corp,ACQUISITION
MTSR,0002040807,Metsera Inc,,ACQUISITION,2025-11-14,provisional_stockanalysis_action_date_not_first_announcement,https://stockanalysis.com/actions/acquisitions/2025/,stockanalysis_company_page,PFE,Pfizer Inc,ACQUISITION
PVBC,0001635840,Provident Bancorp Inc,,ACQUISITION,2025-11-14,provisional_stockanalysis_action_date_not_first_announcement,https://stockanalysis.com/actions/acquisitions/,stockanalysis_company_page,NBBK,Nb Bancorp Inc,ACQUISITION
MRC,0001439095,Mrc Global Inc,,ACQUISITION,2025-11-05,provisional_stockanalysis_action_date_not_first_announcement,https://stockanalysis.com/actions/acquisitions/,stockanalysis_company_page,DNOW,Dnow Inc,ACQUISITION
CFSB,0001879103,Cfsb Bancorp Inc,,ACQUISITION,2025-11-03,provisional_stockanalysis_action_date_not_first_announcement,https://stockanalysis.com/actions/acquisitions/,stockanalysis_company_page,-,Hometown Financial Group Inc,ACQUISITION
TIXT,0001825155,Telus International (cda) Inc,,ACQUISITION,2025-10-31,provisional_stockanalysis_action_date_not_first_announcement,https://stockanalysis.com/actions/acquisitions/2025/,stockanalysis_company_page,TU,Telus Corp,ACQUISITION
HONE,0001769617,Harborone Bancorp Inc,,ACQUISITION,2025-10-31,provisional_stockanalysis_action_date_not_first_announcement,https://stockanalysis.com/actions/acquisitions/2025/,stockanalysis_company_page,EBC,Eastern Bankshares Inc,ACQUISITION
CCRD,0000320340,Corecard Corp,,ACQUISITION,2025-10-30,provisional_stockanalysis_action_date_not_first_announcement,https://stockanalysis.com/actions/acquisitions/,stockanalysis_company_page,EEFT,Euronet Worldwide Inc,ACQUISITION
ETNB,0001785173,89bio Inc,,ACQUISITION,2025-10-30,provisional_stockanalysis_action_date_not_first_announcement,https://stockanalysis.com/actions/acquisitions/,stockanalysis_company_page,RHHBY,Roche Holding Ltd.,ACQUISITION
TRML,0001827506,Tourmaline Bio Inc,,ACQUISITION,2025-10-28,provisional_stockanalysis_action_date_not_first_announcement,https://stockanalysis.com/actions/acquisitions/2025/,stockanalysis_company_page,NVS,Novartis Ag,ACQUISITION
MLNK,0001834494,Meridianlink Inc,,ACQUISITION,2025-10-23,provisional_stockanalysis_action_date_not_first_announcement,https://stockanalysis.com/actions/acquisitions/,stockanalysis_company_page,-,Centerbridge Partners Lp,ACQUISITION
PBPB,0001195734,Potbelly Corp,,ACQUISITION,2025-10-22,provisional_stockanalysis_action_date_not_first_announcement,https://stockanalysis.com/actions/acquisitions/,stockanalysis_company_page,-,Racetrac Inc,ACQUISITION
PHLT,0001550695,Performant Healthcare Inc,,ACQUISITION,2025-10-21,provisional_stockanalysis_action_date_not_first_announcement,https://stockanalysis.com/actions/acquisitions/,stockanalysis_company_page,-,Machinify,ACQUISITION
VBTX,0001501570,Veritex Holdings Inc,,ACQUISITION,2025-10-17,provisional_stockanalysis_action_date_not_first_announcement,https://stockanalysis.com/actions/acquisitions/,stockanalysis_company_page,HBAN,Huntington Bancshares Inc,ACQUISITION
SAND,0001434614,Sandstorm Gold Ltd.,,ACQUISITION,2025-10-17,provisional_stockanalysis_action_date_not_first_announcement,https://stockanalysis.com/actions/acquisitions/2025/,stockanalysis_company_page,RGLD,Royal Gold Inc,ACQUISITION
ZIMV,0001876588,Zimvie Inc,,ACQUISITION,2025-10-17,provisional_stockanalysis_action_date_not_first_announcement,https://stockanalysis.com/actions/acquisitions/,stockanalysis_company_page,-,Archimed,ACQUISITION
WNS,0001356570,Wns (holdings) Ltd.,,ACQUISITION,2025-10-16,provisional_stockanalysis_action_date_not_first_announcement,https://stockanalysis.com/actions/acquisitions/,stockanalysis_company_page,CGEMY,Cap Gemini SA,ACQUISITION
AVDX,0001858257,Avidxchange Holdings Inc,,ACQUISITION,2025-10-14,provisional_stockanalysis_action_date_not_first_announcement,https://stockanalysis.com/actions/acquisitions/,stockanalysis_company_page,CPAY,Corpay Inc,ACQUISITION
ARIS,0001964504,Aris Water Solutions Inc,NYSE,ACQUISITION,2025-10-14,provisional_stockanalysis_action_date_not_first_announcement,https://stockanalysis.com/actions/acquisitions/,sec_company_tickers_exchange,WES,Western Midstream Partners Lp,ACQUISITION
MTAL,0002107724,Mac Copper Ltd.,NYSE,ACQUISITION,2025-10-10,provisional_stockanalysis_action_date_not_first_announcement,https://stockanalysis.com/actions/acquisitions/,sec_company_tickers_exchange,HMY,Harmony Gold Mining Co Ltd.,ACQUISITION
EPIX,0001633932,Essa Pharma Inc,,ACQUISITION,2025-10-08,provisional_stockanalysis_action_date_not_first_announcement,https://stockanalysis.com/actions/acquisitions/,stockanalysis_company_page,-,Xenotherapeutics Corp,ACQUISITION
VRNA,0001657312,Verona Pharma PLC,,ACQUISITION,2025-10-07,provisional_stockanalysis_action_date_not_first_announcement,https://stockanalysis.com/actions/acquisitions/,stockanalysis_company_page,MRK,Merck & Co Inc,ACQUISITION
SCPH,0001604950,Scpharmaceuticals Inc,,ACQUISITION,2025-10-06,provisional_stockanalysis_action_date_not_first_announcement,https://stockanalysis.com/actions/acquisitions/,stockanalysis_company_page,MNKD,Mannkind Corp,ACQUISITION
MGRM,0001769759,Monogram Technologies Inc,,ACQUISITION,2025-10-06,provisional_stockanalysis_action_date_not_first_announcement,https://stockanalysis.com/actions/acquisitions/,stockanalysis_company_page,ZBH,Zimmer Biomet Holdings Inc,ACQUISITION
COOP,0000933136,Mr Cooper Group Inc,,ACQUISITION,2025-10-02,provisional_stockanalysis_action_date_not_first_announcement,https://stockanalysis.com/actions/acquisitions/,stockanalysis_company_page,RKT,Rocket Companies Inc,ACQUISITION
NEUE,0001671284,Neuehealth Inc,,ACQUISITION,2025-10-01,provisional_stockanalysis_action_date_not_first_announcement,https://stockanalysis.com/actions/acquisitions/,stockanalysis_company_page,-,New Enterprise Associates,ACQUISITION
BGFV,0001156388,Big 5 Sporting Goods Corp,,ACQUISITION,2025-10-01,provisional_stockanalysis_action_date_not_first_announcement,https://stockanalysis.com/actions/acquisitions/,stockanalysis_company_page,-,Worldwide Golf Group LLC,ACQUISITION
TTNP,0000910267,Titan Pharmaceuticals Inc,,ACQUISITION,2025-10-01,provisional_stockanalysis_action_date_not_first_announcement,https://stockanalysis.com/actions/acquisitions/,stockanalysis_company_page,BTTC,Black Titan Corp,ACQUISITION
GNTY,0001058867,Guaranty Bancshares Inc,,ACQUISITION,2025-09-30,provisional_stockanalysis_action_date_not_first_announcement,https://stockanalysis.com/actions/acquisitions/,stockanalysis_company_page,GBCI,Glacier Bancorp Inc,ACQUISITION
THTX,0001512717,Theratechnologies Inc,,ACQUISITION,2025-09-25,provisional_stockanalysis_action_date_not_first_announcement,https://stockanalysis.com/actions/acquisitions/,stockanalysis_company_page,-,Future Pak LLC,ACQUISITION
KLG,0001959348,Wk Kellogg Co.,,ACQUISITION,2025-09-25,provisional_stockanalysis_action_date_not_first_announcement,https://stockanalysis.com/actions/acquisitions/,stockanalysis_company_page,-,Ferrero Group,ACQUISITION
DALN,0001413898,Dallasnews Corp,,ACQUISITION,2025-09-24,provisional_stockanalysis_action_date_not_first_announcement,https://stockanalysis.com/actions/acquisitions/,stockanalysis_company_page,-,Hearst Communications Inc,ACQUISITION
BRFS,0001122491,Brf SA,,ACQUISITION,2025-09-22,provisional_stockanalysis_action_date_not_first_announcement,https://stockanalysis.com/actions/acquisitions/,stockanalysis_company_page,MRRTY,Marfrig Global Foods SA,ACQUISITION
SPTN,0000877422,Spartannash Co.,,ACQUISITION,2025-09-19,provisional_stockanalysis_action_date_not_first_announcement,https://stockanalysis.com/actions/acquisitions/,stockanalysis_company_page,-,C&s Wholesale Grocers Inc,ACQUISITION
MNTX,0001302028,Manitex International Inc,,ACQUISITION,2024-12-31,provisional_stockanalysis_action_date_not_first_announcement,https://stockanalysis.com/actions/acquisitions/2024/,stockanalysis_company_page,-,Tadano Ltd.,ACQUISITION
IBTX,0000764038,Independent Bank Group Inc,,ACQUISITION,2024-12-31,provisional_stockanalysis_action_date_not_first_announcement,https://stockanalysis.com/actions/acquisitions/2024/,stockanalysis_company_page,SSB,Southstate Bank Corp,ACQUISITION
NAPA,0001835256,Duckhorn Portfolio Inc,,ACQUISITION,2024-12-23,provisional_stockanalysis_action_date_not_first_announcement,https://stockanalysis.com/actions/acquisitions/2024/,stockanalysis_company_page,-,Marlee Buyer Inc,ACQUISITION
AGR,0001634997,Avangrid Inc,,ACQUISITION,2024-12-20,provisional_stockanalysis_action_date_not_first_announcement,https://stockanalysis.com/actions/acquisitions/2024/,stockanalysis_company_page,IBDRY,Iberdrola SA,ACQUISITION
CTLT,0001596783,Catalent Inc,,ACQUISITION,2024-12-17,provisional_stockanalysis_action_date_not_first_announcement,https://stockanalysis.com/actions/acquisitions/2024/,stockanalysis_company_page,NVO,Novo Nordisk A S,ACQUISITION
AY,0001601072,Atlantica Sustainable Infrastructure PLC,,ACQUISITION,2024-12-12,provisional_stockanalysis_action_date_not_first_announcement,https://stockanalysis.com/actions/acquisitions/2024/,stockanalysis_company_page,-,Energy Capital Partners Management Lp,ACQUISITION
PGRU,0001873331,Propertyguru Group Ltd.,,ACQUISITION,2024-12-12,provisional_stockanalysis_action_date_not_first_announcement,https://stockanalysis.com/actions/acquisitions/2024/,stockanalysis_company_page,-,Eqt Private Equity Co LLC,ACQUISITION
VZIO,0001835591,Vizio Holding Corp,,ACQUISITION,2024-12-02,provisional_stockanalysis_action_date_not_first_announcement,https://stockanalysis.com/actions/acquisitions/2024/,stockanalysis_company_page,WMT,Walmart Inc,ACQUISITION
LBPH,0001832168,Longboard Pharmaceuticals Inc,,ACQUISITION,2024-11-29,provisional_stockanalysis_action_date_not_first_announcement,https://stockanalysis.com/actions/acquisitions/2024/,stockanalysis_company_page,HLUKF,H Lundbeck A S,ACQUISITION
ENV,0001337619,Envestnet Inc,,ACQUISITION,2024-11-22,provisional_stockanalysis_action_date_not_first_announcement,https://stockanalysis.com/actions/acquisitions/2024/,stockanalysis_company_page,-,Bain Capital Partners LLC,ACQUISITION
HAYN,0000858655,Haynes International Inc,,ACQUISITION,2024-11-20,provisional_stockanalysis_action_date_not_first_announcement,https://stockanalysis.com/actions/acquisitions/2024/,stockanalysis_company_page,ANIOY,Acerinox SA,ACQUISITION
RCM,0001910851,R1 Rcm Inc,,ACQUISITION,2024-11-18,provisional_stockanalysis_action_date_not_first_announcement,https://stockanalysis.com/actions/acquisitions/2024/,stockanalysis_company_page,-,Clayton Dubilier & Rice LLC,ACQUISITION
NVEI,0001765159,Nuvei Corp,,ACQUISITION,2024-11-15,provisional_stockanalysis_action_date_not_first_announcement,https://stockanalysis.com/actions/acquisitions/2024/,stockanalysis_company_page,-,Advent International LLC,ACQUISITION
AXNX,0001603756,Axonics Inc,,ACQUISITION,2024-11-14,provisional_stockanalysis_action_date_not_first_announcement,https://stockanalysis.com/actions/acquisitions/2024/,stockanalysis_company_page,BSX,Boston Scientific Corp,ACQUISITION
TWKS,0001866550,Thoughtworks Holding Inc,,ACQUISITION,2024-11-12,provisional_stockanalysis_action_date_not_first_announcement,https://stockanalysis.com/actions/acquisitions/2024/,stockanalysis_company_page,-,Apax Partners LLC,ACQUISITION
INST,0001841804,Instructure Holdings Inc,,ACQUISITION,2024-11-12,provisional_stockanalysis_action_date_not_first_announcement,https://stockanalysis.com/actions/acquisitions/2024/,stockanalysis_company_page,KKR,Kkr & Co Inc,ACQUISITION
SRCL,0000861878,Stericycle Inc,,ACQUISITION,2024-11-01,provisional_stockanalysis_action_date_not_first_announcement,https://stockanalysis.com/actions/acquisitions/2024/,stockanalysis_company_page,WM,Waste Management Inc,ACQUISITION
GVP,0000944480,Gse Systems Inc,,ACQUISITION,2024-10-31,provisional_stockanalysis_action_date_not_first_announcement,https://stockanalysis.com/actions/acquisitions/2024/,stockanalysis_company_page,-,Pelican Energy Partners Lp,ACQUISITION
STER,0001210677,Sterling Check Corp,,ACQUISITION,2024-10-30,provisional_stockanalysis_action_date_not_first_announcement,https://stockanalysis.com/actions/acquisitions/2024/,stockanalysis_company_page,FA,First Advantage Corp,ACQUISITION
GRDI,0000827876,Griid Infrastructure Inc,,ACQUISITION,2024-10-30,provisional_stockanalysis_action_date_not_first_announcement,https://stockanalysis.com/actions/acquisitions/2024/,stockanalysis_company_page,CLSK,Cleanspark Inc,ACQUISITION
LLAP,0000936468,Terran Orbital Corp,,ACQUISITION,2024-10-29,provisional_stockanalysis_action_date_not_first_announcement,https://stockanalysis.com/actions/acquisitions/2024/,stockanalysis_company_page,LMT,Lockheed Martin Corp,ACQUISITION
PETQ,0001668673,Petiq Inc,,ACQUISITION,2024-10-24,provisional_stockanalysis_action_date_not_first_announcement,https://stockanalysis.com/actions/acquisitions/2024/,stockanalysis_company_page,-,Bansk Group,ACQUISITION
SHCR,0001816233,Sharecare Inc,,ACQUISITION,2024-10-21,provisional_stockanalysis_action_date_not_first_announcement,https://stockanalysis.com/actions/acquisitions/2024/,stockanalysis_company_page,-,Altaris Capital Lp,ACQUISITION
SQSP,0001496963,Squarespace Inc,,ACQUISITION,2024-10-16,provisional_stockanalysis_action_date_not_first_announcement,https://stockanalysis.com/actions/acquisitions/2024/,stockanalysis_company_page,-,Permira Holdings Ltd.,ACQUISITION
CHUY,0001524931,Chuy's Holdings Inc,,ACQUISITION,2024-10-10,provisional_stockanalysis_action_date_not_first_announcement,https://stockanalysis.com/actions/acquisitions/2024/,stockanalysis_company_page,DRI,Darden Restaurants Inc,ACQUISITION
HMNF,0000903419,Hmn Financial Inc,,ACQUISITION,2024-10-09,provisional_stockanalysis_action_date_not_first_announcement,https://stockanalysis.com/actions/acquisitions/2024/,stockanalysis_company_page,ALRS,Alerus Financial Corp,ACQUISITION
VGR,0000059440,Vector Group Ltd.,,ACQUISITION,2024-10-07,provisional_stockanalysis_action_date_not_first_announcement,https://stockanalysis.com/actions/acquisitions/2024/,stockanalysis_company_page,-,Jt Group,ACQUISITION
AUGX,0001769804,Augmedix Inc,,ACQUISITION,2024-10-01,provisional_stockanalysis_action_date_not_first_announcement,https://stockanalysis.com/actions/acquisitions/2024/,stockanalysis_company_page,-,Commure Inc,ACQUISITION
PRFT,0001085869,Perficient Inc,,ACQUISITION,2024-10-01,provisional_stockanalysis_action_date_not_first_announcement,https://stockanalysis.com/actions/acquisitions/2024/,stockanalysis_company_page,-,Bpea Private Equity Fund Viii Co-investment Lp,ACQUISITION
PWSC,0001835681,Powerschool Holdings Inc,,ACQUISITION,2024-09-30,provisional_stockanalysis_action_date_not_first_announcement,https://stockanalysis.com/actions/acquisitions/2024/,stockanalysis_company_page,-,Bain Capital,ACQUISITION
SWN,0000895126,Southwestern Energy Co.,,ACQUISITION,2024-09-30,provisional_stockanalysis_action_date_not_first_announcement,https://stockanalysis.com/actions/acquisitions/2024/,stockanalysis_company_page,EXE,Expand Energy Corp,ACQUISITION
SGE,0001591890,Strong Global Entertainment Inc,,ACQUISITION,2024-09-27,provisional_stockanalysis_action_date_not_first_announcement,https://stockanalysis.com/actions/acquisitions/2024/,stockanalysis_company_page,FGNX,Fg Nexus Inc,ACQUISITION
DOMA,0001722438,Doma Holdings Inc,,ACQUISITION,2024-09-26,provisional_stockanalysis_action_date_not_first_announcement,https://stockanalysis.com/actions/acquisitions/2024/,stockanalysis_company_page,-,Title Resources Group,ACQUISITION
GTHX,0001560241,G1 Therapeutics Inc,,ACQUISITION,2024-09-17,provisional_stockanalysis_action_date_not_first_announcement,https://stockanalysis.com/actions/acquisitions/2024/,stockanalysis_company_page,-,Pharmacosmos A,ACQUISITION
HA,0000766421,Hawaiian Holdings Inc,,ACQUISITION,2024-09-17,provisional_stockanalysis_action_date_not_first_announcement,https://stockanalysis.com/actions/acquisitions/2024/,stockanalysis_company_page,ALK,Alaska Air Group Inc,ACQUISITION
FIRY,0001801661,Firy Inc.,NYSE,NONE,,control_no_seeded_acquisition_in_stockanalysis_pull,https://www.sec.gov/files/company_tickers_exchange.json,sec_company_tickers_exchange,,,CONTROL
INUV,0000829323,"Inuvo, Inc.",NYSE,NONE,,control_no_seeded_acquisition_in_stockanalysis_pull,https://www.sec.gov/files/company_tickers_exchange.json,sec_company_tickers_exchange,,,CONTROL
NXPL,0001058307,NextPlat Corp,Nasdaq,NONE,,control_no_seeded_acquisition_in_stockanalysis_pull,https://www.sec.gov/files/company_tickers_exchange.json,sec_company_tickers_exchange,,,CONTROL
OR,0001627272,OR Royalties Inc.,NYSE,NONE,,control_no_seeded_acquisition_in_stockanalysis_pull,https://www.sec.gov/files/company_tickers_exchange.json,sec_company_tickers_exchange,,,CONTROL
VERA,0001831828,"Vera Therapeutics, Inc.",Nasdaq,NONE,,control_no_seeded_acquisition_in_stockanalysis_pull,https://www.sec.gov/files/company_tickers_exchange.json,sec_company_tickers_exchange,,,CONTROL
HMY,0001023514,HARMONY GOLD MINING CO LTD,NYSE,NONE,,control_no_seeded_acquisition_in_stockanalysis_pull,https://www.sec.gov/files/company_tickers_exchange.json,sec_company_tickers_exchange,,,CONTROL
XPOF,0001802156,"Xponential Fitness, Inc.",NYSE,NONE,,control_no_seeded_acquisition_in_stockanalysis_pull,https://www.sec.gov/files/company_tickers_exchange.json,sec_company_tickers_exchange,,,CONTROL
BEATW,0001779372,"HeartBeam, Inc.",Nasdaq,NONE,,control_no_seeded_acquisition_in_stockanalysis_pull,https://www.sec.gov/files/company_tickers_exchange.json,sec_company_tickers_exchange,,,CONTROL
FOUR,0001794669,"Shift4 Payments, Inc.",NYSE,NONE,,control_no_seeded_acquisition_in_stockanalysis_pull,https://www.sec.gov/files/company_tickers_exchange.json,sec_company_tickers_exchange,,,CONTROL
EXFY,0001476840,"Expensify, Inc.",Nasdaq,NONE,,control_no_seeded_acquisition_in_stockanalysis_pull,https://www.sec.gov/files/company_tickers_exchange.json,sec_company_tickers_exchange,,,CONTROL
DJP,0000312070,BARCLAYS BANK PLC,NYSE,NONE,,control_no_seeded_acquisition_in_stockanalysis_pull,https://www.sec.gov/files/company_tickers_exchange.json,sec_company_tickers_exchange,,,CONTROL
ALDF,0002031561,Aldel Financial II Inc.,Nasdaq,NONE,,control_no_seeded_acquisition_in_stockanalysis_pull,https://www.sec.gov/files/company_tickers_exchange.json,sec_company_tickers_exchange,,,CONTROL
MAGH,0002046117,Magnitude International Ltd,Nasdaq,NONE,,control_no_seeded_acquisition_in_stockanalysis_pull,https://www.sec.gov/files/company_tickers_exchange.json,sec_company_tickers_exchange,,,CONTROL
VSOL,0002028541,VanEck Solana ETF,Nasdaq,NONE,,control_no_seeded_acquisition_in_stockanalysis_pull,https://www.sec.gov/files/company_tickers_exchange.json,sec_company_tickers_exchange,,,CONTROL
RXST,0001111485,"RxSight, Inc.",Nasdaq,NONE,,control_no_seeded_acquisition_in_stockanalysis_pull,https://www.sec.gov/files/company_tickers_exchange.json,sec_company_tickers_exchange,,,CONTROL
GGN-PB,0001313510,"GAMCO Global Gold, Natural Resources & Income Trust",NYSE,NONE,,control_no_seeded_acquisition_in_stockanalysis_pull,https://www.sec.gov/files/company_tickers_exchange.json,sec_company_tickers_exchange,,,CONTROL
SBRA,0001492298,"Sabra Health Care REIT, Inc.",Nasdaq,NONE,,control_no_seeded_acquisition_in_stockanalysis_pull,https://www.sec.gov/files/company_tickers_exchange.json,sec_company_tickers_exchange,,,CONTROL
CNEY,0001780785,CN ENERGY GROUP. INC.,Nasdaq,NONE,,control_no_seeded_acquisition_in_stockanalysis_pull,https://www.sec.gov/files/company_tickers_exchange.json,sec_company_tickers_exchange,,,CONTROL
CPZ,0001717457,Calamos Long/Short Equity & Dynamic Income Trust,Nasdaq,NONE,,control_no_seeded_acquisition_in_stockanalysis_pull,https://www.sec.gov/files/company_tickers_exchange.json,sec_company_tickers_exchange,,,CONTROL
SLQT,0001794783,"SelectQuote, Inc.",NYSE,NONE,,control_no_seeded_acquisition_in_stockanalysis_pull,https://www.sec.gov/files/company_tickers_exchange.json,sec_company_tickers_exchange,,,CONTROL
NEWTP,0001587987,"NewtekOne, Inc.",Nasdaq,NONE,,control_no_seeded_acquisition_in_stockanalysis_pull,https://www.sec.gov/files/company_tickers_exchange.json,sec_company_tickers_exchange,,,CONTROL
NGL-PB,0001504461,NGL Energy Partners LP,NYSE,NONE,,control_no_seeded_acquisition_in_stockanalysis_pull,https://www.sec.gov/files/company_tickers_exchange.json,sec_company_tickers_exchange,,,CONTROL
FWDI,0000038264,"Forward Industries, Inc.",Nasdaq,NONE,,control_no_seeded_acquisition_in_stockanalysis_pull,https://www.sec.gov/files/company_tickers_exchange.json,sec_company_tickers_exchange,,,CONTROL
ABR,0001253986,ARBOR REALTY TRUST INC,NYSE,NONE,,control_no_seeded_acquisition_in_stockanalysis_pull,https://www.sec.gov/files/company_tickers_exchange.json,sec_company_tickers_exchange,,,CONTROL
STVN,0001849853,Stevanato Group S.p.A.,NYSE,NONE,,control_no_seeded_acquisition_in_stockanalysis_pull,https://www.sec.gov/files/company_tickers_exchange.json,sec_company_tickers_exchange,,,CONTROL
RANGU,0002035644,Range Capital Acquisition Corp.,Nasdaq,NONE,,control_no_seeded_acquisition_in_stockanalysis_pull,https://www.sec.gov/files/company_tickers_exchange.json,sec_company_tickers_exchange,,,CONTROL
ARE,0001035443,"ALEXANDRIA REAL ESTATE EQUITIES, INC.",NYSE,NONE,,control_no_seeded_acquisition_in_stockanalysis_pull,https://www.sec.gov/files/company_tickers_exchange.json,sec_company_tickers_exchange,,,CONTROL
EVTC,0001559865,"EVERTEC, Inc.",NYSE,NONE,,control_no_seeded_acquisition_in_stockanalysis_pull,https://www.sec.gov/files/company_tickers_exchange.json,sec_company_tickers_exchange,,,CONTROL
EFTY,0002058349,"ETOILES CAPITAL GROUP CO., LTD",Nasdaq,NONE,,control_no_seeded_acquisition_in_stockanalysis_pull,https://www.sec.gov/files/company_tickers_exchange.json,sec_company_tickers_exchange,,,CONTROL
ACDC,0001881487,ProFrac Holding Corp.,Nasdaq,NONE,,control_no_seeded_acquisition_in_stockanalysis_pull,https://www.sec.gov/files/company_tickers_exchange.json,sec_company_tickers_exchange,,,CONTROL
MC,0001596967,Moelis & Co,NYSE,NONE,,control_no_seeded_acquisition_in_stockanalysis_pull,https://www.sec.gov/files/company_tickers_exchange.json,sec_company_tickers_exchange,,,CONTROL
SHOTR,0002104879,RMG ML Sports Holdings,Nasdaq,NONE,,control_no_seeded_acquisition_in_stockanalysis_pull,https://www.sec.gov/files/company_tickers_exchange.json,sec_company_tickers_exchange,,,CONTROL
GS,0000886982,GOLDMAN SACHS GROUP INC,NYSE,NONE,,control_no_seeded_acquisition_in_stockanalysis_pull,https://www.sec.gov/files/company_tickers_exchange.json,sec_company_tickers_exchange,,,CONTROL
CMI,0000026172,CUMMINS INC,NYSE,NONE,,control_no_seeded_acquisition_in_stockanalysis_pull,https://www.sec.gov/files/company_tickers_exchange.json,sec_company_tickers_exchange,,,CONTROL
AGX,0000100591,ARGAN INC,NYSE,NONE,,control_no_seeded_acquisition_in_stockanalysis_pull,https://www.sec.gov/files/company_tickers_exchange.json,sec_company_tickers_exchange,,,CONTROL
SYPR,0000864240,SYPRIS SOLUTIONS INC,Nasdaq,NONE,,control_no_seeded_acquisition_in_stockanalysis_pull,https://www.sec.gov/files/company_tickers_exchange.json,sec_company_tickers_exchange,,,CONTROL
BXDC,0002100161,Blackstone Digital Infrastructure Trust Inc.,NYSE,NONE,,control_no_seeded_acquisition_in_stockanalysis_pull,https://www.sec.gov/files/company_tickers_exchange.json,sec_company_tickers_exchange,,,CONTROL
TECX,0001681087,"Tectonic Therapeutic, Inc.",Nasdaq,NONE,,control_no_seeded_acquisition_in_stockanalysis_pull,https://www.sec.gov/files/company_tickers_exchange.json,sec_company_tickers_exchange,,,CONTROL
CYCN,0001755237,"Korsana Biosciences, Inc.",Nasdaq,NONE,,control_no_seeded_acquisition_in_stockanalysis_pull,https://www.sec.gov/files/company_tickers_exchange.json,sec_company_tickers_exchange,,,CONTROL
GILD,0000882095,"GILEAD SCIENCES, INC.",Nasdaq,NONE,,control_no_seeded_acquisition_in_stockanalysis_pull,https://www.sec.gov/files/company_tickers_exchange.json,sec_company_tickers_exchange,,,CONTROL
HSDT,0001610853,Solana Co,Nasdaq,NONE,,control_no_seeded_acquisition_in_stockanalysis_pull,https://www.sec.gov/files/company_tickers_exchange.json,sec_company_tickers_exchange,,,CONTROL
SDHIR,0002034037,Siddhi Acquisition Corp (Cayman Islands),Nasdaq,NONE,,control_no_seeded_acquisition_in_stockanalysis_pull,https://www.sec.gov/files/company_tickers_exchange.json,sec_company_tickers_exchange,,,CONTROL
ASUR,0000884144,ASURE SOFTWARE INC,Nasdaq,NONE,,control_no_seeded_acquisition_in_stockanalysis_pull,https://www.sec.gov/files/company_tickers_exchange.json,sec_company_tickers_exchange,,,CONTROL
CFG-PI,0000759944,CITIZENS FINANCIAL GROUP INC/RI,NYSE,NONE,,control_no_seeded_acquisition_in_stockanalysis_pull,https://www.sec.gov/files/company_tickers_exchange.json,sec_company_tickers_exchange,,,CONTROL
FCN,0000887936,"FTI CONSULTING, INC",NYSE,NONE,,control_no_seeded_acquisition_in_stockanalysis_pull,https://www.sec.gov/files/company_tickers_exchange.json,sec_company_tickers_exchange,,,CONTROL
LSCC,0000855658,LATTICE SEMICONDUCTOR CORP,Nasdaq,NONE,,control_no_seeded_acquisition_in_stockanalysis_pull,https://www.sec.gov/files/company_tickers_exchange.json,sec_company_tickers_exchange,,,CONTROL
UFPT,0000914156,UFP TECHNOLOGIES INC,Nasdaq,NONE,,control_no_seeded_acquisition_in_stockanalysis_pull,https://www.sec.gov/files/company_tickers_exchange.json,sec_company_tickers_exchange,,,CONTROL
KTB,0001760965,"Kontoor Brands, Inc.",NYSE,NONE,,control_no_seeded_acquisition_in_stockanalysis_pull,https://www.sec.gov/files/company_tickers_exchange.json,sec_company_tickers_exchange,,,CONTROL
VICR,0000751978,VICOR CORP,Nasdaq,NONE,,control_no_seeded_acquisition_in_stockanalysis_pull,https://www.sec.gov/files/company_tickers_exchange.json,sec_company_tickers_exchange,,,CONTROL
NSAIW,0002133719,NorthStrive Acquisition Corp I.,Nasdaq,NONE,,control_no_seeded_acquisition_in_stockanalysis_pull,https://www.sec.gov/files/company_tickers_exchange.json,sec_company_tickers_exchange,,,CONTROL
UVE,0000891166,"UNIVERSAL INSURANCE HOLDINGS, INC.",NYSE,NONE,,control_no_seeded_acquisition_in_stockanalysis_pull,https://www.sec.gov/files/company_tickers_exchange.json,sec_company_tickers_exchange,,,CONTROL
CURX,0002025942,Curanex Pharmaceuticals Inc,Nasdaq,NONE,,control_no_seeded_acquisition_in_stockanalysis_pull,https://www.sec.gov/files/company_tickers_exchange.json,sec_company_tickers_exchange,,,CONTROL
CHRS,0001512762,"Coherus Oncology, Inc.",Nasdaq,NONE,,control_no_seeded_acquisition_in_stockanalysis_pull,https://www.sec.gov/files/company_tickers_exchange.json,sec_company_tickers_exchange,,,CONTROL
GOAI,0001983736,Eva Live Inc,Nasdaq,NONE,,control_no_seeded_acquisition_in_stockanalysis_pull,https://www.sec.gov/files/company_tickers_exchange.json,sec_company_tickers_exchange,,,CONTROL
PLOW,0001287213,"DOUGLAS DYNAMICS, INC",NYSE,NONE,,control_no_seeded_acquisition_in_stockanalysis_pull,https://www.sec.gov/files/company_tickers_exchange.json,sec_company_tickers_exchange,,,CONTROL
DXST,0001958133,Decent Holding Inc.,Nasdaq,NONE,,control_no_seeded_acquisition_in_stockanalysis_pull,https://www.sec.gov/files/company_tickers_exchange.json,sec_company_tickers_exchange,,,CONTROL
GTN,0000043196,"GRAY MEDIA, INC",NYSE,NONE,,control_no_seeded_acquisition_in_stockanalysis_pull,https://www.sec.gov/files/company_tickers_exchange.json,sec_company_tickers_exchange,,,CONTROL
SUIG,0001425355,SUI Group Holdings Ltd.,Nasdaq,NONE,,control_no_seeded_acquisition_in_stockanalysis_pull,https://www.sec.gov/files/company_tickers_exchange.json,sec_company_tickers_exchange,,,CONTROL
NFJ,0001260563,"Virtus Dividend, Interest & Premium Strategy Fund",NYSE,NONE,,control_no_seeded_acquisition_in_stockanalysis_pull,https://www.sec.gov/files/company_tickers_exchange.json,sec_company_tickers_exchange,,,CONTROL
MNTS,0001781162,Momentus Inc.,Nasdaq,NONE,,control_no_seeded_acquisition_in_stockanalysis_pull,https://www.sec.gov/files/company_tickers_exchange.json,sec_company_tickers_exchange,,,CONTROL
FTRA-UN,0002131853,FutureCorp Space Acquisition 1,NYSE,NONE,,control_no_seeded_acquisition_in_stockanalysis_pull,https://www.sec.gov/files/company_tickers_exchange.json,sec_company_tickers_exchange,,,CONTROL
COP,0001163165,CONOCOPHILLIPS,NYSE,NONE,,control_no_seeded_acquisition_in_stockanalysis_pull,https://www.sec.gov/files/company_tickers_exchange.json,sec_company_tickers_exchange,,,CONTROL
UHAL-B,0000004457,U-Haul Holding Co /NV/,NYSE,NONE,,control_no_seeded_acquisition_in_stockanalysis_pull,https://www.sec.gov/files/company_tickers_exchange.json,sec_company_tickers_exchange,,,CONTROL
OLMA,0001750284,"Olema Pharmaceuticals, Inc.",Nasdaq,NONE,,control_no_seeded_acquisition_in_stockanalysis_pull,https://www.sec.gov/files/company_tickers_exchange.json,sec_company_tickers_exchange,,,CONTROL
DYOR,0002079292,Insight Digital Partners II,Nasdaq,NONE,,control_no_seeded_acquisition_in_stockanalysis_pull,https://www.sec.gov/files/company_tickers_exchange.json,sec_company_tickers_exchange,,,CONTROL
LYTS,0000763532,LSI INDUSTRIES INC,Nasdaq,NONE,,control_no_seeded_acquisition_in_stockanalysis_pull,https://www.sec.gov/files/company_tickers_exchange.json,sec_company_tickers_exchange,,,CONTROL
LUCK,0001840572,Lucky Strike Entertainment Corp,NYSE,NONE,,control_no_seeded_acquisition_in_stockanalysis_pull,https://www.sec.gov/files/company_tickers_exchange.json,sec_company_tickers_exchange,,,CONTROL
MAT,0000063276,MATTEL INC /DE/,Nasdaq,NONE,,control_no_seeded_acquisition_in_stockanalysis_pull,https://www.sec.gov/files/company_tickers_exchange.json,sec_company_tickers_exchange,,,CONTROL
RIO,0000863064,RIO TINTO PLC,NYSE,NONE,,control_no_seeded_acquisition_in_stockanalysis_pull,https://www.sec.gov/files/company_tickers_exchange.json,sec_company_tickers_exchange,,,CONTROL
ABR-PD,0001253986,ARBOR REALTY TRUST INC,NYSE,NONE,,control_no_seeded_acquisition_in_stockanalysis_pull,https://www.sec.gov/files/company_tickers_exchange.json,sec_company_tickers_exchange,,,CONTROL
SCO,0001415311,ProShares Trust II,NYSE,NONE,,control_no_seeded_acquisition_in_stockanalysis_pull,https://www.sec.gov/files/company_tickers_exchange.json,sec_company_tickers_exchange,,,CONTROL
PRHIZ,0001502292,"Presurance Holdings, Inc.",Nasdaq,NONE,,control_no_seeded_acquisition_in_stockanalysis_pull,https://www.sec.gov/files/company_tickers_exchange.json,sec_company_tickers_exchange,,,CONTROL
LAR,0001440972,Lithium Argentina AG,NYSE,NONE,,control_no_seeded_acquisition_in_stockanalysis_pull,https://www.sec.gov/files/company_tickers_exchange.json,sec_company_tickers_exchange,,,CONTROL
GPAC,0002085408,General Purpose Acquisition Corp.,Nasdaq,NONE,,control_no_seeded_acquisition_in_stockanalysis_pull,https://www.sec.gov/files/company_tickers_exchange.json,sec_company_tickers_exchange,,,CONTROL
GPCR,0001888886,Structure Therapeutics Inc.,Nasdaq,NONE,,control_no_seeded_acquisition_in_stockanalysis_pull,https://www.sec.gov/files/company_tickers_exchange.json,sec_company_tickers_exchange,,,CONTROL
IONS,0000874015,IONIS PHARMACEUTICALS INC,Nasdaq,NONE,,control_no_seeded_acquisition_in_stockanalysis_pull,https://www.sec.gov/files/company_tickers_exchange.json,sec_company_tickers_exchange,,,CONTROL
RILYN,0001464790,"BRC Group Holdings, Inc.",Nasdaq,NONE,,control_no_seeded_acquisition_in_stockanalysis_pull,https://www.sec.gov/files/company_tickers_exchange.json,sec_company_tickers_exchange,,,CONTROL
AMP,0000820027,AMERIPRISE FINANCIAL INC,NYSE,NONE,,control_no_seeded_acquisition_in_stockanalysis_pull,https://www.sec.gov/files/company_tickers_exchange.json,sec_company_tickers_exchange,,,CONTROL
ACGCU,0002111542,ACP Holdings Acquisition Corp.,Nasdaq,NONE,,control_no_seeded_acquisition_in_stockanalysis_pull,https://www.sec.gov/files/company_tickers_exchange.json,sec_company_tickers_exchange,,,CONTROL
ALM,0001670061,Almonty Industries Inc.,Nasdaq,NONE,,control_no_seeded_acquisition_in_stockanalysis_pull,https://www.sec.gov/files/company_tickers_exchange.json,sec_company_tickers_exchange,,,CONTROL
COR,0001140859,"Cencora, Inc.",NYSE,NONE,,control_no_seeded_acquisition_in_stockanalysis_pull,https://www.sec.gov/files/company_tickers_exchange.json,sec_company_tickers_exchange,,,CONTROL
MTR,0000313364,MESA ROYALTY TRUST/TX,NYSE,NONE,,control_no_seeded_acquisition_in_stockanalysis_pull,https://www.sec.gov/files/company_tickers_exchange.json,sec_company_tickers_exchange,,,CONTROL
CSTE,0001504379,Caesarstone Ltd.,Nasdaq,NONE,,control_no_seeded_acquisition_in_stockanalysis_pull,https://www.sec.gov/files/company_tickers_exchange.json,sec_company_tickers_exchange,,,CONTROL
REYN,0001786431,Reynolds Consumer Products Inc.,Nasdaq,NONE,,control_no_seeded_acquisition_in_stockanalysis_pull,https://www.sec.gov/files/company_tickers_exchange.json,sec_company_tickers_exchange,,,CONTROL
IGACU,0002075068,Invest Green Acquisition Corp,Nasdaq,NONE,,control_no_seeded_acquisition_in_stockanalysis_pull,https://www.sec.gov/files/company_tickers_exchange.json,sec_company_tickers_exchange,,,CONTROL
FXE,0001328598,Invesco CurrencyShares Euro Trust,NYSE,NONE,,control_no_seeded_acquisition_in_stockanalysis_pull,https://www.sec.gov/files/company_tickers_exchange.json,sec_company_tickers_exchange,,,CONTROL
LFACU,0002084563,Leapfrog Acquisition Corp,Nasdaq,NONE,,control_no_seeded_acquisition_in_stockanalysis_pull,https://www.sec.gov/files/company_tickers_exchange.json,sec_company_tickers_exchange,,,CONTROL
GTENW,0001986817,"Gores Holdings X, Inc. / CI",Nasdaq,NONE,,control_no_seeded_acquisition_in_stockanalysis_pull,https://www.sec.gov/files/company_tickers_exchange.json,sec_company_tickers_exchange,,,CONTROL
ONL,0001873923,Orion Properties Inc.,NYSE,NONE,,control_no_seeded_acquisition_in_stockanalysis_pull,https://www.sec.gov/files/company_tickers_exchange.json,sec_company_tickers_exchange,,,CONTROL
CFBK,0001070680,CF BANKSHARES INC.,Nasdaq,NONE,,control_no_seeded_acquisition_in_stockanalysis_pull,https://www.sec.gov/files/company_tickers_exchange.json,sec_company_tickers_exchange,,,CONTROL
WKC,0000789460,WORLD KINECT CORP,NYSE,NONE,,control_no_seeded_acquisition_in_stockanalysis_pull,https://www.sec.gov/files/company_tickers_exchange.json,sec_company_tickers_exchange,,,CONTROL
DTCX,0001853825,"Datacentrex, Inc.",Nasdaq,NONE,,control_no_seeded_acquisition_in_stockanalysis_pull,https://www.sec.gov/files/company_tickers_exchange.json,sec_company_tickers_exchange,,,CONTROL
DBVT,0001613780,DBV Technologies S.A.,Nasdaq,NONE,,control_no_seeded_acquisition_in_stockanalysis_pull,https://www.sec.gov/files/company_tickers_exchange.json,sec_company_tickers_exchange,,,CONTROL
BJ,0001531152,"BJ's Wholesale Club Holdings, Inc.",NYSE,NONE,,control_no_seeded_acquisition_in_stockanalysis_pull,https://www.sec.gov/files/company_tickers_exchange.json,sec_company_tickers_exchange,,,CONTROL
EGO,0000918608,ELDORADO GOLD CORP /FI,NYSE,NONE,,control_no_seeded_acquisition_in_stockanalysis_pull,https://www.sec.gov/files/company_tickers_exchange.json,sec_company_tickers_exchange,,,CONTROL
SPG-PJ,0001063761,SIMON PROPERTY GROUP INC.,NYSE,NONE,,control_no_seeded_acquisition_in_stockanalysis_pull,https://www.sec.gov/files/company_tickers_exchange.json,sec_company_tickers_exchange,,,CONTROL
EVOX,0002077954,Evolution Global Acquisition Corp,Nasdaq,NONE,,control_no_seeded_acquisition_in_stockanalysis_pull,https://www.sec.gov/files/company_tickers_exchange.json,sec_company_tickers_exchange,,,CONTROL
NHIVU,0002099767,NewHold Investment Corp IV,Nasdaq,NONE,,control_no_seeded_acquisition_in_stockanalysis_pull,https://www.sec.gov/files/company_tickers_exchange.json,sec_company_tickers_exchange,,,CONTROL
SI,0001699350,"SHOULDER INNOVATIONS, INC.",NYSE,NONE,,control_no_seeded_acquisition_in_stockanalysis_pull,https://www.sec.gov/files/company_tickers_exchange.json,sec_company_tickers_exchange,,,CONTROL
KMB,0000055785,KIMBERLY CLARK CORP,Nasdaq,NONE,,control_no_seeded_acquisition_in_stockanalysis_pull,https://www.sec.gov/files/company_tickers_exchange.json,sec_company_tickers_exchange,,,CONTROL
DEFT,0001888274,"Defi Technologies, Inc.",Nasdaq,NONE,,control_no_seeded_acquisition_in_stockanalysis_pull,https://www.sec.gov/files/company_tickers_exchange.json,sec_company_tickers_exchange,,,CONTROL
ASST,0001920406,"Strive, Inc.",Nasdaq,NONE,,control_no_seeded_acquisition_in_stockanalysis_pull,https://www.sec.gov/files/company_tickers_exchange.json,sec_company_tickers_exchange,,,CONTROL
AIDX,0001139685,"20/20 Biolabs, Inc.",Nasdaq,NONE,,control_no_seeded_acquisition_in_stockanalysis_pull,https://www.sec.gov/files/company_tickers_exchange.json,sec_company_tickers_exchange,,,CONTROL
PTLE,0002016337,PTL Ltd,Nasdaq,NONE,,control_no_seeded_acquisition_in_stockanalysis_pull,https://www.sec.gov/files/company_tickers_exchange.json,sec_company_tickers_exchange,,,CONTROL
ARW,0000007536,"ARROW ELECTRONICS, INC.",NYSE,NONE,,control_no_seeded_acquisition_in_stockanalysis_pull,https://www.sec.gov/files/company_tickers_exchange.json,sec_company_tickers_exchange,,,CONTROL
ILLU,0002101135,Illumination Acquisition Corp. I,Nasdaq,NONE,,control_no_seeded_acquisition_in_stockanalysis_pull,https://www.sec.gov/files/company_tickers_exchange.json,sec_company_tickers_exchange,,,CONTROL
WRAP,0001702924,"WRAP TECHNOLOGIES, INC.",Nasdaq,NONE,,control_no_seeded_acquisition_in_stockanalysis_pull,https://www.sec.gov/files/company_tickers_exchange.json,sec_company_tickers_exchange,,,CONTROL
BKTI,0000002186,BK Technologies Corp,NYSE,NONE,,control_no_seeded_acquisition_in_stockanalysis_pull,https://www.sec.gov/files/company_tickers_exchange.json,sec_company_tickers_exchange,,,CONTROL
UHAL,0000004457,U-Haul Holding Co /NV/,NYSE,NONE,,control_no_seeded_acquisition_in_stockanalysis_pull,https://www.sec.gov/files/company_tickers_exchange.json,sec_company_tickers_exchange,,,CONTROL
ROST,0000745732,"ROSS STORES, INC.",Nasdaq,NONE,,control_no_seeded_acquisition_in_stockanalysis_pull,https://www.sec.gov/files/company_tickers_exchange.json,sec_company_tickers_exchange,,,CONTROL
PDFS,0001120914,PDF SOLUTIONS INC,Nasdaq,NONE,,control_no_seeded_acquisition_in_stockanalysis_pull,https://www.sec.gov/files/company_tickers_exchange.json,sec_company_tickers_exchange,,,CONTROL
EVR,0001360901,Evercore Inc.,NYSE,NONE,,control_no_seeded_acquisition_in_stockanalysis_pull,https://www.sec.gov/files/company_tickers_exchange.json,sec_company_tickers_exchange,,,CONTROL
ZOOZ,0001992818,ZOOZ Strategy Ltd.,Nasdaq,NONE,,control_no_seeded_acquisition_in_stockanalysis_pull,https://www.sec.gov/files/company_tickers_exchange.json,sec_company_tickers_exchange,,,CONTROL
JFR,0001276533,NUVEEN FLOATING RATE INCOME FUND,NYSE,NONE,,control_no_seeded_acquisition_in_stockanalysis_pull,https://www.sec.gov/files/company_tickers_exchange.json,sec_company_tickers_exchange,,,CONTROL
NEE-PN,0000753308,NEXTERA ENERGY INC,NYSE,NONE,,control_no_seeded_acquisition_in_stockanalysis_pull,https://www.sec.gov/files/company_tickers_exchange.json,sec_company_tickers_exchange,,,CONTROL
ONIT,0000873860,ONITY GROUP INC.,NYSE,NONE,,control_no_seeded_acquisition_in_stockanalysis_pull,https://www.sec.gov/files/company_tickers_exchange.json,sec_company_tickers_exchange,,,CONTROL
PAAC,0002087446,Proem Acquisition Corp. I,Nasdaq,NONE,,control_no_seeded_acquisition_in_stockanalysis_pull,https://www.sec.gov/files/company_tickers_exchange.json,sec_company_tickers_exchange,,,CONTROL
KIM-PM,0000879101,KIMCO REALTY CORP,NYSE,NONE,,control_no_seeded_acquisition_in_stockanalysis_pull,https://www.sec.gov/files/company_tickers_exchange.json,sec_company_tickers_exchange,,,CONTROL
SSEAU,0002059165,STARRY SEA ACQUISITION CORP,Nasdaq,NONE,,control_no_seeded_acquisition_in_stockanalysis_pull,https://www.sec.gov/files/company_tickers_exchange.json,sec_company_tickers_exchange,,,CONTROL
KR,0000056873,KROGER CO,NYSE,NONE,,control_no_seeded_acquisition_in_stockanalysis_pull,https://www.sec.gov/files/company_tickers_exchange.json,sec_company_tickers_exchange,,,CONTROL
KRP,0001657788,"Kimbell Royalty Partners, LP",NYSE,NONE,,control_no_seeded_acquisition_in_stockanalysis_pull,https://www.sec.gov/files/company_tickers_exchange.json,sec_company_tickers_exchange,,,CONTROL
GEN,0000849399,Gen Digital Inc.,Nasdaq,NONE,,control_no_seeded_acquisition_in_stockanalysis_pull,https://www.sec.gov/files/company_tickers_exchange.json,sec_company_tickers_exchange,,,CONTROL
EHI,0001228509,WESTERN ASSET GLOBAL HIGH INCOME FUND INC.,NYSE,NONE,,control_no_seeded_acquisition_in_stockanalysis_pull,https://www.sec.gov/files/company_tickers_exchange.json,sec_company_tickers_exchange,,,CONTROL
BEEP,0001847874,Mobile Infrastructure Corp,Nasdaq,NONE,,control_no_seeded_acquisition_in_stockanalysis_pull,https://www.sec.gov/files/company_tickers_exchange.json,sec_company_tickers_exchange,,,CONTROL
SOC,0001831481,Sable Offshore Corp.,NYSE,NONE,,control_no_seeded_acquisition_in_stockanalysis_pull,https://www.sec.gov/files/company_tickers_exchange.json,sec_company_tickers_exchange,,,CONTROL
FTI,0001681459,TechnipFMC plc,NYSE,NONE,,control_no_seeded_acquisition_in_stockanalysis_pull,https://www.sec.gov/files/company_tickers_exchange.json,sec_company_tickers_exchange,,,CONTROL
SRTS,0001494891,"Sensus Healthcare, Inc.",Nasdaq,NONE,,control_no_seeded_acquisition_in_stockanalysis_pull,https://www.sec.gov/files/company_tickers_exchange.json,sec_company_tickers_exchange,,,CONTROL
UK,0001821424,Ucommune International Ltd,Nasdaq,NONE,,control_no_seeded_acquisition_in_stockanalysis_pull,https://www.sec.gov/files/company_tickers_exchange.json,sec_company_tickers_exchange,,,CONTROL
COF-PL,0000927628,CAPITAL ONE FINANCIAL CORP,NYSE,NONE,,control_no_seeded_acquisition_in_stockanalysis_pull,https://www.sec.gov/files/company_tickers_exchange.json,sec_company_tickers_exchange,,,CONTROL
MAMA,0001520358,"Mama's Creations, Inc.",Nasdaq,NONE,,control_no_seeded_acquisition_in_stockanalysis_pull,https://www.sec.gov/files/company_tickers_exchange.json,sec_company_tickers_exchange,,,CONTROL
AMBR,0001697818,Amber International Holding Ltd,Nasdaq,NONE,,control_no_seeded_acquisition_in_stockanalysis_pull,https://www.sec.gov/files/company_tickers_exchange.json,sec_company_tickers_exchange,,,CONTROL
KEYS,0001601046,"Keysight Technologies, Inc.",NYSE,NONE,,control_no_seeded_acquisition_in_stockanalysis_pull,https://www.sec.gov/files/company_tickers_exchange.json,sec_company_tickers_exchange,,,CONTROL
KLXER,0001738827,"KLX Energy Services Holdings, Inc.",Nasdaq,NONE,,control_no_seeded_acquisition_in_stockanalysis_pull,https://www.sec.gov/files/company_tickers_exchange.json,sec_company_tickers_exchange,,,CONTROL
JFIN,0001743102,Jiayin Group Inc.,Nasdaq,NONE,,control_no_seeded_acquisition_in_stockanalysis_pull,https://www.sec.gov/files/company_tickers_exchange.json,sec_company_tickers_exchange,,,CONTROL
ETR,0000065984,ENTERGY CORP /DE/,NYSE,NONE,,control_no_seeded_acquisition_in_stockanalysis_pull,https://www.sec.gov/files/company_tickers_exchange.json,sec_company_tickers_exchange,,,CONTROL
UNG,0001376227,"United States Natural Gas Fund, LP",NYSE,NONE,,control_no_seeded_acquisition_in_stockanalysis_pull,https://www.sec.gov/files/company_tickers_exchange.json,sec_company_tickers_exchange,,,CONTROL
MIND,0000926423,"MIND TECHNOLOGY, INC",Nasdaq,NONE,,control_no_seeded_acquisition_in_stockanalysis_pull,https://www.sec.gov/files/company_tickers_exchange.json,sec_company_tickers_exchange,,,CONTROL
AVAV,0001368622,AeroVironment Inc,Nasdaq,NONE,,control_no_seeded_acquisition_in_stockanalysis_pull,https://www.sec.gov/files/company_tickers_exchange.json,sec_company_tickers_exchange,,,CONTROL
TII,0001791703,Titan Mining Corp,NYSE,NONE,,control_no_seeded_acquisition_in_stockanalysis_pull,https://www.sec.gov/files/company_tickers_exchange.json,sec_company_tickers_exchange,,,CONTROL
LPAAU,0002015502,Launch One Acquisition Corp.,Nasdaq,NONE,,control_no_seeded_acquisition_in_stockanalysis_pull,https://www.sec.gov/files/company_tickers_exchange.json,sec_company_tickers_exchange,,,CONTROL
VLY,0000714310,VALLEY NATIONAL BANCORP,Nasdaq,NONE,,control_no_seeded_acquisition_in_stockanalysis_pull,https://www.sec.gov/files/company_tickers_exchange.json,sec_company_tickers_exchange,,,CONTROL
VRCA,0001660334,Verrica Pharmaceuticals Inc.,Nasdaq,NONE,,control_no_seeded_acquisition_in_stockanalysis_pull,https://www.sec.gov/files/company_tickers_exchange.json,sec_company_tickers_exchange,,,CONTROL
FHB,0000036377,"FIRST HAWAIIAN, INC.",Nasdaq,NONE,,control_no_seeded_acquisition_in_stockanalysis_pull,https://www.sec.gov/files/company_tickers_exchange.json,sec_company_tickers_exchange,,,CONTROL
HBCP,0001436425,"HOME BANCORP, INC.",Nasdaq,NONE,,control_no_seeded_acquisition_in_stockanalysis_pull,https://www.sec.gov/files/company_tickers_exchange.json,sec_company_tickers_exchange,,,CONTROL
TONT,0001897463,Graf Global Corp.,NYSE,NONE,,control_no_seeded_acquisition_in_stockanalysis_pull,https://www.sec.gov/files/company_tickers_exchange.json,sec_company_tickers_exchange,,,CONTROL
DKL,0001552797,"Delek Logistics Partners, LP",NYSE,NONE,,control_no_seeded_acquisition_in_stockanalysis_pull,https://www.sec.gov/files/company_tickers_exchange.json,sec_company_tickers_exchange,,,CONTROL
PNRG,0000056868,PRIMEENERGY RESOURCES CORP,Nasdaq,NONE,,control_no_seeded_acquisition_in_stockanalysis_pull,https://www.sec.gov/files/company_tickers_exchange.json,sec_company_tickers_exchange,,,CONTROL
PSLV,0001494728,Sprott Physical Silver Trust,NYSE,NONE,,control_no_seeded_acquisition_in_stockanalysis_pull,https://www.sec.gov/files/company_tickers_exchange.json,sec_company_tickers_exchange,,,CONTROL
ATCX,0001684688,ATLAS CRITICAL MINERALS Corp,Nasdaq,NONE,,control_no_seeded_acquisition_in_stockanalysis_pull,https://www.sec.gov/files/company_tickers_exchange.json,sec_company_tickers_exchange,,,CONTROL
PFO,0000882071,Flaherty & Crumrine PREFERRED & INCOME OPPORTUNITY FUND INC,NYSE,NONE,,control_no_seeded_acquisition_in_stockanalysis_pull,https://www.sec.gov/files/company_tickers_exchange.json,sec_company_tickers_exchange,,,CONTROL
VKQ,0000877463,Invesco Municipal Trust,NYSE,NONE,,control_no_seeded_acquisition_in_stockanalysis_pull,https://www.sec.gov/files/company_tickers_exchange.json,sec_company_tickers_exchange,,,CONTROL
SAGT,0002029138,SAGTEC GLOBAL Ltd,Nasdaq,NONE,,control_no_seeded_acquisition_in_stockanalysis_pull,https://www.sec.gov/files/company_tickers_exchange.json,sec_company_tickers_exchange,,,CONTROL
EHTH,0001333493,"eHealth, Inc.",Nasdaq,NONE,,control_no_seeded_acquisition_in_stockanalysis_pull,https://www.sec.gov/files/company_tickers_exchange.json,sec_company_tickers_exchange,,,CONTROL
JMSB,0001710482,"John Marshall Bancorp, Inc.",Nasdaq,NONE,,control_no_seeded_acquisition_in_stockanalysis_pull,https://www.sec.gov/files/company_tickers_exchange.json,sec_company_tickers_exchange,,,CONTROL
INN-PE,0001497645,"Summit Hotel Properties, Inc.",NYSE,NONE,,control_no_seeded_acquisition_in_stockanalysis_pull,https://www.sec.gov/files/company_tickers_exchange.json,sec_company_tickers_exchange,,,CONTROL
RLI,0000084246,RLI CORP,NYSE,NONE,,control_no_seeded_acquisition_in_stockanalysis_pull,https://www.sec.gov/files/company_tickers_exchange.json,sec_company_tickers_exchange,,,CONTROL
FCEL,0000886128,FUELCELL ENERGY INC,Nasdaq,NONE,,control_no_seeded_acquisition_in_stockanalysis_pull,https://www.sec.gov/files/company_tickers_exchange.json,sec_company_tickers_exchange,,,CONTROL
LCLN,0001925283,"Lincoln International, Inc.",NYSE,NONE,,control_no_seeded_acquisition_in_stockanalysis_pull,https://www.sec.gov/files/company_tickers_exchange.json,sec_company_tickers_exchange,,,CONTROL
SMHI,0001690334,SEACOR Marine Holdings Inc.,NYSE,NONE,,control_no_seeded_acquisition_in_stockanalysis_pull,https://www.sec.gov/files/company_tickers_exchange.json,sec_company_tickers_exchange,,,CONTROL
MBC,0001941365,"MasterBrand, Inc.",NYSE,NONE,,control_no_seeded_acquisition_in_stockanalysis_pull,https://www.sec.gov/files/company_tickers_exchange.json,sec_company_tickers_exchange,,,CONTROL
FBP,0001057706,FIRST BANCORP /PR/,NYSE,NONE,,control_no_seeded_acquisition_in_stockanalysis_pull,https://www.sec.gov/files/company_tickers_exchange.json,sec_company_tickers_exchange,,,CONTROL
BML-PG,0000070858,BANK OF AMERICA CORP /DE/,NYSE,NONE,,control_no_seeded_acquisition_in_stockanalysis_pull,https://www.sec.gov/files/company_tickers_exchange.json,sec_company_tickers_exchange,,,CONTROL
KB,0001445930,KB Financial Group Inc.,NYSE,NONE,,control_no_seeded_acquisition_in_stockanalysis_pull,https://www.sec.gov/files/company_tickers_exchange.json,sec_company_tickers_exchange,,,CONTROL
RFMZ,0001817159,"RiverNorth Flexible Municipal Income Fund II, Inc.",NYSE,NONE,,control_no_seeded_acquisition_in_stockanalysis_pull,https://www.sec.gov/files/company_tickers_exchange.json,sec_company_tickers_exchange,,,CONTROL
BMO,0000927971,BANK OF MONTREAL /CAN/,NYSE,NONE,,control_no_seeded_acquisition_in_stockanalysis_pull,https://www.sec.gov/files/company_tickers_exchange.json,sec_company_tickers_exchange,,,CONTROL
MLM,0000916076,MARTIN MARIETTA MATERIALS INC,NYSE,NONE,,control_no_seeded_acquisition_in_stockanalysis_pull,https://www.sec.gov/files/company_tickers_exchange.json,sec_company_tickers_exchange,,,CONTROL
VTVT,0001641489,vTv Therapeutics Inc.,Nasdaq,NONE,,control_no_seeded_acquisition_in_stockanalysis_pull,https://www.sec.gov/files/company_tickers_exchange.json,sec_company_tickers_exchange,,,CONTROL
WEAT,0001471824,Teucrium Commodity Trust,NYSE,NONE,,control_no_seeded_acquisition_in_stockanalysis_pull,https://www.sec.gov/files/company_tickers_exchange.json,sec_company_tickers_exchange,,,CONTROL
BDMDW,0001982444,Baird Medical Investment Holdings Ltd,Nasdaq,NONE,,control_no_seeded_acquisition_in_stockanalysis_pull,https://www.sec.gov/files/company_tickers_exchange.json,sec_company_tickers_exchange,,,CONTROL
CAES,0002087965,"Cantor Equity Partners VII, Inc.",Nasdaq,NONE,,control_no_seeded_acquisition_in_stockanalysis_pull,https://www.sec.gov/files/company_tickers_exchange.json,sec_company_tickers_exchange,,,CONTROL
ALX,0000003499,ALEXANDERS INC,NYSE,NONE,,control_no_seeded_acquisition_in_stockanalysis_pull,https://www.sec.gov/files/company_tickers_exchange.json,sec_company_tickers_exchange,,,CONTROL
XTERU,0002134856,Karman Line Acquisition Corp.,Nasdaq,NONE,,control_no_seeded_acquisition_in_stockanalysis_pull,https://www.sec.gov/files/company_tickers_exchange.json,sec_company_tickers_exchange,,,CONTROL
CXIIU,0002114227,Churchill Capital Corp XII,Nasdaq,NONE,,control_no_seeded_acquisition_in_stockanalysis_pull,https://www.sec.gov/files/company_tickers_exchange.json,sec_company_tickers_exchange,,,CONTROL
FBIO,0001429260,"Fortress Biotech, Inc.",Nasdaq,NONE,,control_no_seeded_acquisition_in_stockanalysis_pull,https://www.sec.gov/files/company_tickers_exchange.json,sec_company_tickers_exchange,,,CONTROL
MDLN,0002046386,Medline Inc.,Nasdaq,NONE,,control_no_seeded_acquisition_in_stockanalysis_pull,https://www.sec.gov/files/company_tickers_exchange.json,sec_company_tickers_exchange,,,CONTROL
GIC,0000945114,GLOBAL INDUSTRIAL Co,NYSE,NONE,,control_no_seeded_acquisition_in_stockanalysis_pull,https://www.sec.gov/files/company_tickers_exchange.json,sec_company_tickers_exchange,,,CONTROL
ADP,0000008670,AUTOMATIC DATA PROCESSING INC,Nasdaq,NONE,,control_no_seeded_acquisition_in_stockanalysis_pull,https://www.sec.gov/files/company_tickers_exchange.json,sec_company_tickers_exchange,,,CONTROL
WALDW,0001840199,Waldencast plc,Nasdaq,NONE,,control_no_seeded_acquisition_in_stockanalysis_pull,https://www.sec.gov/files/company_tickers_exchange.json,sec_company_tickers_exchange,,,CONTROL
VMET,0002080073,Versamet Royalties Corp,Nasdaq,NONE,,control_no_seeded_acquisition_in_stockanalysis_pull,https://www.sec.gov/files/company_tickers_exchange.json,sec_company_tickers_exchange,,,CONTROL
SG,0001477815,"Sweetgreen, Inc.",NYSE,NONE,,control_no_seeded_acquisition_in_stockanalysis_pull,https://www.sec.gov/files/company_tickers_exchange.json,sec_company_tickers_exchange,,,CONTROL
CRT,0000881787,CROSS TIMBERS ROYALTY TRUST,NYSE,NONE,,control_no_seeded_acquisition_in_stockanalysis_pull,https://www.sec.gov/files/company_tickers_exchange.json,sec_company_tickers_exchange,,,CONTROL
NTCL,0001927578,NetClass Technology Inc,Nasdaq,NONE,,control_no_seeded_acquisition_in_stockanalysis_pull,https://www.sec.gov/files/company_tickers_exchange.json,sec_company_tickers_exchange,,,CONTROL
ANAB,0001370053,"ANAPTYSBIO, INC",Nasdaq,NONE,,control_no_seeded_acquisition_in_stockanalysis_pull,https://www.sec.gov/files/company_tickers_exchange.json,sec_company_tickers_exchange,,,CONTROL
BAK,0001071438,BRASKEM SA,NYSE,NONE,,control_no_seeded_acquisition_in_stockanalysis_pull,https://www.sec.gov/files/company_tickers_exchange.json,sec_company_tickers_exchange,,,CONTROL
PTORU,0002093912,Praetorian Acquisition Corp.,Nasdaq,NONE,,control_no_seeded_acquisition_in_stockanalysis_pull,https://www.sec.gov/files/company_tickers_exchange.json,sec_company_tickers_exchange,,,CONTROL
INVZ,0001835654,Innoviz Technologies Ltd.,Nasdaq,NONE,,control_no_seeded_acquisition_in_stockanalysis_pull,https://www.sec.gov/files/company_tickers_exchange.json,sec_company_tickers_exchange,,,CONTROL
ADC,0000917251,AGREE REALTY CORP,NYSE,NONE,,control_no_seeded_acquisition_in_stockanalysis_pull,https://www.sec.gov/files/company_tickers_exchange.json,sec_company_tickers_exchange,,,CONTROL
SGHT,0001531177,"Sight Sciences, Inc.",Nasdaq,NONE,,control_no_seeded_acquisition_in_stockanalysis_pull,https://www.sec.gov/files/company_tickers_exchange.json,sec_company_tickers_exchange,,,CONTROL
GELS,0001920092,Gelteq Ltd,Nasdaq,NONE,,control_no_seeded_acquisition_in_stockanalysis_pull,https://www.sec.gov/files/company_tickers_exchange.json,sec_company_tickers_exchange,,,CONTROL
BL,0001666134,"BLACKLINE, INC.",Nasdaq,NONE,,control_no_seeded_acquisition_in_stockanalysis_pull,https://www.sec.gov/files/company_tickers_exchange.json,sec_company_tickers_exchange,,,CONTROL
IREN,0001878848,IREN Ltd,Nasdaq,NONE,,control_no_seeded_acquisition_in_stockanalysis_pull,https://www.sec.gov/files/company_tickers_exchange.json,sec_company_tickers_exchange,,,CONTROL
SONY,0000313838,Sony Group Corp,NYSE,NONE,,control_no_seeded_acquisition_in_stockanalysis_pull,https://www.sec.gov/files/company_tickers_exchange.json,sec_company_tickers_exchange,,,CONTROL
PVL,0001520048,Permianville Royalty Trust,NYSE,NONE,,control_no_seeded_acquisition_in_stockanalysis_pull,https://www.sec.gov/files/company_tickers_exchange.json,sec_company_tickers_exchange,,,CONTROL
FTF,0001233087,FRANKLIN LTD DURATION INCOME TRUST,NYSE,NONE,,control_no_seeded_acquisition_in_stockanalysis_pull,https://www.sec.gov/files/company_tickers_exchange.json,sec_company_tickers_exchange,,,CONTROL
MSC,0001713334,STUDIO CITY INTERNATIONAL HOLDINGS Ltd,NYSE,NONE,,control_no_seeded_acquisition_in_stockanalysis_pull,https://www.sec.gov/files/company_tickers_exchange.json,sec_company_tickers_exchange,,,CONTROL
LIME,0001699963,"Neutron Holdings, Inc.",Nasdaq,NONE,,control_no_seeded_acquisition_in_stockanalysis_pull,https://www.sec.gov/files/company_tickers_exchange.json,sec_company_tickers_exchange,,,CONTROL
BEPI,0001533232,Brookfield Renewable Partners L.P.,NYSE,NONE,,control_no_seeded_acquisition_in_stockanalysis_pull,https://www.sec.gov/files/company_tickers_exchange.json,sec_company_tickers_exchange,,,CONTROL
ICUI,0000883984,ICU MEDICAL INC/DE,Nasdaq,NONE,,control_no_seeded_acquisition_in_stockanalysis_pull,https://www.sec.gov/files/company_tickers_exchange.json,sec_company_tickers_exchange,,,CONTROL
PMI,0002030617,"Picard Medical, Inc.",NYSE,NONE,,control_no_seeded_acquisition_in_stockanalysis_pull,https://www.sec.gov/files/company_tickers_exchange.json,sec_company_tickers_exchange,,,CONTROL
BRBR,0001772016,"BELLRING BRANDS, INC.",NYSE,NONE,,control_no_seeded_acquisition_in_stockanalysis_pull,https://www.sec.gov/files/company_tickers_exchange.json,sec_company_tickers_exchange,,,CONTROL
IMUX,0001280776,"IMMUNIC, INC.",Nasdaq,NONE,,control_no_seeded_acquisition_in_stockanalysis_pull,https://www.sec.gov/files/company_tickers_exchange.json,sec_company_tickers_exchange,,,CONTROL
USB,0000036104,US BANCORP \DE\,NYSE,NONE,,control_no_seeded_acquisition_in_stockanalysis_pull,https://www.sec.gov/files/company_tickers_exchange.json,sec_company_tickers_exchange,,,CONTROL
ADAM,0001273685,"ADAMAS TRUST, INC.",Nasdaq,NONE,,control_no_seeded_acquisition_in_stockanalysis_pull,https://www.sec.gov/files/company_tickers_exchange.json,sec_company_tickers_exchange,,,CONTROL
GFUZW,0002074850,General Fusion Group Ltd.,Nasdaq,NONE,,control_no_seeded_acquisition_in_stockanalysis_pull,https://www.sec.gov/files/company_tickers_exchange.json,sec_company_tickers_exchange,,,CONTROL
COCHW,0001840877,"Envoy Medical, Inc.",Nasdaq,NONE,,control_no_seeded_acquisition_in_stockanalysis_pull,https://www.sec.gov/files/company_tickers_exchange.json,sec_company_tickers_exchange,,,CONTROL
TGLS,0001534675,Tecnoglass Holdings Inc.,NYSE,NONE,,control_no_seeded_acquisition_in_stockanalysis_pull,https://www.sec.gov/files/company_tickers_exchange.json,sec_company_tickers_exchange,,,CONTROL
EVRG,0001711269,"Evergy, Inc.",Nasdaq,NONE,,control_no_seeded_acquisition_in_stockanalysis_pull,https://www.sec.gov/files/company_tickers_exchange.json,sec_company_tickers_exchange,,,CONTROL
BGY,0001393299,BlackRock Enhanced International Dividend Trust,NYSE,NONE,,control_no_seeded_acquisition_in_stockanalysis_pull,https://www.sec.gov/files/company_tickers_exchange.json,sec_company_tickers_exchange,,,CONTROL
SCL,0000094049,STEPAN CO,NYSE,NONE,,control_no_seeded_acquisition_in_stockanalysis_pull,https://www.sec.gov/files/company_tickers_exchange.json,sec_company_tickers_exchange,,,CONTROL
PRFX,0001801834,PRF Technologies Ltd.,Nasdaq,NONE,,control_no_seeded_acquisition_in_stockanalysis_pull,https://www.sec.gov/files/company_tickers_exchange.json,sec_company_tickers_exchange,,,CONTROL
MSA,0000066570,MSA Safety Inc,NYSE,NONE,,control_no_seeded_acquisition_in_stockanalysis_pull,https://www.sec.gov/files/company_tickers_exchange.json,sec_company_tickers_exchange,,,CONTROL
YDKG,0001413745,Yueda Digital Holding,Nasdaq,NONE,,control_no_seeded_acquisition_in_stockanalysis_pull,https://www.sec.gov/files/company_tickers_exchange.json,sec_company_tickers_exchange,,,CONTROL
NOVT,0001076930,NOVANTA INC,Nasdaq,NONE,,control_no_seeded_acquisition_in_stockanalysis_pull,https://www.sec.gov/files/company_tickers_exchange.json,sec_company_tickers_exchange,,,CONTROL
MS-PP,0000895421,MORGAN STANLEY,NYSE,NONE,,control_no_seeded_acquisition_in_stockanalysis_pull,https://www.sec.gov/files/company_tickers_exchange.json,sec_company_tickers_exchange,,,CONTROL
ASB-PF,0000007789,ASSOCIATED BANC-CORP,NYSE,NONE,,control_no_seeded_acquisition_in_stockanalysis_pull,https://www.sec.gov/files/company_tickers_exchange.json,sec_company_tickers_exchange,,,CONTROL
SILO,0001514183,"Silo Pharma, Inc.",Nasdaq,NONE,,control_no_seeded_acquisition_in_stockanalysis_pull,https://www.sec.gov/files/company_tickers_exchange.json,sec_company_tickers_exchange,,,CONTROL
MSN,0000032621,EMERSON RADIO CORP,NYSE,NONE,,control_no_seeded_acquisition_in_stockanalysis_pull,https://www.sec.gov/files/company_tickers_exchange.json,sec_company_tickers_exchange,,,CONTROL
CAIIW,0002115404,Collective Acquisition Corp. II,Nasdaq,NONE,,control_no_seeded_acquisition_in_stockanalysis_pull,https://www.sec.gov/files/company_tickers_exchange.json,sec_company_tickers_exchange,,,CONTROL
AES,0000874761,AES CORP,NYSE,NONE,,control_no_seeded_acquisition_in_stockanalysis_pull,https://www.sec.gov/files/company_tickers_exchange.json,sec_company_tickers_exchange,,,CONTROL
EEIQ,0001781397,EpicQuest Education Group International Ltd,Nasdaq,NONE,,control_no_seeded_acquisition_in_stockanalysis_pull,https://www.sec.gov/files/company_tickers_exchange.json,sec_company_tickers_exchange,,,CONTROL
EPSN,0001726126,Epsilon Energy Ltd.,Nasdaq,NONE,,control_no_seeded_acquisition_in_stockanalysis_pull,https://www.sec.gov/files/company_tickers_exchange.json,sec_company_tickers_exchange,,,CONTROL
HWKN,0000046250,HAWKINS INC,Nasdaq,NONE,,control_no_seeded_acquisition_in_stockanalysis_pull,https://www.sec.gov/files/company_tickers_exchange.json,sec_company_tickers_exchange,,,CONTROL
TK,0000911971,TEEKAY CORP LTD,NYSE,NONE,,control_no_seeded_acquisition_in_stockanalysis_pull,https://www.sec.gov/files/company_tickers_exchange.json,sec_company_tickers_exchange,,,CONTROL
YCY-WT,0002075336,AA Mission Acquisition Corp. II,NYSE,NONE,,control_no_seeded_acquisition_in_stockanalysis_pull,https://www.sec.gov/files/company_tickers_exchange.json,sec_company_tickers_exchange,,,CONTROL
KMPR,0000860748,KEMPER Corp,NYSE,NONE,,control_no_seeded_acquisition_in_stockanalysis_pull,https://www.sec.gov/files/company_tickers_exchange.json,sec_company_tickers_exchange,,,CONTROL
GYRE,0001124105,"GYRE THERAPEUTICS, INC.",Nasdaq,NONE,,control_no_seeded_acquisition_in_stockanalysis_pull,https://www.sec.gov/files/company_tickers_exchange.json,sec_company_tickers_exchange,,,CONTROL
JEM,0002018222,707 Cayman Holdings Ltd.,Nasdaq,NONE,,control_no_seeded_acquisition_in_stockanalysis_pull,https://www.sec.gov/files/company_tickers_exchange.json,sec_company_tickers_exchange,,,CONTROL
TSHA,0001806310,"Taysha Gene Therapies, Inc.",Nasdaq,NONE,,control_no_seeded_acquisition_in_stockanalysis_pull,https://www.sec.gov/files/company_tickers_exchange.json,sec_company_tickers_exchange,,,CONTROL
AMH,0001562401,American Homes 4 Rent,NYSE,NONE,,control_no_seeded_acquisition_in_stockanalysis_pull,https://www.sec.gov/files/company_tickers_exchange.json,sec_company_tickers_exchange,,,CONTROL
LILAK,0001712184,Liberty Latin America Ltd.,Nasdaq,NONE,,control_no_seeded_acquisition_in_stockanalysis_pull,https://www.sec.gov/files/company_tickers_exchange.json,sec_company_tickers_exchange,,,CONTROL
INACR,0002063816,Indigo Acquisition Corp.,Nasdaq,NONE,,control_no_seeded_acquisition_in_stockanalysis_pull,https://www.sec.gov/files/company_tickers_exchange.json,sec_company_tickers_exchange,,,CONTROL
POAS,0002024258,PHAOS TECHNOLOGY HOLDINGS (CAYMAN) Ltd,NYSE,NONE,,control_no_seeded_acquisition_in_stockanalysis_pull,https://www.sec.gov/files/company_tickers_exchange.json,sec_company_tickers_exchange,,,CONTROL
LITS,0001262104,"Lite Strategy, Inc.",Nasdaq,NONE,,control_no_seeded_acquisition_in_stockanalysis_pull,https://www.sec.gov/files/company_tickers_exchange.json,sec_company_tickers_exchange,,,CONTROL
SIRI,0000908937,SIRIUS XM HOLDINGS INC.,Nasdaq,NONE,,control_no_seeded_acquisition_in_stockanalysis_pull,https://www.sec.gov/files/company_tickers_exchange.json,sec_company_tickers_exchange,,,CONTROL
GROY,0001834026,Gold Royalty Corp.,NYSE,NONE,,control_no_seeded_acquisition_in_stockanalysis_pull,https://www.sec.gov/files/company_tickers_exchange.json,sec_company_tickers_exchange,,,CONTROL
XHLD,0002030954,"TEN Holdings, Inc.",Nasdaq,NONE,,control_no_seeded_acquisition_in_stockanalysis_pull,https://www.sec.gov/files/company_tickers_exchange.json,sec_company_tickers_exchange,,,CONTROL
WTFCN,0001015328,WINTRUST FINANCIAL CORP,Nasdaq,NONE,,control_no_seeded_acquisition_in_stockanalysis_pull,https://www.sec.gov/files/company_tickers_exchange.json,sec_company_tickers_exchange,,,CONTROL
INKT,0001840229,"MiNK Therapeutics, Inc.",Nasdaq,NONE,,control_no_seeded_acquisition_in_stockanalysis_pull,https://www.sec.gov/files/company_tickers_exchange.json,sec_company_tickers_exchange,,,CONTROL
HAFN,0001815779,Hafnia Ltd,NYSE,NONE,,control_no_seeded_acquisition_in_stockanalysis_pull,https://www.sec.gov/files/company_tickers_exchange.json,sec_company_tickers_exchange,,,CONTROL
F-PC,0000037996,FORD MOTOR CO,NYSE,NONE,,control_no_seeded_acquisition_in_stockanalysis_pull,https://www.sec.gov/files/company_tickers_exchange.json,sec_company_tickers_exchange,,,CONTROL
ZKH,0001862044,ZKH Group Ltd,NYSE,NONE,,control_no_seeded_acquisition_in_stockanalysis_pull,https://www.sec.gov/files/company_tickers_exchange.json,sec_company_tickers_exchange,,,CONTROL
PFN,0001296250,PIMCO Income Strategy Fund II,NYSE,NONE,,control_no_seeded_acquisition_in_stockanalysis_pull,https://www.sec.gov/files/company_tickers_exchange.json,sec_company_tickers_exchange,,,CONTROL
RARE,0001515673,Ultragenyx Pharmaceutical Inc.,Nasdaq,NONE,,control_no_seeded_acquisition_in_stockanalysis_pull,https://www.sec.gov/files/company_tickers_exchange.json,sec_company_tickers_exchange,,,CONTROL
BGSF,0001474903,"BGSF, INC.",NYSE,NONE,,control_no_seeded_acquisition_in_stockanalysis_pull,https://www.sec.gov/files/company_tickers_exchange.json,sec_company_tickers_exchange,,,CONTROL
CINGW,0001862150,Cingulate Inc.,Nasdaq,NONE,,control_no_seeded_acquisition_in_stockanalysis_pull,https://www.sec.gov/files/company_tickers_exchange.json,sec_company_tickers_exchange,,,CONTROL
OWLT,0001816708,"Owlet, Inc.",NYSE,NONE,,control_no_seeded_acquisition_in_stockanalysis_pull,https://www.sec.gov/files/company_tickers_exchange.json,sec_company_tickers_exchange,,,CONTROL
APP,0001751008,AppLovin Corp,Nasdaq,NONE,,control_no_seeded_acquisition_in_stockanalysis_pull,https://www.sec.gov/files/company_tickers_exchange.json,sec_company_tickers_exchange,,,CONTROL
ETB,0001308927,Eaton Vance Tax-Managed Buy-Write Income Fund,NYSE,NONE,,control_no_seeded_acquisition_in_stockanalysis_pull,https://www.sec.gov/files/company_tickers_exchange.json,sec_company_tickers_exchange,,,CONTROL
INDP,0001857044,"Indaptus Therapeutics, Inc.",Nasdaq,NONE,,control_no_seeded_acquisition_in_stockanalysis_pull,https://www.sec.gov/files/company_tickers_exchange.json,sec_company_tickers_exchange,,,CONTROL
SSTI,0001351636,"SOUNDTHINKING, INC.",Nasdaq,NONE,,control_no_seeded_acquisition_in_stockanalysis_pull,https://www.sec.gov/files/company_tickers_exchange.json,sec_company_tickers_exchange,,,CONTROL
GJS,0001356284,"STRATS(SM) Trust for Goldman Sachs Group Securities, Series 2006-2",NYSE,NONE,,control_no_seeded_acquisition_in_stockanalysis_pull,https://www.sec.gov/files/company_tickers_exchange.json,sec_company_tickers_exchange,,,CONTROL
BELFA,0000729580,BEL FUSE INC /NJ,Nasdaq,NONE,,control_no_seeded_acquisition_in_stockanalysis_pull,https://www.sec.gov/files/company_tickers_exchange.json,sec_company_tickers_exchange,,,CONTROL
RHLD,0002039497,"Resolute Holdings Management, Inc.",NYSE,NONE,,control_no_seeded_acquisition_in_stockanalysis_pull,https://www.sec.gov/files/company_tickers_exchange.json,sec_company_tickers_exchange,,,CONTROL
OHACR,0002090787,Oceanhawk Acquisition Corp.,Nasdaq,NONE,,control_no_seeded_acquisition_in_stockanalysis_pull,https://www.sec.gov/files/company_tickers_exchange.json,sec_company_tickers_exchange,,,CONTROL
NVNIW,0001965143,Nvni Group Ltd,Nasdaq,NONE,,control_no_seeded_acquisition_in_stockanalysis_pull,https://www.sec.gov/files/company_tickers_exchange.json,sec_company_tickers_exchange,,,CONTROL
ITG,0002110117,"ITG, Inc./DE/",Nasdaq,NONE,,control_no_seeded_acquisition_in_stockanalysis_pull,https://www.sec.gov/files/company_tickers_exchange.json,sec_company_tickers_exchange,,,CONTROL
GRDN,0001802255,"Guardian Pharmacy Services, Inc.",NYSE,NONE,,control_no_seeded_acquisition_in_stockanalysis_pull,https://www.sec.gov/files/company_tickers_exchange.json,sec_company_tickers_exchange,,,CONTROL
DMC,0001047340,DEL MONTE CORP,NYSE,NONE,,control_no_seeded_acquisition_in_stockanalysis_pull,https://www.sec.gov/files/company_tickers_exchange.json,sec_company_tickers_exchange,,,CONTROL
FITB-PI,0000035527,FIFTH THIRD BANCORP,NYSE,NONE,,control_no_seeded_acquisition_in_stockanalysis_pull,https://www.sec.gov/files/company_tickers_exchange.json,sec_company_tickers_exchange,,,CONTROL
PSQLW,0002119292,Pasqal Holding SA,Nasdaq,NONE,,control_no_seeded_acquisition_in_stockanalysis_pull,https://www.sec.gov/files/company_tickers_exchange.json,sec_company_tickers_exchange,,,CONTROL
JPM-PK,0000019617,JPMORGAN CHASE & CO,NYSE,NONE,,control_no_seeded_acquisition_in_stockanalysis_pull,https://www.sec.gov/files/company_tickers_exchange.json,sec_company_tickers_exchange,,,CONTROL
HII,0001501585,"HUNTINGTON INGALLS INDUSTRIES, INC.",NYSE,NONE,,control_no_seeded_acquisition_in_stockanalysis_pull,https://www.sec.gov/files/company_tickers_exchange.json,sec_company_tickers_exchange,,,CONTROL
AARD,0001774857,"Aardvark Therapeutics, Inc.",Nasdaq,NONE,,control_no_seeded_acquisition_in_stockanalysis_pull,https://www.sec.gov/files/company_tickers_exchange.json,sec_company_tickers_exchange,,,CONTROL
FRMI,0002071778,Fermi Inc.,Nasdaq,NONE,,control_no_seeded_acquisition_in_stockanalysis_pull,https://www.sec.gov/files/company_tickers_exchange.json,sec_company_tickers_exchange,,,CONTROL
CECO,0000003197,CECO ENVIRONMENTAL CORP,Nasdaq,NONE,,control_no_seeded_acquisition_in_stockanalysis_pull,https://www.sec.gov/files/company_tickers_exchange.json,sec_company_tickers_exchange,,,CONTROL
DX-PC,0000826675,DYNEX CAPITAL INC,NYSE,NONE,,control_no_seeded_acquisition_in_stockanalysis_pull,https://www.sec.gov/files/company_tickers_exchange.json,sec_company_tickers_exchange,,,CONTROL
KOD,0001468748,Kodiak Sciences Inc.,Nasdaq,NONE,,control_no_seeded_acquisition_in_stockanalysis_pull,https://www.sec.gov/files/company_tickers_exchange.json,sec_company_tickers_exchange,,,CONTROL
FRST,0001325670,Primis Financial Corp.,Nasdaq,NONE,,control_no_seeded_acquisition_in_stockanalysis_pull,https://www.sec.gov/files/company_tickers_exchange.json,sec_company_tickers_exchange,,,CONTROL
NAK,0001164771,NORTHERN DYNASTY MINERALS LTD,NYSE,NONE,,control_no_seeded_acquisition_in_stockanalysis_pull,https://www.sec.gov/files/company_tickers_exchange.json,sec_company_tickers_exchange,,,CONTROL
SNDX,0001395937,Syndax Pharmaceuticals Inc,Nasdaq,NONE,,control_no_seeded_acquisition_in_stockanalysis_pull,https://www.sec.gov/files/company_tickers_exchange.json,sec_company_tickers_exchange,,,CONTROL
TOL,0000794170,"Toll Brothers, Inc.",NYSE,NONE,,control_no_seeded_acquisition_in_stockanalysis_pull,https://www.sec.gov/files/company_tickers_exchange.json,sec_company_tickers_exchange,,,CONTROL
EZGO,0001806904,EZGO Technologies Ltd.,Nasdaq,NONE,,control_no_seeded_acquisition_in_stockanalysis_pull,https://www.sec.gov/files/company_tickers_exchange.json,sec_company_tickers_exchange,,,CONTROL
SAAQU,0002091222,Space Asset Acquisition Corp.,Nasdaq,NONE,,control_no_seeded_acquisition_in_stockanalysis_pull,https://www.sec.gov/files/company_tickers_exchange.json,sec_company_tickers_exchange,,,CONTROL
LNN,0000836157,LINDSAY CORP,NYSE,NONE,,control_no_seeded_acquisition_in_stockanalysis_pull,https://www.sec.gov/files/company_tickers_exchange.json,sec_company_tickers_exchange,,,CONTROL
RMCF,0001616262,"Rocky Mountain Chocolate Factory, Inc.",Nasdaq,NONE,,control_no_seeded_acquisition_in_stockanalysis_pull,https://www.sec.gov/files/company_tickers_exchange.json,sec_company_tickers_exchange,,,CONTROL
LAB,0001162194,STANDARD BIOTOOLS INC.,Nasdaq,NONE,,control_no_seeded_acquisition_in_stockanalysis_pull,https://www.sec.gov/files/company_tickers_exchange.json,sec_company_tickers_exchange,,,CONTROL
FBYDP,0001937987,"Falcon's Beyond Global, Inc.",Nasdaq,NONE,,control_no_seeded_acquisition_in_stockanalysis_pull,https://www.sec.gov/files/company_tickers_exchange.json,sec_company_tickers_exchange,,,CONTROL
RF-PC,0001281761,REGIONS FINANCIAL CORP,NYSE,NONE,,control_no_seeded_acquisition_in_stockanalysis_pull,https://www.sec.gov/files/company_tickers_exchange.json,sec_company_tickers_exchange,,,CONTROL
WIA,0001254370,WESTERN ASSET INFLATION-LINKED INCOME FUND,NYSE,NONE,,control_no_seeded_acquisition_in_stockanalysis_pull,https://www.sec.gov/files/company_tickers_exchange.json,sec_company_tickers_exchange,,,CONTROL
NMS,0001607997,Nuveen Minnesota Quality Municipal Income Fund,NYSE,NONE,,control_no_seeded_acquisition_in_stockanalysis_pull,https://www.sec.gov/files/company_tickers_exchange.json,sec_company_tickers_exchange,,,CONTROL
PZG,0001629210,Paramount Gold Nevada Corp.,NYSE,NONE,,control_no_seeded_acquisition_in_stockanalysis_pull,https://www.sec.gov/files/company_tickers_exchange.json,sec_company_tickers_exchange,,,CONTROL
ASLE,0001754170,AerSale Corp,Nasdaq,NONE,,control_no_seeded_acquisition_in_stockanalysis_pull,https://www.sec.gov/files/company_tickers_exchange.json,sec_company_tickers_exchange,,,CONTROL
GE,0000040545,GENERAL ELECTRIC CO,NYSE,NONE,,control_no_seeded_acquisition_in_stockanalysis_pull,https://www.sec.gov/files/company_tickers_exchange.json,sec_company_tickers_exchange,,,CONTROL
LGVN,0001721484,Longeveron Inc.,Nasdaq,NONE,,control_no_seeded_acquisition_in_stockanalysis_pull,https://www.sec.gov/files/company_tickers_exchange.json,sec_company_tickers_exchange,,,CONTROL
MCK,0000927653,MCKESSON CORP,NYSE,NONE,,control_no_seeded_acquisition_in_stockanalysis_pull,https://www.sec.gov/files/company_tickers_exchange.json,sec_company_tickers_exchange,,,CONTROL
PHR,0001412408,"Phreesia, Inc.",NYSE,NONE,,control_no_seeded_acquisition_in_stockanalysis_pull,https://www.sec.gov/files/company_tickers_exchange.json,sec_company_tickers_exchange,,,CONTROL
FRPH,0000844059,"FRP HOLDINGS, INC.",Nasdaq,NONE,,control_no_seeded_acquisition_in_stockanalysis_pull,https://www.sec.gov/files/company_tickers_exchange.json,sec_company_tickers_exchange,,,CONTROL
ORI,0000074260,OLD REPUBLIC INTERNATIONAL CORP,NYSE,NONE,,control_no_seeded_acquisition_in_stockanalysis_pull,https://www.sec.gov/files/company_tickers_exchange.json,sec_company_tickers_exchange,,,CONTROL
EXP,0000918646,EAGLE MATERIALS INC,NYSE,NONE,,control_no_seeded_acquisition_in_stockanalysis_pull,https://www.sec.gov/files/company_tickers_exchange.json,sec_company_tickers_exchange,,,CONTROL
NTRS,0000073124,NORTHERN TRUST CORP,Nasdaq,NONE,,control_no_seeded_acquisition_in_stockanalysis_pull,https://www.sec.gov/files/company_tickers_exchange.json,sec_company_tickers_exchange,,,CONTROL
MNPR,0001645469,Monopar Therapeutics,Nasdaq,NONE,,control_no_seeded_acquisition_in_stockanalysis_pull,https://www.sec.gov/files/company_tickers_exchange.json,sec_company_tickers_exchange,,,CONTROL
IAU,0001278680,ISHARES GOLD TRUST,NYSE,NONE,,control_no_seeded_acquisition_in_stockanalysis_pull,https://www.sec.gov/files/company_tickers_exchange.json,sec_company_tickers_exchange,,,CONTROL
CHGA,0001630212,Change Agents Corporation.,Nasdaq,NONE,,control_no_seeded_acquisition_in_stockanalysis_pull,https://www.sec.gov/files/company_tickers_exchange.json,sec_company_tickers_exchange,,,CONTROL
EIM,0001176984,Eaton Vance Municipal Bond Fund,NYSE,NONE,,control_no_seeded_acquisition_in_stockanalysis_pull,https://www.sec.gov/files/company_tickers_exchange.json,sec_company_tickers_exchange,,,CONTROL
CLM,0000814083,"Cornerstone Strategic Investment Fund, Inc.",NYSE,NONE,,control_no_seeded_acquisition_in_stockanalysis_pull,https://www.sec.gov/files/company_tickers_exchange.json,sec_company_tickers_exchange,,,CONTROL
BCE,0000718940,BCE INC,NYSE,NONE,,control_no_seeded_acquisition_in_stockanalysis_pull,https://www.sec.gov/files/company_tickers_exchange.json,sec_company_tickers_exchange,,,CONTROL
COHR,0000820318,COHERENT CORP.,NYSE,NONE,,control_no_seeded_acquisition_in_stockanalysis_pull,https://www.sec.gov/files/company_tickers_exchange.json,sec_company_tickers_exchange,,,CONTROL
TPET,0001898766,Trio Petroleum Corp,NYSE,NONE,,control_no_seeded_acquisition_in_stockanalysis_pull,https://www.sec.gov/files/company_tickers_exchange.json,sec_company_tickers_exchange,,,CONTROL
DKS,0001089063,"DICK'S SPORTING GOODS, INC.",NYSE,NONE,,control_no_seeded_acquisition_in_stockanalysis_pull,https://www.sec.gov/files/company_tickers_exchange.json,sec_company_tickers_exchange,,,CONTROL
ELTX,0001601485,"Elicio Therapeutics, Inc.",Nasdaq,NONE,,control_no_seeded_acquisition_in_stockanalysis_pull,https://www.sec.gov/files/company_tickers_exchange.json,sec_company_tickers_exchange,,,CONTROL
CING,0001862150,Cingulate Inc.,Nasdaq,NONE,,control_no_seeded_acquisition_in_stockanalysis_pull,https://www.sec.gov/files/company_tickers_exchange.json,sec_company_tickers_exchange,,,CONTROL
NATR,0000275053,NATURES SUNSHINE PRODUCTS INC,Nasdaq,NONE,,control_no_seeded_acquisition_in_stockanalysis_pull,https://www.sec.gov/files/company_tickers_exchange.json,sec_company_tickers_exchange,,,CONTROL
INDO,0001757840,Indonesia Energy Corp Ltd,NYSE,NONE,,control_no_seeded_acquisition_in_stockanalysis_pull,https://www.sec.gov/files/company_tickers_exchange.json,sec_company_tickers_exchange,,,CONTROL
XE,0002088896,"X-Energy, Inc.",Nasdaq,NONE,,control_no_seeded_acquisition_in_stockanalysis_pull,https://www.sec.gov/files/company_tickers_exchange.json,sec_company_tickers_exchange,,,CONTROL
ARLO,0001736946,"Arlo Technologies, Inc.",NYSE,NONE,,control_no_seeded_acquisition_in_stockanalysis_pull,https://www.sec.gov/files/company_tickers_exchange.json,sec_company_tickers_exchange,,,CONTROL
QSEAU,0002047455,Quartzsea Acquisition Corp,Nasdaq,NONE,,control_no_seeded_acquisition_in_stockanalysis_pull,https://www.sec.gov/files/company_tickers_exchange.json,sec_company_tickers_exchange,,,CONTROL
AEXA,0002079173,American Exceptionalism Acquisition Corp. A,NYSE,NONE,,control_no_seeded_acquisition_in_stockanalysis_pull,https://www.sec.gov/files/company_tickers_exchange.json,sec_company_tickers_exchange,,,CONTROL
IHD,0001496292,Voya Emerging Markets High Dividend Equity Fund,NYSE,NONE,,control_no_seeded_acquisition_in_stockanalysis_pull,https://www.sec.gov/files/company_tickers_exchange.json,sec_company_tickers_exchange,,,CONTROL
OIOWW,0001957538,OIO Group,Nasdaq,NONE,,control_no_seeded_acquisition_in_stockanalysis_pull,https://www.sec.gov/files/company_tickers_exchange.json,sec_company_tickers_exchange,,,CONTROL
PIPR,0001230245,PIPER SANDLER COMPANIES,NYSE,NONE,,control_no_seeded_acquisition_in_stockanalysis_pull,https://www.sec.gov/files/company_tickers_exchange.json,sec_company_tickers_exchange,,,CONTROL
HASI,0001561894,"HA Sustainable Infrastructure Capital, Inc.",NYSE,NONE,,control_no_seeded_acquisition_in_stockanalysis_pull,https://www.sec.gov/files/company_tickers_exchange.json,sec_company_tickers_exchange,,,CONTROL
YMM,0001838413,Full Truck Alliance Co. Ltd.,NYSE,NONE,,control_no_seeded_acquisition_in_stockanalysis_pull,https://www.sec.gov/files/company_tickers_exchange.json,sec_company_tickers_exchange,,,CONTROL
IBTA,0001538379,"Ibotta, Inc.",NYSE,NONE,,control_no_seeded_acquisition_in_stockanalysis_pull,https://www.sec.gov/files/company_tickers_exchange.json,sec_company_tickers_exchange,,,CONTROL
CE,0001306830,Celanese Corp,NYSE,NONE,,control_no_seeded_acquisition_in_stockanalysis_pull,https://www.sec.gov/files/company_tickers_exchange.json,sec_company_tickers_exchange,,,CONTROL
GFS,0001709048,GLOBALFOUNDRIES Inc.,Nasdaq,NONE,,control_no_seeded_acquisition_in_stockanalysis_pull,https://www.sec.gov/files/company_tickers_exchange.json,sec_company_tickers_exchange,,,CONTROL
CTXR,0001506251,"Citius Pharmaceuticals, Inc.",Nasdaq,NONE,,control_no_seeded_acquisition_in_stockanalysis_pull,https://www.sec.gov/files/company_tickers_exchange.json,sec_company_tickers_exchange,,,CONTROL
CGAU,0001854640,Centerra Gold Inc.,NYSE,NONE,,control_no_seeded_acquisition_in_stockanalysis_pull,https://www.sec.gov/files/company_tickers_exchange.json,sec_company_tickers_exchange,,,CONTROL
QRVO,0001604778,"Qorvo, Inc.",Nasdaq,NONE,,control_no_seeded_acquisition_in_stockanalysis_pull,https://www.sec.gov/files/company_tickers_exchange.json,sec_company_tickers_exchange,,,CONTROL
VGAS,0001841425,"Verde Clean Fuels, Inc.",Nasdaq,NONE,,control_no_seeded_acquisition_in_stockanalysis_pull,https://www.sec.gov/files/company_tickers_exchange.json,sec_company_tickers_exchange,,,CONTROL
SANA,0001770121,"Sana Biotechnology, Inc.",Nasdaq,NONE,,control_no_seeded_acquisition_in_stockanalysis_pull,https://www.sec.gov/files/company_tickers_exchange.json,sec_company_tickers_exchange,,,CONTROL
SSM,0001840416,Sono Group N.V.,Nasdaq,NONE,,control_no_seeded_acquisition_in_stockanalysis_pull,https://www.sec.gov/files/company_tickers_exchange.json,sec_company_tickers_exchange,,,CONTROL
IDACU,0002090441,Iron Dome Acquisition I Corp.,Nasdaq,NONE,,control_no_seeded_acquisition_in_stockanalysis_pull,https://www.sec.gov/files/company_tickers_exchange.json,sec_company_tickers_exchange,,,CONTROL
KEYYW,0002102771,Keystone Acquisition Corp.,Nasdaq,NONE,,control_no_seeded_acquisition_in_stockanalysis_pull,https://www.sec.gov/files/company_tickers_exchange.json,sec_company_tickers_exchange,,,CONTROL
CHSCL,0000823277,CHS INC,Nasdaq,NONE,,control_no_seeded_acquisition_in_stockanalysis_pull,https://www.sec.gov/files/company_tickers_exchange.json,sec_company_tickers_exchange,,,CONTROL
LPBBU,0002023676,Launch Two Acquisition Corp.,Nasdaq,NONE,,control_no_seeded_acquisition_in_stockanalysis_pull,https://www.sec.gov/files/company_tickers_exchange.json,sec_company_tickers_exchange,,,CONTROL
MCHB,0001518715,Mechanics Bancorp,Nasdaq,NONE,,control_no_seeded_acquisition_in_stockanalysis_pull,https://www.sec.gov/files/company_tickers_exchange.json,sec_company_tickers_exchange,,,CONTROL
IZEA,0001495231,"IZEA Worldwide, Inc.",Nasdaq,NONE,,control_no_seeded_acquisition_in_stockanalysis_pull,https://www.sec.gov/files/company_tickers_exchange.json,sec_company_tickers_exchange,,,CONTROL
SDOT,0001701756,Sadot Group Inc.,Nasdaq,NONE,,control_no_seeded_acquisition_in_stockanalysis_pull,https://www.sec.gov/files/company_tickers_exchange.json,sec_company_tickers_exchange,,,CONTROL
ZLAB,0001704292,Zai Lab Ltd,Nasdaq,NONE,,control_no_seeded_acquisition_in_stockanalysis_pull,https://www.sec.gov/files/company_tickers_exchange.json,sec_company_tickers_exchange,,,CONTROL
FNB,0000037808,FNB CORP/PA/,NYSE,NONE,,control_no_seeded_acquisition_in_stockanalysis_pull,https://www.sec.gov/files/company_tickers_exchange.json,sec_company_tickers_exchange,,,CONTROL
CGCF,0002126043,Cartesian Growth Corp IV,Nasdaq,NONE,,control_no_seeded_acquisition_in_stockanalysis_pull,https://www.sec.gov/files/company_tickers_exchange.json,sec_company_tickers_exchange,,,CONTROL
AEO,0000919012,AMERICAN EAGLE OUTFITTERS INC,NYSE,NONE,,control_no_seeded_acquisition_in_stockanalysis_pull,https://www.sec.gov/files/company_tickers_exchange.json,sec_company_tickers_exchange,,,CONTROL
TAOX,0001571934,TAO Synergies Inc.,Nasdaq,NONE,,control_no_seeded_acquisition_in_stockanalysis_pull,https://www.sec.gov/files/company_tickers_exchange.json,sec_company_tickers_exchange,,,CONTROL
KOYNU,0002068454,"CSLM Digital Asset Acquisition Corp III, Ltd",Nasdaq,NONE,,control_no_seeded_acquisition_in_stockanalysis_pull,https://www.sec.gov/files/company_tickers_exchange.json,sec_company_tickers_exchange,,,CONTROL
TNGX,0001819133,"Tango Therapeutics, Inc.",Nasdaq,NONE,,control_no_seeded_acquisition_in_stockanalysis_pull,https://www.sec.gov/files/company_tickers_exchange.json,sec_company_tickers_exchange,,,CONTROL
DCOM-P,0000846617,"Dime Commercial Bancshares, Inc. /NY/",NYSE,NONE,,control_no_seeded_acquisition_in_stockanalysis_pull,https://www.sec.gov/files/company_tickers_exchange.json,sec_company_tickers_exchange,,,CONTROL
USAC,0001522727,"USA Compression Partners, LP",NYSE,NONE,,control_no_seeded_acquisition_in_stockanalysis_pull,https://www.sec.gov/files/company_tickers_exchange.json,sec_company_tickers_exchange,,,CONTROL
REVB,0001810560,"REVELATION BIOSCIENCES, INC.",Nasdaq,NONE,,control_no_seeded_acquisition_in_stockanalysis_pull,https://www.sec.gov/files/company_tickers_exchange.json,sec_company_tickers_exchange,,,CONTROL
AMPG,0001518461,"AmpliTech Group, Inc.",Nasdaq,NONE,,control_no_seeded_acquisition_in_stockanalysis_pull,https://www.sec.gov/files/company_tickers_exchange.json,sec_company_tickers_exchange,,,CONTROL
TAP-A,0000024545,MOLSON COORS BEVERAGE CO,NYSE,NONE,,control_no_seeded_acquisition_in_stockanalysis_pull,https://www.sec.gov/files/company_tickers_exchange.json,sec_company_tickers_exchange,,,CONTROL
TPGXL,0001880661,TPG Inc.,Nasdaq,NONE,,control_no_seeded_acquisition_in_stockanalysis_pull,https://www.sec.gov/files/company_tickers_exchange.json,sec_company_tickers_exchange,,,CONTROL
ALF,0002010930,Centurion Acquisition Corp.,Nasdaq,NONE,,control_no_seeded_acquisition_in_stockanalysis_pull,https://www.sec.gov/files/company_tickers_exchange.json,sec_company_tickers_exchange,,,CONTROL
SIVR,0001450922,abrdn Silver ETF Trust,NYSE,NONE,,control_no_seeded_acquisition_in_stockanalysis_pull,https://www.sec.gov/files/company_tickers_exchange.json,sec_company_tickers_exchange,,,CONTROL
SOS,0001346610,SOS Ltd,NYSE,NONE,,control_no_seeded_acquisition_in_stockanalysis_pull,https://www.sec.gov/files/company_tickers_exchange.json,sec_company_tickers_exchange,,,CONTROL
TRTN-PB,0001660734,Triton International Ltd,NYSE,NONE,,control_no_seeded_acquisition_in_stockanalysis_pull,https://www.sec.gov/files/company_tickers_exchange.json,sec_company_tickers_exchange,,,CONTROL
TAOP,0001552670,Taoping Inc.,Nasdaq,NONE,,control_no_seeded_acquisition_in_stockanalysis_pull,https://www.sec.gov/files/company_tickers_exchange.json,sec_company_tickers_exchange,,,CONTROL
BBDC,0001379785,"Barings BDC, Inc.",NYSE,NONE,,control_no_seeded_acquisition_in_stockanalysis_pull,https://www.sec.gov/files/company_tickers_exchange.json,sec_company_tickers_exchange,,,CONTROL
MAMO,0001952853,Massimo Group,Nasdaq,NONE,,control_no_seeded_acquisition_in_stockanalysis_pull,https://www.sec.gov/files/company_tickers_exchange.json,sec_company_tickers_exchange,,,CONTROL
SLE,0001621672,"Super League Enterprise, Inc.",Nasdaq,NONE,,control_no_seeded_acquisition_in_stockanalysis_pull,https://www.sec.gov/files/company_tickers_exchange.json,sec_company_tickers_exchange,,,CONTROL
LNKS,0001972074,Linkers Industries Ltd,Nasdaq,NONE,,control_no_seeded_acquisition_in_stockanalysis_pull,https://www.sec.gov/files/company_tickers_exchange.json,sec_company_tickers_exchange,,,CONTROL
GTM,0001794515,ZoomInfo Technologies Inc.,Nasdaq,NONE,,control_no_seeded_acquisition_in_stockanalysis_pull,https://www.sec.gov/files/company_tickers_exchange.json,sec_company_tickers_exchange,,,CONTROL
SNES,0001680378,"SenesTech, Inc.",Nasdaq,NONE,,control_no_seeded_acquisition_in_stockanalysis_pull,https://www.sec.gov/files/company_tickers_exchange.json,sec_company_tickers_exchange,,,CONTROL
RVMD,0001628171,"Revolution Medicines, Inc.",Nasdaq,NONE,,control_no_seeded_acquisition_in_stockanalysis_pull,https://www.sec.gov/files/company_tickers_exchange.json,sec_company_tickers_exchange,,,CONTROL
EGAN,0001066194,EGAIN Corp,Nasdaq,NONE,,control_no_seeded_acquisition_in_stockanalysis_pull,https://www.sec.gov/files/company_tickers_exchange.json,sec_company_tickers_exchange,,,CONTROL
CNI,0000016868,CANADIAN NATIONAL RAILWAY CO,NYSE,NONE,,control_no_seeded_acquisition_in_stockanalysis_pull,https://www.sec.gov/files/company_tickers_exchange.json,sec_company_tickers_exchange,,,CONTROL
UGI,0000884614,UGI CORP /PA/,NYSE,NONE,,control_no_seeded_acquisition_in_stockanalysis_pull,https://www.sec.gov/files/company_tickers_exchange.json,sec_company_tickers_exchange,,,CONTROL
MMTXW,0002077033,Miluna Acquisition Corp,Nasdaq,NONE,,control_no_seeded_acquisition_in_stockanalysis_pull,https://www.sec.gov/files/company_tickers_exchange.json,sec_company_tickers_exchange,,,CONTROL
SLNH,0000064463,"Soluna Holdings, Inc",Nasdaq,NONE,,control_no_seeded_acquisition_in_stockanalysis_pull,https://www.sec.gov/files/company_tickers_exchange.json,sec_company_tickers_exchange,,,CONTROL
FSM,0001341335,FORTUNA MINING CORP.,NYSE,NONE,,control_no_seeded_acquisition_in_stockanalysis_pull,https://www.sec.gov/files/company_tickers_exchange.json,sec_company_tickers_exchange,,,CONTROL
ELUT,0001708527,ELUTIA INC.,Nasdaq,NONE,,control_no_seeded_acquisition_in_stockanalysis_pull,https://www.sec.gov/files/company_tickers_exchange.json,sec_company_tickers_exchange,,,CONTROL
WH,0001722684,"WYNDHAM HOTELS & RESORTS, INC.",NYSE,NONE,,control_no_seeded_acquisition_in_stockanalysis_pull,https://www.sec.gov/files/company_tickers_exchange.json,sec_company_tickers_exchange,,,CONTROL
CRMLW,0001951089,Critical Metals Corp.,Nasdaq,NONE,,control_no_seeded_acquisition_in_stockanalysis_pull,https://www.sec.gov/files/company_tickers_exchange.json,sec_company_tickers_exchange,,,CONTROL
IVR-PC,0001437071,Invesco Mortgage Capital Inc.,NYSE,NONE,,control_no_seeded_acquisition_in_stockanalysis_pull,https://www.sec.gov/files/company_tickers_exchange.json,sec_company_tickers_exchange,,,CONTROL
TXRH,0001289460,"Texas Roadhouse, Inc.",Nasdaq,NONE,,control_no_seeded_acquisition_in_stockanalysis_pull,https://www.sec.gov/files/company_tickers_exchange.json,sec_company_tickers_exchange,,,CONTROL
BMA,0001347426,Macro Bank Inc.,NYSE,NONE,,control_no_seeded_acquisition_in_stockanalysis_pull,https://www.sec.gov/files/company_tickers_exchange.json,sec_company_tickers_exchange,,,CONTROL
HVT,0000216085,HAVERTY FURNITURE COMPANIES INC,NYSE,NONE,,control_no_seeded_acquisition_in_stockanalysis_pull,https://www.sec.gov/files/company_tickers_exchange.json,sec_company_tickers_exchange,,,CONTROL
JETD,0000927971,BANK OF MONTREAL /CAN/,NYSE,NONE,,control_no_seeded_acquisition_in_stockanalysis_pull,https://www.sec.gov/files/company_tickers_exchange.json,sec_company_tickers_exchange,,,CONTROL
MG,0001436126,"Mistras Group, Inc.",NYSE,NONE,,control_no_seeded_acquisition_in_stockanalysis_pull,https://www.sec.gov/files/company_tickers_exchange.json,sec_company_tickers_exchange,,,CONTROL
LAFAR,0002079106,LaFayette Acquisition Corp.,Nasdaq,NONE,,control_no_seeded_acquisition_in_stockanalysis_pull,https://www.sec.gov/files/company_tickers_exchange.json,sec_company_tickers_exchange,,,CONTROL
BSET,0000010329,BASSETT FURNITURE INDUSTRIES INC,Nasdaq,NONE,,control_no_seeded_acquisition_in_stockanalysis_pull,https://www.sec.gov/files/company_tickers_exchange.json,sec_company_tickers_exchange,,,CONTROL
OXBRW,0001584831,OXBRIDGE RE HOLDINGS Ltd,Nasdaq,NONE,,control_no_seeded_acquisition_in_stockanalysis_pull,https://www.sec.gov/files/company_tickers_exchange.json,sec_company_tickers_exchange,,,CONTROL
NWG,0000844150,NatWest Group plc,NYSE,NONE,,control_no_seeded_acquisition_in_stockanalysis_pull,https://www.sec.gov/files/company_tickers_exchange.json,sec_company_tickers_exchange,,,CONTROL
GAB-PK,0000794685,GABELLI EQUITY TRUST INC,NYSE,NONE,,control_no_seeded_acquisition_in_stockanalysis_pull,https://www.sec.gov/files/company_tickers_exchange.json,sec_company_tickers_exchange,,,CONTROL
FHTX,0001822462,Foghorn Therapeutics Inc.,Nasdaq,NONE,,control_no_seeded_acquisition_in_stockanalysis_pull,https://www.sec.gov/files/company_tickers_exchange.json,sec_company_tickers_exchange,,,CONTROL
MHNC,0001412100,"Maiden Holdings, Ltd.",NYSE,NONE,,control_no_seeded_acquisition_in_stockanalysis_pull,https://www.sec.gov/files/company_tickers_exchange.json,sec_company_tickers_exchange,,,CONTROL
ZWS,0001439288,Zurn Elkay Water Solutions Corp,NYSE,NONE,,control_no_seeded_acquisition_in_stockanalysis_pull,https://www.sec.gov/files/company_tickers_exchange.json,sec_company_tickers_exchange,,,CONTROL
GRRR,0001903145,Gorilla Technology Group Inc.,Nasdaq,NONE,,control_no_seeded_acquisition_in_stockanalysis_pull,https://www.sec.gov/files/company_tickers_exchange.json,sec_company_tickers_exchange,,,CONTROL
GLU-PA,0001282957,GABELLI GLOBAL UTILITY & INCOME TRUST,NYSE,NONE,,control_no_seeded_acquisition_in_stockanalysis_pull,https://www.sec.gov/files/company_tickers_exchange.json,sec_company_tickers_exchange,,,CONTROL
PFX,0001490349,PhenixFIN Corp,Nasdaq,NONE,,control_no_seeded_acquisition_in_stockanalysis_pull,https://www.sec.gov/files/company_tickers_exchange.json,sec_company_tickers_exchange,,,CONTROL
OXLCL,0001495222,Oxford Lane Capital Corp.,Nasdaq,NONE,,control_no_seeded_acquisition_in_stockanalysis_pull,https://www.sec.gov/files/company_tickers_exchange.json,sec_company_tickers_exchange,,,CONTROL
GOODN,0001234006,GLADSTONE COMMERCIAL CORP,Nasdaq,NONE,,control_no_seeded_acquisition_in_stockanalysis_pull,https://www.sec.gov/files/company_tickers_exchange.json,sec_company_tickers_exchange,,,CONTROL
NCMI,0001377630,"National CineMedia, Inc.",Nasdaq,NONE,,control_no_seeded_acquisition_in_stockanalysis_pull,https://www.sec.gov/files/company_tickers_exchange.json,sec_company_tickers_exchange,,,CONTROL
NFGC,0001840616,New Found Gold Corp.,NYSE,NONE,,control_no_seeded_acquisition_in_stockanalysis_pull,https://www.sec.gov/files/company_tickers_exchange.json,sec_company_tickers_exchange,,,CONTROL
TRNS,0000099302,TRANSCAT INC,Nasdaq,NONE,,control_no_seeded_acquisition_in_stockanalysis_pull,https://www.sec.gov/files/company_tickers_exchange.json,sec_company_tickers_exchange,,,CONTROL
AGO,0001273813,ASSURED GUARANTY LTD,NYSE,NONE,,control_no_seeded_acquisition_in_stockanalysis_pull,https://www.sec.gov/files/company_tickers_exchange.json,sec_company_tickers_exchange,,,CONTROL
TFC-PR,0000092230,TRUIST FINANCIAL CORP,NYSE,NONE,,control_no_seeded_acquisition_in_stockanalysis_pull,https://www.sec.gov/files/company_tickers_exchange.json,sec_company_tickers_exchange,,,CONTROL
RVII,0002131040,Robinhood Ventures Fund II,NYSE,NONE,,control_no_seeded_acquisition_in_stockanalysis_pull,https://www.sec.gov/files/company_tickers_exchange.json,sec_company_tickers_exchange,,,CONTROL
BTQ,0001821866,BTQ Technologies Corp.,Nasdaq,NONE,,control_no_seeded_acquisition_in_stockanalysis_pull,https://www.sec.gov/files/company_tickers_exchange.json,sec_company_tickers_exchange,,,CONTROL
TCI,0000733590,TRANSCONTINENTAL REALTY INVESTORS INC,NYSE,NONE,,control_no_seeded_acquisition_in_stockanalysis_pull,https://www.sec.gov/files/company_tickers_exchange.json,sec_company_tickers_exchange,,,CONTROL
LYFT,0001759509,"Lyft, Inc.",Nasdaq,NONE,,control_no_seeded_acquisition_in_stockanalysis_pull,https://www.sec.gov/files/company_tickers_exchange.json,sec_company_tickers_exchange,,,CONTROL
TXG,0001770787,"10x Genomics, Inc.",Nasdaq,NONE,,control_no_seeded_acquisition_in_stockanalysis_pull,https://www.sec.gov/files/company_tickers_exchange.json,sec_company_tickers_exchange,,,CONTROL
SOMN,0000092122,SOUTHERN CO,NYSE,NONE,,control_no_seeded_acquisition_in_stockanalysis_pull,https://www.sec.gov/files/company_tickers_exchange.json,sec_company_tickers_exchange,,,CONTROL
GMTL,0002039972,Guardian Metal Resources PLC,NYSE,NONE,,control_no_seeded_acquisition_in_stockanalysis_pull,https://www.sec.gov/files/company_tickers_exchange.json,sec_company_tickers_exchange,,,CONTROL
MELI,0001099590,MERCADOLIBRE INC,Nasdaq,NONE,,control_no_seeded_acquisition_in_stockanalysis_pull,https://www.sec.gov/files/company_tickers_exchange.json,sec_company_tickers_exchange,,,CONTROL
SOBO,0002019061,South Bow Corp,NYSE,NONE,,control_no_seeded_acquisition_in_stockanalysis_pull,https://www.sec.gov/files/company_tickers_exchange.json,sec_company_tickers_exchange,,,CONTROL
STRA,0001013934,"Strategic Education, Inc.",Nasdaq,NONE,,control_no_seeded_acquisition_in_stockanalysis_pull,https://www.sec.gov/files/company_tickers_exchange.json,sec_company_tickers_exchange,,,CONTROL
ZIM,0001654126,ZIM Integrated Shipping Services Ltd.,NYSE,NONE,,control_no_seeded_acquisition_in_stockanalysis_pull,https://www.sec.gov/files/company_tickers_exchange.json,sec_company_tickers_exchange,,,CONTROL
BFLY,0001804176,"Butterfly Network, Inc.",NYSE,NONE,,control_no_seeded_acquisition_in_stockanalysis_pull,https://www.sec.gov/files/company_tickers_exchange.json,sec_company_tickers_exchange,,,CONTROL
RYAM,0001597672,RAYONIER ADVANCED MATERIALS INC.,NYSE,NONE,,control_no_seeded_acquisition_in_stockanalysis_pull,https://www.sec.gov/files/company_tickers_exchange.json,sec_company_tickers_exchange,,,CONTROL
UMC,0001033767,UNITED MICROELECTRONICS CORP,NYSE,NONE,,control_no_seeded_acquisition_in_stockanalysis_pull,https://www.sec.gov/files/company_tickers_exchange.json,sec_company_tickers_exchange,,,CONTROL
EQX,0001756607,Equinox Gold Corp.,NYSE,NONE,,control_no_seeded_acquisition_in_stockanalysis_pull,https://www.sec.gov/files/company_tickers_exchange.json,sec_company_tickers_exchange,,,CONTROL
MER-PK,0000070858,BANK OF AMERICA CORP /DE/,NYSE,NONE,,control_no_seeded_acquisition_in_stockanalysis_pull,https://www.sec.gov/files/company_tickers_exchange.json,sec_company_tickers_exchange,,,CONTROL
MCRP,0001993431,Micropolis AI Robotics,NYSE,NONE,,control_no_seeded_acquisition_in_stockanalysis_pull,https://www.sec.gov/files/company_tickers_exchange.json,sec_company_tickers_exchange,,,CONTROL
DOCN,0001582961,"DigitalOcean Holdings, Inc.",NYSE,NONE,,control_no_seeded_acquisition_in_stockanalysis_pull,https://www.sec.gov/files/company_tickers_exchange.json,sec_company_tickers_exchange,,,CONTROL
MAS,0000062996,MASCO CORP /DE/,NYSE,NONE,,control_no_seeded_acquisition_in_stockanalysis_pull,https://www.sec.gov/files/company_tickers_exchange.json,sec_company_tickers_exchange,,,CONTROL
COPL-WT,0002045473,Copley Acquisition Corp,NYSE,NONE,,control_no_seeded_acquisition_in_stockanalysis_pull,https://www.sec.gov/files/company_tickers_exchange.json,sec_company_tickers_exchange,,,CONTROL
LOTWW,0001962746,Lotus Technology Inc.,Nasdaq,NONE,,control_no_seeded_acquisition_in_stockanalysis_pull,https://www.sec.gov/files/company_tickers_exchange.json,sec_company_tickers_exchange,,,CONTROL
TC,0001743340,Token Cat Ltd,Nasdaq,NONE,,control_no_seeded_acquisition_in_stockanalysis_pull,https://www.sec.gov/files/company_tickers_exchange.json,sec_company_tickers_exchange,,,CONTROL
HESM,0001789832,Hess Midstream LP,NYSE,NONE,,control_no_seeded_acquisition_in_stockanalysis_pull,https://www.sec.gov/files/company_tickers_exchange.json,sec_company_tickers_exchange,,,CONTROL
FDMM,0002129659,Freedom Metals Acquisition Corp.,Nasdaq,NONE,,control_no_seeded_acquisition_in_stockanalysis_pull,https://www.sec.gov/files/company_tickers_exchange.json,sec_company_tickers_exchange,,,CONTROL
NX,0001423221,Quanex Building Products CORP,NYSE,NONE,,control_no_seeded_acquisition_in_stockanalysis_pull,https://www.sec.gov/files/company_tickers_exchange.json,sec_company_tickers_exchange,,,CONTROL
WTFC,0001015328,WINTRUST FINANCIAL CORP,Nasdaq,NONE,,control_no_seeded_acquisition_in_stockanalysis_pull,https://www.sec.gov/files/company_tickers_exchange.json,sec_company_tickers_exchange,,,CONTROL
ESOA,0001357971,Energy Services of America CORP,Nasdaq,NONE,,control_no_seeded_acquisition_in_stockanalysis_pull,https://www.sec.gov/files/company_tickers_exchange.json,sec_company_tickers_exchange,,,CONTROL
AUNA,0001799207,AUNA S.A.,NYSE,NONE,,control_no_seeded_acquisition_in_stockanalysis_pull,https://www.sec.gov/files/company_tickers_exchange.json,sec_company_tickers_exchange,,,CONTROL
BRBS,0000842717,"BLUE RIDGE BANKSHARES, INC.",NYSE,NONE,,control_no_seeded_acquisition_in_stockanalysis_pull,https://www.sec.gov/files/company_tickers_exchange.json,sec_company_tickers_exchange,,,CONTROL
IEP,0000813762,ICAHN ENTERPRISES L.P.,Nasdaq,NONE,,control_no_seeded_acquisition_in_stockanalysis_pull,https://www.sec.gov/files/company_tickers_exchange.json,sec_company_tickers_exchange,,,CONTROL
GNPX,0001595248,"Genprex, Inc.",Nasdaq,NONE,,control_no_seeded_acquisition_in_stockanalysis_pull,https://www.sec.gov/files/company_tickers_exchange.json,sec_company_tickers_exchange,,,CONTROL
KPRX,0001372514,KIORA PHARMACEUTICALS INC,Nasdaq,NONE,,control_no_seeded_acquisition_in_stockanalysis_pull,https://www.sec.gov/files/company_tickers_exchange.json,sec_company_tickers_exchange,,,CONTROL
IEX,0000832101,IDEX CORP /DE/,NYSE,NONE,,control_no_seeded_acquisition_in_stockanalysis_pull,https://www.sec.gov/files/company_tickers_exchange.json,sec_company_tickers_exchange,,,CONTROL
IBM,0000051143,INTERNATIONAL BUSINESS MACHINES CORP,NYSE,NONE,,control_no_seeded_acquisition_in_stockanalysis_pull,https://www.sec.gov/files/company_tickers_exchange.json,sec_company_tickers_exchange,,,CONTROL
CPK,0000019745,CHESAPEAKE UTILITIES CORP,NYSE,NONE,,control_no_seeded_acquisition_in_stockanalysis_pull,https://www.sec.gov/files/company_tickers_exchange.json,sec_company_tickers_exchange,,,CONTROL
ERH,0001279014,ALLSPRING UTILITIES & HIGH INCOME FUND,NYSE,NONE,,control_no_seeded_acquisition_in_stockanalysis_pull,https://www.sec.gov/files/company_tickers_exchange.json,sec_company_tickers_exchange,,,CONTROL
ESNT,0001448893,Essent Group Ltd.,NYSE,NONE,,control_no_seeded_acquisition_in_stockanalysis_pull,https://www.sec.gov/files/company_tickers_exchange.json,sec_company_tickers_exchange,,,CONTROL
KPTI,0001503802,Karyopharm Therapeutics Inc.,Nasdaq,NONE,,control_no_seeded_acquisition_in_stockanalysis_pull,https://www.sec.gov/files/company_tickers_exchange.json,sec_company_tickers_exchange,,,CONTROL
NBIS,0001513845,Nebius Group N.V.,Nasdaq,NONE,,control_no_seeded_acquisition_in_stockanalysis_pull,https://www.sec.gov/files/company_tickers_exchange.json,sec_company_tickers_exchange,,,CONTROL
ONEG,0002030834,OneConstruction Group Ltd,Nasdaq,NONE,,control_no_seeded_acquisition_in_stockanalysis_pull,https://www.sec.gov/files/company_tickers_exchange.json,sec_company_tickers_exchange,,,CONTROL
ATR,0000896622,"APTARGROUP, INC.",NYSE,NONE,,control_no_seeded_acquisition_in_stockanalysis_pull,https://www.sec.gov/files/company_tickers_exchange.json,sec_company_tickers_exchange,,,CONTROL
SCCO,0001001838,SOUTHERN COPPER CORP/,NYSE,NONE,,control_no_seeded_acquisition_in_stockanalysis_pull,https://www.sec.gov/files/company_tickers_exchange.json,sec_company_tickers_exchange,,,CONTROL
IBKR,0001381197,"Interactive Brokers Group, Inc.",Nasdaq,NONE,,control_no_seeded_acquisition_in_stockanalysis_pull,https://www.sec.gov/files/company_tickers_exchange.json,sec_company_tickers_exchange,,,CONTROL
LAUR,0000912766,"LAUREATE EDUCATION, INC.",Nasdaq,NONE,,control_no_seeded_acquisition_in_stockanalysis_pull,https://www.sec.gov/files/company_tickers_exchange.json,sec_company_tickers_exchange,,,CONTROL
DHR,0000313616,DANAHER CORP /DE/,NYSE,NONE,,control_no_seeded_acquisition_in_stockanalysis_pull,https://www.sec.gov/files/company_tickers_exchange.json,sec_company_tickers_exchange,,,CONTROL
ROK,0001024478,"ROCKWELL AUTOMATION, INC",NYSE,NONE,,control_no_seeded_acquisition_in_stockanalysis_pull,https://www.sec.gov/files/company_tickers_exchange.json,sec_company_tickers_exchange,,,CONTROL
OTAI-UN,0002094076,Starlink AI Acquisition Corp,NYSE,NONE,,control_no_seeded_acquisition_in_stockanalysis_pull,https://www.sec.gov/files/company_tickers_exchange.json,sec_company_tickers_exchange,,,CONTROL
GFF,0000050725,GRIFFON CORP,NYSE,NONE,,control_no_seeded_acquisition_in_stockanalysis_pull,https://www.sec.gov/files/company_tickers_exchange.json,sec_company_tickers_exchange,,,CONTROL
HYNE,0002073153,"Hoyne Bancorp, Inc.",Nasdaq,NONE,,control_no_seeded_acquisition_in_stockanalysis_pull,https://www.sec.gov/files/company_tickers_exchange.json,sec_company_tickers_exchange,,,CONTROL
PSNL,0001527753,"Personalis, Inc.",Nasdaq,NONE,,control_no_seeded_acquisition_in_stockanalysis_pull,https://www.sec.gov/files/company_tickers_exchange.json,sec_company_tickers_exchange,,,CONTROL
MARA,0001507605,"MARA Holdings, Inc.",Nasdaq,NONE,,control_no_seeded_acquisition_in_stockanalysis_pull,https://www.sec.gov/files/company_tickers_exchange.json,sec_company_tickers_exchange,,,CONTROL
ORIQW,0002044523,Origin Investment Corp I,Nasdaq,NONE,,control_no_seeded_acquisition_in_stockanalysis_pull,https://www.sec.gov/files/company_tickers_exchange.json,sec_company_tickers_exchange,,,CONTROL
ABSI,0001672688,Absci Corp,Nasdaq,NONE,,control_no_seeded_acquisition_in_stockanalysis_pull,https://www.sec.gov/files/company_tickers_exchange.json,sec_company_tickers_exchange,,,CONTROL
SCOR,0001158172,"COMSCORE, INC.",Nasdaq,NONE,,control_no_seeded_acquisition_in_stockanalysis_pull,https://www.sec.gov/files/company_tickers_exchange.json,sec_company_tickers_exchange,,,CONTROL
AJG,0000354190,Arthur J. Gallagher & Co.,NYSE,NONE,,control_no_seeded_acquisition_in_stockanalysis_pull,https://www.sec.gov/files/company_tickers_exchange.json,sec_company_tickers_exchange,,,CONTROL
NWSA,0001564708,NEWS CORP,Nasdaq,NONE,,control_no_seeded_acquisition_in_stockanalysis_pull,https://www.sec.gov/files/company_tickers_exchange.json,sec_company_tickers_exchange,,,CONTROL
CCIIU,0002064683,Cohen Circle Acquisition Corp. II,Nasdaq,NONE,,control_no_seeded_acquisition_in_stockanalysis_pull,https://www.sec.gov/files/company_tickers_exchange.json,sec_company_tickers_exchange,,,CONTROL
KKR-PD,0001404912,KKR & Co. Inc.,NYSE,NONE,,control_no_seeded_acquisition_in_stockanalysis_pull,https://www.sec.gov/files/company_tickers_exchange.json,sec_company_tickers_exchange,,,CONTROL
MARPS,0000062362,MARINE PETROLEUM TRUST,Nasdaq,NONE,,control_no_seeded_acquisition_in_stockanalysis_pull,https://www.sec.gov/files/company_tickers_exchange.json,sec_company_tickers_exchange,,,CONTROL
CSPI,0000356037,CSP INC /MA/,Nasdaq,NONE,,control_no_seeded_acquisition_in_stockanalysis_pull,https://www.sec.gov/files/company_tickers_exchange.json,sec_company_tickers_exchange,,,CONTROL
SIND,0002096861,Sinda Ltd.,NYSE,NONE,,control_no_seeded_acquisition_in_stockanalysis_pull,https://www.sec.gov/files/company_tickers_exchange.json,sec_company_tickers_exchange,,,CONTROL
FNGD,0000927971,BANK OF MONTREAL /CAN/,NYSE,NONE,,control_no_seeded_acquisition_in_stockanalysis_pull,https://www.sec.gov/files/company_tickers_exchange.json,sec_company_tickers_exchange,,,CONTROL
CCXIW,0002074973,Churchill Capital Corp XI,Nasdaq,NONE,,control_no_seeded_acquisition_in_stockanalysis_pull,https://www.sec.gov/files/company_tickers_exchange.json,sec_company_tickers_exchange,,,CONTROL
POET,0001437424,POET TECHNOLOGIES INC.,Nasdaq,NONE,,control_no_seeded_acquisition_in_stockanalysis_pull,https://www.sec.gov/files/company_tickers_exchange.json,sec_company_tickers_exchange,,,CONTROL
FXA,0001353614,Invesco CurrencyShares Australian Dollar Trust,NYSE,NONE,,control_no_seeded_acquisition_in_stockanalysis_pull,https://www.sec.gov/files/company_tickers_exchange.json,sec_company_tickers_exchange,,,CONTROL
ICMB,0001578348,"Investcorp Credit Management BDC, Inc.",Nasdaq,NONE,,control_no_seeded_acquisition_in_stockanalysis_pull,https://www.sec.gov/files/company_tickers_exchange.json,sec_company_tickers_exchange,,,CONTROL
GOF,0001380936,GUGGENHEIM STRATEGIC OPPORTUNITIES FUND,NYSE,NONE,,control_no_seeded_acquisition_in_stockanalysis_pull,https://www.sec.gov/files/company_tickers_exchange.json,sec_company_tickers_exchange,,,CONTROL
CZR,0001590895,"Caesars Entertainment, Inc.",Nasdaq,NONE,,control_no_seeded_acquisition_in_stockanalysis_pull,https://www.sec.gov/files/company_tickers_exchange.json,sec_company_tickers_exchange,,,CONTROL
PFXNZ,0001490349,PhenixFIN Corp,Nasdaq,NONE,,control_no_seeded_acquisition_in_stockanalysis_pull,https://www.sec.gov/files/company_tickers_exchange.json,sec_company_tickers_exchange,,,CONTROL
F-PD,0000037996,FORD MOTOR CO,NYSE,NONE,,control_no_seeded_acquisition_in_stockanalysis_pull,https://www.sec.gov/files/company_tickers_exchange.json,sec_company_tickers_exchange,,,CONTROL
RAVE,0000718332,"RAVE RESTAURANT GROUP, INC.",Nasdaq,NONE,,control_no_seeded_acquisition_in_stockanalysis_pull,https://www.sec.gov/files/company_tickers_exchange.json,sec_company_tickers_exchange,,,CONTROL
AMBA,0001280263,AMBARELLA INC,Nasdaq,NONE,,control_no_seeded_acquisition_in_stockanalysis_pull,https://www.sec.gov/files/company_tickers_exchange.json,sec_company_tickers_exchange,,,CONTROL
CLDT-PA,0001476045,Chatham Lodging Trust,NYSE,NONE,,control_no_seeded_acquisition_in_stockanalysis_pull,https://www.sec.gov/files/company_tickers_exchange.json,sec_company_tickers_exchange,,,CONTROL
OPK,0000944809,"OPKO HEALTH, INC.",Nasdaq,NONE,,control_no_seeded_acquisition_in_stockanalysis_pull,https://www.sec.gov/files/company_tickers_exchange.json,sec_company_tickers_exchange,,,CONTROL
CDRO,0001866782,"Codere Online Luxembourg, S.A.",Nasdaq,NONE,,control_no_seeded_acquisition_in_stockanalysis_pull,https://www.sec.gov/files/company_tickers_exchange.json,sec_company_tickers_exchange,,,CONTROL
NPFD,0001865389,Nuveen Variable Rate Preferred & Income Fund,NYSE,NONE,,control_no_seeded_acquisition_in_stockanalysis_pull,https://www.sec.gov/files/company_tickers_exchange.json,sec_company_tickers_exchange,,,CONTROL
HBIO,0001123494,HARVARD BIOSCIENCE INC,Nasdaq,NONE,,control_no_seeded_acquisition_in_stockanalysis_pull,https://www.sec.gov/files/company_tickers_exchange.json,sec_company_tickers_exchange,,,CONTROL
WLCOU,0002101470,Wilco 63 Corp,Nasdaq,NONE,,control_no_seeded_acquisition_in_stockanalysis_pull,https://www.sec.gov/files/company_tickers_exchange.json,sec_company_tickers_exchange,,,CONTROL
XOS,0001819493,"Xos, Inc.",Nasdaq,NONE,,control_no_seeded_acquisition_in_stockanalysis_pull,https://www.sec.gov/files/company_tickers_exchange.json,sec_company_tickers_exchange,,,CONTROL
F-PB,0000037996,FORD MOTOR CO,NYSE,NONE,,control_no_seeded_acquisition_in_stockanalysis_pull,https://www.sec.gov/files/company_tickers_exchange.json,sec_company_tickers_exchange,,,CONTROL
PAG,0001019849,"PENSKE AUTOMOTIVE GROUP, INC.",NYSE,NONE,,control_no_seeded_acquisition_in_stockanalysis_pull,https://www.sec.gov/files/company_tickers_exchange.json,sec_company_tickers_exchange,,,CONTROL
EQBK,0001227500,EQUITY BANCSHARES INC,NYSE,NONE,,control_no_seeded_acquisition_in_stockanalysis_pull,https://www.sec.gov/files/company_tickers_exchange.json,sec_company_tickers_exchange,,,CONTROL
KSCP,0001600983,"Knightscope, Inc.",Nasdaq,NONE,,control_no_seeded_acquisition_in_stockanalysis_pull,https://www.sec.gov/files/company_tickers_exchange.json,sec_company_tickers_exchange,,,CONTROL
OYSEU,0002042182,Oyster Enterprises II Acquisition Corp,Nasdaq,NONE,,control_no_seeded_acquisition_in_stockanalysis_pull,https://www.sec.gov/files/company_tickers_exchange.json,sec_company_tickers_exchange,,,CONTROL
CPS,0001320461,Cooper-Standard Holdings Inc.,NYSE,NONE,,control_no_seeded_acquisition_in_stockanalysis_pull,https://www.sec.gov/files/company_tickers_exchange.json,sec_company_tickers_exchange,,,CONTROL
GPGI,0001823144,"GPGI, Inc.",NYSE,NONE,,control_no_seeded_acquisition_in_stockanalysis_pull,https://www.sec.gov/files/company_tickers_exchange.json,sec_company_tickers_exchange,,,CONTROL
ARQQ,0001859690,Arqit Quantum Inc.,Nasdaq,NONE,,control_no_seeded_acquisition_in_stockanalysis_pull,https://www.sec.gov/files/company_tickers_exchange.json,sec_company_tickers_exchange,,,CONTROL
HFRO-PB,0001710680,HIGHLAND OPPORTUNITIES & INCOME FUND,NYSE,NONE,,control_no_seeded_acquisition_in_stockanalysis_pull,https://www.sec.gov/files/company_tickers_exchange.json,sec_company_tickers_exchange,,,CONTROL
BLNE,0001534708,"Beeline Holdings, Inc.",Nasdaq,NONE,,control_no_seeded_acquisition_in_stockanalysis_pull,https://www.sec.gov/files/company_tickers_exchange.json,sec_company_tickers_exchange,,,CONTROL
XLABW,0002109869,Exascale Labs Holdings Inc.,Nasdaq,NONE,,control_no_seeded_acquisition_in_stockanalysis_pull,https://www.sec.gov/files/company_tickers_exchange.json,sec_company_tickers_exchange,,,CONTROL
KFFB,0001297341,Kentucky First Federal Bancorp,Nasdaq,NONE,,control_no_seeded_acquisition_in_stockanalysis_pull,https://www.sec.gov/files/company_tickers_exchange.json,sec_company_tickers_exchange,,,CONTROL
GFUZ,0002074850,General Fusion Group Ltd.,Nasdaq,NONE,,control_no_seeded_acquisition_in_stockanalysis_pull,https://www.sec.gov/files/company_tickers_exchange.json,sec_company_tickers_exchange,,,CONTROL
PBT,0000319654,PERMIAN BASIN ROYALTY TRUST,NYSE,NONE,,control_no_seeded_acquisition_in_stockanalysis_pull,https://www.sec.gov/files/company_tickers_exchange.json,sec_company_tickers_exchange,,,CONTROL
SAFT,0001172052,SAFETY INSURANCE GROUP INC,Nasdaq,NONE,,control_no_seeded_acquisition_in_stockanalysis_pull,https://www.sec.gov/files/company_tickers_exchange.json,sec_company_tickers_exchange,,,CONTROL
LXP-PC,0000910108,LXP Industrial Trust,NYSE,NONE,,control_no_seeded_acquisition_in_stockanalysis_pull,https://www.sec.gov/files/company_tickers_exchange.json,sec_company_tickers_exchange,,,CONTROL
GLED-RI,0002091484,GalaxyEdge Acquisition Corp,NYSE,NONE,,control_no_seeded_acquisition_in_stockanalysis_pull,https://www.sec.gov/files/company_tickers_exchange.json,sec_company_tickers_exchange,,,CONTROL
APAM,0001517302,Artisan Partners Asset Management Inc.,NYSE,NONE,,control_no_seeded_acquisition_in_stockanalysis_pull,https://www.sec.gov/files/company_tickers_exchange.json,sec_company_tickers_exchange,,,CONTROL
CIGL,0002001794,Concorde International Group Ltd.,Nasdaq,NONE,,control_no_seeded_acquisition_in_stockanalysis_pull,https://www.sec.gov/files/company_tickers_exchange.json,sec_company_tickers_exchange,,,CONTROL
BRIA,0002000230,BrilliA Inc,NYSE,NONE,,control_no_seeded_acquisition_in_stockanalysis_pull,https://www.sec.gov/files/company_tickers_exchange.json,sec_company_tickers_exchange,,,CONTROL
HNI,0000048287,HNI CORP,NYSE,NONE,,control_no_seeded_acquisition_in_stockanalysis_pull,https://www.sec.gov/files/company_tickers_exchange.json,sec_company_tickers_exchange,,,CONTROL
VIVO,0001681348,VivoPower PLC,Nasdaq,NONE,,control_no_seeded_acquisition_in_stockanalysis_pull,https://www.sec.gov/files/company_tickers_exchange.json,sec_company_tickers_exchange,,,CONTROL
COGT,0001622229,"Cogent Biosciences, Inc.",Nasdaq,NONE,,control_no_seeded_acquisition_in_stockanalysis_pull,https://www.sec.gov/files/company_tickers_exchange.json,sec_company_tickers_exchange,,,CONTROL
CORZZ,0001839341,"Core Scientific, Inc./tx",Nasdaq,NONE,,control_no_seeded_acquisition_in_stockanalysis_pull,https://www.sec.gov/files/company_tickers_exchange.json,sec_company_tickers_exchange,,,CONTROL
KMX,0001170010,CARMAX INC,NYSE,NONE,,control_no_seeded_acquisition_in_stockanalysis_pull,https://www.sec.gov/files/company_tickers_exchange.json,sec_company_tickers_exchange,,,CONTROL
OCSL,0001414932,Oaktree Specialty Lending Corp,Nasdaq,NONE,,control_no_seeded_acquisition_in_stockanalysis_pull,https://www.sec.gov/files/company_tickers_exchange.json,sec_company_tickers_exchange,,,CONTROL
NGS,0001084991,NATURAL GAS SERVICES GROUP INC,NYSE,NONE,,control_no_seeded_acquisition_in_stockanalysis_pull,https://www.sec.gov/files/company_tickers_exchange.json,sec_company_tickers_exchange,,,CONTROL
RFAMR,0002091712,RF Acquisition Corp III,Nasdaq,NONE,,control_no_seeded_acquisition_in_stockanalysis_pull,https://www.sec.gov/files/company_tickers_exchange.json,sec_company_tickers_exchange,,,CONTROL
GJT,0001357660,"STRATS(SM) Trust for Allstate Corp Securities, Series 2006-3",NYSE,NONE,,control_no_seeded_acquisition_in_stockanalysis_pull,https://www.sec.gov/files/company_tickers_exchange.json,sec_company_tickers_exchange,,,CONTROL
CXT,0000025445,"Crane NXT, Co.",NYSE,NONE,,control_no_seeded_acquisition_in_stockanalysis_pull,https://www.sec.gov/files/company_tickers_exchange.json,sec_company_tickers_exchange,,,CONTROL
EFT,0001288992,Eaton Vance Floating-Rate Income Trust,NYSE,NONE,,control_no_seeded_acquisition_in_stockanalysis_pull,https://www.sec.gov/files/company_tickers_exchange.json,sec_company_tickers_exchange,,,CONTROL
ACRS,0001557746,"Aclaris Therapeutics, Inc.",Nasdaq,NONE,,control_no_seeded_acquisition_in_stockanalysis_pull,https://www.sec.gov/files/company_tickers_exchange.json,sec_company_tickers_exchange,,,CONTROL
CNP,0001130310,CENTERPOINT ENERGY INC,NYSE,NONE,,control_no_seeded_acquisition_in_stockanalysis_pull,https://www.sec.gov/files/company_tickers_exchange.json,sec_company_tickers_exchange,,,CONTROL
RLAY,0001812364,"Relay Therapeutics, Inc.",Nasdaq,NONE,,control_no_seeded_acquisition_in_stockanalysis_pull,https://www.sec.gov/files/company_tickers_exchange.json,sec_company_tickers_exchange,,,CONTROL
FLUX,0001083743,"Flux Power Holdings, Inc.",Nasdaq,NONE,,control_no_seeded_acquisition_in_stockanalysis_pull,https://www.sec.gov/files/company_tickers_exchange.json,sec_company_tickers_exchange,,,CONTROL
PBYI,0001401667,"PUMA BIOTECHNOLOGY, INC.",Nasdaq,NONE,,control_no_seeded_acquisition_in_stockanalysis_pull,https://www.sec.gov/files/company_tickers_exchange.json,sec_company_tickers_exchange,,,CONTROL
PECE,0002088626,Peace Acquisition Corp.,Nasdaq,NONE,,control_no_seeded_acquisition_in_stockanalysis_pull,https://www.sec.gov/files/company_tickers_exchange.json,sec_company_tickers_exchange,,,CONTROL
OTGA,0002077010,OTG Acquisition Corp. I,Nasdaq,NONE,,control_no_seeded_acquisition_in_stockanalysis_pull,https://www.sec.gov/files/company_tickers_exchange.json,sec_company_tickers_exchange,,,CONTROL
HVII,0001846416,Hennessy Capital Investment Corp. VII,Nasdaq,NONE,,control_no_seeded_acquisition_in_stockanalysis_pull,https://www.sec.gov/files/company_tickers_exchange.json,sec_company_tickers_exchange,,,CONTROL
CCAQU,0002041047,COLLECTIVE ACQUISITION CORP.,Nasdaq,NONE,,control_no_seeded_acquisition_in_stockanalysis_pull,https://www.sec.gov/files/company_tickers_exchange.json,sec_company_tickers_exchange,,,CONTROL
LIFE,0001788451,Ethos Technologies Inc.,Nasdaq,NONE,,control_no_seeded_acquisition_in_stockanalysis_pull,https://www.sec.gov/files/company_tickers_exchange.json,sec_company_tickers_exchange,,,CONTROL
SJM,0000091419,J M SMUCKER Co,NYSE,NONE,,control_no_seeded_acquisition_in_stockanalysis_pull,https://www.sec.gov/files/company_tickers_exchange.json,sec_company_tickers_exchange,,,CONTROL
UVSP,0000102212,UNIVEST FINANCIAL Corp,Nasdaq,NONE,,control_no_seeded_acquisition_in_stockanalysis_pull,https://www.sec.gov/files/company_tickers_exchange.json,sec_company_tickers_exchange,,,CONTROL
CRBG,0001889539,"Corebridge Financial, Inc.",NYSE,NONE,,control_no_seeded_acquisition_in_stockanalysis_pull,https://www.sec.gov/files/company_tickers_exchange.json,sec_company_tickers_exchange,,,CONTROL
WERN,0000793074,WERNER ENTERPRISES INC,Nasdaq,NONE,,control_no_seeded_acquisition_in_stockanalysis_pull,https://www.sec.gov/files/company_tickers_exchange.json,sec_company_tickers_exchange,,,CONTROL
ENVA,0001529864,"Enova International, Inc.",NYSE,NONE,,control_no_seeded_acquisition_in_stockanalysis_pull,https://www.sec.gov/files/company_tickers_exchange.json,sec_company_tickers_exchange,,,CONTROL
SCOP,0002108383,Sprott Physical Copper Trust,NYSE,NONE,,control_no_seeded_acquisition_in_stockanalysis_pull,https://www.sec.gov/files/company_tickers_exchange.json,sec_company_tickers_exchange,,,CONTROL
NXG,0001506488,NXG NextGen Infrastructure Income Fund,NYSE,NONE,,control_no_seeded_acquisition_in_stockanalysis_pull,https://www.sec.gov/files/company_tickers_exchange.json,sec_company_tickers_exchange,,,CONTROL
BWB,0001341317,Bridgewater Bancshares Inc,Nasdaq,NONE,,control_no_seeded_acquisition_in_stockanalysis_pull,https://www.sec.gov/files/company_tickers_exchange.json,sec_company_tickers_exchange,,,CONTROL
LXEH,0001814067,Lixiang Education Holding Co. Ltd.,Nasdaq,NONE,,control_no_seeded_acquisition_in_stockanalysis_pull,https://www.sec.gov/files/company_tickers_exchange.json,sec_company_tickers_exchange,,,CONTROL
WM,0000823768,WASTE MANAGEMENT INC,NYSE,NONE,,control_no_seeded_acquisition_in_stockanalysis_pull,https://www.sec.gov/files/company_tickers_exchange.json,sec_company_tickers_exchange,,,CONTROL
OCLTU,0002137679,OceanLight Acquisition Corp,Nasdaq,NONE,,control_no_seeded_acquisition_in_stockanalysis_pull,https://www.sec.gov/files/company_tickers_exchange.json,sec_company_tickers_exchange,,,CONTROL
MKZR,0001550913,"MacKenzie Realty Capital, Inc.",Nasdaq,NONE,,control_no_seeded_acquisition_in_stockanalysis_pull,https://www.sec.gov/files/company_tickers_exchange.json,sec_company_tickers_exchange,,,CONTROL
HRTG,0001598665,"Heritage Insurance Holdings, Inc.",NYSE,NONE,,control_no_seeded_acquisition_in_stockanalysis_pull,https://www.sec.gov/files/company_tickers_exchange.json,sec_company_tickers_exchange,,,CONTROL
NAGE,0001386570,"Niagen Bioscience, Inc.",Nasdaq,NONE,,control_no_seeded_acquisition_in_stockanalysis_pull,https://www.sec.gov/files/company_tickers_exchange.json,sec_company_tickers_exchange,,,CONTROL
EFC-PD,0001411342,Ellington Financial Inc.,NYSE,NONE,,control_no_seeded_acquisition_in_stockanalysis_pull,https://www.sec.gov/files/company_tickers_exchange.json,sec_company_tickers_exchange,,,CONTROL
BKR,0001701605,Baker Hughes Co,Nasdaq,NONE,,control_no_seeded_acquisition_in_stockanalysis_pull,https://www.sec.gov/files/company_tickers_exchange.json,sec_company_tickers_exchange,,,CONTROL
PSX,0001534701,Phillips 66,NYSE,NONE,,control_no_seeded_acquisition_in_stockanalysis_pull,https://www.sec.gov/files/company_tickers_exchange.json,sec_company_tickers_exchange,,,CONTROL
DOUG,0001878897,Douglas Elliman Inc.,NYSE,NONE,,control_no_seeded_acquisition_in_stockanalysis_pull,https://www.sec.gov/files/company_tickers_exchange.json,sec_company_tickers_exchange,,,CONTROL
JRSH,0001696558,"Jerash Holdings (US), Inc.",Nasdaq,NONE,,control_no_seeded_acquisition_in_stockanalysis_pull,https://www.sec.gov/files/company_tickers_exchange.json,sec_company_tickers_exchange,,,CONTROL
ADUR,0001863934,ADURO CLEAN TECHNOLOGIES INC.,Nasdaq,NONE,,control_no_seeded_acquisition_in_stockanalysis_pull,https://www.sec.gov/files/company_tickers_exchange.json,sec_company_tickers_exchange,,,CONTROL
FRT-PC,0000034903,FEDERAL REALTY INVESTMENT TRUST,NYSE,NONE,,control_no_seeded_acquisition_in_stockanalysis_pull,https://www.sec.gov/files/company_tickers_exchange.json,sec_company_tickers_exchange,,,CONTROL
MSGS,0001636519,Madison Square Garden Sports Corp.,NYSE,NONE,,control_no_seeded_acquisition_in_stockanalysis_pull,https://www.sec.gov/files/company_tickers_exchange.json,sec_company_tickers_exchange,,,CONTROL
BIO-B,0000012208,"BIO-RAD LABORATORIES, INC.",NYSE,NONE,,control_no_seeded_acquisition_in_stockanalysis_pull,https://www.sec.gov/files/company_tickers_exchange.json,sec_company_tickers_exchange,,,CONTROL
GLAD,0001143513,GLADSTONE CAPITAL CORP,Nasdaq,NONE,,control_no_seeded_acquisition_in_stockanalysis_pull,https://www.sec.gov/files/company_tickers_exchange.json,sec_company_tickers_exchange,,,CONTROL
FBYD,0001937987,"Falcon's Beyond Global, Inc.",Nasdaq,NONE,,control_no_seeded_acquisition_in_stockanalysis_pull,https://www.sec.gov/files/company_tickers_exchange.json,sec_company_tickers_exchange,,,CONTROL
TDWDU,0002076616,Tailwind 2.0 Acquisition Corp.,Nasdaq,NONE,,control_no_seeded_acquisition_in_stockanalysis_pull,https://www.sec.gov/files/company_tickers_exchange.json,sec_company_tickers_exchange,,,CONTROL
ST,0001477294,Sensata Technologies Holding plc,NYSE,NONE,,control_no_seeded_acquisition_in_stockanalysis_pull,https://www.sec.gov/files/company_tickers_exchange.json,sec_company_tickers_exchange,,,CONTROL
UGA,0001396878,"United States Gasoline Fund, LP",NYSE,NONE,,control_no_seeded_acquisition_in_stockanalysis_pull,https://www.sec.gov/files/company_tickers_exchange.json,sec_company_tickers_exchange,,,CONTROL
RYAAY,0001038683,RYANAIR HOLDINGS PLC,Nasdaq,NONE,,control_no_seeded_acquisition_in_stockanalysis_pull,https://www.sec.gov/files/company_tickers_exchange.json,sec_company_tickers_exchange,,,CONTROL
EOI,0001300391,Eaton Vance Enhanced Equity Income Fund,NYSE,NONE,,control_no_seeded_acquisition_in_stockanalysis_pull,https://www.sec.gov/files/company_tickers_exchange.json,sec_company_tickers_exchange,,,CONTROL
MOG-B,0000067887,MOOG INC.,NYSE,NONE,,control_no_seeded_acquisition_in_stockanalysis_pull,https://www.sec.gov/files/company_tickers_exchange.json,sec_company_tickers_exchange,,,CONTROL
ACN,0001467373,Accenture plc,NYSE,NONE,,control_no_seeded_acquisition_in_stockanalysis_pull,https://www.sec.gov/files/company_tickers_exchange.json,sec_company_tickers_exchange,,,CONTROL
MKDWW,0001991332,MKDWELL Tech Inc.,Nasdaq,NONE,,control_no_seeded_acquisition_in_stockanalysis_pull,https://www.sec.gov/files/company_tickers_exchange.json,sec_company_tickers_exchange,,,CONTROL
STBA,0000719220,S&T BANCORP INC,Nasdaq,NONE,,control_no_seeded_acquisition_in_stockanalysis_pull,https://www.sec.gov/files/company_tickers_exchange.json,sec_company_tickers_exchange,,,CONTROL
DBE,0001383062,Invesco DB Energy Fund,NYSE,NONE,,control_no_seeded_acquisition_in_stockanalysis_pull,https://www.sec.gov/files/company_tickers_exchange.json,sec_company_tickers_exchange,,,CONTROL
SIMAU,0002014982,SIM Acquisition Corp. I,Nasdaq,NONE,,control_no_seeded_acquisition_in_stockanalysis_pull,https://www.sec.gov/files/company_tickers_exchange.json,sec_company_tickers_exchange,,,CONTROL
LHX,0000202058,"L3HARRIS TECHNOLOGIES, INC. /DE/",NYSE,NONE,,control_no_seeded_acquisition_in_stockanalysis_pull,https://www.sec.gov/files/company_tickers_exchange.json,sec_company_tickers_exchange,,,CONTROL
PPLC,0000922224,PPL Corp,NYSE,NONE,,control_no_seeded_acquisition_in_stockanalysis_pull,https://www.sec.gov/files/company_tickers_exchange.json,sec_company_tickers_exchange,,,CONTROL
SLMT,0001939965,Brera Holdings PLC,Nasdaq,NONE,,control_no_seeded_acquisition_in_stockanalysis_pull,https://www.sec.gov/files/company_tickers_exchange.json,sec_company_tickers_exchange,,,CONTROL
TACOW,0002033122,Berto Acquisition Corp.,Nasdaq,NONE,,control_no_seeded_acquisition_in_stockanalysis_pull,https://www.sec.gov/files/company_tickers_exchange.json,sec_company_tickers_exchange,,,CONTROL
UCFIW,0001901203,CN Healthy Food Tech Group Corp.,Nasdaq,NONE,,control_no_seeded_acquisition_in_stockanalysis_pull,https://www.sec.gov/files/company_tickers_exchange.json,sec_company_tickers_exchange,,,CONTROL
OMSE,0002012219,OMS Energy Technologies Inc.,Nasdaq,NONE,,control_no_seeded_acquisition_in_stockanalysis_pull,https://www.sec.gov/files/company_tickers_exchange.json,sec_company_tickers_exchange,,,CONTROL
RNTX,0001420565,"Rein Therapeutics, Inc.",Nasdaq,NONE,,control_no_seeded_acquisition_in_stockanalysis_pull,https://www.sec.gov/files/company_tickers_exchange.json,sec_company_tickers_exchange,,,CONTROL
SGRX,0001735556,SANGRIX INC.,Nasdaq,NONE,,control_no_seeded_acquisition_in_stockanalysis_pull,https://www.sec.gov/files/company_tickers_exchange.json,sec_company_tickers_exchange,,,CONTROL
LOAN,0001080340,"MANHATTAN BRIDGE CAPITAL, INC",Nasdaq,NONE,,control_no_seeded_acquisition_in_stockanalysis_pull,https://www.sec.gov/files/company_tickers_exchange.json,sec_company_tickers_exchange,,,CONTROL
NNDM,0001643303,Nano Dimension Ltd.,Nasdaq,NONE,,control_no_seeded_acquisition_in_stockanalysis_pull,https://www.sec.gov/files/company_tickers_exchange.json,sec_company_tickers_exchange,,,CONTROL
SLMBP,0001032033,SLM Corp,Nasdaq,NONE,,control_no_seeded_acquisition_in_stockanalysis_pull,https://www.sec.gov/files/company_tickers_exchange.json,sec_company_tickers_exchange,,,CONTROL
AIB,0002070542,AIB Data Centers Inc.,NYSE,NONE,,control_no_seeded_acquisition_in_stockanalysis_pull,https://www.sec.gov/files/company_tickers_exchange.json,sec_company_tickers_exchange,,,CONTROL
RF-PE,0001281761,REGIONS FINANCIAL CORP,NYSE,NONE,,control_no_seeded_acquisition_in_stockanalysis_pull,https://www.sec.gov/files/company_tickers_exchange.json,sec_company_tickers_exchange,,,CONTROL
BRW,0000826020,Saba Capital Income & Opportunities Fund,NYSE,NONE,,control_no_seeded_acquisition_in_stockanalysis_pull,https://www.sec.gov/files/company_tickers_exchange.json,sec_company_tickers_exchange,,,CONTROL
FTRA-WT,0002131853,FutureCorp Space Acquisition 1,NYSE,NONE,,control_no_seeded_acquisition_in_stockanalysis_pull,https://www.sec.gov/files/company_tickers_exchange.json,sec_company_tickers_exchange,,,CONTROL
FMC,0000037785,FMC CORP,NYSE,NONE,,control_no_seeded_acquisition_in_stockanalysis_pull,https://www.sec.gov/files/company_tickers_exchange.json,sec_company_tickers_exchange,,,CONTROL
BOW,0002002473,Bowhead Specialty Holdings Inc.,NYSE,NONE,,control_no_seeded_acquisition_in_stockanalysis_pull,https://www.sec.gov/files/company_tickers_exchange.json,sec_company_tickers_exchange,,,CONTROL
GMHS,0002000530,Gamehaus Holdings Inc.,Nasdaq,NONE,,control_no_seeded_acquisition_in_stockanalysis_pull,https://www.sec.gov/files/company_tickers_exchange.json,sec_company_tickers_exchange,,,CONTROL
MUX,0000314203,McEwen Inc.,NYSE,NONE,,control_no_seeded_acquisition_in_stockanalysis_pull,https://www.sec.gov/files/company_tickers_exchange.json,sec_company_tickers_exchange,,,CONTROL
DLTH,0001649744,DULUTH HOLDINGS INC.,Nasdaq,NONE,,control_no_seeded_acquisition_in_stockanalysis_pull,https://www.sec.gov/files/company_tickers_exchange.json,sec_company_tickers_exchange,,,CONTROL
MESHW,0002081468,Meshflow Acquisition Corp,Nasdaq,NONE,,control_no_seeded_acquisition_in_stockanalysis_pull,https://www.sec.gov/files/company_tickers_exchange.json,sec_company_tickers_exchange,,,CONTROL
FSTR,0000352825,FOSTER L B CO,Nasdaq,NONE,,control_no_seeded_acquisition_in_stockanalysis_pull,https://www.sec.gov/files/company_tickers_exchange.json,sec_company_tickers_exchange,,,CONTROL
FENG,0001509646,Phoenix New Media Ltd,NYSE,NONE,,control_no_seeded_acquisition_in_stockanalysis_pull,https://www.sec.gov/files/company_tickers_exchange.json,sec_company_tickers_exchange,,,CONTROL
PD,0001568100,"PagerDuty, Inc.",NYSE,NONE,,control_no_seeded_acquisition_in_stockanalysis_pull,https://www.sec.gov/files/company_tickers_exchange.json,sec_company_tickers_exchange,,,CONTROL
BALL,0000009389,BALL Corp,NYSE,NONE,,control_no_seeded_acquisition_in_stockanalysis_pull,https://www.sec.gov/files/company_tickers_exchange.json,sec_company_tickers_exchange,,,CONTROL
YSG,0001819580,Yatsen Holding Ltd,NYSE,NONE,,control_no_seeded_acquisition_in_stockanalysis_pull,https://www.sec.gov/files/company_tickers_exchange.json,sec_company_tickers_exchange,,,CONTROL
BCTX,0001610820,BriaCell Therapeutics Corp.,Nasdaq,NONE,,control_no_seeded_acquisition_in_stockanalysis_pull,https://www.sec.gov/files/company_tickers_exchange.json,sec_company_tickers_exchange,,,CONTROL
HQH,0000805267,abrdn Healthcare Investors,NYSE,NONE,,control_no_seeded_acquisition_in_stockanalysis_pull,https://www.sec.gov/files/company_tickers_exchange.json,sec_company_tickers_exchange,,,CONTROL
LUNG,0001127537,Pulmonx Corp,Nasdaq,NONE,,control_no_seeded_acquisition_in_stockanalysis_pull,https://www.sec.gov/files/company_tickers_exchange.json,sec_company_tickers_exchange,,,CONTROL
UAC-WT,0002098669,United Acquisition Corp. I,NYSE,NONE,,control_no_seeded_acquisition_in_stockanalysis_pull,https://www.sec.gov/files/company_tickers_exchange.json,sec_company_tickers_exchange,,,CONTROL
CRACW,0002070887,Crown Reserve Acquisition Corp. I,Nasdaq,NONE,,control_no_seeded_acquisition_in_stockanalysis_pull,https://www.sec.gov/files/company_tickers_exchange.json,sec_company_tickers_exchange,,,CONTROL
HRMY,0001802665,"Harmony Biosciences Holdings, Inc.",Nasdaq,NONE,,control_no_seeded_acquisition_in_stockanalysis_pull,https://www.sec.gov/files/company_tickers_exchange.json,sec_company_tickers_exchange,,,CONTROL
PCG-PX,0001004980,PG&E Corp,NYSE,NONE,,control_no_seeded_acquisition_in_stockanalysis_pull,https://www.sec.gov/files/company_tickers_exchange.json,sec_company_tickers_exchange,,,CONTROL
ADEA,0001803696,Adeia Inc.,Nasdaq,NONE,,control_no_seeded_acquisition_in_stockanalysis_pull,https://www.sec.gov/files/company_tickers_exchange.json,sec_company_tickers_exchange,,,CONTROL
UGP,0001094972,ULTRAPAR HOLDINGS INC,NYSE,NONE,,control_no_seeded_acquisition_in_stockanalysis_pull,https://www.sec.gov/files/company_tickers_exchange.json,sec_company_tickers_exchange,,,CONTROL
UBSI,0000729986,UNITED BANKSHARES INC/WV,Nasdaq,NONE,,control_no_seeded_acquisition_in_stockanalysis_pull,https://www.sec.gov/files/company_tickers_exchange.json,sec_company_tickers_exchange,,,CONTROL
HP,0000046765,"Helmerich & Payne, Inc.",NYSE,NONE,,control_no_seeded_acquisition_in_stockanalysis_pull,https://www.sec.gov/files/company_tickers_exchange.json,sec_company_tickers_exchange,,,CONTROL
AVBH,0001443575,"Avidbank Holdings, Inc.",Nasdaq,NONE,,control_no_seeded_acquisition_in_stockanalysis_pull,https://www.sec.gov/files/company_tickers_exchange.json,sec_company_tickers_exchange,,,CONTROL
GFAIW,0001804469,"Guardforce AI Co., Ltd.",Nasdaq,NONE,,control_no_seeded_acquisition_in_stockanalysis_pull,https://www.sec.gov/files/company_tickers_exchange.json,sec_company_tickers_exchange,,,CONTROL
AHL-PE,0001267395,ASPEN INSURANCE HOLDINGS LTD,NYSE,NONE,,control_no_seeded_acquisition_in_stockanalysis_pull,https://www.sec.gov/files/company_tickers_exchange.json,sec_company_tickers_exchange,,,CONTROL
ACHR,0001824502,Archer Aviation Inc.,NYSE,NONE,,control_no_seeded_acquisition_in_stockanalysis_pull,https://www.sec.gov/files/company_tickers_exchange.json,sec_company_tickers_exchange,,,CONTROL
CNO-PA,0001224608,"CNO Financial Group, Inc.",NYSE,NONE,,control_no_seeded_acquisition_in_stockanalysis_pull,https://www.sec.gov/files/company_tickers_exchange.json,sec_company_tickers_exchange,,,CONTROL
HOMB,0001331520,HOME BANCSHARES INC,NYSE,NONE,,control_no_seeded_acquisition_in_stockanalysis_pull,https://www.sec.gov/files/company_tickers_exchange.json,sec_company_tickers_exchange,,,CONTROL
CNXN,0001050377,PC CONNECTION INC,Nasdaq,NONE,,control_no_seeded_acquisition_in_stockanalysis_pull,https://www.sec.gov/files/company_tickers_exchange.json,sec_company_tickers_exchange,,,CONTROL
ADAMH,0001273685,"ADAMAS TRUST, INC.",Nasdaq,NONE,,control_no_seeded_acquisition_in_stockanalysis_pull,https://www.sec.gov/files/company_tickers_exchange.json,sec_company_tickers_exchange,,,CONTROL
KEY-PJ,0000091576,KEYCORP /NEW/,NYSE,NONE,,control_no_seeded_acquisition_in_stockanalysis_pull,https://www.sec.gov/files/company_tickers_exchange.json,sec_company_tickers_exchange,,,CONTROL
COCO,0001482981,"Vita Coco Company, Inc.",Nasdaq,NONE,,control_no_seeded_acquisition_in_stockanalysis_pull,https://www.sec.gov/files/company_tickers_exchange.json,sec_company_tickers_exchange,,,CONTROL
LTC,0000887905,LTC PROPERTIES INC,NYSE,NONE,,control_no_seeded_acquisition_in_stockanalysis_pull,https://www.sec.gov/files/company_tickers_exchange.json,sec_company_tickers_exchange,,,CONTROL
CMPS,0001816590,COMPASS Pathways plc,Nasdaq,NONE,,control_no_seeded_acquisition_in_stockanalysis_pull,https://www.sec.gov/files/company_tickers_exchange.json,sec_company_tickers_exchange,,,CONTROL
BRTMW,0002131350,B&R Technology Merger Corp.,Nasdaq,NONE,,control_no_seeded_acquisition_in_stockanalysis_pull,https://www.sec.gov/files/company_tickers_exchange.json,sec_company_tickers_exchange,,,CONTROL
SGP,0001778922,"SpyGlass Pharma, Inc.",Nasdaq,NONE,,control_no_seeded_acquisition_in_stockanalysis_pull,https://www.sec.gov/files/company_tickers_exchange.json,sec_company_tickers_exchange,,,CONTROL
C,0000831001,CITIGROUP INC,NYSE,NONE,,control_no_seeded_acquisition_in_stockanalysis_pull,https://www.sec.gov/files/company_tickers_exchange.json,sec_company_tickers_exchange,,,CONTROL
NHP,0001561032,"National Healthcare Properties, Inc.",Nasdaq,NONE,,control_no_seeded_acquisition_in_stockanalysis_pull,https://www.sec.gov/files/company_tickers_exchange.json,sec_company_tickers_exchange,,,CONTROL
NDLS,0001275158,NOODLES & Co,Nasdaq,NONE,,control_no_seeded_acquisition_in_stockanalysis_pull,https://www.sec.gov/files/company_tickers_exchange.json,sec_company_tickers_exchange,,,CONTROL
STI,0001881551,Solidion Technology Inc.,Nasdaq,NONE,,control_no_seeded_acquisition_in_stockanalysis_pull,https://www.sec.gov/files/company_tickers_exchange.json,sec_company_tickers_exchange,,,CONTROL
CATX,0000728387,"Perspective Therapeutics, Inc.",NYSE,NONE,,control_no_seeded_acquisition_in_stockanalysis_pull,https://www.sec.gov/files/company_tickers_exchange.json,sec_company_tickers_exchange,,,CONTROL
EWAVR,0002100704,East West Ave Acquisition Corp.,Nasdaq,NONE,,control_no_seeded_acquisition_in_stockanalysis_pull,https://www.sec.gov/files/company_tickers_exchange.json,sec_company_tickers_exchange,,,CONTROL
YARW,0001566044,"Yarrow Bioscience, Inc.",Nasdaq,NONE,,control_no_seeded_acquisition_in_stockanalysis_pull,https://www.sec.gov/files/company_tickers_exchange.json,sec_company_tickers_exchange,,,CONTROL
LFWD,0001607962,Lifeward Ltd.,Nasdaq,NONE,,control_no_seeded_acquisition_in_stockanalysis_pull,https://www.sec.gov/files/company_tickers_exchange.json,sec_company_tickers_exchange,,,CONTROL
REPL,0001737953,"Replimune Group, Inc.",Nasdaq,NONE,,control_no_seeded_acquisition_in_stockanalysis_pull,https://www.sec.gov/files/company_tickers_exchange.json,sec_company_tickers_exchange,,,CONTROL
ATRO,0000008063,ASTRONICS CORP,Nasdaq,NONE,,control_no_seeded_acquisition_in_stockanalysis_pull,https://www.sec.gov/files/company_tickers_exchange.json,sec_company_tickers_exchange,,,CONTROL
TGHL,0002024114,GrowHub Ltd,Nasdaq,NONE,,control_no_seeded_acquisition_in_stockanalysis_pull,https://www.sec.gov/files/company_tickers_exchange.json,sec_company_tickers_exchange,,,CONTROL
CLMT,0002013745,"Calumet, Inc. /DE",Nasdaq,NONE,,control_no_seeded_acquisition_in_stockanalysis_pull,https://www.sec.gov/files/company_tickers_exchange.json,sec_company_tickers_exchange,,,CONTROL
TRUP,0001371285,"TRUPANION, INC.",Nasdaq,NONE,,control_no_seeded_acquisition_in_stockanalysis_pull,https://www.sec.gov/files/company_tickers_exchange.json,sec_company_tickers_exchange,,,CONTROL
BLDR,0001316835,"Builders FirstSource, Inc.",NYSE,NONE,,control_no_seeded_acquisition_in_stockanalysis_pull,https://www.sec.gov/files/company_tickers_exchange.json,sec_company_tickers_exchange,,,CONTROL
TFC-PI,0000092230,TRUIST FINANCIAL CORP,NYSE,NONE,,control_no_seeded_acquisition_in_stockanalysis_pull,https://www.sec.gov/files/company_tickers_exchange.json,sec_company_tickers_exchange,,,CONTROL
MNRO,0000876427,"MONRO, INC.",Nasdaq,NONE,,control_no_seeded_acquisition_in_stockanalysis_pull,https://www.sec.gov/files/company_tickers_exchange.json,sec_company_tickers_exchange,,,CONTROL
VAVX,0002060717,VanEck Avalanche ETF,Nasdaq,NONE,,control_no_seeded_acquisition_in_stockanalysis_pull,https://www.sec.gov/files/company_tickers_exchange.json,sec_company_tickers_exchange,,,CONTROL
VOD,0000839923,VODAFONE GROUP PUBLIC LTD CO,Nasdaq,NONE,,control_no_seeded_acquisition_in_stockanalysis_pull,https://www.sec.gov/files/company_tickers_exchange.json,sec_company_tickers_exchange,,,CONTROL
NTRA,0001604821,"Natera, Inc.",Nasdaq,NONE,,control_no_seeded_acquisition_in_stockanalysis_pull,https://www.sec.gov/files/company_tickers_exchange.json,sec_company_tickers_exchange,,,CONTROL
CVGI,0001290900,"Commercial Vehicle Group, Inc.",Nasdaq,NONE,,control_no_seeded_acquisition_in_stockanalysis_pull,https://www.sec.gov/files/company_tickers_exchange.json,sec_company_tickers_exchange,,,CONTROL
ETN,0001551182,Eaton Corp plc,NYSE,NONE,,control_no_seeded_acquisition_in_stockanalysis_pull,https://www.sec.gov/files/company_tickers_exchange.json,sec_company_tickers_exchange,,,CONTROL
XPEL,0001767258,"XPEL, Inc.",Nasdaq,NONE,,control_no_seeded_acquisition_in_stockanalysis_pull,https://www.sec.gov/files/company_tickers_exchange.json,sec_company_tickers_exchange,,,CONTROL
VMI,0000102729,VALMONT INDUSTRIES INC,NYSE,NONE,,control_no_seeded_acquisition_in_stockanalysis_pull,https://www.sec.gov/files/company_tickers_exchange.json,sec_company_tickers_exchange,,,CONTROL
RL,0001037038,RALPH LAUREN CORP,NYSE,NONE,,control_no_seeded_acquisition_in_stockanalysis_pull,https://www.sec.gov/files/company_tickers_exchange.json,sec_company_tickers_exchange,,,CONTROL
BZH,0000915840,BEAZER HOMES USA INC,NYSE,NONE,,control_no_seeded_acquisition_in_stockanalysis_pull,https://www.sec.gov/files/company_tickers_exchange.json,sec_company_tickers_exchange,,,CONTROL
AVY,0000008818,Avery Dennison Corp,NYSE,NONE,,control_no_seeded_acquisition_in_stockanalysis_pull,https://www.sec.gov/files/company_tickers_exchange.json,sec_company_tickers_exchange,,,CONTROL
WFF,0001980210,WF Holding Ltd,Nasdaq,NONE,,control_no_seeded_acquisition_in_stockanalysis_pull,https://www.sec.gov/files/company_tickers_exchange.json,sec_company_tickers_exchange,,,CONTROL
CIK,0000810766,"CREDIT SUISSE ASSET MANAGEMENT INCOME FUND, INC.",NYSE,NONE,,control_no_seeded_acquisition_in_stockanalysis_pull,https://www.sec.gov/files/company_tickers_exchange.json,sec_company_tickers_exchange,,,CONTROL
HYPR,0001833769,"Hyperfine, Inc.",Nasdaq,NONE,,control_no_seeded_acquisition_in_stockanalysis_pull,https://www.sec.gov/files/company_tickers_exchange.json,sec_company_tickers_exchange,,,CONTROL
IMCC,0001792030,IM Cannabis Corp.,Nasdaq,NONE,,control_no_seeded_acquisition_in_stockanalysis_pull,https://www.sec.gov/files/company_tickers_exchange.json,sec_company_tickers_exchange,,,CONTROL
RNGT,0002078653,Range Capital Acquisition Corp II,Nasdaq,NONE,,control_no_seeded_acquisition_in_stockanalysis_pull,https://www.sec.gov/files/company_tickers_exchange.json,sec_company_tickers_exchange,,,CONTROL
CAII,0002115404,Collective Acquisition Corp. II,Nasdaq,NONE,,control_no_seeded_acquisition_in_stockanalysis_pull,https://www.sec.gov/files/company_tickers_exchange.json,sec_company_tickers_exchange,,,CONTROL
RITR,0001951229,Reitar Logtech Holdings Ltd,Nasdaq,NONE,,control_no_seeded_acquisition_in_stockanalysis_pull,https://www.sec.gov/files/company_tickers_exchange.json,sec_company_tickers_exchange,,,CONTROL
ACV,0001636289,Virtus Diversified Income & Convertible Fund,NYSE,NONE,,control_no_seeded_acquisition_in_stockanalysis_pull,https://www.sec.gov/files/company_tickers_exchange.json,sec_company_tickers_exchange,,,CONTROL
OPY,0000791963,OPPENHEIMER HOLDINGS INC,NYSE,NONE,,control_no_seeded_acquisition_in_stockanalysis_pull,https://www.sec.gov/files/company_tickers_exchange.json,sec_company_tickers_exchange,,,CONTROL
UMH-PD,0000752642,"UMH PROPERTIES, INC.",NYSE,NONE,,control_no_seeded_acquisition_in_stockanalysis_pull,https://www.sec.gov/files/company_tickers_exchange.json,sec_company_tickers_exchange,,,CONTROL
IBRX,0001326110,"ImmunityBio, Inc.",Nasdaq,NONE,,control_no_seeded_acquisition_in_stockanalysis_pull,https://www.sec.gov/files/company_tickers_exchange.json,sec_company_tickers_exchange,,,CONTROL
KBONU,0002088749,Karbon Capital Partners Corp.,Nasdaq,NONE,,control_no_seeded_acquisition_in_stockanalysis_pull,https://www.sec.gov/files/company_tickers_exchange.json,sec_company_tickers_exchange,,,CONTROL
COF-PI,0000927628,CAPITAL ONE FINANCIAL CORP,NYSE,NONE,,control_no_seeded_acquisition_in_stockanalysis_pull,https://www.sec.gov/files/company_tickers_exchange.json,sec_company_tickers_exchange,,,CONTROL
CF,0001324404,"CF Industries Holdings, Inc.",NYSE,NONE,,control_no_seeded_acquisition_in_stockanalysis_pull,https://www.sec.gov/files/company_tickers_exchange.json,sec_company_tickers_exchange,,,CONTROL
PSA-PR,0001393311,Public Storage,NYSE,NONE,,control_no_seeded_acquisition_in_stockanalysis_pull,https://www.sec.gov/files/company_tickers_exchange.json,sec_company_tickers_exchange,,,CONTROL
APA,0001841666,APA Corp,Nasdaq,NONE,,control_no_seeded_acquisition_in_stockanalysis_pull,https://www.sec.gov/files/company_tickers_exchange.json,sec_company_tickers_exchange,,,CONTROL
PG,0000080424,PROCTER & GAMBLE Co,NYSE,NONE,,control_no_seeded_acquisition_in_stockanalysis_pull,https://www.sec.gov/files/company_tickers_exchange.json,sec_company_tickers_exchange,,,CONTROL
APLE,0001418121,"Apple Hospitality REIT, Inc.",NYSE,NONE,,control_no_seeded_acquisition_in_stockanalysis_pull,https://www.sec.gov/files/company_tickers_exchange.json,sec_company_tickers_exchange,,,CONTROL
IMAX,0000921582,IMAX CORP,NYSE,NONE,,control_no_seeded_acquisition_in_stockanalysis_pull,https://www.sec.gov/files/company_tickers_exchange.json,sec_company_tickers_exchange,,,CONTROL
ENB,0000895728,ENBRIDGE INC,NYSE,NONE,,control_no_seeded_acquisition_in_stockanalysis_pull,https://www.sec.gov/files/company_tickers_exchange.json,sec_company_tickers_exchange,,,CONTROL
ZH,0001835724,Zhihu Inc.,NYSE,NONE,,control_no_seeded_acquisition_in_stockanalysis_pull,https://www.sec.gov/files/company_tickers_exchange.json,sec_company_tickers_exchange,,,CONTROL
RVTY,0000031791,"REVVITY, INC.",NYSE,NONE,,control_no_seeded_acquisition_in_stockanalysis_pull,https://www.sec.gov/files/company_tickers_exchange.json,sec_company_tickers_exchange,,,CONTROL
BERZ,0000927971,BANK OF MONTREAL /CAN/,NYSE,NONE,,control_no_seeded_acquisition_in_stockanalysis_pull,https://www.sec.gov/files/company_tickers_exchange.json,sec_company_tickers_exchange,,,CONTROL
SNN,0000845982,SMITH & NEPHEW PLC,NYSE,NONE,,control_no_seeded_acquisition_in_stockanalysis_pull,https://www.sec.gov/files/company_tickers_exchange.json,sec_company_tickers_exchange,,,CONTROL
DLPN,0001282224,"Dolphin Entertainment, Inc.",Nasdaq,NONE,,control_no_seeded_acquisition_in_stockanalysis_pull,https://www.sec.gov/files/company_tickers_exchange.json,sec_company_tickers_exchange,,,CONTROL
CFG-PE,0000759944,CITIZENS FINANCIAL GROUP INC/RI,NYSE,NONE,,control_no_seeded_acquisition_in_stockanalysis_pull,https://www.sec.gov/files/company_tickers_exchange.json,sec_company_tickers_exchange,,,CONTROL
MRNA,0001682852,"Moderna, Inc.",Nasdaq,NONE,,control_no_seeded_acquisition_in_stockanalysis_pull,https://www.sec.gov/files/company_tickers_exchange.json,sec_company_tickers_exchange,,,CONTROL
WFC-PA,0000072971,WELLS FARGO & COMPANY/MN,NYSE,NONE,,control_no_seeded_acquisition_in_stockanalysis_pull,https://www.sec.gov/files/company_tickers_exchange.json,sec_company_tickers_exchange,,,CONTROL
RFAMU,0002091712,RF Acquisition Corp III,Nasdaq,NONE,,control_no_seeded_acquisition_in_stockanalysis_pull,https://www.sec.gov/files/company_tickers_exchange.json,sec_company_tickers_exchange,,,CONTROL
META,0001326801,"Meta Platforms, Inc.",Nasdaq,NONE,,control_no_seeded_acquisition_in_stockanalysis_pull,https://www.sec.gov/files/company_tickers_exchange.json,sec_company_tickers_exchange,,,CONTROL
ECAT,0001864843,BlackRock ESG Capital Allocation Term Trust,NYSE,NONE,,control_no_seeded_acquisition_in_stockanalysis_pull,https://www.sec.gov/files/company_tickers_exchange.json,sec_company_tickers_exchange,,,CONTROL
PATH,0001734722,"UiPath, Inc.",NYSE,NONE,,control_no_seeded_acquisition_in_stockanalysis_pull,https://www.sec.gov/files/company_tickers_exchange.json,sec_company_tickers_exchange,,,CONTROL
SBMT,0002067674,SILVER BOW MINING CORP.,NYSE,NONE,,control_no_seeded_acquisition_in_stockanalysis_pull,https://www.sec.gov/files/company_tickers_exchange.json,sec_company_tickers_exchange,,,CONTROL
MEDS,0002030763,"DataMeds AI, Inc.",Nasdaq,NONE,,control_no_seeded_acquisition_in_stockanalysis_pull,https://www.sec.gov/files/company_tickers_exchange.json,sec_company_tickers_exchange,,,CONTROL
TXMD,0000025743,"TherapeuticsMD, Inc.",Nasdaq,NONE,,control_no_seeded_acquisition_in_stockanalysis_pull,https://www.sec.gov/files/company_tickers_exchange.json,sec_company_tickers_exchange,,,CONTROL
NMI,0000830271,NUVEEN MUNICIPAL INCOME FUND INC,NYSE,NONE,,control_no_seeded_acquisition_in_stockanalysis_pull,https://www.sec.gov/files/company_tickers_exchange.json,sec_company_tickers_exchange,,,CONTROL
ECHO,0001415404,EchoStar CORP,Nasdaq,NONE,,control_no_seeded_acquisition_in_stockanalysis_pull,https://www.sec.gov/files/company_tickers_exchange.json,sec_company_tickers_exchange,,,CONTROL
TRNI,0001786108,Trinity Capital Inc.,NYSE,NONE,,control_no_seeded_acquisition_in_stockanalysis_pull,https://www.sec.gov/files/company_tickers_exchange.json,sec_company_tickers_exchange,,,CONTROL
RMT,0000912147,"ROYCE MICRO-CAP TRUST, INC.",NYSE,NONE,,control_no_seeded_acquisition_in_stockanalysis_pull,https://www.sec.gov/files/company_tickers_exchange.json,sec_company_tickers_exchange,,,CONTROL
GSRFR,0002072404,GSR IV Acquisition Corp.,Nasdaq,NONE,,control_no_seeded_acquisition_in_stockanalysis_pull,https://www.sec.gov/files/company_tickers_exchange.json,sec_company_tickers_exchange,,,CONTROL
GAME,0001714562,"GameSquare Holdings, Inc.",Nasdaq,NONE,,control_no_seeded_acquisition_in_stockanalysis_pull,https://www.sec.gov/files/company_tickers_exchange.json,sec_company_tickers_exchange,,,CONTROL
MMED,0002062583,"MiniMed Group, Inc.",Nasdaq,NONE,,control_no_seeded_acquisition_in_stockanalysis_pull,https://www.sec.gov/files/company_tickers_exchange.json,sec_company_tickers_exchange,,,CONTROL
DOMO,0001505952,"DOMO, INC.",Nasdaq,NONE,,control_no_seeded_acquisition_in_stockanalysis_pull,https://www.sec.gov/files/company_tickers_exchange.json,sec_company_tickers_exchange,,,CONTROL
MDA,0001857047,MDA Space Ltd.,NYSE,NONE,,control_no_seeded_acquisition_in_stockanalysis_pull,https://www.sec.gov/files/company_tickers_exchange.json,sec_company_tickers_exchange,,,CONTROL
BIOT,0002072188,INSTINCT BIO TECHNICAL CO HOLDINGS INC.,Nasdaq,NONE,,control_no_seeded_acquisition_in_stockanalysis_pull,https://www.sec.gov/files/company_tickers_exchange.json,sec_company_tickers_exchange,,,CONTROL
WSHP,0002048271,WeShop Holdings Ltd,Nasdaq,NONE,,control_no_seeded_acquisition_in_stockanalysis_pull,https://www.sec.gov/files/company_tickers_exchange.json,sec_company_tickers_exchange,,,CONTROL
IGACR,0002075068,Invest Green Acquisition Corp,Nasdaq,NONE,,control_no_seeded_acquisition_in_stockanalysis_pull,https://www.sec.gov/files/company_tickers_exchange.json,sec_company_tickers_exchange,,,CONTROL
BSOL,0002045872,Bitwise Solana Staking ETF,NYSE,NONE,,control_no_seeded_acquisition_in_stockanalysis_pull,https://www.sec.gov/files/company_tickers_exchange.json,sec_company_tickers_exchange,,,CONTROL
FRBT,0001925062,"Forbright, Inc.",Nasdaq,NONE,,control_no_seeded_acquisition_in_stockanalysis_pull,https://www.sec.gov/files/company_tickers_exchange.json,sec_company_tickers_exchange,,,CONTROL
MKLY,0002067592,McKinley Acquisition Corp,Nasdaq,NONE,,control_no_seeded_acquisition_in_stockanalysis_pull,https://www.sec.gov/files/company_tickers_exchange.json,sec_company_tickers_exchange,,,CONTROL
NE-WTA,0001895262,Noble Corp plc,NYSE,NONE,,control_no_seeded_acquisition_in_stockanalysis_pull,https://www.sec.gov/files/company_tickers_exchange.json,sec_company_tickers_exchange,,,CONTROL
RPM,0000110621,RPM INTERNATIONAL INC/DE/,NYSE,NONE,,control_no_seeded_acquisition_in_stockanalysis_pull,https://www.sec.gov/files/company_tickers_exchange.json,sec_company_tickers_exchange,,,CONTROL
ECC,0001604174,Eagle Point Credit Co,NYSE,NONE,,control_no_seeded_acquisition_in_stockanalysis_pull,https://www.sec.gov/files/company_tickers_exchange.json,sec_company_tickers_exchange,,,CONTROL
FSBW,0001530249,"FS Bancorp, Inc.",Nasdaq,NONE,,control_no_seeded_acquisition_in_stockanalysis_pull,https://www.sec.gov/files/company_tickers_exchange.json,sec_company_tickers_exchange,,,CONTROL
PMN,0001374339,ProMIS Neurosciences Inc.,Nasdaq,NONE,,control_no_seeded_acquisition_in_stockanalysis_pull,https://www.sec.gov/files/company_tickers_exchange.json,sec_company_tickers_exchange,,,CONTROL
EWBC,0001069157,EAST WEST BANCORP INC,Nasdaq,NONE,,control_no_seeded_acquisition_in_stockanalysis_pull,https://www.sec.gov/files/company_tickers_exchange.json,sec_company_tickers_exchange,,,CONTROL
GOLD,0001591588,"Gold.com, Inc.",NYSE,NONE,,control_no_seeded_acquisition_in_stockanalysis_pull,https://www.sec.gov/files/company_tickers_exchange.json,sec_company_tickers_exchange,,,CONTROL
ROIV,0001635088,Roivant Sciences Ltd.,Nasdaq,NONE,,control_no_seeded_acquisition_in_stockanalysis_pull,https://www.sec.gov/files/company_tickers_exchange.json,sec_company_tickers_exchange,,,CONTROL
URGN,0001668243,UroGen Pharma Ltd.,Nasdaq,NONE,,control_no_seeded_acquisition_in_stockanalysis_pull,https://www.sec.gov/files/company_tickers_exchange.json,sec_company_tickers_exchange,,,CONTROL
G,0001398659,Genpact LTD,NYSE,NONE,,control_no_seeded_acquisition_in_stockanalysis_pull,https://www.sec.gov/files/company_tickers_exchange.json,sec_company_tickers_exchange,,,CONTROL
CLYM,0001768446,"Climb Bio, Inc.",Nasdaq,NONE,,control_no_seeded_acquisition_in_stockanalysis_pull,https://www.sec.gov/files/company_tickers_exchange.json,sec_company_tickers_exchange,,,CONTROL
LNC-PD,0000059558,LINCOLN NATIONAL CORP,NYSE,NONE,,control_no_seeded_acquisition_in_stockanalysis_pull,https://www.sec.gov/files/company_tickers_exchange.json,sec_company_tickers_exchange,,,CONTROL
PFGC,0001618673,Performance Food Group Co,NYSE,NONE,,control_no_seeded_acquisition_in_stockanalysis_pull,https://www.sec.gov/files/company_tickers_exchange.json,sec_company_tickers_exchange,,,CONTROL
VREX,0001681622,Varex Imaging Corp,Nasdaq,NONE,,control_no_seeded_acquisition_in_stockanalysis_pull,https://www.sec.gov/files/company_tickers_exchange.json,sec_company_tickers_exchange,,,CONTROL
EML,0000031107,EASTERN CO,Nasdaq,NONE,,control_no_seeded_acquisition_in_stockanalysis_pull,https://www.sec.gov/files/company_tickers_exchange.json,sec_company_tickers_exchange,,,CONTROL
NRGV,0001828536,"Energy Vault Holdings, Inc.",NYSE,NONE,,control_no_seeded_acquisition_in_stockanalysis_pull,https://www.sec.gov/files/company_tickers_exchange.json,sec_company_tickers_exchange,,,CONTROL
KNTK,0001692787,Kinetik Holdings Inc.,NYSE,NONE,,control_no_seeded_acquisition_in_stockanalysis_pull,https://www.sec.gov/files/company_tickers_exchange.json,sec_company_tickers_exchange,,,CONTROL
FGIIW,0002090452,FG Imperii Acquisition Corp.,Nasdaq,NONE,,control_no_seeded_acquisition_in_stockanalysis_pull,https://www.sec.gov/files/company_tickers_exchange.json,sec_company_tickers_exchange,,,CONTROL
KYIV,0002062440,Kyivstar Group Ltd.,Nasdaq,NONE,,control_no_seeded_acquisition_in_stockanalysis_pull,https://www.sec.gov/files/company_tickers_exchange.json,sec_company_tickers_exchange,,,CONTROL
GECCI,0001675033,Great Elm Capital Corp.,Nasdaq,NONE,,control_no_seeded_acquisition_in_stockanalysis_pull,https://www.sec.gov/files/company_tickers_exchange.json,sec_company_tickers_exchange,,,CONTROL
MP,0001801368,MP Materials Corp. / DE,NYSE,NONE,,control_no_seeded_acquisition_in_stockanalysis_pull,https://www.sec.gov/files/company_tickers_exchange.json,sec_company_tickers_exchange,,,CONTROL
IBP,0001580905,"Installed Building Products, Inc.",NYSE,NONE,,control_no_seeded_acquisition_in_stockanalysis_pull,https://www.sec.gov/files/company_tickers_exchange.json,sec_company_tickers_exchange,,,CONTROL
CLSK,0000827876,"CLEANSPARK, INC.",Nasdaq,NONE,,control_no_seeded_acquisition_in_stockanalysis_pull,https://www.sec.gov/files/company_tickers_exchange.json,sec_company_tickers_exchange,,,CONTROL
SPWRW,0001838987,SunPower Inc.,Nasdaq,NONE,,control_no_seeded_acquisition_in_stockanalysis_pull,https://www.sec.gov/files/company_tickers_exchange.json,sec_company_tickers_exchange,,,CONTROL
AXG,0001959224,"Solowin Holdings, Ltd.",Nasdaq,NONE,,control_no_seeded_acquisition_in_stockanalysis_pull,https://www.sec.gov/files/company_tickers_exchange.json,sec_company_tickers_exchange,,,CONTROL
NMCO,0001774342,Nuveen Municipal Credit Opportunities Fund,NYSE,NONE,,control_no_seeded_acquisition_in_stockanalysis_pull,https://www.sec.gov/files/company_tickers_exchange.json,sec_company_tickers_exchange,,,CONTROL
UMBFO,0000101382,UMB FINANCIAL CORP,Nasdaq,NONE,,control_no_seeded_acquisition_in_stockanalysis_pull,https://www.sec.gov/files/company_tickers_exchange.json,sec_company_tickers_exchange,,,CONTROL
INVE,0001036044,"Identiv, Inc.",Nasdaq,NONE,,control_no_seeded_acquisition_in_stockanalysis_pull,https://www.sec.gov/files/company_tickers_exchange.json,sec_company_tickers_exchange,,,CONTROL
GGT-PG,0000921671,GABELLI MULTIMEDIA TRUST INC.,NYSE,NONE,,control_no_seeded_acquisition_in_stockanalysis_pull,https://www.sec.gov/files/company_tickers_exchange.json,sec_company_tickers_exchange,,,CONTROL
BLK,0002012383,"BlackRock, Inc.",NYSE,NONE,,control_no_seeded_acquisition_in_stockanalysis_pull,https://www.sec.gov/files/company_tickers_exchange.json,sec_company_tickers_exchange,,,CONTROL
IRDM,0001418819,Iridium Communications Inc.,Nasdaq,NONE,,control_no_seeded_acquisition_in_stockanalysis_pull,https://www.sec.gov/files/company_tickers_exchange.json,sec_company_tickers_exchange,,,CONTROL
PALL,0001459862,abrdn Palladium ETF Trust,NYSE,NONE,,control_no_seeded_acquisition_in_stockanalysis_pull,https://www.sec.gov/files/company_tickers_exchange.json,sec_company_tickers_exchange,,,CONTROL
GSIT,0001126741,GSI TECHNOLOGY INC,Nasdaq,NONE,,control_no_seeded_acquisition_in_stockanalysis_pull,https://www.sec.gov/files/company_tickers_exchange.json,sec_company_tickers_exchange,,,CONTROL
PLD,0001045609,"Prologis, Inc.",NYSE,NONE,,control_no_seeded_acquisition_in_stockanalysis_pull,https://www.sec.gov/files/company_tickers_exchange.json,sec_company_tickers_exchange,,,CONTROL
SQNS,0001383395,SEQUANS COMMUNICATIONS,NYSE,NONE,,control_no_seeded_acquisition_in_stockanalysis_pull,https://www.sec.gov/files/company_tickers_exchange.json,sec_company_tickers_exchange,,,CONTROL
LYNX,0002132582,Lyntris Inc.,NYSE,NONE,,control_no_seeded_acquisition_in_stockanalysis_pull,https://www.sec.gov/files/company_tickers_exchange.json,sec_company_tickers_exchange,,,CONTROL
BPYPP,0001545772,Brookfield Property Partners L.P.,Nasdaq,NONE,,control_no_seeded_acquisition_in_stockanalysis_pull,https://www.sec.gov/files/company_tickers_exchange.json,sec_company_tickers_exchange,,,CONTROL
FXB,0001353611,Invesco CurrencyShares British Pound Sterling Trust,NYSE,NONE,,control_no_seeded_acquisition_in_stockanalysis_pull,https://www.sec.gov/files/company_tickers_exchange.json,sec_company_tickers_exchange,,,CONTROL
PYXS,0001782223,"Pyxis Oncology, Inc.",Nasdaq,NONE,,control_no_seeded_acquisition_in_stockanalysis_pull,https://www.sec.gov/files/company_tickers_exchange.json,sec_company_tickers_exchange,,,CONTROL
NPT,0002014337,Texxon Holding Ltd,Nasdaq,NONE,,control_no_seeded_acquisition_in_stockanalysis_pull,https://www.sec.gov/files/company_tickers_exchange.json,sec_company_tickers_exchange,,,CONTROL
DAKT,0000915779,DAKTRONICS INC /SD/,Nasdaq,NONE,,control_no_seeded_acquisition_in_stockanalysis_pull,https://www.sec.gov/files/company_tickers_exchange.json,sec_company_tickers_exchange,,,CONTROL
EQH-PC,0001333986,"Equitable Holdings, Inc.",NYSE,NONE,,control_no_seeded_acquisition_in_stockanalysis_pull,https://www.sec.gov/files/company_tickers_exchange.json,sec_company_tickers_exchange,,,CONTROL
AZO,0000866787,AUTOZONE INC,NYSE,NONE,,control_no_seeded_acquisition_in_stockanalysis_pull,https://www.sec.gov/files/company_tickers_exchange.json,sec_company_tickers_exchange,,,CONTROL
MIMI,0001998560,Mint Inc Ltd,Nasdaq,NONE,,control_no_seeded_acquisition_in_stockanalysis_pull,https://www.sec.gov/files/company_tickers_exchange.json,sec_company_tickers_exchange,,,CONTROL
SLAB,0001038074,SILICON LABORATORIES INC.,Nasdaq,NONE,,control_no_seeded_acquisition_in_stockanalysis_pull,https://www.sec.gov/files/company_tickers_exchange.json,sec_company_tickers_exchange,,,CONTROL
MOS,0001285785,MOSAIC CO,NYSE,NONE,,control_no_seeded_acquisition_in_stockanalysis_pull,https://www.sec.gov/files/company_tickers_exchange.json,sec_company_tickers_exchange,,,CONTROL
FLG-PA,0000910073,"FLAGSTAR BANK, NATIONAL ASSOCIATION",NYSE,NONE,,control_no_seeded_acquisition_in_stockanalysis_pull,https://www.sec.gov/files/company_tickers_exchange.json,sec_company_tickers_exchange,,,CONTROL
FCAP,0001070296,FIRST CAPITAL INC,Nasdaq,NONE,,control_no_seeded_acquisition_in_stockanalysis_pull,https://www.sec.gov/files/company_tickers_exchange.json,sec_company_tickers_exchange,,,CONTROL
IQ,0001722608,"iQIYI, Inc.",Nasdaq,NONE,,control_no_seeded_acquisition_in_stockanalysis_pull,https://www.sec.gov/files/company_tickers_exchange.json,sec_company_tickers_exchange,,,CONTROL
FXF,0001353615,Invesco CurrencyShares Swiss Franc Trust,NYSE,NONE,,control_no_seeded_acquisition_in_stockanalysis_pull,https://www.sec.gov/files/company_tickers_exchange.json,sec_company_tickers_exchange,,,CONTROL
LX,0001708259,LexinFintech Holdings Ltd.,Nasdaq,NONE,,control_no_seeded_acquisition_in_stockanalysis_pull,https://www.sec.gov/files/company_tickers_exchange.json,sec_company_tickers_exchange,,,CONTROL
WSC,0001647088,WillScot Holdings Corp,Nasdaq,NONE,,control_no_seeded_acquisition_in_stockanalysis_pull,https://www.sec.gov/files/company_tickers_exchange.json,sec_company_tickers_exchange,,,CONTROL
RDN,0000890926,RADIAN GROUP INC,NYSE,NONE,,control_no_seeded_acquisition_in_stockanalysis_pull,https://www.sec.gov/files/company_tickers_exchange.json,sec_company_tickers_exchange,,,CONTROL
ESEA,0001341170,EUROSEAS LTD.,Nasdaq,NONE,,control_no_seeded_acquisition_in_stockanalysis_pull,https://www.sec.gov/files/company_tickers_exchange.json,sec_company_tickers_exchange,,,CONTROL
REFI,0001867949,"Chicago Atlantic Real Estate Finance, Inc.",Nasdaq,NONE,,control_no_seeded_acquisition_in_stockanalysis_pull,https://www.sec.gov/files/company_tickers_exchange.json,sec_company_tickers_exchange,,,CONTROL
XRP,0002039525,Bitwise XRP ETF,NYSE,NONE,,control_no_seeded_acquisition_in_stockanalysis_pull,https://www.sec.gov/files/company_tickers_exchange.json,sec_company_tickers_exchange,,,CONTROL
GNL-PB,0001526113,"Global Net Lease, Inc.",NYSE,NONE,,control_no_seeded_acquisition_in_stockanalysis_pull,https://www.sec.gov/files/company_tickers_exchange.json,sec_company_tickers_exchange,,,CONTROL
BAC-PM,0000070858,BANK OF AMERICA CORP /DE/,NYSE,NONE,,control_no_seeded_acquisition_in_stockanalysis_pull,https://www.sec.gov/files/company_tickers_exchange.json,sec_company_tickers_exchange,,,CONTROL
SHOP,0001594805,SHOPIFY INC.,Nasdaq,NONE,,control_no_seeded_acquisition_in_stockanalysis_pull,https://www.sec.gov/files/company_tickers_exchange.json,sec_company_tickers_exchange,,,CONTROL
TRN,0000099780,TRINITY INDUSTRIES INC,NYSE,NONE,,control_no_seeded_acquisition_in_stockanalysis_pull,https://www.sec.gov/files/company_tickers_exchange.json,sec_company_tickers_exchange,,,CONTROL
WAFD,0000936528,WAFD INC,Nasdaq,NONE,,control_no_seeded_acquisition_in_stockanalysis_pull,https://www.sec.gov/files/company_tickers_exchange.json,sec_company_tickers_exchange,,,CONTROL
GCGRU,0002108962,General Catalyst Global Resilience Merger Corp.,Nasdaq,NONE,,control_no_seeded_acquisition_in_stockanalysis_pull,https://www.sec.gov/files/company_tickers_exchange.json,sec_company_tickers_exchange,,,CONTROL
NAII,0000787253,NATURAL ALTERNATIVES INTERNATIONAL INC,Nasdaq,NONE,,control_no_seeded_acquisition_in_stockanalysis_pull,https://www.sec.gov/files/company_tickers_exchange.json,sec_company_tickers_exchange,,,CONTROL
GPN,0001123360,GLOBAL PAYMENTS INC,NYSE,NONE,,control_no_seeded_acquisition_in_stockanalysis_pull,https://www.sec.gov/files/company_tickers_exchange.json,sec_company_tickers_exchange,,,CONTROL
FRTT,0002092967,Fort Technology Inc,Nasdaq,NONE,,control_no_seeded_acquisition_in_stockanalysis_pull,https://www.sec.gov/files/company_tickers_exchange.json,sec_company_tickers_exchange,,,CONTROL
BIP-PB,0001406234,Brookfield Infrastructure Partners L.P.,NYSE,NONE,,control_no_seeded_acquisition_in_stockanalysis_pull,https://www.sec.gov/files/company_tickers_exchange.json,sec_company_tickers_exchange,,,CONTROL
MDY,0000936958,SPDR S&P MIDCAP 400 ETF TRUST,NYSE,NONE,,control_no_seeded_acquisition_in_stockanalysis_pull,https://www.sec.gov/files/company_tickers_exchange.json,sec_company_tickers_exchange,,,CONTROL
UFI,0000100726,UNIFI INC,NYSE,NONE,,control_no_seeded_acquisition_in_stockanalysis_pull,https://www.sec.gov/files/company_tickers_exchange.json,sec_company_tickers_exchange,,,CONTROL
WKHS,0001425287,Workhorse Group Inc.,Nasdaq,NONE,,control_no_seeded_acquisition_in_stockanalysis_pull,https://www.sec.gov/files/company_tickers_exchange.json,sec_company_tickers_exchange,,,CONTROL
AERT,0001853044,"Aeries Technology, Inc.",Nasdaq,NONE,,control_no_seeded_acquisition_in_stockanalysis_pull,https://www.sec.gov/files/company_tickers_exchange.json,sec_company_tickers_exchange,,,CONTROL
WATT,0001575793,Energous Corp,Nasdaq,NONE,,control_no_seeded_acquisition_in_stockanalysis_pull,https://www.sec.gov/files/company_tickers_exchange.json,sec_company_tickers_exchange,,,CONTROL
FANG,0001539838,"Diamondback Energy, Inc.",Nasdaq,NONE,,control_no_seeded_acquisition_in_stockanalysis_pull,https://www.sec.gov/files/company_tickers_exchange.json,sec_company_tickers_exchange,,,CONTROL
SNDA,0001043000,"SONIDA SENIOR LIVING, INC.",NYSE,NONE,,control_no_seeded_acquisition_in_stockanalysis_pull,https://www.sec.gov/files/company_tickers_exchange.json,sec_company_tickers_exchange,,,CONTROL
OII,0000073756,OCEANEERING INTERNATIONAL INC,NYSE,NONE,,control_no_seeded_acquisition_in_stockanalysis_pull,https://www.sec.gov/files/company_tickers_exchange.json,sec_company_tickers_exchange,,,CONTROL
PCG,0001004980,PG&E Corp,NYSE,NONE,,control_no_seeded_acquisition_in_stockanalysis_pull,https://www.sec.gov/files/company_tickers_exchange.json,sec_company_tickers_exchange,,,CONTROL
IPW,0001830072,iPower Inc.,Nasdaq,NONE,,control_no_seeded_acquisition_in_stockanalysis_pull,https://www.sec.gov/files/company_tickers_exchange.json,sec_company_tickers_exchange,,,CONTROL
UPS,0001090727,UNITED PARCEL SERVICE INC,NYSE,NONE,,control_no_seeded_acquisition_in_stockanalysis_pull,https://www.sec.gov/files/company_tickers_exchange.json,sec_company_tickers_exchange,,,CONTROL
DDI,0001799567,"DoubleDown Interactive Co., Ltd.",Nasdaq,NONE,,control_no_seeded_acquisition_in_stockanalysis_pull,https://www.sec.gov/files/company_tickers_exchange.json,sec_company_tickers_exchange,,,CONTROL
EMAT,0001866226,Evolution Metals & Technologies Corp.,Nasdaq,NONE,,control_no_seeded_acquisition_in_stockanalysis_pull,https://www.sec.gov/files/company_tickers_exchange.json,sec_company_tickers_exchange,,,CONTROL
ABLV,0001957489,Able View Global Inc.,Nasdaq,NONE,,control_no_seeded_acquisition_in_stockanalysis_pull,https://www.sec.gov/files/company_tickers_exchange.json,sec_company_tickers_exchange,,,CONTROL
SWVL,0001875609,Swvl Holdings Corp,Nasdaq,NONE,,control_no_seeded_acquisition_in_stockanalysis_pull,https://www.sec.gov/files/company_tickers_exchange.json,sec_company_tickers_exchange,,,CONTROL
CHSCM,0000823277,CHS INC,Nasdaq,NONE,,control_no_seeded_acquisition_in_stockanalysis_pull,https://www.sec.gov/files/company_tickers_exchange.json,sec_company_tickers_exchange,,,CONTROL
FBRT-PE,0001562528,"Franklin BSP Realty Trust, Inc.",NYSE,NONE,,control_no_seeded_acquisition_in_stockanalysis_pull,https://www.sec.gov/files/company_tickers_exchange.json,sec_company_tickers_exchange,,,CONTROL
ODTX,0001882782,"Odyssey Therapeutics, Inc.",Nasdaq,NONE,,control_no_seeded_acquisition_in_stockanalysis_pull,https://www.sec.gov/files/company_tickers_exchange.json,sec_company_tickers_exchange,,,CONTROL
