cik,ticker,date,event_60d,predicted_probability_60d,rank
0000882291,AEMD,2001-07-30,0,2.2827372310634665e-07,1.0
0000882291,AEMD,2001-07-31,0,2.2827372310634665e-07,1.0
0000882291,AEMD,2001-08-01,0,2.2827372310634665e-07,1.0
0000882291,AEMD,2001-08-02,0,2.2827372310634665e-07,1.0
0000882291,AEMD,2001-08-03,0,2.2827372310634665e-07,1.0
0000882291,AEMD,2001-08-06,0,2.2827372310634665e-07,1.0
0000882291,AEMD,2001-08-07,0,2.2827372310634665e-07,1.0
0000882291,AEMD,2001-08-08,0,2.2827372310634665e-07,1.0
0000882291,AEMD,2001-08-09,0,2.2827372310634665e-07,1.0
0000882291,AEMD,2001-08-10,0,2.2827372310634665e-07,1.0
0000882291,AEMD,2001-08-13,0,2.2827372310634665e-07,1.0
0000882291,AEMD,2001-08-14,0,2.2827372310634665e-07,1.0
0000882291,AEMD,2001-08-15,0,2.2827372310634665e-07,1.0
0000882291,AEMD,2001-08-16,0,2.2827372310634665e-07,1.0
0000882291,AEMD,2001-08-17,0,2.2827372310634665e-07,1.0
0000882291,AEMD,2001-08-20,0,2.2827372310634665e-07,1.0
0000882291,AEMD,2001-08-21,0,2.2827372310634665e-07,1.0
0000882291,AEMD,2001-08-22,0,2.2827372310634665e-07,1.0
0000882291,AEMD,2001-08-23,0,2.2827372310634665e-07,1.0
0000882291,AEMD,2001-08-24,0,2.2827372310634665e-07,1.0
0000882291,AEMD,2001-08-27,0,2.2827372310634665e-07,1.0
0000882291,AEMD,2001-08-28,0,2.2827372310634665e-07,1.0
0000882291,AEMD,2001-08-29,0,5.59378012599289e-07,1.0
0000882291,AEMD,2001-08-30,0,5.59378012599289e-07,1.0
0000882291,AEMD,2001-08-31,0,5.59378012599289e-07,1.0
0000882291,AEMD,2001-09-03,0,5.59378012599289e-07,1.0
0000882291,AEMD,2001-09-04,0,5.59378012599289e-07,1.0
0000882291,AEMD,2001-09-05,0,5.59378012599289e-07,1.0
0000882291,AEMD,2001-09-06,0,5.59378012599289e-07,1.0
0000882291,AEMD,2001-09-07,0,5.59378012599289e-07,1.0
0000882291,AEMD,2001-09-10,0,5.59378012599289e-07,1.0
0000882291,AEMD,2001-09-11,0,5.59378012599289e-07,1.0
0000882291,AEMD,2001-09-12,0,5.59378012599289e-07,1.0
0000882291,AEMD,2001-09-13,0,5.59378012599289e-07,1.0
0000882291,AEMD,2001-09-14,0,5.59378012599289e-07,1.0
0000882291,AEMD,2001-09-17,0,5.59378012599289e-07,1.0
0000882291,AEMD,2001-09-18,0,5.59378012599289e-07,1.0
0000882291,AEMD,2001-09-19,0,5.59378012599289e-07,1.0
0000882291,AEMD,2001-09-20,0,5.59378012599289e-07,1.0
0000882291,AEMD,2001-09-21,0,5.59378012599289e-07,1.0
0000882291,AEMD,2001-09-24,0,5.59378012599289e-07,1.0
0000882291,AEMD,2001-09-25,0,5.59378012599289e-07,1.0
0000882291,AEMD,2001-09-26,0,5.59378012599289e-07,1.0
0000882291,AEMD,2001-09-27,0,5.59378012599289e-07,1.0
0000882291,AEMD,2001-09-28,0,5.59378012599289e-07,1.0
0000882291,AEMD,2001-10-01,0,5.59378012599289e-07,1.0
0000882291,AEMD,2001-10-02,0,5.59378012599289e-07,1.0
0000882291,AEMD,2001-10-03,0,5.59378012599289e-07,1.0
0000882291,AEMD,2001-10-04,0,5.59378012599289e-07,1.0
0000882291,AEMD,2001-10-05,0,5.59378012599289e-07,1.0
0000882291,AEMD,2001-10-08,0,5.59378012599289e-07,1.0
0000882291,AEMD,2001-10-09,0,5.59378012599289e-07,1.0
0000882291,AEMD,2001-10-10,0,5.59378012599289e-07,1.0
0000882291,AEMD,2001-10-11,0,5.59378012599289e-07,1.0
0000882291,AEMD,2001-10-12,0,5.59378012599289e-07,1.0
0000882291,AEMD,2001-10-15,0,5.59378012599289e-07,1.0
0000882291,AEMD,2001-10-16,0,5.59378012599289e-07,1.0
0000882291,AEMD,2001-10-17,0,5.59378012599289e-07,1.0
0000882291,AEMD,2001-10-18,0,5.59378012599289e-07,1.0
0000882291,AEMD,2001-10-19,0,5.59378012599289e-07,1.0
0000882291,AEMD,2001-10-22,0,5.59378012599289e-07,1.0
0000882291,AEMD,2001-10-23,0,5.59378012599289e-07,1.0
0000882291,AEMD,2001-10-24,0,5.59378012599289e-07,1.0
0000882291,AEMD,2001-10-25,0,5.59378012599289e-07,1.0
0000882291,AEMD,2001-10-26,0,5.59378012599289e-07,1.0
0000882291,AEMD,2001-10-29,0,9.978718280660998e-08,1.0
0000882291,AEMD,2001-10-30,0,9.978718280660998e-08,1.0
0000882291,AEMD,2001-10-31,0,9.978718280660998e-08,1.0
0000882291,AEMD,2001-11-01,0,9.978718280660998e-08,1.0
0000882291,AEMD,2001-11-02,0,9.978718280660998e-08,1.0
0000882291,AEMD,2001-11-05,0,9.978718280660998e-08,1.0
0000882291,AEMD,2001-11-06,0,9.978718280660998e-08,1.0
0000882291,AEMD,2001-11-07,0,9.978718280660998e-08,1.0
0000882291,AEMD,2001-11-08,0,9.978718280660998e-08,1.0
0000882291,AEMD,2001-11-09,0,9.978718280660998e-08,1.0
0000882291,AEMD,2001-11-12,0,9.978718280660998e-08,1.0
0000882291,AEMD,2001-11-13,0,9.978718280660998e-08,1.0
0000882291,AEMD,2001-11-14,0,9.978718280660998e-08,1.0
0000882291,AEMD,2001-11-15,0,9.978718280660998e-08,1.0
0000882291,AEMD,2001-11-16,0,9.978718280660998e-08,1.0
0000882291,AEMD,2001-11-19,0,9.978718280660998e-08,1.0
0000882291,AEMD,2001-11-20,0,9.978718280660998e-08,1.0
0000882291,AEMD,2001-11-21,0,9.978718280660998e-08,1.0
0000882291,AEMD,2001-11-22,0,9.978718280660998e-08,1.0
0000882291,AEMD,2001-11-23,0,9.978718280660998e-08,1.0
0000882291,AEMD,2001-11-26,0,9.978718280660998e-08,1.0
0000882291,AEMD,2001-11-27,0,9.978718280660998e-08,1.0
0000882291,AEMD,2001-11-28,0,9.978718280660998e-08,1.0
0000882291,AEMD,2001-11-29,0,9.978718280660998e-08,1.0
0000882291,AEMD,2001-11-30,0,9.978718280660998e-08,1.0
0000882291,AEMD,2001-12-03,0,9.978718280660998e-08,1.0
0000882291,AEMD,2001-12-04,0,9.978718280660998e-08,1.0
0000882291,AEMD,2001-12-05,0,9.978718280660998e-08,1.0
0000882291,AEMD,2001-12-06,0,9.978718280660998e-08,1.0
0000882291,AEMD,2001-12-07,0,9.978718280660998e-08,1.0
0000882291,AEMD,2001-12-10,0,9.978718280660998e-08,1.0
0000882291,AEMD,2001-12-11,0,9.978718280660998e-08,1.0
0000882291,AEMD,2001-12-12,0,9.978718280660998e-08,1.0
0000882291,AEMD,2001-12-13,0,9.978718280660998e-08,1.0
0000882291,AEMD,2001-12-14,0,9.978718280660998e-08,1.0
0000882291,AEMD,2001-12-17,0,9.978718280660998e-08,1.0
0000882291,AEMD,2001-12-18,0,9.978718280660998e-08,1.0
0000882291,AEMD,2001-12-19,0,9.978718280660998e-08,1.0
0000882291,AEMD,2001-12-20,0,9.978718280660998e-08,1.0
0000882291,AEMD,2001-12-21,0,9.978718280660998e-08,1.0
0000882291,AEMD,2001-12-24,0,9.978718280660998e-08,1.0
0000882291,AEMD,2001-12-25,0,9.978718280660998e-08,1.0
0000882291,AEMD,2001-12-26,0,9.978718280660998e-08,1.0
0000882291,AEMD,2001-12-27,0,9.978718280660998e-08,1.0
0000882291,AEMD,2001-12-28,0,9.978718280660998e-08,1.0
0000882291,AEMD,2001-12-31,0,9.978718280660998e-08,1.0
0000882291,AEMD,2002-01-01,0,9.978718280660998e-08,1.0
0000882291,AEMD,2002-01-02,0,9.978718280660998e-08,1.0
0000882291,AEMD,2002-01-03,0,9.978718280660998e-08,1.0
0000882291,AEMD,2002-01-04,0,9.978718280660998e-08,1.0
0000882291,AEMD,2002-01-07,0,9.978718280660998e-08,1.0
0000882291,AEMD,2002-01-08,0,9.978718280660998e-08,1.0
0000882291,AEMD,2002-01-09,0,9.978718280660998e-08,1.0
0000882291,AEMD,2002-01-10,0,9.978718280660998e-08,1.0
0000882291,AEMD,2002-01-11,0,9.978718280660998e-08,1.0
0000882291,AEMD,2002-01-14,0,9.978718280660998e-08,1.0
0000882291,AEMD,2002-01-15,0,9.978718280660998e-08,1.0
0000882291,AEMD,2002-01-16,0,9.978718280660998e-08,1.0
0000882291,AEMD,2002-01-17,0,9.978718280660998e-08,1.0
0000882291,AEMD,2002-01-18,0,9.978718280660998e-08,1.0
0000882291,AEMD,2002-01-21,0,9.978718280660998e-08,1.0
0000882291,AEMD,2002-01-22,0,9.978718280660998e-08,1.0
0000882291,AEMD,2002-01-23,0,9.978718280660998e-08,1.0
0000882291,AEMD,2002-01-24,0,9.978718280660998e-08,1.0
0000882291,AEMD,2002-01-25,0,9.978718280660998e-08,1.0
0000882291,AEMD,2002-01-28,0,2.5027996126351376e-07,1.0
0000882291,AEMD,2002-01-29,0,2.5027996126351376e-07,1.0
0000882291,AEMD,2002-01-30,0,2.5027996126351376e-07,1.0
0000882291,AEMD,2002-01-31,0,2.5027996126351376e-07,1.0
0000882291,AEMD,2002-02-01,0,2.5027996126351376e-07,1.0
0000882291,AEMD,2002-02-04,0,2.5027996126351376e-07,1.0
0000882291,AEMD,2002-02-05,0,2.5027996126351376e-07,1.0
0000882291,AEMD,2002-02-06,0,2.5027996126351376e-07,1.0
0000882291,AEMD,2002-02-07,0,2.5027996126351376e-07,1.0
0000882291,AEMD,2002-02-08,0,2.5027996126351376e-07,1.0
0000882291,AEMD,2002-02-11,0,2.5027996126351376e-07,1.0
0000882291,AEMD,2002-02-12,0,2.5027996126351376e-07,1.0
0000882291,AEMD,2002-02-13,0,2.5027996126351376e-07,1.0
0000882291,AEMD,2002-02-14,0,2.5027996126351376e-07,1.0
0000882291,AEMD,2002-02-15,0,2.5027996126351376e-07,1.0
0000882291,AEMD,2002-02-18,0,2.5027996126351376e-07,1.0
0000882291,AEMD,2002-02-19,0,2.5027996126351376e-07,1.0
0000882291,AEMD,2002-02-20,0,2.5027996126351376e-07,1.0
0000882291,AEMD,2002-02-21,0,2.5027996126351376e-07,1.0
0000882291,AEMD,2002-02-22,0,2.5027996126351376e-07,1.0
0000882291,AEMD,2002-02-25,0,2.5027996126351376e-07,1.0
0000882291,AEMD,2002-02-26,0,2.5027996126351376e-07,1.0
0000882291,AEMD,2002-02-27,0,2.5027996126351376e-07,1.0
0000882291,AEMD,2002-02-28,0,2.5027996126351376e-07,1.0
0000882291,AEMD,2002-03-01,0,2.5027996126351376e-07,1.0
0000882291,AEMD,2002-03-04,0,2.5027996126351376e-07,1.0
0000882291,AEMD,2002-03-05,0,2.5027996126351376e-07,1.0
0000882291,AEMD,2002-03-06,0,2.5027996126351376e-07,1.0
0000882291,AEMD,2002-03-07,0,2.5027996126351376e-07,1.0
0000882291,AEMD,2002-03-08,0,2.5027996126351376e-07,1.0
0000882291,AEMD,2002-03-11,0,2.5027996126351376e-07,1.0
0000882291,AEMD,2002-03-12,0,2.5027996126351376e-07,1.0
0000882291,AEMD,2002-03-13,0,2.5027996126351376e-07,1.0
0000882291,AEMD,2002-03-14,0,2.5027996126351376e-07,1.0
0000882291,AEMD,2002-03-15,0,2.5027996126351376e-07,1.0
0000882291,AEMD,2002-03-18,0,2.5027996126351376e-07,1.0
0000882291,AEMD,2002-03-19,0,2.5027996126351376e-07,1.0
0000882291,AEMD,2002-03-20,0,2.5027996126351376e-07,1.0
0000882291,AEMD,2002-03-21,0,2.5027996126351376e-07,1.0
0000882291,AEMD,2002-03-22,0,2.5027996126351376e-07,1.0
0000882291,AEMD,2002-03-25,0,2.5027996126351376e-07,1.0
0000882291,AEMD,2002-03-26,0,2.5027996126351376e-07,1.0
0000882291,AEMD,2002-03-27,0,2.5027996126351376e-07,1.0
0000882291,AEMD,2002-03-28,0,2.5027996126351376e-07,1.0
0000882291,AEMD,2002-03-29,0,2.5027996126351376e-07,1.0
0000882291,AEMD,2002-04-01,0,2.5027996126351376e-07,1.0
0000882291,AEMD,2002-04-02,0,2.5027996126351376e-07,1.0
0000882291,AEMD,2002-04-03,0,2.5027996126351376e-07,1.0
0000882291,AEMD,2002-04-04,0,2.5027996126351376e-07,1.0
0000882291,AEMD,2002-04-05,0,2.5027996126351376e-07,1.0
0000882291,AEMD,2002-04-08,0,2.5027996126351376e-07,1.0
0000882291,AEMD,2002-04-09,0,2.5027996126351376e-07,1.0
0000882291,AEMD,2002-04-10,0,2.5027996126351376e-07,1.0
0000882291,AEMD,2002-04-11,0,2.5027996126351376e-07,1.0
0000882291,AEMD,2002-04-12,0,2.5027996126351376e-07,1.0
0000882291,AEMD,2002-04-15,0,2.5027996126351376e-07,1.0
0000882291,AEMD,2002-04-16,0,2.5027996126351376e-07,1.0
0000882291,AEMD,2002-04-17,0,2.5027996126351376e-07,1.0
0000882291,AEMD,2002-04-18,0,2.5027996126351376e-07,1.0
0000882291,AEMD,2002-04-19,0,2.5027996126351376e-07,1.0
0000882291,AEMD,2002-04-22,0,2.5027996126351376e-07,1.0
0000882291,AEMD,2002-04-23,0,2.5027996126351376e-07,1.0
0000882291,AEMD,2002-04-24,0,2.5027996126351376e-07,1.0
0000882291,AEMD,2002-04-25,0,2.5027996126351376e-07,1.0
0000882291,AEMD,2002-04-26,0,2.5027996126351376e-07,1.0
0000882291,AEMD,2002-04-29,0,2.5027996126351376e-07,1.0
0000882291,AEMD,2002-04-30,0,2.5027996126351376e-07,1.0
0000882291,AEMD,2002-05-01,0,2.5027996126351376e-07,1.0
0000882291,AEMD,2002-05-02,0,2.5027996126351376e-07,1.0
0000882291,AEMD,2002-05-03,0,2.5027996126351376e-07,1.0
0000882291,AEMD,2002-05-06,0,2.5027996126351376e-07,1.0
0000882291,AEMD,2002-05-07,0,2.5027996126351376e-07,1.0
0000882291,AEMD,2002-05-08,0,2.5027996126351376e-07,1.0
0000882291,AEMD,2002-05-09,0,2.5027996126351376e-07,1.0
0000882291,AEMD,2002-05-10,0,2.5027996126351376e-07,1.0
0000882291,AEMD,2002-05-13,0,2.5027996126351376e-07,1.0
0000882291,AEMD,2002-05-14,0,2.5027996126351376e-07,1.0
0000882291,AEMD,2002-05-15,0,2.5027996126351376e-07,1.0
0000882291,AEMD,2002-05-16,0,2.5027996126351376e-07,1.0
0000882291,AEMD,2002-05-17,0,2.5027996126351376e-07,1.0
0000882291,AEMD,2002-05-20,0,2.5027996126351376e-07,1.0
0000882291,AEMD,2002-05-21,0,2.5027996126351376e-07,1.0
0000882291,AEMD,2002-05-22,0,2.5027996126351376e-07,1.0
0000882291,AEMD,2002-05-23,0,2.5027996126351376e-07,1.0
0000882291,AEMD,2002-05-24,0,2.5027996126351376e-07,1.0
0000882291,AEMD,2002-05-27,0,2.5027996126351376e-07,1.0
0000882291,AEMD,2002-05-28,0,2.5027996126351376e-07,1.0
0000882291,AEMD,2002-05-29,0,2.5027996126351376e-07,1.0
0000882291,AEMD,2002-05-30,0,2.5027996126351376e-07,1.0
0000882291,AEMD,2002-05-31,0,2.5027996126351376e-07,1.0
0000882291,AEMD,2002-06-03,0,2.5027996126351376e-07,1.0
0000882291,AEMD,2002-06-04,0,2.5027996126351376e-07,1.0
0000882291,AEMD,2002-06-05,0,2.5027996126351376e-07,1.0
0000882291,AEMD,2002-06-06,0,2.5027996126351376e-07,1.0
0000882291,AEMD,2002-06-07,0,2.5027996126351376e-07,1.0
0000882291,AEMD,2002-06-10,0,2.5027996126351376e-07,1.0
0000882291,AEMD,2002-06-11,0,2.5027996126351376e-07,1.0
0000882291,AEMD,2002-06-12,0,2.5027996126351376e-07,1.0
0000882291,AEMD,2002-06-13,0,2.5027996126351376e-07,1.0
0000882291,AEMD,2002-06-14,0,2.5027996126351376e-07,1.0
0000882291,AEMD,2002-06-17,0,2.5027996126351376e-07,1.0
0000882291,AEMD,2002-06-18,0,2.5027996126351376e-07,1.0
0000882291,AEMD,2002-06-19,0,2.5027996126351376e-07,1.0
0000882291,AEMD,2002-06-20,0,2.5027996126351376e-07,1.0
0000882291,AEMD,2002-06-21,0,2.5027996126351376e-07,1.0
0000882291,AEMD,2002-06-24,0,2.5027996126351376e-07,1.0
0000882291,AEMD,2002-06-25,0,2.5027996126351376e-07,1.0
0000882291,AEMD,2002-06-26,0,2.5027996126351376e-07,1.0
0000882291,AEMD,2002-06-27,0,2.5027996126351376e-07,1.0
0000882291,AEMD,2002-06-28,0,2.5027996126351376e-07,1.0
0000882291,AEMD,2002-07-01,0,2.5027996126351376e-07,1.0
0000882291,AEMD,2002-07-02,0,2.5027996126351376e-07,1.0
0000882291,AEMD,2002-07-03,0,2.5027996126351376e-07,1.0
0000882291,AEMD,2002-07-04,0,2.5027996126351376e-07,1.0
0000882291,AEMD,2002-07-05,0,2.5027996126351376e-07,1.0
0000882291,AEMD,2002-07-08,0,2.5027996126351376e-07,1.0
0000882291,AEMD,2002-07-09,0,2.5027996126351376e-07,1.0
0000882291,AEMD,2002-07-10,0,2.5027996126351376e-07,1.0
0000882291,AEMD,2002-07-11,0,2.5027996126351376e-07,1.0
0000882291,AEMD,2002-07-12,0,2.5027996126351376e-07,1.0
0000882291,AEMD,2002-07-15,0,2.5027996126351376e-07,1.0
0000882291,AEMD,2002-07-16,0,2.5027996126351376e-07,1.0
0000882291,AEMD,2002-07-17,0,2.5027996126351376e-07,1.0
0000882291,AEMD,2002-07-18,0,2.5027996126351376e-07,1.0
0000882291,AEMD,2002-07-19,0,2.5027996126351376e-07,1.0
0000882291,AEMD,2002-07-22,0,2.5027996126351376e-07,1.0
0000882291,AEMD,2002-07-23,0,2.5027996126351376e-07,1.0
0000882291,AEMD,2002-07-24,0,2.5027996126351376e-07,1.0
0000882291,AEMD,2002-07-25,0,2.5027996126351376e-07,1.0
0000882291,AEMD,2002-07-26,0,2.5027996126351376e-07,1.0
0000882291,AEMD,2002-07-29,0,2.5027996126351376e-07,1.0
0000882291,AEMD,2002-07-30,0,2.5027996126351376e-07,1.0
0000882291,AEMD,2002-07-31,0,2.5027996126351376e-07,1.0
0000882291,AEMD,2002-08-01,0,2.5027996126351376e-07,1.0
0000882291,AEMD,2002-08-02,0,2.5027996126351376e-07,1.0
0000882291,AEMD,2002-08-05,0,2.5027996126351376e-07,1.0
0000882291,AEMD,2002-08-06,0,2.5027996126351376e-07,1.0
0000882291,AEMD,2002-08-07,0,2.5027996126351376e-07,1.0
0000882291,AEMD,2002-08-08,0,2.5027996126351376e-07,1.0
0000882291,AEMD,2002-08-09,0,2.5027996126351376e-07,1.0
0000882291,AEMD,2002-08-12,0,2.5027996126351376e-07,1.0
0000882291,AEMD,2002-08-13,0,2.5027996126351376e-07,1.0
0000882291,AEMD,2002-08-14,0,2.5027996126351376e-07,1.0
0000882291,AEMD,2002-08-15,0,2.5027996126351376e-07,1.0
0000882291,AEMD,2002-08-16,0,2.5027996126351376e-07,1.0
0000882291,AEMD,2002-08-19,0,2.5027996126351376e-07,1.0
0000882291,AEMD,2002-08-20,0,2.5027996126351376e-07,1.0
0000882291,AEMD,2002-08-21,0,2.5027996126351376e-07,1.0
0000882291,AEMD,2002-08-22,0,2.5027996126351376e-07,1.0
0000882291,AEMD,2002-08-23,0,2.5027996126351376e-07,1.0
0000882291,AEMD,2002-08-26,0,2.5027996126351376e-07,1.0
0000882291,AEMD,2002-08-27,0,2.5027996126351376e-07,1.0
0000882291,AEMD,2002-08-28,0,2.5027996126351376e-07,1.0
0000882291,AEMD,2002-08-29,0,2.5027996126351376e-07,1.0
0000882291,AEMD,2002-08-30,0,2.5027996126351376e-07,1.0
0000882291,AEMD,2002-09-02,0,2.5027996126351376e-07,1.0
0000882291,AEMD,2002-09-03,0,2.5027996126351376e-07,1.0
0000882291,AEMD,2002-09-04,0,2.5027996126351376e-07,1.0
0000882291,AEMD,2002-09-05,0,2.5027996126351376e-07,1.0
0000882291,AEMD,2002-09-06,0,2.5027996126351376e-07,1.0
0000882291,AEMD,2002-09-09,0,2.5027996126351376e-07,1.0
0000882291,AEMD,2002-09-10,0,2.5027996126351376e-07,1.0
0000882291,AEMD,2002-09-11,0,2.5027996126351376e-07,1.0
0000882291,AEMD,2002-09-12,0,2.5027996126351376e-07,1.0
0000882291,AEMD,2002-09-13,0,2.5027996126351376e-07,1.0
0000882291,AEMD,2002-09-16,0,2.5027996126351376e-07,1.0
0000882291,AEMD,2002-09-17,0,2.5027996126351376e-07,1.0
0000882291,AEMD,2002-09-18,0,2.5027996126351376e-07,1.0
0000882291,AEMD,2002-09-19,0,2.5027996126351376e-07,1.0
0000882291,AEMD,2002-09-20,0,2.5027996126351376e-07,1.0
0000882291,AEMD,2002-09-23,0,2.5027996126351376e-07,1.0
0000882291,AEMD,2002-09-24,0,2.5027996126351376e-07,1.0
0000882291,AEMD,2002-09-25,0,2.5027996126351376e-07,1.0
0000882291,AEMD,2002-09-26,0,2.5027996126351376e-07,1.0
0000882291,AEMD,2002-09-27,0,2.5027996126351376e-07,1.0
0000882291,AEMD,2002-09-30,0,2.5027996126351376e-07,1.0
0000882291,AEMD,2002-10-01,0,2.5027996126351376e-07,1.0
0000882291,AEMD,2002-10-02,0,2.5027996126351376e-07,1.0
0000882291,AEMD,2002-10-03,0,2.5027996126351376e-07,1.0
0000882291,AEMD,2002-10-04,0,2.5027996126351376e-07,1.0
0000882291,AEMD,2002-10-07,0,2.5027996126351376e-07,1.0
0000882291,AEMD,2002-10-08,0,2.5027996126351376e-07,1.0
0000882291,AEMD,2002-10-09,0,2.5027996126351376e-07,1.0
0000882291,AEMD,2002-10-10,0,2.5027996126351376e-07,1.0
0000882291,AEMD,2002-10-11,0,2.5027996126351376e-07,1.0
0000882291,AEMD,2002-10-14,0,2.5027996126351376e-07,1.0
0000882291,AEMD,2002-10-15,0,2.5027996126351376e-07,1.0
0000882291,AEMD,2002-10-16,0,2.5027996126351376e-07,1.0
0000882291,AEMD,2002-10-17,0,2.5027996126351376e-07,1.0
0000882291,AEMD,2002-10-18,0,2.5027996126351376e-07,1.0
0000882291,AEMD,2002-10-21,0,2.5027996126351376e-07,1.0
0000882291,AEMD,2002-10-22,0,2.5027996126351376e-07,1.0
0000882291,AEMD,2002-10-23,0,2.5027996126351376e-07,1.0
0000882291,AEMD,2002-10-24,0,2.5027996126351376e-07,1.0
0000882291,AEMD,2002-10-25,0,2.5027996126351376e-07,1.0
0000882291,AEMD,2002-10-28,0,2.5027996126351376e-07,1.0
0000882291,AEMD,2002-10-29,0,2.5027996126351376e-07,1.0
0000882291,AEMD,2002-10-30,0,2.5027996126351376e-07,1.0
0000882291,AEMD,2002-10-31,0,2.5027996126351376e-07,1.0
0000882291,AEMD,2002-11-01,0,2.5027996126351376e-07,1.0
0000882291,AEMD,2002-11-04,0,2.5027996126351376e-07,1.0
0000882291,AEMD,2002-11-05,0,2.5027996126351376e-07,1.0
0000882291,AEMD,2002-11-06,0,2.5027996126351376e-07,1.0
0000882291,AEMD,2002-11-07,0,2.5027996126351376e-07,1.0
0000882291,AEMD,2002-11-08,0,2.5027996126351376e-07,1.0
0000882291,AEMD,2002-11-11,0,2.5027996126351376e-07,1.0
0000882291,AEMD,2002-11-12,0,2.5027996126351376e-07,1.0
0000882291,AEMD,2002-11-13,0,2.5027996126351376e-07,1.0
0000882291,AEMD,2002-11-14,0,2.5027996126351376e-07,1.0
0000882291,AEMD,2002-11-15,0,2.5027996126351376e-07,1.0
0000882291,AEMD,2002-11-18,0,2.5027996126351376e-07,1.0
0000882291,AEMD,2002-11-19,0,2.5027996126351376e-07,1.0
0000882291,AEMD,2002-11-20,0,2.5027996126351376e-07,1.0
0000882291,AEMD,2002-11-21,0,2.5027996126351376e-07,1.0
0000882291,AEMD,2002-11-22,0,2.5027996126351376e-07,1.0
0000882291,AEMD,2002-11-25,0,2.5027996126351376e-07,1.0
0000882291,AEMD,2002-11-26,0,2.5027996126351376e-07,1.0
0000882291,AEMD,2002-11-27,0,2.5027996126351376e-07,1.0
0000882291,AEMD,2002-11-28,0,2.5027996126351376e-07,1.0
0000882291,AEMD,2002-11-29,0,2.5027996126351376e-07,1.0
0000882291,AEMD,2002-12-02,0,2.5027996126351376e-07,1.0
0000882291,AEMD,2002-12-03,0,2.5027996126351376e-07,1.0
0000882291,AEMD,2002-12-04,0,2.5027996126351376e-07,1.0
0000882291,AEMD,2002-12-05,0,2.5027996126351376e-07,1.0
0000882291,AEMD,2002-12-06,0,2.5027996126351376e-07,1.0
0000882291,AEMD,2002-12-09,0,2.5027996126351376e-07,1.0
0000882291,AEMD,2002-12-10,0,2.5027996126351376e-07,1.0
0000882291,AEMD,2002-12-11,0,2.5027996126351376e-07,1.0
0000882291,AEMD,2002-12-12,0,2.5027996126351376e-07,1.0
0000882291,AEMD,2002-12-13,0,2.5027996126351376e-07,1.0
0000882291,AEMD,2002-12-16,0,2.5027996126351376e-07,1.0
0000882291,AEMD,2002-12-17,0,2.5027996126351376e-07,1.0
0000882291,AEMD,2002-12-18,0,2.5027996126351376e-07,1.0
0000882291,AEMD,2002-12-19,0,2.5027996126351376e-07,1.0
0000882291,AEMD,2002-12-20,0,2.5027996126351376e-07,1.0
0000882291,AEMD,2002-12-23,0,2.5027996126351376e-07,1.0
0000882291,AEMD,2002-12-24,0,2.5027996126351376e-07,1.0
0000882291,AEMD,2002-12-25,0,2.5027996126351376e-07,1.0
0000882291,AEMD,2002-12-26,0,2.5027996126351376e-07,1.0
0000882291,AEMD,2002-12-27,0,2.5027996126351376e-07,1.0
0000882291,AEMD,2002-12-30,0,2.5027996126351376e-07,1.0
0000882291,AEMD,2002-12-31,0,2.5027996126351376e-07,1.0
0000882291,AEMD,2003-01-01,0,2.5027996126351376e-07,1.0
0000882291,AEMD,2003-01-02,0,2.5027996126351376e-07,1.0
0000882291,AEMD,2003-01-03,0,2.5027996126351376e-07,1.0
0000882291,AEMD,2003-01-06,0,2.5027996126351376e-07,1.0
0000882291,AEMD,2003-01-07,0,2.5027996126351376e-07,1.0
0000882291,AEMD,2003-01-08,0,2.5027996126351376e-07,1.0
0000882291,AEMD,2003-01-09,0,2.5027996126351376e-07,1.0
0000882291,AEMD,2003-01-10,0,2.5027996126351376e-07,1.0
0000882291,AEMD,2003-01-13,0,2.5027996126351376e-07,1.0
0000882291,AEMD,2003-01-14,0,2.5027996126351376e-07,1.0
0000882291,AEMD,2003-01-15,0,2.5027996126351376e-07,1.0
0000882291,AEMD,2003-01-16,0,2.5027996126351376e-07,1.0
0000882291,AEMD,2003-01-17,0,2.5027996126351376e-07,1.0
0000882291,AEMD,2003-01-20,0,2.5027996126351376e-07,1.0
0000882291,AEMD,2003-01-21,0,2.5027996126351376e-07,1.0
0000882291,AEMD,2003-01-22,0,2.5027996126351376e-07,1.0
0000882291,AEMD,2003-01-23,0,2.5027996126351376e-07,1.0
0000882291,AEMD,2003-01-24,0,2.5027996126351376e-07,1.0
0000882291,AEMD,2003-01-27,0,2.5027996126351376e-07,1.0
0000882291,AEMD,2003-01-28,0,2.5027996126351376e-07,1.0
0000882291,AEMD,2003-01-29,0,2.5027996126351376e-07,1.0
0000882291,AEMD,2003-01-30,0,2.5027996126351376e-07,1.0
0000882291,AEMD,2003-01-31,0,2.5027996126351376e-07,1.0
0000882291,AEMD,2003-02-03,0,2.5027996126351376e-07,1.0
0000882291,AEMD,2003-02-04,0,2.5027996126351376e-07,1.0
0000882291,AEMD,2003-02-05,0,2.5027996126351376e-07,1.0
0000882291,AEMD,2003-02-06,0,2.5027996126351376e-07,1.0
0000882291,AEMD,2003-02-07,0,2.5027996126351376e-07,1.0
0000882291,AEMD,2003-02-10,0,2.5027996126351376e-07,1.0
0000882291,AEMD,2003-02-11,0,2.5027996126351376e-07,1.0
0000882291,AEMD,2003-02-12,0,2.5027996126351376e-07,1.0
0000882291,AEMD,2003-02-13,0,2.5027996126351376e-07,1.0
0000882291,AEMD,2003-02-14,0,2.5027996126351376e-07,1.0
0000882291,AEMD,2003-02-17,0,2.5027996126351376e-07,1.0
0000882291,AEMD,2003-02-18,0,2.5027996126351376e-07,1.0
0000882291,AEMD,2003-02-19,0,2.5027996126351376e-07,1.0
0000882291,AEMD,2003-02-20,0,2.5027996126351376e-07,1.0
0000882291,AEMD,2003-02-21,0,2.5027996126351376e-07,1.0
0000882291,AEMD,2003-02-24,0,2.5027996126351376e-07,1.0
0000882291,AEMD,2003-02-25,0,2.5027996126351376e-07,1.0
0000882291,AEMD,2003-02-26,0,2.5027996126351376e-07,1.0
0000882291,AEMD,2003-02-27,0,2.5027996126351376e-07,1.0
0000882291,AEMD,2003-02-28,0,2.5027996126351376e-07,1.0
0000882291,AEMD,2003-03-03,0,2.5027996126351376e-07,1.0
0000882291,AEMD,2003-03-04,0,2.5027996126351376e-07,1.0
0000882291,AEMD,2003-03-05,0,2.5027996126351376e-07,1.0
0000882291,AEMD,2003-03-06,0,2.5027996126351376e-07,1.0
0000882291,AEMD,2003-03-07,0,2.5027996126351376e-07,1.0
0000882291,AEMD,2003-03-10,0,2.5027996126351376e-07,1.0
0000882291,AEMD,2003-03-11,0,2.5027996126351376e-07,1.0
0000882291,AEMD,2003-03-12,0,2.5027996126351376e-07,1.0
0000882291,AEMD,2003-03-13,0,2.5027996126351376e-07,1.0
0000882291,AEMD,2003-03-14,0,2.5027996126351376e-07,1.0
0000882291,AEMD,2003-03-17,0,2.5027996126351376e-07,1.0
0000882291,AEMD,2003-03-18,0,2.5027996126351376e-07,1.0
0000882291,AEMD,2003-03-19,0,2.5027996126351376e-07,1.0
0000882291,AEMD,2003-03-20,0,2.5027996126351376e-07,1.0
0000882291,AEMD,2003-03-21,0,2.5027996126351376e-07,1.0
0000882291,AEMD,2003-03-24,0,2.5027996126351376e-07,1.0
0000882291,AEMD,2003-03-25,0,2.5027996126351376e-07,1.0
0000882291,AEMD,2003-03-26,0,2.5027996126351376e-07,1.0
0000882291,AEMD,2003-03-27,0,2.5027996126351376e-07,1.0
0000882291,AEMD,2003-03-28,0,2.5027996126351376e-07,1.0
0000882291,AEMD,2003-03-31,0,2.5027996126351376e-07,1.0
0000882291,AEMD,2003-04-01,0,2.5027996126351376e-07,1.0
0000882291,AEMD,2003-04-02,0,2.5027996126351376e-07,1.0
0000882291,AEMD,2003-04-03,0,2.5027996126351376e-07,1.0
0000882291,AEMD,2003-04-04,0,2.5027996126351376e-07,1.0
0000882291,AEMD,2003-04-07,0,2.5027996126351376e-07,1.0
0000882291,AEMD,2003-04-08,0,2.5027996126351376e-07,1.0
0000882291,AEMD,2003-04-09,0,2.5027996126351376e-07,1.0
0000882291,AEMD,2003-04-10,0,2.5027996126351376e-07,1.0
0000882291,AEMD,2003-04-11,0,2.5027996126351376e-07,1.0
0000882291,AEMD,2003-04-14,0,2.5027996126351376e-07,1.0
0000882291,AEMD,2003-04-15,0,2.5027996126351376e-07,1.0
0000882291,AEMD,2003-04-16,0,2.5027996126351376e-07,1.0
0000882291,AEMD,2003-04-17,0,2.5027996126351376e-07,1.0
0000882291,AEMD,2003-04-18,0,2.5027996126351376e-07,1.0
0000882291,AEMD,2003-04-21,0,2.5027996126351376e-07,1.0
0000882291,AEMD,2003-04-22,0,2.5027996126351376e-07,1.0
0000882291,AEMD,2003-04-23,0,2.5027996126351376e-07,1.0
0000882291,AEMD,2003-04-24,0,2.5027996126351376e-07,1.0
0000882291,AEMD,2003-04-25,0,2.5027996126351376e-07,1.0
0000882291,AEMD,2003-04-28,0,2.5027996126351376e-07,1.0
0000882291,AEMD,2003-04-29,0,2.5027996126351376e-07,1.0
0000882291,AEMD,2003-04-30,0,2.5027996126351376e-07,1.0
0000882291,AEMD,2003-05-01,0,2.5027996126351376e-07,1.0
0000882291,AEMD,2003-05-02,0,2.5027996126351376e-07,1.0
0000882291,AEMD,2003-05-05,0,2.5027996126351376e-07,1.0
0000882291,AEMD,2003-05-06,0,2.5027996126351376e-07,1.0
0000882291,AEMD,2003-05-07,0,2.5027996126351376e-07,1.0
0000882291,AEMD,2003-05-08,0,2.5027996126351376e-07,1.0
0000882291,AEMD,2003-05-09,0,2.5027996126351376e-07,1.0
0000882291,AEMD,2003-05-12,0,2.5027996126351376e-07,1.0
0000882291,AEMD,2003-05-13,0,2.5027996126351376e-07,1.0
0000882291,AEMD,2003-05-14,0,2.5027996126351376e-07,1.0
0000882291,AEMD,2003-05-15,0,2.5027996126351376e-07,1.0
0000882291,AEMD,2003-05-16,0,2.5027996126351376e-07,1.0
0000882291,AEMD,2003-05-19,0,2.5027996126351376e-07,1.0
0000882291,AEMD,2003-05-20,0,2.5027996126351376e-07,1.0
0000882291,AEMD,2003-05-21,0,2.5027996126351376e-07,1.0
0000882291,AEMD,2003-05-22,0,2.5027996126351376e-07,1.0
0000882291,AEMD,2003-05-23,0,2.5027996126351376e-07,1.0
0000882291,AEMD,2003-05-26,0,2.5027996126351376e-07,1.0
0000882291,AEMD,2003-05-27,0,2.5027996126351376e-07,1.0
0000882291,AEMD,2003-05-28,0,2.5027996126351376e-07,1.0
0000882291,AEMD,2003-05-29,0,2.5027996126351376e-07,1.0
0000882291,AEMD,2003-05-30,0,2.5027996126351376e-07,1.0
0000882291,AEMD,2003-06-02,0,2.5027996126351376e-07,1.0
0000882291,AEMD,2003-06-03,0,2.5027996126351376e-07,1.0
0000882291,AEMD,2003-06-04,0,2.5027996126351376e-07,1.0
0000882291,AEMD,2003-06-05,0,2.5027996126351376e-07,1.0
0000882291,AEMD,2003-06-06,0,2.5027996126351376e-07,1.0
0000882291,AEMD,2003-06-09,0,2.5027996126351376e-07,1.0
0000882291,AEMD,2003-06-10,0,2.5027996126351376e-07,1.0
0000882291,AEMD,2003-06-11,0,2.5027996126351376e-07,1.0
0000882291,AEMD,2003-06-12,0,2.5027996126351376e-07,1.0
0000882291,AEMD,2003-06-13,0,2.5027996126351376e-07,1.0
0000882291,AEMD,2003-06-16,0,2.5027996126351376e-07,1.0
0000882291,AEMD,2003-06-17,0,2.5027996126351376e-07,1.0
0000882291,AEMD,2003-06-18,0,2.5027996126351376e-07,1.0
0000882291,AEMD,2003-06-19,0,2.5027996126351376e-07,1.0
0000882291,AEMD,2003-06-20,0,2.5027996126351376e-07,1.0
0000882291,AEMD,2003-06-23,0,2.5027996126351376e-07,1.0
0000882291,AEMD,2003-06-24,0,2.5027996126351376e-07,1.0
0000882291,AEMD,2003-06-25,0,2.5027996126351376e-07,1.0
0000882291,AEMD,2003-06-26,0,2.5027996126351376e-07,1.0
0000882291,AEMD,2003-06-27,0,2.5027996126351376e-07,1.0
0000882291,AEMD,2003-06-30,0,2.5027996126351376e-07,1.0
0000882291,AEMD,2003-07-01,0,2.5027996126351376e-07,1.0
0000882291,AEMD,2003-07-02,0,2.5027996126351376e-07,1.0
0000882291,AEMD,2003-07-03,0,2.5027996126351376e-07,1.0
0000882291,AEMD,2003-07-04,0,2.5027996126351376e-07,1.0
0000882291,AEMD,2003-07-07,0,2.5027996126351376e-07,1.0
0000882291,AEMD,2003-07-08,0,2.5027996126351376e-07,1.0
0000882291,AEMD,2003-07-09,0,2.5027996126351376e-07,1.0
0000882291,AEMD,2003-07-10,0,2.5027996126351376e-07,1.0
0000882291,AEMD,2003-07-11,0,2.5027996126351376e-07,1.0
0000882291,AEMD,2003-07-14,0,2.5027996126351376e-07,1.0
0000882291,AEMD,2003-07-15,0,2.5027996126351376e-07,1.0
0000882291,AEMD,2003-07-16,0,2.5027996126351376e-07,1.0
0000882291,AEMD,2003-07-17,0,2.5027996126351376e-07,1.0
0000882291,AEMD,2003-07-18,0,2.5027996126351376e-07,1.0
0000882291,AEMD,2003-07-21,0,2.5027996126351376e-07,1.0
0000882291,AEMD,2003-07-22,0,2.5027996126351376e-07,1.0
0000882291,AEMD,2003-07-23,0,2.5027996126351376e-07,1.0
0000882291,AEMD,2003-07-24,0,2.5027996126351376e-07,1.0
0000882291,AEMD,2003-07-25,0,2.5027996126351376e-07,1.0
0000882291,AEMD,2003-07-28,0,2.5027996126351376e-07,1.0
0000882291,AEMD,2003-07-29,0,2.5027996126351376e-07,1.0
0000882291,AEMD,2003-07-30,0,2.5027996126351376e-07,1.0
0000882291,AEMD,2003-07-31,0,2.5027996126351376e-07,1.0
0000882291,AEMD,2003-08-01,0,2.5027996126351376e-07,1.0
0000882291,AEMD,2003-08-04,0,2.5027996126351376e-07,1.0
0000882291,AEMD,2003-08-05,0,2.5027996126351376e-07,1.0
0000882291,AEMD,2003-08-06,0,2.5027996126351376e-07,1.0
0000882291,AEMD,2003-08-07,0,2.5027996126351376e-07,1.0
0000882291,AEMD,2003-08-08,0,2.5027996126351376e-07,1.0
0000882291,AEMD,2003-08-11,0,2.5027996126351376e-07,1.0
0000882291,AEMD,2003-08-12,0,2.5027996126351376e-07,1.0
0000882291,AEMD,2003-08-13,0,2.5027996126351376e-07,1.0
0000882291,AEMD,2003-08-14,0,2.5027996126351376e-07,1.0
0000882291,AEMD,2003-08-15,0,2.5027996126351376e-07,1.0
0000882291,AEMD,2003-08-18,0,2.5027996126351376e-07,1.0
0000882291,AEMD,2003-08-19,0,2.5027996126351376e-07,1.0
0000882291,AEMD,2003-08-20,0,2.5027996126351376e-07,1.0
0000882291,AEMD,2003-08-21,0,2.5027996126351376e-07,1.0
0000882291,AEMD,2003-08-22,0,2.5027996126351376e-07,1.0
0000882291,AEMD,2003-08-25,0,2.5027996126351376e-07,1.0
0000882291,AEMD,2003-08-26,0,2.5027996126351376e-07,1.0
0000882291,AEMD,2003-08-27,0,2.5027996126351376e-07,1.0
0000882291,AEMD,2003-08-28,0,2.5027996126351376e-07,1.0
0000882291,AEMD,2003-08-29,0,2.5027996126351376e-07,1.0
0000882291,AEMD,2003-09-01,0,2.5027996126351376e-07,1.0
0000882291,AEMD,2003-09-02,0,2.5027996126351376e-07,1.0
0000882291,AEMD,2003-09-03,0,2.5027996126351376e-07,1.0
0000882291,AEMD,2003-09-04,0,2.5027996126351376e-07,1.0
0000882291,AEMD,2003-09-05,0,2.5027996126351376e-07,1.0
0000882291,AEMD,2003-09-08,0,2.5027996126351376e-07,1.0
0000882291,AEMD,2003-09-09,0,2.5027996126351376e-07,1.0
0000882291,AEMD,2003-09-10,0,2.5027996126351376e-07,1.0
0000882291,AEMD,2003-09-11,0,2.5027996126351376e-07,1.0
0000882291,AEMD,2003-09-12,0,2.5027996126351376e-07,1.0
0000882291,AEMD,2003-09-15,0,2.5027996126351376e-07,1.0
0000882291,AEMD,2003-09-16,0,2.5027996126351376e-07,1.0
0000882291,AEMD,2003-09-17,0,2.5027996126351376e-07,1.0
0000882291,AEMD,2003-09-18,0,2.5027996126351376e-07,1.0
0000882291,AEMD,2003-09-19,0,2.5027996126351376e-07,1.0
0000882291,AEMD,2003-09-22,0,2.5027996126351376e-07,1.0
0000882291,AEMD,2003-09-23,0,2.5027996126351376e-07,1.0
0000882291,AEMD,2003-09-24,0,2.5027996126351376e-07,1.0
0000882291,AEMD,2003-09-25,0,2.5027996126351376e-07,1.0
0000882291,AEMD,2003-09-26,0,2.5027996126351376e-07,1.0
0000882291,AEMD,2003-09-29,0,2.5027996126351376e-07,1.0
0000882291,AEMD,2003-09-30,0,2.5027996126351376e-07,1.0
0000882291,AEMD,2003-10-01,0,2.5027996126351376e-07,1.0
0000882291,AEMD,2003-10-02,0,2.5027996126351376e-07,1.0
0000882291,AEMD,2003-10-03,0,2.5027996126351376e-07,1.0
0000882291,AEMD,2003-10-06,0,2.5027996126351376e-07,1.0
0000882291,AEMD,2003-10-07,0,2.5027996126351376e-07,1.0
0000882291,AEMD,2003-10-08,0,2.5027996126351376e-07,1.0
0000882291,AEMD,2003-10-09,0,2.5027996126351376e-07,1.0
0000882291,AEMD,2003-10-10,0,2.5027996126351376e-07,1.0
0000882291,AEMD,2003-10-13,0,2.5027996126351376e-07,1.0
0000882291,AEMD,2003-10-14,0,2.5027996126351376e-07,1.0
0000882291,AEMD,2003-10-15,0,2.5027996126351376e-07,1.0
0000882291,AEMD,2003-10-16,0,2.5027996126351376e-07,1.0
0000882291,AEMD,2003-10-17,0,2.5027996126351376e-07,1.0
0000882291,AEMD,2003-10-20,0,2.5027996126351376e-07,1.0
0000882291,AEMD,2003-10-21,0,2.5027996126351376e-07,1.0
0000882291,AEMD,2003-10-22,0,2.5027996126351376e-07,1.0
0000882291,AEMD,2003-10-23,0,2.5027996126351376e-07,1.0
0000882291,AEMD,2003-10-24,0,2.5027996126351376e-07,1.0
0000882291,AEMD,2003-10-27,0,2.5027996126351376e-07,1.0
0000882291,AEMD,2003-10-28,0,2.5027996126351376e-07,1.0
0000882291,AEMD,2003-10-29,0,2.5027996126351376e-07,1.0
0000882291,AEMD,2003-10-30,0,2.5027996126351376e-07,1.0
0000882291,AEMD,2003-10-31,0,2.5027996126351376e-07,1.0
0000882291,AEMD,2003-11-03,0,2.5027996126351376e-07,1.0
0000882291,AEMD,2003-11-04,0,2.5027996126351376e-07,1.0
0000882291,AEMD,2003-11-05,0,2.5027996126351376e-07,1.0
0000882291,AEMD,2003-11-06,0,2.5027996126351376e-07,1.0
0000882291,AEMD,2003-11-07,0,2.5027996126351376e-07,1.0
0000882291,AEMD,2003-11-10,0,2.5027996126351376e-07,1.0
0000882291,AEMD,2003-11-11,0,2.5027996126351376e-07,1.0
0000882291,AEMD,2003-11-12,0,2.5027996126351376e-07,1.0
0000882291,AEMD,2003-11-13,0,2.5027996126351376e-07,1.0
0000882291,AEMD,2003-11-14,0,2.5027996126351376e-07,1.0
0000882291,AEMD,2003-11-17,0,2.5027996126351376e-07,1.0
0000882291,AEMD,2003-11-18,0,2.5027996126351376e-07,1.0
0000882291,AEMD,2003-11-19,0,2.5027996126351376e-07,1.0
0000882291,AEMD,2003-11-20,0,2.5027996126351376e-07,1.0
0000882291,AEMD,2003-11-21,0,2.5027996126351376e-07,1.0
0000882291,AEMD,2003-11-24,0,2.5027996126351376e-07,1.0
0000882291,AEMD,2003-11-25,0,2.5027996126351376e-07,1.0
0000882291,AEMD,2003-11-26,0,2.5027996126351376e-07,1.0
0000882291,AEMD,2003-11-27,0,2.5027996126351376e-07,1.0
0000882291,AEMD,2003-11-28,0,2.5027996126351376e-07,1.0
0000882291,AEMD,2003-12-01,0,2.5027996126351376e-07,1.0
0000882291,AEMD,2003-12-02,0,2.5027996126351376e-07,1.0
0000882291,AEMD,2003-12-03,0,2.5027996126351376e-07,1.0
0000882291,AEMD,2003-12-04,0,2.5027996126351376e-07,1.0
0000882291,AEMD,2003-12-05,0,2.5027996126351376e-07,1.0
0000882291,AEMD,2003-12-08,0,2.5027996126351376e-07,1.0
0000882291,AEMD,2003-12-09,0,2.5027996126351376e-07,1.0
0000882291,AEMD,2003-12-10,0,2.5027996126351376e-07,1.0
0000882291,AEMD,2003-12-11,0,2.5027996126351376e-07,1.0
0000882291,AEMD,2003-12-12,0,2.5027996126351376e-07,1.0
0000882291,AEMD,2003-12-15,0,2.5027996126351376e-07,1.0
0000882291,AEMD,2003-12-16,0,2.5027996126351376e-07,1.0
0000882291,AEMD,2003-12-17,0,2.5027996126351376e-07,1.0
0000882291,AEMD,2003-12-18,0,2.5027996126351376e-07,1.0
0000882291,AEMD,2003-12-19,0,2.5027996126351376e-07,1.0
0000882291,AEMD,2003-12-22,0,2.5027996126351376e-07,1.0
0000882291,AEMD,2003-12-23,0,2.5027996126351376e-07,1.0
0000882291,AEMD,2003-12-24,0,2.5027996126351376e-07,1.0
0000882291,AEMD,2003-12-25,0,2.5027996126351376e-07,1.0
0000882291,AEMD,2003-12-26,0,2.5027996126351376e-07,1.0
0000882291,AEMD,2003-12-29,0,2.5027996126351376e-07,1.0
0000882291,AEMD,2003-12-30,0,2.5027996126351376e-07,1.0
0000882291,AEMD,2003-12-31,0,2.5027996126351376e-07,1.0
0000882291,AEMD,2004-01-01,0,2.5027996126351376e-07,1.0
0000882291,AEMD,2004-01-02,0,2.5027996126351376e-07,1.0
0000882291,AEMD,2004-01-05,0,2.5027996126351376e-07,1.0
0000882291,AEMD,2004-01-06,0,2.5027996126351376e-07,1.0
0000882291,AEMD,2004-01-07,0,2.5027996126351376e-07,1.0
0000882291,AEMD,2004-01-08,0,2.5027996126351376e-07,1.0
0000882291,AEMD,2004-01-09,0,2.5027996126351376e-07,1.0
0000882291,AEMD,2004-01-12,0,2.5027996126351376e-07,1.0
0000882291,AEMD,2004-01-13,0,2.5027996126351376e-07,1.0
0000882291,AEMD,2004-01-14,0,2.5027996126351376e-07,1.0
0000882291,AEMD,2004-01-15,0,2.5027996126351376e-07,1.0
0000882291,AEMD,2004-01-16,0,2.5027996126351376e-07,1.0
0000882291,AEMD,2004-01-19,0,2.5027996126351376e-07,1.0
0000882291,AEMD,2004-01-20,0,2.5027996126351376e-07,1.0
0000882291,AEMD,2004-01-21,0,2.5027996126351376e-07,1.0
0000882291,AEMD,2004-01-22,0,2.5027996126351376e-07,1.0
0000882291,AEMD,2004-01-23,0,2.5027996126351376e-07,1.0
0000882291,AEMD,2004-01-26,0,2.5027996126351376e-07,1.0
0000882291,AEMD,2004-01-27,0,2.5027996126351376e-07,1.0
0000882291,AEMD,2004-01-28,0,2.5027996126351376e-07,1.0
0000882291,AEMD,2004-01-29,0,2.5027996126351376e-07,1.0
0000882291,AEMD,2004-01-30,0,2.5027996126351376e-07,1.0
0000882291,AEMD,2004-02-02,0,2.5027996126351376e-07,1.0
0000882291,AEMD,2004-02-03,0,2.5027996126351376e-07,1.0
0000882291,AEMD,2004-02-04,0,2.5027996126351376e-07,1.0
0000882291,AEMD,2004-02-05,0,2.5027996126351376e-07,1.0
0000882291,AEMD,2004-02-06,0,2.5027996126351376e-07,1.0
0000882291,AEMD,2004-02-09,0,2.5027996126351376e-07,1.0
0000882291,AEMD,2004-02-10,0,2.5027996126351376e-07,1.0
0000882291,AEMD,2004-02-11,0,2.5027996126351376e-07,1.0
0000882291,AEMD,2004-02-12,0,2.5027996126351376e-07,1.0
0000882291,AEMD,2004-02-13,0,2.5027996126351376e-07,1.0
0000882291,AEMD,2004-02-16,0,2.5027996126351376e-07,1.0
0000882291,AEMD,2004-02-17,0,2.5027996126351376e-07,1.0
0000882291,AEMD,2004-02-18,0,2.5027996126351376e-07,1.0
0000882291,AEMD,2004-02-19,0,2.5027996126351376e-07,1.0
0000882291,AEMD,2004-02-20,0,2.5027996126351376e-07,1.0
0000882291,AEMD,2004-02-23,0,2.5027996126351376e-07,1.0
0000882291,AEMD,2004-02-24,0,2.5027996126351376e-07,1.0
0000882291,AEMD,2004-02-25,0,2.5027996126351376e-07,1.0
0000882291,AEMD,2004-02-26,0,2.5027996126351376e-07,1.0
0000882291,AEMD,2004-02-27,0,2.5027996126351376e-07,1.0
0000882291,AEMD,2004-03-01,0,2.5027996126351376e-07,1.0
0000882291,AEMD,2004-03-02,0,2.5027996126351376e-07,1.0
0000882291,AEMD,2004-03-03,0,2.5027996126351376e-07,1.0
0000882291,AEMD,2004-03-04,0,2.5027996126351376e-07,1.0
0000882291,AEMD,2004-03-05,0,2.5027996126351376e-07,1.0
0000882291,AEMD,2004-03-08,0,2.5027996126351376e-07,1.0
0000882291,AEMD,2004-03-09,0,2.5027996126351376e-07,1.0
0000882291,AEMD,2004-03-10,0,2.5027996126351376e-07,1.0
0000882291,AEMD,2004-03-11,0,2.5027996126351376e-07,1.0
0000882291,AEMD,2004-03-12,0,2.5027996126351376e-07,1.0
0000882291,AEMD,2004-03-15,0,2.5027996126351376e-07,1.0
0000882291,AEMD,2004-03-16,0,2.5027996126351376e-07,1.0
0000882291,AEMD,2004-03-17,0,2.5027996126351376e-07,1.0
0000882291,AEMD,2004-03-18,0,2.5027996126351376e-07,1.0
0000882291,AEMD,2004-03-19,0,2.5027996126351376e-07,1.0
0000882291,AEMD,2004-03-22,0,2.5027996126351376e-07,1.0
0000882291,AEMD,2004-03-23,0,2.5027996126351376e-07,1.0
0000882291,AEMD,2004-03-24,0,2.5027996126351376e-07,1.0
0000882291,AEMD,2004-03-25,0,2.5027996126351376e-07,1.0
0000882291,AEMD,2004-03-26,0,2.5027996126351376e-07,1.0
0000882291,AEMD,2004-03-29,0,2.5027996126351376e-07,1.0
0000882291,AEMD,2004-03-30,0,2.5027996126351376e-07,1.0
0000882291,AEMD,2004-03-31,0,2.5027996126351376e-07,1.0
0000882291,AEMD,2004-04-01,0,2.5027996126351376e-07,1.0
0000882291,AEMD,2004-04-02,0,2.5027996126351376e-07,1.0
0000882291,AEMD,2004-04-05,0,2.5027996126351376e-07,1.0
0000882291,AEMD,2004-04-06,0,2.5027996126351376e-07,1.0
0000882291,AEMD,2004-04-07,0,2.5027996126351376e-07,1.0
0000882291,AEMD,2004-04-08,0,2.5027996126351376e-07,1.0
0000882291,AEMD,2004-04-09,0,2.5027996126351376e-07,1.0
0000882291,AEMD,2004-04-12,0,2.5027996126351376e-07,1.0
0000882291,AEMD,2004-04-13,0,2.5027996126351376e-07,1.0
0000882291,AEMD,2004-04-14,0,2.5027996126351376e-07,1.0
0000882291,AEMD,2004-04-15,0,2.5027996126351376e-07,1.0
0000882291,AEMD,2004-04-16,0,2.5027996126351376e-07,1.0
0000882291,AEMD,2004-04-19,0,2.5027996126351376e-07,1.0
0000882291,AEMD,2004-04-20,0,2.5027996126351376e-07,1.0
0000882291,AEMD,2004-04-21,0,2.5027996126351376e-07,1.0
0000882291,AEMD,2004-04-22,0,2.5027996126351376e-07,1.0
0000882291,AEMD,2004-04-23,0,2.5027996126351376e-07,1.0
0000882291,AEMD,2004-04-26,0,2.5027996126351376e-07,1.0
0000882291,AEMD,2004-04-27,0,2.5027996126351376e-07,1.0
0000882291,AEMD,2004-04-28,0,2.5027996126351376e-07,1.0
0000882291,AEMD,2004-04-29,0,2.5027996126351376e-07,1.0
0000882291,AEMD,2004-04-30,0,2.5027996126351376e-07,1.0
0000882291,AEMD,2004-05-03,0,2.5027996126351376e-07,1.0
0000882291,AEMD,2004-05-04,0,2.5027996126351376e-07,1.0
0000882291,AEMD,2004-05-05,0,2.5027996126351376e-07,1.0
0000882291,AEMD,2004-05-06,0,2.5027996126351376e-07,1.0
0000882291,AEMD,2004-05-07,0,2.5027996126351376e-07,1.0
0000882291,AEMD,2004-05-10,0,2.5027996126351376e-07,1.0
0000882291,AEMD,2004-05-11,0,2.5027996126351376e-07,1.0
0000882291,AEMD,2004-05-12,0,2.5027996126351376e-07,1.0
0000882291,AEMD,2004-05-13,0,2.5027996126351376e-07,1.0
0000882291,AEMD,2004-05-14,0,2.5027996126351376e-07,1.0
0000882291,AEMD,2004-05-17,0,2.5027996126351376e-07,1.0
0000882291,AEMD,2004-05-18,0,2.5027996126351376e-07,1.0
0000882291,AEMD,2004-05-19,0,2.5027996126351376e-07,1.0
0000882291,AEMD,2004-05-20,0,2.5027996126351376e-07,1.0
0000882291,AEMD,2004-05-21,0,2.5027996126351376e-07,1.0
0000882291,AEMD,2004-05-24,0,2.5027996126351376e-07,1.0
0000882291,AEMD,2004-05-25,0,2.5027996126351376e-07,1.0
0000882291,AEMD,2004-05-26,0,2.5027996126351376e-07,1.0
0000882291,AEMD,2004-05-27,0,2.5027996126351376e-07,1.0
0000882291,AEMD,2004-05-28,0,2.5027996126351376e-07,1.0
0000882291,AEMD,2004-05-31,0,2.5027996126351376e-07,1.0
0000882291,AEMD,2004-06-01,0,2.5027996126351376e-07,1.0
0000882291,AEMD,2004-06-02,0,2.5027996126351376e-07,1.0
0000882291,AEMD,2004-06-03,0,2.5027996126351376e-07,1.0
0000882291,AEMD,2004-06-04,0,2.5027996126351376e-07,1.0
0000882291,AEMD,2004-06-07,0,2.5027996126351376e-07,1.0
0000882291,AEMD,2004-06-08,0,2.5027996126351376e-07,1.0
0000882291,AEMD,2004-06-09,0,1.2996449518128825e-07,1.0
0000882291,AEMD,2004-06-10,0,1.2996449518128825e-07,1.0
0000882291,AEMD,2004-06-11,0,1.2996449518128825e-07,1.0
0000882291,AEMD,2004-06-14,0,1.2996449518128825e-07,1.0
0000882291,AEMD,2004-06-15,0,1.2996449518128825e-07,1.0
0000882291,AEMD,2004-06-16,0,1.2996449518128825e-07,1.0
0000882291,AEMD,2004-06-17,0,1.2996449518128825e-07,1.0
0000882291,AEMD,2004-06-18,0,1.2996449518128825e-07,1.0
0000882291,AEMD,2004-06-21,0,1.2996449518128825e-07,1.0
0000882291,AEMD,2004-06-22,0,1.2996449518128825e-07,1.0
0000882291,AEMD,2004-06-23,0,1.2996449518128825e-07,1.0
0000882291,AEMD,2004-06-24,0,1.2996449518128825e-07,1.0
0000882291,AEMD,2004-06-25,0,1.2996449518128825e-07,1.0
0000882291,AEMD,2004-06-28,0,1.2996449518128825e-07,1.0
0000882291,AEMD,2004-06-29,0,1.2996449518128825e-07,1.0
0000882291,AEMD,2004-06-30,0,1.2996449518128825e-07,1.0
0000882291,AEMD,2004-07-01,0,1.2996449518128825e-07,1.0
0000882291,AEMD,2004-07-02,0,1.2996449518128825e-07,1.0
0000882291,AEMD,2004-07-05,0,1.2996449518128825e-07,1.0
0000882291,AEMD,2004-07-06,0,1.2996449518128825e-07,1.0
0000882291,AEMD,2004-07-07,0,1.2996449518128825e-07,1.0
0000882291,AEMD,2004-07-08,0,1.2996449518128825e-07,1.0
0000882291,AEMD,2004-07-09,0,1.1648612332389792e-07,1.0
0000882291,AEMD,2004-07-12,0,1.1648612332389792e-07,1.0
0000882291,AEMD,2004-07-13,0,1.1648612332389792e-07,1.0
0000882291,AEMD,2004-07-14,0,1.1648612332389792e-07,1.0
0000882291,AEMD,2004-07-15,0,1.1648612332389792e-07,1.0
0000882291,AEMD,2004-07-16,0,1.1648612332389792e-07,1.0
0000882291,AEMD,2004-07-19,0,1.1648612332389792e-07,1.0
0000882291,AEMD,2004-07-20,0,1.1648612332389792e-07,1.0
0000882291,AEMD,2004-07-21,0,1.1648612332389792e-07,1.0
0000882291,AEMD,2004-07-22,0,1.1648612332389792e-07,1.0
0000882291,AEMD,2004-07-23,0,1.1648612332389792e-07,1.0
0000882291,AEMD,2004-07-26,0,1.1648612332389792e-07,1.0
0000882291,AEMD,2004-07-27,0,1.1648612332389792e-07,1.0
0000882291,AEMD,2004-07-28,0,1.1648612332389792e-07,1.0
0000882291,AEMD,2004-07-29,0,1.1648612332389792e-07,1.0
0000882291,AEMD,2004-07-30,0,1.1648612332389792e-07,1.0
0000882291,AEMD,2004-08-02,0,1.1648612332389792e-07,1.0
0000882291,AEMD,2004-08-03,0,1.1648612332389792e-07,1.0
0000882291,AEMD,2004-08-04,0,1.1648612332389792e-07,1.0
0000882291,AEMD,2004-08-05,0,1.1648612332389792e-07,1.0
0000882291,AEMD,2004-08-06,0,1.1648612332389792e-07,1.0
0000882291,AEMD,2004-08-09,0,1.1648612332389792e-07,1.0
0000882291,AEMD,2004-08-10,0,1.1648612332389792e-07,1.0
0000882291,AEMD,2004-08-11,0,1.1648612332389792e-07,1.0
0000882291,AEMD,2004-08-12,0,1.1648612332389792e-07,1.0
0000882291,AEMD,2004-08-13,0,1.1648612332389792e-07,1.0
0000882291,AEMD,2004-08-16,0,1.1648612332389792e-07,1.0
0000882291,AEMD,2004-08-17,0,1.1648612332389792e-07,1.0
0000882291,AEMD,2004-08-18,0,1.1648612332389792e-07,1.0
0000882291,AEMD,2004-08-19,0,1.1648612332389792e-07,1.0
0000882291,AEMD,2004-08-20,0,1.1648612332389792e-07,1.0
0000882291,AEMD,2004-08-23,0,1.1648612332389792e-07,1.0
0000882291,AEMD,2004-08-24,0,1.1648612332389792e-07,1.0
0000882291,AEMD,2004-08-25,0,1.1648612332389792e-07,1.0
0000882291,AEMD,2004-08-26,0,1.1648612332389792e-07,1.0
0000882291,AEMD,2004-08-27,0,1.1648612332389792e-07,1.0
0000882291,AEMD,2004-08-30,0,1.1648612332389792e-07,1.0
0000882291,AEMD,2004-08-31,0,1.1648612332389792e-07,1.0
0000882291,AEMD,2004-09-01,0,1.1648612332389792e-07,1.0
0000882291,AEMD,2004-09-02,0,1.1648612332389792e-07,1.0
0000882291,AEMD,2004-09-03,0,1.1648612332389792e-07,1.0
0000882291,AEMD,2004-09-06,0,1.1648612332389792e-07,1.0
0000882291,AEMD,2004-09-07,0,1.6361817575324179e-07,1.0
0000882291,AEMD,2004-09-08,0,1.1633061986870314e-07,1.0
0000882291,AEMD,2004-09-09,0,1.1633061986870314e-07,1.0
0000882291,AEMD,2004-09-10,0,1.1633061986870314e-07,1.0
0000882291,AEMD,2004-09-13,0,1.1633061986870314e-07,1.0
0000882291,AEMD,2004-09-14,0,1.1633061986870314e-07,1.0
0000882291,AEMD,2004-09-15,0,1.1633061986870314e-07,1.0
0000882291,AEMD,2004-09-16,0,1.1633061986870314e-07,1.0
0000882291,AEMD,2004-09-17,0,1.1633061986870314e-07,1.0
0000882291,AEMD,2004-09-20,0,1.1633061986870314e-07,1.0
0000882291,AEMD,2004-09-21,0,1.1633061986870314e-07,1.0
0000882291,AEMD,2004-09-22,0,1.1633061986870314e-07,1.0
0000882291,AEMD,2004-09-23,0,1.1633061986870314e-07,1.0
0000882291,AEMD,2004-09-24,0,1.1633061986870314e-07,1.0
0000882291,AEMD,2004-09-27,0,1.1633061986870314e-07,1.0
0000882291,AEMD,2004-09-28,0,1.1633061986870314e-07,1.0
0000882291,AEMD,2004-09-29,0,1.1633061986870314e-07,1.0
0000882291,AEMD,2004-09-30,0,1.1633061986870314e-07,1.0
0000882291,AEMD,2004-10-01,0,1.1633061986870314e-07,1.0
0000882291,AEMD,2004-10-04,0,1.1633061986870314e-07,1.0
0000882291,AEMD,2004-10-05,0,1.1633061986870314e-07,1.0
0000882291,AEMD,2004-10-06,0,1.1633061986870314e-07,1.0
0000882291,AEMD,2004-10-07,0,1.1633061986870314e-07,1.0
0000882291,AEMD,2004-10-08,0,1.1633061986870314e-07,1.0
0000882291,AEMD,2004-10-11,0,1.1633061986870314e-07,1.0
0000882291,AEMD,2004-10-12,0,1.1633061986870314e-07,1.0
0000882291,AEMD,2004-10-13,0,1.1633061986870314e-07,1.0
0000882291,AEMD,2004-10-14,0,1.1633061986870314e-07,1.0
0000882291,AEMD,2004-10-15,0,1.1633061986870314e-07,1.0
0000882291,AEMD,2004-10-18,0,1.1633061986870314e-07,1.0
0000882291,AEMD,2004-10-19,0,1.1633061986870314e-07,1.0
0000882291,AEMD,2004-10-20,0,1.1633061986870314e-07,1.0
0000882291,AEMD,2004-10-21,0,1.1633061986870314e-07,1.0
0000882291,AEMD,2004-10-22,0,1.1633061986870314e-07,1.0
0000882291,AEMD,2004-10-25,0,1.1633061986870314e-07,1.0
0000882291,AEMD,2004-10-26,0,1.1633061986870314e-07,1.0
0000882291,AEMD,2004-10-27,0,1.1633061986870314e-07,1.0
0000882291,AEMD,2004-10-28,0,1.1633061986870314e-07,1.0
0000882291,AEMD,2004-10-29,0,1.1633061986870314e-07,1.0
0000882291,AEMD,2004-11-01,0,1.1633061986870314e-07,1.0
0000882291,AEMD,2004-11-02,0,1.1633061986870314e-07,1.0
0000882291,AEMD,2004-11-03,0,1.1633061986870314e-07,1.0
0000882291,AEMD,2004-11-04,0,1.1633061986870314e-07,1.0
0000882291,AEMD,2004-11-05,0,1.1633061986870314e-07,1.0
0000882291,AEMD,2004-11-08,0,1.1633061986870314e-07,1.0
0000882291,AEMD,2004-11-09,0,1.1633061986870314e-07,1.0
0000882291,AEMD,2004-11-10,0,1.1633061986870314e-07,1.0
0000882291,AEMD,2004-11-11,0,1.1633061986870314e-07,1.0
0000882291,AEMD,2004-11-12,0,1.1633061986870314e-07,1.0
0000882291,AEMD,2004-11-15,0,1.1633061986870314e-07,1.0
0000882291,AEMD,2004-11-16,0,1.1633061986870314e-07,1.0
0000882291,AEMD,2004-11-17,0,1.1633061986870314e-07,1.0
0000882291,AEMD,2004-11-18,0,1.1633061986870314e-07,1.0
0000882291,AEMD,2004-11-19,0,1.1633061986870314e-07,1.0
0000882291,AEMD,2004-11-22,0,1.1633061986870314e-07,1.0
0000882291,AEMD,2004-11-23,0,1.1633061986870314e-07,1.0
0000882291,AEMD,2004-11-24,0,1.1633061986870314e-07,1.0
0000882291,AEMD,2004-11-25,0,1.1633061986870314e-07,1.0
0000882291,AEMD,2004-11-26,0,1.1633061986870314e-07,1.0
0000882291,AEMD,2004-11-29,0,1.1633061986870314e-07,1.0
0000882291,AEMD,2004-11-30,0,1.1633061986870314e-07,1.0
0000882291,AEMD,2004-12-01,0,1.1633061986870314e-07,1.0
0000882291,AEMD,2004-12-02,0,1.1633061986870314e-07,1.0
0000882291,AEMD,2004-12-03,0,1.1633061986870314e-07,1.0
0000882291,AEMD,2004-12-06,0,1.7194801609019565e-07,1.0
0000882291,AEMD,2004-12-07,0,1.7194801609019565e-07,1.0
0000882291,AEMD,2004-12-08,0,1.7194801609019565e-07,1.0
0000882291,AEMD,2004-12-09,0,1.7194801609019565e-07,1.0
0000882291,AEMD,2004-12-10,0,1.7194801609019565e-07,1.0
0000882291,AEMD,2004-12-13,0,1.7194801609019565e-07,1.0
0000882291,AEMD,2004-12-14,0,1.7194801609019565e-07,1.0
0000882291,AEMD,2004-12-15,0,1.7194801609019565e-07,1.0
0000882291,AEMD,2004-12-16,0,1.7194801609019565e-07,1.0
0000882291,AEMD,2004-12-17,0,1.7194801609019565e-07,1.0
0000882291,AEMD,2004-12-20,0,1.7194801609019565e-07,1.0
0000882291,AEMD,2004-12-21,0,1.7194801609019565e-07,1.0
0000882291,AEMD,2004-12-22,0,1.7194801609019565e-07,1.0
0000882291,AEMD,2004-12-23,0,1.7194801609019565e-07,1.0
0000882291,AEMD,2004-12-24,0,1.7194801609019565e-07,1.0
0000882291,AEMD,2004-12-27,0,1.7194801609019565e-07,1.0
0000882291,AEMD,2004-12-28,0,1.7194801609019565e-07,1.0
0000882291,AEMD,2004-12-29,0,1.7194801609019565e-07,1.0
0000882291,AEMD,2004-12-30,0,1.7194801609019565e-07,1.0
0000882291,AEMD,2004-12-31,0,1.7194801609019565e-07,1.0
0000882291,AEMD,2005-01-03,0,1.7194801609019565e-07,1.0
0000882291,AEMD,2005-01-04,0,1.7194801609019565e-07,1.0
0000882291,AEMD,2005-01-05,0,1.7194801609019565e-07,1.0
0000882291,AEMD,2005-01-06,0,1.7194801609019565e-07,1.0
0000882291,AEMD,2005-01-07,0,1.7194801609019565e-07,1.0
0000882291,AEMD,2005-01-10,0,1.7194801609019565e-07,1.0
0000882291,AEMD,2005-01-11,0,1.7194801609019565e-07,1.0
0000882291,AEMD,2005-01-12,0,1.7194801609019565e-07,1.0
0000882291,AEMD,2005-01-13,0,1.7194801609019565e-07,1.0
0000882291,AEMD,2005-01-14,0,1.7194801609019565e-07,1.0
0000882291,AEMD,2005-01-17,0,1.7194801609019565e-07,1.0
0000882291,AEMD,2005-01-18,0,1.7194801609019565e-07,1.0
0000882291,AEMD,2005-01-19,0,1.7194801609019565e-07,1.0
0000882291,AEMD,2005-01-20,0,1.7194801609019565e-07,1.0
0000882291,AEMD,2005-01-21,0,1.7194801609019565e-07,1.0
0000882291,AEMD,2005-01-24,0,1.7194801609019565e-07,1.0
0000882291,AEMD,2005-01-25,0,1.7194801609019565e-07,1.0
0000882291,AEMD,2005-01-26,0,1.7194801609019565e-07,1.0
0000882291,AEMD,2005-01-27,0,1.7194801609019565e-07,1.0
0000882291,AEMD,2005-01-28,0,1.7194801609019565e-07,1.0
0000882291,AEMD,2005-01-31,0,1.7194801609019565e-07,1.0
0000882291,AEMD,2005-02-01,0,1.7194801609019565e-07,1.0
0000882291,AEMD,2005-02-02,0,1.7194801609019565e-07,1.0
0000882291,AEMD,2005-02-03,0,1.7194801609019565e-07,1.0
0000882291,AEMD,2005-02-04,0,1.7194801609019565e-07,1.0
0000882291,AEMD,2005-02-07,0,1.7194801609019565e-07,1.0
0000882291,AEMD,2005-02-08,0,1.7194801609019565e-07,1.0
0000882291,AEMD,2005-02-09,0,1.7194801609019565e-07,1.0
0000882291,AEMD,2005-02-10,0,1.7194801609019565e-07,1.0
0000882291,AEMD,2005-02-11,0,1.7194801609019565e-07,1.0
0000882291,AEMD,2005-02-14,0,1.7194801609019565e-07,1.0
0000882291,AEMD,2005-02-15,0,1.7194801609019565e-07,1.0
0000882291,AEMD,2005-02-16,0,1.7194801609019565e-07,1.0
0000882291,AEMD,2005-02-17,0,1.7194801609019565e-07,1.0
0000882291,AEMD,2005-02-18,0,1.7194801609019565e-07,1.0
0000882291,AEMD,2005-02-21,0,1.7194801609019565e-07,1.0
0000882291,AEMD,2005-02-22,0,1.7194801609019565e-07,1.0
0000882291,AEMD,2005-02-23,0,1.7194801609019565e-07,1.0
0000882291,AEMD,2005-02-24,0,1.7194801609019565e-07,1.0
0000882291,AEMD,2005-02-25,0,1.7194801609019565e-07,1.0
0000882291,AEMD,2005-02-28,0,1.7194801609019565e-07,1.0
0000882291,AEMD,2005-03-01,0,1.7194801609019565e-07,1.0
0000882291,AEMD,2005-03-02,0,1.7194801609019565e-07,1.0
0000882291,AEMD,2005-03-03,0,1.7194801609019565e-07,1.0
0000882291,AEMD,2005-03-04,0,1.7194801609019565e-07,1.0
0000882291,AEMD,2005-03-07,0,1.7194801609019565e-07,1.0
0000882291,AEMD,2005-03-08,0,1.7194801609019565e-07,1.0
0000882291,AEMD,2005-03-09,0,1.7194801609019565e-07,1.0
0000882291,AEMD,2005-03-10,0,1.7194801609019565e-07,1.0
0000882291,AEMD,2005-03-11,0,1.7194801609019565e-07,1.0
0000882291,AEMD,2005-03-14,0,1.7194801609019565e-07,1.0
0000882291,AEMD,2005-03-15,0,1.7194801609019565e-07,1.0
0000882291,AEMD,2005-03-16,0,1.7194801609019565e-07,1.0
0000882291,AEMD,2005-03-17,0,1.7194801609019565e-07,1.0
0000882291,AEMD,2005-03-18,0,1.7194801609019565e-07,1.0
0000882291,AEMD,2005-03-21,0,1.7194801609019565e-07,1.0
0000882291,AEMD,2005-03-22,0,1.7194801609019565e-07,1.0
0000882291,AEMD,2005-03-23,0,1.7194801609019565e-07,1.0
0000882291,AEMD,2005-03-24,0,1.7194801609019565e-07,1.0
0000882291,AEMD,2005-03-25,0,1.7194801609019565e-07,1.0
0000882291,AEMD,2005-03-28,0,1.7194801609019565e-07,1.0
0000882291,AEMD,2005-03-29,0,1.7194801609019565e-07,1.0
0000882291,AEMD,2005-03-30,0,1.7194801609019565e-07,1.0
0000882291,AEMD,2005-03-31,0,1.7194801609019565e-07,1.0
0000882291,AEMD,2005-04-01,0,1.7194801609019565e-07,1.0
0000882291,AEMD,2005-04-04,0,1.7194801609019565e-07,1.0
0000882291,AEMD,2005-04-05,0,1.7194801609019565e-07,1.0
0000882291,AEMD,2005-04-06,0,1.7194801609019565e-07,1.0
0000882291,AEMD,2005-04-07,0,1.7194801609019565e-07,1.0
0000882291,AEMD,2005-04-08,0,1.7194801609019565e-07,1.0
0000882291,AEMD,2005-04-11,0,1.7194801609019565e-07,1.0
0000882291,AEMD,2005-04-12,0,1.7194801609019565e-07,1.0
0000882291,AEMD,2005-04-13,0,1.7194801609019565e-07,1.0
0000882291,AEMD,2005-04-14,0,1.7194801609019565e-07,1.0
0000882291,AEMD,2005-04-15,0,1.7194801609019565e-07,1.0
0000882291,AEMD,2005-04-18,0,1.7194801609019565e-07,1.0
0000882291,AEMD,2005-04-19,0,1.7194801609019565e-07,1.0
0000882291,AEMD,2005-04-20,0,1.7194801609019565e-07,1.0
0000882291,AEMD,2005-04-21,0,1.7194801609019565e-07,1.0
0000882291,AEMD,2005-04-22,0,1.7194801609019565e-07,1.0
0000882291,AEMD,2005-04-25,0,1.7194801609019565e-07,1.0
0000882291,AEMD,2005-04-26,0,3.230749216620289e-08,1.0
0000882291,AEMD,2005-04-27,0,3.230749216620289e-08,1.0
0000882291,AEMD,2005-04-28,0,3.230749216620289e-08,1.0
0000882291,AEMD,2005-04-29,0,3.230749216620289e-08,1.0
0000882291,AEMD,2005-05-02,0,3.230749216620289e-08,1.0
0000882291,AEMD,2005-05-03,0,3.230749216620289e-08,1.0
0000882291,AEMD,2005-05-04,0,3.230749216620289e-08,1.0
0000882291,AEMD,2005-05-05,0,3.230749216620289e-08,1.0
0000882291,AEMD,2005-05-06,0,3.230749216620289e-08,1.0
0000882291,AEMD,2005-05-09,0,3.2146823674721044e-08,1.0
0000882291,AEMD,2005-05-10,0,3.2146823674721044e-08,1.0
0000882291,AEMD,2005-05-11,0,3.2146823674721044e-08,1.0
0000882291,AEMD,2005-05-12,0,3.2146823674721044e-08,1.0
0000882291,AEMD,2005-05-13,0,3.2146823674721044e-08,1.0
0000882291,AEMD,2005-05-16,0,3.2146823674721044e-08,1.0
0000882291,AEMD,2005-05-17,0,3.2146823674721044e-08,1.0
0000882291,AEMD,2005-05-18,0,3.2146823674721044e-08,1.0
0000882291,AEMD,2005-05-19,0,3.2146823674721044e-08,1.0
0000882291,AEMD,2005-05-20,0,3.2146823674721044e-08,1.0
0000882291,AEMD,2005-05-23,0,3.365293285178695e-08,1.0
0000882291,AEMD,2005-05-24,0,3.365293285178695e-08,1.0
0000882291,AEMD,2005-05-25,0,3.365293285178695e-08,1.0
0000882291,AEMD,2005-05-26,0,4.6131684385296366e-08,1.0
0000882291,AEMD,2005-05-27,0,4.6131684385296366e-08,1.0
0000882291,AEMD,2005-05-30,0,4.6131684385296366e-08,1.0
0000882291,AEMD,2005-05-31,0,4.6131684385296366e-08,1.0
0000882291,AEMD,2005-06-01,0,4.6131684385296366e-08,1.0
0000882291,AEMD,2005-06-02,0,4.6131684385296366e-08,1.0
0000882291,AEMD,2005-06-03,0,4.6131684385296366e-08,1.0
0000882291,AEMD,2005-06-06,0,4.6131684385296366e-08,1.0
0000882291,AEMD,2005-06-07,0,4.6131684385296366e-08,1.0
0000882291,AEMD,2005-06-08,0,1.264206254306082e-07,1.0
0000882291,AEMD,2005-06-09,0,1.264206254306082e-07,1.0
0000882291,AEMD,2005-06-10,0,1.264206254306082e-07,1.0
0000882291,AEMD,2005-06-13,0,1.264206254306082e-07,1.0
0000882291,AEMD,2005-06-14,0,1.264206254306082e-07,1.0
0000882291,AEMD,2005-06-15,0,1.264206254306082e-07,1.0
0000882291,AEMD,2005-06-16,0,1.264206254306082e-07,1.0
0000882291,AEMD,2005-06-17,0,1.264206254306082e-07,1.0
0000882291,AEMD,2005-06-20,0,1.264206254306082e-07,1.0
0000882291,AEMD,2005-06-21,0,1.264206254306082e-07,1.0
0000882291,AEMD,2005-06-22,0,1.1231000664242384e-07,1.0
0000882291,AEMD,2005-06-23,0,1.1231000664242384e-07,1.0
0000882291,AEMD,2005-06-24,0,1.1231000664242384e-07,1.0
0000882291,AEMD,2005-06-27,0,1.1231000664242384e-07,1.0
0000882291,AEMD,2005-06-28,0,1.1231000664242384e-07,1.0
0000882291,AEMD,2005-06-29,0,1.1231000664242384e-07,1.0
0000882291,AEMD,2005-06-30,0,1.1231000664242384e-07,1.0
0000882291,AEMD,2005-07-01,0,1.1231000664242384e-07,1.0
0000882291,AEMD,2005-07-04,0,1.1231000664242384e-07,1.0
0000882291,AEMD,2005-07-05,0,1.1231000664242384e-07,1.0
0000882291,AEMD,2005-07-06,0,1.1231000664242384e-07,1.0
0000882291,AEMD,2005-07-07,0,1.1231000664242384e-07,1.0
0000882291,AEMD,2005-07-08,0,1.1231000664242384e-07,1.0
0000882291,AEMD,2005-07-11,0,1.1231000664242384e-07,1.0
0000882291,AEMD,2005-07-12,0,1.1231000664242384e-07,1.0
0000882291,AEMD,2005-07-13,0,1.1231000664242384e-07,1.0
0000882291,AEMD,2005-07-14,0,1.1231000664242384e-07,1.0
0000882291,AEMD,2005-07-15,0,1.1231000664242384e-07,1.0
0000882291,AEMD,2005-07-18,0,1.1231000664242384e-07,1.0
0000882291,AEMD,2005-07-19,0,1.1231000664242384e-07,1.0
0000882291,AEMD,2005-07-20,0,1.1231000664242384e-07,1.0
0000882291,AEMD,2005-07-21,0,1.1231000664242384e-07,1.0
0000882291,AEMD,2005-07-22,0,1.1231000664242384e-07,1.0
0000882291,AEMD,2005-07-25,0,7.997490897958655e-08,1.0
0000882291,AEMD,2005-07-26,0,7.997490897958655e-08,1.0
0000882291,AEMD,2005-07-27,0,7.997490897958655e-08,1.0
0000882291,AEMD,2005-07-28,0,7.997490897958655e-08,1.0
0000882291,AEMD,2005-07-29,0,7.997490897958655e-08,1.0
0000882291,AEMD,2005-08-01,0,7.997490897958655e-08,1.0
0000882291,AEMD,2005-08-02,0,7.997490897958655e-08,1.0
0000882291,AEMD,2005-08-03,0,7.997490897958655e-08,1.0
0000882291,AEMD,2005-08-04,0,7.997490897958655e-08,1.0
0000882291,AEMD,2005-08-05,0,7.997490897958655e-08,1.0
0000882291,AEMD,2005-08-08,0,3.01992254527515e-08,1.0
0000882291,AEMD,2005-08-09,0,3.01992254527515e-08,1.0
0000882291,AEMD,2005-08-10,0,3.01992254527515e-08,1.0
0000882291,AEMD,2005-08-11,0,3.01992254527515e-08,1.0
0000882291,AEMD,2005-08-12,0,3.01992254527515e-08,1.0
0000882291,AEMD,2005-08-15,0,3.01992254527515e-08,1.0
0000882291,AEMD,2005-08-16,0,3.01992254527515e-08,1.0
0000882291,AEMD,2005-08-17,0,3.01992254527515e-08,1.0
0000882291,AEMD,2005-08-18,0,3.01992254527515e-08,1.0
0000882291,AEMD,2005-08-19,0,3.01992254527515e-08,1.0
0000882291,AEMD,2005-08-22,0,4.158644069374481e-08,1.0
0000882291,AEMD,2005-08-23,0,4.158644069374481e-08,1.0
0000882291,AEMD,2005-08-24,0,4.158644069374481e-08,1.0
0000882291,AEMD,2005-08-25,0,4.158644069374481e-08,1.0
0000882291,AEMD,2005-08-26,0,4.158644069374481e-08,1.0
0000882291,AEMD,2005-08-29,0,4.158644069374481e-08,1.0
0000882291,AEMD,2005-08-30,0,4.158644069374481e-08,1.0
0000882291,AEMD,2005-08-31,0,4.158644069374481e-08,1.0
0000882291,AEMD,2005-09-01,0,4.158644069374481e-08,1.0
0000882291,AEMD,2005-09-02,0,4.158644069374481e-08,1.0
0000882291,AEMD,2005-09-05,0,4.158644069374481e-08,1.0
0000882291,AEMD,2005-09-06,0,4.158644069374481e-08,1.0
0000882291,AEMD,2005-09-07,0,4.158644069374481e-08,1.0
0000882291,AEMD,2005-09-08,0,4.158644069374481e-08,1.0
0000882291,AEMD,2005-09-09,0,4.158644069374481e-08,1.0
0000882291,AEMD,2005-09-12,0,2.0027276450612852e-08,1.0
0000882291,AEMD,2005-09-13,0,2.0027276450612852e-08,1.0
0000882291,AEMD,2005-09-14,0,2.0027276450612852e-08,1.0
0000882291,AEMD,2005-09-15,0,2.0027276450612852e-08,1.0
0000882291,AEMD,2005-09-16,0,2.0027276450612852e-08,1.0
0000882291,AEMD,2005-09-19,0,2.0027276450612852e-08,1.0
0000882291,AEMD,2005-09-20,0,2.0027276450612852e-08,1.0
0000882291,AEMD,2005-09-21,0,2.0027276450612852e-08,1.0
0000882291,AEMD,2005-09-22,0,2.0027276450612852e-08,1.0
0000882291,AEMD,2005-09-23,0,2.0027276450612852e-08,1.0
0000882291,AEMD,2005-09-26,0,2.0027276450612852e-08,1.0
0000882291,AEMD,2005-09-27,0,2.0027276450612852e-08,1.0
0000882291,AEMD,2005-09-28,0,2.0027276450612852e-08,1.0
0000882291,AEMD,2005-09-29,0,2.0027276450612852e-08,1.0
0000882291,AEMD,2005-09-30,0,2.0027276450612852e-08,1.0
0000882291,AEMD,2005-10-03,0,2.0027276450612852e-08,1.0
0000882291,AEMD,2005-10-04,0,2.0027276450612852e-08,1.0
0000882291,AEMD,2005-10-05,0,2.0027276450612852e-08,1.0
0000882291,AEMD,2005-10-06,0,2.0027276450612852e-08,1.0
0000882291,AEMD,2005-10-07,0,2.0027276450612852e-08,1.0
0000882291,AEMD,2005-10-10,0,2.0027276450612852e-08,1.0
0000882291,AEMD,2005-10-11,0,2.0027276450612852e-08,1.0
0000882291,AEMD,2005-10-12,0,2.9047883111496812e-08,1.0
0000882291,AEMD,2005-10-13,0,2.9047883111496812e-08,1.0
0000882291,AEMD,2005-10-14,0,2.9047883111496812e-08,1.0
0000882291,AEMD,2005-10-17,0,2.9047883111496812e-08,1.0
0000882291,AEMD,2005-10-18,0,2.9047883111496812e-08,1.0
0000882291,AEMD,2005-10-19,0,2.9047883111496812e-08,1.0
0000882291,AEMD,2005-10-20,0,2.9047883111496812e-08,1.0
0000882291,AEMD,2005-10-21,0,2.9047883111496812e-08,1.0
0000882291,AEMD,2005-10-24,0,2.9911967369275656e-08,1.0
0000882291,AEMD,2005-10-25,0,2.9911967369275656e-08,1.0
0000882291,AEMD,2005-10-26,0,2.9911967369275656e-08,1.0
0000882291,AEMD,2005-10-27,0,2.9911967369275656e-08,1.0
0000882291,AEMD,2005-10-28,0,2.9911967369275656e-08,1.0
0000882291,AEMD,2005-10-31,0,2.9911967369275656e-08,1.0
0000882291,AEMD,2005-11-01,0,2.9911967369275656e-08,1.0
0000882291,AEMD,2005-11-02,0,2.9911967369275656e-08,1.0
0000882291,AEMD,2005-11-03,0,2.9911967369275656e-08,1.0
0000882291,AEMD,2005-11-04,0,2.9911967369275656e-08,1.0
0000882291,AEMD,2005-11-07,0,2.8037600802975323e-08,1.0
0000882291,AEMD,2005-11-08,0,2.8037600802975323e-08,1.0
0000882291,AEMD,2005-11-09,0,2.8037600802975323e-08,1.0
0000882291,AEMD,2005-11-10,0,2.8037600802975323e-08,1.0
0000882291,AEMD,2005-11-11,0,2.8037600802975323e-08,1.0
0000882291,AEMD,2005-11-14,0,2.8037600802975323e-08,1.0
0000882291,AEMD,2005-11-15,0,2.8037600802975323e-08,1.0
0000882291,AEMD,2005-11-16,0,2.8037600802975323e-08,1.0
0000882291,AEMD,2005-11-17,0,2.8037600802975323e-08,1.0
0000882291,AEMD,2005-11-18,0,2.8037600802975323e-08,1.0
0000882291,AEMD,2005-11-21,0,2.8186484133731458e-08,1.0
0000882291,AEMD,2005-11-22,0,2.8186484133731458e-08,1.0
0000882291,AEMD,2005-11-23,0,2.8186484133731458e-08,1.0
0000882291,AEMD,2005-11-24,0,2.8186484133731458e-08,1.0
0000882291,AEMD,2005-11-25,0,2.8186484133731458e-08,1.0
0000882291,AEMD,2005-11-28,0,2.8186484133731458e-08,1.0
0000882291,AEMD,2005-11-29,0,2.8186484133731458e-08,1.0
0000882291,AEMD,2005-11-30,0,2.8186484133731458e-08,1.0
0000882291,AEMD,2005-12-01,0,2.8186484133731458e-08,1.0
0000882291,AEMD,2005-12-02,0,2.8186484133731458e-08,1.0
0000882291,AEMD,2005-12-05,0,2.8186484133731458e-08,1.0
0000882291,AEMD,2005-12-06,0,2.8186484133731458e-08,1.0
0000882291,AEMD,2005-12-07,0,3.644799100522971e-08,1.0
0000882291,AEMD,2005-12-08,0,3.644799100522971e-08,1.0
0000882291,AEMD,2005-12-09,0,3.644799100522971e-08,1.0
0000882291,AEMD,2005-12-12,0,3.7140488839201126e-08,1.0
0000882291,AEMD,2005-12-13,0,3.7140488839201126e-08,1.0
0000882291,AEMD,2005-12-14,0,3.7140488839201126e-08,1.0
0000882291,AEMD,2005-12-15,0,3.7140488839201126e-08,1.0
0000882291,AEMD,2005-12-16,0,3.7140488839201126e-08,1.0
0000882291,AEMD,2005-12-19,0,3.7140488839201126e-08,1.0
0000882291,AEMD,2005-12-20,0,3.7140488839201126e-08,1.0
0000882291,AEMD,2005-12-21,0,3.7140488839201126e-08,1.0
0000882291,AEMD,2005-12-22,0,3.7140488839201126e-08,1.0
0000882291,AEMD,2005-12-23,0,3.7140488839201126e-08,1.0
0000882291,AEMD,2005-12-26,0,3.7140488839201126e-08,1.0
0000882291,AEMD,2005-12-27,0,3.7140488839201126e-08,1.0
0000882291,AEMD,2005-12-28,0,3.7140488839201126e-08,1.0
0000882291,AEMD,2005-12-29,0,3.7140488839201126e-08,1.0
0000882291,AEMD,2005-12-30,0,3.7140488839201126e-08,1.0
0000882291,AEMD,2006-01-02,0,3.7140488839201126e-08,1.0
0000882291,AEMD,2006-01-03,0,3.7140488839201126e-08,1.0
0000882291,AEMD,2006-01-04,0,3.7140488839201126e-08,1.0
0000882291,AEMD,2006-01-05,0,3.7140488839201126e-08,1.0
0000882291,AEMD,2006-01-06,0,3.7140488839201126e-08,1.0
0000882291,AEMD,2006-01-09,0,3.7140488839201126e-08,1.0
0000882291,AEMD,2006-01-10,0,3.7140488839201126e-08,1.0
0000882291,AEMD,2006-01-11,0,3.7140488839201126e-08,1.0
0000882291,AEMD,2006-01-12,0,3.7140488839201126e-08,1.0
0000882291,AEMD,2006-01-13,0,3.7140488839201126e-08,1.0
0000882291,AEMD,2006-01-16,0,3.7140488839201126e-08,1.0
0000882291,AEMD,2006-01-17,0,3.7140488839201126e-08,1.0
0000882291,AEMD,2006-01-18,0,3.7140488839201126e-08,1.0
0000882291,AEMD,2006-01-19,0,3.7140488839201126e-08,1.0
0000882291,AEMD,2006-01-20,0,3.7140488839201126e-08,1.0
0000882291,AEMD,2006-01-23,0,3.7140488839201126e-08,1.0
0000882291,AEMD,2006-01-24,0,3.7140488839201126e-08,1.0
0000882291,AEMD,2006-01-25,0,3.7140488839201126e-08,1.0
0000882291,AEMD,2006-01-26,0,3.7140488839201126e-08,1.0
0000882291,AEMD,2006-01-27,0,3.7140488839201126e-08,1.0
0000882291,AEMD,2006-01-30,0,3.7140488839201126e-08,1.0
0000882291,AEMD,2006-01-31,0,3.7140488839201126e-08,1.0
0000882291,AEMD,2006-02-01,0,3.7140488839201126e-08,1.0
0000882291,AEMD,2006-02-02,0,3.7140488839201126e-08,1.0
0000882291,AEMD,2006-02-03,0,3.7140488839201126e-08,1.0
0000882291,AEMD,2006-02-06,0,7.111025468160978e-08,1.0
0000882291,AEMD,2006-02-07,0,7.111025468160978e-08,1.0
0000882291,AEMD,2006-02-08,0,7.111025468160978e-08,1.0
0000882291,AEMD,2006-02-09,0,7.111025468160978e-08,1.0
0000882291,AEMD,2006-02-10,0,7.111025468160978e-08,1.0
0000882291,AEMD,2006-02-13,0,7.111025468160978e-08,1.0
0000882291,AEMD,2006-02-14,0,7.111025468160978e-08,1.0
0000882291,AEMD,2006-02-15,0,7.111025468160978e-08,1.0
0000882291,AEMD,2006-02-16,0,7.111025468160978e-08,1.0
0000882291,AEMD,2006-02-17,0,7.111025468160978e-08,1.0
0000882291,AEMD,2006-02-20,0,7.111025468160978e-08,1.0
0000882291,AEMD,2006-02-21,0,7.111025468160978e-08,1.0
0000882291,AEMD,2006-02-22,0,7.111025468160978e-08,1.0
0000882291,AEMD,2006-02-23,0,7.111025468160978e-08,1.0
0000882291,AEMD,2006-02-24,0,3.424541093255432e-08,1.0
0000882291,AEMD,2006-02-27,0,3.424541093255432e-08,1.0
0000882291,AEMD,2006-02-28,0,3.424541093255432e-08,1.0
0000882291,AEMD,2006-03-01,0,3.424541093255432e-08,1.0
0000882291,AEMD,2006-03-02,0,3.424541093255432e-08,1.0
0000882291,AEMD,2006-03-03,0,3.424541093255432e-08,1.0
0000882291,AEMD,2006-03-06,0,3.424541093255432e-08,1.0
0000882291,AEMD,2006-03-07,0,3.424541093255432e-08,1.0
0000882291,AEMD,2006-03-08,0,3.424541093255432e-08,1.0
0000882291,AEMD,2006-03-09,0,3.424541093255432e-08,1.0
0000882291,AEMD,2006-03-10,0,3.424541093255432e-08,1.0
0000882291,AEMD,2006-03-13,0,3.555285446465705e-08,1.0
0000882291,AEMD,2006-03-14,0,3.555285446465705e-08,1.0
0000882291,AEMD,2006-03-15,0,3.555285446465705e-08,1.0
0000882291,AEMD,2006-03-16,0,3.555285446465705e-08,1.0
0000882291,AEMD,2006-03-17,0,3.555285446465705e-08,1.0
0000882291,AEMD,2006-03-20,0,3.555285446465705e-08,1.0
0000882291,AEMD,2006-03-21,0,3.555285446465705e-08,1.0
0000882291,AEMD,2006-03-22,0,3.555285446465705e-08,1.0
0000882291,AEMD,2006-03-23,0,3.555285446465705e-08,1.0
0000882291,AEMD,2006-03-24,0,3.555285446465705e-08,1.0
0000882291,AEMD,2006-03-27,0,5.1566430218020356e-08,1.0
0000882291,AEMD,2006-03-28,0,5.1566430218020356e-08,1.0
0000882291,AEMD,2006-03-29,0,5.1566430218020356e-08,1.0
0000882291,AEMD,2006-03-30,0,5.1566430218020356e-08,1.0
0000882291,AEMD,2006-03-31,0,5.1566430218020356e-08,1.0
0000882291,AEMD,2006-04-03,0,5.1566430218020356e-08,1.0
0000882291,AEMD,2006-04-04,0,2.704270700284821e-08,1.0
0000882291,AEMD,2006-04-05,0,2.704270700284821e-08,1.0
0000882291,AEMD,2006-04-06,0,2.704270700284821e-08,1.0
0000882291,AEMD,2006-04-07,0,2.704270700284821e-08,1.0
0000882291,AEMD,2006-04-10,0,2.704270700284821e-08,1.0
0000882291,AEMD,2006-04-11,0,2.704270700284821e-08,1.0
0000882291,AEMD,2006-04-12,0,2.704270700284821e-08,1.0
0000882291,AEMD,2006-04-13,0,2.704270700284821e-08,1.0
0000882291,AEMD,2006-04-14,0,2.704270700284821e-08,1.0
0000882291,AEMD,2006-04-17,0,2.704270700284821e-08,1.0
0000882291,AEMD,2006-04-18,0,2.704270700284821e-08,1.0
0000882291,AEMD,2006-04-19,0,2.704270700284821e-08,1.0
0000882291,AEMD,2006-04-20,0,2.704270700284821e-08,1.0
0000882291,AEMD,2006-04-21,0,2.704270700284821e-08,1.0
0000882291,AEMD,2006-04-24,0,2.704270700284821e-08,1.0
0000882291,AEMD,2006-04-25,0,2.704270700284821e-08,1.0
0000882291,AEMD,2006-04-26,0,2.704270700284821e-08,1.0
0000882291,AEMD,2006-04-27,0,2.704270700284821e-08,1.0
0000882291,AEMD,2006-04-28,0,2.704270700284821e-08,1.0
0000882291,AEMD,2006-05-01,0,2.704270700284821e-08,1.0
0000882291,AEMD,2006-05-02,0,2.704270700284821e-08,1.0
0000882291,AEMD,2006-05-03,0,2.704270700284821e-08,1.0
0000882291,AEMD,2006-05-04,0,3.496897084612808e-08,1.0
0000882291,AEMD,2006-05-05,0,3.496897084612808e-08,1.0
0000882291,AEMD,2006-05-08,0,3.64538900177986e-08,1.0
0000882291,AEMD,2006-05-09,0,3.64538900177986e-08,1.0
0000882291,AEMD,2006-05-10,0,3.64538900177986e-08,1.0
0000882291,AEMD,2006-05-11,0,3.64538900177986e-08,1.0
0000882291,AEMD,2006-05-12,0,3.64538900177986e-08,1.0
0000882291,AEMD,2006-05-15,0,3.64538900177986e-08,1.0
0000882291,AEMD,2006-05-16,0,3.64538900177986e-08,1.0
0000882291,AEMD,2006-05-17,0,3.64538900177986e-08,1.0
0000882291,AEMD,2006-05-18,0,3.64538900177986e-08,1.0
0000882291,AEMD,2006-05-19,0,3.64538900177986e-08,1.0
0000882291,AEMD,2006-05-22,0,3.64538900177986e-08,1.0
0000882291,AEMD,2006-05-23,0,3.64538900177986e-08,1.0
0000882291,AEMD,2006-05-24,0,3.64538900177986e-08,1.0
0000882291,AEMD,2006-05-25,0,3.64538900177986e-08,1.0
0000882291,AEMD,2006-05-26,0,3.714649993073971e-08,1.0
0000882291,AEMD,2006-05-29,0,3.714649993073971e-08,1.0
0000882291,AEMD,2006-05-30,0,3.714649993073971e-08,1.0
0000882291,AEMD,2006-05-31,0,3.714649993073971e-08,1.0
0000882291,AEMD,2006-06-01,0,3.714649993073971e-08,1.0
0000882291,AEMD,2006-06-02,0,3.714649993073971e-08,1.0
0000882291,AEMD,2006-06-05,0,3.714649993073971e-08,1.0
0000882291,AEMD,2006-06-06,0,3.714649993073971e-08,1.0
0000882291,AEMD,2006-06-07,0,3.714649993073971e-08,1.0
0000882291,AEMD,2006-06-08,0,3.714649993073971e-08,1.0
0000882291,AEMD,2006-06-09,0,3.714649993073971e-08,1.0
0000882291,AEMD,2006-06-12,0,3.714649993073971e-08,1.0
0000882291,AEMD,2006-06-13,0,3.714649993073971e-08,1.0
0000882291,AEMD,2006-06-14,0,3.714649993073971e-08,1.0
0000882291,AEMD,2006-06-15,0,3.714649993073971e-08,1.0
0000882291,AEMD,2006-06-16,0,3.714649993073971e-08,1.0
0000882291,AEMD,2006-06-19,0,3.714649993073971e-08,1.0
0000882291,AEMD,2006-06-20,0,3.714649993073971e-08,1.0
0000882291,AEMD,2006-06-21,0,3.714649993073971e-08,1.0
0000882291,AEMD,2006-06-22,0,3.714649993073971e-08,1.0
0000882291,AEMD,2006-06-23,0,3.714649993073971e-08,1.0
0000882291,AEMD,2006-06-26,0,3.714649993073971e-08,1.0
0000882291,AEMD,2006-06-27,0,3.714649993073971e-08,1.0
0000882291,AEMD,2006-06-28,0,3.714649993073971e-08,1.0
0000882291,AEMD,2006-06-29,0,3.714649993073971e-08,1.0
0000882291,AEMD,2006-06-30,0,3.714649993073971e-08,1.0
0000882291,AEMD,2006-07-03,0,7.112176369102404e-08,1.0
0000882291,AEMD,2006-07-04,0,7.112176369102404e-08,1.0
0000882291,AEMD,2006-07-05,0,7.112176369102404e-08,1.0
0000882291,AEMD,2006-07-06,0,7.112176369102404e-08,1.0
0000882291,AEMD,2006-07-07,0,7.112176369102404e-08,1.0
0000882291,AEMD,2006-07-10,0,7.112176369102404e-08,1.0
0000882291,AEMD,2006-07-11,0,7.112176369102404e-08,1.0
0000882291,AEMD,2006-07-12,0,7.112176369102404e-08,1.0
0000882291,AEMD,2006-07-13,0,7.112176369102404e-08,1.0
0000882291,AEMD,2006-07-14,0,7.112176369102404e-08,1.0
0000882291,AEMD,2006-07-17,0,7.112176369102404e-08,1.0
0000882291,AEMD,2006-07-18,0,7.112176369102404e-08,1.0
0000882291,AEMD,2006-07-19,0,7.112176369102404e-08,1.0
0000882291,AEMD,2006-07-20,0,7.112176369102404e-08,1.0
0000882291,AEMD,2006-07-21,0,7.112176369102404e-08,1.0
0000882291,AEMD,2006-07-24,0,7.112176369102404e-08,1.0
0000882291,AEMD,2006-07-25,0,7.112176369102404e-08,1.0
0000882291,AEMD,2006-07-26,0,7.112176369102404e-08,1.0
0000882291,AEMD,2006-07-27,0,7.112176369102404e-08,1.0
0000882291,AEMD,2006-07-28,0,7.112176369102404e-08,1.0
0000882291,AEMD,2006-07-31,0,7.112176369102404e-08,1.0
0000882291,AEMD,2006-08-01,0,7.112176369102404e-08,1.0
0000882291,AEMD,2006-08-02,0,7.112176369102404e-08,1.0
0000882291,AEMD,2006-08-03,0,7.112176369102404e-08,1.0
0000882291,AEMD,2006-08-04,0,7.112176369102404e-08,1.0
0000882291,AEMD,2006-08-07,0,7.112176369102404e-08,1.0
0000882291,AEMD,2006-08-08,0,7.112176369102404e-08,1.0
0000882291,AEMD,2006-08-09,0,7.112176369102404e-08,1.0
0000882291,AEMD,2006-08-10,0,7.112176369102404e-08,1.0
0000882291,AEMD,2006-08-11,0,7.112176369102404e-08,1.0
0000882291,AEMD,2006-08-14,0,7.112176369102404e-08,1.0
0000882291,AEMD,2006-08-15,0,7.112176369102404e-08,1.0
0000882291,AEMD,2006-08-16,0,7.112176369102404e-08,1.0
0000882291,AEMD,2006-08-17,0,7.112176369102404e-08,1.0
0000882291,AEMD,2006-08-18,0,7.112176369102404e-08,1.0
0000882291,AEMD,2006-08-21,0,7.112176369102404e-08,1.0
0000882291,AEMD,2006-08-22,0,7.112176369102404e-08,1.0
0000882291,AEMD,2006-08-23,0,7.112176369102404e-08,1.0
0000882291,AEMD,2006-08-24,0,7.383709645641947e-08,1.0
0000882291,AEMD,2006-08-25,0,7.383709645641947e-08,1.0
0000882291,AEMD,2006-08-28,0,7.383709645641947e-08,1.0
0000882291,AEMD,2006-08-29,0,7.383709645641947e-08,1.0
0000882291,AEMD,2006-08-30,0,7.383709645641947e-08,1.0
0000882291,AEMD,2006-08-31,0,7.383709645641947e-08,1.0
0000882291,AEMD,2006-09-01,0,7.383709645641947e-08,1.0
0000882291,AEMD,2006-09-04,0,7.383709645641947e-08,1.0
0000882291,AEMD,2006-09-05,0,7.383709645641947e-08,1.0
0000882291,AEMD,2006-09-06,0,7.383709645641947e-08,1.0
0000882291,AEMD,2006-09-07,0,7.383709645641947e-08,1.0
0000882291,AEMD,2006-09-08,0,7.383709645641947e-08,1.0
0000882291,AEMD,2006-09-11,0,7.383709645641947e-08,1.0
0000882291,AEMD,2006-09-12,0,7.383709645641947e-08,1.0
0000882291,AEMD,2006-09-13,0,7.383709645641947e-08,1.0
0000882291,AEMD,2006-09-14,0,7.383709645641947e-08,1.0
0000882291,AEMD,2006-09-15,0,7.383709645641947e-08,1.0
0000882291,AEMD,2006-09-18,0,7.383709645641947e-08,1.0
0000882291,AEMD,2006-09-19,0,7.383709645641947e-08,1.0
0000882291,AEMD,2006-09-20,0,7.383709645641947e-08,1.0
0000882291,AEMD,2006-09-21,0,7.383709645641947e-08,1.0
0000882291,AEMD,2006-09-22,0,7.383709645641947e-08,1.0
0000882291,AEMD,2006-09-25,0,7.383709645641947e-08,1.0
0000882291,AEMD,2006-09-26,0,7.383709645641947e-08,1.0
0000882291,AEMD,2006-09-27,0,7.383709645641947e-08,1.0
0000882291,AEMD,2006-09-28,0,7.383709645641947e-08,1.0
0000882291,AEMD,2006-09-29,0,7.383709645641947e-08,1.0
0000882291,AEMD,2006-10-02,0,1.7197525859824085e-07,1.0
0000882291,AEMD,2006-10-03,0,1.7197525859824085e-07,1.0
0000882291,AEMD,2006-10-04,0,1.7197525859824085e-07,1.0
0000882291,AEMD,2006-10-05,0,1.7197525859824085e-07,1.0
0000882291,AEMD,2006-10-06,0,1.7197525859824085e-07,1.0
0000882291,AEMD,2006-10-09,0,1.7197525859824085e-07,1.0
0000882291,AEMD,2006-10-10,0,1.7197525859824085e-07,1.0
0000882291,AEMD,2006-10-11,0,1.7197525859824085e-07,1.0
0000882291,AEMD,2006-10-12,0,1.7197525859824085e-07,1.0
0000882291,AEMD,2006-10-13,0,1.7197525859824085e-07,1.0
0000882291,AEMD,2006-10-16,0,1.7197525859824085e-07,1.0
0000882291,AEMD,2006-10-17,0,1.7197525859824085e-07,1.0
0000882291,AEMD,2006-10-18,0,1.7197525859824085e-07,1.0
0000882291,AEMD,2006-10-19,0,1.7197525859824085e-07,1.0
0000882291,AEMD,2006-10-20,0,1.7197525859824085e-07,1.0
0000882291,AEMD,2006-10-23,0,1.7197525859824085e-07,1.0
0000882291,AEMD,2006-10-24,0,1.7197525859824085e-07,1.0
0000882291,AEMD,2006-10-25,0,1.7197525859824085e-07,1.0
0000882291,AEMD,2006-10-26,0,1.7197525859824085e-07,1.0
0000882291,AEMD,2006-10-27,0,1.7197525859824085e-07,1.0
0000882291,AEMD,2006-10-30,0,1.7197525859824085e-07,1.0
0000882291,AEMD,2006-10-31,0,1.7197525859824085e-07,1.0
0000882291,AEMD,2006-11-01,0,1.7197525859824085e-07,1.0
0000882291,AEMD,2006-11-02,0,1.7197525859824085e-07,1.0
0000882291,AEMD,2006-11-03,0,1.7197525859824085e-07,1.0
0000882291,AEMD,2006-11-06,0,1.7197525859824085e-07,1.0
0000882291,AEMD,2006-11-07,0,1.7197525859824085e-07,1.0
0000882291,AEMD,2006-11-08,0,1.7197525859824085e-07,1.0
0000882291,AEMD,2006-11-09,0,1.7197525859824085e-07,1.0
0000882291,AEMD,2006-11-10,0,1.7197525859824085e-07,1.0
0000882291,AEMD,2006-11-13,0,1.7197525859824085e-07,1.0
0000882291,AEMD,2006-11-14,0,1.7197525859824085e-07,1.0
0000882291,AEMD,2006-11-15,0,1.7197525859824085e-07,1.0
0000882291,AEMD,2006-11-16,0,1.7197525859824085e-07,1.0
0000882291,AEMD,2006-11-17,0,1.7197525859824085e-07,1.0
0000882291,AEMD,2006-11-20,0,1.7197525859824085e-07,1.0
0000882291,AEMD,2006-11-21,0,1.7197525859824085e-07,1.0
0000882291,AEMD,2006-11-22,0,1.7197525859824085e-07,1.0
0000882291,AEMD,2006-11-23,0,1.7197525859824085e-07,1.0
0000882291,AEMD,2006-11-24,0,1.7197525859824085e-07,1.0
0000882291,AEMD,2006-11-27,0,1.7197525859824085e-07,1.0
0000882291,AEMD,2006-11-28,0,1.7197525859824085e-07,1.0
0000882291,AEMD,2006-11-29,0,1.7197525859824085e-07,1.0
0000882291,AEMD,2006-11-30,0,1.7197525859824085e-07,1.0
0000882291,AEMD,2006-12-01,0,1.7197525859824085e-07,1.0
0000882291,AEMD,2006-12-04,0,1.7197525859824085e-07,1.0
0000882291,AEMD,2006-12-05,0,1.7197525859824085e-07,1.0
0000882291,AEMD,2006-12-06,0,1.7197525859824085e-07,1.0
0000882291,AEMD,2006-12-07,0,1.7197525859824085e-07,1.0
0000882291,AEMD,2006-12-08,0,1.7197525859824085e-07,1.0
0000882291,AEMD,2006-12-11,0,1.7197525859824085e-07,1.0
0000882291,AEMD,2006-12-12,0,1.7197525859824085e-07,1.0
0000882291,AEMD,2006-12-13,0,1.7197525859824085e-07,1.0
0000882291,AEMD,2006-12-14,0,1.7197525859824085e-07,1.0
0000882291,AEMD,2006-12-15,0,1.7197525859824085e-07,1.0
0000882291,AEMD,2006-12-18,0,1.7197525859824085e-07,1.0
0000882291,AEMD,2006-12-19,0,1.7197525859824085e-07,1.0
0000882291,AEMD,2006-12-20,0,1.7197525859824085e-07,1.0
0000882291,AEMD,2006-12-21,0,1.7197525859824085e-07,1.0
0000882291,AEMD,2006-12-22,0,1.7197525859824085e-07,1.0
0000882291,AEMD,2006-12-25,0,1.7197525859824085e-07,1.0
0000882291,AEMD,2006-12-26,0,1.7197525859824085e-07,1.0
0000882291,AEMD,2006-12-27,0,1.7197525859824085e-07,1.0
0000882291,AEMD,2006-12-28,0,1.7197525859824085e-07,1.0
0000882291,AEMD,2006-12-29,0,1.7197525859824085e-07,1.0
0000882291,AEMD,2007-01-01,0,1.7197525859824085e-07,1.0
0000882291,AEMD,2007-01-02,0,1.7197525859824085e-07,1.0
0000882291,AEMD,2007-01-03,0,1.7197525859824085e-07,1.0
0000882291,AEMD,2007-01-04,0,1.7197525859824085e-07,1.0
0000882291,AEMD,2007-01-05,0,1.7197525859824085e-07,1.0
0000882291,AEMD,2007-01-08,0,1.7197525859824085e-07,1.0
0000882291,AEMD,2007-01-09,0,1.7197525859824085e-07,1.0
0000882291,AEMD,2007-01-10,0,1.7197525859824085e-07,1.0
0000882291,AEMD,2007-01-11,0,1.7197525859824085e-07,1.0
0000882291,AEMD,2007-01-12,0,1.7197525859824085e-07,1.0
0000882291,AEMD,2007-01-15,0,1.7197525859824085e-07,1.0
0000882291,AEMD,2007-01-16,0,1.7197525859824085e-07,1.0
0000882291,AEMD,2007-01-17,0,1.7197525859824085e-07,1.0
0000882291,AEMD,2007-01-18,0,1.7197525859824085e-07,1.0
0000882291,AEMD,2007-01-19,0,1.7197525859824085e-07,1.0
0000882291,AEMD,2007-01-22,0,1.7197525859824085e-07,1.0
0000882291,AEMD,2007-01-23,0,1.7197525859824085e-07,1.0
0000882291,AEMD,2007-01-24,0,1.7197525859824085e-07,1.0
0000882291,AEMD,2007-01-25,0,1.7197525859824085e-07,1.0
0000882291,AEMD,2007-01-26,0,1.7197525859824085e-07,1.0
0000882291,AEMD,2007-01-29,0,1.7197525859824085e-07,1.0
0000882291,AEMD,2007-01-30,0,2.9710535701036715e-08,1.0
0000882291,AEMD,2007-01-31,0,2.9710535701036715e-08,1.0
0000882291,AEMD,2007-02-01,0,2.9710535701036715e-08,1.0
0000882291,AEMD,2007-02-02,0,2.9710535701036715e-08,1.0
0000882291,AEMD,2007-02-05,0,2.9710535701036715e-08,1.0
0000882291,AEMD,2007-02-06,0,2.9710535701036715e-08,1.0
0000882291,AEMD,2007-02-07,0,2.9710535701036715e-08,1.0
0000882291,AEMD,2007-02-08,0,2.9710535701036715e-08,1.0
0000882291,AEMD,2007-02-09,0,2.9710535701036715e-08,1.0
0000882291,AEMD,2007-02-12,0,2.7182145687587387e-08,1.0
0000882291,AEMD,2007-02-13,0,2.7182145687587387e-08,1.0
0000882291,AEMD,2007-02-14,0,2.7182145687587387e-08,1.0
0000882291,AEMD,2007-02-15,0,2.7182145687587387e-08,1.0
0000882291,AEMD,2007-02-16,0,2.7182145687587387e-08,1.0
0000882291,AEMD,2007-02-19,0,2.7182145687587387e-08,1.0
0000882291,AEMD,2007-02-20,0,2.7182145687587387e-08,1.0
0000882291,AEMD,2007-02-21,0,2.7182145687587387e-08,1.0
0000882291,AEMD,2007-02-22,0,2.7182145687587387e-08,1.0
0000882291,AEMD,2007-02-23,0,2.7182145687587387e-08,1.0
0000882291,AEMD,2007-02-26,0,2.7182145687587387e-08,1.0
0000882291,AEMD,2007-02-27,0,2.7182145687587387e-08,1.0
0000882291,AEMD,2007-02-28,0,2.7182145687587387e-08,1.0
0000882291,AEMD,2007-03-01,0,5.3491798349783144e-08,1.0
0000882291,AEMD,2007-03-02,0,5.3491798349783144e-08,1.0
0000882291,AEMD,2007-03-05,0,5.3491798349783144e-08,1.0
0000882291,AEMD,2007-03-06,0,5.3491798349783144e-08,1.0
0000882291,AEMD,2007-03-07,0,5.3491798349783144e-08,1.0
0000882291,AEMD,2007-03-08,0,5.3491798349783144e-08,1.0
0000882291,AEMD,2007-03-09,0,5.3491798349783144e-08,1.0
0000882291,AEMD,2007-03-12,0,5.3491798349783144e-08,1.0
0000882291,AEMD,2007-03-13,0,5.3491798349783144e-08,1.0
0000882291,AEMD,2007-03-14,0,5.3491798349783144e-08,1.0
0000882291,AEMD,2007-03-15,0,1.8995970852130684e-07,1.0
0000882291,AEMD,2007-03-16,0,1.8995970852130684e-07,1.0
0000882291,AEMD,2007-03-19,0,1.8995970852130684e-07,1.0
0000882291,AEMD,2007-03-20,0,1.8995970852130684e-07,1.0
0000882291,AEMD,2007-03-21,0,1.8995970852130684e-07,1.0
0000882291,AEMD,2007-03-22,0,1.3859130181175543e-07,1.0
0000882291,AEMD,2007-03-23,0,1.3859130181175543e-07,1.0
0000882291,AEMD,2007-03-26,0,1.3859130181175543e-07,1.0
0000882291,AEMD,2007-03-27,0,1.3859130181175543e-07,1.0
0000882291,AEMD,2007-03-28,0,1.3859130181175543e-07,1.0
0000882291,AEMD,2007-03-29,0,1.3859130181175543e-07,1.0
0000882291,AEMD,2007-03-30,0,1.3859130181175543e-07,1.0
0000882291,AEMD,2007-04-02,0,1.3859130181175543e-07,1.0
0000882291,AEMD,2007-04-03,0,1.3859130181175543e-07,1.0
0000882291,AEMD,2007-04-04,0,1.3859130181175543e-07,1.0
0000882291,AEMD,2007-04-05,0,1.3859130181175543e-07,1.0
0000882291,AEMD,2007-04-06,0,1.3859130181175543e-07,1.0
0000882291,AEMD,2007-04-09,0,1.3859130181175543e-07,1.0
0000882291,AEMD,2007-04-10,0,1.3859130181175543e-07,1.0
0000882291,AEMD,2007-04-11,0,1.3859130181175543e-07,1.0
0000882291,AEMD,2007-04-12,0,1.3859130181175543e-07,1.0
0000882291,AEMD,2007-04-13,0,1.3859130181175543e-07,1.0
0000882291,AEMD,2007-04-16,0,1.3859130181175543e-07,1.0
0000882291,AEMD,2007-04-17,0,1.3859130181175543e-07,1.0
0000882291,AEMD,2007-04-18,0,1.3859130181175543e-07,1.0
0000882291,AEMD,2007-04-19,0,1.3859130181175543e-07,1.0
0000882291,AEMD,2007-04-20,0,1.3859130181175543e-07,1.0
0000882291,AEMD,2007-04-23,0,1.8080798128294704e-07,1.0
0000882291,AEMD,2007-04-24,0,1.8080798128294704e-07,1.0
0000882291,AEMD,2007-04-25,0,1.8080798128294704e-07,1.0
0000882291,AEMD,2007-04-26,0,1.8080798128294704e-07,1.0
0000882291,AEMD,2007-04-27,0,1.8080798128294704e-07,1.0
0000882291,AEMD,2007-04-30,0,1.8080798128294704e-07,1.0
0000882291,AEMD,2007-05-01,0,9.086993985109517e-08,1.0
0000882291,AEMD,2007-05-02,0,9.086993985109517e-08,1.0
0000882291,AEMD,2007-05-03,0,9.086993985109517e-08,1.0
0000882291,AEMD,2007-05-04,0,9.086993985109517e-08,1.0
0000882291,AEMD,2007-05-07,0,9.086993985109517e-08,1.0
0000882291,AEMD,2007-05-08,0,9.086993985109517e-08,1.0
0000882291,AEMD,2007-05-09,0,9.086993985109517e-08,1.0
0000882291,AEMD,2007-05-10,0,9.086993985109517e-08,1.0
0000882291,AEMD,2007-05-11,0,9.086993985109517e-08,1.0
0000882291,AEMD,2007-05-14,0,1.789021359455031e-08,1.0
0000882291,AEMD,2007-05-15,0,1.789021359455031e-08,1.0
0000882291,AEMD,2007-05-16,0,1.789021359455031e-08,1.0
0000882291,AEMD,2007-05-17,0,1.789021359455031e-08,1.0
0000882291,AEMD,2007-05-18,0,1.789021359455031e-08,1.0
0000882291,AEMD,2007-05-21,0,1.789021359455031e-08,1.0
0000882291,AEMD,2007-05-22,0,1.789021359455031e-08,1.0
0000882291,AEMD,2007-05-23,0,1.789021359455031e-08,1.0
0000882291,AEMD,2007-05-24,0,1.789021359455031e-08,1.0
0000882291,AEMD,2007-05-25,0,1.789021359455031e-08,1.0
0000882291,AEMD,2007-05-28,0,1.789021359455031e-08,1.0
0000882291,AEMD,2007-05-29,0,1.789021359455031e-08,1.0
0000882291,AEMD,2007-05-30,0,1.789021359455031e-08,1.0
0000882291,AEMD,2007-05-31,0,1.789021359455031e-08,1.0
0000882291,AEMD,2007-06-01,0,1.789021359455031e-08,1.0
0000882291,AEMD,2007-06-04,0,1.789021359455031e-08,1.0
0000882291,AEMD,2007-06-05,0,1.789021359455031e-08,1.0
0000882291,AEMD,2007-06-06,0,1.789021359455031e-08,1.0
0000882291,AEMD,2007-06-07,0,1.789021359455031e-08,1.0
0000882291,AEMD,2007-06-08,0,1.789021359455031e-08,1.0
0000882291,AEMD,2007-06-11,0,1.789021359455031e-08,1.0
0000882291,AEMD,2007-06-12,0,1.789021359455031e-08,1.0
0000882291,AEMD,2007-06-13,0,1.789021359455031e-08,1.0
0000882291,AEMD,2007-06-14,0,1.789021359455031e-08,1.0
0000882291,AEMD,2007-06-15,0,1.789021359455031e-08,1.0
0000882291,AEMD,2007-06-18,0,1.789021359455031e-08,1.0
0000882291,AEMD,2007-06-19,0,1.789021359455031e-08,1.0
0000882291,AEMD,2007-06-20,0,3.4938284267174464e-08,1.0
0000882291,AEMD,2007-06-21,0,3.4938284267174464e-08,1.0
0000882291,AEMD,2007-06-22,0,3.4938284267174464e-08,1.0
0000882291,AEMD,2007-06-25,0,3.4938284267174464e-08,1.0
0000882291,AEMD,2007-06-26,0,3.4938284267174464e-08,1.0
0000882291,AEMD,2007-06-27,0,3.4938284267174464e-08,1.0
0000882291,AEMD,2007-06-28,0,3.4938284267174464e-08,1.0
0000882291,AEMD,2007-06-29,0,3.4938284267174464e-08,1.0
0000882291,AEMD,2007-07-02,0,3.4938284267174464e-08,1.0
0000882291,AEMD,2007-07-03,0,3.4938284267174464e-08,1.0
0000882291,AEMD,2007-07-04,0,3.4938284267174464e-08,1.0
0000882291,AEMD,2007-07-05,0,3.4938284267174464e-08,1.0
0000882291,AEMD,2007-07-06,0,3.4938284267174464e-08,1.0
0000882291,AEMD,2007-07-09,0,3.4938284267174464e-08,1.0
0000882291,AEMD,2007-07-10,0,3.4938284267174464e-08,1.0
0000882291,AEMD,2007-07-11,0,3.4938284267174464e-08,1.0
0000882291,AEMD,2007-07-12,0,3.4938284267174464e-08,1.0
0000882291,AEMD,2007-07-13,0,3.4938284267174464e-08,1.0
0000882291,AEMD,2007-07-16,0,3.4938284267174464e-08,1.0
0000882291,AEMD,2007-07-17,0,3.4938284267174464e-08,1.0
0000882291,AEMD,2007-07-18,0,3.4938284267174464e-08,1.0
0000882291,AEMD,2007-07-19,0,3.4938284267174464e-08,1.0
0000882291,AEMD,2007-07-20,0,3.4938284267174464e-08,1.0
0000882291,AEMD,2007-07-23,0,3.4938284267174464e-08,1.0
0000882291,AEMD,2007-07-24,0,3.4938284267174464e-08,1.0
0000882291,AEMD,2007-07-25,0,3.4938284267174464e-08,1.0
0000882291,AEMD,2007-07-26,0,3.4938284267174464e-08,1.0
0000882291,AEMD,2007-07-27,0,3.4938284267174464e-08,1.0
0000882291,AEMD,2007-07-30,0,3.862100598651217e-08,1.0
0000882291,AEMD,2007-07-31,0,3.862100598651217e-08,1.0
0000882291,AEMD,2007-08-01,0,3.862100598651217e-08,1.0
0000882291,AEMD,2007-08-02,0,3.862100598651217e-08,1.0
0000882291,AEMD,2007-08-03,0,3.862100598651217e-08,1.0
0000882291,AEMD,2007-08-06,0,3.862100598651217e-08,1.0
0000882291,AEMD,2007-08-07,0,3.862100598651217e-08,1.0
0000882291,AEMD,2007-08-08,0,3.862100598651217e-08,1.0
0000882291,AEMD,2007-08-09,0,3.862100598651217e-08,1.0
0000882291,AEMD,2007-08-10,0,3.862100598651217e-08,1.0
0000882291,AEMD,2007-08-13,0,7.410164854773626e-08,1.0
0000882291,AEMD,2007-08-14,0,7.410164854773626e-08,1.0
0000882291,AEMD,2007-08-15,0,7.410164854773626e-08,1.0
0000882291,AEMD,2007-08-16,0,7.410164854773626e-08,1.0
0000882291,AEMD,2007-08-17,0,7.410164854773626e-08,1.0
0000882291,AEMD,2007-08-20,0,5.841024475673555e-08,1.0
0000882291,AEMD,2007-08-21,0,5.841024475673555e-08,1.0
0000882291,AEMD,2007-08-22,0,5.841024475673555e-08,1.0
0000882291,AEMD,2007-08-23,0,5.841024475673555e-08,1.0
0000882291,AEMD,2007-08-24,0,5.841024475673555e-08,1.0
0000882291,AEMD,2007-08-27,0,5.841024475673555e-08,1.0
0000882291,AEMD,2007-08-28,0,5.841024475673555e-08,1.0
0000882291,AEMD,2007-08-29,0,5.841024475673555e-08,1.0
0000882291,AEMD,2007-08-30,0,5.841024475673555e-08,1.0
0000882291,AEMD,2007-08-31,0,5.841024475673555e-08,1.0
0000882291,AEMD,2007-09-03,0,5.841024475673555e-08,1.0
0000882291,AEMD,2007-09-04,0,5.841024475673555e-08,1.0
0000882291,AEMD,2007-09-05,0,5.841024475673555e-08,1.0
0000882291,AEMD,2007-09-06,0,5.841024475673555e-08,1.0
0000882291,AEMD,2007-09-07,0,5.841024475673555e-08,1.0
0000882291,AEMD,2007-09-10,0,5.841024475673555e-08,1.0
0000882291,AEMD,2007-09-11,0,5.841024475673555e-08,1.0
0000882291,AEMD,2007-09-12,0,5.841024475673555e-08,1.0
0000882291,AEMD,2007-09-13,0,5.841024475673555e-08,1.0
0000882291,AEMD,2007-09-14,0,5.841024475673555e-08,1.0
0000882291,AEMD,2007-09-17,0,5.841024475673555e-08,1.0
0000882291,AEMD,2007-09-18,0,9.198599312230484e-08,1.0
0000882291,AEMD,2007-09-19,0,8.25925657325674e-08,1.0
0000882291,AEMD,2007-09-20,0,8.25925657325674e-08,1.0
0000882291,AEMD,2007-09-21,0,8.25925657325674e-08,1.0
0000882291,AEMD,2007-09-24,0,8.25925657325674e-08,1.0
0000882291,AEMD,2007-09-25,0,8.25925657325674e-08,1.0
0000882291,AEMD,2007-09-26,0,8.25925657325674e-08,1.0
0000882291,AEMD,2007-09-27,0,8.25925657325674e-08,1.0
0000882291,AEMD,2007-09-28,0,8.25925657325674e-08,1.0
0000882291,AEMD,2007-10-01,0,8.25925657325674e-08,1.0
0000882291,AEMD,2007-10-02,0,8.25925657325674e-08,1.0
0000882291,AEMD,2007-10-03,0,8.25925657325674e-08,1.0
0000882291,AEMD,2007-10-04,0,8.25925657325674e-08,1.0
0000882291,AEMD,2007-10-05,0,8.25925657325674e-08,1.0
0000882291,AEMD,2007-10-08,0,8.25925657325674e-08,1.0
0000882291,AEMD,2007-10-09,0,8.25925657325674e-08,1.0
0000882291,AEMD,2007-10-10,0,8.25925657325674e-08,1.0
0000882291,AEMD,2007-10-11,0,8.25925657325674e-08,1.0
0000882291,AEMD,2007-10-12,0,8.25925657325674e-08,1.0
0000882291,AEMD,2007-10-15,0,8.25925657325674e-08,1.0
0000882291,AEMD,2007-10-16,0,8.25925657325674e-08,1.0
0000882291,AEMD,2007-10-17,0,8.25925657325674e-08,1.0
0000882291,AEMD,2007-10-18,0,8.25925657325674e-08,1.0
0000882291,AEMD,2007-10-19,0,8.25925657325674e-08,1.0
0000882291,AEMD,2007-10-22,0,8.25925657325674e-08,1.0
0000882291,AEMD,2007-10-23,0,8.25925657325674e-08,1.0
0000882291,AEMD,2007-10-24,0,8.25925657325674e-08,1.0
0000882291,AEMD,2007-10-25,0,8.25925657325674e-08,1.0
0000882291,AEMD,2007-10-26,0,8.25925657325674e-08,1.0
0000882291,AEMD,2007-10-29,0,8.25925657325674e-08,1.0
0000882291,AEMD,2007-10-30,0,8.25925657325674e-08,1.0
0000882291,AEMD,2007-10-31,0,8.25925657325674e-08,1.0
0000882291,AEMD,2007-11-01,0,8.25925657325674e-08,1.0
0000882291,AEMD,2007-11-02,0,8.25925657325674e-08,1.0
0000882291,AEMD,2007-11-05,0,8.25925657325674e-08,1.0
0000882291,AEMD,2007-11-06,0,8.25925657325674e-08,1.0
0000882291,AEMD,2007-11-07,0,8.25925657325674e-08,1.0
0000882291,AEMD,2007-11-08,0,8.25925657325674e-08,1.0
0000882291,AEMD,2007-11-09,0,8.25925657325674e-08,1.0
0000882291,AEMD,2007-11-12,0,8.25925657325674e-08,1.0
0000882291,AEMD,2007-11-13,0,8.25925657325674e-08,1.0
0000882291,AEMD,2007-11-14,0,8.25925657325674e-08,1.0
0000882291,AEMD,2007-11-15,0,8.25925657325674e-08,1.0
0000882291,AEMD,2007-11-16,0,8.25925657325674e-08,1.0
0000882291,AEMD,2007-11-19,0,1.1647121394248455e-07,1.0
0000882291,AEMD,2007-11-20,0,1.1647121394248455e-07,1.0
0000882291,AEMD,2007-11-21,0,1.1647121394248455e-07,1.0
0000882291,AEMD,2007-11-22,0,1.1647121394248455e-07,1.0
0000882291,AEMD,2007-11-23,0,1.1647121394248455e-07,1.0
0000882291,AEMD,2007-11-26,0,1.1647121394248455e-07,1.0
0000882291,AEMD,2007-11-27,0,1.1647121394248455e-07,1.0
0000882291,AEMD,2007-11-28,0,1.1647121394248455e-07,1.0
0000882291,AEMD,2007-11-29,0,1.1647121394248455e-07,1.0
0000882291,AEMD,2007-11-30,0,1.1647121394248455e-07,1.0
0000882291,AEMD,2007-12-03,0,1.1647121394248455e-07,1.0
0000882291,AEMD,2007-12-04,0,1.1647121394248455e-07,1.0
0000882291,AEMD,2007-12-05,0,1.1647121394248455e-07,1.0
0000882291,AEMD,2007-12-06,0,1.1647121394248455e-07,1.0
0000882291,AEMD,2007-12-07,0,1.1647121394248455e-07,1.0
0000882291,AEMD,2007-12-10,0,1.1647121394248455e-07,1.0
0000882291,AEMD,2007-12-11,0,1.1647121394248455e-07,1.0
0000882291,AEMD,2007-12-12,0,2.9032940306376016e-08,1.0
0000882291,AEMD,2007-12-13,0,2.9032940306376016e-08,1.0
0000882291,AEMD,2007-12-14,0,2.9032940306376016e-08,1.0
0000882291,AEMD,2007-12-17,0,2.9032940306376016e-08,1.0
0000882291,AEMD,2007-12-18,0,2.9032940306376016e-08,1.0
0000882291,AEMD,2007-12-19,0,2.9032940306376016e-08,1.0
0000882291,AEMD,2007-12-20,0,2.9032940306376016e-08,1.0
0000882291,AEMD,2007-12-21,0,2.9032940306376016e-08,1.0
0000882291,AEMD,2007-12-24,0,2.9032940306376016e-08,1.0
0000882291,AEMD,2007-12-25,0,2.9032940306376016e-08,1.0
0000882291,AEMD,2007-12-26,0,2.9032940306376016e-08,1.0
0000882291,AEMD,2007-12-27,0,2.9032940306376016e-08,1.0
0000882291,AEMD,2007-12-28,0,2.9032940306376016e-08,1.0
0000882291,AEMD,2007-12-31,0,2.9032940306376016e-08,1.0
0000882291,AEMD,2008-01-01,0,2.9032940306376016e-08,1.0
0000882291,AEMD,2008-01-02,0,2.9032940306376016e-08,1.0
0000882291,AEMD,2008-01-03,0,2.9032940306376016e-08,1.0
0000882291,AEMD,2008-01-04,0,2.9032940306376016e-08,1.0
0000882291,AEMD,2008-01-07,0,2.9032940306376016e-08,1.0
0000882291,AEMD,2008-01-08,0,2.9032940306376016e-08,1.0
0000882291,AEMD,2008-01-09,0,2.9032940306376016e-08,1.0
0000882291,AEMD,2008-01-10,0,2.9032940306376016e-08,1.0
0000882291,AEMD,2008-01-11,0,3.787674575581535e-08,1.0
0000882291,AEMD,2008-01-14,0,3.787674575581535e-08,1.0
0000882291,AEMD,2008-01-15,0,3.787674575581535e-08,1.0
0000882291,AEMD,2008-01-16,0,3.787674575581535e-08,1.0
0000882291,AEMD,2008-01-17,0,3.787674575581535e-08,1.0
0000882291,AEMD,2008-01-18,0,3.787674575581535e-08,1.0
0000882291,AEMD,2008-01-21,0,3.787674575581535e-08,1.0
0000882291,AEMD,2008-01-22,0,3.787674575581535e-08,1.0
0000882291,AEMD,2008-01-23,0,3.787674575581535e-08,1.0
0000882291,AEMD,2008-01-24,0,3.787674575581535e-08,1.0
0000882291,AEMD,2008-01-25,0,3.787674575581535e-08,1.0
0000882291,AEMD,2008-01-28,0,3.787674575581535e-08,1.0
0000882291,AEMD,2008-01-29,0,3.787674575581535e-08,1.0
0000882291,AEMD,2008-01-30,0,3.787674575581535e-08,1.0
0000882291,AEMD,2008-01-31,0,3.787674575581535e-08,1.0
0000882291,AEMD,2008-02-01,0,3.787674575581535e-08,1.0
0000882291,AEMD,2008-02-04,0,3.787674575581535e-08,1.0
0000882291,AEMD,2008-02-05,0,3.787674575581535e-08,1.0
0000882291,AEMD,2008-02-06,0,3.787674575581535e-08,1.0
0000882291,AEMD,2008-02-07,0,3.787674575581535e-08,1.0
0000882291,AEMD,2008-02-08,0,3.787674575581535e-08,1.0
0000882291,AEMD,2008-02-11,0,3.787674575581535e-08,1.0
0000882291,AEMD,2008-02-12,0,2.4973061065402482e-08,1.0
0000882291,AEMD,2008-02-13,0,2.4973061065402482e-08,1.0
0000882291,AEMD,2008-02-14,0,2.4973061065402482e-08,1.0
0000882291,AEMD,2008-02-15,0,2.4973061065402482e-08,1.0
0000882291,AEMD,2008-02-18,0,2.5017186461438454e-08,1.0
0000882291,AEMD,2008-02-19,0,2.5017186461438454e-08,1.0
0000882291,AEMD,2008-02-20,0,2.5017186461438454e-08,1.0
0000882291,AEMD,2008-02-21,0,2.5017186461438454e-08,1.0
0000882291,AEMD,2008-02-22,0,2.5017186461438454e-08,1.0
0000882291,AEMD,2008-02-25,0,2.5017186461438454e-08,1.0
0000882291,AEMD,2008-02-26,0,2.5017186461438454e-08,1.0
0000882291,AEMD,2008-02-27,0,2.5017186461438454e-08,1.0
0000882291,AEMD,2008-02-28,0,2.5017186461438454e-08,1.0
0000882291,AEMD,2008-02-29,0,2.5017186461438454e-08,1.0
0000882291,AEMD,2008-03-03,0,2.5017186461438454e-08,1.0
0000882291,AEMD,2008-03-04,0,2.5017186461438454e-08,1.0
0000882291,AEMD,2008-03-05,0,2.5017186461438454e-08,1.0
0000882291,AEMD,2008-03-06,0,2.5017186461438454e-08,1.0
0000882291,AEMD,2008-03-07,0,2.5017186461438454e-08,1.0
0000882291,AEMD,2008-03-10,0,2.5017186461438454e-08,1.0
0000882291,AEMD,2008-03-11,0,2.5017186461438454e-08,1.0
0000882291,AEMD,2008-03-12,0,2.5291344488086088e-08,1.0
0000882291,AEMD,2008-03-13,0,2.5291344488086088e-08,1.0
0000882291,AEMD,2008-03-14,0,1.088360214920418e-07,1.0
0000882291,AEMD,2008-03-17,0,1.088360214920418e-07,1.0
0000882291,AEMD,2008-03-18,0,1.088360214920418e-07,1.0
0000882291,AEMD,2008-03-19,0,1.088360214920418e-07,1.0
0000882291,AEMD,2008-03-20,0,1.088360214920418e-07,1.0
0000882291,AEMD,2008-03-21,0,1.088360214920418e-07,1.0
0000882291,AEMD,2008-03-24,0,1.088360214920418e-07,1.0
0000882291,AEMD,2008-03-25,0,1.088360214920418e-07,1.0
0000882291,AEMD,2008-03-26,0,1.088360214920418e-07,1.0
0000882291,AEMD,2008-03-27,0,1.088360214920418e-07,1.0
0000882291,AEMD,2008-03-28,0,1.088360214920418e-07,1.0
0000882291,AEMD,2008-03-31,0,1.088360214920418e-07,1.0
0000882291,AEMD,2008-04-01,0,1.088360214920418e-07,1.0
0000882291,AEMD,2008-04-02,0,1.088360214920418e-07,1.0
0000882291,AEMD,2008-04-03,0,1.088360214920418e-07,1.0
0000882291,AEMD,2008-04-04,0,1.088360214920418e-07,1.0
0000882291,AEMD,2008-04-07,0,1.088360214920418e-07,1.0
0000882291,AEMD,2008-04-08,0,1.088360214920418e-07,1.0
0000882291,AEMD,2008-04-09,0,1.088360214920418e-07,1.0
0000882291,AEMD,2008-04-10,0,1.088360214920418e-07,1.0
0000882291,AEMD,2008-04-11,0,1.088360214920418e-07,1.0
0000882291,AEMD,2008-04-14,0,1.088360214920418e-07,1.0
0000882291,AEMD,2008-04-15,0,1.088360214920418e-07,1.0
0000882291,AEMD,2008-04-16,0,1.088360214920418e-07,1.0
0000882291,AEMD,2008-04-17,0,1.088360214920418e-07,1.0
0000882291,AEMD,2008-04-18,0,1.088360214920418e-07,1.0
0000882291,AEMD,2008-04-21,0,1.088360214920418e-07,1.0
0000882291,AEMD,2008-04-22,0,1.088360214920418e-07,1.0
0000882291,AEMD,2008-04-23,0,1.088360214920418e-07,1.0
0000882291,AEMD,2008-04-24,0,1.088360214920418e-07,1.0
0000882291,AEMD,2008-04-25,0,1.088360214920418e-07,1.0
0000882291,AEMD,2008-04-28,0,1.088360214920418e-07,1.0
0000882291,AEMD,2008-04-29,0,1.088360214920418e-07,1.0
0000882291,AEMD,2008-04-30,0,1.088360214920418e-07,1.0
0000882291,AEMD,2008-05-01,0,1.088360214920418e-07,1.0
0000882291,AEMD,2008-05-02,0,7.263264945794095e-08,1.0
0000882291,AEMD,2008-05-05,0,7.263264945794095e-08,1.0
0000882291,AEMD,2008-05-06,0,7.263264945794095e-08,1.0
0000882291,AEMD,2008-05-07,0,7.263264945794095e-08,1.0
0000882291,AEMD,2008-05-08,0,7.263264945794095e-08,1.0
0000882291,AEMD,2008-05-09,0,7.263264945794095e-08,1.0
0000882291,AEMD,2008-05-12,0,7.263264945794095e-08,1.0
0000882291,AEMD,2008-05-13,0,8.960968514024693e-09,1.0
0000882291,AEMD,2008-05-14,0,8.960968514024693e-09,1.0
0000882291,AEMD,2008-05-15,0,8.960968514024693e-09,1.0
0000882291,AEMD,2008-05-16,0,8.960968514024693e-09,1.0
0000882291,AEMD,2008-05-19,0,8.960968514024693e-09,1.0
0000882291,AEMD,2008-05-20,0,8.960968514024693e-09,1.0
0000882291,AEMD,2008-05-21,0,8.960968514024693e-09,1.0
0000882291,AEMD,2008-05-22,0,8.960968514024693e-09,1.0
0000882291,AEMD,2008-05-23,0,8.960968514024693e-09,1.0
0000882291,AEMD,2008-05-26,0,8.960968514024693e-09,1.0
0000882291,AEMD,2008-05-27,0,8.960968514024693e-09,1.0
0000882291,AEMD,2008-05-28,0,8.960968514024693e-09,1.0
0000882291,AEMD,2008-05-29,0,8.960968514024693e-09,1.0
0000882291,AEMD,2008-05-30,0,8.960968514024693e-09,1.0
0000882291,AEMD,2008-06-02,0,1.2286462191301731e-08,1.0
0000882291,AEMD,2008-06-03,0,1.2286462191301731e-08,1.0
0000882291,AEMD,2008-06-04,0,1.2286462191301731e-08,1.0
0000882291,AEMD,2008-06-05,0,1.2286462191301731e-08,1.0
0000882291,AEMD,2008-06-06,0,1.2286462191301731e-08,1.0
0000882291,AEMD,2008-06-09,0,1.2286462191301731e-08,1.0
0000882291,AEMD,2008-06-10,0,1.2770563658632442e-08,1.0
0000882291,AEMD,2008-06-11,0,1.2770563658632442e-08,1.0
0000882291,AEMD,2008-06-12,0,1.2770563658632442e-08,1.0
0000882291,AEMD,2008-06-13,0,1.2770563658632442e-08,1.0
0000882291,AEMD,2008-06-16,0,1.2770563658632442e-08,1.0
0000882291,AEMD,2008-06-17,0,1.2770563658632442e-08,1.0
0000882291,AEMD,2008-06-18,0,1.2770563658632442e-08,1.0
0000882291,AEMD,2008-06-19,0,1.2770563658632442e-08,1.0
0000882291,AEMD,2008-06-20,0,1.2770563658632442e-08,1.0
0000882291,AEMD,2008-06-23,0,1.2770563658632442e-08,1.0
0000882291,AEMD,2008-06-24,0,1.2770563658632442e-08,1.0
0000882291,AEMD,2008-06-25,0,1.2770563658632442e-08,1.0
0000882291,AEMD,2008-06-26,0,1.2770563658632442e-08,1.0
0000882291,AEMD,2008-06-27,0,1.2770563658632442e-08,1.0
0000882291,AEMD,2008-06-30,0,1.2770563658632442e-08,1.0
0000882291,AEMD,2008-07-01,0,1.2770563658632442e-08,1.0
0000882291,AEMD,2008-07-02,0,1.2770563658632442e-08,1.0
0000882291,AEMD,2008-07-03,0,1.2770563658632442e-08,1.0
0000882291,AEMD,2008-07-04,0,1.2770563658632442e-08,1.0
0000882291,AEMD,2008-07-07,0,1.2770563658632442e-08,1.0
0000882291,AEMD,2008-07-08,0,1.2770563658632442e-08,1.0
0000882291,AEMD,2008-07-09,0,1.2770563658632442e-08,1.0
0000882291,AEMD,2008-07-10,0,1.2770563658632442e-08,1.0
0000882291,AEMD,2008-07-11,0,1.2770563658632442e-08,1.0
0000882291,AEMD,2008-07-14,0,1.2770563658632442e-08,1.0
0000882291,AEMD,2008-07-15,0,1.2770563658632442e-08,1.0
0000882291,AEMD,2008-07-16,0,1.2770563658632442e-08,1.0
0000882291,AEMD,2008-07-17,0,1.2770563658632442e-08,1.0
0000882291,AEMD,2008-07-18,0,1.2770563658632442e-08,1.0
0000882291,AEMD,2008-07-21,0,1.2770563658632442e-08,1.0
0000882291,AEMD,2008-07-22,0,1.2770563658632442e-08,1.0
0000882291,AEMD,2008-07-23,0,1.2770563658632442e-08,1.0
0000882291,AEMD,2008-07-24,0,1.2770563658632442e-08,1.0
0000882291,AEMD,2008-07-25,0,1.2770563658632442e-08,1.0
0000882291,AEMD,2008-07-28,0,1.2770563658632442e-08,1.0
0000882291,AEMD,2008-07-29,0,1.2770563658632442e-08,1.0
0000882291,AEMD,2008-07-30,0,1.2770563658632442e-08,1.0
0000882291,AEMD,2008-07-31,0,2.491544882435912e-08,1.0
0000882291,AEMD,2008-08-01,0,2.491544882435912e-08,1.0
0000882291,AEMD,2008-08-04,0,2.491544882435912e-08,1.0
0000882291,AEMD,2008-08-05,0,2.491544882435912e-08,1.0
0000882291,AEMD,2008-08-06,0,2.491544882435912e-08,1.0
0000882291,AEMD,2008-08-07,0,2.491544882435912e-08,1.0
0000882291,AEMD,2008-08-08,0,2.491544882435912e-08,1.0
0000882291,AEMD,2008-08-11,0,7.071595986037973e-08,1.0
0000882291,AEMD,2008-08-12,0,2.684409338251713e-08,1.0
0000882291,AEMD,2008-08-13,0,2.684409338251713e-08,1.0
0000882291,AEMD,2008-08-14,0,3.3408281748191664e-08,1.0
0000882291,AEMD,2008-08-15,0,3.3408281748191664e-08,1.0
0000882291,AEMD,2008-08-18,0,3.3408281748191664e-08,1.0
0000882291,AEMD,2008-08-19,0,3.3408281748191664e-08,1.0
0000882291,AEMD,2008-08-20,0,3.3408281748191664e-08,1.0
0000882291,AEMD,2008-08-21,0,3.3408281748191664e-08,1.0
0000882291,AEMD,2008-08-22,0,3.3408281748191664e-08,1.0
0000882291,AEMD,2008-08-25,0,3.3408281748191664e-08,1.0
0000882291,AEMD,2008-08-26,0,3.3408281748191664e-08,1.0
0000882291,AEMD,2008-08-27,0,3.3408281748191664e-08,1.0
0000882291,AEMD,2008-08-28,0,3.3408281748191664e-08,1.0
0000882291,AEMD,2008-08-29,0,3.3408281748191664e-08,1.0
0000882291,AEMD,2008-09-01,0,3.3408281748191664e-08,1.0
0000882291,AEMD,2008-09-02,0,3.3408281748191664e-08,1.0
0000882291,AEMD,2008-09-03,0,3.3408281748191664e-08,1.0
0000882291,AEMD,2008-09-04,0,3.3408281748191664e-08,1.0
0000882291,AEMD,2008-09-05,0,3.3408281748191664e-08,1.0
0000882291,AEMD,2008-09-08,0,3.3408281748191664e-08,1.0
0000882291,AEMD,2008-09-09,0,3.3408281748191664e-08,1.0
0000882291,AEMD,2008-09-10,0,3.3408281748191664e-08,1.0
0000882291,AEMD,2008-09-11,0,4.8198926187900114e-08,1.0
0000882291,AEMD,2008-09-12,0,4.8198926187900114e-08,1.0
0000882291,AEMD,2008-09-15,0,4.031484736155491e-08,1.0
0000882291,AEMD,2008-09-16,0,4.031484736155491e-08,1.0
0000882291,AEMD,2008-09-17,0,4.031484736155491e-08,1.0
0000882291,AEMD,2008-09-18,0,4.031484736155491e-08,1.0
0000882291,AEMD,2008-09-19,0,4.031484736155491e-08,1.0
0000882291,AEMD,2008-09-22,0,4.031484736155491e-08,1.0
0000882291,AEMD,2008-09-23,0,4.031484736155491e-08,1.0
0000882291,AEMD,2008-09-24,0,4.031484736155491e-08,1.0
0000882291,AEMD,2008-09-25,0,4.031484736155491e-08,1.0
0000882291,AEMD,2008-09-26,0,4.031484736155491e-08,1.0
0000882291,AEMD,2008-09-29,0,1.7812628681983875e-08,1.0
0000882291,AEMD,2008-09-30,0,1.7812628681983875e-08,1.0
0000882291,AEMD,2008-10-01,0,1.7812628681983875e-08,1.0
0000882291,AEMD,2008-10-02,0,1.7812628681983875e-08,1.0
0000882291,AEMD,2008-10-03,0,1.7812628681983875e-08,1.0
0000882291,AEMD,2008-10-06,0,1.7812628681983875e-08,1.0
0000882291,AEMD,2008-10-07,0,1.7812628681983875e-08,1.0
0000882291,AEMD,2008-10-08,0,1.7812628681983875e-08,1.0
0000882291,AEMD,2008-10-09,0,1.7812628681983875e-08,1.0
0000882291,AEMD,2008-10-10,0,1.7812628681983875e-08,1.0
0000882291,AEMD,2008-10-13,0,1.7812628681983875e-08,1.0
0000882291,AEMD,2008-10-14,0,1.7812628681983875e-08,1.0
0000882291,AEMD,2008-10-15,0,1.7812628681983875e-08,1.0
0000882291,AEMD,2008-10-16,0,1.7812628681983875e-08,1.0
0000882291,AEMD,2008-10-17,0,1.7812628681983875e-08,1.0
0000882291,AEMD,2008-10-20,0,1.7812628681983875e-08,1.0
0000882291,AEMD,2008-10-21,0,1.7812628681983875e-08,1.0
0000882291,AEMD,2008-10-22,0,1.7812628681983875e-08,1.0
0000882291,AEMD,2008-10-23,0,1.7812628681983875e-08,1.0
0000882291,AEMD,2008-10-24,0,1.7812628681983875e-08,1.0
0000882291,AEMD,2008-10-27,0,1.7812628681983875e-08,1.0
0000882291,AEMD,2008-10-28,0,1.7812628681983875e-08,1.0
0000882291,AEMD,2008-10-29,0,7.941751991711761e-08,1.0
0000882291,AEMD,2008-10-30,0,7.941751991711761e-08,1.0
0000882291,AEMD,2008-10-31,0,7.941751991711761e-08,1.0
0000882291,AEMD,2008-11-03,0,7.941751991711761e-08,1.0
0000882291,AEMD,2008-11-04,0,7.941751991711761e-08,1.0
0000882291,AEMD,2008-11-05,0,7.941751991711761e-08,1.0
0000882291,AEMD,2008-11-06,0,7.941751991711761e-08,1.0
0000882291,AEMD,2008-11-07,0,7.941751991711761e-08,1.0
0000882291,AEMD,2008-11-10,0,7.997044037120294e-08,1.0
0000882291,AEMD,2008-11-11,0,7.997044037120294e-08,1.0
0000882291,AEMD,2008-11-12,0,6.74461648420232e-08,1.0
0000882291,AEMD,2008-11-13,0,6.74461648420232e-08,1.0
0000882291,AEMD,2008-11-14,0,6.74461648420232e-08,1.0
0000882291,AEMD,2008-11-17,0,6.74461648420232e-08,1.0
0000882291,AEMD,2008-11-18,0,6.74461648420232e-08,1.0
0000882291,AEMD,2008-11-19,0,8.882785572438272e-08,1.0
0000882291,AEMD,2008-11-20,0,8.882785572438272e-08,1.0
0000882291,AEMD,2008-11-21,0,8.882785572438272e-08,1.0
0000882291,AEMD,2008-11-24,0,8.882785572438272e-08,1.0
0000882291,AEMD,2008-11-25,0,8.882785572438272e-08,1.0
0000882291,AEMD,2008-11-26,0,8.882785572438272e-08,1.0
0000882291,AEMD,2008-11-27,0,8.882785572438272e-08,1.0
0000882291,AEMD,2008-11-28,0,8.882785572438272e-08,1.0
0000882291,AEMD,2008-12-01,0,8.882785572438272e-08,1.0
0000882291,AEMD,2008-12-02,0,8.882785572438272e-08,1.0
0000882291,AEMD,2008-12-03,0,8.882785572438272e-08,1.0
0000882291,AEMD,2008-12-04,0,8.882785572438272e-08,1.0
0000882291,AEMD,2008-12-05,0,8.882785572438272e-08,1.0
0000882291,AEMD,2008-12-08,0,8.882785572438272e-08,1.0
0000882291,AEMD,2008-12-09,0,8.882785572438272e-08,1.0
0000882291,AEMD,2008-12-10,0,8.882785572438272e-08,1.0
0000882291,AEMD,2008-12-11,0,8.882785572438272e-08,1.0
0000882291,AEMD,2008-12-12,0,8.882785572438272e-08,1.0
0000882291,AEMD,2008-12-15,0,8.882785572438272e-08,1.0
0000882291,AEMD,2008-12-16,0,8.882785572438272e-08,1.0
0000882291,AEMD,2008-12-17,0,8.882785572438272e-08,1.0
0000882291,AEMD,2008-12-18,0,8.882785572438272e-08,1.0
0000882291,AEMD,2008-12-19,0,7.549269814547357e-08,1.0
0000882291,AEMD,2008-12-22,0,7.549269814547357e-08,1.0
0000882291,AEMD,2008-12-23,0,7.549269814547357e-08,1.0
0000882291,AEMD,2008-12-24,0,7.549269814547357e-08,1.0
0000882291,AEMD,2008-12-25,0,7.549269814547357e-08,1.0
0000882291,AEMD,2008-12-26,0,7.549269814547357e-08,1.0
0000882291,AEMD,2008-12-29,0,1.4830055251049593e-08,1.0
0000882291,AEMD,2008-12-30,0,1.4830055251049593e-08,1.0
0000882291,AEMD,2008-12-31,0,1.4830055251049593e-08,1.0
0000882291,AEMD,2009-01-01,0,1.4830055251049593e-08,1.0
0000882291,AEMD,2009-01-02,0,7.141885845872434e-09,1.0
0000882291,AEMD,2009-01-05,0,7.141885845872434e-09,1.0
0000882291,AEMD,2009-01-06,0,7.141885845872434e-09,1.0
0000882291,AEMD,2009-01-07,0,7.141885845872434e-09,1.0
0000882291,AEMD,2009-01-08,0,7.141885845872434e-09,1.0
0000882291,AEMD,2009-01-09,0,7.141885845872434e-09,1.0
0000882291,AEMD,2009-01-12,0,7.141885845872434e-09,1.0
0000882291,AEMD,2009-01-13,0,7.141885845872434e-09,1.0
0000882291,AEMD,2009-01-14,0,7.141885845872434e-09,1.0
0000882291,AEMD,2009-01-15,0,7.141885845872434e-09,1.0
0000882291,AEMD,2009-01-16,0,7.141885845872434e-09,1.0
0000882291,AEMD,2009-01-19,0,7.141885845872434e-09,1.0
0000882291,AEMD,2009-01-20,0,7.200449519411266e-09,1.0
0000882291,AEMD,2009-01-21,0,7.200449519411266e-09,1.0
0000882291,AEMD,2009-01-22,0,7.200449519411266e-09,1.0
0000882291,AEMD,2009-01-23,0,7.200449519411266e-09,1.0
0000882291,AEMD,2009-01-26,0,7.200449519411266e-09,1.0
0000882291,AEMD,2009-01-27,0,7.200449519411266e-09,1.0
0000882291,AEMD,2009-01-28,0,7.200449519411266e-09,1.0
0000882291,AEMD,2009-01-29,0,7.200449519411266e-09,1.0
0000882291,AEMD,2009-01-30,0,7.200449519411266e-09,1.0
0000882291,AEMD,2009-02-02,0,7.63482025106454e-09,1.0
0000882291,AEMD,2009-02-03,0,7.63482025106454e-09,1.0
0000882291,AEMD,2009-02-04,0,7.63482025106454e-09,1.0
0000882291,AEMD,2009-02-05,0,7.63482025106454e-09,1.0
0000882291,AEMD,2009-02-06,0,7.63482025106454e-09,1.0
0000882291,AEMD,2009-02-09,0,7.940312533187e-09,1.0
0000882291,AEMD,2009-02-10,0,8.143793791369757e-09,1.0
0000882291,AEMD,2009-02-11,0,8.143793791369757e-09,1.0
0000882291,AEMD,2009-02-12,0,8.143793791369757e-09,1.0
0000882291,AEMD,2009-02-13,0,8.143793791369757e-09,1.0
0000882291,AEMD,2009-02-16,0,8.143793791369757e-09,1.0
0000882291,AEMD,2009-02-17,0,8.635656460589825e-09,1.0
0000882291,AEMD,2009-02-18,0,8.635656460589825e-09,1.0
0000882291,AEMD,2009-02-19,0,1.2436804145394525e-08,1.0
0000882291,AEMD,2009-02-20,0,1.2436804145394525e-08,1.0
0000882291,AEMD,2009-02-23,0,1.2436804145394525e-08,1.0
0000882291,AEMD,2009-02-24,0,1.2436804145394525e-08,1.0
0000882291,AEMD,2009-02-25,0,1.2436804145394525e-08,1.0
0000882291,AEMD,2009-02-26,0,1.2436804145394525e-08,1.0
0000882291,AEMD,2009-02-27,0,1.2436804145394525e-08,1.0
0000882291,AEMD,2009-03-02,0,1.2436804145394525e-08,1.0
0000882291,AEMD,2009-03-03,0,1.2436804145394525e-08,1.0
0000882291,AEMD,2009-03-04,0,1.2436804145394525e-08,1.0
0000882291,AEMD,2009-03-05,0,1.2436804145394525e-08,1.0
0000882291,AEMD,2009-03-06,0,1.2436804145394525e-08,1.0
0000882291,AEMD,2009-03-09,0,1.2436804145394525e-08,1.0
0000882291,AEMD,2009-03-10,0,1.2436804145394525e-08,1.0
0000882291,AEMD,2009-03-11,0,1.2436804145394525e-08,1.0
0000882291,AEMD,2009-03-12,0,1.2436804145394525e-08,1.0
0000882291,AEMD,2009-03-13,0,1.2436804145394525e-08,1.0
0000882291,AEMD,2009-03-16,0,1.2436804145394525e-08,1.0
0000882291,AEMD,2009-03-17,0,1.2436804145394525e-08,1.0
0000882291,AEMD,2009-03-18,0,1.2436804145394525e-08,1.0
0000882291,AEMD,2009-03-19,0,1.2436804145394525e-08,1.0
0000882291,AEMD,2009-03-20,0,1.0495071444635156e-08,1.0
0000882291,AEMD,2009-03-23,0,1.0495071444635156e-08,1.0
0000882291,AEMD,2009-03-24,0,1.0495071444635156e-08,1.0
0000882291,AEMD,2009-03-25,0,1.0495071444635156e-08,1.0
0000882291,AEMD,2009-03-26,0,1.0495071444635156e-08,1.0
0000882291,AEMD,2009-03-27,0,1.0495071444635156e-08,1.0
0000882291,AEMD,2009-03-30,0,3.9367890508687294e-08,1.0
0000882291,AEMD,2009-03-31,0,3.9367890508687294e-08,1.0
0000882291,AEMD,2009-04-01,0,3.9367890508687294e-08,1.0
0000882291,AEMD,2009-04-02,0,3.9367890508687294e-08,1.0
0000882291,AEMD,2009-04-03,0,4.011586530982963e-08,1.0
0000882291,AEMD,2009-04-06,0,4.011586530982963e-08,1.0
0000882291,AEMD,2009-04-07,0,4.011586530982963e-08,1.0
0000882291,AEMD,2009-04-08,0,4.011586530982963e-08,1.0
0000882291,AEMD,2009-04-09,0,4.011586530982963e-08,1.0
0000882291,AEMD,2009-04-10,0,4.011586530982963e-08,1.0
0000882291,AEMD,2009-04-13,0,4.011586530982963e-08,1.0
0000882291,AEMD,2009-04-14,0,4.011586530982963e-08,1.0
0000882291,AEMD,2009-04-15,0,4.011586530982963e-08,1.0
0000882291,AEMD,2009-04-16,0,4.011586530982963e-08,1.0
0000882291,AEMD,2009-04-17,0,4.011586530982963e-08,1.0
0000882291,AEMD,2009-04-20,0,4.011586530982963e-08,1.0
0000882291,AEMD,2009-04-21,0,5.446570536969078e-08,1.0
0000882291,AEMD,2009-04-22,0,5.446570536969078e-08,1.0
0000882291,AEMD,2009-04-23,0,5.446570536969078e-08,1.0
0000882291,AEMD,2009-04-24,0,5.446570536969078e-08,1.0
0000882291,AEMD,2009-04-27,0,5.446570536969078e-08,1.0
0000882291,AEMD,2009-04-28,0,5.446570536969078e-08,1.0
0000882291,AEMD,2009-04-29,0,5.446570536969078e-08,1.0
0000882291,AEMD,2009-04-30,0,5.446570536969078e-08,1.0
0000882291,AEMD,2009-05-01,0,5.446570536969078e-08,1.0
0000882291,AEMD,2009-05-04,0,5.446570536969078e-08,1.0
0000882291,AEMD,2009-05-05,0,5.446570536969078e-08,1.0
0000882291,AEMD,2009-05-06,0,5.446570536969078e-08,1.0
0000882291,AEMD,2009-05-07,0,5.446570536969078e-08,1.0
0000882291,AEMD,2009-05-08,0,5.446570536969078e-08,1.0
0000882291,AEMD,2009-05-11,0,5.446570536969078e-08,1.0
0000882291,AEMD,2009-05-12,0,5.446570536969078e-08,1.0
0000882291,AEMD,2009-05-13,0,5.446570536969078e-08,1.0
0000882291,AEMD,2009-05-14,0,5.446570536969078e-08,1.0
0000882291,AEMD,2009-05-15,0,5.446570536969078e-08,1.0
0000882291,AEMD,2009-05-18,0,5.446570536969078e-08,1.0
0000882291,AEMD,2009-05-19,0,6.821500898814323e-08,1.0
0000882291,AEMD,2009-05-20,0,6.821500898814323e-08,1.0
0000882291,AEMD,2009-05-21,0,6.821500898814323e-08,1.0
0000882291,AEMD,2009-05-22,0,6.821500898814323e-08,1.0
0000882291,AEMD,2009-05-25,0,6.821500898814323e-08,1.0
0000882291,AEMD,2009-05-26,0,6.821500898814323e-08,1.0
0000882291,AEMD,2009-05-27,0,6.821500898814323e-08,1.0
0000882291,AEMD,2009-05-28,0,6.821500898814323e-08,1.0
0000882291,AEMD,2009-05-29,0,6.821500898814323e-08,1.0
0000882291,AEMD,2009-06-01,0,6.821500898814323e-08,1.0
0000882291,AEMD,2009-06-02,0,6.821500898814323e-08,1.0
0000882291,AEMD,2009-06-03,0,6.821500898814323e-08,1.0
0000882291,AEMD,2009-06-04,0,6.821500898814323e-08,1.0
0000882291,AEMD,2009-06-05,0,6.821500898814323e-08,1.0
0000882291,AEMD,2009-06-08,0,6.821500898814323e-08,1.0
0000882291,AEMD,2009-06-09,0,6.821500898814323e-08,1.0
0000882291,AEMD,2009-06-10,0,6.821500898814323e-08,1.0
0000882291,AEMD,2009-06-11,0,6.821500898814323e-08,1.0
0000882291,AEMD,2009-06-12,0,6.821500898814323e-08,1.0
0000882291,AEMD,2009-06-15,0,6.821500898814323e-08,1.0
0000882291,AEMD,2009-06-16,0,6.821500898814323e-08,1.0
0000882291,AEMD,2009-06-17,0,6.821500898814323e-08,1.0
0000882291,AEMD,2009-06-18,0,6.821500898814323e-08,1.0
0000882291,AEMD,2009-06-19,0,6.821500898814323e-08,1.0
0000882291,AEMD,2009-06-22,0,6.821500898814323e-08,1.0
0000882291,AEMD,2009-06-23,0,6.821500898814323e-08,1.0
0000882291,AEMD,2009-06-24,0,6.821500898814323e-08,1.0
0000882291,AEMD,2009-06-25,0,6.821500898814323e-08,1.0
0000882291,AEMD,2009-06-26,0,6.821500898814323e-08,1.0
0000882291,AEMD,2009-06-29,0,6.821500898814323e-08,1.0
0000882291,AEMD,2009-06-30,0,6.821500898814323e-08,1.0
0000882291,AEMD,2009-07-01,0,6.821500898814323e-08,1.0
0000882291,AEMD,2009-07-02,0,2.2198267624415988e-09,1.0
0000882291,AEMD,2009-07-03,0,2.2198267624415988e-09,1.0
0000882291,AEMD,2009-07-06,0,2.2198267624415988e-09,1.0
0000882291,AEMD,2009-07-07,0,2.2198267624415988e-09,1.0
0000882291,AEMD,2009-07-08,0,2.2198267624415988e-09,1.0
0000882291,AEMD,2009-07-09,0,2.2198267624415988e-09,1.0
0000882291,AEMD,2009-07-10,0,2.2198267624415988e-09,1.0
0000882291,AEMD,2009-07-13,0,2.2198267624415988e-09,1.0
0000882291,AEMD,2009-07-14,0,2.2198267624415988e-09,1.0
0000882291,AEMD,2009-07-15,0,2.2198267624415988e-09,1.0
0000882291,AEMD,2009-07-16,0,2.2198267624415988e-09,1.0
0000882291,AEMD,2009-07-17,0,2.2198267624415988e-09,1.0
0000882291,AEMD,2009-07-20,0,2.3100076873508327e-09,1.0
0000882291,AEMD,2009-07-21,0,2.3100076873508327e-09,1.0
0000882291,AEMD,2009-07-22,0,2.3100076873508327e-09,1.0
0000882291,AEMD,2009-07-23,0,2.3100076873508327e-09,1.0
0000882291,AEMD,2009-07-24,0,2.3100076873508327e-09,1.0
0000882291,AEMD,2009-07-27,0,5.319860796491408e-09,1.0
0000882291,AEMD,2009-07-28,0,5.319860796491408e-09,1.0
0000882291,AEMD,2009-07-29,0,5.319860796491408e-09,1.0
0000882291,AEMD,2009-07-30,0,5.319860796491408e-09,1.0
0000882291,AEMD,2009-07-31,0,5.319860796491408e-09,1.0
0000882291,AEMD,2009-08-03,0,8.778287631612074e-09,1.0
0000882291,AEMD,2009-08-04,0,2.165179902922178e-08,1.0
0000882291,AEMD,2009-08-05,0,2.165179902922178e-08,1.0
0000882291,AEMD,2009-08-06,0,2.165179902922178e-08,1.0
0000882291,AEMD,2009-08-07,0,2.165179902922178e-08,1.0
0000882291,AEMD,2009-08-10,0,2.165179902922178e-08,1.0
0000882291,AEMD,2009-08-11,0,2.165179902922178e-08,1.0
0000882291,AEMD,2009-08-12,0,2.165179902922178e-08,1.0
0000882291,AEMD,2009-08-13,0,2.165179902922178e-08,1.0
0000882291,AEMD,2009-08-14,0,2.117404599724933e-08,1.0
0000882291,AEMD,2009-08-17,0,2.1652857264858374e-08,1.0
0000882291,AEMD,2009-08-18,0,2.1652857264858374e-08,1.0
0000882291,AEMD,2009-08-19,0,2.1652857264858374e-08,1.0
0000882291,AEMD,2009-08-20,0,2.1652857264858374e-08,1.0
0000882291,AEMD,2009-08-21,0,2.1652857264858374e-08,1.0
0000882291,AEMD,2009-08-24,0,2.1652857264858374e-08,1.0
0000882291,AEMD,2009-08-25,0,2.1652857264858374e-08,1.0
0000882291,AEMD,2009-08-26,0,2.1626547060711007e-08,1.0
0000882291,AEMD,2009-08-27,0,2.1626547060711007e-08,1.0
0000882291,AEMD,2009-08-28,0,2.1626547060711007e-08,1.0
0000882291,AEMD,2009-08-31,0,2.1626547060711007e-08,1.0
0000882291,AEMD,2009-09-01,0,2.1626547060711007e-08,1.0
0000882291,AEMD,2009-09-02,0,2.1626547060711007e-08,1.0
0000882291,AEMD,2009-09-03,0,7.617464549577308e-07,1.0
0000882291,AEMD,2009-09-04,0,7.617464549577308e-07,1.0
0000882291,AEMD,2009-09-07,0,7.617464549577308e-07,1.0
0000882291,AEMD,2009-09-08,0,7.617464549577308e-07,1.0
0000882291,AEMD,2009-09-09,0,7.617464549577308e-07,1.0
0000882291,AEMD,2009-09-10,0,7.617464549577308e-07,1.0
0000882291,AEMD,2009-09-11,0,7.617464549577308e-07,1.0
0000882291,AEMD,2009-09-14,0,1.1599032982799158e-06,1.0
0000882291,AEMD,2009-09-15,0,1.1599032982799158e-06,1.0
0000882291,AEMD,2009-09-16,0,1.1599032982799158e-06,1.0
0000882291,AEMD,2009-09-17,0,1.1599032982799158e-06,1.0
0000882291,AEMD,2009-09-18,0,1.1599032982799158e-06,1.0
0000882291,AEMD,2009-09-21,0,1.1599032982799158e-06,1.0
0000882291,AEMD,2009-09-22,0,1.1599032982799158e-06,1.0
0000882291,AEMD,2009-09-23,0,1.1599032982799158e-06,1.0
0000882291,AEMD,2009-09-24,0,1.1599032982799158e-06,1.0
0000882291,AEMD,2009-09-25,0,1.5105443563127074e-06,1.0
0000882291,AEMD,2009-09-28,0,1.5105443563127074e-06,1.0
0000882291,AEMD,2009-09-29,0,1.5105443563127074e-06,1.0
0000882291,AEMD,2009-09-30,0,9.018712851659567e-07,1.0
0000882291,AEMD,2009-10-01,0,7.261127770545698e-07,1.0
0000882291,AEMD,2009-10-02,0,7.261127770545698e-07,1.0
0000882291,AEMD,2009-10-05,0,7.261127770545698e-07,1.0
0000882291,AEMD,2009-10-06,0,7.261127770545698e-07,1.0
0000882291,AEMD,2009-10-07,0,7.261127770545698e-07,1.0
0000882291,AEMD,2009-10-08,0,7.261127770545698e-07,1.0
0000882291,AEMD,2009-10-09,0,7.261127770545698e-07,1.0
0000882291,AEMD,2009-10-12,0,7.261127770545698e-07,1.0
0000882291,AEMD,2009-10-13,0,7.261127770545698e-07,1.0
0000882291,AEMD,2009-10-14,0,7.261127770545698e-07,1.0
0000882291,AEMD,2009-10-15,0,7.261127770545698e-07,1.0
0000882291,AEMD,2009-10-16,0,7.261127770545698e-07,1.0
0000882291,AEMD,2009-10-19,0,7.261127770545698e-07,1.0
0000882291,AEMD,2009-10-20,0,7.261127770545698e-07,1.0
0000882291,AEMD,2009-10-21,0,7.261127770545698e-07,1.0
0000882291,AEMD,2009-10-22,0,7.261127770545698e-07,1.0
0000882291,AEMD,2009-10-23,0,7.261127770545698e-07,1.0
0000882291,AEMD,2009-10-26,0,3.242398999586283e-07,1.0
0000882291,AEMD,2009-10-27,0,3.242398999586283e-07,1.0
0000882291,AEMD,2009-10-28,0,3.242398999586283e-07,1.0
0000882291,AEMD,2009-10-29,0,3.242398999586283e-07,1.0
0000882291,AEMD,2009-10-30,0,3.242398999586283e-07,1.0
0000882291,AEMD,2009-11-02,0,2.904493600380028e-07,1.0
0000882291,AEMD,2009-11-03,0,2.904493600380028e-07,1.0
0000882291,AEMD,2009-11-04,0,2.904493600380028e-07,1.0
0000882291,AEMD,2009-11-05,0,2.904493600380028e-07,1.0
0000882291,AEMD,2009-11-06,0,2.904493600380028e-07,1.0
0000882291,AEMD,2009-11-09,0,2.904493600380028e-07,1.0
0000882291,AEMD,2009-11-10,0,2.904493600380028e-07,1.0
0000882291,AEMD,2009-11-11,0,2.904493600380028e-07,1.0
0000882291,AEMD,2009-11-12,0,5.594518192196481e-07,1.0
0000882291,AEMD,2009-11-13,0,5.594518192196481e-07,1.0
0000882291,AEMD,2009-11-16,0,5.594518192196481e-07,1.0
0000882291,AEMD,2009-11-17,0,1.0018695919507832e-07,1.0
0000882291,AEMD,2009-11-18,0,1.0018695919507832e-07,1.0
0000882291,AEMD,2009-11-19,0,1.0018695919507832e-07,1.0
0000882291,AEMD,2009-11-20,0,1.0018695919507832e-07,1.0
0000882291,AEMD,2009-11-23,0,1.0018695919507832e-07,1.0
0000882291,AEMD,2009-11-24,0,1.0088448057160633e-07,1.0
0000882291,AEMD,2009-11-25,0,1.0088448057160633e-07,1.0
0000882291,AEMD,2009-11-26,0,1.0088448057160633e-07,1.0
0000882291,AEMD,2009-11-27,0,1.0088448057160633e-07,1.0
0000882291,AEMD,2009-11-30,0,1.0088448057160633e-07,1.0
0000882291,AEMD,2009-12-01,0,1.0088448057160633e-07,1.0
0000882291,AEMD,2009-12-02,0,1.0088448057160633e-07,1.0
0000882291,AEMD,2009-12-03,0,1.0088448057160633e-07,1.0
0000882291,AEMD,2009-12-04,0,1.0088448057160633e-07,1.0
0000882291,AEMD,2009-12-07,0,1.0088448057160633e-07,1.0
0000882291,AEMD,2009-12-08,0,1.0088448057160633e-07,1.0
0000882291,AEMD,2009-12-09,0,1.0088448057160633e-07,1.0
0000882291,AEMD,2009-12-10,0,1.0088448057160633e-07,1.0
0000882291,AEMD,2009-12-11,0,1.0088448057160633e-07,1.0
0000882291,AEMD,2009-12-14,0,1.0088448057160633e-07,1.0
0000882291,AEMD,2009-12-15,0,1.0088448057160633e-07,1.0
0000882291,AEMD,2009-12-16,0,1.0088448057160633e-07,1.0
0000882291,AEMD,2009-12-17,0,2.2651931912093278e-07,1.0
0000882291,AEMD,2009-12-18,0,2.2651931912093278e-07,1.0
0000882291,AEMD,2009-12-21,0,2.2651931912093278e-07,1.0
0000882291,AEMD,2009-12-22,0,2.2651931912093278e-07,1.0
0000882291,AEMD,2009-12-23,0,2.2651931912093278e-07,1.0
0000882291,AEMD,2009-12-24,0,2.2651931912093278e-07,1.0
0000882291,AEMD,2009-12-25,0,2.2651931912093278e-07,1.0
0000882291,AEMD,2009-12-28,0,2.2651931912093278e-07,1.0
0000882291,AEMD,2009-12-29,0,3.871775937421999e-07,1.0
0000882291,AEMD,2009-12-30,0,3.871775937421999e-07,1.0
0000882291,AEMD,2009-12-31,0,3.871775937421999e-07,1.0
0000882291,AEMD,2010-01-01,0,3.871775937421999e-07,1.0
0000882291,AEMD,2010-01-04,0,3.871775937421999e-07,1.0
0000882291,AEMD,2010-01-05,0,3.871775937421999e-07,1.0
0000882291,AEMD,2010-01-06,0,3.871775937421999e-07,1.0
0000882291,AEMD,2010-01-07,0,3.871775937421999e-07,1.0
0000882291,AEMD,2010-01-08,0,3.871775937421999e-07,1.0
0000882291,AEMD,2010-01-11,0,3.871775937421999e-07,1.0
0000882291,AEMD,2010-01-12,0,3.871775937421999e-07,1.0
0000882291,AEMD,2010-01-13,0,3.871775937421999e-07,1.0
0000882291,AEMD,2010-01-14,0,3.871775937421999e-07,1.0
0000882291,AEMD,2010-01-15,0,3.871775937421999e-07,1.0
0000882291,AEMD,2010-01-18,0,3.871775937421999e-07,1.0
0000882291,AEMD,2010-01-19,0,3.871775937421999e-07,1.0
0000882291,AEMD,2010-01-20,0,3.871775937421999e-07,1.0
0000882291,AEMD,2010-01-21,0,3.871775937421999e-07,1.0
0000882291,AEMD,2010-01-22,0,3.871775937421999e-07,1.0
0000882291,AEMD,2010-01-25,0,3.414970933437388e-07,1.0
0000882291,AEMD,2010-01-26,0,3.414970933437388e-07,1.0
0000882291,AEMD,2010-01-27,0,3.414970933437388e-07,1.0
0000882291,AEMD,2010-01-28,0,3.414970933437388e-07,1.0
0000882291,AEMD,2010-01-29,0,3.414970933437388e-07,1.0
0000882291,AEMD,2010-02-01,0,5.6284824021885565e-08,1.0
0000882291,AEMD,2010-02-02,0,5.6284824021885565e-08,1.0
0000882291,AEMD,2010-02-03,0,5.6284824021885565e-08,1.0
0000882291,AEMD,2010-02-04,0,5.6284824021885565e-08,1.0
0000882291,AEMD,2010-02-05,0,5.6284824021885565e-08,1.0
0000882291,AEMD,2010-02-08,0,5.6284824021885565e-08,1.0
0000882291,AEMD,2010-02-09,0,5.6284824021885565e-08,1.0
0000882291,AEMD,2010-02-10,0,6.126345690433983e-08,1.0
0000882291,AEMD,2010-02-11,0,6.126345690433983e-08,1.0
0000882291,AEMD,2010-02-12,0,6.126345690433983e-08,1.0
0000882291,AEMD,2010-02-15,0,2.4215238695151225e-07,1.0
0000882291,AEMD,2010-02-16,0,2.4215238695151225e-07,1.0
0000882291,AEMD,2010-02-17,0,3.77352486726663e-08,1.0
0000882291,AEMD,2010-02-18,0,3.77352486726663e-08,1.0
0000882291,AEMD,2010-02-19,0,3.77352486726663e-08,1.0
0000882291,AEMD,2010-02-22,0,3.924515021500925e-08,1.0
0000882291,AEMD,2010-02-23,0,3.924515021500925e-08,1.0
0000882291,AEMD,2010-02-24,0,3.924515021500925e-08,1.0
0000882291,AEMD,2010-02-25,0,3.924515021500925e-08,1.0
0000882291,AEMD,2010-02-26,0,3.924515021500925e-08,1.0
0000882291,AEMD,2010-03-01,0,3.924515021500925e-08,1.0
0000882291,AEMD,2010-03-02,0,3.924515021500925e-08,1.0
0000882291,AEMD,2010-03-03,0,3.924515021500925e-08,1.0
0000882291,AEMD,2010-03-04,0,3.924515021500925e-08,1.0
0000882291,AEMD,2010-03-05,0,3.924515021500925e-08,1.0
0000882291,AEMD,2010-03-08,0,3.924515021500925e-08,1.0
0000882291,AEMD,2010-03-09,0,3.924515021500925e-08,1.0
0000882291,AEMD,2010-03-10,0,3.924515021500925e-08,1.0
0000882291,AEMD,2010-03-11,0,3.924515021500925e-08,1.0
0000882291,AEMD,2010-03-12,0,3.924515021500925e-08,1.0
0000882291,AEMD,2010-03-15,0,3.924515021500925e-08,1.0
0000882291,AEMD,2010-03-16,0,3.924515021500925e-08,1.0
0000882291,AEMD,2010-03-17,0,3.924515021500925e-08,1.0
0000882291,AEMD,2010-03-18,0,3.924515021500925e-08,1.0
0000882291,AEMD,2010-03-19,0,3.924515021500925e-08,1.0
0000882291,AEMD,2010-03-22,0,6.82452793108423e-08,1.0
0000882291,AEMD,2010-03-23,0,6.82452793108423e-08,1.0
0000882291,AEMD,2010-03-24,0,6.82452793108423e-08,1.0
0000882291,AEMD,2010-03-25,0,6.82452793108423e-08,1.0
0000882291,AEMD,2010-03-26,0,6.82452793108423e-08,1.0
0000882291,AEMD,2010-03-29,0,6.82452793108423e-08,1.0
0000882291,AEMD,2010-03-30,0,6.82452793108423e-08,1.0
0000882291,AEMD,2010-03-31,0,6.82452793108423e-08,1.0
0000882291,AEMD,2010-04-01,0,6.82452793108423e-08,1.0
0000882291,AEMD,2010-04-02,0,6.82452793108423e-08,1.0
0000882291,AEMD,2010-04-05,0,6.82452793108423e-08,1.0
0000882291,AEMD,2010-04-06,0,6.82452793108423e-08,1.0
0000882291,AEMD,2010-04-07,0,6.82452793108423e-08,1.0
0000882291,AEMD,2010-04-08,0,6.82452793108423e-08,1.0
0000882291,AEMD,2010-04-09,0,6.82452793108423e-08,1.0
0000882291,AEMD,2010-04-12,0,6.82452793108423e-08,1.0
0000882291,AEMD,2010-04-13,0,6.82452793108423e-08,1.0
0000882291,AEMD,2010-04-14,0,6.82452793108423e-08,1.0
0000882291,AEMD,2010-04-15,0,6.82452793108423e-08,1.0
0000882291,AEMD,2010-04-16,0,6.82452793108423e-08,1.0
0000882291,AEMD,2010-04-19,0,6.82452793108423e-08,1.0
0000882291,AEMD,2010-04-20,0,6.82452793108423e-08,1.0
0000882291,AEMD,2010-04-21,0,6.82452793108423e-08,1.0
0000882291,AEMD,2010-04-22,0,6.82452793108423e-08,1.0
0000882291,AEMD,2010-04-23,0,6.82452793108423e-08,1.0
0000882291,AEMD,2010-04-26,0,6.82452793108423e-08,1.0
0000882291,AEMD,2010-04-27,0,6.82452793108423e-08,1.0
0000882291,AEMD,2010-04-28,0,6.82452793108423e-08,1.0
0000882291,AEMD,2010-04-29,0,6.82452793108423e-08,1.0
0000882291,AEMD,2010-04-30,0,6.82452793108423e-08,1.0
0000882291,AEMD,2010-05-03,0,6.82452793108423e-08,1.0
0000882291,AEMD,2010-05-04,0,6.82452793108423e-08,1.0
0000882291,AEMD,2010-05-05,0,6.82452793108423e-08,1.0
0000882291,AEMD,2010-05-06,0,6.82452793108423e-08,1.0
0000882291,AEMD,2010-05-07,0,6.82452793108423e-08,1.0
0000882291,AEMD,2010-05-10,0,6.82452793108423e-08,1.0
0000882291,AEMD,2010-05-11,0,6.82452793108423e-08,1.0
0000882291,AEMD,2010-05-12,0,6.82452793108423e-08,1.0
0000882291,AEMD,2010-05-13,0,6.82452793108423e-08,1.0
0000882291,AEMD,2010-05-14,0,6.82452793108423e-08,1.0
0000882291,AEMD,2010-05-17,0,8.306986728986326e-08,1.0
0000882291,AEMD,2010-05-18,0,8.306986728986326e-08,1.0
0000882291,AEMD,2010-05-19,0,2.9039642387684655e-07,1.0
0000882291,AEMD,2010-05-20,0,2.9039642387684655e-07,1.0
0000882291,AEMD,2010-05-21,0,2.9039642387684655e-07,1.0
0000882291,AEMD,2010-05-24,0,2.9039642387684655e-07,1.0
0000882291,AEMD,2010-05-25,0,2.9039642387684655e-07,1.0
0000882291,AEMD,2010-05-26,0,2.9039642387684655e-07,1.0
0000882291,AEMD,2010-05-27,0,2.9039642387684655e-07,1.0
0000882291,AEMD,2010-05-28,0,2.9039642387684655e-07,1.0
0000882291,AEMD,2010-05-31,0,2.9039642387684655e-07,1.0
0000882291,AEMD,2010-06-01,0,2.9039642387684655e-07,1.0
0000882291,AEMD,2010-06-02,0,2.9039642387684655e-07,1.0
0000882291,AEMD,2010-06-03,0,2.9039642387684655e-07,1.0
0000882291,AEMD,2010-06-04,0,2.9039642387684655e-07,1.0
0000882291,AEMD,2010-06-07,0,2.9039642387684655e-07,1.0
0000882291,AEMD,2010-06-08,0,2.9039642387684655e-07,1.0
0000882291,AEMD,2010-06-09,0,2.9039642387684655e-07,1.0
0000882291,AEMD,2010-06-10,0,2.9039642387684655e-07,1.0
0000882291,AEMD,2010-06-11,0,2.9039642387684655e-07,1.0
0000882291,AEMD,2010-06-14,0,2.9039642387684655e-07,1.0
0000882291,AEMD,2010-06-15,0,2.9039642387684655e-07,1.0
0000882291,AEMD,2010-06-16,0,2.9039642387684655e-07,1.0
0000882291,AEMD,2010-06-17,0,2.9039642387684655e-07,1.0
0000882291,AEMD,2010-06-18,0,2.9039642387684655e-07,1.0
0000882291,AEMD,2010-06-21,0,2.9039642387684655e-07,1.0
0000882291,AEMD,2010-06-22,0,2.9039642387684655e-07,1.0
0000882291,AEMD,2010-06-23,0,2.9039642387684655e-07,1.0
0000882291,AEMD,2010-06-24,0,2.9039642387684655e-07,1.0
0000882291,AEMD,2010-06-25,0,2.9039642387684655e-07,1.0
0000882291,AEMD,2010-06-28,0,2.9039642387684655e-07,1.0
0000882291,AEMD,2010-06-29,0,2.9039642387684655e-07,1.0
0000882291,AEMD,2010-06-30,0,2.9039642387684655e-07,1.0
0000882291,AEMD,2010-07-01,0,2.9039642387684655e-07,1.0
0000882291,AEMD,2010-07-02,0,2.6554084403265677e-08,1.0
0000882291,AEMD,2010-07-05,0,2.6554084403265677e-08,1.0
0000882291,AEMD,2010-07-06,0,2.6554084403265677e-08,1.0
0000882291,AEMD,2010-07-07,0,2.6554084403265677e-08,1.0
0000882291,AEMD,2010-07-08,0,2.6554084403265677e-08,1.0
0000882291,AEMD,2010-07-09,0,2.6554084403265677e-08,1.0
0000882291,AEMD,2010-07-12,0,2.6554084403265677e-08,1.0
0000882291,AEMD,2010-07-13,0,2.6554084403265677e-08,1.0
0000882291,AEMD,2010-07-14,0,2.6554084403265677e-08,1.0
0000882291,AEMD,2010-07-15,0,2.6554084403265677e-08,1.0
0000882291,AEMD,2010-07-16,0,2.6554084403265677e-08,1.0
0000882291,AEMD,2010-07-19,0,2.302326115152139e-08,1.0
0000882291,AEMD,2010-07-20,0,2.302326115152139e-08,1.0
0000882291,AEMD,2010-07-21,0,2.302326115152139e-08,1.0
0000882291,AEMD,2010-07-22,0,2.302326115152139e-08,1.0
0000882291,AEMD,2010-07-23,0,2.302326115152139e-08,1.0
0000882291,AEMD,2010-07-26,0,2.302326115152139e-08,1.0
0000882291,AEMD,2010-07-27,0,2.302326115152139e-08,1.0
0000882291,AEMD,2010-07-28,0,2.302326115152139e-08,1.0
0000882291,AEMD,2010-07-29,0,2.302326115152139e-08,1.0
0000882291,AEMD,2010-07-30,0,2.302326115152139e-08,1.0
0000882291,AEMD,2010-08-02,0,8.607145120817223e-08,1.0
0000882291,AEMD,2010-08-03,0,8.607145120817223e-08,1.0
0000882291,AEMD,2010-08-04,0,8.607145120817223e-08,1.0
0000882291,AEMD,2010-08-05,0,8.607145120817223e-08,1.0
0000882291,AEMD,2010-08-06,0,8.607145120817223e-08,1.0
0000882291,AEMD,2010-08-09,0,8.607145120817223e-08,1.0
0000882291,AEMD,2010-08-10,0,8.607145120817223e-08,1.0
0000882291,AEMD,2010-08-11,0,8.607145120817223e-08,1.0
0000882291,AEMD,2010-08-12,0,8.607145120817223e-08,1.0
0000882291,AEMD,2010-08-13,0,8.607145120817223e-08,1.0
0000882291,AEMD,2010-08-16,0,8.607145120817223e-08,1.0
0000882291,AEMD,2010-08-17,0,8.852394349675498e-08,1.0
0000882291,AEMD,2010-08-18,0,9.657233526339217e-08,1.0
0000882291,AEMD,2010-08-19,0,9.657233526339217e-08,1.0
0000882291,AEMD,2010-08-20,0,9.657233526339217e-08,1.0
0000882291,AEMD,2010-08-23,0,9.657233526339217e-08,1.0
0000882291,AEMD,2010-08-24,0,9.657233526339217e-08,1.0
0000882291,AEMD,2010-08-25,0,9.657233526339217e-08,1.0
0000882291,AEMD,2010-08-26,0,9.657233526339217e-08,1.0
0000882291,AEMD,2010-08-27,0,9.657233526339217e-08,1.0
0000882291,AEMD,2010-08-30,0,9.657233526339217e-08,1.0
0000882291,AEMD,2010-08-31,0,9.657233526339217e-08,1.0
0000882291,AEMD,2010-09-01,0,9.657233526339217e-08,1.0
0000882291,AEMD,2010-09-02,0,9.657233526339217e-08,1.0
0000882291,AEMD,2010-09-03,0,8.699798810916159e-08,1.0
0000882291,AEMD,2010-09-06,0,8.699798810916159e-08,1.0
0000882291,AEMD,2010-09-07,0,8.699798810916159e-08,1.0
0000882291,AEMD,2010-09-08,0,8.699798810916159e-08,1.0
0000882291,AEMD,2010-09-09,0,8.699798810916159e-08,1.0
0000882291,AEMD,2010-09-10,0,8.699798810916159e-08,1.0
0000882291,AEMD,2010-09-13,0,8.699798810916159e-08,1.0
0000882291,AEMD,2010-09-14,0,8.699798810916159e-08,1.0
0000882291,AEMD,2010-09-15,0,8.699798810916159e-08,1.0
0000882291,AEMD,2010-09-16,0,9.111628893451769e-08,1.0
0000882291,AEMD,2010-09-17,0,9.111628893451769e-08,1.0
0000882291,AEMD,2010-09-20,0,9.111628893451769e-08,1.0
0000882291,AEMD,2010-09-21,0,9.111628893451769e-08,1.0
0000882291,AEMD,2010-09-22,0,9.111628893451769e-08,1.0
0000882291,AEMD,2010-09-23,0,9.111628893451769e-08,1.0
0000882291,AEMD,2010-09-24,0,9.111628893451769e-08,1.0
0000882291,AEMD,2010-09-27,0,9.111628893451769e-08,1.0
0000882291,AEMD,2010-09-28,0,9.111628893451769e-08,1.0
0000882291,AEMD,2010-09-29,0,9.111628893451769e-08,1.0
0000882291,AEMD,2010-09-30,0,4.045535975449556e-08,1.0
0000882291,AEMD,2010-10-01,0,4.066169658880665e-08,1.0
0000882291,AEMD,2010-10-04,0,5.876767471013613e-08,1.0
0000882291,AEMD,2010-10-05,0,5.876767471013613e-08,1.0
0000882291,AEMD,2010-10-06,0,5.876767471013613e-08,1.0
0000882291,AEMD,2010-10-07,0,5.876767471013613e-08,1.0
0000882291,AEMD,2010-10-08,0,5.876767471013613e-08,1.0
0000882291,AEMD,2010-10-11,0,5.876767471013613e-08,1.0
0000882291,AEMD,2010-10-12,0,5.876767471013613e-08,1.0
0000882291,AEMD,2010-10-13,0,5.876767471013613e-08,1.0
0000882291,AEMD,2010-10-14,0,5.876767471013613e-08,1.0
0000882291,AEMD,2010-10-15,0,5.876767471013613e-08,1.0
0000882291,AEMD,2010-10-18,0,5.704816935904345e-08,1.0
0000882291,AEMD,2010-10-19,0,5.704816935904345e-08,1.0
0000882291,AEMD,2010-10-20,0,5.704816935904345e-08,1.0
0000882291,AEMD,2010-10-21,0,5.704816935904345e-08,1.0
0000882291,AEMD,2010-10-22,0,5.704816935904345e-08,1.0
0000882291,AEMD,2010-10-25,0,5.704816935904345e-08,1.0
0000882291,AEMD,2010-10-26,0,5.704816935904345e-08,1.0
0000882291,AEMD,2010-10-27,0,5.704816935904345e-08,1.0
0000882291,AEMD,2010-10-28,0,5.704816935904345e-08,1.0
0000882291,AEMD,2010-10-29,0,5.704816935904345e-08,1.0
0000882291,AEMD,2010-11-01,0,5.140442991734905e-08,1.0
0000882291,AEMD,2010-11-02,0,5.140442991734905e-08,1.0
0000882291,AEMD,2010-11-03,0,5.140442991734905e-08,1.0
0000882291,AEMD,2010-11-04,0,5.140442991734905e-08,1.0
0000882291,AEMD,2010-11-05,0,5.140442991734905e-08,1.0
0000882291,AEMD,2010-11-08,0,5.140442991734905e-08,1.0
0000882291,AEMD,2010-11-09,0,5.140442991734905e-08,1.0
0000882291,AEMD,2010-11-10,0,5.140442991734905e-08,1.0
0000882291,AEMD,2010-11-11,0,5.140442991734905e-08,1.0
0000882291,AEMD,2010-11-12,0,5.140442991734905e-08,1.0
0000882291,AEMD,2010-11-15,0,4.5555121693285207e-08,1.0
0000882291,AEMD,2010-11-16,0,3.7452686323858386e-08,1.0
0000882291,AEMD,2010-11-17,0,3.7452686323858386e-08,1.0
0000882291,AEMD,2010-11-18,0,3.7452686323858386e-08,1.0
0000882291,AEMD,2010-11-19,0,3.7452686323858386e-08,1.0
0000882291,AEMD,2010-11-22,0,3.7452686323858386e-08,1.0
0000882291,AEMD,2010-11-23,0,3.7452686323858386e-08,1.0
0000882291,AEMD,2010-11-24,0,3.7452686323858386e-08,1.0
0000882291,AEMD,2010-11-25,0,3.7452686323858386e-08,1.0
0000882291,AEMD,2010-11-26,0,3.851098006460409e-08,1.0
0000882291,AEMD,2010-11-29,0,3.851098006460409e-08,1.0
0000882291,AEMD,2010-11-30,0,3.851098006460409e-08,1.0
0000882291,AEMD,2010-12-01,0,3.851098006460409e-08,1.0
0000882291,AEMD,2010-12-02,0,3.8933013700202005e-08,1.0
0000882291,AEMD,2010-12-03,0,3.8933013700202005e-08,1.0
0000882291,AEMD,2010-12-06,0,3.8933013700202005e-08,1.0
0000882291,AEMD,2010-12-07,0,3.8933013700202005e-08,1.0
0000882291,AEMD,2010-12-08,0,3.8933013700202005e-08,1.0
0000882291,AEMD,2010-12-09,0,3.8933013700202005e-08,1.0
0000882291,AEMD,2010-12-10,0,3.8933013700202005e-08,1.0
0000882291,AEMD,2010-12-13,0,3.8933013700202005e-08,1.0
0000882291,AEMD,2010-12-14,0,3.8933013700202005e-08,1.0
0000882291,AEMD,2010-12-15,0,3.8933013700202005e-08,1.0
0000882291,AEMD,2010-12-16,0,4.0201894346285774e-08,1.0
0000882291,AEMD,2010-12-17,0,4.0201894346285774e-08,1.0
0000882291,AEMD,2010-12-20,0,4.0201894346285774e-08,1.0
0000882291,AEMD,2010-12-21,0,4.0201894346285774e-08,1.0
0000882291,AEMD,2010-12-22,0,4.0201894346285774e-08,1.0
0000882291,AEMD,2010-12-23,0,4.0201894346285774e-08,1.0
0000882291,AEMD,2010-12-24,0,4.0201894346285774e-08,1.0
0000882291,AEMD,2010-12-27,0,5.0085684801809416e-08,1.0
0000882291,AEMD,2010-12-28,0,5.0085684801809416e-08,1.0
0000882291,AEMD,2010-12-29,0,2.674251276577993e-07,1.0
0000882291,AEMD,2010-12-30,0,2.6636792510807877e-07,1.0
0000882291,AEMD,2010-12-31,0,2.6636792510807877e-07,1.0
0000882291,AEMD,2011-01-03,0,2.6636792510807877e-07,1.0
0000882291,AEMD,2011-01-04,0,2.6636792510807877e-07,1.0
0000882291,AEMD,2011-01-05,0,2.6636792510807877e-07,1.0
0000882291,AEMD,2011-01-06,0,2.6636792510807877e-07,1.0
0000882291,AEMD,2011-01-07,0,2.6636792510807877e-07,1.0
0000882291,AEMD,2011-01-10,0,2.6636792510807877e-07,1.0
0000882291,AEMD,2011-01-11,0,2.6636792510807877e-07,1.0
0000882291,AEMD,2011-01-12,0,2.6636792510807877e-07,1.0
0000882291,AEMD,2011-01-13,0,2.6636792510807877e-07,1.0
0000882291,AEMD,2011-01-14,0,2.6636792510807877e-07,1.0
0000882291,AEMD,2011-01-17,0,2.899817464526986e-07,1.0
0000882291,AEMD,2011-01-18,0,2.899817464526986e-07,1.0
0000882291,AEMD,2011-01-19,0,2.899817464526986e-07,1.0
0000882291,AEMD,2011-01-20,0,2.899817464526986e-07,1.0
0000882291,AEMD,2011-01-21,0,2.899817464526986e-07,1.0
0000882291,AEMD,2011-01-24,0,2.899817464526986e-07,1.0
0000882291,AEMD,2011-01-25,0,2.899817464526986e-07,1.0
0000882291,AEMD,2011-01-26,0,2.899817464526986e-07,1.0
0000882291,AEMD,2011-01-27,0,2.899817464526986e-07,1.0
0000882291,AEMD,2011-01-28,0,2.899817464526986e-07,1.0
0000882291,AEMD,2011-01-31,0,2.899817464526986e-07,1.0
0000882291,AEMD,2011-02-01,0,2.899817464526986e-07,1.0
0000882291,AEMD,2011-02-02,0,2.899817464526986e-07,1.0
0000882291,AEMD,2011-02-03,0,2.899817464526986e-07,1.0
0000882291,AEMD,2011-02-04,0,2.899817464526986e-07,1.0
0000882291,AEMD,2011-02-07,0,2.899817464526986e-07,1.0
0000882291,AEMD,2011-02-08,0,2.899817464526986e-07,1.0
0000882291,AEMD,2011-02-09,0,2.899817464526986e-07,1.0
0000882291,AEMD,2011-02-10,0,2.899817464526986e-07,1.0
0000882291,AEMD,2011-02-11,0,2.899817464526986e-07,1.0
0000882291,AEMD,2011-02-14,0,2.747335676889088e-07,1.0
0000882291,AEMD,2011-02-15,0,2.747335676889088e-07,1.0
0000882291,AEMD,2011-02-16,0,2.747335676889088e-07,1.0
0000882291,AEMD,2011-02-17,0,2.747335676889088e-07,1.0
0000882291,AEMD,2011-02-18,0,2.5520181788089397e-07,1.0
0000882291,AEMD,2011-02-21,0,2.5520181788089397e-07,1.0
0000882291,AEMD,2011-02-22,0,2.5520181788089397e-07,1.0
0000882291,AEMD,2011-02-23,0,2.5520181788089397e-07,1.0
0000882291,AEMD,2011-02-24,0,2.3275007424188102e-07,1.0
0000882291,AEMD,2011-02-25,0,2.3275007424188102e-07,1.0
0000882291,AEMD,2011-02-28,0,2.3275007424188102e-07,1.0
0000882291,AEMD,2011-03-01,0,2.3275007424188102e-07,1.0
0000882291,AEMD,2011-03-02,0,2.4192070651080026e-07,1.0
0000882291,AEMD,2011-03-03,0,2.4192070651080026e-07,1.0
0000882291,AEMD,2011-03-04,0,2.4192070651080026e-07,1.0
0000882291,AEMD,2011-03-07,0,2.4192070651080026e-07,1.0
0000882291,AEMD,2011-03-08,0,2.4192070651080026e-07,1.0
0000882291,AEMD,2011-03-09,0,2.4192070651080026e-07,1.0
0000882291,AEMD,2011-03-10,0,2.4192070651080026e-07,1.0
0000882291,AEMD,2011-03-11,0,2.4192070651080026e-07,1.0
0000882291,AEMD,2011-03-14,0,2.4192070651080026e-07,1.0
0000882291,AEMD,2011-03-15,0,2.4192070651080026e-07,1.0
0000882291,AEMD,2011-03-16,0,2.4192070651080026e-07,1.0
0000882291,AEMD,2011-03-17,0,2.4192070651080026e-07,1.0
0000882291,AEMD,2011-03-18,0,2.4192070651080026e-07,1.0
0000882291,AEMD,2011-03-21,0,2.9560281809920257e-07,1.0
0000882291,AEMD,2011-03-22,0,2.9560281809920257e-07,1.0
0000882291,AEMD,2011-03-23,0,2.9560281809920257e-07,1.0
0000882291,AEMD,2011-03-24,0,2.9560281809920257e-07,1.0
0000882291,AEMD,2011-03-25,0,2.9560281809920257e-07,1.0
0000882291,AEMD,2011-03-28,0,1.9270493562933458e-07,1.0
0000882291,AEMD,2011-03-29,0,1.9270493562933458e-07,1.0
0000882291,AEMD,2011-03-30,0,1.928183668838909e-07,1.0
0000882291,AEMD,2011-03-31,0,1.928183668838909e-07,1.0
0000882291,AEMD,2011-04-01,0,1.928183668838909e-07,1.0
0000882291,AEMD,2011-04-04,0,1.928183668838909e-07,1.0
0000882291,AEMD,2011-04-05,0,1.928183668838909e-07,1.0
0000882291,AEMD,2011-04-06,0,1.928183668838909e-07,1.0
0000882291,AEMD,2011-04-07,0,1.928183668838909e-07,1.0
0000882291,AEMD,2011-04-08,0,1.924315376870184e-07,1.0
0000882291,AEMD,2011-04-11,0,1.924315376870184e-07,1.0
0000882291,AEMD,2011-04-12,0,1.924315376870184e-07,1.0
0000882291,AEMD,2011-04-13,0,1.924315376870184e-07,1.0
0000882291,AEMD,2011-04-14,0,1.924315376870184e-07,1.0
0000882291,AEMD,2011-04-15,0,1.924315376870184e-07,1.0
0000882291,AEMD,2011-04-18,0,1.924315376870184e-07,1.0
0000882291,AEMD,2011-04-19,0,1.924315376870184e-07,1.0
0000882291,AEMD,2011-04-20,0,1.924315376870184e-07,1.0
0000882291,AEMD,2011-04-21,0,1.924315376870184e-07,1.0
0000882291,AEMD,2011-04-22,0,1.924315376870184e-07,1.0
0000882291,AEMD,2011-04-25,0,1.924315376870184e-07,1.0
0000882291,AEMD,2011-04-26,0,1.924315376870184e-07,1.0
0000882291,AEMD,2011-04-27,0,2.040400645124734e-07,1.0
0000882291,AEMD,2011-04-28,0,2.040400645124734e-07,1.0
0000882291,AEMD,2011-04-29,0,2.040400645124734e-07,1.0
0000882291,AEMD,2011-05-02,0,2.040400645124734e-07,1.0
0000882291,AEMD,2011-05-03,0,2.040400645124734e-07,1.0
0000882291,AEMD,2011-05-04,0,2.040400645124734e-07,1.0
0000882291,AEMD,2011-05-05,0,2.040400645124734e-07,1.0
0000882291,AEMD,2011-05-06,0,2.040400645124734e-07,1.0
0000882291,AEMD,2011-05-09,0,2.6619326716442923e-07,1.0
0000882291,AEMD,2011-05-10,0,2.6619326716442923e-07,1.0
0000882291,AEMD,2011-05-11,0,2.6619326716442923e-07,1.0
0000882291,AEMD,2011-05-12,0,2.6619326716442923e-07,1.0
0000882291,AEMD,2011-05-13,0,2.6619326716442923e-07,1.0
0000882291,AEMD,2011-05-16,0,2.951265111640663e-07,1.0
0000882291,AEMD,2011-05-17,0,2.951265111640663e-07,1.0
0000882291,AEMD,2011-05-18,0,2.951265111640663e-07,1.0
0000882291,AEMD,2011-05-19,0,2.951265111640663e-07,1.0
0000882291,AEMD,2011-05-20,0,2.3040707441992334e-07,1.0
0000882291,AEMD,2011-05-23,0,2.3040707441992334e-07,1.0
0000882291,AEMD,2011-05-24,0,2.3040707441992334e-07,1.0
0000882291,AEMD,2011-05-25,0,2.3040707441992334e-07,1.0
0000882291,AEMD,2011-05-26,0,2.431776388904218e-07,1.0
0000882291,AEMD,2011-05-27,0,2.431776388904218e-07,1.0
0000882291,AEMD,2011-05-30,0,2.431776388904218e-07,1.0
0000882291,AEMD,2011-05-31,0,2.431776388904218e-07,1.0
0000882291,AEMD,2011-06-01,0,2.431776388904218e-07,1.0
0000882291,AEMD,2011-06-02,0,2.431776388904218e-07,1.0
0000882291,AEMD,2011-06-03,0,2.431776388904218e-07,1.0
0000882291,AEMD,2011-06-06,0,2.431776388904218e-07,1.0
0000882291,AEMD,2011-06-07,0,2.431776388904218e-07,1.0
0000882291,AEMD,2011-06-08,0,2.431776388904218e-07,1.0
0000882291,AEMD,2011-06-09,0,2.431776388904218e-07,1.0
0000882291,AEMD,2011-06-10,0,2.431776388904218e-07,1.0
0000882291,AEMD,2011-06-13,0,2.431776388904218e-07,1.0
0000882291,AEMD,2011-06-14,0,2.431776388904218e-07,1.0
0000882291,AEMD,2011-06-15,0,2.431776388904218e-07,1.0
0000882291,AEMD,2011-06-16,0,2.431776388904218e-07,1.0
0000882291,AEMD,2011-06-17,0,2.431776388904218e-07,1.0
0000882291,AEMD,2011-06-20,0,2.431776388904218e-07,1.0
0000882291,AEMD,2011-06-21,0,2.431776388904218e-07,1.0
0000882291,AEMD,2011-06-22,0,2.431776388904218e-07,1.0
0000882291,AEMD,2011-06-23,0,2.431776388904218e-07,1.0
0000882291,AEMD,2011-06-24,0,2.431776388904218e-07,1.0
0000882291,AEMD,2011-06-27,0,2.4779791968183887e-07,1.0
0000882291,AEMD,2011-06-28,0,2.4779791968183887e-07,1.0
0000882291,AEMD,2011-06-29,0,1.882988045390734e-07,1.0
0000882291,AEMD,2011-06-30,0,1.882988045390734e-07,1.0
0000882291,AEMD,2011-07-01,0,1.882988045390734e-07,1.0
0000882291,AEMD,2011-07-04,0,1.882988045390734e-07,1.0
0000882291,AEMD,2011-07-05,0,1.882988045390734e-07,1.0
0000882291,AEMD,2011-07-06,0,1.882988045390734e-07,1.0
0000882291,AEMD,2011-07-07,0,1.9036233075656228e-07,1.0
0000882291,AEMD,2011-07-08,0,1.9036233075656228e-07,1.0
0000882291,AEMD,2011-07-11,0,1.9036233075656228e-07,1.0
0000882291,AEMD,2011-07-12,0,1.9036233075656228e-07,1.0
0000882291,AEMD,2011-07-13,0,1.9036233075656228e-07,1.0
0000882291,AEMD,2011-07-14,0,1.9036233075656228e-07,1.0
0000882291,AEMD,2011-07-15,0,2.1303840266588985e-07,1.0
0000882291,AEMD,2011-07-18,0,2.1303840266588985e-07,1.0
0000882291,AEMD,2011-07-19,0,2.1303840266588985e-07,1.0
0000882291,AEMD,2011-07-20,0,2.1303840266588985e-07,1.0
0000882291,AEMD,2011-07-21,0,2.1303840266588985e-07,1.0
0000882291,AEMD,2011-07-22,0,2.1303840266588985e-07,1.0
0000882291,AEMD,2011-07-25,0,2.1303840266588985e-07,1.0
0000882291,AEMD,2011-07-26,0,2.1303840266588985e-07,1.0
0000882291,AEMD,2011-07-27,0,2.1303840266588985e-07,1.0
0000882291,AEMD,2011-07-28,0,2.1303840266588985e-07,1.0
0000882291,AEMD,2011-07-29,0,2.2192140877178303e-07,1.0
0000882291,AEMD,2011-08-01,0,2.2192140877178303e-07,1.0
0000882291,AEMD,2011-08-02,0,2.2192140877178303e-07,1.0
0000882291,AEMD,2011-08-03,0,2.2192140877178303e-07,1.0
0000882291,AEMD,2011-08-04,0,2.2192140877178303e-07,1.0
0000882291,AEMD,2011-08-05,0,2.2192140877178303e-07,1.0
0000882291,AEMD,2011-08-08,0,2.2192140877178303e-07,1.0
0000882291,AEMD,2011-08-09,0,2.2192140877178303e-07,1.0
0000882291,AEMD,2011-08-10,0,2.2192140877178303e-07,1.0
0000882291,AEMD,2011-08-11,0,2.2192140877178303e-07,1.0
0000882291,AEMD,2011-08-12,0,2.2192140877178303e-07,1.0
0000882291,AEMD,2011-08-15,0,5.906422880308057e-07,1.0
0000882291,AEMD,2011-08-16,0,5.906422880308057e-07,1.0
0000882291,AEMD,2011-08-17,0,5.906422880308057e-07,1.0
0000882291,AEMD,2011-08-18,0,6.64154572277829e-07,1.0
0000882291,AEMD,2011-08-19,0,6.64154572277829e-07,1.0
0000882291,AEMD,2011-08-22,0,5.863365272538012e-07,1.0
0000882291,AEMD,2011-08-23,0,5.863365272538012e-07,1.0
0000882291,AEMD,2011-08-24,0,5.863365272538012e-07,1.0
0000882291,AEMD,2011-08-25,0,5.863365272538012e-07,1.0
0000882291,AEMD,2011-08-26,0,5.863365272538012e-07,1.0
0000882291,AEMD,2011-08-29,0,5.863365272538012e-07,1.0
0000882291,AEMD,2011-08-30,0,5.863365272538012e-07,1.0
0000882291,AEMD,2011-08-31,0,5.863365272538012e-07,1.0
0000882291,AEMD,2011-09-01,0,5.863365272538012e-07,1.0
0000882291,AEMD,2011-09-02,0,5.863365272538012e-07,1.0
0000882291,AEMD,2011-09-05,0,5.863365272538012e-07,1.0
0000882291,AEMD,2011-09-06,0,5.863365272538012e-07,1.0
0000882291,AEMD,2011-09-07,0,5.863365272538012e-07,1.0
0000882291,AEMD,2011-09-08,0,5.863365272538012e-07,1.0
0000882291,AEMD,2011-09-09,0,5.863365272538012e-07,1.0
0000882291,AEMD,2011-09-12,0,5.863365272538012e-07,1.0
0000882291,AEMD,2011-09-13,0,5.863365272538012e-07,1.0
0000882291,AEMD,2011-09-14,0,5.863365272538012e-07,1.0
0000882291,AEMD,2011-09-15,0,5.863365272538012e-07,1.0
0000882291,AEMD,2011-09-16,0,5.863365272538012e-07,1.0
0000882291,AEMD,2011-09-19,0,5.863365272538012e-07,1.0
0000882291,AEMD,2011-09-20,0,5.863365272538012e-07,1.0
0000882291,AEMD,2011-09-21,0,7.292565511167793e-07,1.0
0000882291,AEMD,2011-09-22,0,7.292565511167793e-07,1.0
0000882291,AEMD,2011-09-23,0,7.292565511167793e-07,1.0
0000882291,AEMD,2011-09-26,0,7.570985610991599e-07,1.0
0000882291,AEMD,2011-09-27,0,7.415212534079539e-07,1.0
0000882291,AEMD,2011-09-28,0,7.415212534079539e-07,1.0
0000882291,AEMD,2011-09-29,0,5.410010994382263e-07,1.0
0000882291,AEMD,2011-09-30,0,5.410010994382263e-07,1.0
0000882291,AEMD,2011-10-03,0,5.410010994382263e-07,1.0
0000882291,AEMD,2011-10-04,0,5.410010994382263e-07,1.0
0000882291,AEMD,2011-10-05,0,5.01440027629828e-07,1.0
0000882291,AEMD,2011-10-06,0,5.01440027629828e-07,1.0
0000882291,AEMD,2011-10-07,0,5.01440027629828e-07,1.0
0000882291,AEMD,2011-10-10,0,5.01440027629828e-07,1.0
0000882291,AEMD,2011-10-11,0,5.01440027629828e-07,1.0
0000882291,AEMD,2011-10-12,0,5.01440027629828e-07,1.0
0000882291,AEMD,2011-10-13,0,8.408268562741184e-08,1.0
0000882291,AEMD,2011-10-14,0,8.408268562741184e-08,1.0
0000882291,AEMD,2011-10-17,0,8.408268562741184e-08,1.0
0000882291,AEMD,2011-10-18,0,8.408268562741184e-08,1.0
0000882291,AEMD,2011-10-19,0,8.408268562741184e-08,1.0
0000882291,AEMD,2011-10-20,0,8.408268562741184e-08,1.0
0000882291,AEMD,2011-10-21,0,8.408268562741184e-08,1.0
0000882291,AEMD,2011-10-24,0,8.408268562741184e-08,1.0
0000882291,AEMD,2011-10-25,0,8.408268562741184e-08,1.0
0000882291,AEMD,2011-10-26,0,8.408268562741184e-08,1.0
0000882291,AEMD,2011-10-27,0,8.408268562741184e-08,1.0
0000882291,AEMD,2011-10-28,0,8.408268562741184e-08,1.0
0000882291,AEMD,2011-10-31,0,8.01926980505857e-08,1.0
0000882291,AEMD,2011-11-01,0,8.01926980505857e-08,1.0
0000882291,AEMD,2011-11-02,0,8.01926980505857e-08,1.0
0000882291,AEMD,2011-11-03,0,8.01926980505857e-08,1.0
0000882291,AEMD,2011-11-04,0,1.1631277283194514e-07,1.0
0000882291,AEMD,2011-11-07,0,1.1631277283194514e-07,1.0
0000882291,AEMD,2011-11-08,0,1.1631277283194514e-07,1.0
0000882291,AEMD,2011-11-09,0,1.1631277283194514e-07,1.0
0000882291,AEMD,2011-11-10,0,1.1631277283194514e-07,1.0
0000882291,AEMD,2011-11-11,0,1.1631277283194514e-07,1.0
0000882291,AEMD,2011-11-14,0,1.1631277283194514e-07,1.0
0000882291,AEMD,2011-11-15,0,1.1631277283194514e-07,1.0
0000882291,AEMD,2011-11-16,0,8.838474275145093e-08,1.0
0000882291,AEMD,2011-11-17,0,8.838474275145093e-08,1.0
0000882291,AEMD,2011-11-18,0,1.0241184628626584e-07,1.0
0000882291,AEMD,2011-11-21,0,8.318415447500356e-08,1.0
0000882291,AEMD,2011-11-22,0,8.318415447500356e-08,1.0
0000882291,AEMD,2011-11-23,0,8.318415447500356e-08,1.0
0000882291,AEMD,2011-11-24,0,8.318415447500356e-08,1.0
0000882291,AEMD,2011-11-25,0,8.318415447500356e-08,1.0
0000882291,AEMD,2011-11-28,0,8.318415447500356e-08,1.0
0000882291,AEMD,2011-11-29,0,8.318415447500356e-08,1.0
0000882291,AEMD,2011-11-30,0,8.318415447500356e-08,1.0
0000882291,AEMD,2011-12-01,0,8.318415447500356e-08,1.0
0000882291,AEMD,2011-12-02,0,8.318415447500356e-08,1.0
0000882291,AEMD,2011-12-05,0,8.318415447500356e-08,1.0
0000882291,AEMD,2011-12-06,0,8.318415447500356e-08,1.0
0000882291,AEMD,2011-12-07,0,8.318415447500356e-08,1.0
0000882291,AEMD,2011-12-08,0,8.318415447500356e-08,1.0
0000882291,AEMD,2011-12-09,0,8.318415447500356e-08,1.0
0000882291,AEMD,2011-12-12,0,8.318415447500356e-08,1.0
0000882291,AEMD,2011-12-13,0,8.318415447500356e-08,1.0
0000882291,AEMD,2011-12-14,0,8.318415447500356e-08,1.0
0000882291,AEMD,2011-12-15,0,8.318415447500356e-08,1.0
0000882291,AEMD,2011-12-16,0,8.66526627008534e-08,1.0
0000882291,AEMD,2011-12-19,0,1.0550617428396741e-07,1.0
0000882291,AEMD,2011-12-20,0,1.0550617428396741e-07,1.0
0000882291,AEMD,2011-12-21,0,1.0550617428396741e-07,1.0
0000882291,AEMD,2011-12-22,0,1.0550617428396741e-07,1.0
0000882291,AEMD,2011-12-23,0,1.0550617428396741e-07,1.0
0000882291,AEMD,2011-12-26,0,1.1018071555852685e-07,1.0
0000882291,AEMD,2011-12-27,0,1.1018071555852685e-07,1.0
0000882291,AEMD,2011-12-28,0,1.1138816248698146e-07,1.0
0000882291,AEMD,2011-12-29,0,1.1138816248698146e-07,1.0
0000882291,AEMD,2011-12-30,0,1.1138816248698146e-07,1.0
0000882291,AEMD,2012-01-02,0,1.1138816248698146e-07,1.0
0000882291,AEMD,2012-01-03,0,1.135044946423206e-07,1.0
0000882291,AEMD,2012-01-04,0,1.135044946423206e-07,1.0
0000882291,AEMD,2012-01-05,0,1.135044946423206e-07,1.0
0000882291,AEMD,2012-01-06,0,1.135044946423206e-07,1.0
0000882291,AEMD,2012-01-09,0,1.135044946423206e-07,1.0
0000882291,AEMD,2012-01-10,0,1.135044946423206e-07,1.0
0000882291,AEMD,2012-01-11,0,2.7860030596297965e-07,1.0
0000882291,AEMD,2012-01-12,0,2.7860030596297965e-07,1.0
0000882291,AEMD,2012-01-13,0,2.7860030596297965e-07,1.0
0000882291,AEMD,2012-01-16,0,2.7860030596297965e-07,1.0
0000882291,AEMD,2012-01-17,0,2.7860030596297965e-07,1.0
0000882291,AEMD,2012-01-18,0,2.7860030596297965e-07,1.0
0000882291,AEMD,2012-01-19,0,2.7860030596297965e-07,1.0
0000882291,AEMD,2012-01-20,0,2.7860030596297965e-07,1.0
0000882291,AEMD,2012-01-23,0,2.7860030596297965e-07,1.0
0000882291,AEMD,2012-01-24,0,2.7860030596297965e-07,1.0
0000882291,AEMD,2012-01-25,0,2.7860030596297965e-07,1.0
0000882291,AEMD,2012-01-26,0,2.7860030596297965e-07,1.0
0000882291,AEMD,2012-01-27,0,2.7860030596297965e-07,1.0
0000882291,AEMD,2012-01-30,0,2.7860030596297965e-07,1.0
0000882291,AEMD,2012-01-31,0,2.7860030596297965e-07,1.0
0000882291,AEMD,2012-02-01,0,2.7860030596297965e-07,1.0
0000882291,AEMD,2012-02-02,0,2.7860030596297965e-07,1.0
0000882291,AEMD,2012-02-03,0,2.7860030596297965e-07,1.0
0000882291,AEMD,2012-02-06,0,2.7860030596297965e-07,1.0
0000882291,AEMD,2012-02-07,0,2.7860030596297965e-07,1.0
0000882291,AEMD,2012-02-08,0,2.7860030596297965e-07,1.0
0000882291,AEMD,2012-02-09,0,2.7860030596297965e-07,1.0
0000882291,AEMD,2012-02-10,0,2.7860030596297965e-07,1.0
0000882291,AEMD,2012-02-13,0,2.7860030596297965e-07,1.0
0000882291,AEMD,2012-02-14,0,2.7286810021630466e-07,1.0
0000882291,AEMD,2012-02-15,0,2.7286810021630466e-07,1.0
0000882291,AEMD,2012-02-16,0,2.1792915611197167e-07,1.0
0000882291,AEMD,2012-02-17,0,2.1792915611197167e-07,1.0
0000882291,AEMD,2012-02-20,0,2.4361519083694656e-07,1.0
0000882291,AEMD,2012-02-21,0,2.4361519083694656e-07,1.0
0000882291,AEMD,2012-02-22,0,2.4361519083694656e-07,1.0
0000882291,AEMD,2012-02-23,0,2.4361519083694656e-07,1.0
0000882291,AEMD,2012-02-24,0,2.4361519083694656e-07,1.0
0000882291,AEMD,2012-02-27,0,2.4361519083694656e-07,1.0
0000882291,AEMD,2012-02-28,0,2.4361519083694656e-07,1.0
0000882291,AEMD,2012-02-29,0,2.274190494841608e-07,1.0
0000882291,AEMD,2012-03-01,0,2.274190494841608e-07,1.0
0000882291,AEMD,2012-03-02,0,2.274190494841608e-07,1.0
0000882291,AEMD,2012-03-05,0,2.274190494841608e-07,1.0
0000882291,AEMD,2012-03-06,0,2.274190494841608e-07,1.0
0000882291,AEMD,2012-03-07,0,2.274190494841608e-07,1.0
0000882291,AEMD,2012-03-08,0,2.274190494841608e-07,1.0
0000882291,AEMD,2012-03-09,0,2.274190494841608e-07,1.0
0000882291,AEMD,2012-03-12,0,2.274190494841608e-07,1.0
0000882291,AEMD,2012-03-13,0,2.274190494841608e-07,1.0
0000882291,AEMD,2012-03-14,0,2.274190494841608e-07,1.0
0000882291,AEMD,2012-03-15,0,2.274190494841608e-07,1.0
0000882291,AEMD,2012-03-16,0,2.274190494841608e-07,1.0
0000882291,AEMD,2012-03-19,0,2.13000565291537e-07,1.0
0000882291,AEMD,2012-03-20,0,2.13000565291537e-07,1.0
0000882291,AEMD,2012-03-21,0,2.13000565291537e-07,1.0
0000882291,AEMD,2012-03-22,0,2.13000565291537e-07,1.0
0000882291,AEMD,2012-03-23,0,2.13000565291537e-07,1.0
0000882291,AEMD,2012-03-26,0,2.13000565291537e-07,1.0
0000882291,AEMD,2012-03-27,0,2.2139304337697228e-07,1.0
0000882291,AEMD,2012-03-28,0,2.2139304337697228e-07,1.0
0000882291,AEMD,2012-03-29,0,2.2139304337697228e-07,1.0
0000882291,AEMD,2012-03-30,0,2.2139304337697228e-07,1.0
0000882291,AEMD,2012-04-02,0,2.9616186978776836e-07,1.0
0000882291,AEMD,2012-04-03,0,2.9616186978776836e-07,1.0
0000882291,AEMD,2012-04-04,0,2.9616186978776836e-07,1.0
0000882291,AEMD,2012-04-05,0,2.9616186978776836e-07,1.0
0000882291,AEMD,2012-04-06,0,2.2735154505379938e-07,1.0
0000882291,AEMD,2012-04-09,0,2.2735154505379938e-07,1.0
0000882291,AEMD,2012-04-10,0,5.6603940848148075e-08,1.0
0000882291,AEMD,2012-04-11,0,5.6603940848148075e-08,1.0
0000882291,AEMD,2012-04-12,0,5.6603940848148075e-08,1.0
0000882291,AEMD,2012-04-13,0,5.6603940848148075e-08,1.0
0000882291,AEMD,2012-04-16,0,5.6603940848148075e-08,1.0
0000882291,AEMD,2012-04-17,0,5.6603940848148075e-08,1.0
0000882291,AEMD,2012-04-18,0,5.6603940848148075e-08,1.0
0000882291,AEMD,2012-04-19,0,5.6603940848148075e-08,1.0
0000882291,AEMD,2012-04-20,0,5.6603940848148075e-08,1.0
0000882291,AEMD,2012-04-23,0,8.45447911860452e-08,1.0
0000882291,AEMD,2012-04-24,0,8.45447911860452e-08,1.0
0000882291,AEMD,2012-04-25,0,8.45447911860452e-08,1.0
0000882291,AEMD,2012-04-26,0,8.45447911860452e-08,1.0
0000882291,AEMD,2012-04-27,0,8.45447911860452e-08,1.0
0000882291,AEMD,2012-04-30,0,8.45447911860452e-08,1.0
0000882291,AEMD,2012-05-01,0,8.45447911860452e-08,1.0
0000882291,AEMD,2012-05-02,0,8.45447911860452e-08,1.0
0000882291,AEMD,2012-05-03,0,8.45447911860452e-08,1.0
0000882291,AEMD,2012-05-04,0,8.45447911860452e-08,1.0
0000882291,AEMD,2012-05-07,0,8.775837681018467e-08,1.0
0000882291,AEMD,2012-05-08,0,8.775837681018467e-08,1.0
0000882291,AEMD,2012-05-09,0,8.775837681018467e-08,1.0
0000882291,AEMD,2012-05-10,0,8.863309663538551e-08,1.0
0000882291,AEMD,2012-05-11,0,8.863309663538551e-08,1.0
0000882291,AEMD,2012-05-14,0,8.863309663538551e-08,1.0
0000882291,AEMD,2012-05-15,0,9.25600618450193e-08,1.0
0000882291,AEMD,2012-05-16,0,9.25600618450193e-08,1.0
0000882291,AEMD,2012-05-17,0,8.046991313523922e-08,1.0
0000882291,AEMD,2012-05-18,0,8.046991313523922e-08,1.0
0000882291,AEMD,2012-05-21,0,8.046991313523922e-08,1.0
0000882291,AEMD,2012-05-22,0,8.046991313523922e-08,1.0
0000882291,AEMD,2012-05-23,0,2.2956051744730335e-07,1.0
0000882291,AEMD,2012-05-24,0,2.2956051744730335e-07,1.0
0000882291,AEMD,2012-05-25,0,2.2956051744730335e-07,1.0
0000882291,AEMD,2012-05-28,0,2.2956051744730335e-07,1.0
0000882291,AEMD,2012-05-29,0,2.2956051744730335e-07,1.0
0000882291,AEMD,2012-05-30,0,2.52626484854293e-07,1.0
0000882291,AEMD,2012-05-31,0,2.52626484854293e-07,1.0
0000882291,AEMD,2012-06-01,0,2.52626484854293e-07,1.0
0000882291,AEMD,2012-06-04,0,2.52626484854293e-07,1.0
0000882291,AEMD,2012-06-05,0,2.52626484854293e-07,1.0
0000882291,AEMD,2012-06-06,0,2.52626484854293e-07,1.0
0000882291,AEMD,2012-06-07,0,2.52626484854293e-07,1.0
0000882291,AEMD,2012-06-08,0,2.52626484854293e-07,1.0
0000882291,AEMD,2012-06-11,0,2.52626484854293e-07,1.0
0000882291,AEMD,2012-06-12,0,2.52626484854293e-07,1.0
0000882291,AEMD,2012-06-13,0,2.52626484854293e-07,1.0
0000882291,AEMD,2012-06-14,0,2.52626484854293e-07,1.0
0000882291,AEMD,2012-06-15,0,2.52626484854293e-07,1.0
0000882291,AEMD,2012-06-18,0,2.52626484854293e-07,1.0
0000882291,AEMD,2012-06-19,0,2.52626484854293e-07,1.0
0000882291,AEMD,2012-06-20,0,2.52626484854293e-07,1.0
0000882291,AEMD,2012-06-21,0,2.52626484854293e-07,1.0
0000882291,AEMD,2012-06-22,0,2.52626484854293e-07,1.0
0000882291,AEMD,2012-06-25,0,2.52626484854293e-07,1.0
0000882291,AEMD,2012-06-26,0,2.52626484854293e-07,1.0
0000882291,AEMD,2012-06-27,0,1.7416739010290417e-07,1.0
0000882291,AEMD,2012-06-28,0,1.7416739010290417e-07,1.0
0000882291,AEMD,2012-06-29,0,1.9796082545938555e-07,1.0
0000882291,AEMD,2012-07-02,0,1.9796082545938555e-07,1.0
0000882291,AEMD,2012-07-03,0,1.9796082545938555e-07,1.0
0000882291,AEMD,2012-07-04,0,1.9796082545938555e-07,1.0
0000882291,AEMD,2012-07-05,0,1.9235782826211143e-07,1.0
0000882291,AEMD,2012-07-06,0,1.9235782826211143e-07,1.0
0000882291,AEMD,2012-07-09,0,1.280123156139071e-07,1.0
0000882291,AEMD,2012-07-10,0,1.280123156139071e-07,1.0
0000882291,AEMD,2012-07-11,0,1.280123156139071e-07,1.0
0000882291,AEMD,2012-07-12,0,1.280123156139071e-07,1.0
0000882291,AEMD,2012-07-13,0,1.280123156139071e-07,1.0
0000882291,AEMD,2012-07-16,0,1.280123156139071e-07,1.0
0000882291,AEMD,2012-07-17,0,1.280123156139071e-07,1.0
0000882291,AEMD,2012-07-18,0,1.280123156139071e-07,1.0
0000882291,AEMD,2012-07-19,0,1.280123156139071e-07,1.0
0000882291,AEMD,2012-07-20,0,1.280123156139071e-07,1.0
0000882291,AEMD,2012-07-23,0,8.519098361718286e-08,1.0
0000882291,AEMD,2012-07-24,0,8.519098361718286e-08,1.0
0000882291,AEMD,2012-07-25,0,8.519098361718286e-08,1.0
0000882291,AEMD,2012-07-26,0,8.519098361718286e-08,1.0
0000882291,AEMD,2012-07-27,0,8.994839778090146e-08,1.0
0000882291,AEMD,2012-07-30,0,2.3063073490838504e-07,1.0
0000882291,AEMD,2012-07-31,0,2.3063073490838504e-07,1.0
0000882291,AEMD,2012-08-01,0,2.3063073490838504e-07,1.0
0000882291,AEMD,2012-08-02,0,2.3063073490838504e-07,1.0
0000882291,AEMD,2012-08-03,0,2.3063073490838504e-07,1.0
0000882291,AEMD,2012-08-06,0,2.3063073490838504e-07,1.0
0000882291,AEMD,2012-08-07,0,2.3063073490838504e-07,1.0
0000882291,AEMD,2012-08-08,0,2.3063073490838504e-07,1.0
0000882291,AEMD,2012-08-09,0,2.3063073490838504e-07,1.0
0000882291,AEMD,2012-08-10,0,2.3063073490838504e-07,1.0
0000882291,AEMD,2012-08-13,0,2.3063073490838504e-07,1.0
0000882291,AEMD,2012-08-14,0,2.3168759472969195e-07,1.0
0000882291,AEMD,2012-08-15,0,2.5064798392167934e-07,1.0
0000882291,AEMD,2012-08-16,0,2.5064798392167934e-07,1.0
0000882291,AEMD,2012-08-17,0,2.5064798392167934e-07,1.0
0000882291,AEMD,2012-08-20,0,2.5064798392167934e-07,1.0
0000882291,AEMD,2012-08-21,0,2.5064798392167934e-07,1.0
0000882291,AEMD,2012-08-22,0,2.5064798392167934e-07,1.0
0000882291,AEMD,2012-08-23,0,2.5064798392167934e-07,1.0
0000882291,AEMD,2012-08-24,0,2.5064798392167934e-07,1.0
0000882291,AEMD,2012-08-27,0,2.49318695811085e-07,1.0
0000882291,AEMD,2012-08-28,0,2.5815849850772037e-07,1.0
0000882291,AEMD,2012-08-29,0,2.5815849850772037e-07,1.0
0000882291,AEMD,2012-08-30,0,2.5815849850772037e-07,1.0
0000882291,AEMD,2012-08-31,0,2.5815849850772037e-07,1.0
0000882291,AEMD,2012-09-03,0,2.5815849850772037e-07,1.0
0000882291,AEMD,2012-09-04,0,2.5815849850772037e-07,1.0
0000882291,AEMD,2012-09-05,0,2.5815849850772037e-07,1.0
0000882291,AEMD,2012-09-06,0,2.5815849850772037e-07,1.0
0000882291,AEMD,2012-09-07,0,2.3855583651387284e-07,1.0
0000882291,AEMD,2012-09-10,0,2.3855583651387284e-07,1.0
0000882291,AEMD,2012-09-11,0,2.3855583651387284e-07,1.0
0000882291,AEMD,2012-09-12,0,2.3855583651387284e-07,1.0
0000882291,AEMD,2012-09-13,0,2.1756905025319194e-07,1.0
0000882291,AEMD,2012-09-14,0,2.1756905025319194e-07,1.0
0000882291,AEMD,2012-09-17,0,2.1756905025319194e-07,1.0
0000882291,AEMD,2012-09-18,0,2.1756905025319194e-07,1.0
0000882291,AEMD,2012-09-19,0,2.1756905025319194e-07,1.0
0000882291,AEMD,2012-09-20,0,2.1756905025319194e-07,1.0
0000882291,AEMD,2012-09-21,0,2.1756905025319194e-07,1.0
0000882291,AEMD,2012-09-24,0,2.1756905025319194e-07,1.0
0000882291,AEMD,2012-09-25,0,2.12250151761015e-07,1.0
0000882291,AEMD,2012-09-26,0,2.12250151761015e-07,1.0
0000882291,AEMD,2012-09-27,0,5.215777323125764e-08,1.0
0000882291,AEMD,2012-09-28,0,5.215777323125764e-08,1.0
0000882291,AEMD,2012-10-01,0,5.215777323125764e-08,1.0
0000882291,AEMD,2012-10-02,0,5.215777323125764e-08,1.0
0000882291,AEMD,2012-10-03,0,5.453281040243883e-08,1.0
0000882291,AEMD,2012-10-04,0,5.453281040243883e-08,1.0
0000882291,AEMD,2012-10-05,0,5.453281040243883e-08,1.0
0000882291,AEMD,2012-10-08,0,7.033111020030157e-08,1.0
0000882291,AEMD,2012-10-09,0,7.033111020030157e-08,1.0
0000882291,AEMD,2012-10-10,0,7.033111020030157e-08,1.0
0000882291,AEMD,2012-10-11,0,7.033111020030157e-08,1.0
0000882291,AEMD,2012-10-12,0,7.033111020030157e-08,1.0
0000882291,AEMD,2012-10-15,0,7.033111020030157e-08,1.0
0000882291,AEMD,2012-10-16,0,7.033111020030157e-08,1.0
0000882291,AEMD,2012-10-17,0,7.033111020030157e-08,1.0
0000882291,AEMD,2012-10-18,0,7.033111020030157e-08,1.0
0000882291,AEMD,2012-10-19,0,7.033111020030157e-08,1.0
0000882291,AEMD,2012-10-22,0,7.014623746609577e-08,1.0
0000882291,AEMD,2012-10-23,0,7.014623746609577e-08,1.0
0000882291,AEMD,2012-10-24,0,7.014623746609577e-08,1.0
0000882291,AEMD,2012-10-25,0,6.931760165468689e-08,1.0
0000882291,AEMD,2012-10-26,0,6.931760165468689e-08,1.0
0000882291,AEMD,2012-10-29,0,6.931760165468689e-08,1.0
0000882291,AEMD,2012-10-30,0,6.931760165468689e-08,1.0
0000882291,AEMD,2012-10-31,0,6.931760165468689e-08,1.0
0000882291,AEMD,2012-11-01,0,6.931760165468689e-08,1.0
0000882291,AEMD,2012-11-02,0,6.931760165468689e-08,1.0
0000882291,AEMD,2012-11-05,0,6.931760165468689e-08,1.0
0000882291,AEMD,2012-11-06,0,6.931760165468689e-08,1.0
0000882291,AEMD,2012-11-07,0,6.931760165468689e-08,1.0
0000882291,AEMD,2012-11-08,0,6.931760165468689e-08,1.0
0000882291,AEMD,2012-11-09,0,6.931760165468689e-08,1.0
0000882291,AEMD,2012-11-12,0,5.044212507296611e-08,1.0
0000882291,AEMD,2012-11-13,0,5.044212507296611e-08,1.0
0000882291,AEMD,2012-11-14,0,5.25445633176226e-08,1.0
0000882291,AEMD,2012-11-15,0,5.25445633176226e-08,1.0
0000882291,AEMD,2012-11-16,0,5.25445633176226e-08,1.0
0000882291,AEMD,2012-11-19,0,5.25445633176226e-08,1.0
0000882291,AEMD,2012-11-20,0,5.25445633176226e-08,1.0
0000882291,AEMD,2012-11-21,0,5.25445633176226e-08,1.0
0000882291,AEMD,2012-11-22,0,5.25445633176226e-08,1.0
0000882291,AEMD,2012-11-23,0,5.25445633176226e-08,1.0
0000882291,AEMD,2012-11-26,0,5.260643978922378e-08,1.0
0000882291,AEMD,2012-11-27,0,5.260643978922378e-08,1.0
0000882291,AEMD,2012-11-28,0,5.260643978922378e-08,1.0
0000882291,AEMD,2012-11-29,0,5.260643978922378e-08,1.0
0000882291,AEMD,2012-11-30,0,5.260643978922378e-08,1.0
0000882291,AEMD,2012-12-03,0,5.260643978922378e-08,1.0
0000882291,AEMD,2012-12-04,0,5.260643978922378e-08,1.0
0000882291,AEMD,2012-12-05,0,5.260643978922378e-08,1.0
0000882291,AEMD,2012-12-06,0,5.213998966176275e-08,1.0
0000882291,AEMD,2012-12-07,0,5.213998966176275e-08,1.0
0000882291,AEMD,2012-12-10,0,5.213998966176275e-08,1.0
0000882291,AEMD,2012-12-11,0,5.213998966176275e-08,1.0
0000882291,AEMD,2012-12-12,0,5.213998966176275e-08,1.0
0000882291,AEMD,2012-12-13,0,5.213998966176275e-08,1.0
0000882291,AEMD,2012-12-14,0,6.008516823530678e-08,1.0
0000882291,AEMD,2012-12-17,0,6.008516823530678e-08,1.0
0000882291,AEMD,2012-12-18,0,6.008516823530678e-08,1.0
0000882291,AEMD,2012-12-19,0,6.008516823530678e-08,1.0
0000882291,AEMD,2012-12-20,0,6.008516823530678e-08,1.0
0000882291,AEMD,2012-12-21,0,6.008516823530678e-08,1.0
0000882291,AEMD,2012-12-24,0,6.278422785343038e-08,1.0
0000882291,AEMD,2012-12-25,0,6.278422785343038e-08,1.0
0000882291,AEMD,2012-12-26,0,3.1103238325657244e-07,1.0
0000882291,AEMD,2012-12-27,0,3.1103238325657244e-07,1.0
0000882291,AEMD,2012-12-28,0,3.1103238325657244e-07,1.0
0000882291,AEMD,2012-12-31,0,3.1103238325657244e-07,1.0
0000882291,AEMD,2013-01-01,0,3.1103238325657244e-07,1.0
0000882291,AEMD,2013-01-02,0,3.1103238325657244e-07,1.0
0000882291,AEMD,2013-01-03,0,3.1103238325657244e-07,1.0
0000882291,AEMD,2013-01-04,0,3.1103238325657244e-07,1.0
0000882291,AEMD,2013-01-07,0,3.1103238325657244e-07,1.0
0000882291,AEMD,2013-01-08,0,3.1103238325657244e-07,1.0
0000882291,AEMD,2013-01-09,0,3.1103238325657244e-07,1.0
0000882291,AEMD,2013-01-10,0,3.1103238325657244e-07,1.0
0000882291,AEMD,2013-01-11,0,3.1103238325657244e-07,1.0
0000882291,AEMD,2013-01-14,0,3.1103238325657244e-07,1.0
0000882291,AEMD,2013-01-15,0,3.1103238325657244e-07,1.0
0000882291,AEMD,2013-01-16,0,3.1103238325657244e-07,1.0
0000882291,AEMD,2013-01-17,0,3.1103238325657244e-07,1.0
0000882291,AEMD,2013-01-18,0,3.1103238325657244e-07,1.0
0000882291,AEMD,2013-01-21,0,3.1103238325657244e-07,1.0
0000882291,AEMD,2013-01-22,0,3.1103238325657244e-07,1.0
0000882291,AEMD,2013-01-23,0,3.115819523751649e-07,1.0
0000882291,AEMD,2013-01-24,0,3.115819523751649e-07,1.0
0000882291,AEMD,2013-01-25,0,3.115819523751649e-07,1.0
0000882291,AEMD,2013-01-28,0,3.115819523751649e-07,1.0
0000882291,AEMD,2013-01-29,0,3.115819523751649e-07,1.0
0000882291,AEMD,2013-01-30,0,3.115819523751649e-07,1.0
0000882291,AEMD,2013-01-31,0,3.115819523751649e-07,1.0
0000882291,AEMD,2013-02-01,0,3.115819523751649e-07,1.0
0000882291,AEMD,2013-02-04,0,3.115819523751649e-07,1.0
0000882291,AEMD,2013-02-05,0,3.115819523751649e-07,1.0
0000882291,AEMD,2013-02-06,0,3.115819523751649e-07,1.0
0000882291,AEMD,2013-02-07,0,3.115819523751649e-07,1.0
0000882291,AEMD,2013-02-08,0,3.115819523751649e-07,1.0
0000882291,AEMD,2013-02-11,0,3.4006908816943875e-07,1.0
0000882291,AEMD,2013-02-12,0,5.033072971505406e-07,1.0
0000882291,AEMD,2013-02-13,0,2.5207407654945854e-07,1.0
0000882291,AEMD,2013-02-14,0,2.5207407654945854e-07,1.0
0000882291,AEMD,2013-02-15,0,2.5207407654945854e-07,1.0
0000882291,AEMD,2013-02-18,0,2.5207407654945854e-07,1.0
0000882291,AEMD,2013-02-19,0,2.5207407654945854e-07,1.0
0000882291,AEMD,2013-02-20,0,2.5207407654945854e-07,1.0
0000882291,AEMD,2013-02-21,0,2.5207407654945854e-07,1.0
0000882291,AEMD,2013-02-22,0,2.5207407654945854e-07,1.0
0000882291,AEMD,2013-02-25,0,2.5207407654945854e-07,1.0
0000882291,AEMD,2013-02-26,0,2.5207407654945854e-07,1.0
0000882291,AEMD,2013-02-27,0,2.5207407654945854e-07,1.0
0000882291,AEMD,2013-02-28,0,2.5207407654945854e-07,1.0
0000882291,AEMD,2013-03-01,0,2.5207407654945854e-07,1.0
0000882291,AEMD,2013-03-04,0,2.5207407654945854e-07,1.0
0000882291,AEMD,2013-03-05,0,2.5207407654945854e-07,1.0
0000882291,AEMD,2013-03-06,0,2.627781246005477e-07,1.0
0000882291,AEMD,2013-03-07,0,2.627781246005477e-07,1.0
0000882291,AEMD,2013-03-08,0,2.627781246005477e-07,1.0
0000882291,AEMD,2013-03-11,0,2.627781246005477e-07,1.0
0000882291,AEMD,2013-03-12,0,2.627781246005477e-07,1.0
0000882291,AEMD,2013-03-13,0,2.627781246005477e-07,1.0
0000882291,AEMD,2013-03-14,0,2.627781246005477e-07,1.0
0000882291,AEMD,2013-03-15,0,2.627781246005477e-07,1.0
0000882291,AEMD,2013-03-18,0,3.1656756594873253e-07,1.0
0000882291,AEMD,2013-03-19,0,3.1656756594873253e-07,1.0
0000882291,AEMD,2013-03-20,0,3.1656756594873253e-07,1.0
0000882291,AEMD,2013-03-21,0,3.1656756594873253e-07,1.0
0000882291,AEMD,2013-03-22,0,3.1656756594873253e-07,1.0
0000882291,AEMD,2013-03-25,0,3.1656756594873253e-07,1.0
0000882291,AEMD,2013-03-26,0,3.1656756594873253e-07,1.0
0000882291,AEMD,2013-03-27,0,3.1656756594873253e-07,1.0
0000882291,AEMD,2013-03-28,0,3.1656756594873253e-07,1.0
0000882291,AEMD,2013-03-29,0,3.1656756594873253e-07,1.0
0000882291,AEMD,2013-04-01,0,3.1656756594873253e-07,1.0
0000882291,AEMD,2013-04-02,0,3.1656756594873253e-07,1.0
0000882291,AEMD,2013-04-03,0,3.1656756594873253e-07,1.0
0000882291,AEMD,2013-04-04,0,3.1656756594873253e-07,1.0
0000882291,AEMD,2013-04-05,0,3.1656756594873253e-07,1.0
0000882291,AEMD,2013-04-08,0,3.1656756594873253e-07,1.0
0000882291,AEMD,2013-04-09,0,3.1656756594873253e-07,1.0
0000882291,AEMD,2013-04-10,0,3.1656756594873253e-07,1.0
0000882291,AEMD,2013-04-11,0,3.1656756594873253e-07,1.0
0000882291,AEMD,2013-04-12,0,3.1656756594873253e-07,1.0
0000882291,AEMD,2013-04-15,0,2.0637195969899223e-07,1.0
0000882291,AEMD,2013-04-16,0,2.0637195969899223e-07,1.0
0000882291,AEMD,2013-04-17,0,2.0637195969899223e-07,1.0
0000882291,AEMD,2013-04-18,0,2.0637195969899223e-07,1.0
0000882291,AEMD,2013-04-19,0,2.0637195969899223e-07,1.0
0000882291,AEMD,2013-04-22,0,2.0637195969899223e-07,1.0
0000882291,AEMD,2013-04-23,0,2.0637195969899223e-07,1.0
0000882291,AEMD,2013-04-24,0,2.0637195969899223e-07,1.0
0000882291,AEMD,2013-04-25,0,2.0637195969899223e-07,1.0
0000882291,AEMD,2013-04-26,0,2.0637195969899223e-07,1.0
0000882291,AEMD,2013-04-29,0,2.0637195969899223e-07,1.0
0000882291,AEMD,2013-04-30,0,2.0637195969899223e-07,1.0
0000882291,AEMD,2013-05-01,0,2.0637195969899223e-07,1.0
0000882291,AEMD,2013-05-02,0,2.0637195969899223e-07,1.0
0000882291,AEMD,2013-05-03,0,2.0637195969899223e-07,1.0
0000882291,AEMD,2013-05-06,0,2.0637195969899223e-07,1.0
0000882291,AEMD,2013-05-07,0,2.0637195969899223e-07,1.0
0000882291,AEMD,2013-05-08,0,2.0637195969899223e-07,1.0
0000882291,AEMD,2013-05-09,0,2.0637195969899223e-07,1.0
0000882291,AEMD,2013-05-10,0,2.0637195969899223e-07,1.0
0000882291,AEMD,2013-05-13,0,2.0637195969899223e-07,1.0
0000882291,AEMD,2013-05-14,0,2.2352353033007826e-07,1.0
0000882291,AEMD,2013-05-15,0,3.4992871892255966e-07,1.0
0000882291,AEMD,2013-05-16,0,3.4992871892255966e-07,1.0
0000882291,AEMD,2013-05-17,0,3.4992871892255966e-07,1.0
0000882291,AEMD,2013-05-20,0,3.4992871892255966e-07,1.0
0000882291,AEMD,2013-05-21,0,3.4992871892255966e-07,1.0
0000882291,AEMD,2013-05-22,0,3.4992871892255966e-07,1.0
0000882291,AEMD,2013-05-23,0,3.4992871892255966e-07,1.0
0000882291,AEMD,2013-05-24,0,3.4992871892255966e-07,1.0
0000882291,AEMD,2013-05-27,0,3.4992871892255966e-07,1.0
0000882291,AEMD,2013-05-28,0,3.4992871892255966e-07,1.0
0000882291,AEMD,2013-05-29,0,3.4992871892255966e-07,1.0
0000882291,AEMD,2013-05-30,0,3.4992871892255966e-07,1.0
0000882291,AEMD,2013-05-31,0,3.4992871892255966e-07,1.0
0000882291,AEMD,2013-06-03,0,3.4992871892255966e-07,1.0
0000882291,AEMD,2013-06-04,0,3.4992871892255966e-07,1.0
0000882291,AEMD,2013-06-05,0,3.4992871892255966e-07,1.0
0000882291,AEMD,2013-06-06,0,3.4992871892255966e-07,1.0
0000882291,AEMD,2013-06-07,0,3.4992871892255966e-07,1.0
0000882291,AEMD,2013-06-10,0,3.4992871892255966e-07,1.0
0000882291,AEMD,2013-06-11,0,3.4992871892255966e-07,1.0
0000882291,AEMD,2013-06-12,0,3.4992871892255966e-07,1.0
0000882291,AEMD,2013-06-13,0,3.4992871892255966e-07,1.0
0000882291,AEMD,2013-06-14,0,3.4992871892255966e-07,1.0
0000882291,AEMD,2013-06-17,0,3.4992871892255966e-07,1.0
0000882291,AEMD,2013-06-18,0,3.4992871892255966e-07,1.0
0000882291,AEMD,2013-06-19,0,3.4992871892255966e-07,1.0
0000882291,AEMD,2013-06-20,0,3.4992871892255966e-07,1.0
0000882291,AEMD,2013-06-21,0,3.4992871892255966e-07,1.0
0000882291,AEMD,2013-06-24,0,3.4992871892255966e-07,1.0
0000882291,AEMD,2013-06-25,0,3.4992871892255966e-07,1.0
0000882291,AEMD,2013-06-26,0,3.4992871892255966e-07,1.0
0000882291,AEMD,2013-06-27,0,3.4992871892255966e-07,1.0
0000882291,AEMD,2013-06-28,0,3.4992871892255966e-07,1.0
0000882291,AEMD,2013-07-01,0,3.4992871892255966e-07,1.0
0000882291,AEMD,2013-07-02,0,3.4992871892255966e-07,1.0
0000882291,AEMD,2013-07-03,0,3.4992871892255966e-07,1.0
0000882291,AEMD,2013-07-04,0,3.4992871892255966e-07,1.0
0000882291,AEMD,2013-07-05,0,3.4992871892255966e-07,1.0
0000882291,AEMD,2013-07-08,0,3.4992871892255966e-07,1.0
0000882291,AEMD,2013-07-09,0,3.4992871892255966e-07,1.0
0000882291,AEMD,2013-07-10,0,3.4992871892255966e-07,1.0
0000882291,AEMD,2013-07-11,0,3.4992871892255966e-07,1.0
0000882291,AEMD,2013-07-12,0,3.4992871892255966e-07,1.0
0000882291,AEMD,2013-07-15,0,4.826892662323645e-07,1.0
0000882291,AEMD,2013-07-16,0,1.2794144303335532e-07,1.0
0000882291,AEMD,2013-07-17,0,1.2794144303335532e-07,1.0
0000882291,AEMD,2013-07-18,0,1.2794144303335532e-07,1.0
0000882291,AEMD,2013-07-19,0,1.2794144303335532e-07,1.0
0000882291,AEMD,2013-07-22,0,1.2794144303335532e-07,1.0
0000882291,AEMD,2013-07-23,0,1.2794144303335532e-07,1.0
0000882291,AEMD,2013-07-24,0,1.2794144303335532e-07,1.0
0000882291,AEMD,2013-07-25,0,1.2794144303335532e-07,1.0
0000882291,AEMD,2013-07-26,0,1.2794144303335532e-07,1.0
0000882291,AEMD,2013-07-29,0,1.2794144303335532e-07,1.0
0000882291,AEMD,2013-07-30,0,1.2794144303335532e-07,1.0
0000882291,AEMD,2013-07-31,0,1.2794144303335532e-07,1.0
0000882291,AEMD,2013-08-01,0,1.2794144303335532e-07,1.0
0000882291,AEMD,2013-08-02,0,1.2794144303335532e-07,1.0
0000882291,AEMD,2013-08-05,0,1.2794144303335532e-07,1.0
0000882291,AEMD,2013-08-06,0,1.2794144303335532e-07,1.0
0000882291,AEMD,2013-08-07,0,1.2794144303335532e-07,1.0
0000882291,AEMD,2013-08-08,0,1.2794144303335532e-07,1.0
0000882291,AEMD,2013-08-09,0,1.2794144303335532e-07,1.0
0000882291,AEMD,2013-08-12,0,1.2794144303335532e-07,1.0
0000882291,AEMD,2013-08-13,0,1.8080698709520244e-07,1.0
0000882291,AEMD,2013-08-14,0,1.8080698709520244e-07,1.0
0000882291,AEMD,2013-08-15,0,3.994297712264075e-07,1.0
0000882291,AEMD,2013-08-16,0,3.994297712264075e-07,1.0
0000882291,AEMD,2013-08-19,0,3.994297712264075e-07,1.0
0000882291,AEMD,2013-08-20,0,3.994297712264075e-07,1.0
0000882291,AEMD,2013-08-21,0,3.994297712264075e-07,1.0
0000882291,AEMD,2013-08-22,0,3.994297712264075e-07,1.0
0000882291,AEMD,2013-08-23,0,3.994297712264075e-07,1.0
0000882291,AEMD,2013-08-26,0,3.994297712264075e-07,1.0
0000882291,AEMD,2013-08-27,0,3.994297712264075e-07,1.0
0000882291,AEMD,2013-08-28,0,3.994297712264075e-07,1.0
0000882291,AEMD,2013-08-29,0,3.994297712264075e-07,1.0
0000882291,AEMD,2013-08-30,0,3.994297712264075e-07,1.0
0000882291,AEMD,2013-09-02,0,3.994297712264075e-07,1.0
0000882291,AEMD,2013-09-03,0,3.994297712264075e-07,1.0
0000882291,AEMD,2013-09-04,0,3.994297712264075e-07,1.0
0000882291,AEMD,2013-09-05,0,3.994297712264075e-07,1.0
0000882291,AEMD,2013-09-06,0,3.994297712264075e-07,1.0
0000882291,AEMD,2013-09-09,0,3.994297712264075e-07,1.0
0000882291,AEMD,2013-09-10,0,3.994297712264075e-07,1.0
0000882291,AEMD,2013-09-11,0,3.994297712264075e-07,1.0
0000882291,AEMD,2013-09-12,0,3.3350190873120935e-07,1.0
0000882291,AEMD,2013-09-13,0,3.3350190873120935e-07,1.0
0000882291,AEMD,2013-09-16,0,3.3350190873120935e-07,1.0
0000882291,AEMD,2013-09-17,0,3.3350190873120935e-07,1.0
0000882291,AEMD,2013-09-18,0,3.3350190873120935e-07,1.0
0000882291,AEMD,2013-09-19,0,3.3350190873120935e-07,1.0
0000882291,AEMD,2013-09-20,0,3.3350190873120935e-07,1.0
0000882291,AEMD,2013-09-23,0,3.3350190873120935e-07,1.0
0000882291,AEMD,2013-09-24,0,3.3350190873120935e-07,1.0
0000882291,AEMD,2013-09-25,0,3.3350190873120935e-07,1.0
0000882291,AEMD,2013-09-26,0,3.3350190873120935e-07,1.0
0000882291,AEMD,2013-09-27,0,3.3350190873120935e-07,1.0
0000882291,AEMD,2013-09-30,0,3.3350190873120935e-07,1.0
0000882291,AEMD,2013-10-01,0,3.3350190873120935e-07,1.0
0000882291,AEMD,2013-10-02,0,3.3350190873120935e-07,1.0
0000882291,AEMD,2013-10-03,0,3.3350190873120935e-07,1.0
0000882291,AEMD,2013-10-04,0,3.3350190873120935e-07,1.0
0000882291,AEMD,2013-10-07,0,3.3350190873120935e-07,1.0
0000882291,AEMD,2013-10-08,0,3.3350190873120935e-07,1.0
0000882291,AEMD,2013-10-09,0,3.3350190873120935e-07,1.0
0000882291,AEMD,2013-10-10,0,3.3350190873120935e-07,1.0
0000882291,AEMD,2013-10-11,0,3.3350190873120935e-07,1.0
0000882291,AEMD,2013-10-14,0,9.235215769138974e-08,1.0
0000882291,AEMD,2013-10-15,0,9.235215769138974e-08,1.0
0000882291,AEMD,2013-10-16,0,9.235215769138974e-08,1.0
0000882291,AEMD,2013-10-17,0,9.235215769138974e-08,1.0
0000882291,AEMD,2013-10-18,0,9.235215769138974e-08,1.0
0000882291,AEMD,2013-10-21,0,9.235215769138974e-08,1.0
0000882291,AEMD,2013-10-22,0,9.235215769138974e-08,1.0
0000882291,AEMD,2013-10-23,0,9.235215769138974e-08,1.0
0000882291,AEMD,2013-10-24,0,9.235215769138974e-08,1.0
0000882291,AEMD,2013-10-25,0,9.235215769138974e-08,1.0
0000882291,AEMD,2013-10-28,0,9.235215769138974e-08,1.0
0000882291,AEMD,2013-10-29,0,9.235215769138974e-08,1.0
0000882291,AEMD,2013-10-30,0,9.235215769138974e-08,1.0
0000882291,AEMD,2013-10-31,0,9.235215769138974e-08,1.0
0000882291,AEMD,2013-11-01,0,9.235215769138974e-08,1.0
0000882291,AEMD,2013-11-04,0,9.235215769138974e-08,1.0
0000882291,AEMD,2013-11-05,0,9.235215769138974e-08,1.0
0000882291,AEMD,2013-11-06,0,5.184213201262932e-08,1.0
0000882291,AEMD,2013-11-07,0,5.184213201262932e-08,1.0
0000882291,AEMD,2013-11-08,0,5.184213201262932e-08,1.0
0000882291,AEMD,2013-11-11,0,4.3550218610554814e-08,1.0
0000882291,AEMD,2013-11-12,0,4.3550218610554814e-08,1.0
0000882291,AEMD,2013-11-13,0,4.3550218610554814e-08,1.0
0000882291,AEMD,2013-11-14,0,6.123814177359437e-08,1.0
0000882291,AEMD,2013-11-15,0,6.123814177359437e-08,1.0
0000882291,AEMD,2013-11-18,0,6.123814177359437e-08,1.0
0000882291,AEMD,2013-11-19,0,6.123814177359437e-08,1.0
0000882291,AEMD,2013-11-20,0,6.123814177359437e-08,1.0
0000882291,AEMD,2013-11-21,0,5.745844928124343e-08,1.0
0000882291,AEMD,2013-11-22,0,5.775150796119234e-08,1.0
0000882291,AEMD,2013-11-25,0,5.775150796119234e-08,1.0
0000882291,AEMD,2013-11-26,0,5.775150796119234e-08,1.0
0000882291,AEMD,2013-11-27,0,5.775150796119234e-08,1.0
0000882291,AEMD,2013-11-28,0,5.775150796119234e-08,1.0
0000882291,AEMD,2013-11-29,0,5.775150796119234e-08,1.0
0000882291,AEMD,2013-12-02,0,5.775150796119234e-08,1.0
0000882291,AEMD,2013-12-03,0,5.775150796119234e-08,1.0
0000882291,AEMD,2013-12-04,0,5.775150796119234e-08,1.0
0000882291,AEMD,2013-12-05,0,5.775150796119234e-08,1.0
0000882291,AEMD,2013-12-06,0,6.015955775132009e-08,1.0
0000882291,AEMD,2013-12-09,0,6.015955775132009e-08,1.0
0000882291,AEMD,2013-12-10,0,6.015955775132009e-08,1.0
0000882291,AEMD,2013-12-11,0,6.015955775132009e-08,1.0
0000882291,AEMD,2013-12-12,0,6.015955775132009e-08,1.0
0000882291,AEMD,2013-12-13,0,6.015955775132009e-08,1.0
0000882291,AEMD,2013-12-16,0,5.012571809423124e-08,1.0
0000882291,AEMD,2013-12-17,0,5.038137721953324e-08,1.0
0000882291,AEMD,2013-12-18,0,5.038137721953324e-08,1.0
0000882291,AEMD,2013-12-19,0,5.038137721953324e-08,1.0
0000882291,AEMD,2013-12-20,0,5.038137721953324e-08,1.0
0000882291,AEMD,2013-12-23,0,5.2389174064481186e-08,1.0
0000882291,AEMD,2013-12-24,0,5.2389174064481186e-08,1.0
0000882291,AEMD,2013-12-25,0,5.2389174064481186e-08,1.0
0000882291,AEMD,2013-12-26,0,5.2389174064481186e-08,1.0
0000882291,AEMD,2013-12-27,0,5.2389174064481186e-08,1.0
0000882291,AEMD,2013-12-30,0,5.2389174064481186e-08,1.0
0000882291,AEMD,2013-12-31,0,5.2389174064481186e-08,1.0
0000882291,AEMD,2014-01-01,0,5.2389174064481186e-08,1.0
0000882291,AEMD,2014-01-02,0,5.2389174064481186e-08,1.0
0000882291,AEMD,2014-01-03,0,5.2389174064481186e-08,1.0
0000882291,AEMD,2014-01-06,0,5.2389174064481186e-08,1.0
0000882291,AEMD,2014-01-07,0,5.2389174064481186e-08,1.0
0000882291,AEMD,2014-01-08,0,4.915565058056894e-08,1.0
0000882291,AEMD,2014-01-09,0,4.915565058056894e-08,1.0
0000882291,AEMD,2014-01-10,0,4.915565058056894e-08,1.0
0000882291,AEMD,2014-01-13,0,2.417074843698876e-07,1.0
0000882291,AEMD,2014-01-14,0,2.417074843698876e-07,1.0
0000882291,AEMD,2014-01-15,0,2.5178589731566647e-07,1.0
0000882291,AEMD,2014-01-16,0,2.5134000048497425e-07,1.0
0000882291,AEMD,2014-01-17,0,2.5134000048497425e-07,1.0
0000882291,AEMD,2014-01-20,0,2.5134000048497425e-07,1.0
0000882291,AEMD,2014-01-21,0,2.5134000048497425e-07,1.0
0000882291,AEMD,2014-01-22,0,2.5134000048497425e-07,1.0
0000882291,AEMD,2014-01-23,0,2.5134000048497425e-07,1.0
0000882291,AEMD,2014-01-24,0,2.5134000048497425e-07,1.0
0000882291,AEMD,2014-01-27,0,2.5134000048497425e-07,1.0
0000882291,AEMD,2014-01-28,0,2.5134000048497425e-07,1.0
0000882291,AEMD,2014-01-29,0,2.5134000048497425e-07,1.0
0000882291,AEMD,2014-01-30,0,2.5134000048497425e-07,1.0
0000882291,AEMD,2014-01-31,0,2.5134000048497425e-07,1.0
0000882291,AEMD,2014-02-03,0,2.5134000048497425e-07,1.0
0000882291,AEMD,2014-02-04,0,2.461686758210036e-07,1.0
0000882291,AEMD,2014-02-05,0,2.461686758210036e-07,1.0
0000882291,AEMD,2014-02-06,0,2.461686758210036e-07,1.0
0000882291,AEMD,2014-02-07,0,3.1663293070575567e-07,1.0
0000882291,AEMD,2014-02-10,0,3.24938230388411e-07,1.0
0000882291,AEMD,2014-02-11,0,4.909612561981197e-07,1.0
0000882291,AEMD,2014-02-12,0,3.76520138639541e-07,1.0
0000882291,AEMD,2014-02-13,0,3.76520138639541e-07,1.0
0000882291,AEMD,2014-02-14,0,3.76520138639541e-07,1.0
0000882291,AEMD,2014-02-17,0,3.76520138639541e-07,1.0
0000882291,AEMD,2014-02-18,0,3.76520138639541e-07,1.0
0000882291,AEMD,2014-02-19,0,3.687732315139472e-07,1.0
0000882291,AEMD,2014-02-20,0,3.673153731418352e-07,1.0
0000882291,AEMD,2014-02-21,0,3.673153731418352e-07,1.0
0000882291,AEMD,2014-02-24,0,3.673153731418352e-07,1.0
0000882291,AEMD,2014-02-25,0,3.673153731418352e-07,1.0
0000882291,AEMD,2014-02-26,0,3.673153731418352e-07,1.0
0000882291,AEMD,2014-02-27,0,2.691784040030927e-07,1.0
0000882291,AEMD,2014-02-28,0,2.691784040030927e-07,1.0
0000882291,AEMD,2014-03-03,0,2.691784040030927e-07,1.0
0000882291,AEMD,2014-03-04,0,2.691784040030927e-07,1.0
0000882291,AEMD,2014-03-05,0,2.691784040030927e-07,1.0
0000882291,AEMD,2014-03-06,0,2.691784040030927e-07,1.0
0000882291,AEMD,2014-03-07,0,2.691784040030927e-07,1.0
0000882291,AEMD,2014-03-10,0,2.691784040030927e-07,1.0
0000882291,AEMD,2014-03-11,0,2.691784040030927e-07,1.0
0000882291,AEMD,2014-03-12,0,2.691784040030927e-07,1.0
0000882291,AEMD,2014-03-13,0,2.691784040030927e-07,1.0
0000882291,AEMD,2014-03-14,0,2.415922720788044e-07,1.0
0000882291,AEMD,2014-03-17,0,2.366215070404384e-07,1.0
0000882291,AEMD,2014-03-18,0,2.3568607935483537e-07,1.0
0000882291,AEMD,2014-03-19,0,2.3568607935483537e-07,1.0
0000882291,AEMD,2014-03-20,0,2.3568607935483537e-07,1.0
0000882291,AEMD,2014-03-21,0,2.3568607935483537e-07,1.0
0000882291,AEMD,2014-03-24,0,2.3568607935483537e-07,1.0
0000882291,AEMD,2014-03-25,0,2.3568607935483537e-07,1.0
0000882291,AEMD,2014-03-26,0,2.3568607935483537e-07,1.0
0000882291,AEMD,2014-03-27,0,2.3568607935483537e-07,1.0
0000882291,AEMD,2014-03-28,0,2.3568607935483537e-07,1.0
0000882291,AEMD,2014-03-31,0,2.962442693529287e-07,1.0
0000882291,AEMD,2014-04-01,0,2.962442693529287e-07,1.0
0000882291,AEMD,2014-04-02,0,2.962442693529287e-07,1.0
0000882291,AEMD,2014-04-03,0,2.962442693529287e-07,1.0
0000882291,AEMD,2014-04-04,0,2.962442693529287e-07,1.0
0000882291,AEMD,2014-04-07,0,2.150379061659505e-07,1.0
0000882291,AEMD,2014-04-08,0,2.150379061659505e-07,1.0
0000882291,AEMD,2014-04-09,0,2.1061349753526205e-07,1.0
0000882291,AEMD,2014-04-10,0,2.1061349753526205e-07,1.0
0000882291,AEMD,2014-04-11,0,2.1061349753526205e-07,1.0
0000882291,AEMD,2014-04-14,0,2.1061349753526205e-07,1.0
0000882291,AEMD,2014-04-15,0,2.1061349753526205e-07,1.0
0000882291,AEMD,2014-04-16,0,2.1061349753526205e-07,1.0
0000882291,AEMD,2014-04-17,0,2.1061349753526205e-07,1.0
0000882291,AEMD,2014-04-18,0,2.1061349753526205e-07,1.0
0000882291,AEMD,2014-04-21,0,2.1061349753526205e-07,1.0
0000882291,AEMD,2014-04-22,0,2.1061349753526205e-07,1.0
0000882291,AEMD,2014-04-23,0,2.1061349753526205e-07,1.0
0000882291,AEMD,2014-04-24,0,2.1061349753526205e-07,1.0
0000882291,AEMD,2014-04-25,0,2.1061349753526205e-07,1.0
0000882291,AEMD,2014-04-28,0,2.1061349753526205e-07,1.0
0000882291,AEMD,2014-04-29,0,2.1061349753526205e-07,1.0
0000882291,AEMD,2014-04-30,0,2.1061349753526205e-07,1.0
0000882291,AEMD,2014-05-01,0,2.1061349753526205e-07,1.0
0000882291,AEMD,2014-05-02,0,2.1061349753526205e-07,1.0
0000882291,AEMD,2014-05-05,0,2.1061349753526205e-07,1.0
0000882291,AEMD,2014-05-06,0,2.1994490762404865e-07,1.0
0000882291,AEMD,2014-05-07,0,2.874519858786508e-07,1.0
0000882291,AEMD,2014-05-08,0,2.874519858786508e-07,1.0
0000882291,AEMD,2014-05-09,0,2.874519858786508e-07,1.0
0000882291,AEMD,2014-05-12,0,2.874519858786508e-07,1.0
0000882291,AEMD,2014-05-13,0,2.2575011793060068e-07,1.0
0000882291,AEMD,2014-05-14,0,2.3482841395217076e-07,1.0
0000882291,AEMD,2014-05-15,0,2.3482841395217076e-07,1.0
0000882291,AEMD,2014-05-16,0,2.3482841395217076e-07,1.0
0000882291,AEMD,2014-05-19,0,2.3482841395217076e-07,1.0
0000882291,AEMD,2014-05-20,0,2.3482841395217076e-07,1.0
0000882291,AEMD,2014-05-21,0,2.4523268623917143e-07,1.0
0000882291,AEMD,2014-05-22,0,2.4537703671834036e-07,1.0
0000882291,AEMD,2014-05-23,0,1.426447529930412e-07,1.0
0000882291,AEMD,2014-05-26,0,1.426447529930412e-07,1.0
0000882291,AEMD,2014-05-27,0,1.426447529930412e-07,1.0
0000882291,AEMD,2014-05-28,0,1.426447529930412e-07,1.0
0000882291,AEMD,2014-05-29,0,1.3269766559841747e-07,1.0
0000882291,AEMD,2014-05-30,0,1.3269766559841747e-07,1.0
0000882291,AEMD,2014-06-02,0,1.3269766559841747e-07,1.0
0000882291,AEMD,2014-06-03,0,1.3269766559841747e-07,1.0
0000882291,AEMD,2014-06-04,0,1.3269766559841747e-07,1.0
0000882291,AEMD,2014-06-05,0,1.3269766559841747e-07,1.0
0000882291,AEMD,2014-06-06,0,1.3269766559841747e-07,1.0
0000882291,AEMD,2014-06-09,0,1.3269766559841747e-07,1.0
0000882291,AEMD,2014-06-10,0,1.3269766559841747e-07,1.0
0000882291,AEMD,2014-06-11,0,1.3269766559841747e-07,1.0
0000882291,AEMD,2014-06-12,0,1.3269766559841747e-07,1.0
0000882291,AEMD,2014-06-13,0,1.3269766559841747e-07,1.0
0000882291,AEMD,2014-06-16,0,1.3865851906658574e-07,1.0
0000882291,AEMD,2014-06-17,0,1.3865851906658574e-07,1.0
0000882291,AEMD,2014-06-18,0,1.3865851906658574e-07,1.0
0000882291,AEMD,2014-06-19,0,1.3865851906658574e-07,1.0
0000882291,AEMD,2014-06-20,0,1.3865851906658574e-07,1.0
0000882291,AEMD,2014-06-23,0,2.1324474199134996e-07,1.0
0000882291,AEMD,2014-06-24,0,2.1324474199134996e-07,1.0
0000882291,AEMD,2014-06-25,0,2.1324474199134996e-07,1.0
0000882291,AEMD,2014-06-26,0,2.1324474199134996e-07,1.0
0000882291,AEMD,2014-06-27,0,2.1324474199134996e-07,1.0
0000882291,AEMD,2014-06-30,0,1.5637317044185355e-07,1.0
0000882291,AEMD,2014-07-01,0,1.5637317044185355e-07,1.0
0000882291,AEMD,2014-07-02,0,1.5637317044185355e-07,1.0
0000882291,AEMD,2014-07-03,0,1.5637317044185355e-07,1.0
0000882291,AEMD,2014-07-04,0,1.5637317044185355e-07,1.0
0000882291,AEMD,2014-07-07,0,1.5871427026521025e-07,1.0
0000882291,AEMD,2014-07-08,0,1.6574624134203535e-07,1.0
0000882291,AEMD,2014-07-09,0,1.6574624134203535e-07,1.0
0000882291,AEMD,2014-07-10,0,1.5007542957267937e-07,1.0
0000882291,AEMD,2014-07-11,0,1.5007542957267937e-07,1.0
0000882291,AEMD,2014-07-14,0,1.5007542957267937e-07,1.0
0000882291,AEMD,2014-07-15,0,1.7900063873575552e-07,1.0
0000882291,AEMD,2014-07-16,0,1.7900063873575552e-07,1.0
0000882291,AEMD,2014-07-17,0,1.7900063873575552e-07,1.0
0000882291,AEMD,2014-07-18,0,1.7900063873575552e-07,1.0
0000882291,AEMD,2014-07-21,0,1.7900063873575552e-07,1.0
0000882291,AEMD,2014-07-22,0,1.7900063873575552e-07,1.0
0000882291,AEMD,2014-07-23,0,1.7900063873575552e-07,1.0
0000882291,AEMD,2014-07-24,0,1.7900063873575552e-07,1.0
0000882291,AEMD,2014-07-25,0,1.7900063873575552e-07,1.0
0000882291,AEMD,2014-07-28,0,1.8643609636237668e-07,1.0
0000882291,AEMD,2014-07-29,0,1.8643609636237668e-07,1.0
0000882291,AEMD,2014-07-30,0,1.9663455227936267e-07,1.0
0000882291,AEMD,2014-07-31,0,1.9663455227936267e-07,1.0
0000882291,AEMD,2014-08-01,0,1.9663455227936267e-07,1.0
0000882291,AEMD,2014-08-04,0,1.9663455227936267e-07,1.0
0000882291,AEMD,2014-08-05,0,1.9663455227936267e-07,1.0
0000882291,AEMD,2014-08-06,0,1.9663455227936267e-07,1.0
0000882291,AEMD,2014-08-07,0,1.9663455227936267e-07,1.0
0000882291,AEMD,2014-08-08,0,1.9663455227936267e-07,1.0
0000882291,AEMD,2014-08-11,0,2.1497054274292855e-07,1.0
0000882291,AEMD,2014-08-12,0,2.1497054274292855e-07,1.0
0000882291,AEMD,2014-08-13,0,2.1497054274292855e-07,1.0
0000882291,AEMD,2014-08-14,0,7.087892869402589e-07,1.0
0000882291,AEMD,2014-08-15,0,7.087892869402589e-07,1.0
0000882291,AEMD,2014-08-18,0,7.087892869402589e-07,1.0
0000882291,AEMD,2014-08-19,0,7.087892869402589e-07,1.0
0000882291,AEMD,2014-08-20,0,7.087892869402589e-07,1.0
0000882291,AEMD,2014-08-21,0,7.359785791281254e-07,1.0
0000882291,AEMD,2014-08-22,0,7.359785791281254e-07,1.0
0000882291,AEMD,2014-08-25,0,7.359785791281254e-07,1.0
0000882291,AEMD,2014-08-26,0,7.359785791281254e-07,1.0
0000882291,AEMD,2014-08-27,0,7.635840802457453e-07,1.0
0000882291,AEMD,2014-08-28,0,7.635840802457453e-07,1.0
0000882291,AEMD,2014-08-29,0,7.635840802457453e-07,1.0
0000882291,AEMD,2014-09-01,0,7.635840802457453e-07,1.0
0000882291,AEMD,2014-09-02,0,7.635840802457453e-07,1.0
0000882291,AEMD,2014-09-03,0,7.635840802457453e-07,1.0
0000882291,AEMD,2014-09-04,0,7.635840802457453e-07,1.0
0000882291,AEMD,2014-09-05,0,7.635840802457453e-07,1.0
0000882291,AEMD,2014-09-08,0,7.635840802457453e-07,1.0
0000882291,AEMD,2014-09-09,0,7.635840802457453e-07,1.0
0000882291,AEMD,2014-09-10,0,7.635840802457453e-07,1.0
0000882291,AEMD,2014-09-11,0,7.635840802457453e-07,1.0
0000882291,AEMD,2014-09-12,0,7.635840802457453e-07,1.0
0000882291,AEMD,2014-09-15,0,6.535695892903854e-07,1.0
0000882291,AEMD,2014-09-16,0,6.535695892903854e-07,1.0
0000882291,AEMD,2014-09-17,0,6.535695892903854e-07,1.0
0000882291,AEMD,2014-09-18,0,6.535695892903854e-07,1.0
0000882291,AEMD,2014-09-19,0,6.535695892903854e-07,1.0
0000882291,AEMD,2014-09-22,0,6.535695892903854e-07,1.0
0000882291,AEMD,2014-09-23,0,6.535695892903854e-07,1.0
0000882291,AEMD,2014-09-24,0,6.535695892903854e-07,1.0
0000882291,AEMD,2014-09-25,0,6.535695892903854e-07,1.0
0000882291,AEMD,2014-09-26,0,6.535695892903854e-07,1.0
0000882291,AEMD,2014-09-29,0,6.581198671829312e-07,1.0
0000882291,AEMD,2014-09-30,0,6.581198671829312e-07,1.0
0000882291,AEMD,2014-10-01,0,6.581198671829312e-07,1.0
0000882291,AEMD,2014-10-02,0,4.290316427333815e-07,1.0
0000882291,AEMD,2014-10-03,0,4.290316427333815e-07,1.0
0000882291,AEMD,2014-10-06,0,4.4567366561067576e-07,1.0
0000882291,AEMD,2014-10-07,0,4.4567366561067576e-07,1.0
0000882291,AEMD,2014-10-08,0,4.487765325213834e-07,1.0
0000882291,AEMD,2014-10-09,0,4.487765325213834e-07,1.0
0000882291,AEMD,2014-10-10,0,4.487765325213834e-07,1.0
0000882291,AEMD,2014-10-13,0,7.683277503718541e-08,1.0
0000882291,AEMD,2014-10-14,0,7.683277503718541e-08,1.0
0000882291,AEMD,2014-10-15,0,7.683277503718541e-08,1.0
0000882291,AEMD,2014-10-16,0,7.683277503718541e-08,1.0
0000882291,AEMD,2014-10-17,0,7.683277503718541e-08,1.0
0000882291,AEMD,2014-10-20,0,7.683277503718541e-08,1.0
0000882291,AEMD,2014-10-21,0,7.683277503718541e-08,1.0
0000882291,AEMD,2014-10-22,0,7.683277503718541e-08,1.0
0000882291,AEMD,2014-10-23,0,7.683277503718541e-08,1.0
0000882291,AEMD,2014-10-24,0,7.683277503718541e-08,1.0
0000882291,AEMD,2014-10-27,0,8.458683160160339e-08,1.0
0000882291,AEMD,2014-10-28,0,8.458683160160339e-08,1.0
0000882291,AEMD,2014-10-29,0,8.458683160160339e-08,1.0
0000882291,AEMD,2014-10-30,0,8.458683160160339e-08,1.0
0000882291,AEMD,2014-10-31,0,8.458683160160339e-08,1.0
0000882291,AEMD,2014-11-03,0,1.2268609422484888e-07,1.0
0000882291,AEMD,2014-11-04,0,1.2268609422484888e-07,1.0
0000882291,AEMD,2014-11-05,0,1.2268609422484888e-07,1.0
0000882291,AEMD,2014-11-06,0,1.2268609422484888e-07,1.0
0000882291,AEMD,2014-11-07,0,1.2268609422484888e-07,1.0
0000882291,AEMD,2014-11-10,0,1.6147468007406685e-07,1.0
0000882291,AEMD,2014-11-11,0,1.6147468007406685e-07,1.0
0000882291,AEMD,2014-11-12,0,1.4338241987333172e-07,1.0
0000882291,AEMD,2014-11-13,0,1.4338241987333172e-07,1.0
0000882291,AEMD,2014-11-14,0,1.4338241987333172e-07,1.0
0000882291,AEMD,2014-11-17,0,1.4338241987333172e-07,1.0
0000882291,AEMD,2014-11-18,0,1.4338241987333172e-07,1.0
0000882291,AEMD,2014-11-19,0,1.5453970832710846e-07,1.0
0000882291,AEMD,2014-11-20,0,1.5453970832710846e-07,1.0
0000882291,AEMD,2014-11-21,0,1.5453970832710846e-07,1.0
0000882291,AEMD,2014-11-24,0,1.5453970832710846e-07,1.0
0000882291,AEMD,2014-11-25,0,1.5453970832710846e-07,1.0
0000882291,AEMD,2014-11-26,0,1.5317614628257106e-07,1.0
0000882291,AEMD,2014-11-27,0,1.0087748379150267e-07,1.0
0000882291,AEMD,2014-11-28,0,1.0087748379150267e-07,1.0
0000882291,AEMD,2014-12-01,0,1.0087748379150267e-07,1.0
0000882291,AEMD,2014-12-02,0,1.0087748379150267e-07,1.0
0000882291,AEMD,2014-12-03,0,1.0722779454983257e-07,1.0
0000882291,AEMD,2014-12-04,0,1.0722779454983257e-07,1.0
0000882291,AEMD,2014-12-05,0,1.0722779454983257e-07,1.0
0000882291,AEMD,2014-12-08,0,1.0722779454983257e-07,1.0
0000882291,AEMD,2014-12-09,0,1.0722779454983257e-07,1.0
0000882291,AEMD,2014-12-10,0,9.744032412879726e-08,1.0
0000882291,AEMD,2014-12-11,0,9.744032412879726e-08,1.0
0000882291,AEMD,2014-12-12,0,9.744032412879726e-08,1.0
0000882291,AEMD,2014-12-15,0,9.744032412879726e-08,1.0
0000882291,AEMD,2014-12-16,0,9.744032412879726e-08,1.0
0000882291,AEMD,2014-12-17,0,9.744032412879726e-08,1.0
0000882291,AEMD,2014-12-18,0,9.744032412879726e-08,1.0
0000882291,AEMD,2014-12-19,0,9.744032412879726e-08,1.0
0000882291,AEMD,2014-12-22,0,9.744032412879726e-08,1.0
0000882291,AEMD,2014-12-23,0,9.744032412879726e-08,1.0
0000882291,AEMD,2014-12-24,0,9.744032412879726e-08,1.0
0000882291,AEMD,2014-12-25,0,9.744032412879726e-08,1.0
0000882291,AEMD,2014-12-26,0,9.744032412879726e-08,1.0
0000882291,AEMD,2014-12-29,0,1.464638676505456e-07,1.0
0000882291,AEMD,2014-12-30,0,1.464638676505456e-07,1.0
0000882291,AEMD,2014-12-31,0,1.4212473654256884e-07,1.0
0000882291,AEMD,2015-01-01,0,1.4212473654256884e-07,1.0
0000882291,AEMD,2015-01-02,0,1.391336551116659e-07,1.0
0000882291,AEMD,2015-01-05,0,1.391336551116659e-07,1.0
0000882291,AEMD,2015-01-06,0,1.447008132908348e-07,1.0
0000882291,AEMD,2015-01-07,0,1.447008132908348e-07,1.0
0000882291,AEMD,2015-01-08,0,1.447008132908348e-07,1.0
0000882291,AEMD,2015-01-09,0,1.447008132908348e-07,1.0
0000882291,AEMD,2015-01-12,0,1.9594290490159353e-07,1.0
0000882291,AEMD,2015-01-13,0,1.9594290490159353e-07,1.0
0000882291,AEMD,2015-01-14,0,1.9594290490159353e-07,1.0
0000882291,AEMD,2015-01-15,0,1.9594290490159353e-07,1.0
0000882291,AEMD,2015-01-16,0,1.9594290490159353e-07,1.0
0000882291,AEMD,2015-01-19,0,1.9594290490159353e-07,1.0
0000882291,AEMD,2015-01-20,0,1.9594290490159353e-07,1.0
0000882291,AEMD,2015-01-21,0,1.9594290490159353e-07,1.0
0000882291,AEMD,2015-01-22,0,1.9594290490159353e-07,1.0
0000882291,AEMD,2015-01-23,0,1.9594290490159353e-07,1.0
0000882291,AEMD,2015-01-26,0,1.930068034834554e-07,1.0
0000882291,AEMD,2015-01-27,0,1.930068034834554e-07,1.0
0000882291,AEMD,2015-01-28,0,1.930068034834554e-07,1.0
0000882291,AEMD,2015-01-29,0,1.930068034834554e-07,1.0
0000882291,AEMD,2015-01-30,0,5.414462617920512e-07,1.0
0000882291,AEMD,2015-02-02,0,5.414462617920512e-07,1.0
0000882291,AEMD,2015-02-03,0,5.414462617920512e-07,1.0
0000882291,AEMD,2015-02-04,0,5.414462617920512e-07,1.0
0000882291,AEMD,2015-02-05,0,5.414462617920512e-07,1.0
0000882291,AEMD,2015-02-06,0,5.414462617920512e-07,1.0
0000882291,AEMD,2015-02-09,0,4.371797547617412e-07,1.0
0000882291,AEMD,2015-02-10,0,4.449660769228624e-07,1.0
0000882291,AEMD,2015-02-11,0,6.861372418146229e-07,1.0
0000882291,AEMD,2015-02-12,0,6.861372418146229e-07,1.0
0000882291,AEMD,2015-02-13,0,6.861372418146229e-07,1.0
0000882291,AEMD,2015-02-16,0,6.861372418146229e-07,1.0
0000882291,AEMD,2015-02-17,0,6.861372418146229e-07,1.0
0000882291,AEMD,2015-02-18,0,6.861372418146229e-07,1.0
0000882291,AEMD,2015-02-19,0,6.861372418146229e-07,1.0
0000882291,AEMD,2015-02-20,0,6.861372418146229e-07,1.0
0000882291,AEMD,2015-02-23,0,6.861372418146229e-07,1.0
0000882291,AEMD,2015-02-24,0,6.861372418146229e-07,1.0
0000882291,AEMD,2015-02-25,0,6.936564689183253e-07,1.0
0000882291,AEMD,2015-02-26,0,6.936564689183253e-07,1.0
0000882291,AEMD,2015-02-27,0,6.936564689183253e-07,1.0
0000882291,AEMD,2015-03-02,0,6.936564689183253e-07,1.0
0000882291,AEMD,2015-03-03,0,6.614561227016582e-07,1.0
0000882291,AEMD,2015-03-04,0,6.614561227016582e-07,1.0
0000882291,AEMD,2015-03-05,0,6.614561227016582e-07,1.0
0000882291,AEMD,2015-03-06,0,6.614561227016582e-07,1.0
0000882291,AEMD,2015-03-09,0,6.614561227016582e-07,1.0
0000882291,AEMD,2015-03-10,0,6.614561227016582e-07,1.0
0000882291,AEMD,2015-03-11,0,6.614561227016582e-07,1.0
0000882291,AEMD,2015-03-12,0,6.614561227016582e-07,1.0
0000882291,AEMD,2015-03-13,0,6.614561227016582e-07,1.0
0000882291,AEMD,2015-03-16,0,5.321001378813287e-07,1.0
0000882291,AEMD,2015-03-17,0,3.4687873383430395e-07,1.0
0000882291,AEMD,2015-03-18,0,3.4687873383430395e-07,1.0
0000882291,AEMD,2015-03-19,0,3.4687873383430395e-07,1.0
0000882291,AEMD,2015-03-20,0,3.4687873383430395e-07,1.0
0000882291,AEMD,2015-03-23,0,3.4687873383430395e-07,1.0
0000882291,AEMD,2015-03-24,0,3.4687873383430395e-07,1.0
0000882291,AEMD,2015-03-25,0,3.4687873383430395e-07,1.0
0000882291,AEMD,2015-03-26,0,3.4687873383430395e-07,1.0
0000882291,AEMD,2015-03-27,0,3.4687873383430395e-07,1.0
0000882291,AEMD,2015-03-30,0,3.4687873383430395e-07,1.0
0000882291,AEMD,2015-03-31,0,3.601220910440857e-07,1.0
0000882291,AEMD,2015-04-01,0,5.5183482888391535e-08,1.0
0000882291,AEMD,2015-04-02,0,5.5183482888391535e-08,1.0
0000882291,AEMD,2015-04-03,0,5.5183482888391535e-08,1.0
0000882291,AEMD,2015-04-06,0,5.5183482888391535e-08,1.0
0000882291,AEMD,2015-04-07,0,5.5183482888391535e-08,1.0
0000882291,AEMD,2015-04-08,0,5.5183482888391535e-08,1.0
0000882291,AEMD,2015-04-09,0,5.5183482888391535e-08,1.0
0000882291,AEMD,2015-04-10,0,5.5183482888391535e-08,1.0
0000882291,AEMD,2015-04-13,0,5.5183482888391535e-08,1.0
0000882291,AEMD,2015-04-14,0,5.5183482888391535e-08,1.0
0000882291,AEMD,2015-04-15,0,1.3320522082614817e-07,1.0
0000882291,AEMD,2015-04-16,0,1.4124089156362064e-07,1.0
0000882291,AEMD,2015-04-17,0,1.4124089156362064e-07,1.0
0000882291,AEMD,2015-04-20,0,5.218763848292897e-07,1.0
0000882291,AEMD,2015-04-21,0,5.218763848292897e-07,1.0
0000882291,AEMD,2015-04-22,0,5.218763848292897e-07,1.0
0000882291,AEMD,2015-04-23,0,5.218763848292897e-07,1.0
0000882291,AEMD,2015-04-24,0,5.218763848292897e-07,1.0
0000882291,AEMD,2015-04-27,0,5.234141452474086e-07,1.0
0000882291,AEMD,2015-04-28,0,5.234141452474086e-07,1.0
0000882291,AEMD,2015-04-29,0,5.234141452474086e-07,1.0
0000882291,AEMD,2015-04-30,0,5.234141452474086e-07,1.0
0000882291,AEMD,2015-05-01,0,5.234141452474086e-07,1.0
0000882291,AEMD,2015-05-04,0,5.234141452474086e-07,1.0
0000882291,AEMD,2015-05-05,0,5.234141452474086e-07,1.0
0000882291,AEMD,2015-05-06,0,5.234141452474086e-07,1.0
0000882291,AEMD,2015-05-07,0,5.234141452474086e-07,1.0
0000882291,AEMD,2015-05-08,0,5.234141452474086e-07,1.0
0000882291,AEMD,2015-05-11,0,5.40313480573547e-07,1.0
0000882291,AEMD,2015-05-12,0,5.40313480573547e-07,1.0
0000882291,AEMD,2015-05-13,0,4.1766430840807237e-07,1.0
0000882291,AEMD,2015-05-14,0,4.1766430840807237e-07,1.0
0000882291,AEMD,2015-05-15,0,4.828313749969847e-07,1.0
0000882291,AEMD,2015-05-18,0,4.828313749969847e-07,1.0
0000882291,AEMD,2015-05-19,0,4.828313749969847e-07,1.0
0000882291,AEMD,2015-05-20,0,1.6623715686299727e-06,1.0
0000882291,AEMD,2015-05-21,0,1.6623715686299727e-06,1.0
0000882291,AEMD,2015-05-22,0,1.6623715686299727e-06,1.0
0000882291,AEMD,2015-05-25,0,1.6623715686299727e-06,1.0
0000882291,AEMD,2015-05-26,0,1.6623715686299727e-06,1.0
0000882291,AEMD,2015-05-27,0,1.727870906263076e-06,1.0
0000882291,AEMD,2015-05-28,0,1.727870906263076e-06,1.0
0000882291,AEMD,2015-05-29,0,1.727870906263076e-06,1.0
0000882291,AEMD,2015-06-01,0,1.727870906263076e-06,1.0
0000882291,AEMD,2015-06-02,0,1.740115327198953e-06,1.0
0000882291,AEMD,2015-06-03,0,1.740115327198953e-06,1.0
0000882291,AEMD,2015-06-04,0,1.740115327198953e-06,1.0
0000882291,AEMD,2015-06-05,0,1.740115327198953e-06,1.0
0000882291,AEMD,2015-06-08,0,1.740115327198953e-06,1.0
0000882291,AEMD,2015-06-09,0,1.740115327198953e-06,1.0
0000882291,AEMD,2015-06-10,0,1.740115327198953e-06,1.0
0000882291,AEMD,2015-06-11,0,1.740115327198953e-06,1.0
0000882291,AEMD,2015-06-12,0,1.740115327198953e-06,1.0
0000882291,AEMD,2015-06-15,0,1.7731767928584411e-06,1.0
0000882291,AEMD,2015-06-16,0,1.7731767928584411e-06,1.0
0000882291,AEMD,2015-06-17,0,1.7731767928584411e-06,1.0
0000882291,AEMD,2015-06-18,0,1.7731767928584411e-06,1.0
0000882291,AEMD,2015-06-19,0,1.7731767928584411e-06,1.0
0000882291,AEMD,2015-06-22,0,1.7731767928584411e-06,1.0
0000882291,AEMD,2015-06-23,0,1.7731767928584411e-06,1.0
0000882291,AEMD,2015-06-24,0,1.3069096189387072e-06,1.0
0000882291,AEMD,2015-06-25,0,1.3069096189387072e-06,1.0
0000882291,AEMD,2015-06-26,0,5.415137063535335e-06,1.0
0000882291,AEMD,2015-06-29,0,5.415137063535335e-06,1.0
0000882291,AEMD,2015-06-30,0,6.094963728472015e-06,1.0
0000882291,AEMD,2015-07-01,0,6.094963728472015e-06,1.0
0000882291,AEMD,2015-07-02,0,6.094963728472015e-06,1.0
0000882291,AEMD,2015-07-03,0,6.094963728472015e-06,1.0
0000882291,AEMD,2015-07-06,0,6.094963728472015e-06,1.0
0000882291,AEMD,2015-07-07,0,6.094963728472015e-06,1.0
0000882291,AEMD,2015-07-08,0,6.094963728472015e-06,1.0
0000882291,AEMD,2015-07-09,0,6.094963728472015e-06,1.0
0000882291,AEMD,2015-07-10,0,6.094963728472015e-06,1.0
0000882291,AEMD,2015-07-13,0,6.094963728472015e-06,1.0
0000882291,AEMD,2015-07-14,0,4.150936108640596e-06,1.0
0000882291,AEMD,2015-07-15,0,4.150936108640596e-06,1.0
0000882291,AEMD,2015-07-16,0,4.150936108640596e-06,1.0
0000882291,AEMD,2015-07-17,0,4.150936108640596e-06,1.0
0000882291,AEMD,2015-07-20,0,3.4937085523612413e-07,1.0
0000882291,AEMD,2015-07-21,0,3.4937085523612413e-07,1.0
0000882291,AEMD,2015-07-22,0,3.4937085523612413e-07,1.0
0000882291,AEMD,2015-07-23,0,3.4937085523612413e-07,1.0
0000882291,AEMD,2015-07-24,0,4.305524462802287e-06,1.0
0000882291,AEMD,2015-07-27,0,6.758569745900526e-06,1.0
0000882291,AEMD,2015-07-28,0,6.758569745900526e-06,1.0
0000882291,AEMD,2015-07-29,0,6.758569745900526e-06,1.0
0000882291,AEMD,2015-07-30,0,6.758569745900526e-06,1.0
0000882291,AEMD,2015-07-31,0,6.758569745900526e-06,1.0
0000882291,AEMD,2015-08-03,0,6.758569745900526e-06,1.0
0000882291,AEMD,2015-08-04,0,6.758569745900526e-06,1.0
0000882291,AEMD,2015-08-05,0,6.758569745900526e-06,1.0
0000882291,AEMD,2015-08-06,0,6.758569745900526e-06,1.0
0000882291,AEMD,2015-08-07,0,6.758569745900526e-06,1.0
0000882291,AEMD,2015-08-10,0,6.758569745900526e-06,1.0
0000882291,AEMD,2015-08-11,0,7.022087295799063e-06,1.0
0000882291,AEMD,2015-08-12,0,7.022087295799063e-06,1.0
0000882291,AEMD,2015-08-13,0,7.022087295799063e-06,1.0
0000882291,AEMD,2015-08-14,0,7.464129531214045e-06,1.0
0000882291,AEMD,2015-08-17,0,7.464129531214045e-06,1.0
0000882291,AEMD,2015-08-18,0,7.464129531214045e-06,1.0
0000882291,AEMD,2015-08-19,0,7.464129531214045e-06,1.0
0000882291,AEMD,2015-08-20,0,7.464129531214045e-06,1.0
0000882291,AEMD,2015-08-21,0,7.464129531214045e-06,1.0
0000882291,AEMD,2015-08-24,0,3.4705439946286596e-05,1.0
0000882291,AEMD,2015-08-25,0,3.4705439946286596e-05,1.0
0000882291,AEMD,2015-08-26,0,3.4705439946286596e-05,1.0
0000882291,AEMD,2015-08-27,0,3.4705439946286596e-05,1.0
0000882291,AEMD,2015-08-28,0,3.4705439946286596e-05,1.0
0000882291,AEMD,2015-08-31,0,3.4705439946286596e-05,1.0
0000882291,AEMD,2015-09-01,0,3.4705439946286596e-05,1.0
0000882291,AEMD,2015-09-02,0,3.4705439946286596e-05,1.0
0000882291,AEMD,2015-09-03,0,3.4705439946286596e-05,1.0
0000882291,AEMD,2015-09-04,0,3.4705439946286596e-05,1.0
0000882291,AEMD,2015-09-07,0,3.4705439946286596e-05,1.0
0000882291,AEMD,2015-09-08,0,3.4705439946286596e-05,1.0
0000882291,AEMD,2015-09-09,0,3.4705439946286596e-05,1.0
0000882291,AEMD,2015-09-10,0,3.4705439946286596e-05,1.0
0000882291,AEMD,2015-09-11,0,3.4705439946286596e-05,1.0
0000882291,AEMD,2015-09-14,0,3.1839191790876534e-05,1.0
0000882291,AEMD,2015-09-15,0,3.1839191790876534e-05,1.0
0000882291,AEMD,2015-09-16,0,3.1839191790876534e-05,1.0
0000882291,AEMD,2015-09-17,0,3.1839191790876534e-05,1.0
0000882291,AEMD,2015-09-18,0,3.1839191790876534e-05,1.0
0000882291,AEMD,2015-09-21,0,3.1839191790876534e-05,1.0
0000882291,AEMD,2015-09-22,0,3.193411437909e-05,1.0
0000882291,AEMD,2015-09-23,0,3.193411437909e-05,1.0
0000882291,AEMD,2015-09-24,0,2.9154702981474052e-06,1.0
0000882291,AEMD,2015-09-25,0,2.9154702981474052e-06,1.0
0000882291,AEMD,2015-09-28,0,1.9006112056410002e-06,1.0
0000882291,AEMD,2015-09-29,0,1.9006112056410002e-06,1.0
0000882291,AEMD,2015-09-30,0,1.9006112056410002e-06,1.0
0000882291,AEMD,2015-10-01,0,1.9006112056410002e-06,1.0
0000882291,AEMD,2015-10-02,0,1.9006112056410002e-06,1.0
0000882291,AEMD,2015-10-05,0,1.9006112056410002e-06,1.0
0000882291,AEMD,2015-10-06,0,1.9006112056410002e-06,1.0
0000882291,AEMD,2015-10-07,0,1.9006112056410002e-06,1.0
0000882291,AEMD,2015-10-08,0,1.9006112056410002e-06,1.0
0000882291,AEMD,2015-10-09,0,1.9006112056410002e-06,1.0
0000882291,AEMD,2015-10-12,0,1.7459864766922554e-06,1.0
0000882291,AEMD,2015-10-13,0,1.7459864766922554e-06,1.0
0000882291,AEMD,2015-10-14,0,1.7459864766922554e-06,1.0
0000882291,AEMD,2015-10-15,0,1.7459864766922554e-06,1.0
0000882291,AEMD,2015-10-16,0,1.7459864766922554e-06,1.0
0000882291,AEMD,2015-10-19,0,1.6116075206983627e-06,1.0
0000882291,AEMD,2015-10-20,0,1.6116075206983627e-06,1.0
0000882291,AEMD,2015-10-21,0,1.6116075206983627e-06,1.0
0000882291,AEMD,2015-10-22,0,9.085880261405434e-08,1.0
0000882291,AEMD,2015-10-23,0,7.007620170230055e-08,1.0
0000882291,AEMD,2015-10-26,0,7.007620170230055e-08,1.0
0000882291,AEMD,2015-10-27,0,7.007620170230055e-08,1.0
0000882291,AEMD,2015-10-28,0,1.0163964506498783e-07,1.0
0000882291,AEMD,2015-10-29,0,1.0163964506498783e-07,1.0
0000882291,AEMD,2015-10-30,0,1.0163964506498783e-07,1.0
0000882291,AEMD,2015-11-02,0,1.0163964506498783e-07,1.0
0000882291,AEMD,2015-11-03,0,1.0163964506498783e-07,1.0
0000882291,AEMD,2015-11-04,0,1.0163964506498783e-07,1.0
0000882291,AEMD,2015-11-05,0,1.0163964506498783e-07,1.0
0000882291,AEMD,2015-11-06,0,1.0163964506498783e-07,1.0
0000882291,AEMD,2015-11-09,0,1.0163964506498783e-07,1.0
0000882291,AEMD,2015-11-10,0,1.0163964506498783e-07,1.0
0000882291,AEMD,2015-11-11,0,1.0163964506498783e-07,1.0
0000882291,AEMD,2015-11-12,0,1.383114780736337e-07,1.0
0000882291,AEMD,2015-11-13,0,1.383114780736337e-07,1.0
0000882291,AEMD,2015-11-16,0,1.383114780736337e-07,1.0
0000882291,AEMD,2015-11-17,0,2.4475171717009623e-07,1.0
0000882291,AEMD,2015-11-18,0,2.4475171717009623e-07,1.0
0000882291,AEMD,2015-11-19,0,2.4475171717009623e-07,1.0
0000882291,AEMD,2015-11-20,0,2.4475171717009623e-07,1.0
0000882291,AEMD,2015-11-23,0,1.0838656421584829e-07,1.0
0000882291,AEMD,2015-11-24,0,1.0838656421584829e-07,1.0
0000882291,AEMD,2015-11-25,0,1.0838656421584829e-07,1.0
0000882291,AEMD,2015-11-26,0,1.0838656421584829e-07,1.0
0000882291,AEMD,2015-11-27,0,1.0838656421584829e-07,1.0
0000882291,AEMD,2015-11-30,0,1.0838656421584829e-07,1.0
0000882291,AEMD,2015-12-01,0,1.0838656421584829e-07,1.0
0000882291,AEMD,2015-12-02,0,1.0838656421584829e-07,1.0
0000882291,AEMD,2015-12-03,0,1.0838656421584829e-07,1.0
0000882291,AEMD,2015-12-04,0,1.0838656421584829e-07,1.0
0000882291,AEMD,2015-12-07,0,1.0838656421584829e-07,1.0
0000882291,AEMD,2015-12-08,0,1.0838656421584829e-07,1.0
0000882291,AEMD,2015-12-09,0,1.0838656421584829e-07,1.0
0000882291,AEMD,2015-12-10,0,1.0838656421584829e-07,1.0
0000882291,AEMD,2015-12-11,0,1.0838656421584829e-07,1.0
0000882291,AEMD,2015-12-14,0,1.0838656421584829e-07,1.0
0000882291,AEMD,2015-12-15,0,1.0838656421584829e-07,1.0
0000882291,AEMD,2015-12-16,0,1.0838656421584829e-07,1.0
0000882291,AEMD,2015-12-17,0,7.4318671957269e-08,1.0
0000882291,AEMD,2015-12-18,0,7.4318671957269e-08,1.0
0000882291,AEMD,2015-12-21,0,7.73378832694679e-08,1.0
0000882291,AEMD,2015-12-22,0,7.73378832694679e-08,1.0
0000882291,AEMD,2015-12-23,0,5.646217275530526e-08,1.0
0000882291,AEMD,2015-12-24,0,5.646217275530526e-08,1.0
0000882291,AEMD,2015-12-25,0,5.646217275530526e-08,1.0
0000882291,AEMD,2015-12-28,0,7.788354112649767e-08,1.0
0000882291,AEMD,2015-12-29,0,7.788354112649767e-08,1.0
0000882291,AEMD,2015-12-30,0,7.788354112649767e-08,1.0
0000882291,AEMD,2015-12-31,0,7.788354112649767e-08,1.0
0000882291,AEMD,2016-01-01,0,7.788354112649767e-08,1.0
0000882291,AEMD,2016-01-04,0,7.788354112649767e-08,1.0
0000882291,AEMD,2016-01-05,0,7.788354112649767e-08,1.0
0000882291,AEMD,2016-01-06,0,7.788354112649767e-08,1.0
0000882291,AEMD,2016-01-07,0,7.788354112649767e-08,1.0
0000882291,AEMD,2016-01-08,0,7.788354112649767e-08,1.0
0000882291,AEMD,2016-01-11,0,7.788354112649767e-08,1.0
0000882291,AEMD,2016-01-12,0,7.788354112649767e-08,1.0
0000882291,AEMD,2016-01-13,0,7.788354112649767e-08,1.0
0000882291,AEMD,2016-01-14,0,7.788354112649767e-08,1.0
0000882291,AEMD,2016-01-15,0,7.788354112649767e-08,1.0
0000882291,AEMD,2016-01-18,0,7.788354112649767e-08,1.0
0000882291,AEMD,2016-01-19,0,7.788354112649767e-08,1.0
0000882291,AEMD,2016-01-20,0,1.0639502896737727e-07,1.0
0000882291,AEMD,2016-01-21,0,1.0018930946986248e-07,1.0
0000882291,AEMD,2016-01-22,0,1.0018930946986248e-07,1.0
0000882291,AEMD,2016-01-25,0,1.0018930946986248e-07,1.0
0000882291,AEMD,2016-01-26,0,1.0018930946986248e-07,1.0
0000882291,AEMD,2016-01-27,0,1.0018930946986248e-07,1.0
0000882291,AEMD,2016-01-28,0,1.0018930946986248e-07,1.0
0000882291,AEMD,2016-01-29,0,1.0018930946986248e-07,1.0
0000882291,AEMD,2016-02-01,0,1.0018930946986248e-07,1.0
0000882291,AEMD,2016-02-02,0,1.0018930946986248e-07,1.0
0000882291,AEMD,2016-02-03,0,1.0018930946986248e-07,1.0
0000882291,AEMD,2016-02-04,0,1.0018930946986248e-07,1.0
0000882291,AEMD,2016-02-05,0,1.87009393488673e-07,1.0
0000882291,AEMD,2016-02-08,0,1.87009393488673e-07,1.0
0000882291,AEMD,2016-02-09,0,1.87009393488673e-07,1.0
0000882291,AEMD,2016-02-10,0,1.8833462286654245e-07,1.0
0000882291,AEMD,2016-02-11,0,1.8833462286654245e-07,1.0
0000882291,AEMD,2016-02-12,0,1.8833462286654245e-07,1.0
0000882291,AEMD,2016-02-15,0,6.3062453486184675e-06,1.0
0000882291,AEMD,2016-02-16,0,5.0147196192150605e-06,1.0
0000882291,AEMD,2016-02-17,0,5.0147196192150605e-06,1.0
0000882291,AEMD,2016-02-18,0,5.0147196192150605e-06,1.0
0000882291,AEMD,2016-02-19,0,5.0147196192150605e-06,1.0
0000882291,AEMD,2016-02-22,0,5.0147196192150605e-06,1.0
0000882291,AEMD,2016-02-23,0,0.0003437395824195657,1.0
0000882291,AEMD,2016-02-24,0,0.0003437395824195657,1.0
0000882291,AEMD,2016-02-25,0,0.0003437395824195657,1.0
0000882291,AEMD,2016-02-26,0,0.0003437395824195657,1.0
0000882291,AEMD,2016-02-29,0,0.0003437395824195657,1.0
0000882291,AEMD,2016-03-01,0,0.0003437395824195657,1.0
0000882291,AEMD,2016-03-02,0,0.0003437395824195657,1.0
0000882291,AEMD,2016-03-03,0,0.0003437395824195657,1.0
0000882291,AEMD,2016-03-04,0,0.0003437395824195657,1.0
0000882291,AEMD,2016-03-07,0,0.00014747154417455135,1.0
0000882291,AEMD,2016-03-08,0,0.00014747154417455135,1.0
0000882291,AEMD,2016-03-09,0,0.00014747154417455135,1.0
0000882291,AEMD,2016-03-10,0,0.00014747154417455135,1.0
0000882291,AEMD,2016-03-11,0,0.00014747154417455135,1.0
0000882291,AEMD,2016-03-14,0,0.00014747154417455135,1.0
0000882291,AEMD,2016-03-15,0,0.00014747154417455135,1.0
0000882291,AEMD,2016-03-16,0,0.00014747154417455135,1.0
0000882291,AEMD,2016-03-17,0,0.00035918217798322494,1.0
0000882291,AEMD,2016-03-18,0,0.00040380696526154186,1.0
0000882291,AEMD,2016-03-21,0,0.00040380696526154186,1.0
0000882291,AEMD,2016-03-22,0,0.00040380696526154186,1.0
0000882291,AEMD,2016-03-23,0,0.00040380696526154186,1.0
0000882291,AEMD,2016-03-24,0,0.00040380696526154186,1.0
0000882291,AEMD,2016-03-25,0,0.0027720340931527104,1.0
0000882291,AEMD,2016-03-28,0,0.002877562074592567,1.0
0000882291,AEMD,2016-03-29,0,0.002877562074592567,1.0
0000882291,AEMD,2016-03-30,0,0.002877562074592567,1.0
0000882291,AEMD,2016-03-31,0,0.004720029961974242,1.0
0000882291,AEMD,2016-04-01,0,0.004720029961974242,1.0
0000882291,AEMD,2016-04-04,0,0.004720029961974242,1.0
0000882291,AEMD,2016-04-05,0,0.004720029961974242,1.0
0000882291,AEMD,2016-04-06,0,0.004720029961974242,1.0
0000882291,AEMD,2016-04-07,0,0.004720029961974242,1.0
0000882291,AEMD,2016-04-08,0,0.004720029961974242,1.0
0000882291,AEMD,2016-04-11,0,0.004720029961974242,1.0
0000882291,AEMD,2016-04-12,0,0.004720029961974242,1.0
0000882291,AEMD,2016-04-13,0,0.004720029961974242,1.0
0000882291,AEMD,2016-04-14,0,0.004720029961974242,1.0
0000882291,AEMD,2016-04-15,0,0.004720029961974242,1.0
0000882291,AEMD,2016-04-18,0,0.004720029961974242,1.0
0000882291,AEMD,2016-04-19,0,0.004720029961974242,1.0
0000882291,AEMD,2016-04-20,0,0.004733451686266884,1.0
0000882291,AEMD,2016-04-21,0,0.004733451686266884,1.0
0000882291,AEMD,2016-04-22,0,0.004733451686266884,1.0
0000882291,AEMD,2016-04-25,0,0.004733451686266884,1.0
0000882291,AEMD,2016-04-26,0,0.004733451686266884,1.0
0000882291,AEMD,2016-04-27,0,0.004733451686266884,1.0
0000882291,AEMD,2016-04-28,0,0.004733451686266884,1.0
0000882291,AEMD,2016-04-29,0,0.004733451686266884,1.0
0000882291,AEMD,2016-05-02,0,0.008194300539218914,1.0
0000882291,AEMD,2016-05-03,0,0.008194300539218914,1.0
0000882291,AEMD,2016-05-04,0,0.008194300539218914,1.0
0000882291,AEMD,2016-05-05,0,0.0012243988276061317,1.0
0000882291,AEMD,2016-05-06,0,0.0010737997715484272,1.0
0000882291,AEMD,2016-05-09,0,0.0010737997715484272,1.0
0000882291,AEMD,2016-05-10,0,0.0010737997715484272,1.0
0000882291,AEMD,2016-05-11,0,0.0010737997715484272,1.0
0000882291,AEMD,2016-05-12,0,0.0010737997715484272,1.0
0000882291,AEMD,2016-05-13,0,0.0010737997715484272,1.0
0000882291,AEMD,2016-05-16,0,1.5286392022421106e-05,1.0
0000882291,AEMD,2016-05-17,0,1.587277205891655e-05,1.0
0000882291,AEMD,2016-05-18,0,1.587277205891655e-05,1.0
0000882291,AEMD,2016-05-19,0,1.587277205891655e-05,1.0
0000882291,AEMD,2016-05-20,0,1.587277205891655e-05,1.0
0000882291,AEMD,2016-05-23,0,1.587277205891655e-05,1.0
0000882291,AEMD,2016-05-24,0,2.2332708238487687e-07,1.0
0000882291,AEMD,2016-05-25,0,2.2332708238487687e-07,1.0
0000882291,AEMD,2016-05-26,0,2.2332708238487687e-07,1.0
0000882291,AEMD,2016-05-27,0,2.2332708238487687e-07,1.0
0000882291,AEMD,2016-05-30,0,2.2332708238487687e-07,1.0
0000882291,AEMD,2016-05-31,0,2.2332708238487687e-07,1.0
0000882291,AEMD,2016-06-01,0,2.2332708238487687e-07,1.0
0000882291,AEMD,2016-06-02,0,2.2332708238487687e-07,1.0
0000882291,AEMD,2016-06-03,0,2.2332708238487687e-07,1.0
0000882291,AEMD,2016-06-06,0,7.629995523950795e-07,1.0
0000882291,AEMD,2016-06-07,0,7.629995523950795e-07,1.0
0000882291,AEMD,2016-06-08,0,7.629995523950795e-07,1.0
0000882291,AEMD,2016-06-09,0,7.629995523950795e-07,1.0
0000882291,AEMD,2016-06-10,0,7.629995523950795e-07,1.0
0000882291,AEMD,2016-06-13,0,7.629995523950795e-07,1.0
0000882291,AEMD,2016-06-14,0,7.629995523950795e-07,1.0
0000882291,AEMD,2016-06-15,0,7.629995523950795e-07,1.0
0000882291,AEMD,2016-06-16,0,7.629995523950795e-07,1.0
0000882291,AEMD,2016-06-17,0,7.629995523950795e-07,1.0
0000882291,AEMD,2016-06-20,0,7.629995523950795e-07,1.0
0000882291,AEMD,2016-06-21,0,7.629995523950795e-07,1.0
0000882291,AEMD,2016-06-22,0,7.629995523950795e-07,1.0
0000882291,AEMD,2016-06-23,0,7.629995523950795e-07,1.0
0000882291,AEMD,2016-06-24,0,7.629995523950795e-07,1.0
0000882291,AEMD,2016-06-27,0,7.629995523950795e-07,1.0
0000882291,AEMD,2016-06-28,0,5.623642230183553e-07,1.0
0000882291,AEMD,2016-06-29,0,9.84035238833905e-08,1.0
0000882291,AEMD,2016-06-30,0,1.0145507470612695e-05,1.0
0000882291,AEMD,2016-07-01,0,1.0145507470612695e-05,1.0
0000882291,AEMD,2016-07-04,0,1.0145507470612695e-05,1.0
0000882291,AEMD,2016-07-05,0,1.0145507470612695e-05,1.0
0000882291,AEMD,2016-07-06,0,1.0145507470612695e-05,1.0
0000882291,AEMD,2016-07-07,0,1.0145507470612695e-05,1.0
0000882291,AEMD,2016-07-08,0,1.0145507470612695e-05,1.0
0000882291,AEMD,2016-07-11,0,1.0145507470612695e-05,1.0
0000882291,AEMD,2016-07-12,0,1.0145507470612695e-05,1.0
0000882291,AEMD,2016-07-13,0,1.0145507470612695e-05,1.0
0000882291,AEMD,2016-07-14,0,1.0145507470612695e-05,1.0
0000882291,AEMD,2016-07-15,0,1.0145507470612695e-05,1.0
0000882291,AEMD,2016-07-18,0,1.0145507470612695e-05,1.0
0000882291,AEMD,2016-07-19,0,1.0145507470612695e-05,1.0
0000882291,AEMD,2016-07-20,0,1.0145507470612695e-05,1.0
0000882291,AEMD,2016-07-21,0,1.0145507470612695e-05,1.0
0000882291,AEMD,2016-07-22,0,1.0145507470612695e-05,1.0
0000882291,AEMD,2016-07-25,0,1.0145507470612695e-05,1.0
0000882291,AEMD,2016-07-26,0,1.0145507470612695e-05,1.0
0000882291,AEMD,2016-07-27,0,1.0145507470612695e-05,1.0
0000882291,AEMD,2016-07-28,0,1.0681533068166906e-05,1.0
0000882291,AEMD,2016-07-29,0,1.0681533068166906e-05,1.0
0000882291,AEMD,2016-08-01,0,5.190035724272043e-06,1.0
0000882291,AEMD,2016-08-02,0,5.190035724272043e-06,1.0
0000882291,AEMD,2016-08-03,0,5.706253603322377e-06,1.0
0000882291,AEMD,2016-08-04,0,5.783492861301373e-06,1.0
0000882291,AEMD,2016-08-05,0,5.783492861301373e-06,1.0
0000882291,AEMD,2016-08-08,0,5.783492861301373e-06,1.0
0000882291,AEMD,2016-08-09,0,5.783492861301373e-06,1.0
0000882291,AEMD,2016-08-10,0,3.770294734580905e-06,1.0
0000882291,AEMD,2016-08-11,0,3.770294734580905e-06,1.0
0000882291,AEMD,2016-08-12,0,4.394815907889122e-06,1.0
0000882291,AEMD,2016-08-15,0,2.017967401483036e-06,1.0
0000882291,AEMD,2016-08-16,0,2.017967401483036e-06,1.0
0000882291,AEMD,2016-08-17,0,2.017967401483036e-06,1.0
0000882291,AEMD,2016-08-18,0,2.017967401483036e-06,1.0
0000882291,AEMD,2016-08-19,0,2.017967401483036e-06,1.0
0000882291,AEMD,2016-08-22,0,8.596920055643654e-07,1.0
0000882291,AEMD,2016-08-23,0,8.596920055643654e-07,1.0
0000882291,AEMD,2016-08-24,0,8.596920055643654e-07,1.0
0000882291,AEMD,2016-08-25,0,8.596920055643654e-07,1.0
0000882291,AEMD,2016-08-26,0,8.596920055643654e-07,1.0
0000882291,AEMD,2016-08-29,0,8.596920055643654e-07,1.0
0000882291,AEMD,2016-08-30,0,8.596920055643654e-07,1.0
0000882291,AEMD,2016-08-31,0,8.596920055643654e-07,1.0
0000882291,AEMD,2016-09-01,0,8.596920055643654e-07,1.0
0000882291,AEMD,2016-09-02,0,8.596920055643654e-07,1.0
0000882291,AEMD,2016-09-05,0,8.596920055643654e-07,1.0
0000882291,AEMD,2016-09-06,0,8.596920055643654e-07,1.0
0000882291,AEMD,2016-09-07,0,8.596920055643654e-07,1.0
0000882291,AEMD,2016-09-08,0,8.596920055643654e-07,1.0
0000882291,AEMD,2016-09-09,0,1.2469106074730881e-06,1.0
0000882291,AEMD,2016-09-12,0,1.1057733097604657e-06,1.0
0000882291,AEMD,2016-09-13,0,1.1057733097604657e-06,1.0
0000882291,AEMD,2016-09-14,0,1.1057733097604657e-06,1.0
0000882291,AEMD,2016-09-15,0,1.1057733097604657e-06,1.0
0000882291,AEMD,2016-09-16,0,1.1057733097604657e-06,1.0
0000882291,AEMD,2016-09-19,0,1.1057733097604657e-06,1.0
0000882291,AEMD,2016-09-20,0,1.1057733097604657e-06,1.0
0000882291,AEMD,2016-09-21,0,1.1057733097604657e-06,1.0
0000882291,AEMD,2016-09-22,0,1.1057733097604657e-06,1.0
0000882291,AEMD,2016-09-23,0,1.1057733097604657e-06,1.0
0000882291,AEMD,2016-09-26,0,1.1090700674425555e-06,1.0
0000882291,AEMD,2016-09-27,0,8.683802699791049e-07,1.0
0000882291,AEMD,2016-09-28,0,6.577934473033316e-08,1.0
0000882291,AEMD,2016-09-29,0,6.577934473033316e-08,1.0
0000882291,AEMD,2016-09-30,0,6.577934473033316e-08,1.0
0000882291,AEMD,2016-10-03,0,6.577934473033316e-08,1.0
0000882291,AEMD,2016-10-04,0,6.577934473033316e-08,1.0
0000882291,AEMD,2016-10-05,0,6.577934473033316e-08,1.0
0000882291,AEMD,2016-10-06,0,6.577934473033316e-08,1.0
0000882291,AEMD,2016-10-07,0,6.577934473033316e-08,1.0
0000882291,AEMD,2016-10-10,0,6.577934473033316e-08,1.0
0000882291,AEMD,2016-10-11,0,6.577934473033316e-08,1.0
0000882291,AEMD,2016-10-12,0,6.577934473033316e-08,1.0
0000882291,AEMD,2016-10-13,0,6.577934473033316e-08,1.0
0000882291,AEMD,2016-10-14,0,6.577934473033316e-08,1.0
0000882291,AEMD,2016-10-17,0,6.577934473033316e-08,1.0
0000882291,AEMD,2016-10-18,0,6.577934473033316e-08,1.0
0000882291,AEMD,2016-10-19,0,6.577934473033316e-08,1.0
0000882291,AEMD,2016-10-20,0,6.577934473033316e-08,1.0
0000882291,AEMD,2016-10-21,0,6.577934473033316e-08,1.0
0000882291,AEMD,2016-10-24,0,6.577934473033316e-08,1.0
0000882291,AEMD,2016-10-25,0,6.577934473033316e-08,1.0
0000882291,AEMD,2016-10-26,0,6.577934473033316e-08,1.0
0000882291,AEMD,2016-10-27,0,6.577934473033316e-08,1.0
0000882291,AEMD,2016-10-28,0,6.577934473033316e-08,1.0
0000882291,AEMD,2016-10-31,0,6.577934473033316e-08,1.0
0000882291,AEMD,2016-11-01,0,1.184442851547116e-07,1.0
0000882291,AEMD,2016-11-02,0,1.184442851547116e-07,1.0
0000882291,AEMD,2016-11-03,0,1.184442851547116e-07,1.0
0000882291,AEMD,2016-11-04,0,1.184442851547116e-07,1.0
0000882291,AEMD,2016-11-07,0,1.184442851547116e-07,1.0
0000882291,AEMD,2016-11-08,0,1.6338124600865132e-07,1.0
0000882291,AEMD,2016-11-09,0,1.6338124600865132e-07,1.0
0000882291,AEMD,2016-11-10,0,2.2409793005126816e-07,1.0
0000882291,AEMD,2016-11-11,0,1.849199907025656e-07,1.0
0000882291,AEMD,2016-11-14,0,1.849199907025656e-07,1.0
0000882291,AEMD,2016-11-15,0,1.849199907025656e-07,1.0
0000882291,AEMD,2016-11-16,0,1.849199907025656e-07,1.0
0000882291,AEMD,2016-11-17,0,1.849199907025656e-07,1.0
0000882291,AEMD,2016-11-18,0,1.849199907025656e-07,1.0
0000882291,AEMD,2016-11-21,0,1.849199907025656e-07,1.0
0000882291,AEMD,2016-11-22,0,1.849199907025656e-07,1.0
0000882291,AEMD,2016-11-23,0,1.849199907025656e-07,1.0
0000882291,AEMD,2016-11-24,0,1.849199907025656e-07,1.0
0000882291,AEMD,2016-11-25,0,1.849199907025656e-07,1.0
0000882291,AEMD,2016-11-28,0,1.849199907025656e-07,1.0
0000882291,AEMD,2016-11-29,0,1.849199907025656e-07,1.0
0000882291,AEMD,2016-11-30,0,1.849199907025656e-07,1.0
0000882291,AEMD,2016-12-01,0,1.849199907025656e-07,1.0
0000882291,AEMD,2016-12-02,0,1.849199907025656e-07,1.0
0000882291,AEMD,2016-12-05,0,1.849199907025656e-07,1.0
0000882291,AEMD,2016-12-06,0,1.849199907025656e-07,1.0
0000882291,AEMD,2016-12-07,0,1.849199907025656e-07,1.0
0000882291,AEMD,2016-12-08,0,1.849199907025656e-07,1.0
0000882291,AEMD,2016-12-09,0,1.849199907025656e-07,1.0
0000882291,AEMD,2016-12-12,0,1.6340863967598647e-07,1.0
0000882291,AEMD,2016-12-13,0,1.6340863967598647e-07,1.0
0000882291,AEMD,2016-12-14,0,1.6340863967598647e-07,1.0
0000882291,AEMD,2016-12-15,0,1.6340863967598647e-07,1.0
0000882291,AEMD,2016-12-16,0,1.6340863967598647e-07,1.0
0000882291,AEMD,2016-12-19,0,1.6340863967598647e-07,1.0
0000882291,AEMD,2016-12-20,0,1.6340863967598647e-07,1.0
0000882291,AEMD,2016-12-21,0,1.6340863967598647e-07,1.0
0000882291,AEMD,2016-12-22,0,1.6340863967598647e-07,1.0
0000882291,AEMD,2016-12-23,0,1.6340863967598647e-07,1.0
0000882291,AEMD,2016-12-26,0,1.700471486090435e-07,1.0
0000882291,AEMD,2016-12-27,0,3.749846096989959e-07,1.0
0000882291,AEMD,2016-12-28,0,3.749846096989959e-07,1.0
0000882291,AEMD,2016-12-29,0,3.749846096989959e-07,1.0
0000882291,AEMD,2016-12-30,0,2.0521172308200142e-07,1.0
0000882291,AEMD,2017-01-02,0,2.0521172308200142e-07,1.0
0000882291,AEMD,2017-01-03,0,2.0521172308200142e-07,1.0
0000882291,AEMD,2017-01-04,0,2.0521172308200142e-07,1.0
0000882291,AEMD,2017-01-05,0,2.0521172308200142e-07,1.0
0000882291,AEMD,2017-01-06,0,2.0521172308200142e-07,1.0
0000882291,AEMD,2017-01-09,0,2.0521172308200142e-07,1.0
0000882291,AEMD,2017-01-10,0,2.0521172308200142e-07,1.0
0000882291,AEMD,2017-01-11,0,2.0521172308200142e-07,1.0
0000882291,AEMD,2017-01-12,0,2.0521172308200142e-07,1.0
0000882291,AEMD,2017-01-13,0,2.0521172308200142e-07,1.0
0000882291,AEMD,2017-01-16,0,2.0521172308200142e-07,1.0
0000882291,AEMD,2017-01-17,0,2.0521172308200142e-07,1.0
0000882291,AEMD,2017-01-18,0,2.0521172308200142e-07,1.0
0000882291,AEMD,2017-01-19,0,2.0521172308200142e-07,1.0
0000882291,AEMD,2017-01-20,0,2.0521172308200142e-07,1.0
0000882291,AEMD,2017-01-23,0,2.0521172308200142e-07,1.0
0000882291,AEMD,2017-01-24,0,2.0521172308200142e-07,1.0
0000882291,AEMD,2017-01-25,0,2.0521172308200142e-07,1.0
0000882291,AEMD,2017-01-26,0,2.0521172308200142e-07,1.0
0000882291,AEMD,2017-01-27,0,2.0521172308200142e-07,1.0
0000882291,AEMD,2017-01-30,0,2.663019901445229e-07,1.0
0000882291,AEMD,2017-01-31,0,2.663019901445229e-07,1.0
0000882291,AEMD,2017-02-01,0,2.663019901445229e-07,1.0
0000882291,AEMD,2017-02-02,0,2.663019901445229e-07,1.0
0000882291,AEMD,2017-02-03,0,2.663019901445229e-07,1.0
0000882291,AEMD,2017-02-06,0,2.7646903796898355e-07,1.0
0000882291,AEMD,2017-02-07,0,2.7646903796898355e-07,1.0
0000882291,AEMD,2017-02-08,0,2.781007255630206e-07,1.0
0000882291,AEMD,2017-02-09,0,2.6519095884703696e-07,1.0
0000882291,AEMD,2017-02-10,0,2.6519095884703696e-07,1.0
0000882291,AEMD,2017-02-13,0,2.565439111241613e-06,1.0
0000882291,AEMD,2017-02-14,0,2.565439111241613e-06,1.0
0000882291,AEMD,2017-02-15,0,2.565439111241613e-06,1.0
0000882291,AEMD,2017-02-16,0,2.565439111241613e-06,1.0
0000882291,AEMD,2017-02-17,0,2.565439111241613e-06,1.0
0000882291,AEMD,2017-02-20,0,2.565439111241613e-06,1.0
0000882291,AEMD,2017-02-21,0,2.565439111241613e-06,1.0
0000882291,AEMD,2017-02-22,0,2.565439111241613e-06,1.0
0000882291,AEMD,2017-02-23,0,2.565439111241613e-06,1.0
0000882291,AEMD,2017-02-24,0,2.565439111241613e-06,1.0
0000882291,AEMD,2017-02-27,0,2.565439111241613e-06,1.0
0000882291,AEMD,2017-02-28,0,2.565439111241613e-06,1.0
0000882291,AEMD,2017-03-01,0,2.565439111241613e-06,1.0
0000882291,AEMD,2017-03-02,0,2.565439111241613e-06,1.0
0000882291,AEMD,2017-03-03,0,2.565439111241613e-06,1.0
0000882291,AEMD,2017-03-06,0,2.565439111241613e-06,1.0
0000882291,AEMD,2017-03-07,0,2.565439111241613e-06,1.0
0000882291,AEMD,2017-03-08,0,2.565439111241613e-06,1.0
0000882291,AEMD,2017-03-09,0,2.565439111241613e-06,1.0
0000882291,AEMD,2017-03-10,0,2.565439111241613e-06,1.0
0000882291,AEMD,2017-03-13,0,2.565439111241613e-06,1.0
0000882291,AEMD,2017-03-14,0,2.565439111241613e-06,1.0
0000882291,AEMD,2017-03-15,0,2.565439111241613e-06,1.0
0000882291,AEMD,2017-03-16,0,1.7138014256336505e-06,1.0
0000882291,AEMD,2017-03-17,0,1.7138014256336505e-06,1.0
0000882291,AEMD,2017-03-20,0,1.7138014256336505e-06,1.0
0000882291,AEMD,2017-03-21,0,1.7138014256336505e-06,1.0
0000882291,AEMD,2017-03-22,0,1.1437206444903741e-06,1.0
0000882291,AEMD,2017-03-23,0,1.1437206444903741e-06,1.0
0000882291,AEMD,2017-03-24,0,1.1437206444903741e-06,1.0
0000882291,AEMD,2017-03-27,0,1.1437206444903741e-06,1.0
0000882291,AEMD,2017-03-28,0,1.1437206444903741e-06,1.0
0000882291,AEMD,2017-03-29,0,1.1437206444903741e-06,1.0
0000882291,AEMD,2017-03-30,0,1.1437206444903741e-06,1.0
0000882291,AEMD,2017-03-31,0,1.1425956307145762e-06,1.0
0000882291,AEMD,2017-04-03,0,1.1425956307145762e-06,1.0
0000882291,AEMD,2017-04-04,0,1.1425956307145762e-06,1.0
0000882291,AEMD,2017-04-05,0,1.1425956307145762e-06,1.0
0000882291,AEMD,2017-04-06,0,1.1425956307145762e-06,1.0
0000882291,AEMD,2017-04-07,0,1.1425956307145762e-06,1.0
0000882291,AEMD,2017-04-10,0,1.1425956307145762e-06,1.0
0000882291,AEMD,2017-04-11,0,1.1425956307145762e-06,1.0
0000882291,AEMD,2017-04-12,0,1.1425956307145762e-06,1.0
0000882291,AEMD,2017-04-13,0,1.1425956307145762e-06,1.0
0000882291,AEMD,2017-04-14,0,1.1425956307145762e-06,1.0
0000882291,AEMD,2017-04-17,0,1.1425956307145762e-06,1.0
0000882291,AEMD,2017-04-18,0,1.1425956307145762e-06,1.0
0000882291,AEMD,2017-04-19,0,1.1425956307145762e-06,1.0
0000882291,AEMD,2017-04-20,0,1.1425956307145762e-06,1.0
0000882291,AEMD,2017-04-21,0,1.5666221891917952e-06,1.0
0000882291,AEMD,2017-04-24,0,1.5666221891917952e-06,1.0
0000882291,AEMD,2017-04-25,0,1.5666221891917952e-06,1.0
0000882291,AEMD,2017-04-26,0,1.5666221891917952e-06,1.0
0000882291,AEMD,2017-04-27,0,1.5666221891917952e-06,1.0
0000882291,AEMD,2017-04-28,0,1.5666221891917952e-06,1.0
0000882291,AEMD,2017-05-01,0,1.5666221891917952e-06,1.0
0000882291,AEMD,2017-05-02,0,1.5666221891917952e-06,1.0
0000882291,AEMD,2017-05-03,0,1.5666221891917952e-06,1.0
0000882291,AEMD,2017-05-04,0,1.5666221891917952e-06,1.0
0000882291,AEMD,2017-05-05,0,1.5666221891917952e-06,1.0
0000882291,AEMD,2017-05-08,0,1.5666221891917952e-06,1.0
0000882291,AEMD,2017-05-09,0,1.5666221891917952e-06,1.0
0000882291,AEMD,2017-05-10,0,1.5666221891917952e-06,1.0
0000882291,AEMD,2017-05-11,0,1.5777239356113209e-06,1.0
0000882291,AEMD,2017-05-12,0,1.5777239356113209e-06,1.0
0000882291,AEMD,2017-05-15,0,1.320392391625772e-07,1.0
0000882291,AEMD,2017-05-16,0,1.320392391625772e-07,1.0
0000882291,AEMD,2017-05-17,0,1.320392391625772e-07,1.0
0000882291,AEMD,2017-05-18,0,1.320392391625772e-07,1.0
0000882291,AEMD,2017-05-19,0,1.320392391625772e-07,1.0
0000882291,AEMD,2017-05-22,0,1.320392391625772e-07,1.0
0000882291,AEMD,2017-05-23,0,1.320392391625772e-07,1.0
0000882291,AEMD,2017-05-24,0,1.320392391625772e-07,1.0
0000882291,AEMD,2017-05-25,0,1.320392391625772e-07,1.0
0000882291,AEMD,2017-05-26,0,1.320392391625772e-07,1.0
0000882291,AEMD,2017-05-29,0,1.320392391625772e-07,1.0
0000882291,AEMD,2017-05-30,0,1.320392391625772e-07,1.0
0000882291,AEMD,2017-05-31,0,1.320392391625772e-07,1.0
0000882291,AEMD,2017-06-01,0,1.320392391625772e-07,1.0
0000882291,AEMD,2017-06-02,0,1.320392391625772e-07,1.0
0000882291,AEMD,2017-06-05,0,1.320392391625772e-07,1.0
0000882291,AEMD,2017-06-06,0,1.320392391625772e-07,1.0
0000882291,AEMD,2017-06-07,0,1.320392391625772e-07,1.0
0000882291,AEMD,2017-06-08,0,1.320392391625772e-07,1.0
0000882291,AEMD,2017-06-09,0,1.320392391625772e-07,1.0
0000882291,AEMD,2017-06-12,0,1.320392391625772e-07,1.0
0000882291,AEMD,2017-06-13,0,1.320392391625772e-07,1.0
0000882291,AEMD,2017-06-14,0,1.320392391625772e-07,1.0
0000882291,AEMD,2017-06-15,0,1.320392391625772e-07,1.0
0000882291,AEMD,2017-06-16,0,1.320392391625772e-07,1.0
0000882291,AEMD,2017-06-19,0,1.320392391625772e-07,1.0
0000882291,AEMD,2017-06-20,0,2.5760934450144307e-07,1.0
0000882291,AEMD,2017-06-21,0,2.5760934450144307e-07,1.0
0000882291,AEMD,2017-06-22,0,2.5760934450144307e-07,1.0
0000882291,AEMD,2017-06-23,0,2.5760934450144307e-07,1.0
0000882291,AEMD,2017-06-26,0,2.5760934450144307e-07,1.0
0000882291,AEMD,2017-06-27,0,2.5760934450144307e-07,1.0
0000882291,AEMD,2017-06-28,0,2.5760934450144307e-07,1.0
0000882291,AEMD,2017-06-29,0,4.305698840237137e-06,1.0
0000882291,AEMD,2017-06-30,0,4.305698840237137e-06,1.0
0000882291,AEMD,2017-07-03,0,4.305698840237137e-06,1.0
0000882291,AEMD,2017-07-04,0,4.305698840237137e-06,1.0
0000882291,AEMD,2017-07-05,0,4.305698840237137e-06,1.0
0000882291,AEMD,2017-07-06,0,4.305698840237137e-06,1.0
0000882291,AEMD,2017-07-07,0,4.305698840237137e-06,1.0
0000882291,AEMD,2017-07-10,0,4.305698840237137e-06,1.0
0000882291,AEMD,2017-07-11,0,4.305698840237137e-06,1.0
0000882291,AEMD,2017-07-12,0,4.305698840237137e-06,1.0
0000882291,AEMD,2017-07-13,0,4.305698840237137e-06,1.0
0000882291,AEMD,2017-07-14,0,4.305698840237137e-06,1.0
0000882291,AEMD,2017-07-17,0,4.305698840237137e-06,1.0
0000882291,AEMD,2017-07-18,0,4.305698840237137e-06,1.0
0000882291,AEMD,2017-07-19,0,4.305698840237137e-06,1.0
0000882291,AEMD,2017-07-20,0,4.305698840237137e-06,1.0
0000882291,AEMD,2017-07-21,0,4.305698840237137e-06,1.0
0000882291,AEMD,2017-07-24,0,4.305698840237137e-06,1.0
0000882291,AEMD,2017-07-25,0,4.305698840237137e-06,1.0
0000882291,AEMD,2017-07-26,0,4.305698840237137e-06,1.0
0000882291,AEMD,2017-07-27,0,4.305698840237137e-06,1.0
0000882291,AEMD,2017-07-28,0,4.305698840237137e-06,1.0
0000882291,AEMD,2017-07-31,0,1.8292195277850032e-06,1.0
0000882291,AEMD,2017-08-01,0,4.133778771252714e-05,1.0
0000882291,AEMD,2017-08-02,0,4.133778771252714e-05,1.0
0000882291,AEMD,2017-08-03,0,4.133778771252714e-05,1.0
0000882291,AEMD,2017-08-04,0,4.133778771252714e-05,1.0
0000882291,AEMD,2017-08-07,0,4.133778771252714e-05,1.0
0000882291,AEMD,2017-08-08,0,4.133778771252714e-05,1.0
0000882291,AEMD,2017-08-09,0,4.133778771252714e-05,1.0
0000882291,AEMD,2017-08-10,0,4.133778771252714e-05,1.0
0000882291,AEMD,2017-08-11,0,4.646884144448298e-05,1.0
0000882291,AEMD,2017-08-14,0,2.57483415172074e-05,1.0
0000882291,AEMD,2017-08-15,0,2.57483415172074e-05,1.0
0000882291,AEMD,2017-08-16,0,2.57483415172074e-05,1.0
0000882291,AEMD,2017-08-17,0,2.57483415172074e-05,1.0
0000882291,AEMD,2017-08-18,0,2.57483415172074e-05,1.0
0000882291,AEMD,2017-08-21,0,2.57483415172074e-05,1.0
0000882291,AEMD,2017-08-22,0,2.57483415172074e-05,1.0
0000882291,AEMD,2017-08-23,0,2.57483415172074e-05,1.0
0000882291,AEMD,2017-08-24,0,2.57483415172074e-05,1.0
0000882291,AEMD,2017-08-25,0,2.57483415172074e-05,1.0
0000882291,AEMD,2017-08-28,0,2.57483415172074e-05,1.0
0000882291,AEMD,2017-08-29,0,2.57483415172074e-05,1.0
0000882291,AEMD,2017-08-30,0,2.57483415172074e-05,1.0
0000882291,AEMD,2017-08-31,0,1.312792801032384e-05,1.0
0000882291,AEMD,2017-09-01,0,1.312792801032384e-05,1.0
0000882291,AEMD,2017-09-04,0,1.312792801032384e-05,1.0
0000882291,AEMD,2017-09-05,0,1.312792801032384e-05,1.0
0000882291,AEMD,2017-09-06,0,1.312792801032384e-05,1.0
0000882291,AEMD,2017-09-07,0,1.312792801032384e-05,1.0
0000882291,AEMD,2017-09-08,0,1.312792801032384e-05,1.0
0000882291,AEMD,2017-09-11,0,1.1376807240982618e-05,1.0
0000882291,AEMD,2017-09-12,0,1.1376807240982618e-05,1.0
0000882291,AEMD,2017-09-13,0,1.1376807240982618e-05,1.0
0000882291,AEMD,2017-09-14,0,1.1376807240982618e-05,1.0
0000882291,AEMD,2017-09-15,0,1.1376807240982618e-05,1.0
0000882291,AEMD,2017-09-18,0,0.00031187705821377257,1.0
0000882291,AEMD,2017-09-19,0,0.00031187705821377257,1.0
0000882291,AEMD,2017-09-20,0,0.00031187705821377257,1.0
0000882291,AEMD,2017-09-21,0,0.00031187705821377257,1.0
0000882291,AEMD,2017-09-22,0,0.00031187705821377257,1.0
0000882291,AEMD,2017-09-25,0,0.00031187705821377257,1.0
0000882291,AEMD,2017-09-26,0,0.00031187705821377257,1.0
0000882291,AEMD,2017-09-27,0,4.068577802623234e-05,1.0
0000882291,AEMD,2017-09-28,0,4.068577802623234e-05,1.0
0000882291,AEMD,2017-09-29,0,4.068577802623234e-05,1.0
0000882291,AEMD,2017-10-02,0,4.068577802623234e-05,1.0
0000882291,AEMD,2017-10-03,0,4.068577802623234e-05,1.0
0000882291,AEMD,2017-10-04,0,4.089328159890207e-05,1.0
0000882291,AEMD,2017-10-05,0,4.089328159890207e-05,1.0
0000882291,AEMD,2017-10-06,0,4.089328159890207e-05,1.0
0000882291,AEMD,2017-10-09,0,4.089328159890207e-05,1.0
0000882291,AEMD,2017-10-10,0,4.089328159890207e-05,1.0
0000882291,AEMD,2017-10-11,0,4.089328159890207e-05,1.0
0000882291,AEMD,2017-10-12,0,4.089328159890207e-05,1.0
0000882291,AEMD,2017-10-13,0,4.089328159890207e-05,1.0
0000882291,AEMD,2017-10-16,0,4.089328159890207e-05,1.0
0000882291,AEMD,2017-10-17,0,4.089328159890207e-05,1.0
0000882291,AEMD,2017-10-18,0,2.0412723899111987e-05,1.0
0000882291,AEMD,2017-10-19,0,2.0412723899111987e-05,1.0
0000882291,AEMD,2017-10-20,0,2.0412723899111987e-05,1.0
0000882291,AEMD,2017-10-23,0,2.0412723899111987e-05,1.0
0000882291,AEMD,2017-10-24,0,2.0412723899111987e-05,1.0
0000882291,AEMD,2017-10-25,0,2.0412723899111987e-05,1.0
0000882291,AEMD,2017-10-26,0,2.0412723899111987e-05,1.0
0000882291,AEMD,2017-10-27,0,2.0412723899111987e-05,1.0
0000882291,AEMD,2017-10-30,0,2.2744528415401715e-06,1.0
0000882291,AEMD,2017-10-31,0,2.2744528415401715e-06,1.0
0000882291,AEMD,2017-11-01,0,2.2744528415401715e-06,1.0
0000882291,AEMD,2017-11-02,0,2.2744528415401715e-06,1.0
0000882291,AEMD,2017-11-03,0,2.5915055034412663e-06,1.0
0000882291,AEMD,2017-11-06,0,2.5915055034412663e-06,1.0
0000882291,AEMD,2017-11-07,0,2.5915055034412663e-06,1.0
0000882291,AEMD,2017-11-08,0,2.5915055034412663e-06,1.0
0000882291,AEMD,2017-11-09,0,2.3658417420194223e-06,1.0
0000882291,AEMD,2017-11-10,0,2.3658417420194223e-06,1.0
0000882291,AEMD,2017-11-13,0,2.3658417420194223e-06,1.0
0000882291,AEMD,2017-11-14,0,2.3658417420194223e-06,1.0
0000882291,AEMD,2017-11-15,0,2.3658417420194223e-06,1.0
0000882291,AEMD,2017-11-16,0,2.3658417420194223e-06,1.0
0000882291,AEMD,2017-11-17,0,2.3658417420194223e-06,1.0
0000882291,AEMD,2017-11-20,0,2.3658417420194223e-06,1.0
0000882291,AEMD,2017-11-21,0,2.3658417420194223e-06,1.0
0000882291,AEMD,2017-11-22,0,2.3658417420194223e-06,1.0
0000882291,AEMD,2017-11-23,0,2.3658417420194223e-06,1.0
0000882291,AEMD,2017-11-24,0,2.3658417420194223e-06,1.0
0000882291,AEMD,2017-11-27,0,2.3658417420194223e-06,1.0
0000882291,AEMD,2017-11-28,0,2.3658417420194223e-06,1.0
0000882291,AEMD,2017-11-29,0,2.3658417420194223e-06,1.0
0000882291,AEMD,2017-11-30,0,2.3658417420194223e-06,1.0
0000882291,AEMD,2017-12-01,0,2.3658417420194223e-06,1.0
0000882291,AEMD,2017-12-04,0,2.0393882593219612e-06,1.0
0000882291,AEMD,2017-12-05,0,2.0393882593219612e-06,1.0
0000882291,AEMD,2017-12-06,0,2.0393882593219612e-06,1.0
0000882291,AEMD,2017-12-07,0,2.0393882593219612e-06,1.0
0000882291,AEMD,2017-12-08,0,2.0393882593219612e-06,1.0
0000882291,AEMD,2017-12-11,0,2.0393882593219612e-06,1.0
0000882291,AEMD,2017-12-12,0,2.0393882593219612e-06,1.0
0000882291,AEMD,2017-12-13,0,2.0393882593219612e-06,1.0
0000882291,AEMD,2017-12-14,0,2.0393882593219612e-06,1.0
0000882291,AEMD,2017-12-15,0,2.0393882593219612e-06,1.0
0000882291,AEMD,2017-12-18,0,2.048020160821477e-07,1.0
0000882291,AEMD,2017-12-19,0,2.048020160821477e-07,1.0
0000882291,AEMD,2017-12-20,0,2.048020160821477e-07,1.0
0000882291,AEMD,2017-12-21,0,2.048020160821477e-07,1.0
0000882291,AEMD,2017-12-22,0,2.048020160821477e-07,1.0
0000882291,AEMD,2017-12-25,0,2.048020160821477e-07,1.0
0000882291,AEMD,2017-12-26,0,1.54410255304422e-07,1.0
0000882291,AEMD,2017-12-27,0,1.54410255304422e-07,1.0
0000882291,AEMD,2017-12-28,0,1.54410255304422e-07,1.0
0000882291,AEMD,2017-12-29,0,1.54410255304422e-07,1.0
0000882291,AEMD,2018-01-01,0,1.54410255304422e-07,1.0
0000882291,AEMD,2018-01-02,0,1.537998304897591e-07,1.0
0000882291,AEMD,2018-01-03,0,1.537998304897591e-07,1.0
0000882291,AEMD,2018-01-04,0,1.537998304897591e-07,1.0
0000882291,AEMD,2018-01-05,0,1.537998304897591e-07,1.0
0000882291,AEMD,2018-01-08,0,1.537998304897591e-07,1.0
0000882291,AEMD,2018-01-09,0,1.537998304897591e-07,1.0
0000882291,AEMD,2018-01-10,0,7.406721640701785e-08,1.0
0000882291,AEMD,2018-01-11,0,7.406721640701785e-08,1.0
0000882291,AEMD,2018-01-12,0,7.406721640701785e-08,1.0
0000882291,AEMD,2018-01-15,0,7.406721640701785e-08,1.0
0000882291,AEMD,2018-01-16,0,7.406721640701785e-08,1.0
0000882291,AEMD,2018-01-17,0,7.406721640701785e-08,1.0
0000882291,AEMD,2018-01-18,0,7.406721640701785e-08,1.0
0000882291,AEMD,2018-01-19,0,7.406721640701785e-08,1.0
0000882291,AEMD,2018-01-22,0,7.406721640701785e-08,1.0
0000882291,AEMD,2018-01-23,0,7.406721640701785e-08,1.0
0000882291,AEMD,2018-01-24,0,7.406721640701785e-08,1.0
0000882291,AEMD,2018-01-25,0,7.406721640701785e-08,1.0
0000882291,AEMD,2018-01-26,0,7.406721640701785e-08,1.0
0000882291,AEMD,2018-01-29,0,6.450368936295623e-08,1.0
0000882291,AEMD,2018-01-30,0,6.450368936295623e-08,1.0
0000882291,AEMD,2018-01-31,0,6.450368936295623e-08,1.0
0000882291,AEMD,2018-02-01,0,8.304159131698285e-08,1.0
0000882291,AEMD,2018-02-02,0,7.320895898115124e-08,1.0
0000882291,AEMD,2018-02-05,0,7.320895898115124e-08,1.0
0000882291,AEMD,2018-02-06,0,7.320895898115124e-08,1.0
0000882291,AEMD,2018-02-07,0,7.420653616622574e-08,1.0
0000882291,AEMD,2018-02-08,0,7.420653616622574e-08,1.0
0000882291,AEMD,2018-02-09,0,1.076303481094388e-07,1.0
0000882291,AEMD,2018-02-12,0,1.076303481094388e-07,1.0
0000882291,AEMD,2018-02-13,0,1.076303481094388e-07,1.0
0000882291,AEMD,2018-02-14,0,1.076303481094388e-07,1.0
0000882291,AEMD,2018-02-15,0,1.076303481094388e-07,1.0
0000882291,AEMD,2018-02-16,0,1.076303481094388e-07,1.0
0000882291,AEMD,2018-02-19,0,3.90032203272721e-06,1.0
0000882291,AEMD,2018-02-20,0,3.90032203272721e-06,1.0
0000882291,AEMD,2018-02-21,0,3.90032203272721e-06,1.0
0000882291,AEMD,2018-02-22,0,3.90032203272721e-06,1.0
0000882291,AEMD,2018-02-23,0,3.90032203272721e-06,1.0
0000882291,AEMD,2018-02-26,0,3.90032203272721e-06,1.0
0000882291,AEMD,2018-02-27,0,3.90032203272721e-06,1.0
0000882291,AEMD,2018-02-28,0,3.90032203272721e-06,1.0
0000882291,AEMD,2018-03-01,0,3.90032203272721e-06,1.0
0000882291,AEMD,2018-03-02,0,3.90032203272721e-06,1.0
0000882291,AEMD,2018-03-05,0,3.7312623912437932e-06,1.0
0000882291,AEMD,2018-03-06,0,3.7312623912437932e-06,1.0
0000882291,AEMD,2018-03-07,0,3.7312623912437932e-06,1.0
0000882291,AEMD,2018-03-08,0,3.7312623912437932e-06,1.0
0000882291,AEMD,2018-03-09,0,3.7312623912437932e-06,1.0
0000882291,AEMD,2018-03-12,0,3.7312623912437932e-06,1.0
0000882291,AEMD,2018-03-13,0,3.7312623912437932e-06,1.0
0000882291,AEMD,2018-03-14,0,3.7312623912437932e-06,1.0
0000882291,AEMD,2018-03-15,0,3.7312623912437932e-06,1.0
0000882291,AEMD,2018-03-16,0,3.7312623912437932e-06,1.0
0000882291,AEMD,2018-03-19,0,3.4640713153107627e-06,1.0
0000882291,AEMD,2018-03-20,0,3.4640713153107627e-06,1.0
0000882291,AEMD,2018-03-21,0,3.4640713153107627e-06,1.0
0000882291,AEMD,2018-03-22,0,4.414174288382878e-06,1.0
0000882291,AEMD,2018-03-23,0,4.414174288382878e-06,1.0
0000882291,AEMD,2018-03-26,0,4.414174288382878e-06,1.0
0000882291,AEMD,2018-03-27,0,4.414174288382878e-06,1.0
0000882291,AEMD,2018-03-28,0,4.414174288382878e-06,1.0
0000882291,AEMD,2018-03-29,0,4.414174288382878e-06,1.0
0000882291,AEMD,2018-03-30,0,4.414174288382878e-06,1.0
0000882291,AEMD,2018-04-02,0,4.4167725778909784e-06,1.0
0000882291,AEMD,2018-04-03,0,4.4167725778909784e-06,1.0
0000882291,AEMD,2018-04-04,0,4.4167725778909784e-06,1.0
0000882291,AEMD,2018-04-05,0,4.4167725778909784e-06,1.0
0000882291,AEMD,2018-04-06,0,4.4167725778909784e-06,1.0
0000882291,AEMD,2018-04-09,0,4.4167725778909784e-06,1.0
0000882291,AEMD,2018-04-10,0,4.4167725778909784e-06,1.0
0000882291,AEMD,2018-04-11,0,4.500689186371826e-06,1.0
0000882291,AEMD,2018-04-12,0,4.500689186371826e-06,1.0
0000882291,AEMD,2018-04-13,0,4.500689186371826e-06,1.0
0000882291,AEMD,2018-04-16,0,4.500689186371826e-06,1.0
0000882291,AEMD,2018-04-17,0,4.500689186371826e-06,1.0
0000882291,AEMD,2018-04-18,0,4.500689186371826e-06,1.0
0000882291,AEMD,2018-04-19,0,4.500689186371826e-06,1.0
0000882291,AEMD,2018-04-20,0,4.500689186371826e-06,1.0
0000882291,AEMD,2018-04-23,0,4.500689186371826e-06,1.0
0000882291,AEMD,2018-04-24,0,4.500689186371826e-06,1.0
0000882291,AEMD,2018-04-25,0,4.500689186371826e-06,1.0
0000882291,AEMD,2018-04-26,0,4.500689186371826e-06,1.0
0000882291,AEMD,2018-04-27,0,4.500689186371826e-06,1.0
0000882291,AEMD,2018-04-30,0,4.500689186371826e-06,1.0
0000882291,AEMD,2018-05-01,0,4.500689186371826e-06,1.0
0000882291,AEMD,2018-05-02,0,4.570077945725582e-06,1.0
0000882291,AEMD,2018-05-03,0,4.570077945725582e-06,1.0
0000882291,AEMD,2018-05-04,0,4.139202579628989e-06,1.0
0000882291,AEMD,2018-05-07,0,4.139202579628989e-06,1.0
0000882291,AEMD,2018-05-08,0,4.139202579628989e-06,1.0
0000882291,AEMD,2018-05-09,0,4.139202579628989e-06,1.0
0000882291,AEMD,2018-05-10,0,4.139202579628989e-06,1.0
0000882291,AEMD,2018-05-11,0,4.139202579628989e-06,1.0
0000882291,AEMD,2018-05-14,0,4.139202579628989e-06,1.0
0000882291,AEMD,2018-05-15,0,4.139202579628989e-06,1.0
0000882291,AEMD,2018-05-16,0,4.139202579628989e-06,1.0
0000882291,AEMD,2018-05-17,0,4.139202579628989e-06,1.0
0000882291,AEMD,2018-05-18,0,4.139202579628989e-06,1.0
0000882291,AEMD,2018-05-21,0,3.4133222561075996e-07,1.0
0000882291,AEMD,2018-05-22,0,3.4133222561075996e-07,1.0
0000882291,AEMD,2018-05-23,0,3.4133222561075996e-07,1.0
0000882291,AEMD,2018-05-24,0,3.4133222561075996e-07,1.0
0000882291,AEMD,2018-05-25,0,3.4133222561075996e-07,1.0
0000882291,AEMD,2018-05-28,0,3.4133222561075996e-07,1.0
0000882291,AEMD,2018-05-29,0,3.4133222561075996e-07,1.0
0000882291,AEMD,2018-05-30,0,3.4133222561075996e-07,1.0
0000882291,AEMD,2018-05-31,0,3.4133222561075996e-07,1.0
0000882291,AEMD,2018-06-01,0,3.4133222561075996e-07,1.0
0000882291,AEMD,2018-06-04,0,3.4133222561075996e-07,1.0
0000882291,AEMD,2018-06-05,0,3.4133222561075996e-07,1.0
0000882291,AEMD,2018-06-06,0,3.4133222561075996e-07,1.0
0000882291,AEMD,2018-06-07,0,3.4133222561075996e-07,1.0
0000882291,AEMD,2018-06-08,0,3.4133222561075996e-07,1.0
0000882291,AEMD,2018-06-11,0,5.160115660494479e-07,1.0
0000882291,AEMD,2018-06-12,0,5.160115660494479e-07,1.0
0000882291,AEMD,2018-06-13,0,5.160115660494479e-07,1.0
0000882291,AEMD,2018-06-14,0,5.160115660494479e-07,1.0
0000882291,AEMD,2018-06-15,0,5.160115660494479e-07,1.0
0000882291,AEMD,2018-06-18,0,5.160115660494479e-07,1.0
0000882291,AEMD,2018-06-19,0,5.160115660494479e-07,1.0
0000882291,AEMD,2018-06-20,0,5.160115660494479e-07,1.0
0000882291,AEMD,2018-06-21,0,5.160115660494479e-07,1.0
0000882291,AEMD,2018-06-22,0,5.160115660494479e-07,1.0
0000882291,AEMD,2018-06-25,0,4.601475100471258e-07,1.0
0000882291,AEMD,2018-06-26,0,4.601475100471258e-07,1.0
0000882291,AEMD,2018-06-27,0,4.601475100471258e-07,1.0
0000882291,AEMD,2018-06-28,0,4.601475100471258e-07,1.0
0000882291,AEMD,2018-06-29,0,4.601475100471258e-07,1.0
0000882291,AEMD,2018-07-02,0,4.601475100471258e-07,1.0
0000882291,AEMD,2018-07-03,0,4.601475100471258e-07,1.0
0000882291,AEMD,2018-07-04,0,4.601475100471258e-07,1.0
0000882291,AEMD,2018-07-05,0,4.601475100471258e-07,1.0
0000882291,AEMD,2018-07-06,0,4.601475100471258e-07,1.0
0000882291,AEMD,2018-07-09,0,4.601475100471258e-07,1.0
0000882291,AEMD,2018-07-10,0,4.777153126644385e-07,1.0
0000882291,AEMD,2018-07-11,0,1.2731510429950393e-06,1.0
0000882291,AEMD,2018-07-12,0,1.2731510429950393e-06,1.0
0000882291,AEMD,2018-07-13,0,1.2731510429950393e-06,1.0
0000882291,AEMD,2018-07-16,0,1.2731510429950393e-06,1.0
0000882291,AEMD,2018-07-17,0,1.2731510429950393e-06,1.0
0000882291,AEMD,2018-07-18,0,1.2731510429950393e-06,1.0
0000882291,AEMD,2018-07-19,0,1.2731510429950393e-06,1.0
0000882291,AEMD,2018-07-20,0,1.2731510429950393e-06,1.0
0000882291,AEMD,2018-07-23,0,1.2731510429950393e-06,1.0
0000882291,AEMD,2018-07-24,0,1.2731510429950393e-06,1.0
0000882291,AEMD,2018-07-25,0,1.8465976588267076e-06,1.0
0000882291,AEMD,2018-07-26,0,1.8465976588267076e-06,1.0
0000882291,AEMD,2018-07-27,0,1.8465976588267076e-06,1.0
0000882291,AEMD,2018-07-30,0,1.8465976588267076e-06,1.0
0000882291,AEMD,2018-07-31,0,1.8465976588267076e-06,1.0
0000882291,AEMD,2018-08-01,0,1.8465976588267076e-06,1.0
0000882291,AEMD,2018-08-02,0,1.8739643387098426e-06,1.0
0000882291,AEMD,2018-08-03,0,1.8739643387098426e-06,1.0
0000882291,AEMD,2018-08-06,0,1.8739643387098426e-06,1.0
0000882291,AEMD,2018-08-07,0,1.8739643387098426e-06,1.0
0000882291,AEMD,2018-08-08,0,1.8739643387098426e-06,1.0
0000882291,AEMD,2018-08-09,0,1.4532793327355978e-06,1.0
0000882291,AEMD,2018-08-10,0,1.4532793327355978e-06,1.0
0000882291,AEMD,2018-08-13,0,1.4532793327355978e-06,1.0
0000882291,AEMD,2018-08-14,0,1.4532793327355978e-06,1.0
0000882291,AEMD,2018-08-15,0,1.4532793327355978e-06,1.0
0000882291,AEMD,2018-08-16,0,1.4532793327355978e-06,1.0
0000882291,AEMD,2018-08-17,0,1.4532793327355978e-06,1.0
0000882291,AEMD,2018-08-20,0,6.700225344186619e-07,1.0
0000882291,AEMD,2018-08-21,0,6.700225344186619e-07,1.0
0000882291,AEMD,2018-08-22,0,6.700225344186619e-07,1.0
0000882291,AEMD,2018-08-23,0,6.700225344186619e-07,1.0
0000882291,AEMD,2018-08-24,0,6.700225344186619e-07,1.0
0000882291,AEMD,2018-08-27,0,6.700225344186619e-07,1.0
0000882291,AEMD,2018-08-28,0,6.700225344186619e-07,1.0
0000882291,AEMD,2018-08-29,0,6.700225344186619e-07,1.0
0000882291,AEMD,2018-08-30,0,6.700225344186619e-07,1.0
0000882291,AEMD,2018-08-31,0,6.700225344186619e-07,1.0
0000882291,AEMD,2018-09-03,0,6.700225344186619e-07,1.0
0000882291,AEMD,2018-09-04,0,6.700225344186619e-07,1.0
0000882291,AEMD,2018-09-05,0,6.700225344186619e-07,1.0
0000882291,AEMD,2018-09-06,0,6.700225344186619e-07,1.0
0000882291,AEMD,2018-09-07,0,6.700225344186619e-07,1.0
0000882291,AEMD,2018-09-10,0,1.0282836965268801e-07,1.0
0000882291,AEMD,2018-09-11,0,1.0282836965268801e-07,1.0
0000882291,AEMD,2018-09-12,0,1.0282836965268801e-07,1.0
0000882291,AEMD,2018-09-13,0,1.0282836965268801e-07,1.0
0000882291,AEMD,2018-09-14,0,1.0282836965268801e-07,1.0
0000882291,AEMD,2018-09-17,0,1.0282836965268801e-07,1.0
0000882291,AEMD,2018-09-18,0,1.0282836965268801e-07,1.0
0000882291,AEMD,2018-09-19,0,1.0282836965268801e-07,1.0
0000882291,AEMD,2018-09-20,0,1.0282836965268801e-07,1.0
0000882291,AEMD,2018-09-21,0,1.0282836965268801e-07,1.0
0000882291,AEMD,2018-09-24,0,1.0478206906038497e-07,1.0
0000882291,AEMD,2018-09-25,0,1.0478206906038497e-07,1.0
0000882291,AEMD,2018-09-26,0,1.0478206906038497e-07,1.0
0000882291,AEMD,2018-09-27,0,1.0478206906038497e-07,1.0
0000882291,AEMD,2018-09-28,0,1.0478206906038497e-07,1.0
0000882291,AEMD,2018-10-01,0,1.0478206906038497e-07,1.0
0000882291,AEMD,2018-10-02,0,1.0478206906038497e-07,1.0
0000882291,AEMD,2018-10-03,0,1.0478206906038497e-07,1.0
0000882291,AEMD,2018-10-04,0,1.0478206906038497e-07,1.0
0000882291,AEMD,2018-10-05,0,1.0478206906038497e-07,1.0
0000882291,AEMD,2018-10-08,0,1.0478206906038497e-07,1.0
0000882291,AEMD,2018-10-09,0,1.0478206906038497e-07,1.0
0000882291,AEMD,2018-10-10,0,1.0478206906038497e-07,1.0
0000882291,AEMD,2018-10-11,0,1.0478206906038497e-07,1.0
0000882291,AEMD,2018-10-12,0,1.0478206906038497e-07,1.0
0000882291,AEMD,2018-10-15,0,1.0478206906038497e-07,1.0
0000882291,AEMD,2018-10-16,0,1.0478206906038497e-07,1.0
0000882291,AEMD,2018-10-17,0,1.0478206906038497e-07,1.0
0000882291,AEMD,2018-10-18,0,1.0478206906038497e-07,1.0
0000882291,AEMD,2018-10-19,0,1.0478206906038497e-07,1.0
0000882291,AEMD,2018-10-22,0,1.0478206906038497e-07,1.0
0000882291,AEMD,2018-10-23,0,1.0478206906038497e-07,1.0
0000882291,AEMD,2018-10-24,0,1.0478206906038497e-07,1.0
0000882291,AEMD,2018-10-25,0,1.0478206906038497e-07,1.0
0000882291,AEMD,2018-10-26,0,1.0478206906038497e-07,1.0
0000882291,AEMD,2018-10-29,0,1.0478206906038497e-07,1.0
0000882291,AEMD,2018-10-30,0,1.0478206906038497e-07,1.0
0000882291,AEMD,2018-10-31,0,1.0478206906038497e-07,1.0
0000882291,AEMD,2018-11-01,0,1.0478206906038497e-07,1.0
0000882291,AEMD,2018-11-02,0,1.0478206906038497e-07,1.0
0000882291,AEMD,2018-11-05,0,1.0478206906038497e-07,1.0
0000882291,AEMD,2018-11-06,0,1.0478206906038497e-07,1.0
0000882291,AEMD,2018-11-07,0,1.6685590512111946e-07,1.0
0000882291,AEMD,2018-11-08,0,1.6685590512111946e-07,1.0
0000882291,AEMD,2018-11-09,0,1.6685590512111946e-07,1.0
0000882291,AEMD,2018-11-12,0,1.6685590512111946e-07,1.0
0000882291,AEMD,2018-11-13,0,1.6685590512111946e-07,1.0
0000882291,AEMD,2018-11-14,0,1.6685590512111946e-07,1.0
0000882291,AEMD,2018-11-15,0,1.6685590512111946e-07,1.0
0000882291,AEMD,2018-11-16,0,1.6685590512111946e-07,1.0
0000882291,AEMD,2018-11-19,0,1.6685590512111946e-07,1.0
0000882291,AEMD,2018-11-20,0,1.6685590512111946e-07,1.0
0000882291,AEMD,2018-11-21,0,1.6685590512111946e-07,1.0
0000882291,AEMD,2018-11-22,0,1.6685590512111946e-07,1.0
0000882291,AEMD,2018-11-23,0,1.6685590512111946e-07,1.0
0000882291,AEMD,2018-11-26,0,1.6685590512111946e-07,1.0
0000882291,AEMD,2018-11-27,0,1.6685590512111946e-07,1.0
0000882291,AEMD,2018-11-28,0,1.6685590512111946e-07,1.0
0000882291,AEMD,2018-11-29,0,1.6685590512111946e-07,1.0
0000882291,AEMD,2018-11-30,0,1.6685590512111946e-07,1.0
0000882291,AEMD,2018-12-03,0,1.6685590512111946e-07,1.0
0000882291,AEMD,2018-12-04,0,1.6685590512111946e-07,1.0
0000882291,AEMD,2018-12-05,0,1.6685590512111946e-07,1.0
0000882291,AEMD,2018-12-06,0,1.6685590512111946e-07,1.0
0000882291,AEMD,2018-12-07,0,1.4562777128909515e-07,1.0
0000882291,AEMD,2018-12-10,0,3.804609759558341e-07,1.0
0000882291,AEMD,2018-12-11,0,3.804609759558341e-07,1.0
0000882291,AEMD,2018-12-12,0,3.804609759558341e-07,1.0
0000882291,AEMD,2018-12-13,0,3.068132402060439e-08,1.0
0000882291,AEMD,2018-12-14,0,3.068132402060439e-08,1.0
0000882291,AEMD,2018-12-17,0,3.068132402060439e-08,1.0
0000882291,AEMD,2018-12-18,0,3.068132402060439e-08,1.0
0000882291,AEMD,2018-12-19,0,3.068132402060439e-08,1.0
0000882291,AEMD,2018-12-20,0,3.068132402060439e-08,1.0
0000882291,AEMD,2018-12-21,0,3.068132402060439e-08,1.0
0000882291,AEMD,2018-12-24,0,3.185269553296613e-08,1.0
0000882291,AEMD,2018-12-25,0,3.185269553296613e-08,1.0
0000882291,AEMD,2018-12-26,0,3.185269553296613e-08,1.0
0000882291,AEMD,2018-12-27,0,3.185269553296613e-08,1.0
0000882291,AEMD,2018-12-28,0,3.185269553296613e-08,1.0
0000882291,AEMD,2018-12-31,0,3.185269553296613e-08,1.0
0000882291,AEMD,2019-01-01,0,3.185269553296613e-08,1.0
0000882291,AEMD,2019-01-02,0,3.185269553296613e-08,1.0
0000882291,AEMD,2019-01-03,0,3.185269553296613e-08,1.0
0000882291,AEMD,2019-01-04,0,3.185269553296613e-08,1.0
0000882291,AEMD,2019-01-07,0,3.185269553296613e-08,1.0
0000882291,AEMD,2019-01-08,0,3.185269553296613e-08,1.0
0000882291,AEMD,2019-01-09,0,3.185269553296613e-08,1.0
0000882291,AEMD,2019-01-10,0,3.185269553296613e-08,1.0
0000882291,AEMD,2019-01-11,0,3.185269553296613e-08,1.0
0000882291,AEMD,2019-01-14,0,6.82539391594379e-08,1.0
0000882291,AEMD,2019-01-15,0,6.82539391594379e-08,1.0
0000882291,AEMD,2019-01-16,0,6.82539391594379e-08,1.0
0000882291,AEMD,2019-01-17,0,6.82539391594379e-08,1.0
0000882291,AEMD,2019-01-18,0,6.82539391594379e-08,1.0
0000882291,AEMD,2019-01-21,0,6.82539391594379e-08,1.0
0000882291,AEMD,2019-01-22,0,6.82539391594379e-08,1.0
0000882291,AEMD,2019-01-23,0,6.82539391594379e-08,1.0
0000882291,AEMD,2019-01-24,0,6.82539391594379e-08,1.0
0000882291,AEMD,2019-01-25,0,6.82539391594379e-08,1.0
0000882291,AEMD,2019-01-28,0,6.82539391594379e-08,1.0
0000882291,AEMD,2019-01-29,0,6.82539391594379e-08,1.0
0000882291,AEMD,2019-01-30,0,6.82539391594379e-08,1.0
0000882291,AEMD,2019-01-31,0,6.82539391594379e-08,1.0
0000882291,AEMD,2019-02-01,0,6.82539391594379e-08,1.0
0000882291,AEMD,2019-02-04,0,6.82539391594379e-08,1.0
0000882291,AEMD,2019-02-05,0,9.456507694089703e-08,1.0
0000882291,AEMD,2019-02-06,0,9.456507694089703e-08,1.0
0000882291,AEMD,2019-02-07,0,9.456507694089703e-08,1.0
0000882291,AEMD,2019-02-08,0,9.456507694089703e-08,1.0
0000882291,AEMD,2019-02-11,0,9.456507694089703e-08,1.0
0000882291,AEMD,2019-02-12,0,8.045135348086084e-08,1.0
0000882291,AEMD,2019-02-13,0,8.045135348086084e-08,1.0
0000882291,AEMD,2019-02-14,0,8.045135348086084e-08,1.0
0000882291,AEMD,2019-02-15,0,8.045135348086084e-08,1.0
0000882291,AEMD,2019-02-18,0,8.045135348086084e-08,1.0
0000882291,AEMD,2019-02-19,0,8.045135348086084e-08,1.0
0000882291,AEMD,2019-02-20,0,8.045135348086084e-08,1.0
0000882291,AEMD,2019-02-21,0,8.045135348086084e-08,1.0
0000882291,AEMD,2019-02-22,0,8.186566813228497e-08,1.0
0000882291,AEMD,2019-02-25,0,8.186566813228497e-08,1.0
0000882291,AEMD,2019-02-26,0,8.186566813228497e-08,1.0
0000882291,AEMD,2019-02-27,0,8.186566813228497e-08,1.0
0000882291,AEMD,2019-02-28,0,8.186566813228497e-08,1.0
0000882291,AEMD,2019-03-01,0,8.186566813228497e-08,1.0
0000882291,AEMD,2019-03-04,0,8.186566813228497e-08,1.0
0000882291,AEMD,2019-03-05,0,8.186566813228497e-08,1.0
0000882291,AEMD,2019-03-06,0,8.186566813228497e-08,1.0
0000882291,AEMD,2019-03-07,0,8.186566813228497e-08,1.0
0000882291,AEMD,2019-03-08,0,8.186566813228497e-08,1.0
0000882291,AEMD,2019-03-11,0,8.186566813228497e-08,1.0
0000882291,AEMD,2019-03-12,0,8.186566813228497e-08,1.0
0000882291,AEMD,2019-03-13,0,8.186566813228497e-08,1.0
0000882291,AEMD,2019-03-14,0,8.427937099168026e-08,1.0
0000882291,AEMD,2019-03-15,0,7.368747801377754e-08,1.0
0000882291,AEMD,2019-03-18,0,7.368747801377754e-08,1.0
0000882291,AEMD,2019-03-19,0,7.368747801377754e-08,1.0
0000882291,AEMD,2019-03-20,0,7.368747801377754e-08,1.0
0000882291,AEMD,2019-03-21,0,7.368747801377754e-08,1.0
0000882291,AEMD,2019-03-22,0,7.368747801377754e-08,1.0
0000882291,AEMD,2019-03-25,0,2.742975316679069e-07,1.0
0000882291,AEMD,2019-03-26,0,2.742975316679069e-07,1.0
0000882291,AEMD,2019-03-27,0,2.742975316679069e-07,1.0
0000882291,AEMD,2019-03-28,0,2.742975316679069e-07,1.0
0000882291,AEMD,2019-03-29,0,2.742975316679069e-07,1.0
0000882291,AEMD,2019-04-01,0,2.742975316679069e-07,1.0
0000882291,AEMD,2019-04-02,0,2.742975316679069e-07,1.0
0000882291,AEMD,2019-04-03,0,2.742975316679069e-07,1.0
0000882291,AEMD,2019-04-04,0,2.742975316679069e-07,1.0
0000882291,AEMD,2019-04-05,0,2.742975316679069e-07,1.0
0000882291,AEMD,2019-04-08,0,2.742975316679069e-07,1.0
0000882291,AEMD,2019-04-09,0,2.742975316679069e-07,1.0
0000882291,AEMD,2019-04-10,0,2.742975316679069e-07,1.0
0000882291,AEMD,2019-04-11,0,2.742975316679069e-07,1.0
0000882291,AEMD,2019-04-12,0,2.742975316679069e-07,1.0
0000882291,AEMD,2019-04-15,0,2.742975316679069e-07,1.0
0000882291,AEMD,2019-04-16,0,2.742975316679069e-07,1.0
0000882291,AEMD,2019-04-17,0,2.742975316679069e-07,1.0
0000882291,AEMD,2019-04-18,0,2.742975316679069e-07,1.0
0000882291,AEMD,2019-04-19,0,2.742975316679069e-07,1.0
0000882291,AEMD,2019-04-22,0,2.742975316679069e-07,1.0
0000882291,AEMD,2019-04-23,0,2.742975316679069e-07,1.0
0000882291,AEMD,2019-04-24,0,2.742975316679069e-07,1.0
0000882291,AEMD,2019-04-25,0,2.742975316679069e-07,1.0
0000882291,AEMD,2019-04-26,0,2.742975316679069e-07,1.0
0000882291,AEMD,2019-04-29,0,2.742975316679069e-07,1.0
0000882291,AEMD,2019-04-30,0,2.742975316679069e-07,1.0
0000882291,AEMD,2019-05-01,0,2.742975316679069e-07,1.0
0000882291,AEMD,2019-05-02,0,2.742975316679069e-07,1.0
0000882291,AEMD,2019-05-03,0,2.742975316679069e-07,1.0
0000882291,AEMD,2019-05-06,0,2.742975316679069e-07,1.0
0000882291,AEMD,2019-05-07,0,2.773815551493524e-07,1.0
0000882291,AEMD,2019-05-08,0,2.773815551493524e-07,1.0
0000882291,AEMD,2019-05-09,0,1.8082640326130274e-07,1.0
0000882291,AEMD,2019-05-10,0,1.8082640326130274e-07,1.0
0000882291,AEMD,2019-05-13,0,2.9524610251949275e-08,1.0
0000882291,AEMD,2019-05-14,0,2.749280509549281e-08,1.0
0000882291,AEMD,2019-05-15,0,2.749280509549281e-08,1.0
0000882291,AEMD,2019-05-16,0,2.749280509549281e-08,1.0
0000882291,AEMD,2019-05-17,0,2.749280509549281e-08,1.0
0000882291,AEMD,2019-05-20,0,2.749280509549281e-08,1.0
0000882291,AEMD,2019-05-21,0,2.749280509549281e-08,1.0
0000882291,AEMD,2019-05-22,0,2.749280509549281e-08,1.0
0000882291,AEMD,2019-05-23,0,2.749280509549281e-08,1.0
0000882291,AEMD,2019-05-24,0,4.952577783058557e-09,1.0
0000882291,AEMD,2019-05-27,0,4.952577783058557e-09,1.0
0000882291,AEMD,2019-05-28,0,4.952577783058557e-09,1.0
0000882291,AEMD,2019-05-29,0,4.952577783058557e-09,1.0
0000882291,AEMD,2019-05-30,0,4.952577783058557e-09,1.0
0000882291,AEMD,2019-05-31,0,4.952577783058557e-09,1.0
0000882291,AEMD,2019-06-03,0,4.952577783058557e-09,1.0
0000882291,AEMD,2019-06-04,0,4.952577783058557e-09,1.0
0000882291,AEMD,2019-06-05,0,4.952577783058557e-09,1.0
0000882291,AEMD,2019-06-06,0,4.952577783058557e-09,1.0
0000882291,AEMD,2019-06-07,0,4.952577783058557e-09,1.0
0000882291,AEMD,2019-06-10,0,5.251344524568902e-09,1.0
0000882291,AEMD,2019-06-11,0,5.251344524568902e-09,1.0
0000882291,AEMD,2019-06-12,0,1.944463085968401e-08,1.0
0000882291,AEMD,2019-06-13,0,1.944463085968401e-08,1.0
0000882291,AEMD,2019-06-14,0,1.944463085968401e-08,1.0
0000882291,AEMD,2019-06-17,0,1.944463085968401e-08,1.0
0000882291,AEMD,2019-06-18,0,1.944463085968401e-08,1.0
0000882291,AEMD,2019-06-19,0,1.944463085968401e-08,1.0
0000882291,AEMD,2019-06-20,0,1.944463085968401e-08,1.0
0000882291,AEMD,2019-06-21,0,1.944463085968401e-08,1.0
0000882291,AEMD,2019-06-24,0,1.944463085968401e-08,1.0
0000882291,AEMD,2019-06-25,0,1.944463085968401e-08,1.0
0000882291,AEMD,2019-06-26,0,1.944463085968401e-08,1.0
0000882291,AEMD,2019-06-27,0,1.944463085968401e-08,1.0
0000882291,AEMD,2019-06-28,0,1.944463085968401e-08,1.0
0000882291,AEMD,2019-07-01,0,1.944463085968401e-08,1.0
0000882291,AEMD,2019-07-02,0,1.769748167035252e-08,1.0
0000882291,AEMD,2019-07-03,0,1.769748167035252e-08,1.0
0000882291,AEMD,2019-07-04,0,1.769748167035252e-08,1.0
0000882291,AEMD,2019-07-05,0,1.769748167035252e-08,1.0
0000882291,AEMD,2019-07-08,0,1.769748167035252e-08,1.0
0000882291,AEMD,2019-07-09,0,1.769748167035252e-08,1.0
0000882291,AEMD,2019-07-10,0,1.769748167035252e-08,1.0
0000882291,AEMD,2019-07-11,0,1.769748167035252e-08,1.0
0000882291,AEMD,2019-07-12,0,1.769748167035252e-08,1.0
0000882291,AEMD,2019-07-15,0,1.769748167035252e-08,1.0
0000882291,AEMD,2019-07-16,0,1.769748167035252e-08,1.0
0000882291,AEMD,2019-07-17,0,1.769748167035252e-08,1.0
0000882291,AEMD,2019-07-18,0,1.769748167035252e-08,1.0
0000882291,AEMD,2019-07-19,0,1.769748167035252e-08,1.0
0000882291,AEMD,2019-07-22,0,1.769748167035252e-08,1.0
0000882291,AEMD,2019-07-23,0,1.769748167035252e-08,1.0
0000882291,AEMD,2019-07-24,0,1.769748167035252e-08,1.0
0000882291,AEMD,2019-07-25,0,1.769748167035252e-08,1.0
0000882291,AEMD,2019-07-26,0,1.769748167035252e-08,1.0
0000882291,AEMD,2019-07-29,0,1.769748167035252e-08,1.0
0000882291,AEMD,2019-07-30,0,1.769748167035252e-08,1.0
0000882291,AEMD,2019-07-31,0,1.769748167035252e-08,1.0
0000882291,AEMD,2019-08-01,0,6.023814475722467e-08,1.0
0000882291,AEMD,2019-08-02,0,6.023814475722467e-08,1.0
0000882291,AEMD,2019-08-05,0,6.023814475722467e-08,1.0
0000882291,AEMD,2019-08-06,0,6.023814475722467e-08,1.0
0000882291,AEMD,2019-08-07,0,6.138264634990782e-08,1.0
0000882291,AEMD,2019-08-08,0,6.138264634990782e-08,1.0
0000882291,AEMD,2019-08-09,0,6.138264634990782e-08,1.0
0000882291,AEMD,2019-08-12,0,4.749965147773255e-08,1.0
0000882291,AEMD,2019-08-13,0,4.749965147773255e-08,1.0
0000882291,AEMD,2019-08-14,0,4.749965147773255e-08,1.0
0000882291,AEMD,2019-08-15,0,5.315947149480824e-08,1.0
0000882291,AEMD,2019-08-16,0,5.315947149480824e-08,1.0
0000882291,AEMD,2019-08-19,0,5.315947149480824e-08,1.0
0000882291,AEMD,2019-08-20,0,5.315947149480824e-08,1.0
0000882291,AEMD,2019-08-21,0,5.315947149480824e-08,1.0
0000882291,AEMD,2019-08-22,0,4.48799858498661e-08,1.0
0000882291,AEMD,2019-08-23,0,4.48799858498661e-08,1.0
0000882291,AEMD,2019-08-26,0,4.48799858498661e-08,1.0
0000882291,AEMD,2019-08-27,0,4.48799858498661e-08,1.0
0000882291,AEMD,2019-08-28,0,4.48799858498661e-08,1.0
0000882291,AEMD,2019-08-29,0,4.48799858498661e-08,1.0
0000882291,AEMD,2019-08-30,0,4.48799858498661e-08,1.0
0000882291,AEMD,2019-09-02,0,4.48799858498661e-08,1.0
0000882291,AEMD,2019-09-03,0,4.48799858498661e-08,1.0
0000882291,AEMD,2019-09-04,0,4.48799858498661e-08,1.0
0000882291,AEMD,2019-09-05,0,4.48799858498661e-08,1.0
0000882291,AEMD,2019-09-06,0,4.48799858498661e-08,1.0
0000882291,AEMD,2019-09-09,0,4.48799858498661e-08,1.0
0000882291,AEMD,2019-09-10,0,1.9254587870424828e-08,1.0
0000882291,AEMD,2019-09-11,0,2.041613053404792e-08,1.0
0000882291,AEMD,2019-09-12,0,2.041613053404792e-08,1.0
0000882291,AEMD,2019-09-13,0,2.041613053404792e-08,1.0
0000882291,AEMD,2019-09-16,0,1.6375708291290005e-08,1.0
0000882291,AEMD,2019-09-17,0,1.6375708291290005e-08,1.0
0000882291,AEMD,2019-09-18,0,1.6375708291290005e-08,1.0
0000882291,AEMD,2019-09-19,0,1.6375708291290005e-08,1.0
0000882291,AEMD,2019-09-20,0,1.6375708291290005e-08,1.0
0000882291,AEMD,2019-09-23,0,1.607148361720707e-08,1.0
0000882291,AEMD,2019-09-24,0,1.607148361720707e-08,1.0
0000882291,AEMD,2019-09-25,0,1.607148361720707e-08,1.0
0000882291,AEMD,2019-09-26,0,1.607148361720707e-08,1.0
0000882291,AEMD,2019-09-27,0,1.607148361720707e-08,1.0
0000882291,AEMD,2019-09-30,0,1.0417032117821684e-08,1.0
0000882291,AEMD,2019-10-01,0,1.0417032117821684e-08,1.0
0000882291,AEMD,2019-10-02,0,1.0417032117821684e-08,1.0
0000882291,AEMD,2019-10-03,0,1.0417032117821684e-08,1.0
0000882291,AEMD,2019-10-04,0,1.0417032117821684e-08,1.0
0000882291,AEMD,2019-10-07,0,1.0417032117821684e-08,1.0
0000882291,AEMD,2019-10-08,0,1.0417032117821684e-08,1.0
0000882291,AEMD,2019-10-09,0,1.0417032117821684e-08,1.0
0000882291,AEMD,2019-10-10,0,1.762472787731425e-08,1.0
0000882291,AEMD,2019-10-11,0,1.762472787731425e-08,1.0
0000882291,AEMD,2019-10-14,0,1.762472787731425e-08,1.0
0000882291,AEMD,2019-10-15,0,1.762472787731425e-08,1.0
0000882291,AEMD,2019-10-16,0,1.868794842180961e-08,1.0
0000882291,AEMD,2019-10-17,0,1.868794842180961e-08,1.0
0000882291,AEMD,2019-10-18,0,1.868794842180961e-08,1.0
0000882291,AEMD,2019-10-21,0,1.868794842180961e-08,1.0
0000882291,AEMD,2019-10-22,0,1.868794842180961e-08,1.0
0000882291,AEMD,2019-10-23,0,9.893905915558433e-08,1.0
0000882291,AEMD,2019-10-24,0,9.893905915558433e-08,1.0
0000882291,AEMD,2019-10-25,0,9.893905915558433e-08,1.0
0000882291,AEMD,2019-10-28,0,9.893905915558433e-08,1.0
0000882291,AEMD,2019-10-29,0,9.893905915558433e-08,1.0
0000882291,AEMD,2019-10-30,0,9.893905915558433e-08,1.0
0000882291,AEMD,2019-10-31,0,9.893905915558433e-08,1.0
0000882291,AEMD,2019-11-01,0,9.893905915558433e-08,1.0
0000882291,AEMD,2019-11-04,0,1.2384127485662913e-07,1.0
0000882291,AEMD,2019-11-05,0,1.2856936701112924e-07,1.0
0000882291,AEMD,2019-11-06,0,1.2856936701112924e-07,1.0
0000882291,AEMD,2019-11-07,0,1.2856936701112924e-07,1.0
0000882291,AEMD,2019-11-08,0,1.2856936701112924e-07,1.0
0000882291,AEMD,2019-11-11,0,2.73947485899545e-07,1.0
0000882291,AEMD,2019-11-12,0,2.73947485899545e-07,1.0
0000882291,AEMD,2019-11-13,0,2.7178579292028024e-07,1.0
0000882291,AEMD,2019-11-14,0,2.7178579292028024e-07,1.0
0000882291,AEMD,2019-11-15,0,3.4846284935143847e-08,1.0
0000882291,AEMD,2019-11-18,0,3.4846284935143847e-08,1.0
0000882291,AEMD,2019-11-19,0,3.4846284935143847e-08,1.0
0000882291,AEMD,2019-11-20,0,3.4846284935143847e-08,1.0
0000882291,AEMD,2019-11-21,0,3.4846284935143847e-08,1.0
0000882291,AEMD,2019-11-22,0,3.4846284935143847e-08,1.0
0000882291,AEMD,2019-11-25,0,3.4846284935143847e-08,1.0
0000882291,AEMD,2019-11-26,0,3.4846284935143847e-08,1.0
0000882291,AEMD,2019-11-27,0,3.4846284935143847e-08,1.0
0000882291,AEMD,2019-11-28,0,3.4846284935143847e-08,1.0
0000882291,AEMD,2019-11-29,0,3.4846284935143847e-08,1.0
0000882291,AEMD,2019-12-02,0,3.4846284935143847e-08,1.0
0000882291,AEMD,2019-12-03,0,3.4846284935143847e-08,1.0
0000882291,AEMD,2019-12-04,0,3.339500594163745e-08,1.0
0000882291,AEMD,2019-12-05,0,3.339500594163745e-08,1.0
0000882291,AEMD,2019-12-06,0,3.339500594163745e-08,1.0
0000882291,AEMD,2019-12-09,0,1.7699651884317327e-08,1.0
0000882291,AEMD,2019-12-10,0,1.7699651884317327e-08,1.0
0000882291,AEMD,2019-12-11,0,1.7699651884317327e-08,1.0
0000882291,AEMD,2019-12-12,0,1.7699651884317327e-08,1.0
0000882291,AEMD,2019-12-13,0,1.7699651884317327e-08,1.0
0000882291,AEMD,2019-12-16,0,8.815934175043594e-08,1.0
0000882291,AEMD,2019-12-17,0,8.815934175043594e-08,1.0
0000882291,AEMD,2019-12-18,0,8.815934175043594e-08,1.0
0000882291,AEMD,2019-12-19,0,9.866396586667916e-08,1.0
0000882291,AEMD,2019-12-20,0,9.866396586667916e-08,1.0
0000882291,AEMD,2019-12-23,0,5.2292786112632434e-08,1.0
0000882291,AEMD,2019-12-24,0,5.2292786112632434e-08,1.0
0000882291,AEMD,2019-12-25,0,5.2292786112632434e-08,1.0
0000882291,AEMD,2019-12-26,0,5.2292786112632434e-08,1.0
0000882291,AEMD,2019-12-27,0,5.2292786112632434e-08,1.0
0000882291,AEMD,2019-12-30,0,6.661036335887672e-08,1.0
0000882291,AEMD,2019-12-31,0,6.661036335887672e-08,1.0
0000882291,AEMD,2020-01-01,0,6.661036335887672e-08,1.0
0000882291,AEMD,2020-01-02,0,6.661036335887672e-08,1.0
0000882291,AEMD,2020-01-03,0,6.661036335887672e-08,1.0
0000882291,AEMD,2020-01-06,0,6.661036335887672e-08,1.0
0000882291,AEMD,2020-01-07,0,6.661036335887672e-08,1.0
0000882291,AEMD,2020-01-08,0,6.661036335887672e-08,1.0
0000882291,AEMD,2020-01-09,0,6.661036335887672e-08,1.0
0000882291,AEMD,2020-01-10,0,6.661036335887672e-08,1.0
0000882291,AEMD,2020-01-13,0,6.661036335887672e-08,1.0
0000882291,AEMD,2020-01-14,0,6.661036335887672e-08,1.0
0000882291,AEMD,2020-01-15,0,6.661036335887672e-08,1.0
0000882291,AEMD,2020-01-16,0,6.661036335887672e-08,1.0
0000882291,AEMD,2020-01-17,0,6.661036335887672e-08,1.0
0000882291,AEMD,2020-01-20,0,3.9781452991153144e-08,1.0
0000882291,AEMD,2020-01-21,0,3.9781452991153144e-08,1.0
0000882291,AEMD,2020-01-22,0,3.9781452991153144e-08,1.0
0000882291,AEMD,2020-01-23,0,4.143392391539647e-08,1.0
0000882291,AEMD,2020-01-24,0,4.143392391539647e-08,1.0
0000882291,AEMD,2020-01-27,0,4.143392391539647e-08,1.0
0000882291,AEMD,2020-01-28,0,4.143392391539647e-08,1.0
0000882291,AEMD,2020-01-29,0,4.143392391539647e-08,1.0
0000882291,AEMD,2020-01-30,0,4.143392391539647e-08,1.0
0000882291,AEMD,2020-01-31,0,4.143392391539647e-08,1.0
0000882291,AEMD,2020-02-03,0,3.767638602443532e-08,1.0
0000882291,AEMD,2020-02-04,0,3.767638602443532e-08,1.0
0000882291,AEMD,2020-02-05,0,3.767638602443532e-08,1.0
0000882291,AEMD,2020-02-06,0,3.767638602443532e-08,1.0
0000882291,AEMD,2020-02-07,0,3.767638602443532e-08,1.0
0000882291,AEMD,2020-02-10,0,3.9114819546001403e-08,1.0
0000882291,AEMD,2020-02-11,0,4.280230794645237e-08,1.0
0000882291,AEMD,2020-02-12,0,4.280230794645237e-08,1.0
0000882291,AEMD,2020-02-13,0,2.6219827632312094e-08,1.0
0000882291,AEMD,2020-02-14,0,2.6219827632312094e-08,1.0
0000882291,AEMD,2020-02-17,0,2.6219827632312094e-08,1.0
0000882291,AEMD,2020-02-18,0,2.6219827632312094e-08,1.0
0000882291,AEMD,2020-02-19,0,2.9166848461326814e-08,1.0
0000882291,AEMD,2020-02-20,0,2.9166848461326814e-08,1.0
0000882291,AEMD,2020-02-21,0,2.9166848461326814e-08,1.0
0000882291,AEMD,2020-02-24,0,8.308205837297006e-09,1.0
0000882291,AEMD,2020-02-25,0,8.308205837297006e-09,1.0
0000882291,AEMD,2020-02-26,0,8.308205837297006e-09,1.0
0000882291,AEMD,2020-02-27,0,8.308205837297006e-09,1.0
0000882291,AEMD,2020-02-28,0,8.308205837297006e-09,1.0
0000882291,AEMD,2020-03-02,0,8.308205837297006e-09,1.0
0000882291,AEMD,2020-03-03,0,8.308205837297006e-09,1.0
0000882291,AEMD,2020-03-04,0,8.308205837297006e-09,1.0
0000882291,AEMD,2020-03-05,0,8.308205837297006e-09,1.0
0000882291,AEMD,2020-03-06,0,8.308205837297006e-09,1.0
0000882291,AEMD,2020-03-09,0,9.469631012833068e-09,1.0
0000882291,AEMD,2020-03-10,0,9.469631012833068e-09,1.0
0000882291,AEMD,2020-03-11,0,9.469631012833068e-09,1.0
0000882291,AEMD,2020-03-12,0,9.469631012833068e-09,1.0
0000882291,AEMD,2020-03-13,0,8.443242984106533e-09,1.0
0000882291,AEMD,2020-03-16,0,8.76559460508691e-09,1.0
0000882291,AEMD,2020-03-17,0,8.76559460508691e-09,1.0
0000882291,AEMD,2020-03-18,0,8.76559460508691e-09,1.0
0000882291,AEMD,2020-03-19,0,1.785429359003042e-09,1.0
0000882291,AEMD,2020-03-20,0,1.785429359003042e-09,1.0
0000882291,AEMD,2020-03-23,0,1.6182429119806698e-09,1.0
0000882291,AEMD,2020-03-24,0,1.6182429119806698e-09,1.0
0000882291,AEMD,2020-03-25,0,1.6182429119806698e-09,1.0
0000882291,AEMD,2020-03-26,0,1.6195201732973931e-09,1.0
0000882291,AEMD,2020-03-27,0,1.6195201732973931e-09,1.0
0000882291,AEMD,2020-03-30,0,1.6195201732973931e-09,1.0
0000882291,AEMD,2020-03-31,0,1.6195201732973931e-09,1.0
0000882291,AEMD,2020-04-01,0,1.6195201732973931e-09,1.0
0000882291,AEMD,2020-04-02,0,1.6195201732973931e-09,1.0
0000882291,AEMD,2020-04-03,0,1.6195201732973931e-09,1.0
0000882291,AEMD,2020-04-06,0,1.6195201732973931e-09,1.0
0000882291,AEMD,2020-04-07,0,1.6195201732973931e-09,1.0
0000882291,AEMD,2020-04-08,0,1.6195201732973931e-09,1.0
0000882291,AEMD,2020-04-09,0,1.6195201732973931e-09,1.0
0000882291,AEMD,2020-04-10,0,1.6195201732973931e-09,1.0
0000882291,AEMD,2020-04-13,0,1.6195201732973931e-09,1.0
0000882291,AEMD,2020-04-14,0,1.6195201732973931e-09,1.0
0000882291,AEMD,2020-04-15,0,1.6195201732973931e-09,1.0
0000882291,AEMD,2020-04-16,0,1.6195201732973931e-09,1.0
0000882291,AEMD,2020-04-17,0,1.6195201732973931e-09,1.0
0000882291,AEMD,2020-04-20,0,4.618555206572115e-09,1.0
0000882291,AEMD,2020-04-21,0,4.618555206572115e-09,1.0
0000882291,AEMD,2020-04-22,0,7.102936704070724e-09,1.0
0000882291,AEMD,2020-04-23,0,6.881382025326637e-09,1.0
0000882291,AEMD,2020-04-24,0,6.881382025326637e-09,1.0
0000882291,AEMD,2020-04-27,0,6.881382025326637e-09,1.0
0000882291,AEMD,2020-04-28,0,6.881382025326637e-09,1.0
0000882291,AEMD,2020-04-29,0,6.881382025326637e-09,1.0
0000882291,AEMD,2020-04-30,0,6.881382025326637e-09,1.0
0000882291,AEMD,2020-05-01,0,6.881382025326637e-09,1.0
0000882291,AEMD,2020-05-04,0,6.979256502689816e-09,1.0
0000882291,AEMD,2020-05-05,0,6.979256502689816e-09,1.0
0000882291,AEMD,2020-05-06,0,6.979256502689816e-09,1.0
0000882291,AEMD,2020-05-07,0,6.979256502689816e-09,1.0
0000882291,AEMD,2020-05-08,0,6.979256502689816e-09,1.0
0000882291,AEMD,2020-05-11,0,6.979256502689816e-09,1.0
0000882291,AEMD,2020-05-12,0,6.06976393824833e-09,1.0
0000882291,AEMD,2020-05-13,0,6.06976393824833e-09,1.0
0000882291,AEMD,2020-05-14,0,1.947830927143298e-08,1.0
0000882291,AEMD,2020-05-15,0,1.947830927143298e-08,1.0
0000882291,AEMD,2020-05-18,0,1.947830927143298e-08,1.0
0000882291,AEMD,2020-05-19,0,1.947830927143298e-08,1.0
0000882291,AEMD,2020-05-20,0,1.947830927143298e-08,1.0
0000882291,AEMD,2020-05-21,0,1.947830927143298e-08,1.0
0000882291,AEMD,2020-05-22,0,1.947830927143298e-08,1.0
0000882291,AEMD,2020-05-25,0,2.0052601949632165e-08,1.0
0000882291,AEMD,2020-05-26,0,2.0052601949632165e-08,1.0
0000882291,AEMD,2020-05-27,0,2.0052601949632165e-08,1.0
0000882291,AEMD,2020-05-28,0,2.0052601949632165e-08,1.0
0000882291,AEMD,2020-05-29,0,2.0052601949632165e-08,1.0
0000882291,AEMD,2020-06-01,0,2.0052601949632165e-08,1.0
0000882291,AEMD,2020-06-02,0,2.0052601949632165e-08,1.0
0000882291,AEMD,2020-06-03,0,2.0052601949632165e-08,1.0
0000882291,AEMD,2020-06-04,0,2.0052601949632165e-08,1.0
0000882291,AEMD,2020-06-05,0,2.0052601949632165e-08,1.0
0000882291,AEMD,2020-06-08,0,2.0052601949632165e-08,1.0
0000882291,AEMD,2020-06-09,0,2.0052601949632165e-08,1.0
0000882291,AEMD,2020-06-10,0,2.0052601949632165e-08,1.0
0000882291,AEMD,2020-06-11,0,2.0052601949632165e-08,1.0
0000882291,AEMD,2020-06-12,0,2.0052601949632165e-08,1.0
0000882291,AEMD,2020-06-15,0,2.0052601949632165e-08,1.0
0000882291,AEMD,2020-06-16,0,2.0052601949632165e-08,1.0
0000882291,AEMD,2020-06-17,0,6.910122514228847e-08,1.0
0000882291,AEMD,2020-06-18,0,6.910122514228847e-08,1.0
0000882291,AEMD,2020-06-19,0,6.910122514228847e-08,1.0
0000882291,AEMD,2020-06-22,0,9.712876529202634e-08,1.0
0000882291,AEMD,2020-06-23,0,9.712876529202634e-08,1.0
0000882291,AEMD,2020-06-24,0,9.712876529202634e-08,1.0
0000882291,AEMD,2020-06-25,0,9.712876529202634e-08,1.0
0000882291,AEMD,2020-06-26,0,8.782102529151708e-09,1.0
0000882291,AEMD,2020-06-29,0,8.782102529151708e-09,1.0
0000882291,AEMD,2020-06-30,0,8.782102529151708e-09,1.0
0000882291,AEMD,2020-07-01,0,8.782102529151708e-09,1.0
0000882291,AEMD,2020-07-02,0,8.782102529151708e-09,1.0
0000882291,AEMD,2020-07-03,0,8.782102529151708e-09,1.0
0000882291,AEMD,2020-07-06,0,8.782102529151708e-09,1.0
0000882291,AEMD,2020-07-07,0,8.782102529151708e-09,1.0
0000882291,AEMD,2020-07-08,0,8.782102529151708e-09,1.0
0000882291,AEMD,2020-07-09,0,8.782102529151708e-09,1.0
0000882291,AEMD,2020-07-10,0,8.782102529151708e-09,1.0
0000882291,AEMD,2020-07-13,0,8.782102529151708e-09,1.0
0000882291,AEMD,2020-07-14,0,8.782102529151708e-09,1.0
0000882291,AEMD,2020-07-15,0,8.782102529151708e-09,1.0
0000882291,AEMD,2020-07-16,0,8.782102529151708e-09,1.0
0000882291,AEMD,2020-07-17,0,8.782102529151708e-09,1.0
0000882291,AEMD,2020-07-20,0,9.498960089035539e-09,1.0
0000882291,AEMD,2020-07-21,0,9.498960089035539e-09,1.0
0000882291,AEMD,2020-07-22,0,9.54378308579624e-09,1.0
0000882291,AEMD,2020-07-23,0,9.54378308579624e-09,1.0
0000882291,AEMD,2020-07-24,0,9.54378308579624e-09,1.0
0000882291,AEMD,2020-07-27,0,2.1258437071213555e-08,1.0
0000882291,AEMD,2020-07-28,0,2.1258437071213555e-08,1.0
0000882291,AEMD,2020-07-29,0,3.4983731261348245e-08,1.0
0000882291,AEMD,2020-07-30,0,3.4983731261348245e-08,1.0
0000882291,AEMD,2020-07-31,0,3.4983731261348245e-08,1.0
0000882291,AEMD,2020-08-03,0,3.4983731261348245e-08,1.0
0000882291,AEMD,2020-08-04,0,3.4983731261348245e-08,1.0
0000882291,AEMD,2020-08-05,0,3.4983731261348245e-08,1.0
0000882291,AEMD,2020-08-06,0,3.4983731261348245e-08,1.0
0000882291,AEMD,2020-08-07,0,3.4983731261348245e-08,1.0
0000882291,AEMD,2020-08-10,0,3.718439383954756e-08,1.0
0000882291,AEMD,2020-08-11,0,3.718439383954756e-08,1.0
0000882291,AEMD,2020-08-12,0,4.446041378928812e-08,1.0
0000882291,AEMD,2020-08-13,0,4.446041378928812e-08,1.0
0000882291,AEMD,2020-08-14,0,4.446041378928812e-08,1.0
0000882291,AEMD,2020-08-17,0,4.446041378928812e-08,1.0
0000882291,AEMD,2020-08-18,0,4.446041378928812e-08,1.0
0000882291,AEMD,2020-08-19,0,4.446041378928812e-08,1.0
0000882291,AEMD,2020-08-20,0,4.446041378928812e-08,1.0
0000882291,AEMD,2020-08-21,0,4.446041378928812e-08,1.0
0000882291,AEMD,2020-08-24,0,4.7939631709656104e-08,1.0
0000882291,AEMD,2020-08-25,0,4.7939631709656104e-08,1.0
0000882291,AEMD,2020-08-26,0,4.7939631709656104e-08,1.0
0000882291,AEMD,2020-08-27,0,4.7939631709656104e-08,1.0
0000882291,AEMD,2020-08-28,0,5.1584162265419884e-08,1.0
0000882291,AEMD,2020-08-31,0,5.1584162265419884e-08,1.0
0000882291,AEMD,2020-09-01,0,5.1584162265419884e-08,1.0
0000882291,AEMD,2020-09-02,0,5.1584162265419884e-08,1.0
0000882291,AEMD,2020-09-03,0,5.1584162265419884e-08,1.0
0000882291,AEMD,2020-09-04,0,5.1584162265419884e-08,1.0
0000882291,AEMD,2020-09-07,0,5.1584162265419884e-08,1.0
0000882291,AEMD,2020-09-08,0,5.1584162265419884e-08,1.0
0000882291,AEMD,2020-09-09,0,5.1584162265419884e-08,1.0
0000882291,AEMD,2020-09-10,0,5.1584162265419884e-08,1.0
0000882291,AEMD,2020-09-11,0,4.534173737604283e-08,1.0
0000882291,AEMD,2020-09-14,0,4.534173737604283e-08,1.0
0000882291,AEMD,2020-09-15,0,1.0230793052635734e-07,1.0
0000882291,AEMD,2020-09-16,0,1.0230793052635734e-07,1.0
0000882291,AEMD,2020-09-17,0,1.0230793052635734e-07,1.0
0000882291,AEMD,2020-09-18,0,1.0230793052635734e-07,1.0
0000882291,AEMD,2020-09-21,0,1.102690121117708e-07,1.0
0000882291,AEMD,2020-09-22,0,1.102690121117708e-07,1.0
0000882291,AEMD,2020-09-23,0,1.102690121117708e-07,1.0
0000882291,AEMD,2020-09-24,0,1.0214413708469863e-07,1.0
0000882291,AEMD,2020-09-25,0,1.0214413708469863e-07,1.0
0000882291,AEMD,2020-09-28,0,1.0214413708469863e-07,1.0
0000882291,AEMD,2020-09-29,0,1.0214413708469863e-07,1.0
0000882291,AEMD,2020-09-30,0,1.0214413708469863e-07,1.0
0000882291,AEMD,2020-10-01,0,1.0214413708469863e-07,1.0
0000882291,AEMD,2020-10-02,0,1.0214413708469863e-07,1.0
0000882291,AEMD,2020-10-05,0,1.0214413708469863e-07,1.0
0000882291,AEMD,2020-10-06,0,1.0214413708469863e-07,1.0
0000882291,AEMD,2020-10-07,0,1.0214413708469863e-07,1.0
0000882291,AEMD,2020-10-08,0,1.0214413708469863e-07,1.0
0000882291,AEMD,2020-10-09,0,1.0214413708469863e-07,1.0
0000882291,AEMD,2020-10-12,0,1.0214413708469863e-07,1.0
0000882291,AEMD,2020-10-13,0,1.0214413708469863e-07,1.0
0000882291,AEMD,2020-10-14,0,1.0214413708469863e-07,1.0
0000882291,AEMD,2020-10-15,0,1.0214413708469863e-07,1.0
0000882291,AEMD,2020-10-16,0,1.0214413708469863e-07,1.0
0000882291,AEMD,2020-10-19,0,1.0214413708469863e-07,1.0
0000882291,AEMD,2020-10-20,0,1.0214413708469863e-07,1.0
0000882291,AEMD,2020-10-21,0,1.0214413708469863e-07,1.0
0000882291,AEMD,2020-10-22,0,1.0214413708469863e-07,1.0
0000882291,AEMD,2020-10-23,0,1.0214413708469863e-07,1.0
0000882291,AEMD,2020-10-26,0,1.0214413708469863e-07,1.0
0000882291,AEMD,2020-10-27,0,4.450632627787195e-08,1.0
0000882291,AEMD,2020-10-28,0,4.450632627787195e-08,1.0
0000882291,AEMD,2020-10-29,0,5.6277947103523635e-08,1.0
0000882291,AEMD,2020-10-30,0,5.6277947103523635e-08,1.0
0000882291,AEMD,2020-11-02,0,5.6277947103523635e-08,1.0
0000882291,AEMD,2020-11-03,0,5.6277947103523635e-08,1.0
0000882291,AEMD,2020-11-04,0,1.9218577642506945e-08,1.0
0000882291,AEMD,2020-11-05,0,1.9218577642506945e-08,1.0
0000882291,AEMD,2020-11-06,0,1.9218577642506945e-08,1.0
0000882291,AEMD,2020-11-09,0,1.9218577642506945e-08,1.0
0000882291,AEMD,2020-11-10,0,1.8109938506315514e-08,1.0
0000882291,AEMD,2020-11-11,0,1.8109938506315514e-08,1.0
0000882291,AEMD,2020-11-12,0,1.8109938506315514e-08,1.0
0000882291,AEMD,2020-11-13,0,1.8109938506315514e-08,1.0
0000882291,AEMD,2020-11-16,0,1.8109938506315514e-08,1.0
0000882291,AEMD,2020-11-17,0,1.8109938506315514e-08,1.0
0000882291,AEMD,2020-11-18,0,1.8109938506315514e-08,1.0
0000882291,AEMD,2020-11-19,0,1.8109938506315514e-08,1.0
0000882291,AEMD,2020-11-20,0,1.8109938506315514e-08,1.0
0000882291,AEMD,2020-11-23,0,1.8109938506315514e-08,1.0
0000882291,AEMD,2020-11-24,0,1.8109938506315514e-08,1.0
0000882291,AEMD,2020-11-25,0,1.8109938506315514e-08,1.0
0000882291,AEMD,2020-11-26,0,1.8109938506315514e-08,1.0
0000882291,AEMD,2020-11-27,0,1.8109938506315514e-08,1.0
0000882291,AEMD,2020-11-30,0,1.5611012074964716e-08,1.0
0000882291,AEMD,2020-12-01,0,1.5611012074964716e-08,1.0
0000882291,AEMD,2020-12-02,0,1.5611012074964716e-08,1.0
0000882291,AEMD,2020-12-03,0,1.5611012074964716e-08,1.0
0000882291,AEMD,2020-12-04,0,2.6992385954551896e-08,1.0
0000882291,AEMD,2020-12-07,0,2.6992385954551896e-08,1.0
0000882291,AEMD,2020-12-08,0,2.6992385954551896e-08,1.0
0000882291,AEMD,2020-12-09,0,2.6992385954551896e-08,1.0
0000882291,AEMD,2020-12-10,0,2.6992385954551896e-08,1.0
0000882291,AEMD,2020-12-11,0,2.6992385954551896e-08,1.0
0000882291,AEMD,2020-12-14,0,2.6992385954551896e-08,1.0
0000882291,AEMD,2020-12-15,0,2.6992385954551896e-08,1.0
0000882291,AEMD,2020-12-16,0,2.6992385954551896e-08,1.0
0000882291,AEMD,2020-12-17,0,2.6992385954551896e-08,1.0
0000882291,AEMD,2020-12-18,0,2.6992385954551896e-08,1.0
0000882291,AEMD,2020-12-21,0,2.6992385954551896e-08,1.0
0000882291,AEMD,2020-12-22,0,2.6992385954551896e-08,1.0
0000882291,AEMD,2020-12-23,0,3.761116858739599e-08,1.0
0000882291,AEMD,2020-12-24,0,3.761116858739599e-08,1.0
0000882291,AEMD,2020-12-25,0,3.761116858739599e-08,1.0
0000882291,AEMD,2020-12-28,0,3.761116858739599e-08,1.0
0000882291,AEMD,2020-12-29,0,3.761116858739599e-08,1.0
0000882291,AEMD,2020-12-30,0,3.761116858739599e-08,1.0
0000882291,AEMD,2020-12-31,0,3.761116858739599e-08,1.0
0000882291,AEMD,2021-01-01,0,3.761116858739599e-08,1.0
0000882291,AEMD,2021-01-04,0,3.761116858739599e-08,1.0
0000882291,AEMD,2021-01-05,0,3.761116858739599e-08,1.0
0000882291,AEMD,2021-01-06,0,3.761116858739599e-08,1.0
0000882291,AEMD,2021-01-07,0,3.761116858739599e-08,1.0
0000882291,AEMD,2021-01-08,0,3.761116858739599e-08,1.0
0000882291,AEMD,2021-01-11,0,3.761116858739599e-08,1.0
0000882291,AEMD,2021-01-12,0,3.761116858739599e-08,1.0
0000882291,AEMD,2021-01-13,0,3.761116858739599e-08,1.0
0000882291,AEMD,2021-01-14,0,3.761116858739599e-08,1.0
0000882291,AEMD,2021-01-15,0,3.761116858739599e-08,1.0
0000882291,AEMD,2021-01-18,0,3.761116858739599e-08,1.0
0000882291,AEMD,2021-01-19,0,3.761116858739599e-08,1.0
0000882291,AEMD,2021-01-20,0,3.761116858739599e-08,1.0
0000882291,AEMD,2021-01-21,0,3.761116858739599e-08,1.0
0000882291,AEMD,2021-01-22,0,3.761116858739599e-08,1.0
0000882291,AEMD,2021-01-25,0,2.6215790328270786e-07,1.0
0000882291,AEMD,2021-01-26,0,2.6215790328270786e-07,1.0
0000882291,AEMD,2021-01-27,0,3.3750020259754764e-07,1.0
0000882291,AEMD,2021-01-28,0,3.3750020259754764e-07,1.0
0000882291,AEMD,2021-01-29,0,3.3750020259754764e-07,1.0
0000882291,AEMD,2021-02-01,0,3.3750020259754764e-07,1.0
0000882291,AEMD,2021-02-02,0,4.925883594598765e-07,1.0
0000882291,AEMD,2021-02-03,0,4.925883594598765e-07,1.0
0000882291,AEMD,2021-02-04,0,4.925883594598765e-07,1.0
0000882291,AEMD,2021-02-05,0,4.925883594598765e-07,1.0
0000882291,AEMD,2021-02-08,0,4.969555838573011e-07,1.0
0000882291,AEMD,2021-02-09,0,4.969555838573011e-07,1.0
0000882291,AEMD,2021-02-10,0,4.969555838573011e-07,1.0
0000882291,AEMD,2021-02-11,0,4.425934865906037e-07,1.0
0000882291,AEMD,2021-02-12,0,4.425934865906037e-07,1.0
0000882291,AEMD,2021-02-15,0,4.425934865906037e-07,1.0
0000882291,AEMD,2021-02-16,0,4.425934865906037e-07,1.0
0000882291,AEMD,2021-02-17,0,4.425934865906037e-07,1.0
0000882291,AEMD,2021-02-18,0,4.425934865906037e-07,1.0
0000882291,AEMD,2021-02-19,0,4.425934865906037e-07,1.0
0000882291,AEMD,2021-02-22,0,4.425934865906037e-07,1.0
0000882291,AEMD,2021-02-23,0,4.425934865906037e-07,1.0
0000882291,AEMD,2021-02-24,0,4.425934865906037e-07,1.0
0000882291,AEMD,2021-02-25,0,4.425934865906037e-07,1.0
0000882291,AEMD,2021-02-26,0,4.425934865906037e-07,1.0
0000882291,AEMD,2021-03-01,0,4.425934865906037e-07,1.0
0000882291,AEMD,2021-03-02,0,4.425934865906037e-07,1.0
0000882291,AEMD,2021-03-03,0,4.425934865906037e-07,1.0
0000882291,AEMD,2021-03-04,0,4.425934865906037e-07,1.0
0000882291,AEMD,2021-03-05,0,4.425934865906037e-07,1.0
0000882291,AEMD,2021-03-08,0,4.425934865906037e-07,1.0
0000882291,AEMD,2021-03-09,0,4.425934865906037e-07,1.0
0000882291,AEMD,2021-03-10,0,4.425934865906037e-07,1.0
0000882291,AEMD,2021-03-11,0,4.425934865906037e-07,1.0
0000882291,AEMD,2021-03-12,0,4.425934865906037e-07,1.0
0000882291,AEMD,2021-03-15,0,3.808459469960191e-07,1.0
0000882291,AEMD,2021-03-16,0,3.808459469960191e-07,1.0
0000882291,AEMD,2021-03-17,0,3.808459469960191e-07,1.0
0000882291,AEMD,2021-03-18,0,3.808459469960191e-07,1.0
0000882291,AEMD,2021-03-19,0,3.808459469960191e-07,1.0
0000882291,AEMD,2021-03-22,0,3.808459469960191e-07,1.0
0000882291,AEMD,2021-03-23,0,1.8340854085668054e-07,1.0
0000882291,AEMD,2021-03-24,0,1.8340854085668054e-07,1.0
0000882291,AEMD,2021-03-25,0,1.8340854085668054e-07,1.0
0000882291,AEMD,2021-03-26,0,1.8340854085668054e-07,1.0
0000882291,AEMD,2021-03-29,0,1.8340854085668054e-07,1.0
0000882291,AEMD,2021-03-30,0,1.8340854085668054e-07,1.0
0000882291,AEMD,2021-03-31,0,1.8340854085668054e-07,1.0
0000882291,AEMD,2021-04-01,0,1.8340854085668054e-07,1.0
0000882291,AEMD,2021-04-02,0,1.8340854085668054e-07,1.0
0000882291,AEMD,2021-04-05,0,1.8340854085668054e-07,1.0
0000882291,AEMD,2021-04-06,0,1.8340854085668054e-07,1.0
0000882291,AEMD,2021-04-07,0,1.8340854085668054e-07,1.0
0000882291,AEMD,2021-04-08,0,1.8340854085668054e-07,1.0
0000882291,AEMD,2021-04-09,0,1.8340854085668054e-07,1.0
0000882291,AEMD,2021-04-12,0,1.8340854085668054e-07,1.0
0000882291,AEMD,2021-04-13,0,1.8340854085668054e-07,1.0
0000882291,AEMD,2021-04-14,0,1.8340854085668054e-07,1.0
0000882291,AEMD,2021-04-15,0,1.8340854085668054e-07,1.0
0000882291,AEMD,2021-04-16,0,1.8340854085668054e-07,1.0
0000882291,AEMD,2021-04-19,0,1.8340854085668054e-07,1.0
0000882291,AEMD,2021-04-20,0,1.8340854085668054e-07,1.0
0000882291,AEMD,2021-04-21,0,1.8340854085668054e-07,1.0
0000882291,AEMD,2021-04-22,0,2.6601867096283023e-07,1.0
0000882291,AEMD,2021-04-23,0,2.6601867096283023e-07,1.0
0000882291,AEMD,2021-04-26,0,2.6601867096283023e-07,1.0
0000882291,AEMD,2021-04-27,0,2.701199950380319e-07,1.0
0000882291,AEMD,2021-04-28,0,2.701199950380319e-07,1.0
0000882291,AEMD,2021-04-29,0,2.701199950380319e-07,1.0
0000882291,AEMD,2021-04-30,0,2.701199950380319e-07,1.0
0000882291,AEMD,2021-05-03,0,2.701199950380319e-07,1.0
0000882291,AEMD,2021-05-04,0,3.1379432771242653e-07,1.0
0000882291,AEMD,2021-05-05,0,3.1379432771242653e-07,1.0
0000882291,AEMD,2021-05-06,0,3.1379432771242653e-07,1.0
0000882291,AEMD,2021-05-07,0,3.1379432771242653e-07,1.0
0000882291,AEMD,2021-05-10,0,3.1379432771242653e-07,1.0
0000882291,AEMD,2021-05-11,0,3.1379432771242653e-07,1.0
0000882291,AEMD,2021-05-12,0,3.1379432771242653e-07,1.0
0000882291,AEMD,2021-05-13,0,4.0237953230086163e-07,1.0
0000882291,AEMD,2021-05-14,0,4.0237953230086163e-07,1.0
0000882291,AEMD,2021-05-17,0,4.0237953230086163e-07,1.0
0000882291,AEMD,2021-05-18,0,4.0237953230086163e-07,1.0
0000882291,AEMD,2021-05-19,0,4.0237953230086163e-07,1.0
0000882291,AEMD,2021-05-20,0,4.0237953230086163e-07,1.0
0000882291,AEMD,2021-05-21,0,4.0237953230086163e-07,1.0
0000882291,AEMD,2021-05-24,0,4.0237953230086163e-07,1.0
0000882291,AEMD,2021-05-25,0,4.0237953230086163e-07,1.0
0000882291,AEMD,2021-05-26,0,4.0237953230086163e-07,1.0
0000882291,AEMD,2021-05-27,0,4.0237953230086163e-07,1.0
0000882291,AEMD,2021-05-28,0,4.0237953230086163e-07,1.0
0000882291,AEMD,2021-05-31,0,4.0237953230086163e-07,1.0
0000882291,AEMD,2021-06-01,0,4.0237953230086163e-07,1.0
0000882291,AEMD,2021-06-02,0,4.0237953230086163e-07,1.0
0000882291,AEMD,2021-06-03,0,4.0237953230086163e-07,1.0
0000882291,AEMD,2021-06-04,0,4.0237953230086163e-07,1.0
0000882291,AEMD,2021-06-07,0,4.0237953230086163e-07,1.0
0000882291,AEMD,2021-06-08,0,4.0237953230086163e-07,1.0
0000882291,AEMD,2021-06-09,0,4.0237953230086163e-07,1.0
0000882291,AEMD,2021-06-10,0,4.0237953230086163e-07,1.0
0000882291,AEMD,2021-06-11,0,4.0237953230086163e-07,1.0
0000882291,AEMD,2021-06-14,0,3.155641367612078e-07,1.0
0000882291,AEMD,2021-06-15,0,3.155641367612078e-07,1.0
0000882291,AEMD,2021-06-16,0,3.155641367612078e-07,1.0
0000882291,AEMD,2021-06-17,0,3.155641367612078e-07,1.0
0000882291,AEMD,2021-06-18,0,3.155641367612078e-07,1.0
0000882291,AEMD,2021-06-21,0,4.352870038143953e-07,1.0
0000882291,AEMD,2021-06-22,0,4.352870038143953e-07,1.0
0000882291,AEMD,2021-06-23,0,4.352870038143953e-07,1.0
0000882291,AEMD,2021-06-24,0,4.352870038143953e-07,1.0
0000882291,AEMD,2021-06-25,0,3.4107994247469425e-08,1.0
0000882291,AEMD,2021-06-28,0,3.4107994247469425e-08,1.0
0000882291,AEMD,2021-06-29,0,3.4107994247469425e-08,1.0
0000882291,AEMD,2021-06-30,0,3.4107994247469425e-08,1.0
0000882291,AEMD,2021-07-01,0,3.4107994247469425e-08,1.0
0000882291,AEMD,2021-07-02,0,3.4107994247469425e-08,1.0
0000882291,AEMD,2021-07-05,0,3.4107994247469425e-08,1.0
0000882291,AEMD,2021-07-06,0,3.4107994247469425e-08,1.0
0000882291,AEMD,2021-07-07,0,3.4107994247469425e-08,1.0
0000882291,AEMD,2021-07-08,0,3.4107994247469425e-08,1.0
0000882291,AEMD,2021-07-09,0,3.4107994247469425e-08,1.0
0000882291,AEMD,2021-07-12,0,3.4107994247469425e-08,1.0
0000882291,AEMD,2021-07-13,0,3.4107994247469425e-08,1.0
0000882291,AEMD,2021-07-14,0,3.398729500875858e-08,1.0
0000882291,AEMD,2021-07-15,0,3.398729500875858e-08,1.0
0000882291,AEMD,2021-07-16,0,3.398729500875858e-08,1.0
0000882291,AEMD,2021-07-19,0,3.398729500875858e-08,1.0
0000882291,AEMD,2021-07-20,0,3.398729500875858e-08,1.0
0000882291,AEMD,2021-07-21,0,3.398729500875858e-08,1.0
0000882291,AEMD,2021-07-22,0,3.398729500875858e-08,1.0
0000882291,AEMD,2021-07-23,0,3.398729500875858e-08,1.0
0000882291,AEMD,2021-07-26,0,1.3088552499115046e-07,1.0
0000882291,AEMD,2021-07-27,0,1.3088552499115046e-07,1.0
0000882291,AEMD,2021-07-28,0,1.3088552499115046e-07,1.0
0000882291,AEMD,2021-07-29,0,5.101890856036063e-08,1.0
0000882291,AEMD,2021-07-30,0,5.101890856036063e-08,1.0
0000882291,AEMD,2021-08-02,0,5.101890856036063e-08,1.0
0000882291,AEMD,2021-08-03,0,5.101890856036063e-08,1.0
0000882291,AEMD,2021-08-04,0,5.101890856036063e-08,1.0
0000882291,AEMD,2021-08-05,0,5.101890856036063e-08,1.0
0000882291,AEMD,2021-08-06,0,5.101890856036063e-08,1.0
0000882291,AEMD,2021-08-09,0,5.101890856036063e-08,1.0
0000882291,AEMD,2021-08-10,0,6.257359335527237e-08,1.0
0000882291,AEMD,2021-08-11,0,6.357571786140674e-08,1.0
0000882291,AEMD,2021-08-12,0,6.357571786140674e-08,1.0
0000882291,AEMD,2021-08-13,0,6.357571786140674e-08,1.0
0000882291,AEMD,2021-08-16,0,6.357571786140674e-08,1.0
0000882291,AEMD,2021-08-17,0,6.357571786140674e-08,1.0
0000882291,AEMD,2021-08-18,0,6.357571786140674e-08,1.0
0000882291,AEMD,2021-08-19,0,6.357571786140674e-08,1.0
0000882291,AEMD,2021-08-20,0,6.357571786140674e-08,1.0
0000882291,AEMD,2021-08-23,0,6.357571786140674e-08,1.0
0000882291,AEMD,2021-08-24,0,6.357571786140674e-08,1.0
0000882291,AEMD,2021-08-25,0,6.357571786140674e-08,1.0
0000882291,AEMD,2021-08-26,0,6.357571786140674e-08,1.0
0000882291,AEMD,2021-08-27,0,6.357571786140674e-08,1.0
0000882291,AEMD,2021-08-30,0,1.9692354981328234e-07,1.0
0000882291,AEMD,2021-08-31,0,1.9692354981328234e-07,1.0
0000882291,AEMD,2021-09-01,0,1.9692354981328234e-07,1.0
0000882291,AEMD,2021-09-02,0,1.9692354981328234e-07,1.0
0000882291,AEMD,2021-09-03,0,1.9692354981328234e-07,1.0
0000882291,AEMD,2021-09-06,0,1.9692354981328234e-07,1.0
0000882291,AEMD,2021-09-07,0,1.9692354981328234e-07,1.0
0000882291,AEMD,2021-09-08,0,1.9692354981328234e-07,1.0
0000882291,AEMD,2021-09-09,0,1.7156570911110242e-07,1.0
0000882291,AEMD,2021-09-10,0,1.7156570911110242e-07,1.0
0000882291,AEMD,2021-09-13,0,1.70211900641858e-07,1.0
0000882291,AEMD,2021-09-14,0,1.70211900641858e-07,1.0
0000882291,AEMD,2021-09-15,0,1.70211900641858e-07,1.0
0000882291,AEMD,2021-09-16,0,1.70211900641858e-07,1.0
0000882291,AEMD,2021-09-17,0,1.70211900641858e-07,1.0
0000882291,AEMD,2021-09-20,0,1.767103601757749e-07,1.0
0000882291,AEMD,2021-09-21,0,1.767103601757749e-07,1.0
0000882291,AEMD,2021-09-22,0,1.767103601757749e-07,1.0
0000882291,AEMD,2021-09-23,0,2.3396838666707835e-07,1.0
0000882291,AEMD,2021-09-24,0,2.3396838666707835e-07,1.0
0000882291,AEMD,2021-09-27,0,2.3396838666707835e-07,1.0
0000882291,AEMD,2021-09-28,0,2.3396838666707835e-07,1.0
0000882291,AEMD,2021-09-29,0,2.3396838666707835e-07,1.0
0000882291,AEMD,2021-09-30,0,3.15901577124687e-08,1.0
0000882291,AEMD,2021-10-01,0,3.15901577124687e-08,1.0
0000882291,AEMD,2021-10-04,0,3.15901577124687e-08,1.0
0000882291,AEMD,2021-10-05,0,3.15901577124687e-08,1.0
0000882291,AEMD,2021-10-06,0,3.15901577124687e-08,1.0
0000882291,AEMD,2021-10-07,0,3.15901577124687e-08,1.0
0000882291,AEMD,2021-10-08,0,3.15901577124687e-08,1.0
0000882291,AEMD,2021-10-11,0,3.15901577124687e-08,1.0
0000882291,AEMD,2021-10-12,0,3.15901577124687e-08,1.0
0000882291,AEMD,2021-10-13,0,3.15901577124687e-08,1.0
0000882291,AEMD,2021-10-14,0,3.15901577124687e-08,1.0
0000882291,AEMD,2021-10-15,0,3.15901577124687e-08,1.0
0000882291,AEMD,2021-10-18,0,3.15901577124687e-08,1.0
0000882291,AEMD,2021-10-19,0,3.15901577124687e-08,1.0
0000882291,AEMD,2021-10-20,0,3.15901577124687e-08,1.0
0000882291,AEMD,2021-10-21,0,3.15901577124687e-08,1.0
0000882291,AEMD,2021-10-22,0,3.15901577124687e-08,1.0
0000882291,AEMD,2021-10-25,0,3.15901577124687e-08,1.0
0000882291,AEMD,2021-10-26,0,3.15901577124687e-08,1.0
0000882291,AEMD,2021-10-27,0,9.259523438807347e-09,1.0
0000882291,AEMD,2021-10-28,0,9.259523438807347e-09,1.0
0000882291,AEMD,2021-10-29,0,9.259523438807347e-09,1.0
0000882291,AEMD,2021-11-01,0,2.3671754335902025e-08,1.0
0000882291,AEMD,2021-11-02,0,2.3671754335902025e-08,1.0
0000882291,AEMD,2021-11-03,0,2.3671754335902025e-08,1.0
0000882291,AEMD,2021-11-04,0,2.3671754335902025e-08,1.0
0000882291,AEMD,2021-11-05,0,2.3671754335902025e-08,1.0
0000882291,AEMD,2021-11-08,0,3.120780793190141e-08,1.0
0000882291,AEMD,2021-11-09,0,3.120780793190141e-08,1.0
0000882291,AEMD,2021-11-10,0,2.575189943381591e-08,1.0
0000882291,AEMD,2021-11-11,0,2.575189943381591e-08,1.0
0000882291,AEMD,2021-11-12,0,2.575189943381591e-08,1.0
0000882291,AEMD,2021-11-15,0,2.575189943381591e-08,1.0
0000882291,AEMD,2021-11-16,0,2.575189943381591e-08,1.0
0000882291,AEMD,2021-11-17,0,2.575189943381591e-08,1.0
0000882291,AEMD,2021-11-18,0,2.575189943381591e-08,1.0
0000882291,AEMD,2021-11-19,0,2.575189943381591e-08,1.0
0000882291,AEMD,2021-11-22,0,2.575189943381591e-08,1.0
0000882291,AEMD,2021-11-23,0,2.575189943381591e-08,1.0
0000882291,AEMD,2021-11-24,0,2.575189943381591e-08,1.0
0000882291,AEMD,2021-11-25,0,2.575189943381591e-08,1.0
0000882291,AEMD,2021-11-26,0,2.575189943381591e-08,1.0
0000882291,AEMD,2021-11-29,0,2.575189943381591e-08,1.0
0000882291,AEMD,2021-11-30,0,2.575189943381591e-08,1.0
0000882291,AEMD,2021-12-01,0,2.575189943381591e-08,1.0
0000882291,AEMD,2021-12-02,0,2.575189943381591e-08,1.0
0000882291,AEMD,2021-12-03,0,2.575189943381591e-08,1.0
0000882291,AEMD,2021-12-06,0,2.575189943381591e-08,1.0
0000882291,AEMD,2021-12-07,0,2.575189943381591e-08,1.0
0000882291,AEMD,2021-12-08,0,2.575189943381591e-08,1.0
0000882291,AEMD,2021-12-09,0,2.575189943381591e-08,1.0
0000882291,AEMD,2021-12-10,0,2.2756235070363984e-08,1.0
0000882291,AEMD,2021-12-13,0,2.2783032810913447e-08,1.0
0000882291,AEMD,2021-12-14,0,2.2783032810913447e-08,1.0
0000882291,AEMD,2021-12-15,0,2.2783032810913447e-08,1.0
0000882291,AEMD,2021-12-16,0,2.2783032810913447e-08,1.0
0000882291,AEMD,2021-12-17,0,2.2783032810913447e-08,1.0
0000882291,AEMD,2021-12-20,0,2.2783032810913447e-08,1.0
0000882291,AEMD,2021-12-21,0,2.2783032810913447e-08,1.0
0000882291,AEMD,2021-12-22,0,2.894091814841438e-08,1.0
0000882291,AEMD,2021-12-23,0,2.894091814841438e-08,1.0
0000882291,AEMD,2021-12-24,0,2.894091814841438e-08,1.0
0000882291,AEMD,2021-12-27,0,2.894091814841438e-08,1.0
0000882291,AEMD,2021-12-28,0,2.894091814841438e-08,1.0
0000882291,AEMD,2021-12-29,0,8.757594742499171e-08,1.0
0000882291,AEMD,2021-12-30,0,8.757594742499171e-08,1.0
0000882291,AEMD,2021-12-31,0,8.757594742499171e-08,1.0
0000882291,AEMD,2022-01-03,0,8.757594742499171e-08,1.0
0000882291,AEMD,2022-01-04,0,8.757594742499171e-08,1.0
0000882291,AEMD,2022-01-05,0,8.757594742499171e-08,1.0
0000882291,AEMD,2022-01-06,0,8.757594742499171e-08,1.0
0000882291,AEMD,2022-01-07,0,8.757594742499171e-08,1.0
0000882291,AEMD,2022-01-10,0,8.757594742499171e-08,1.0
0000882291,AEMD,2022-01-11,0,8.757594742499171e-08,1.0
0000882291,AEMD,2022-01-12,0,8.757594742499171e-08,1.0
0000882291,AEMD,2022-01-13,0,8.757594742499171e-08,1.0
0000882291,AEMD,2022-01-14,0,8.757594742499171e-08,1.0
0000882291,AEMD,2022-01-17,0,8.757594742499171e-08,1.0
0000882291,AEMD,2022-01-18,0,8.757594742499171e-08,1.0
0000882291,AEMD,2022-01-19,0,8.757594742499171e-08,1.0
0000882291,AEMD,2022-01-20,0,8.757594742499171e-08,1.0
0000882291,AEMD,2022-01-21,0,8.757594742499171e-08,1.0
0000882291,AEMD,2022-01-24,0,8.757594742499171e-08,1.0
0000882291,AEMD,2022-01-25,0,1.6841279925689924e-07,1.0
0000882291,AEMD,2022-01-26,0,1.6841279925689924e-07,1.0
0000882291,AEMD,2022-01-27,0,1.6841279925689924e-07,1.0
0000882291,AEMD,2022-01-28,0,1.6841279925689924e-07,1.0
0000882291,AEMD,2022-01-31,0,1.6841279925689924e-07,1.0
0000882291,AEMD,2022-02-01,0,1.6841279925689924e-07,1.0
0000882291,AEMD,2022-02-02,0,1.6841279925689924e-07,1.0
0000882291,AEMD,2022-02-03,0,1.6841279925689924e-07,1.0
0000882291,AEMD,2022-02-04,0,1.6841279925689924e-07,1.0
0000882291,AEMD,2022-02-07,0,1.7040657054564687e-07,1.0
0000882291,AEMD,2022-02-08,0,2.3188967302843074e-07,1.0
0000882291,AEMD,2022-02-09,0,2.3188967302843074e-07,1.0
0000882291,AEMD,2022-02-10,0,2.3188967302843074e-07,1.0
0000882291,AEMD,2022-02-11,0,2.3188967302843074e-07,1.0
0000882291,AEMD,2022-02-14,0,2.3188967302843074e-07,1.0
0000882291,AEMD,2022-02-15,0,1.91349541823258e-07,1.0
0000882291,AEMD,2022-02-16,0,1.91349541823258e-07,1.0
0000882291,AEMD,2022-02-17,0,1.91349541823258e-07,1.0
0000882291,AEMD,2022-02-18,0,1.91349541823258e-07,1.0
0000882291,AEMD,2022-02-21,0,1.91349541823258e-07,1.0
0000882291,AEMD,2022-02-22,0,1.91349541823258e-07,1.0
0000882291,AEMD,2022-02-23,0,1.91349541823258e-07,1.0
0000882291,AEMD,2022-02-24,0,1.91349541823258e-07,1.0
0000882291,AEMD,2022-02-25,0,1.91349541823258e-07,1.0
0000882291,AEMD,2022-02-28,0,1.91349541823258e-07,1.0
0000882291,AEMD,2022-03-01,0,1.91349541823258e-07,1.0
0000882291,AEMD,2022-03-02,0,1.91349541823258e-07,1.0
0000882291,AEMD,2022-03-03,0,1.91349541823258e-07,1.0
0000882291,AEMD,2022-03-04,0,1.91349541823258e-07,1.0
0000882291,AEMD,2022-03-07,0,1.91349541823258e-07,1.0
0000882291,AEMD,2022-03-08,0,1.91349541823258e-07,1.0
0000882291,AEMD,2022-03-09,0,1.91349541823258e-07,1.0
0000882291,AEMD,2022-03-10,0,1.91349541823258e-07,1.0
0000882291,AEMD,2022-03-11,0,1.91349541823258e-07,1.0
0000882291,AEMD,2022-03-14,0,1.91349541823258e-07,1.0
0000882291,AEMD,2022-03-15,0,1.91349541823258e-07,1.0
0000882291,AEMD,2022-03-16,0,1.91349541823258e-07,1.0
0000882291,AEMD,2022-03-17,0,1.91349541823258e-07,1.0
0000882291,AEMD,2022-03-18,0,1.690902548532015e-07,1.0
0000882291,AEMD,2022-03-21,0,1.690902548532015e-07,1.0
0000882291,AEMD,2022-03-22,0,1.690902548532015e-07,1.0
0000882291,AEMD,2022-03-23,0,1.690902548532015e-07,1.0
0000882291,AEMD,2022-03-24,0,1.690902548532015e-07,1.0
0000882291,AEMD,2022-03-25,0,8.143080885020755e-08,1.0
0000882291,AEMD,2022-03-28,0,8.143080885020755e-08,1.0
0000882291,AEMD,2022-03-29,0,2.049708520305256e-07,1.0
0000882291,AEMD,2022-03-30,0,2.049708520305256e-07,1.0
0000882291,AEMD,2022-03-31,0,2.049708520305256e-07,1.0
0000882291,AEMD,2022-04-01,0,2.049708520305256e-07,1.0
0000882291,AEMD,2022-04-04,0,2.049708520305256e-07,1.0
0000882291,AEMD,2022-04-05,0,2.049708520305256e-07,1.0
0000882291,AEMD,2022-04-06,0,2.049708520305256e-07,1.0
0000882291,AEMD,2022-04-07,0,2.049708520305256e-07,1.0
0000882291,AEMD,2022-04-08,0,2.049708520305256e-07,1.0
0000882291,AEMD,2022-04-11,0,2.049708520305256e-07,1.0
0000882291,AEMD,2022-04-12,0,2.049708520305256e-07,1.0
0000882291,AEMD,2022-04-13,0,2.049708520305256e-07,1.0
0000882291,AEMD,2022-04-14,0,2.049708520305256e-07,1.0
0000882291,AEMD,2022-04-15,0,2.049708520305256e-07,1.0
0000882291,AEMD,2022-04-18,0,2.049708520305256e-07,1.0
0000882291,AEMD,2022-04-19,0,2.049708520305256e-07,1.0
0000882291,AEMD,2022-04-20,0,2.049708520305256e-07,1.0
0000882291,AEMD,2022-04-21,0,2.049708520305256e-07,1.0
0000882291,AEMD,2022-04-22,0,2.049708520305256e-07,1.0
0000882291,AEMD,2022-04-25,0,2.9729298787851665e-07,1.0
0000882291,AEMD,2022-04-26,0,2.9729298787851665e-07,1.0
0000882291,AEMD,2022-04-27,0,2.9729298787851665e-07,1.0
0000882291,AEMD,2022-04-28,0,2.9729298787851665e-07,1.0
0000882291,AEMD,2022-04-29,0,2.9729298787851665e-07,1.0
0000882291,AEMD,2022-05-02,0,2.9729298787851665e-07,1.0
0000882291,AEMD,2022-05-03,0,2.9729298787851665e-07,1.0
0000882291,AEMD,2022-05-04,0,2.9729298787851665e-07,1.0
0000882291,AEMD,2022-05-05,0,2.9729298787851665e-07,1.0
0000882291,AEMD,2022-05-06,0,2.9729298787851665e-07,1.0
0000882291,AEMD,2022-05-09,0,2.9729298787851665e-07,1.0
0000882291,AEMD,2022-05-10,0,2.993997342310065e-07,1.0
0000882291,AEMD,2022-05-11,0,2.993997342310065e-07,1.0
0000882291,AEMD,2022-05-12,0,2.993997342310065e-07,1.0
0000882291,AEMD,2022-05-13,0,2.993997342310065e-07,1.0
0000882291,AEMD,2022-05-16,0,2.993997342310065e-07,1.0
0000882291,AEMD,2022-05-17,0,4.074238629536367e-07,1.0
0000882291,AEMD,2022-05-18,0,4.074238629536367e-07,1.0
0000882291,AEMD,2022-05-19,0,4.074238629536367e-07,1.0
0000882291,AEMD,2022-05-20,0,4.074238629536367e-07,1.0
0000882291,AEMD,2022-05-23,0,4.074238629536367e-07,1.0
0000882291,AEMD,2022-05-24,0,4.074238629536367e-07,1.0
0000882291,AEMD,2022-05-25,0,4.074238629536367e-07,1.0
0000882291,AEMD,2022-05-26,0,4.074238629536367e-07,1.0
0000882291,AEMD,2022-05-27,0,4.074238629536367e-07,1.0
0000882291,AEMD,2022-05-30,0,4.074238629536367e-07,1.0
0000882291,AEMD,2022-05-31,0,4.074238629536367e-07,1.0
0000882291,AEMD,2022-06-01,0,4.074238629536367e-07,1.0
0000882291,AEMD,2022-06-02,0,4.074238629536367e-07,1.0
0000882291,AEMD,2022-06-03,0,4.074238629536367e-07,1.0
0000882291,AEMD,2022-06-06,0,4.074238629536367e-07,1.0
0000882291,AEMD,2022-06-07,0,4.074238629536367e-07,1.0
0000882291,AEMD,2022-06-08,0,4.074238629536367e-07,1.0
0000882291,AEMD,2022-06-09,0,4.074238629536367e-07,1.0
0000882291,AEMD,2022-06-10,0,4.074238629536367e-07,1.0
0000882291,AEMD,2022-06-13,0,4.074238629536367e-07,1.0
0000882291,AEMD,2022-06-14,0,4.074238629536367e-07,1.0
0000882291,AEMD,2022-06-15,0,4.074238629536367e-07,1.0
0000882291,AEMD,2022-06-16,0,4.074238629536367e-07,1.0
0000882291,AEMD,2022-06-17,0,4.074238629536367e-07,1.0
0000882291,AEMD,2022-06-20,0,4.074238629536367e-07,1.0
0000882291,AEMD,2022-06-21,0,4.074238629536367e-07,1.0
0000882291,AEMD,2022-06-22,0,4.074238629536367e-07,1.0
0000882291,AEMD,2022-06-23,0,5.61997659895955e-07,1.0
0000882291,AEMD,2022-06-24,0,5.61997659895955e-07,1.0
0000882291,AEMD,2022-06-27,0,5.61997659895955e-07,1.0
0000882291,AEMD,2022-06-28,0,5.61997659895955e-07,1.0
0000882291,AEMD,2022-06-29,0,4.2456443028996114e-08,1.0
0000882291,AEMD,2022-06-30,0,4.2456443028996114e-08,1.0
0000882291,AEMD,2022-07-01,0,4.2456443028996114e-08,1.0
0000882291,AEMD,2022-07-04,0,4.2456443028996114e-08,1.0
0000882291,AEMD,2022-07-05,0,4.2456443028996114e-08,1.0
0000882291,AEMD,2022-07-06,0,4.2456443028996114e-08,1.0
0000882291,AEMD,2022-07-07,0,4.2456443028996114e-08,1.0
0000882291,AEMD,2022-07-08,0,4.2456443028996114e-08,1.0
0000882291,AEMD,2022-07-11,0,4.2456443028996114e-08,1.0
0000882291,AEMD,2022-07-12,0,4.2456443028996114e-08,1.0
0000882291,AEMD,2022-07-13,0,4.2456443028996114e-08,1.0
0000882291,AEMD,2022-07-14,0,4.2456443028996114e-08,1.0
0000882291,AEMD,2022-07-15,0,4.2456443028996114e-08,1.0
0000882291,AEMD,2022-07-18,0,1.7784711990941208e-07,1.0
0000882291,AEMD,2022-07-19,0,1.7784711990941208e-07,1.0
0000882291,AEMD,2022-07-20,0,1.7784711990941208e-07,1.0
0000882291,AEMD,2022-07-21,0,1.7784711990941208e-07,1.0
0000882291,AEMD,2022-07-22,0,1.7784711990941208e-07,1.0
0000882291,AEMD,2022-07-25,0,1.7784711990941208e-07,1.0
0000882291,AEMD,2022-07-26,0,1.7784711990941208e-07,1.0
0000882291,AEMD,2022-07-27,0,1.7784711990941208e-07,1.0
0000882291,AEMD,2022-07-28,0,7.449890322264646e-07,1.0
0000882291,AEMD,2022-07-29,0,1.1000964361457285e-06,1.0
0000882291,AEMD,2022-08-01,0,1.1000964361457285e-06,1.0
0000882291,AEMD,2022-08-02,0,1.1000964361457285e-06,1.0
0000882291,AEMD,2022-08-03,0,1.1000964361457285e-06,1.0
0000882291,AEMD,2022-08-04,0,1.1000964361457285e-06,1.0
0000882291,AEMD,2022-08-05,0,1.1000964361457285e-06,1.0
0000882291,AEMD,2022-08-08,0,1.1000964361457285e-06,1.0
0000882291,AEMD,2022-08-09,0,1.1000964361457285e-06,1.0
0000882291,AEMD,2022-08-10,0,1.2888600467410727e-06,1.0
0000882291,AEMD,2022-08-11,0,1.2888600467410727e-06,1.0
0000882291,AEMD,2022-08-12,0,1.2888600467410727e-06,1.0
0000882291,AEMD,2022-08-15,0,1.2979934558747173e-06,1.0
0000882291,AEMD,2022-08-16,0,1.2979934558747173e-06,1.0
0000882291,AEMD,2022-08-17,0,9.80728734438038e-07,1.0
0000882291,AEMD,2022-08-18,0,9.80728734438038e-07,1.0
0000882291,AEMD,2022-08-19,0,9.80728734438038e-07,1.0
0000882291,AEMD,2022-08-22,0,9.80728734438038e-07,1.0
0000882291,AEMD,2022-08-23,0,9.80728734438038e-07,1.0
0000882291,AEMD,2022-08-24,0,9.80728734438038e-07,1.0
0000882291,AEMD,2022-08-25,0,9.80728734438038e-07,1.0
0000882291,AEMD,2022-08-26,0,9.80728734438038e-07,1.0
0000882291,AEMD,2022-08-29,0,2.3187415381906955e-06,1.0
0000882291,AEMD,2022-08-30,0,2.3187415381906955e-06,1.0
0000882291,AEMD,2022-08-31,0,2.3187415381906955e-06,1.0
0000882291,AEMD,2022-09-01,0,2.3187415381906955e-06,1.0
0000882291,AEMD,2022-09-02,0,2.3187415381906955e-06,1.0
0000882291,AEMD,2022-09-05,0,2.3187415381906955e-06,1.0
0000882291,AEMD,2022-09-06,0,2.3187415381906955e-06,1.0
0000882291,AEMD,2022-09-07,0,2.3187415381906955e-06,1.0
0000882291,AEMD,2022-09-08,0,2.3187415381906955e-06,1.0
0000882291,AEMD,2022-09-09,0,2.0526428462050885e-06,1.0
0000882291,AEMD,2022-09-12,0,2.0526428462050885e-06,1.0
0000882291,AEMD,2022-09-13,0,2.0526428462050885e-06,1.0
0000882291,AEMD,2022-09-14,0,2.0526428462050885e-06,1.0
0000882291,AEMD,2022-09-15,0,2.0526428462050885e-06,1.0
0000882291,AEMD,2022-09-16,0,2.0526428462050885e-06,1.0
0000882291,AEMD,2022-09-19,0,2.0526428462050885e-06,1.0
0000882291,AEMD,2022-09-20,0,2.0526428462050885e-06,1.0
0000882291,AEMD,2022-09-21,0,2.131009813232134e-06,1.0
0000882291,AEMD,2022-09-22,0,2.131009813232134e-06,1.0
0000882291,AEMD,2022-09-23,0,2.131009813232134e-06,1.0
0000882291,AEMD,2022-09-26,0,2.131009813232134e-06,1.0
0000882291,AEMD,2022-09-27,0,1.0475715796471896e-06,1.0
0000882291,AEMD,2022-09-28,0,1.0475715796471896e-06,1.0
0000882291,AEMD,2022-09-29,0,1.0475715796471896e-06,1.0
0000882291,AEMD,2022-09-30,0,1.0475715796471896e-06,1.0
0000882291,AEMD,2022-10-03,0,1.0475715796471896e-06,1.0
0000882291,AEMD,2022-10-04,0,1.0475715796471896e-06,1.0
0000882291,AEMD,2022-10-05,0,1.0475715796471896e-06,1.0
0000882291,AEMD,2022-10-06,0,1.0475715796471896e-06,1.0
0000882291,AEMD,2022-10-07,0,1.0475715796471896e-06,1.0
0000882291,AEMD,2022-10-10,0,1.0475715796471896e-06,1.0
0000882291,AEMD,2022-10-11,0,1.0475715796471896e-06,1.0
0000882291,AEMD,2022-10-12,0,1.0475715796471896e-06,1.0
0000882291,AEMD,2022-10-13,0,1.0475715796471896e-06,1.0
0000882291,AEMD,2022-10-14,0,1.0475715796471896e-06,1.0
0000882291,AEMD,2022-10-17,0,1.572077710077874e-07,1.0
0000882291,AEMD,2022-10-18,0,1.572077710077874e-07,1.0
0000882291,AEMD,2022-10-19,0,1.572077710077874e-07,1.0
0000882291,AEMD,2022-10-20,0,1.572077710077874e-07,1.0
0000882291,AEMD,2022-10-21,0,1.572077710077874e-07,1.0
0000882291,AEMD,2022-10-24,0,1.572077710077874e-07,1.0
0000882291,AEMD,2022-10-25,0,1.572077710077874e-07,1.0
0000882291,AEMD,2022-10-26,0,2.493837683666838e-08,1.0
0000882291,AEMD,2022-10-27,0,2.493837683666838e-08,1.0
0000882291,AEMD,2022-10-28,0,2.493837683666838e-08,1.0
0000882291,AEMD,2022-10-31,0,2.493837683666838e-08,1.0
0000882291,AEMD,2022-11-01,0,2.493837683666838e-08,1.0
0000882291,AEMD,2022-11-02,0,2.493837683666838e-08,1.0
0000882291,AEMD,2022-11-03,0,2.493837683666838e-08,1.0
0000882291,AEMD,2022-11-04,0,2.493837683666838e-08,1.0
0000882291,AEMD,2022-11-07,0,2.493837683666838e-08,1.0
0000882291,AEMD,2022-11-08,0,3.4070896583998665e-08,1.0
0000882291,AEMD,2022-11-09,0,3.4070896583998665e-08,1.0
0000882291,AEMD,2022-11-10,0,3.4070896583998665e-08,1.0
0000882291,AEMD,2022-11-11,0,3.4070896583998665e-08,1.0
0000882291,AEMD,2022-11-14,0,3.4070896583998665e-08,1.0
0000882291,AEMD,2022-11-15,0,2.7688618152486618e-08,1.0
0000882291,AEMD,2022-11-16,0,2.7688618152486618e-08,1.0
0000882291,AEMD,2022-11-17,0,2.7688618152486618e-08,1.0
0000882291,AEMD,2022-11-18,0,2.7688618152486618e-08,1.0
0000882291,AEMD,2022-11-21,0,2.7688618152486618e-08,1.0
0000882291,AEMD,2022-11-22,0,2.7688618152486618e-08,1.0
0000882291,AEMD,2022-11-23,0,2.7688618152486618e-08,1.0
0000882291,AEMD,2022-11-24,0,2.7688618152486618e-08,1.0
0000882291,AEMD,2022-11-25,0,2.7688618152486618e-08,1.0
0000882291,AEMD,2022-11-28,0,2.7688618152486618e-08,1.0
0000882291,AEMD,2022-11-29,0,2.7688618152486618e-08,1.0
0000882291,AEMD,2022-11-30,0,2.7688618152486618e-08,1.0
0000882291,AEMD,2022-12-01,0,2.7688618152486618e-08,1.0
0000882291,AEMD,2022-12-02,0,2.7688618152486618e-08,1.0
0000882291,AEMD,2022-12-05,0,2.7688618152486618e-08,1.0
0000882291,AEMD,2022-12-06,0,2.7688618152486618e-08,1.0
0000882291,AEMD,2022-12-07,0,2.7688618152486618e-08,1.0
0000882291,AEMD,2022-12-08,0,2.7688618152486618e-08,1.0
0000882291,AEMD,2022-12-09,0,2.7688618152486618e-08,1.0
0000882291,AEMD,2022-12-12,0,2.7688618152486618e-08,1.0
0000882291,AEMD,2022-12-13,0,2.7688618152486618e-08,1.0
0000882291,AEMD,2022-12-14,0,2.7688618152486618e-08,1.0
0000882291,AEMD,2022-12-15,0,2.4598113193664468e-08,1.0
0000882291,AEMD,2022-12-16,0,2.4598113193664468e-08,1.0
0000882291,AEMD,2022-12-19,0,2.4598113193664468e-08,1.0
0000882291,AEMD,2022-12-20,0,2.4598113193664468e-08,1.0
0000882291,AEMD,2022-12-21,0,2.4598113193664468e-08,1.0
0000882291,AEMD,2022-12-22,0,2.4598113193664468e-08,1.0
0000882291,AEMD,2022-12-23,0,2.4598113193664468e-08,1.0
0000882291,AEMD,2022-12-26,0,2.8351972847173732e-08,1.0
0000882291,AEMD,2022-12-27,0,2.8351972847173732e-08,1.0
0000882291,AEMD,2022-12-28,0,2.8351972847173732e-08,1.0
0000882291,AEMD,2022-12-29,0,2.8351972847173732e-08,1.0
0000882291,AEMD,2022-12-30,0,2.8351972847173732e-08,1.0
0000882291,AEMD,2023-01-02,0,2.8351972847173732e-08,1.0
0000882291,AEMD,2023-01-03,0,2.8351972847173732e-08,1.0
0000882291,AEMD,2023-01-04,0,2.8351972847173732e-08,1.0
0000882291,AEMD,2023-01-05,0,2.8351972847173732e-08,1.0
0000882291,AEMD,2023-01-06,0,2.8351972847173732e-08,1.0
0000882291,AEMD,2023-01-09,0,2.8351972847173732e-08,1.0
0000882291,AEMD,2023-01-10,0,2.8351972847173732e-08,1.0
0000882291,AEMD,2023-01-11,0,2.8351972847173732e-08,1.0
0000882291,AEMD,2023-01-12,0,2.8351972847173732e-08,1.0
0000882291,AEMD,2023-01-13,0,2.8351972847173732e-08,1.0
0000882291,AEMD,2023-01-16,0,6.158838066017949e-08,1.0
0000882291,AEMD,2023-01-17,0,6.158838066017949e-08,1.0
0000882291,AEMD,2023-01-18,0,6.158838066017949e-08,1.0
0000882291,AEMD,2023-01-19,0,6.158838066017949e-08,1.0
0000882291,AEMD,2023-01-20,0,6.158838066017949e-08,1.0
0000882291,AEMD,2023-01-23,0,6.158838066017949e-08,1.0
0000882291,AEMD,2023-01-24,0,6.807545290122802e-07,1.0
0000882291,AEMD,2023-01-25,0,6.807545290122802e-07,1.0
0000882291,AEMD,2023-01-26,0,6.807545290122802e-07,1.0
0000882291,AEMD,2023-01-27,0,6.807545290122802e-07,1.0
0000882291,AEMD,2023-01-30,0,6.807545290122802e-07,1.0
0000882291,AEMD,2023-01-31,0,6.807545290122802e-07,1.0
0000882291,AEMD,2023-02-01,0,6.807545290122802e-07,1.0
0000882291,AEMD,2023-02-02,0,6.807545290122802e-07,1.0
0000882291,AEMD,2023-02-03,0,6.807545290122802e-07,1.0
0000882291,AEMD,2023-02-06,0,6.851753351507237e-07,1.0
0000882291,AEMD,2023-02-07,0,6.851753351507237e-07,1.0
0000882291,AEMD,2023-02-08,0,6.851753351507237e-07,1.0
0000882291,AEMD,2023-02-09,0,6.851753351507237e-07,1.0
0000882291,AEMD,2023-02-10,0,6.851753351507237e-07,1.0
0000882291,AEMD,2023-02-13,0,9.435340137260151e-07,1.0
0000882291,AEMD,2023-02-14,0,7.62897037300226e-07,1.0
0000882291,AEMD,2023-02-15,0,7.62897037300226e-07,1.0
0000882291,AEMD,2023-02-16,0,7.62897037300226e-07,1.0
0000882291,AEMD,2023-02-17,0,7.62897037300226e-07,1.0
0000882291,AEMD,2023-02-20,0,7.62897037300226e-07,1.0
0000882291,AEMD,2023-02-21,0,7.62897037300226e-07,1.0
0000882291,AEMD,2023-02-22,0,7.62897037300226e-07,1.0
0000882291,AEMD,2023-02-23,0,7.62897037300226e-07,1.0
0000882291,AEMD,2023-02-24,0,7.62897037300226e-07,1.0
0000882291,AEMD,2023-02-27,0,7.62897037300226e-07,1.0
0000882291,AEMD,2023-02-28,0,7.62897037300226e-07,1.0
0000882291,AEMD,2023-03-01,0,7.62897037300226e-07,1.0
0000882291,AEMD,2023-03-02,0,7.62897037300226e-07,1.0
0000882291,AEMD,2023-03-03,0,7.62897037300226e-07,1.0
0000882291,AEMD,2023-03-06,0,7.62897037300226e-07,1.0
0000882291,AEMD,2023-03-07,0,7.62897037300226e-07,1.0
0000882291,AEMD,2023-03-08,0,7.62897037300226e-07,1.0
0000882291,AEMD,2023-03-09,0,7.62897037300226e-07,1.0
0000882291,AEMD,2023-03-10,0,7.62897037300226e-07,1.0
0000882291,AEMD,2023-03-13,0,7.62897037300226e-07,1.0
0000882291,AEMD,2023-03-14,0,7.62897037300226e-07,1.0
0000882291,AEMD,2023-03-15,0,7.62897037300226e-07,1.0
0000882291,AEMD,2023-03-16,0,7.62897037300226e-07,1.0
0000882291,AEMD,2023-03-17,0,6.789476148814913e-07,1.0
0000882291,AEMD,2023-03-20,0,6.789476148814913e-07,1.0
0000882291,AEMD,2023-03-21,0,6.789476148814913e-07,1.0
0000882291,AEMD,2023-03-22,0,6.789476148814913e-07,1.0
0000882291,AEMD,2023-03-23,0,6.789476148814913e-07,1.0
0000882291,AEMD,2023-03-24,0,6.789476148814913e-07,1.0
0000882291,AEMD,2023-03-27,0,6.789476148814913e-07,1.0
0000882291,AEMD,2023-03-28,0,6.789476148814913e-07,1.0
0000882291,AEMD,2023-03-29,0,6.789476148814913e-07,1.0
0000882291,AEMD,2023-03-30,0,6.789476148814913e-07,1.0
0000882291,AEMD,2023-03-31,0,6.789476148814913e-07,1.0
0000882291,AEMD,2023-04-03,0,6.789476148814913e-07,1.0
0000882291,AEMD,2023-04-04,0,6.789476148814913e-07,1.0
0000882291,AEMD,2023-04-05,0,6.789476148814913e-07,1.0
0000882291,AEMD,2023-04-06,0,6.789476148814913e-07,1.0
0000882291,AEMD,2023-04-07,0,6.789476148814913e-07,1.0
0000882291,AEMD,2023-04-10,0,6.789476148814913e-07,1.0
0000882291,AEMD,2023-04-11,0,6.789476148814913e-07,1.0
0000882291,AEMD,2023-04-12,0,6.789476148814913e-07,1.0
0000882291,AEMD,2023-04-13,0,6.789476148814913e-07,1.0
0000882291,AEMD,2023-04-14,0,6.789476148814913e-07,1.0
0000882291,AEMD,2023-04-17,0,6.789476148814913e-07,1.0
0000882291,AEMD,2023-04-18,0,6.789476148814913e-07,1.0
0000882291,AEMD,2023-04-19,0,6.789476148814913e-07,1.0
0000882291,AEMD,2023-04-20,0,6.789476148814913e-07,1.0
0000882291,AEMD,2023-04-21,0,6.789476148814913e-07,1.0
0000882291,AEMD,2023-04-24,0,6.789476148814913e-07,1.0
0000882291,AEMD,2023-04-25,0,6.789476148814913e-07,1.0
0000882291,AEMD,2023-04-26,0,6.789476148814913e-07,1.0
0000882291,AEMD,2023-04-27,0,6.789476148814913e-07,1.0
0000882291,AEMD,2023-04-28,0,6.789476148814913e-07,1.0
0000882291,AEMD,2023-05-01,0,6.789476148814913e-07,1.0
0000882291,AEMD,2023-05-02,0,6.789476148814913e-07,1.0
0000882291,AEMD,2023-05-03,0,6.789476148814913e-07,1.0
0000882291,AEMD,2023-05-04,0,6.789476148814913e-07,1.0
0000882291,AEMD,2023-05-05,0,6.789476148814913e-07,1.0
0000882291,AEMD,2023-05-08,0,6.789476148814913e-07,1.0
0000882291,AEMD,2023-05-09,0,6.789476148814913e-07,1.0
0000882291,AEMD,2023-05-10,0,6.789476148814913e-07,1.0
0000882291,AEMD,2023-05-11,0,6.789476148814913e-07,1.0
0000882291,AEMD,2023-05-12,0,6.789476148814913e-07,1.0
0000882291,AEMD,2023-05-15,0,6.825529132405349e-07,1.0
0000882291,AEMD,2023-05-16,0,9.436532670472351e-07,1.0
0000882291,AEMD,2023-05-17,0,9.436532670472351e-07,1.0
0000882291,AEMD,2023-05-18,0,9.436532670472351e-07,1.0
0000882291,AEMD,2023-05-19,0,9.436532670472351e-07,1.0
0000882291,AEMD,2023-05-22,0,9.436532670472351e-07,1.0
0000882291,AEMD,2023-05-23,0,9.436532670472351e-07,1.0
0000882291,AEMD,2023-05-24,0,9.436532670472351e-07,1.0
0000882291,AEMD,2023-05-25,0,9.436532670472351e-07,1.0
0000882291,AEMD,2023-05-26,0,9.436532670472351e-07,1.0
0000882291,AEMD,2023-05-29,0,9.436532670472351e-07,1.0
0000882291,AEMD,2023-05-30,0,9.436532670472351e-07,1.0
0000882291,AEMD,2023-05-31,0,9.436532670472351e-07,1.0
0000882291,AEMD,2023-06-01,0,9.436532670472351e-07,1.0
0000882291,AEMD,2023-06-02,0,9.436532670472351e-07,1.0
0000882291,AEMD,2023-06-05,0,9.436532670472351e-07,1.0
0000882291,AEMD,2023-06-06,0,9.436532670472351e-07,1.0
0000882291,AEMD,2023-06-07,0,9.436532670472351e-07,1.0
0000882291,AEMD,2023-06-08,0,9.436532670472351e-07,1.0
0000882291,AEMD,2023-06-09,0,9.436532670472351e-07,1.0
0000882291,AEMD,2023-06-12,0,9.436532670472351e-07,1.0
0000882291,AEMD,2023-06-13,0,9.436532670472351e-07,1.0
0000882291,AEMD,2023-06-14,0,9.436532670472351e-07,1.0
0000882291,AEMD,2023-06-15,0,9.436532670472351e-07,1.0
0000882291,AEMD,2023-06-16,0,9.436532670472351e-07,1.0
0000882291,AEMD,2023-06-19,0,9.436532670472351e-07,1.0
0000882291,AEMD,2023-06-20,0,9.436532670472351e-07,1.0
0000882291,AEMD,2023-06-21,0,9.436532670472351e-07,1.0
0000882291,AEMD,2023-06-22,0,9.436532670472351e-07,1.0
0000882291,AEMD,2023-06-23,0,9.436532670472351e-07,1.0
0000882291,AEMD,2023-06-26,0,9.436532670472351e-07,1.0
0000882291,AEMD,2023-06-27,0,9.436532670472351e-07,1.0
0000882291,AEMD,2023-06-28,0,9.436532670472351e-07,1.0
0000882291,AEMD,2023-06-29,0,5.0659301540466733e-08,1.0
0000882291,AEMD,2023-06-30,0,5.0659301540466733e-08,1.0
0000882291,AEMD,2023-07-03,0,5.0659301540466733e-08,1.0
0000882291,AEMD,2023-07-04,0,5.0659301540466733e-08,1.0
0000882291,AEMD,2023-07-05,0,5.0659301540466733e-08,1.0
0000882291,AEMD,2023-07-06,0,5.0659301540466733e-08,1.0
0000882291,AEMD,2023-07-07,0,5.0659301540466733e-08,1.0
0000882291,AEMD,2023-07-10,0,5.0659301540466733e-08,1.0
0000882291,AEMD,2023-07-11,0,5.0659301540466733e-08,1.0
0000882291,AEMD,2023-07-12,0,5.0659301540466733e-08,1.0
0000882291,AEMD,2023-07-13,0,5.0659301540466733e-08,1.0
0000882291,AEMD,2023-07-14,0,5.0659301540466733e-08,1.0
0000882291,AEMD,2023-07-17,0,5.0659301540466733e-08,1.0
0000882291,AEMD,2023-07-18,0,4.42693711584723e-08,1.0
0000882291,AEMD,2023-07-19,0,4.42693711584723e-08,1.0
0000882291,AEMD,2023-07-20,0,4.42693711584723e-08,1.0
0000882291,AEMD,2023-07-21,0,4.42693711584723e-08,1.0
0000882291,AEMD,2023-07-24,0,4.42693711584723e-08,1.0
0000882291,AEMD,2023-07-25,0,4.42693711584723e-08,1.0
0000882291,AEMD,2023-07-26,0,4.42693711584723e-08,1.0
0000882291,AEMD,2023-07-27,0,4.42693711584723e-08,1.0
0000882291,AEMD,2023-07-28,0,3.8685437058809937e-08,1.0
0000882291,AEMD,2023-07-31,0,8.553288842335954e-08,1.0
0000882291,AEMD,2023-08-01,0,8.553288842335954e-08,1.0
0000882291,AEMD,2023-08-02,0,8.553288842335954e-08,1.0
0000882291,AEMD,2023-08-03,0,8.553288842335954e-08,1.0
0000882291,AEMD,2023-08-04,0,8.553288842335954e-08,1.0
0000882291,AEMD,2023-08-07,0,8.553288842335954e-08,1.0
0000882291,AEMD,2023-08-08,0,8.553288842335954e-08,1.0
0000882291,AEMD,2023-08-09,0,8.553288842335954e-08,1.0
0000882291,AEMD,2023-08-10,0,8.553288842335954e-08,1.0
0000882291,AEMD,2023-08-11,0,9.719672930197237e-08,1.0
0000882291,AEMD,2023-08-14,0,9.765537406497198e-08,1.0
0000882291,AEMD,2023-08-15,0,9.765537406497198e-08,1.0
0000882291,AEMD,2023-08-16,0,9.765537406497198e-08,1.0
0000882291,AEMD,2023-08-17,0,1.4269905719176735e-07,1.0
0000882291,AEMD,2023-08-18,0,1.4269905719176735e-07,1.0
0000882291,AEMD,2023-08-21,0,1.4269905719176735e-07,1.0
0000882291,AEMD,2023-08-22,0,1.4269905719176735e-07,1.0
0000882291,AEMD,2023-08-23,0,1.4269905719176735e-07,1.0
0000882291,AEMD,2023-08-24,0,1.4269905719176735e-07,1.0
0000882291,AEMD,2023-08-25,0,1.4269905719176735e-07,1.0
0000882291,AEMD,2023-08-28,0,4.1685807517662823e-07,1.0
0000882291,AEMD,2023-08-29,0,4.1685807517662823e-07,1.0
0000882291,AEMD,2023-08-30,0,4.1685807517662823e-07,1.0
0000882291,AEMD,2023-08-31,0,4.1685807517662823e-07,1.0
0000882291,AEMD,2023-09-01,0,4.1685807517662823e-07,1.0
0000882291,AEMD,2023-09-04,0,4.1685807517662823e-07,1.0
0000882291,AEMD,2023-09-05,0,4.1685807517662823e-07,1.0
0000882291,AEMD,2023-09-06,0,4.1685807517662823e-07,1.0
0000882291,AEMD,2023-09-07,0,4.1685807517662823e-07,1.0
0000882291,AEMD,2023-09-08,0,4.1685807517662823e-07,1.0
0000882291,AEMD,2023-09-11,0,3.729648553955439e-07,1.0
0000882291,AEMD,2023-09-12,0,3.729648553955439e-07,1.0
0000882291,AEMD,2023-09-13,0,3.729648553955439e-07,1.0
0000882291,AEMD,2023-09-14,0,3.729648553955439e-07,1.0
0000882291,AEMD,2023-09-15,0,3.729648553955439e-07,1.0
0000882291,AEMD,2023-09-18,0,3.729648553955439e-07,1.0
0000882291,AEMD,2023-09-19,0,3.729648553955439e-07,1.0
0000882291,AEMD,2023-09-20,0,3.729648553955439e-07,1.0
0000882291,AEMD,2023-09-21,0,3.729648553955439e-07,1.0
0000882291,AEMD,2023-09-22,0,3.729648553955439e-07,1.0
0000882291,AEMD,2023-09-25,0,3.729648553955439e-07,1.0
0000882291,AEMD,2023-09-26,0,3.729648553955439e-07,1.0
0000882291,AEMD,2023-09-27,0,3.7021278540068827e-07,1.0
0000882291,AEMD,2023-09-28,0,3.7021278540068827e-07,1.0
0000882291,AEMD,2023-09-29,0,3.7021278540068827e-07,1.0
0000882291,AEMD,2023-10-02,0,3.7021278540068827e-07,1.0
0000882291,AEMD,2023-10-03,0,3.7021278540068827e-07,1.0
0000882291,AEMD,2023-10-04,0,3.7021278540068827e-07,1.0
0000882291,AEMD,2023-10-05,0,3.7021278540068827e-07,1.0
0000882291,AEMD,2023-10-06,0,3.7021278540068827e-07,1.0
0000882291,AEMD,2023-10-09,0,3.7021278540068827e-07,1.0
0000882291,AEMD,2023-10-10,0,3.7021278540068827e-07,1.0
0000882291,AEMD,2023-10-11,0,3.7021278540068827e-07,1.0
0000882291,AEMD,2023-10-12,0,3.7021278540068827e-07,1.0
0000882291,AEMD,2023-10-13,0,3.7021278540068827e-07,1.0
0000882291,AEMD,2023-10-16,0,2.7184516776952735e-07,1.0
0000882291,AEMD,2023-10-17,0,2.7184516776952735e-07,1.0
0000882291,AEMD,2023-10-18,0,2.7184516776952735e-07,1.0
0000882291,AEMD,2023-10-19,0,2.7184516776952735e-07,1.0
0000882291,AEMD,2023-10-20,0,2.7184516776952735e-07,1.0
0000882291,AEMD,2023-10-23,0,2.7184516776952735e-07,1.0
0000882291,AEMD,2023-10-24,0,2.7184516776952735e-07,1.0
0000882291,AEMD,2023-10-25,0,2.7184516776952735e-07,1.0
0000882291,AEMD,2023-10-26,0,1.0585188395742883e-07,1.0
0000882291,AEMD,2023-10-27,0,1.0585188395742883e-07,1.0
0000882291,AEMD,2023-10-30,0,1.0585188395742883e-07,1.0
0000882291,AEMD,2023-10-31,0,1.0585188395742883e-07,1.0
0000882291,AEMD,2023-11-01,0,1.0585188395742883e-07,1.0
0000882291,AEMD,2023-11-02,0,1.0585188395742883e-07,1.0
0000882291,AEMD,2023-11-03,0,1.0585188395742883e-07,1.0
0000882291,AEMD,2023-11-06,0,1.0585188395742883e-07,1.0
0000882291,AEMD,2023-11-07,0,1.0585188395742883e-07,1.0
0000882291,AEMD,2023-11-08,0,1.0585188395742883e-07,1.0
0000882291,AEMD,2023-11-09,0,1.4809338628219143e-07,1.0
0000882291,AEMD,2023-11-10,0,1.4809338628219143e-07,1.0
0000882291,AEMD,2023-11-13,0,1.4809338628219143e-07,1.0
0000882291,AEMD,2023-11-14,0,1.4809338628219143e-07,1.0
0000882291,AEMD,2023-11-15,0,1.1792766028424911e-07,1.0
0000882291,AEMD,2023-11-16,0,1.1792766028424911e-07,1.0
0000882291,AEMD,2023-11-17,0,1.1792766028424911e-07,1.0
0000882291,AEMD,2023-11-20,0,1.1792766028424911e-07,1.0
0000882291,AEMD,2023-11-21,0,1.1792766028424911e-07,1.0
0000882291,AEMD,2023-11-22,0,1.1792766028424911e-07,1.0
0000882291,AEMD,2023-11-23,0,1.1792766028424911e-07,1.0
0000882291,AEMD,2023-11-24,0,1.1792766028424911e-07,1.0
0000882291,AEMD,2023-11-27,0,1.1792766028424911e-07,1.0
0000882291,AEMD,2023-11-28,0,1.1792766028424911e-07,1.0
0000882291,AEMD,2023-11-29,0,1.1792766028424911e-07,1.0
0000882291,AEMD,2023-11-30,0,1.1792766028424911e-07,1.0
0000882291,AEMD,2023-12-01,0,1.1792766028424911e-07,1.0
0000882291,AEMD,2023-12-04,0,1.1792766028424911e-07,1.0
0000882291,AEMD,2023-12-05,0,1.1792766028424911e-07,1.0
0000882291,AEMD,2023-12-06,0,1.1792766028424911e-07,1.0
0000882291,AEMD,2023-12-07,0,1.1792766028424911e-07,1.0
0000882291,AEMD,2023-12-08,0,1.1792766028424911e-07,1.0
0000882291,AEMD,2023-12-11,0,1.1792766028424911e-07,1.0
0000882291,AEMD,2023-12-12,0,1.1792766028424911e-07,1.0
0000882291,AEMD,2023-12-13,0,1.1792766028424911e-07,1.0
0000882291,AEMD,2023-12-14,0,1.1792766028424911e-07,1.0
0000882291,AEMD,2023-12-15,0,1.0551042189121298e-07,1.0
0000882291,AEMD,2023-12-18,0,1.0551042189121298e-07,1.0
0000882291,AEMD,2023-12-19,0,1.0551042189121298e-07,1.0
0000882291,AEMD,2023-12-20,0,1.0551042189121298e-07,1.0
0000882291,AEMD,2023-12-21,0,1.0551042189121298e-07,1.0
0000882291,AEMD,2023-12-22,0,1.0551042189121298e-07,1.0
0000882291,AEMD,2023-12-25,0,1.0551042189121298e-07,1.0
0000882291,AEMD,2023-12-26,0,2.2558226260444405e-07,1.0
0000882291,AEMD,2023-12-27,0,2.2558226260444405e-07,1.0
0000882291,AEMD,2023-12-28,0,2.2558226260444405e-07,1.0
0000882291,AEMD,2023-12-29,0,2.2558226260444405e-07,1.0
0000882291,AEMD,2024-01-01,0,2.2558226260444405e-07,1.0
0000882291,AEMD,2024-01-02,0,2.2558226260444405e-07,1.0
0000882291,AEMD,2024-01-03,0,2.2558226260444405e-07,1.0
0000882291,AEMD,2024-01-04,0,2.2558226260444405e-07,1.0
0000882291,AEMD,2024-01-05,0,2.2558226260444405e-07,1.0
0000882291,AEMD,2024-01-08,0,2.2558226260444405e-07,1.0
0000882291,AEMD,2024-01-09,0,2.2558226260444405e-07,1.0
0000882291,AEMD,2024-01-10,0,2.2558226260444405e-07,1.0
0000882291,AEMD,2024-01-11,0,2.2558226260444405e-07,1.0
0000882291,AEMD,2024-01-12,0,2.2558226260444405e-07,1.0
0000882291,AEMD,2024-01-15,0,2.407358887742684e-07,1.0
0000882291,AEMD,2024-01-16,0,2.407358887742684e-07,1.0
0000882291,AEMD,2024-01-17,0,2.407358887742684e-07,1.0
0000882291,AEMD,2024-01-18,0,2.407358887742684e-07,1.0
0000882291,AEMD,2024-01-19,0,2.407358887742684e-07,1.0
0000882291,AEMD,2024-01-22,0,2.407358887742684e-07,1.0
0000882291,AEMD,2024-01-23,0,2.407358887742684e-07,1.0
0000882291,AEMD,2024-01-24,0,6.756290494727239e-07,1.0
0000882291,AEMD,2024-01-25,0,6.756290494727239e-07,1.0
0000882291,AEMD,2024-01-26,0,6.756290494727239e-07,1.0
0000882291,AEMD,2024-01-29,0,6.756290494727239e-07,1.0
0000882291,AEMD,2024-01-30,0,6.756290494727239e-07,1.0
0000882291,AEMD,2024-01-31,0,6.756290494727239e-07,1.0
0000882291,AEMD,2024-02-01,0,6.756290494727239e-07,1.0
0000882291,AEMD,2024-02-02,0,6.756290494727239e-07,1.0
0000882291,AEMD,2024-02-05,0,6.756290494727239e-07,1.0
0000882291,AEMD,2024-02-06,0,6.756290494727239e-07,1.0
0000882291,AEMD,2024-02-07,0,6.776198570271564e-07,1.0
0000882291,AEMD,2024-02-08,0,6.776198570271564e-07,1.0
0000882291,AEMD,2024-02-09,0,6.776198570271564e-07,1.0
0000882291,AEMD,2024-02-12,0,6.776198570271564e-07,1.0
0000882291,AEMD,2024-02-13,0,9.48032218135748e-07,1.0
0000882291,AEMD,2024-02-14,0,9.48032218135748e-07,1.0
0000882291,AEMD,2024-02-15,0,7.549239191726938e-07,1.0
0000882291,AEMD,2024-02-16,0,7.549239191726938e-07,1.0
0000882291,AEMD,2024-02-19,0,7.549239191726938e-07,1.0
0000882291,AEMD,2024-02-20,0,7.549239191726938e-07,1.0
0000882291,AEMD,2024-02-21,0,7.549239191726938e-07,1.0
0000882291,AEMD,2024-02-22,0,7.549239191726938e-07,1.0
0000882291,AEMD,2024-02-23,0,7.549239191726938e-07,1.0
0000882291,AEMD,2024-02-26,0,7.549239191726938e-07,1.0
0000882291,AEMD,2024-02-27,0,7.549239191726938e-07,1.0
0000882291,AEMD,2024-02-28,0,7.549239191726938e-07,1.0
0000882291,AEMD,2024-02-29,0,7.549239191726938e-07,1.0
0000882291,AEMD,2024-03-01,0,7.549239191726938e-07,1.0
0000882291,AEMD,2024-03-04,0,7.549239191726938e-07,1.0
0000882291,AEMD,2024-03-05,0,7.549239191726938e-07,1.0
0000882291,AEMD,2024-03-06,0,7.549239191726938e-07,1.0
0000882291,AEMD,2024-03-07,0,7.549239191726938e-07,1.0
0000882291,AEMD,2024-03-08,0,7.549239191726938e-07,1.0
0000882291,AEMD,2024-03-11,0,7.549239191726938e-07,1.0
0000882291,AEMD,2024-03-12,0,7.549239191726938e-07,1.0
0000882291,AEMD,2024-03-13,0,7.549239191726938e-07,1.0
0000882291,AEMD,2024-03-14,0,7.549239191726938e-07,1.0
0000882291,AEMD,2024-03-15,0,7.549239191726938e-07,1.0
0000882291,AEMD,2024-03-18,0,6.754339597528796e-07,1.0
0000882291,AEMD,2024-03-19,0,6.754339597528796e-07,1.0
0000882291,AEMD,2024-03-20,0,6.754339597528796e-07,1.0
0000882291,AEMD,2024-03-21,0,6.754339597528796e-07,1.0
0000882291,AEMD,2024-03-22,0,6.754339597528796e-07,1.0
0000882291,AEMD,2024-03-25,0,0.0003326726754022793,1.0
0000882291,AEMD,2024-03-26,0,0.0003326726754022793,1.0
0000882291,AEMD,2024-03-27,0,0.0003326726754022793,1.0
0000882291,AEMD,2024-03-28,0,0.0003326726754022793,1.0
0000882291,AEMD,2024-03-29,0,0.0003326726754022793,1.0
0000882291,AEMD,2024-04-01,0,0.0003326726754022793,1.0
0000882291,AEMD,2024-04-02,0,0.0003326726754022793,1.0
0000882291,AEMD,2024-04-03,0,0.0003326726754022793,1.0
0000882291,AEMD,2024-04-04,0,0.0003326726754022793,1.0
0000882291,AEMD,2024-04-05,0,0.0003326726754022793,1.0
0000882291,AEMD,2024-04-08,0,0.0003326726754022793,1.0
0000882291,AEMD,2024-04-09,0,0.0003326726754022793,1.0
0000882291,AEMD,2024-04-10,0,0.0003326726754022793,1.0
0000882291,AEMD,2024-04-11,0,0.0003326726754022793,1.0
0000882291,AEMD,2024-04-12,0,0.0003326726754022793,1.0
0000882291,AEMD,2024-04-15,0,0.0003326726754022793,1.0
0000882291,AEMD,2024-04-16,0,0.0003326726754022793,1.0
0000882291,AEMD,2024-04-17,0,0.0003326726754022793,1.0
0000882291,AEMD,2024-04-18,0,0.0003326726754022793,1.0
0000882291,AEMD,2024-04-19,0,0.0003326726754022793,1.0
0000882291,AEMD,2024-04-22,0,0.0003326726754022793,1.0
0000882291,AEMD,2024-04-23,0,0.0003326726754022793,1.0
0000882291,AEMD,2024-04-24,0,0.0009615595871230141,1.0
0000882291,AEMD,2024-04-25,0,0.0009615595871230141,1.0
0000882291,AEMD,2024-04-26,0,0.0009615595871230141,1.0
0000882291,AEMD,2024-04-29,0,0.0009615595871230141,1.0
0000882291,AEMD,2024-04-30,0,0.0009615595871230141,1.0
0000882291,AEMD,2024-05-01,0,0.0009615595871230141,1.0
0000882291,AEMD,2024-05-02,0,0.0009615595871230141,1.0
0000882291,AEMD,2024-05-03,0,0.0009615595871230141,1.0
0000882291,AEMD,2024-05-06,0,0.0009615595871230141,1.0
0000882291,AEMD,2024-05-07,0,0.0009615595871230141,1.0
0000882291,AEMD,2024-05-08,0,0.0009615595871230141,1.0
0000882291,AEMD,2024-05-09,0,0.0009615595871230141,1.0
0000882291,AEMD,2024-05-10,0,0.0009615595871230141,1.0
0000882291,AEMD,2024-05-13,0,0.0009615595871230141,1.0
0000882291,AEMD,2024-05-14,0,0.0009643901866576901,1.0
0000882291,AEMD,2024-05-15,0,0.0009643901866576901,1.0
0000882291,AEMD,2024-05-16,0,0.0009454957338107297,1.0
0000882291,AEMD,2024-05-17,0,0.0009454957338107297,1.0
0000882291,AEMD,2024-05-20,0,0.001079764756367763,1.0
0000882291,AEMD,2024-05-21,0,0.001079764756367763,1.0
0000882291,AEMD,2024-05-22,0,0.001079764756367763,1.0
0000882291,AEMD,2024-05-23,0,0.001079764756367763,1.0
0000882291,AEMD,2024-05-24,0,0.001079764756367763,1.0
0000882291,AEMD,2024-05-27,0,0.001079764756367763,1.0
0000882291,AEMD,2024-05-28,0,0.001079764756367763,1.0
0000882291,AEMD,2024-05-29,0,0.001079764756367763,1.0
0000882291,AEMD,2024-05-30,0,0.001079764756367763,1.0
0000882291,AEMD,2024-05-31,0,0.001079764756367763,1.0
0000882291,AEMD,2024-06-03,0,0.001079764756367763,1.0
0000882291,AEMD,2024-06-04,0,0.001079764756367763,1.0
0000882291,AEMD,2024-06-05,0,0.001079764756367763,1.0
0000882291,AEMD,2024-06-06,0,0.001079764756367763,1.0
0000882291,AEMD,2024-06-07,0,0.001079764756367763,1.0
0000882291,AEMD,2024-06-10,0,0.001079764756367763,1.0
0000882291,AEMD,2024-06-11,0,0.001079764756367763,1.0
0000882291,AEMD,2024-06-12,0,0.001079764756367763,1.0
0000882291,AEMD,2024-06-13,0,0.001079764756367763,1.0
0000882291,AEMD,2024-06-14,0,0.001079764756367763,1.0
0000882291,AEMD,2024-06-17,0,0.001079764756367763,1.0
0000882291,AEMD,2024-06-18,0,0.001079764756367763,1.0
0000882291,AEMD,2024-06-19,0,0.0009644709535851542,1.0
0000882291,AEMD,2024-06-20,0,0.0009644709535851542,1.0
0000882291,AEMD,2024-06-21,0,0.0009644709535851542,1.0
0000882291,AEMD,2024-06-24,0,1.8176187495913157e-05,1.0
0000882291,AEMD,2024-06-25,0,1.8176187495913157e-05,1.0
0000882291,AEMD,2024-06-26,0,1.8176187495913157e-05,1.0
0000882291,AEMD,2024-06-27,0,1.8176187495913157e-05,1.0
0000882291,AEMD,2024-06-28,0,5.875655665567813e-06,1.0
0000882291,AEMD,2024-07-01,0,5.875655665567813e-06,1.0
0000882291,AEMD,2024-07-02,0,5.875655665567813e-06,1.0
0000882291,AEMD,2024-07-03,0,5.875655665567813e-06,1.0
0000882291,AEMD,2024-07-04,0,5.875655665567813e-06,1.0
0000882291,AEMD,2024-07-05,0,5.875655665567813e-06,1.0
0000882291,AEMD,2024-07-08,0,5.875655665567813e-06,1.0
0000882291,AEMD,2024-07-09,0,5.875655665567813e-06,1.0
0000882291,AEMD,2024-07-10,0,5.875655665567813e-06,1.0
0000882291,AEMD,2024-07-11,0,5.875655665567813e-06,1.0
0000882291,AEMD,2024-07-12,0,5.875655665567813e-06,1.0
0000882291,AEMD,2024-07-15,0,5.875655665567813e-06,1.0
0000882291,AEMD,2024-07-16,0,5.875655665567813e-06,1.0
0000882291,AEMD,2024-07-17,0,5.875655665567813e-06,1.0
0000882291,AEMD,2024-07-18,0,5.875655665567813e-06,1.0
0000882291,AEMD,2024-07-19,0,5.875655665567813e-06,1.0
0000882291,AEMD,2024-07-22,0,5.875655665567813e-06,1.0
0000882291,AEMD,2024-07-23,0,5.875655665567813e-06,1.0
0000882291,AEMD,2024-07-24,0,5.875655665567813e-06,1.0
0000882291,AEMD,2024-07-25,0,5.875655665567813e-06,1.0
0000882291,AEMD,2024-07-26,0,5.875655665567813e-06,1.0
0000882291,AEMD,2024-07-29,0,2.959945882584604e-05,1.0
0000882291,AEMD,2024-07-30,0,2.959945882584604e-05,1.0
0000882291,AEMD,2024-07-31,0,2.959945882584604e-05,1.0
0000882291,AEMD,2024-08-01,0,2.959945882584604e-05,1.0
0000882291,AEMD,2024-08-02,0,2.959945882584604e-05,1.0
0000882291,AEMD,2024-08-05,0,2.959945882584604e-05,1.0
0000882291,AEMD,2024-08-06,0,2.959945882584604e-05,1.0
0000882291,AEMD,2024-08-07,0,2.959945882584604e-05,1.0
0000882291,AEMD,2024-08-08,0,2.959945882584604e-05,1.0
0000882291,AEMD,2024-08-09,0,2.959945882584604e-05,1.0
0000882291,AEMD,2024-08-12,0,2.959945882584604e-05,1.0
0000882291,AEMD,2024-08-13,0,2.959945882584604e-05,1.0
0000882291,AEMD,2024-08-14,0,2.968667401718653e-05,1.0
0000882291,AEMD,2024-08-15,0,3.604125164748826e-05,1.0
0000882291,AEMD,2024-08-16,0,0.00011450059186370183,1.0
0000882291,AEMD,2024-08-19,0,0.00011181168504817177,1.0
0000882291,AEMD,2024-08-20,0,0.00011181168504817177,1.0
0000882291,AEMD,2024-08-21,0,0.00011181168504817177,1.0
0000882291,AEMD,2024-08-22,0,0.00011181168504817177,1.0
0000882291,AEMD,2024-08-23,0,0.00011181168504817177,1.0
0000882291,AEMD,2024-08-26,0,0.00011181168504817177,1.0
0000882291,AEMD,2024-08-27,0,0.00011181168504817177,1.0
0000882291,AEMD,2024-08-28,0,0.00011181168504817177,1.0
0000882291,AEMD,2024-08-29,0,0.00011181168504817177,1.0
0000882291,AEMD,2024-08-30,0,0.00011181168504817177,1.0
0000882291,AEMD,2024-09-02,0,0.00011181168504817177,1.0
0000882291,AEMD,2024-09-03,0,0.00011181168504817177,1.0
0000882291,AEMD,2024-09-04,0,0.00011181168504817177,1.0
0000882291,AEMD,2024-09-05,0,0.00011181168504817177,1.0
0000882291,AEMD,2024-09-06,0,0.00011181168504817177,1.0
0000882291,AEMD,2024-09-09,0,0.00011181168504817177,1.0
0000882291,AEMD,2024-09-10,0,0.00011181168504817177,1.0
0000882291,AEMD,2024-09-11,0,0.00011181168504817177,1.0
0000882291,AEMD,2024-09-12,0,0.00011181168504817177,1.0
0000882291,AEMD,2024-09-13,0,0.00011181168504817177,1.0
0000882291,AEMD,2024-09-16,0,7.195182742653045e-05,1.0
0000882291,AEMD,2024-09-17,0,7.195182742653045e-05,1.0
0000882291,AEMD,2024-09-18,0,7.195182742653045e-05,1.0
0000882291,AEMD,2024-09-19,0,7.195182742653045e-05,1.0
0000882291,AEMD,2024-09-20,0,7.195182742653045e-05,1.0
0000882291,AEMD,2024-09-23,0,8.743008084250946e-06,1.0
0000882291,AEMD,2024-09-24,0,8.743008084250946e-06,1.0
0000882291,AEMD,2024-09-25,0,8.743008084250946e-06,1.0
0000882291,AEMD,2024-09-26,0,2.8725081880581197e-06,1.0
0000882291,AEMD,2024-09-27,0,2.8725081880581197e-06,1.0
0000882291,AEMD,2024-09-30,0,2.8725081880581197e-06,1.0
0000882291,AEMD,2024-10-01,0,2.8725081880581197e-06,1.0
0000882291,AEMD,2024-10-02,0,2.8725081880581197e-06,1.0
0000882291,AEMD,2024-10-03,0,3.0459895333527483e-06,1.0
0000882291,AEMD,2024-10-04,0,3.0459895333527483e-06,1.0
0000882291,AEMD,2024-10-07,0,3.0459895333527483e-06,1.0
0000882291,AEMD,2024-10-08,0,3.0459895333527483e-06,1.0
0000882291,AEMD,2024-10-09,0,3.0459895333527483e-06,1.0
0000882291,AEMD,2024-10-10,0,3.0459895333527483e-06,1.0
0000882291,AEMD,2024-10-11,0,3.0459895333527483e-06,1.0
0000882291,AEMD,2024-10-14,0,3.0459895333527483e-06,1.0
0000882291,AEMD,2024-10-15,0,3.0459895333527483e-06,1.0
0000882291,AEMD,2024-10-16,0,3.0459895333527483e-06,1.0
0000882291,AEMD,2024-10-17,0,3.0459895333527483e-06,1.0
0000882291,AEMD,2024-10-18,0,3.0459895333527483e-06,1.0
0000882291,AEMD,2024-10-21,0,3.0459895333527483e-06,1.0
0000882291,AEMD,2024-10-22,0,3.0459895333527483e-06,1.0
0000882291,AEMD,2024-10-23,0,3.0459895333527483e-06,1.0
0000882291,AEMD,2024-10-24,0,3.0459895333527483e-06,1.0
0000882291,AEMD,2024-10-25,0,3.0459895333527483e-06,1.0
0000882291,AEMD,2024-10-28,0,3.0459895333527483e-06,1.0
0000882291,AEMD,2024-10-29,0,3.0459895333527483e-06,1.0
0000882291,AEMD,2024-10-30,0,3.0459895333527483e-06,1.0
0000882291,AEMD,2024-10-31,0,3.0459895333527483e-06,1.0
0000882291,AEMD,2024-11-01,0,3.0459895333527483e-06,1.0
0000882291,AEMD,2024-11-04,0,4.853392654724631e-06,1.0
0000882291,AEMD,2024-11-05,0,4.853392654724631e-06,1.0
0000882291,AEMD,2024-11-06,0,4.853392654724631e-06,1.0
0000882291,AEMD,2024-11-07,0,4.853392654724631e-06,1.0
0000882291,AEMD,2024-11-08,0,4.853392654724631e-06,1.0
0000882291,AEMD,2024-11-11,0,4.853392654724631e-06,1.0
0000882291,AEMD,2024-11-12,0,4.853392654724631e-06,1.0
0000882291,AEMD,2024-11-13,0,6.449382383820032e-06,1.0
0000882291,AEMD,2024-11-14,0,3.8088543451563144e-06,1.0
0000882291,AEMD,2024-11-15,0,3.8088543451563144e-06,1.0
0000882291,AEMD,2024-11-18,0,3.822326065571914e-06,1.0
0000882291,AEMD,2024-11-19,0,3.822326065571914e-06,1.0
0000882291,AEMD,2024-11-20,0,3.822326065571914e-06,1.0
0000882291,AEMD,2024-11-21,0,3.822326065571914e-06,1.0
0000882291,AEMD,2024-11-22,0,3.822326065571914e-06,1.0
0000882291,AEMD,2024-11-25,0,3.822326065571914e-06,1.0
0000882291,AEMD,2024-11-26,0,3.822326065571914e-06,1.0
0000882291,AEMD,2024-11-27,0,3.822326065571914e-06,1.0
0000882291,AEMD,2024-11-28,0,3.822326065571914e-06,1.0
0000882291,AEMD,2024-11-29,0,3.822326065571914e-06,1.0
0000882291,AEMD,2024-12-02,0,3.822326065571914e-06,1.0
0000882291,AEMD,2024-12-03,0,3.822326065571914e-06,1.0
0000882291,AEMD,2024-12-04,0,3.822326065571914e-06,1.0
0000882291,AEMD,2024-12-05,0,3.822326065571914e-06,1.0
0000882291,AEMD,2024-12-06,0,3.822326065571914e-06,1.0
0000882291,AEMD,2024-12-09,0,3.822326065571914e-06,1.0
0000882291,AEMD,2024-12-10,0,3.822326065571914e-06,1.0
0000882291,AEMD,2024-12-11,0,3.822326065571914e-06,1.0
0000882291,AEMD,2024-12-12,0,3.822326065571914e-06,1.0
0000882291,AEMD,2024-12-13,0,3.822326065571914e-06,1.0
0000882291,AEMD,2024-12-16,0,3.347881909557001e-06,1.0
0000882291,AEMD,2024-12-17,0,3.347881909557001e-06,1.0
0000882291,AEMD,2024-12-18,0,3.347881909557001e-06,1.0
0000882291,AEMD,2024-12-19,0,3.347881909557001e-06,1.0
0000882291,AEMD,2024-12-20,0,3.347881909557001e-06,1.0
0000882291,AEMD,2024-12-23,0,3.347881909557001e-06,1.0
0000882291,AEMD,2024-12-24,0,3.347881909557001e-06,1.0
0000882291,AEMD,2024-12-25,0,3.4144992469233613e-06,1.0
0000882291,AEMD,2024-12-26,0,3.4144992469233613e-06,1.0
0000882291,AEMD,2024-12-27,0,3.4144992469233613e-06,1.0
0000882291,AEMD,2024-12-30,0,3.4144992469233613e-06,1.0
0000882291,AEMD,2024-12-31,0,3.4144992469233613e-06,1.0
0000882291,AEMD,2025-01-01,0,8.939656332800259e-07,1.0
0000882291,AEMD,2025-01-02,0,8.939656332800259e-07,1.0
0000882291,AEMD,2025-01-03,0,8.939656332800259e-07,1.0
0000882291,AEMD,2025-01-06,0,8.939656332800259e-07,1.0
0000882291,AEMD,2025-01-07,0,8.939656332800259e-07,1.0
0000882291,AEMD,2025-01-08,0,8.939656332800259e-07,1.0
0000882291,AEMD,2025-01-09,0,8.939656332800259e-07,1.0
0000882291,AEMD,2025-01-10,0,8.939656332800259e-07,1.0
0000882291,AEMD,2025-01-13,0,8.939656332800259e-07,1.0
0000882291,AEMD,2025-01-14,0,8.939656332800259e-07,1.0
0000882291,AEMD,2025-01-15,0,8.939656332800259e-07,1.0
0000882291,AEMD,2025-01-16,0,8.939656332800259e-07,1.0
0000882291,AEMD,2025-01-17,0,8.939656332800259e-07,1.0
0000882291,AEMD,2025-01-20,0,8.939656332800259e-07,1.0
0000882291,AEMD,2025-01-21,0,8.939656332800259e-07,1.0
0000882291,AEMD,2025-01-22,0,8.939656332800259e-07,1.0
0000882291,AEMD,2025-01-23,0,8.939656332800259e-07,1.0
0000882291,AEMD,2025-01-24,0,8.939656332800259e-07,1.0
0000882291,AEMD,2025-01-27,0,8.939656332800259e-07,1.0
0000882291,AEMD,2025-01-28,0,8.939656332800259e-07,1.0
0000882291,AEMD,2025-01-29,0,8.939656332800259e-07,1.0
0000882291,AEMD,2025-01-30,0,8.939656332800259e-07,1.0
0000882291,AEMD,2025-01-31,0,8.939656332800259e-07,1.0
0000882291,AEMD,2025-02-03,0,8.939656332800259e-07,1.0
0000882291,AEMD,2025-02-04,0,8.939656332800259e-07,1.0
0000882291,AEMD,2025-02-05,0,8.939656332800259e-07,1.0
0000882291,AEMD,2025-02-06,0,8.939656332800259e-07,1.0
0000882291,AEMD,2025-02-07,0,8.939656332800259e-07,1.0
0000882291,AEMD,2025-02-10,0,8.939656332800259e-07,1.0
0000882291,AEMD,2025-02-11,0,9.034849816249971e-07,1.0
0000882291,AEMD,2025-02-12,0,6.0282055861216075e-06,1.0
0000882291,AEMD,2025-02-13,0,5.102483367146634e-06,1.0
0000882291,AEMD,2025-02-14,0,5.102483367146634e-06,1.0
0000882291,AEMD,2025-02-17,0,5.102483367146634e-06,1.0
0000882291,AEMD,2025-02-18,0,5.102483367146634e-06,1.0
0000882291,AEMD,2025-02-19,0,5.102483367146634e-06,1.0
0000882291,AEMD,2025-02-20,0,5.102483367146634e-06,1.0
0000882291,AEMD,2025-02-21,0,5.102483367146634e-06,1.0
0000882291,AEMD,2025-02-24,0,5.102483367146634e-06,1.0
0000882291,AEMD,2025-02-25,0,5.102483367146634e-06,1.0
0000882291,AEMD,2025-02-26,0,5.102483367146634e-06,1.0
0000882291,AEMD,2025-02-27,0,5.102483367146634e-06,1.0
0000882291,AEMD,2025-02-28,0,5.102483367146634e-06,1.0
0000882291,AEMD,2025-03-03,0,5.102483367146634e-06,1.0
0000882291,AEMD,2025-03-04,0,5.102483367146634e-06,1.0
0000882291,AEMD,2025-03-05,0,5.102483367146634e-06,1.0
0000882291,AEMD,2025-03-06,0,5.102483367146634e-06,1.0
0000882291,AEMD,2025-03-07,0,5.102483367146634e-06,1.0
0000882291,AEMD,2025-03-10,0,5.102483367146634e-06,1.0
0000882291,AEMD,2025-03-11,0,5.102483367146634e-06,1.0
0000882291,AEMD,2025-03-12,0,5.102483367146634e-06,1.0
0000882291,AEMD,2025-03-13,0,5.102483367146634e-06,1.0
0000882291,AEMD,2025-03-14,0,5.102483367146634e-06,1.0
0000882291,AEMD,2025-03-17,0,1.3369502861447344e-06,1.0
0000882291,AEMD,2025-03-18,0,1.3369502861447344e-06,1.0
0000882291,AEMD,2025-03-19,0,1.3369502861447344e-06,1.0
0000882291,AEMD,2025-03-20,0,1.3369502861447344e-06,1.0
0000882291,AEMD,2025-03-21,0,1.3369502861447344e-06,1.0
0000882291,AEMD,2025-03-24,0,1.3369502861447344e-06,1.0
0000882291,AEMD,2025-03-25,0,1.3369502861447344e-06,1.0
0000882291,AEMD,2025-03-26,0,1.3369502861447344e-06,1.0
0000882291,AEMD,2025-03-27,0,1.3369502861447344e-06,1.0
0000882291,AEMD,2025-03-28,0,1.3369502861447344e-06,1.0
0000882291,AEMD,2025-03-31,0,1.3369502861447344e-06,1.0
0000882291,AEMD,2025-04-01,0,2.0533958055579245e-06,1.0
0000882291,AEMD,2025-04-02,0,2.0533958055579245e-06,1.0
0000882291,AEMD,2025-04-03,0,2.0533958055579245e-06,1.0
0000882291,AEMD,2025-04-04,0,2.0533958055579245e-06,1.0
0000882291,AEMD,2025-04-07,0,2.0533958055579245e-06,1.0
0000882291,AEMD,2025-04-08,0,3.0508768683639013e-06,1.0
0000882291,AEMD,2025-04-09,0,3.0508768683639013e-06,1.0
0000882291,AEMD,2025-04-10,0,3.0508768683639013e-06,1.0
0000882291,AEMD,2025-04-11,0,3.0508768683639013e-06,1.0
0000882291,AEMD,2025-04-14,0,3.0508768683639013e-06,1.0
0000882291,AEMD,2025-04-15,0,3.0508768683639013e-06,1.0
0000882291,AEMD,2025-04-16,0,3.554142307954642e-06,1.0
0000882291,AEMD,2025-04-17,0,3.554142307954642e-06,1.0
0000882291,AEMD,2025-04-18,0,5.2474744136925684e-06,1.0
0000882291,AEMD,2025-04-21,0,5.2474744136925684e-06,1.0
0000882291,AEMD,2025-04-22,0,5.2474744136925684e-06,1.0
0000882291,AEMD,2025-04-23,0,5.2474744136925684e-06,1.0
0000882291,AEMD,2025-04-24,0,5.2474744136925684e-06,1.0
0000882291,AEMD,2025-04-25,0,5.2474744136925684e-06,1.0
0000882291,AEMD,2025-04-28,0,5.2474744136925684e-06,1.0
0000882291,AEMD,2025-04-29,0,5.2474744136925684e-06,1.0
0000882291,AEMD,2025-04-30,0,5.2474744136925684e-06,1.0
0000882291,AEMD,2025-05-01,0,5.2474744136925684e-06,1.0
0000882291,AEMD,2025-05-02,0,5.2474744136925684e-06,1.0
0000882291,AEMD,2025-05-05,0,5.2474744136925684e-06,1.0
0000882291,AEMD,2025-05-06,0,5.2474744136925684e-06,1.0
0000882291,AEMD,2025-05-07,0,5.2474744136925684e-06,1.0
0000882291,AEMD,2025-05-08,0,5.928037088815536e-06,1.0
0000882291,AEMD,2025-05-09,0,5.928037088815536e-06,1.0
0000882291,AEMD,2025-05-12,0,5.928037088815536e-06,1.0
0000882291,AEMD,2025-05-13,0,5.928037088815536e-06,1.0
0000882291,AEMD,2025-05-14,0,6.0181756229739415e-06,1.0
0000882291,AEMD,2025-05-15,0,5.626265092922535e-06,1.0
0000882291,AEMD,2025-05-16,0,5.626265092922535e-06,1.0
0000882291,AEMD,2025-05-19,0,1.2706333586366885e-05,1.0
0000882291,AEMD,2025-05-20,0,1.2706333586366885e-05,1.0
0000882291,AEMD,2025-05-21,0,1.2706333586366885e-05,1.0
0000882291,AEMD,2025-05-22,0,1.2706333586366885e-05,1.0
0000882291,AEMD,2025-05-23,0,1.2706333586366885e-05,1.0
0000882291,AEMD,2025-05-26,0,1.2706333586366885e-05,1.0
0000882291,AEMD,2025-05-27,0,1.2706333586366885e-05,1.0
0000882291,AEMD,2025-05-28,0,1.2706333586366885e-05,1.0
0000882291,AEMD,2025-05-29,0,1.2706333586366885e-05,1.0
0000882291,AEMD,2025-05-30,0,1.2706333586366885e-05,1.0
0000882291,AEMD,2025-06-02,0,1.2706333586366885e-05,1.0
0000882291,AEMD,2025-06-03,0,1.2706333586366885e-05,1.0
0000882291,AEMD,2025-06-04,0,1.2706333586366885e-05,1.0
0000882291,AEMD,2025-06-05,0,1.2706333586366885e-05,1.0
0000882291,AEMD,2025-06-06,0,1.2706333586366885e-05,1.0
0000882291,AEMD,2025-06-09,0,1.2706333586366885e-05,1.0
0000882291,AEMD,2025-06-10,0,1.2706333586366885e-05,1.0
0000882291,AEMD,2025-06-11,0,1.2706333586366885e-05,1.0
0000882291,AEMD,2025-06-12,0,1.2706333586366885e-05,1.0
0000882291,AEMD,2025-06-13,0,1.1449318339990738e-05,1.0
0000882291,AEMD,2025-06-16,0,1.1506360313602022e-05,1.0
0000882291,AEMD,2025-06-17,0,1.1506360313602022e-05,1.0
0000882291,AEMD,2025-06-18,0,1.1506360313602022e-05,1.0
0000882291,AEMD,2025-06-19,0,1.1506360313602022e-05,1.0
0000882291,AEMD,2025-06-20,0,1.1506360313602022e-05,1.0
0000882291,AEMD,2025-06-23,0,1.1506360313602022e-05,1.0
0000882291,AEMD,2025-06-24,0,1.1506360313602022e-05,1.0
0000882291,AEMD,2025-06-25,0,1.1506360313602022e-05,1.0
0000882291,AEMD,2025-06-26,0,1.1506360313602022e-05,1.0
0000882291,AEMD,2025-06-27,0,1.8950106684129449e-06,1.0
0000882291,AEMD,2025-06-30,0,1.8950106684129449e-06,1.0
0000882291,AEMD,2025-07-01,0,1.8950106684129449e-06,1.0
0000882291,AEMD,2025-07-02,0,1.8950106684129449e-06,1.0
0000882291,AEMD,2025-07-03,0,1.8950106684129449e-06,1.0
0000882291,AEMD,2025-07-04,0,1.8950106684129449e-06,1.0
0000882291,AEMD,2025-07-07,0,1.2258076587861825e-06,1.0
0000882291,AEMD,2025-07-08,0,1.2258076587861825e-06,1.0
0000882291,AEMD,2025-07-09,0,1.2258076587861825e-06,1.0
0000882291,AEMD,2025-07-10,0,1.2258076587861825e-06,1.0
0000882291,AEMD,2025-07-11,0,1.2258076587861825e-06,1.0
0000882291,AEMD,2025-07-14,0,1.2258076587861825e-06,1.0
0000882291,AEMD,2025-07-15,0,1.2258076587861825e-06,1.0
0000882291,AEMD,2025-07-16,0,1.2258076587861825e-06,1.0
0000882291,AEMD,2025-07-17,0,7.929264390359579e-07,1.0
0000882291,AEMD,2025-07-18,0,7.929264390359579e-07,1.0
0000882291,AEMD,2025-07-21,0,7.929264390359579e-07,1.0
0000882291,AEMD,2025-07-22,0,7.929264390359579e-07,1.0
0000882291,AEMD,2025-07-23,0,7.929264390359579e-07,1.0
0000882291,AEMD,2025-07-24,0,7.929264390359579e-07,1.0
0000882291,AEMD,2025-07-25,0,7.929264390359579e-07,1.0
0000882291,AEMD,2025-07-28,0,3.973708666271066e-06,1.0
0000882291,AEMD,2025-07-29,0,3.973708666271066e-06,1.0
0000882291,AEMD,2025-07-30,0,3.973708666271066e-06,1.0
0000882291,AEMD,2025-07-31,0,3.973708666271066e-06,1.0
0000882291,AEMD,2025-08-01,0,3.973708666271066e-06,1.0
0000882291,AEMD,2025-08-04,0,3.973708666271066e-06,1.0
0000882291,AEMD,2025-08-05,0,3.973708666271066e-06,1.0
0000882291,AEMD,2025-08-06,0,3.973708666271066e-06,1.0
0000882291,AEMD,2025-08-07,0,3.973708666271066e-06,1.0
0000882291,AEMD,2025-08-08,0,3.973708666271066e-06,1.0
0000882291,AEMD,2025-08-11,0,3.973708666271066e-06,1.0
0000882291,AEMD,2025-08-12,0,3.957999598607836e-06,1.0
0000882291,AEMD,2025-08-13,0,3.997792830593394e-06,1.0
0000882291,AEMD,2025-08-14,0,4.6837647348676905e-06,1.0
0000882291,AEMD,2025-08-15,0,4.6837647348676905e-06,1.0
0000882291,AEMD,2025-08-18,0,4.6837647348676905e-06,1.0
0000882291,AEMD,2025-08-19,0,4.6837647348676905e-06,1.0
0000882291,AEMD,2025-08-20,0,4.6837647348676905e-06,1.0
0000882291,AEMD,2025-08-21,0,0.026369004061557167,1.0
0000882291,AEMD,2025-08-22,0,0.026369004061557167,1.0
0000882291,AEMD,2025-08-25,0,0.026369004061557167,1.0
0000882291,AEMD,2025-08-26,0,0.026369004061557167,1.0
0000882291,AEMD,2025-08-27,0,0.026369004061557167,1.0
0000882291,AEMD,2025-08-28,0,0.026369004061557167,1.0
0000882291,AEMD,2025-08-29,0,0.026369004061557167,1.0
0000882291,AEMD,2025-09-01,0,0.026369004061557167,1.0
0000882291,AEMD,2025-09-02,0,0.026369004061557167,1.0
0000882291,AEMD,2025-09-03,0,0.026369004061557167,1.0
0000882291,AEMD,2025-09-04,0,0.026369004061557167,1.0
0000882291,AEMD,2025-09-05,0,0.026369004061557167,1.0
0000882291,AEMD,2025-09-08,0,0.026369004061557167,1.0
0000882291,AEMD,2025-09-09,0,0.026369004061557167,1.0
0000882291,AEMD,2025-09-10,0,0.024659156355982804,1.0
0000882291,AEMD,2025-09-11,0,0.024659156355982804,1.0
0000882291,AEMD,2025-09-12,0,0.024659156355982804,1.0
0000882291,AEMD,2025-09-15,0,0.027196793011578305,1.0
0000882291,AEMD,2025-09-16,0,0.027196793011578305,1.0
0000882291,AEMD,2025-09-17,0,0.027196793011578305,1.0
0000882291,AEMD,2025-09-18,0,0.027196793011578305,1.0
0000882291,AEMD,2025-09-19,0,0.027196793011578305,1.0
0000882291,AEMD,2025-09-22,0,0.09366101215993967,1.0
0000882291,AEMD,2025-09-23,0,0.09366101215993967,1.0
0000882291,AEMD,2025-09-24,0,0.09366101215993967,1.0
0000882291,AEMD,2025-09-25,0,0.011615248213652007,1.0
0000882291,AEMD,2025-09-26,0,0.011615248213652007,1.0
0000882291,AEMD,2025-09-29,0,0.011615248213652007,1.0
0000882291,AEMD,2025-09-30,0,0.011615248213652007,1.0
0000882291,AEMD,2025-10-01,0,0.011615248213652007,1.0
0000882291,AEMD,2025-10-02,0,0.011615248213652007,1.0
0000882291,AEMD,2025-10-03,0,0.011615248213652007,1.0
0000882291,AEMD,2025-10-06,0,0.010761511990968635,1.0
0000882291,AEMD,2025-10-07,0,0.010761511990968635,1.0
0000882291,AEMD,2025-10-08,0,0.010761511990968635,1.0
0000882291,AEMD,2025-10-09,0,0.010761511990968635,1.0
0000882291,AEMD,2025-10-10,0,0.01382356382106342,1.0
0000882291,AEMD,2025-10-13,0,0.01382356382106342,1.0
0000882291,AEMD,2025-10-14,0,0.01382356382106342,1.0
0000882291,AEMD,2025-10-15,0,0.012809617074340519,1.0
0000882291,AEMD,2025-10-16,0,0.012809617074340519,1.0
0000882291,AEMD,2025-10-17,0,0.012809617074340519,1.0
0000882291,AEMD,2025-10-20,0,0.012809617074340519,1.0
0000882291,AEMD,2025-10-21,0,0.012809617074340519,1.0
0000882291,AEMD,2025-10-22,0,0.012809617074340519,1.0
0000882291,AEMD,2025-10-23,0,0.012809617074340519,1.0
0000882291,AEMD,2025-10-24,0,0.012809617074340519,1.0
0000882291,AEMD,2025-10-27,0,0.012809617074340519,1.0
0000882291,AEMD,2025-10-28,0,0.012809617074340519,1.0
0000882291,AEMD,2025-10-29,0,0.012809617074340519,1.0
0000882291,AEMD,2025-10-30,0,0.012809617074340519,1.0
0000882291,AEMD,2025-10-31,0,0.012809617074340519,1.0
0000882291,AEMD,2025-11-03,0,0.012809617074340519,1.0
0000882291,AEMD,2025-11-04,0,0.012809617074340519,1.0
0000882291,AEMD,2025-11-05,0,0.012809617074340519,1.0
0000882291,AEMD,2025-11-06,0,0.012809617074340519,1.0
0000882291,AEMD,2025-11-07,0,0.012809617074340519,1.0
0000882291,AEMD,2025-11-10,0,0.012817060515671875,1.0
0000882291,AEMD,2025-11-11,0,0.012817060515671875,1.0
0000882291,AEMD,2025-11-12,0,0.012277295278698407,1.0
0000882291,AEMD,2025-11-13,0,0.014792011704018207,1.0
0000882291,AEMD,2025-11-14,0,0.014792011704018207,1.0
0000882291,AEMD,2025-11-17,0,0.014792011704018207,1.0
0000882291,AEMD,2025-11-18,0,0.014792011704018207,1.0
0000882291,AEMD,2025-11-19,0,0.0001931313553329946,1.0
0000882291,AEMD,2025-11-20,0,0.0001931313553329946,1.0
0000882291,AEMD,2025-11-21,0,0.0001931313553329946,1.0
0000882291,AEMD,2025-11-24,0,0.0001931313553329946,1.0
0000882291,AEMD,2025-11-25,0,0.0001931313553329946,1.0
0000882291,AEMD,2025-11-26,0,0.0001931313553329946,1.0
0000882291,AEMD,2025-11-27,0,0.0001931313553329946,1.0
0000882291,AEMD,2025-11-28,0,0.0001931313553329946,1.0
0000882291,AEMD,2025-12-01,0,0.0001931313553329946,1.0
0000882291,AEMD,2025-12-02,0,0.0001931313553329946,1.0
0000882291,AEMD,2025-12-03,0,0.0001931313553329946,1.0
0000882291,AEMD,2025-12-04,0,0.0001931313553329946,1.0
0000882291,AEMD,2025-12-05,0,0.0001931313553329946,1.0
0000882291,AEMD,2025-12-08,0,0.00011545426098924836,1.0
0000882291,AEMD,2025-12-09,0,0.00011352781064690694,1.0
0000882291,AEMD,2025-12-10,0,0.00011352781064690694,1.0
0000882291,AEMD,2025-12-11,0,0.00011352781064690694,1.0
0000882291,AEMD,2025-12-12,0,0.00011352781064690694,1.0
0000882291,AEMD,2025-12-15,0,0.00011015831819921932,1.0
0000882291,AEMD,2025-12-16,0,0.00011015831819921932,1.0
0000882291,AEMD,2025-12-17,0,0.00011015831819921932,1.0
0000882291,AEMD,2025-12-18,0,0.00011015831819921932,1.0
0000882291,AEMD,2025-12-19,0,0.00011015831819921932,1.0
0000882291,AEMD,2025-12-22,0,0.00011015831819921932,1.0
0000882291,AEMD,2025-12-23,0,1.4428448726297295e-05,1.0
0000882291,AEMD,2025-12-24,0,2.7084803407924074e-05,1.0
0000882291,AEMD,2025-12-25,0,2.7084803407924074e-05,1.0
0000882291,AEMD,2025-12-26,0,2.7084803407924074e-05,1.0
0000882291,AEMD,2025-12-29,0,2.7084803407924074e-05,1.0
0000882291,AEMD,2025-12-30,0,2.7084803407924074e-05,1.0
0000882291,AEMD,2025-12-31,0,2.7084803407924074e-05,1.0
0000882291,AEMD,2026-01-01,0,2.7084803407924074e-05,1.0
0000882291,AEMD,2026-01-02,0,2.7084803407924074e-05,1.0
0000882291,AEMD,2026-01-05,0,2.7084803407924074e-05,1.0
0000882291,AEMD,2026-01-06,0,2.7084803407924074e-05,1.0
0000882291,AEMD,2026-01-07,0,2.7734320467934174e-05,1.0
0000882291,AEMD,2026-01-08,0,1.4182875263788128e-05,1.0
0000882291,AEMD,2026-01-09,0,1.4182875263788128e-05,1.0
0000882291,AEMD,2026-01-12,0,1.4182875263788128e-05,1.0
0000882291,AEMD,2026-01-13,0,1.4182875263788128e-05,1.0
0000882291,AEMD,2026-01-14,0,1.4182875263788128e-05,1.0
0000882291,AEMD,2026-01-15,0,1.4182875263788128e-05,1.0
0000882291,AEMD,2026-01-16,0,1.4182875263788128e-05,1.0
0000882291,AEMD,2026-01-19,0,8.468019800485635e-05,1.0
0000882291,AEMD,2026-01-20,0,8.468019800485635e-05,1.0
0000882291,AEMD,2026-01-21,0,8.468019800485635e-05,1.0
0000882291,AEMD,2026-01-22,0,0.00012052769025628379,1.0
0000882291,AEMD,2026-01-23,0,0.00012052769025628379,1.0
0000882291,AEMD,2026-01-26,0,0.00012052769025628379,1.0
0000882291,AEMD,2026-01-27,0,0.00011024935413378213,1.0
0000882291,AEMD,2026-01-28,0,0.00011024935413378213,1.0
0000882291,AEMD,2026-01-29,0,0.00011024935413378213,1.0
0000882291,AEMD,2026-01-30,0,0.00011024935413378213,1.0
0000882291,AEMD,2026-02-02,0,0.00011024935413378213,1.0
0000882291,AEMD,2026-02-03,0,0.00011024935413378213,1.0
0000882291,AEMD,2026-02-04,0,0.00011024935413378213,1.0
0000882291,AEMD,2026-02-05,0,0.00011024935413378213,1.0
0000882291,AEMD,2026-02-06,0,0.00011024935413378213,1.0
0000882291,AEMD,2026-02-09,0,0.00015611318300274673,1.0
0000882291,AEMD,2026-02-10,0,0.0001571268202546998,1.0
0000882291,AEMD,2026-02-11,0,0.00014689598621479982,1.0
0000882291,AEMD,2026-02-12,0,0.00014689598621479982,1.0
0000882291,AEMD,2026-02-13,0,0.00017374382952699255,1.0
0000882291,AEMD,2026-02-16,0,0.00017374382952699255,1.0
0000882291,AEMD,2026-02-17,0,2.8610780791674475e-05,1.0
0000882291,AEMD,2026-02-18,0,0.00029521840422013515,1.0
0000882291,AEMD,2026-02-19,0,0.00029521840422013515,1.0
0000882291,AEMD,2026-02-20,0,0.00029521840422013515,1.0
0000882291,AEMD,2026-02-23,0,0.00029521840422013515,1.0
0000882291,AEMD,2026-02-24,0,0.0002967236771691067,1.0
0000882291,AEMD,2026-02-25,0,0.0002967236771691067,1.0
0000882291,AEMD,2026-02-26,0,0.00042652006019327626,1.0
0000882291,AEMD,2026-02-27,0,0.00042652006019327626,1.0
0000882291,AEMD,2026-03-02,0,0.00042652006019327626,1.0
0000882291,AEMD,2026-03-03,0,0.00042652006019327626,1.0
0000882291,AEMD,2026-03-04,0,0.00042652006019327626,1.0
0000882291,AEMD,2026-03-05,0,0.00042652006019327626,1.0
0000882291,AEMD,2026-03-06,0,0.00042652006019327626,1.0
0000882291,AEMD,2026-03-09,0,0.0004215682182381116,1.0
0000882291,AEMD,2026-03-10,0,0.0004215682182381116,1.0
0000882291,AEMD,2026-03-11,0,0.0004215682182381116,1.0
0000882291,AEMD,2026-03-12,0,0.0004215682182381116,1.0
0000882291,AEMD,2026-03-13,0,0.0004215682182381116,1.0
0000882291,AEMD,2026-03-16,0,0.00039762638571795464,1.0
0000882291,AEMD,2026-03-17,0,0.00039762638571795464,1.0
0000882291,AEMD,2026-03-18,0,0.00039762638571795464,1.0
0000882291,AEMD,2026-03-19,0,0.00039762638571795464,1.0
0000882291,AEMD,2026-03-20,0,0.00039762638571795464,1.0
0000882291,AEMD,2026-03-23,0,0.00039762638571795464,1.0
0000882291,AEMD,2026-03-24,0,0.00047176537146428746,1.0
0000882291,AEMD,2026-03-25,0,0.00047176537146428746,1.0
0000882291,AEMD,2026-03-26,0,0.00047176537146428746,1.0
0000882291,AEMD,2026-03-27,0,0.00042511375885993016,1.0
0000882291,AEMD,2026-03-30,0,0.00042511375885993016,1.0
0000882291,AEMD,2026-03-31,0,0.00042511375885993016,1.0
0000882291,AEMD,2026-04-01,0,0.00042511375885993016,1.0
0000882291,AEMD,2026-04-02,0,0.00042511375885993016,1.0
0000882291,AEMD,2026-04-03,0,0.00042511375885993016,1.0
0000882291,AEMD,2026-04-06,0,0.00042511375885993016,1.0
0000882291,AEMD,2026-04-07,0,0.00042511375885993016,1.0
0000882291,AEMD,2026-04-08,0,0.00042511375885993016,1.0
0000882291,AEMD,2026-04-09,0,0.0003985182398227067,1.0
0000882291,AEMD,2026-04-10,0,0.0003985182398227067,1.0
0000882291,AEMD,2026-04-13,0,0.0003985182398227067,1.0
0000882291,AEMD,2026-04-14,0,0.0003985182398227067,1.0
0000882291,AEMD,2026-04-15,0,0.0003985182398227067,1.0
0000882291,AEMD,2026-04-16,0,0.0003985182398227067,1.0
0000882291,AEMD,2026-04-17,0,0.0003985182398227067,1.0
0000882291,AEMD,2026-04-20,0,0.0009848792325858886,1.0
0000882291,AEMD,2026-04-21,0,0.0009848792325858886,1.0
0000882291,AEMD,2026-04-22,0,0.0009848792325858886,1.0
0000882291,AEMD,2026-04-23,0,0.0009848792325858886,1.0
0000882291,AEMD,2026-04-24,0,0.0009848792325858886,1.0
0000882291,AEMD,2026-04-27,0,0.0009848792325858886,1.0
0000882291,AEMD,2026-04-28,0,0.0013314319951567982,1.0
0000882291,AEMD,2026-04-29,0,0.0013314319951567982,1.0
0000882291,AEMD,2026-04-30,0,0.0013314319951567982,1.0
0000882291,AEMD,2026-05-01,0,0.0013314319951567982,1.0
0000882291,AEMD,2026-05-04,0,0.0013314319951567982,1.0
0000882291,AEMD,2026-05-05,0,0.0013314319951567982,1.0
0000882291,AEMD,2026-05-06,0,0.0013314319951567982,1.0
0000882291,AEMD,2026-05-07,0,0.0013314319951567982,1.0
0000882291,AEMD,2026-05-08,0,0.0013314319951567982,1.0
0000882291,AEMD,2026-05-11,0,0.0013314319951567982,1.0
0000882291,AEMD,2026-05-12,0,0.0013314319951567982,1.0
0000882291,AEMD,2026-05-13,0,0.0013448000974746884,1.0
0000882291,AEMD,2026-05-14,0,0.0013448000974746884,1.0
0000882291,AEMD,2026-05-15,0,0.00118021169464846,1.0
0000882291,AEMD,2026-05-18,0,0.00118021169464846,1.0
0000882291,AEMD,2026-05-19,0,0.00118021169464846,1.0
0000882291,AEMD,2026-05-20,0,0.00118021169464846,1.0
0000882291,AEMD,2026-05-21,0,0.00118021169464846,1.0
0000882291,AEMD,2026-05-22,0,0.00118021169464846,1.0
0000882291,AEMD,2026-05-25,0,0.00118021169464846,1.0
0000882291,AEMD,2026-05-26,0,0.001676726389888328,1.0
0000882291,AEMD,2026-05-27,0,0.001676726389888328,1.0
0000882291,AEMD,2026-05-28,0,0.001676726389888328,1.0
0000882291,AEMD,2026-05-29,0,0.001676726389888328,1.0
0000882291,AEMD,2026-06-01,0,0.001676726389888328,1.0
0000882291,AEMD,2026-06-02,0,0.001676726389888328,1.0
0000882291,AEMD,2026-06-03,0,0.001676726389888328,1.0
0000882291,AEMD,2026-06-04,0,0.001676726389888328,1.0
0000882291,AEMD,2026-06-05,0,0.001676726389888328,1.0
0000882291,AEMD,2026-06-08,0,0.0019069269923587594,1.0
0000882291,AEMD,2026-06-09,0,0.0019069269923587594,1.0
0000882291,AEMD,2026-06-10,0,0.0019069269923587594,1.0
0000882291,AEMD,2026-06-11,0,0.01967536665473975,1.0
0000882291,AEMD,2026-06-12,0,0.01967536665473975,1.0
0000882291,AEMD,2026-06-15,0,0.01967536665473975,1.0
0000882291,AEMD,2026-06-16,0,0.01967536665473975,1.0
0000882291,AEMD,2026-06-17,0,0.01967536665473975,1.0
0000882291,AEMD,2026-06-18,0,0.01967536665473975,1.0
0000882291,AEMD,2026-06-19,0,0.01967536665473975,1.0
0000882291,AEMD,2026-06-22,0,0.9973526927786495,1.0
0000882291,AEMD,2026-06-23,0,0.9973526927786495,1.0
0000882291,AEMD,2026-06-24,0,0.9973526927786495,1.0
0000882291,AEMD,2026-06-25,1,0.9973526927786495,1.0
0000882291,AEMD,2026-06-26,1,0.9973526927786495,1.0
0000882291,AEMD,2026-06-29,1,0.9973526927786495,1.0
0000882291,AEMD,2026-06-30,1,0.9973526927786495,1.0
0000882291,AEMD,2026-07-01,1,0.9973526927786495,1.0
0000882291,AEMD,2026-07-02,1,0.9973526927786495,1.0
0000882291,AEMD,2026-07-03,1,0.9973526927786495,1.0
0000882291,AEMD,2026-07-06,1,0.9973526927786495,1.0
0000882291,AEMD,2026-07-07,1,0.9973526927786495,1.0
0000882291,AEMD,2026-07-08,1,0.9982804536027909,1.0
0000882291,AEMD,2026-07-09,1,0.9982804536027909,1.0
0000882291,AEMD,2026-07-10,1,0.9982804536027909,1.0
0000882291,AEMD,2026-07-13,1,0.9996106677499117,1.0
0000882291,AEMD,2026-07-14,1,0.9996106677499117,1.0
0000882291,AEMD,2026-07-15,1,0.9996106677499117,1.0
0000882291,AEMD,2026-07-16,1,0.9996106677499117,1.0
0000882291,AEMD,2026-07-17,1,0.9996106677499117,1.0
0000882291,AEMD,2026-07-20,1,0.9984993349165152,1.0
0000882291,AEMD,2026-07-21,1,0.9984993349165152,1.0
0000882291,AEMD,2026-07-22,1,0.999587769833938,1.0
0000882291,AEMD,2026-07-23,1,0.999587769833938,1.0
0000882291,AEMD,2026-07-24,1,0.999587769833938,1.0
0000882291,AEMD,2026-07-27,1,0.9996040895588201,1.0
0000882291,AEMD,2026-07-28,1,0.9996040895588201,1.0
0000882291,AEMD,2026-07-29,1,0.9996040895588201,1.0
0000882291,AEMD,2026-07-30,1,0.9996040895588201,1.0
0000882291,AEMD,2026-07-31,1,0.9996040895588201,1.0
0000882291,AEMD,2026-08-03,1,0.9996040895588201,1.0
0000882291,AEMD,2026-08-04,1,0.9996040895588201,1.0
0000882291,AEMD,2026-08-05,1,0.9996040895588201,1.0
0000882291,AEMD,2026-08-06,1,0.9996040895588201,1.0
0000882291,AEMD,2026-08-07,1,0.9996916233740389,1.0
0000882291,AEMD,2026-08-10,1,0.9996916233740389,1.0
0000882291,AEMD,2026-08-11,1,0.9996916233740389,1.0
0000882291,AEMD,2026-08-12,1,0.9996916233740389,1.0
0000882291,AEMD,2026-08-13,1,0.999697552166708,1.0
0000882291,AEMD,2026-08-14,1,0.999731115729992,1.0
0000882291,AEMD,2026-08-17,1,0.999731115729992,1.0
0000882291,AEMD,2026-08-18,1,0.999731115729992,1.0
0000882291,AEMD,2026-08-19,1,0.999731115729992,1.0
0000882291,AEMD,2026-08-20,1,0.999731115729992,1.0
0000882291,AEMD,2026-08-21,1,0.999731115729992,1.0
0000882291,AEMD,2026-08-24,1,0.9999227085797961,1.0
0000882291,AEMD,2026-08-25,1,0.9999227085797961,1.0
0000882291,AEMD,2026-08-26,1,0.9999227085797961,1.0
0000882291,AEMD,2026-08-27,1,0.9999227085797961,1.0
0000882291,AEMD,2026-08-28,1,0.9999227085797961,1.0
0000882291,AEMD,2026-08-31,1,0.9999227085797961,1.0
0000882291,AEMD,2026-09-01,1,0.9999928965024019,1.0
0000882291,AEMD,2026-09-02,1,0.9999928965024019,1.0
0000882291,AEMD,2026-09-03,1,0.9999928965024019,1.0
0000882291,AEMD,2026-09-04,1,0.9999928965024019,1.0
0000882291,AEMD,2026-09-07,1,0.9999928965024019,1.0
0000882291,AEMD,2026-09-08,1,0.9999928965024019,1.0
0000882291,AEMD,2026-09-09,1,0.9995698078990837,1.0
0000882291,AEMD,2026-09-10,1,0.9995698078990837,1.0
0000882291,AEMD,2026-09-11,1,0.9995698078990837,1.0
0000882291,AEMD,2026-09-14,1,0.9995675152428097,1.0
0000882291,AEMD,2026-09-15,1,0.9996184871541748,1.0
0000882291,AEMD,2026-09-16,1,0.9996184871541748,1.0
0000882291,AEMD,2026-09-17,0,0.1271586465236998,1.0
