cik,ticker,date,event_20d,predicted_probability_20d,rank
0000882291,AEMD,2001-07-30,0,1.9694999375521732e-08,1.0
0000882291,AEMD,2001-07-31,0,1.9694999375521732e-08,1.0
0000882291,AEMD,2001-08-01,0,1.9694999375521732e-08,1.0
0000882291,AEMD,2001-08-02,0,1.9694999375521732e-08,1.0
0000882291,AEMD,2001-08-03,0,1.9694999375521732e-08,1.0
0000882291,AEMD,2001-08-06,0,1.9694999375521732e-08,1.0
0000882291,AEMD,2001-08-07,0,1.9694999375521732e-08,1.0
0000882291,AEMD,2001-08-08,0,1.9694999375521732e-08,1.0
0000882291,AEMD,2001-08-09,0,1.9694999375521732e-08,1.0
0000882291,AEMD,2001-08-10,0,1.9694999375521732e-08,1.0
0000882291,AEMD,2001-08-13,0,1.9694999375521732e-08,1.0
0000882291,AEMD,2001-08-14,0,1.9694999375521732e-08,1.0
0000882291,AEMD,2001-08-15,0,1.9694999375521732e-08,1.0
0000882291,AEMD,2001-08-16,0,1.9694999375521732e-08,1.0
0000882291,AEMD,2001-08-17,0,1.9694999375521732e-08,1.0
0000882291,AEMD,2001-08-20,0,1.9694999375521732e-08,1.0
0000882291,AEMD,2001-08-21,0,1.9694999375521732e-08,1.0
0000882291,AEMD,2001-08-22,0,1.9694999375521732e-08,1.0
0000882291,AEMD,2001-08-23,0,1.9694999375521732e-08,1.0
0000882291,AEMD,2001-08-24,0,1.9694999375521732e-08,1.0
0000882291,AEMD,2001-08-27,0,1.9694999375521732e-08,1.0
0000882291,AEMD,2001-08-28,0,1.9694999375521732e-08,1.0
0000882291,AEMD,2001-08-29,0,1.0868076391819111e-06,1.0
0000882291,AEMD,2001-08-30,0,1.0868076391819111e-06,1.0
0000882291,AEMD,2001-08-31,0,1.0868076391819111e-06,1.0
0000882291,AEMD,2001-09-03,0,1.0868076391819111e-06,1.0
0000882291,AEMD,2001-09-04,0,1.0868076391819111e-06,1.0
0000882291,AEMD,2001-09-05,0,1.0868076391819111e-06,1.0
0000882291,AEMD,2001-09-06,0,1.0868076391819111e-06,1.0
0000882291,AEMD,2001-09-07,0,1.0868076391819111e-06,1.0
0000882291,AEMD,2001-09-10,0,1.0868076391819111e-06,1.0
0000882291,AEMD,2001-09-11,0,1.0868076391819111e-06,1.0
0000882291,AEMD,2001-09-12,0,1.0868076391819111e-06,1.0
0000882291,AEMD,2001-09-13,0,1.0868076391819111e-06,1.0
0000882291,AEMD,2001-09-14,0,1.0868076391819111e-06,1.0
0000882291,AEMD,2001-09-17,0,1.0868076391819111e-06,1.0
0000882291,AEMD,2001-09-18,0,1.0868076391819111e-06,1.0
0000882291,AEMD,2001-09-19,0,1.0868076391819111e-06,1.0
0000882291,AEMD,2001-09-20,0,1.0868076391819111e-06,1.0
0000882291,AEMD,2001-09-21,0,1.0868076391819111e-06,1.0
0000882291,AEMD,2001-09-24,0,1.0868076391819111e-06,1.0
0000882291,AEMD,2001-09-25,0,1.0868076391819111e-06,1.0
0000882291,AEMD,2001-09-26,0,1.0868076391819111e-06,1.0
0000882291,AEMD,2001-09-27,0,1.0868076391819111e-06,1.0
0000882291,AEMD,2001-09-28,0,1.0868076391819111e-06,1.0
0000882291,AEMD,2001-10-01,0,1.0868076391819111e-06,1.0
0000882291,AEMD,2001-10-02,0,1.0868076391819111e-06,1.0
0000882291,AEMD,2001-10-03,0,1.0868076391819111e-06,1.0
0000882291,AEMD,2001-10-04,0,1.0868076391819111e-06,1.0
0000882291,AEMD,2001-10-05,0,1.0868076391819111e-06,1.0
0000882291,AEMD,2001-10-08,0,1.0868076391819111e-06,1.0
0000882291,AEMD,2001-10-09,0,1.0868076391819111e-06,1.0
0000882291,AEMD,2001-10-10,0,1.0868076391819111e-06,1.0
0000882291,AEMD,2001-10-11,0,1.0868076391819111e-06,1.0
0000882291,AEMD,2001-10-12,0,1.0868076391819111e-06,1.0
0000882291,AEMD,2001-10-15,0,1.0868076391819111e-06,1.0
0000882291,AEMD,2001-10-16,0,1.0868076391819111e-06,1.0
0000882291,AEMD,2001-10-17,0,1.0868076391819111e-06,1.0
0000882291,AEMD,2001-10-18,0,1.0868076391819111e-06,1.0
0000882291,AEMD,2001-10-19,0,1.0868076391819111e-06,1.0
0000882291,AEMD,2001-10-22,0,1.0868076391819111e-06,1.0
0000882291,AEMD,2001-10-23,0,1.0868076391819111e-06,1.0
0000882291,AEMD,2001-10-24,0,1.0868076391819111e-06,1.0
0000882291,AEMD,2001-10-25,0,1.0868076391819111e-06,1.0
0000882291,AEMD,2001-10-26,0,1.0868076391819111e-06,1.0
0000882291,AEMD,2001-10-29,0,4.2833076548609865e-07,1.0
0000882291,AEMD,2001-10-30,0,4.2833076548609865e-07,1.0
0000882291,AEMD,2001-10-31,0,4.2833076548609865e-07,1.0
0000882291,AEMD,2001-11-01,0,4.2833076548609865e-07,1.0
0000882291,AEMD,2001-11-02,0,4.2833076548609865e-07,1.0
0000882291,AEMD,2001-11-05,0,4.2833076548609865e-07,1.0
0000882291,AEMD,2001-11-06,0,4.2833076548609865e-07,1.0
0000882291,AEMD,2001-11-07,0,4.2833076548609865e-07,1.0
0000882291,AEMD,2001-11-08,0,4.2833076548609865e-07,1.0
0000882291,AEMD,2001-11-09,0,4.2833076548609865e-07,1.0
0000882291,AEMD,2001-11-12,0,4.2833076548609865e-07,1.0
0000882291,AEMD,2001-11-13,0,4.2833076548609865e-07,1.0
0000882291,AEMD,2001-11-14,0,4.2833076548609865e-07,1.0
0000882291,AEMD,2001-11-15,0,4.2833076548609865e-07,1.0
0000882291,AEMD,2001-11-16,0,4.2833076548609865e-07,1.0
0000882291,AEMD,2001-11-19,0,4.2833076548609865e-07,1.0
0000882291,AEMD,2001-11-20,0,4.2833076548609865e-07,1.0
0000882291,AEMD,2001-11-21,0,4.2833076548609865e-07,1.0
0000882291,AEMD,2001-11-22,0,4.2833076548609865e-07,1.0
0000882291,AEMD,2001-11-23,0,4.2833076548609865e-07,1.0
0000882291,AEMD,2001-11-26,0,4.2833076548609865e-07,1.0
0000882291,AEMD,2001-11-27,0,4.2833076548609865e-07,1.0
0000882291,AEMD,2001-11-28,0,4.2833076548609865e-07,1.0
0000882291,AEMD,2001-11-29,0,4.2833076548609865e-07,1.0
0000882291,AEMD,2001-11-30,0,4.2833076548609865e-07,1.0
0000882291,AEMD,2001-12-03,0,4.2833076548609865e-07,1.0
0000882291,AEMD,2001-12-04,0,4.2833076548609865e-07,1.0
0000882291,AEMD,2001-12-05,0,4.2833076548609865e-07,1.0
0000882291,AEMD,2001-12-06,0,4.2833076548609865e-07,1.0
0000882291,AEMD,2001-12-07,0,4.2833076548609865e-07,1.0
0000882291,AEMD,2001-12-10,0,4.2833076548609865e-07,1.0
0000882291,AEMD,2001-12-11,0,4.2833076548609865e-07,1.0
0000882291,AEMD,2001-12-12,0,4.2833076548609865e-07,1.0
0000882291,AEMD,2001-12-13,0,4.2833076548609865e-07,1.0
0000882291,AEMD,2001-12-14,0,4.2833076548609865e-07,1.0
0000882291,AEMD,2001-12-17,0,4.2833076548609865e-07,1.0
0000882291,AEMD,2001-12-18,0,4.2833076548609865e-07,1.0
0000882291,AEMD,2001-12-19,0,4.2833076548609865e-07,1.0
0000882291,AEMD,2001-12-20,0,4.2833076548609865e-07,1.0
0000882291,AEMD,2001-12-21,0,4.2833076548609865e-07,1.0
0000882291,AEMD,2001-12-24,0,4.2833076548609865e-07,1.0
0000882291,AEMD,2001-12-25,0,4.2833076548609865e-07,1.0
0000882291,AEMD,2001-12-26,0,4.2833076548609865e-07,1.0
0000882291,AEMD,2001-12-27,0,4.2833076548609865e-07,1.0
0000882291,AEMD,2001-12-28,0,4.2833076548609865e-07,1.0
0000882291,AEMD,2001-12-31,0,4.2833076548609865e-07,1.0
0000882291,AEMD,2002-01-01,0,4.2833076548609865e-07,1.0
0000882291,AEMD,2002-01-02,0,4.2833076548609865e-07,1.0
0000882291,AEMD,2002-01-03,0,4.2833076548609865e-07,1.0
0000882291,AEMD,2002-01-04,0,4.2833076548609865e-07,1.0
0000882291,AEMD,2002-01-07,0,4.2833076548609865e-07,1.0
0000882291,AEMD,2002-01-08,0,4.2833076548609865e-07,1.0
0000882291,AEMD,2002-01-09,0,4.2833076548609865e-07,1.0
0000882291,AEMD,2002-01-10,0,4.2833076548609865e-07,1.0
0000882291,AEMD,2002-01-11,0,4.2833076548609865e-07,1.0
0000882291,AEMD,2002-01-14,0,4.2833076548609865e-07,1.0
0000882291,AEMD,2002-01-15,0,4.2833076548609865e-07,1.0
0000882291,AEMD,2002-01-16,0,4.2833076548609865e-07,1.0
0000882291,AEMD,2002-01-17,0,4.2833076548609865e-07,1.0
0000882291,AEMD,2002-01-18,0,4.2833076548609865e-07,1.0
0000882291,AEMD,2002-01-21,0,4.2833076548609865e-07,1.0
0000882291,AEMD,2002-01-22,0,4.2833076548609865e-07,1.0
0000882291,AEMD,2002-01-23,0,4.2833076548609865e-07,1.0
0000882291,AEMD,2002-01-24,0,4.2833076548609865e-07,1.0
0000882291,AEMD,2002-01-25,0,4.2833076548609865e-07,1.0
0000882291,AEMD,2002-01-28,0,7.963197640858165e-07,1.0
0000882291,AEMD,2002-01-29,0,7.963197640858165e-07,1.0
0000882291,AEMD,2002-01-30,0,7.963197640858165e-07,1.0
0000882291,AEMD,2002-01-31,0,7.963197640858165e-07,1.0
0000882291,AEMD,2002-02-01,0,7.963197640858165e-07,1.0
0000882291,AEMD,2002-02-04,0,7.963197640858165e-07,1.0
0000882291,AEMD,2002-02-05,0,7.963197640858165e-07,1.0
0000882291,AEMD,2002-02-06,0,7.963197640858165e-07,1.0
0000882291,AEMD,2002-02-07,0,7.963197640858165e-07,1.0
0000882291,AEMD,2002-02-08,0,7.963197640858165e-07,1.0
0000882291,AEMD,2002-02-11,0,7.963197640858165e-07,1.0
0000882291,AEMD,2002-02-12,0,7.963197640858165e-07,1.0
0000882291,AEMD,2002-02-13,0,7.963197640858165e-07,1.0
0000882291,AEMD,2002-02-14,0,7.963197640858165e-07,1.0
0000882291,AEMD,2002-02-15,0,7.963197640858165e-07,1.0
0000882291,AEMD,2002-02-18,0,7.963197640858165e-07,1.0
0000882291,AEMD,2002-02-19,0,7.963197640858165e-07,1.0
0000882291,AEMD,2002-02-20,0,7.963197640858165e-07,1.0
0000882291,AEMD,2002-02-21,0,7.963197640858165e-07,1.0
0000882291,AEMD,2002-02-22,0,7.963197640858165e-07,1.0
0000882291,AEMD,2002-02-25,0,7.963197640858165e-07,1.0
0000882291,AEMD,2002-02-26,0,7.963197640858165e-07,1.0
0000882291,AEMD,2002-02-27,0,7.963197640858165e-07,1.0
0000882291,AEMD,2002-02-28,0,7.963197640858165e-07,1.0
0000882291,AEMD,2002-03-01,0,7.963197640858165e-07,1.0
0000882291,AEMD,2002-03-04,0,7.963197640858165e-07,1.0
0000882291,AEMD,2002-03-05,0,7.963197640858165e-07,1.0
0000882291,AEMD,2002-03-06,0,7.963197640858165e-07,1.0
0000882291,AEMD,2002-03-07,0,7.963197640858165e-07,1.0
0000882291,AEMD,2002-03-08,0,7.963197640858165e-07,1.0
0000882291,AEMD,2002-03-11,0,7.963197640858165e-07,1.0
0000882291,AEMD,2002-03-12,0,7.963197640858165e-07,1.0
0000882291,AEMD,2002-03-13,0,7.963197640858165e-07,1.0
0000882291,AEMD,2002-03-14,0,7.963197640858165e-07,1.0
0000882291,AEMD,2002-03-15,0,7.963197640858165e-07,1.0
0000882291,AEMD,2002-03-18,0,7.963197640858165e-07,1.0
0000882291,AEMD,2002-03-19,0,7.963197640858165e-07,1.0
0000882291,AEMD,2002-03-20,0,7.963197640858165e-07,1.0
0000882291,AEMD,2002-03-21,0,7.963197640858165e-07,1.0
0000882291,AEMD,2002-03-22,0,7.963197640858165e-07,1.0
0000882291,AEMD,2002-03-25,0,7.963197640858165e-07,1.0
0000882291,AEMD,2002-03-26,0,7.963197640858165e-07,1.0
0000882291,AEMD,2002-03-27,0,7.963197640858165e-07,1.0
0000882291,AEMD,2002-03-28,0,7.963197640858165e-07,1.0
0000882291,AEMD,2002-03-29,0,7.963197640858165e-07,1.0
0000882291,AEMD,2002-04-01,0,7.963197640858165e-07,1.0
0000882291,AEMD,2002-04-02,0,7.963197640858165e-07,1.0
0000882291,AEMD,2002-04-03,0,7.963197640858165e-07,1.0
0000882291,AEMD,2002-04-04,0,7.963197640858165e-07,1.0
0000882291,AEMD,2002-04-05,0,7.963197640858165e-07,1.0
0000882291,AEMD,2002-04-08,0,7.963197640858165e-07,1.0
0000882291,AEMD,2002-04-09,0,7.963197640858165e-07,1.0
0000882291,AEMD,2002-04-10,0,7.963197640858165e-07,1.0
0000882291,AEMD,2002-04-11,0,7.963197640858165e-07,1.0
0000882291,AEMD,2002-04-12,0,7.963197640858165e-07,1.0
0000882291,AEMD,2002-04-15,0,7.963197640858165e-07,1.0
0000882291,AEMD,2002-04-16,0,7.963197640858165e-07,1.0
0000882291,AEMD,2002-04-17,0,7.963197640858165e-07,1.0
0000882291,AEMD,2002-04-18,0,7.963197640858165e-07,1.0
0000882291,AEMD,2002-04-19,0,7.963197640858165e-07,1.0
0000882291,AEMD,2002-04-22,0,7.963197640858165e-07,1.0
0000882291,AEMD,2002-04-23,0,7.963197640858165e-07,1.0
0000882291,AEMD,2002-04-24,0,7.963197640858165e-07,1.0
0000882291,AEMD,2002-04-25,0,7.963197640858165e-07,1.0
0000882291,AEMD,2002-04-26,0,7.963197640858165e-07,1.0
0000882291,AEMD,2002-04-29,0,7.963197640858165e-07,1.0
0000882291,AEMD,2002-04-30,0,7.963197640858165e-07,1.0
0000882291,AEMD,2002-05-01,0,7.963197640858165e-07,1.0
0000882291,AEMD,2002-05-02,0,7.963197640858165e-07,1.0
0000882291,AEMD,2002-05-03,0,7.963197640858165e-07,1.0
0000882291,AEMD,2002-05-06,0,7.963197640858165e-07,1.0
0000882291,AEMD,2002-05-07,0,7.963197640858165e-07,1.0
0000882291,AEMD,2002-05-08,0,7.963197640858165e-07,1.0
0000882291,AEMD,2002-05-09,0,7.963197640858165e-07,1.0
0000882291,AEMD,2002-05-10,0,7.963197640858165e-07,1.0
0000882291,AEMD,2002-05-13,0,7.963197640858165e-07,1.0
0000882291,AEMD,2002-05-14,0,7.963197640858165e-07,1.0
0000882291,AEMD,2002-05-15,0,7.963197640858165e-07,1.0
0000882291,AEMD,2002-05-16,0,7.963197640858165e-07,1.0
0000882291,AEMD,2002-05-17,0,7.963197640858165e-07,1.0
0000882291,AEMD,2002-05-20,0,7.963197640858165e-07,1.0
0000882291,AEMD,2002-05-21,0,7.963197640858165e-07,1.0
0000882291,AEMD,2002-05-22,0,7.963197640858165e-07,1.0
0000882291,AEMD,2002-05-23,0,7.963197640858165e-07,1.0
0000882291,AEMD,2002-05-24,0,7.963197640858165e-07,1.0
0000882291,AEMD,2002-05-27,0,7.963197640858165e-07,1.0
0000882291,AEMD,2002-05-28,0,7.963197640858165e-07,1.0
0000882291,AEMD,2002-05-29,0,7.963197640858165e-07,1.0
0000882291,AEMD,2002-05-30,0,7.963197640858165e-07,1.0
0000882291,AEMD,2002-05-31,0,7.963197640858165e-07,1.0
0000882291,AEMD,2002-06-03,0,7.963197640858165e-07,1.0
0000882291,AEMD,2002-06-04,0,7.963197640858165e-07,1.0
0000882291,AEMD,2002-06-05,0,7.963197640858165e-07,1.0
0000882291,AEMD,2002-06-06,0,7.963197640858165e-07,1.0
0000882291,AEMD,2002-06-07,0,7.963197640858165e-07,1.0
0000882291,AEMD,2002-06-10,0,7.963197640858165e-07,1.0
0000882291,AEMD,2002-06-11,0,7.963197640858165e-07,1.0
0000882291,AEMD,2002-06-12,0,7.963197640858165e-07,1.0
0000882291,AEMD,2002-06-13,0,7.963197640858165e-07,1.0
0000882291,AEMD,2002-06-14,0,7.963197640858165e-07,1.0
0000882291,AEMD,2002-06-17,0,7.963197640858165e-07,1.0
0000882291,AEMD,2002-06-18,0,7.963197640858165e-07,1.0
0000882291,AEMD,2002-06-19,0,7.963197640858165e-07,1.0
0000882291,AEMD,2002-06-20,0,7.963197640858165e-07,1.0
0000882291,AEMD,2002-06-21,0,7.963197640858165e-07,1.0
0000882291,AEMD,2002-06-24,0,7.963197640858165e-07,1.0
0000882291,AEMD,2002-06-25,0,7.963197640858165e-07,1.0
0000882291,AEMD,2002-06-26,0,7.963197640858165e-07,1.0
0000882291,AEMD,2002-06-27,0,7.963197640858165e-07,1.0
0000882291,AEMD,2002-06-28,0,7.963197640858165e-07,1.0
0000882291,AEMD,2002-07-01,0,7.963197640858165e-07,1.0
0000882291,AEMD,2002-07-02,0,7.963197640858165e-07,1.0
0000882291,AEMD,2002-07-03,0,7.963197640858165e-07,1.0
0000882291,AEMD,2002-07-04,0,7.963197640858165e-07,1.0
0000882291,AEMD,2002-07-05,0,7.963197640858165e-07,1.0
0000882291,AEMD,2002-07-08,0,7.963197640858165e-07,1.0
0000882291,AEMD,2002-07-09,0,7.963197640858165e-07,1.0
0000882291,AEMD,2002-07-10,0,7.963197640858165e-07,1.0
0000882291,AEMD,2002-07-11,0,7.963197640858165e-07,1.0
0000882291,AEMD,2002-07-12,0,7.963197640858165e-07,1.0
0000882291,AEMD,2002-07-15,0,7.963197640858165e-07,1.0
0000882291,AEMD,2002-07-16,0,7.963197640858165e-07,1.0
0000882291,AEMD,2002-07-17,0,7.963197640858165e-07,1.0
0000882291,AEMD,2002-07-18,0,7.963197640858165e-07,1.0
0000882291,AEMD,2002-07-19,0,7.963197640858165e-07,1.0
0000882291,AEMD,2002-07-22,0,7.963197640858165e-07,1.0
0000882291,AEMD,2002-07-23,0,7.963197640858165e-07,1.0
0000882291,AEMD,2002-07-24,0,7.963197640858165e-07,1.0
0000882291,AEMD,2002-07-25,0,7.963197640858165e-07,1.0
0000882291,AEMD,2002-07-26,0,7.963197640858165e-07,1.0
0000882291,AEMD,2002-07-29,0,7.963197640858165e-07,1.0
0000882291,AEMD,2002-07-30,0,7.963197640858165e-07,1.0
0000882291,AEMD,2002-07-31,0,7.963197640858165e-07,1.0
0000882291,AEMD,2002-08-01,0,7.963197640858165e-07,1.0
0000882291,AEMD,2002-08-02,0,7.963197640858165e-07,1.0
0000882291,AEMD,2002-08-05,0,7.963197640858165e-07,1.0
0000882291,AEMD,2002-08-06,0,7.963197640858165e-07,1.0
0000882291,AEMD,2002-08-07,0,7.963197640858165e-07,1.0
0000882291,AEMD,2002-08-08,0,7.963197640858165e-07,1.0
0000882291,AEMD,2002-08-09,0,7.963197640858165e-07,1.0
0000882291,AEMD,2002-08-12,0,7.963197640858165e-07,1.0
0000882291,AEMD,2002-08-13,0,7.963197640858165e-07,1.0
0000882291,AEMD,2002-08-14,0,7.963197640858165e-07,1.0
0000882291,AEMD,2002-08-15,0,7.963197640858165e-07,1.0
0000882291,AEMD,2002-08-16,0,7.963197640858165e-07,1.0
0000882291,AEMD,2002-08-19,0,7.963197640858165e-07,1.0
0000882291,AEMD,2002-08-20,0,7.963197640858165e-07,1.0
0000882291,AEMD,2002-08-21,0,7.963197640858165e-07,1.0
0000882291,AEMD,2002-08-22,0,7.963197640858165e-07,1.0
0000882291,AEMD,2002-08-23,0,7.963197640858165e-07,1.0
0000882291,AEMD,2002-08-26,0,7.963197640858165e-07,1.0
0000882291,AEMD,2002-08-27,0,7.963197640858165e-07,1.0
0000882291,AEMD,2002-08-28,0,7.963197640858165e-07,1.0
0000882291,AEMD,2002-08-29,0,7.963197640858165e-07,1.0
0000882291,AEMD,2002-08-30,0,7.963197640858165e-07,1.0
0000882291,AEMD,2002-09-02,0,7.963197640858165e-07,1.0
0000882291,AEMD,2002-09-03,0,7.963197640858165e-07,1.0
0000882291,AEMD,2002-09-04,0,7.963197640858165e-07,1.0
0000882291,AEMD,2002-09-05,0,7.963197640858165e-07,1.0
0000882291,AEMD,2002-09-06,0,7.963197640858165e-07,1.0
0000882291,AEMD,2002-09-09,0,7.963197640858165e-07,1.0
0000882291,AEMD,2002-09-10,0,7.963197640858165e-07,1.0
0000882291,AEMD,2002-09-11,0,7.963197640858165e-07,1.0
0000882291,AEMD,2002-09-12,0,7.963197640858165e-07,1.0
0000882291,AEMD,2002-09-13,0,7.963197640858165e-07,1.0
0000882291,AEMD,2002-09-16,0,7.963197640858165e-07,1.0
0000882291,AEMD,2002-09-17,0,7.963197640858165e-07,1.0
0000882291,AEMD,2002-09-18,0,7.963197640858165e-07,1.0
0000882291,AEMD,2002-09-19,0,7.963197640858165e-07,1.0
0000882291,AEMD,2002-09-20,0,7.963197640858165e-07,1.0
0000882291,AEMD,2002-09-23,0,7.963197640858165e-07,1.0
0000882291,AEMD,2002-09-24,0,7.963197640858165e-07,1.0
0000882291,AEMD,2002-09-25,0,7.963197640858165e-07,1.0
0000882291,AEMD,2002-09-26,0,7.963197640858165e-07,1.0
0000882291,AEMD,2002-09-27,0,7.963197640858165e-07,1.0
0000882291,AEMD,2002-09-30,0,7.963197640858165e-07,1.0
0000882291,AEMD,2002-10-01,0,7.963197640858165e-07,1.0
0000882291,AEMD,2002-10-02,0,7.963197640858165e-07,1.0
0000882291,AEMD,2002-10-03,0,7.963197640858165e-07,1.0
0000882291,AEMD,2002-10-04,0,7.963197640858165e-07,1.0
0000882291,AEMD,2002-10-07,0,7.963197640858165e-07,1.0
0000882291,AEMD,2002-10-08,0,7.963197640858165e-07,1.0
0000882291,AEMD,2002-10-09,0,7.963197640858165e-07,1.0
0000882291,AEMD,2002-10-10,0,7.963197640858165e-07,1.0
0000882291,AEMD,2002-10-11,0,7.963197640858165e-07,1.0
0000882291,AEMD,2002-10-14,0,7.963197640858165e-07,1.0
0000882291,AEMD,2002-10-15,0,7.963197640858165e-07,1.0
0000882291,AEMD,2002-10-16,0,7.963197640858165e-07,1.0
0000882291,AEMD,2002-10-17,0,7.963197640858165e-07,1.0
0000882291,AEMD,2002-10-18,0,7.963197640858165e-07,1.0
0000882291,AEMD,2002-10-21,0,7.963197640858165e-07,1.0
0000882291,AEMD,2002-10-22,0,7.963197640858165e-07,1.0
0000882291,AEMD,2002-10-23,0,7.963197640858165e-07,1.0
0000882291,AEMD,2002-10-24,0,7.963197640858165e-07,1.0
0000882291,AEMD,2002-10-25,0,7.963197640858165e-07,1.0
0000882291,AEMD,2002-10-28,0,7.963197640858165e-07,1.0
0000882291,AEMD,2002-10-29,0,7.963197640858165e-07,1.0
0000882291,AEMD,2002-10-30,0,7.963197640858165e-07,1.0
0000882291,AEMD,2002-10-31,0,7.963197640858165e-07,1.0
0000882291,AEMD,2002-11-01,0,7.963197640858165e-07,1.0
0000882291,AEMD,2002-11-04,0,7.963197640858165e-07,1.0
0000882291,AEMD,2002-11-05,0,7.963197640858165e-07,1.0
0000882291,AEMD,2002-11-06,0,7.963197640858165e-07,1.0
0000882291,AEMD,2002-11-07,0,7.963197640858165e-07,1.0
0000882291,AEMD,2002-11-08,0,7.963197640858165e-07,1.0
0000882291,AEMD,2002-11-11,0,7.963197640858165e-07,1.0
0000882291,AEMD,2002-11-12,0,7.963197640858165e-07,1.0
0000882291,AEMD,2002-11-13,0,7.963197640858165e-07,1.0
0000882291,AEMD,2002-11-14,0,7.963197640858165e-07,1.0
0000882291,AEMD,2002-11-15,0,7.963197640858165e-07,1.0
0000882291,AEMD,2002-11-18,0,7.963197640858165e-07,1.0
0000882291,AEMD,2002-11-19,0,7.963197640858165e-07,1.0
0000882291,AEMD,2002-11-20,0,7.963197640858165e-07,1.0
0000882291,AEMD,2002-11-21,0,7.963197640858165e-07,1.0
0000882291,AEMD,2002-11-22,0,7.963197640858165e-07,1.0
0000882291,AEMD,2002-11-25,0,7.963197640858165e-07,1.0
0000882291,AEMD,2002-11-26,0,7.963197640858165e-07,1.0
0000882291,AEMD,2002-11-27,0,7.963197640858165e-07,1.0
0000882291,AEMD,2002-11-28,0,7.963197640858165e-07,1.0
0000882291,AEMD,2002-11-29,0,7.963197640858165e-07,1.0
0000882291,AEMD,2002-12-02,0,7.963197640858165e-07,1.0
0000882291,AEMD,2002-12-03,0,7.963197640858165e-07,1.0
0000882291,AEMD,2002-12-04,0,7.963197640858165e-07,1.0
0000882291,AEMD,2002-12-05,0,7.963197640858165e-07,1.0
0000882291,AEMD,2002-12-06,0,7.963197640858165e-07,1.0
0000882291,AEMD,2002-12-09,0,7.963197640858165e-07,1.0
0000882291,AEMD,2002-12-10,0,7.963197640858165e-07,1.0
0000882291,AEMD,2002-12-11,0,7.963197640858165e-07,1.0
0000882291,AEMD,2002-12-12,0,7.963197640858165e-07,1.0
0000882291,AEMD,2002-12-13,0,7.963197640858165e-07,1.0
0000882291,AEMD,2002-12-16,0,7.963197640858165e-07,1.0
0000882291,AEMD,2002-12-17,0,7.963197640858165e-07,1.0
0000882291,AEMD,2002-12-18,0,7.963197640858165e-07,1.0
0000882291,AEMD,2002-12-19,0,7.963197640858165e-07,1.0
0000882291,AEMD,2002-12-20,0,7.963197640858165e-07,1.0
0000882291,AEMD,2002-12-23,0,7.963197640858165e-07,1.0
0000882291,AEMD,2002-12-24,0,7.963197640858165e-07,1.0
0000882291,AEMD,2002-12-25,0,7.963197640858165e-07,1.0
0000882291,AEMD,2002-12-26,0,7.963197640858165e-07,1.0
0000882291,AEMD,2002-12-27,0,7.963197640858165e-07,1.0
0000882291,AEMD,2002-12-30,0,7.963197640858165e-07,1.0
0000882291,AEMD,2002-12-31,0,7.963197640858165e-07,1.0
0000882291,AEMD,2003-01-01,0,7.963197640858165e-07,1.0
0000882291,AEMD,2003-01-02,0,7.963197640858165e-07,1.0
0000882291,AEMD,2003-01-03,0,7.963197640858165e-07,1.0
0000882291,AEMD,2003-01-06,0,7.963197640858165e-07,1.0
0000882291,AEMD,2003-01-07,0,7.963197640858165e-07,1.0
0000882291,AEMD,2003-01-08,0,7.963197640858165e-07,1.0
0000882291,AEMD,2003-01-09,0,7.963197640858165e-07,1.0
0000882291,AEMD,2003-01-10,0,7.963197640858165e-07,1.0
0000882291,AEMD,2003-01-13,0,7.963197640858165e-07,1.0
0000882291,AEMD,2003-01-14,0,7.963197640858165e-07,1.0
0000882291,AEMD,2003-01-15,0,7.963197640858165e-07,1.0
0000882291,AEMD,2003-01-16,0,7.963197640858165e-07,1.0
0000882291,AEMD,2003-01-17,0,7.963197640858165e-07,1.0
0000882291,AEMD,2003-01-20,0,7.963197640858165e-07,1.0
0000882291,AEMD,2003-01-21,0,7.963197640858165e-07,1.0
0000882291,AEMD,2003-01-22,0,7.963197640858165e-07,1.0
0000882291,AEMD,2003-01-23,0,7.963197640858165e-07,1.0
0000882291,AEMD,2003-01-24,0,7.963197640858165e-07,1.0
0000882291,AEMD,2003-01-27,0,7.963197640858165e-07,1.0
0000882291,AEMD,2003-01-28,0,7.963197640858165e-07,1.0
0000882291,AEMD,2003-01-29,0,7.963197640858165e-07,1.0
0000882291,AEMD,2003-01-30,0,7.963197640858165e-07,1.0
0000882291,AEMD,2003-01-31,0,7.963197640858165e-07,1.0
0000882291,AEMD,2003-02-03,0,7.963197640858165e-07,1.0
0000882291,AEMD,2003-02-04,0,7.963197640858165e-07,1.0
0000882291,AEMD,2003-02-05,0,7.963197640858165e-07,1.0
0000882291,AEMD,2003-02-06,0,7.963197640858165e-07,1.0
0000882291,AEMD,2003-02-07,0,7.963197640858165e-07,1.0
0000882291,AEMD,2003-02-10,0,7.963197640858165e-07,1.0
0000882291,AEMD,2003-02-11,0,7.963197640858165e-07,1.0
0000882291,AEMD,2003-02-12,0,7.963197640858165e-07,1.0
0000882291,AEMD,2003-02-13,0,7.963197640858165e-07,1.0
0000882291,AEMD,2003-02-14,0,7.963197640858165e-07,1.0
0000882291,AEMD,2003-02-17,0,7.963197640858165e-07,1.0
0000882291,AEMD,2003-02-18,0,7.963197640858165e-07,1.0
0000882291,AEMD,2003-02-19,0,7.963197640858165e-07,1.0
0000882291,AEMD,2003-02-20,0,7.963197640858165e-07,1.0
0000882291,AEMD,2003-02-21,0,7.963197640858165e-07,1.0
0000882291,AEMD,2003-02-24,0,7.963197640858165e-07,1.0
0000882291,AEMD,2003-02-25,0,7.963197640858165e-07,1.0
0000882291,AEMD,2003-02-26,0,7.963197640858165e-07,1.0
0000882291,AEMD,2003-02-27,0,7.963197640858165e-07,1.0
0000882291,AEMD,2003-02-28,0,7.963197640858165e-07,1.0
0000882291,AEMD,2003-03-03,0,7.963197640858165e-07,1.0
0000882291,AEMD,2003-03-04,0,7.963197640858165e-07,1.0
0000882291,AEMD,2003-03-05,0,7.963197640858165e-07,1.0
0000882291,AEMD,2003-03-06,0,7.963197640858165e-07,1.0
0000882291,AEMD,2003-03-07,0,7.963197640858165e-07,1.0
0000882291,AEMD,2003-03-10,0,7.963197640858165e-07,1.0
0000882291,AEMD,2003-03-11,0,7.963197640858165e-07,1.0
0000882291,AEMD,2003-03-12,0,7.963197640858165e-07,1.0
0000882291,AEMD,2003-03-13,0,7.963197640858165e-07,1.0
0000882291,AEMD,2003-03-14,0,7.963197640858165e-07,1.0
0000882291,AEMD,2003-03-17,0,7.963197640858165e-07,1.0
0000882291,AEMD,2003-03-18,0,7.963197640858165e-07,1.0
0000882291,AEMD,2003-03-19,0,7.963197640858165e-07,1.0
0000882291,AEMD,2003-03-20,0,7.963197640858165e-07,1.0
0000882291,AEMD,2003-03-21,0,7.963197640858165e-07,1.0
0000882291,AEMD,2003-03-24,0,7.963197640858165e-07,1.0
0000882291,AEMD,2003-03-25,0,7.963197640858165e-07,1.0
0000882291,AEMD,2003-03-26,0,7.963197640858165e-07,1.0
0000882291,AEMD,2003-03-27,0,7.963197640858165e-07,1.0
0000882291,AEMD,2003-03-28,0,7.963197640858165e-07,1.0
0000882291,AEMD,2003-03-31,0,7.963197640858165e-07,1.0
0000882291,AEMD,2003-04-01,0,7.963197640858165e-07,1.0
0000882291,AEMD,2003-04-02,0,7.963197640858165e-07,1.0
0000882291,AEMD,2003-04-03,0,7.963197640858165e-07,1.0
0000882291,AEMD,2003-04-04,0,7.963197640858165e-07,1.0
0000882291,AEMD,2003-04-07,0,7.963197640858165e-07,1.0
0000882291,AEMD,2003-04-08,0,7.963197640858165e-07,1.0
0000882291,AEMD,2003-04-09,0,7.963197640858165e-07,1.0
0000882291,AEMD,2003-04-10,0,7.963197640858165e-07,1.0
0000882291,AEMD,2003-04-11,0,7.963197640858165e-07,1.0
0000882291,AEMD,2003-04-14,0,7.963197640858165e-07,1.0
0000882291,AEMD,2003-04-15,0,7.963197640858165e-07,1.0
0000882291,AEMD,2003-04-16,0,7.963197640858165e-07,1.0
0000882291,AEMD,2003-04-17,0,7.963197640858165e-07,1.0
0000882291,AEMD,2003-04-18,0,7.963197640858165e-07,1.0
0000882291,AEMD,2003-04-21,0,7.963197640858165e-07,1.0
0000882291,AEMD,2003-04-22,0,7.963197640858165e-07,1.0
0000882291,AEMD,2003-04-23,0,7.963197640858165e-07,1.0
0000882291,AEMD,2003-04-24,0,7.963197640858165e-07,1.0
0000882291,AEMD,2003-04-25,0,7.963197640858165e-07,1.0
0000882291,AEMD,2003-04-28,0,7.963197640858165e-07,1.0
0000882291,AEMD,2003-04-29,0,7.963197640858165e-07,1.0
0000882291,AEMD,2003-04-30,0,7.963197640858165e-07,1.0
0000882291,AEMD,2003-05-01,0,7.963197640858165e-07,1.0
0000882291,AEMD,2003-05-02,0,7.963197640858165e-07,1.0
0000882291,AEMD,2003-05-05,0,7.963197640858165e-07,1.0
0000882291,AEMD,2003-05-06,0,7.963197640858165e-07,1.0
0000882291,AEMD,2003-05-07,0,7.963197640858165e-07,1.0
0000882291,AEMD,2003-05-08,0,7.963197640858165e-07,1.0
0000882291,AEMD,2003-05-09,0,7.963197640858165e-07,1.0
0000882291,AEMD,2003-05-12,0,7.963197640858165e-07,1.0
0000882291,AEMD,2003-05-13,0,7.963197640858165e-07,1.0
0000882291,AEMD,2003-05-14,0,7.963197640858165e-07,1.0
0000882291,AEMD,2003-05-15,0,7.963197640858165e-07,1.0
0000882291,AEMD,2003-05-16,0,7.963197640858165e-07,1.0
0000882291,AEMD,2003-05-19,0,7.963197640858165e-07,1.0
0000882291,AEMD,2003-05-20,0,7.963197640858165e-07,1.0
0000882291,AEMD,2003-05-21,0,7.963197640858165e-07,1.0
0000882291,AEMD,2003-05-22,0,7.963197640858165e-07,1.0
0000882291,AEMD,2003-05-23,0,7.963197640858165e-07,1.0
0000882291,AEMD,2003-05-26,0,7.963197640858165e-07,1.0
0000882291,AEMD,2003-05-27,0,7.963197640858165e-07,1.0
0000882291,AEMD,2003-05-28,0,7.963197640858165e-07,1.0
0000882291,AEMD,2003-05-29,0,7.963197640858165e-07,1.0
0000882291,AEMD,2003-05-30,0,7.963197640858165e-07,1.0
0000882291,AEMD,2003-06-02,0,7.963197640858165e-07,1.0
0000882291,AEMD,2003-06-03,0,7.963197640858165e-07,1.0
0000882291,AEMD,2003-06-04,0,7.963197640858165e-07,1.0
0000882291,AEMD,2003-06-05,0,7.963197640858165e-07,1.0
0000882291,AEMD,2003-06-06,0,7.963197640858165e-07,1.0
0000882291,AEMD,2003-06-09,0,7.963197640858165e-07,1.0
0000882291,AEMD,2003-06-10,0,7.963197640858165e-07,1.0
0000882291,AEMD,2003-06-11,0,7.963197640858165e-07,1.0
0000882291,AEMD,2003-06-12,0,7.963197640858165e-07,1.0
0000882291,AEMD,2003-06-13,0,7.963197640858165e-07,1.0
0000882291,AEMD,2003-06-16,0,7.963197640858165e-07,1.0
0000882291,AEMD,2003-06-17,0,7.963197640858165e-07,1.0
0000882291,AEMD,2003-06-18,0,7.963197640858165e-07,1.0
0000882291,AEMD,2003-06-19,0,7.963197640858165e-07,1.0
0000882291,AEMD,2003-06-20,0,7.963197640858165e-07,1.0
0000882291,AEMD,2003-06-23,0,7.963197640858165e-07,1.0
0000882291,AEMD,2003-06-24,0,7.963197640858165e-07,1.0
0000882291,AEMD,2003-06-25,0,7.963197640858165e-07,1.0
0000882291,AEMD,2003-06-26,0,7.963197640858165e-07,1.0
0000882291,AEMD,2003-06-27,0,7.963197640858165e-07,1.0
0000882291,AEMD,2003-06-30,0,7.963197640858165e-07,1.0
0000882291,AEMD,2003-07-01,0,7.963197640858165e-07,1.0
0000882291,AEMD,2003-07-02,0,7.963197640858165e-07,1.0
0000882291,AEMD,2003-07-03,0,7.963197640858165e-07,1.0
0000882291,AEMD,2003-07-04,0,7.963197640858165e-07,1.0
0000882291,AEMD,2003-07-07,0,7.963197640858165e-07,1.0
0000882291,AEMD,2003-07-08,0,7.963197640858165e-07,1.0
0000882291,AEMD,2003-07-09,0,7.963197640858165e-07,1.0
0000882291,AEMD,2003-07-10,0,7.963197640858165e-07,1.0
0000882291,AEMD,2003-07-11,0,7.963197640858165e-07,1.0
0000882291,AEMD,2003-07-14,0,7.963197640858165e-07,1.0
0000882291,AEMD,2003-07-15,0,7.963197640858165e-07,1.0
0000882291,AEMD,2003-07-16,0,7.963197640858165e-07,1.0
0000882291,AEMD,2003-07-17,0,7.963197640858165e-07,1.0
0000882291,AEMD,2003-07-18,0,7.963197640858165e-07,1.0
0000882291,AEMD,2003-07-21,0,7.963197640858165e-07,1.0
0000882291,AEMD,2003-07-22,0,7.963197640858165e-07,1.0
0000882291,AEMD,2003-07-23,0,7.963197640858165e-07,1.0
0000882291,AEMD,2003-07-24,0,7.963197640858165e-07,1.0
0000882291,AEMD,2003-07-25,0,7.963197640858165e-07,1.0
0000882291,AEMD,2003-07-28,0,7.963197640858165e-07,1.0
0000882291,AEMD,2003-07-29,0,7.963197640858165e-07,1.0
0000882291,AEMD,2003-07-30,0,7.963197640858165e-07,1.0
0000882291,AEMD,2003-07-31,0,7.963197640858165e-07,1.0
0000882291,AEMD,2003-08-01,0,7.963197640858165e-07,1.0
0000882291,AEMD,2003-08-04,0,7.963197640858165e-07,1.0
0000882291,AEMD,2003-08-05,0,7.963197640858165e-07,1.0
0000882291,AEMD,2003-08-06,0,7.963197640858165e-07,1.0
0000882291,AEMD,2003-08-07,0,7.963197640858165e-07,1.0
0000882291,AEMD,2003-08-08,0,7.963197640858165e-07,1.0
0000882291,AEMD,2003-08-11,0,7.963197640858165e-07,1.0
0000882291,AEMD,2003-08-12,0,7.963197640858165e-07,1.0
0000882291,AEMD,2003-08-13,0,7.963197640858165e-07,1.0
0000882291,AEMD,2003-08-14,0,7.963197640858165e-07,1.0
0000882291,AEMD,2003-08-15,0,7.963197640858165e-07,1.0
0000882291,AEMD,2003-08-18,0,7.963197640858165e-07,1.0
0000882291,AEMD,2003-08-19,0,7.963197640858165e-07,1.0
0000882291,AEMD,2003-08-20,0,7.963197640858165e-07,1.0
0000882291,AEMD,2003-08-21,0,7.963197640858165e-07,1.0
0000882291,AEMD,2003-08-22,0,7.963197640858165e-07,1.0
0000882291,AEMD,2003-08-25,0,7.963197640858165e-07,1.0
0000882291,AEMD,2003-08-26,0,7.963197640858165e-07,1.0
0000882291,AEMD,2003-08-27,0,7.963197640858165e-07,1.0
0000882291,AEMD,2003-08-28,0,7.963197640858165e-07,1.0
0000882291,AEMD,2003-08-29,0,7.963197640858165e-07,1.0
0000882291,AEMD,2003-09-01,0,7.963197640858165e-07,1.0
0000882291,AEMD,2003-09-02,0,7.963197640858165e-07,1.0
0000882291,AEMD,2003-09-03,0,7.963197640858165e-07,1.0
0000882291,AEMD,2003-09-04,0,7.963197640858165e-07,1.0
0000882291,AEMD,2003-09-05,0,7.963197640858165e-07,1.0
0000882291,AEMD,2003-09-08,0,7.963197640858165e-07,1.0
0000882291,AEMD,2003-09-09,0,7.963197640858165e-07,1.0
0000882291,AEMD,2003-09-10,0,7.963197640858165e-07,1.0
0000882291,AEMD,2003-09-11,0,7.963197640858165e-07,1.0
0000882291,AEMD,2003-09-12,0,7.963197640858165e-07,1.0
0000882291,AEMD,2003-09-15,0,7.963197640858165e-07,1.0
0000882291,AEMD,2003-09-16,0,7.963197640858165e-07,1.0
0000882291,AEMD,2003-09-17,0,7.963197640858165e-07,1.0
0000882291,AEMD,2003-09-18,0,7.963197640858165e-07,1.0
0000882291,AEMD,2003-09-19,0,7.963197640858165e-07,1.0
0000882291,AEMD,2003-09-22,0,7.963197640858165e-07,1.0
0000882291,AEMD,2003-09-23,0,7.963197640858165e-07,1.0
0000882291,AEMD,2003-09-24,0,7.963197640858165e-07,1.0
0000882291,AEMD,2003-09-25,0,7.963197640858165e-07,1.0
0000882291,AEMD,2003-09-26,0,7.963197640858165e-07,1.0
0000882291,AEMD,2003-09-29,0,7.963197640858165e-07,1.0
0000882291,AEMD,2003-09-30,0,7.963197640858165e-07,1.0
0000882291,AEMD,2003-10-01,0,7.963197640858165e-07,1.0
0000882291,AEMD,2003-10-02,0,7.963197640858165e-07,1.0
0000882291,AEMD,2003-10-03,0,7.963197640858165e-07,1.0
0000882291,AEMD,2003-10-06,0,7.963197640858165e-07,1.0
0000882291,AEMD,2003-10-07,0,7.963197640858165e-07,1.0
0000882291,AEMD,2003-10-08,0,7.963197640858165e-07,1.0
0000882291,AEMD,2003-10-09,0,7.963197640858165e-07,1.0
0000882291,AEMD,2003-10-10,0,7.963197640858165e-07,1.0
0000882291,AEMD,2003-10-13,0,7.963197640858165e-07,1.0
0000882291,AEMD,2003-10-14,0,7.963197640858165e-07,1.0
0000882291,AEMD,2003-10-15,0,7.963197640858165e-07,1.0
0000882291,AEMD,2003-10-16,0,7.963197640858165e-07,1.0
0000882291,AEMD,2003-10-17,0,7.963197640858165e-07,1.0
0000882291,AEMD,2003-10-20,0,7.963197640858165e-07,1.0
0000882291,AEMD,2003-10-21,0,7.963197640858165e-07,1.0
0000882291,AEMD,2003-10-22,0,7.963197640858165e-07,1.0
0000882291,AEMD,2003-10-23,0,7.963197640858165e-07,1.0
0000882291,AEMD,2003-10-24,0,7.963197640858165e-07,1.0
0000882291,AEMD,2003-10-27,0,7.963197640858165e-07,1.0
0000882291,AEMD,2003-10-28,0,7.963197640858165e-07,1.0
0000882291,AEMD,2003-10-29,0,7.963197640858165e-07,1.0
0000882291,AEMD,2003-10-30,0,7.963197640858165e-07,1.0
0000882291,AEMD,2003-10-31,0,7.963197640858165e-07,1.0
0000882291,AEMD,2003-11-03,0,7.963197640858165e-07,1.0
0000882291,AEMD,2003-11-04,0,7.963197640858165e-07,1.0
0000882291,AEMD,2003-11-05,0,7.963197640858165e-07,1.0
0000882291,AEMD,2003-11-06,0,7.963197640858165e-07,1.0
0000882291,AEMD,2003-11-07,0,7.963197640858165e-07,1.0
0000882291,AEMD,2003-11-10,0,7.963197640858165e-07,1.0
0000882291,AEMD,2003-11-11,0,7.963197640858165e-07,1.0
0000882291,AEMD,2003-11-12,0,7.963197640858165e-07,1.0
0000882291,AEMD,2003-11-13,0,7.963197640858165e-07,1.0
0000882291,AEMD,2003-11-14,0,7.963197640858165e-07,1.0
0000882291,AEMD,2003-11-17,0,7.963197640858165e-07,1.0
0000882291,AEMD,2003-11-18,0,7.963197640858165e-07,1.0
0000882291,AEMD,2003-11-19,0,7.963197640858165e-07,1.0
0000882291,AEMD,2003-11-20,0,7.963197640858165e-07,1.0
0000882291,AEMD,2003-11-21,0,7.963197640858165e-07,1.0
0000882291,AEMD,2003-11-24,0,7.963197640858165e-07,1.0
0000882291,AEMD,2003-11-25,0,7.963197640858165e-07,1.0
0000882291,AEMD,2003-11-26,0,7.963197640858165e-07,1.0
0000882291,AEMD,2003-11-27,0,7.963197640858165e-07,1.0
0000882291,AEMD,2003-11-28,0,7.963197640858165e-07,1.0
0000882291,AEMD,2003-12-01,0,7.963197640858165e-07,1.0
0000882291,AEMD,2003-12-02,0,7.963197640858165e-07,1.0
0000882291,AEMD,2003-12-03,0,7.963197640858165e-07,1.0
0000882291,AEMD,2003-12-04,0,7.963197640858165e-07,1.0
0000882291,AEMD,2003-12-05,0,7.963197640858165e-07,1.0
0000882291,AEMD,2003-12-08,0,7.963197640858165e-07,1.0
0000882291,AEMD,2003-12-09,0,7.963197640858165e-07,1.0
0000882291,AEMD,2003-12-10,0,7.963197640858165e-07,1.0
0000882291,AEMD,2003-12-11,0,7.963197640858165e-07,1.0
0000882291,AEMD,2003-12-12,0,7.963197640858165e-07,1.0
0000882291,AEMD,2003-12-15,0,7.963197640858165e-07,1.0
0000882291,AEMD,2003-12-16,0,7.963197640858165e-07,1.0
0000882291,AEMD,2003-12-17,0,7.963197640858165e-07,1.0
0000882291,AEMD,2003-12-18,0,7.963197640858165e-07,1.0
0000882291,AEMD,2003-12-19,0,7.963197640858165e-07,1.0
0000882291,AEMD,2003-12-22,0,7.963197640858165e-07,1.0
0000882291,AEMD,2003-12-23,0,7.963197640858165e-07,1.0
0000882291,AEMD,2003-12-24,0,7.963197640858165e-07,1.0
0000882291,AEMD,2003-12-25,0,7.963197640858165e-07,1.0
0000882291,AEMD,2003-12-26,0,7.963197640858165e-07,1.0
0000882291,AEMD,2003-12-29,0,7.963197640858165e-07,1.0
0000882291,AEMD,2003-12-30,0,7.963197640858165e-07,1.0
0000882291,AEMD,2003-12-31,0,7.963197640858165e-07,1.0
0000882291,AEMD,2004-01-01,0,7.963197640858165e-07,1.0
0000882291,AEMD,2004-01-02,0,7.963197640858165e-07,1.0
0000882291,AEMD,2004-01-05,0,7.963197640858165e-07,1.0
0000882291,AEMD,2004-01-06,0,7.963197640858165e-07,1.0
0000882291,AEMD,2004-01-07,0,7.963197640858165e-07,1.0
0000882291,AEMD,2004-01-08,0,7.963197640858165e-07,1.0
0000882291,AEMD,2004-01-09,0,7.963197640858165e-07,1.0
0000882291,AEMD,2004-01-12,0,7.963197640858165e-07,1.0
0000882291,AEMD,2004-01-13,0,7.963197640858165e-07,1.0
0000882291,AEMD,2004-01-14,0,7.963197640858165e-07,1.0
0000882291,AEMD,2004-01-15,0,7.963197640858165e-07,1.0
0000882291,AEMD,2004-01-16,0,7.963197640858165e-07,1.0
0000882291,AEMD,2004-01-19,0,7.963197640858165e-07,1.0
0000882291,AEMD,2004-01-20,0,7.963197640858165e-07,1.0
0000882291,AEMD,2004-01-21,0,7.963197640858165e-07,1.0
0000882291,AEMD,2004-01-22,0,7.963197640858165e-07,1.0
0000882291,AEMD,2004-01-23,0,7.963197640858165e-07,1.0
0000882291,AEMD,2004-01-26,0,7.963197640858165e-07,1.0
0000882291,AEMD,2004-01-27,0,7.963197640858165e-07,1.0
0000882291,AEMD,2004-01-28,0,7.963197640858165e-07,1.0
0000882291,AEMD,2004-01-29,0,7.963197640858165e-07,1.0
0000882291,AEMD,2004-01-30,0,7.963197640858165e-07,1.0
0000882291,AEMD,2004-02-02,0,7.963197640858165e-07,1.0
0000882291,AEMD,2004-02-03,0,7.963197640858165e-07,1.0
0000882291,AEMD,2004-02-04,0,7.963197640858165e-07,1.0
0000882291,AEMD,2004-02-05,0,7.963197640858165e-07,1.0
0000882291,AEMD,2004-02-06,0,7.963197640858165e-07,1.0
0000882291,AEMD,2004-02-09,0,7.963197640858165e-07,1.0
0000882291,AEMD,2004-02-10,0,7.963197640858165e-07,1.0
0000882291,AEMD,2004-02-11,0,7.963197640858165e-07,1.0
0000882291,AEMD,2004-02-12,0,7.963197640858165e-07,1.0
0000882291,AEMD,2004-02-13,0,7.963197640858165e-07,1.0
0000882291,AEMD,2004-02-16,0,7.963197640858165e-07,1.0
0000882291,AEMD,2004-02-17,0,7.963197640858165e-07,1.0
0000882291,AEMD,2004-02-18,0,7.963197640858165e-07,1.0
0000882291,AEMD,2004-02-19,0,7.963197640858165e-07,1.0
0000882291,AEMD,2004-02-20,0,7.963197640858165e-07,1.0
0000882291,AEMD,2004-02-23,0,7.963197640858165e-07,1.0
0000882291,AEMD,2004-02-24,0,7.963197640858165e-07,1.0
0000882291,AEMD,2004-02-25,0,7.963197640858165e-07,1.0
0000882291,AEMD,2004-02-26,0,7.963197640858165e-07,1.0
0000882291,AEMD,2004-02-27,0,7.963197640858165e-07,1.0
0000882291,AEMD,2004-03-01,0,7.963197640858165e-07,1.0
0000882291,AEMD,2004-03-02,0,7.963197640858165e-07,1.0
0000882291,AEMD,2004-03-03,0,7.963197640858165e-07,1.0
0000882291,AEMD,2004-03-04,0,7.963197640858165e-07,1.0
0000882291,AEMD,2004-03-05,0,7.963197640858165e-07,1.0
0000882291,AEMD,2004-03-08,0,7.963197640858165e-07,1.0
0000882291,AEMD,2004-03-09,0,7.963197640858165e-07,1.0
0000882291,AEMD,2004-03-10,0,7.963197640858165e-07,1.0
0000882291,AEMD,2004-03-11,0,7.963197640858165e-07,1.0
0000882291,AEMD,2004-03-12,0,7.963197640858165e-07,1.0
0000882291,AEMD,2004-03-15,0,7.963197640858165e-07,1.0
0000882291,AEMD,2004-03-16,0,7.963197640858165e-07,1.0
0000882291,AEMD,2004-03-17,0,7.963197640858165e-07,1.0
0000882291,AEMD,2004-03-18,0,7.963197640858165e-07,1.0
0000882291,AEMD,2004-03-19,0,7.963197640858165e-07,1.0
0000882291,AEMD,2004-03-22,0,7.963197640858165e-07,1.0
0000882291,AEMD,2004-03-23,0,7.963197640858165e-07,1.0
0000882291,AEMD,2004-03-24,0,7.963197640858165e-07,1.0
0000882291,AEMD,2004-03-25,0,7.963197640858165e-07,1.0
0000882291,AEMD,2004-03-26,0,7.963197640858165e-07,1.0
0000882291,AEMD,2004-03-29,0,7.963197640858165e-07,1.0
0000882291,AEMD,2004-03-30,0,7.963197640858165e-07,1.0
0000882291,AEMD,2004-03-31,0,7.963197640858165e-07,1.0
0000882291,AEMD,2004-04-01,0,7.963197640858165e-07,1.0
0000882291,AEMD,2004-04-02,0,7.963197640858165e-07,1.0
0000882291,AEMD,2004-04-05,0,7.963197640858165e-07,1.0
0000882291,AEMD,2004-04-06,0,7.963197640858165e-07,1.0
0000882291,AEMD,2004-04-07,0,7.963197640858165e-07,1.0
0000882291,AEMD,2004-04-08,0,7.963197640858165e-07,1.0
0000882291,AEMD,2004-04-09,0,7.963197640858165e-07,1.0
0000882291,AEMD,2004-04-12,0,7.963197640858165e-07,1.0
0000882291,AEMD,2004-04-13,0,7.963197640858165e-07,1.0
0000882291,AEMD,2004-04-14,0,7.963197640858165e-07,1.0
0000882291,AEMD,2004-04-15,0,7.963197640858165e-07,1.0
0000882291,AEMD,2004-04-16,0,7.963197640858165e-07,1.0
0000882291,AEMD,2004-04-19,0,7.963197640858165e-07,1.0
0000882291,AEMD,2004-04-20,0,7.963197640858165e-07,1.0
0000882291,AEMD,2004-04-21,0,7.963197640858165e-07,1.0
0000882291,AEMD,2004-04-22,0,7.963197640858165e-07,1.0
0000882291,AEMD,2004-04-23,0,7.963197640858165e-07,1.0
0000882291,AEMD,2004-04-26,0,7.963197640858165e-07,1.0
0000882291,AEMD,2004-04-27,0,7.963197640858165e-07,1.0
0000882291,AEMD,2004-04-28,0,7.963197640858165e-07,1.0
0000882291,AEMD,2004-04-29,0,7.963197640858165e-07,1.0
0000882291,AEMD,2004-04-30,0,7.963197640858165e-07,1.0
0000882291,AEMD,2004-05-03,0,7.963197640858165e-07,1.0
0000882291,AEMD,2004-05-04,0,7.963197640858165e-07,1.0
0000882291,AEMD,2004-05-05,0,7.963197640858165e-07,1.0
0000882291,AEMD,2004-05-06,0,7.963197640858165e-07,1.0
0000882291,AEMD,2004-05-07,0,7.963197640858165e-07,1.0
0000882291,AEMD,2004-05-10,0,7.963197640858165e-07,1.0
0000882291,AEMD,2004-05-11,0,7.963197640858165e-07,1.0
0000882291,AEMD,2004-05-12,0,7.963197640858165e-07,1.0
0000882291,AEMD,2004-05-13,0,7.963197640858165e-07,1.0
0000882291,AEMD,2004-05-14,0,7.963197640858165e-07,1.0
0000882291,AEMD,2004-05-17,0,7.963197640858165e-07,1.0
0000882291,AEMD,2004-05-18,0,7.963197640858165e-07,1.0
0000882291,AEMD,2004-05-19,0,7.963197640858165e-07,1.0
0000882291,AEMD,2004-05-20,0,7.963197640858165e-07,1.0
0000882291,AEMD,2004-05-21,0,7.963197640858165e-07,1.0
0000882291,AEMD,2004-05-24,0,7.963197640858165e-07,1.0
0000882291,AEMD,2004-05-25,0,7.963197640858165e-07,1.0
0000882291,AEMD,2004-05-26,0,7.963197640858165e-07,1.0
0000882291,AEMD,2004-05-27,0,7.963197640858165e-07,1.0
0000882291,AEMD,2004-05-28,0,7.963197640858165e-07,1.0
0000882291,AEMD,2004-05-31,0,7.963197640858165e-07,1.0
0000882291,AEMD,2004-06-01,0,7.963197640858165e-07,1.0
0000882291,AEMD,2004-06-02,0,7.963197640858165e-07,1.0
0000882291,AEMD,2004-06-03,0,7.963197640858165e-07,1.0
0000882291,AEMD,2004-06-04,0,7.963197640858165e-07,1.0
0000882291,AEMD,2004-06-07,0,7.963197640858165e-07,1.0
0000882291,AEMD,2004-06-08,0,7.963197640858165e-07,1.0
0000882291,AEMD,2004-06-09,0,1.4095240550866876e-05,1.0
0000882291,AEMD,2004-06-10,0,1.4095240550866876e-05,1.0
0000882291,AEMD,2004-06-11,0,1.4095240550866876e-05,1.0
0000882291,AEMD,2004-06-14,0,1.4095240550866876e-05,1.0
0000882291,AEMD,2004-06-15,0,1.4095240550866876e-05,1.0
0000882291,AEMD,2004-06-16,0,1.4095240550866876e-05,1.0
0000882291,AEMD,2004-06-17,0,1.4095240550866876e-05,1.0
0000882291,AEMD,2004-06-18,0,1.4095240550866876e-05,1.0
0000882291,AEMD,2004-06-21,0,1.4095240550866876e-05,1.0
0000882291,AEMD,2004-06-22,0,1.4095240550866876e-05,1.0
0000882291,AEMD,2004-06-23,0,1.4095240550866876e-05,1.0
0000882291,AEMD,2004-06-24,0,1.4095240550866876e-05,1.0
0000882291,AEMD,2004-06-25,0,1.4095240550866876e-05,1.0
0000882291,AEMD,2004-06-28,0,1.4095240550866876e-05,1.0
0000882291,AEMD,2004-06-29,0,1.4095240550866876e-05,1.0
0000882291,AEMD,2004-06-30,0,1.4095240550866876e-05,1.0
0000882291,AEMD,2004-07-01,0,1.4095240550866876e-05,1.0
0000882291,AEMD,2004-07-02,0,1.4095240550866876e-05,1.0
0000882291,AEMD,2004-07-05,0,1.4095240550866876e-05,1.0
0000882291,AEMD,2004-07-06,0,1.4095240550866876e-05,1.0
0000882291,AEMD,2004-07-07,0,1.4095240550866876e-05,1.0
0000882291,AEMD,2004-07-08,0,1.4095240550866876e-05,1.0
0000882291,AEMD,2004-07-09,0,2.2006057671375292e-07,1.0
0000882291,AEMD,2004-07-12,0,2.2006057671375292e-07,1.0
0000882291,AEMD,2004-07-13,0,2.2006057671375292e-07,1.0
0000882291,AEMD,2004-07-14,0,2.2006057671375292e-07,1.0
0000882291,AEMD,2004-07-15,0,2.2006057671375292e-07,1.0
0000882291,AEMD,2004-07-16,0,2.2006057671375292e-07,1.0
0000882291,AEMD,2004-07-19,0,2.2006057671375292e-07,1.0
0000882291,AEMD,2004-07-20,0,2.2006057671375292e-07,1.0
0000882291,AEMD,2004-07-21,0,2.2006057671375292e-07,1.0
0000882291,AEMD,2004-07-22,0,2.2006057671375292e-07,1.0
0000882291,AEMD,2004-07-23,0,2.2006057671375292e-07,1.0
0000882291,AEMD,2004-07-26,0,2.2006057671375292e-07,1.0
0000882291,AEMD,2004-07-27,0,2.2006057671375292e-07,1.0
0000882291,AEMD,2004-07-28,0,2.2006057671375292e-07,1.0
0000882291,AEMD,2004-07-29,0,2.2006057671375292e-07,1.0
0000882291,AEMD,2004-07-30,0,2.2006057671375292e-07,1.0
0000882291,AEMD,2004-08-02,0,2.2006057671375292e-07,1.0
0000882291,AEMD,2004-08-03,0,2.2006057671375292e-07,1.0
0000882291,AEMD,2004-08-04,0,2.2006057671375292e-07,1.0
0000882291,AEMD,2004-08-05,0,2.2006057671375292e-07,1.0
0000882291,AEMD,2004-08-06,0,2.2006057671375292e-07,1.0
0000882291,AEMD,2004-08-09,0,2.2006057671375292e-07,1.0
0000882291,AEMD,2004-08-10,0,2.2006057671375292e-07,1.0
0000882291,AEMD,2004-08-11,0,2.2006057671375292e-07,1.0
0000882291,AEMD,2004-08-12,0,2.2006057671375292e-07,1.0
0000882291,AEMD,2004-08-13,0,2.2006057671375292e-07,1.0
0000882291,AEMD,2004-08-16,0,2.2006057671375292e-07,1.0
0000882291,AEMD,2004-08-17,0,2.2006057671375292e-07,1.0
0000882291,AEMD,2004-08-18,0,2.2006057671375292e-07,1.0
0000882291,AEMD,2004-08-19,0,2.2006057671375292e-07,1.0
0000882291,AEMD,2004-08-20,0,2.2006057671375292e-07,1.0
0000882291,AEMD,2004-08-23,0,2.2006057671375292e-07,1.0
0000882291,AEMD,2004-08-24,0,2.2006057671375292e-07,1.0
0000882291,AEMD,2004-08-25,0,2.2006057671375292e-07,1.0
0000882291,AEMD,2004-08-26,0,2.2006057671375292e-07,1.0
0000882291,AEMD,2004-08-27,0,2.2006057671375292e-07,1.0
0000882291,AEMD,2004-08-30,0,2.2006057671375292e-07,1.0
0000882291,AEMD,2004-08-31,0,2.2006057671375292e-07,1.0
0000882291,AEMD,2004-09-01,0,2.2006057671375292e-07,1.0
0000882291,AEMD,2004-09-02,0,2.2006057671375292e-07,1.0
0000882291,AEMD,2004-09-03,0,2.2006057671375292e-07,1.0
0000882291,AEMD,2004-09-06,0,2.2006057671375292e-07,1.0
0000882291,AEMD,2004-09-07,0,3.303614634902378e-07,1.0
0000882291,AEMD,2004-09-08,0,3.559712767747513e-07,1.0
0000882291,AEMD,2004-09-09,0,3.559712767747513e-07,1.0
0000882291,AEMD,2004-09-10,0,3.559712767747513e-07,1.0
0000882291,AEMD,2004-09-13,0,3.559712767747513e-07,1.0
0000882291,AEMD,2004-09-14,0,3.559712767747513e-07,1.0
0000882291,AEMD,2004-09-15,0,3.559712767747513e-07,1.0
0000882291,AEMD,2004-09-16,0,3.559712767747513e-07,1.0
0000882291,AEMD,2004-09-17,0,3.559712767747513e-07,1.0
0000882291,AEMD,2004-09-20,0,3.559712767747513e-07,1.0
0000882291,AEMD,2004-09-21,0,3.559712767747513e-07,1.0
0000882291,AEMD,2004-09-22,0,3.559712767747513e-07,1.0
0000882291,AEMD,2004-09-23,0,3.559712767747513e-07,1.0
0000882291,AEMD,2004-09-24,0,3.559712767747513e-07,1.0
0000882291,AEMD,2004-09-27,0,3.559712767747513e-07,1.0
0000882291,AEMD,2004-09-28,0,3.559712767747513e-07,1.0
0000882291,AEMD,2004-09-29,0,3.559712767747513e-07,1.0
0000882291,AEMD,2004-09-30,0,3.559712767747513e-07,1.0
0000882291,AEMD,2004-10-01,0,3.559712767747513e-07,1.0
0000882291,AEMD,2004-10-04,0,3.559712767747513e-07,1.0
0000882291,AEMD,2004-10-05,0,3.559712767747513e-07,1.0
0000882291,AEMD,2004-10-06,0,3.559712767747513e-07,1.0
0000882291,AEMD,2004-10-07,0,3.559712767747513e-07,1.0
0000882291,AEMD,2004-10-08,0,3.559712767747513e-07,1.0
0000882291,AEMD,2004-10-11,0,3.559712767747513e-07,1.0
0000882291,AEMD,2004-10-12,0,3.559712767747513e-07,1.0
0000882291,AEMD,2004-10-13,0,3.559712767747513e-07,1.0
0000882291,AEMD,2004-10-14,0,3.559712767747513e-07,1.0
0000882291,AEMD,2004-10-15,0,3.559712767747513e-07,1.0
0000882291,AEMD,2004-10-18,0,3.559712767747513e-07,1.0
0000882291,AEMD,2004-10-19,0,3.559712767747513e-07,1.0
0000882291,AEMD,2004-10-20,0,3.559712767747513e-07,1.0
0000882291,AEMD,2004-10-21,0,3.559712767747513e-07,1.0
0000882291,AEMD,2004-10-22,0,3.559712767747513e-07,1.0
0000882291,AEMD,2004-10-25,0,3.559712767747513e-07,1.0
0000882291,AEMD,2004-10-26,0,3.559712767747513e-07,1.0
0000882291,AEMD,2004-10-27,0,3.559712767747513e-07,1.0
0000882291,AEMD,2004-10-28,0,3.559712767747513e-07,1.0
0000882291,AEMD,2004-10-29,0,3.559712767747513e-07,1.0
0000882291,AEMD,2004-11-01,0,3.559712767747513e-07,1.0
0000882291,AEMD,2004-11-02,0,3.559712767747513e-07,1.0
0000882291,AEMD,2004-11-03,0,3.559712767747513e-07,1.0
0000882291,AEMD,2004-11-04,0,3.559712767747513e-07,1.0
0000882291,AEMD,2004-11-05,0,3.559712767747513e-07,1.0
0000882291,AEMD,2004-11-08,0,3.559712767747513e-07,1.0
0000882291,AEMD,2004-11-09,0,3.559712767747513e-07,1.0
0000882291,AEMD,2004-11-10,0,3.559712767747513e-07,1.0
0000882291,AEMD,2004-11-11,0,3.559712767747513e-07,1.0
0000882291,AEMD,2004-11-12,0,3.559712767747513e-07,1.0
0000882291,AEMD,2004-11-15,0,3.559712767747513e-07,1.0
0000882291,AEMD,2004-11-16,0,3.559712767747513e-07,1.0
0000882291,AEMD,2004-11-17,0,3.559712767747513e-07,1.0
0000882291,AEMD,2004-11-18,0,3.559712767747513e-07,1.0
0000882291,AEMD,2004-11-19,0,3.559712767747513e-07,1.0
0000882291,AEMD,2004-11-22,0,3.559712767747513e-07,1.0
0000882291,AEMD,2004-11-23,0,3.559712767747513e-07,1.0
0000882291,AEMD,2004-11-24,0,3.559712767747513e-07,1.0
0000882291,AEMD,2004-11-25,0,3.559712767747513e-07,1.0
0000882291,AEMD,2004-11-26,0,3.559712767747513e-07,1.0
0000882291,AEMD,2004-11-29,0,3.559712767747513e-07,1.0
0000882291,AEMD,2004-11-30,0,3.559712767747513e-07,1.0
0000882291,AEMD,2004-12-01,0,3.559712767747513e-07,1.0
0000882291,AEMD,2004-12-02,0,3.559712767747513e-07,1.0
0000882291,AEMD,2004-12-03,0,3.559712767747513e-07,1.0
0000882291,AEMD,2004-12-06,0,5.395524740697843e-07,1.0
0000882291,AEMD,2004-12-07,0,5.395524740697843e-07,1.0
0000882291,AEMD,2004-12-08,0,5.395524740697843e-07,1.0
0000882291,AEMD,2004-12-09,0,5.395524740697843e-07,1.0
0000882291,AEMD,2004-12-10,0,5.395524740697843e-07,1.0
0000882291,AEMD,2004-12-13,0,5.395524740697843e-07,1.0
0000882291,AEMD,2004-12-14,0,5.395524740697843e-07,1.0
0000882291,AEMD,2004-12-15,0,5.395524740697843e-07,1.0
0000882291,AEMD,2004-12-16,0,5.395524740697843e-07,1.0
0000882291,AEMD,2004-12-17,0,5.395524740697843e-07,1.0
0000882291,AEMD,2004-12-20,0,5.395524740697843e-07,1.0
0000882291,AEMD,2004-12-21,0,5.395524740697843e-07,1.0
0000882291,AEMD,2004-12-22,0,5.395524740697843e-07,1.0
0000882291,AEMD,2004-12-23,0,5.395524740697843e-07,1.0
0000882291,AEMD,2004-12-24,0,5.395524740697843e-07,1.0
0000882291,AEMD,2004-12-27,0,5.395524740697843e-07,1.0
0000882291,AEMD,2004-12-28,0,5.395524740697843e-07,1.0
0000882291,AEMD,2004-12-29,0,5.395524740697843e-07,1.0
0000882291,AEMD,2004-12-30,0,5.395524740697843e-07,1.0
0000882291,AEMD,2004-12-31,0,5.395524740697843e-07,1.0
0000882291,AEMD,2005-01-03,0,5.395524740697843e-07,1.0
0000882291,AEMD,2005-01-04,0,5.395524740697843e-07,1.0
0000882291,AEMD,2005-01-05,0,5.395524740697843e-07,1.0
0000882291,AEMD,2005-01-06,0,5.395524740697843e-07,1.0
0000882291,AEMD,2005-01-07,0,5.395524740697843e-07,1.0
0000882291,AEMD,2005-01-10,0,5.395524740697843e-07,1.0
0000882291,AEMD,2005-01-11,0,5.395524740697843e-07,1.0
0000882291,AEMD,2005-01-12,0,5.395524740697843e-07,1.0
0000882291,AEMD,2005-01-13,0,5.395524740697843e-07,1.0
0000882291,AEMD,2005-01-14,0,5.395524740697843e-07,1.0
0000882291,AEMD,2005-01-17,0,5.395524740697843e-07,1.0
0000882291,AEMD,2005-01-18,0,5.395524740697843e-07,1.0
0000882291,AEMD,2005-01-19,0,5.395524740697843e-07,1.0
0000882291,AEMD,2005-01-20,0,5.395524740697843e-07,1.0
0000882291,AEMD,2005-01-21,0,5.395524740697843e-07,1.0
0000882291,AEMD,2005-01-24,0,5.395524740697843e-07,1.0
0000882291,AEMD,2005-01-25,0,5.395524740697843e-07,1.0
0000882291,AEMD,2005-01-26,0,5.395524740697843e-07,1.0
0000882291,AEMD,2005-01-27,0,5.395524740697843e-07,1.0
0000882291,AEMD,2005-01-28,0,5.395524740697843e-07,1.0
0000882291,AEMD,2005-01-31,0,5.395524740697843e-07,1.0
0000882291,AEMD,2005-02-01,0,5.395524740697843e-07,1.0
0000882291,AEMD,2005-02-02,0,5.395524740697843e-07,1.0
0000882291,AEMD,2005-02-03,0,5.395524740697843e-07,1.0
0000882291,AEMD,2005-02-04,0,5.395524740697843e-07,1.0
0000882291,AEMD,2005-02-07,0,5.395524740697843e-07,1.0
0000882291,AEMD,2005-02-08,0,5.395524740697843e-07,1.0
0000882291,AEMD,2005-02-09,0,5.395524740697843e-07,1.0
0000882291,AEMD,2005-02-10,0,5.395524740697843e-07,1.0
0000882291,AEMD,2005-02-11,0,5.395524740697843e-07,1.0
0000882291,AEMD,2005-02-14,0,5.395524740697843e-07,1.0
0000882291,AEMD,2005-02-15,0,5.395524740697843e-07,1.0
0000882291,AEMD,2005-02-16,0,5.395524740697843e-07,1.0
0000882291,AEMD,2005-02-17,0,5.395524740697843e-07,1.0
0000882291,AEMD,2005-02-18,0,5.395524740697843e-07,1.0
0000882291,AEMD,2005-02-21,0,5.395524740697843e-07,1.0
0000882291,AEMD,2005-02-22,0,5.395524740697843e-07,1.0
0000882291,AEMD,2005-02-23,0,5.395524740697843e-07,1.0
0000882291,AEMD,2005-02-24,0,5.395524740697843e-07,1.0
0000882291,AEMD,2005-02-25,0,5.395524740697843e-07,1.0
0000882291,AEMD,2005-02-28,0,5.395524740697843e-07,1.0
0000882291,AEMD,2005-03-01,0,5.395524740697843e-07,1.0
0000882291,AEMD,2005-03-02,0,5.395524740697843e-07,1.0
0000882291,AEMD,2005-03-03,0,5.395524740697843e-07,1.0
0000882291,AEMD,2005-03-04,0,5.395524740697843e-07,1.0
0000882291,AEMD,2005-03-07,0,5.395524740697843e-07,1.0
0000882291,AEMD,2005-03-08,0,5.395524740697843e-07,1.0
0000882291,AEMD,2005-03-09,0,5.395524740697843e-07,1.0
0000882291,AEMD,2005-03-10,0,5.395524740697843e-07,1.0
0000882291,AEMD,2005-03-11,0,5.395524740697843e-07,1.0
0000882291,AEMD,2005-03-14,0,5.395524740697843e-07,1.0
0000882291,AEMD,2005-03-15,0,5.395524740697843e-07,1.0
0000882291,AEMD,2005-03-16,0,5.395524740697843e-07,1.0
0000882291,AEMD,2005-03-17,0,5.395524740697843e-07,1.0
0000882291,AEMD,2005-03-18,0,5.395524740697843e-07,1.0
0000882291,AEMD,2005-03-21,0,5.395524740697843e-07,1.0
0000882291,AEMD,2005-03-22,0,5.395524740697843e-07,1.0
0000882291,AEMD,2005-03-23,0,5.395524740697843e-07,1.0
0000882291,AEMD,2005-03-24,0,5.395524740697843e-07,1.0
0000882291,AEMD,2005-03-25,0,5.395524740697843e-07,1.0
0000882291,AEMD,2005-03-28,0,5.395524740697843e-07,1.0
0000882291,AEMD,2005-03-29,0,5.395524740697843e-07,1.0
0000882291,AEMD,2005-03-30,0,5.395524740697843e-07,1.0
0000882291,AEMD,2005-03-31,0,5.395524740697843e-07,1.0
0000882291,AEMD,2005-04-01,0,5.395524740697843e-07,1.0
0000882291,AEMD,2005-04-04,0,5.395524740697843e-07,1.0
0000882291,AEMD,2005-04-05,0,5.395524740697843e-07,1.0
0000882291,AEMD,2005-04-06,0,5.395524740697843e-07,1.0
0000882291,AEMD,2005-04-07,0,5.395524740697843e-07,1.0
0000882291,AEMD,2005-04-08,0,5.395524740697843e-07,1.0
0000882291,AEMD,2005-04-11,0,5.395524740697843e-07,1.0
0000882291,AEMD,2005-04-12,0,5.395524740697843e-07,1.0
0000882291,AEMD,2005-04-13,0,5.395524740697843e-07,1.0
0000882291,AEMD,2005-04-14,0,5.395524740697843e-07,1.0
0000882291,AEMD,2005-04-15,0,5.395524740697843e-07,1.0
0000882291,AEMD,2005-04-18,0,5.395524740697843e-07,1.0
0000882291,AEMD,2005-04-19,0,5.395524740697843e-07,1.0
0000882291,AEMD,2005-04-20,0,5.395524740697843e-07,1.0
0000882291,AEMD,2005-04-21,0,5.395524740697843e-07,1.0
0000882291,AEMD,2005-04-22,0,5.395524740697843e-07,1.0
0000882291,AEMD,2005-04-25,0,5.395524740697843e-07,1.0
0000882291,AEMD,2005-04-26,0,1.5099746350907805e-07,1.0
0000882291,AEMD,2005-04-27,0,1.5099746350907805e-07,1.0
0000882291,AEMD,2005-04-28,0,1.5099746350907805e-07,1.0
0000882291,AEMD,2005-04-29,0,1.5099746350907805e-07,1.0
0000882291,AEMD,2005-05-02,0,1.5099746350907805e-07,1.0
0000882291,AEMD,2005-05-03,0,1.5099746350907805e-07,1.0
0000882291,AEMD,2005-05-04,0,1.5099746350907805e-07,1.0
0000882291,AEMD,2005-05-05,0,1.5099746350907805e-07,1.0
0000882291,AEMD,2005-05-06,0,1.5099746350907805e-07,1.0
0000882291,AEMD,2005-05-09,0,1.2714626657800523e-07,1.0
0000882291,AEMD,2005-05-10,0,1.2714626657800523e-07,1.0
0000882291,AEMD,2005-05-11,0,1.2714626657800523e-07,1.0
0000882291,AEMD,2005-05-12,0,1.2714626657800523e-07,1.0
0000882291,AEMD,2005-05-13,0,1.2714626657800523e-07,1.0
0000882291,AEMD,2005-05-16,0,1.2714626657800523e-07,1.0
0000882291,AEMD,2005-05-17,0,1.2714626657800523e-07,1.0
0000882291,AEMD,2005-05-18,0,1.2714626657800523e-07,1.0
0000882291,AEMD,2005-05-19,0,1.2714626657800523e-07,1.0
0000882291,AEMD,2005-05-20,0,1.2714626657800523e-07,1.0
0000882291,AEMD,2005-05-23,0,1.206487265037004e-07,1.0
0000882291,AEMD,2005-05-24,0,1.206487265037004e-07,1.0
0000882291,AEMD,2005-05-25,0,1.206487265037004e-07,1.0
0000882291,AEMD,2005-05-26,0,1.9989553699812527e-07,1.0
0000882291,AEMD,2005-05-27,0,1.9989553699812527e-07,1.0
0000882291,AEMD,2005-05-30,0,1.9989553699812527e-07,1.0
0000882291,AEMD,2005-05-31,0,1.9989553699812527e-07,1.0
0000882291,AEMD,2005-06-01,0,1.9989553699812527e-07,1.0
0000882291,AEMD,2005-06-02,0,1.9989553699812527e-07,1.0
0000882291,AEMD,2005-06-03,0,1.9989553699812527e-07,1.0
0000882291,AEMD,2005-06-06,0,1.9989553699812527e-07,1.0
0000882291,AEMD,2005-06-07,0,1.9989553699812527e-07,1.0
0000882291,AEMD,2005-06-08,0,1.4040863546665315e-05,1.0
0000882291,AEMD,2005-06-09,0,1.4040863546665315e-05,1.0
0000882291,AEMD,2005-06-10,0,1.4040863546665315e-05,1.0
0000882291,AEMD,2005-06-13,0,1.4040863546665315e-05,1.0
0000882291,AEMD,2005-06-14,0,1.4040863546665315e-05,1.0
0000882291,AEMD,2005-06-15,0,1.4040863546665315e-05,1.0
0000882291,AEMD,2005-06-16,0,1.4040863546665315e-05,1.0
0000882291,AEMD,2005-06-17,0,1.4040863546665315e-05,1.0
0000882291,AEMD,2005-06-20,0,1.4040863546665315e-05,1.0
0000882291,AEMD,2005-06-21,0,1.4040863546665315e-05,1.0
0000882291,AEMD,2005-06-22,0,2.2727734877518298e-07,1.0
0000882291,AEMD,2005-06-23,0,2.2727734877518298e-07,1.0
0000882291,AEMD,2005-06-24,0,2.2727734877518298e-07,1.0
0000882291,AEMD,2005-06-27,0,2.2727734877518298e-07,1.0
0000882291,AEMD,2005-06-28,0,2.2727734877518298e-07,1.0
0000882291,AEMD,2005-06-29,0,2.2727734877518298e-07,1.0
0000882291,AEMD,2005-06-30,0,2.2727734877518298e-07,1.0
0000882291,AEMD,2005-07-01,0,2.2727734877518298e-07,1.0
0000882291,AEMD,2005-07-04,0,2.2727734877518298e-07,1.0
0000882291,AEMD,2005-07-05,0,2.2727734877518298e-07,1.0
0000882291,AEMD,2005-07-06,0,2.2727734877518298e-07,1.0
0000882291,AEMD,2005-07-07,0,2.2727734877518298e-07,1.0
0000882291,AEMD,2005-07-08,0,2.2727734877518298e-07,1.0
0000882291,AEMD,2005-07-11,0,2.2727734877518298e-07,1.0
0000882291,AEMD,2005-07-12,0,2.2727734877518298e-07,1.0
0000882291,AEMD,2005-07-13,0,2.2727734877518298e-07,1.0
0000882291,AEMD,2005-07-14,0,2.2727734877518298e-07,1.0
0000882291,AEMD,2005-07-15,0,2.2727734877518298e-07,1.0
0000882291,AEMD,2005-07-18,0,2.2727734877518298e-07,1.0
0000882291,AEMD,2005-07-19,0,2.2727734877518298e-07,1.0
0000882291,AEMD,2005-07-20,0,2.2727734877518298e-07,1.0
0000882291,AEMD,2005-07-21,0,2.2727734877518298e-07,1.0
0000882291,AEMD,2005-07-22,0,2.2727734877518298e-07,1.0
0000882291,AEMD,2005-07-25,0,1.660467228557649e-07,1.0
0000882291,AEMD,2005-07-26,0,1.660467228557649e-07,1.0
0000882291,AEMD,2005-07-27,0,1.660467228557649e-07,1.0
0000882291,AEMD,2005-07-28,0,1.660467228557649e-07,1.0
0000882291,AEMD,2005-07-29,0,1.660467228557649e-07,1.0
0000882291,AEMD,2005-08-01,0,1.660467228557649e-07,1.0
0000882291,AEMD,2005-08-02,0,1.660467228557649e-07,1.0
0000882291,AEMD,2005-08-03,0,1.660467228557649e-07,1.0
0000882291,AEMD,2005-08-04,0,1.660467228557649e-07,1.0
0000882291,AEMD,2005-08-05,0,1.660467228557649e-07,1.0
0000882291,AEMD,2005-08-08,0,1.2656466709897393e-07,1.0
0000882291,AEMD,2005-08-09,0,1.2656466709897393e-07,1.0
0000882291,AEMD,2005-08-10,0,1.2656466709897393e-07,1.0
0000882291,AEMD,2005-08-11,0,1.2656466709897393e-07,1.0
0000882291,AEMD,2005-08-12,0,1.2656466709897393e-07,1.0
0000882291,AEMD,2005-08-15,0,1.2656466709897393e-07,1.0
0000882291,AEMD,2005-08-16,0,1.2656466709897393e-07,1.0
0000882291,AEMD,2005-08-17,0,1.2656466709897393e-07,1.0
0000882291,AEMD,2005-08-18,0,1.2656466709897393e-07,1.0
0000882291,AEMD,2005-08-19,0,1.2656466709897393e-07,1.0
0000882291,AEMD,2005-08-22,0,1.8483350553683776e-07,1.0
0000882291,AEMD,2005-08-23,0,1.8483350553683776e-07,1.0
0000882291,AEMD,2005-08-24,0,1.8483350553683776e-07,1.0
0000882291,AEMD,2005-08-25,0,1.8483350553683776e-07,1.0
0000882291,AEMD,2005-08-26,0,1.8483350553683776e-07,1.0
0000882291,AEMD,2005-08-29,0,1.8483350553683776e-07,1.0
0000882291,AEMD,2005-08-30,0,1.8483350553683776e-07,1.0
0000882291,AEMD,2005-08-31,0,1.8483350553683776e-07,1.0
0000882291,AEMD,2005-09-01,0,1.8483350553683776e-07,1.0
0000882291,AEMD,2005-09-02,0,1.8483350553683776e-07,1.0
0000882291,AEMD,2005-09-05,0,1.8483350553683776e-07,1.0
0000882291,AEMD,2005-09-06,0,1.8483350553683776e-07,1.0
0000882291,AEMD,2005-09-07,0,1.8483350553683776e-07,1.0
0000882291,AEMD,2005-09-08,0,1.8483350553683776e-07,1.0
0000882291,AEMD,2005-09-09,0,1.8483350553683776e-07,1.0
0000882291,AEMD,2005-09-12,0,5.957216295353765e-10,1.0
0000882291,AEMD,2005-09-13,0,5.957216295353765e-10,1.0
0000882291,AEMD,2005-09-14,0,5.957216295353765e-10,1.0
0000882291,AEMD,2005-09-15,0,5.957216295353765e-10,1.0
0000882291,AEMD,2005-09-16,0,5.957216295353765e-10,1.0
0000882291,AEMD,2005-09-19,0,5.957216295353765e-10,1.0
0000882291,AEMD,2005-09-20,0,5.957216295353765e-10,1.0
0000882291,AEMD,2005-09-21,0,5.957216295353765e-10,1.0
0000882291,AEMD,2005-09-22,0,5.957216295353765e-10,1.0
0000882291,AEMD,2005-09-23,0,5.957216295353765e-10,1.0
0000882291,AEMD,2005-09-26,0,5.957216295353765e-10,1.0
0000882291,AEMD,2005-09-27,0,5.957216295353765e-10,1.0
0000882291,AEMD,2005-09-28,0,5.957216295353765e-10,1.0
0000882291,AEMD,2005-09-29,0,5.957216295353765e-10,1.0
0000882291,AEMD,2005-09-30,0,5.957216295353765e-10,1.0
0000882291,AEMD,2005-10-03,0,5.957216295353765e-10,1.0
0000882291,AEMD,2005-10-04,0,5.957216295353765e-10,1.0
0000882291,AEMD,2005-10-05,0,5.957216295353765e-10,1.0
0000882291,AEMD,2005-10-06,0,5.957216295353765e-10,1.0
0000882291,AEMD,2005-10-07,0,5.957216295353765e-10,1.0
0000882291,AEMD,2005-10-10,0,5.957216295353765e-10,1.0
0000882291,AEMD,2005-10-11,0,5.957216295353765e-10,1.0
0000882291,AEMD,2005-10-12,0,1.279858216397198e-07,1.0
0000882291,AEMD,2005-10-13,0,1.279858216397198e-07,1.0
0000882291,AEMD,2005-10-14,0,1.279858216397198e-07,1.0
0000882291,AEMD,2005-10-17,0,1.279858216397198e-07,1.0
0000882291,AEMD,2005-10-18,0,1.279858216397198e-07,1.0
0000882291,AEMD,2005-10-19,0,1.279858216397198e-07,1.0
0000882291,AEMD,2005-10-20,0,1.279858216397198e-07,1.0
0000882291,AEMD,2005-10-21,0,1.279858216397198e-07,1.0
0000882291,AEMD,2005-10-24,0,1.2557374006004616e-07,1.0
0000882291,AEMD,2005-10-25,0,1.2557374006004616e-07,1.0
0000882291,AEMD,2005-10-26,0,1.2557374006004616e-07,1.0
0000882291,AEMD,2005-10-27,0,1.2557374006004616e-07,1.0
0000882291,AEMD,2005-10-28,0,1.2557374006004616e-07,1.0
0000882291,AEMD,2005-10-31,0,1.2557374006004616e-07,1.0
0000882291,AEMD,2005-11-01,0,1.2557374006004616e-07,1.0
0000882291,AEMD,2005-11-02,0,1.2557374006004616e-07,1.0
0000882291,AEMD,2005-11-03,0,1.2557374006004616e-07,1.0
0000882291,AEMD,2005-11-04,0,1.2557374006004616e-07,1.0
0000882291,AEMD,2005-11-07,0,3.295011568697857e-08,1.0
0000882291,AEMD,2005-11-08,0,3.295011568697857e-08,1.0
0000882291,AEMD,2005-11-09,0,3.295011568697857e-08,1.0
0000882291,AEMD,2005-11-10,0,3.295011568697857e-08,1.0
0000882291,AEMD,2005-11-11,0,3.295011568697857e-08,1.0
0000882291,AEMD,2005-11-14,0,3.295011568697857e-08,1.0
0000882291,AEMD,2005-11-15,0,3.295011568697857e-08,1.0
0000882291,AEMD,2005-11-16,0,3.295011568697857e-08,1.0
0000882291,AEMD,2005-11-17,0,3.295011568697857e-08,1.0
0000882291,AEMD,2005-11-18,0,3.295011568697857e-08,1.0
0000882291,AEMD,2005-11-21,0,3.417464986219652e-08,1.0
0000882291,AEMD,2005-11-22,0,3.417464986219652e-08,1.0
0000882291,AEMD,2005-11-23,0,3.417464986219652e-08,1.0
0000882291,AEMD,2005-11-24,0,3.417464986219652e-08,1.0
0000882291,AEMD,2005-11-25,0,3.417464986219652e-08,1.0
0000882291,AEMD,2005-11-28,0,3.417464986219652e-08,1.0
0000882291,AEMD,2005-11-29,0,3.417464986219652e-08,1.0
0000882291,AEMD,2005-11-30,0,3.417464986219652e-08,1.0
0000882291,AEMD,2005-12-01,0,3.417464986219652e-08,1.0
0000882291,AEMD,2005-12-02,0,3.417464986219652e-08,1.0
0000882291,AEMD,2005-12-05,0,3.417464986219652e-08,1.0
0000882291,AEMD,2005-12-06,0,3.417464986219652e-08,1.0
0000882291,AEMD,2005-12-07,0,1.1713909881858904e-07,1.0
0000882291,AEMD,2005-12-08,0,1.1713909881858904e-07,1.0
0000882291,AEMD,2005-12-09,0,1.1713909881858904e-07,1.0
0000882291,AEMD,2005-12-12,0,1.1738181815481883e-07,1.0
0000882291,AEMD,2005-12-13,0,1.1738181815481883e-07,1.0
0000882291,AEMD,2005-12-14,0,1.1738181815481883e-07,1.0
0000882291,AEMD,2005-12-15,0,1.1738181815481883e-07,1.0
0000882291,AEMD,2005-12-16,0,1.1738181815481883e-07,1.0
0000882291,AEMD,2005-12-19,0,1.1738181815481883e-07,1.0
0000882291,AEMD,2005-12-20,0,1.1738181815481883e-07,1.0
0000882291,AEMD,2005-12-21,0,1.1738181815481883e-07,1.0
0000882291,AEMD,2005-12-22,0,1.1738181815481883e-07,1.0
0000882291,AEMD,2005-12-23,0,1.1738181815481883e-07,1.0
0000882291,AEMD,2005-12-26,0,1.1738181815481883e-07,1.0
0000882291,AEMD,2005-12-27,0,1.1738181815481883e-07,1.0
0000882291,AEMD,2005-12-28,0,1.1738181815481883e-07,1.0
0000882291,AEMD,2005-12-29,0,1.1738181815481883e-07,1.0
0000882291,AEMD,2005-12-30,0,1.1738181815481883e-07,1.0
0000882291,AEMD,2006-01-02,0,1.1738181815481883e-07,1.0
0000882291,AEMD,2006-01-03,0,1.1738181815481883e-07,1.0
0000882291,AEMD,2006-01-04,0,1.1738181815481883e-07,1.0
0000882291,AEMD,2006-01-05,0,1.1738181815481883e-07,1.0
0000882291,AEMD,2006-01-06,0,1.1738181815481883e-07,1.0
0000882291,AEMD,2006-01-09,0,1.1738181815481883e-07,1.0
0000882291,AEMD,2006-01-10,0,1.1738181815481883e-07,1.0
0000882291,AEMD,2006-01-11,0,1.1738181815481883e-07,1.0
0000882291,AEMD,2006-01-12,0,1.1738181815481883e-07,1.0
0000882291,AEMD,2006-01-13,0,1.1738181815481883e-07,1.0
0000882291,AEMD,2006-01-16,0,1.1738181815481883e-07,1.0
0000882291,AEMD,2006-01-17,0,1.1738181815481883e-07,1.0
0000882291,AEMD,2006-01-18,0,1.1738181815481883e-07,1.0
0000882291,AEMD,2006-01-19,0,1.1738181815481883e-07,1.0
0000882291,AEMD,2006-01-20,0,1.1738181815481883e-07,1.0
0000882291,AEMD,2006-01-23,0,1.1738181815481883e-07,1.0
0000882291,AEMD,2006-01-24,0,1.1738181815481883e-07,1.0
0000882291,AEMD,2006-01-25,0,1.1738181815481883e-07,1.0
0000882291,AEMD,2006-01-26,0,1.1738181815481883e-07,1.0
0000882291,AEMD,2006-01-27,0,1.1738181815481883e-07,1.0
0000882291,AEMD,2006-01-30,0,1.1738181815481883e-07,1.0
0000882291,AEMD,2006-01-31,0,1.1738181815481883e-07,1.0
0000882291,AEMD,2006-02-01,0,1.1738181815481883e-07,1.0
0000882291,AEMD,2006-02-02,0,1.1738181815481883e-07,1.0
0000882291,AEMD,2006-02-03,0,1.1738181815481883e-07,1.0
0000882291,AEMD,2006-02-06,0,2.4769331290858404e-07,1.0
0000882291,AEMD,2006-02-07,0,2.4769331290858404e-07,1.0
0000882291,AEMD,2006-02-08,0,2.4769331290858404e-07,1.0
0000882291,AEMD,2006-02-09,0,2.4769331290858404e-07,1.0
0000882291,AEMD,2006-02-10,0,2.4769331290858404e-07,1.0
0000882291,AEMD,2006-02-13,0,2.4769331290858404e-07,1.0
0000882291,AEMD,2006-02-14,0,2.4769331290858404e-07,1.0
0000882291,AEMD,2006-02-15,0,2.4769331290858404e-07,1.0
0000882291,AEMD,2006-02-16,0,2.4769331290858404e-07,1.0
0000882291,AEMD,2006-02-17,0,2.4769331290858404e-07,1.0
0000882291,AEMD,2006-02-20,0,2.4769331290858404e-07,1.0
0000882291,AEMD,2006-02-21,0,2.4769331290858404e-07,1.0
0000882291,AEMD,2006-02-22,0,2.4769331290858404e-07,1.0
0000882291,AEMD,2006-02-23,0,2.4769331290858404e-07,1.0
0000882291,AEMD,2006-02-24,0,7.983199410075301e-10,1.0
0000882291,AEMD,2006-02-27,0,7.983199410075301e-10,1.0
0000882291,AEMD,2006-02-28,0,7.983199410075301e-10,1.0
0000882291,AEMD,2006-03-01,0,7.983199410075301e-10,1.0
0000882291,AEMD,2006-03-02,0,7.983199410075301e-10,1.0
0000882291,AEMD,2006-03-03,0,7.983199410075301e-10,1.0
0000882291,AEMD,2006-03-06,0,7.983199410075301e-10,1.0
0000882291,AEMD,2006-03-07,0,7.983199410075301e-10,1.0
0000882291,AEMD,2006-03-08,0,7.983199410075301e-10,1.0
0000882291,AEMD,2006-03-09,0,7.983199410075301e-10,1.0
0000882291,AEMD,2006-03-10,0,7.983199410075301e-10,1.0
0000882291,AEMD,2006-03-13,0,8.069175550455245e-10,1.0
0000882291,AEMD,2006-03-14,0,8.069175550455245e-10,1.0
0000882291,AEMD,2006-03-15,0,8.069175550455245e-10,1.0
0000882291,AEMD,2006-03-16,0,8.069175550455245e-10,1.0
0000882291,AEMD,2006-03-17,0,8.069175550455245e-10,1.0
0000882291,AEMD,2006-03-20,0,8.069175550455245e-10,1.0
0000882291,AEMD,2006-03-21,0,8.069175550455245e-10,1.0
0000882291,AEMD,2006-03-22,0,8.069175550455245e-10,1.0
0000882291,AEMD,2006-03-23,0,8.069175550455245e-10,1.0
0000882291,AEMD,2006-03-24,0,8.069175550455245e-10,1.0
0000882291,AEMD,2006-03-27,0,1.7335949627085335e-07,1.0
0000882291,AEMD,2006-03-28,0,1.7335949627085335e-07,1.0
0000882291,AEMD,2006-03-29,0,1.7335949627085335e-07,1.0
0000882291,AEMD,2006-03-30,0,1.7335949627085335e-07,1.0
0000882291,AEMD,2006-03-31,0,1.7335949627085335e-07,1.0
0000882291,AEMD,2006-04-03,0,1.7335949627085335e-07,1.0
0000882291,AEMD,2006-04-04,0,3.286295306249068e-08,1.0
0000882291,AEMD,2006-04-05,0,3.286295306249068e-08,1.0
0000882291,AEMD,2006-04-06,0,3.286295306249068e-08,1.0
0000882291,AEMD,2006-04-07,0,3.286295306249068e-08,1.0
0000882291,AEMD,2006-04-10,0,3.286295306249068e-08,1.0
0000882291,AEMD,2006-04-11,0,3.286295306249068e-08,1.0
0000882291,AEMD,2006-04-12,0,3.286295306249068e-08,1.0
0000882291,AEMD,2006-04-13,0,3.286295306249068e-08,1.0
0000882291,AEMD,2006-04-14,0,3.286295306249068e-08,1.0
0000882291,AEMD,2006-04-17,0,3.286295306249068e-08,1.0
0000882291,AEMD,2006-04-18,0,3.286295306249068e-08,1.0
0000882291,AEMD,2006-04-19,0,3.286295306249068e-08,1.0
0000882291,AEMD,2006-04-20,0,3.286295306249068e-08,1.0
0000882291,AEMD,2006-04-21,0,3.286295306249068e-08,1.0
0000882291,AEMD,2006-04-24,0,3.286295306249068e-08,1.0
0000882291,AEMD,2006-04-25,0,3.286295306249068e-08,1.0
0000882291,AEMD,2006-04-26,0,3.286295306249068e-08,1.0
0000882291,AEMD,2006-04-27,0,3.286295306249068e-08,1.0
0000882291,AEMD,2006-04-28,0,3.286295306249068e-08,1.0
0000882291,AEMD,2006-05-01,0,3.286295306249068e-08,1.0
0000882291,AEMD,2006-05-02,0,3.286295306249068e-08,1.0
0000882291,AEMD,2006-05-03,0,3.286295306249068e-08,1.0
0000882291,AEMD,2006-05-04,0,1.1264304781581208e-07,1.0
0000882291,AEMD,2006-05-05,0,1.1264304781581208e-07,1.0
0000882291,AEMD,2006-05-08,0,1.1713377046668013e-07,1.0
0000882291,AEMD,2006-05-09,0,1.1713377046668013e-07,1.0
0000882291,AEMD,2006-05-10,0,1.1713377046668013e-07,1.0
0000882291,AEMD,2006-05-11,0,1.1713377046668013e-07,1.0
0000882291,AEMD,2006-05-12,0,1.1713377046668013e-07,1.0
0000882291,AEMD,2006-05-15,0,1.1713377046668013e-07,1.0
0000882291,AEMD,2006-05-16,0,1.1713377046668013e-07,1.0
0000882291,AEMD,2006-05-17,0,1.1713377046668013e-07,1.0
0000882291,AEMD,2006-05-18,0,1.1713377046668013e-07,1.0
0000882291,AEMD,2006-05-19,0,1.1713377046668013e-07,1.0
0000882291,AEMD,2006-05-22,0,1.1713377046668013e-07,1.0
0000882291,AEMD,2006-05-23,0,1.1713377046668013e-07,1.0
0000882291,AEMD,2006-05-24,0,1.1713377046668013e-07,1.0
0000882291,AEMD,2006-05-25,0,1.1713377046668013e-07,1.0
0000882291,AEMD,2006-05-26,0,1.1737647876224203e-07,1.0
0000882291,AEMD,2006-05-29,0,1.1737647876224203e-07,1.0
0000882291,AEMD,2006-05-30,0,1.1737647876224203e-07,1.0
0000882291,AEMD,2006-05-31,0,1.1737647876224203e-07,1.0
0000882291,AEMD,2006-06-01,0,1.1737647876224203e-07,1.0
0000882291,AEMD,2006-06-02,0,1.1737647876224203e-07,1.0
0000882291,AEMD,2006-06-05,0,1.1737647876224203e-07,1.0
0000882291,AEMD,2006-06-06,0,1.1737647876224203e-07,1.0
0000882291,AEMD,2006-06-07,0,1.1737647876224203e-07,1.0
0000882291,AEMD,2006-06-08,0,1.1737647876224203e-07,1.0
0000882291,AEMD,2006-06-09,0,1.1737647876224203e-07,1.0
0000882291,AEMD,2006-06-12,0,1.1737647876224203e-07,1.0
0000882291,AEMD,2006-06-13,0,1.1737647876224203e-07,1.0
0000882291,AEMD,2006-06-14,0,1.1737647876224203e-07,1.0
0000882291,AEMD,2006-06-15,0,1.1737647876224203e-07,1.0
0000882291,AEMD,2006-06-16,0,1.1737647876224203e-07,1.0
0000882291,AEMD,2006-06-19,0,1.1737647876224203e-07,1.0
0000882291,AEMD,2006-06-20,0,1.1737647876224203e-07,1.0
0000882291,AEMD,2006-06-21,0,1.1737647876224203e-07,1.0
0000882291,AEMD,2006-06-22,0,1.1737647876224203e-07,1.0
0000882291,AEMD,2006-06-23,0,1.1737647876224203e-07,1.0
0000882291,AEMD,2006-06-26,0,1.1737647876224203e-07,1.0
0000882291,AEMD,2006-06-27,0,1.1737647876224203e-07,1.0
0000882291,AEMD,2006-06-28,0,1.1737647876224203e-07,1.0
0000882291,AEMD,2006-06-29,0,1.1737647876224203e-07,1.0
0000882291,AEMD,2006-06-30,0,1.1737647876224203e-07,1.0
0000882291,AEMD,2006-07-03,0,2.4768204598765266e-07,1.0
0000882291,AEMD,2006-07-04,0,2.4768204598765266e-07,1.0
0000882291,AEMD,2006-07-05,0,2.4768204598765266e-07,1.0
0000882291,AEMD,2006-07-06,0,2.4768204598765266e-07,1.0
0000882291,AEMD,2006-07-07,0,2.4768204598765266e-07,1.0
0000882291,AEMD,2006-07-10,0,2.4768204598765266e-07,1.0
0000882291,AEMD,2006-07-11,0,2.4768204598765266e-07,1.0
0000882291,AEMD,2006-07-12,0,2.4768204598765266e-07,1.0
0000882291,AEMD,2006-07-13,0,2.4768204598765266e-07,1.0
0000882291,AEMD,2006-07-14,0,2.4768204598765266e-07,1.0
0000882291,AEMD,2006-07-17,0,2.4768204598765266e-07,1.0
0000882291,AEMD,2006-07-18,0,2.4768204598765266e-07,1.0
0000882291,AEMD,2006-07-19,0,2.4768204598765266e-07,1.0
0000882291,AEMD,2006-07-20,0,2.4768204598765266e-07,1.0
0000882291,AEMD,2006-07-21,0,2.4768204598765266e-07,1.0
0000882291,AEMD,2006-07-24,0,2.4768204598765266e-07,1.0
0000882291,AEMD,2006-07-25,0,2.4768204598765266e-07,1.0
0000882291,AEMD,2006-07-26,0,2.4768204598765266e-07,1.0
0000882291,AEMD,2006-07-27,0,2.4768204598765266e-07,1.0
0000882291,AEMD,2006-07-28,0,2.4768204598765266e-07,1.0
0000882291,AEMD,2006-07-31,0,2.4768204598765266e-07,1.0
0000882291,AEMD,2006-08-01,0,2.4768204598765266e-07,1.0
0000882291,AEMD,2006-08-02,0,2.4768204598765266e-07,1.0
0000882291,AEMD,2006-08-03,0,2.4768204598765266e-07,1.0
0000882291,AEMD,2006-08-04,0,2.4768204598765266e-07,1.0
0000882291,AEMD,2006-08-07,0,2.4768204598765266e-07,1.0
0000882291,AEMD,2006-08-08,0,2.4768204598765266e-07,1.0
0000882291,AEMD,2006-08-09,0,2.4768204598765266e-07,1.0
0000882291,AEMD,2006-08-10,0,2.4768204598765266e-07,1.0
0000882291,AEMD,2006-08-11,0,2.4768204598765266e-07,1.0
0000882291,AEMD,2006-08-14,0,2.4768204598765266e-07,1.0
0000882291,AEMD,2006-08-15,0,2.4768204598765266e-07,1.0
0000882291,AEMD,2006-08-16,0,2.4768204598765266e-07,1.0
0000882291,AEMD,2006-08-17,0,2.4768204598765266e-07,1.0
0000882291,AEMD,2006-08-18,0,2.4768204598765266e-07,1.0
0000882291,AEMD,2006-08-21,0,2.4768204598765266e-07,1.0
0000882291,AEMD,2006-08-22,0,2.4768204598765266e-07,1.0
0000882291,AEMD,2006-08-23,0,2.4768204598765266e-07,1.0
0000882291,AEMD,2006-08-24,0,2.5034949044790273e-07,1.0
0000882291,AEMD,2006-08-25,0,2.5034949044790273e-07,1.0
0000882291,AEMD,2006-08-28,0,2.5034949044790273e-07,1.0
0000882291,AEMD,2006-08-29,0,2.5034949044790273e-07,1.0
0000882291,AEMD,2006-08-30,0,2.5034949044790273e-07,1.0
0000882291,AEMD,2006-08-31,0,2.5034949044790273e-07,1.0
0000882291,AEMD,2006-09-01,0,2.5034949044790273e-07,1.0
0000882291,AEMD,2006-09-04,0,2.5034949044790273e-07,1.0
0000882291,AEMD,2006-09-05,0,2.5034949044790273e-07,1.0
0000882291,AEMD,2006-09-06,0,2.5034949044790273e-07,1.0
0000882291,AEMD,2006-09-07,0,2.5034949044790273e-07,1.0
0000882291,AEMD,2006-09-08,0,2.5034949044790273e-07,1.0
0000882291,AEMD,2006-09-11,0,2.5034949044790273e-07,1.0
0000882291,AEMD,2006-09-12,0,2.5034949044790273e-07,1.0
0000882291,AEMD,2006-09-13,0,2.5034949044790273e-07,1.0
0000882291,AEMD,2006-09-14,0,2.5034949044790273e-07,1.0
0000882291,AEMD,2006-09-15,0,2.5034949044790273e-07,1.0
0000882291,AEMD,2006-09-18,0,2.5034949044790273e-07,1.0
0000882291,AEMD,2006-09-19,0,2.5034949044790273e-07,1.0
0000882291,AEMD,2006-09-20,0,2.5034949044790273e-07,1.0
0000882291,AEMD,2006-09-21,0,2.5034949044790273e-07,1.0
0000882291,AEMD,2006-09-22,0,2.5034949044790273e-07,1.0
0000882291,AEMD,2006-09-25,0,2.5034949044790273e-07,1.0
0000882291,AEMD,2006-09-26,0,2.5034949044790273e-07,1.0
0000882291,AEMD,2006-09-27,0,2.5034949044790273e-07,1.0
0000882291,AEMD,2006-09-28,0,2.5034949044790273e-07,1.0
0000882291,AEMD,2006-09-29,0,2.5034949044790273e-07,1.0
0000882291,AEMD,2006-10-02,0,5.392571488256905e-07,1.0
0000882291,AEMD,2006-10-03,0,5.392571488256905e-07,1.0
0000882291,AEMD,2006-10-04,0,5.392571488256905e-07,1.0
0000882291,AEMD,2006-10-05,0,5.392571488256905e-07,1.0
0000882291,AEMD,2006-10-06,0,5.392571488256905e-07,1.0
0000882291,AEMD,2006-10-09,0,5.392571488256905e-07,1.0
0000882291,AEMD,2006-10-10,0,5.392571488256905e-07,1.0
0000882291,AEMD,2006-10-11,0,5.392571488256905e-07,1.0
0000882291,AEMD,2006-10-12,0,5.392571488256905e-07,1.0
0000882291,AEMD,2006-10-13,0,5.392571488256905e-07,1.0
0000882291,AEMD,2006-10-16,0,5.392571488256905e-07,1.0
0000882291,AEMD,2006-10-17,0,5.392571488256905e-07,1.0
0000882291,AEMD,2006-10-18,0,5.392571488256905e-07,1.0
0000882291,AEMD,2006-10-19,0,5.392571488256905e-07,1.0
0000882291,AEMD,2006-10-20,0,5.392571488256905e-07,1.0
0000882291,AEMD,2006-10-23,0,5.392571488256905e-07,1.0
0000882291,AEMD,2006-10-24,0,5.392571488256905e-07,1.0
0000882291,AEMD,2006-10-25,0,5.392571488256905e-07,1.0
0000882291,AEMD,2006-10-26,0,5.392571488256905e-07,1.0
0000882291,AEMD,2006-10-27,0,5.392571488256905e-07,1.0
0000882291,AEMD,2006-10-30,0,5.392571488256905e-07,1.0
0000882291,AEMD,2006-10-31,0,5.392571488256905e-07,1.0
0000882291,AEMD,2006-11-01,0,5.392571488256905e-07,1.0
0000882291,AEMD,2006-11-02,0,5.392571488256905e-07,1.0
0000882291,AEMD,2006-11-03,0,5.392571488256905e-07,1.0
0000882291,AEMD,2006-11-06,0,5.392571488256905e-07,1.0
0000882291,AEMD,2006-11-07,0,5.392571488256905e-07,1.0
0000882291,AEMD,2006-11-08,0,5.392571488256905e-07,1.0
0000882291,AEMD,2006-11-09,0,5.392571488256905e-07,1.0
0000882291,AEMD,2006-11-10,0,5.392571488256905e-07,1.0
0000882291,AEMD,2006-11-13,0,5.392571488256905e-07,1.0
0000882291,AEMD,2006-11-14,0,5.392571488256905e-07,1.0
0000882291,AEMD,2006-11-15,0,5.392571488256905e-07,1.0
0000882291,AEMD,2006-11-16,0,5.392571488256905e-07,1.0
0000882291,AEMD,2006-11-17,0,5.392571488256905e-07,1.0
0000882291,AEMD,2006-11-20,0,5.392571488256905e-07,1.0
0000882291,AEMD,2006-11-21,0,5.392571488256905e-07,1.0
0000882291,AEMD,2006-11-22,0,5.392571488256905e-07,1.0
0000882291,AEMD,2006-11-23,0,5.392571488256905e-07,1.0
0000882291,AEMD,2006-11-24,0,5.392571488256905e-07,1.0
0000882291,AEMD,2006-11-27,0,5.392571488256905e-07,1.0
0000882291,AEMD,2006-11-28,0,5.392571488256905e-07,1.0
0000882291,AEMD,2006-11-29,0,5.392571488256905e-07,1.0
0000882291,AEMD,2006-11-30,0,5.392571488256905e-07,1.0
0000882291,AEMD,2006-12-01,0,5.392571488256905e-07,1.0
0000882291,AEMD,2006-12-04,0,5.392571488256905e-07,1.0
0000882291,AEMD,2006-12-05,0,5.392571488256905e-07,1.0
0000882291,AEMD,2006-12-06,0,5.392571488256905e-07,1.0
0000882291,AEMD,2006-12-07,0,5.392571488256905e-07,1.0
0000882291,AEMD,2006-12-08,0,5.392571488256905e-07,1.0
0000882291,AEMD,2006-12-11,0,5.392571488256905e-07,1.0
0000882291,AEMD,2006-12-12,0,5.392571488256905e-07,1.0
0000882291,AEMD,2006-12-13,0,5.392571488256905e-07,1.0
0000882291,AEMD,2006-12-14,0,5.392571488256905e-07,1.0
0000882291,AEMD,2006-12-15,0,5.392571488256905e-07,1.0
0000882291,AEMD,2006-12-18,0,5.392571488256905e-07,1.0
0000882291,AEMD,2006-12-19,0,5.392571488256905e-07,1.0
0000882291,AEMD,2006-12-20,0,5.392571488256905e-07,1.0
0000882291,AEMD,2006-12-21,0,5.392571488256905e-07,1.0
0000882291,AEMD,2006-12-22,0,5.392571488256905e-07,1.0
0000882291,AEMD,2006-12-25,0,5.392571488256905e-07,1.0
0000882291,AEMD,2006-12-26,0,5.392571488256905e-07,1.0
0000882291,AEMD,2006-12-27,0,5.392571488256905e-07,1.0
0000882291,AEMD,2006-12-28,0,5.392571488256905e-07,1.0
0000882291,AEMD,2006-12-29,0,5.392571488256905e-07,1.0
0000882291,AEMD,2007-01-01,0,5.392571488256905e-07,1.0
0000882291,AEMD,2007-01-02,0,5.392571488256905e-07,1.0
0000882291,AEMD,2007-01-03,0,5.392571488256905e-07,1.0
0000882291,AEMD,2007-01-04,0,5.392571488256905e-07,1.0
0000882291,AEMD,2007-01-05,0,5.392571488256905e-07,1.0
0000882291,AEMD,2007-01-08,0,5.392571488256905e-07,1.0
0000882291,AEMD,2007-01-09,0,5.392571488256905e-07,1.0
0000882291,AEMD,2007-01-10,0,5.392571488256905e-07,1.0
0000882291,AEMD,2007-01-11,0,5.392571488256905e-07,1.0
0000882291,AEMD,2007-01-12,0,5.392571488256905e-07,1.0
0000882291,AEMD,2007-01-15,0,5.392571488256905e-07,1.0
0000882291,AEMD,2007-01-16,0,5.392571488256905e-07,1.0
0000882291,AEMD,2007-01-17,0,5.392571488256905e-07,1.0
0000882291,AEMD,2007-01-18,0,5.392571488256905e-07,1.0
0000882291,AEMD,2007-01-19,0,5.392571488256905e-07,1.0
0000882291,AEMD,2007-01-22,0,5.392571488256905e-07,1.0
0000882291,AEMD,2007-01-23,0,5.392571488256905e-07,1.0
0000882291,AEMD,2007-01-24,0,5.392571488256905e-07,1.0
0000882291,AEMD,2007-01-25,0,5.392571488256905e-07,1.0
0000882291,AEMD,2007-01-26,0,5.392571488256905e-07,1.0
0000882291,AEMD,2007-01-29,0,5.392571488256905e-07,1.0
0000882291,AEMD,2007-01-30,0,1.0794219843625486e-07,1.0
0000882291,AEMD,2007-01-31,0,1.0794219843625486e-07,1.0
0000882291,AEMD,2007-02-01,0,1.0794219843625486e-07,1.0
0000882291,AEMD,2007-02-02,0,1.0794219843625486e-07,1.0
0000882291,AEMD,2007-02-05,0,1.0794219843625486e-07,1.0
0000882291,AEMD,2007-02-06,0,1.0794219843625486e-07,1.0
0000882291,AEMD,2007-02-07,0,1.0794219843625486e-07,1.0
0000882291,AEMD,2007-02-08,0,1.0794219843625486e-07,1.0
0000882291,AEMD,2007-02-09,0,1.0794219843625486e-07,1.0
0000882291,AEMD,2007-02-12,0,6.5010662728715e-08,1.0
0000882291,AEMD,2007-02-13,0,6.5010662728715e-08,1.0
0000882291,AEMD,2007-02-14,0,6.5010662728715e-08,1.0
0000882291,AEMD,2007-02-15,0,6.5010662728715e-08,1.0
0000882291,AEMD,2007-02-16,0,6.5010662728715e-08,1.0
0000882291,AEMD,2007-02-19,0,6.5010662728715e-08,1.0
0000882291,AEMD,2007-02-20,0,6.5010662728715e-08,1.0
0000882291,AEMD,2007-02-21,0,6.5010662728715e-08,1.0
0000882291,AEMD,2007-02-22,0,6.5010662728715e-08,1.0
0000882291,AEMD,2007-02-23,0,6.5010662728715e-08,1.0
0000882291,AEMD,2007-02-26,0,6.5010662728715e-08,1.0
0000882291,AEMD,2007-02-27,0,6.5010662728715e-08,1.0
0000882291,AEMD,2007-02-28,0,6.5010662728715e-08,1.0
0000882291,AEMD,2007-03-01,0,2.0951106200524966e-07,1.0
0000882291,AEMD,2007-03-02,0,2.0951106200524966e-07,1.0
0000882291,AEMD,2007-03-05,0,2.0951106200524966e-07,1.0
0000882291,AEMD,2007-03-06,0,2.0951106200524966e-07,1.0
0000882291,AEMD,2007-03-07,0,2.0951106200524966e-07,1.0
0000882291,AEMD,2007-03-08,0,2.0951106200524966e-07,1.0
0000882291,AEMD,2007-03-09,0,2.0951106200524966e-07,1.0
0000882291,AEMD,2007-03-12,0,2.0951106200524966e-07,1.0
0000882291,AEMD,2007-03-13,0,2.0951106200524966e-07,1.0
0000882291,AEMD,2007-03-14,0,2.0951106200524966e-07,1.0
0000882291,AEMD,2007-03-15,0,4.341654625921825e-07,1.0
0000882291,AEMD,2007-03-16,0,4.341654625921825e-07,1.0
0000882291,AEMD,2007-03-19,0,4.341654625921825e-07,1.0
0000882291,AEMD,2007-03-20,0,4.341654625921825e-07,1.0
0000882291,AEMD,2007-03-21,0,4.341654625921825e-07,1.0
0000882291,AEMD,2007-03-22,0,1.300470986303898e-07,1.0
0000882291,AEMD,2007-03-23,0,1.300470986303898e-07,1.0
0000882291,AEMD,2007-03-26,0,1.300470986303898e-07,1.0
0000882291,AEMD,2007-03-27,0,1.300470986303898e-07,1.0
0000882291,AEMD,2007-03-28,0,1.300470986303898e-07,1.0
0000882291,AEMD,2007-03-29,0,1.300470986303898e-07,1.0
0000882291,AEMD,2007-03-30,0,1.300470986303898e-07,1.0
0000882291,AEMD,2007-04-02,0,1.300470986303898e-07,1.0
0000882291,AEMD,2007-04-03,0,1.300470986303898e-07,1.0
0000882291,AEMD,2007-04-04,0,1.300470986303898e-07,1.0
0000882291,AEMD,2007-04-05,0,1.300470986303898e-07,1.0
0000882291,AEMD,2007-04-06,0,1.300470986303898e-07,1.0
0000882291,AEMD,2007-04-09,0,1.300470986303898e-07,1.0
0000882291,AEMD,2007-04-10,0,1.300470986303898e-07,1.0
0000882291,AEMD,2007-04-11,0,1.300470986303898e-07,1.0
0000882291,AEMD,2007-04-12,0,1.300470986303898e-07,1.0
0000882291,AEMD,2007-04-13,0,1.300470986303898e-07,1.0
0000882291,AEMD,2007-04-16,0,1.300470986303898e-07,1.0
0000882291,AEMD,2007-04-17,0,1.300470986303898e-07,1.0
0000882291,AEMD,2007-04-18,0,1.300470986303898e-07,1.0
0000882291,AEMD,2007-04-19,0,1.300470986303898e-07,1.0
0000882291,AEMD,2007-04-20,0,1.300470986303898e-07,1.0
0000882291,AEMD,2007-04-23,0,4.2993793907487865e-07,1.0
0000882291,AEMD,2007-04-24,0,4.2993793907487865e-07,1.0
0000882291,AEMD,2007-04-25,0,4.2993793907487865e-07,1.0
0000882291,AEMD,2007-04-26,0,4.2993793907487865e-07,1.0
0000882291,AEMD,2007-04-27,0,4.2993793907487865e-07,1.0
0000882291,AEMD,2007-04-30,0,4.2993793907487865e-07,1.0
0000882291,AEMD,2007-05-01,0,2.212496316722254e-07,1.0
0000882291,AEMD,2007-05-02,0,2.212496316722254e-07,1.0
0000882291,AEMD,2007-05-03,0,2.212496316722254e-07,1.0
0000882291,AEMD,2007-05-04,0,2.212496316722254e-07,1.0
0000882291,AEMD,2007-05-07,0,2.212496316722254e-07,1.0
0000882291,AEMD,2007-05-08,0,2.212496316722254e-07,1.0
0000882291,AEMD,2007-05-09,0,2.212496316722254e-07,1.0
0000882291,AEMD,2007-05-10,0,2.212496316722254e-07,1.0
0000882291,AEMD,2007-05-11,0,2.212496316722254e-07,1.0
0000882291,AEMD,2007-05-14,0,8.329378673900368e-08,1.0
0000882291,AEMD,2007-05-15,0,8.329378673900368e-08,1.0
0000882291,AEMD,2007-05-16,0,8.329378673900368e-08,1.0
0000882291,AEMD,2007-05-17,0,8.329378673900368e-08,1.0
0000882291,AEMD,2007-05-18,0,8.329378673900368e-08,1.0
0000882291,AEMD,2007-05-21,0,8.329378673900368e-08,1.0
0000882291,AEMD,2007-05-22,0,8.329378673900368e-08,1.0
0000882291,AEMD,2007-05-23,0,8.329378673900368e-08,1.0
0000882291,AEMD,2007-05-24,0,8.329378673900368e-08,1.0
0000882291,AEMD,2007-05-25,0,8.329378673900368e-08,1.0
0000882291,AEMD,2007-05-28,0,8.329378673900368e-08,1.0
0000882291,AEMD,2007-05-29,0,8.329378673900368e-08,1.0
0000882291,AEMD,2007-05-30,0,8.329378673900368e-08,1.0
0000882291,AEMD,2007-05-31,0,8.329378673900368e-08,1.0
0000882291,AEMD,2007-06-01,0,8.329378673900368e-08,1.0
0000882291,AEMD,2007-06-04,0,8.329378673900368e-08,1.0
0000882291,AEMD,2007-06-05,0,8.329378673900368e-08,1.0
0000882291,AEMD,2007-06-06,0,8.329378673900368e-08,1.0
0000882291,AEMD,2007-06-07,0,8.329378673900368e-08,1.0
0000882291,AEMD,2007-06-08,0,8.329378673900368e-08,1.0
0000882291,AEMD,2007-06-11,0,8.329378673900368e-08,1.0
0000882291,AEMD,2007-06-12,0,8.329378673900368e-08,1.0
0000882291,AEMD,2007-06-13,0,8.329378673900368e-08,1.0
0000882291,AEMD,2007-06-14,0,8.329378673900368e-08,1.0
0000882291,AEMD,2007-06-15,0,8.329378673900368e-08,1.0
0000882291,AEMD,2007-06-18,0,8.329378673900368e-08,1.0
0000882291,AEMD,2007-06-19,0,8.329378673900368e-08,1.0
0000882291,AEMD,2007-06-20,0,1.806778893797842e-07,1.0
0000882291,AEMD,2007-06-21,0,1.806778893797842e-07,1.0
0000882291,AEMD,2007-06-22,0,1.806778893797842e-07,1.0
0000882291,AEMD,2007-06-25,0,1.806778893797842e-07,1.0
0000882291,AEMD,2007-06-26,0,1.806778893797842e-07,1.0
0000882291,AEMD,2007-06-27,0,1.806778893797842e-07,1.0
0000882291,AEMD,2007-06-28,0,1.806778893797842e-07,1.0
0000882291,AEMD,2007-06-29,0,1.806778893797842e-07,1.0
0000882291,AEMD,2007-07-02,0,1.806778893797842e-07,1.0
0000882291,AEMD,2007-07-03,0,1.806778893797842e-07,1.0
0000882291,AEMD,2007-07-04,0,1.806778893797842e-07,1.0
0000882291,AEMD,2007-07-05,0,1.806778893797842e-07,1.0
0000882291,AEMD,2007-07-06,0,1.806778893797842e-07,1.0
0000882291,AEMD,2007-07-09,0,1.806778893797842e-07,1.0
0000882291,AEMD,2007-07-10,0,1.806778893797842e-07,1.0
0000882291,AEMD,2007-07-11,0,1.806778893797842e-07,1.0
0000882291,AEMD,2007-07-12,0,1.806778893797842e-07,1.0
0000882291,AEMD,2007-07-13,0,1.806778893797842e-07,1.0
0000882291,AEMD,2007-07-16,0,1.806778893797842e-07,1.0
0000882291,AEMD,2007-07-17,0,1.806778893797842e-07,1.0
0000882291,AEMD,2007-07-18,0,1.806778893797842e-07,1.0
0000882291,AEMD,2007-07-19,0,1.806778893797842e-07,1.0
0000882291,AEMD,2007-07-20,0,1.806778893797842e-07,1.0
0000882291,AEMD,2007-07-23,0,1.806778893797842e-07,1.0
0000882291,AEMD,2007-07-24,0,1.806778893797842e-07,1.0
0000882291,AEMD,2007-07-25,0,1.806778893797842e-07,1.0
0000882291,AEMD,2007-07-26,0,1.806778893797842e-07,1.0
0000882291,AEMD,2007-07-27,0,1.806778893797842e-07,1.0
0000882291,AEMD,2007-07-30,0,1.808658925214128e-07,1.0
0000882291,AEMD,2007-07-31,0,1.808658925214128e-07,1.0
0000882291,AEMD,2007-08-01,0,1.808658925214128e-07,1.0
0000882291,AEMD,2007-08-02,0,1.808658925214128e-07,1.0
0000882291,AEMD,2007-08-03,0,1.808658925214128e-07,1.0
0000882291,AEMD,2007-08-06,0,1.808658925214128e-07,1.0
0000882291,AEMD,2007-08-07,0,1.808658925214128e-07,1.0
0000882291,AEMD,2007-08-08,0,1.808658925214128e-07,1.0
0000882291,AEMD,2007-08-09,0,1.808658925214128e-07,1.0
0000882291,AEMD,2007-08-10,0,1.808658925214128e-07,1.0
0000882291,AEMD,2007-08-13,0,2.5542919124003726e-07,1.0
0000882291,AEMD,2007-08-14,0,2.5542919124003726e-07,1.0
0000882291,AEMD,2007-08-15,0,2.5542919124003726e-07,1.0
0000882291,AEMD,2007-08-16,0,2.5542919124003726e-07,1.0
0000882291,AEMD,2007-08-17,0,2.5542919124003726e-07,1.0
0000882291,AEMD,2007-08-20,0,1.0782820024681026e-05,1.0
0000882291,AEMD,2007-08-21,0,1.0782820024681026e-05,1.0
0000882291,AEMD,2007-08-22,0,1.0782820024681026e-05,1.0
0000882291,AEMD,2007-08-23,0,1.0782820024681026e-05,1.0
0000882291,AEMD,2007-08-24,0,1.0782820024681026e-05,1.0
0000882291,AEMD,2007-08-27,0,1.0782820024681026e-05,1.0
0000882291,AEMD,2007-08-28,0,1.0782820024681026e-05,1.0
0000882291,AEMD,2007-08-29,0,1.0782820024681026e-05,1.0
0000882291,AEMD,2007-08-30,0,1.0782820024681026e-05,1.0
0000882291,AEMD,2007-08-31,0,1.0782820024681026e-05,1.0
0000882291,AEMD,2007-09-03,0,1.0782820024681026e-05,1.0
0000882291,AEMD,2007-09-04,0,1.0782820024681026e-05,1.0
0000882291,AEMD,2007-09-05,0,1.0782820024681026e-05,1.0
0000882291,AEMD,2007-09-06,0,1.0782820024681026e-05,1.0
0000882291,AEMD,2007-09-07,0,1.0782820024681026e-05,1.0
0000882291,AEMD,2007-09-10,0,1.0782820024681026e-05,1.0
0000882291,AEMD,2007-09-11,0,1.0782820024681026e-05,1.0
0000882291,AEMD,2007-09-12,0,1.0782820024681026e-05,1.0
0000882291,AEMD,2007-09-13,0,1.0782820024681026e-05,1.0
0000882291,AEMD,2007-09-14,0,1.0782820024681026e-05,1.0
0000882291,AEMD,2007-09-17,0,1.0782820024681026e-05,1.0
0000882291,AEMD,2007-09-18,0,1.5261602301466265e-05,1.0
0000882291,AEMD,2007-09-19,0,2.3655485443685736e-07,1.0
0000882291,AEMD,2007-09-20,0,2.3655485443685736e-07,1.0
0000882291,AEMD,2007-09-21,0,2.3655485443685736e-07,1.0
0000882291,AEMD,2007-09-24,0,2.3655485443685736e-07,1.0
0000882291,AEMD,2007-09-25,0,2.3655485443685736e-07,1.0
0000882291,AEMD,2007-09-26,0,2.3655485443685736e-07,1.0
0000882291,AEMD,2007-09-27,0,2.3655485443685736e-07,1.0
0000882291,AEMD,2007-09-28,0,2.3655485443685736e-07,1.0
0000882291,AEMD,2007-10-01,0,2.3655485443685736e-07,1.0
0000882291,AEMD,2007-10-02,0,2.3655485443685736e-07,1.0
0000882291,AEMD,2007-10-03,0,2.3655485443685736e-07,1.0
0000882291,AEMD,2007-10-04,0,2.3655485443685736e-07,1.0
0000882291,AEMD,2007-10-05,0,2.3655485443685736e-07,1.0
0000882291,AEMD,2007-10-08,0,2.3655485443685736e-07,1.0
0000882291,AEMD,2007-10-09,0,2.3655485443685736e-07,1.0
0000882291,AEMD,2007-10-10,0,2.3655485443685736e-07,1.0
0000882291,AEMD,2007-10-11,0,2.3655485443685736e-07,1.0
0000882291,AEMD,2007-10-12,0,2.3655485443685736e-07,1.0
0000882291,AEMD,2007-10-15,0,2.3655485443685736e-07,1.0
0000882291,AEMD,2007-10-16,0,2.3655485443685736e-07,1.0
0000882291,AEMD,2007-10-17,0,2.3655485443685736e-07,1.0
0000882291,AEMD,2007-10-18,0,2.3655485443685736e-07,1.0
0000882291,AEMD,2007-10-19,0,2.3655485443685736e-07,1.0
0000882291,AEMD,2007-10-22,0,2.3655485443685736e-07,1.0
0000882291,AEMD,2007-10-23,0,2.3655485443685736e-07,1.0
0000882291,AEMD,2007-10-24,0,2.3655485443685736e-07,1.0
0000882291,AEMD,2007-10-25,0,2.3655485443685736e-07,1.0
0000882291,AEMD,2007-10-26,0,2.3655485443685736e-07,1.0
0000882291,AEMD,2007-10-29,0,2.3655485443685736e-07,1.0
0000882291,AEMD,2007-10-30,0,2.3655485443685736e-07,1.0
0000882291,AEMD,2007-10-31,0,2.3655485443685736e-07,1.0
0000882291,AEMD,2007-11-01,0,2.3655485443685736e-07,1.0
0000882291,AEMD,2007-11-02,0,2.3655485443685736e-07,1.0
0000882291,AEMD,2007-11-05,0,2.3655485443685736e-07,1.0
0000882291,AEMD,2007-11-06,0,2.3655485443685736e-07,1.0
0000882291,AEMD,2007-11-07,0,2.3655485443685736e-07,1.0
0000882291,AEMD,2007-11-08,0,2.3655485443685736e-07,1.0
0000882291,AEMD,2007-11-09,0,2.3655485443685736e-07,1.0
0000882291,AEMD,2007-11-12,0,2.3655485443685736e-07,1.0
0000882291,AEMD,2007-11-13,0,2.3655485443685736e-07,1.0
0000882291,AEMD,2007-11-14,0,2.3655485443685736e-07,1.0
0000882291,AEMD,2007-11-15,0,2.3655485443685736e-07,1.0
0000882291,AEMD,2007-11-16,0,2.3655485443685736e-07,1.0
0000882291,AEMD,2007-11-19,0,3.570876107765647e-07,1.0
0000882291,AEMD,2007-11-20,0,3.570876107765647e-07,1.0
0000882291,AEMD,2007-11-21,0,3.570876107765647e-07,1.0
0000882291,AEMD,2007-11-22,0,3.570876107765647e-07,1.0
0000882291,AEMD,2007-11-23,0,3.570876107765647e-07,1.0
0000882291,AEMD,2007-11-26,0,3.570876107765647e-07,1.0
0000882291,AEMD,2007-11-27,0,3.570876107765647e-07,1.0
0000882291,AEMD,2007-11-28,0,3.570876107765647e-07,1.0
0000882291,AEMD,2007-11-29,0,3.570876107765647e-07,1.0
0000882291,AEMD,2007-11-30,0,3.570876107765647e-07,1.0
0000882291,AEMD,2007-12-03,0,3.570876107765647e-07,1.0
0000882291,AEMD,2007-12-04,0,3.570876107765647e-07,1.0
0000882291,AEMD,2007-12-05,0,3.570876107765647e-07,1.0
0000882291,AEMD,2007-12-06,0,3.570876107765647e-07,1.0
0000882291,AEMD,2007-12-07,0,3.570876107765647e-07,1.0
0000882291,AEMD,2007-12-10,0,3.570876107765647e-07,1.0
0000882291,AEMD,2007-12-11,0,3.570876107765647e-07,1.0
0000882291,AEMD,2007-12-12,0,3.518351045107385e-08,1.0
0000882291,AEMD,2007-12-13,0,3.518351045107385e-08,1.0
0000882291,AEMD,2007-12-14,0,3.518351045107385e-08,1.0
0000882291,AEMD,2007-12-17,0,3.518351045107385e-08,1.0
0000882291,AEMD,2007-12-18,0,3.518351045107385e-08,1.0
0000882291,AEMD,2007-12-19,0,3.518351045107385e-08,1.0
0000882291,AEMD,2007-12-20,0,3.518351045107385e-08,1.0
0000882291,AEMD,2007-12-21,0,3.518351045107385e-08,1.0
0000882291,AEMD,2007-12-24,0,3.518351045107385e-08,1.0
0000882291,AEMD,2007-12-25,0,3.518351045107385e-08,1.0
0000882291,AEMD,2007-12-26,0,3.518351045107385e-08,1.0
0000882291,AEMD,2007-12-27,0,3.518351045107385e-08,1.0
0000882291,AEMD,2007-12-28,0,3.518351045107385e-08,1.0
0000882291,AEMD,2007-12-31,0,3.518351045107385e-08,1.0
0000882291,AEMD,2008-01-01,0,3.518351045107385e-08,1.0
0000882291,AEMD,2008-01-02,0,3.518351045107385e-08,1.0
0000882291,AEMD,2008-01-03,0,3.518351045107385e-08,1.0
0000882291,AEMD,2008-01-04,0,3.518351045107385e-08,1.0
0000882291,AEMD,2008-01-07,0,3.518351045107385e-08,1.0
0000882291,AEMD,2008-01-08,0,3.518351045107385e-08,1.0
0000882291,AEMD,2008-01-09,0,3.518351045107385e-08,1.0
0000882291,AEMD,2008-01-10,0,3.518351045107385e-08,1.0
0000882291,AEMD,2008-01-11,0,1.1631731458173832e-07,1.0
0000882291,AEMD,2008-01-14,0,1.1631731458173832e-07,1.0
0000882291,AEMD,2008-01-15,0,1.1631731458173832e-07,1.0
0000882291,AEMD,2008-01-16,0,1.1631731458173832e-07,1.0
0000882291,AEMD,2008-01-17,0,1.1631731458173832e-07,1.0
0000882291,AEMD,2008-01-18,0,1.1631731458173832e-07,1.0
0000882291,AEMD,2008-01-21,0,1.1631731458173832e-07,1.0
0000882291,AEMD,2008-01-22,0,1.1631731458173832e-07,1.0
0000882291,AEMD,2008-01-23,0,1.1631731458173832e-07,1.0
0000882291,AEMD,2008-01-24,0,1.1631731458173832e-07,1.0
0000882291,AEMD,2008-01-25,0,1.1631731458173832e-07,1.0
0000882291,AEMD,2008-01-28,0,1.1631731458173832e-07,1.0
0000882291,AEMD,2008-01-29,0,1.1631731458173832e-07,1.0
0000882291,AEMD,2008-01-30,0,1.1631731458173832e-07,1.0
0000882291,AEMD,2008-01-31,0,1.1631731458173832e-07,1.0
0000882291,AEMD,2008-02-01,0,1.1631731458173832e-07,1.0
0000882291,AEMD,2008-02-04,0,1.1631731458173832e-07,1.0
0000882291,AEMD,2008-02-05,0,1.1631731458173832e-07,1.0
0000882291,AEMD,2008-02-06,0,1.1631731458173832e-07,1.0
0000882291,AEMD,2008-02-07,0,1.1631731458173832e-07,1.0
0000882291,AEMD,2008-02-08,0,1.1631731458173832e-07,1.0
0000882291,AEMD,2008-02-11,0,1.1631731458173832e-07,1.0
0000882291,AEMD,2008-02-12,0,1.597271493771818e-08,1.0
0000882291,AEMD,2008-02-13,0,1.597271493771818e-08,1.0
0000882291,AEMD,2008-02-14,0,1.597271493771818e-08,1.0
0000882291,AEMD,2008-02-15,0,1.597271493771818e-08,1.0
0000882291,AEMD,2008-02-18,0,1.616817933616358e-08,1.0
0000882291,AEMD,2008-02-19,0,1.616817933616358e-08,1.0
0000882291,AEMD,2008-02-20,0,1.616817933616358e-08,1.0
0000882291,AEMD,2008-02-21,0,1.616817933616358e-08,1.0
0000882291,AEMD,2008-02-22,0,1.616817933616358e-08,1.0
0000882291,AEMD,2008-02-25,0,1.616817933616358e-08,1.0
0000882291,AEMD,2008-02-26,0,1.616817933616358e-08,1.0
0000882291,AEMD,2008-02-27,0,1.616817933616358e-08,1.0
0000882291,AEMD,2008-02-28,0,1.616817933616358e-08,1.0
0000882291,AEMD,2008-02-29,0,1.616817933616358e-08,1.0
0000882291,AEMD,2008-03-03,0,1.616817933616358e-08,1.0
0000882291,AEMD,2008-03-04,0,1.616817933616358e-08,1.0
0000882291,AEMD,2008-03-05,0,1.616817933616358e-08,1.0
0000882291,AEMD,2008-03-06,0,1.616817933616358e-08,1.0
0000882291,AEMD,2008-03-07,0,1.616817933616358e-08,1.0
0000882291,AEMD,2008-03-10,0,1.616817933616358e-08,1.0
0000882291,AEMD,2008-03-11,0,1.616817933616358e-08,1.0
0000882291,AEMD,2008-03-12,0,1.6023909970903088e-08,1.0
0000882291,AEMD,2008-03-13,0,1.6023909970903088e-08,1.0
0000882291,AEMD,2008-03-14,0,2.4680965414723766e-07,1.0
0000882291,AEMD,2008-03-17,0,2.4680965414723766e-07,1.0
0000882291,AEMD,2008-03-18,0,2.4680965414723766e-07,1.0
0000882291,AEMD,2008-03-19,0,2.4680965414723766e-07,1.0
0000882291,AEMD,2008-03-20,0,2.4680965414723766e-07,1.0
0000882291,AEMD,2008-03-21,0,2.4680965414723766e-07,1.0
0000882291,AEMD,2008-03-24,0,2.4680965414723766e-07,1.0
0000882291,AEMD,2008-03-25,0,2.4680965414723766e-07,1.0
0000882291,AEMD,2008-03-26,0,2.4680965414723766e-07,1.0
0000882291,AEMD,2008-03-27,0,2.4680965414723766e-07,1.0
0000882291,AEMD,2008-03-28,0,2.4680965414723766e-07,1.0
0000882291,AEMD,2008-03-31,0,2.4680965414723766e-07,1.0
0000882291,AEMD,2008-04-01,0,2.4680965414723766e-07,1.0
0000882291,AEMD,2008-04-02,0,2.4680965414723766e-07,1.0
0000882291,AEMD,2008-04-03,0,2.4680965414723766e-07,1.0
0000882291,AEMD,2008-04-04,0,2.4680965414723766e-07,1.0
0000882291,AEMD,2008-04-07,0,2.4680965414723766e-07,1.0
0000882291,AEMD,2008-04-08,0,2.4680965414723766e-07,1.0
0000882291,AEMD,2008-04-09,0,2.4680965414723766e-07,1.0
0000882291,AEMD,2008-04-10,0,2.4680965414723766e-07,1.0
0000882291,AEMD,2008-04-11,0,2.4680965414723766e-07,1.0
0000882291,AEMD,2008-04-14,0,2.4680965414723766e-07,1.0
0000882291,AEMD,2008-04-15,0,2.4680965414723766e-07,1.0
0000882291,AEMD,2008-04-16,0,2.4680965414723766e-07,1.0
0000882291,AEMD,2008-04-17,0,2.4680965414723766e-07,1.0
0000882291,AEMD,2008-04-18,0,2.4680965414723766e-07,1.0
0000882291,AEMD,2008-04-21,0,2.4680965414723766e-07,1.0
0000882291,AEMD,2008-04-22,0,2.4680965414723766e-07,1.0
0000882291,AEMD,2008-04-23,0,2.4680965414723766e-07,1.0
0000882291,AEMD,2008-04-24,0,2.4680965414723766e-07,1.0
0000882291,AEMD,2008-04-25,0,2.4680965414723766e-07,1.0
0000882291,AEMD,2008-04-28,0,2.4680965414723766e-07,1.0
0000882291,AEMD,2008-04-29,0,2.4680965414723766e-07,1.0
0000882291,AEMD,2008-04-30,0,2.4680965414723766e-07,1.0
0000882291,AEMD,2008-05-01,0,2.4680965414723766e-07,1.0
0000882291,AEMD,2008-05-02,0,6.353240816502637e-08,1.0
0000882291,AEMD,2008-05-05,0,6.353240816502637e-08,1.0
0000882291,AEMD,2008-05-06,0,6.353240816502637e-08,1.0
0000882291,AEMD,2008-05-07,0,6.353240816502637e-08,1.0
0000882291,AEMD,2008-05-08,0,6.353240816502637e-08,1.0
0000882291,AEMD,2008-05-09,0,6.353240816502637e-08,1.0
0000882291,AEMD,2008-05-12,0,6.353240816502637e-08,1.0
0000882291,AEMD,2008-05-13,0,1.0284284836950642e-08,1.0
0000882291,AEMD,2008-05-14,0,1.0284284836950642e-08,1.0
0000882291,AEMD,2008-05-15,0,1.0284284836950642e-08,1.0
0000882291,AEMD,2008-05-16,0,1.0284284836950642e-08,1.0
0000882291,AEMD,2008-05-19,0,1.0284284836950642e-08,1.0
0000882291,AEMD,2008-05-20,0,1.0284284836950642e-08,1.0
0000882291,AEMD,2008-05-21,0,1.0284284836950642e-08,1.0
0000882291,AEMD,2008-05-22,0,1.0284284836950642e-08,1.0
0000882291,AEMD,2008-05-23,0,1.0284284836950642e-08,1.0
0000882291,AEMD,2008-05-26,0,1.0284284836950642e-08,1.0
0000882291,AEMD,2008-05-27,0,1.0284284836950642e-08,1.0
0000882291,AEMD,2008-05-28,0,1.0284284836950642e-08,1.0
0000882291,AEMD,2008-05-29,0,1.0284284836950642e-08,1.0
0000882291,AEMD,2008-05-30,0,1.0284284836950642e-08,1.0
0000882291,AEMD,2008-06-02,0,3.934267825410724e-08,1.0
0000882291,AEMD,2008-06-03,0,3.934267825410724e-08,1.0
0000882291,AEMD,2008-06-04,0,3.934267825410724e-08,1.0
0000882291,AEMD,2008-06-05,0,3.934267825410724e-08,1.0
0000882291,AEMD,2008-06-06,0,3.934267825410724e-08,1.0
0000882291,AEMD,2008-06-09,0,3.934267825410724e-08,1.0
0000882291,AEMD,2008-06-10,0,4.009015098354366e-08,1.0
0000882291,AEMD,2008-06-11,0,4.009015098354366e-08,1.0
0000882291,AEMD,2008-06-12,0,4.009015098354366e-08,1.0
0000882291,AEMD,2008-06-13,0,4.009015098354366e-08,1.0
0000882291,AEMD,2008-06-16,0,4.009015098354366e-08,1.0
0000882291,AEMD,2008-06-17,0,4.009015098354366e-08,1.0
0000882291,AEMD,2008-06-18,0,4.009015098354366e-08,1.0
0000882291,AEMD,2008-06-19,0,4.009015098354366e-08,1.0
0000882291,AEMD,2008-06-20,0,4.009015098354366e-08,1.0
0000882291,AEMD,2008-06-23,0,4.009015098354366e-08,1.0
0000882291,AEMD,2008-06-24,0,4.009015098354366e-08,1.0
0000882291,AEMD,2008-06-25,0,4.009015098354366e-08,1.0
0000882291,AEMD,2008-06-26,0,4.009015098354366e-08,1.0
0000882291,AEMD,2008-06-27,0,4.009015098354366e-08,1.0
0000882291,AEMD,2008-06-30,0,4.009015098354366e-08,1.0
0000882291,AEMD,2008-07-01,0,4.009015098354366e-08,1.0
0000882291,AEMD,2008-07-02,0,4.009015098354366e-08,1.0
0000882291,AEMD,2008-07-03,0,4.009015098354366e-08,1.0
0000882291,AEMD,2008-07-04,0,4.009015098354366e-08,1.0
0000882291,AEMD,2008-07-07,0,4.009015098354366e-08,1.0
0000882291,AEMD,2008-07-08,0,4.009015098354366e-08,1.0
0000882291,AEMD,2008-07-09,0,4.009015098354366e-08,1.0
0000882291,AEMD,2008-07-10,0,4.009015098354366e-08,1.0
0000882291,AEMD,2008-07-11,0,4.009015098354366e-08,1.0
0000882291,AEMD,2008-07-14,0,4.009015098354366e-08,1.0
0000882291,AEMD,2008-07-15,0,4.009015098354366e-08,1.0
0000882291,AEMD,2008-07-16,0,4.009015098354366e-08,1.0
0000882291,AEMD,2008-07-17,0,4.009015098354366e-08,1.0
0000882291,AEMD,2008-07-18,0,4.009015098354366e-08,1.0
0000882291,AEMD,2008-07-21,0,4.009015098354366e-08,1.0
0000882291,AEMD,2008-07-22,0,4.009015098354366e-08,1.0
0000882291,AEMD,2008-07-23,0,4.009015098354366e-08,1.0
0000882291,AEMD,2008-07-24,0,4.009015098354366e-08,1.0
0000882291,AEMD,2008-07-25,0,4.009015098354366e-08,1.0
0000882291,AEMD,2008-07-28,0,4.009015098354366e-08,1.0
0000882291,AEMD,2008-07-29,0,4.009015098354366e-08,1.0
0000882291,AEMD,2008-07-30,0,4.009015098354366e-08,1.0
0000882291,AEMD,2008-07-31,0,8.477155164238015e-08,1.0
0000882291,AEMD,2008-08-01,0,8.477155164238015e-08,1.0
0000882291,AEMD,2008-08-04,0,8.477155164238015e-08,1.0
0000882291,AEMD,2008-08-05,0,8.477155164238015e-08,1.0
0000882291,AEMD,2008-08-06,0,8.477155164238015e-08,1.0
0000882291,AEMD,2008-08-07,0,8.477155164238015e-08,1.0
0000882291,AEMD,2008-08-08,0,8.477155164238015e-08,1.0
0000882291,AEMD,2008-08-11,0,2.455076526371091e-07,1.0
0000882291,AEMD,2008-08-12,0,3.340366462269812e-08,1.0
0000882291,AEMD,2008-08-13,0,3.340366462269812e-08,1.0
0000882291,AEMD,2008-08-14,0,2.59987320741477e-08,1.0
0000882291,AEMD,2008-08-15,0,2.59987320741477e-08,1.0
0000882291,AEMD,2008-08-18,0,2.59987320741477e-08,1.0
0000882291,AEMD,2008-08-19,0,2.59987320741477e-08,1.0
0000882291,AEMD,2008-08-20,0,2.59987320741477e-08,1.0
0000882291,AEMD,2008-08-21,0,2.59987320741477e-08,1.0
0000882291,AEMD,2008-08-22,0,2.59987320741477e-08,1.0
0000882291,AEMD,2008-08-25,0,2.59987320741477e-08,1.0
0000882291,AEMD,2008-08-26,0,2.59987320741477e-08,1.0
0000882291,AEMD,2008-08-27,0,2.59987320741477e-08,1.0
0000882291,AEMD,2008-08-28,0,2.59987320741477e-08,1.0
0000882291,AEMD,2008-08-29,0,2.59987320741477e-08,1.0
0000882291,AEMD,2008-09-01,0,2.59987320741477e-08,1.0
0000882291,AEMD,2008-09-02,0,2.59987320741477e-08,1.0
0000882291,AEMD,2008-09-03,0,2.59987320741477e-08,1.0
0000882291,AEMD,2008-09-04,0,2.59987320741477e-08,1.0
0000882291,AEMD,2008-09-05,0,2.59987320741477e-08,1.0
0000882291,AEMD,2008-09-08,0,2.59987320741477e-08,1.0
0000882291,AEMD,2008-09-09,0,2.59987320741477e-08,1.0
0000882291,AEMD,2008-09-10,0,2.59987320741477e-08,1.0
0000882291,AEMD,2008-09-11,0,5.707998008173531e-06,1.0
0000882291,AEMD,2008-09-12,0,5.707998008173531e-06,1.0
0000882291,AEMD,2008-09-15,0,1.1812785293984635e-07,1.0
0000882291,AEMD,2008-09-16,0,1.1812785293984635e-07,1.0
0000882291,AEMD,2008-09-17,0,1.1812785293984635e-07,1.0
0000882291,AEMD,2008-09-18,0,1.1812785293984635e-07,1.0
0000882291,AEMD,2008-09-19,0,1.1812785293984635e-07,1.0
0000882291,AEMD,2008-09-22,0,1.1812785293984635e-07,1.0
0000882291,AEMD,2008-09-23,0,1.1812785293984635e-07,1.0
0000882291,AEMD,2008-09-24,0,1.1812785293984635e-07,1.0
0000882291,AEMD,2008-09-25,0,1.1812785293984635e-07,1.0
0000882291,AEMD,2008-09-26,0,1.1812785293984635e-07,1.0
0000882291,AEMD,2008-09-29,0,5.190696214527567e-09,1.0
0000882291,AEMD,2008-09-30,0,5.190696214527567e-09,1.0
0000882291,AEMD,2008-10-01,0,5.190696214527567e-09,1.0
0000882291,AEMD,2008-10-02,0,5.190696214527567e-09,1.0
0000882291,AEMD,2008-10-03,0,5.190696214527567e-09,1.0
0000882291,AEMD,2008-10-06,0,5.190696214527567e-09,1.0
0000882291,AEMD,2008-10-07,0,5.190696214527567e-09,1.0
0000882291,AEMD,2008-10-08,0,5.190696214527567e-09,1.0
0000882291,AEMD,2008-10-09,0,5.190696214527567e-09,1.0
0000882291,AEMD,2008-10-10,0,5.190696214527567e-09,1.0
0000882291,AEMD,2008-10-13,0,5.190696214527567e-09,1.0
0000882291,AEMD,2008-10-14,0,5.190696214527567e-09,1.0
0000882291,AEMD,2008-10-15,0,5.190696214527567e-09,1.0
0000882291,AEMD,2008-10-16,0,5.190696214527567e-09,1.0
0000882291,AEMD,2008-10-17,0,5.190696214527567e-09,1.0
0000882291,AEMD,2008-10-20,0,5.190696214527567e-09,1.0
0000882291,AEMD,2008-10-21,0,5.190696214527567e-09,1.0
0000882291,AEMD,2008-10-22,0,5.190696214527567e-09,1.0
0000882291,AEMD,2008-10-23,0,5.190696214527567e-09,1.0
0000882291,AEMD,2008-10-24,0,5.190696214527567e-09,1.0
0000882291,AEMD,2008-10-27,0,5.190696214527567e-09,1.0
0000882291,AEMD,2008-10-28,0,5.190696214527567e-09,1.0
0000882291,AEMD,2008-10-29,0,1.9222836153200745e-07,1.0
0000882291,AEMD,2008-10-30,0,1.9222836153200745e-07,1.0
0000882291,AEMD,2008-10-31,0,1.9222836153200745e-07,1.0
0000882291,AEMD,2008-11-03,0,1.9222836153200745e-07,1.0
0000882291,AEMD,2008-11-04,0,1.9222836153200745e-07,1.0
0000882291,AEMD,2008-11-05,0,1.9222836153200745e-07,1.0
0000882291,AEMD,2008-11-06,0,1.9222836153200745e-07,1.0
0000882291,AEMD,2008-11-07,0,1.9222836153200745e-07,1.0
0000882291,AEMD,2008-11-10,0,1.8946502710585826e-07,1.0
0000882291,AEMD,2008-11-11,0,1.8946502710585826e-07,1.0
0000882291,AEMD,2008-11-12,0,1.494549169128976e-07,1.0
0000882291,AEMD,2008-11-13,0,1.494549169128976e-07,1.0
0000882291,AEMD,2008-11-14,0,1.494549169128976e-07,1.0
0000882291,AEMD,2008-11-17,0,1.494549169128976e-07,1.0
0000882291,AEMD,2008-11-18,0,1.494549169128976e-07,1.0
0000882291,AEMD,2008-11-19,0,8.08232003917665e-06,1.0
0000882291,AEMD,2008-11-20,0,8.08232003917665e-06,1.0
0000882291,AEMD,2008-11-21,0,8.08232003917665e-06,1.0
0000882291,AEMD,2008-11-24,0,8.08232003917665e-06,1.0
0000882291,AEMD,2008-11-25,0,8.08232003917665e-06,1.0
0000882291,AEMD,2008-11-26,0,8.08232003917665e-06,1.0
0000882291,AEMD,2008-11-27,0,8.08232003917665e-06,1.0
0000882291,AEMD,2008-11-28,0,8.08232003917665e-06,1.0
0000882291,AEMD,2008-12-01,0,8.08232003917665e-06,1.0
0000882291,AEMD,2008-12-02,0,8.08232003917665e-06,1.0
0000882291,AEMD,2008-12-03,0,8.08232003917665e-06,1.0
0000882291,AEMD,2008-12-04,0,8.08232003917665e-06,1.0
0000882291,AEMD,2008-12-05,0,8.08232003917665e-06,1.0
0000882291,AEMD,2008-12-08,0,8.08232003917665e-06,1.0
0000882291,AEMD,2008-12-09,0,8.08232003917665e-06,1.0
0000882291,AEMD,2008-12-10,0,8.08232003917665e-06,1.0
0000882291,AEMD,2008-12-11,0,8.08232003917665e-06,1.0
0000882291,AEMD,2008-12-12,0,8.08232003917665e-06,1.0
0000882291,AEMD,2008-12-15,0,8.08232003917665e-06,1.0
0000882291,AEMD,2008-12-16,0,8.08232003917665e-06,1.0
0000882291,AEMD,2008-12-17,0,8.08232003917665e-06,1.0
0000882291,AEMD,2008-12-18,0,8.08232003917665e-06,1.0
0000882291,AEMD,2008-12-19,0,1.5673242791676172e-07,1.0
0000882291,AEMD,2008-12-22,0,1.5673242791676172e-07,1.0
0000882291,AEMD,2008-12-23,0,1.5673242791676172e-07,1.0
0000882291,AEMD,2008-12-24,0,1.5673242791676172e-07,1.0
0000882291,AEMD,2008-12-25,0,1.5673242791676172e-07,1.0
0000882291,AEMD,2008-12-26,0,1.5673242791676172e-07,1.0
0000882291,AEMD,2008-12-29,0,3.267680003657315e-08,1.0
0000882291,AEMD,2008-12-30,0,3.267680003657315e-08,1.0
0000882291,AEMD,2008-12-31,0,3.267680003657315e-08,1.0
0000882291,AEMD,2009-01-01,0,3.267680003657315e-08,1.0
0000882291,AEMD,2009-01-02,0,1.0531788355618812e-10,1.0
0000882291,AEMD,2009-01-05,0,1.0531788355618812e-10,1.0
0000882291,AEMD,2009-01-06,0,1.0531788355618812e-10,1.0
0000882291,AEMD,2009-01-07,0,1.0531788355618812e-10,1.0
0000882291,AEMD,2009-01-08,0,1.0531788355618812e-10,1.0
0000882291,AEMD,2009-01-09,0,1.0531788355618812e-10,1.0
0000882291,AEMD,2009-01-12,0,1.0531788355618812e-10,1.0
0000882291,AEMD,2009-01-13,0,1.0531788355618812e-10,1.0
0000882291,AEMD,2009-01-14,0,1.0531788355618812e-10,1.0
0000882291,AEMD,2009-01-15,0,1.0531788355618812e-10,1.0
0000882291,AEMD,2009-01-16,0,1.0531788355618812e-10,1.0
0000882291,AEMD,2009-01-19,0,1.0531788355618812e-10,1.0
0000882291,AEMD,2009-01-20,0,6.0022145844487525e-09,1.0
0000882291,AEMD,2009-01-21,0,6.0022145844487525e-09,1.0
0000882291,AEMD,2009-01-22,0,6.0022145844487525e-09,1.0
0000882291,AEMD,2009-01-23,0,6.0022145844487525e-09,1.0
0000882291,AEMD,2009-01-26,0,6.0022145844487525e-09,1.0
0000882291,AEMD,2009-01-27,0,6.0022145844487525e-09,1.0
0000882291,AEMD,2009-01-28,0,6.0022145844487525e-09,1.0
0000882291,AEMD,2009-01-29,0,6.0022145844487525e-09,1.0
0000882291,AEMD,2009-01-30,0,6.0022145844487525e-09,1.0
0000882291,AEMD,2009-02-02,0,6.698900294763079e-09,1.0
0000882291,AEMD,2009-02-03,0,6.698900294763079e-09,1.0
0000882291,AEMD,2009-02-04,0,6.698900294763079e-09,1.0
0000882291,AEMD,2009-02-05,0,6.698900294763079e-09,1.0
0000882291,AEMD,2009-02-06,0,6.698900294763079e-09,1.0
0000882291,AEMD,2009-02-09,0,6.8539049456384495e-09,1.0
0000882291,AEMD,2009-02-10,0,8.159285775176456e-09,1.0
0000882291,AEMD,2009-02-11,0,8.159285775176456e-09,1.0
0000882291,AEMD,2009-02-12,0,8.159285775176456e-09,1.0
0000882291,AEMD,2009-02-13,0,8.159285775176456e-09,1.0
0000882291,AEMD,2009-02-16,0,8.159285775176456e-09,1.0
0000882291,AEMD,2009-02-17,0,5.4201269516428624e-09,1.0
0000882291,AEMD,2009-02-18,0,5.4201269516428624e-09,1.0
0000882291,AEMD,2009-02-19,0,1.198620149761026e-06,1.0
0000882291,AEMD,2009-02-20,0,1.198620149761026e-06,1.0
0000882291,AEMD,2009-02-23,0,1.198620149761026e-06,1.0
0000882291,AEMD,2009-02-24,0,1.198620149761026e-06,1.0
0000882291,AEMD,2009-02-25,0,1.198620149761026e-06,1.0
0000882291,AEMD,2009-02-26,0,1.198620149761026e-06,1.0
0000882291,AEMD,2009-02-27,0,1.198620149761026e-06,1.0
0000882291,AEMD,2009-03-02,0,1.198620149761026e-06,1.0
0000882291,AEMD,2009-03-03,0,1.198620149761026e-06,1.0
0000882291,AEMD,2009-03-04,0,1.198620149761026e-06,1.0
0000882291,AEMD,2009-03-05,0,1.198620149761026e-06,1.0
0000882291,AEMD,2009-03-06,0,1.198620149761026e-06,1.0
0000882291,AEMD,2009-03-09,0,1.198620149761026e-06,1.0
0000882291,AEMD,2009-03-10,0,1.198620149761026e-06,1.0
0000882291,AEMD,2009-03-11,0,1.198620149761026e-06,1.0
0000882291,AEMD,2009-03-12,0,1.198620149761026e-06,1.0
0000882291,AEMD,2009-03-13,0,1.198620149761026e-06,1.0
0000882291,AEMD,2009-03-16,0,1.198620149761026e-06,1.0
0000882291,AEMD,2009-03-17,0,1.198620149761026e-06,1.0
0000882291,AEMD,2009-03-18,0,1.198620149761026e-06,1.0
0000882291,AEMD,2009-03-19,0,1.198620149761026e-06,1.0
0000882291,AEMD,2009-03-20,0,2.392519832325511e-08,1.0
0000882291,AEMD,2009-03-23,0,2.392519832325511e-08,1.0
0000882291,AEMD,2009-03-24,0,2.392519832325511e-08,1.0
0000882291,AEMD,2009-03-25,0,2.392519832325511e-08,1.0
0000882291,AEMD,2009-03-26,0,2.392519832325511e-08,1.0
0000882291,AEMD,2009-03-27,0,2.392519832325511e-08,1.0
0000882291,AEMD,2009-03-30,0,1.0443368864746665e-07,1.0
0000882291,AEMD,2009-03-31,0,1.0443368864746665e-07,1.0
0000882291,AEMD,2009-04-01,0,1.0443368864746665e-07,1.0
0000882291,AEMD,2009-04-02,0,1.0443368864746665e-07,1.0
0000882291,AEMD,2009-04-03,0,1.0465008160393394e-07,1.0
0000882291,AEMD,2009-04-06,0,1.0465008160393394e-07,1.0
0000882291,AEMD,2009-04-07,0,1.0465008160393394e-07,1.0
0000882291,AEMD,2009-04-08,0,1.0465008160393394e-07,1.0
0000882291,AEMD,2009-04-09,0,1.0465008160393394e-07,1.0
0000882291,AEMD,2009-04-10,0,1.0465008160393394e-07,1.0
0000882291,AEMD,2009-04-13,0,1.0465008160393394e-07,1.0
0000882291,AEMD,2009-04-14,0,1.0465008160393394e-07,1.0
0000882291,AEMD,2009-04-15,0,1.0465008160393394e-07,1.0
0000882291,AEMD,2009-04-16,0,1.0465008160393394e-07,1.0
0000882291,AEMD,2009-04-17,0,1.0465008160393394e-07,1.0
0000882291,AEMD,2009-04-20,0,1.0465008160393394e-07,1.0
0000882291,AEMD,2009-04-21,0,1.4628846724108937e-07,1.0
0000882291,AEMD,2009-04-22,0,1.4628846724108937e-07,1.0
0000882291,AEMD,2009-04-23,0,1.4628846724108937e-07,1.0
0000882291,AEMD,2009-04-24,0,1.4628846724108937e-07,1.0
0000882291,AEMD,2009-04-27,0,1.4628846724108937e-07,1.0
0000882291,AEMD,2009-04-28,0,1.4628846724108937e-07,1.0
0000882291,AEMD,2009-04-29,0,1.4628846724108937e-07,1.0
0000882291,AEMD,2009-04-30,0,1.4628846724108937e-07,1.0
0000882291,AEMD,2009-05-01,0,1.4628846724108937e-07,1.0
0000882291,AEMD,2009-05-04,0,1.4628846724108937e-07,1.0
0000882291,AEMD,2009-05-05,0,1.4628846724108937e-07,1.0
0000882291,AEMD,2009-05-06,0,1.4628846724108937e-07,1.0
0000882291,AEMD,2009-05-07,0,1.4628846724108937e-07,1.0
0000882291,AEMD,2009-05-08,0,1.4628846724108937e-07,1.0
0000882291,AEMD,2009-05-11,0,1.4628846724108937e-07,1.0
0000882291,AEMD,2009-05-12,0,1.4628846724108937e-07,1.0
0000882291,AEMD,2009-05-13,0,1.4628846724108937e-07,1.0
0000882291,AEMD,2009-05-14,0,1.4628846724108937e-07,1.0
0000882291,AEMD,2009-05-15,0,1.4628846724108937e-07,1.0
0000882291,AEMD,2009-05-18,0,1.4628846724108937e-07,1.0
0000882291,AEMD,2009-05-19,0,2.0896204230434435e-07,1.0
0000882291,AEMD,2009-05-20,0,2.0896204230434435e-07,1.0
0000882291,AEMD,2009-05-21,0,2.0896204230434435e-07,1.0
0000882291,AEMD,2009-05-22,0,2.0896204230434435e-07,1.0
0000882291,AEMD,2009-05-25,0,2.0896204230434435e-07,1.0
0000882291,AEMD,2009-05-26,0,2.0896204230434435e-07,1.0
0000882291,AEMD,2009-05-27,0,2.0896204230434435e-07,1.0
0000882291,AEMD,2009-05-28,0,2.0896204230434435e-07,1.0
0000882291,AEMD,2009-05-29,0,2.0896204230434435e-07,1.0
0000882291,AEMD,2009-06-01,0,2.0896204230434435e-07,1.0
0000882291,AEMD,2009-06-02,0,2.0896204230434435e-07,1.0
0000882291,AEMD,2009-06-03,0,2.0896204230434435e-07,1.0
0000882291,AEMD,2009-06-04,0,2.0896204230434435e-07,1.0
0000882291,AEMD,2009-06-05,0,2.0896204230434435e-07,1.0
0000882291,AEMD,2009-06-08,0,2.0896204230434435e-07,1.0
0000882291,AEMD,2009-06-09,0,2.0896204230434435e-07,1.0
0000882291,AEMD,2009-06-10,0,2.0896204230434435e-07,1.0
0000882291,AEMD,2009-06-11,0,2.0896204230434435e-07,1.0
0000882291,AEMD,2009-06-12,0,2.0896204230434435e-07,1.0
0000882291,AEMD,2009-06-15,0,2.0896204230434435e-07,1.0
0000882291,AEMD,2009-06-16,0,2.0896204230434435e-07,1.0
0000882291,AEMD,2009-06-17,0,2.0896204230434435e-07,1.0
0000882291,AEMD,2009-06-18,0,2.0896204230434435e-07,1.0
0000882291,AEMD,2009-06-19,0,2.0896204230434435e-07,1.0
0000882291,AEMD,2009-06-22,0,2.0896204230434435e-07,1.0
0000882291,AEMD,2009-06-23,0,2.0896204230434435e-07,1.0
0000882291,AEMD,2009-06-24,0,2.0896204230434435e-07,1.0
0000882291,AEMD,2009-06-25,0,2.0896204230434435e-07,1.0
0000882291,AEMD,2009-06-26,0,2.0896204230434435e-07,1.0
0000882291,AEMD,2009-06-29,0,2.0896204230434435e-07,1.0
0000882291,AEMD,2009-06-30,0,2.0896204230434435e-07,1.0
0000882291,AEMD,2009-07-01,0,2.0896204230434435e-07,1.0
0000882291,AEMD,2009-07-02,0,3.701291503938569e-08,1.0
0000882291,AEMD,2009-07-03,0,3.701291503938569e-08,1.0
0000882291,AEMD,2009-07-06,0,3.701291503938569e-08,1.0
0000882291,AEMD,2009-07-07,0,3.701291503938569e-08,1.0
0000882291,AEMD,2009-07-08,0,3.701291503938569e-08,1.0
0000882291,AEMD,2009-07-09,0,3.701291503938569e-08,1.0
0000882291,AEMD,2009-07-10,0,3.701291503938569e-08,1.0
0000882291,AEMD,2009-07-13,0,3.701291503938569e-08,1.0
0000882291,AEMD,2009-07-14,0,3.701291503938569e-08,1.0
0000882291,AEMD,2009-07-15,0,3.701291503938569e-08,1.0
0000882291,AEMD,2009-07-16,0,3.701291503938569e-08,1.0
0000882291,AEMD,2009-07-17,0,3.701291503938569e-08,1.0
0000882291,AEMD,2009-07-20,0,3.802319837989451e-08,1.0
0000882291,AEMD,2009-07-21,0,3.802319837989451e-08,1.0
0000882291,AEMD,2009-07-22,0,3.802319837989451e-08,1.0
0000882291,AEMD,2009-07-23,0,3.802319837989451e-08,1.0
0000882291,AEMD,2009-07-24,0,3.802319837989451e-08,1.0
0000882291,AEMD,2009-07-27,0,8.131157879843796e-08,1.0
0000882291,AEMD,2009-07-28,0,8.131157879843796e-08,1.0
0000882291,AEMD,2009-07-29,0,8.131157879843796e-08,1.0
0000882291,AEMD,2009-07-30,0,8.131157879843796e-08,1.0
0000882291,AEMD,2009-07-31,0,8.131157879843796e-08,1.0
0000882291,AEMD,2009-08-03,0,5.668057983731943e-07,1.0
0000882291,AEMD,2009-08-04,0,1.5181189154907477e-07,1.0
0000882291,AEMD,2009-08-05,0,1.5181189154907477e-07,1.0
0000882291,AEMD,2009-08-06,0,1.5181189154907477e-07,1.0
0000882291,AEMD,2009-08-07,0,1.5181189154907477e-07,1.0
0000882291,AEMD,2009-08-10,0,1.5181189154907477e-07,1.0
0000882291,AEMD,2009-08-11,0,1.5181189154907477e-07,1.0
0000882291,AEMD,2009-08-12,0,1.5181189154907477e-07,1.0
0000882291,AEMD,2009-08-13,0,1.5181189154907477e-07,1.0
0000882291,AEMD,2009-08-14,0,1.400826155327934e-07,1.0
0000882291,AEMD,2009-08-17,0,1.634159106262174e-07,1.0
0000882291,AEMD,2009-08-18,0,1.634159106262174e-07,1.0
0000882291,AEMD,2009-08-19,0,1.634159106262174e-07,1.0
0000882291,AEMD,2009-08-20,0,1.634159106262174e-07,1.0
0000882291,AEMD,2009-08-21,0,1.634159106262174e-07,1.0
0000882291,AEMD,2009-08-24,0,1.634159106262174e-07,1.0
0000882291,AEMD,2009-08-25,0,1.634159106262174e-07,1.0
0000882291,AEMD,2009-08-26,0,1.5881503337886492e-07,1.0
0000882291,AEMD,2009-08-27,0,1.5881503337886492e-07,1.0
0000882291,AEMD,2009-08-28,0,1.5881503337886492e-07,1.0
0000882291,AEMD,2009-08-31,0,1.5881503337886492e-07,1.0
0000882291,AEMD,2009-09-01,0,1.5881503337886492e-07,1.0
0000882291,AEMD,2009-09-02,0,1.5881503337886492e-07,1.0
0000882291,AEMD,2009-09-03,0,1.3205925440155301e-07,1.0
0000882291,AEMD,2009-09-04,0,1.3205925440155301e-07,1.0
0000882291,AEMD,2009-09-07,0,1.3205925440155301e-07,1.0
0000882291,AEMD,2009-09-08,0,1.3205925440155301e-07,1.0
0000882291,AEMD,2009-09-09,0,1.3205925440155301e-07,1.0
0000882291,AEMD,2009-09-10,0,1.3205925440155301e-07,1.0
0000882291,AEMD,2009-09-11,0,1.3205925440155301e-07,1.0
0000882291,AEMD,2009-09-14,0,3.5017165569058073e-08,1.0
0000882291,AEMD,2009-09-15,0,3.5017165569058073e-08,1.0
0000882291,AEMD,2009-09-16,0,3.5017165569058073e-08,1.0
0000882291,AEMD,2009-09-17,0,3.5017165569058073e-08,1.0
0000882291,AEMD,2009-09-18,0,3.5017165569058073e-08,1.0
0000882291,AEMD,2009-09-21,0,3.5017165569058073e-08,1.0
0000882291,AEMD,2009-09-22,0,3.5017165569058073e-08,1.0
0000882291,AEMD,2009-09-23,0,3.5017165569058073e-08,1.0
0000882291,AEMD,2009-09-24,0,3.5017165569058073e-08,1.0
0000882291,AEMD,2009-09-25,0,1.1660702326090082e-07,1.0
0000882291,AEMD,2009-09-28,0,1.1660702326090082e-07,1.0
0000882291,AEMD,2009-09-29,0,1.1660702326090082e-07,1.0
0000882291,AEMD,2009-09-30,0,4.462716426422411e-08,1.0
0000882291,AEMD,2009-10-01,0,3.313144067286882e-08,1.0
0000882291,AEMD,2009-10-02,0,3.313144067286882e-08,1.0
0000882291,AEMD,2009-10-05,0,3.313144067286882e-08,1.0
0000882291,AEMD,2009-10-06,0,3.313144067286882e-08,1.0
0000882291,AEMD,2009-10-07,0,3.313144067286882e-08,1.0
0000882291,AEMD,2009-10-08,0,3.313144067286882e-08,1.0
0000882291,AEMD,2009-10-09,0,3.313144067286882e-08,1.0
0000882291,AEMD,2009-10-12,0,3.313144067286882e-08,1.0
0000882291,AEMD,2009-10-13,0,3.313144067286882e-08,1.0
0000882291,AEMD,2009-10-14,0,3.313144067286882e-08,1.0
0000882291,AEMD,2009-10-15,0,3.313144067286882e-08,1.0
0000882291,AEMD,2009-10-16,0,3.313144067286882e-08,1.0
0000882291,AEMD,2009-10-19,0,3.313144067286882e-08,1.0
0000882291,AEMD,2009-10-20,0,3.313144067286882e-08,1.0
0000882291,AEMD,2009-10-21,0,3.313144067286882e-08,1.0
0000882291,AEMD,2009-10-22,0,3.313144067286882e-08,1.0
0000882291,AEMD,2009-10-23,0,3.313144067286882e-08,1.0
0000882291,AEMD,2009-10-26,0,1.551859974599784e-08,1.0
0000882291,AEMD,2009-10-27,0,1.551859974599784e-08,1.0
0000882291,AEMD,2009-10-28,0,1.551859974599784e-08,1.0
0000882291,AEMD,2009-10-29,0,1.551859974599784e-08,1.0
0000882291,AEMD,2009-10-30,0,1.551859974599784e-08,1.0
0000882291,AEMD,2009-11-02,0,7.50678941957106e-09,1.0
0000882291,AEMD,2009-11-03,0,7.50678941957106e-09,1.0
0000882291,AEMD,2009-11-04,0,7.50678941957106e-09,1.0
0000882291,AEMD,2009-11-05,0,7.50678941957106e-09,1.0
0000882291,AEMD,2009-11-06,0,7.50678941957106e-09,1.0
0000882291,AEMD,2009-11-09,0,7.50678941957106e-09,1.0
0000882291,AEMD,2009-11-10,0,7.50678941957106e-09,1.0
0000882291,AEMD,2009-11-11,0,7.50678941957106e-09,1.0
0000882291,AEMD,2009-11-12,0,1.3618672987235358e-08,1.0
0000882291,AEMD,2009-11-13,0,1.3618672987235358e-08,1.0
0000882291,AEMD,2009-11-16,0,1.3618672987235358e-08,1.0
0000882291,AEMD,2009-11-17,0,6.314367438534347e-09,1.0
0000882291,AEMD,2009-11-18,0,6.314367438534347e-09,1.0
0000882291,AEMD,2009-11-19,0,6.314367438534347e-09,1.0
0000882291,AEMD,2009-11-20,0,6.314367438534347e-09,1.0
0000882291,AEMD,2009-11-23,0,6.314367438534347e-09,1.0
0000882291,AEMD,2009-11-24,0,6.223596690760591e-09,1.0
0000882291,AEMD,2009-11-25,0,6.223596690760591e-09,1.0
0000882291,AEMD,2009-11-26,0,6.223596690760591e-09,1.0
0000882291,AEMD,2009-11-27,0,6.223596690760591e-09,1.0
0000882291,AEMD,2009-11-30,0,6.223596690760591e-09,1.0
0000882291,AEMD,2009-12-01,0,6.223596690760591e-09,1.0
0000882291,AEMD,2009-12-02,0,6.223596690760591e-09,1.0
0000882291,AEMD,2009-12-03,0,6.223596690760591e-09,1.0
0000882291,AEMD,2009-12-04,0,6.223596690760591e-09,1.0
0000882291,AEMD,2009-12-07,0,6.223596690760591e-09,1.0
0000882291,AEMD,2009-12-08,0,6.223596690760591e-09,1.0
0000882291,AEMD,2009-12-09,0,6.223596690760591e-09,1.0
0000882291,AEMD,2009-12-10,0,6.223596690760591e-09,1.0
0000882291,AEMD,2009-12-11,0,6.223596690760591e-09,1.0
0000882291,AEMD,2009-12-14,0,6.223596690760591e-09,1.0
0000882291,AEMD,2009-12-15,0,6.223596690760591e-09,1.0
0000882291,AEMD,2009-12-16,0,6.223596690760591e-09,1.0
0000882291,AEMD,2009-12-17,0,6.650085189170982e-09,1.0
0000882291,AEMD,2009-12-18,0,6.650085189170982e-09,1.0
0000882291,AEMD,2009-12-21,0,6.650085189170982e-09,1.0
0000882291,AEMD,2009-12-22,0,6.650085189170982e-09,1.0
0000882291,AEMD,2009-12-23,0,6.650085189170982e-09,1.0
0000882291,AEMD,2009-12-24,0,6.650085189170982e-09,1.0
0000882291,AEMD,2009-12-25,0,6.650085189170982e-09,1.0
0000882291,AEMD,2009-12-28,0,6.650085189170982e-09,1.0
0000882291,AEMD,2009-12-29,0,1.0331995110339411e-08,1.0
0000882291,AEMD,2009-12-30,0,1.0331995110339411e-08,1.0
0000882291,AEMD,2009-12-31,0,1.0331995110339411e-08,1.0
0000882291,AEMD,2010-01-01,0,1.0331995110339411e-08,1.0
0000882291,AEMD,2010-01-04,0,1.0331995110339411e-08,1.0
0000882291,AEMD,2010-01-05,0,1.0331995110339411e-08,1.0
0000882291,AEMD,2010-01-06,0,1.0331995110339411e-08,1.0
0000882291,AEMD,2010-01-07,0,1.0331995110339411e-08,1.0
0000882291,AEMD,2010-01-08,0,1.0331995110339411e-08,1.0
0000882291,AEMD,2010-01-11,0,1.0331995110339411e-08,1.0
0000882291,AEMD,2010-01-12,0,1.0331995110339411e-08,1.0
0000882291,AEMD,2010-01-13,0,1.0331995110339411e-08,1.0
0000882291,AEMD,2010-01-14,0,1.0331995110339411e-08,1.0
0000882291,AEMD,2010-01-15,0,1.0331995110339411e-08,1.0
0000882291,AEMD,2010-01-18,0,1.0331995110339411e-08,1.0
0000882291,AEMD,2010-01-19,0,1.0331995110339411e-08,1.0
0000882291,AEMD,2010-01-20,0,1.0331995110339411e-08,1.0
0000882291,AEMD,2010-01-21,0,1.0331995110339411e-08,1.0
0000882291,AEMD,2010-01-22,0,1.0331995110339411e-08,1.0
0000882291,AEMD,2010-01-25,0,9.242427241879428e-09,1.0
0000882291,AEMD,2010-01-26,0,9.242427241879428e-09,1.0
0000882291,AEMD,2010-01-27,0,9.242427241879428e-09,1.0
0000882291,AEMD,2010-01-28,0,9.242427241879428e-09,1.0
0000882291,AEMD,2010-01-29,0,9.242427241879428e-09,1.0
0000882291,AEMD,2010-02-01,0,2.8426667437727093e-08,1.0
0000882291,AEMD,2010-02-02,0,2.8426667437727093e-08,1.0
0000882291,AEMD,2010-02-03,0,2.8426667437727093e-08,1.0
0000882291,AEMD,2010-02-04,0,2.8426667437727093e-08,1.0
0000882291,AEMD,2010-02-05,0,2.8426667437727093e-08,1.0
0000882291,AEMD,2010-02-08,0,2.8426667437727093e-08,1.0
0000882291,AEMD,2010-02-09,0,2.8426667437727093e-08,1.0
0000882291,AEMD,2010-02-10,0,3.043517723523201e-08,1.0
0000882291,AEMD,2010-02-11,0,3.043517723523201e-08,1.0
0000882291,AEMD,2010-02-12,0,3.043517723523201e-08,1.0
0000882291,AEMD,2010-02-15,0,1.222739862304738e-07,1.0
0000882291,AEMD,2010-02-16,0,1.222739862304738e-07,1.0
0000882291,AEMD,2010-02-17,0,3.940888153816312e-08,1.0
0000882291,AEMD,2010-02-18,0,3.940888153816312e-08,1.0
0000882291,AEMD,2010-02-19,0,3.940888153816312e-08,1.0
0000882291,AEMD,2010-02-22,0,4.032075654017696e-08,1.0
0000882291,AEMD,2010-02-23,0,4.032075654017696e-08,1.0
0000882291,AEMD,2010-02-24,0,4.032075654017696e-08,1.0
0000882291,AEMD,2010-02-25,0,4.032075654017696e-08,1.0
0000882291,AEMD,2010-02-26,0,4.032075654017696e-08,1.0
0000882291,AEMD,2010-03-01,0,4.032075654017696e-08,1.0
0000882291,AEMD,2010-03-02,0,4.032075654017696e-08,1.0
0000882291,AEMD,2010-03-03,0,4.032075654017696e-08,1.0
0000882291,AEMD,2010-03-04,0,4.032075654017696e-08,1.0
0000882291,AEMD,2010-03-05,0,4.032075654017696e-08,1.0
0000882291,AEMD,2010-03-08,0,4.032075654017696e-08,1.0
0000882291,AEMD,2010-03-09,0,4.032075654017696e-08,1.0
0000882291,AEMD,2010-03-10,0,4.032075654017696e-08,1.0
0000882291,AEMD,2010-03-11,0,4.032075654017696e-08,1.0
0000882291,AEMD,2010-03-12,0,4.032075654017696e-08,1.0
0000882291,AEMD,2010-03-15,0,4.032075654017696e-08,1.0
0000882291,AEMD,2010-03-16,0,4.032075654017696e-08,1.0
0000882291,AEMD,2010-03-17,0,4.032075654017696e-08,1.0
0000882291,AEMD,2010-03-18,0,4.032075654017696e-08,1.0
0000882291,AEMD,2010-03-19,0,4.032075654017696e-08,1.0
0000882291,AEMD,2010-03-22,0,3.028368481142543e-08,1.0
0000882291,AEMD,2010-03-23,0,3.028368481142543e-08,1.0
0000882291,AEMD,2010-03-24,0,3.028368481142543e-08,1.0
0000882291,AEMD,2010-03-25,0,3.028368481142543e-08,1.0
0000882291,AEMD,2010-03-26,0,3.028368481142543e-08,1.0
0000882291,AEMD,2010-03-29,0,3.028368481142543e-08,1.0
0000882291,AEMD,2010-03-30,0,3.028368481142543e-08,1.0
0000882291,AEMD,2010-03-31,0,3.028368481142543e-08,1.0
0000882291,AEMD,2010-04-01,0,3.028368481142543e-08,1.0
0000882291,AEMD,2010-04-02,0,3.028368481142543e-08,1.0
0000882291,AEMD,2010-04-05,0,3.028368481142543e-08,1.0
0000882291,AEMD,2010-04-06,0,3.028368481142543e-08,1.0
0000882291,AEMD,2010-04-07,0,3.028368481142543e-08,1.0
0000882291,AEMD,2010-04-08,0,3.028368481142543e-08,1.0
0000882291,AEMD,2010-04-09,0,3.028368481142543e-08,1.0
0000882291,AEMD,2010-04-12,0,3.028368481142543e-08,1.0
0000882291,AEMD,2010-04-13,0,3.028368481142543e-08,1.0
0000882291,AEMD,2010-04-14,0,3.028368481142543e-08,1.0
0000882291,AEMD,2010-04-15,0,3.028368481142543e-08,1.0
0000882291,AEMD,2010-04-16,0,3.028368481142543e-08,1.0
0000882291,AEMD,2010-04-19,0,3.028368481142543e-08,1.0
0000882291,AEMD,2010-04-20,0,3.028368481142543e-08,1.0
0000882291,AEMD,2010-04-21,0,3.028368481142543e-08,1.0
0000882291,AEMD,2010-04-22,0,3.028368481142543e-08,1.0
0000882291,AEMD,2010-04-23,0,3.028368481142543e-08,1.0
0000882291,AEMD,2010-04-26,0,3.028368481142543e-08,1.0
0000882291,AEMD,2010-04-27,0,3.028368481142543e-08,1.0
0000882291,AEMD,2010-04-28,0,3.028368481142543e-08,1.0
0000882291,AEMD,2010-04-29,0,3.028368481142543e-08,1.0
0000882291,AEMD,2010-04-30,0,3.028368481142543e-08,1.0
0000882291,AEMD,2010-05-03,0,3.028368481142543e-08,1.0
0000882291,AEMD,2010-05-04,0,3.028368481142543e-08,1.0
0000882291,AEMD,2010-05-05,0,3.028368481142543e-08,1.0
0000882291,AEMD,2010-05-06,0,3.028368481142543e-08,1.0
0000882291,AEMD,2010-05-07,0,3.028368481142543e-08,1.0
0000882291,AEMD,2010-05-10,0,3.028368481142543e-08,1.0
0000882291,AEMD,2010-05-11,0,3.028368481142543e-08,1.0
0000882291,AEMD,2010-05-12,0,3.028368481142543e-08,1.0
0000882291,AEMD,2010-05-13,0,3.028368481142543e-08,1.0
0000882291,AEMD,2010-05-14,0,3.028368481142543e-08,1.0
0000882291,AEMD,2010-05-17,0,3.3346815785313095e-08,1.0
0000882291,AEMD,2010-05-18,0,3.3346815785313095e-08,1.0
0000882291,AEMD,2010-05-19,0,1.2435617080319596e-07,1.0
0000882291,AEMD,2010-05-20,0,1.2435617080319596e-07,1.0
0000882291,AEMD,2010-05-21,0,1.2435617080319596e-07,1.0
0000882291,AEMD,2010-05-24,0,1.2435617080319596e-07,1.0
0000882291,AEMD,2010-05-25,0,1.2435617080319596e-07,1.0
0000882291,AEMD,2010-05-26,0,1.2435617080319596e-07,1.0
0000882291,AEMD,2010-05-27,0,1.2435617080319596e-07,1.0
0000882291,AEMD,2010-05-28,0,1.2435617080319596e-07,1.0
0000882291,AEMD,2010-05-31,0,1.2435617080319596e-07,1.0
0000882291,AEMD,2010-06-01,0,1.2435617080319596e-07,1.0
0000882291,AEMD,2010-06-02,0,1.2435617080319596e-07,1.0
0000882291,AEMD,2010-06-03,0,1.2435617080319596e-07,1.0
0000882291,AEMD,2010-06-04,0,1.2435617080319596e-07,1.0
0000882291,AEMD,2010-06-07,0,1.2435617080319596e-07,1.0
0000882291,AEMD,2010-06-08,0,1.2435617080319596e-07,1.0
0000882291,AEMD,2010-06-09,0,1.2435617080319596e-07,1.0
0000882291,AEMD,2010-06-10,0,1.2435617080319596e-07,1.0
0000882291,AEMD,2010-06-11,0,1.2435617080319596e-07,1.0
0000882291,AEMD,2010-06-14,0,1.2435617080319596e-07,1.0
0000882291,AEMD,2010-06-15,0,1.2435617080319596e-07,1.0
0000882291,AEMD,2010-06-16,0,1.2435617080319596e-07,1.0
0000882291,AEMD,2010-06-17,0,1.2435617080319596e-07,1.0
0000882291,AEMD,2010-06-18,0,1.2435617080319596e-07,1.0
0000882291,AEMD,2010-06-21,0,1.2435617080319596e-07,1.0
0000882291,AEMD,2010-06-22,0,1.2435617080319596e-07,1.0
0000882291,AEMD,2010-06-23,0,1.2435617080319596e-07,1.0
0000882291,AEMD,2010-06-24,0,1.2435617080319596e-07,1.0
0000882291,AEMD,2010-06-25,0,1.2435617080319596e-07,1.0
0000882291,AEMD,2010-06-28,0,1.2435617080319596e-07,1.0
0000882291,AEMD,2010-06-29,0,1.2435617080319596e-07,1.0
0000882291,AEMD,2010-06-30,0,1.2435617080319596e-07,1.0
0000882291,AEMD,2010-07-01,0,1.2435617080319596e-07,1.0
0000882291,AEMD,2010-07-02,0,4.172176906334623e-08,1.0
0000882291,AEMD,2010-07-05,0,4.172176906334623e-08,1.0
0000882291,AEMD,2010-07-06,0,4.172176906334623e-08,1.0
0000882291,AEMD,2010-07-07,0,4.172176906334623e-08,1.0
0000882291,AEMD,2010-07-08,0,4.172176906334623e-08,1.0
0000882291,AEMD,2010-07-09,0,4.172176906334623e-08,1.0
0000882291,AEMD,2010-07-12,0,4.172176906334623e-08,1.0
0000882291,AEMD,2010-07-13,0,4.172176906334623e-08,1.0
0000882291,AEMD,2010-07-14,0,4.172176906334623e-08,1.0
0000882291,AEMD,2010-07-15,0,4.172176906334623e-08,1.0
0000882291,AEMD,2010-07-16,0,4.172176906334623e-08,1.0
0000882291,AEMD,2010-07-19,0,2.9581481923011488e-08,1.0
0000882291,AEMD,2010-07-20,0,2.9581481923011488e-08,1.0
0000882291,AEMD,2010-07-21,0,2.9581481923011488e-08,1.0
0000882291,AEMD,2010-07-22,0,2.9581481923011488e-08,1.0
0000882291,AEMD,2010-07-23,0,2.9581481923011488e-08,1.0
0000882291,AEMD,2010-07-26,0,2.9581481923011488e-08,1.0
0000882291,AEMD,2010-07-27,0,2.9581481923011488e-08,1.0
0000882291,AEMD,2010-07-28,0,2.9581481923011488e-08,1.0
0000882291,AEMD,2010-07-29,0,2.9581481923011488e-08,1.0
0000882291,AEMD,2010-07-30,0,2.9581481923011488e-08,1.0
0000882291,AEMD,2010-08-02,0,1.0464538349579783e-08,1.0
0000882291,AEMD,2010-08-03,0,1.0464538349579783e-08,1.0
0000882291,AEMD,2010-08-04,0,1.0464538349579783e-08,1.0
0000882291,AEMD,2010-08-05,0,1.0464538349579783e-08,1.0
0000882291,AEMD,2010-08-06,0,1.0464538349579783e-08,1.0
0000882291,AEMD,2010-08-09,0,1.0464538349579783e-08,1.0
0000882291,AEMD,2010-08-10,0,1.0464538349579783e-08,1.0
0000882291,AEMD,2010-08-11,0,1.0464538349579783e-08,1.0
0000882291,AEMD,2010-08-12,0,1.0464538349579783e-08,1.0
0000882291,AEMD,2010-08-13,0,1.0464538349579783e-08,1.0
0000882291,AEMD,2010-08-16,0,1.0464538349579783e-08,1.0
0000882291,AEMD,2010-08-17,0,7.186640341591768e-09,1.0
0000882291,AEMD,2010-08-18,0,1.0121963550946543e-08,1.0
0000882291,AEMD,2010-08-19,0,1.0121963550946543e-08,1.0
0000882291,AEMD,2010-08-20,0,1.0121963550946543e-08,1.0
0000882291,AEMD,2010-08-23,0,1.0121963550946543e-08,1.0
0000882291,AEMD,2010-08-24,0,1.0121963550946543e-08,1.0
0000882291,AEMD,2010-08-25,0,1.0121963550946543e-08,1.0
0000882291,AEMD,2010-08-26,0,1.0121963550946543e-08,1.0
0000882291,AEMD,2010-08-27,0,1.0121963550946543e-08,1.0
0000882291,AEMD,2010-08-30,0,1.0121963550946543e-08,1.0
0000882291,AEMD,2010-08-31,0,1.0121963550946543e-08,1.0
0000882291,AEMD,2010-09-01,0,1.0121963550946543e-08,1.0
0000882291,AEMD,2010-09-02,0,1.0121963550946543e-08,1.0
0000882291,AEMD,2010-09-03,0,8.852098254513916e-09,1.0
0000882291,AEMD,2010-09-06,0,8.852098254513916e-09,1.0
0000882291,AEMD,2010-09-07,0,8.852098254513916e-09,1.0
0000882291,AEMD,2010-09-08,0,8.852098254513916e-09,1.0
0000882291,AEMD,2010-09-09,0,8.852098254513916e-09,1.0
0000882291,AEMD,2010-09-10,0,8.852098254513916e-09,1.0
0000882291,AEMD,2010-09-13,0,8.852098254513916e-09,1.0
0000882291,AEMD,2010-09-14,0,8.852098254513916e-09,1.0
0000882291,AEMD,2010-09-15,0,8.852098254513916e-09,1.0
0000882291,AEMD,2010-09-16,0,1.472214458592548e-08,1.0
0000882291,AEMD,2010-09-17,0,1.472214458592548e-08,1.0
0000882291,AEMD,2010-09-20,0,1.472214458592548e-08,1.0
0000882291,AEMD,2010-09-21,0,1.472214458592548e-08,1.0
0000882291,AEMD,2010-09-22,0,1.472214458592548e-08,1.0
0000882291,AEMD,2010-09-23,0,1.472214458592548e-08,1.0
0000882291,AEMD,2010-09-24,0,1.472214458592548e-08,1.0
0000882291,AEMD,2010-09-27,0,1.472214458592548e-08,1.0
0000882291,AEMD,2010-09-28,0,1.472214458592548e-08,1.0
0000882291,AEMD,2010-09-29,0,1.472214458592548e-08,1.0
0000882291,AEMD,2010-09-30,0,8.693516250080879e-09,1.0
0000882291,AEMD,2010-10-01,0,8.642995007711444e-09,1.0
0000882291,AEMD,2010-10-04,0,1.8839051712385544e-06,1.0
0000882291,AEMD,2010-10-05,0,1.8839051712385544e-06,1.0
0000882291,AEMD,2010-10-06,0,1.8839051712385544e-06,1.0
0000882291,AEMD,2010-10-07,0,1.8839051712385544e-06,1.0
0000882291,AEMD,2010-10-08,0,1.8839051712385544e-06,1.0
0000882291,AEMD,2010-10-11,0,1.8839051712385544e-06,1.0
0000882291,AEMD,2010-10-12,0,1.8839051712385544e-06,1.0
0000882291,AEMD,2010-10-13,0,1.8839051712385544e-06,1.0
0000882291,AEMD,2010-10-14,0,1.8839051712385544e-06,1.0
0000882291,AEMD,2010-10-15,0,1.8839051712385544e-06,1.0
0000882291,AEMD,2010-10-18,0,1.722378623201968e-06,1.0
0000882291,AEMD,2010-10-19,0,1.722378623201968e-06,1.0
0000882291,AEMD,2010-10-20,0,1.722378623201968e-06,1.0
0000882291,AEMD,2010-10-21,0,1.722378623201968e-06,1.0
0000882291,AEMD,2010-10-22,0,1.722378623201968e-06,1.0
0000882291,AEMD,2010-10-25,0,1.722378623201968e-06,1.0
0000882291,AEMD,2010-10-26,0,1.722378623201968e-06,1.0
0000882291,AEMD,2010-10-27,0,1.722378623201968e-06,1.0
0000882291,AEMD,2010-10-28,0,1.722378623201968e-06,1.0
0000882291,AEMD,2010-10-29,0,1.722378623201968e-06,1.0
0000882291,AEMD,2010-11-01,0,2.6313433918442283e-08,1.0
0000882291,AEMD,2010-11-02,0,2.6313433918442283e-08,1.0
0000882291,AEMD,2010-11-03,0,2.6313433918442283e-08,1.0
0000882291,AEMD,2010-11-04,0,2.6313433918442283e-08,1.0
0000882291,AEMD,2010-11-05,0,2.6313433918442283e-08,1.0
0000882291,AEMD,2010-11-08,0,2.6313433918442283e-08,1.0
0000882291,AEMD,2010-11-09,0,2.6313433918442283e-08,1.0
0000882291,AEMD,2010-11-10,0,2.6313433918442283e-08,1.0
0000882291,AEMD,2010-11-11,0,2.6313433918442283e-08,1.0
0000882291,AEMD,2010-11-12,0,2.6313433918442283e-08,1.0
0000882291,AEMD,2010-11-15,0,2.119063317118168e-08,1.0
0000882291,AEMD,2010-11-16,0,4.295339561797698e-09,1.0
0000882291,AEMD,2010-11-17,0,4.295339561797698e-09,1.0
0000882291,AEMD,2010-11-18,0,4.295339561797698e-09,1.0
0000882291,AEMD,2010-11-19,0,4.295339561797698e-09,1.0
0000882291,AEMD,2010-11-22,0,4.295339561797698e-09,1.0
0000882291,AEMD,2010-11-23,0,4.295339561797698e-09,1.0
0000882291,AEMD,2010-11-24,0,4.295339561797698e-09,1.0
0000882291,AEMD,2010-11-25,0,4.295339561797698e-09,1.0
0000882291,AEMD,2010-11-26,0,3.2282528817032376e-09,1.0
0000882291,AEMD,2010-11-29,0,3.2282528817032376e-09,1.0
0000882291,AEMD,2010-11-30,0,3.2282528817032376e-09,1.0
0000882291,AEMD,2010-12-01,0,3.2282528817032376e-09,1.0
0000882291,AEMD,2010-12-02,0,3.199447040895003e-09,1.0
0000882291,AEMD,2010-12-03,0,3.199447040895003e-09,1.0
0000882291,AEMD,2010-12-06,0,3.199447040895003e-09,1.0
0000882291,AEMD,2010-12-07,0,3.199447040895003e-09,1.0
0000882291,AEMD,2010-12-08,0,3.199447040895003e-09,1.0
0000882291,AEMD,2010-12-09,0,3.199447040895003e-09,1.0
0000882291,AEMD,2010-12-10,0,3.199447040895003e-09,1.0
0000882291,AEMD,2010-12-13,0,3.199447040895003e-09,1.0
0000882291,AEMD,2010-12-14,0,3.199447040895003e-09,1.0
0000882291,AEMD,2010-12-15,0,3.199447040895003e-09,1.0
0000882291,AEMD,2010-12-16,0,5.6377777684565866e-09,1.0
0000882291,AEMD,2010-12-17,0,5.6377777684565866e-09,1.0
0000882291,AEMD,2010-12-20,0,5.6377777684565866e-09,1.0
0000882291,AEMD,2010-12-21,0,5.6377777684565866e-09,1.0
0000882291,AEMD,2010-12-22,0,5.6377777684565866e-09,1.0
0000882291,AEMD,2010-12-23,0,5.6377777684565866e-09,1.0
0000882291,AEMD,2010-12-24,0,5.6377777684565866e-09,1.0
0000882291,AEMD,2010-12-27,0,2.2491309360558326e-08,1.0
0000882291,AEMD,2010-12-28,0,2.2491309360558326e-08,1.0
0000882291,AEMD,2010-12-29,0,8.666372534512385e-08,1.0
0000882291,AEMD,2010-12-30,0,8.618696077690888e-08,1.0
0000882291,AEMD,2010-12-31,0,8.618696077690888e-08,1.0
0000882291,AEMD,2011-01-03,0,8.618696077690888e-08,1.0
0000882291,AEMD,2011-01-04,0,8.618696077690888e-08,1.0
0000882291,AEMD,2011-01-05,0,8.618696077690888e-08,1.0
0000882291,AEMD,2011-01-06,0,8.618696077690888e-08,1.0
0000882291,AEMD,2011-01-07,0,8.618696077690888e-08,1.0
0000882291,AEMD,2011-01-10,0,8.618696077690888e-08,1.0
0000882291,AEMD,2011-01-11,0,8.618696077690888e-08,1.0
0000882291,AEMD,2011-01-12,0,8.618696077690888e-08,1.0
0000882291,AEMD,2011-01-13,0,8.618696077690888e-08,1.0
0000882291,AEMD,2011-01-14,0,8.618696077690888e-08,1.0
0000882291,AEMD,2011-01-17,0,9.433642289625721e-08,1.0
0000882291,AEMD,2011-01-18,0,9.433642289625721e-08,1.0
0000882291,AEMD,2011-01-19,0,9.433642289625721e-08,1.0
0000882291,AEMD,2011-01-20,0,9.433642289625721e-08,1.0
0000882291,AEMD,2011-01-21,0,9.433642289625721e-08,1.0
0000882291,AEMD,2011-01-24,0,9.433642289625721e-08,1.0
0000882291,AEMD,2011-01-25,0,9.433642289625721e-08,1.0
0000882291,AEMD,2011-01-26,0,9.433642289625721e-08,1.0
0000882291,AEMD,2011-01-27,0,9.433642289625721e-08,1.0
0000882291,AEMD,2011-01-28,0,9.433642289625721e-08,1.0
0000882291,AEMD,2011-01-31,0,9.433642289625721e-08,1.0
0000882291,AEMD,2011-02-01,0,9.433642289625721e-08,1.0
0000882291,AEMD,2011-02-02,0,9.433642289625721e-08,1.0
0000882291,AEMD,2011-02-03,0,9.433642289625721e-08,1.0
0000882291,AEMD,2011-02-04,0,9.433642289625721e-08,1.0
0000882291,AEMD,2011-02-07,0,9.433642289625721e-08,1.0
0000882291,AEMD,2011-02-08,0,9.433642289625721e-08,1.0
0000882291,AEMD,2011-02-09,0,9.433642289625721e-08,1.0
0000882291,AEMD,2011-02-10,0,9.433642289625721e-08,1.0
0000882291,AEMD,2011-02-11,0,9.433642289625721e-08,1.0
0000882291,AEMD,2011-02-14,0,8.734048001670908e-08,1.0
0000882291,AEMD,2011-02-15,0,8.734048001670908e-08,1.0
0000882291,AEMD,2011-02-16,0,8.734048001670908e-08,1.0
0000882291,AEMD,2011-02-17,0,8.734048001670908e-08,1.0
0000882291,AEMD,2011-02-18,0,1.5392890213027528e-08,1.0
0000882291,AEMD,2011-02-21,0,1.5392890213027528e-08,1.0
0000882291,AEMD,2011-02-22,0,1.5392890213027528e-08,1.0
0000882291,AEMD,2011-02-23,0,1.5392890213027528e-08,1.0
0000882291,AEMD,2011-02-24,0,1.321712733414079e-08,1.0
0000882291,AEMD,2011-02-25,0,1.321712733414079e-08,1.0
0000882291,AEMD,2011-02-28,0,1.321712733414079e-08,1.0
0000882291,AEMD,2011-03-01,0,1.321712733414079e-08,1.0
0000882291,AEMD,2011-03-02,0,1.3468239941242905e-08,1.0
0000882291,AEMD,2011-03-03,0,1.3468239941242905e-08,1.0
0000882291,AEMD,2011-03-04,0,1.3468239941242905e-08,1.0
0000882291,AEMD,2011-03-07,0,1.3468239941242905e-08,1.0
0000882291,AEMD,2011-03-08,0,1.3468239941242905e-08,1.0
0000882291,AEMD,2011-03-09,0,1.3468239941242905e-08,1.0
0000882291,AEMD,2011-03-10,0,1.3468239941242905e-08,1.0
0000882291,AEMD,2011-03-11,0,1.3468239941242905e-08,1.0
0000882291,AEMD,2011-03-14,0,1.3468239941242905e-08,1.0
0000882291,AEMD,2011-03-15,0,1.3468239941242905e-08,1.0
0000882291,AEMD,2011-03-16,0,1.3468239941242905e-08,1.0
0000882291,AEMD,2011-03-17,0,1.3468239941242905e-08,1.0
0000882291,AEMD,2011-03-18,0,1.3468239941242905e-08,1.0
0000882291,AEMD,2011-03-21,0,8.241467568989407e-08,1.0
0000882291,AEMD,2011-03-22,0,8.241467568989407e-08,1.0
0000882291,AEMD,2011-03-23,0,8.241467568989407e-08,1.0
0000882291,AEMD,2011-03-24,0,8.241467568989407e-08,1.0
0000882291,AEMD,2011-03-25,0,8.241467568989407e-08,1.0
0000882291,AEMD,2011-03-28,0,3.7881041502510167e-10,1.0
0000882291,AEMD,2011-03-29,0,3.7881041502510167e-10,1.0
0000882291,AEMD,2011-03-30,0,3.803493717847494e-10,1.0
0000882291,AEMD,2011-03-31,0,3.803493717847494e-10,1.0
0000882291,AEMD,2011-04-01,0,3.803493717847494e-10,1.0
0000882291,AEMD,2011-04-04,0,3.803493717847494e-10,1.0
0000882291,AEMD,2011-04-05,0,3.803493717847494e-10,1.0
0000882291,AEMD,2011-04-06,0,3.803493717847494e-10,1.0
0000882291,AEMD,2011-04-07,0,3.803493717847494e-10,1.0
0000882291,AEMD,2011-04-08,0,2.193080167348357e-08,1.0
0000882291,AEMD,2011-04-11,0,2.193080167348357e-08,1.0
0000882291,AEMD,2011-04-12,0,2.193080167348357e-08,1.0
0000882291,AEMD,2011-04-13,0,2.193080167348357e-08,1.0
0000882291,AEMD,2011-04-14,0,2.193080167348357e-08,1.0
0000882291,AEMD,2011-04-15,0,2.193080167348357e-08,1.0
0000882291,AEMD,2011-04-18,0,2.193080167348357e-08,1.0
0000882291,AEMD,2011-04-19,0,2.193080167348357e-08,1.0
0000882291,AEMD,2011-04-20,0,2.193080167348357e-08,1.0
0000882291,AEMD,2011-04-21,0,2.193080167348357e-08,1.0
0000882291,AEMD,2011-04-22,0,2.193080167348357e-08,1.0
0000882291,AEMD,2011-04-25,0,2.193080167348357e-08,1.0
0000882291,AEMD,2011-04-26,0,2.193080167348357e-08,1.0
0000882291,AEMD,2011-04-27,0,2.4476341433028405e-08,1.0
0000882291,AEMD,2011-04-28,0,2.4476341433028405e-08,1.0
0000882291,AEMD,2011-04-29,0,2.4476341433028405e-08,1.0
0000882291,AEMD,2011-05-02,0,2.4476341433028405e-08,1.0
0000882291,AEMD,2011-05-03,0,2.4476341433028405e-08,1.0
0000882291,AEMD,2011-05-04,0,2.4476341433028405e-08,1.0
0000882291,AEMD,2011-05-05,0,2.4476341433028405e-08,1.0
0000882291,AEMD,2011-05-06,0,2.4476341433028405e-08,1.0
0000882291,AEMD,2011-05-09,0,8.091922437729132e-08,1.0
0000882291,AEMD,2011-05-10,0,8.091922437729132e-08,1.0
0000882291,AEMD,2011-05-11,0,8.091922437729132e-08,1.0
0000882291,AEMD,2011-05-12,0,8.091922437729132e-08,1.0
0000882291,AEMD,2011-05-13,0,8.091922437729132e-08,1.0
0000882291,AEMD,2011-05-16,0,1.0043246103885078e-07,1.0
0000882291,AEMD,2011-05-17,0,1.0043246103885078e-07,1.0
0000882291,AEMD,2011-05-18,0,1.0043246103885078e-07,1.0
0000882291,AEMD,2011-05-19,0,1.0043246103885078e-07,1.0
0000882291,AEMD,2011-05-20,0,6.779151196711707e-08,1.0
0000882291,AEMD,2011-05-23,0,6.779151196711707e-08,1.0
0000882291,AEMD,2011-05-24,0,6.779151196711707e-08,1.0
0000882291,AEMD,2011-05-25,0,6.779151196711707e-08,1.0
0000882291,AEMD,2011-05-26,0,7.675906684822612e-08,1.0
0000882291,AEMD,2011-05-27,0,7.675906684822612e-08,1.0
0000882291,AEMD,2011-05-30,0,7.675906684822612e-08,1.0
0000882291,AEMD,2011-05-31,0,7.675906684822612e-08,1.0
0000882291,AEMD,2011-06-01,0,7.675906684822612e-08,1.0
0000882291,AEMD,2011-06-02,0,7.675906684822612e-08,1.0
0000882291,AEMD,2011-06-03,0,7.675906684822612e-08,1.0
0000882291,AEMD,2011-06-06,0,7.675906684822612e-08,1.0
0000882291,AEMD,2011-06-07,0,7.675906684822612e-08,1.0
0000882291,AEMD,2011-06-08,0,7.675906684822612e-08,1.0
0000882291,AEMD,2011-06-09,0,7.675906684822612e-08,1.0
0000882291,AEMD,2011-06-10,0,7.675906684822612e-08,1.0
0000882291,AEMD,2011-06-13,0,7.675906684822612e-08,1.0
0000882291,AEMD,2011-06-14,0,7.675906684822612e-08,1.0
0000882291,AEMD,2011-06-15,0,7.675906684822612e-08,1.0
0000882291,AEMD,2011-06-16,0,7.675906684822612e-08,1.0
0000882291,AEMD,2011-06-17,0,7.675906684822612e-08,1.0
0000882291,AEMD,2011-06-20,0,7.675906684822612e-08,1.0
0000882291,AEMD,2011-06-21,0,7.675906684822612e-08,1.0
0000882291,AEMD,2011-06-22,0,7.675906684822612e-08,1.0
0000882291,AEMD,2011-06-23,0,7.675906684822612e-08,1.0
0000882291,AEMD,2011-06-24,0,7.675906684822612e-08,1.0
0000882291,AEMD,2011-06-27,0,7.691811630905346e-08,1.0
0000882291,AEMD,2011-06-28,0,7.691811630905346e-08,1.0
0000882291,AEMD,2011-06-29,0,2.198995099031693e-08,1.0
0000882291,AEMD,2011-06-30,0,2.198995099031693e-08,1.0
0000882291,AEMD,2011-07-01,0,2.198995099031693e-08,1.0
0000882291,AEMD,2011-07-04,0,2.198995099031693e-08,1.0
0000882291,AEMD,2011-07-05,0,2.198995099031693e-08,1.0
0000882291,AEMD,2011-07-06,0,2.198995099031693e-08,1.0
0000882291,AEMD,2011-07-07,0,2.179373370528955e-08,1.0
0000882291,AEMD,2011-07-08,0,2.179373370528955e-08,1.0
0000882291,AEMD,2011-07-11,0,2.179373370528955e-08,1.0
0000882291,AEMD,2011-07-12,0,2.179373370528955e-08,1.0
0000882291,AEMD,2011-07-13,0,2.179373370528955e-08,1.0
0000882291,AEMD,2011-07-14,0,2.179373370528955e-08,1.0
0000882291,AEMD,2011-07-15,0,1.551400217958543e-08,1.0
0000882291,AEMD,2011-07-18,0,1.551400217958543e-08,1.0
0000882291,AEMD,2011-07-19,0,1.551400217958543e-08,1.0
0000882291,AEMD,2011-07-20,0,1.551400217958543e-08,1.0
0000882291,AEMD,2011-07-21,0,1.551400217958543e-08,1.0
0000882291,AEMD,2011-07-22,0,1.551400217958543e-08,1.0
0000882291,AEMD,2011-07-25,0,1.551400217958543e-08,1.0
0000882291,AEMD,2011-07-26,0,1.551400217958543e-08,1.0
0000882291,AEMD,2011-07-27,0,1.551400217958543e-08,1.0
0000882291,AEMD,2011-07-28,0,1.551400217958543e-08,1.0
0000882291,AEMD,2011-07-29,0,1.861234349033933e-08,1.0
0000882291,AEMD,2011-08-01,0,1.861234349033933e-08,1.0
0000882291,AEMD,2011-08-02,0,1.861234349033933e-08,1.0
0000882291,AEMD,2011-08-03,0,1.861234349033933e-08,1.0
0000882291,AEMD,2011-08-04,0,1.861234349033933e-08,1.0
0000882291,AEMD,2011-08-05,0,1.861234349033933e-08,1.0
0000882291,AEMD,2011-08-08,0,1.861234349033933e-08,1.0
0000882291,AEMD,2011-08-09,0,1.861234349033933e-08,1.0
0000882291,AEMD,2011-08-10,0,1.861234349033933e-08,1.0
0000882291,AEMD,2011-08-11,0,1.861234349033933e-08,1.0
0000882291,AEMD,2011-08-12,0,1.861234349033933e-08,1.0
0000882291,AEMD,2011-08-15,0,1.191810627654796e-07,1.0
0000882291,AEMD,2011-08-16,0,1.191810627654796e-07,1.0
0000882291,AEMD,2011-08-17,0,1.191810627654796e-07,1.0
0000882291,AEMD,2011-08-18,0,1.630379295374632e-07,1.0
0000882291,AEMD,2011-08-19,0,1.630379295374632e-07,1.0
0000882291,AEMD,2011-08-22,0,3.0458278716176227e-08,1.0
0000882291,AEMD,2011-08-23,0,3.0458278716176227e-08,1.0
0000882291,AEMD,2011-08-24,0,3.0458278716176227e-08,1.0
0000882291,AEMD,2011-08-25,0,3.0458278716176227e-08,1.0
0000882291,AEMD,2011-08-26,0,3.0458278716176227e-08,1.0
0000882291,AEMD,2011-08-29,0,3.0458278716176227e-08,1.0
0000882291,AEMD,2011-08-30,0,3.0458278716176227e-08,1.0
0000882291,AEMD,2011-08-31,0,3.0458278716176227e-08,1.0
0000882291,AEMD,2011-09-01,0,3.0458278716176227e-08,1.0
0000882291,AEMD,2011-09-02,0,3.0458278716176227e-08,1.0
0000882291,AEMD,2011-09-05,0,3.0458278716176227e-08,1.0
0000882291,AEMD,2011-09-06,0,3.0458278716176227e-08,1.0
0000882291,AEMD,2011-09-07,0,3.0458278716176227e-08,1.0
0000882291,AEMD,2011-09-08,0,3.0458278716176227e-08,1.0
0000882291,AEMD,2011-09-09,0,3.0458278716176227e-08,1.0
0000882291,AEMD,2011-09-12,0,3.0458278716176227e-08,1.0
0000882291,AEMD,2011-09-13,0,3.0458278716176227e-08,1.0
0000882291,AEMD,2011-09-14,0,3.0458278716176227e-08,1.0
0000882291,AEMD,2011-09-15,0,3.0458278716176227e-08,1.0
0000882291,AEMD,2011-09-16,0,3.0458278716176227e-08,1.0
0000882291,AEMD,2011-09-19,0,3.0458278716176227e-08,1.0
0000882291,AEMD,2011-09-20,0,3.0458278716176227e-08,1.0
0000882291,AEMD,2011-09-21,0,1.733859162437126e-07,1.0
0000882291,AEMD,2011-09-22,0,1.733859162437126e-07,1.0
0000882291,AEMD,2011-09-23,0,1.733859162437126e-07,1.0
0000882291,AEMD,2011-09-26,0,1.752532188762356e-07,1.0
0000882291,AEMD,2011-09-27,0,1.6619084083418117e-07,1.0
0000882291,AEMD,2011-09-28,0,1.6619084083418117e-07,1.0
0000882291,AEMD,2011-09-29,0,4.9779714129130915e-08,1.0
0000882291,AEMD,2011-09-30,0,4.9779714129130915e-08,1.0
0000882291,AEMD,2011-10-03,0,4.9779714129130915e-08,1.0
0000882291,AEMD,2011-10-04,0,4.9779714129130915e-08,1.0
0000882291,AEMD,2011-10-05,0,4.4881777016388125e-08,1.0
0000882291,AEMD,2011-10-06,0,4.4881777016388125e-08,1.0
0000882291,AEMD,2011-10-07,0,4.4881777016388125e-08,1.0
0000882291,AEMD,2011-10-10,0,4.4881777016388125e-08,1.0
0000882291,AEMD,2011-10-11,0,4.4881777016388125e-08,1.0
0000882291,AEMD,2011-10-12,0,4.4881777016388125e-08,1.0
0000882291,AEMD,2011-10-13,0,1.0215333553714511e-08,1.0
0000882291,AEMD,2011-10-14,0,1.0215333553714511e-08,1.0
0000882291,AEMD,2011-10-17,0,1.0215333553714511e-08,1.0
0000882291,AEMD,2011-10-18,0,1.0215333553714511e-08,1.0
0000882291,AEMD,2011-10-19,0,1.0215333553714511e-08,1.0
0000882291,AEMD,2011-10-20,0,1.0215333553714511e-08,1.0
0000882291,AEMD,2011-10-21,0,1.0215333553714511e-08,1.0
0000882291,AEMD,2011-10-24,0,1.0215333553714511e-08,1.0
0000882291,AEMD,2011-10-25,0,1.0215333553714511e-08,1.0
0000882291,AEMD,2011-10-26,0,1.0215333553714511e-08,1.0
0000882291,AEMD,2011-10-27,0,1.0215333553714511e-08,1.0
0000882291,AEMD,2011-10-28,0,1.0215333553714511e-08,1.0
0000882291,AEMD,2011-10-31,0,1.7544105827165567e-10,1.0
0000882291,AEMD,2011-11-01,0,1.7544105827165567e-10,1.0
0000882291,AEMD,2011-11-02,0,1.7544105827165567e-10,1.0
0000882291,AEMD,2011-11-03,0,1.7544105827165567e-10,1.0
0000882291,AEMD,2011-11-04,0,3.769205094629375e-08,1.0
0000882291,AEMD,2011-11-07,0,3.769205094629375e-08,1.0
0000882291,AEMD,2011-11-08,0,3.769205094629375e-08,1.0
0000882291,AEMD,2011-11-09,0,3.769205094629375e-08,1.0
0000882291,AEMD,2011-11-10,0,3.769205094629375e-08,1.0
0000882291,AEMD,2011-11-11,0,3.769205094629375e-08,1.0
0000882291,AEMD,2011-11-14,0,3.769205094629375e-08,1.0
0000882291,AEMD,2011-11-15,0,3.769205094629375e-08,1.0
0000882291,AEMD,2011-11-16,0,1.0775697190578258e-08,1.0
0000882291,AEMD,2011-11-17,0,1.0775697190578258e-08,1.0
0000882291,AEMD,2011-11-18,0,5.480544702951179e-09,1.0
0000882291,AEMD,2011-11-21,0,3.909154201732165e-09,1.0
0000882291,AEMD,2011-11-22,0,3.909154201732165e-09,1.0
0000882291,AEMD,2011-11-23,0,3.909154201732165e-09,1.0
0000882291,AEMD,2011-11-24,0,3.909154201732165e-09,1.0
0000882291,AEMD,2011-11-25,0,3.909154201732165e-09,1.0
0000882291,AEMD,2011-11-28,0,3.909154201732165e-09,1.0
0000882291,AEMD,2011-11-29,0,3.909154201732165e-09,1.0
0000882291,AEMD,2011-11-30,0,3.909154201732165e-09,1.0
0000882291,AEMD,2011-12-01,0,3.909154201732165e-09,1.0
0000882291,AEMD,2011-12-02,0,3.909154201732165e-09,1.0
0000882291,AEMD,2011-12-05,0,3.909154201732165e-09,1.0
0000882291,AEMD,2011-12-06,0,3.909154201732165e-09,1.0
0000882291,AEMD,2011-12-07,0,3.909154201732165e-09,1.0
0000882291,AEMD,2011-12-08,0,3.909154201732165e-09,1.0
0000882291,AEMD,2011-12-09,0,3.909154201732165e-09,1.0
0000882291,AEMD,2011-12-12,0,3.909154201732165e-09,1.0
0000882291,AEMD,2011-12-13,0,3.909154201732165e-09,1.0
0000882291,AEMD,2011-12-14,0,3.909154201732165e-09,1.0
0000882291,AEMD,2011-12-15,0,3.909154201732165e-09,1.0
0000882291,AEMD,2011-12-16,0,4.6898614610040125e-09,1.0
0000882291,AEMD,2011-12-19,0,2.911593796223361e-08,1.0
0000882291,AEMD,2011-12-20,0,2.911593796223361e-08,1.0
0000882291,AEMD,2011-12-21,0,2.911593796223361e-08,1.0
0000882291,AEMD,2011-12-22,0,2.911593796223361e-08,1.0
0000882291,AEMD,2011-12-23,0,2.911593796223361e-08,1.0
0000882291,AEMD,2011-12-26,0,3.064720644722821e-08,1.0
0000882291,AEMD,2011-12-27,0,3.064720644722821e-08,1.0
0000882291,AEMD,2011-12-28,0,3.0373740099176746e-08,1.0
0000882291,AEMD,2011-12-29,0,3.0373740099176746e-08,1.0
0000882291,AEMD,2011-12-30,0,3.0373740099176746e-08,1.0
0000882291,AEMD,2012-01-02,0,3.0373740099176746e-08,1.0
0000882291,AEMD,2012-01-03,0,3.0436676341225965e-08,1.0
0000882291,AEMD,2012-01-04,0,3.0436676341225965e-08,1.0
0000882291,AEMD,2012-01-05,0,3.0436676341225965e-08,1.0
0000882291,AEMD,2012-01-06,0,3.0436676341225965e-08,1.0
0000882291,AEMD,2012-01-09,0,3.0436676341225965e-08,1.0
0000882291,AEMD,2012-01-10,0,3.0436676341225965e-08,1.0
0000882291,AEMD,2012-01-11,0,8.49090326938616e-08,1.0
0000882291,AEMD,2012-01-12,0,8.49090326938616e-08,1.0
0000882291,AEMD,2012-01-13,0,8.49090326938616e-08,1.0
0000882291,AEMD,2012-01-16,0,8.49090326938616e-08,1.0
0000882291,AEMD,2012-01-17,0,8.49090326938616e-08,1.0
0000882291,AEMD,2012-01-18,0,8.49090326938616e-08,1.0
0000882291,AEMD,2012-01-19,0,8.49090326938616e-08,1.0
0000882291,AEMD,2012-01-20,0,8.49090326938616e-08,1.0
0000882291,AEMD,2012-01-23,0,8.49090326938616e-08,1.0
0000882291,AEMD,2012-01-24,0,8.49090326938616e-08,1.0
0000882291,AEMD,2012-01-25,0,8.49090326938616e-08,1.0
0000882291,AEMD,2012-01-26,0,8.49090326938616e-08,1.0
0000882291,AEMD,2012-01-27,0,8.49090326938616e-08,1.0
0000882291,AEMD,2012-01-30,0,8.49090326938616e-08,1.0
0000882291,AEMD,2012-01-31,0,8.49090326938616e-08,1.0
0000882291,AEMD,2012-02-01,0,8.49090326938616e-08,1.0
0000882291,AEMD,2012-02-02,0,8.49090326938616e-08,1.0
0000882291,AEMD,2012-02-03,0,8.49090326938616e-08,1.0
0000882291,AEMD,2012-02-06,0,8.49090326938616e-08,1.0
0000882291,AEMD,2012-02-07,0,8.49090326938616e-08,1.0
0000882291,AEMD,2012-02-08,0,8.49090326938616e-08,1.0
0000882291,AEMD,2012-02-09,0,8.49090326938616e-08,1.0
0000882291,AEMD,2012-02-10,0,8.49090326938616e-08,1.0
0000882291,AEMD,2012-02-13,0,8.49090326938616e-08,1.0
0000882291,AEMD,2012-02-14,0,8.051836971880142e-08,1.0
0000882291,AEMD,2012-02-15,0,8.051836971880142e-08,1.0
0000882291,AEMD,2012-02-16,0,1.083247609174723e-08,1.0
0000882291,AEMD,2012-02-17,0,1.083247609174723e-08,1.0
0000882291,AEMD,2012-02-20,0,1.4229879801564091e-08,1.0
0000882291,AEMD,2012-02-21,0,1.4229879801564091e-08,1.0
0000882291,AEMD,2012-02-22,0,1.4229879801564091e-08,1.0
0000882291,AEMD,2012-02-23,0,1.4229879801564091e-08,1.0
0000882291,AEMD,2012-02-24,0,1.4229879801564091e-08,1.0
0000882291,AEMD,2012-02-27,0,1.4229879801564091e-08,1.0
0000882291,AEMD,2012-02-28,0,1.4229879801564091e-08,1.0
0000882291,AEMD,2012-02-29,0,1.1947147674741124e-08,1.0
0000882291,AEMD,2012-03-01,0,1.1947147674741124e-08,1.0
0000882291,AEMD,2012-03-02,0,1.1947147674741124e-08,1.0
0000882291,AEMD,2012-03-05,0,1.1947147674741124e-08,1.0
0000882291,AEMD,2012-03-06,0,1.1947147674741124e-08,1.0
0000882291,AEMD,2012-03-07,0,1.1947147674741124e-08,1.0
0000882291,AEMD,2012-03-08,0,1.1947147674741124e-08,1.0
0000882291,AEMD,2012-03-09,0,1.1947147674741124e-08,1.0
0000882291,AEMD,2012-03-12,0,1.1947147674741124e-08,1.0
0000882291,AEMD,2012-03-13,0,1.1947147674741124e-08,1.0
0000882291,AEMD,2012-03-14,0,1.1947147674741124e-08,1.0
0000882291,AEMD,2012-03-15,0,1.1947147674741124e-08,1.0
0000882291,AEMD,2012-03-16,0,1.1947147674741124e-08,1.0
0000882291,AEMD,2012-03-19,0,2.2113258023716963e-08,1.0
0000882291,AEMD,2012-03-20,0,2.2113258023716963e-08,1.0
0000882291,AEMD,2012-03-21,0,2.2113258023716963e-08,1.0
0000882291,AEMD,2012-03-22,0,2.2113258023716963e-08,1.0
0000882291,AEMD,2012-03-23,0,2.2113258023716963e-08,1.0
0000882291,AEMD,2012-03-26,0,2.2113258023716963e-08,1.0
0000882291,AEMD,2012-03-27,0,2.2533388486497306e-08,1.0
0000882291,AEMD,2012-03-28,0,2.2533388486497306e-08,1.0
0000882291,AEMD,2012-03-29,0,2.2533388486497306e-08,1.0
0000882291,AEMD,2012-03-30,0,2.2533388486497306e-08,1.0
0000882291,AEMD,2012-04-02,0,7.920517357883552e-08,1.0
0000882291,AEMD,2012-04-03,0,7.920517357883552e-08,1.0
0000882291,AEMD,2012-04-04,0,7.920517357883552e-08,1.0
0000882291,AEMD,2012-04-05,0,7.920517357883552e-08,1.0
0000882291,AEMD,2012-04-06,0,2.2381374596073235e-08,1.0
0000882291,AEMD,2012-04-09,0,2.2381374596073235e-08,1.0
0000882291,AEMD,2012-04-10,0,1.8239593117093604e-07,1.0
0000882291,AEMD,2012-04-11,0,1.8239593117093604e-07,1.0
0000882291,AEMD,2012-04-12,0,1.8239593117093604e-07,1.0
0000882291,AEMD,2012-04-13,0,1.8239593117093604e-07,1.0
0000882291,AEMD,2012-04-16,0,1.8239593117093604e-07,1.0
0000882291,AEMD,2012-04-17,0,1.8239593117093604e-07,1.0
0000882291,AEMD,2012-04-18,0,1.8239593117093604e-07,1.0
0000882291,AEMD,2012-04-19,0,1.8239593117093604e-07,1.0
0000882291,AEMD,2012-04-20,0,1.8239593117093604e-07,1.0
0000882291,AEMD,2012-04-23,0,2.773547312972687e-07,1.0
0000882291,AEMD,2012-04-24,0,2.773547312972687e-07,1.0
0000882291,AEMD,2012-04-25,0,2.773547312972687e-07,1.0
0000882291,AEMD,2012-04-26,0,2.773547312972687e-07,1.0
0000882291,AEMD,2012-04-27,0,2.773547312972687e-07,1.0
0000882291,AEMD,2012-04-30,0,2.773547312972687e-07,1.0
0000882291,AEMD,2012-05-01,0,2.773547312972687e-07,1.0
0000882291,AEMD,2012-05-02,0,2.773547312972687e-07,1.0
0000882291,AEMD,2012-05-03,0,2.773547312972687e-07,1.0
0000882291,AEMD,2012-05-04,0,2.773547312972687e-07,1.0
0000882291,AEMD,2012-05-07,0,3.3759018204055146e-07,1.0
0000882291,AEMD,2012-05-08,0,3.3759018204055146e-07,1.0
0000882291,AEMD,2012-05-09,0,3.3759018204055146e-07,1.0
0000882291,AEMD,2012-05-10,0,3.6372947852689955e-07,1.0
0000882291,AEMD,2012-05-11,0,3.6372947852689955e-07,1.0
0000882291,AEMD,2012-05-14,0,3.6372947852689955e-07,1.0
0000882291,AEMD,2012-05-15,0,3.8285877094687273e-07,1.0
0000882291,AEMD,2012-05-16,0,3.8285877094687273e-07,1.0
0000882291,AEMD,2012-05-17,0,3.596130427833997e-07,1.0
0000882291,AEMD,2012-05-18,0,3.596130427833997e-07,1.0
0000882291,AEMD,2012-05-21,0,3.596130427833997e-07,1.0
0000882291,AEMD,2012-05-22,0,3.596130427833997e-07,1.0
0000882291,AEMD,2012-05-23,0,5.708420460814201e-08,1.0
0000882291,AEMD,2012-05-24,0,5.708420460814201e-08,1.0
0000882291,AEMD,2012-05-25,0,5.708420460814201e-08,1.0
0000882291,AEMD,2012-05-28,0,5.708420460814201e-08,1.0
0000882291,AEMD,2012-05-29,0,5.708420460814201e-08,1.0
0000882291,AEMD,2012-05-30,0,3.547147475171312e-06,1.0
0000882291,AEMD,2012-05-31,0,3.547147475171312e-06,1.0
0000882291,AEMD,2012-06-01,0,3.547147475171312e-06,1.0
0000882291,AEMD,2012-06-04,0,3.547147475171312e-06,1.0
0000882291,AEMD,2012-06-05,0,3.547147475171312e-06,1.0
0000882291,AEMD,2012-06-06,0,3.547147475171312e-06,1.0
0000882291,AEMD,2012-06-07,0,3.547147475171312e-06,1.0
0000882291,AEMD,2012-06-08,0,3.547147475171312e-06,1.0
0000882291,AEMD,2012-06-11,0,3.547147475171312e-06,1.0
0000882291,AEMD,2012-06-12,0,3.547147475171312e-06,1.0
0000882291,AEMD,2012-06-13,0,3.547147475171312e-06,1.0
0000882291,AEMD,2012-06-14,0,3.547147475171312e-06,1.0
0000882291,AEMD,2012-06-15,0,3.547147475171312e-06,1.0
0000882291,AEMD,2012-06-18,0,3.547147475171312e-06,1.0
0000882291,AEMD,2012-06-19,0,3.547147475171312e-06,1.0
0000882291,AEMD,2012-06-20,0,3.547147475171312e-06,1.0
0000882291,AEMD,2012-06-21,0,3.547147475171312e-06,1.0
0000882291,AEMD,2012-06-22,0,3.547147475171312e-06,1.0
0000882291,AEMD,2012-06-25,0,3.547147475171312e-06,1.0
0000882291,AEMD,2012-06-26,0,3.547147475171312e-06,1.0
0000882291,AEMD,2012-06-27,0,1.529166625457901e-08,1.0
0000882291,AEMD,2012-06-28,0,1.529166625457901e-08,1.0
0000882291,AEMD,2012-06-29,0,9.32568194880738e-08,1.0
0000882291,AEMD,2012-07-02,0,9.32568194880738e-08,1.0
0000882291,AEMD,2012-07-03,0,9.32568194880738e-08,1.0
0000882291,AEMD,2012-07-04,0,9.32568194880738e-08,1.0
0000882291,AEMD,2012-07-05,0,8.746415504189332e-08,1.0
0000882291,AEMD,2012-07-06,0,8.746415504189332e-08,1.0
0000882291,AEMD,2012-07-09,0,5.530709644670006e-08,1.0
0000882291,AEMD,2012-07-10,0,5.530709644670006e-08,1.0
0000882291,AEMD,2012-07-11,0,5.530709644670006e-08,1.0
0000882291,AEMD,2012-07-12,0,5.530709644670006e-08,1.0
0000882291,AEMD,2012-07-13,0,5.530709644670006e-08,1.0
0000882291,AEMD,2012-07-16,0,5.530709644670006e-08,1.0
0000882291,AEMD,2012-07-17,0,5.530709644670006e-08,1.0
0000882291,AEMD,2012-07-18,0,5.530709644670006e-08,1.0
0000882291,AEMD,2012-07-19,0,5.530709644670006e-08,1.0
0000882291,AEMD,2012-07-20,0,5.530709644670006e-08,1.0
0000882291,AEMD,2012-07-23,0,3.497289695115458e-08,1.0
0000882291,AEMD,2012-07-24,0,3.497289695115458e-08,1.0
0000882291,AEMD,2012-07-25,0,3.497289695115458e-08,1.0
0000882291,AEMD,2012-07-26,0,3.497289695115458e-08,1.0
0000882291,AEMD,2012-07-27,0,4.152921429429789e-08,1.0
0000882291,AEMD,2012-07-30,0,3.103537114664787e-06,1.0
0000882291,AEMD,2012-07-31,0,3.103537114664787e-06,1.0
0000882291,AEMD,2012-08-01,0,3.103537114664787e-06,1.0
0000882291,AEMD,2012-08-02,0,3.103537114664787e-06,1.0
0000882291,AEMD,2012-08-03,0,3.103537114664787e-06,1.0
0000882291,AEMD,2012-08-06,0,3.103537114664787e-06,1.0
0000882291,AEMD,2012-08-07,0,3.103537114664787e-06,1.0
0000882291,AEMD,2012-08-08,0,3.103537114664787e-06,1.0
0000882291,AEMD,2012-08-09,0,3.103537114664787e-06,1.0
0000882291,AEMD,2012-08-10,0,3.103537114664787e-06,1.0
0000882291,AEMD,2012-08-13,0,3.103537114664787e-06,1.0
0000882291,AEMD,2012-08-14,0,8.69206405681614e-09,1.0
0000882291,AEMD,2012-08-15,0,1.1668917320133193e-08,1.0
0000882291,AEMD,2012-08-16,0,1.1668917320133193e-08,1.0
0000882291,AEMD,2012-08-17,0,1.1668917320133193e-08,1.0
0000882291,AEMD,2012-08-20,0,1.1668917320133193e-08,1.0
0000882291,AEMD,2012-08-21,0,1.1668917320133193e-08,1.0
0000882291,AEMD,2012-08-22,0,1.1668917320133193e-08,1.0
0000882291,AEMD,2012-08-23,0,1.1668917320133193e-08,1.0
0000882291,AEMD,2012-08-24,0,1.1668917320133193e-08,1.0
0000882291,AEMD,2012-08-27,0,1.1924663353025658e-08,1.0
0000882291,AEMD,2012-08-28,0,1.2363854022417493e-08,1.0
0000882291,AEMD,2012-08-29,0,1.2363854022417493e-08,1.0
0000882291,AEMD,2012-08-30,0,1.2363854022417493e-08,1.0
0000882291,AEMD,2012-08-31,0,1.2363854022417493e-08,1.0
0000882291,AEMD,2012-09-03,0,1.2363854022417493e-08,1.0
0000882291,AEMD,2012-09-04,0,1.2363854022417493e-08,1.0
0000882291,AEMD,2012-09-05,0,1.2363854022417493e-08,1.0
0000882291,AEMD,2012-09-06,0,1.2363854022417493e-08,1.0
0000882291,AEMD,2012-09-07,0,1.0502175830593293e-08,1.0
0000882291,AEMD,2012-09-10,0,1.0502175830593293e-08,1.0
0000882291,AEMD,2012-09-11,0,1.0502175830593293e-08,1.0
0000882291,AEMD,2012-09-12,0,1.0502175830593293e-08,1.0
0000882291,AEMD,2012-09-13,0,2.166434732244267e-08,1.0
0000882291,AEMD,2012-09-14,0,2.166434732244267e-08,1.0
0000882291,AEMD,2012-09-17,0,2.166434732244267e-08,1.0
0000882291,AEMD,2012-09-18,0,2.166434732244267e-08,1.0
0000882291,AEMD,2012-09-19,0,2.166434732244267e-08,1.0
0000882291,AEMD,2012-09-20,0,2.166434732244267e-08,1.0
0000882291,AEMD,2012-09-21,0,2.166434732244267e-08,1.0
0000882291,AEMD,2012-09-24,0,2.166434732244267e-08,1.0
0000882291,AEMD,2012-09-25,0,2.043106005673414e-08,1.0
0000882291,AEMD,2012-09-26,0,2.043106005673414e-08,1.0
0000882291,AEMD,2012-09-27,0,5.412427755303885e-09,1.0
0000882291,AEMD,2012-09-28,0,5.412427755303885e-09,1.0
0000882291,AEMD,2012-10-01,0,5.412427755303885e-09,1.0
0000882291,AEMD,2012-10-02,0,5.412427755303885e-09,1.0
0000882291,AEMD,2012-10-03,0,5.7434627145693645e-09,1.0
0000882291,AEMD,2012-10-04,0,5.7434627145693645e-09,1.0
0000882291,AEMD,2012-10-05,0,5.7434627145693645e-09,1.0
0000882291,AEMD,2012-10-08,0,1.9040942278387853e-08,1.0
0000882291,AEMD,2012-10-09,0,1.9040942278387853e-08,1.0
0000882291,AEMD,2012-10-10,0,1.9040942278387853e-08,1.0
0000882291,AEMD,2012-10-11,0,1.9040942278387853e-08,1.0
0000882291,AEMD,2012-10-12,0,1.9040942278387853e-08,1.0
0000882291,AEMD,2012-10-15,0,1.9040942278387853e-08,1.0
0000882291,AEMD,2012-10-16,0,1.9040942278387853e-08,1.0
0000882291,AEMD,2012-10-17,0,1.9040942278387853e-08,1.0
0000882291,AEMD,2012-10-18,0,1.9040942278387853e-08,1.0
0000882291,AEMD,2012-10-19,0,1.9040942278387853e-08,1.0
0000882291,AEMD,2012-10-22,0,1.841642090147543e-08,1.0
0000882291,AEMD,2012-10-23,0,1.841642090147543e-08,1.0
0000882291,AEMD,2012-10-24,0,1.841642090147543e-08,1.0
0000882291,AEMD,2012-10-25,0,1.8114146233478672e-08,1.0
0000882291,AEMD,2012-10-26,0,1.8114146233478672e-08,1.0
0000882291,AEMD,2012-10-29,0,1.8114146233478672e-08,1.0
0000882291,AEMD,2012-10-30,0,1.8114146233478672e-08,1.0
0000882291,AEMD,2012-10-31,0,1.8114146233478672e-08,1.0
0000882291,AEMD,2012-11-01,0,1.8114146233478672e-08,1.0
0000882291,AEMD,2012-11-02,0,1.8114146233478672e-08,1.0
0000882291,AEMD,2012-11-05,0,1.8114146233478672e-08,1.0
0000882291,AEMD,2012-11-06,0,1.8114146233478672e-08,1.0
0000882291,AEMD,2012-11-07,0,1.8114146233478672e-08,1.0
0000882291,AEMD,2012-11-08,0,1.8114146233478672e-08,1.0
0000882291,AEMD,2012-11-09,0,1.8114146233478672e-08,1.0
0000882291,AEMD,2012-11-12,0,1.1357294335771009e-08,1.0
0000882291,AEMD,2012-11-13,0,1.1357294335771009e-08,1.0
0000882291,AEMD,2012-11-14,0,2.2622238611167744e-09,1.0
0000882291,AEMD,2012-11-15,0,2.2622238611167744e-09,1.0
0000882291,AEMD,2012-11-16,0,2.2622238611167744e-09,1.0
0000882291,AEMD,2012-11-19,0,2.2622238611167744e-09,1.0
0000882291,AEMD,2012-11-20,0,2.2622238611167744e-09,1.0
0000882291,AEMD,2012-11-21,0,2.2622238611167744e-09,1.0
0000882291,AEMD,2012-11-22,0,2.2622238611167744e-09,1.0
0000882291,AEMD,2012-11-23,0,2.2622238611167744e-09,1.0
0000882291,AEMD,2012-11-26,0,2.2806422385655503e-09,1.0
0000882291,AEMD,2012-11-27,0,2.2806422385655503e-09,1.0
0000882291,AEMD,2012-11-28,0,2.2806422385655503e-09,1.0
0000882291,AEMD,2012-11-29,0,2.2806422385655503e-09,1.0
0000882291,AEMD,2012-11-30,0,2.2806422385655503e-09,1.0
0000882291,AEMD,2012-12-03,0,2.2806422385655503e-09,1.0
0000882291,AEMD,2012-12-04,0,2.2806422385655503e-09,1.0
0000882291,AEMD,2012-12-05,0,2.2806422385655503e-09,1.0
0000882291,AEMD,2012-12-06,0,2.1987993706307945e-09,1.0
0000882291,AEMD,2012-12-07,0,2.1987993706307945e-09,1.0
0000882291,AEMD,2012-12-10,0,2.1987993706307945e-09,1.0
0000882291,AEMD,2012-12-11,0,2.1987993706307945e-09,1.0
0000882291,AEMD,2012-12-12,0,2.1987993706307945e-09,1.0
0000882291,AEMD,2012-12-13,0,2.1987993706307945e-09,1.0
0000882291,AEMD,2012-12-14,0,1.2055558708513019e-08,1.0
0000882291,AEMD,2012-12-17,0,1.2055558708513019e-08,1.0
0000882291,AEMD,2012-12-18,0,1.2055558708513019e-08,1.0
0000882291,AEMD,2012-12-19,0,1.2055558708513019e-08,1.0
0000882291,AEMD,2012-12-20,0,1.2055558708513019e-08,1.0
0000882291,AEMD,2012-12-21,0,1.2055558708513019e-08,1.0
0000882291,AEMD,2012-12-24,0,1.2741138700696662e-08,1.0
0000882291,AEMD,2012-12-25,0,1.2741138700696662e-08,1.0
0000882291,AEMD,2012-12-26,0,7.56184229517306e-08,1.0
0000882291,AEMD,2012-12-27,0,7.56184229517306e-08,1.0
0000882291,AEMD,2012-12-28,0,7.56184229517306e-08,1.0
0000882291,AEMD,2012-12-31,0,7.56184229517306e-08,1.0
0000882291,AEMD,2013-01-01,0,7.56184229517306e-08,1.0
0000882291,AEMD,2013-01-02,0,7.56184229517306e-08,1.0
0000882291,AEMD,2013-01-03,0,7.56184229517306e-08,1.0
0000882291,AEMD,2013-01-04,0,7.56184229517306e-08,1.0
0000882291,AEMD,2013-01-07,0,7.56184229517306e-08,1.0
0000882291,AEMD,2013-01-08,0,7.56184229517306e-08,1.0
0000882291,AEMD,2013-01-09,0,7.56184229517306e-08,1.0
0000882291,AEMD,2013-01-10,0,7.56184229517306e-08,1.0
0000882291,AEMD,2013-01-11,0,7.56184229517306e-08,1.0
0000882291,AEMD,2013-01-14,0,7.56184229517306e-08,1.0
0000882291,AEMD,2013-01-15,0,7.56184229517306e-08,1.0
0000882291,AEMD,2013-01-16,0,7.56184229517306e-08,1.0
0000882291,AEMD,2013-01-17,0,7.56184229517306e-08,1.0
0000882291,AEMD,2013-01-18,0,7.56184229517306e-08,1.0
0000882291,AEMD,2013-01-21,0,7.56184229517306e-08,1.0
0000882291,AEMD,2013-01-22,0,7.56184229517306e-08,1.0
0000882291,AEMD,2013-01-23,0,7.654379529568652e-08,1.0
0000882291,AEMD,2013-01-24,0,7.654379529568652e-08,1.0
0000882291,AEMD,2013-01-25,0,7.654379529568652e-08,1.0
0000882291,AEMD,2013-01-28,0,7.654379529568652e-08,1.0
0000882291,AEMD,2013-01-29,0,7.654379529568652e-08,1.0
0000882291,AEMD,2013-01-30,0,7.654379529568652e-08,1.0
0000882291,AEMD,2013-01-31,0,7.654379529568652e-08,1.0
0000882291,AEMD,2013-02-01,0,7.654379529568652e-08,1.0
0000882291,AEMD,2013-02-04,0,7.654379529568652e-08,1.0
0000882291,AEMD,2013-02-05,0,7.654379529568652e-08,1.0
0000882291,AEMD,2013-02-06,0,7.654379529568652e-08,1.0
0000882291,AEMD,2013-02-07,0,7.654379529568652e-08,1.0
0000882291,AEMD,2013-02-08,0,7.654379529568652e-08,1.0
0000882291,AEMD,2013-02-11,0,1.0920172729851487e-07,1.0
0000882291,AEMD,2013-02-12,0,1.609966348765824e-07,1.0
0000882291,AEMD,2013-02-13,0,1.2373332924484809e-08,1.0
0000882291,AEMD,2013-02-14,0,1.2373332924484809e-08,1.0
0000882291,AEMD,2013-02-15,0,1.2373332924484809e-08,1.0
0000882291,AEMD,2013-02-18,0,1.2373332924484809e-08,1.0
0000882291,AEMD,2013-02-19,0,1.2373332924484809e-08,1.0
0000882291,AEMD,2013-02-20,0,1.2373332924484809e-08,1.0
0000882291,AEMD,2013-02-21,0,1.2373332924484809e-08,1.0
0000882291,AEMD,2013-02-22,0,1.2373332924484809e-08,1.0
0000882291,AEMD,2013-02-25,0,1.2373332924484809e-08,1.0
0000882291,AEMD,2013-02-26,0,1.2373332924484809e-08,1.0
0000882291,AEMD,2013-02-27,0,1.2373332924484809e-08,1.0
0000882291,AEMD,2013-02-28,0,1.2373332924484809e-08,1.0
0000882291,AEMD,2013-03-01,0,1.2373332924484809e-08,1.0
0000882291,AEMD,2013-03-04,0,1.2373332924484809e-08,1.0
0000882291,AEMD,2013-03-05,0,1.2373332924484809e-08,1.0
0000882291,AEMD,2013-03-06,0,1.2866618691354318e-08,1.0
0000882291,AEMD,2013-03-07,0,1.2866618691354318e-08,1.0
0000882291,AEMD,2013-03-08,0,1.2866618691354318e-08,1.0
0000882291,AEMD,2013-03-11,0,1.2866618691354318e-08,1.0
0000882291,AEMD,2013-03-12,0,1.2866618691354318e-08,1.0
0000882291,AEMD,2013-03-13,0,1.2866618691354318e-08,1.0
0000882291,AEMD,2013-03-14,0,1.2866618691354318e-08,1.0
0000882291,AEMD,2013-03-15,0,1.2866618691354318e-08,1.0
0000882291,AEMD,2013-03-18,0,8.341925588160735e-08,1.0
0000882291,AEMD,2013-03-19,0,8.341925588160735e-08,1.0
0000882291,AEMD,2013-03-20,0,8.341925588160735e-08,1.0
0000882291,AEMD,2013-03-21,0,8.341925588160735e-08,1.0
0000882291,AEMD,2013-03-22,0,8.341925588160735e-08,1.0
0000882291,AEMD,2013-03-25,0,8.341925588160735e-08,1.0
0000882291,AEMD,2013-03-26,0,8.341925588160735e-08,1.0
0000882291,AEMD,2013-03-27,0,8.341925588160735e-08,1.0
0000882291,AEMD,2013-03-28,0,8.341925588160735e-08,1.0
0000882291,AEMD,2013-03-29,0,8.341925588160735e-08,1.0
0000882291,AEMD,2013-04-01,0,8.341925588160735e-08,1.0
0000882291,AEMD,2013-04-02,0,8.341925588160735e-08,1.0
0000882291,AEMD,2013-04-03,0,8.341925588160735e-08,1.0
0000882291,AEMD,2013-04-04,0,8.341925588160735e-08,1.0
0000882291,AEMD,2013-04-05,0,8.341925588160735e-08,1.0
0000882291,AEMD,2013-04-08,0,8.341925588160735e-08,1.0
0000882291,AEMD,2013-04-09,0,8.341925588160735e-08,1.0
0000882291,AEMD,2013-04-10,0,8.341925588160735e-08,1.0
0000882291,AEMD,2013-04-11,0,8.341925588160735e-08,1.0
0000882291,AEMD,2013-04-12,0,8.341925588160735e-08,1.0
0000882291,AEMD,2013-04-15,0,3.8342786292212084e-10,1.0
0000882291,AEMD,2013-04-16,0,3.8342786292212084e-10,1.0
0000882291,AEMD,2013-04-17,0,3.8342786292212084e-10,1.0
0000882291,AEMD,2013-04-18,0,3.8342786292212084e-10,1.0
0000882291,AEMD,2013-04-19,0,3.8342786292212084e-10,1.0
0000882291,AEMD,2013-04-22,0,3.8342786292212084e-10,1.0
0000882291,AEMD,2013-04-23,0,3.8342786292212084e-10,1.0
0000882291,AEMD,2013-04-24,0,3.8342786292212084e-10,1.0
0000882291,AEMD,2013-04-25,0,3.8342786292212084e-10,1.0
0000882291,AEMD,2013-04-26,0,3.8342786292212084e-10,1.0
0000882291,AEMD,2013-04-29,0,3.8342786292212084e-10,1.0
0000882291,AEMD,2013-04-30,0,3.8342786292212084e-10,1.0
0000882291,AEMD,2013-05-01,0,3.8342786292212084e-10,1.0
0000882291,AEMD,2013-05-02,0,3.8342786292212084e-10,1.0
0000882291,AEMD,2013-05-03,0,3.8342786292212084e-10,1.0
0000882291,AEMD,2013-05-06,0,3.8342786292212084e-10,1.0
0000882291,AEMD,2013-05-07,0,3.8342786292212084e-10,1.0
0000882291,AEMD,2013-05-08,0,3.8342786292212084e-10,1.0
0000882291,AEMD,2013-05-09,0,3.8342786292212084e-10,1.0
0000882291,AEMD,2013-05-10,0,3.8342786292212084e-10,1.0
0000882291,AEMD,2013-05-13,0,3.8342786292212084e-10,1.0
0000882291,AEMD,2013-05-14,0,5.189349237421344e-10,1.0
0000882291,AEMD,2013-05-15,0,1.1050874122124646e-07,1.0
0000882291,AEMD,2013-05-16,0,1.1050874122124646e-07,1.0
0000882291,AEMD,2013-05-17,0,1.1050874122124646e-07,1.0
0000882291,AEMD,2013-05-20,0,1.1050874122124646e-07,1.0
0000882291,AEMD,2013-05-21,0,1.1050874122124646e-07,1.0
0000882291,AEMD,2013-05-22,0,1.1050874122124646e-07,1.0
0000882291,AEMD,2013-05-23,0,1.1050874122124646e-07,1.0
0000882291,AEMD,2013-05-24,0,1.1050874122124646e-07,1.0
0000882291,AEMD,2013-05-27,0,1.1050874122124646e-07,1.0
0000882291,AEMD,2013-05-28,0,1.1050874122124646e-07,1.0
0000882291,AEMD,2013-05-29,0,1.1050874122124646e-07,1.0
0000882291,AEMD,2013-05-30,0,1.1050874122124646e-07,1.0
0000882291,AEMD,2013-05-31,0,1.1050874122124646e-07,1.0
0000882291,AEMD,2013-06-03,0,1.1050874122124646e-07,1.0
0000882291,AEMD,2013-06-04,0,1.1050874122124646e-07,1.0
0000882291,AEMD,2013-06-05,0,1.1050874122124646e-07,1.0
0000882291,AEMD,2013-06-06,0,1.1050874122124646e-07,1.0
0000882291,AEMD,2013-06-07,0,1.1050874122124646e-07,1.0
0000882291,AEMD,2013-06-10,0,1.1050874122124646e-07,1.0
0000882291,AEMD,2013-06-11,0,1.1050874122124646e-07,1.0
0000882291,AEMD,2013-06-12,0,1.1050874122124646e-07,1.0
0000882291,AEMD,2013-06-13,0,1.1050874122124646e-07,1.0
0000882291,AEMD,2013-06-14,0,1.1050874122124646e-07,1.0
0000882291,AEMD,2013-06-17,0,1.1050874122124646e-07,1.0
0000882291,AEMD,2013-06-18,0,1.1050874122124646e-07,1.0
0000882291,AEMD,2013-06-19,0,1.1050874122124646e-07,1.0
0000882291,AEMD,2013-06-20,0,1.1050874122124646e-07,1.0
0000882291,AEMD,2013-06-21,0,1.1050874122124646e-07,1.0
0000882291,AEMD,2013-06-24,0,1.1050874122124646e-07,1.0
0000882291,AEMD,2013-06-25,0,1.1050874122124646e-07,1.0
0000882291,AEMD,2013-06-26,0,1.1050874122124646e-07,1.0
0000882291,AEMD,2013-06-27,0,1.1050874122124646e-07,1.0
0000882291,AEMD,2013-06-28,0,1.1050874122124646e-07,1.0
0000882291,AEMD,2013-07-01,0,1.1050874122124646e-07,1.0
0000882291,AEMD,2013-07-02,0,1.1050874122124646e-07,1.0
0000882291,AEMD,2013-07-03,0,1.1050874122124646e-07,1.0
0000882291,AEMD,2013-07-04,0,1.1050874122124646e-07,1.0
0000882291,AEMD,2013-07-05,0,1.1050874122124646e-07,1.0
0000882291,AEMD,2013-07-08,0,1.1050874122124646e-07,1.0
0000882291,AEMD,2013-07-09,0,1.1050874122124646e-07,1.0
0000882291,AEMD,2013-07-10,0,1.1050874122124646e-07,1.0
0000882291,AEMD,2013-07-11,0,1.1050874122124646e-07,1.0
0000882291,AEMD,2013-07-12,0,1.1050874122124646e-07,1.0
0000882291,AEMD,2013-07-15,0,1.579247863600597e-07,1.0
0000882291,AEMD,2013-07-16,0,3.372918612203964e-08,1.0
0000882291,AEMD,2013-07-17,0,3.372918612203964e-08,1.0
0000882291,AEMD,2013-07-18,0,3.372918612203964e-08,1.0
0000882291,AEMD,2013-07-19,0,3.372918612203964e-08,1.0
0000882291,AEMD,2013-07-22,0,3.372918612203964e-08,1.0
0000882291,AEMD,2013-07-23,0,3.372918612203964e-08,1.0
0000882291,AEMD,2013-07-24,0,3.372918612203964e-08,1.0
0000882291,AEMD,2013-07-25,0,3.372918612203964e-08,1.0
0000882291,AEMD,2013-07-26,0,3.372918612203964e-08,1.0
0000882291,AEMD,2013-07-29,0,3.372918612203964e-08,1.0
0000882291,AEMD,2013-07-30,0,3.372918612203964e-08,1.0
0000882291,AEMD,2013-07-31,0,3.372918612203964e-08,1.0
0000882291,AEMD,2013-08-01,0,3.372918612203964e-08,1.0
0000882291,AEMD,2013-08-02,0,3.372918612203964e-08,1.0
0000882291,AEMD,2013-08-05,0,3.372918612203964e-08,1.0
0000882291,AEMD,2013-08-06,0,3.372918612203964e-08,1.0
0000882291,AEMD,2013-08-07,0,3.372918612203964e-08,1.0
0000882291,AEMD,2013-08-08,0,3.372918612203964e-08,1.0
0000882291,AEMD,2013-08-09,0,3.372918612203964e-08,1.0
0000882291,AEMD,2013-08-12,0,3.372918612203964e-08,1.0
0000882291,AEMD,2013-08-13,0,3.6880810609444054e-08,1.0
0000882291,AEMD,2013-08-14,0,3.6880810609444054e-08,1.0
0000882291,AEMD,2013-08-15,0,3.570064688526514e-06,1.0
0000882291,AEMD,2013-08-16,0,3.570064688526514e-06,1.0
0000882291,AEMD,2013-08-19,0,3.570064688526514e-06,1.0
0000882291,AEMD,2013-08-20,0,3.570064688526514e-06,1.0
0000882291,AEMD,2013-08-21,0,3.570064688526514e-06,1.0
0000882291,AEMD,2013-08-22,0,3.570064688526514e-06,1.0
0000882291,AEMD,2013-08-23,0,3.570064688526514e-06,1.0
0000882291,AEMD,2013-08-26,0,3.570064688526514e-06,1.0
0000882291,AEMD,2013-08-27,0,3.570064688526514e-06,1.0
0000882291,AEMD,2013-08-28,0,3.570064688526514e-06,1.0
0000882291,AEMD,2013-08-29,0,3.570064688526514e-06,1.0
0000882291,AEMD,2013-08-30,0,3.570064688526514e-06,1.0
0000882291,AEMD,2013-09-02,0,3.570064688526514e-06,1.0
0000882291,AEMD,2013-09-03,0,3.570064688526514e-06,1.0
0000882291,AEMD,2013-09-04,0,3.570064688526514e-06,1.0
0000882291,AEMD,2013-09-05,0,3.570064688526514e-06,1.0
0000882291,AEMD,2013-09-06,0,3.570064688526514e-06,1.0
0000882291,AEMD,2013-09-09,0,3.570064688526514e-06,1.0
0000882291,AEMD,2013-09-10,0,3.570064688526514e-06,1.0
0000882291,AEMD,2013-09-11,0,3.570064688526514e-06,1.0
0000882291,AEMD,2013-09-12,0,7.44187198539647e-08,1.0
0000882291,AEMD,2013-09-13,0,7.44187198539647e-08,1.0
0000882291,AEMD,2013-09-16,0,7.44187198539647e-08,1.0
0000882291,AEMD,2013-09-17,0,7.44187198539647e-08,1.0
0000882291,AEMD,2013-09-18,0,7.44187198539647e-08,1.0
0000882291,AEMD,2013-09-19,0,7.44187198539647e-08,1.0
0000882291,AEMD,2013-09-20,0,7.44187198539647e-08,1.0
0000882291,AEMD,2013-09-23,0,7.44187198539647e-08,1.0
0000882291,AEMD,2013-09-24,0,7.44187198539647e-08,1.0
0000882291,AEMD,2013-09-25,0,7.44187198539647e-08,1.0
0000882291,AEMD,2013-09-26,0,7.44187198539647e-08,1.0
0000882291,AEMD,2013-09-27,0,7.44187198539647e-08,1.0
0000882291,AEMD,2013-09-30,0,7.44187198539647e-08,1.0
0000882291,AEMD,2013-10-01,0,7.44187198539647e-08,1.0
0000882291,AEMD,2013-10-02,0,7.44187198539647e-08,1.0
0000882291,AEMD,2013-10-03,0,7.44187198539647e-08,1.0
0000882291,AEMD,2013-10-04,0,7.44187198539647e-08,1.0
0000882291,AEMD,2013-10-07,0,7.44187198539647e-08,1.0
0000882291,AEMD,2013-10-08,0,7.44187198539647e-08,1.0
0000882291,AEMD,2013-10-09,0,7.44187198539647e-08,1.0
0000882291,AEMD,2013-10-10,0,7.44187198539647e-08,1.0
0000882291,AEMD,2013-10-11,0,7.44187198539647e-08,1.0
0000882291,AEMD,2013-10-14,0,2.1404555942588027e-08,1.0
0000882291,AEMD,2013-10-15,0,2.1404555942588027e-08,1.0
0000882291,AEMD,2013-10-16,0,2.1404555942588027e-08,1.0
0000882291,AEMD,2013-10-17,0,2.1404555942588027e-08,1.0
0000882291,AEMD,2013-10-18,0,2.1404555942588027e-08,1.0
0000882291,AEMD,2013-10-21,0,2.1404555942588027e-08,1.0
0000882291,AEMD,2013-10-22,0,2.1404555942588027e-08,1.0
0000882291,AEMD,2013-10-23,0,2.1404555942588027e-08,1.0
0000882291,AEMD,2013-10-24,0,2.1404555942588027e-08,1.0
0000882291,AEMD,2013-10-25,0,2.1404555942588027e-08,1.0
0000882291,AEMD,2013-10-28,0,2.1404555942588027e-08,1.0
0000882291,AEMD,2013-10-29,0,2.1404555942588027e-08,1.0
0000882291,AEMD,2013-10-30,0,2.1404555942588027e-08,1.0
0000882291,AEMD,2013-10-31,0,2.1404555942588027e-08,1.0
0000882291,AEMD,2013-11-01,0,2.1404555942588027e-08,1.0
0000882291,AEMD,2013-11-04,0,2.1404555942588027e-08,1.0
0000882291,AEMD,2013-11-05,0,2.1404555942588027e-08,1.0
0000882291,AEMD,2013-11-06,0,4.2908871663478084e-09,1.0
0000882291,AEMD,2013-11-07,0,4.2908871663478084e-09,1.0
0000882291,AEMD,2013-11-08,0,4.2908871663478084e-09,1.0
0000882291,AEMD,2013-11-11,0,3.3661420646456736e-09,1.0
0000882291,AEMD,2013-11-12,0,3.3661420646456736e-09,1.0
0000882291,AEMD,2013-11-13,0,3.3661420646456736e-09,1.0
0000882291,AEMD,2013-11-14,0,2.277935889416175e-09,1.0
0000882291,AEMD,2013-11-15,0,2.277935889416175e-09,1.0
0000882291,AEMD,2013-11-18,0,2.277935889416175e-09,1.0
0000882291,AEMD,2013-11-19,0,2.277935889416175e-09,1.0
0000882291,AEMD,2013-11-20,0,2.277935889416175e-09,1.0
0000882291,AEMD,2013-11-21,0,1.901399119018506e-09,1.0
0000882291,AEMD,2013-11-22,0,1.8903493845246253e-09,1.0
0000882291,AEMD,2013-11-25,0,1.8903493845246253e-09,1.0
0000882291,AEMD,2013-11-26,0,1.8903493845246253e-09,1.0
0000882291,AEMD,2013-11-27,0,1.8903493845246253e-09,1.0
0000882291,AEMD,2013-11-28,0,1.8903493845246253e-09,1.0
0000882291,AEMD,2013-11-29,0,1.8903493845246253e-09,1.0
0000882291,AEMD,2013-12-02,0,1.8903493845246253e-09,1.0
0000882291,AEMD,2013-12-03,0,1.8903493845246253e-09,1.0
0000882291,AEMD,2013-12-04,0,1.8903493845246253e-09,1.0
0000882291,AEMD,2013-12-05,0,1.8903493845246253e-09,1.0
0000882291,AEMD,2013-12-06,0,2.2678759323335846e-09,1.0
0000882291,AEMD,2013-12-09,0,2.2678759323335846e-09,1.0
0000882291,AEMD,2013-12-10,0,2.2678759323335846e-09,1.0
0000882291,AEMD,2013-12-11,0,2.2678759323335846e-09,1.0
0000882291,AEMD,2013-12-12,0,2.2678759323335846e-09,1.0
0000882291,AEMD,2013-12-13,0,2.2678759323335846e-09,1.0
0000882291,AEMD,2013-12-16,0,3.0720765110135903e-09,1.0
0000882291,AEMD,2013-12-17,0,3.0542235366367112e-09,1.0
0000882291,AEMD,2013-12-18,0,3.0542235366367112e-09,1.0
0000882291,AEMD,2013-12-19,0,3.0542235366367112e-09,1.0
0000882291,AEMD,2013-12-20,0,3.0542235366367112e-09,1.0
0000882291,AEMD,2013-12-23,0,3.6907663551960725e-09,1.0
0000882291,AEMD,2013-12-24,0,3.6907663551960725e-09,1.0
0000882291,AEMD,2013-12-25,0,3.6907663551960725e-09,1.0
0000882291,AEMD,2013-12-26,0,3.6907663551960725e-09,1.0
0000882291,AEMD,2013-12-27,0,3.6907663551960725e-09,1.0
0000882291,AEMD,2013-12-30,0,3.6907663551960725e-09,1.0
0000882291,AEMD,2013-12-31,0,3.6907663551960725e-09,1.0
0000882291,AEMD,2014-01-01,0,3.6907663551960725e-09,1.0
0000882291,AEMD,2014-01-02,0,3.6907663551960725e-09,1.0
0000882291,AEMD,2014-01-03,0,3.6907663551960725e-09,1.0
0000882291,AEMD,2014-01-06,0,3.6907663551960725e-09,1.0
0000882291,AEMD,2014-01-07,0,3.6907663551960725e-09,1.0
0000882291,AEMD,2014-01-08,0,3.0806924507916743e-09,1.0
0000882291,AEMD,2014-01-09,0,3.0806924507916743e-09,1.0
0000882291,AEMD,2014-01-10,0,3.0806924507916743e-09,1.0
0000882291,AEMD,2014-01-13,0,2.2244157182759125e-08,1.0
0000882291,AEMD,2014-01-14,0,2.2244157182759125e-08,1.0
0000882291,AEMD,2014-01-15,0,2.668659503779945e-08,1.0
0000882291,AEMD,2014-01-16,0,2.6880149935547726e-08,1.0
0000882291,AEMD,2014-01-17,0,2.6880149935547726e-08,1.0
0000882291,AEMD,2014-01-20,0,2.6880149935547726e-08,1.0
0000882291,AEMD,2014-01-21,0,2.6880149935547726e-08,1.0
0000882291,AEMD,2014-01-22,0,2.6880149935547726e-08,1.0
0000882291,AEMD,2014-01-23,0,2.6880149935547726e-08,1.0
0000882291,AEMD,2014-01-24,0,2.6880149935547726e-08,1.0
0000882291,AEMD,2014-01-27,0,2.6880149935547726e-08,1.0
0000882291,AEMD,2014-01-28,0,2.6880149935547726e-08,1.0
0000882291,AEMD,2014-01-29,0,2.6880149935547726e-08,1.0
0000882291,AEMD,2014-01-30,0,2.6880149935547726e-08,1.0
0000882291,AEMD,2014-01-31,0,2.6880149935547726e-08,1.0
0000882291,AEMD,2014-02-03,0,2.6880149935547726e-08,1.0
0000882291,AEMD,2014-02-04,0,2.5490171957514198e-08,1.0
0000882291,AEMD,2014-02-05,0,2.5490171957514198e-08,1.0
0000882291,AEMD,2014-02-06,0,2.5490171957514198e-08,1.0
0000882291,AEMD,2014-02-07,0,8.928657073165558e-08,1.0
0000882291,AEMD,2014-02-10,0,1.0672373006415906e-07,1.0
0000882291,AEMD,2014-02-11,0,4.931119897276238e-06,1.0
0000882291,AEMD,2014-02-12,0,3.407441870221836e-06,1.0
0000882291,AEMD,2014-02-13,0,3.407441870221836e-06,1.0
0000882291,AEMD,2014-02-14,0,3.407441870221836e-06,1.0
0000882291,AEMD,2014-02-17,0,3.407441870221836e-06,1.0
0000882291,AEMD,2014-02-18,0,3.407441870221836e-06,1.0
0000882291,AEMD,2014-02-19,0,3.2312429282856483e-06,1.0
0000882291,AEMD,2014-02-20,0,3.213466894360729e-06,1.0
0000882291,AEMD,2014-02-21,0,3.213466894360729e-06,1.0
0000882291,AEMD,2014-02-24,0,3.213466894360729e-06,1.0
0000882291,AEMD,2014-02-25,0,3.213466894360729e-06,1.0
0000882291,AEMD,2014-02-26,0,3.213466894360729e-06,1.0
0000882291,AEMD,2014-02-27,0,1.2917389484439405e-08,1.0
0000882291,AEMD,2014-02-28,0,1.2917389484439405e-08,1.0
0000882291,AEMD,2014-03-03,0,1.2917389484439405e-08,1.0
0000882291,AEMD,2014-03-04,0,1.2917389484439405e-08,1.0
0000882291,AEMD,2014-03-05,0,1.2917389484439405e-08,1.0
0000882291,AEMD,2014-03-06,0,1.2917389484439405e-08,1.0
0000882291,AEMD,2014-03-07,0,1.2917389484439405e-08,1.0
0000882291,AEMD,2014-03-10,0,1.2917389484439405e-08,1.0
0000882291,AEMD,2014-03-11,0,1.2917389484439405e-08,1.0
0000882291,AEMD,2014-03-12,0,1.2917389484439405e-08,1.0
0000882291,AEMD,2014-03-13,0,1.2917389484439405e-08,1.0
0000882291,AEMD,2014-03-14,0,2.0073567695334712e-08,1.0
0000882291,AEMD,2014-03-17,0,1.903555945192543e-08,1.0
0000882291,AEMD,2014-03-18,0,1.8930838810652883e-08,1.0
0000882291,AEMD,2014-03-19,0,1.8930838810652883e-08,1.0
0000882291,AEMD,2014-03-20,0,1.8930838810652883e-08,1.0
0000882291,AEMD,2014-03-21,0,1.8930838810652883e-08,1.0
0000882291,AEMD,2014-03-24,0,1.8930838810652883e-08,1.0
0000882291,AEMD,2014-03-25,0,1.8930838810652883e-08,1.0
0000882291,AEMD,2014-03-26,0,1.8930838810652883e-08,1.0
0000882291,AEMD,2014-03-27,0,1.8930838810652883e-08,1.0
0000882291,AEMD,2014-03-28,0,1.8930838810652883e-08,1.0
0000882291,AEMD,2014-03-31,0,7.284236205233986e-08,1.0
0000882291,AEMD,2014-04-01,0,7.284236205233986e-08,1.0
0000882291,AEMD,2014-04-02,0,7.284236205233986e-08,1.0
0000882291,AEMD,2014-04-03,0,7.284236205233986e-08,1.0
0000882291,AEMD,2014-04-04,0,7.284236205233986e-08,1.0
0000882291,AEMD,2014-04-07,0,2.194625964332242e-08,1.0
0000882291,AEMD,2014-04-08,0,2.194625964332242e-08,1.0
0000882291,AEMD,2014-04-09,0,2.0811414122732238e-08,1.0
0000882291,AEMD,2014-04-10,0,2.0811414122732238e-08,1.0
0000882291,AEMD,2014-04-11,0,2.0811414122732238e-08,1.0
0000882291,AEMD,2014-04-14,0,2.0811414122732238e-08,1.0
0000882291,AEMD,2014-04-15,0,2.0811414122732238e-08,1.0
0000882291,AEMD,2014-04-16,0,2.0811414122732238e-08,1.0
0000882291,AEMD,2014-04-17,0,2.0811414122732238e-08,1.0
0000882291,AEMD,2014-04-18,0,2.0811414122732238e-08,1.0
0000882291,AEMD,2014-04-21,0,2.0811414122732238e-08,1.0
0000882291,AEMD,2014-04-22,0,2.0811414122732238e-08,1.0
0000882291,AEMD,2014-04-23,0,2.0811414122732238e-08,1.0
0000882291,AEMD,2014-04-24,0,2.0811414122732238e-08,1.0
0000882291,AEMD,2014-04-25,0,2.0811414122732238e-08,1.0
0000882291,AEMD,2014-04-28,0,2.0811414122732238e-08,1.0
0000882291,AEMD,2014-04-29,0,2.0811414122732238e-08,1.0
0000882291,AEMD,2014-04-30,0,2.0811414122732238e-08,1.0
0000882291,AEMD,2014-05-01,0,2.0811414122732238e-08,1.0
0000882291,AEMD,2014-05-02,0,2.0811414122732238e-08,1.0
0000882291,AEMD,2014-05-05,0,2.0811414122732238e-08,1.0
0000882291,AEMD,2014-05-06,0,2.19059302222724e-08,1.0
0000882291,AEMD,2014-05-07,0,7.189991712180175e-08,1.0
0000882291,AEMD,2014-05-08,0,7.189991712180175e-08,1.0
0000882291,AEMD,2014-05-09,0,7.189991712180175e-08,1.0
0000882291,AEMD,2014-05-12,0,7.189991712180175e-08,1.0
0000882291,AEMD,2014-05-13,0,5.13553100885736e-08,1.0
0000882291,AEMD,2014-05-14,0,6.738425503552802e-08,1.0
0000882291,AEMD,2014-05-15,0,6.738425503552802e-08,1.0
0000882291,AEMD,2014-05-16,0,6.738425503552802e-08,1.0
0000882291,AEMD,2014-05-19,0,6.738425503552802e-08,1.0
0000882291,AEMD,2014-05-20,0,6.738425503552802e-08,1.0
0000882291,AEMD,2014-05-21,0,7.092813475179407e-08,1.0
0000882291,AEMD,2014-05-22,0,7.121628766513472e-08,1.0
0000882291,AEMD,2014-05-23,0,2.89628006990004e-10,1.0
0000882291,AEMD,2014-05-26,0,2.89628006990004e-10,1.0
0000882291,AEMD,2014-05-27,0,2.89628006990004e-10,1.0
0000882291,AEMD,2014-05-28,0,2.89628006990004e-10,1.0
0000882291,AEMD,2014-05-29,0,2.556444654471281e-10,1.0
0000882291,AEMD,2014-05-30,0,2.556444654471281e-10,1.0
0000882291,AEMD,2014-06-02,0,2.556444654471281e-10,1.0
0000882291,AEMD,2014-06-03,0,2.556444654471281e-10,1.0
0000882291,AEMD,2014-06-04,0,2.556444654471281e-10,1.0
0000882291,AEMD,2014-06-05,0,2.556444654471281e-10,1.0
0000882291,AEMD,2014-06-06,0,2.556444654471281e-10,1.0
0000882291,AEMD,2014-06-09,0,2.556444654471281e-10,1.0
0000882291,AEMD,2014-06-10,0,2.556444654471281e-10,1.0
0000882291,AEMD,2014-06-11,0,2.556444654471281e-10,1.0
0000882291,AEMD,2014-06-12,0,2.556444654471281e-10,1.0
0000882291,AEMD,2014-06-13,0,2.556444654471281e-10,1.0
0000882291,AEMD,2014-06-16,0,2.701825500806489e-10,1.0
0000882291,AEMD,2014-06-17,0,2.701825500806489e-10,1.0
0000882291,AEMD,2014-06-18,0,2.701825500806489e-10,1.0
0000882291,AEMD,2014-06-19,0,2.701825500806489e-10,1.0
0000882291,AEMD,2014-06-20,0,2.701825500806489e-10,1.0
0000882291,AEMD,2014-06-23,0,6.478400786708963e-08,1.0
0000882291,AEMD,2014-06-24,0,6.478400786708963e-08,1.0
0000882291,AEMD,2014-06-25,0,6.478400786708963e-08,1.0
0000882291,AEMD,2014-06-26,0,6.478400786708963e-08,1.0
0000882291,AEMD,2014-06-27,0,6.478400786708963e-08,1.0
0000882291,AEMD,2014-06-30,0,1.9292205810828993e-08,1.0
0000882291,AEMD,2014-07-01,0,1.9292205810828993e-08,1.0
0000882291,AEMD,2014-07-02,0,1.9292205810828993e-08,1.0
0000882291,AEMD,2014-07-03,0,1.9292205810828993e-08,1.0
0000882291,AEMD,2014-07-04,0,1.9292205810828993e-08,1.0
0000882291,AEMD,2014-07-07,0,1.922582799115843e-08,1.0
0000882291,AEMD,2014-07-08,0,2.0236954778330852e-08,1.0
0000882291,AEMD,2014-07-09,0,2.0236954778330852e-08,1.0
0000882291,AEMD,2014-07-10,0,1.759524872462594e-08,1.0
0000882291,AEMD,2014-07-11,0,1.759524872462594e-08,1.0
0000882291,AEMD,2014-07-14,0,1.759524872462594e-08,1.0
0000882291,AEMD,2014-07-15,0,1.5005685009137826e-08,1.0
0000882291,AEMD,2014-07-16,0,1.5005685009137826e-08,1.0
0000882291,AEMD,2014-07-17,0,1.5005685009137826e-08,1.0
0000882291,AEMD,2014-07-18,0,1.5005685009137826e-08,1.0
0000882291,AEMD,2014-07-21,0,1.5005685009137826e-08,1.0
0000882291,AEMD,2014-07-22,0,1.5005685009137826e-08,1.0
0000882291,AEMD,2014-07-23,0,1.5005685009137826e-08,1.0
0000882291,AEMD,2014-07-24,0,1.5005685009137826e-08,1.0
0000882291,AEMD,2014-07-25,0,1.5005685009137826e-08,1.0
0000882291,AEMD,2014-07-28,0,1.4322082168902468e-08,1.0
0000882291,AEMD,2014-07-29,0,1.4322082168902468e-08,1.0
0000882291,AEMD,2014-07-30,0,1.6334796232531523e-08,1.0
0000882291,AEMD,2014-07-31,0,1.6334796232531523e-08,1.0
0000882291,AEMD,2014-08-01,0,1.6334796232531523e-08,1.0
0000882291,AEMD,2014-08-04,0,1.6334796232531523e-08,1.0
0000882291,AEMD,2014-08-05,0,1.6334796232531523e-08,1.0
0000882291,AEMD,2014-08-06,0,1.6334796232531523e-08,1.0
0000882291,AEMD,2014-08-07,0,1.6334796232531523e-08,1.0
0000882291,AEMD,2014-08-08,0,1.6334796232531523e-08,1.0
0000882291,AEMD,2014-08-11,0,2.385775684089484e-08,1.0
0000882291,AEMD,2014-08-12,0,2.385775684089484e-08,1.0
0000882291,AEMD,2014-08-13,0,2.385775684089484e-08,1.0
0000882291,AEMD,2014-08-14,0,7.048710880596786e-06,1.0
0000882291,AEMD,2014-08-15,0,7.048710880596786e-06,1.0
0000882291,AEMD,2014-08-18,0,7.048710880596786e-06,1.0
0000882291,AEMD,2014-08-19,0,7.048710880596786e-06,1.0
0000882291,AEMD,2014-08-20,0,7.048710880596786e-06,1.0
0000882291,AEMD,2014-08-21,0,7.077951655438956e-06,1.0
0000882291,AEMD,2014-08-22,0,7.077951655438956e-06,1.0
0000882291,AEMD,2014-08-25,0,7.077951655438956e-06,1.0
0000882291,AEMD,2014-08-26,0,7.077951655438956e-06,1.0
0000882291,AEMD,2014-08-27,0,8.320810539483413e-06,1.0
0000882291,AEMD,2014-08-28,0,8.320810539483413e-06,1.0
0000882291,AEMD,2014-08-29,0,8.320810539483413e-06,1.0
0000882291,AEMD,2014-09-01,0,8.320810539483413e-06,1.0
0000882291,AEMD,2014-09-02,0,8.320810539483413e-06,1.0
0000882291,AEMD,2014-09-03,0,8.320810539483413e-06,1.0
0000882291,AEMD,2014-09-04,0,8.320810539483413e-06,1.0
0000882291,AEMD,2014-09-05,0,8.320810539483413e-06,1.0
0000882291,AEMD,2014-09-08,0,8.320810539483413e-06,1.0
0000882291,AEMD,2014-09-09,0,8.320810539483413e-06,1.0
0000882291,AEMD,2014-09-10,0,8.320810539483413e-06,1.0
0000882291,AEMD,2014-09-11,0,8.320810539483413e-06,1.0
0000882291,AEMD,2014-09-12,0,8.320810539483413e-06,1.0
0000882291,AEMD,2014-09-15,0,1.56759716217888e-07,1.0
0000882291,AEMD,2014-09-16,0,1.56759716217888e-07,1.0
0000882291,AEMD,2014-09-17,0,1.56759716217888e-07,1.0
0000882291,AEMD,2014-09-18,0,1.56759716217888e-07,1.0
0000882291,AEMD,2014-09-19,0,1.56759716217888e-07,1.0
0000882291,AEMD,2014-09-22,0,1.56759716217888e-07,1.0
0000882291,AEMD,2014-09-23,0,1.56759716217888e-07,1.0
0000882291,AEMD,2014-09-24,0,1.56759716217888e-07,1.0
0000882291,AEMD,2014-09-25,0,1.56759716217888e-07,1.0
0000882291,AEMD,2014-09-26,0,1.56759716217888e-07,1.0
0000882291,AEMD,2014-09-29,0,1.545062530340507e-07,1.0
0000882291,AEMD,2014-09-30,0,1.545062530340507e-07,1.0
0000882291,AEMD,2014-10-01,0,1.545062530340507e-07,1.0
0000882291,AEMD,2014-10-02,0,7.101718419187203e-10,1.0
0000882291,AEMD,2014-10-03,0,7.101718419187203e-10,1.0
0000882291,AEMD,2014-10-06,0,7.207363521841366e-10,1.0
0000882291,AEMD,2014-10-07,0,7.207363521841366e-10,1.0
0000882291,AEMD,2014-10-08,0,7.103755712139102e-10,1.0
0000882291,AEMD,2014-10-09,0,7.103755712139102e-10,1.0
0000882291,AEMD,2014-10-10,0,7.103755712139102e-10,1.0
0000882291,AEMD,2014-10-13,0,1.7050198279120663e-10,1.0
0000882291,AEMD,2014-10-14,0,1.7050198279120663e-10,1.0
0000882291,AEMD,2014-10-15,0,1.7050198279120663e-10,1.0
0000882291,AEMD,2014-10-16,0,1.7050198279120663e-10,1.0
0000882291,AEMD,2014-10-17,0,1.7050198279120663e-10,1.0
0000882291,AEMD,2014-10-20,0,1.7050198279120663e-10,1.0
0000882291,AEMD,2014-10-21,0,1.7050198279120663e-10,1.0
0000882291,AEMD,2014-10-22,0,1.7050198279120663e-10,1.0
0000882291,AEMD,2014-10-23,0,1.7050198279120663e-10,1.0
0000882291,AEMD,2014-10-24,0,1.7050198279120663e-10,1.0
0000882291,AEMD,2014-10-27,0,1.0447140741498691e-08,1.0
0000882291,AEMD,2014-10-28,0,1.0447140741498691e-08,1.0
0000882291,AEMD,2014-10-29,0,1.0447140741498691e-08,1.0
0000882291,AEMD,2014-10-30,0,1.0447140741498691e-08,1.0
0000882291,AEMD,2014-10-31,0,1.0447140741498691e-08,1.0
0000882291,AEMD,2014-11-03,0,2.2444762931834366e-06,1.0
0000882291,AEMD,2014-11-04,0,2.2444762931834366e-06,1.0
0000882291,AEMD,2014-11-05,0,2.2444762931834366e-06,1.0
0000882291,AEMD,2014-11-06,0,2.2444762931834366e-06,1.0
0000882291,AEMD,2014-11-07,0,2.2444762931834366e-06,1.0
0000882291,AEMD,2014-11-10,0,1.638438132495262e-06,1.0
0000882291,AEMD,2014-11-11,0,1.638438132495262e-06,1.0
0000882291,AEMD,2014-11-12,0,1.38853403037069e-06,1.0
0000882291,AEMD,2014-11-13,0,1.38853403037069e-06,1.0
0000882291,AEMD,2014-11-14,0,1.38853403037069e-06,1.0
0000882291,AEMD,2014-11-17,0,1.38853403037069e-06,1.0
0000882291,AEMD,2014-11-18,0,1.38853403037069e-06,1.0
0000882291,AEMD,2014-11-19,0,1.4186030451006404e-06,1.0
0000882291,AEMD,2014-11-20,0,1.4186030451006404e-06,1.0
0000882291,AEMD,2014-11-21,0,1.4186030451006404e-06,1.0
0000882291,AEMD,2014-11-24,0,1.4186030451006404e-06,1.0
0000882291,AEMD,2014-11-25,0,1.4186030451006404e-06,1.0
0000882291,AEMD,2014-11-26,0,1.4707994977818293e-06,1.0
0000882291,AEMD,2014-11-27,0,6.682039120359121e-09,1.0
0000882291,AEMD,2014-11-28,0,6.682039120359121e-09,1.0
0000882291,AEMD,2014-12-01,0,6.682039120359121e-09,1.0
0000882291,AEMD,2014-12-02,0,6.682039120359121e-09,1.0
0000882291,AEMD,2014-12-03,0,6.23066665187941e-09,1.0
0000882291,AEMD,2014-12-04,0,6.23066665187941e-09,1.0
0000882291,AEMD,2014-12-05,0,6.23066665187941e-09,1.0
0000882291,AEMD,2014-12-08,0,6.23066665187941e-09,1.0
0000882291,AEMD,2014-12-09,0,6.23066665187941e-09,1.0
0000882291,AEMD,2014-12-10,0,9.204806848606422e-09,1.0
0000882291,AEMD,2014-12-11,0,9.204806848606422e-09,1.0
0000882291,AEMD,2014-12-12,0,9.204806848606422e-09,1.0
0000882291,AEMD,2014-12-15,0,9.204806848606422e-09,1.0
0000882291,AEMD,2014-12-16,0,9.204806848606422e-09,1.0
0000882291,AEMD,2014-12-17,0,9.204806848606422e-09,1.0
0000882291,AEMD,2014-12-18,0,9.204806848606422e-09,1.0
0000882291,AEMD,2014-12-19,0,9.204806848606422e-09,1.0
0000882291,AEMD,2014-12-22,0,9.204806848606422e-09,1.0
0000882291,AEMD,2014-12-23,0,9.204806848606422e-09,1.0
0000882291,AEMD,2014-12-24,0,9.204806848606422e-09,1.0
0000882291,AEMD,2014-12-25,0,9.204806848606422e-09,1.0
0000882291,AEMD,2014-12-26,0,9.204806848606422e-09,1.0
0000882291,AEMD,2014-12-29,0,2.0527872710119382e-06,1.0
0000882291,AEMD,2014-12-30,0,2.0527872710119382e-06,1.0
0000882291,AEMD,2014-12-31,0,2.506929759498175e-08,1.0
0000882291,AEMD,2015-01-01,0,2.506929759498175e-08,1.0
0000882291,AEMD,2015-01-02,0,2.7340372266396158e-08,1.0
0000882291,AEMD,2015-01-05,0,2.7340372266396158e-08,1.0
0000882291,AEMD,2015-01-06,0,2.797299621689265e-08,1.0
0000882291,AEMD,2015-01-07,0,2.797299621689265e-08,1.0
0000882291,AEMD,2015-01-08,0,2.797299621689265e-08,1.0
0000882291,AEMD,2015-01-09,0,2.797299621689265e-08,1.0
0000882291,AEMD,2015-01-12,0,5.255007498389034e-08,1.0
0000882291,AEMD,2015-01-13,0,5.255007498389034e-08,1.0
0000882291,AEMD,2015-01-14,0,5.255007498389034e-08,1.0
0000882291,AEMD,2015-01-15,0,5.255007498389034e-08,1.0
0000882291,AEMD,2015-01-16,0,5.255007498389034e-08,1.0
0000882291,AEMD,2015-01-19,0,5.255007498389034e-08,1.0
0000882291,AEMD,2015-01-20,0,5.255007498389034e-08,1.0
0000882291,AEMD,2015-01-21,0,5.255007498389034e-08,1.0
0000882291,AEMD,2015-01-22,0,5.255007498389034e-08,1.0
0000882291,AEMD,2015-01-23,0,5.255007498389034e-08,1.0
0000882291,AEMD,2015-01-26,0,5.2805692237031745e-08,1.0
0000882291,AEMD,2015-01-27,0,5.2805692237031745e-08,1.0
0000882291,AEMD,2015-01-28,0,5.2805692237031745e-08,1.0
0000882291,AEMD,2015-01-29,0,5.2805692237031745e-08,1.0
0000882291,AEMD,2015-01-30,0,7.371878835537883e-08,1.0
0000882291,AEMD,2015-02-02,0,7.371878835537883e-08,1.0
0000882291,AEMD,2015-02-03,0,7.371878835537883e-08,1.0
0000882291,AEMD,2015-02-04,0,7.371878835537883e-08,1.0
0000882291,AEMD,2015-02-05,0,7.371878835537883e-08,1.0
0000882291,AEMD,2015-02-06,0,7.371878835537883e-08,1.0
0000882291,AEMD,2015-02-09,0,5.4727507235571784e-08,1.0
0000882291,AEMD,2015-02-10,0,6.180582847124141e-08,1.0
0000882291,AEMD,2015-02-11,0,2.7899092496016904e-06,1.0
0000882291,AEMD,2015-02-12,0,2.7899092496016904e-06,1.0
0000882291,AEMD,2015-02-13,0,2.7899092496016904e-06,1.0
0000882291,AEMD,2015-02-16,0,2.7899092496016904e-06,1.0
0000882291,AEMD,2015-02-17,0,2.7899092496016904e-06,1.0
0000882291,AEMD,2015-02-18,0,2.7899092496016904e-06,1.0
0000882291,AEMD,2015-02-19,0,2.7899092496016904e-06,1.0
0000882291,AEMD,2015-02-20,0,2.7899092496016904e-06,1.0
0000882291,AEMD,2015-02-23,0,2.7899092496016904e-06,1.0
0000882291,AEMD,2015-02-24,0,2.7899092496016904e-06,1.0
0000882291,AEMD,2015-02-25,0,2.765014836833174e-06,1.0
0000882291,AEMD,2015-02-26,0,2.765014836833174e-06,1.0
0000882291,AEMD,2015-02-27,0,2.765014836833174e-06,1.0
0000882291,AEMD,2015-03-02,0,2.765014836833174e-06,1.0
0000882291,AEMD,2015-03-03,0,2.5879035831744945e-06,1.0
0000882291,AEMD,2015-03-04,0,2.5879035831744945e-06,1.0
0000882291,AEMD,2015-03-05,0,2.5879035831744945e-06,1.0
0000882291,AEMD,2015-03-06,0,2.5879035831744945e-06,1.0
0000882291,AEMD,2015-03-09,0,2.5879035831744945e-06,1.0
0000882291,AEMD,2015-03-10,0,2.5879035831744945e-06,1.0
0000882291,AEMD,2015-03-11,0,2.5879035831744945e-06,1.0
0000882291,AEMD,2015-03-12,0,2.5879035831744945e-06,1.0
0000882291,AEMD,2015-03-13,0,2.5879035831744945e-06,1.0
0000882291,AEMD,2015-03-16,0,6.278598802068935e-08,1.0
0000882291,AEMD,2015-03-17,0,2.8858920472694665e-10,1.0
0000882291,AEMD,2015-03-18,0,2.8858920472694665e-10,1.0
0000882291,AEMD,2015-03-19,0,2.8858920472694665e-10,1.0
0000882291,AEMD,2015-03-20,0,2.8858920472694665e-10,1.0
0000882291,AEMD,2015-03-23,0,2.8858920472694665e-10,1.0
0000882291,AEMD,2015-03-24,0,2.8858920472694665e-10,1.0
0000882291,AEMD,2015-03-25,0,2.8858920472694665e-10,1.0
0000882291,AEMD,2015-03-26,0,2.8858920472694665e-10,1.0
0000882291,AEMD,2015-03-27,0,2.8858920472694665e-10,1.0
0000882291,AEMD,2015-03-30,0,2.8858920472694665e-10,1.0
0000882291,AEMD,2015-03-31,0,2.916972050055319e-10,1.0
0000882291,AEMD,2015-04-01,0,6.36372780996936e-11,1.0
0000882291,AEMD,2015-04-02,0,6.36372780996936e-11,1.0
0000882291,AEMD,2015-04-03,0,6.36372780996936e-11,1.0
0000882291,AEMD,2015-04-06,0,6.36372780996936e-11,1.0
0000882291,AEMD,2015-04-07,0,6.36372780996936e-11,1.0
0000882291,AEMD,2015-04-08,0,6.36372780996936e-11,1.0
0000882291,AEMD,2015-04-09,0,6.36372780996936e-11,1.0
0000882291,AEMD,2015-04-10,0,6.36372780996936e-11,1.0
0000882291,AEMD,2015-04-13,0,6.36372780996936e-11,1.0
0000882291,AEMD,2015-04-14,0,6.36372780996936e-11,1.0
0000882291,AEMD,2015-04-15,0,4.886123806405244e-10,1.0
0000882291,AEMD,2015-04-16,0,5.453263252655026e-10,1.0
0000882291,AEMD,2015-04-17,0,5.453263252655026e-10,1.0
0000882291,AEMD,2015-04-20,0,3.722814846174436e-08,1.0
0000882291,AEMD,2015-04-21,0,3.722814846174436e-08,1.0
0000882291,AEMD,2015-04-22,0,3.722814846174436e-08,1.0
0000882291,AEMD,2015-04-23,0,3.722814846174436e-08,1.0
0000882291,AEMD,2015-04-24,0,3.722814846174436e-08,1.0
0000882291,AEMD,2015-04-27,0,3.799053400983954e-08,1.0
0000882291,AEMD,2015-04-28,0,3.799053400983954e-08,1.0
0000882291,AEMD,2015-04-29,0,3.799053400983954e-08,1.0
0000882291,AEMD,2015-04-30,0,3.799053400983954e-08,1.0
0000882291,AEMD,2015-05-01,0,3.799053400983954e-08,1.0
0000882291,AEMD,2015-05-04,0,3.799053400983954e-08,1.0
0000882291,AEMD,2015-05-05,0,3.799053400983954e-08,1.0
0000882291,AEMD,2015-05-06,0,3.799053400983954e-08,1.0
0000882291,AEMD,2015-05-07,0,3.799053400983954e-08,1.0
0000882291,AEMD,2015-05-08,0,3.799053400983954e-08,1.0
0000882291,AEMD,2015-05-11,0,4.7288787322113285e-08,1.0
0000882291,AEMD,2015-05-12,0,4.7288787322113285e-08,1.0
0000882291,AEMD,2015-05-13,0,3.303938769213715e-08,1.0
0000882291,AEMD,2015-05-14,0,3.303938769213715e-08,1.0
0000882291,AEMD,2015-05-15,0,3.853193544161314e-08,1.0
0000882291,AEMD,2015-05-18,0,3.853193544161314e-08,1.0
0000882291,AEMD,2015-05-19,0,3.853193544161314e-08,1.0
0000882291,AEMD,2015-05-20,0,7.306035295794343e-08,1.0
0000882291,AEMD,2015-05-21,0,7.306035295794343e-08,1.0
0000882291,AEMD,2015-05-22,0,7.306035295794343e-08,1.0
0000882291,AEMD,2015-05-25,0,7.306035295794343e-08,1.0
0000882291,AEMD,2015-05-26,0,7.306035295794343e-08,1.0
0000882291,AEMD,2015-05-27,0,7.444842875720715e-08,1.0
0000882291,AEMD,2015-05-28,0,7.444842875720715e-08,1.0
0000882291,AEMD,2015-05-29,0,7.444842875720715e-08,1.0
0000882291,AEMD,2015-06-01,0,7.444842875720715e-08,1.0
0000882291,AEMD,2015-06-02,0,7.816008842604417e-08,1.0
0000882291,AEMD,2015-06-03,0,7.816008842604417e-08,1.0
0000882291,AEMD,2015-06-04,0,7.816008842604417e-08,1.0
0000882291,AEMD,2015-06-05,0,7.816008842604417e-08,1.0
0000882291,AEMD,2015-06-08,0,7.816008842604417e-08,1.0
0000882291,AEMD,2015-06-09,0,7.816008842604417e-08,1.0
0000882291,AEMD,2015-06-10,0,7.816008842604417e-08,1.0
0000882291,AEMD,2015-06-11,0,7.816008842604417e-08,1.0
0000882291,AEMD,2015-06-12,0,7.816008842604417e-08,1.0
0000882291,AEMD,2015-06-15,0,7.832204088866994e-08,1.0
0000882291,AEMD,2015-06-16,0,7.832204088866994e-08,1.0
0000882291,AEMD,2015-06-17,0,7.832204088866994e-08,1.0
0000882291,AEMD,2015-06-18,0,7.832204088866994e-08,1.0
0000882291,AEMD,2015-06-19,0,7.832204088866994e-08,1.0
0000882291,AEMD,2015-06-22,0,7.832204088866994e-08,1.0
0000882291,AEMD,2015-06-23,0,7.832204088866994e-08,1.0
0000882291,AEMD,2015-06-24,0,2.3188190835796767e-08,1.0
0000882291,AEMD,2015-06-25,0,2.3188190835796767e-08,1.0
0000882291,AEMD,2015-06-26,0,7.48544042711538e-07,1.0
0000882291,AEMD,2015-06-29,0,7.48544042711538e-07,1.0
0000882291,AEMD,2015-06-30,0,1.7459024091164639e-06,1.0
0000882291,AEMD,2015-07-01,0,1.7459024091164639e-06,1.0
0000882291,AEMD,2015-07-02,0,1.7459024091164639e-06,1.0
0000882291,AEMD,2015-07-03,0,1.7459024091164639e-06,1.0
0000882291,AEMD,2015-07-06,0,1.7459024091164639e-06,1.0
0000882291,AEMD,2015-07-07,0,1.7459024091164639e-06,1.0
0000882291,AEMD,2015-07-08,0,1.7459024091164639e-06,1.0
0000882291,AEMD,2015-07-09,0,1.7459024091164639e-06,1.0
0000882291,AEMD,2015-07-10,0,1.7459024091164639e-06,1.0
0000882291,AEMD,2015-07-13,0,1.7459024091164639e-06,1.0
0000882291,AEMD,2015-07-14,0,1.2887978175613582e-06,1.0
0000882291,AEMD,2015-07-15,0,1.2887978175613582e-06,1.0
0000882291,AEMD,2015-07-16,0,1.2887978175613582e-06,1.0
0000882291,AEMD,2015-07-17,0,1.2887978175613582e-06,1.0
0000882291,AEMD,2015-07-20,0,9.282405009120292e-08,1.0
0000882291,AEMD,2015-07-21,0,9.282405009120292e-08,1.0
0000882291,AEMD,2015-07-22,0,9.282405009120292e-08,1.0
0000882291,AEMD,2015-07-23,0,9.282405009120292e-08,1.0
0000882291,AEMD,2015-07-24,0,1.0584234207834016e-07,1.0
0000882291,AEMD,2015-07-27,0,5.093791253820914e-07,1.0
0000882291,AEMD,2015-07-28,0,5.093791253820914e-07,1.0
0000882291,AEMD,2015-07-29,0,5.093791253820914e-07,1.0
0000882291,AEMD,2015-07-30,0,5.093791253820914e-07,1.0
0000882291,AEMD,2015-07-31,0,5.093791253820914e-07,1.0
0000882291,AEMD,2015-08-03,0,5.093791253820914e-07,1.0
0000882291,AEMD,2015-08-04,0,5.093791253820914e-07,1.0
0000882291,AEMD,2015-08-05,0,5.093791253820914e-07,1.0
0000882291,AEMD,2015-08-06,0,5.093791253820914e-07,1.0
0000882291,AEMD,2015-08-07,0,5.093791253820914e-07,1.0
0000882291,AEMD,2015-08-10,0,5.093791253820914e-07,1.0
0000882291,AEMD,2015-08-11,0,6.629680124207125e-07,1.0
0000882291,AEMD,2015-08-12,0,6.629680124207125e-07,1.0
0000882291,AEMD,2015-08-13,0,6.629680124207125e-07,1.0
0000882291,AEMD,2015-08-14,0,6.181844785660194e-07,1.0
0000882291,AEMD,2015-08-17,0,6.181844785660194e-07,1.0
0000882291,AEMD,2015-08-18,0,6.181844785660194e-07,1.0
0000882291,AEMD,2015-08-19,0,6.181844785660194e-07,1.0
0000882291,AEMD,2015-08-20,0,6.181844785660194e-07,1.0
0000882291,AEMD,2015-08-21,0,6.181844785660194e-07,1.0
0000882291,AEMD,2015-08-24,0,5.121738685893456e-05,1.0
0000882291,AEMD,2015-08-25,0,5.121738685893456e-05,1.0
0000882291,AEMD,2015-08-26,0,5.121738685893456e-05,1.0
0000882291,AEMD,2015-08-27,0,5.121738685893456e-05,1.0
0000882291,AEMD,2015-08-28,0,5.121738685893456e-05,1.0
0000882291,AEMD,2015-08-31,0,5.121738685893456e-05,1.0
0000882291,AEMD,2015-09-01,0,5.121738685893456e-05,1.0
0000882291,AEMD,2015-09-02,0,5.121738685893456e-05,1.0
0000882291,AEMD,2015-09-03,0,5.121738685893456e-05,1.0
0000882291,AEMD,2015-09-04,0,5.121738685893456e-05,1.0
0000882291,AEMD,2015-09-07,0,5.121738685893456e-05,1.0
0000882291,AEMD,2015-09-08,0,5.121738685893456e-05,1.0
0000882291,AEMD,2015-09-09,0,5.121738685893456e-05,1.0
0000882291,AEMD,2015-09-10,0,5.121738685893456e-05,1.0
0000882291,AEMD,2015-09-11,0,5.121738685893456e-05,1.0
0000882291,AEMD,2015-09-14,0,8.563738091259582e-07,1.0
0000882291,AEMD,2015-09-15,0,8.563738091259582e-07,1.0
0000882291,AEMD,2015-09-16,0,8.563738091259582e-07,1.0
0000882291,AEMD,2015-09-17,0,8.563738091259582e-07,1.0
0000882291,AEMD,2015-09-18,0,8.563738091259582e-07,1.0
0000882291,AEMD,2015-09-21,0,8.563738091259582e-07,1.0
0000882291,AEMD,2015-09-22,0,8.394197579777455e-07,1.0
0000882291,AEMD,2015-09-23,0,8.394197579777455e-07,1.0
0000882291,AEMD,2015-09-24,0,8.955430351435088e-08,1.0
0000882291,AEMD,2015-09-25,0,8.955430351435088e-08,1.0
0000882291,AEMD,2015-09-28,0,4.116269686032056e-10,1.0
0000882291,AEMD,2015-09-29,0,4.116269686032056e-10,1.0
0000882291,AEMD,2015-09-30,0,4.116269686032056e-10,1.0
0000882291,AEMD,2015-10-01,0,4.116269686032056e-10,1.0
0000882291,AEMD,2015-10-02,0,4.116269686032056e-10,1.0
0000882291,AEMD,2015-10-05,0,4.116269686032056e-10,1.0
0000882291,AEMD,2015-10-06,0,4.116269686032056e-10,1.0
0000882291,AEMD,2015-10-07,0,4.116269686032056e-10,1.0
0000882291,AEMD,2015-10-08,0,4.116269686032056e-10,1.0
0000882291,AEMD,2015-10-09,0,4.116269686032056e-10,1.0
0000882291,AEMD,2015-10-12,0,3.863686247799522e-10,1.0
0000882291,AEMD,2015-10-13,0,3.863686247799522e-10,1.0
0000882291,AEMD,2015-10-14,0,3.863686247799522e-10,1.0
0000882291,AEMD,2015-10-15,0,3.863686247799522e-10,1.0
0000882291,AEMD,2015-10-16,0,3.863686247799522e-10,1.0
0000882291,AEMD,2015-10-19,0,8.347581182782444e-10,1.0
0000882291,AEMD,2015-10-20,0,8.347581182782444e-10,1.0
0000882291,AEMD,2015-10-21,0,8.347581182782444e-10,1.0
0000882291,AEMD,2015-10-22,0,9.506787008406845e-11,1.0
0000882291,AEMD,2015-10-23,0,1.2152173357309533e-09,1.0
0000882291,AEMD,2015-10-26,0,1.2152173357309533e-09,1.0
0000882291,AEMD,2015-10-27,0,1.2152173357309533e-09,1.0
0000882291,AEMD,2015-10-28,0,2.61079270702168e-07,1.0
0000882291,AEMD,2015-10-29,0,2.61079270702168e-07,1.0
0000882291,AEMD,2015-10-30,0,2.61079270702168e-07,1.0
0000882291,AEMD,2015-11-02,0,2.61079270702168e-07,1.0
0000882291,AEMD,2015-11-03,0,2.61079270702168e-07,1.0
0000882291,AEMD,2015-11-04,0,2.61079270702168e-07,1.0
0000882291,AEMD,2015-11-05,0,2.61079270702168e-07,1.0
0000882291,AEMD,2015-11-06,0,2.61079270702168e-07,1.0
0000882291,AEMD,2015-11-09,0,2.61079270702168e-07,1.0
0000882291,AEMD,2015-11-10,0,2.61079270702168e-07,1.0
0000882291,AEMD,2015-11-11,0,2.61079270702168e-07,1.0
0000882291,AEMD,2015-11-12,0,3.750189583266147e-07,1.0
0000882291,AEMD,2015-11-13,0,3.750189583266147e-07,1.0
0000882291,AEMD,2015-11-16,0,3.750189583266147e-07,1.0
0000882291,AEMD,2015-11-17,0,6.966047420217013e-05,1.0
0000882291,AEMD,2015-11-18,0,6.966047420217013e-05,1.0
0000882291,AEMD,2015-11-19,0,6.966047420217013e-05,1.0
0000882291,AEMD,2015-11-20,0,6.966047420217013e-05,1.0
0000882291,AEMD,2015-11-23,0,1.8532376408229538e-05,1.0
0000882291,AEMD,2015-11-24,0,1.8532376408229538e-05,1.0
0000882291,AEMD,2015-11-25,0,1.8532376408229538e-05,1.0
0000882291,AEMD,2015-11-26,0,1.8532376408229538e-05,1.0
0000882291,AEMD,2015-11-27,0,1.8532376408229538e-05,1.0
0000882291,AEMD,2015-11-30,0,1.8532376408229538e-05,1.0
0000882291,AEMD,2015-12-01,0,1.8532376408229538e-05,1.0
0000882291,AEMD,2015-12-02,0,1.8532376408229538e-05,1.0
0000882291,AEMD,2015-12-03,0,1.8532376408229538e-05,1.0
0000882291,AEMD,2015-12-04,0,1.8532376408229538e-05,1.0
0000882291,AEMD,2015-12-07,0,1.8532376408229538e-05,1.0
0000882291,AEMD,2015-12-08,0,1.8532376408229538e-05,1.0
0000882291,AEMD,2015-12-09,0,1.8532376408229538e-05,1.0
0000882291,AEMD,2015-12-10,0,1.8532376408229538e-05,1.0
0000882291,AEMD,2015-12-11,0,1.8532376408229538e-05,1.0
0000882291,AEMD,2015-12-14,0,1.8532376408229538e-05,1.0
0000882291,AEMD,2015-12-15,0,1.8532376408229538e-05,1.0
0000882291,AEMD,2015-12-16,0,1.8532376408229538e-05,1.0
0000882291,AEMD,2015-12-17,0,2.2904995322829122e-08,1.0
0000882291,AEMD,2015-12-18,0,2.2904995322829122e-08,1.0
0000882291,AEMD,2015-12-21,0,2.353019697203288e-08,1.0
0000882291,AEMD,2015-12-22,0,2.353019697203288e-08,1.0
0000882291,AEMD,2015-12-23,0,2.7909843402404643e-08,1.0
0000882291,AEMD,2015-12-24,0,2.7909843402404643e-08,1.0
0000882291,AEMD,2015-12-25,0,2.7909843402404643e-08,1.0
0000882291,AEMD,2015-12-28,0,3.988513636268566e-08,1.0
0000882291,AEMD,2015-12-29,0,3.988513636268566e-08,1.0
0000882291,AEMD,2015-12-30,0,3.988513636268566e-08,1.0
0000882291,AEMD,2015-12-31,0,3.988513636268566e-08,1.0
0000882291,AEMD,2016-01-01,0,3.988513636268566e-08,1.0
0000882291,AEMD,2016-01-04,0,3.988513636268566e-08,1.0
0000882291,AEMD,2016-01-05,0,3.988513636268566e-08,1.0
0000882291,AEMD,2016-01-06,0,3.988513636268566e-08,1.0
0000882291,AEMD,2016-01-07,0,3.988513636268566e-08,1.0
0000882291,AEMD,2016-01-08,0,3.988513636268566e-08,1.0
0000882291,AEMD,2016-01-11,0,3.988513636268566e-08,1.0
0000882291,AEMD,2016-01-12,0,3.988513636268566e-08,1.0
0000882291,AEMD,2016-01-13,0,3.988513636268566e-08,1.0
0000882291,AEMD,2016-01-14,0,3.988513636268566e-08,1.0
0000882291,AEMD,2016-01-15,0,3.988513636268566e-08,1.0
0000882291,AEMD,2016-01-18,0,3.988513636268566e-08,1.0
0000882291,AEMD,2016-01-19,0,3.988513636268566e-08,1.0
0000882291,AEMD,2016-01-20,0,8.744762302651269e-08,1.0
0000882291,AEMD,2016-01-21,0,6.200754758792792e-08,1.0
0000882291,AEMD,2016-01-22,0,6.200754758792792e-08,1.0
0000882291,AEMD,2016-01-25,0,6.200754758792792e-08,1.0
0000882291,AEMD,2016-01-26,0,6.200754758792792e-08,1.0
0000882291,AEMD,2016-01-27,0,6.200754758792792e-08,1.0
0000882291,AEMD,2016-01-28,0,6.200754758792792e-08,1.0
0000882291,AEMD,2016-01-29,0,6.200754758792792e-08,1.0
0000882291,AEMD,2016-02-01,0,6.200754758792792e-08,1.0
0000882291,AEMD,2016-02-02,0,6.200754758792792e-08,1.0
0000882291,AEMD,2016-02-03,0,6.200754758792792e-08,1.0
0000882291,AEMD,2016-02-04,0,6.200754758792792e-08,1.0
0000882291,AEMD,2016-02-05,0,9.752037287273977e-05,1.0
0000882291,AEMD,2016-02-08,0,9.752037287273977e-05,1.0
0000882291,AEMD,2016-02-09,0,9.752037287273977e-05,1.0
0000882291,AEMD,2016-02-10,0,0.00010238179722845752,1.0
0000882291,AEMD,2016-02-11,0,0.00010238179722845752,1.0
0000882291,AEMD,2016-02-12,0,0.00010238179722845752,1.0
0000882291,AEMD,2016-02-15,0,5.4536865689649794e-05,1.0
0000882291,AEMD,2016-02-16,0,4.269559423404847e-05,1.0
0000882291,AEMD,2016-02-17,0,4.269559423404847e-05,1.0
0000882291,AEMD,2016-02-18,0,4.269559423404847e-05,1.0
0000882291,AEMD,2016-02-19,0,4.269559423404847e-05,1.0
0000882291,AEMD,2016-02-22,0,4.269559423404847e-05,1.0
0000882291,AEMD,2016-02-23,0,0.002054268409461923,1.0
0000882291,AEMD,2016-02-24,0,0.002054268409461923,1.0
0000882291,AEMD,2016-02-25,0,0.002054268409461923,1.0
0000882291,AEMD,2016-02-26,0,0.002054268409461923,1.0
0000882291,AEMD,2016-02-29,0,0.002054268409461923,1.0
0000882291,AEMD,2016-03-01,0,0.002054268409461923,1.0
0000882291,AEMD,2016-03-02,0,0.002054268409461923,1.0
0000882291,AEMD,2016-03-03,0,0.002054268409461923,1.0
0000882291,AEMD,2016-03-04,0,0.002054268409461923,1.0
0000882291,AEMD,2016-03-07,0,0.0006232974529102579,1.0
0000882291,AEMD,2016-03-08,0,0.0006232974529102579,1.0
0000882291,AEMD,2016-03-09,0,0.0006232974529102579,1.0
0000882291,AEMD,2016-03-10,0,0.0006232974529102579,1.0
0000882291,AEMD,2016-03-11,0,0.0006232974529102579,1.0
0000882291,AEMD,2016-03-14,0,0.0006232974529102579,1.0
0000882291,AEMD,2016-03-15,0,0.0006232974529102579,1.0
0000882291,AEMD,2016-03-16,0,0.0006232974529102579,1.0
0000882291,AEMD,2016-03-17,0,0.001153460320032668,1.0
0000882291,AEMD,2016-03-18,0,0.0014363610847502057,1.0
0000882291,AEMD,2016-03-21,0,0.0014363610847502057,1.0
0000882291,AEMD,2016-03-22,0,0.0014363610847502057,1.0
0000882291,AEMD,2016-03-23,0,0.0014363610847502057,1.0
0000882291,AEMD,2016-03-24,0,0.0014363610847502057,1.0
0000882291,AEMD,2016-03-25,0,0.0003922355437136803,1.0
0000882291,AEMD,2016-03-28,0,0.00039645810245833135,1.0
0000882291,AEMD,2016-03-29,0,0.00039645810245833135,1.0
0000882291,AEMD,2016-03-30,0,0.00039645810245833135,1.0
0000882291,AEMD,2016-03-31,0,0.0035079848882525054,1.0
0000882291,AEMD,2016-04-01,0,0.0035079848882525054,1.0
0000882291,AEMD,2016-04-04,0,0.0035079848882525054,1.0
0000882291,AEMD,2016-04-05,0,0.0035079848882525054,1.0
0000882291,AEMD,2016-04-06,0,0.0035079848882525054,1.0
0000882291,AEMD,2016-04-07,0,0.0035079848882525054,1.0
0000882291,AEMD,2016-04-08,0,0.0035079848882525054,1.0
0000882291,AEMD,2016-04-11,0,0.0035079848882525054,1.0
0000882291,AEMD,2016-04-12,0,0.0035079848882525054,1.0
0000882291,AEMD,2016-04-13,0,0.0035079848882525054,1.0
0000882291,AEMD,2016-04-14,0,0.0035079848882525054,1.0
0000882291,AEMD,2016-04-15,0,0.0035079848882525054,1.0
0000882291,AEMD,2016-04-18,0,0.0035079848882525054,1.0
0000882291,AEMD,2016-04-19,0,0.0035079848882525054,1.0
0000882291,AEMD,2016-04-20,0,0.003093486254422018,1.0
0000882291,AEMD,2016-04-21,0,0.003093486254422018,1.0
0000882291,AEMD,2016-04-22,0,0.003093486254422018,1.0
0000882291,AEMD,2016-04-25,0,0.003093486254422018,1.0
0000882291,AEMD,2016-04-26,0,0.003093486254422018,1.0
0000882291,AEMD,2016-04-27,0,0.003093486254422018,1.0
0000882291,AEMD,2016-04-28,0,0.003093486254422018,1.0
0000882291,AEMD,2016-04-29,0,0.003093486254422018,1.0
0000882291,AEMD,2016-05-02,0,0.0007456813160116864,1.0
0000882291,AEMD,2016-05-03,0,0.0007456813160116864,1.0
0000882291,AEMD,2016-05-04,0,0.0007456813160116864,1.0
0000882291,AEMD,2016-05-05,0,0.0002317239288872744,1.0
0000882291,AEMD,2016-05-06,0,0.00014879189181742016,1.0
0000882291,AEMD,2016-05-09,0,0.00014879189181742016,1.0
0000882291,AEMD,2016-05-10,0,0.00014879189181742016,1.0
0000882291,AEMD,2016-05-11,0,0.00014879189181742016,1.0
0000882291,AEMD,2016-05-12,0,0.00014879189181742016,1.0
0000882291,AEMD,2016-05-13,0,0.00014879189181742016,1.0
0000882291,AEMD,2016-05-16,0,3.4918269047325877e-06,1.0
0000882291,AEMD,2016-05-17,0,3.5063124029632544e-06,1.0
0000882291,AEMD,2016-05-18,0,3.5063124029632544e-06,1.0
0000882291,AEMD,2016-05-19,0,3.5063124029632544e-06,1.0
0000882291,AEMD,2016-05-20,0,3.5063124029632544e-06,1.0
0000882291,AEMD,2016-05-23,0,3.5063124029632544e-06,1.0
0000882291,AEMD,2016-05-24,0,8.661125000653163e-08,1.0
0000882291,AEMD,2016-05-25,0,8.661125000653163e-08,1.0
0000882291,AEMD,2016-05-26,0,8.661125000653163e-08,1.0
0000882291,AEMD,2016-05-27,0,8.661125000653163e-08,1.0
0000882291,AEMD,2016-05-30,0,8.661125000653163e-08,1.0
0000882291,AEMD,2016-05-31,0,8.661125000653163e-08,1.0
0000882291,AEMD,2016-06-01,0,8.661125000653163e-08,1.0
0000882291,AEMD,2016-06-02,0,8.661125000653163e-08,1.0
0000882291,AEMD,2016-06-03,0,8.661125000653163e-08,1.0
0000882291,AEMD,2016-06-06,0,2.8119307839145986e-07,1.0
0000882291,AEMD,2016-06-07,0,2.8119307839145986e-07,1.0
0000882291,AEMD,2016-06-08,0,2.8119307839145986e-07,1.0
0000882291,AEMD,2016-06-09,0,2.8119307839145986e-07,1.0
0000882291,AEMD,2016-06-10,0,2.8119307839145986e-07,1.0
0000882291,AEMD,2016-06-13,0,2.8119307839145986e-07,1.0
0000882291,AEMD,2016-06-14,0,2.8119307839145986e-07,1.0
0000882291,AEMD,2016-06-15,0,2.8119307839145986e-07,1.0
0000882291,AEMD,2016-06-16,0,2.8119307839145986e-07,1.0
0000882291,AEMD,2016-06-17,0,2.8119307839145986e-07,1.0
0000882291,AEMD,2016-06-20,0,2.8119307839145986e-07,1.0
0000882291,AEMD,2016-06-21,0,2.8119307839145986e-07,1.0
0000882291,AEMD,2016-06-22,0,2.8119307839145986e-07,1.0
0000882291,AEMD,2016-06-23,0,2.8119307839145986e-07,1.0
0000882291,AEMD,2016-06-24,0,2.8119307839145986e-07,1.0
0000882291,AEMD,2016-06-27,0,2.8119307839145986e-07,1.0
0000882291,AEMD,2016-06-28,0,8.325063571668364e-08,1.0
0000882291,AEMD,2016-06-29,0,3.305005803015638e-08,1.0
0000882291,AEMD,2016-06-30,0,0.00036558934056576514,1.0
0000882291,AEMD,2016-07-01,0,0.00036558934056576514,1.0
0000882291,AEMD,2016-07-04,0,0.00036558934056576514,1.0
0000882291,AEMD,2016-07-05,0,0.00036558934056576514,1.0
0000882291,AEMD,2016-07-06,0,0.00036558934056576514,1.0
0000882291,AEMD,2016-07-07,0,0.00036558934056576514,1.0
0000882291,AEMD,2016-07-08,0,0.00036558934056576514,1.0
0000882291,AEMD,2016-07-11,0,0.00036558934056576514,1.0
0000882291,AEMD,2016-07-12,0,0.00036558934056576514,1.0
0000882291,AEMD,2016-07-13,0,0.00036558934056576514,1.0
0000882291,AEMD,2016-07-14,0,0.00036558934056576514,1.0
0000882291,AEMD,2016-07-15,0,0.00036558934056576514,1.0
0000882291,AEMD,2016-07-18,0,0.00036558934056576514,1.0
0000882291,AEMD,2016-07-19,0,0.00036558934056576514,1.0
0000882291,AEMD,2016-07-20,0,0.00036558934056576514,1.0
0000882291,AEMD,2016-07-21,0,0.00036558934056576514,1.0
0000882291,AEMD,2016-07-22,0,0.00036558934056576514,1.0
0000882291,AEMD,2016-07-25,0,0.00036558934056576514,1.0
0000882291,AEMD,2016-07-26,0,0.00036558934056576514,1.0
0000882291,AEMD,2016-07-27,0,0.00036558934056576514,1.0
0000882291,AEMD,2016-07-28,0,0.0004199677888783504,1.0
0000882291,AEMD,2016-07-29,0,0.0004199677888783504,1.0
0000882291,AEMD,2016-08-01,0,4.079614131106822e-06,1.0
0000882291,AEMD,2016-08-02,0,4.079614131106822e-06,1.0
0000882291,AEMD,2016-08-03,0,3.0090323594028583e-06,1.0
0000882291,AEMD,2016-08-04,0,2.8531923637829756e-06,1.0
0000882291,AEMD,2016-08-05,0,2.8531923637829756e-06,1.0
0000882291,AEMD,2016-08-08,0,2.8531923637829756e-06,1.0
0000882291,AEMD,2016-08-09,0,2.8531923637829756e-06,1.0
0000882291,AEMD,2016-08-10,0,1.3114435692141378e-08,1.0
0000882291,AEMD,2016-08-11,0,1.3114435692141378e-08,1.0
0000882291,AEMD,2016-08-12,0,8.156945027529612e-07,1.0
0000882291,AEMD,2016-08-15,0,3.8007372796197056e-07,1.0
0000882291,AEMD,2016-08-16,0,3.8007372796197056e-07,1.0
0000882291,AEMD,2016-08-17,0,3.8007372796197056e-07,1.0
0000882291,AEMD,2016-08-18,0,3.8007372796197056e-07,1.0
0000882291,AEMD,2016-08-19,0,3.8007372796197056e-07,1.0
0000882291,AEMD,2016-08-22,0,1.7334195631158794e-07,1.0
0000882291,AEMD,2016-08-23,0,1.7334195631158794e-07,1.0
0000882291,AEMD,2016-08-24,0,1.7334195631158794e-07,1.0
0000882291,AEMD,2016-08-25,0,1.7334195631158794e-07,1.0
0000882291,AEMD,2016-08-26,0,1.7334195631158794e-07,1.0
0000882291,AEMD,2016-08-29,0,1.7334195631158794e-07,1.0
0000882291,AEMD,2016-08-30,0,1.7334195631158794e-07,1.0
0000882291,AEMD,2016-08-31,0,1.7334195631158794e-07,1.0
0000882291,AEMD,2016-09-01,0,1.7334195631158794e-07,1.0
0000882291,AEMD,2016-09-02,0,1.7334195631158794e-07,1.0
0000882291,AEMD,2016-09-05,0,1.7334195631158794e-07,1.0
0000882291,AEMD,2016-09-06,0,1.7334195631158794e-07,1.0
0000882291,AEMD,2016-09-07,0,1.7334195631158794e-07,1.0
0000882291,AEMD,2016-09-08,0,1.7334195631158794e-07,1.0
0000882291,AEMD,2016-09-09,0,3.723969736961569e-05,1.0
0000882291,AEMD,2016-09-12,0,6.071792352601665e-07,1.0
0000882291,AEMD,2016-09-13,0,6.071792352601665e-07,1.0
0000882291,AEMD,2016-09-14,0,6.071792352601665e-07,1.0
0000882291,AEMD,2016-09-15,0,6.071792352601665e-07,1.0
0000882291,AEMD,2016-09-16,0,6.071792352601665e-07,1.0
0000882291,AEMD,2016-09-19,0,6.071792352601665e-07,1.0
0000882291,AEMD,2016-09-20,0,6.071792352601665e-07,1.0
0000882291,AEMD,2016-09-21,0,6.071792352601665e-07,1.0
0000882291,AEMD,2016-09-22,0,6.071792352601665e-07,1.0
0000882291,AEMD,2016-09-23,0,6.071792352601665e-07,1.0
0000882291,AEMD,2016-09-26,0,5.951586080346532e-07,1.0
0000882291,AEMD,2016-09-27,0,5.132446663140321e-07,1.0
0000882291,AEMD,2016-09-28,0,4.6805945557385645e-08,1.0
0000882291,AEMD,2016-09-29,0,4.6805945557385645e-08,1.0
0000882291,AEMD,2016-09-30,0,4.6805945557385645e-08,1.0
0000882291,AEMD,2016-10-03,0,4.6805945557385645e-08,1.0
0000882291,AEMD,2016-10-04,0,4.6805945557385645e-08,1.0
0000882291,AEMD,2016-10-05,0,4.6805945557385645e-08,1.0
0000882291,AEMD,2016-10-06,0,4.6805945557385645e-08,1.0
0000882291,AEMD,2016-10-07,0,4.6805945557385645e-08,1.0
0000882291,AEMD,2016-10-10,0,4.6805945557385645e-08,1.0
0000882291,AEMD,2016-10-11,0,4.6805945557385645e-08,1.0
0000882291,AEMD,2016-10-12,0,4.6805945557385645e-08,1.0
0000882291,AEMD,2016-10-13,0,4.6805945557385645e-08,1.0
0000882291,AEMD,2016-10-14,0,4.6805945557385645e-08,1.0
0000882291,AEMD,2016-10-17,0,4.6805945557385645e-08,1.0
0000882291,AEMD,2016-10-18,0,4.6805945557385645e-08,1.0
0000882291,AEMD,2016-10-19,0,4.6805945557385645e-08,1.0
0000882291,AEMD,2016-10-20,0,4.6805945557385645e-08,1.0
0000882291,AEMD,2016-10-21,0,4.6805945557385645e-08,1.0
0000882291,AEMD,2016-10-24,0,4.6805945557385645e-08,1.0
0000882291,AEMD,2016-10-25,0,4.6805945557385645e-08,1.0
0000882291,AEMD,2016-10-26,0,4.6805945557385645e-08,1.0
0000882291,AEMD,2016-10-27,0,4.6805945557385645e-08,1.0
0000882291,AEMD,2016-10-28,0,4.6805945557385645e-08,1.0
0000882291,AEMD,2016-10-31,0,4.6805945557385645e-08,1.0
0000882291,AEMD,2016-11-01,0,6.311659422748343e-08,1.0
0000882291,AEMD,2016-11-02,0,6.311659422748343e-08,1.0
0000882291,AEMD,2016-11-03,0,6.311659422748343e-08,1.0
0000882291,AEMD,2016-11-04,0,6.311659422748343e-08,1.0
0000882291,AEMD,2016-11-07,0,6.311659422748343e-08,1.0
0000882291,AEMD,2016-11-08,0,9.019806715454622e-08,1.0
0000882291,AEMD,2016-11-09,0,9.019806715454622e-08,1.0
0000882291,AEMD,2016-11-10,0,1.309995097672693e-07,1.0
0000882291,AEMD,2016-11-11,0,5.247506381917525e-06,1.0
0000882291,AEMD,2016-11-14,0,5.247506381917525e-06,1.0
0000882291,AEMD,2016-11-15,0,5.247506381917525e-06,1.0
0000882291,AEMD,2016-11-16,0,5.247506381917525e-06,1.0
0000882291,AEMD,2016-11-17,0,5.247506381917525e-06,1.0
0000882291,AEMD,2016-11-18,0,5.247506381917525e-06,1.0
0000882291,AEMD,2016-11-21,0,5.247506381917525e-06,1.0
0000882291,AEMD,2016-11-22,0,5.247506381917525e-06,1.0
0000882291,AEMD,2016-11-23,0,5.247506381917525e-06,1.0
0000882291,AEMD,2016-11-24,0,5.247506381917525e-06,1.0
0000882291,AEMD,2016-11-25,0,5.247506381917525e-06,1.0
0000882291,AEMD,2016-11-28,0,5.247506381917525e-06,1.0
0000882291,AEMD,2016-11-29,0,5.247506381917525e-06,1.0
0000882291,AEMD,2016-11-30,0,5.247506381917525e-06,1.0
0000882291,AEMD,2016-12-01,0,5.247506381917525e-06,1.0
0000882291,AEMD,2016-12-02,0,5.247506381917525e-06,1.0
0000882291,AEMD,2016-12-05,0,5.247506381917525e-06,1.0
0000882291,AEMD,2016-12-06,0,5.247506381917525e-06,1.0
0000882291,AEMD,2016-12-07,0,5.247506381917525e-06,1.0
0000882291,AEMD,2016-12-08,0,5.247506381917525e-06,1.0
0000882291,AEMD,2016-12-09,0,5.247506381917525e-06,1.0
0000882291,AEMD,2016-12-12,0,8.680147758746699e-08,1.0
0000882291,AEMD,2016-12-13,0,8.680147758746699e-08,1.0
0000882291,AEMD,2016-12-14,0,8.680147758746699e-08,1.0
0000882291,AEMD,2016-12-15,0,8.680147758746699e-08,1.0
0000882291,AEMD,2016-12-16,0,8.680147758746699e-08,1.0
0000882291,AEMD,2016-12-19,0,8.680147758746699e-08,1.0
0000882291,AEMD,2016-12-20,0,8.680147758746699e-08,1.0
0000882291,AEMD,2016-12-21,0,8.680147758746699e-08,1.0
0000882291,AEMD,2016-12-22,0,8.680147758746699e-08,1.0
0000882291,AEMD,2016-12-23,0,8.680147758746699e-08,1.0
0000882291,AEMD,2016-12-26,0,8.917076090815418e-08,1.0
0000882291,AEMD,2016-12-27,0,1.371704164590016e-07,1.0
0000882291,AEMD,2016-12-28,0,1.371704164590016e-07,1.0
0000882291,AEMD,2016-12-29,0,1.371704164590016e-07,1.0
0000882291,AEMD,2016-12-30,0,2.831114340822957e-08,1.0
0000882291,AEMD,2017-01-02,0,2.831114340822957e-08,1.0
0000882291,AEMD,2017-01-03,0,2.831114340822957e-08,1.0
0000882291,AEMD,2017-01-04,0,2.831114340822957e-08,1.0
0000882291,AEMD,2017-01-05,0,2.831114340822957e-08,1.0
0000882291,AEMD,2017-01-06,0,2.831114340822957e-08,1.0
0000882291,AEMD,2017-01-09,0,2.831114340822957e-08,1.0
0000882291,AEMD,2017-01-10,0,2.831114340822957e-08,1.0
0000882291,AEMD,2017-01-11,0,2.831114340822957e-08,1.0
0000882291,AEMD,2017-01-12,0,2.831114340822957e-08,1.0
0000882291,AEMD,2017-01-13,0,2.831114340822957e-08,1.0
0000882291,AEMD,2017-01-16,0,2.831114340822957e-08,1.0
0000882291,AEMD,2017-01-17,0,2.831114340822957e-08,1.0
0000882291,AEMD,2017-01-18,0,2.831114340822957e-08,1.0
0000882291,AEMD,2017-01-19,0,2.831114340822957e-08,1.0
0000882291,AEMD,2017-01-20,0,2.831114340822957e-08,1.0
0000882291,AEMD,2017-01-23,0,2.831114340822957e-08,1.0
0000882291,AEMD,2017-01-24,0,2.831114340822957e-08,1.0
0000882291,AEMD,2017-01-25,0,2.831114340822957e-08,1.0
0000882291,AEMD,2017-01-26,0,2.831114340822957e-08,1.0
0000882291,AEMD,2017-01-27,0,2.831114340822957e-08,1.0
0000882291,AEMD,2017-01-30,0,9.56485032105464e-08,1.0
0000882291,AEMD,2017-01-31,0,9.56485032105464e-08,1.0
0000882291,AEMD,2017-02-01,0,9.56485032105464e-08,1.0
0000882291,AEMD,2017-02-02,0,9.56485032105464e-08,1.0
0000882291,AEMD,2017-02-03,0,9.56485032105464e-08,1.0
0000882291,AEMD,2017-02-06,0,9.667860253894139e-08,1.0
0000882291,AEMD,2017-02-07,0,9.667860253894139e-08,1.0
0000882291,AEMD,2017-02-08,0,1.0067885904301551e-07,1.0
0000882291,AEMD,2017-02-09,0,9.422992315659464e-08,1.0
0000882291,AEMD,2017-02-10,0,9.422992315659464e-08,1.0
0000882291,AEMD,2017-02-13,0,0.004310220357527202,1.0
0000882291,AEMD,2017-02-14,0,0.004310220357527202,1.0
0000882291,AEMD,2017-02-15,0,0.004310220357527202,1.0
0000882291,AEMD,2017-02-16,0,0.004310220357527202,1.0
0000882291,AEMD,2017-02-17,0,0.004310220357527202,1.0
0000882291,AEMD,2017-02-20,0,0.004310220357527202,1.0
0000882291,AEMD,2017-02-21,0,0.004310220357527202,1.0
0000882291,AEMD,2017-02-22,0,0.004310220357527202,1.0
0000882291,AEMD,2017-02-23,0,0.004310220357527202,1.0
0000882291,AEMD,2017-02-24,0,0.004310220357527202,1.0
0000882291,AEMD,2017-02-27,0,0.004310220357527202,1.0
0000882291,AEMD,2017-02-28,0,0.004310220357527202,1.0
0000882291,AEMD,2017-03-01,0,0.004310220357527202,1.0
0000882291,AEMD,2017-03-02,0,0.004310220357527202,1.0
0000882291,AEMD,2017-03-03,0,0.004310220357527202,1.0
0000882291,AEMD,2017-03-06,0,0.004310220357527202,1.0
0000882291,AEMD,2017-03-07,0,0.004310220357527202,1.0
0000882291,AEMD,2017-03-08,0,0.004310220357527202,1.0
0000882291,AEMD,2017-03-09,0,0.004310220357527202,1.0
0000882291,AEMD,2017-03-10,0,0.004310220357527202,1.0
0000882291,AEMD,2017-03-13,0,0.004310220357527202,1.0
0000882291,AEMD,2017-03-14,0,0.004310220357527202,1.0
0000882291,AEMD,2017-03-15,0,0.004310220357527202,1.0
0000882291,AEMD,2017-03-16,0,4.2900617695502795e-07,1.0
0000882291,AEMD,2017-03-17,0,4.2900617695502795e-07,1.0
0000882291,AEMD,2017-03-20,0,4.2900617695502795e-07,1.0
0000882291,AEMD,2017-03-21,0,4.2900617695502795e-07,1.0
0000882291,AEMD,2017-03-22,0,1.1043246797379752e-07,1.0
0000882291,AEMD,2017-03-23,0,1.1043246797379752e-07,1.0
0000882291,AEMD,2017-03-24,0,1.1043246797379752e-07,1.0
0000882291,AEMD,2017-03-27,0,1.1043246797379752e-07,1.0
0000882291,AEMD,2017-03-28,0,1.1043246797379752e-07,1.0
0000882291,AEMD,2017-03-29,0,1.1043246797379752e-07,1.0
0000882291,AEMD,2017-03-30,0,1.1043246797379752e-07,1.0
0000882291,AEMD,2017-03-31,0,1.0765068432446616e-07,1.0
0000882291,AEMD,2017-04-03,0,1.0765068432446616e-07,1.0
0000882291,AEMD,2017-04-04,0,1.0765068432446616e-07,1.0
0000882291,AEMD,2017-04-05,0,1.0765068432446616e-07,1.0
0000882291,AEMD,2017-04-06,0,1.0765068432446616e-07,1.0
0000882291,AEMD,2017-04-07,0,1.0765068432446616e-07,1.0
0000882291,AEMD,2017-04-10,0,1.0765068432446616e-07,1.0
0000882291,AEMD,2017-04-11,0,1.0765068432446616e-07,1.0
0000882291,AEMD,2017-04-12,0,1.0765068432446616e-07,1.0
0000882291,AEMD,2017-04-13,0,1.0765068432446616e-07,1.0
0000882291,AEMD,2017-04-14,0,1.0765068432446616e-07,1.0
0000882291,AEMD,2017-04-17,0,1.0765068432446616e-07,1.0
0000882291,AEMD,2017-04-18,0,1.0765068432446616e-07,1.0
0000882291,AEMD,2017-04-19,0,1.0765068432446616e-07,1.0
0000882291,AEMD,2017-04-20,0,1.0765068432446616e-07,1.0
0000882291,AEMD,2017-04-21,0,4.118191142305325e-07,1.0
0000882291,AEMD,2017-04-24,0,4.118191142305325e-07,1.0
0000882291,AEMD,2017-04-25,0,4.118191142305325e-07,1.0
0000882291,AEMD,2017-04-26,0,4.118191142305325e-07,1.0
0000882291,AEMD,2017-04-27,0,4.118191142305325e-07,1.0
0000882291,AEMD,2017-04-28,0,4.118191142305325e-07,1.0
0000882291,AEMD,2017-05-01,0,4.118191142305325e-07,1.0
0000882291,AEMD,2017-05-02,0,4.118191142305325e-07,1.0
0000882291,AEMD,2017-05-03,0,4.118191142305325e-07,1.0
0000882291,AEMD,2017-05-04,0,4.118191142305325e-07,1.0
0000882291,AEMD,2017-05-05,0,4.118191142305325e-07,1.0
0000882291,AEMD,2017-05-08,0,4.118191142305325e-07,1.0
0000882291,AEMD,2017-05-09,0,4.118191142305325e-07,1.0
0000882291,AEMD,2017-05-10,0,4.118191142305325e-07,1.0
0000882291,AEMD,2017-05-11,0,4.3235053284164894e-07,1.0
0000882291,AEMD,2017-05-12,0,4.3235053284164894e-07,1.0
0000882291,AEMD,2017-05-15,0,6.471396716858906e-08,1.0
0000882291,AEMD,2017-05-16,0,6.471396716858906e-08,1.0
0000882291,AEMD,2017-05-17,0,6.471396716858906e-08,1.0
0000882291,AEMD,2017-05-18,0,6.471396716858906e-08,1.0
0000882291,AEMD,2017-05-19,0,6.471396716858906e-08,1.0
0000882291,AEMD,2017-05-22,0,6.471396716858906e-08,1.0
0000882291,AEMD,2017-05-23,0,6.471396716858906e-08,1.0
0000882291,AEMD,2017-05-24,0,6.471396716858906e-08,1.0
0000882291,AEMD,2017-05-25,0,6.471396716858906e-08,1.0
0000882291,AEMD,2017-05-26,0,6.471396716858906e-08,1.0
0000882291,AEMD,2017-05-29,0,6.471396716858906e-08,1.0
0000882291,AEMD,2017-05-30,0,6.471396716858906e-08,1.0
0000882291,AEMD,2017-05-31,0,6.471396716858906e-08,1.0
0000882291,AEMD,2017-06-01,0,6.471396716858906e-08,1.0
0000882291,AEMD,2017-06-02,0,6.471396716858906e-08,1.0
0000882291,AEMD,2017-06-05,0,6.471396716858906e-08,1.0
0000882291,AEMD,2017-06-06,0,6.471396716858906e-08,1.0
0000882291,AEMD,2017-06-07,0,6.471396716858906e-08,1.0
0000882291,AEMD,2017-06-08,0,6.471396716858906e-08,1.0
0000882291,AEMD,2017-06-09,0,6.471396716858906e-08,1.0
0000882291,AEMD,2017-06-12,0,6.471396716858906e-08,1.0
0000882291,AEMD,2017-06-13,0,6.471396716858906e-08,1.0
0000882291,AEMD,2017-06-14,0,6.471396716858906e-08,1.0
0000882291,AEMD,2017-06-15,0,6.471396716858906e-08,1.0
0000882291,AEMD,2017-06-16,0,6.471396716858906e-08,1.0
0000882291,AEMD,2017-06-19,0,6.471396716858906e-08,1.0
0000882291,AEMD,2017-06-20,0,1.3683917682208568e-07,1.0
0000882291,AEMD,2017-06-21,0,1.3683917682208568e-07,1.0
0000882291,AEMD,2017-06-22,0,1.3683917682208568e-07,1.0
0000882291,AEMD,2017-06-23,0,1.3683917682208568e-07,1.0
0000882291,AEMD,2017-06-26,0,1.3683917682208568e-07,1.0
0000882291,AEMD,2017-06-27,0,1.3683917682208568e-07,1.0
0000882291,AEMD,2017-06-28,0,1.3683917682208568e-07,1.0
0000882291,AEMD,2017-06-29,0,7.205351428077951e-05,1.0
0000882291,AEMD,2017-06-30,0,7.205351428077951e-05,1.0
0000882291,AEMD,2017-07-03,0,7.205351428077951e-05,1.0
0000882291,AEMD,2017-07-04,0,7.205351428077951e-05,1.0
0000882291,AEMD,2017-07-05,0,7.205351428077951e-05,1.0
0000882291,AEMD,2017-07-06,0,7.205351428077951e-05,1.0
0000882291,AEMD,2017-07-07,0,7.205351428077951e-05,1.0
0000882291,AEMD,2017-07-10,0,7.205351428077951e-05,1.0
0000882291,AEMD,2017-07-11,0,7.205351428077951e-05,1.0
0000882291,AEMD,2017-07-12,0,7.205351428077951e-05,1.0
0000882291,AEMD,2017-07-13,0,7.205351428077951e-05,1.0
0000882291,AEMD,2017-07-14,0,7.205351428077951e-05,1.0
0000882291,AEMD,2017-07-17,0,7.205351428077951e-05,1.0
0000882291,AEMD,2017-07-18,0,7.205351428077951e-05,1.0
0000882291,AEMD,2017-07-19,0,7.205351428077951e-05,1.0
0000882291,AEMD,2017-07-20,0,7.205351428077951e-05,1.0
0000882291,AEMD,2017-07-21,0,7.205351428077951e-05,1.0
0000882291,AEMD,2017-07-24,0,7.205351428077951e-05,1.0
0000882291,AEMD,2017-07-25,0,7.205351428077951e-05,1.0
0000882291,AEMD,2017-07-26,0,7.205351428077951e-05,1.0
0000882291,AEMD,2017-07-27,0,7.205351428077951e-05,1.0
0000882291,AEMD,2017-07-28,0,7.205351428077951e-05,1.0
0000882291,AEMD,2017-07-31,0,8.138639269322654e-07,1.0
0000882291,AEMD,2017-08-01,0,0.0006967842088336671,1.0
0000882291,AEMD,2017-08-02,0,0.0006967842088336671,1.0
0000882291,AEMD,2017-08-03,0,0.0006967842088336671,1.0
0000882291,AEMD,2017-08-04,0,0.0006967842088336671,1.0
0000882291,AEMD,2017-08-07,0,0.0006967842088336671,1.0
0000882291,AEMD,2017-08-08,0,0.0006967842088336671,1.0
0000882291,AEMD,2017-08-09,0,0.0006967842088336671,1.0
0000882291,AEMD,2017-08-10,0,0.0006967842088336671,1.0
0000882291,AEMD,2017-08-11,0,0.0006094224914848933,1.0
0000882291,AEMD,2017-08-14,0,0.00037156888398210205,1.0
0000882291,AEMD,2017-08-15,0,0.00037156888398210205,1.0
0000882291,AEMD,2017-08-16,0,0.00037156888398210205,1.0
0000882291,AEMD,2017-08-17,0,0.00037156888398210205,1.0
0000882291,AEMD,2017-08-18,0,0.00037156888398210205,1.0
0000882291,AEMD,2017-08-21,0,0.00037156888398210205,1.0
0000882291,AEMD,2017-08-22,0,0.00037156888398210205,1.0
0000882291,AEMD,2017-08-23,0,0.00037156888398210205,1.0
0000882291,AEMD,2017-08-24,0,0.00037156888398210205,1.0
0000882291,AEMD,2017-08-25,0,0.00037156888398210205,1.0
0000882291,AEMD,2017-08-28,0,0.00037156888398210205,1.0
0000882291,AEMD,2017-08-29,0,0.00037156888398210205,1.0
0000882291,AEMD,2017-08-30,0,0.00037156888398210205,1.0
0000882291,AEMD,2017-08-31,0,0.0005681540738276594,1.0
0000882291,AEMD,2017-09-01,0,0.0005681540738276594,1.0
0000882291,AEMD,2017-09-04,0,0.0005681540738276594,1.0
0000882291,AEMD,2017-09-05,0,0.0005681540738276594,1.0
0000882291,AEMD,2017-09-06,0,0.0005681540738276594,1.0
0000882291,AEMD,2017-09-07,0,0.0005681540738276594,1.0
0000882291,AEMD,2017-09-08,0,0.0005681540738276594,1.0
0000882291,AEMD,2017-09-11,0,1.0181321655404743e-05,1.0
0000882291,AEMD,2017-09-12,0,1.0181321655404743e-05,1.0
0000882291,AEMD,2017-09-13,0,1.0181321655404743e-05,1.0
0000882291,AEMD,2017-09-14,0,1.0181321655404743e-05,1.0
0000882291,AEMD,2017-09-15,0,1.0181321655404743e-05,1.0
0000882291,AEMD,2017-09-18,0,0.006201903830052488,1.0
0000882291,AEMD,2017-09-19,0,0.006201903830052488,1.0
0000882291,AEMD,2017-09-20,0,0.006201903830052488,1.0
0000882291,AEMD,2017-09-21,0,0.006201903830052488,1.0
0000882291,AEMD,2017-09-22,0,0.006201903830052488,1.0
0000882291,AEMD,2017-09-25,0,0.006201903830052488,1.0
0000882291,AEMD,2017-09-26,0,0.006201903830052488,1.0
0000882291,AEMD,2017-09-27,0,0.00043879642158675875,1.0
0000882291,AEMD,2017-09-28,0,0.00043879642158675875,1.0
0000882291,AEMD,2017-09-29,0,0.00043879642158675875,1.0
0000882291,AEMD,2017-10-02,0,0.00043879642158675875,1.0
0000882291,AEMD,2017-10-03,0,0.00043879642158675875,1.0
0000882291,AEMD,2017-10-04,0,0.00043624752549580666,1.0
0000882291,AEMD,2017-10-05,0,0.00043624752549580666,1.0
0000882291,AEMD,2017-10-06,0,0.00043624752549580666,1.0
0000882291,AEMD,2017-10-09,0,0.00043624752549580666,1.0
0000882291,AEMD,2017-10-10,0,0.00043624752549580666,1.0
0000882291,AEMD,2017-10-11,0,0.00043624752549580666,1.0
0000882291,AEMD,2017-10-12,0,0.00043624752549580666,1.0
0000882291,AEMD,2017-10-13,0,0.00043624752549580666,1.0
0000882291,AEMD,2017-10-16,0,0.00043624752549580666,1.0
0000882291,AEMD,2017-10-17,0,0.00043624752549580666,1.0
0000882291,AEMD,2017-10-18,0,0.0010301785812907905,1.0
0000882291,AEMD,2017-10-19,0,0.0010301785812907905,1.0
0000882291,AEMD,2017-10-20,0,0.0010301785812907905,1.0
0000882291,AEMD,2017-10-23,0,0.0010301785812907905,1.0
0000882291,AEMD,2017-10-24,0,0.0010301785812907905,1.0
0000882291,AEMD,2017-10-25,0,0.0010301785812907905,1.0
0000882291,AEMD,2017-10-26,0,0.0010301785812907905,1.0
0000882291,AEMD,2017-10-27,0,0.0010301785812907905,1.0
0000882291,AEMD,2017-10-30,0,5.418608379678902e-05,1.0
0000882291,AEMD,2017-10-31,0,5.418608379678902e-05,1.0
0000882291,AEMD,2017-11-01,0,5.418608379678902e-05,1.0
0000882291,AEMD,2017-11-02,0,5.418608379678902e-05,1.0
0000882291,AEMD,2017-11-03,0,4.690488083374366e-05,1.0
0000882291,AEMD,2017-11-06,0,4.690488083374366e-05,1.0
0000882291,AEMD,2017-11-07,0,4.690488083374366e-05,1.0
0000882291,AEMD,2017-11-08,0,4.690488083374366e-05,1.0
0000882291,AEMD,2017-11-09,0,4.1315912576145124e-05,1.0
0000882291,AEMD,2017-11-10,0,4.1315912576145124e-05,1.0
0000882291,AEMD,2017-11-13,0,4.1315912576145124e-05,1.0
0000882291,AEMD,2017-11-14,0,4.1315912576145124e-05,1.0
0000882291,AEMD,2017-11-15,0,4.1315912576145124e-05,1.0
0000882291,AEMD,2017-11-16,0,4.1315912576145124e-05,1.0
0000882291,AEMD,2017-11-17,0,4.1315912576145124e-05,1.0
0000882291,AEMD,2017-11-20,0,4.1315912576145124e-05,1.0
0000882291,AEMD,2017-11-21,0,4.1315912576145124e-05,1.0
0000882291,AEMD,2017-11-22,0,4.1315912576145124e-05,1.0
0000882291,AEMD,2017-11-23,0,4.1315912576145124e-05,1.0
0000882291,AEMD,2017-11-24,0,4.1315912576145124e-05,1.0
0000882291,AEMD,2017-11-27,0,4.1315912576145124e-05,1.0
0000882291,AEMD,2017-11-28,0,4.1315912576145124e-05,1.0
0000882291,AEMD,2017-11-29,0,4.1315912576145124e-05,1.0
0000882291,AEMD,2017-11-30,0,4.1315912576145124e-05,1.0
0000882291,AEMD,2017-12-01,0,4.1315912576145124e-05,1.0
0000882291,AEMD,2017-12-04,0,7.562165334549899e-07,1.0
0000882291,AEMD,2017-12-05,0,7.562165334549899e-07,1.0
0000882291,AEMD,2017-12-06,0,7.562165334549899e-07,1.0
0000882291,AEMD,2017-12-07,0,7.562165334549899e-07,1.0
0000882291,AEMD,2017-12-08,0,7.562165334549899e-07,1.0
0000882291,AEMD,2017-12-11,0,7.562165334549899e-07,1.0
0000882291,AEMD,2017-12-12,0,7.562165334549899e-07,1.0
0000882291,AEMD,2017-12-13,0,7.562165334549899e-07,1.0
0000882291,AEMD,2017-12-14,0,7.562165334549899e-07,1.0
0000882291,AEMD,2017-12-15,0,7.562165334549899e-07,1.0
0000882291,AEMD,2017-12-18,0,6.717976484831082e-08,1.0
0000882291,AEMD,2017-12-19,0,6.717976484831082e-08,1.0
0000882291,AEMD,2017-12-20,0,6.717976484831082e-08,1.0
0000882291,AEMD,2017-12-21,0,6.717976484831082e-08,1.0
0000882291,AEMD,2017-12-22,0,6.717976484831082e-08,1.0
0000882291,AEMD,2017-12-25,0,6.717976484831082e-08,1.0
0000882291,AEMD,2017-12-26,0,5.0913520869063984e-08,1.0
0000882291,AEMD,2017-12-27,0,5.0913520869063984e-08,1.0
0000882291,AEMD,2017-12-28,0,5.0913520869063984e-08,1.0
0000882291,AEMD,2017-12-29,0,5.0913520869063984e-08,1.0
0000882291,AEMD,2018-01-01,0,5.0913520869063984e-08,1.0
0000882291,AEMD,2018-01-02,0,5.06334294748873e-08,1.0
0000882291,AEMD,2018-01-03,0,5.06334294748873e-08,1.0
0000882291,AEMD,2018-01-04,0,5.06334294748873e-08,1.0
0000882291,AEMD,2018-01-05,0,5.06334294748873e-08,1.0
0000882291,AEMD,2018-01-08,0,5.06334294748873e-08,1.0
0000882291,AEMD,2018-01-09,0,5.06334294748873e-08,1.0
0000882291,AEMD,2018-01-10,0,1.6319240926177505e-10,1.0
0000882291,AEMD,2018-01-11,0,1.6319240926177505e-10,1.0
0000882291,AEMD,2018-01-12,0,1.6319240926177505e-10,1.0
0000882291,AEMD,2018-01-15,0,1.6319240926177505e-10,1.0
0000882291,AEMD,2018-01-16,0,1.6319240926177505e-10,1.0
0000882291,AEMD,2018-01-17,0,1.6319240926177505e-10,1.0
0000882291,AEMD,2018-01-18,0,1.6319240926177505e-10,1.0
0000882291,AEMD,2018-01-19,0,1.6319240926177505e-10,1.0
0000882291,AEMD,2018-01-22,0,1.6319240926177505e-10,1.0
0000882291,AEMD,2018-01-23,0,1.6319240926177505e-10,1.0
0000882291,AEMD,2018-01-24,0,1.6319240926177505e-10,1.0
0000882291,AEMD,2018-01-25,0,1.6319240926177505e-10,1.0
0000882291,AEMD,2018-01-26,0,1.6319240926177505e-10,1.0
0000882291,AEMD,2018-01-29,0,1.5897686961084788e-10,1.0
0000882291,AEMD,2018-01-30,0,1.5897686961084788e-10,1.0
0000882291,AEMD,2018-01-31,0,1.5897686961084788e-10,1.0
0000882291,AEMD,2018-02-01,0,2.113848200838889e-10,1.0
0000882291,AEMD,2018-02-02,0,7.849710042208874e-09,1.0
0000882291,AEMD,2018-02-05,0,7.849710042208874e-09,1.0
0000882291,AEMD,2018-02-06,0,7.849710042208874e-09,1.0
0000882291,AEMD,2018-02-07,0,8.616915552566115e-09,1.0
0000882291,AEMD,2018-02-08,0,8.616915552566115e-09,1.0
0000882291,AEMD,2018-02-09,0,1.8512692349112494e-06,1.0
0000882291,AEMD,2018-02-12,0,1.8512692349112494e-06,1.0
0000882291,AEMD,2018-02-13,0,1.8512692349112494e-06,1.0
0000882291,AEMD,2018-02-14,0,1.8512692349112494e-06,1.0
0000882291,AEMD,2018-02-15,0,1.8512692349112494e-06,1.0
0000882291,AEMD,2018-02-16,0,1.8512692349112494e-06,1.0
0000882291,AEMD,2018-02-19,0,2.8761223166547248e-05,1.0
0000882291,AEMD,2018-02-20,0,2.8761223166547248e-05,1.0
0000882291,AEMD,2018-02-21,0,2.8761223166547248e-05,1.0
0000882291,AEMD,2018-02-22,0,2.8761223166547248e-05,1.0
0000882291,AEMD,2018-02-23,0,2.8761223166547248e-05,1.0
0000882291,AEMD,2018-02-26,0,2.8761223166547248e-05,1.0
0000882291,AEMD,2018-02-27,0,2.8761223166547248e-05,1.0
0000882291,AEMD,2018-02-28,0,2.8761223166547248e-05,1.0
0000882291,AEMD,2018-03-01,0,2.8761223166547248e-05,1.0
0000882291,AEMD,2018-03-02,0,2.8761223166547248e-05,1.0
0000882291,AEMD,2018-03-05,0,3.445624268666188e-05,1.0
0000882291,AEMD,2018-03-06,0,3.445624268666188e-05,1.0
0000882291,AEMD,2018-03-07,0,3.445624268666188e-05,1.0
0000882291,AEMD,2018-03-08,0,3.445624268666188e-05,1.0
0000882291,AEMD,2018-03-09,0,3.445624268666188e-05,1.0
0000882291,AEMD,2018-03-12,0,3.445624268666188e-05,1.0
0000882291,AEMD,2018-03-13,0,3.445624268666188e-05,1.0
0000882291,AEMD,2018-03-14,0,3.445624268666188e-05,1.0
0000882291,AEMD,2018-03-15,0,3.445624268666188e-05,1.0
0000882291,AEMD,2018-03-16,0,3.445624268666188e-05,1.0
0000882291,AEMD,2018-03-19,0,4.071805493040834e-05,1.0
0000882291,AEMD,2018-03-20,0,4.071805493040834e-05,1.0
0000882291,AEMD,2018-03-21,0,4.071805493040834e-05,1.0
0000882291,AEMD,2018-03-22,0,8.883259218000713e-07,1.0
0000882291,AEMD,2018-03-23,0,8.883259218000713e-07,1.0
0000882291,AEMD,2018-03-26,0,8.883259218000713e-07,1.0
0000882291,AEMD,2018-03-27,0,8.883259218000713e-07,1.0
0000882291,AEMD,2018-03-28,0,8.883259218000713e-07,1.0
0000882291,AEMD,2018-03-29,0,8.883259218000713e-07,1.0
0000882291,AEMD,2018-03-30,0,8.883259218000713e-07,1.0
0000882291,AEMD,2018-04-02,0,8.919348351484387e-07,1.0
0000882291,AEMD,2018-04-03,0,8.919348351484387e-07,1.0
0000882291,AEMD,2018-04-04,0,8.919348351484387e-07,1.0
0000882291,AEMD,2018-04-05,0,8.919348351484387e-07,1.0
0000882291,AEMD,2018-04-06,0,8.919348351484387e-07,1.0
0000882291,AEMD,2018-04-09,0,8.919348351484387e-07,1.0
0000882291,AEMD,2018-04-10,0,8.919348351484387e-07,1.0
0000882291,AEMD,2018-04-11,0,8.937829769324212e-07,1.0
0000882291,AEMD,2018-04-12,0,8.937829769324212e-07,1.0
0000882291,AEMD,2018-04-13,0,8.937829769324212e-07,1.0
0000882291,AEMD,2018-04-16,0,8.937829769324212e-07,1.0
0000882291,AEMD,2018-04-17,0,8.937829769324212e-07,1.0
0000882291,AEMD,2018-04-18,0,8.937829769324212e-07,1.0
0000882291,AEMD,2018-04-19,0,8.937829769324212e-07,1.0
0000882291,AEMD,2018-04-20,0,8.937829769324212e-07,1.0
0000882291,AEMD,2018-04-23,0,8.937829769324212e-07,1.0
0000882291,AEMD,2018-04-24,0,8.937829769324212e-07,1.0
0000882291,AEMD,2018-04-25,0,8.937829769324212e-07,1.0
0000882291,AEMD,2018-04-26,0,8.937829769324212e-07,1.0
0000882291,AEMD,2018-04-27,0,8.937829769324212e-07,1.0
0000882291,AEMD,2018-04-30,0,8.937829769324212e-07,1.0
0000882291,AEMD,2018-05-01,0,8.937829769324212e-07,1.0
0000882291,AEMD,2018-05-02,0,9.931449413028208e-07,1.0
0000882291,AEMD,2018-05-03,0,9.931449413028208e-07,1.0
0000882291,AEMD,2018-05-04,0,8.652029682395759e-07,1.0
0000882291,AEMD,2018-05-07,0,8.652029682395759e-07,1.0
0000882291,AEMD,2018-05-08,0,8.652029682395759e-07,1.0
0000882291,AEMD,2018-05-09,0,8.652029682395759e-07,1.0
0000882291,AEMD,2018-05-10,0,8.652029682395759e-07,1.0
0000882291,AEMD,2018-05-11,0,8.652029682395759e-07,1.0
0000882291,AEMD,2018-05-14,0,8.652029682395759e-07,1.0
0000882291,AEMD,2018-05-15,0,8.652029682395759e-07,1.0
0000882291,AEMD,2018-05-16,0,8.652029682395759e-07,1.0
0000882291,AEMD,2018-05-17,0,8.652029682395759e-07,1.0
0000882291,AEMD,2018-05-18,0,8.652029682395759e-07,1.0
0000882291,AEMD,2018-05-21,0,1.7631667702470345e-07,1.0
0000882291,AEMD,2018-05-22,0,1.7631667702470345e-07,1.0
0000882291,AEMD,2018-05-23,0,1.7631667702470345e-07,1.0
0000882291,AEMD,2018-05-24,0,1.7631667702470345e-07,1.0
0000882291,AEMD,2018-05-25,0,1.7631667702470345e-07,1.0
0000882291,AEMD,2018-05-28,0,1.7631667702470345e-07,1.0
0000882291,AEMD,2018-05-29,0,1.7631667702470345e-07,1.0
0000882291,AEMD,2018-05-30,0,1.7631667702470345e-07,1.0
0000882291,AEMD,2018-05-31,0,1.7631667702470345e-07,1.0
0000882291,AEMD,2018-06-01,0,1.7631667702470345e-07,1.0
0000882291,AEMD,2018-06-04,0,1.7631667702470345e-07,1.0
0000882291,AEMD,2018-06-05,0,1.7631667702470345e-07,1.0
0000882291,AEMD,2018-06-06,0,1.7631667702470345e-07,1.0
0000882291,AEMD,2018-06-07,0,1.7631667702470345e-07,1.0
0000882291,AEMD,2018-06-08,0,1.7631667702470345e-07,1.0
0000882291,AEMD,2018-06-11,0,7.622085977809413e-07,1.0
0000882291,AEMD,2018-06-12,0,7.622085977809413e-07,1.0
0000882291,AEMD,2018-06-13,0,7.622085977809413e-07,1.0
0000882291,AEMD,2018-06-14,0,7.622085977809413e-07,1.0
0000882291,AEMD,2018-06-15,0,7.622085977809413e-07,1.0
0000882291,AEMD,2018-06-18,0,7.622085977809413e-07,1.0
0000882291,AEMD,2018-06-19,0,7.622085977809413e-07,1.0
0000882291,AEMD,2018-06-20,0,7.622085977809413e-07,1.0
0000882291,AEMD,2018-06-21,0,7.622085977809413e-07,1.0
0000882291,AEMD,2018-06-22,0,7.622085977809413e-07,1.0
0000882291,AEMD,2018-06-25,0,6.744002985222891e-07,1.0
0000882291,AEMD,2018-06-26,0,6.744002985222891e-07,1.0
0000882291,AEMD,2018-06-27,0,6.744002985222891e-07,1.0
0000882291,AEMD,2018-06-28,0,6.744002985222891e-07,1.0
0000882291,AEMD,2018-06-29,0,6.744002985222891e-07,1.0
0000882291,AEMD,2018-07-02,0,6.744002985222891e-07,1.0
0000882291,AEMD,2018-07-03,0,6.744002985222891e-07,1.0
0000882291,AEMD,2018-07-04,0,6.744002985222891e-07,1.0
0000882291,AEMD,2018-07-05,0,6.744002985222891e-07,1.0
0000882291,AEMD,2018-07-06,0,6.744002985222891e-07,1.0
0000882291,AEMD,2018-07-09,0,6.744002985222891e-07,1.0
0000882291,AEMD,2018-07-10,0,6.816633383490529e-07,1.0
0000882291,AEMD,2018-07-11,0,1.3637952634791758e-09,1.0
0000882291,AEMD,2018-07-12,0,1.3637952634791758e-09,1.0
0000882291,AEMD,2018-07-13,0,1.3637952634791758e-09,1.0
0000882291,AEMD,2018-07-16,0,1.3637952634791758e-09,1.0
0000882291,AEMD,2018-07-17,0,1.3637952634791758e-09,1.0
0000882291,AEMD,2018-07-18,0,1.3637952634791758e-09,1.0
0000882291,AEMD,2018-07-19,0,1.3637952634791758e-09,1.0
0000882291,AEMD,2018-07-20,0,1.3637952634791758e-09,1.0
0000882291,AEMD,2018-07-23,0,1.3637952634791758e-09,1.0
0000882291,AEMD,2018-07-24,0,1.3637952634791758e-09,1.0
0000882291,AEMD,2018-07-25,0,2.9299998526543063e-07,1.0
0000882291,AEMD,2018-07-26,0,2.9299998526543063e-07,1.0
0000882291,AEMD,2018-07-27,0,2.9299998526543063e-07,1.0
0000882291,AEMD,2018-07-30,0,2.9299998526543063e-07,1.0
0000882291,AEMD,2018-07-31,0,2.9299998526543063e-07,1.0
0000882291,AEMD,2018-08-01,0,2.9299998526543063e-07,1.0
0000882291,AEMD,2018-08-02,0,3.242555302720207e-07,1.0
0000882291,AEMD,2018-08-03,0,3.242555302720207e-07,1.0
0000882291,AEMD,2018-08-06,0,3.242555302720207e-07,1.0
0000882291,AEMD,2018-08-07,0,3.242555302720207e-07,1.0
0000882291,AEMD,2018-08-08,0,3.242555302720207e-07,1.0
0000882291,AEMD,2018-08-09,0,9.056455518587306e-08,1.0
0000882291,AEMD,2018-08-10,0,9.056455518587306e-08,1.0
0000882291,AEMD,2018-08-13,0,9.056455518587306e-08,1.0
0000882291,AEMD,2018-08-14,0,9.056455518587306e-08,1.0
0000882291,AEMD,2018-08-15,0,9.056455518587306e-08,1.0
0000882291,AEMD,2018-08-16,0,9.056455518587306e-08,1.0
0000882291,AEMD,2018-08-17,0,9.056455518587306e-08,1.0
0000882291,AEMD,2018-08-20,0,4.412785700370878e-08,1.0
0000882291,AEMD,2018-08-21,0,4.412785700370878e-08,1.0
0000882291,AEMD,2018-08-22,0,4.412785700370878e-08,1.0
0000882291,AEMD,2018-08-23,0,4.412785700370878e-08,1.0
0000882291,AEMD,2018-08-24,0,4.412785700370878e-08,1.0
0000882291,AEMD,2018-08-27,0,4.412785700370878e-08,1.0
0000882291,AEMD,2018-08-28,0,4.412785700370878e-08,1.0
0000882291,AEMD,2018-08-29,0,4.412785700370878e-08,1.0
0000882291,AEMD,2018-08-30,0,4.412785700370878e-08,1.0
0000882291,AEMD,2018-08-31,0,4.412785700370878e-08,1.0
0000882291,AEMD,2018-09-03,0,4.412785700370878e-08,1.0
0000882291,AEMD,2018-09-04,0,4.412785700370878e-08,1.0
0000882291,AEMD,2018-09-05,0,4.412785700370878e-08,1.0
0000882291,AEMD,2018-09-06,0,4.412785700370878e-08,1.0
0000882291,AEMD,2018-09-07,0,4.412785700370878e-08,1.0
0000882291,AEMD,2018-09-10,0,4.071320948529995e-08,1.0
0000882291,AEMD,2018-09-11,0,4.071320948529995e-08,1.0
0000882291,AEMD,2018-09-12,0,4.071320948529995e-08,1.0
0000882291,AEMD,2018-09-13,0,4.071320948529995e-08,1.0
0000882291,AEMD,2018-09-14,0,4.071320948529995e-08,1.0
0000882291,AEMD,2018-09-17,0,4.071320948529995e-08,1.0
0000882291,AEMD,2018-09-18,0,4.071320948529995e-08,1.0
0000882291,AEMD,2018-09-19,0,4.071320948529995e-08,1.0
0000882291,AEMD,2018-09-20,0,4.071320948529995e-08,1.0
0000882291,AEMD,2018-09-21,0,4.071320948529995e-08,1.0
0000882291,AEMD,2018-09-24,0,4.079756973767114e-08,1.0
0000882291,AEMD,2018-09-25,0,4.079756973767114e-08,1.0
0000882291,AEMD,2018-09-26,0,4.079756973767114e-08,1.0
0000882291,AEMD,2018-09-27,0,4.079756973767114e-08,1.0
0000882291,AEMD,2018-09-28,0,4.079756973767114e-08,1.0
0000882291,AEMD,2018-10-01,0,4.079756973767114e-08,1.0
0000882291,AEMD,2018-10-02,0,4.079756973767114e-08,1.0
0000882291,AEMD,2018-10-03,0,4.079756973767114e-08,1.0
0000882291,AEMD,2018-10-04,0,4.079756973767114e-08,1.0
0000882291,AEMD,2018-10-05,0,4.079756973767114e-08,1.0
0000882291,AEMD,2018-10-08,0,4.079756973767114e-08,1.0
0000882291,AEMD,2018-10-09,0,4.079756973767114e-08,1.0
0000882291,AEMD,2018-10-10,0,4.079756973767114e-08,1.0
0000882291,AEMD,2018-10-11,0,4.079756973767114e-08,1.0
0000882291,AEMD,2018-10-12,0,4.079756973767114e-08,1.0
0000882291,AEMD,2018-10-15,0,4.079756973767114e-08,1.0
0000882291,AEMD,2018-10-16,0,4.079756973767114e-08,1.0
0000882291,AEMD,2018-10-17,0,4.079756973767114e-08,1.0
0000882291,AEMD,2018-10-18,0,4.079756973767114e-08,1.0
0000882291,AEMD,2018-10-19,0,4.079756973767114e-08,1.0
0000882291,AEMD,2018-10-22,0,4.079756973767114e-08,1.0
0000882291,AEMD,2018-10-23,0,4.079756973767114e-08,1.0
0000882291,AEMD,2018-10-24,0,4.079756973767114e-08,1.0
0000882291,AEMD,2018-10-25,0,4.079756973767114e-08,1.0
0000882291,AEMD,2018-10-26,0,4.079756973767114e-08,1.0
0000882291,AEMD,2018-10-29,0,4.079756973767114e-08,1.0
0000882291,AEMD,2018-10-30,0,4.079756973767114e-08,1.0
0000882291,AEMD,2018-10-31,0,4.079756973767114e-08,1.0
0000882291,AEMD,2018-11-01,0,4.079756973767114e-08,1.0
0000882291,AEMD,2018-11-02,0,4.079756973767114e-08,1.0
0000882291,AEMD,2018-11-05,0,4.079756973767114e-08,1.0
0000882291,AEMD,2018-11-06,0,4.079756973767114e-08,1.0
0000882291,AEMD,2018-11-07,0,3.1852460902909293e-06,1.0
0000882291,AEMD,2018-11-08,0,3.1852460902909293e-06,1.0
0000882291,AEMD,2018-11-09,0,3.1852460902909293e-06,1.0
0000882291,AEMD,2018-11-12,0,3.1852460902909293e-06,1.0
0000882291,AEMD,2018-11-13,0,3.1852460902909293e-06,1.0
0000882291,AEMD,2018-11-14,0,3.1852460902909293e-06,1.0
0000882291,AEMD,2018-11-15,0,3.1852460902909293e-06,1.0
0000882291,AEMD,2018-11-16,0,3.1852460902909293e-06,1.0
0000882291,AEMD,2018-11-19,0,3.1852460902909293e-06,1.0
0000882291,AEMD,2018-11-20,0,3.1852460902909293e-06,1.0
0000882291,AEMD,2018-11-21,0,3.1852460902909293e-06,1.0
0000882291,AEMD,2018-11-22,0,3.1852460902909293e-06,1.0
0000882291,AEMD,2018-11-23,0,3.1852460902909293e-06,1.0
0000882291,AEMD,2018-11-26,0,3.1852460902909293e-06,1.0
0000882291,AEMD,2018-11-27,0,3.1852460902909293e-06,1.0
0000882291,AEMD,2018-11-28,0,3.1852460902909293e-06,1.0
0000882291,AEMD,2018-11-29,0,3.1852460902909293e-06,1.0
0000882291,AEMD,2018-11-30,0,3.1852460902909293e-06,1.0
0000882291,AEMD,2018-12-03,0,3.1852460902909293e-06,1.0
0000882291,AEMD,2018-12-04,0,3.1852460902909293e-06,1.0
0000882291,AEMD,2018-12-05,0,3.1852460902909293e-06,1.0
0000882291,AEMD,2018-12-06,0,3.1852460902909293e-06,1.0
0000882291,AEMD,2018-12-07,0,5.5422473306779266e-08,1.0
0000882291,AEMD,2018-12-10,0,1.4437171077089903e-07,1.0
0000882291,AEMD,2018-12-11,0,1.4437171077089903e-07,1.0
0000882291,AEMD,2018-12-12,0,1.4437171077089903e-07,1.0
0000882291,AEMD,2018-12-13,0,6.48921174213569e-10,1.0
0000882291,AEMD,2018-12-14,0,6.48921174213569e-10,1.0
0000882291,AEMD,2018-12-17,0,6.48921174213569e-10,1.0
0000882291,AEMD,2018-12-18,0,6.48921174213569e-10,1.0
0000882291,AEMD,2018-12-19,0,6.48921174213569e-10,1.0
0000882291,AEMD,2018-12-20,0,6.48921174213569e-10,1.0
0000882291,AEMD,2018-12-21,0,6.48921174213569e-10,1.0
0000882291,AEMD,2018-12-24,0,6.559098181284008e-10,1.0
0000882291,AEMD,2018-12-25,0,6.559098181284008e-10,1.0
0000882291,AEMD,2018-12-26,0,6.559098181284008e-10,1.0
0000882291,AEMD,2018-12-27,0,6.559098181284008e-10,1.0
0000882291,AEMD,2018-12-28,0,6.559098181284008e-10,1.0
0000882291,AEMD,2018-12-31,0,6.559098181284008e-10,1.0
0000882291,AEMD,2019-01-01,0,6.559098181284008e-10,1.0
0000882291,AEMD,2019-01-02,0,6.559098181284008e-10,1.0
0000882291,AEMD,2019-01-03,0,6.559098181284008e-10,1.0
0000882291,AEMD,2019-01-04,0,6.559098181284008e-10,1.0
0000882291,AEMD,2019-01-07,0,6.559098181284008e-10,1.0
0000882291,AEMD,2019-01-08,0,6.559098181284008e-10,1.0
0000882291,AEMD,2019-01-09,0,6.559098181284008e-10,1.0
0000882291,AEMD,2019-01-10,0,6.559098181284008e-10,1.0
0000882291,AEMD,2019-01-11,0,6.559098181284008e-10,1.0
0000882291,AEMD,2019-01-14,0,2.982403714575138e-08,1.0
0000882291,AEMD,2019-01-15,0,2.982403714575138e-08,1.0
0000882291,AEMD,2019-01-16,0,2.982403714575138e-08,1.0
0000882291,AEMD,2019-01-17,0,2.982403714575138e-08,1.0
0000882291,AEMD,2019-01-18,0,2.982403714575138e-08,1.0
0000882291,AEMD,2019-01-21,0,2.982403714575138e-08,1.0
0000882291,AEMD,2019-01-22,0,2.982403714575138e-08,1.0
0000882291,AEMD,2019-01-23,0,2.982403714575138e-08,1.0
0000882291,AEMD,2019-01-24,0,2.982403714575138e-08,1.0
0000882291,AEMD,2019-01-25,0,2.982403714575138e-08,1.0
0000882291,AEMD,2019-01-28,0,2.982403714575138e-08,1.0
0000882291,AEMD,2019-01-29,0,2.982403714575138e-08,1.0
0000882291,AEMD,2019-01-30,0,2.982403714575138e-08,1.0
0000882291,AEMD,2019-01-31,0,2.982403714575138e-08,1.0
0000882291,AEMD,2019-02-01,0,2.982403714575138e-08,1.0
0000882291,AEMD,2019-02-04,0,2.982403714575138e-08,1.0
0000882291,AEMD,2019-02-05,0,4.409405833710091e-08,1.0
0000882291,AEMD,2019-02-06,0,4.409405833710091e-08,1.0
0000882291,AEMD,2019-02-07,0,4.409405833710091e-08,1.0
0000882291,AEMD,2019-02-08,0,4.409405833710091e-08,1.0
0000882291,AEMD,2019-02-11,0,4.409405833710091e-08,1.0
0000882291,AEMD,2019-02-12,0,1.7056017348816598e-06,1.0
0000882291,AEMD,2019-02-13,0,1.7056017348816598e-06,1.0
0000882291,AEMD,2019-02-14,0,1.7056017348816598e-06,1.0
0000882291,AEMD,2019-02-15,0,1.7056017348816598e-06,1.0
0000882291,AEMD,2019-02-18,0,1.7056017348816598e-06,1.0
0000882291,AEMD,2019-02-19,0,1.7056017348816598e-06,1.0
0000882291,AEMD,2019-02-20,0,1.7056017348816598e-06,1.0
0000882291,AEMD,2019-02-21,0,1.7056017348816598e-06,1.0
0000882291,AEMD,2019-02-22,0,3.368702156026475e-07,1.0
0000882291,AEMD,2019-02-25,0,3.368702156026475e-07,1.0
0000882291,AEMD,2019-02-26,0,3.368702156026475e-07,1.0
0000882291,AEMD,2019-02-27,0,3.368702156026475e-07,1.0
0000882291,AEMD,2019-02-28,0,3.368702156026475e-07,1.0
0000882291,AEMD,2019-03-01,0,3.368702156026475e-07,1.0
0000882291,AEMD,2019-03-04,0,3.368702156026475e-07,1.0
0000882291,AEMD,2019-03-05,0,3.368702156026475e-07,1.0
0000882291,AEMD,2019-03-06,0,3.368702156026475e-07,1.0
0000882291,AEMD,2019-03-07,0,3.368702156026475e-07,1.0
0000882291,AEMD,2019-03-08,0,3.368702156026475e-07,1.0
0000882291,AEMD,2019-03-11,0,3.368702156026475e-07,1.0
0000882291,AEMD,2019-03-12,0,3.368702156026475e-07,1.0
0000882291,AEMD,2019-03-13,0,3.368702156026475e-07,1.0
0000882291,AEMD,2019-03-14,0,3.2205604986440133e-07,1.0
0000882291,AEMD,2019-03-15,0,5.5633275442599804e-09,1.0
0000882291,AEMD,2019-03-18,0,5.5633275442599804e-09,1.0
0000882291,AEMD,2019-03-19,0,5.5633275442599804e-09,1.0
0000882291,AEMD,2019-03-20,0,5.5633275442599804e-09,1.0
0000882291,AEMD,2019-03-21,0,5.5633275442599804e-09,1.0
0000882291,AEMD,2019-03-22,0,5.5633275442599804e-09,1.0
0000882291,AEMD,2019-03-25,0,6.083316174342254e-08,1.0
0000882291,AEMD,2019-03-26,0,6.083316174342254e-08,1.0
0000882291,AEMD,2019-03-27,0,6.083316174342254e-08,1.0
0000882291,AEMD,2019-03-28,0,6.083316174342254e-08,1.0
0000882291,AEMD,2019-03-29,0,6.083316174342254e-08,1.0
0000882291,AEMD,2019-04-01,0,6.083316174342254e-08,1.0
0000882291,AEMD,2019-04-02,0,6.083316174342254e-08,1.0
0000882291,AEMD,2019-04-03,0,6.083316174342254e-08,1.0
0000882291,AEMD,2019-04-04,0,6.083316174342254e-08,1.0
0000882291,AEMD,2019-04-05,0,6.083316174342254e-08,1.0
0000882291,AEMD,2019-04-08,0,6.083316174342254e-08,1.0
0000882291,AEMD,2019-04-09,0,6.083316174342254e-08,1.0
0000882291,AEMD,2019-04-10,0,6.083316174342254e-08,1.0
0000882291,AEMD,2019-04-11,0,6.083316174342254e-08,1.0
0000882291,AEMD,2019-04-12,0,6.083316174342254e-08,1.0
0000882291,AEMD,2019-04-15,0,6.083316174342254e-08,1.0
0000882291,AEMD,2019-04-16,0,6.083316174342254e-08,1.0
0000882291,AEMD,2019-04-17,0,6.083316174342254e-08,1.0
0000882291,AEMD,2019-04-18,0,6.083316174342254e-08,1.0
0000882291,AEMD,2019-04-19,0,6.083316174342254e-08,1.0
0000882291,AEMD,2019-04-22,0,6.083316174342254e-08,1.0
0000882291,AEMD,2019-04-23,0,6.083316174342254e-08,1.0
0000882291,AEMD,2019-04-24,0,6.083316174342254e-08,1.0
0000882291,AEMD,2019-04-25,0,6.083316174342254e-08,1.0
0000882291,AEMD,2019-04-26,0,6.083316174342254e-08,1.0
0000882291,AEMD,2019-04-29,0,6.083316174342254e-08,1.0
0000882291,AEMD,2019-04-30,0,6.083316174342254e-08,1.0
0000882291,AEMD,2019-05-01,0,6.083316174342254e-08,1.0
0000882291,AEMD,2019-05-02,0,6.083316174342254e-08,1.0
0000882291,AEMD,2019-05-03,0,6.083316174342254e-08,1.0
0000882291,AEMD,2019-05-06,0,6.083316174342254e-08,1.0
0000882291,AEMD,2019-05-07,0,6.570454923949895e-08,1.0
0000882291,AEMD,2019-05-08,0,6.570454923949895e-08,1.0
0000882291,AEMD,2019-05-09,0,3.0200406595190425e-10,1.0
0000882291,AEMD,2019-05-10,0,3.0200406595190425e-10,1.0
0000882291,AEMD,2019-05-13,0,1.87435394219435e-08,1.0
0000882291,AEMD,2019-05-14,0,1.697178135436721e-08,1.0
0000882291,AEMD,2019-05-15,0,1.697178135436721e-08,1.0
0000882291,AEMD,2019-05-16,0,1.697178135436721e-08,1.0
0000882291,AEMD,2019-05-17,0,1.697178135436721e-08,1.0
0000882291,AEMD,2019-05-20,0,1.697178135436721e-08,1.0
0000882291,AEMD,2019-05-21,0,1.697178135436721e-08,1.0
0000882291,AEMD,2019-05-22,0,1.697178135436721e-08,1.0
0000882291,AEMD,2019-05-23,0,1.697178135436721e-08,1.0
0000882291,AEMD,2019-05-24,0,6.441409651400404e-09,1.0
0000882291,AEMD,2019-05-27,0,6.441409651400404e-09,1.0
0000882291,AEMD,2019-05-28,0,6.441409651400404e-09,1.0
0000882291,AEMD,2019-05-29,0,6.441409651400404e-09,1.0
0000882291,AEMD,2019-05-30,0,6.441409651400404e-09,1.0
0000882291,AEMD,2019-05-31,0,6.441409651400404e-09,1.0
0000882291,AEMD,2019-06-03,0,6.441409651400404e-09,1.0
0000882291,AEMD,2019-06-04,0,6.441409651400404e-09,1.0
0000882291,AEMD,2019-06-05,0,6.441409651400404e-09,1.0
0000882291,AEMD,2019-06-06,0,6.441409651400404e-09,1.0
0000882291,AEMD,2019-06-07,0,6.441409651400404e-09,1.0
0000882291,AEMD,2019-06-10,0,7.189073366696229e-09,1.0
0000882291,AEMD,2019-06-11,0,7.189073366696229e-09,1.0
0000882291,AEMD,2019-06-12,0,2.4533731219227615e-08,1.0
0000882291,AEMD,2019-06-13,0,2.4533731219227615e-08,1.0
0000882291,AEMD,2019-06-14,0,2.4533731219227615e-08,1.0
0000882291,AEMD,2019-06-17,0,2.4533731219227615e-08,1.0
0000882291,AEMD,2019-06-18,0,2.4533731219227615e-08,1.0
0000882291,AEMD,2019-06-19,0,2.4533731219227615e-08,1.0
0000882291,AEMD,2019-06-20,0,2.4533731219227615e-08,1.0
0000882291,AEMD,2019-06-21,0,2.4533731219227615e-08,1.0
0000882291,AEMD,2019-06-24,0,2.4533731219227615e-08,1.0
0000882291,AEMD,2019-06-25,0,2.4533731219227615e-08,1.0
0000882291,AEMD,2019-06-26,0,2.4533731219227615e-08,1.0
0000882291,AEMD,2019-06-27,0,2.4533731219227615e-08,1.0
0000882291,AEMD,2019-06-28,0,2.4533731219227615e-08,1.0
0000882291,AEMD,2019-07-01,0,2.4533731219227615e-08,1.0
0000882291,AEMD,2019-07-02,0,1.7728109604522575e-07,1.0
0000882291,AEMD,2019-07-03,0,1.7728109604522575e-07,1.0
0000882291,AEMD,2019-07-04,0,1.7728109604522575e-07,1.0
0000882291,AEMD,2019-07-05,0,1.7728109604522575e-07,1.0
0000882291,AEMD,2019-07-08,0,1.7728109604522575e-07,1.0
0000882291,AEMD,2019-07-09,0,1.7728109604522575e-07,1.0
0000882291,AEMD,2019-07-10,0,1.7728109604522575e-07,1.0
0000882291,AEMD,2019-07-11,0,1.7728109604522575e-07,1.0
0000882291,AEMD,2019-07-12,0,1.7728109604522575e-07,1.0
0000882291,AEMD,2019-07-15,0,1.7728109604522575e-07,1.0
0000882291,AEMD,2019-07-16,0,1.7728109604522575e-07,1.0
0000882291,AEMD,2019-07-17,0,1.7728109604522575e-07,1.0
0000882291,AEMD,2019-07-18,0,1.7728109604522575e-07,1.0
0000882291,AEMD,2019-07-19,0,1.7728109604522575e-07,1.0
0000882291,AEMD,2019-07-22,0,1.7728109604522575e-07,1.0
0000882291,AEMD,2019-07-23,0,1.7728109604522575e-07,1.0
0000882291,AEMD,2019-07-24,0,1.7728109604522575e-07,1.0
0000882291,AEMD,2019-07-25,0,1.7728109604522575e-07,1.0
0000882291,AEMD,2019-07-26,0,1.7728109604522575e-07,1.0
0000882291,AEMD,2019-07-29,0,1.7728109604522575e-07,1.0
0000882291,AEMD,2019-07-30,0,1.7728109604522575e-07,1.0
0000882291,AEMD,2019-07-31,0,1.7728109604522575e-07,1.0
0000882291,AEMD,2019-08-01,0,5.713630181332672e-08,1.0
0000882291,AEMD,2019-08-02,0,5.713630181332672e-08,1.0
0000882291,AEMD,2019-08-05,0,5.713630181332672e-08,1.0
0000882291,AEMD,2019-08-06,0,5.713630181332672e-08,1.0
0000882291,AEMD,2019-08-07,0,5.725469171238239e-08,1.0
0000882291,AEMD,2019-08-08,0,5.725469171238239e-08,1.0
0000882291,AEMD,2019-08-09,0,5.725469171238239e-08,1.0
0000882291,AEMD,2019-08-12,0,1.9295642782424793e-10,1.0
0000882291,AEMD,2019-08-13,0,1.9295642782424793e-10,1.0
0000882291,AEMD,2019-08-14,0,1.9295642782424793e-10,1.0
0000882291,AEMD,2019-08-15,0,1.2574397534999696e-08,1.0
0000882291,AEMD,2019-08-16,0,1.2574397534999696e-08,1.0
0000882291,AEMD,2019-08-19,0,1.2574397534999696e-08,1.0
0000882291,AEMD,2019-08-20,0,1.2574397534999696e-08,1.0
0000882291,AEMD,2019-08-21,0,1.2574397534999696e-08,1.0
0000882291,AEMD,2019-08-22,0,1.0880681249511315e-08,1.0
0000882291,AEMD,2019-08-23,0,1.0880681249511315e-08,1.0
0000882291,AEMD,2019-08-26,0,1.0880681249511315e-08,1.0
0000882291,AEMD,2019-08-27,0,1.0880681249511315e-08,1.0
0000882291,AEMD,2019-08-28,0,1.0880681249511315e-08,1.0
0000882291,AEMD,2019-08-29,0,1.0880681249511315e-08,1.0
0000882291,AEMD,2019-08-30,0,1.0880681249511315e-08,1.0
0000882291,AEMD,2019-09-02,0,1.0880681249511315e-08,1.0
0000882291,AEMD,2019-09-03,0,1.0880681249511315e-08,1.0
0000882291,AEMD,2019-09-04,0,1.0880681249511315e-08,1.0
0000882291,AEMD,2019-09-05,0,1.0880681249511315e-08,1.0
0000882291,AEMD,2019-09-06,0,1.0880681249511315e-08,1.0
0000882291,AEMD,2019-09-09,0,1.0880681249511315e-08,1.0
0000882291,AEMD,2019-09-10,0,2.0750256354615507e-07,1.0
0000882291,AEMD,2019-09-11,0,2.315876801862557e-07,1.0
0000882291,AEMD,2019-09-12,0,2.315876801862557e-07,1.0
0000882291,AEMD,2019-09-13,0,2.315876801862557e-07,1.0
0000882291,AEMD,2019-09-16,0,3.153160734148194e-09,1.0
0000882291,AEMD,2019-09-17,0,3.153160734148194e-09,1.0
0000882291,AEMD,2019-09-18,0,3.153160734148194e-09,1.0
0000882291,AEMD,2019-09-19,0,3.153160734148194e-09,1.0
0000882291,AEMD,2019-09-20,0,3.153160734148194e-09,1.0
0000882291,AEMD,2019-09-23,0,3.034373694521554e-09,1.0
0000882291,AEMD,2019-09-24,0,3.034373694521554e-09,1.0
0000882291,AEMD,2019-09-25,0,3.034373694521554e-09,1.0
0000882291,AEMD,2019-09-26,0,3.034373694521554e-09,1.0
0000882291,AEMD,2019-09-27,0,3.034373694521554e-09,1.0
0000882291,AEMD,2019-09-30,0,1.5417837741061788e-09,1.0
0000882291,AEMD,2019-10-01,0,1.5417837741061788e-09,1.0
0000882291,AEMD,2019-10-02,0,1.5417837741061788e-09,1.0
0000882291,AEMD,2019-10-03,0,1.5417837741061788e-09,1.0
0000882291,AEMD,2019-10-04,0,1.5417837741061788e-09,1.0
0000882291,AEMD,2019-10-07,0,1.5417837741061788e-09,1.0
0000882291,AEMD,2019-10-08,0,1.5417837741061788e-09,1.0
0000882291,AEMD,2019-10-09,0,1.5417837741061788e-09,1.0
0000882291,AEMD,2019-10-10,0,3.4580339360583294e-09,1.0
0000882291,AEMD,2019-10-11,0,3.4580339360583294e-09,1.0
0000882291,AEMD,2019-10-14,0,3.4580339360583294e-09,1.0
0000882291,AEMD,2019-10-15,0,3.4580339360583294e-09,1.0
0000882291,AEMD,2019-10-16,0,3.8594129274253925e-09,1.0
0000882291,AEMD,2019-10-17,0,3.8594129274253925e-09,1.0
0000882291,AEMD,2019-10-18,0,3.8594129274253925e-09,1.0
0000882291,AEMD,2019-10-21,0,3.8594129274253925e-09,1.0
0000882291,AEMD,2019-10-22,0,3.8594129274253925e-09,1.0
0000882291,AEMD,2019-10-23,0,8.408316200521159e-08,1.0
0000882291,AEMD,2019-10-24,0,8.408316200521159e-08,1.0
0000882291,AEMD,2019-10-25,0,8.408316200521159e-08,1.0
0000882291,AEMD,2019-10-28,0,8.408316200521159e-08,1.0
0000882291,AEMD,2019-10-29,0,8.408316200521159e-08,1.0
0000882291,AEMD,2019-10-30,0,8.408316200521159e-08,1.0
0000882291,AEMD,2019-10-31,0,8.408316200521159e-08,1.0
0000882291,AEMD,2019-11-01,0,8.408316200521159e-08,1.0
0000882291,AEMD,2019-11-04,0,4.82001445742705e-06,1.0
0000882291,AEMD,2019-11-05,0,4.871923998917496e-06,1.0
0000882291,AEMD,2019-11-06,0,4.871923998917496e-06,1.0
0000882291,AEMD,2019-11-07,0,4.871923998917496e-06,1.0
0000882291,AEMD,2019-11-08,0,4.871923998917496e-06,1.0
0000882291,AEMD,2019-11-11,0,6.5746720745215165e-06,1.0
0000882291,AEMD,2019-11-12,0,6.5746720745215165e-06,1.0
0000882291,AEMD,2019-11-13,0,6.502532814642707e-06,1.0
0000882291,AEMD,2019-11-14,0,6.502532814642707e-06,1.0
0000882291,AEMD,2019-11-15,0,2.6425421079524903e-07,1.0
0000882291,AEMD,2019-11-18,0,2.6425421079524903e-07,1.0
0000882291,AEMD,2019-11-19,0,2.6425421079524903e-07,1.0
0000882291,AEMD,2019-11-20,0,2.6425421079524903e-07,1.0
0000882291,AEMD,2019-11-21,0,2.6425421079524903e-07,1.0
0000882291,AEMD,2019-11-22,0,2.6425421079524903e-07,1.0
0000882291,AEMD,2019-11-25,0,2.6425421079524903e-07,1.0
0000882291,AEMD,2019-11-26,0,2.6425421079524903e-07,1.0
0000882291,AEMD,2019-11-27,0,2.6425421079524903e-07,1.0
0000882291,AEMD,2019-11-28,0,2.6425421079524903e-07,1.0
0000882291,AEMD,2019-11-29,0,2.6425421079524903e-07,1.0
0000882291,AEMD,2019-12-02,0,2.6425421079524903e-07,1.0
0000882291,AEMD,2019-12-03,0,2.6425421079524903e-07,1.0
0000882291,AEMD,2019-12-04,0,3.143014699601196e-07,1.0
0000882291,AEMD,2019-12-05,0,3.143014699601196e-07,1.0
0000882291,AEMD,2019-12-06,0,3.143014699601196e-07,1.0
0000882291,AEMD,2019-12-09,0,1.5783715166238295e-07,1.0
0000882291,AEMD,2019-12-10,0,1.5783715166238295e-07,1.0
0000882291,AEMD,2019-12-11,0,1.5783715166238295e-07,1.0
0000882291,AEMD,2019-12-12,0,1.5783715166238295e-07,1.0
0000882291,AEMD,2019-12-13,0,1.5783715166238295e-07,1.0
0000882291,AEMD,2019-12-16,0,1.0098976311355323e-07,1.0
0000882291,AEMD,2019-12-17,0,1.0098976311355323e-07,1.0
0000882291,AEMD,2019-12-18,0,1.0098976311355323e-07,1.0
0000882291,AEMD,2019-12-19,0,6.581160468826911e-06,1.0
0000882291,AEMD,2019-12-20,0,6.581160468826911e-06,1.0
0000882291,AEMD,2019-12-23,0,3.304963428309084e-06,1.0
0000882291,AEMD,2019-12-24,0,3.304963428309084e-06,1.0
0000882291,AEMD,2019-12-25,0,3.304963428309084e-06,1.0
0000882291,AEMD,2019-12-26,0,3.304963428309084e-06,1.0
0000882291,AEMD,2019-12-27,0,3.304963428309084e-06,1.0
0000882291,AEMD,2019-12-30,0,3.827148626249329e-06,1.0
0000882291,AEMD,2019-12-31,0,3.827148626249329e-06,1.0
0000882291,AEMD,2020-01-01,0,3.827148626249329e-06,1.0
0000882291,AEMD,2020-01-02,0,3.827148626249329e-06,1.0
0000882291,AEMD,2020-01-03,0,3.827148626249329e-06,1.0
0000882291,AEMD,2020-01-06,0,3.827148626249329e-06,1.0
0000882291,AEMD,2020-01-07,0,3.827148626249329e-06,1.0
0000882291,AEMD,2020-01-08,0,3.827148626249329e-06,1.0
0000882291,AEMD,2020-01-09,0,3.827148626249329e-06,1.0
0000882291,AEMD,2020-01-10,0,3.827148626249329e-06,1.0
0000882291,AEMD,2020-01-13,0,3.827148626249329e-06,1.0
0000882291,AEMD,2020-01-14,0,3.827148626249329e-06,1.0
0000882291,AEMD,2020-01-15,0,3.827148626249329e-06,1.0
0000882291,AEMD,2020-01-16,0,3.827148626249329e-06,1.0
0000882291,AEMD,2020-01-17,0,3.827148626249329e-06,1.0
0000882291,AEMD,2020-01-20,0,1.5248529767454452e-08,1.0
0000882291,AEMD,2020-01-21,0,1.5248529767454452e-08,1.0
0000882291,AEMD,2020-01-22,0,1.5248529767454452e-08,1.0
0000882291,AEMD,2020-01-23,0,1.4553863829199671e-08,1.0
0000882291,AEMD,2020-01-24,0,1.4553863829199671e-08,1.0
0000882291,AEMD,2020-01-27,0,1.4553863829199671e-08,1.0
0000882291,AEMD,2020-01-28,0,1.4553863829199671e-08,1.0
0000882291,AEMD,2020-01-29,0,1.4553863829199671e-08,1.0
0000882291,AEMD,2020-01-30,0,1.4553863829199671e-08,1.0
0000882291,AEMD,2020-01-31,0,1.4553863829199671e-08,1.0
0000882291,AEMD,2020-02-03,0,1.2749096426907914e-08,1.0
0000882291,AEMD,2020-02-04,0,1.2749096426907914e-08,1.0
0000882291,AEMD,2020-02-05,0,1.2749096426907914e-08,1.0
0000882291,AEMD,2020-02-06,0,1.2749096426907914e-08,1.0
0000882291,AEMD,2020-02-07,0,1.2749096426907914e-08,1.0
0000882291,AEMD,2020-02-10,0,1.2886399534919142e-08,1.0
0000882291,AEMD,2020-02-11,0,9.104345404505392e-09,1.0
0000882291,AEMD,2020-02-12,0,9.104345404505392e-09,1.0
0000882291,AEMD,2020-02-13,0,6.672845822725543e-09,1.0
0000882291,AEMD,2020-02-14,0,6.672845822725543e-09,1.0
0000882291,AEMD,2020-02-17,0,6.672845822725543e-09,1.0
0000882291,AEMD,2020-02-18,0,6.672845822725543e-09,1.0
0000882291,AEMD,2020-02-19,0,8.680129646304268e-09,1.0
0000882291,AEMD,2020-02-20,0,8.680129646304268e-09,1.0
0000882291,AEMD,2020-02-21,0,8.680129646304268e-09,1.0
0000882291,AEMD,2020-02-24,0,1.9615624231704262e-08,1.0
0000882291,AEMD,2020-02-25,0,1.9615624231704262e-08,1.0
0000882291,AEMD,2020-02-26,0,1.9615624231704262e-08,1.0
0000882291,AEMD,2020-02-27,0,1.9615624231704262e-08,1.0
0000882291,AEMD,2020-02-28,0,1.9615624231704262e-08,1.0
0000882291,AEMD,2020-03-02,0,1.9615624231704262e-08,1.0
0000882291,AEMD,2020-03-03,0,1.9615624231704262e-08,1.0
0000882291,AEMD,2020-03-04,0,1.9615624231704262e-08,1.0
0000882291,AEMD,2020-03-05,0,1.9615624231704262e-08,1.0
0000882291,AEMD,2020-03-06,0,1.9615624231704262e-08,1.0
0000882291,AEMD,2020-03-09,0,1.8161903513265007e-08,1.0
0000882291,AEMD,2020-03-10,0,1.8161903513265007e-08,1.0
0000882291,AEMD,2020-03-11,0,1.8161903513265007e-08,1.0
0000882291,AEMD,2020-03-12,0,1.8161903513265007e-08,1.0
0000882291,AEMD,2020-03-13,0,4.104912209217187e-10,1.0
0000882291,AEMD,2020-03-16,0,4.1491206136871833e-10,1.0
0000882291,AEMD,2020-03-17,0,4.1491206136871833e-10,1.0
0000882291,AEMD,2020-03-18,0,4.1491206136871833e-10,1.0
0000882291,AEMD,2020-03-19,0,4.5153802949909125e-09,1.0
0000882291,AEMD,2020-03-20,0,4.5153802949909125e-09,1.0
0000882291,AEMD,2020-03-23,0,3.2729646060750163e-09,1.0
0000882291,AEMD,2020-03-24,0,3.2729646060750163e-09,1.0
0000882291,AEMD,2020-03-25,0,3.2729646060750163e-09,1.0
0000882291,AEMD,2020-03-26,0,3.3742042666481823e-09,1.0
0000882291,AEMD,2020-03-27,0,3.3742042666481823e-09,1.0
0000882291,AEMD,2020-03-30,0,3.3742042666481823e-09,1.0
0000882291,AEMD,2020-03-31,0,3.3742042666481823e-09,1.0
0000882291,AEMD,2020-04-01,0,3.3742042666481823e-09,1.0
0000882291,AEMD,2020-04-02,0,3.3742042666481823e-09,1.0
0000882291,AEMD,2020-04-03,0,3.3742042666481823e-09,1.0
0000882291,AEMD,2020-04-06,0,3.3742042666481823e-09,1.0
0000882291,AEMD,2020-04-07,0,3.3742042666481823e-09,1.0
0000882291,AEMD,2020-04-08,0,3.3742042666481823e-09,1.0
0000882291,AEMD,2020-04-09,0,3.3742042666481823e-09,1.0
0000882291,AEMD,2020-04-10,0,3.3742042666481823e-09,1.0
0000882291,AEMD,2020-04-13,0,3.3742042666481823e-09,1.0
0000882291,AEMD,2020-04-14,0,3.3742042666481823e-09,1.0
0000882291,AEMD,2020-04-15,0,3.3742042666481823e-09,1.0
0000882291,AEMD,2020-04-16,0,3.3742042666481823e-09,1.0
0000882291,AEMD,2020-04-17,0,3.3742042666481823e-09,1.0
0000882291,AEMD,2020-04-20,0,7.318844540071277e-11,1.0
0000882291,AEMD,2020-04-21,0,7.318844540071277e-11,1.0
0000882291,AEMD,2020-04-22,0,1.7549027663823475e-08,1.0
0000882291,AEMD,2020-04-23,0,1.6791394232317094e-08,1.0
0000882291,AEMD,2020-04-24,0,1.6791394232317094e-08,1.0
0000882291,AEMD,2020-04-27,0,1.6791394232317094e-08,1.0
0000882291,AEMD,2020-04-28,0,1.6791394232317094e-08,1.0
0000882291,AEMD,2020-04-29,0,1.6791394232317094e-08,1.0
0000882291,AEMD,2020-04-30,0,1.6791394232317094e-08,1.0
0000882291,AEMD,2020-05-01,0,1.6791394232317094e-08,1.0
0000882291,AEMD,2020-05-04,0,1.8507415368178655e-08,1.0
0000882291,AEMD,2020-05-05,0,1.8507415368178655e-08,1.0
0000882291,AEMD,2020-05-06,0,1.8507415368178655e-08,1.0
0000882291,AEMD,2020-05-07,0,1.8507415368178655e-08,1.0
0000882291,AEMD,2020-05-08,0,1.8507415368178655e-08,1.0
0000882291,AEMD,2020-05-11,0,1.8507415368178655e-08,1.0
0000882291,AEMD,2020-05-12,0,1.487350157705966e-08,1.0
0000882291,AEMD,2020-05-13,0,1.487350157705966e-08,1.0
0000882291,AEMD,2020-05-14,0,2.556512453219613e-08,1.0
0000882291,AEMD,2020-05-15,0,2.556512453219613e-08,1.0
0000882291,AEMD,2020-05-18,0,2.556512453219613e-08,1.0
0000882291,AEMD,2020-05-19,0,2.556512453219613e-08,1.0
0000882291,AEMD,2020-05-20,0,2.556512453219613e-08,1.0
0000882291,AEMD,2020-05-21,0,2.556512453219613e-08,1.0
0000882291,AEMD,2020-05-22,0,2.556512453219613e-08,1.0
0000882291,AEMD,2020-05-25,0,2.4440875230499926e-08,1.0
0000882291,AEMD,2020-05-26,0,2.4440875230499926e-08,1.0
0000882291,AEMD,2020-05-27,0,2.4440875230499926e-08,1.0
0000882291,AEMD,2020-05-28,0,2.4440875230499926e-08,1.0
0000882291,AEMD,2020-05-29,0,2.4440875230499926e-08,1.0
0000882291,AEMD,2020-06-01,0,2.4440875230499926e-08,1.0
0000882291,AEMD,2020-06-02,0,2.4440875230499926e-08,1.0
0000882291,AEMD,2020-06-03,0,2.4440875230499926e-08,1.0
0000882291,AEMD,2020-06-04,0,2.4440875230499926e-08,1.0
0000882291,AEMD,2020-06-05,0,2.4440875230499926e-08,1.0
0000882291,AEMD,2020-06-08,0,2.4440875230499926e-08,1.0
0000882291,AEMD,2020-06-09,0,2.4440875230499926e-08,1.0
0000882291,AEMD,2020-06-10,0,2.4440875230499926e-08,1.0
0000882291,AEMD,2020-06-11,0,2.4440875230499926e-08,1.0
0000882291,AEMD,2020-06-12,0,2.4440875230499926e-08,1.0
0000882291,AEMD,2020-06-15,0,2.4440875230499926e-08,1.0
0000882291,AEMD,2020-06-16,0,2.4440875230499926e-08,1.0
0000882291,AEMD,2020-06-17,0,5.3058610869005326e-08,1.0
0000882291,AEMD,2020-06-18,0,5.3058610869005326e-08,1.0
0000882291,AEMD,2020-06-19,0,5.3058610869005326e-08,1.0
0000882291,AEMD,2020-06-22,0,7.598161247257002e-08,1.0
0000882291,AEMD,2020-06-23,0,7.598161247257002e-08,1.0
0000882291,AEMD,2020-06-24,0,7.598161247257002e-08,1.0
0000882291,AEMD,2020-06-25,0,7.598161247257002e-08,1.0
0000882291,AEMD,2020-06-26,0,1.1559904930732916e-08,1.0
0000882291,AEMD,2020-06-29,0,1.1559904930732916e-08,1.0
0000882291,AEMD,2020-06-30,0,1.1559904930732916e-08,1.0
0000882291,AEMD,2020-07-01,0,1.1559904930732916e-08,1.0
0000882291,AEMD,2020-07-02,0,1.1559904930732916e-08,1.0
0000882291,AEMD,2020-07-03,0,1.1559904930732916e-08,1.0
0000882291,AEMD,2020-07-06,0,1.1559904930732916e-08,1.0
0000882291,AEMD,2020-07-07,0,1.1559904930732916e-08,1.0
0000882291,AEMD,2020-07-08,0,1.1559904930732916e-08,1.0
0000882291,AEMD,2020-07-09,0,1.1559904930732916e-08,1.0
0000882291,AEMD,2020-07-10,0,1.1559904930732916e-08,1.0
0000882291,AEMD,2020-07-13,0,1.1559904930732916e-08,1.0
0000882291,AEMD,2020-07-14,0,1.1559904930732916e-08,1.0
0000882291,AEMD,2020-07-15,0,1.1559904930732916e-08,1.0
0000882291,AEMD,2020-07-16,0,1.1559904930732916e-08,1.0
0000882291,AEMD,2020-07-17,0,1.1559904930732916e-08,1.0
0000882291,AEMD,2020-07-20,0,1.2101059287284868e-08,1.0
0000882291,AEMD,2020-07-21,0,1.2101059287284868e-08,1.0
0000882291,AEMD,2020-07-22,0,1.2499991760481e-08,1.0
0000882291,AEMD,2020-07-23,0,1.2499991760481e-08,1.0
0000882291,AEMD,2020-07-24,0,1.2499991760481e-08,1.0
0000882291,AEMD,2020-07-27,0,2.022466647606817e-08,1.0
0000882291,AEMD,2020-07-28,0,2.022466647606817e-08,1.0
0000882291,AEMD,2020-07-29,0,1.2854438700966117e-07,1.0
0000882291,AEMD,2020-07-30,0,1.2854438700966117e-07,1.0
0000882291,AEMD,2020-07-31,0,1.2854438700966117e-07,1.0
0000882291,AEMD,2020-08-03,0,1.2854438700966117e-07,1.0
0000882291,AEMD,2020-08-04,0,1.2854438700966117e-07,1.0
0000882291,AEMD,2020-08-05,0,1.2854438700966117e-07,1.0
0000882291,AEMD,2020-08-06,0,1.2854438700966117e-07,1.0
0000882291,AEMD,2020-08-07,0,1.2854438700966117e-07,1.0
0000882291,AEMD,2020-08-10,0,1.5280479568144377e-07,1.0
0000882291,AEMD,2020-08-11,0,1.5280479568144377e-07,1.0
0000882291,AEMD,2020-08-12,0,9.231138720615253e-06,1.0
0000882291,AEMD,2020-08-13,0,9.231138720615253e-06,1.0
0000882291,AEMD,2020-08-14,0,9.231138720615253e-06,1.0
0000882291,AEMD,2020-08-17,0,9.231138720615253e-06,1.0
0000882291,AEMD,2020-08-18,0,9.231138720615253e-06,1.0
0000882291,AEMD,2020-08-19,0,9.231138720615253e-06,1.0
0000882291,AEMD,2020-08-20,0,9.231138720615253e-06,1.0
0000882291,AEMD,2020-08-21,0,9.231138720615253e-06,1.0
0000882291,AEMD,2020-08-24,0,9.262590719546926e-06,1.0
0000882291,AEMD,2020-08-25,0,9.262590719546926e-06,1.0
0000882291,AEMD,2020-08-26,0,9.262590719546926e-06,1.0
0000882291,AEMD,2020-08-27,0,9.262590719546926e-06,1.0
0000882291,AEMD,2020-08-28,0,1.813288317740729e-05,1.0
0000882291,AEMD,2020-08-31,0,1.813288317740729e-05,1.0
0000882291,AEMD,2020-09-01,0,1.813288317740729e-05,1.0
0000882291,AEMD,2020-09-02,0,1.813288317740729e-05,1.0
0000882291,AEMD,2020-09-03,0,1.813288317740729e-05,1.0
0000882291,AEMD,2020-09-04,0,1.813288317740729e-05,1.0
0000882291,AEMD,2020-09-07,0,1.813288317740729e-05,1.0
0000882291,AEMD,2020-09-08,0,1.813288317740729e-05,1.0
0000882291,AEMD,2020-09-09,0,1.813288317740729e-05,1.0
0000882291,AEMD,2020-09-10,0,1.813288317740729e-05,1.0
0000882291,AEMD,2020-09-11,0,3.0652229714488984e-07,1.0
0000882291,AEMD,2020-09-14,0,3.0652229714488984e-07,1.0
0000882291,AEMD,2020-09-15,0,4.2517072619996614e-07,1.0
0000882291,AEMD,2020-09-16,0,4.2517072619996614e-07,1.0
0000882291,AEMD,2020-09-17,0,4.2517072619996614e-07,1.0
0000882291,AEMD,2020-09-18,0,4.2517072619996614e-07,1.0
0000882291,AEMD,2020-09-21,0,4.3437790235267965e-07,1.0
0000882291,AEMD,2020-09-22,0,4.3437790235267965e-07,1.0
0000882291,AEMD,2020-09-23,0,4.3437790235267965e-07,1.0
0000882291,AEMD,2020-09-24,0,2.9883023540113113e-07,1.0
0000882291,AEMD,2020-09-25,0,2.9883023540113113e-07,1.0
0000882291,AEMD,2020-09-28,0,2.9883023540113113e-07,1.0
0000882291,AEMD,2020-09-29,0,2.9883023540113113e-07,1.0
0000882291,AEMD,2020-09-30,0,2.9883023540113113e-07,1.0
0000882291,AEMD,2020-10-01,0,2.9883023540113113e-07,1.0
0000882291,AEMD,2020-10-02,0,2.9883023540113113e-07,1.0
0000882291,AEMD,2020-10-05,0,2.9883023540113113e-07,1.0
0000882291,AEMD,2020-10-06,0,2.9883023540113113e-07,1.0
0000882291,AEMD,2020-10-07,0,2.9883023540113113e-07,1.0
0000882291,AEMD,2020-10-08,0,2.9883023540113113e-07,1.0
0000882291,AEMD,2020-10-09,0,2.9883023540113113e-07,1.0
0000882291,AEMD,2020-10-12,0,2.9883023540113113e-07,1.0
0000882291,AEMD,2020-10-13,0,2.9883023540113113e-07,1.0
0000882291,AEMD,2020-10-14,0,2.9883023540113113e-07,1.0
0000882291,AEMD,2020-10-15,0,2.9883023540113113e-07,1.0
0000882291,AEMD,2020-10-16,0,2.9883023540113113e-07,1.0
0000882291,AEMD,2020-10-19,0,2.9883023540113113e-07,1.0
0000882291,AEMD,2020-10-20,0,2.9883023540113113e-07,1.0
0000882291,AEMD,2020-10-21,0,2.9883023540113113e-07,1.0
0000882291,AEMD,2020-10-22,0,2.9883023540113113e-07,1.0
0000882291,AEMD,2020-10-23,0,2.9883023540113113e-07,1.0
0000882291,AEMD,2020-10-26,0,2.9883023540113113e-07,1.0
0000882291,AEMD,2020-10-27,0,7.650466873135139e-08,1.0
0000882291,AEMD,2020-10-28,0,7.650466873135139e-08,1.0
0000882291,AEMD,2020-10-29,0,4.334759786751163e-06,1.0
0000882291,AEMD,2020-10-30,0,4.334759786751163e-06,1.0
0000882291,AEMD,2020-11-02,0,4.334759786751163e-06,1.0
0000882291,AEMD,2020-11-03,0,4.334759786751163e-06,1.0
0000882291,AEMD,2020-11-04,0,9.677454090059976e-09,1.0
0000882291,AEMD,2020-11-05,0,9.677454090059976e-09,1.0
0000882291,AEMD,2020-11-06,0,9.677454090059976e-09,1.0
0000882291,AEMD,2020-11-09,0,9.677454090059976e-09,1.0
0000882291,AEMD,2020-11-10,0,8.908904556036381e-09,1.0
0000882291,AEMD,2020-11-11,0,8.908904556036381e-09,1.0
0000882291,AEMD,2020-11-12,0,8.908904556036381e-09,1.0
0000882291,AEMD,2020-11-13,0,8.908904556036381e-09,1.0
0000882291,AEMD,2020-11-16,0,8.908904556036381e-09,1.0
0000882291,AEMD,2020-11-17,0,8.908904556036381e-09,1.0
0000882291,AEMD,2020-11-18,0,8.908904556036381e-09,1.0
0000882291,AEMD,2020-11-19,0,8.908904556036381e-09,1.0
0000882291,AEMD,2020-11-20,0,8.908904556036381e-09,1.0
0000882291,AEMD,2020-11-23,0,8.908904556036381e-09,1.0
0000882291,AEMD,2020-11-24,0,8.908904556036381e-09,1.0
0000882291,AEMD,2020-11-25,0,8.908904556036381e-09,1.0
0000882291,AEMD,2020-11-26,0,8.908904556036381e-09,1.0
0000882291,AEMD,2020-11-27,0,8.908904556036381e-09,1.0
0000882291,AEMD,2020-11-30,0,1.6305552281824816e-10,1.0
0000882291,AEMD,2020-12-01,0,1.6305552281824816e-10,1.0
0000882291,AEMD,2020-12-02,0,1.6305552281824816e-10,1.0
0000882291,AEMD,2020-12-03,0,1.6305552281824816e-10,1.0
0000882291,AEMD,2020-12-04,0,4.8700119714921014e-08,1.0
0000882291,AEMD,2020-12-07,0,4.8700119714921014e-08,1.0
0000882291,AEMD,2020-12-08,0,4.8700119714921014e-08,1.0
0000882291,AEMD,2020-12-09,0,4.8700119714921014e-08,1.0
0000882291,AEMD,2020-12-10,0,4.8700119714921014e-08,1.0
0000882291,AEMD,2020-12-11,0,4.8700119714921014e-08,1.0
0000882291,AEMD,2020-12-14,0,4.8700119714921014e-08,1.0
0000882291,AEMD,2020-12-15,0,4.8700119714921014e-08,1.0
0000882291,AEMD,2020-12-16,0,4.8700119714921014e-08,1.0
0000882291,AEMD,2020-12-17,0,4.8700119714921014e-08,1.0
0000882291,AEMD,2020-12-18,0,4.8700119714921014e-08,1.0
0000882291,AEMD,2020-12-21,0,4.8700119714921014e-08,1.0
0000882291,AEMD,2020-12-22,0,4.8700119714921014e-08,1.0
0000882291,AEMD,2020-12-23,0,6.344759730299973e-08,1.0
0000882291,AEMD,2020-12-24,0,6.344759730299973e-08,1.0
0000882291,AEMD,2020-12-25,0,6.344759730299973e-08,1.0
0000882291,AEMD,2020-12-28,0,6.344759730299973e-08,1.0
0000882291,AEMD,2020-12-29,0,6.344759730299973e-08,1.0
0000882291,AEMD,2020-12-30,0,6.344759730299973e-08,1.0
0000882291,AEMD,2020-12-31,0,6.344759730299973e-08,1.0
0000882291,AEMD,2021-01-01,0,6.344759730299973e-08,1.0
0000882291,AEMD,2021-01-04,0,6.344759730299973e-08,1.0
0000882291,AEMD,2021-01-05,0,6.344759730299973e-08,1.0
0000882291,AEMD,2021-01-06,0,6.344759730299973e-08,1.0
0000882291,AEMD,2021-01-07,0,6.344759730299973e-08,1.0
0000882291,AEMD,2021-01-08,0,6.344759730299973e-08,1.0
0000882291,AEMD,2021-01-11,0,6.344759730299973e-08,1.0
0000882291,AEMD,2021-01-12,0,6.344759730299973e-08,1.0
0000882291,AEMD,2021-01-13,0,6.344759730299973e-08,1.0
0000882291,AEMD,2021-01-14,0,6.344759730299973e-08,1.0
0000882291,AEMD,2021-01-15,0,6.344759730299973e-08,1.0
0000882291,AEMD,2021-01-18,0,6.344759730299973e-08,1.0
0000882291,AEMD,2021-01-19,0,6.344759730299973e-08,1.0
0000882291,AEMD,2021-01-20,0,6.344759730299973e-08,1.0
0000882291,AEMD,2021-01-21,0,6.344759730299973e-08,1.0
0000882291,AEMD,2021-01-22,0,6.344759730299973e-08,1.0
0000882291,AEMD,2021-01-25,0,1.058031989800315e-07,1.0
0000882291,AEMD,2021-01-26,0,1.058031989800315e-07,1.0
0000882291,AEMD,2021-01-27,0,1.4068203416346577e-07,1.0
0000882291,AEMD,2021-01-28,0,1.4068203416346577e-07,1.0
0000882291,AEMD,2021-01-29,0,1.4068203416346577e-07,1.0
0000882291,AEMD,2021-02-01,0,1.4068203416346577e-07,1.0
0000882291,AEMD,2021-02-02,0,2.0229686854472165e-07,1.0
0000882291,AEMD,2021-02-03,0,2.0229686854472165e-07,1.0
0000882291,AEMD,2021-02-04,0,2.0229686854472165e-07,1.0
0000882291,AEMD,2021-02-05,0,2.0229686854472165e-07,1.0
0000882291,AEMD,2021-02-08,0,2.1498147525260731e-07,1.0
0000882291,AEMD,2021-02-09,0,2.1498147525260731e-07,1.0
0000882291,AEMD,2021-02-10,0,2.1498147525260731e-07,1.0
0000882291,AEMD,2021-02-11,0,7.890692340041958e-06,1.0
0000882291,AEMD,2021-02-12,0,7.890692340041958e-06,1.0
0000882291,AEMD,2021-02-15,0,7.890692340041958e-06,1.0
0000882291,AEMD,2021-02-16,0,7.890692340041958e-06,1.0
0000882291,AEMD,2021-02-17,0,7.890692340041958e-06,1.0
0000882291,AEMD,2021-02-18,0,7.890692340041958e-06,1.0
0000882291,AEMD,2021-02-19,0,7.890692340041958e-06,1.0
0000882291,AEMD,2021-02-22,0,7.890692340041958e-06,1.0
0000882291,AEMD,2021-02-23,0,7.890692340041958e-06,1.0
0000882291,AEMD,2021-02-24,0,7.890692340041958e-06,1.0
0000882291,AEMD,2021-02-25,0,7.890692340041958e-06,1.0
0000882291,AEMD,2021-02-26,0,7.890692340041958e-06,1.0
0000882291,AEMD,2021-03-01,0,7.890692340041958e-06,1.0
0000882291,AEMD,2021-03-02,0,7.890692340041958e-06,1.0
0000882291,AEMD,2021-03-03,0,7.890692340041958e-06,1.0
0000882291,AEMD,2021-03-04,0,7.890692340041958e-06,1.0
0000882291,AEMD,2021-03-05,0,7.890692340041958e-06,1.0
0000882291,AEMD,2021-03-08,0,7.890692340041958e-06,1.0
0000882291,AEMD,2021-03-09,0,7.890692340041958e-06,1.0
0000882291,AEMD,2021-03-10,0,7.890692340041958e-06,1.0
0000882291,AEMD,2021-03-11,0,7.890692340041958e-06,1.0
0000882291,AEMD,2021-03-12,0,7.890692340041958e-06,1.0
0000882291,AEMD,2021-03-15,0,1.4546824489672107e-07,1.0
0000882291,AEMD,2021-03-16,0,1.4546824489672107e-07,1.0
0000882291,AEMD,2021-03-17,0,1.4546824489672107e-07,1.0
0000882291,AEMD,2021-03-18,0,1.4546824489672107e-07,1.0
0000882291,AEMD,2021-03-19,0,1.4546824489672107e-07,1.0
0000882291,AEMD,2021-03-22,0,1.4546824489672107e-07,1.0
0000882291,AEMD,2021-03-23,0,4.688466857969726e-10,1.0
0000882291,AEMD,2021-03-24,0,4.688466857969726e-10,1.0
0000882291,AEMD,2021-03-25,0,4.688466857969726e-10,1.0
0000882291,AEMD,2021-03-26,0,4.688466857969726e-10,1.0
0000882291,AEMD,2021-03-29,0,4.688466857969726e-10,1.0
0000882291,AEMD,2021-03-30,0,4.688466857969726e-10,1.0
0000882291,AEMD,2021-03-31,0,4.688466857969726e-10,1.0
0000882291,AEMD,2021-04-01,0,4.688466857969726e-10,1.0
0000882291,AEMD,2021-04-02,0,4.688466857969726e-10,1.0
0000882291,AEMD,2021-04-05,0,4.688466857969726e-10,1.0
0000882291,AEMD,2021-04-06,0,4.688466857969726e-10,1.0
0000882291,AEMD,2021-04-07,0,4.688466857969726e-10,1.0
0000882291,AEMD,2021-04-08,0,4.688466857969726e-10,1.0
0000882291,AEMD,2021-04-09,0,4.688466857969726e-10,1.0
0000882291,AEMD,2021-04-12,0,4.688466857969726e-10,1.0
0000882291,AEMD,2021-04-13,0,4.688466857969726e-10,1.0
0000882291,AEMD,2021-04-14,0,4.688466857969726e-10,1.0
0000882291,AEMD,2021-04-15,0,4.688466857969726e-10,1.0
0000882291,AEMD,2021-04-16,0,4.688466857969726e-10,1.0
0000882291,AEMD,2021-04-19,0,4.688466857969726e-10,1.0
0000882291,AEMD,2021-04-20,0,4.688466857969726e-10,1.0
0000882291,AEMD,2021-04-21,0,4.688466857969726e-10,1.0
0000882291,AEMD,2021-04-22,0,1.0072780130479724e-07,1.0
0000882291,AEMD,2021-04-23,0,1.0072780130479724e-07,1.0
0000882291,AEMD,2021-04-26,0,1.0072780130479724e-07,1.0
0000882291,AEMD,2021-04-27,0,1.1192573333345238e-07,1.0
0000882291,AEMD,2021-04-28,0,1.1192573333345238e-07,1.0
0000882291,AEMD,2021-04-29,0,1.1192573333345238e-07,1.0
0000882291,AEMD,2021-04-30,0,1.1192573333345238e-07,1.0
0000882291,AEMD,2021-05-03,0,1.1192573333345238e-07,1.0
0000882291,AEMD,2021-05-04,0,1.1682578075006291e-07,1.0
0000882291,AEMD,2021-05-05,0,1.1682578075006291e-07,1.0
0000882291,AEMD,2021-05-06,0,1.1682578075006291e-07,1.0
0000882291,AEMD,2021-05-07,0,1.1682578075006291e-07,1.0
0000882291,AEMD,2021-05-10,0,1.1682578075006291e-07,1.0
0000882291,AEMD,2021-05-11,0,1.1682578075006291e-07,1.0
0000882291,AEMD,2021-05-12,0,1.1682578075006291e-07,1.0
0000882291,AEMD,2021-05-13,0,1.5448372886610642e-07,1.0
0000882291,AEMD,2021-05-14,0,1.5448372886610642e-07,1.0
0000882291,AEMD,2021-05-17,0,1.5448372886610642e-07,1.0
0000882291,AEMD,2021-05-18,0,1.5448372886610642e-07,1.0
0000882291,AEMD,2021-05-19,0,1.5448372886610642e-07,1.0
0000882291,AEMD,2021-05-20,0,1.5448372886610642e-07,1.0
0000882291,AEMD,2021-05-21,0,1.5448372886610642e-07,1.0
0000882291,AEMD,2021-05-24,0,1.5448372886610642e-07,1.0
0000882291,AEMD,2021-05-25,0,1.5448372886610642e-07,1.0
0000882291,AEMD,2021-05-26,0,1.5448372886610642e-07,1.0
0000882291,AEMD,2021-05-27,0,1.5448372886610642e-07,1.0
0000882291,AEMD,2021-05-28,0,1.5448372886610642e-07,1.0
0000882291,AEMD,2021-05-31,0,1.5448372886610642e-07,1.0
0000882291,AEMD,2021-06-01,0,1.5448372886610642e-07,1.0
0000882291,AEMD,2021-06-02,0,1.5448372886610642e-07,1.0
0000882291,AEMD,2021-06-03,0,1.5448372886610642e-07,1.0
0000882291,AEMD,2021-06-04,0,1.5448372886610642e-07,1.0
0000882291,AEMD,2021-06-07,0,1.5448372886610642e-07,1.0
0000882291,AEMD,2021-06-08,0,1.5448372886610642e-07,1.0
0000882291,AEMD,2021-06-09,0,1.5448372886610642e-07,1.0
0000882291,AEMD,2021-06-10,0,1.5448372886610642e-07,1.0
0000882291,AEMD,2021-06-11,0,1.5448372886610642e-07,1.0
0000882291,AEMD,2021-06-14,0,6.559603219475995e-06,1.0
0000882291,AEMD,2021-06-15,0,6.559603219475995e-06,1.0
0000882291,AEMD,2021-06-16,0,6.559603219475995e-06,1.0
0000882291,AEMD,2021-06-17,0,6.559603219475995e-06,1.0
0000882291,AEMD,2021-06-18,0,6.559603219475995e-06,1.0
0000882291,AEMD,2021-06-21,0,9.374109767968248e-06,1.0
0000882291,AEMD,2021-06-22,0,9.374109767968248e-06,1.0
0000882291,AEMD,2021-06-23,0,9.374109767968248e-06,1.0
0000882291,AEMD,2021-06-24,0,9.374109767968248e-06,1.0
0000882291,AEMD,2021-06-25,0,1.127559402816822e-07,1.0
0000882291,AEMD,2021-06-28,0,1.127559402816822e-07,1.0
0000882291,AEMD,2021-06-29,0,1.127559402816822e-07,1.0
0000882291,AEMD,2021-06-30,0,1.127559402816822e-07,1.0
0000882291,AEMD,2021-07-01,0,1.127559402816822e-07,1.0
0000882291,AEMD,2021-07-02,0,1.127559402816822e-07,1.0
0000882291,AEMD,2021-07-05,0,1.127559402816822e-07,1.0
0000882291,AEMD,2021-07-06,0,1.127559402816822e-07,1.0
0000882291,AEMD,2021-07-07,0,1.127559402816822e-07,1.0
0000882291,AEMD,2021-07-08,0,1.127559402816822e-07,1.0
0000882291,AEMD,2021-07-09,0,1.127559402816822e-07,1.0
0000882291,AEMD,2021-07-12,0,1.127559402816822e-07,1.0
0000882291,AEMD,2021-07-13,0,1.127559402816822e-07,1.0
0000882291,AEMD,2021-07-14,0,1.1439748411666395e-07,1.0
0000882291,AEMD,2021-07-15,0,1.1439748411666395e-07,1.0
0000882291,AEMD,2021-07-16,0,1.1439748411666395e-07,1.0
0000882291,AEMD,2021-07-19,0,1.1439748411666395e-07,1.0
0000882291,AEMD,2021-07-20,0,1.1439748411666395e-07,1.0
0000882291,AEMD,2021-07-21,0,1.1439748411666395e-07,1.0
0000882291,AEMD,2021-07-22,0,1.1439748411666395e-07,1.0
0000882291,AEMD,2021-07-23,0,1.1439748411666395e-07,1.0
0000882291,AEMD,2021-07-26,0,4.327788175972349e-08,1.0
0000882291,AEMD,2021-07-27,0,4.327788175972349e-08,1.0
0000882291,AEMD,2021-07-28,0,4.327788175972349e-08,1.0
0000882291,AEMD,2021-07-29,0,6.848019556773294e-10,1.0
0000882291,AEMD,2021-07-30,0,6.848019556773294e-10,1.0
0000882291,AEMD,2021-08-02,0,6.848019556773294e-10,1.0
0000882291,AEMD,2021-08-03,0,6.848019556773294e-10,1.0
0000882291,AEMD,2021-08-04,0,6.848019556773294e-10,1.0
0000882291,AEMD,2021-08-05,0,6.848019556773294e-10,1.0
0000882291,AEMD,2021-08-06,0,6.848019556773294e-10,1.0
0000882291,AEMD,2021-08-09,0,6.848019556773294e-10,1.0
0000882291,AEMD,2021-08-10,0,4.0181964876807536e-08,1.0
0000882291,AEMD,2021-08-11,0,4.4830394348324464e-08,1.0
0000882291,AEMD,2021-08-12,0,4.4830394348324464e-08,1.0
0000882291,AEMD,2021-08-13,0,4.4830394348324464e-08,1.0
0000882291,AEMD,2021-08-16,0,4.4830394348324464e-08,1.0
0000882291,AEMD,2021-08-17,0,4.4830394348324464e-08,1.0
0000882291,AEMD,2021-08-18,0,4.4830394348324464e-08,1.0
0000882291,AEMD,2021-08-19,0,4.4830394348324464e-08,1.0
0000882291,AEMD,2021-08-20,0,4.4830394348324464e-08,1.0
0000882291,AEMD,2021-08-23,0,4.4830394348324464e-08,1.0
0000882291,AEMD,2021-08-24,0,4.4830394348324464e-08,1.0
0000882291,AEMD,2021-08-25,0,4.4830394348324464e-08,1.0
0000882291,AEMD,2021-08-26,0,4.4830394348324464e-08,1.0
0000882291,AEMD,2021-08-27,0,4.4830394348324464e-08,1.0
0000882291,AEMD,2021-08-30,0,3.8382748625446615e-06,1.0
0000882291,AEMD,2021-08-31,0,3.8382748625446615e-06,1.0
0000882291,AEMD,2021-09-01,0,3.8382748625446615e-06,1.0
0000882291,AEMD,2021-09-02,0,3.8382748625446615e-06,1.0
0000882291,AEMD,2021-09-03,0,3.8382748625446615e-06,1.0
0000882291,AEMD,2021-09-06,0,3.8382748625446615e-06,1.0
0000882291,AEMD,2021-09-07,0,3.8382748625446615e-06,1.0
0000882291,AEMD,2021-09-08,0,3.8382748625446615e-06,1.0
0000882291,AEMD,2021-09-09,0,6.726943551572716e-08,1.0
0000882291,AEMD,2021-09-10,0,6.726943551572716e-08,1.0
0000882291,AEMD,2021-09-13,0,6.653133048658112e-08,1.0
0000882291,AEMD,2021-09-14,0,6.653133048658112e-08,1.0
0000882291,AEMD,2021-09-15,0,6.653133048658112e-08,1.0
0000882291,AEMD,2021-09-16,0,6.653133048658112e-08,1.0
0000882291,AEMD,2021-09-17,0,6.653133048658112e-08,1.0
0000882291,AEMD,2021-09-20,0,6.724784855605443e-08,1.0
0000882291,AEMD,2021-09-21,0,6.724784855605443e-08,1.0
0000882291,AEMD,2021-09-22,0,6.724784855605443e-08,1.0
0000882291,AEMD,2021-09-23,0,7.604826925341832e-08,1.0
0000882291,AEMD,2021-09-24,0,7.604826925341832e-08,1.0
0000882291,AEMD,2021-09-27,0,7.604826925341832e-08,1.0
0000882291,AEMD,2021-09-28,0,7.604826925341832e-08,1.0
0000882291,AEMD,2021-09-29,0,7.604826925341832e-08,1.0
0000882291,AEMD,2021-09-30,0,5.912075378357659e-10,1.0
0000882291,AEMD,2021-10-01,0,5.912075378357659e-10,1.0
0000882291,AEMD,2021-10-04,0,5.912075378357659e-10,1.0
0000882291,AEMD,2021-10-05,0,5.912075378357659e-10,1.0
0000882291,AEMD,2021-10-06,0,5.912075378357659e-10,1.0
0000882291,AEMD,2021-10-07,0,5.912075378357659e-10,1.0
0000882291,AEMD,2021-10-08,0,5.912075378357659e-10,1.0
0000882291,AEMD,2021-10-11,0,5.912075378357659e-10,1.0
0000882291,AEMD,2021-10-12,0,5.912075378357659e-10,1.0
0000882291,AEMD,2021-10-13,0,5.912075378357659e-10,1.0
0000882291,AEMD,2021-10-14,0,5.912075378357659e-10,1.0
0000882291,AEMD,2021-10-15,0,5.912075378357659e-10,1.0
0000882291,AEMD,2021-10-18,0,5.912075378357659e-10,1.0
0000882291,AEMD,2021-10-19,0,5.912075378357659e-10,1.0
0000882291,AEMD,2021-10-20,0,5.912075378357659e-10,1.0
0000882291,AEMD,2021-10-21,0,5.912075378357659e-10,1.0
0000882291,AEMD,2021-10-22,0,5.912075378357659e-10,1.0
0000882291,AEMD,2021-10-25,0,5.912075378357659e-10,1.0
0000882291,AEMD,2021-10-26,0,5.912075378357659e-10,1.0
0000882291,AEMD,2021-10-27,0,3.225913033451304e-10,1.0
0000882291,AEMD,2021-10-28,0,3.225913033451304e-10,1.0
0000882291,AEMD,2021-10-29,0,3.225913033451304e-10,1.0
0000882291,AEMD,2021-11-01,0,2.1022337750822865e-08,1.0
0000882291,AEMD,2021-11-02,0,2.1022337750822865e-08,1.0
0000882291,AEMD,2021-11-03,0,2.1022337750822865e-08,1.0
0000882291,AEMD,2021-11-04,0,2.1022337750822865e-08,1.0
0000882291,AEMD,2021-11-05,0,2.1022337750822865e-08,1.0
0000882291,AEMD,2021-11-08,0,2.8893196219255377e-08,1.0
0000882291,AEMD,2021-11-09,0,2.8893196219255377e-08,1.0
0000882291,AEMD,2021-11-10,0,1.1573923938934757e-06,1.0
0000882291,AEMD,2021-11-11,0,1.1573923938934757e-06,1.0
0000882291,AEMD,2021-11-12,0,1.1573923938934757e-06,1.0
0000882291,AEMD,2021-11-15,0,1.1573923938934757e-06,1.0
0000882291,AEMD,2021-11-16,0,1.1573923938934757e-06,1.0
0000882291,AEMD,2021-11-17,0,1.1573923938934757e-06,1.0
0000882291,AEMD,2021-11-18,0,1.1573923938934757e-06,1.0
0000882291,AEMD,2021-11-19,0,1.1573923938934757e-06,1.0
0000882291,AEMD,2021-11-22,0,1.1573923938934757e-06,1.0
0000882291,AEMD,2021-11-23,0,1.1573923938934757e-06,1.0
0000882291,AEMD,2021-11-24,0,1.1573923938934757e-06,1.0
0000882291,AEMD,2021-11-25,0,1.1573923938934757e-06,1.0
0000882291,AEMD,2021-11-26,0,1.1573923938934757e-06,1.0
0000882291,AEMD,2021-11-29,0,1.1573923938934757e-06,1.0
0000882291,AEMD,2021-11-30,0,1.1573923938934757e-06,1.0
0000882291,AEMD,2021-12-01,0,1.1573923938934757e-06,1.0
0000882291,AEMD,2021-12-02,0,1.1573923938934757e-06,1.0
0000882291,AEMD,2021-12-03,0,1.1573923938934757e-06,1.0
0000882291,AEMD,2021-12-06,0,1.1573923938934757e-06,1.0
0000882291,AEMD,2021-12-07,0,1.1573923938934757e-06,1.0
0000882291,AEMD,2021-12-08,0,1.1573923938934757e-06,1.0
0000882291,AEMD,2021-12-09,0,1.1573923938934757e-06,1.0
0000882291,AEMD,2021-12-10,0,1.914489635963232e-08,1.0
0000882291,AEMD,2021-12-13,0,1.9300768608806513e-08,1.0
0000882291,AEMD,2021-12-14,0,1.9300768608806513e-08,1.0
0000882291,AEMD,2021-12-15,0,1.9300768608806513e-08,1.0
0000882291,AEMD,2021-12-16,0,1.9300768608806513e-08,1.0
0000882291,AEMD,2021-12-17,0,1.9300768608806513e-08,1.0
0000882291,AEMD,2021-12-20,0,1.9300768608806513e-08,1.0
0000882291,AEMD,2021-12-21,0,1.9300768608806513e-08,1.0
0000882291,AEMD,2021-12-22,0,2.2390690796765644e-08,1.0
0000882291,AEMD,2021-12-23,0,2.2390690796765644e-08,1.0
0000882291,AEMD,2021-12-24,0,2.2390690796765644e-08,1.0
0000882291,AEMD,2021-12-27,0,2.2390690796765644e-08,1.0
0000882291,AEMD,2021-12-28,0,2.2390690796765644e-08,1.0
0000882291,AEMD,2021-12-29,0,6.086968766700442e-08,1.0
0000882291,AEMD,2021-12-30,0,6.086968766700442e-08,1.0
0000882291,AEMD,2021-12-31,0,6.086968766700442e-08,1.0
0000882291,AEMD,2022-01-03,0,6.086968766700442e-08,1.0
0000882291,AEMD,2022-01-04,0,6.086968766700442e-08,1.0
0000882291,AEMD,2022-01-05,0,6.086968766700442e-08,1.0
0000882291,AEMD,2022-01-06,0,6.086968766700442e-08,1.0
0000882291,AEMD,2022-01-07,0,6.086968766700442e-08,1.0
0000882291,AEMD,2022-01-10,0,6.086968766700442e-08,1.0
0000882291,AEMD,2022-01-11,0,6.086968766700442e-08,1.0
0000882291,AEMD,2022-01-12,0,6.086968766700442e-08,1.0
0000882291,AEMD,2022-01-13,0,6.086968766700442e-08,1.0
0000882291,AEMD,2022-01-14,0,6.086968766700442e-08,1.0
0000882291,AEMD,2022-01-17,0,6.086968766700442e-08,1.0
0000882291,AEMD,2022-01-18,0,6.086968766700442e-08,1.0
0000882291,AEMD,2022-01-19,0,6.086968766700442e-08,1.0
0000882291,AEMD,2022-01-20,0,6.086968766700442e-08,1.0
0000882291,AEMD,2022-01-21,0,6.086968766700442e-08,1.0
0000882291,AEMD,2022-01-24,0,6.086968766700442e-08,1.0
0000882291,AEMD,2022-01-25,0,8.503980268742675e-08,1.0
0000882291,AEMD,2022-01-26,0,8.503980268742675e-08,1.0
0000882291,AEMD,2022-01-27,0,8.503980268742675e-08,1.0
0000882291,AEMD,2022-01-28,0,8.503980268742675e-08,1.0
0000882291,AEMD,2022-01-31,0,8.503980268742675e-08,1.0
0000882291,AEMD,2022-02-01,0,8.503980268742675e-08,1.0
0000882291,AEMD,2022-02-02,0,8.503980268742675e-08,1.0
0000882291,AEMD,2022-02-03,0,8.503980268742675e-08,1.0
0000882291,AEMD,2022-02-04,0,8.503980268742675e-08,1.0
0000882291,AEMD,2022-02-07,0,9.222275380077712e-08,1.0
0000882291,AEMD,2022-02-08,0,1.3247043137520208e-07,1.0
0000882291,AEMD,2022-02-09,0,1.3247043137520208e-07,1.0
0000882291,AEMD,2022-02-10,0,1.3247043137520208e-07,1.0
0000882291,AEMD,2022-02-11,0,1.3247043137520208e-07,1.0
0000882291,AEMD,2022-02-14,0,1.3247043137520208e-07,1.0
0000882291,AEMD,2022-02-15,0,5.306427446603697e-06,1.0
0000882291,AEMD,2022-02-16,0,5.306427446603697e-06,1.0
0000882291,AEMD,2022-02-17,0,5.306427446603697e-06,1.0
0000882291,AEMD,2022-02-18,0,5.306427446603697e-06,1.0
0000882291,AEMD,2022-02-21,0,5.306427446603697e-06,1.0
0000882291,AEMD,2022-02-22,0,5.306427446603697e-06,1.0
0000882291,AEMD,2022-02-23,0,5.306427446603697e-06,1.0
0000882291,AEMD,2022-02-24,0,5.306427446603697e-06,1.0
0000882291,AEMD,2022-02-25,0,5.306427446603697e-06,1.0
0000882291,AEMD,2022-02-28,0,5.306427446603697e-06,1.0
0000882291,AEMD,2022-03-01,0,5.306427446603697e-06,1.0
0000882291,AEMD,2022-03-02,0,5.306427446603697e-06,1.0
0000882291,AEMD,2022-03-03,0,5.306427446603697e-06,1.0
0000882291,AEMD,2022-03-04,0,5.306427446603697e-06,1.0
0000882291,AEMD,2022-03-07,0,5.306427446603697e-06,1.0
0000882291,AEMD,2022-03-08,0,5.306427446603697e-06,1.0
0000882291,AEMD,2022-03-09,0,5.306427446603697e-06,1.0
0000882291,AEMD,2022-03-10,0,5.306427446603697e-06,1.0
0000882291,AEMD,2022-03-11,0,5.306427446603697e-06,1.0
0000882291,AEMD,2022-03-14,0,5.306427446603697e-06,1.0
0000882291,AEMD,2022-03-15,0,5.306427446603697e-06,1.0
0000882291,AEMD,2022-03-16,0,5.306427446603697e-06,1.0
0000882291,AEMD,2022-03-17,0,5.306427446603697e-06,1.0
0000882291,AEMD,2022-03-18,0,8.777612378971034e-08,1.0
0000882291,AEMD,2022-03-21,0,8.777612378971034e-08,1.0
0000882291,AEMD,2022-03-22,0,8.777612378971034e-08,1.0
0000882291,AEMD,2022-03-23,0,8.777612378971034e-08,1.0
0000882291,AEMD,2022-03-24,0,8.777612378971034e-08,1.0
0000882291,AEMD,2022-03-25,0,2.8290395882307707e-10,1.0
0000882291,AEMD,2022-03-28,0,2.8290395882307707e-10,1.0
0000882291,AEMD,2022-03-29,0,5.084247635198355e-10,1.0
0000882291,AEMD,2022-03-30,0,5.084247635198355e-10,1.0
0000882291,AEMD,2022-03-31,0,5.084247635198355e-10,1.0
0000882291,AEMD,2022-04-01,0,5.084247635198355e-10,1.0
0000882291,AEMD,2022-04-04,0,5.084247635198355e-10,1.0
0000882291,AEMD,2022-04-05,0,5.084247635198355e-10,1.0
0000882291,AEMD,2022-04-06,0,5.084247635198355e-10,1.0
0000882291,AEMD,2022-04-07,0,5.084247635198355e-10,1.0
0000882291,AEMD,2022-04-08,0,5.084247635198355e-10,1.0
0000882291,AEMD,2022-04-11,0,5.084247635198355e-10,1.0
0000882291,AEMD,2022-04-12,0,5.084247635198355e-10,1.0
0000882291,AEMD,2022-04-13,0,5.084247635198355e-10,1.0
0000882291,AEMD,2022-04-14,0,5.084247635198355e-10,1.0
0000882291,AEMD,2022-04-15,0,5.084247635198355e-10,1.0
0000882291,AEMD,2022-04-18,0,5.084247635198355e-10,1.0
0000882291,AEMD,2022-04-19,0,5.084247635198355e-10,1.0
0000882291,AEMD,2022-04-20,0,5.084247635198355e-10,1.0
0000882291,AEMD,2022-04-21,0,5.084247635198355e-10,1.0
0000882291,AEMD,2022-04-22,0,5.084247635198355e-10,1.0
0000882291,AEMD,2022-04-25,0,1.0923082038593589e-07,1.0
0000882291,AEMD,2022-04-26,0,1.0923082038593589e-07,1.0
0000882291,AEMD,2022-04-27,0,1.0923082038593589e-07,1.0
0000882291,AEMD,2022-04-28,0,1.0923082038593589e-07,1.0
0000882291,AEMD,2022-04-29,0,1.0923082038593589e-07,1.0
0000882291,AEMD,2022-05-02,0,1.0923082038593589e-07,1.0
0000882291,AEMD,2022-05-03,0,1.0923082038593589e-07,1.0
0000882291,AEMD,2022-05-04,0,1.0923082038593589e-07,1.0
0000882291,AEMD,2022-05-05,0,1.0923082038593589e-07,1.0
0000882291,AEMD,2022-05-06,0,1.0923082038593589e-07,1.0
0000882291,AEMD,2022-05-09,0,1.0923082038593589e-07,1.0
0000882291,AEMD,2022-05-10,0,1.1467657152647179e-07,1.0
0000882291,AEMD,2022-05-11,0,1.1467657152647179e-07,1.0
0000882291,AEMD,2022-05-12,0,1.1467657152647179e-07,1.0
0000882291,AEMD,2022-05-13,0,1.1467657152647179e-07,1.0
0000882291,AEMD,2022-05-16,0,1.1467657152647179e-07,1.0
0000882291,AEMD,2022-05-17,0,1.6472349961154574e-07,1.0
0000882291,AEMD,2022-05-18,0,1.6472349961154574e-07,1.0
0000882291,AEMD,2022-05-19,0,1.6472349961154574e-07,1.0
0000882291,AEMD,2022-05-20,0,1.6472349961154574e-07,1.0
0000882291,AEMD,2022-05-23,0,1.6472349961154574e-07,1.0
0000882291,AEMD,2022-05-24,0,1.6472349961154574e-07,1.0
0000882291,AEMD,2022-05-25,0,1.6472349961154574e-07,1.0
0000882291,AEMD,2022-05-26,0,1.6472349961154574e-07,1.0
0000882291,AEMD,2022-05-27,0,1.6472349961154574e-07,1.0
0000882291,AEMD,2022-05-30,0,1.6472349961154574e-07,1.0
0000882291,AEMD,2022-05-31,0,1.6472349961154574e-07,1.0
0000882291,AEMD,2022-06-01,0,1.6472349961154574e-07,1.0
0000882291,AEMD,2022-06-02,0,1.6472349961154574e-07,1.0
0000882291,AEMD,2022-06-03,0,1.6472349961154574e-07,1.0
0000882291,AEMD,2022-06-06,0,1.6472349961154574e-07,1.0
0000882291,AEMD,2022-06-07,0,1.6472349961154574e-07,1.0
0000882291,AEMD,2022-06-08,0,1.6472349961154574e-07,1.0
0000882291,AEMD,2022-06-09,0,1.6472349961154574e-07,1.0
0000882291,AEMD,2022-06-10,0,1.6472349961154574e-07,1.0
0000882291,AEMD,2022-06-13,0,1.6472349961154574e-07,1.0
0000882291,AEMD,2022-06-14,0,1.6472349961154574e-07,1.0
0000882291,AEMD,2022-06-15,0,1.6472349961154574e-07,1.0
0000882291,AEMD,2022-06-16,0,1.6472349961154574e-07,1.0
0000882291,AEMD,2022-06-17,0,1.6472349961154574e-07,1.0
0000882291,AEMD,2022-06-20,0,1.6472349961154574e-07,1.0
0000882291,AEMD,2022-06-21,0,1.6472349961154574e-07,1.0
0000882291,AEMD,2022-06-22,0,1.6472349961154574e-07,1.0
0000882291,AEMD,2022-06-23,0,2.354014948683403e-07,1.0
0000882291,AEMD,2022-06-24,0,2.354014948683403e-07,1.0
0000882291,AEMD,2022-06-27,0,2.354014948683403e-07,1.0
0000882291,AEMD,2022-06-28,0,2.354014948683403e-07,1.0
0000882291,AEMD,2022-06-29,0,1.7006931850989335e-07,1.0
0000882291,AEMD,2022-06-30,0,1.7006931850989335e-07,1.0
0000882291,AEMD,2022-07-01,0,1.7006931850989335e-07,1.0
0000882291,AEMD,2022-07-04,0,1.7006931850989335e-07,1.0
0000882291,AEMD,2022-07-05,0,1.7006931850989335e-07,1.0
0000882291,AEMD,2022-07-06,0,1.7006931850989335e-07,1.0
0000882291,AEMD,2022-07-07,0,1.7006931850989335e-07,1.0
0000882291,AEMD,2022-07-08,0,1.7006931850989335e-07,1.0
0000882291,AEMD,2022-07-11,0,1.7006931850989335e-07,1.0
0000882291,AEMD,2022-07-12,0,1.7006931850989335e-07,1.0
0000882291,AEMD,2022-07-13,0,1.7006931850989335e-07,1.0
0000882291,AEMD,2022-07-14,0,1.7006931850989335e-07,1.0
0000882291,AEMD,2022-07-15,0,1.7006931850989335e-07,1.0
0000882291,AEMD,2022-07-18,0,9.970569091817071e-06,1.0
0000882291,AEMD,2022-07-19,0,9.970569091817071e-06,1.0
0000882291,AEMD,2022-07-20,0,9.970569091817071e-06,1.0
0000882291,AEMD,2022-07-21,0,9.970569091817071e-06,1.0
0000882291,AEMD,2022-07-22,0,9.970569091817071e-06,1.0
0000882291,AEMD,2022-07-25,0,9.970569091817071e-06,1.0
0000882291,AEMD,2022-07-26,0,9.970569091817071e-06,1.0
0000882291,AEMD,2022-07-27,0,9.970569091817071e-06,1.0
0000882291,AEMD,2022-07-28,0,0.0005842096367491293,1.0
0000882291,AEMD,2022-07-29,0,2.2811819990183907e-05,1.0
0000882291,AEMD,2022-08-01,0,2.2811819990183907e-05,1.0
0000882291,AEMD,2022-08-02,0,2.2811819990183907e-05,1.0
0000882291,AEMD,2022-08-03,0,2.2811819990183907e-05,1.0
0000882291,AEMD,2022-08-04,0,2.2811819990183907e-05,1.0
0000882291,AEMD,2022-08-05,0,2.2811819990183907e-05,1.0
0000882291,AEMD,2022-08-08,0,2.2811819990183907e-05,1.0
0000882291,AEMD,2022-08-09,0,2.2811819990183907e-05,1.0
0000882291,AEMD,2022-08-10,0,0.0014086552188408484,1.0
0000882291,AEMD,2022-08-11,0,0.0014086552188408484,1.0
0000882291,AEMD,2022-08-12,0,0.0014086552188408484,1.0
0000882291,AEMD,2022-08-15,0,0.001478780505971336,1.0
0000882291,AEMD,2022-08-16,0,0.001478780505971336,1.0
0000882291,AEMD,2022-08-17,0,0.000942413911667665,1.0
0000882291,AEMD,2022-08-18,0,0.000942413911667665,1.0
0000882291,AEMD,2022-08-19,0,0.000942413911667665,1.0
0000882291,AEMD,2022-08-22,0,0.000942413911667665,1.0
0000882291,AEMD,2022-08-23,0,0.000942413911667665,1.0
0000882291,AEMD,2022-08-24,0,0.000942413911667665,1.0
0000882291,AEMD,2022-08-25,0,0.000942413911667665,1.0
0000882291,AEMD,2022-08-26,0,0.000942413911667665,1.0
0000882291,AEMD,2022-08-29,0,0.0058024398835042415,1.0
0000882291,AEMD,2022-08-30,0,0.0058024398835042415,1.0
0000882291,AEMD,2022-08-31,0,0.0058024398835042415,1.0
0000882291,AEMD,2022-09-01,0,0.0058024398835042415,1.0
0000882291,AEMD,2022-09-02,0,0.0058024398835042415,1.0
0000882291,AEMD,2022-09-05,0,0.0058024398835042415,1.0
0000882291,AEMD,2022-09-06,0,0.0058024398835042415,1.0
0000882291,AEMD,2022-09-07,0,0.0058024398835042415,1.0
0000882291,AEMD,2022-09-08,0,0.0058024398835042415,1.0
0000882291,AEMD,2022-09-09,0,9.583622826761393e-05,1.0
0000882291,AEMD,2022-09-12,0,9.583622826761393e-05,1.0
0000882291,AEMD,2022-09-13,0,9.583622826761393e-05,1.0
0000882291,AEMD,2022-09-14,0,9.583622826761393e-05,1.0
0000882291,AEMD,2022-09-15,0,9.583622826761393e-05,1.0
0000882291,AEMD,2022-09-16,0,9.583622826761393e-05,1.0
0000882291,AEMD,2022-09-19,0,9.583622826761393e-05,1.0
0000882291,AEMD,2022-09-20,0,9.583622826761393e-05,1.0
0000882291,AEMD,2022-09-21,0,9.686824944609417e-05,1.0
0000882291,AEMD,2022-09-22,0,9.686824944609417e-05,1.0
0000882291,AEMD,2022-09-23,0,9.686824944609417e-05,1.0
0000882291,AEMD,2022-09-26,0,9.686824944609417e-05,1.0
0000882291,AEMD,2022-09-27,0,4.3807380792947626e-05,1.0
0000882291,AEMD,2022-09-28,0,4.3807380792947626e-05,1.0
0000882291,AEMD,2022-09-29,0,4.3807380792947626e-05,1.0
0000882291,AEMD,2022-09-30,0,4.3807380792947626e-05,1.0
0000882291,AEMD,2022-10-03,0,4.3807380792947626e-05,1.0
0000882291,AEMD,2022-10-04,0,4.3807380792947626e-05,1.0
0000882291,AEMD,2022-10-05,0,4.3807380792947626e-05,1.0
0000882291,AEMD,2022-10-06,0,4.3807380792947626e-05,1.0
0000882291,AEMD,2022-10-07,0,4.3807380792947626e-05,1.0
0000882291,AEMD,2022-10-10,0,4.3807380792947626e-05,1.0
0000882291,AEMD,2022-10-11,0,4.3807380792947626e-05,1.0
0000882291,AEMD,2022-10-12,0,4.3807380792947626e-05,1.0
0000882291,AEMD,2022-10-13,0,4.3807380792947626e-05,1.0
0000882291,AEMD,2022-10-14,0,4.3807380792947626e-05,1.0
0000882291,AEMD,2022-10-17,0,2.0194487824667497e-06,1.0
0000882291,AEMD,2022-10-18,0,2.0194487824667497e-06,1.0
0000882291,AEMD,2022-10-19,0,2.0194487824667497e-06,1.0
0000882291,AEMD,2022-10-20,0,2.0194487824667497e-06,1.0
0000882291,AEMD,2022-10-21,0,2.0194487824667497e-06,1.0
0000882291,AEMD,2022-10-24,0,2.0194487824667497e-06,1.0
0000882291,AEMD,2022-10-25,0,2.0194487824667497e-06,1.0
0000882291,AEMD,2022-10-26,0,2.0130445611826772e-07,1.0
0000882291,AEMD,2022-10-27,0,2.0130445611826772e-07,1.0
0000882291,AEMD,2022-10-28,0,2.0130445611826772e-07,1.0
0000882291,AEMD,2022-10-31,0,2.0130445611826772e-07,1.0
0000882291,AEMD,2022-11-01,0,2.0130445611826772e-07,1.0
0000882291,AEMD,2022-11-02,0,2.0130445611826772e-07,1.0
0000882291,AEMD,2022-11-03,0,2.0130445611826772e-07,1.0
0000882291,AEMD,2022-11-04,0,2.0130445611826772e-07,1.0
0000882291,AEMD,2022-11-07,0,2.0130445611826772e-07,1.0
0000882291,AEMD,2022-11-08,0,2.90756892843039e-07,1.0
0000882291,AEMD,2022-11-09,0,2.90756892843039e-07,1.0
0000882291,AEMD,2022-11-10,0,2.90756892843039e-07,1.0
0000882291,AEMD,2022-11-11,0,2.90756892843039e-07,1.0
0000882291,AEMD,2022-11-14,0,2.90756892843039e-07,1.0
0000882291,AEMD,2022-11-15,0,1.1852341314189879e-05,1.0
0000882291,AEMD,2022-11-16,0,1.1852341314189879e-05,1.0
0000882291,AEMD,2022-11-17,0,1.1852341314189879e-05,1.0
0000882291,AEMD,2022-11-18,0,1.1852341314189879e-05,1.0
0000882291,AEMD,2022-11-21,0,1.1852341314189879e-05,1.0
0000882291,AEMD,2022-11-22,0,1.1852341314189879e-05,1.0
0000882291,AEMD,2022-11-23,0,1.1852341314189879e-05,1.0
0000882291,AEMD,2022-11-24,0,1.1852341314189879e-05,1.0
0000882291,AEMD,2022-11-25,0,1.1852341314189879e-05,1.0
0000882291,AEMD,2022-11-28,0,1.1852341314189879e-05,1.0
0000882291,AEMD,2022-11-29,0,1.1852341314189879e-05,1.0
0000882291,AEMD,2022-11-30,0,1.1852341314189879e-05,1.0
0000882291,AEMD,2022-12-01,0,1.1852341314189879e-05,1.0
0000882291,AEMD,2022-12-02,0,1.1852341314189879e-05,1.0
0000882291,AEMD,2022-12-05,0,1.1852341314189879e-05,1.0
0000882291,AEMD,2022-12-06,0,1.1852341314189879e-05,1.0
0000882291,AEMD,2022-12-07,0,1.1852341314189879e-05,1.0
0000882291,AEMD,2022-12-08,0,1.1852341314189879e-05,1.0
0000882291,AEMD,2022-12-09,0,1.1852341314189879e-05,1.0
0000882291,AEMD,2022-12-12,0,1.1852341314189879e-05,1.0
0000882291,AEMD,2022-12-13,0,1.1852341314189879e-05,1.0
0000882291,AEMD,2022-12-14,0,1.1852341314189879e-05,1.0
0000882291,AEMD,2022-12-15,0,1.9185165511370981e-07,1.0
0000882291,AEMD,2022-12-16,0,1.9185165511370981e-07,1.0
0000882291,AEMD,2022-12-19,0,1.9185165511370981e-07,1.0
0000882291,AEMD,2022-12-20,0,1.9185165511370981e-07,1.0
0000882291,AEMD,2022-12-21,0,1.9185165511370981e-07,1.0
0000882291,AEMD,2022-12-22,0,1.9185165511370981e-07,1.0
0000882291,AEMD,2022-12-23,0,1.9185165511370981e-07,1.0
0000882291,AEMD,2022-12-26,0,1.9185796497991592e-07,1.0
0000882291,AEMD,2022-12-27,0,1.9185796497991592e-07,1.0
0000882291,AEMD,2022-12-28,0,1.9185796497991592e-07,1.0
0000882291,AEMD,2022-12-29,0,1.9185796497991592e-07,1.0
0000882291,AEMD,2022-12-30,0,1.9185796497991592e-07,1.0
0000882291,AEMD,2023-01-02,0,1.9185796497991592e-07,1.0
0000882291,AEMD,2023-01-03,0,1.9185796497991592e-07,1.0
0000882291,AEMD,2023-01-04,0,1.9185796497991592e-07,1.0
0000882291,AEMD,2023-01-05,0,1.9185796497991592e-07,1.0
0000882291,AEMD,2023-01-06,0,1.9185796497991592e-07,1.0
0000882291,AEMD,2023-01-09,0,1.9185796497991592e-07,1.0
0000882291,AEMD,2023-01-10,0,1.9185796497991592e-07,1.0
0000882291,AEMD,2023-01-11,0,1.9185796497991592e-07,1.0
0000882291,AEMD,2023-01-12,0,1.9185796497991592e-07,1.0
0000882291,AEMD,2023-01-13,0,1.9185796497991592e-07,1.0
0000882291,AEMD,2023-01-16,0,1.1609379810855962e-07,1.0
0000882291,AEMD,2023-01-17,0,1.1609379810855962e-07,1.0
0000882291,AEMD,2023-01-18,0,1.1609379810855962e-07,1.0
0000882291,AEMD,2023-01-19,0,1.1609379810855962e-07,1.0
0000882291,AEMD,2023-01-20,0,1.1609379810855962e-07,1.0
0000882291,AEMD,2023-01-23,0,1.1609379810855962e-07,1.0
0000882291,AEMD,2023-01-24,0,2.379430241772915e-07,1.0
0000882291,AEMD,2023-01-25,0,2.379430241772915e-07,1.0
0000882291,AEMD,2023-01-26,0,2.379430241772915e-07,1.0
0000882291,AEMD,2023-01-27,0,2.379430241772915e-07,1.0
0000882291,AEMD,2023-01-30,0,2.379430241772915e-07,1.0
0000882291,AEMD,2023-01-31,0,2.379430241772915e-07,1.0
0000882291,AEMD,2023-02-01,0,2.379430241772915e-07,1.0
0000882291,AEMD,2023-02-02,0,2.379430241772915e-07,1.0
0000882291,AEMD,2023-02-03,0,2.379430241772915e-07,1.0
0000882291,AEMD,2023-02-06,0,2.487950224554614e-07,1.0
0000882291,AEMD,2023-02-07,0,2.487950224554614e-07,1.0
0000882291,AEMD,2023-02-08,0,2.487950224554614e-07,1.0
0000882291,AEMD,2023-02-09,0,2.487950224554614e-07,1.0
0000882291,AEMD,2023-02-10,0,2.487950224554614e-07,1.0
0000882291,AEMD,2023-02-13,0,3.633372143019196e-07,1.0
0000882291,AEMD,2023-02-14,0,1.4897518368243415e-05,1.0
0000882291,AEMD,2023-02-15,0,1.4897518368243415e-05,1.0
0000882291,AEMD,2023-02-16,0,1.4897518368243415e-05,1.0
0000882291,AEMD,2023-02-17,0,1.4897518368243415e-05,1.0
0000882291,AEMD,2023-02-20,0,1.4897518368243415e-05,1.0
0000882291,AEMD,2023-02-21,0,1.4897518368243415e-05,1.0
0000882291,AEMD,2023-02-22,0,1.4897518368243415e-05,1.0
0000882291,AEMD,2023-02-23,0,1.4897518368243415e-05,1.0
0000882291,AEMD,2023-02-24,0,1.4897518368243415e-05,1.0
0000882291,AEMD,2023-02-27,0,1.4897518368243415e-05,1.0
0000882291,AEMD,2023-02-28,0,1.4897518368243415e-05,1.0
0000882291,AEMD,2023-03-01,0,1.4897518368243415e-05,1.0
0000882291,AEMD,2023-03-02,0,1.4897518368243415e-05,1.0
0000882291,AEMD,2023-03-03,0,1.4897518368243415e-05,1.0
0000882291,AEMD,2023-03-06,0,1.4897518368243415e-05,1.0
0000882291,AEMD,2023-03-07,0,1.4897518368243415e-05,1.0
0000882291,AEMD,2023-03-08,0,1.4897518368243415e-05,1.0
0000882291,AEMD,2023-03-09,0,1.4897518368243415e-05,1.0
0000882291,AEMD,2023-03-10,0,1.4897518368243415e-05,1.0
0000882291,AEMD,2023-03-13,0,1.4897518368243415e-05,1.0
0000882291,AEMD,2023-03-14,0,1.4897518368243415e-05,1.0
0000882291,AEMD,2023-03-15,0,1.4897518368243415e-05,1.0
0000882291,AEMD,2023-03-16,0,1.4897518368243415e-05,1.0
0000882291,AEMD,2023-03-17,0,2.3940769794459013e-07,1.0
0000882291,AEMD,2023-03-20,0,2.3940769794459013e-07,1.0
0000882291,AEMD,2023-03-21,0,2.3940769794459013e-07,1.0
0000882291,AEMD,2023-03-22,0,2.3940769794459013e-07,1.0
0000882291,AEMD,2023-03-23,0,2.3940769794459013e-07,1.0
0000882291,AEMD,2023-03-24,0,2.3940769794459013e-07,1.0
0000882291,AEMD,2023-03-27,0,2.3940769794459013e-07,1.0
0000882291,AEMD,2023-03-28,0,2.3940769794459013e-07,1.0
0000882291,AEMD,2023-03-29,0,2.3940769794459013e-07,1.0
0000882291,AEMD,2023-03-30,0,2.3940769794459013e-07,1.0
0000882291,AEMD,2023-03-31,0,2.3940769794459013e-07,1.0
0000882291,AEMD,2023-04-03,0,2.3940769794459013e-07,1.0
0000882291,AEMD,2023-04-04,0,2.3940769794459013e-07,1.0
0000882291,AEMD,2023-04-05,0,2.3940769794459013e-07,1.0
0000882291,AEMD,2023-04-06,0,2.3940769794459013e-07,1.0
0000882291,AEMD,2023-04-07,0,2.3940769794459013e-07,1.0
0000882291,AEMD,2023-04-10,0,2.3940769794459013e-07,1.0
0000882291,AEMD,2023-04-11,0,2.3940769794459013e-07,1.0
0000882291,AEMD,2023-04-12,0,2.3940769794459013e-07,1.0
0000882291,AEMD,2023-04-13,0,2.3940769794459013e-07,1.0
0000882291,AEMD,2023-04-14,0,2.3940769794459013e-07,1.0
0000882291,AEMD,2023-04-17,0,2.3940769794459013e-07,1.0
0000882291,AEMD,2023-04-18,0,2.3940769794459013e-07,1.0
0000882291,AEMD,2023-04-19,0,2.3940769794459013e-07,1.0
0000882291,AEMD,2023-04-20,0,2.3940769794459013e-07,1.0
0000882291,AEMD,2023-04-21,0,2.3940769794459013e-07,1.0
0000882291,AEMD,2023-04-24,0,2.3940769794459013e-07,1.0
0000882291,AEMD,2023-04-25,0,2.3940769794459013e-07,1.0
0000882291,AEMD,2023-04-26,0,2.3940769794459013e-07,1.0
0000882291,AEMD,2023-04-27,0,2.3940769794459013e-07,1.0
0000882291,AEMD,2023-04-28,0,2.3940769794459013e-07,1.0
0000882291,AEMD,2023-05-01,0,2.3940769794459013e-07,1.0
0000882291,AEMD,2023-05-02,0,2.3940769794459013e-07,1.0
0000882291,AEMD,2023-05-03,0,2.3940769794459013e-07,1.0
0000882291,AEMD,2023-05-04,0,2.3940769794459013e-07,1.0
0000882291,AEMD,2023-05-05,0,2.3940769794459013e-07,1.0
0000882291,AEMD,2023-05-08,0,2.3940769794459013e-07,1.0
0000882291,AEMD,2023-05-09,0,2.3940769794459013e-07,1.0
0000882291,AEMD,2023-05-10,0,2.3940769794459013e-07,1.0
0000882291,AEMD,2023-05-11,0,2.3940769794459013e-07,1.0
0000882291,AEMD,2023-05-12,0,2.3940769794459013e-07,1.0
0000882291,AEMD,2023-05-15,0,2.4830486989850253e-07,1.0
0000882291,AEMD,2023-05-16,0,3.646273313125604e-07,1.0
0000882291,AEMD,2023-05-17,0,3.646273313125604e-07,1.0
0000882291,AEMD,2023-05-18,0,3.646273313125604e-07,1.0
0000882291,AEMD,2023-05-19,0,3.646273313125604e-07,1.0
0000882291,AEMD,2023-05-22,0,3.646273313125604e-07,1.0
0000882291,AEMD,2023-05-23,0,3.646273313125604e-07,1.0
0000882291,AEMD,2023-05-24,0,3.646273313125604e-07,1.0
0000882291,AEMD,2023-05-25,0,3.646273313125604e-07,1.0
0000882291,AEMD,2023-05-26,0,3.646273313125604e-07,1.0
0000882291,AEMD,2023-05-29,0,3.646273313125604e-07,1.0
0000882291,AEMD,2023-05-30,0,3.646273313125604e-07,1.0
0000882291,AEMD,2023-05-31,0,3.646273313125604e-07,1.0
0000882291,AEMD,2023-06-01,0,3.646273313125604e-07,1.0
0000882291,AEMD,2023-06-02,0,3.646273313125604e-07,1.0
0000882291,AEMD,2023-06-05,0,3.646273313125604e-07,1.0
0000882291,AEMD,2023-06-06,0,3.646273313125604e-07,1.0
0000882291,AEMD,2023-06-07,0,3.646273313125604e-07,1.0
0000882291,AEMD,2023-06-08,0,3.646273313125604e-07,1.0
0000882291,AEMD,2023-06-09,0,3.646273313125604e-07,1.0
0000882291,AEMD,2023-06-12,0,3.646273313125604e-07,1.0
0000882291,AEMD,2023-06-13,0,3.646273313125604e-07,1.0
0000882291,AEMD,2023-06-14,0,3.646273313125604e-07,1.0
0000882291,AEMD,2023-06-15,0,3.646273313125604e-07,1.0
0000882291,AEMD,2023-06-16,0,3.646273313125604e-07,1.0
0000882291,AEMD,2023-06-19,0,3.646273313125604e-07,1.0
0000882291,AEMD,2023-06-20,0,3.646273313125604e-07,1.0
0000882291,AEMD,2023-06-21,0,3.646273313125604e-07,1.0
0000882291,AEMD,2023-06-22,0,3.646273313125604e-07,1.0
0000882291,AEMD,2023-06-23,0,3.646273313125604e-07,1.0
0000882291,AEMD,2023-06-26,0,3.646273313125604e-07,1.0
0000882291,AEMD,2023-06-27,0,3.646273313125604e-07,1.0
0000882291,AEMD,2023-06-28,0,3.646273313125604e-07,1.0
0000882291,AEMD,2023-06-29,0,2.2458246748920112e-07,1.0
0000882291,AEMD,2023-06-30,0,2.2458246748920112e-07,1.0
0000882291,AEMD,2023-07-03,0,2.2458246748920112e-07,1.0
0000882291,AEMD,2023-07-04,0,2.2458246748920112e-07,1.0
0000882291,AEMD,2023-07-05,0,2.2458246748920112e-07,1.0
0000882291,AEMD,2023-07-06,0,2.2458246748920112e-07,1.0
0000882291,AEMD,2023-07-07,0,2.2458246748920112e-07,1.0
0000882291,AEMD,2023-07-10,0,2.2458246748920112e-07,1.0
0000882291,AEMD,2023-07-11,0,2.2458246748920112e-07,1.0
0000882291,AEMD,2023-07-12,0,2.2458246748920112e-07,1.0
0000882291,AEMD,2023-07-13,0,2.2458246748920112e-07,1.0
0000882291,AEMD,2023-07-14,0,2.2458246748920112e-07,1.0
0000882291,AEMD,2023-07-17,0,2.2458246748920112e-07,1.0
0000882291,AEMD,2023-07-18,0,1.7027360053943837e-07,1.0
0000882291,AEMD,2023-07-19,0,1.7027360053943837e-07,1.0
0000882291,AEMD,2023-07-20,0,1.7027360053943837e-07,1.0
0000882291,AEMD,2023-07-21,0,1.7027360053943837e-07,1.0
0000882291,AEMD,2023-07-24,0,1.7027360053943837e-07,1.0
0000882291,AEMD,2023-07-25,0,1.7027360053943837e-07,1.0
0000882291,AEMD,2023-07-26,0,1.7027360053943837e-07,1.0
0000882291,AEMD,2023-07-27,0,1.7027360053943837e-07,1.0
0000882291,AEMD,2023-07-28,0,1.2909778302836755e-07,1.0
0000882291,AEMD,2023-07-31,0,9.761840432695838e-10,1.0
0000882291,AEMD,2023-08-01,0,9.761840432695838e-10,1.0
0000882291,AEMD,2023-08-02,0,9.761840432695838e-10,1.0
0000882291,AEMD,2023-08-03,0,9.761840432695838e-10,1.0
0000882291,AEMD,2023-08-04,0,9.761840432695838e-10,1.0
0000882291,AEMD,2023-08-07,0,9.761840432695838e-10,1.0
0000882291,AEMD,2023-08-08,0,9.761840432695838e-10,1.0
0000882291,AEMD,2023-08-09,0,9.761840432695838e-10,1.0
0000882291,AEMD,2023-08-10,0,9.761840432695838e-10,1.0
0000882291,AEMD,2023-08-11,0,6.251237432615929e-08,1.0
0000882291,AEMD,2023-08-14,0,6.457320339943641e-08,1.0
0000882291,AEMD,2023-08-15,0,6.457320339943641e-08,1.0
0000882291,AEMD,2023-08-16,0,6.457320339943641e-08,1.0
0000882291,AEMD,2023-08-17,0,1.1684473042878054e-07,1.0
0000882291,AEMD,2023-08-18,0,1.1684473042878054e-07,1.0
0000882291,AEMD,2023-08-21,0,1.1684473042878054e-07,1.0
0000882291,AEMD,2023-08-22,0,1.1684473042878054e-07,1.0
0000882291,AEMD,2023-08-23,0,1.1684473042878054e-07,1.0
0000882291,AEMD,2023-08-24,0,1.1684473042878054e-07,1.0
0000882291,AEMD,2023-08-25,0,1.1684473042878054e-07,1.0
0000882291,AEMD,2023-08-28,0,8.963517125545524e-06,1.0
0000882291,AEMD,2023-08-29,0,8.963517125545524e-06,1.0
0000882291,AEMD,2023-08-30,0,8.963517125545524e-06,1.0
0000882291,AEMD,2023-08-31,0,8.963517125545524e-06,1.0
0000882291,AEMD,2023-09-01,0,8.963517125545524e-06,1.0
0000882291,AEMD,2023-09-04,0,8.963517125545524e-06,1.0
0000882291,AEMD,2023-09-05,0,8.963517125545524e-06,1.0
0000882291,AEMD,2023-09-06,0,8.963517125545524e-06,1.0
0000882291,AEMD,2023-09-07,0,8.963517125545524e-06,1.0
0000882291,AEMD,2023-09-08,0,8.963517125545524e-06,1.0
0000882291,AEMD,2023-09-11,0,1.4095631404750366e-07,1.0
0000882291,AEMD,2023-09-12,0,1.4095631404750366e-07,1.0
0000882291,AEMD,2023-09-13,0,1.4095631404750366e-07,1.0
0000882291,AEMD,2023-09-14,0,1.4095631404750366e-07,1.0
0000882291,AEMD,2023-09-15,0,1.4095631404750366e-07,1.0
0000882291,AEMD,2023-09-18,0,1.4095631404750366e-07,1.0
0000882291,AEMD,2023-09-19,0,1.4095631404750366e-07,1.0
0000882291,AEMD,2023-09-20,0,1.4095631404750366e-07,1.0
0000882291,AEMD,2023-09-21,0,1.4095631404750366e-07,1.0
0000882291,AEMD,2023-09-22,0,1.4095631404750366e-07,1.0
0000882291,AEMD,2023-09-25,0,1.4095631404750366e-07,1.0
0000882291,AEMD,2023-09-26,0,1.4095631404750366e-07,1.0
0000882291,AEMD,2023-09-27,0,1.3779675656463692e-07,1.0
0000882291,AEMD,2023-09-28,0,1.3779675656463692e-07,1.0
0000882291,AEMD,2023-09-29,0,1.3779675656463692e-07,1.0
0000882291,AEMD,2023-10-02,0,1.3779675656463692e-07,1.0
0000882291,AEMD,2023-10-03,0,1.3779675656463692e-07,1.0
0000882291,AEMD,2023-10-04,0,1.3779675656463692e-07,1.0
0000882291,AEMD,2023-10-05,0,1.3779675656463692e-07,1.0
0000882291,AEMD,2023-10-06,0,1.3779675656463692e-07,1.0
0000882291,AEMD,2023-10-09,0,1.3779675656463692e-07,1.0
0000882291,AEMD,2023-10-10,0,1.3779675656463692e-07,1.0
0000882291,AEMD,2023-10-11,0,1.3779675656463692e-07,1.0
0000882291,AEMD,2023-10-12,0,1.3779675656463692e-07,1.0
0000882291,AEMD,2023-10-13,0,1.3779675656463692e-07,1.0
0000882291,AEMD,2023-10-16,0,1.0256506379866151e-07,1.0
0000882291,AEMD,2023-10-17,0,1.0256506379866151e-07,1.0
0000882291,AEMD,2023-10-18,0,1.0256506379866151e-07,1.0
0000882291,AEMD,2023-10-19,0,1.0256506379866151e-07,1.0
0000882291,AEMD,2023-10-20,0,1.0256506379866151e-07,1.0
0000882291,AEMD,2023-10-23,0,1.0256506379866151e-07,1.0
0000882291,AEMD,2023-10-24,0,1.0256506379866151e-07,1.0
0000882291,AEMD,2023-10-25,0,1.0256506379866151e-07,1.0
0000882291,AEMD,2023-10-26,0,7.964672747718048e-08,1.0
0000882291,AEMD,2023-10-27,0,7.964672747718048e-08,1.0
0000882291,AEMD,2023-10-30,0,7.964672747718048e-08,1.0
0000882291,AEMD,2023-10-31,0,7.964672747718048e-08,1.0
0000882291,AEMD,2023-11-01,0,7.964672747718048e-08,1.0
0000882291,AEMD,2023-11-02,0,7.964672747718048e-08,1.0
0000882291,AEMD,2023-11-03,0,7.964672747718048e-08,1.0
0000882291,AEMD,2023-11-06,0,7.964672747718048e-08,1.0
0000882291,AEMD,2023-11-07,0,7.964672747718048e-08,1.0
0000882291,AEMD,2023-11-08,0,7.964672747718048e-08,1.0
0000882291,AEMD,2023-11-09,0,1.1891025598935747e-07,1.0
0000882291,AEMD,2023-11-10,0,1.1891025598935747e-07,1.0
0000882291,AEMD,2023-11-13,0,1.1891025598935747e-07,1.0
0000882291,AEMD,2023-11-14,0,1.1891025598935747e-07,1.0
0000882291,AEMD,2023-11-15,0,4.961593670585017e-06,1.0
0000882291,AEMD,2023-11-16,0,4.961593670585017e-06,1.0
0000882291,AEMD,2023-11-17,0,4.961593670585017e-06,1.0
0000882291,AEMD,2023-11-20,0,4.961593670585017e-06,1.0
0000882291,AEMD,2023-11-21,0,4.961593670585017e-06,1.0
0000882291,AEMD,2023-11-22,0,4.961593670585017e-06,1.0
0000882291,AEMD,2023-11-23,0,4.961593670585017e-06,1.0
0000882291,AEMD,2023-11-24,0,4.961593670585017e-06,1.0
0000882291,AEMD,2023-11-27,0,4.961593670585017e-06,1.0
0000882291,AEMD,2023-11-28,0,4.961593670585017e-06,1.0
0000882291,AEMD,2023-11-29,0,4.961593670585017e-06,1.0
0000882291,AEMD,2023-11-30,0,4.961593670585017e-06,1.0
0000882291,AEMD,2023-12-01,0,4.961593670585017e-06,1.0
0000882291,AEMD,2023-12-04,0,4.961593670585017e-06,1.0
0000882291,AEMD,2023-12-05,0,4.961593670585017e-06,1.0
0000882291,AEMD,2023-12-06,0,4.961593670585017e-06,1.0
0000882291,AEMD,2023-12-07,0,4.961593670585017e-06,1.0
0000882291,AEMD,2023-12-08,0,4.961593670585017e-06,1.0
0000882291,AEMD,2023-12-11,0,4.961593670585017e-06,1.0
0000882291,AEMD,2023-12-12,0,4.961593670585017e-06,1.0
0000882291,AEMD,2023-12-13,0,4.961593670585017e-06,1.0
0000882291,AEMD,2023-12-14,0,4.961593670585017e-06,1.0
0000882291,AEMD,2023-12-15,0,7.802352480546189e-08,1.0
0000882291,AEMD,2023-12-18,0,7.802352480546189e-08,1.0
0000882291,AEMD,2023-12-19,0,7.802352480546189e-08,1.0
0000882291,AEMD,2023-12-20,0,7.802352480546189e-08,1.0
0000882291,AEMD,2023-12-21,0,7.802352480546189e-08,1.0
0000882291,AEMD,2023-12-22,0,7.802352480546189e-08,1.0
0000882291,AEMD,2023-12-25,0,7.802352480546189e-08,1.0
0000882291,AEMD,2023-12-26,0,1.2917485786141806e-07,1.0
0000882291,AEMD,2023-12-27,0,1.2917485786141806e-07,1.0
0000882291,AEMD,2023-12-28,0,1.2917485786141806e-07,1.0
0000882291,AEMD,2023-12-29,0,1.2917485786141806e-07,1.0
0000882291,AEMD,2024-01-01,0,1.2917485786141806e-07,1.0
0000882291,AEMD,2024-01-02,0,1.2917485786141806e-07,1.0
0000882291,AEMD,2024-01-03,0,1.2917485786141806e-07,1.0
0000882291,AEMD,2024-01-04,0,1.2917485786141806e-07,1.0
0000882291,AEMD,2024-01-05,0,1.2917485786141806e-07,1.0
0000882291,AEMD,2024-01-08,0,1.2917485786141806e-07,1.0
0000882291,AEMD,2024-01-09,0,1.2917485786141806e-07,1.0
0000882291,AEMD,2024-01-10,0,1.2917485786141806e-07,1.0
0000882291,AEMD,2024-01-11,0,1.2917485786141806e-07,1.0
0000882291,AEMD,2024-01-12,0,1.2917485786141806e-07,1.0
0000882291,AEMD,2024-01-15,0,1.2655659176544892e-07,1.0
0000882291,AEMD,2024-01-16,0,1.2655659176544892e-07,1.0
0000882291,AEMD,2024-01-17,0,1.2655659176544892e-07,1.0
0000882291,AEMD,2024-01-18,0,1.2655659176544892e-07,1.0
0000882291,AEMD,2024-01-19,0,1.2655659176544892e-07,1.0
0000882291,AEMD,2024-01-22,0,1.2655659176544892e-07,1.0
0000882291,AEMD,2024-01-23,0,1.2655659176544892e-07,1.0
0000882291,AEMD,2024-01-24,0,2.4296832764726343e-07,1.0
0000882291,AEMD,2024-01-25,0,2.4296832764726343e-07,1.0
0000882291,AEMD,2024-01-26,0,2.4296832764726343e-07,1.0
0000882291,AEMD,2024-01-29,0,2.4296832764726343e-07,1.0
0000882291,AEMD,2024-01-30,0,2.4296832764726343e-07,1.0
0000882291,AEMD,2024-01-31,0,2.4296832764726343e-07,1.0
0000882291,AEMD,2024-02-01,0,2.4296832764726343e-07,1.0
0000882291,AEMD,2024-02-02,0,2.4296832764726343e-07,1.0
0000882291,AEMD,2024-02-05,0,2.4296832764726343e-07,1.0
0000882291,AEMD,2024-02-06,0,2.4296832764726343e-07,1.0
0000882291,AEMD,2024-02-07,0,2.479440116499913e-07,1.0
0000882291,AEMD,2024-02-08,0,2.479440116499913e-07,1.0
0000882291,AEMD,2024-02-09,0,2.479440116499913e-07,1.0
0000882291,AEMD,2024-02-12,0,2.479440116499913e-07,1.0
0000882291,AEMD,2024-02-13,0,3.7017319335174745e-07,1.0
0000882291,AEMD,2024-02-14,0,3.7017319335174745e-07,1.0
0000882291,AEMD,2024-02-15,0,1.544551530875817e-05,1.0
0000882291,AEMD,2024-02-16,0,1.544551530875817e-05,1.0
0000882291,AEMD,2024-02-19,0,1.544551530875817e-05,1.0
0000882291,AEMD,2024-02-20,0,1.544551530875817e-05,1.0
0000882291,AEMD,2024-02-21,0,1.544551530875817e-05,1.0
0000882291,AEMD,2024-02-22,0,1.544551530875817e-05,1.0
0000882291,AEMD,2024-02-23,0,1.544551530875817e-05,1.0
0000882291,AEMD,2024-02-26,0,1.544551530875817e-05,1.0
0000882291,AEMD,2024-02-27,0,1.544551530875817e-05,1.0
0000882291,AEMD,2024-02-28,0,1.544551530875817e-05,1.0
0000882291,AEMD,2024-02-29,0,1.544551530875817e-05,1.0
0000882291,AEMD,2024-03-01,0,1.544551530875817e-05,1.0
0000882291,AEMD,2024-03-04,0,1.544551530875817e-05,1.0
0000882291,AEMD,2024-03-05,0,1.544551530875817e-05,1.0
0000882291,AEMD,2024-03-06,0,1.544551530875817e-05,1.0
0000882291,AEMD,2024-03-07,0,1.544551530875817e-05,1.0
0000882291,AEMD,2024-03-08,0,1.544551530875817e-05,1.0
0000882291,AEMD,2024-03-11,0,1.544551530875817e-05,1.0
0000882291,AEMD,2024-03-12,0,1.544551530875817e-05,1.0
0000882291,AEMD,2024-03-13,0,1.544551530875817e-05,1.0
0000882291,AEMD,2024-03-14,0,1.544551530875817e-05,1.0
0000882291,AEMD,2024-03-15,0,1.544551530875817e-05,1.0
0000882291,AEMD,2024-03-18,0,2.4289090616101586e-07,1.0
0000882291,AEMD,2024-03-19,0,2.4289090616101586e-07,1.0
0000882291,AEMD,2024-03-20,0,2.4289090616101586e-07,1.0
0000882291,AEMD,2024-03-21,0,2.4289090616101586e-07,1.0
0000882291,AEMD,2024-03-22,0,2.4289090616101586e-07,1.0
0000882291,AEMD,2024-03-25,0,2.7726714414863804e-07,1.0
0000882291,AEMD,2024-03-26,0,2.7726714414863804e-07,1.0
0000882291,AEMD,2024-03-27,0,2.7726714414863804e-07,1.0
0000882291,AEMD,2024-03-28,0,2.7726714414863804e-07,1.0
0000882291,AEMD,2024-03-29,0,2.7726714414863804e-07,1.0
0000882291,AEMD,2024-04-01,0,2.7726714414863804e-07,1.0
0000882291,AEMD,2024-04-02,0,2.7726714414863804e-07,1.0
0000882291,AEMD,2024-04-03,0,2.7726714414863804e-07,1.0
0000882291,AEMD,2024-04-04,0,2.7726714414863804e-07,1.0
0000882291,AEMD,2024-04-05,0,2.7726714414863804e-07,1.0
0000882291,AEMD,2024-04-08,0,2.7726714414863804e-07,1.0
0000882291,AEMD,2024-04-09,0,2.7726714414863804e-07,1.0
0000882291,AEMD,2024-04-10,0,2.7726714414863804e-07,1.0
0000882291,AEMD,2024-04-11,0,2.7726714414863804e-07,1.0
0000882291,AEMD,2024-04-12,0,2.7726714414863804e-07,1.0
0000882291,AEMD,2024-04-15,0,2.7726714414863804e-07,1.0
0000882291,AEMD,2024-04-16,0,2.7726714414863804e-07,1.0
0000882291,AEMD,2024-04-17,0,2.7726714414863804e-07,1.0
0000882291,AEMD,2024-04-18,0,2.7726714414863804e-07,1.0
0000882291,AEMD,2024-04-19,0,2.7726714414863804e-07,1.0
0000882291,AEMD,2024-04-22,0,2.7726714414863804e-07,1.0
0000882291,AEMD,2024-04-23,0,2.7726714414863804e-07,1.0
0000882291,AEMD,2024-04-24,0,2.366705413510794e-05,1.0
0000882291,AEMD,2024-04-25,0,2.366705413510794e-05,1.0
0000882291,AEMD,2024-04-26,0,2.366705413510794e-05,1.0
0000882291,AEMD,2024-04-29,0,2.366705413510794e-05,1.0
0000882291,AEMD,2024-04-30,0,2.366705413510794e-05,1.0
0000882291,AEMD,2024-05-01,0,2.366705413510794e-05,1.0
0000882291,AEMD,2024-05-02,0,2.366705413510794e-05,1.0
0000882291,AEMD,2024-05-03,0,2.366705413510794e-05,1.0
0000882291,AEMD,2024-05-06,0,2.366705413510794e-05,1.0
0000882291,AEMD,2024-05-07,0,2.366705413510794e-05,1.0
0000882291,AEMD,2024-05-08,0,2.366705413510794e-05,1.0
0000882291,AEMD,2024-05-09,0,2.366705413510794e-05,1.0
0000882291,AEMD,2024-05-10,0,2.366705413510794e-05,1.0
0000882291,AEMD,2024-05-13,0,2.366705413510794e-05,1.0
0000882291,AEMD,2024-05-14,0,2.415171388022194e-05,1.0
0000882291,AEMD,2024-05-15,0,2.415171388022194e-05,1.0
0000882291,AEMD,2024-05-16,0,2.3494667460961578e-05,1.0
0000882291,AEMD,2024-05-17,0,2.3494667460961578e-05,1.0
0000882291,AEMD,2024-05-20,0,0.0014935971250228683,1.0
0000882291,AEMD,2024-05-21,0,0.0014935971250228683,1.0
0000882291,AEMD,2024-05-22,0,0.0014935971250228683,1.0
0000882291,AEMD,2024-05-23,0,0.0014935971250228683,1.0
0000882291,AEMD,2024-05-24,0,0.0014935971250228683,1.0
0000882291,AEMD,2024-05-27,0,0.0014935971250228683,1.0
0000882291,AEMD,2024-05-28,0,0.0014935971250228683,1.0
0000882291,AEMD,2024-05-29,0,0.0014935971250228683,1.0
0000882291,AEMD,2024-05-30,0,0.0014935971250228683,1.0
0000882291,AEMD,2024-05-31,0,0.0014935971250228683,1.0
0000882291,AEMD,2024-06-03,0,0.0014935971250228683,1.0
0000882291,AEMD,2024-06-04,0,0.0014935971250228683,1.0
0000882291,AEMD,2024-06-05,0,0.0014935971250228683,1.0
0000882291,AEMD,2024-06-06,0,0.0014935971250228683,1.0
0000882291,AEMD,2024-06-07,0,0.0014935971250228683,1.0
0000882291,AEMD,2024-06-10,0,0.0014935971250228683,1.0
0000882291,AEMD,2024-06-11,0,0.0014935971250228683,1.0
0000882291,AEMD,2024-06-12,0,0.0014935971250228683,1.0
0000882291,AEMD,2024-06-13,0,0.0014935971250228683,1.0
0000882291,AEMD,2024-06-14,0,0.0014935971250228683,1.0
0000882291,AEMD,2024-06-17,0,0.0014935971250228683,1.0
0000882291,AEMD,2024-06-18,0,0.0014935971250228683,1.0
0000882291,AEMD,2024-06-19,0,2.3692620447294276e-05,1.0
0000882291,AEMD,2024-06-20,0,2.3692620447294276e-05,1.0
0000882291,AEMD,2024-06-21,0,2.3692620447294276e-05,1.0
0000882291,AEMD,2024-06-24,0,2.6650949870486928e-06,1.0
0000882291,AEMD,2024-06-25,0,2.6650949870486928e-06,1.0
0000882291,AEMD,2024-06-26,0,2.6650949870486928e-06,1.0
0000882291,AEMD,2024-06-27,0,2.6650949870486928e-06,1.0
0000882291,AEMD,2024-06-28,0,7.141453000394158e-06,1.0
0000882291,AEMD,2024-07-01,0,7.141453000394158e-06,1.0
0000882291,AEMD,2024-07-02,0,7.141453000394158e-06,1.0
0000882291,AEMD,2024-07-03,0,7.141453000394158e-06,1.0
0000882291,AEMD,2024-07-04,0,7.141453000394158e-06,1.0
0000882291,AEMD,2024-07-05,0,7.141453000394158e-06,1.0
0000882291,AEMD,2024-07-08,0,7.141453000394158e-06,1.0
0000882291,AEMD,2024-07-09,0,7.141453000394158e-06,1.0
0000882291,AEMD,2024-07-10,0,7.141453000394158e-06,1.0
0000882291,AEMD,2024-07-11,0,7.141453000394158e-06,1.0
0000882291,AEMD,2024-07-12,0,7.141453000394158e-06,1.0
0000882291,AEMD,2024-07-15,0,7.141453000394158e-06,1.0
0000882291,AEMD,2024-07-16,0,7.141453000394158e-06,1.0
0000882291,AEMD,2024-07-17,0,7.141453000394158e-06,1.0
0000882291,AEMD,2024-07-18,0,7.141453000394158e-06,1.0
0000882291,AEMD,2024-07-19,0,7.141453000394158e-06,1.0
0000882291,AEMD,2024-07-22,0,7.141453000394158e-06,1.0
0000882291,AEMD,2024-07-23,0,7.141453000394158e-06,1.0
0000882291,AEMD,2024-07-24,0,7.141453000394158e-06,1.0
0000882291,AEMD,2024-07-25,0,7.141453000394158e-06,1.0
0000882291,AEMD,2024-07-26,0,7.141453000394158e-06,1.0
0000882291,AEMD,2024-07-29,0,2.8288809451867927e-06,1.0
0000882291,AEMD,2024-07-30,0,2.8288809451867927e-06,1.0
0000882291,AEMD,2024-07-31,0,2.8288809451867927e-06,1.0
0000882291,AEMD,2024-08-01,0,2.8288809451867927e-06,1.0
0000882291,AEMD,2024-08-02,0,2.8288809451867927e-06,1.0
0000882291,AEMD,2024-08-05,0,2.8288809451867927e-06,1.0
0000882291,AEMD,2024-08-06,0,2.8288809451867927e-06,1.0
0000882291,AEMD,2024-08-07,0,2.8288809451867927e-06,1.0
0000882291,AEMD,2024-08-08,0,2.8288809451867927e-06,1.0
0000882291,AEMD,2024-08-09,0,2.8288809451867927e-06,1.0
0000882291,AEMD,2024-08-12,0,2.8288809451867927e-06,1.0
0000882291,AEMD,2024-08-13,0,2.8288809451867927e-06,1.0
0000882291,AEMD,2024-08-14,0,2.8868126956217976e-06,1.0
0000882291,AEMD,2024-08-15,0,0.00017134603155816318,1.0
0000882291,AEMD,2024-08-16,0,0.004329977542561334,1.0
0000882291,AEMD,2024-08-19,0,0.004189595998657278,1.0
0000882291,AEMD,2024-08-20,0,0.004189595998657278,1.0
0000882291,AEMD,2024-08-21,0,0.004189595998657278,1.0
0000882291,AEMD,2024-08-22,0,0.004189595998657278,1.0
0000882291,AEMD,2024-08-23,0,0.004189595998657278,1.0
0000882291,AEMD,2024-08-26,0,0.004189595998657278,1.0
0000882291,AEMD,2024-08-27,0,0.004189595998657278,1.0
0000882291,AEMD,2024-08-28,0,0.004189595998657278,1.0
0000882291,AEMD,2024-08-29,0,0.004189595998657278,1.0
0000882291,AEMD,2024-08-30,0,0.004189595998657278,1.0
0000882291,AEMD,2024-09-02,0,0.004189595998657278,1.0
0000882291,AEMD,2024-09-03,0,0.004189595998657278,1.0
0000882291,AEMD,2024-09-04,0,0.004189595998657278,1.0
0000882291,AEMD,2024-09-05,0,0.004189595998657278,1.0
0000882291,AEMD,2024-09-06,0,0.004189595998657278,1.0
0000882291,AEMD,2024-09-09,0,0.004189595998657278,1.0
0000882291,AEMD,2024-09-10,0,0.004189595998657278,1.0
0000882291,AEMD,2024-09-11,0,0.004189595998657278,1.0
0000882291,AEMD,2024-09-12,0,0.004189595998657278,1.0
0000882291,AEMD,2024-09-13,0,0.004189595998657278,1.0
0000882291,AEMD,2024-09-16,0,6.76641179183176e-05,1.0
0000882291,AEMD,2024-09-17,0,6.76641179183176e-05,1.0
0000882291,AEMD,2024-09-18,0,6.76641179183176e-05,1.0
0000882291,AEMD,2024-09-19,0,6.76641179183176e-05,1.0
0000882291,AEMD,2024-09-20,0,6.76641179183176e-05,1.0
0000882291,AEMD,2024-09-23,0,2.22384916394506e-05,1.0
0000882291,AEMD,2024-09-24,0,2.22384916394506e-05,1.0
0000882291,AEMD,2024-09-25,0,2.22384916394506e-05,1.0
0000882291,AEMD,2024-09-26,0,7.408328545379923e-06,1.0
0000882291,AEMD,2024-09-27,0,7.408328545379923e-06,1.0
0000882291,AEMD,2024-09-30,0,7.408328545379923e-06,1.0
0000882291,AEMD,2024-10-01,0,7.408328545379923e-06,1.0
0000882291,AEMD,2024-10-02,0,7.408328545379923e-06,1.0
0000882291,AEMD,2024-10-03,0,4.702895415558638e-05,1.0
0000882291,AEMD,2024-10-04,0,4.702895415558638e-05,1.0
0000882291,AEMD,2024-10-07,0,4.702895415558638e-05,1.0
0000882291,AEMD,2024-10-08,0,4.702895415558638e-05,1.0
0000882291,AEMD,2024-10-09,0,4.702895415558638e-05,1.0
0000882291,AEMD,2024-10-10,0,4.702895415558638e-05,1.0
0000882291,AEMD,2024-10-11,0,4.702895415558638e-05,1.0
0000882291,AEMD,2024-10-14,0,4.702895415558638e-05,1.0
0000882291,AEMD,2024-10-15,0,4.702895415558638e-05,1.0
0000882291,AEMD,2024-10-16,0,4.702895415558638e-05,1.0
0000882291,AEMD,2024-10-17,0,4.702895415558638e-05,1.0
0000882291,AEMD,2024-10-18,0,4.702895415558638e-05,1.0
0000882291,AEMD,2024-10-21,0,4.702895415558638e-05,1.0
0000882291,AEMD,2024-10-22,0,4.702895415558638e-05,1.0
0000882291,AEMD,2024-10-23,0,4.702895415558638e-05,1.0
0000882291,AEMD,2024-10-24,0,4.702895415558638e-05,1.0
0000882291,AEMD,2024-10-25,0,4.702895415558638e-05,1.0
0000882291,AEMD,2024-10-28,0,4.702895415558638e-05,1.0
0000882291,AEMD,2024-10-29,0,4.702895415558638e-05,1.0
0000882291,AEMD,2024-10-30,0,4.702895415558638e-05,1.0
0000882291,AEMD,2024-10-31,0,4.702895415558638e-05,1.0
0000882291,AEMD,2024-11-01,0,4.702895415558638e-05,1.0
0000882291,AEMD,2024-11-04,0,1.0823498863005571e-05,1.0
0000882291,AEMD,2024-11-05,0,1.0823498863005571e-05,1.0
0000882291,AEMD,2024-11-06,0,1.0823498863005571e-05,1.0
0000882291,AEMD,2024-11-07,0,1.0823498863005571e-05,1.0
0000882291,AEMD,2024-11-08,0,1.0823498863005571e-05,1.0
0000882291,AEMD,2024-11-11,0,1.0823498863005571e-05,1.0
0000882291,AEMD,2024-11-12,0,1.0823498863005571e-05,1.0
0000882291,AEMD,2024-11-13,0,1.5040836853149227e-05,1.0
0000882291,AEMD,2024-11-14,0,0.0001296409762362651,1.0
0000882291,AEMD,2024-11-15,0,0.0001296409762362651,1.0
0000882291,AEMD,2024-11-18,0,0.0001328329017558156,1.0
0000882291,AEMD,2024-11-19,0,0.0001328329017558156,1.0
0000882291,AEMD,2024-11-20,0,0.0001328329017558156,1.0
0000882291,AEMD,2024-11-21,0,0.0001328329017558156,1.0
0000882291,AEMD,2024-11-22,0,0.0001328329017558156,1.0
0000882291,AEMD,2024-11-25,0,0.0001328329017558156,1.0
0000882291,AEMD,2024-11-26,0,0.0001328329017558156,1.0
0000882291,AEMD,2024-11-27,0,0.0001328329017558156,1.0
0000882291,AEMD,2024-11-28,0,0.0001328329017558156,1.0
0000882291,AEMD,2024-11-29,0,0.0001328329017558156,1.0
0000882291,AEMD,2024-12-02,0,0.0001328329017558156,1.0
0000882291,AEMD,2024-12-03,0,0.0001328329017558156,1.0
0000882291,AEMD,2024-12-04,0,0.0001328329017558156,1.0
0000882291,AEMD,2024-12-05,0,0.0001328329017558156,1.0
0000882291,AEMD,2024-12-06,0,0.0001328329017558156,1.0
0000882291,AEMD,2024-12-09,0,0.0001328329017558156,1.0
0000882291,AEMD,2024-12-10,0,0.0001328329017558156,1.0
0000882291,AEMD,2024-12-11,0,0.0001328329017558156,1.0
0000882291,AEMD,2024-12-12,0,0.0001328329017558156,1.0
0000882291,AEMD,2024-12-13,0,0.0001328329017558156,1.0
0000882291,AEMD,2024-12-16,0,2.27838373755267e-06,1.0
0000882291,AEMD,2024-12-17,0,2.27838373755267e-06,1.0
0000882291,AEMD,2024-12-18,0,2.27838373755267e-06,1.0
0000882291,AEMD,2024-12-19,0,2.27838373755267e-06,1.0
0000882291,AEMD,2024-12-20,0,2.27838373755267e-06,1.0
0000882291,AEMD,2024-12-23,0,2.27838373755267e-06,1.0
0000882291,AEMD,2024-12-24,0,2.27838373755267e-06,1.0
0000882291,AEMD,2024-12-25,0,2.115860695056726e-06,1.0
0000882291,AEMD,2024-12-26,0,2.115860695056726e-06,1.0
0000882291,AEMD,2024-12-27,0,2.115860695056726e-06,1.0
0000882291,AEMD,2024-12-30,0,2.115860695056726e-06,1.0
0000882291,AEMD,2024-12-31,0,2.115860695056726e-06,1.0
0000882291,AEMD,2025-01-01,0,1.1402667622176987e-06,1.0
0000882291,AEMD,2025-01-02,0,1.1402667622176987e-06,1.0
0000882291,AEMD,2025-01-03,0,1.1402667622176987e-06,1.0
0000882291,AEMD,2025-01-06,0,1.1402667622176987e-06,1.0
0000882291,AEMD,2025-01-07,0,1.1402667622176987e-06,1.0
0000882291,AEMD,2025-01-08,0,1.1402667622176987e-06,1.0
0000882291,AEMD,2025-01-09,0,1.1402667622176987e-06,1.0
0000882291,AEMD,2025-01-10,0,1.1402667622176987e-06,1.0
0000882291,AEMD,2025-01-13,0,1.1402667622176987e-06,1.0
0000882291,AEMD,2025-01-14,0,1.1402667622176987e-06,1.0
0000882291,AEMD,2025-01-15,0,1.1402667622176987e-06,1.0
0000882291,AEMD,2025-01-16,0,1.1402667622176987e-06,1.0
0000882291,AEMD,2025-01-17,0,1.1402667622176987e-06,1.0
0000882291,AEMD,2025-01-20,0,1.1402667622176987e-06,1.0
0000882291,AEMD,2025-01-21,0,1.1402667622176987e-06,1.0
0000882291,AEMD,2025-01-22,0,1.1402667622176987e-06,1.0
0000882291,AEMD,2025-01-23,0,1.1402667622176987e-06,1.0
0000882291,AEMD,2025-01-24,0,1.1402667622176987e-06,1.0
0000882291,AEMD,2025-01-27,0,1.1402667622176987e-06,1.0
0000882291,AEMD,2025-01-28,0,1.1402667622176987e-06,1.0
0000882291,AEMD,2025-01-29,0,1.1402667622176987e-06,1.0
0000882291,AEMD,2025-01-30,0,1.1402667622176987e-06,1.0
0000882291,AEMD,2025-01-31,0,1.1402667622176987e-06,1.0
0000882291,AEMD,2025-02-03,0,1.1402667622176987e-06,1.0
0000882291,AEMD,2025-02-04,0,1.1402667622176987e-06,1.0
0000882291,AEMD,2025-02-05,0,1.1402667622176987e-06,1.0
0000882291,AEMD,2025-02-06,0,1.1402667622176987e-06,1.0
0000882291,AEMD,2025-02-07,0,1.1402667622176987e-06,1.0
0000882291,AEMD,2025-02-10,0,1.1402667622176987e-06,1.0
0000882291,AEMD,2025-02-11,0,1.22659358400984e-06,1.0
0000882291,AEMD,2025-02-12,0,2.4231453640755307e-06,1.0
0000882291,AEMD,2025-02-13,0,9.426903568672009e-05,1.0
0000882291,AEMD,2025-02-14,0,9.426903568672009e-05,1.0
0000882291,AEMD,2025-02-17,0,9.426903568672009e-05,1.0
0000882291,AEMD,2025-02-18,0,9.426903568672009e-05,1.0
0000882291,AEMD,2025-02-19,0,9.426903568672009e-05,1.0
0000882291,AEMD,2025-02-20,0,9.426903568672009e-05,1.0
0000882291,AEMD,2025-02-21,0,9.426903568672009e-05,1.0
0000882291,AEMD,2025-02-24,0,9.426903568672009e-05,1.0
0000882291,AEMD,2025-02-25,0,9.426903568672009e-05,1.0
0000882291,AEMD,2025-02-26,0,9.426903568672009e-05,1.0
0000882291,AEMD,2025-02-27,0,9.426903568672009e-05,1.0
0000882291,AEMD,2025-02-28,0,9.426903568672009e-05,1.0
0000882291,AEMD,2025-03-03,0,9.426903568672009e-05,1.0
0000882291,AEMD,2025-03-04,0,9.426903568672009e-05,1.0
0000882291,AEMD,2025-03-05,0,9.426903568672009e-05,1.0
0000882291,AEMD,2025-03-06,0,9.426903568672009e-05,1.0
0000882291,AEMD,2025-03-07,0,9.426903568672009e-05,1.0
0000882291,AEMD,2025-03-10,0,9.426903568672009e-05,1.0
0000882291,AEMD,2025-03-11,0,9.426903568672009e-05,1.0
0000882291,AEMD,2025-03-12,0,9.426903568672009e-05,1.0
0000882291,AEMD,2025-03-13,0,9.426903568672009e-05,1.0
0000882291,AEMD,2025-03-14,0,9.426903568672009e-05,1.0
0000882291,AEMD,2025-03-17,0,1.7952026195813284e-07,1.0
0000882291,AEMD,2025-03-18,0,1.7952026195813284e-07,1.0
0000882291,AEMD,2025-03-19,0,1.7952026195813284e-07,1.0
0000882291,AEMD,2025-03-20,0,1.7952026195813284e-07,1.0
0000882291,AEMD,2025-03-21,0,1.7952026195813284e-07,1.0
0000882291,AEMD,2025-03-24,0,1.7952026195813284e-07,1.0
0000882291,AEMD,2025-03-25,0,1.7952026195813284e-07,1.0
0000882291,AEMD,2025-03-26,0,1.7952026195813284e-07,1.0
0000882291,AEMD,2025-03-27,0,1.7952026195813284e-07,1.0
0000882291,AEMD,2025-03-28,0,1.7952026195813284e-07,1.0
0000882291,AEMD,2025-03-31,0,1.7952026195813284e-07,1.0
0000882291,AEMD,2025-04-01,0,2.3519144024914454e-07,1.0
0000882291,AEMD,2025-04-02,0,2.3519144024914454e-07,1.0
0000882291,AEMD,2025-04-03,0,2.3519144024914454e-07,1.0
0000882291,AEMD,2025-04-04,0,2.3519144024914454e-07,1.0
0000882291,AEMD,2025-04-07,0,2.3519144024914454e-07,1.0
0000882291,AEMD,2025-04-08,0,1.1866046525945559e-06,1.0
0000882291,AEMD,2025-04-09,0,1.1866046525945559e-06,1.0
0000882291,AEMD,2025-04-10,0,1.1866046525945559e-06,1.0
0000882291,AEMD,2025-04-11,0,1.1866046525945559e-06,1.0
0000882291,AEMD,2025-04-14,0,1.1866046525945559e-06,1.0
0000882291,AEMD,2025-04-15,0,1.1866046525945559e-06,1.0
0000882291,AEMD,2025-04-16,0,1.8121016038382405e-06,1.0
0000882291,AEMD,2025-04-17,0,1.8121016038382405e-06,1.0
0000882291,AEMD,2025-04-18,0,2.0781298517309687e-06,1.0
0000882291,AEMD,2025-04-21,0,2.0781298517309687e-06,1.0
0000882291,AEMD,2025-04-22,0,2.0781298517309687e-06,1.0
0000882291,AEMD,2025-04-23,0,2.0781298517309687e-06,1.0
0000882291,AEMD,2025-04-24,0,2.0781298517309687e-06,1.0
0000882291,AEMD,2025-04-25,0,2.0781298517309687e-06,1.0
0000882291,AEMD,2025-04-28,0,2.0781298517309687e-06,1.0
0000882291,AEMD,2025-04-29,0,2.0781298517309687e-06,1.0
0000882291,AEMD,2025-04-30,0,2.0781298517309687e-06,1.0
0000882291,AEMD,2025-05-01,0,2.0781298517309687e-06,1.0
0000882291,AEMD,2025-05-02,0,2.0781298517309687e-06,1.0
0000882291,AEMD,2025-05-05,0,2.0781298517309687e-06,1.0
0000882291,AEMD,2025-05-06,0,2.0781298517309687e-06,1.0
0000882291,AEMD,2025-05-07,0,2.0781298517309687e-06,1.0
0000882291,AEMD,2025-05-08,0,2.6623309676708045e-06,1.0
0000882291,AEMD,2025-05-09,0,2.6623309676708045e-06,1.0
0000882291,AEMD,2025-05-12,0,2.6623309676708045e-06,1.0
0000882291,AEMD,2025-05-13,0,2.6623309676708045e-06,1.0
0000882291,AEMD,2025-05-14,0,2.835725764475142e-06,1.0
0000882291,AEMD,2025-05-15,0,2.581879387485533e-06,1.0
0000882291,AEMD,2025-05-16,0,2.581879387485533e-06,1.0
0000882291,AEMD,2025-05-19,0,0.00014021101490250675,1.0
0000882291,AEMD,2025-05-20,0,0.00014021101490250675,1.0
0000882291,AEMD,2025-05-21,0,0.00014021101490250675,1.0
0000882291,AEMD,2025-05-22,0,0.00014021101490250675,1.0
0000882291,AEMD,2025-05-23,0,0.00014021101490250675,1.0
0000882291,AEMD,2025-05-26,0,0.00014021101490250675,1.0
0000882291,AEMD,2025-05-27,0,0.00014021101490250675,1.0
0000882291,AEMD,2025-05-28,0,0.00014021101490250675,1.0
0000882291,AEMD,2025-05-29,0,0.00014021101490250675,1.0
0000882291,AEMD,2025-05-30,0,0.00014021101490250675,1.0
0000882291,AEMD,2025-06-02,0,0.00014021101490250675,1.0
0000882291,AEMD,2025-06-03,0,0.00014021101490250675,1.0
0000882291,AEMD,2025-06-04,0,0.00014021101490250675,1.0
0000882291,AEMD,2025-06-05,0,0.00014021101490250675,1.0
0000882291,AEMD,2025-06-06,0,0.00014021101490250675,1.0
0000882291,AEMD,2025-06-09,0,0.00014021101490250675,1.0
0000882291,AEMD,2025-06-10,0,0.00014021101490250675,1.0
0000882291,AEMD,2025-06-11,0,0.00014021101490250675,1.0
0000882291,AEMD,2025-06-12,0,0.00014021101490250675,1.0
0000882291,AEMD,2025-06-13,0,2.1423492104156473e-06,1.0
0000882291,AEMD,2025-06-16,0,2.0065128489012107e-06,1.0
0000882291,AEMD,2025-06-17,0,2.0065128489012107e-06,1.0
0000882291,AEMD,2025-06-18,0,2.0065128489012107e-06,1.0
0000882291,AEMD,2025-06-19,0,2.0065128489012107e-06,1.0
0000882291,AEMD,2025-06-20,0,2.0065128489012107e-06,1.0
0000882291,AEMD,2025-06-23,0,2.0065128489012107e-06,1.0
0000882291,AEMD,2025-06-24,0,2.0065128489012107e-06,1.0
0000882291,AEMD,2025-06-25,0,2.0065128489012107e-06,1.0
0000882291,AEMD,2025-06-26,0,2.0065128489012107e-06,1.0
0000882291,AEMD,2025-06-27,0,3.2842118212948456e-06,1.0
0000882291,AEMD,2025-06-30,0,3.2842118212948456e-06,1.0
0000882291,AEMD,2025-07-01,0,3.2842118212948456e-06,1.0
0000882291,AEMD,2025-07-02,0,3.2842118212948456e-06,1.0
0000882291,AEMD,2025-07-03,0,3.2842118212948456e-06,1.0
0000882291,AEMD,2025-07-04,0,3.2842118212948456e-06,1.0
0000882291,AEMD,2025-07-07,0,2.256581362219581e-06,1.0
0000882291,AEMD,2025-07-08,0,2.256581362219581e-06,1.0
0000882291,AEMD,2025-07-09,0,2.256581362219581e-06,1.0
0000882291,AEMD,2025-07-10,0,2.256581362219581e-06,1.0
0000882291,AEMD,2025-07-11,0,2.256581362219581e-06,1.0
0000882291,AEMD,2025-07-14,0,2.256581362219581e-06,1.0
0000882291,AEMD,2025-07-15,0,2.256581362219581e-06,1.0
0000882291,AEMD,2025-07-16,0,2.256581362219581e-06,1.0
0000882291,AEMD,2025-07-17,0,1.550496156774087e-06,1.0
0000882291,AEMD,2025-07-18,0,1.550496156774087e-06,1.0
0000882291,AEMD,2025-07-21,0,1.550496156774087e-06,1.0
0000882291,AEMD,2025-07-22,0,1.550496156774087e-06,1.0
0000882291,AEMD,2025-07-23,0,1.550496156774087e-06,1.0
0000882291,AEMD,2025-07-24,0,1.550496156774087e-06,1.0
0000882291,AEMD,2025-07-25,0,1.550496156774087e-06,1.0
0000882291,AEMD,2025-07-28,0,8.891519169038181e-07,1.0
0000882291,AEMD,2025-07-29,0,8.891519169038181e-07,1.0
0000882291,AEMD,2025-07-30,0,8.891519169038181e-07,1.0
0000882291,AEMD,2025-07-31,0,8.891519169038181e-07,1.0
0000882291,AEMD,2025-08-01,0,8.891519169038181e-07,1.0
0000882291,AEMD,2025-08-04,0,8.891519169038181e-07,1.0
0000882291,AEMD,2025-08-05,0,8.891519169038181e-07,1.0
0000882291,AEMD,2025-08-06,0,8.891519169038181e-07,1.0
0000882291,AEMD,2025-08-07,0,8.891519169038181e-07,1.0
0000882291,AEMD,2025-08-08,0,8.891519169038181e-07,1.0
0000882291,AEMD,2025-08-11,0,8.891519169038181e-07,1.0
0000882291,AEMD,2025-08-12,0,8.842604148395376e-07,1.0
0000882291,AEMD,2025-08-13,0,9.473569050614113e-07,1.0
0000882291,AEMD,2025-08-14,0,5.857815157941591e-05,1.0
0000882291,AEMD,2025-08-15,0,5.857815157941591e-05,1.0
0000882291,AEMD,2025-08-18,0,5.857815157941591e-05,1.0
0000882291,AEMD,2025-08-19,0,5.857815157941591e-05,1.0
0000882291,AEMD,2025-08-20,0,5.857815157941591e-05,1.0
0000882291,AEMD,2025-08-21,0,2.315478627836102e-05,1.0
0000882291,AEMD,2025-08-22,0,2.315478627836102e-05,1.0
0000882291,AEMD,2025-08-25,0,2.315478627836102e-05,1.0
0000882291,AEMD,2025-08-26,0,2.315478627836102e-05,1.0
0000882291,AEMD,2025-08-27,0,2.315478627836102e-05,1.0
0000882291,AEMD,2025-08-28,0,2.315478627836102e-05,1.0
0000882291,AEMD,2025-08-29,0,2.315478627836102e-05,1.0
0000882291,AEMD,2025-09-01,0,2.315478627836102e-05,1.0
0000882291,AEMD,2025-09-02,0,2.315478627836102e-05,1.0
0000882291,AEMD,2025-09-03,0,2.315478627836102e-05,1.0
0000882291,AEMD,2025-09-04,0,2.315478627836102e-05,1.0
0000882291,AEMD,2025-09-05,0,2.315478627836102e-05,1.0
0000882291,AEMD,2025-09-08,0,2.315478627836102e-05,1.0
0000882291,AEMD,2025-09-09,0,2.315478627836102e-05,1.0
0000882291,AEMD,2025-09-10,0,1.944040862020525e-05,1.0
0000882291,AEMD,2025-09-11,0,1.944040862020525e-05,1.0
0000882291,AEMD,2025-09-12,0,1.944040862020525e-05,1.0
0000882291,AEMD,2025-09-15,0,2.291260547825249e-05,1.0
0000882291,AEMD,2025-09-16,0,2.291260547825249e-05,1.0
0000882291,AEMD,2025-09-17,0,2.291260547825249e-05,1.0
0000882291,AEMD,2025-09-18,0,2.291260547825249e-05,1.0
0000882291,AEMD,2025-09-19,0,2.291260547825249e-05,1.0
0000882291,AEMD,2025-09-22,0,0.0016934552634549197,1.0
0000882291,AEMD,2025-09-23,0,0.0016934552634549197,1.0
0000882291,AEMD,2025-09-24,0,0.0016934552634549197,1.0
0000882291,AEMD,2025-09-25,0,0.0003395272936931793,1.0
0000882291,AEMD,2025-09-26,0,0.0003395272936931793,1.0
0000882291,AEMD,2025-09-29,0,0.0003395272936931793,1.0
0000882291,AEMD,2025-09-30,0,0.0003395272936931793,1.0
0000882291,AEMD,2025-10-01,0,0.0003395272936931793,1.0
0000882291,AEMD,2025-10-02,0,0.0003395272936931793,1.0
0000882291,AEMD,2025-10-03,0,0.0003395272936931793,1.0
0000882291,AEMD,2025-10-06,0,0.00033594221414471085,1.0
0000882291,AEMD,2025-10-07,0,0.00033594221414471085,1.0
0000882291,AEMD,2025-10-08,0,0.00033594221414471085,1.0
0000882291,AEMD,2025-10-09,0,0.00033594221414471085,1.0
0000882291,AEMD,2025-10-10,0,0.0011672883300113822,1.0
0000882291,AEMD,2025-10-13,0,0.0011672883300113822,1.0
0000882291,AEMD,2025-10-14,0,0.0011672883300113822,1.0
0000882291,AEMD,2025-10-15,0,0.0011549729935206143,1.0
0000882291,AEMD,2025-10-16,0,0.0011549729935206143,1.0
0000882291,AEMD,2025-10-17,0,0.0011549729935206143,1.0
0000882291,AEMD,2025-10-20,0,0.0011549729935206143,1.0
0000882291,AEMD,2025-10-21,0,0.0011549729935206143,1.0
0000882291,AEMD,2025-10-22,0,0.0011549729935206143,1.0
0000882291,AEMD,2025-10-23,0,0.0011549729935206143,1.0
0000882291,AEMD,2025-10-24,0,0.0011549729935206143,1.0
0000882291,AEMD,2025-10-27,0,0.0011549729935206143,1.0
0000882291,AEMD,2025-10-28,0,0.0011549729935206143,1.0
0000882291,AEMD,2025-10-29,0,0.0011549729935206143,1.0
0000882291,AEMD,2025-10-30,0,0.0011549729935206143,1.0
0000882291,AEMD,2025-10-31,0,0.0011549729935206143,1.0
0000882291,AEMD,2025-11-03,0,0.0011549729935206143,1.0
0000882291,AEMD,2025-11-04,0,0.0011549729935206143,1.0
0000882291,AEMD,2025-11-05,0,0.0011549729935206143,1.0
0000882291,AEMD,2025-11-06,0,0.0011549729935206143,1.0
0000882291,AEMD,2025-11-07,0,0.0011549729935206143,1.0
0000882291,AEMD,2025-11-10,0,0.0011596597502320685,1.0
0000882291,AEMD,2025-11-11,0,0.0011596597502320685,1.0
0000882291,AEMD,2025-11-12,0,0.0010914568576080679,1.0
0000882291,AEMD,2025-11-13,0,0.061247950914645154,1.0
0000882291,AEMD,2025-11-14,0,0.061247950914645154,1.0
0000882291,AEMD,2025-11-17,0,0.061247950914645154,1.0
0000882291,AEMD,2025-11-18,0,0.061247950914645154,1.0
0000882291,AEMD,2025-11-19,0,0.00037801809188575886,1.0
0000882291,AEMD,2025-11-20,0,0.00037801809188575886,1.0
0000882291,AEMD,2025-11-21,0,0.00037801809188575886,1.0
0000882291,AEMD,2025-11-24,0,0.00037801809188575886,1.0
0000882291,AEMD,2025-11-25,0,0.00037801809188575886,1.0
0000882291,AEMD,2025-11-26,0,0.00037801809188575886,1.0
0000882291,AEMD,2025-11-27,0,0.00037801809188575886,1.0
0000882291,AEMD,2025-11-28,0,0.00037801809188575886,1.0
0000882291,AEMD,2025-12-01,0,0.00037801809188575886,1.0
0000882291,AEMD,2025-12-02,0,0.00037801809188575886,1.0
0000882291,AEMD,2025-12-03,0,0.00037801809188575886,1.0
0000882291,AEMD,2025-12-04,0,0.00037801809188575886,1.0
0000882291,AEMD,2025-12-05,0,0.00037801809188575886,1.0
0000882291,AEMD,2025-12-08,0,1.1558660942002077e-06,1.0
0000882291,AEMD,2025-12-09,0,1.1021594106362782e-06,1.0
0000882291,AEMD,2025-12-10,0,1.1021594106362782e-06,1.0
0000882291,AEMD,2025-12-11,0,1.1021594106362782e-06,1.0
0000882291,AEMD,2025-12-12,0,1.1021594106362782e-06,1.0
0000882291,AEMD,2025-12-15,0,1.2462329141859246e-06,1.0
0000882291,AEMD,2025-12-16,0,1.2462329141859246e-06,1.0
0000882291,AEMD,2025-12-17,0,1.2462329141859246e-06,1.0
0000882291,AEMD,2025-12-18,0,1.2462329141859246e-06,1.0
0000882291,AEMD,2025-12-19,0,1.2462329141859246e-06,1.0
0000882291,AEMD,2025-12-22,0,1.2462329141859246e-06,1.0
0000882291,AEMD,2025-12-23,0,1.2918377186091546e-06,1.0
0000882291,AEMD,2025-12-24,0,1.9795693290614494e-06,1.0
0000882291,AEMD,2025-12-25,0,1.9795693290614494e-06,1.0
0000882291,AEMD,2025-12-26,0,1.9795693290614494e-06,1.0
0000882291,AEMD,2025-12-29,0,1.9795693290614494e-06,1.0
0000882291,AEMD,2025-12-30,0,1.9795693290614494e-06,1.0
0000882291,AEMD,2025-12-31,0,1.9795693290614494e-06,1.0
0000882291,AEMD,2026-01-01,0,1.9795693290614494e-06,1.0
0000882291,AEMD,2026-01-02,0,1.9795693290614494e-06,1.0
0000882291,AEMD,2026-01-05,0,1.9795693290614494e-06,1.0
0000882291,AEMD,2026-01-06,0,1.9795693290614494e-06,1.0
0000882291,AEMD,2026-01-07,0,5.110175194086821e-08,1.0
0000882291,AEMD,2026-01-08,0,8.685182748801646e-07,1.0
0000882291,AEMD,2026-01-09,0,8.685182748801646e-07,1.0
0000882291,AEMD,2026-01-12,0,8.685182748801646e-07,1.0
0000882291,AEMD,2026-01-13,0,8.685182748801646e-07,1.0
0000882291,AEMD,2026-01-14,0,8.685182748801646e-07,1.0
0000882291,AEMD,2026-01-15,0,8.685182748801646e-07,1.0
0000882291,AEMD,2026-01-16,0,8.685182748801646e-07,1.0
0000882291,AEMD,2026-01-19,0,4.451636005122113e-05,1.0
0000882291,AEMD,2026-01-20,0,4.451636005122113e-05,1.0
0000882291,AEMD,2026-01-21,0,4.451636005122113e-05,1.0
0000882291,AEMD,2026-01-22,0,9.143476854161139e-05,1.0
0000882291,AEMD,2026-01-23,0,9.143476854161139e-05,1.0
0000882291,AEMD,2026-01-26,0,9.143476854161139e-05,1.0
0000882291,AEMD,2026-01-27,0,7.857869019375155e-05,1.0
0000882291,AEMD,2026-01-28,0,7.857869019375155e-05,1.0
0000882291,AEMD,2026-01-29,0,7.857869019375155e-05,1.0
0000882291,AEMD,2026-01-30,0,7.857869019375155e-05,1.0
0000882291,AEMD,2026-02-02,0,7.857869019375155e-05,1.0
0000882291,AEMD,2026-02-03,0,7.857869019375155e-05,1.0
0000882291,AEMD,2026-02-04,0,7.857869019375155e-05,1.0
0000882291,AEMD,2026-02-05,0,7.857869019375155e-05,1.0
0000882291,AEMD,2026-02-06,0,7.857869019375155e-05,1.0
0000882291,AEMD,2026-02-09,0,0.0003309399873028552,1.0
0000882291,AEMD,2026-02-10,0,0.0003460281302158884,1.0
0000882291,AEMD,2026-02-11,0,0.00031506232224960185,1.0
0000882291,AEMD,2026-02-12,0,0.00031506232224960185,1.0
0000882291,AEMD,2026-02-13,0,0.0002599504318778949,1.0
0000882291,AEMD,2026-02-16,0,0.0002599504318778949,1.0
0000882291,AEMD,2026-02-17,0,9.577056934862246e-05,1.0
0000882291,AEMD,2026-02-18,0,2.418154149501896e-06,1.0
0000882291,AEMD,2026-02-19,0,2.418154149501896e-06,1.0
0000882291,AEMD,2026-02-20,0,2.418154149501896e-06,1.0
0000882291,AEMD,2026-02-23,0,2.418154149501896e-06,1.0
0000882291,AEMD,2026-02-24,0,2.4041013938952446e-06,1.0
0000882291,AEMD,2026-02-25,0,2.4041013938952446e-06,1.0
0000882291,AEMD,2026-02-26,0,0.0005352201730977942,1.0
0000882291,AEMD,2026-02-27,0,0.0005352201730977942,1.0
0000882291,AEMD,2026-03-02,0,0.0005352201730977942,1.0
0000882291,AEMD,2026-03-03,0,0.0005352201730977942,1.0
0000882291,AEMD,2026-03-04,0,0.0005352201730977942,1.0
0000882291,AEMD,2026-03-05,0,0.0005352201730977942,1.0
0000882291,AEMD,2026-03-06,0,0.0005352201730977942,1.0
0000882291,AEMD,2026-03-09,0,0.0004838034277216355,1.0
0000882291,AEMD,2026-03-10,0,0.0004838034277216355,1.0
0000882291,AEMD,2026-03-11,0,0.0004838034277216355,1.0
0000882291,AEMD,2026-03-12,0,0.0004838034277216355,1.0
0000882291,AEMD,2026-03-13,0,0.0004838034277216355,1.0
0000882291,AEMD,2026-03-16,0,0.0006140214863257884,1.0
0000882291,AEMD,2026-03-17,0,0.0006140214863257884,1.0
0000882291,AEMD,2026-03-18,0,0.0006140214863257884,1.0
0000882291,AEMD,2026-03-19,0,0.0006140214863257884,1.0
0000882291,AEMD,2026-03-20,0,0.0006140214863257884,1.0
0000882291,AEMD,2026-03-23,0,0.0006140214863257884,1.0
0000882291,AEMD,2026-03-24,0,0.0005682440081692011,1.0
0000882291,AEMD,2026-03-25,0,0.0005682440081692011,1.0
0000882291,AEMD,2026-03-26,0,0.0005682440081692011,1.0
0000882291,AEMD,2026-03-27,0,8.686125745766582e-06,1.0
0000882291,AEMD,2026-03-30,0,8.686125745766582e-06,1.0
0000882291,AEMD,2026-03-31,0,8.686125745766582e-06,1.0
0000882291,AEMD,2026-04-01,0,8.686125745766582e-06,1.0
0000882291,AEMD,2026-04-02,0,8.686125745766582e-06,1.0
0000882291,AEMD,2026-04-03,0,8.686125745766582e-06,1.0
0000882291,AEMD,2026-04-06,0,8.686125745766582e-06,1.0
0000882291,AEMD,2026-04-07,0,8.686125745766582e-06,1.0
0000882291,AEMD,2026-04-08,0,8.686125745766582e-06,1.0
0000882291,AEMD,2026-04-09,0,5.516294658531859e-06,1.0
0000882291,AEMD,2026-04-10,0,5.516294658531859e-06,1.0
0000882291,AEMD,2026-04-13,0,5.516294658531859e-06,1.0
0000882291,AEMD,2026-04-14,0,5.516294658531859e-06,1.0
0000882291,AEMD,2026-04-15,0,5.516294658531859e-06,1.0
0000882291,AEMD,2026-04-16,0,5.516294658531859e-06,1.0
0000882291,AEMD,2026-04-17,0,5.516294658531859e-06,1.0
0000882291,AEMD,2026-04-20,0,1.6843687044359373e-06,1.0
0000882291,AEMD,2026-04-21,0,1.6843687044359373e-06,1.0
0000882291,AEMD,2026-04-22,0,1.6843687044359373e-06,1.0
0000882291,AEMD,2026-04-23,0,1.6843687044359373e-06,1.0
0000882291,AEMD,2026-04-24,0,1.6843687044359373e-06,1.0
0000882291,AEMD,2026-04-27,0,1.6843687044359373e-06,1.0
0000882291,AEMD,2026-04-28,0,2.3415941634298034e-06,1.0
0000882291,AEMD,2026-04-29,0,2.3415941634298034e-06,1.0
0000882291,AEMD,2026-04-30,0,2.3415941634298034e-06,1.0
0000882291,AEMD,2026-05-01,0,2.3415941634298034e-06,1.0
0000882291,AEMD,2026-05-04,0,2.3415941634298034e-06,1.0
0000882291,AEMD,2026-05-05,0,2.3415941634298034e-06,1.0
0000882291,AEMD,2026-05-06,0,2.3415941634298034e-06,1.0
0000882291,AEMD,2026-05-07,0,2.3415941634298034e-06,1.0
0000882291,AEMD,2026-05-08,0,2.3415941634298034e-06,1.0
0000882291,AEMD,2026-05-11,0,2.3415941634298034e-06,1.0
0000882291,AEMD,2026-05-12,0,2.3415941634298034e-06,1.0
0000882291,AEMD,2026-05-13,0,2.5086785879694023e-06,1.0
0000882291,AEMD,2026-05-14,0,2.5086785879694023e-06,1.0
0000882291,AEMD,2026-05-15,0,2.0911453185565197e-06,1.0
0000882291,AEMD,2026-05-18,0,2.0911453185565197e-06,1.0
0000882291,AEMD,2026-05-19,0,2.0911453185565197e-06,1.0
0000882291,AEMD,2026-05-20,0,2.0911453185565197e-06,1.0
0000882291,AEMD,2026-05-21,0,2.0911453185565197e-06,1.0
0000882291,AEMD,2026-05-22,0,2.0911453185565197e-06,1.0
0000882291,AEMD,2026-05-25,0,2.0911453185565197e-06,1.0
0000882291,AEMD,2026-05-26,0,3.1916722032047257e-06,1.0
0000882291,AEMD,2026-05-27,0,3.1916722032047257e-06,1.0
0000882291,AEMD,2026-05-28,0,3.1916722032047257e-06,1.0
0000882291,AEMD,2026-05-29,0,3.1916722032047257e-06,1.0
0000882291,AEMD,2026-06-01,0,3.1916722032047257e-06,1.0
0000882291,AEMD,2026-06-02,0,3.1916722032047257e-06,1.0
0000882291,AEMD,2026-06-03,0,3.1916722032047257e-06,1.0
0000882291,AEMD,2026-06-04,0,3.1916722032047257e-06,1.0
0000882291,AEMD,2026-06-05,0,3.1916722032047257e-06,1.0
0000882291,AEMD,2026-06-08,0,3.692128493436474e-06,1.0
0000882291,AEMD,2026-06-09,0,3.692128493436474e-06,1.0
0000882291,AEMD,2026-06-10,0,3.692128493436474e-06,1.0
0000882291,AEMD,2026-06-11,0,7.392250394207214e-05,1.0
0000882291,AEMD,2026-06-12,0,7.392250394207214e-05,1.0
0000882291,AEMD,2026-06-15,0,7.392250394207214e-05,1.0
0000882291,AEMD,2026-06-16,0,7.392250394207214e-05,1.0
0000882291,AEMD,2026-06-17,0,7.392250394207214e-05,1.0
0000882291,AEMD,2026-06-18,0,7.392250394207214e-05,1.0
0000882291,AEMD,2026-06-19,0,7.392250394207214e-05,1.0
0000882291,AEMD,2026-06-22,0,0.001318971553182851,1.0
0000882291,AEMD,2026-06-23,0,0.001318971553182851,1.0
0000882291,AEMD,2026-06-24,0,0.001318971553182851,1.0
0000882291,AEMD,2026-06-25,0,0.001318971553182851,1.0
0000882291,AEMD,2026-06-26,0,0.001318971553182851,1.0
0000882291,AEMD,2026-06-29,0,0.001318971553182851,1.0
0000882291,AEMD,2026-06-30,0,0.001318971553182851,1.0
0000882291,AEMD,2026-07-01,0,0.001318971553182851,1.0
0000882291,AEMD,2026-07-02,0,0.001318971553182851,1.0
0000882291,AEMD,2026-07-03,0,0.001318971553182851,1.0
0000882291,AEMD,2026-07-06,0,0.001318971553182851,1.0
0000882291,AEMD,2026-07-07,0,0.001318971553182851,1.0
0000882291,AEMD,2026-07-08,0,0.001587763037866904,1.0
0000882291,AEMD,2026-07-09,0,0.001587763037866904,1.0
0000882291,AEMD,2026-07-10,0,0.001587763037866904,1.0
0000882291,AEMD,2026-07-13,0,0.0017449217190888334,1.0
0000882291,AEMD,2026-07-14,0,0.0017449217190888334,1.0
0000882291,AEMD,2026-07-15,0,0.0017449217190888334,1.0
0000882291,AEMD,2026-07-16,0,0.0017449217190888334,1.0
0000882291,AEMD,2026-07-17,0,0.0017449217190888334,1.0
0000882291,AEMD,2026-07-20,0,0.003511182273427007,1.0
0000882291,AEMD,2026-07-21,0,0.003511182273427007,1.0
0000882291,AEMD,2026-07-22,0,0.21653734204342426,1.0
0000882291,AEMD,2026-07-23,0,0.21653734204342426,1.0
0000882291,AEMD,2026-07-24,0,0.21653734204342426,1.0
0000882291,AEMD,2026-07-27,0,0.22183987840570724,1.0
0000882291,AEMD,2026-07-28,0,0.22183987840570724,1.0
0000882291,AEMD,2026-07-29,0,0.22183987840570724,1.0
0000882291,AEMD,2026-07-30,0,0.22183987840570724,1.0
0000882291,AEMD,2026-07-31,0,0.22183987840570724,1.0
0000882291,AEMD,2026-08-03,0,0.22183987840570724,1.0
0000882291,AEMD,2026-08-04,0,0.22183987840570724,1.0
0000882291,AEMD,2026-08-05,0,0.22183987840570724,1.0
0000882291,AEMD,2026-08-06,0,0.22183987840570724,1.0
0000882291,AEMD,2026-08-07,0,0.5014521067980929,1.0
0000882291,AEMD,2026-08-10,0,0.5014521067980929,1.0
0000882291,AEMD,2026-08-11,0,0.5014521067980929,1.0
0000882291,AEMD,2026-08-12,0,0.5014521067980929,1.0
0000882291,AEMD,2026-08-13,0,0.5348441255517836,1.0
0000882291,AEMD,2026-08-14,0,0.9867540393734413,1.0
0000882291,AEMD,2026-08-17,0,0.9867540393734413,1.0
0000882291,AEMD,2026-08-18,0,0.9867540393734413,1.0
0000882291,AEMD,2026-08-19,0,0.9867540393734413,1.0
0000882291,AEMD,2026-08-20,1,0.9867540393734413,1.0
0000882291,AEMD,2026-08-21,1,0.9867540393734413,1.0
0000882291,AEMD,2026-08-24,1,0.9994399065236997,1.0
0000882291,AEMD,2026-08-25,1,0.9994399065236997,1.0
0000882291,AEMD,2026-08-26,1,0.9994399065236997,1.0
0000882291,AEMD,2026-08-27,1,0.9994399065236997,1.0
0000882291,AEMD,2026-08-28,1,0.9994399065236997,1.0
0000882291,AEMD,2026-08-31,1,0.9994399065236997,1.0
0000882291,AEMD,2026-09-01,1,0.9999975816964741,1.0
0000882291,AEMD,2026-09-02,1,0.9999975816964741,1.0
0000882291,AEMD,2026-09-03,1,0.9999975816964741,1.0
0000882291,AEMD,2026-09-04,1,0.9999975816964741,1.0
0000882291,AEMD,2026-09-07,1,0.9999975816964741,1.0
0000882291,AEMD,2026-09-08,1,0.9999975816964741,1.0
0000882291,AEMD,2026-09-09,1,0.9999218320754361,1.0
0000882291,AEMD,2026-09-10,1,0.9999218320754361,1.0
0000882291,AEMD,2026-09-11,1,0.9999218320754361,1.0
0000882291,AEMD,2026-09-14,1,0.9999235084001334,1.0
0000882291,AEMD,2026-09-15,1,0.9999408804310368,1.0
0000882291,AEMD,2026-09-16,1,0.9999408804310368,1.0
0000882291,AEMD,2026-09-17,0,0.2921058166557031,1.0
