cik,ticker,date,event_90d,predicted_probability_90d,rank
0000882291,AEMD,2001-07-30,0,9.85360815193921e-06,1.0
0000882291,AEMD,2001-07-31,0,9.85360815193921e-06,1.0
0000882291,AEMD,2001-08-01,0,9.85360815193921e-06,1.0
0000882291,AEMD,2001-08-02,0,9.85360815193921e-06,1.0
0000882291,AEMD,2001-08-03,0,9.85360815193921e-06,1.0
0000882291,AEMD,2001-08-06,0,9.85360815193921e-06,1.0
0000882291,AEMD,2001-08-07,0,9.85360815193921e-06,1.0
0000882291,AEMD,2001-08-08,0,9.85360815193921e-06,1.0
0000882291,AEMD,2001-08-09,0,9.85360815193921e-06,1.0
0000882291,AEMD,2001-08-10,0,9.85360815193921e-06,1.0
0000882291,AEMD,2001-08-13,0,9.85360815193921e-06,1.0
0000882291,AEMD,2001-08-14,0,9.85360815193921e-06,1.0
0000882291,AEMD,2001-08-15,0,9.85360815193921e-06,1.0
0000882291,AEMD,2001-08-16,0,9.85360815193921e-06,1.0
0000882291,AEMD,2001-08-17,0,9.85360815193921e-06,1.0
0000882291,AEMD,2001-08-20,0,9.85360815193921e-06,1.0
0000882291,AEMD,2001-08-21,0,9.85360815193921e-06,1.0
0000882291,AEMD,2001-08-22,0,9.85360815193921e-06,1.0
0000882291,AEMD,2001-08-23,0,9.85360815193921e-06,1.0
0000882291,AEMD,2001-08-24,0,9.85360815193921e-06,1.0
0000882291,AEMD,2001-08-27,0,9.85360815193921e-06,1.0
0000882291,AEMD,2001-08-28,0,9.85360815193921e-06,1.0
0000882291,AEMD,2001-08-29,0,3.3664501080763386e-06,1.0
0000882291,AEMD,2001-08-30,0,3.3664501080763386e-06,1.0
0000882291,AEMD,2001-08-31,0,3.3664501080763386e-06,1.0
0000882291,AEMD,2001-09-03,0,3.3664501080763386e-06,1.0
0000882291,AEMD,2001-09-04,0,3.3664501080763386e-06,1.0
0000882291,AEMD,2001-09-05,0,3.3664501080763386e-06,1.0
0000882291,AEMD,2001-09-06,0,3.3664501080763386e-06,1.0
0000882291,AEMD,2001-09-07,0,3.3664501080763386e-06,1.0
0000882291,AEMD,2001-09-10,0,3.3664501080763386e-06,1.0
0000882291,AEMD,2001-09-11,0,3.3664501080763386e-06,1.0
0000882291,AEMD,2001-09-12,0,3.3664501080763386e-06,1.0
0000882291,AEMD,2001-09-13,0,3.3664501080763386e-06,1.0
0000882291,AEMD,2001-09-14,0,3.3664501080763386e-06,1.0
0000882291,AEMD,2001-09-17,0,3.3664501080763386e-06,1.0
0000882291,AEMD,2001-09-18,0,3.3664501080763386e-06,1.0
0000882291,AEMD,2001-09-19,0,3.3664501080763386e-06,1.0
0000882291,AEMD,2001-09-20,0,3.3664501080763386e-06,1.0
0000882291,AEMD,2001-09-21,0,3.3664501080763386e-06,1.0
0000882291,AEMD,2001-09-24,0,3.3664501080763386e-06,1.0
0000882291,AEMD,2001-09-25,0,3.3664501080763386e-06,1.0
0000882291,AEMD,2001-09-26,0,3.3664501080763386e-06,1.0
0000882291,AEMD,2001-09-27,0,3.3664501080763386e-06,1.0
0000882291,AEMD,2001-09-28,0,3.3664501080763386e-06,1.0
0000882291,AEMD,2001-10-01,0,3.3664501080763386e-06,1.0
0000882291,AEMD,2001-10-02,0,3.3664501080763386e-06,1.0
0000882291,AEMD,2001-10-03,0,3.3664501080763386e-06,1.0
0000882291,AEMD,2001-10-04,0,3.3664501080763386e-06,1.0
0000882291,AEMD,2001-10-05,0,3.3664501080763386e-06,1.0
0000882291,AEMD,2001-10-08,0,3.3664501080763386e-06,1.0
0000882291,AEMD,2001-10-09,0,3.3664501080763386e-06,1.0
0000882291,AEMD,2001-10-10,0,3.3664501080763386e-06,1.0
0000882291,AEMD,2001-10-11,0,3.3664501080763386e-06,1.0
0000882291,AEMD,2001-10-12,0,3.3664501080763386e-06,1.0
0000882291,AEMD,2001-10-15,0,3.3664501080763386e-06,1.0
0000882291,AEMD,2001-10-16,0,3.3664501080763386e-06,1.0
0000882291,AEMD,2001-10-17,0,3.3664501080763386e-06,1.0
0000882291,AEMD,2001-10-18,0,3.3664501080763386e-06,1.0
0000882291,AEMD,2001-10-19,0,3.3664501080763386e-06,1.0
0000882291,AEMD,2001-10-22,0,3.3664501080763386e-06,1.0
0000882291,AEMD,2001-10-23,0,3.3664501080763386e-06,1.0
0000882291,AEMD,2001-10-24,0,3.3664501080763386e-06,1.0
0000882291,AEMD,2001-10-25,0,3.3664501080763386e-06,1.0
0000882291,AEMD,2001-10-26,0,3.3664501080763386e-06,1.0
0000882291,AEMD,2001-10-29,0,1.0255731278717525e-05,1.0
0000882291,AEMD,2001-10-30,0,1.0255731278717525e-05,1.0
0000882291,AEMD,2001-10-31,0,1.0255731278717525e-05,1.0
0000882291,AEMD,2001-11-01,0,1.0255731278717525e-05,1.0
0000882291,AEMD,2001-11-02,0,1.0255731278717525e-05,1.0
0000882291,AEMD,2001-11-05,0,1.0255731278717525e-05,1.0
0000882291,AEMD,2001-11-06,0,1.0255731278717525e-05,1.0
0000882291,AEMD,2001-11-07,0,1.0255731278717525e-05,1.0
0000882291,AEMD,2001-11-08,0,1.0255731278717525e-05,1.0
0000882291,AEMD,2001-11-09,0,1.0255731278717525e-05,1.0
0000882291,AEMD,2001-11-12,0,1.0255731278717525e-05,1.0
0000882291,AEMD,2001-11-13,0,1.0255731278717525e-05,1.0
0000882291,AEMD,2001-11-14,0,1.0255731278717525e-05,1.0
0000882291,AEMD,2001-11-15,0,1.0255731278717525e-05,1.0
0000882291,AEMD,2001-11-16,0,1.0255731278717525e-05,1.0
0000882291,AEMD,2001-11-19,0,1.0255731278717525e-05,1.0
0000882291,AEMD,2001-11-20,0,1.0255731278717525e-05,1.0
0000882291,AEMD,2001-11-21,0,1.0255731278717525e-05,1.0
0000882291,AEMD,2001-11-22,0,1.0255731278717525e-05,1.0
0000882291,AEMD,2001-11-23,0,1.0255731278717525e-05,1.0
0000882291,AEMD,2001-11-26,0,1.0255731278717525e-05,1.0
0000882291,AEMD,2001-11-27,0,1.0255731278717525e-05,1.0
0000882291,AEMD,2001-11-28,0,1.0255731278717525e-05,1.0
0000882291,AEMD,2001-11-29,0,1.0255731278717525e-05,1.0
0000882291,AEMD,2001-11-30,0,1.0255731278717525e-05,1.0
0000882291,AEMD,2001-12-03,0,1.0255731278717525e-05,1.0
0000882291,AEMD,2001-12-04,0,1.0255731278717525e-05,1.0
0000882291,AEMD,2001-12-05,0,1.0255731278717525e-05,1.0
0000882291,AEMD,2001-12-06,0,1.0255731278717525e-05,1.0
0000882291,AEMD,2001-12-07,0,1.0255731278717525e-05,1.0
0000882291,AEMD,2001-12-10,0,1.0255731278717525e-05,1.0
0000882291,AEMD,2001-12-11,0,1.0255731278717525e-05,1.0
0000882291,AEMD,2001-12-12,0,1.0255731278717525e-05,1.0
0000882291,AEMD,2001-12-13,0,1.0255731278717525e-05,1.0
0000882291,AEMD,2001-12-14,0,1.0255731278717525e-05,1.0
0000882291,AEMD,2001-12-17,0,1.0255731278717525e-05,1.0
0000882291,AEMD,2001-12-18,0,1.0255731278717525e-05,1.0
0000882291,AEMD,2001-12-19,0,1.0255731278717525e-05,1.0
0000882291,AEMD,2001-12-20,0,1.0255731278717525e-05,1.0
0000882291,AEMD,2001-12-21,0,1.0255731278717525e-05,1.0
0000882291,AEMD,2001-12-24,0,1.0255731278717525e-05,1.0
0000882291,AEMD,2001-12-25,0,1.0255731278717525e-05,1.0
0000882291,AEMD,2001-12-26,0,1.0255731278717525e-05,1.0
0000882291,AEMD,2001-12-27,0,1.0255731278717525e-05,1.0
0000882291,AEMD,2001-12-28,0,1.0255731278717525e-05,1.0
0000882291,AEMD,2001-12-31,0,1.0255731278717525e-05,1.0
0000882291,AEMD,2002-01-01,0,1.0255731278717525e-05,1.0
0000882291,AEMD,2002-01-02,0,1.0255731278717525e-05,1.0
0000882291,AEMD,2002-01-03,0,1.0255731278717525e-05,1.0
0000882291,AEMD,2002-01-04,0,1.0255731278717525e-05,1.0
0000882291,AEMD,2002-01-07,0,1.0255731278717525e-05,1.0
0000882291,AEMD,2002-01-08,0,1.0255731278717525e-05,1.0
0000882291,AEMD,2002-01-09,0,1.0255731278717525e-05,1.0
0000882291,AEMD,2002-01-10,0,1.0255731278717525e-05,1.0
0000882291,AEMD,2002-01-11,0,1.0255731278717525e-05,1.0
0000882291,AEMD,2002-01-14,0,1.0255731278717525e-05,1.0
0000882291,AEMD,2002-01-15,0,1.0255731278717525e-05,1.0
0000882291,AEMD,2002-01-16,0,1.0255731278717525e-05,1.0
0000882291,AEMD,2002-01-17,0,1.0255731278717525e-05,1.0
0000882291,AEMD,2002-01-18,0,1.0255731278717525e-05,1.0
0000882291,AEMD,2002-01-21,0,1.0255731278717525e-05,1.0
0000882291,AEMD,2002-01-22,0,1.0255731278717525e-05,1.0
0000882291,AEMD,2002-01-23,0,1.0255731278717525e-05,1.0
0000882291,AEMD,2002-01-24,0,1.0255731278717525e-05,1.0
0000882291,AEMD,2002-01-25,0,1.0255731278717525e-05,1.0
0000882291,AEMD,2002-01-28,0,1.2563487115033114e-05,1.0
0000882291,AEMD,2002-01-29,0,1.2563487115033114e-05,1.0
0000882291,AEMD,2002-01-30,0,1.2563487115033114e-05,1.0
0000882291,AEMD,2002-01-31,0,1.2563487115033114e-05,1.0
0000882291,AEMD,2002-02-01,0,1.2563487115033114e-05,1.0
0000882291,AEMD,2002-02-04,0,1.2563487115033114e-05,1.0
0000882291,AEMD,2002-02-05,0,1.2563487115033114e-05,1.0
0000882291,AEMD,2002-02-06,0,1.2563487115033114e-05,1.0
0000882291,AEMD,2002-02-07,0,1.2563487115033114e-05,1.0
0000882291,AEMD,2002-02-08,0,1.2563487115033114e-05,1.0
0000882291,AEMD,2002-02-11,0,1.2563487115033114e-05,1.0
0000882291,AEMD,2002-02-12,0,1.2563487115033114e-05,1.0
0000882291,AEMD,2002-02-13,0,1.2563487115033114e-05,1.0
0000882291,AEMD,2002-02-14,0,1.2563487115033114e-05,1.0
0000882291,AEMD,2002-02-15,0,1.2563487115033114e-05,1.0
0000882291,AEMD,2002-02-18,0,1.2563487115033114e-05,1.0
0000882291,AEMD,2002-02-19,0,1.2563487115033114e-05,1.0
0000882291,AEMD,2002-02-20,0,1.2563487115033114e-05,1.0
0000882291,AEMD,2002-02-21,0,1.2563487115033114e-05,1.0
0000882291,AEMD,2002-02-22,0,1.2563487115033114e-05,1.0
0000882291,AEMD,2002-02-25,0,1.2563487115033114e-05,1.0
0000882291,AEMD,2002-02-26,0,1.2563487115033114e-05,1.0
0000882291,AEMD,2002-02-27,0,1.2563487115033114e-05,1.0
0000882291,AEMD,2002-02-28,0,1.2563487115033114e-05,1.0
0000882291,AEMD,2002-03-01,0,1.2563487115033114e-05,1.0
0000882291,AEMD,2002-03-04,0,1.2563487115033114e-05,1.0
0000882291,AEMD,2002-03-05,0,1.2563487115033114e-05,1.0
0000882291,AEMD,2002-03-06,0,1.2563487115033114e-05,1.0
0000882291,AEMD,2002-03-07,0,1.2563487115033114e-05,1.0
0000882291,AEMD,2002-03-08,0,1.2563487115033114e-05,1.0
0000882291,AEMD,2002-03-11,0,1.2563487115033114e-05,1.0
0000882291,AEMD,2002-03-12,0,1.2563487115033114e-05,1.0
0000882291,AEMD,2002-03-13,0,1.2563487115033114e-05,1.0
0000882291,AEMD,2002-03-14,0,1.2563487115033114e-05,1.0
0000882291,AEMD,2002-03-15,0,1.2563487115033114e-05,1.0
0000882291,AEMD,2002-03-18,0,1.2563487115033114e-05,1.0
0000882291,AEMD,2002-03-19,0,1.2563487115033114e-05,1.0
0000882291,AEMD,2002-03-20,0,1.2563487115033114e-05,1.0
0000882291,AEMD,2002-03-21,0,1.2563487115033114e-05,1.0
0000882291,AEMD,2002-03-22,0,1.2563487115033114e-05,1.0
0000882291,AEMD,2002-03-25,0,1.2563487115033114e-05,1.0
0000882291,AEMD,2002-03-26,0,1.2563487115033114e-05,1.0
0000882291,AEMD,2002-03-27,0,1.2563487115033114e-05,1.0
0000882291,AEMD,2002-03-28,0,1.2563487115033114e-05,1.0
0000882291,AEMD,2002-03-29,0,1.2563487115033114e-05,1.0
0000882291,AEMD,2002-04-01,0,1.2563487115033114e-05,1.0
0000882291,AEMD,2002-04-02,0,1.2563487115033114e-05,1.0
0000882291,AEMD,2002-04-03,0,1.2563487115033114e-05,1.0
0000882291,AEMD,2002-04-04,0,1.2563487115033114e-05,1.0
0000882291,AEMD,2002-04-05,0,1.2563487115033114e-05,1.0
0000882291,AEMD,2002-04-08,0,1.2563487115033114e-05,1.0
0000882291,AEMD,2002-04-09,0,1.2563487115033114e-05,1.0
0000882291,AEMD,2002-04-10,0,1.2563487115033114e-05,1.0
0000882291,AEMD,2002-04-11,0,1.2563487115033114e-05,1.0
0000882291,AEMD,2002-04-12,0,1.2563487115033114e-05,1.0
0000882291,AEMD,2002-04-15,0,1.2563487115033114e-05,1.0
0000882291,AEMD,2002-04-16,0,1.2563487115033114e-05,1.0
0000882291,AEMD,2002-04-17,0,1.2563487115033114e-05,1.0
0000882291,AEMD,2002-04-18,0,1.2563487115033114e-05,1.0
0000882291,AEMD,2002-04-19,0,1.2563487115033114e-05,1.0
0000882291,AEMD,2002-04-22,0,1.2563487115033114e-05,1.0
0000882291,AEMD,2002-04-23,0,1.2563487115033114e-05,1.0
0000882291,AEMD,2002-04-24,0,1.2563487115033114e-05,1.0
0000882291,AEMD,2002-04-25,0,1.2563487115033114e-05,1.0
0000882291,AEMD,2002-04-26,0,1.2563487115033114e-05,1.0
0000882291,AEMD,2002-04-29,0,1.2563487115033114e-05,1.0
0000882291,AEMD,2002-04-30,0,1.2563487115033114e-05,1.0
0000882291,AEMD,2002-05-01,0,1.2563487115033114e-05,1.0
0000882291,AEMD,2002-05-02,0,1.2563487115033114e-05,1.0
0000882291,AEMD,2002-05-03,0,1.2563487115033114e-05,1.0
0000882291,AEMD,2002-05-06,0,1.2563487115033114e-05,1.0
0000882291,AEMD,2002-05-07,0,1.2563487115033114e-05,1.0
0000882291,AEMD,2002-05-08,0,1.2563487115033114e-05,1.0
0000882291,AEMD,2002-05-09,0,1.2563487115033114e-05,1.0
0000882291,AEMD,2002-05-10,0,1.2563487115033114e-05,1.0
0000882291,AEMD,2002-05-13,0,1.2563487115033114e-05,1.0
0000882291,AEMD,2002-05-14,0,1.2563487115033114e-05,1.0
0000882291,AEMD,2002-05-15,0,1.2563487115033114e-05,1.0
0000882291,AEMD,2002-05-16,0,1.2563487115033114e-05,1.0
0000882291,AEMD,2002-05-17,0,1.2563487115033114e-05,1.0
0000882291,AEMD,2002-05-20,0,1.2563487115033114e-05,1.0
0000882291,AEMD,2002-05-21,0,1.2563487115033114e-05,1.0
0000882291,AEMD,2002-05-22,0,1.2563487115033114e-05,1.0
0000882291,AEMD,2002-05-23,0,1.2563487115033114e-05,1.0
0000882291,AEMD,2002-05-24,0,1.2563487115033114e-05,1.0
0000882291,AEMD,2002-05-27,0,1.2563487115033114e-05,1.0
0000882291,AEMD,2002-05-28,0,1.2563487115033114e-05,1.0
0000882291,AEMD,2002-05-29,0,1.2563487115033114e-05,1.0
0000882291,AEMD,2002-05-30,0,1.2563487115033114e-05,1.0
0000882291,AEMD,2002-05-31,0,1.2563487115033114e-05,1.0
0000882291,AEMD,2002-06-03,0,1.2563487115033114e-05,1.0
0000882291,AEMD,2002-06-04,0,1.2563487115033114e-05,1.0
0000882291,AEMD,2002-06-05,0,1.2563487115033114e-05,1.0
0000882291,AEMD,2002-06-06,0,1.2563487115033114e-05,1.0
0000882291,AEMD,2002-06-07,0,1.2563487115033114e-05,1.0
0000882291,AEMD,2002-06-10,0,1.2563487115033114e-05,1.0
0000882291,AEMD,2002-06-11,0,1.2563487115033114e-05,1.0
0000882291,AEMD,2002-06-12,0,1.2563487115033114e-05,1.0
0000882291,AEMD,2002-06-13,0,1.2563487115033114e-05,1.0
0000882291,AEMD,2002-06-14,0,1.2563487115033114e-05,1.0
0000882291,AEMD,2002-06-17,0,1.2563487115033114e-05,1.0
0000882291,AEMD,2002-06-18,0,1.2563487115033114e-05,1.0
0000882291,AEMD,2002-06-19,0,1.2563487115033114e-05,1.0
0000882291,AEMD,2002-06-20,0,1.2563487115033114e-05,1.0
0000882291,AEMD,2002-06-21,0,1.2563487115033114e-05,1.0
0000882291,AEMD,2002-06-24,0,1.2563487115033114e-05,1.0
0000882291,AEMD,2002-06-25,0,1.2563487115033114e-05,1.0
0000882291,AEMD,2002-06-26,0,1.2563487115033114e-05,1.0
0000882291,AEMD,2002-06-27,0,1.2563487115033114e-05,1.0
0000882291,AEMD,2002-06-28,0,1.2563487115033114e-05,1.0
0000882291,AEMD,2002-07-01,0,1.2563487115033114e-05,1.0
0000882291,AEMD,2002-07-02,0,1.2563487115033114e-05,1.0
0000882291,AEMD,2002-07-03,0,1.2563487115033114e-05,1.0
0000882291,AEMD,2002-07-04,0,1.2563487115033114e-05,1.0
0000882291,AEMD,2002-07-05,0,1.2563487115033114e-05,1.0
0000882291,AEMD,2002-07-08,0,1.2563487115033114e-05,1.0
0000882291,AEMD,2002-07-09,0,1.2563487115033114e-05,1.0
0000882291,AEMD,2002-07-10,0,1.2563487115033114e-05,1.0
0000882291,AEMD,2002-07-11,0,1.2563487115033114e-05,1.0
0000882291,AEMD,2002-07-12,0,1.2563487115033114e-05,1.0
0000882291,AEMD,2002-07-15,0,1.2563487115033114e-05,1.0
0000882291,AEMD,2002-07-16,0,1.2563487115033114e-05,1.0
0000882291,AEMD,2002-07-17,0,1.2563487115033114e-05,1.0
0000882291,AEMD,2002-07-18,0,1.2563487115033114e-05,1.0
0000882291,AEMD,2002-07-19,0,1.2563487115033114e-05,1.0
0000882291,AEMD,2002-07-22,0,1.2563487115033114e-05,1.0
0000882291,AEMD,2002-07-23,0,1.2563487115033114e-05,1.0
0000882291,AEMD,2002-07-24,0,1.2563487115033114e-05,1.0
0000882291,AEMD,2002-07-25,0,1.2563487115033114e-05,1.0
0000882291,AEMD,2002-07-26,0,1.2563487115033114e-05,1.0
0000882291,AEMD,2002-07-29,0,1.2563487115033114e-05,1.0
0000882291,AEMD,2002-07-30,0,1.2563487115033114e-05,1.0
0000882291,AEMD,2002-07-31,0,1.2563487115033114e-05,1.0
0000882291,AEMD,2002-08-01,0,1.2563487115033114e-05,1.0
0000882291,AEMD,2002-08-02,0,1.2563487115033114e-05,1.0
0000882291,AEMD,2002-08-05,0,1.2563487115033114e-05,1.0
0000882291,AEMD,2002-08-06,0,1.2563487115033114e-05,1.0
0000882291,AEMD,2002-08-07,0,1.2563487115033114e-05,1.0
0000882291,AEMD,2002-08-08,0,1.2563487115033114e-05,1.0
0000882291,AEMD,2002-08-09,0,1.2563487115033114e-05,1.0
0000882291,AEMD,2002-08-12,0,1.2563487115033114e-05,1.0
0000882291,AEMD,2002-08-13,0,1.2563487115033114e-05,1.0
0000882291,AEMD,2002-08-14,0,1.2563487115033114e-05,1.0
0000882291,AEMD,2002-08-15,0,1.2563487115033114e-05,1.0
0000882291,AEMD,2002-08-16,0,1.2563487115033114e-05,1.0
0000882291,AEMD,2002-08-19,0,1.2563487115033114e-05,1.0
0000882291,AEMD,2002-08-20,0,1.2563487115033114e-05,1.0
0000882291,AEMD,2002-08-21,0,1.2563487115033114e-05,1.0
0000882291,AEMD,2002-08-22,0,1.2563487115033114e-05,1.0
0000882291,AEMD,2002-08-23,0,1.2563487115033114e-05,1.0
0000882291,AEMD,2002-08-26,0,1.2563487115033114e-05,1.0
0000882291,AEMD,2002-08-27,0,1.2563487115033114e-05,1.0
0000882291,AEMD,2002-08-28,0,1.2563487115033114e-05,1.0
0000882291,AEMD,2002-08-29,0,1.2563487115033114e-05,1.0
0000882291,AEMD,2002-08-30,0,1.2563487115033114e-05,1.0
0000882291,AEMD,2002-09-02,0,1.2563487115033114e-05,1.0
0000882291,AEMD,2002-09-03,0,1.2563487115033114e-05,1.0
0000882291,AEMD,2002-09-04,0,1.2563487115033114e-05,1.0
0000882291,AEMD,2002-09-05,0,1.2563487115033114e-05,1.0
0000882291,AEMD,2002-09-06,0,1.2563487115033114e-05,1.0
0000882291,AEMD,2002-09-09,0,1.2563487115033114e-05,1.0
0000882291,AEMD,2002-09-10,0,1.2563487115033114e-05,1.0
0000882291,AEMD,2002-09-11,0,1.2563487115033114e-05,1.0
0000882291,AEMD,2002-09-12,0,1.2563487115033114e-05,1.0
0000882291,AEMD,2002-09-13,0,1.2563487115033114e-05,1.0
0000882291,AEMD,2002-09-16,0,1.2563487115033114e-05,1.0
0000882291,AEMD,2002-09-17,0,1.2563487115033114e-05,1.0
0000882291,AEMD,2002-09-18,0,1.2563487115033114e-05,1.0
0000882291,AEMD,2002-09-19,0,1.2563487115033114e-05,1.0
0000882291,AEMD,2002-09-20,0,1.2563487115033114e-05,1.0
0000882291,AEMD,2002-09-23,0,1.2563487115033114e-05,1.0
0000882291,AEMD,2002-09-24,0,1.2563487115033114e-05,1.0
0000882291,AEMD,2002-09-25,0,1.2563487115033114e-05,1.0
0000882291,AEMD,2002-09-26,0,1.2563487115033114e-05,1.0
0000882291,AEMD,2002-09-27,0,1.2563487115033114e-05,1.0
0000882291,AEMD,2002-09-30,0,1.2563487115033114e-05,1.0
0000882291,AEMD,2002-10-01,0,1.2563487115033114e-05,1.0
0000882291,AEMD,2002-10-02,0,1.2563487115033114e-05,1.0
0000882291,AEMD,2002-10-03,0,1.2563487115033114e-05,1.0
0000882291,AEMD,2002-10-04,0,1.2563487115033114e-05,1.0
0000882291,AEMD,2002-10-07,0,1.2563487115033114e-05,1.0
0000882291,AEMD,2002-10-08,0,1.2563487115033114e-05,1.0
0000882291,AEMD,2002-10-09,0,1.2563487115033114e-05,1.0
0000882291,AEMD,2002-10-10,0,1.2563487115033114e-05,1.0
0000882291,AEMD,2002-10-11,0,1.2563487115033114e-05,1.0
0000882291,AEMD,2002-10-14,0,1.2563487115033114e-05,1.0
0000882291,AEMD,2002-10-15,0,1.2563487115033114e-05,1.0
0000882291,AEMD,2002-10-16,0,1.2563487115033114e-05,1.0
0000882291,AEMD,2002-10-17,0,1.2563487115033114e-05,1.0
0000882291,AEMD,2002-10-18,0,1.2563487115033114e-05,1.0
0000882291,AEMD,2002-10-21,0,1.2563487115033114e-05,1.0
0000882291,AEMD,2002-10-22,0,1.2563487115033114e-05,1.0
0000882291,AEMD,2002-10-23,0,1.2563487115033114e-05,1.0
0000882291,AEMD,2002-10-24,0,1.2563487115033114e-05,1.0
0000882291,AEMD,2002-10-25,0,1.2563487115033114e-05,1.0
0000882291,AEMD,2002-10-28,0,1.2563487115033114e-05,1.0
0000882291,AEMD,2002-10-29,0,1.2563487115033114e-05,1.0
0000882291,AEMD,2002-10-30,0,1.2563487115033114e-05,1.0
0000882291,AEMD,2002-10-31,0,1.2563487115033114e-05,1.0
0000882291,AEMD,2002-11-01,0,1.2563487115033114e-05,1.0
0000882291,AEMD,2002-11-04,0,1.2563487115033114e-05,1.0
0000882291,AEMD,2002-11-05,0,1.2563487115033114e-05,1.0
0000882291,AEMD,2002-11-06,0,1.2563487115033114e-05,1.0
0000882291,AEMD,2002-11-07,0,1.2563487115033114e-05,1.0
0000882291,AEMD,2002-11-08,0,1.2563487115033114e-05,1.0
0000882291,AEMD,2002-11-11,0,1.2563487115033114e-05,1.0
0000882291,AEMD,2002-11-12,0,1.2563487115033114e-05,1.0
0000882291,AEMD,2002-11-13,0,1.2563487115033114e-05,1.0
0000882291,AEMD,2002-11-14,0,1.2563487115033114e-05,1.0
0000882291,AEMD,2002-11-15,0,1.2563487115033114e-05,1.0
0000882291,AEMD,2002-11-18,0,1.2563487115033114e-05,1.0
0000882291,AEMD,2002-11-19,0,1.2563487115033114e-05,1.0
0000882291,AEMD,2002-11-20,0,1.2563487115033114e-05,1.0
0000882291,AEMD,2002-11-21,0,1.2563487115033114e-05,1.0
0000882291,AEMD,2002-11-22,0,1.2563487115033114e-05,1.0
0000882291,AEMD,2002-11-25,0,1.2563487115033114e-05,1.0
0000882291,AEMD,2002-11-26,0,1.2563487115033114e-05,1.0
0000882291,AEMD,2002-11-27,0,1.2563487115033114e-05,1.0
0000882291,AEMD,2002-11-28,0,1.2563487115033114e-05,1.0
0000882291,AEMD,2002-11-29,0,1.2563487115033114e-05,1.0
0000882291,AEMD,2002-12-02,0,1.2563487115033114e-05,1.0
0000882291,AEMD,2002-12-03,0,1.2563487115033114e-05,1.0
0000882291,AEMD,2002-12-04,0,1.2563487115033114e-05,1.0
0000882291,AEMD,2002-12-05,0,1.2563487115033114e-05,1.0
0000882291,AEMD,2002-12-06,0,1.2563487115033114e-05,1.0
0000882291,AEMD,2002-12-09,0,1.2563487115033114e-05,1.0
0000882291,AEMD,2002-12-10,0,1.2563487115033114e-05,1.0
0000882291,AEMD,2002-12-11,0,1.2563487115033114e-05,1.0
0000882291,AEMD,2002-12-12,0,1.2563487115033114e-05,1.0
0000882291,AEMD,2002-12-13,0,1.2563487115033114e-05,1.0
0000882291,AEMD,2002-12-16,0,1.2563487115033114e-05,1.0
0000882291,AEMD,2002-12-17,0,1.2563487115033114e-05,1.0
0000882291,AEMD,2002-12-18,0,1.2563487115033114e-05,1.0
0000882291,AEMD,2002-12-19,0,1.2563487115033114e-05,1.0
0000882291,AEMD,2002-12-20,0,1.2563487115033114e-05,1.0
0000882291,AEMD,2002-12-23,0,1.2563487115033114e-05,1.0
0000882291,AEMD,2002-12-24,0,1.2563487115033114e-05,1.0
0000882291,AEMD,2002-12-25,0,1.2563487115033114e-05,1.0
0000882291,AEMD,2002-12-26,0,1.2563487115033114e-05,1.0
0000882291,AEMD,2002-12-27,0,1.2563487115033114e-05,1.0
0000882291,AEMD,2002-12-30,0,1.2563487115033114e-05,1.0
0000882291,AEMD,2002-12-31,0,1.2563487115033114e-05,1.0
0000882291,AEMD,2003-01-01,0,1.2563487115033114e-05,1.0
0000882291,AEMD,2003-01-02,0,1.2563487115033114e-05,1.0
0000882291,AEMD,2003-01-03,0,1.2563487115033114e-05,1.0
0000882291,AEMD,2003-01-06,0,1.2563487115033114e-05,1.0
0000882291,AEMD,2003-01-07,0,1.2563487115033114e-05,1.0
0000882291,AEMD,2003-01-08,0,1.2563487115033114e-05,1.0
0000882291,AEMD,2003-01-09,0,1.2563487115033114e-05,1.0
0000882291,AEMD,2003-01-10,0,1.2563487115033114e-05,1.0
0000882291,AEMD,2003-01-13,0,1.2563487115033114e-05,1.0
0000882291,AEMD,2003-01-14,0,1.2563487115033114e-05,1.0
0000882291,AEMD,2003-01-15,0,1.2563487115033114e-05,1.0
0000882291,AEMD,2003-01-16,0,1.2563487115033114e-05,1.0
0000882291,AEMD,2003-01-17,0,1.2563487115033114e-05,1.0
0000882291,AEMD,2003-01-20,0,1.2563487115033114e-05,1.0
0000882291,AEMD,2003-01-21,0,1.2563487115033114e-05,1.0
0000882291,AEMD,2003-01-22,0,1.2563487115033114e-05,1.0
0000882291,AEMD,2003-01-23,0,1.2563487115033114e-05,1.0
0000882291,AEMD,2003-01-24,0,1.2563487115033114e-05,1.0
0000882291,AEMD,2003-01-27,0,1.2563487115033114e-05,1.0
0000882291,AEMD,2003-01-28,0,1.2563487115033114e-05,1.0
0000882291,AEMD,2003-01-29,0,1.2563487115033114e-05,1.0
0000882291,AEMD,2003-01-30,0,1.2563487115033114e-05,1.0
0000882291,AEMD,2003-01-31,0,1.2563487115033114e-05,1.0
0000882291,AEMD,2003-02-03,0,1.2563487115033114e-05,1.0
0000882291,AEMD,2003-02-04,0,1.2563487115033114e-05,1.0
0000882291,AEMD,2003-02-05,0,1.2563487115033114e-05,1.0
0000882291,AEMD,2003-02-06,0,1.2563487115033114e-05,1.0
0000882291,AEMD,2003-02-07,0,1.2563487115033114e-05,1.0
0000882291,AEMD,2003-02-10,0,1.2563487115033114e-05,1.0
0000882291,AEMD,2003-02-11,0,1.2563487115033114e-05,1.0
0000882291,AEMD,2003-02-12,0,1.2563487115033114e-05,1.0
0000882291,AEMD,2003-02-13,0,1.2563487115033114e-05,1.0
0000882291,AEMD,2003-02-14,0,1.2563487115033114e-05,1.0
0000882291,AEMD,2003-02-17,0,1.2563487115033114e-05,1.0
0000882291,AEMD,2003-02-18,0,1.2563487115033114e-05,1.0
0000882291,AEMD,2003-02-19,0,1.2563487115033114e-05,1.0
0000882291,AEMD,2003-02-20,0,1.2563487115033114e-05,1.0
0000882291,AEMD,2003-02-21,0,1.2563487115033114e-05,1.0
0000882291,AEMD,2003-02-24,0,1.2563487115033114e-05,1.0
0000882291,AEMD,2003-02-25,0,1.2563487115033114e-05,1.0
0000882291,AEMD,2003-02-26,0,1.2563487115033114e-05,1.0
0000882291,AEMD,2003-02-27,0,1.2563487115033114e-05,1.0
0000882291,AEMD,2003-02-28,0,1.2563487115033114e-05,1.0
0000882291,AEMD,2003-03-03,0,1.2563487115033114e-05,1.0
0000882291,AEMD,2003-03-04,0,1.2563487115033114e-05,1.0
0000882291,AEMD,2003-03-05,0,1.2563487115033114e-05,1.0
0000882291,AEMD,2003-03-06,0,1.2563487115033114e-05,1.0
0000882291,AEMD,2003-03-07,0,1.2563487115033114e-05,1.0
0000882291,AEMD,2003-03-10,0,1.2563487115033114e-05,1.0
0000882291,AEMD,2003-03-11,0,1.2563487115033114e-05,1.0
0000882291,AEMD,2003-03-12,0,1.2563487115033114e-05,1.0
0000882291,AEMD,2003-03-13,0,1.2563487115033114e-05,1.0
0000882291,AEMD,2003-03-14,0,1.2563487115033114e-05,1.0
0000882291,AEMD,2003-03-17,0,1.2563487115033114e-05,1.0
0000882291,AEMD,2003-03-18,0,1.2563487115033114e-05,1.0
0000882291,AEMD,2003-03-19,0,1.2563487115033114e-05,1.0
0000882291,AEMD,2003-03-20,0,1.2563487115033114e-05,1.0
0000882291,AEMD,2003-03-21,0,1.2563487115033114e-05,1.0
0000882291,AEMD,2003-03-24,0,1.2563487115033114e-05,1.0
0000882291,AEMD,2003-03-25,0,1.2563487115033114e-05,1.0
0000882291,AEMD,2003-03-26,0,1.2563487115033114e-05,1.0
0000882291,AEMD,2003-03-27,0,1.2563487115033114e-05,1.0
0000882291,AEMD,2003-03-28,0,1.2563487115033114e-05,1.0
0000882291,AEMD,2003-03-31,0,1.2563487115033114e-05,1.0
0000882291,AEMD,2003-04-01,0,1.2563487115033114e-05,1.0
0000882291,AEMD,2003-04-02,0,1.2563487115033114e-05,1.0
0000882291,AEMD,2003-04-03,0,1.2563487115033114e-05,1.0
0000882291,AEMD,2003-04-04,0,1.2563487115033114e-05,1.0
0000882291,AEMD,2003-04-07,0,1.2563487115033114e-05,1.0
0000882291,AEMD,2003-04-08,0,1.2563487115033114e-05,1.0
0000882291,AEMD,2003-04-09,0,1.2563487115033114e-05,1.0
0000882291,AEMD,2003-04-10,0,1.2563487115033114e-05,1.0
0000882291,AEMD,2003-04-11,0,1.2563487115033114e-05,1.0
0000882291,AEMD,2003-04-14,0,1.2563487115033114e-05,1.0
0000882291,AEMD,2003-04-15,0,1.2563487115033114e-05,1.0
0000882291,AEMD,2003-04-16,0,1.2563487115033114e-05,1.0
0000882291,AEMD,2003-04-17,0,1.2563487115033114e-05,1.0
0000882291,AEMD,2003-04-18,0,1.2563487115033114e-05,1.0
0000882291,AEMD,2003-04-21,0,1.2563487115033114e-05,1.0
0000882291,AEMD,2003-04-22,0,1.2563487115033114e-05,1.0
0000882291,AEMD,2003-04-23,0,1.2563487115033114e-05,1.0
0000882291,AEMD,2003-04-24,0,1.2563487115033114e-05,1.0
0000882291,AEMD,2003-04-25,0,1.2563487115033114e-05,1.0
0000882291,AEMD,2003-04-28,0,1.2563487115033114e-05,1.0
0000882291,AEMD,2003-04-29,0,1.2563487115033114e-05,1.0
0000882291,AEMD,2003-04-30,0,1.2563487115033114e-05,1.0
0000882291,AEMD,2003-05-01,0,1.2563487115033114e-05,1.0
0000882291,AEMD,2003-05-02,0,1.2563487115033114e-05,1.0
0000882291,AEMD,2003-05-05,0,1.2563487115033114e-05,1.0
0000882291,AEMD,2003-05-06,0,1.2563487115033114e-05,1.0
0000882291,AEMD,2003-05-07,0,1.2563487115033114e-05,1.0
0000882291,AEMD,2003-05-08,0,1.2563487115033114e-05,1.0
0000882291,AEMD,2003-05-09,0,1.2563487115033114e-05,1.0
0000882291,AEMD,2003-05-12,0,1.2563487115033114e-05,1.0
0000882291,AEMD,2003-05-13,0,1.2563487115033114e-05,1.0
0000882291,AEMD,2003-05-14,0,1.2563487115033114e-05,1.0
0000882291,AEMD,2003-05-15,0,1.2563487115033114e-05,1.0
0000882291,AEMD,2003-05-16,0,1.2563487115033114e-05,1.0
0000882291,AEMD,2003-05-19,0,1.2563487115033114e-05,1.0
0000882291,AEMD,2003-05-20,0,1.2563487115033114e-05,1.0
0000882291,AEMD,2003-05-21,0,1.2563487115033114e-05,1.0
0000882291,AEMD,2003-05-22,0,1.2563487115033114e-05,1.0
0000882291,AEMD,2003-05-23,0,1.2563487115033114e-05,1.0
0000882291,AEMD,2003-05-26,0,1.2563487115033114e-05,1.0
0000882291,AEMD,2003-05-27,0,1.2563487115033114e-05,1.0
0000882291,AEMD,2003-05-28,0,1.2563487115033114e-05,1.0
0000882291,AEMD,2003-05-29,0,1.2563487115033114e-05,1.0
0000882291,AEMD,2003-05-30,0,1.2563487115033114e-05,1.0
0000882291,AEMD,2003-06-02,0,1.2563487115033114e-05,1.0
0000882291,AEMD,2003-06-03,0,1.2563487115033114e-05,1.0
0000882291,AEMD,2003-06-04,0,1.2563487115033114e-05,1.0
0000882291,AEMD,2003-06-05,0,1.2563487115033114e-05,1.0
0000882291,AEMD,2003-06-06,0,1.2563487115033114e-05,1.0
0000882291,AEMD,2003-06-09,0,1.2563487115033114e-05,1.0
0000882291,AEMD,2003-06-10,0,1.2563487115033114e-05,1.0
0000882291,AEMD,2003-06-11,0,1.2563487115033114e-05,1.0
0000882291,AEMD,2003-06-12,0,1.2563487115033114e-05,1.0
0000882291,AEMD,2003-06-13,0,1.2563487115033114e-05,1.0
0000882291,AEMD,2003-06-16,0,1.2563487115033114e-05,1.0
0000882291,AEMD,2003-06-17,0,1.2563487115033114e-05,1.0
0000882291,AEMD,2003-06-18,0,1.2563487115033114e-05,1.0
0000882291,AEMD,2003-06-19,0,1.2563487115033114e-05,1.0
0000882291,AEMD,2003-06-20,0,1.2563487115033114e-05,1.0
0000882291,AEMD,2003-06-23,0,1.2563487115033114e-05,1.0
0000882291,AEMD,2003-06-24,0,1.2563487115033114e-05,1.0
0000882291,AEMD,2003-06-25,0,1.2563487115033114e-05,1.0
0000882291,AEMD,2003-06-26,0,1.2563487115033114e-05,1.0
0000882291,AEMD,2003-06-27,0,1.2563487115033114e-05,1.0
0000882291,AEMD,2003-06-30,0,1.2563487115033114e-05,1.0
0000882291,AEMD,2003-07-01,0,1.2563487115033114e-05,1.0
0000882291,AEMD,2003-07-02,0,1.2563487115033114e-05,1.0
0000882291,AEMD,2003-07-03,0,1.2563487115033114e-05,1.0
0000882291,AEMD,2003-07-04,0,1.2563487115033114e-05,1.0
0000882291,AEMD,2003-07-07,0,1.2563487115033114e-05,1.0
0000882291,AEMD,2003-07-08,0,1.2563487115033114e-05,1.0
0000882291,AEMD,2003-07-09,0,1.2563487115033114e-05,1.0
0000882291,AEMD,2003-07-10,0,1.2563487115033114e-05,1.0
0000882291,AEMD,2003-07-11,0,1.2563487115033114e-05,1.0
0000882291,AEMD,2003-07-14,0,1.2563487115033114e-05,1.0
0000882291,AEMD,2003-07-15,0,1.2563487115033114e-05,1.0
0000882291,AEMD,2003-07-16,0,1.2563487115033114e-05,1.0
0000882291,AEMD,2003-07-17,0,1.2563487115033114e-05,1.0
0000882291,AEMD,2003-07-18,0,1.2563487115033114e-05,1.0
0000882291,AEMD,2003-07-21,0,1.2563487115033114e-05,1.0
0000882291,AEMD,2003-07-22,0,1.2563487115033114e-05,1.0
0000882291,AEMD,2003-07-23,0,1.2563487115033114e-05,1.0
0000882291,AEMD,2003-07-24,0,1.2563487115033114e-05,1.0
0000882291,AEMD,2003-07-25,0,1.2563487115033114e-05,1.0
0000882291,AEMD,2003-07-28,0,1.2563487115033114e-05,1.0
0000882291,AEMD,2003-07-29,0,1.2563487115033114e-05,1.0
0000882291,AEMD,2003-07-30,0,1.2563487115033114e-05,1.0
0000882291,AEMD,2003-07-31,0,1.2563487115033114e-05,1.0
0000882291,AEMD,2003-08-01,0,1.2563487115033114e-05,1.0
0000882291,AEMD,2003-08-04,0,1.2563487115033114e-05,1.0
0000882291,AEMD,2003-08-05,0,1.2563487115033114e-05,1.0
0000882291,AEMD,2003-08-06,0,1.2563487115033114e-05,1.0
0000882291,AEMD,2003-08-07,0,1.2563487115033114e-05,1.0
0000882291,AEMD,2003-08-08,0,1.2563487115033114e-05,1.0
0000882291,AEMD,2003-08-11,0,1.2563487115033114e-05,1.0
0000882291,AEMD,2003-08-12,0,1.2563487115033114e-05,1.0
0000882291,AEMD,2003-08-13,0,1.2563487115033114e-05,1.0
0000882291,AEMD,2003-08-14,0,1.2563487115033114e-05,1.0
0000882291,AEMD,2003-08-15,0,1.2563487115033114e-05,1.0
0000882291,AEMD,2003-08-18,0,1.2563487115033114e-05,1.0
0000882291,AEMD,2003-08-19,0,1.2563487115033114e-05,1.0
0000882291,AEMD,2003-08-20,0,1.2563487115033114e-05,1.0
0000882291,AEMD,2003-08-21,0,1.2563487115033114e-05,1.0
0000882291,AEMD,2003-08-22,0,1.2563487115033114e-05,1.0
0000882291,AEMD,2003-08-25,0,1.2563487115033114e-05,1.0
0000882291,AEMD,2003-08-26,0,1.2563487115033114e-05,1.0
0000882291,AEMD,2003-08-27,0,1.2563487115033114e-05,1.0
0000882291,AEMD,2003-08-28,0,1.2563487115033114e-05,1.0
0000882291,AEMD,2003-08-29,0,1.2563487115033114e-05,1.0
0000882291,AEMD,2003-09-01,0,1.2563487115033114e-05,1.0
0000882291,AEMD,2003-09-02,0,1.2563487115033114e-05,1.0
0000882291,AEMD,2003-09-03,0,1.2563487115033114e-05,1.0
0000882291,AEMD,2003-09-04,0,1.2563487115033114e-05,1.0
0000882291,AEMD,2003-09-05,0,1.2563487115033114e-05,1.0
0000882291,AEMD,2003-09-08,0,1.2563487115033114e-05,1.0
0000882291,AEMD,2003-09-09,0,1.2563487115033114e-05,1.0
0000882291,AEMD,2003-09-10,0,1.2563487115033114e-05,1.0
0000882291,AEMD,2003-09-11,0,1.2563487115033114e-05,1.0
0000882291,AEMD,2003-09-12,0,1.2563487115033114e-05,1.0
0000882291,AEMD,2003-09-15,0,1.2563487115033114e-05,1.0
0000882291,AEMD,2003-09-16,0,1.2563487115033114e-05,1.0
0000882291,AEMD,2003-09-17,0,1.2563487115033114e-05,1.0
0000882291,AEMD,2003-09-18,0,1.2563487115033114e-05,1.0
0000882291,AEMD,2003-09-19,0,1.2563487115033114e-05,1.0
0000882291,AEMD,2003-09-22,0,1.2563487115033114e-05,1.0
0000882291,AEMD,2003-09-23,0,1.2563487115033114e-05,1.0
0000882291,AEMD,2003-09-24,0,1.2563487115033114e-05,1.0
0000882291,AEMD,2003-09-25,0,1.2563487115033114e-05,1.0
0000882291,AEMD,2003-09-26,0,1.2563487115033114e-05,1.0
0000882291,AEMD,2003-09-29,0,1.2563487115033114e-05,1.0
0000882291,AEMD,2003-09-30,0,1.2563487115033114e-05,1.0
0000882291,AEMD,2003-10-01,0,1.2563487115033114e-05,1.0
0000882291,AEMD,2003-10-02,0,1.2563487115033114e-05,1.0
0000882291,AEMD,2003-10-03,0,1.2563487115033114e-05,1.0
0000882291,AEMD,2003-10-06,0,1.2563487115033114e-05,1.0
0000882291,AEMD,2003-10-07,0,1.2563487115033114e-05,1.0
0000882291,AEMD,2003-10-08,0,1.2563487115033114e-05,1.0
0000882291,AEMD,2003-10-09,0,1.2563487115033114e-05,1.0
0000882291,AEMD,2003-10-10,0,1.2563487115033114e-05,1.0
0000882291,AEMD,2003-10-13,0,1.2563487115033114e-05,1.0
0000882291,AEMD,2003-10-14,0,1.2563487115033114e-05,1.0
0000882291,AEMD,2003-10-15,0,1.2563487115033114e-05,1.0
0000882291,AEMD,2003-10-16,0,1.2563487115033114e-05,1.0
0000882291,AEMD,2003-10-17,0,1.2563487115033114e-05,1.0
0000882291,AEMD,2003-10-20,0,1.2563487115033114e-05,1.0
0000882291,AEMD,2003-10-21,0,1.2563487115033114e-05,1.0
0000882291,AEMD,2003-10-22,0,1.2563487115033114e-05,1.0
0000882291,AEMD,2003-10-23,0,1.2563487115033114e-05,1.0
0000882291,AEMD,2003-10-24,0,1.2563487115033114e-05,1.0
0000882291,AEMD,2003-10-27,0,1.2563487115033114e-05,1.0
0000882291,AEMD,2003-10-28,0,1.2563487115033114e-05,1.0
0000882291,AEMD,2003-10-29,0,1.2563487115033114e-05,1.0
0000882291,AEMD,2003-10-30,0,1.2563487115033114e-05,1.0
0000882291,AEMD,2003-10-31,0,1.2563487115033114e-05,1.0
0000882291,AEMD,2003-11-03,0,1.2563487115033114e-05,1.0
0000882291,AEMD,2003-11-04,0,1.2563487115033114e-05,1.0
0000882291,AEMD,2003-11-05,0,1.2563487115033114e-05,1.0
0000882291,AEMD,2003-11-06,0,1.2563487115033114e-05,1.0
0000882291,AEMD,2003-11-07,0,1.2563487115033114e-05,1.0
0000882291,AEMD,2003-11-10,0,1.2563487115033114e-05,1.0
0000882291,AEMD,2003-11-11,0,1.2563487115033114e-05,1.0
0000882291,AEMD,2003-11-12,0,1.2563487115033114e-05,1.0
0000882291,AEMD,2003-11-13,0,1.2563487115033114e-05,1.0
0000882291,AEMD,2003-11-14,0,1.2563487115033114e-05,1.0
0000882291,AEMD,2003-11-17,0,1.2563487115033114e-05,1.0
0000882291,AEMD,2003-11-18,0,1.2563487115033114e-05,1.0
0000882291,AEMD,2003-11-19,0,1.2563487115033114e-05,1.0
0000882291,AEMD,2003-11-20,0,1.2563487115033114e-05,1.0
0000882291,AEMD,2003-11-21,0,1.2563487115033114e-05,1.0
0000882291,AEMD,2003-11-24,0,1.2563487115033114e-05,1.0
0000882291,AEMD,2003-11-25,0,1.2563487115033114e-05,1.0
0000882291,AEMD,2003-11-26,0,1.2563487115033114e-05,1.0
0000882291,AEMD,2003-11-27,0,1.2563487115033114e-05,1.0
0000882291,AEMD,2003-11-28,0,1.2563487115033114e-05,1.0
0000882291,AEMD,2003-12-01,0,1.2563487115033114e-05,1.0
0000882291,AEMD,2003-12-02,0,1.2563487115033114e-05,1.0
0000882291,AEMD,2003-12-03,0,1.2563487115033114e-05,1.0
0000882291,AEMD,2003-12-04,0,1.2563487115033114e-05,1.0
0000882291,AEMD,2003-12-05,0,1.2563487115033114e-05,1.0
0000882291,AEMD,2003-12-08,0,1.2563487115033114e-05,1.0
0000882291,AEMD,2003-12-09,0,1.2563487115033114e-05,1.0
0000882291,AEMD,2003-12-10,0,1.2563487115033114e-05,1.0
0000882291,AEMD,2003-12-11,0,1.2563487115033114e-05,1.0
0000882291,AEMD,2003-12-12,0,1.2563487115033114e-05,1.0
0000882291,AEMD,2003-12-15,0,1.2563487115033114e-05,1.0
0000882291,AEMD,2003-12-16,0,1.2563487115033114e-05,1.0
0000882291,AEMD,2003-12-17,0,1.2563487115033114e-05,1.0
0000882291,AEMD,2003-12-18,0,1.2563487115033114e-05,1.0
0000882291,AEMD,2003-12-19,0,1.2563487115033114e-05,1.0
0000882291,AEMD,2003-12-22,0,1.2563487115033114e-05,1.0
0000882291,AEMD,2003-12-23,0,1.2563487115033114e-05,1.0
0000882291,AEMD,2003-12-24,0,1.2563487115033114e-05,1.0
0000882291,AEMD,2003-12-25,0,1.2563487115033114e-05,1.0
0000882291,AEMD,2003-12-26,0,1.2563487115033114e-05,1.0
0000882291,AEMD,2003-12-29,0,1.2563487115033114e-05,1.0
0000882291,AEMD,2003-12-30,0,1.2563487115033114e-05,1.0
0000882291,AEMD,2003-12-31,0,1.2563487115033114e-05,1.0
0000882291,AEMD,2004-01-01,0,1.2563487115033114e-05,1.0
0000882291,AEMD,2004-01-02,0,1.2563487115033114e-05,1.0
0000882291,AEMD,2004-01-05,0,1.2563487115033114e-05,1.0
0000882291,AEMD,2004-01-06,0,1.2563487115033114e-05,1.0
0000882291,AEMD,2004-01-07,0,1.2563487115033114e-05,1.0
0000882291,AEMD,2004-01-08,0,1.2563487115033114e-05,1.0
0000882291,AEMD,2004-01-09,0,1.2563487115033114e-05,1.0
0000882291,AEMD,2004-01-12,0,1.2563487115033114e-05,1.0
0000882291,AEMD,2004-01-13,0,1.2563487115033114e-05,1.0
0000882291,AEMD,2004-01-14,0,1.2563487115033114e-05,1.0
0000882291,AEMD,2004-01-15,0,1.2563487115033114e-05,1.0
0000882291,AEMD,2004-01-16,0,1.2563487115033114e-05,1.0
0000882291,AEMD,2004-01-19,0,1.2563487115033114e-05,1.0
0000882291,AEMD,2004-01-20,0,1.2563487115033114e-05,1.0
0000882291,AEMD,2004-01-21,0,1.2563487115033114e-05,1.0
0000882291,AEMD,2004-01-22,0,1.2563487115033114e-05,1.0
0000882291,AEMD,2004-01-23,0,1.2563487115033114e-05,1.0
0000882291,AEMD,2004-01-26,0,1.2563487115033114e-05,1.0
0000882291,AEMD,2004-01-27,0,1.2563487115033114e-05,1.0
0000882291,AEMD,2004-01-28,0,1.2563487115033114e-05,1.0
0000882291,AEMD,2004-01-29,0,1.2563487115033114e-05,1.0
0000882291,AEMD,2004-01-30,0,1.2563487115033114e-05,1.0
0000882291,AEMD,2004-02-02,0,1.2563487115033114e-05,1.0
0000882291,AEMD,2004-02-03,0,1.2563487115033114e-05,1.0
0000882291,AEMD,2004-02-04,0,1.2563487115033114e-05,1.0
0000882291,AEMD,2004-02-05,0,1.2563487115033114e-05,1.0
0000882291,AEMD,2004-02-06,0,1.2563487115033114e-05,1.0
0000882291,AEMD,2004-02-09,0,1.2563487115033114e-05,1.0
0000882291,AEMD,2004-02-10,0,1.2563487115033114e-05,1.0
0000882291,AEMD,2004-02-11,0,1.2563487115033114e-05,1.0
0000882291,AEMD,2004-02-12,0,1.2563487115033114e-05,1.0
0000882291,AEMD,2004-02-13,0,1.2563487115033114e-05,1.0
0000882291,AEMD,2004-02-16,0,1.2563487115033114e-05,1.0
0000882291,AEMD,2004-02-17,0,1.2563487115033114e-05,1.0
0000882291,AEMD,2004-02-18,0,1.2563487115033114e-05,1.0
0000882291,AEMD,2004-02-19,0,1.2563487115033114e-05,1.0
0000882291,AEMD,2004-02-20,0,1.2563487115033114e-05,1.0
0000882291,AEMD,2004-02-23,0,1.2563487115033114e-05,1.0
0000882291,AEMD,2004-02-24,0,1.2563487115033114e-05,1.0
0000882291,AEMD,2004-02-25,0,1.2563487115033114e-05,1.0
0000882291,AEMD,2004-02-26,0,1.2563487115033114e-05,1.0
0000882291,AEMD,2004-02-27,0,1.2563487115033114e-05,1.0
0000882291,AEMD,2004-03-01,0,1.2563487115033114e-05,1.0
0000882291,AEMD,2004-03-02,0,1.2563487115033114e-05,1.0
0000882291,AEMD,2004-03-03,0,1.2563487115033114e-05,1.0
0000882291,AEMD,2004-03-04,0,1.2563487115033114e-05,1.0
0000882291,AEMD,2004-03-05,0,1.2563487115033114e-05,1.0
0000882291,AEMD,2004-03-08,0,1.2563487115033114e-05,1.0
0000882291,AEMD,2004-03-09,0,1.2563487115033114e-05,1.0
0000882291,AEMD,2004-03-10,0,1.2563487115033114e-05,1.0
0000882291,AEMD,2004-03-11,0,1.2563487115033114e-05,1.0
0000882291,AEMD,2004-03-12,0,1.2563487115033114e-05,1.0
0000882291,AEMD,2004-03-15,0,1.2563487115033114e-05,1.0
0000882291,AEMD,2004-03-16,0,1.2563487115033114e-05,1.0
0000882291,AEMD,2004-03-17,0,1.2563487115033114e-05,1.0
0000882291,AEMD,2004-03-18,0,1.2563487115033114e-05,1.0
0000882291,AEMD,2004-03-19,0,1.2563487115033114e-05,1.0
0000882291,AEMD,2004-03-22,0,1.2563487115033114e-05,1.0
0000882291,AEMD,2004-03-23,0,1.2563487115033114e-05,1.0
0000882291,AEMD,2004-03-24,0,1.2563487115033114e-05,1.0
0000882291,AEMD,2004-03-25,0,1.2563487115033114e-05,1.0
0000882291,AEMD,2004-03-26,0,1.2563487115033114e-05,1.0
0000882291,AEMD,2004-03-29,0,1.2563487115033114e-05,1.0
0000882291,AEMD,2004-03-30,0,1.2563487115033114e-05,1.0
0000882291,AEMD,2004-03-31,0,1.2563487115033114e-05,1.0
0000882291,AEMD,2004-04-01,0,1.2563487115033114e-05,1.0
0000882291,AEMD,2004-04-02,0,1.2563487115033114e-05,1.0
0000882291,AEMD,2004-04-05,0,1.2563487115033114e-05,1.0
0000882291,AEMD,2004-04-06,0,1.2563487115033114e-05,1.0
0000882291,AEMD,2004-04-07,0,1.2563487115033114e-05,1.0
0000882291,AEMD,2004-04-08,0,1.2563487115033114e-05,1.0
0000882291,AEMD,2004-04-09,0,1.2563487115033114e-05,1.0
0000882291,AEMD,2004-04-12,0,1.2563487115033114e-05,1.0
0000882291,AEMD,2004-04-13,0,1.2563487115033114e-05,1.0
0000882291,AEMD,2004-04-14,0,1.2563487115033114e-05,1.0
0000882291,AEMD,2004-04-15,0,1.2563487115033114e-05,1.0
0000882291,AEMD,2004-04-16,0,1.2563487115033114e-05,1.0
0000882291,AEMD,2004-04-19,0,1.2563487115033114e-05,1.0
0000882291,AEMD,2004-04-20,0,1.2563487115033114e-05,1.0
0000882291,AEMD,2004-04-21,0,1.2563487115033114e-05,1.0
0000882291,AEMD,2004-04-22,0,1.2563487115033114e-05,1.0
0000882291,AEMD,2004-04-23,0,1.2563487115033114e-05,1.0
0000882291,AEMD,2004-04-26,0,1.2563487115033114e-05,1.0
0000882291,AEMD,2004-04-27,0,1.2563487115033114e-05,1.0
0000882291,AEMD,2004-04-28,0,1.2563487115033114e-05,1.0
0000882291,AEMD,2004-04-29,0,1.2563487115033114e-05,1.0
0000882291,AEMD,2004-04-30,0,1.2563487115033114e-05,1.0
0000882291,AEMD,2004-05-03,0,1.2563487115033114e-05,1.0
0000882291,AEMD,2004-05-04,0,1.2563487115033114e-05,1.0
0000882291,AEMD,2004-05-05,0,1.2563487115033114e-05,1.0
0000882291,AEMD,2004-05-06,0,1.2563487115033114e-05,1.0
0000882291,AEMD,2004-05-07,0,1.2563487115033114e-05,1.0
0000882291,AEMD,2004-05-10,0,1.2563487115033114e-05,1.0
0000882291,AEMD,2004-05-11,0,1.2563487115033114e-05,1.0
0000882291,AEMD,2004-05-12,0,1.2563487115033114e-05,1.0
0000882291,AEMD,2004-05-13,0,1.2563487115033114e-05,1.0
0000882291,AEMD,2004-05-14,0,1.2563487115033114e-05,1.0
0000882291,AEMD,2004-05-17,0,1.2563487115033114e-05,1.0
0000882291,AEMD,2004-05-18,0,1.2563487115033114e-05,1.0
0000882291,AEMD,2004-05-19,0,1.2563487115033114e-05,1.0
0000882291,AEMD,2004-05-20,0,1.2563487115033114e-05,1.0
0000882291,AEMD,2004-05-21,0,1.2563487115033114e-05,1.0
0000882291,AEMD,2004-05-24,0,1.2563487115033114e-05,1.0
0000882291,AEMD,2004-05-25,0,1.2563487115033114e-05,1.0
0000882291,AEMD,2004-05-26,0,1.2563487115033114e-05,1.0
0000882291,AEMD,2004-05-27,0,1.2563487115033114e-05,1.0
0000882291,AEMD,2004-05-28,0,1.2563487115033114e-05,1.0
0000882291,AEMD,2004-05-31,0,1.2563487115033114e-05,1.0
0000882291,AEMD,2004-06-01,0,1.2563487115033114e-05,1.0
0000882291,AEMD,2004-06-02,0,1.2563487115033114e-05,1.0
0000882291,AEMD,2004-06-03,0,1.2563487115033114e-05,1.0
0000882291,AEMD,2004-06-04,0,1.2563487115033114e-05,1.0
0000882291,AEMD,2004-06-07,0,1.2563487115033114e-05,1.0
0000882291,AEMD,2004-06-08,0,1.2563487115033114e-05,1.0
0000882291,AEMD,2004-06-09,0,8.29310035173553e-07,1.0
0000882291,AEMD,2004-06-10,0,8.29310035173553e-07,1.0
0000882291,AEMD,2004-06-11,0,8.29310035173553e-07,1.0
0000882291,AEMD,2004-06-14,0,8.29310035173553e-07,1.0
0000882291,AEMD,2004-06-15,0,8.29310035173553e-07,1.0
0000882291,AEMD,2004-06-16,0,8.29310035173553e-07,1.0
0000882291,AEMD,2004-06-17,0,8.29310035173553e-07,1.0
0000882291,AEMD,2004-06-18,0,8.29310035173553e-07,1.0
0000882291,AEMD,2004-06-21,0,8.29310035173553e-07,1.0
0000882291,AEMD,2004-06-22,0,8.29310035173553e-07,1.0
0000882291,AEMD,2004-06-23,0,8.29310035173553e-07,1.0
0000882291,AEMD,2004-06-24,0,8.29310035173553e-07,1.0
0000882291,AEMD,2004-06-25,0,8.29310035173553e-07,1.0
0000882291,AEMD,2004-06-28,0,8.29310035173553e-07,1.0
0000882291,AEMD,2004-06-29,0,8.29310035173553e-07,1.0
0000882291,AEMD,2004-06-30,0,8.29310035173553e-07,1.0
0000882291,AEMD,2004-07-01,0,8.29310035173553e-07,1.0
0000882291,AEMD,2004-07-02,0,8.29310035173553e-07,1.0
0000882291,AEMD,2004-07-05,0,8.29310035173553e-07,1.0
0000882291,AEMD,2004-07-06,0,8.29310035173553e-07,1.0
0000882291,AEMD,2004-07-07,0,8.29310035173553e-07,1.0
0000882291,AEMD,2004-07-08,0,8.29310035173553e-07,1.0
0000882291,AEMD,2004-07-09,0,6.035282162632254e-07,1.0
0000882291,AEMD,2004-07-12,0,6.035282162632254e-07,1.0
0000882291,AEMD,2004-07-13,0,6.035282162632254e-07,1.0
0000882291,AEMD,2004-07-14,0,6.035282162632254e-07,1.0
0000882291,AEMD,2004-07-15,0,6.035282162632254e-07,1.0
0000882291,AEMD,2004-07-16,0,6.035282162632254e-07,1.0
0000882291,AEMD,2004-07-19,0,6.035282162632254e-07,1.0
0000882291,AEMD,2004-07-20,0,6.035282162632254e-07,1.0
0000882291,AEMD,2004-07-21,0,6.035282162632254e-07,1.0
0000882291,AEMD,2004-07-22,0,6.035282162632254e-07,1.0
0000882291,AEMD,2004-07-23,0,6.035282162632254e-07,1.0
0000882291,AEMD,2004-07-26,0,6.035282162632254e-07,1.0
0000882291,AEMD,2004-07-27,0,6.035282162632254e-07,1.0
0000882291,AEMD,2004-07-28,0,6.035282162632254e-07,1.0
0000882291,AEMD,2004-07-29,0,6.035282162632254e-07,1.0
0000882291,AEMD,2004-07-30,0,6.035282162632254e-07,1.0
0000882291,AEMD,2004-08-02,0,6.035282162632254e-07,1.0
0000882291,AEMD,2004-08-03,0,6.035282162632254e-07,1.0
0000882291,AEMD,2004-08-04,0,6.035282162632254e-07,1.0
0000882291,AEMD,2004-08-05,0,6.035282162632254e-07,1.0
0000882291,AEMD,2004-08-06,0,6.035282162632254e-07,1.0
0000882291,AEMD,2004-08-09,0,6.035282162632254e-07,1.0
0000882291,AEMD,2004-08-10,0,6.035282162632254e-07,1.0
0000882291,AEMD,2004-08-11,0,6.035282162632254e-07,1.0
0000882291,AEMD,2004-08-12,0,6.035282162632254e-07,1.0
0000882291,AEMD,2004-08-13,0,6.035282162632254e-07,1.0
0000882291,AEMD,2004-08-16,0,6.035282162632254e-07,1.0
0000882291,AEMD,2004-08-17,0,6.035282162632254e-07,1.0
0000882291,AEMD,2004-08-18,0,6.035282162632254e-07,1.0
0000882291,AEMD,2004-08-19,0,6.035282162632254e-07,1.0
0000882291,AEMD,2004-08-20,0,6.035282162632254e-07,1.0
0000882291,AEMD,2004-08-23,0,6.035282162632254e-07,1.0
0000882291,AEMD,2004-08-24,0,6.035282162632254e-07,1.0
0000882291,AEMD,2004-08-25,0,6.035282162632254e-07,1.0
0000882291,AEMD,2004-08-26,0,6.035282162632254e-07,1.0
0000882291,AEMD,2004-08-27,0,6.035282162632254e-07,1.0
0000882291,AEMD,2004-08-30,0,6.035282162632254e-07,1.0
0000882291,AEMD,2004-08-31,0,6.035282162632254e-07,1.0
0000882291,AEMD,2004-09-01,0,6.035282162632254e-07,1.0
0000882291,AEMD,2004-09-02,0,6.035282162632254e-07,1.0
0000882291,AEMD,2004-09-03,0,6.035282162632254e-07,1.0
0000882291,AEMD,2004-09-06,0,6.035282162632254e-07,1.0
0000882291,AEMD,2004-09-07,0,1.3276777797746673e-05,1.0
0000882291,AEMD,2004-09-08,0,7.84912554115369e-06,1.0
0000882291,AEMD,2004-09-09,0,7.84912554115369e-06,1.0
0000882291,AEMD,2004-09-10,0,7.84912554115369e-06,1.0
0000882291,AEMD,2004-09-13,0,7.84912554115369e-06,1.0
0000882291,AEMD,2004-09-14,0,7.84912554115369e-06,1.0
0000882291,AEMD,2004-09-15,0,7.84912554115369e-06,1.0
0000882291,AEMD,2004-09-16,0,7.84912554115369e-06,1.0
0000882291,AEMD,2004-09-17,0,7.84912554115369e-06,1.0
0000882291,AEMD,2004-09-20,0,7.84912554115369e-06,1.0
0000882291,AEMD,2004-09-21,0,7.84912554115369e-06,1.0
0000882291,AEMD,2004-09-22,0,7.84912554115369e-06,1.0
0000882291,AEMD,2004-09-23,0,7.84912554115369e-06,1.0
0000882291,AEMD,2004-09-24,0,7.84912554115369e-06,1.0
0000882291,AEMD,2004-09-27,0,7.84912554115369e-06,1.0
0000882291,AEMD,2004-09-28,0,7.84912554115369e-06,1.0
0000882291,AEMD,2004-09-29,0,7.84912554115369e-06,1.0
0000882291,AEMD,2004-09-30,0,7.84912554115369e-06,1.0
0000882291,AEMD,2004-10-01,0,7.84912554115369e-06,1.0
0000882291,AEMD,2004-10-04,0,7.84912554115369e-06,1.0
0000882291,AEMD,2004-10-05,0,7.84912554115369e-06,1.0
0000882291,AEMD,2004-10-06,0,7.84912554115369e-06,1.0
0000882291,AEMD,2004-10-07,0,7.84912554115369e-06,1.0
0000882291,AEMD,2004-10-08,0,7.84912554115369e-06,1.0
0000882291,AEMD,2004-10-11,0,7.84912554115369e-06,1.0
0000882291,AEMD,2004-10-12,0,7.84912554115369e-06,1.0
0000882291,AEMD,2004-10-13,0,7.84912554115369e-06,1.0
0000882291,AEMD,2004-10-14,0,7.84912554115369e-06,1.0
0000882291,AEMD,2004-10-15,0,7.84912554115369e-06,1.0
0000882291,AEMD,2004-10-18,0,7.84912554115369e-06,1.0
0000882291,AEMD,2004-10-19,0,7.84912554115369e-06,1.0
0000882291,AEMD,2004-10-20,0,7.84912554115369e-06,1.0
0000882291,AEMD,2004-10-21,0,7.84912554115369e-06,1.0
0000882291,AEMD,2004-10-22,0,7.84912554115369e-06,1.0
0000882291,AEMD,2004-10-25,0,7.84912554115369e-06,1.0
0000882291,AEMD,2004-10-26,0,7.84912554115369e-06,1.0
0000882291,AEMD,2004-10-27,0,7.84912554115369e-06,1.0
0000882291,AEMD,2004-10-28,0,7.84912554115369e-06,1.0
0000882291,AEMD,2004-10-29,0,7.84912554115369e-06,1.0
0000882291,AEMD,2004-11-01,0,7.84912554115369e-06,1.0
0000882291,AEMD,2004-11-02,0,7.84912554115369e-06,1.0
0000882291,AEMD,2004-11-03,0,7.84912554115369e-06,1.0
0000882291,AEMD,2004-11-04,0,7.84912554115369e-06,1.0
0000882291,AEMD,2004-11-05,0,7.84912554115369e-06,1.0
0000882291,AEMD,2004-11-08,0,7.84912554115369e-06,1.0
0000882291,AEMD,2004-11-09,0,7.84912554115369e-06,1.0
0000882291,AEMD,2004-11-10,0,7.84912554115369e-06,1.0
0000882291,AEMD,2004-11-11,0,7.84912554115369e-06,1.0
0000882291,AEMD,2004-11-12,0,7.84912554115369e-06,1.0
0000882291,AEMD,2004-11-15,0,7.84912554115369e-06,1.0
0000882291,AEMD,2004-11-16,0,7.84912554115369e-06,1.0
0000882291,AEMD,2004-11-17,0,7.84912554115369e-06,1.0
0000882291,AEMD,2004-11-18,0,7.84912554115369e-06,1.0
0000882291,AEMD,2004-11-19,0,7.84912554115369e-06,1.0
0000882291,AEMD,2004-11-22,0,7.84912554115369e-06,1.0
0000882291,AEMD,2004-11-23,0,7.84912554115369e-06,1.0
0000882291,AEMD,2004-11-24,0,7.84912554115369e-06,1.0
0000882291,AEMD,2004-11-25,0,7.84912554115369e-06,1.0
0000882291,AEMD,2004-11-26,0,7.84912554115369e-06,1.0
0000882291,AEMD,2004-11-29,0,7.84912554115369e-06,1.0
0000882291,AEMD,2004-11-30,0,7.84912554115369e-06,1.0
0000882291,AEMD,2004-12-01,0,7.84912554115369e-06,1.0
0000882291,AEMD,2004-12-02,0,7.84912554115369e-06,1.0
0000882291,AEMD,2004-12-03,0,7.84912554115369e-06,1.0
0000882291,AEMD,2004-12-06,0,9.969265587152894e-06,1.0
0000882291,AEMD,2004-12-07,0,9.969265587152894e-06,1.0
0000882291,AEMD,2004-12-08,0,9.969265587152894e-06,1.0
0000882291,AEMD,2004-12-09,0,9.969265587152894e-06,1.0
0000882291,AEMD,2004-12-10,0,9.969265587152894e-06,1.0
0000882291,AEMD,2004-12-13,0,9.969265587152894e-06,1.0
0000882291,AEMD,2004-12-14,0,9.969265587152894e-06,1.0
0000882291,AEMD,2004-12-15,0,9.969265587152894e-06,1.0
0000882291,AEMD,2004-12-16,0,9.969265587152894e-06,1.0
0000882291,AEMD,2004-12-17,0,9.969265587152894e-06,1.0
0000882291,AEMD,2004-12-20,0,9.969265587152894e-06,1.0
0000882291,AEMD,2004-12-21,0,9.969265587152894e-06,1.0
0000882291,AEMD,2004-12-22,0,9.969265587152894e-06,1.0
0000882291,AEMD,2004-12-23,0,9.969265587152894e-06,1.0
0000882291,AEMD,2004-12-24,0,9.969265587152894e-06,1.0
0000882291,AEMD,2004-12-27,0,9.969265587152894e-06,1.0
0000882291,AEMD,2004-12-28,0,9.969265587152894e-06,1.0
0000882291,AEMD,2004-12-29,0,9.969265587152894e-06,1.0
0000882291,AEMD,2004-12-30,0,9.969265587152894e-06,1.0
0000882291,AEMD,2004-12-31,0,9.969265587152894e-06,1.0
0000882291,AEMD,2005-01-03,0,9.969265587152894e-06,1.0
0000882291,AEMD,2005-01-04,0,9.969265587152894e-06,1.0
0000882291,AEMD,2005-01-05,0,9.969265587152894e-06,1.0
0000882291,AEMD,2005-01-06,0,9.969265587152894e-06,1.0
0000882291,AEMD,2005-01-07,0,9.969265587152894e-06,1.0
0000882291,AEMD,2005-01-10,0,9.969265587152894e-06,1.0
0000882291,AEMD,2005-01-11,0,9.969265587152894e-06,1.0
0000882291,AEMD,2005-01-12,0,9.969265587152894e-06,1.0
0000882291,AEMD,2005-01-13,0,9.969265587152894e-06,1.0
0000882291,AEMD,2005-01-14,0,9.969265587152894e-06,1.0
0000882291,AEMD,2005-01-17,0,9.969265587152894e-06,1.0
0000882291,AEMD,2005-01-18,0,9.969265587152894e-06,1.0
0000882291,AEMD,2005-01-19,0,9.969265587152894e-06,1.0
0000882291,AEMD,2005-01-20,0,9.969265587152894e-06,1.0
0000882291,AEMD,2005-01-21,0,9.969265587152894e-06,1.0
0000882291,AEMD,2005-01-24,0,9.969265587152894e-06,1.0
0000882291,AEMD,2005-01-25,0,9.969265587152894e-06,1.0
0000882291,AEMD,2005-01-26,0,9.969265587152894e-06,1.0
0000882291,AEMD,2005-01-27,0,9.969265587152894e-06,1.0
0000882291,AEMD,2005-01-28,0,9.969265587152894e-06,1.0
0000882291,AEMD,2005-01-31,0,9.969265587152894e-06,1.0
0000882291,AEMD,2005-02-01,0,9.969265587152894e-06,1.0
0000882291,AEMD,2005-02-02,0,9.969265587152894e-06,1.0
0000882291,AEMD,2005-02-03,0,9.969265587152894e-06,1.0
0000882291,AEMD,2005-02-04,0,9.969265587152894e-06,1.0
0000882291,AEMD,2005-02-07,0,9.969265587152894e-06,1.0
0000882291,AEMD,2005-02-08,0,9.969265587152894e-06,1.0
0000882291,AEMD,2005-02-09,0,9.969265587152894e-06,1.0
0000882291,AEMD,2005-02-10,0,9.969265587152894e-06,1.0
0000882291,AEMD,2005-02-11,0,9.969265587152894e-06,1.0
0000882291,AEMD,2005-02-14,0,9.969265587152894e-06,1.0
0000882291,AEMD,2005-02-15,0,9.969265587152894e-06,1.0
0000882291,AEMD,2005-02-16,0,9.969265587152894e-06,1.0
0000882291,AEMD,2005-02-17,0,9.969265587152894e-06,1.0
0000882291,AEMD,2005-02-18,0,9.969265587152894e-06,1.0
0000882291,AEMD,2005-02-21,0,9.969265587152894e-06,1.0
0000882291,AEMD,2005-02-22,0,9.969265587152894e-06,1.0
0000882291,AEMD,2005-02-23,0,9.969265587152894e-06,1.0
0000882291,AEMD,2005-02-24,0,9.969265587152894e-06,1.0
0000882291,AEMD,2005-02-25,0,9.969265587152894e-06,1.0
0000882291,AEMD,2005-02-28,0,9.969265587152894e-06,1.0
0000882291,AEMD,2005-03-01,0,9.969265587152894e-06,1.0
0000882291,AEMD,2005-03-02,0,9.969265587152894e-06,1.0
0000882291,AEMD,2005-03-03,0,9.969265587152894e-06,1.0
0000882291,AEMD,2005-03-04,0,9.969265587152894e-06,1.0
0000882291,AEMD,2005-03-07,0,9.969265587152894e-06,1.0
0000882291,AEMD,2005-03-08,0,9.969265587152894e-06,1.0
0000882291,AEMD,2005-03-09,0,9.969265587152894e-06,1.0
0000882291,AEMD,2005-03-10,0,9.969265587152894e-06,1.0
0000882291,AEMD,2005-03-11,0,9.969265587152894e-06,1.0
0000882291,AEMD,2005-03-14,0,9.969265587152894e-06,1.0
0000882291,AEMD,2005-03-15,0,9.969265587152894e-06,1.0
0000882291,AEMD,2005-03-16,0,9.969265587152894e-06,1.0
0000882291,AEMD,2005-03-17,0,9.969265587152894e-06,1.0
0000882291,AEMD,2005-03-18,0,9.969265587152894e-06,1.0
0000882291,AEMD,2005-03-21,0,9.969265587152894e-06,1.0
0000882291,AEMD,2005-03-22,0,9.969265587152894e-06,1.0
0000882291,AEMD,2005-03-23,0,9.969265587152894e-06,1.0
0000882291,AEMD,2005-03-24,0,9.969265587152894e-06,1.0
0000882291,AEMD,2005-03-25,0,9.969265587152894e-06,1.0
0000882291,AEMD,2005-03-28,0,9.969265587152894e-06,1.0
0000882291,AEMD,2005-03-29,0,9.969265587152894e-06,1.0
0000882291,AEMD,2005-03-30,0,9.969265587152894e-06,1.0
0000882291,AEMD,2005-03-31,0,9.969265587152894e-06,1.0
0000882291,AEMD,2005-04-01,0,9.969265587152894e-06,1.0
0000882291,AEMD,2005-04-04,0,9.969265587152894e-06,1.0
0000882291,AEMD,2005-04-05,0,9.969265587152894e-06,1.0
0000882291,AEMD,2005-04-06,0,9.969265587152894e-06,1.0
0000882291,AEMD,2005-04-07,0,9.969265587152894e-06,1.0
0000882291,AEMD,2005-04-08,0,9.969265587152894e-06,1.0
0000882291,AEMD,2005-04-11,0,9.969265587152894e-06,1.0
0000882291,AEMD,2005-04-12,0,9.969265587152894e-06,1.0
0000882291,AEMD,2005-04-13,0,9.969265587152894e-06,1.0
0000882291,AEMD,2005-04-14,0,9.969265587152894e-06,1.0
0000882291,AEMD,2005-04-15,0,9.969265587152894e-06,1.0
0000882291,AEMD,2005-04-18,0,9.969265587152894e-06,1.0
0000882291,AEMD,2005-04-19,0,9.969265587152894e-06,1.0
0000882291,AEMD,2005-04-20,0,9.969265587152894e-06,1.0
0000882291,AEMD,2005-04-21,0,9.969265587152894e-06,1.0
0000882291,AEMD,2005-04-22,0,9.969265587152894e-06,1.0
0000882291,AEMD,2005-04-25,0,9.969265587152894e-06,1.0
0000882291,AEMD,2005-04-26,0,1.3726849700323719e-07,1.0
0000882291,AEMD,2005-04-27,0,1.3726849700323719e-07,1.0
0000882291,AEMD,2005-04-28,0,1.3726849700323719e-07,1.0
0000882291,AEMD,2005-04-29,0,1.3726849700323719e-07,1.0
0000882291,AEMD,2005-05-02,0,1.3726849700323719e-07,1.0
0000882291,AEMD,2005-05-03,0,1.3726849700323719e-07,1.0
0000882291,AEMD,2005-05-04,0,1.3726849700323719e-07,1.0
0000882291,AEMD,2005-05-05,0,1.3726849700323719e-07,1.0
0000882291,AEMD,2005-05-06,0,1.3726849700323719e-07,1.0
0000882291,AEMD,2005-05-09,0,1.322337281966233e-07,1.0
0000882291,AEMD,2005-05-10,0,1.322337281966233e-07,1.0
0000882291,AEMD,2005-05-11,0,1.322337281966233e-07,1.0
0000882291,AEMD,2005-05-12,0,1.322337281966233e-07,1.0
0000882291,AEMD,2005-05-13,0,1.322337281966233e-07,1.0
0000882291,AEMD,2005-05-16,0,1.322337281966233e-07,1.0
0000882291,AEMD,2005-05-17,0,1.322337281966233e-07,1.0
0000882291,AEMD,2005-05-18,0,1.322337281966233e-07,1.0
0000882291,AEMD,2005-05-19,0,1.322337281966233e-07,1.0
0000882291,AEMD,2005-05-20,0,1.322337281966233e-07,1.0
0000882291,AEMD,2005-05-23,0,1.1593213758998558e-07,1.0
0000882291,AEMD,2005-05-24,0,1.1593213758998558e-07,1.0
0000882291,AEMD,2005-05-25,0,1.1593213758998558e-07,1.0
0000882291,AEMD,2005-05-26,0,1.5291694748969146e-07,1.0
0000882291,AEMD,2005-05-27,0,1.5291694748969146e-07,1.0
0000882291,AEMD,2005-05-30,0,1.5291694748969146e-07,1.0
0000882291,AEMD,2005-05-31,0,1.5291694748969146e-07,1.0
0000882291,AEMD,2005-06-01,0,1.5291694748969146e-07,1.0
0000882291,AEMD,2005-06-02,0,1.5291694748969146e-07,1.0
0000882291,AEMD,2005-06-03,0,1.5291694748969146e-07,1.0
0000882291,AEMD,2005-06-06,0,1.5291694748969146e-07,1.0
0000882291,AEMD,2005-06-07,0,1.5291694748969146e-07,1.0
0000882291,AEMD,2005-06-08,0,5.830952669436606e-08,1.0
0000882291,AEMD,2005-06-09,0,5.830952669436606e-08,1.0
0000882291,AEMD,2005-06-10,0,5.830952669436606e-08,1.0
0000882291,AEMD,2005-06-13,0,5.830952669436606e-08,1.0
0000882291,AEMD,2005-06-14,0,5.830952669436606e-08,1.0
0000882291,AEMD,2005-06-15,0,5.830952669436606e-08,1.0
0000882291,AEMD,2005-06-16,0,5.830952669436606e-08,1.0
0000882291,AEMD,2005-06-17,0,5.830952669436606e-08,1.0
0000882291,AEMD,2005-06-20,0,5.830952669436606e-08,1.0
0000882291,AEMD,2005-06-21,0,5.830952669436606e-08,1.0
0000882291,AEMD,2005-06-22,0,4.030605468445461e-08,1.0
0000882291,AEMD,2005-06-23,0,4.030605468445461e-08,1.0
0000882291,AEMD,2005-06-24,0,4.030605468445461e-08,1.0
0000882291,AEMD,2005-06-27,0,4.030605468445461e-08,1.0
0000882291,AEMD,2005-06-28,0,4.030605468445461e-08,1.0
0000882291,AEMD,2005-06-29,0,4.030605468445461e-08,1.0
0000882291,AEMD,2005-06-30,0,4.030605468445461e-08,1.0
0000882291,AEMD,2005-07-01,0,4.030605468445461e-08,1.0
0000882291,AEMD,2005-07-04,0,4.030605468445461e-08,1.0
0000882291,AEMD,2005-07-05,0,4.030605468445461e-08,1.0
0000882291,AEMD,2005-07-06,0,4.030605468445461e-08,1.0
0000882291,AEMD,2005-07-07,0,4.030605468445461e-08,1.0
0000882291,AEMD,2005-07-08,0,4.030605468445461e-08,1.0
0000882291,AEMD,2005-07-11,0,4.030605468445461e-08,1.0
0000882291,AEMD,2005-07-12,0,4.030605468445461e-08,1.0
0000882291,AEMD,2005-07-13,0,4.030605468445461e-08,1.0
0000882291,AEMD,2005-07-14,0,4.030605468445461e-08,1.0
0000882291,AEMD,2005-07-15,0,4.030605468445461e-08,1.0
0000882291,AEMD,2005-07-18,0,4.030605468445461e-08,1.0
0000882291,AEMD,2005-07-19,0,4.030605468445461e-08,1.0
0000882291,AEMD,2005-07-20,0,4.030605468445461e-08,1.0
0000882291,AEMD,2005-07-21,0,4.030605468445461e-08,1.0
0000882291,AEMD,2005-07-22,0,4.030605468445461e-08,1.0
0000882291,AEMD,2005-07-25,0,3.353694379595439e-08,1.0
0000882291,AEMD,2005-07-26,0,3.353694379595439e-08,1.0
0000882291,AEMD,2005-07-27,0,3.353694379595439e-08,1.0
0000882291,AEMD,2005-07-28,0,3.353694379595439e-08,1.0
0000882291,AEMD,2005-07-29,0,3.353694379595439e-08,1.0
0000882291,AEMD,2005-08-01,0,3.353694379595439e-08,1.0
0000882291,AEMD,2005-08-02,0,3.353694379595439e-08,1.0
0000882291,AEMD,2005-08-03,0,3.353694379595439e-08,1.0
0000882291,AEMD,2005-08-04,0,3.353694379595439e-08,1.0
0000882291,AEMD,2005-08-05,0,3.353694379595439e-08,1.0
0000882291,AEMD,2005-08-08,0,2.661179647219776e-07,1.0
0000882291,AEMD,2005-08-09,0,2.661179647219776e-07,1.0
0000882291,AEMD,2005-08-10,0,2.661179647219776e-07,1.0
0000882291,AEMD,2005-08-11,0,2.661179647219776e-07,1.0
0000882291,AEMD,2005-08-12,0,2.661179647219776e-07,1.0
0000882291,AEMD,2005-08-15,0,2.661179647219776e-07,1.0
0000882291,AEMD,2005-08-16,0,2.661179647219776e-07,1.0
0000882291,AEMD,2005-08-17,0,2.661179647219776e-07,1.0
0000882291,AEMD,2005-08-18,0,2.661179647219776e-07,1.0
0000882291,AEMD,2005-08-19,0,2.661179647219776e-07,1.0
0000882291,AEMD,2005-08-22,0,6.529434742745709e-06,1.0
0000882291,AEMD,2005-08-23,0,6.529434742745709e-06,1.0
0000882291,AEMD,2005-08-24,0,6.529434742745709e-06,1.0
0000882291,AEMD,2005-08-25,0,6.529434742745709e-06,1.0
0000882291,AEMD,2005-08-26,0,6.529434742745709e-06,1.0
0000882291,AEMD,2005-08-29,0,6.529434742745709e-06,1.0
0000882291,AEMD,2005-08-30,0,6.529434742745709e-06,1.0
0000882291,AEMD,2005-08-31,0,6.529434742745709e-06,1.0
0000882291,AEMD,2005-09-01,0,6.529434742745709e-06,1.0
0000882291,AEMD,2005-09-02,0,6.529434742745709e-06,1.0
0000882291,AEMD,2005-09-05,0,6.529434742745709e-06,1.0
0000882291,AEMD,2005-09-06,0,6.529434742745709e-06,1.0
0000882291,AEMD,2005-09-07,0,6.529434742745709e-06,1.0
0000882291,AEMD,2005-09-08,0,6.529434742745709e-06,1.0
0000882291,AEMD,2005-09-09,0,6.529434742745709e-06,1.0
0000882291,AEMD,2005-09-12,0,1.4911831437737123e-07,1.0
0000882291,AEMD,2005-09-13,0,1.4911831437737123e-07,1.0
0000882291,AEMD,2005-09-14,0,1.4911831437737123e-07,1.0
0000882291,AEMD,2005-09-15,0,1.4911831437737123e-07,1.0
0000882291,AEMD,2005-09-16,0,1.4911831437737123e-07,1.0
0000882291,AEMD,2005-09-19,0,1.4911831437737123e-07,1.0
0000882291,AEMD,2005-09-20,0,1.4911831437737123e-07,1.0
0000882291,AEMD,2005-09-21,0,1.4911831437737123e-07,1.0
0000882291,AEMD,2005-09-22,0,1.4911831437737123e-07,1.0
0000882291,AEMD,2005-09-23,0,1.4911831437737123e-07,1.0
0000882291,AEMD,2005-09-26,0,1.4911831437737123e-07,1.0
0000882291,AEMD,2005-09-27,0,1.4911831437737123e-07,1.0
0000882291,AEMD,2005-09-28,0,1.4911831437737123e-07,1.0
0000882291,AEMD,2005-09-29,0,1.4911831437737123e-07,1.0
0000882291,AEMD,2005-09-30,0,1.4911831437737123e-07,1.0
0000882291,AEMD,2005-10-03,0,1.4911831437737123e-07,1.0
0000882291,AEMD,2005-10-04,0,1.4911831437737123e-07,1.0
0000882291,AEMD,2005-10-05,0,1.4911831437737123e-07,1.0
0000882291,AEMD,2005-10-06,0,1.4911831437737123e-07,1.0
0000882291,AEMD,2005-10-07,0,1.4911831437737123e-07,1.0
0000882291,AEMD,2005-10-10,0,1.4911831437737123e-07,1.0
0000882291,AEMD,2005-10-11,0,1.4911831437737123e-07,1.0
0000882291,AEMD,2005-10-12,0,1.3029682988577963e-07,1.0
0000882291,AEMD,2005-10-13,0,1.3029682988577963e-07,1.0
0000882291,AEMD,2005-10-14,0,1.3029682988577963e-07,1.0
0000882291,AEMD,2005-10-17,0,1.3029682988577963e-07,1.0
0000882291,AEMD,2005-10-18,0,1.3029682988577963e-07,1.0
0000882291,AEMD,2005-10-19,0,1.3029682988577963e-07,1.0
0000882291,AEMD,2005-10-20,0,1.3029682988577963e-07,1.0
0000882291,AEMD,2005-10-21,0,1.3029682988577963e-07,1.0
0000882291,AEMD,2005-10-24,0,1.2399693599748e-07,1.0
0000882291,AEMD,2005-10-25,0,1.2399693599748e-07,1.0
0000882291,AEMD,2005-10-26,0,1.2399693599748e-07,1.0
0000882291,AEMD,2005-10-27,0,1.2399693599748e-07,1.0
0000882291,AEMD,2005-10-28,0,1.2399693599748e-07,1.0
0000882291,AEMD,2005-10-31,0,1.2399693599748e-07,1.0
0000882291,AEMD,2005-11-01,0,1.2399693599748e-07,1.0
0000882291,AEMD,2005-11-02,0,1.2399693599748e-07,1.0
0000882291,AEMD,2005-11-03,0,1.2399693599748e-07,1.0
0000882291,AEMD,2005-11-04,0,1.2399693599748e-07,1.0
0000882291,AEMD,2005-11-07,0,1.12110908119418e-08,1.0
0000882291,AEMD,2005-11-08,0,1.12110908119418e-08,1.0
0000882291,AEMD,2005-11-09,0,1.12110908119418e-08,1.0
0000882291,AEMD,2005-11-10,0,1.12110908119418e-08,1.0
0000882291,AEMD,2005-11-11,0,1.12110908119418e-08,1.0
0000882291,AEMD,2005-11-14,0,1.12110908119418e-08,1.0
0000882291,AEMD,2005-11-15,0,1.12110908119418e-08,1.0
0000882291,AEMD,2005-11-16,0,1.12110908119418e-08,1.0
0000882291,AEMD,2005-11-17,0,1.12110908119418e-08,1.0
0000882291,AEMD,2005-11-18,0,1.12110908119418e-08,1.0
0000882291,AEMD,2005-11-21,0,1.1523049045187951e-08,1.0
0000882291,AEMD,2005-11-22,0,1.1523049045187951e-08,1.0
0000882291,AEMD,2005-11-23,0,1.1523049045187951e-08,1.0
0000882291,AEMD,2005-11-24,0,1.1523049045187951e-08,1.0
0000882291,AEMD,2005-11-25,0,1.1523049045187951e-08,1.0
0000882291,AEMD,2005-11-28,0,1.1523049045187951e-08,1.0
0000882291,AEMD,2005-11-29,0,1.1523049045187951e-08,1.0
0000882291,AEMD,2005-11-30,0,1.1523049045187951e-08,1.0
0000882291,AEMD,2005-12-01,0,1.1523049045187951e-08,1.0
0000882291,AEMD,2005-12-02,0,1.1523049045187951e-08,1.0
0000882291,AEMD,2005-12-05,0,1.1523049045187951e-08,1.0
0000882291,AEMD,2005-12-06,0,1.1523049045187951e-08,1.0
0000882291,AEMD,2005-12-07,0,7.104621592211034e-09,1.0
0000882291,AEMD,2005-12-08,0,7.104621592211034e-09,1.0
0000882291,AEMD,2005-12-09,0,7.104621592211034e-09,1.0
0000882291,AEMD,2005-12-12,0,7.303585382079506e-09,1.0
0000882291,AEMD,2005-12-13,0,7.303585382079506e-09,1.0
0000882291,AEMD,2005-12-14,0,7.303585382079506e-09,1.0
0000882291,AEMD,2005-12-15,0,7.303585382079506e-09,1.0
0000882291,AEMD,2005-12-16,0,7.303585382079506e-09,1.0
0000882291,AEMD,2005-12-19,0,7.303585382079506e-09,1.0
0000882291,AEMD,2005-12-20,0,7.303585382079506e-09,1.0
0000882291,AEMD,2005-12-21,0,7.303585382079506e-09,1.0
0000882291,AEMD,2005-12-22,0,7.303585382079506e-09,1.0
0000882291,AEMD,2005-12-23,0,7.303585382079506e-09,1.0
0000882291,AEMD,2005-12-26,0,7.303585382079506e-09,1.0
0000882291,AEMD,2005-12-27,0,7.303585382079506e-09,1.0
0000882291,AEMD,2005-12-28,0,7.303585382079506e-09,1.0
0000882291,AEMD,2005-12-29,0,7.303585382079506e-09,1.0
0000882291,AEMD,2005-12-30,0,7.303585382079506e-09,1.0
0000882291,AEMD,2006-01-02,0,7.303585382079506e-09,1.0
0000882291,AEMD,2006-01-03,0,7.303585382079506e-09,1.0
0000882291,AEMD,2006-01-04,0,7.303585382079506e-09,1.0
0000882291,AEMD,2006-01-05,0,7.303585382079506e-09,1.0
0000882291,AEMD,2006-01-06,0,7.303585382079506e-09,1.0
0000882291,AEMD,2006-01-09,0,7.303585382079506e-09,1.0
0000882291,AEMD,2006-01-10,0,7.303585382079506e-09,1.0
0000882291,AEMD,2006-01-11,0,7.303585382079506e-09,1.0
0000882291,AEMD,2006-01-12,0,7.303585382079506e-09,1.0
0000882291,AEMD,2006-01-13,0,7.303585382079506e-09,1.0
0000882291,AEMD,2006-01-16,0,7.303585382079506e-09,1.0
0000882291,AEMD,2006-01-17,0,7.303585382079506e-09,1.0
0000882291,AEMD,2006-01-18,0,7.303585382079506e-09,1.0
0000882291,AEMD,2006-01-19,0,7.303585382079506e-09,1.0
0000882291,AEMD,2006-01-20,0,7.303585382079506e-09,1.0
0000882291,AEMD,2006-01-23,0,7.303585382079506e-09,1.0
0000882291,AEMD,2006-01-24,0,7.303585382079506e-09,1.0
0000882291,AEMD,2006-01-25,0,7.303585382079506e-09,1.0
0000882291,AEMD,2006-01-26,0,7.303585382079506e-09,1.0
0000882291,AEMD,2006-01-27,0,7.303585382079506e-09,1.0
0000882291,AEMD,2006-01-30,0,7.303585382079506e-09,1.0
0000882291,AEMD,2006-01-31,0,7.303585382079506e-09,1.0
0000882291,AEMD,2006-02-01,0,7.303585382079506e-09,1.0
0000882291,AEMD,2006-02-02,0,7.303585382079506e-09,1.0
0000882291,AEMD,2006-02-03,0,7.303585382079506e-09,1.0
0000882291,AEMD,2006-02-06,0,8.526862128659154e-06,1.0
0000882291,AEMD,2006-02-07,0,8.526862128659154e-06,1.0
0000882291,AEMD,2006-02-08,0,8.526862128659154e-06,1.0
0000882291,AEMD,2006-02-09,0,8.526862128659154e-06,1.0
0000882291,AEMD,2006-02-10,0,8.526862128659154e-06,1.0
0000882291,AEMD,2006-02-13,0,8.526862128659154e-06,1.0
0000882291,AEMD,2006-02-14,0,8.526862128659154e-06,1.0
0000882291,AEMD,2006-02-15,0,8.526862128659154e-06,1.0
0000882291,AEMD,2006-02-16,0,8.526862128659154e-06,1.0
0000882291,AEMD,2006-02-17,0,8.526862128659154e-06,1.0
0000882291,AEMD,2006-02-20,0,8.526862128659154e-06,1.0
0000882291,AEMD,2006-02-21,0,8.526862128659154e-06,1.0
0000882291,AEMD,2006-02-22,0,8.526862128659154e-06,1.0
0000882291,AEMD,2006-02-23,0,8.526862128659154e-06,1.0
0000882291,AEMD,2006-02-24,0,1.9473566080687659e-07,1.0
0000882291,AEMD,2006-02-27,0,1.9473566080687659e-07,1.0
0000882291,AEMD,2006-02-28,0,1.9473566080687659e-07,1.0
0000882291,AEMD,2006-03-01,0,1.9473566080687659e-07,1.0
0000882291,AEMD,2006-03-02,0,1.9473566080687659e-07,1.0
0000882291,AEMD,2006-03-03,0,1.9473566080687659e-07,1.0
0000882291,AEMD,2006-03-06,0,1.9473566080687659e-07,1.0
0000882291,AEMD,2006-03-07,0,1.9473566080687659e-07,1.0
0000882291,AEMD,2006-03-08,0,1.9473566080687659e-07,1.0
0000882291,AEMD,2006-03-09,0,1.9473566080687659e-07,1.0
0000882291,AEMD,2006-03-10,0,1.9473566080687659e-07,1.0
0000882291,AEMD,2006-03-13,0,1.9651810154953042e-07,1.0
0000882291,AEMD,2006-03-14,0,1.9651810154953042e-07,1.0
0000882291,AEMD,2006-03-15,0,1.9651810154953042e-07,1.0
0000882291,AEMD,2006-03-16,0,1.9651810154953042e-07,1.0
0000882291,AEMD,2006-03-17,0,1.9651810154953042e-07,1.0
0000882291,AEMD,2006-03-20,0,1.9651810154953042e-07,1.0
0000882291,AEMD,2006-03-21,0,1.9651810154953042e-07,1.0
0000882291,AEMD,2006-03-22,0,1.9651810154953042e-07,1.0
0000882291,AEMD,2006-03-23,0,1.9651810154953042e-07,1.0
0000882291,AEMD,2006-03-24,0,1.9651810154953042e-07,1.0
0000882291,AEMD,2006-03-27,0,1.7171388978732342e-07,1.0
0000882291,AEMD,2006-03-28,0,1.7171388978732342e-07,1.0
0000882291,AEMD,2006-03-29,0,1.7171388978732342e-07,1.0
0000882291,AEMD,2006-03-30,0,1.7171388978732342e-07,1.0
0000882291,AEMD,2006-03-31,0,1.7171388978732342e-07,1.0
0000882291,AEMD,2006-04-03,0,1.7171388978732342e-07,1.0
0000882291,AEMD,2006-04-04,0,1.119690243374368e-08,1.0
0000882291,AEMD,2006-04-05,0,1.119690243374368e-08,1.0
0000882291,AEMD,2006-04-06,0,1.119690243374368e-08,1.0
0000882291,AEMD,2006-04-07,0,1.119690243374368e-08,1.0
0000882291,AEMD,2006-04-10,0,1.119690243374368e-08,1.0
0000882291,AEMD,2006-04-11,0,1.119690243374368e-08,1.0
0000882291,AEMD,2006-04-12,0,1.119690243374368e-08,1.0
0000882291,AEMD,2006-04-13,0,1.119690243374368e-08,1.0
0000882291,AEMD,2006-04-14,0,1.119690243374368e-08,1.0
0000882291,AEMD,2006-04-17,0,1.119690243374368e-08,1.0
0000882291,AEMD,2006-04-18,0,1.119690243374368e-08,1.0
0000882291,AEMD,2006-04-19,0,1.119690243374368e-08,1.0
0000882291,AEMD,2006-04-20,0,1.119690243374368e-08,1.0
0000882291,AEMD,2006-04-21,0,1.119690243374368e-08,1.0
0000882291,AEMD,2006-04-24,0,1.119690243374368e-08,1.0
0000882291,AEMD,2006-04-25,0,1.119690243374368e-08,1.0
0000882291,AEMD,2006-04-26,0,1.119690243374368e-08,1.0
0000882291,AEMD,2006-04-27,0,1.119690243374368e-08,1.0
0000882291,AEMD,2006-04-28,0,1.119690243374368e-08,1.0
0000882291,AEMD,2006-05-01,0,1.119690243374368e-08,1.0
0000882291,AEMD,2006-05-02,0,1.119690243374368e-08,1.0
0000882291,AEMD,2006-05-03,0,1.119690243374368e-08,1.0
0000882291,AEMD,2006-05-04,0,6.903533472325833e-09,1.0
0000882291,AEMD,2006-05-05,0,6.903533472325833e-09,1.0
0000882291,AEMD,2006-05-08,0,7.117037601478647e-09,1.0
0000882291,AEMD,2006-05-09,0,7.117037601478647e-09,1.0
0000882291,AEMD,2006-05-10,0,7.117037601478647e-09,1.0
0000882291,AEMD,2006-05-11,0,7.117037601478647e-09,1.0
0000882291,AEMD,2006-05-12,0,7.117037601478647e-09,1.0
0000882291,AEMD,2006-05-15,0,7.117037601478647e-09,1.0
0000882291,AEMD,2006-05-16,0,7.117037601478647e-09,1.0
0000882291,AEMD,2006-05-17,0,7.117037601478647e-09,1.0
0000882291,AEMD,2006-05-18,0,7.117037601478647e-09,1.0
0000882291,AEMD,2006-05-19,0,7.117037601478647e-09,1.0
0000882291,AEMD,2006-05-22,0,7.117037601478647e-09,1.0
0000882291,AEMD,2006-05-23,0,7.117037601478647e-09,1.0
0000882291,AEMD,2006-05-24,0,7.117037601478647e-09,1.0
0000882291,AEMD,2006-05-25,0,7.117037601478647e-09,1.0
0000882291,AEMD,2006-05-26,0,7.316349099695664e-09,1.0
0000882291,AEMD,2006-05-29,0,7.316349099695664e-09,1.0
0000882291,AEMD,2006-05-30,0,7.316349099695664e-09,1.0
0000882291,AEMD,2006-05-31,0,7.316349099695664e-09,1.0
0000882291,AEMD,2006-06-01,0,7.316349099695664e-09,1.0
0000882291,AEMD,2006-06-02,0,7.316349099695664e-09,1.0
0000882291,AEMD,2006-06-05,0,7.316349099695664e-09,1.0
0000882291,AEMD,2006-06-06,0,7.316349099695664e-09,1.0
0000882291,AEMD,2006-06-07,0,7.316349099695664e-09,1.0
0000882291,AEMD,2006-06-08,0,7.316349099695664e-09,1.0
0000882291,AEMD,2006-06-09,0,7.316349099695664e-09,1.0
0000882291,AEMD,2006-06-12,0,7.316349099695664e-09,1.0
0000882291,AEMD,2006-06-13,0,7.316349099695664e-09,1.0
0000882291,AEMD,2006-06-14,0,7.316349099695664e-09,1.0
0000882291,AEMD,2006-06-15,0,7.316349099695664e-09,1.0
0000882291,AEMD,2006-06-16,0,7.316349099695664e-09,1.0
0000882291,AEMD,2006-06-19,0,7.316349099695664e-09,1.0
0000882291,AEMD,2006-06-20,0,7.316349099695664e-09,1.0
0000882291,AEMD,2006-06-21,0,7.316349099695664e-09,1.0
0000882291,AEMD,2006-06-22,0,7.316349099695664e-09,1.0
0000882291,AEMD,2006-06-23,0,7.316349099695664e-09,1.0
0000882291,AEMD,2006-06-26,0,7.316349099695664e-09,1.0
0000882291,AEMD,2006-06-27,0,7.316349099695664e-09,1.0
0000882291,AEMD,2006-06-28,0,7.316349099695664e-09,1.0
0000882291,AEMD,2006-06-29,0,7.316349099695664e-09,1.0
0000882291,AEMD,2006-06-30,0,7.316349099695664e-09,1.0
0000882291,AEMD,2006-07-03,0,8.541763512818678e-06,1.0
0000882291,AEMD,2006-07-04,0,8.541763512818678e-06,1.0
0000882291,AEMD,2006-07-05,0,8.541763512818678e-06,1.0
0000882291,AEMD,2006-07-06,0,8.541763512818678e-06,1.0
0000882291,AEMD,2006-07-07,0,8.541763512818678e-06,1.0
0000882291,AEMD,2006-07-10,0,8.541763512818678e-06,1.0
0000882291,AEMD,2006-07-11,0,8.541763512818678e-06,1.0
0000882291,AEMD,2006-07-12,0,8.541763512818678e-06,1.0
0000882291,AEMD,2006-07-13,0,8.541763512818678e-06,1.0
0000882291,AEMD,2006-07-14,0,8.541763512818678e-06,1.0
0000882291,AEMD,2006-07-17,0,8.541763512818678e-06,1.0
0000882291,AEMD,2006-07-18,0,8.541763512818678e-06,1.0
0000882291,AEMD,2006-07-19,0,8.541763512818678e-06,1.0
0000882291,AEMD,2006-07-20,0,8.541763512818678e-06,1.0
0000882291,AEMD,2006-07-21,0,8.541763512818678e-06,1.0
0000882291,AEMD,2006-07-24,0,8.541763512818678e-06,1.0
0000882291,AEMD,2006-07-25,0,8.541763512818678e-06,1.0
0000882291,AEMD,2006-07-26,0,8.541763512818678e-06,1.0
0000882291,AEMD,2006-07-27,0,8.541763512818678e-06,1.0
0000882291,AEMD,2006-07-28,0,8.541763512818678e-06,1.0
0000882291,AEMD,2006-07-31,0,8.541763512818678e-06,1.0
0000882291,AEMD,2006-08-01,0,8.541763512818678e-06,1.0
0000882291,AEMD,2006-08-02,0,8.541763512818678e-06,1.0
0000882291,AEMD,2006-08-03,0,8.541763512818678e-06,1.0
0000882291,AEMD,2006-08-04,0,8.541763512818678e-06,1.0
0000882291,AEMD,2006-08-07,0,8.541763512818678e-06,1.0
0000882291,AEMD,2006-08-08,0,8.541763512818678e-06,1.0
0000882291,AEMD,2006-08-09,0,8.541763512818678e-06,1.0
0000882291,AEMD,2006-08-10,0,8.541763512818678e-06,1.0
0000882291,AEMD,2006-08-11,0,8.541763512818678e-06,1.0
0000882291,AEMD,2006-08-14,0,8.541763512818678e-06,1.0
0000882291,AEMD,2006-08-15,0,8.541763512818678e-06,1.0
0000882291,AEMD,2006-08-16,0,8.541763512818678e-06,1.0
0000882291,AEMD,2006-08-17,0,8.541763512818678e-06,1.0
0000882291,AEMD,2006-08-18,0,8.541763512818678e-06,1.0
0000882291,AEMD,2006-08-21,0,8.541763512818678e-06,1.0
0000882291,AEMD,2006-08-22,0,8.541763512818678e-06,1.0
0000882291,AEMD,2006-08-23,0,8.541763512818678e-06,1.0
0000882291,AEMD,2006-08-24,0,8.619946722755546e-06,1.0
0000882291,AEMD,2006-08-25,0,8.619946722755546e-06,1.0
0000882291,AEMD,2006-08-28,0,8.619946722755546e-06,1.0
0000882291,AEMD,2006-08-29,0,8.619946722755546e-06,1.0
0000882291,AEMD,2006-08-30,0,8.619946722755546e-06,1.0
0000882291,AEMD,2006-08-31,0,8.619946722755546e-06,1.0
0000882291,AEMD,2006-09-01,0,8.619946722755546e-06,1.0
0000882291,AEMD,2006-09-04,0,8.619946722755546e-06,1.0
0000882291,AEMD,2006-09-05,0,8.619946722755546e-06,1.0
0000882291,AEMD,2006-09-06,0,8.619946722755546e-06,1.0
0000882291,AEMD,2006-09-07,0,8.619946722755546e-06,1.0
0000882291,AEMD,2006-09-08,0,8.619946722755546e-06,1.0
0000882291,AEMD,2006-09-11,0,8.619946722755546e-06,1.0
0000882291,AEMD,2006-09-12,0,8.619946722755546e-06,1.0
0000882291,AEMD,2006-09-13,0,8.619946722755546e-06,1.0
0000882291,AEMD,2006-09-14,0,8.619946722755546e-06,1.0
0000882291,AEMD,2006-09-15,0,8.619946722755546e-06,1.0
0000882291,AEMD,2006-09-18,0,8.619946722755546e-06,1.0
0000882291,AEMD,2006-09-19,0,8.619946722755546e-06,1.0
0000882291,AEMD,2006-09-20,0,8.619946722755546e-06,1.0
0000882291,AEMD,2006-09-21,0,8.619946722755546e-06,1.0
0000882291,AEMD,2006-09-22,0,8.619946722755546e-06,1.0
0000882291,AEMD,2006-09-25,0,8.619946722755546e-06,1.0
0000882291,AEMD,2006-09-26,0,8.619946722755546e-06,1.0
0000882291,AEMD,2006-09-27,0,8.619946722755546e-06,1.0
0000882291,AEMD,2006-09-28,0,8.619946722755546e-06,1.0
0000882291,AEMD,2006-09-29,0,8.619946722755546e-06,1.0
0000882291,AEMD,2006-10-02,0,1.0124286219722897e-05,1.0
0000882291,AEMD,2006-10-03,0,1.0124286219722897e-05,1.0
0000882291,AEMD,2006-10-04,0,1.0124286219722897e-05,1.0
0000882291,AEMD,2006-10-05,0,1.0124286219722897e-05,1.0
0000882291,AEMD,2006-10-06,0,1.0124286219722897e-05,1.0
0000882291,AEMD,2006-10-09,0,1.0124286219722897e-05,1.0
0000882291,AEMD,2006-10-10,0,1.0124286219722897e-05,1.0
0000882291,AEMD,2006-10-11,0,1.0124286219722897e-05,1.0
0000882291,AEMD,2006-10-12,0,1.0124286219722897e-05,1.0
0000882291,AEMD,2006-10-13,0,1.0124286219722897e-05,1.0
0000882291,AEMD,2006-10-16,0,1.0124286219722897e-05,1.0
0000882291,AEMD,2006-10-17,0,1.0124286219722897e-05,1.0
0000882291,AEMD,2006-10-18,0,1.0124286219722897e-05,1.0
0000882291,AEMD,2006-10-19,0,1.0124286219722897e-05,1.0
0000882291,AEMD,2006-10-20,0,1.0124286219722897e-05,1.0
0000882291,AEMD,2006-10-23,0,1.0124286219722897e-05,1.0
0000882291,AEMD,2006-10-24,0,1.0124286219722897e-05,1.0
0000882291,AEMD,2006-10-25,0,1.0124286219722897e-05,1.0
0000882291,AEMD,2006-10-26,0,1.0124286219722897e-05,1.0
0000882291,AEMD,2006-10-27,0,1.0124286219722897e-05,1.0
0000882291,AEMD,2006-10-30,0,1.0124286219722897e-05,1.0
0000882291,AEMD,2006-10-31,0,1.0124286219722897e-05,1.0
0000882291,AEMD,2006-11-01,0,1.0124286219722897e-05,1.0
0000882291,AEMD,2006-11-02,0,1.0124286219722897e-05,1.0
0000882291,AEMD,2006-11-03,0,1.0124286219722897e-05,1.0
0000882291,AEMD,2006-11-06,0,1.0124286219722897e-05,1.0
0000882291,AEMD,2006-11-07,0,1.0124286219722897e-05,1.0
0000882291,AEMD,2006-11-08,0,1.0124286219722897e-05,1.0
0000882291,AEMD,2006-11-09,0,1.0124286219722897e-05,1.0
0000882291,AEMD,2006-11-10,0,1.0124286219722897e-05,1.0
0000882291,AEMD,2006-11-13,0,1.0124286219722897e-05,1.0
0000882291,AEMD,2006-11-14,0,1.0124286219722897e-05,1.0
0000882291,AEMD,2006-11-15,0,1.0124286219722897e-05,1.0
0000882291,AEMD,2006-11-16,0,1.0124286219722897e-05,1.0
0000882291,AEMD,2006-11-17,0,1.0124286219722897e-05,1.0
0000882291,AEMD,2006-11-20,0,1.0124286219722897e-05,1.0
0000882291,AEMD,2006-11-21,0,1.0124286219722897e-05,1.0
0000882291,AEMD,2006-11-22,0,1.0124286219722897e-05,1.0
0000882291,AEMD,2006-11-23,0,1.0124286219722897e-05,1.0
0000882291,AEMD,2006-11-24,0,1.0124286219722897e-05,1.0
0000882291,AEMD,2006-11-27,0,1.0124286219722897e-05,1.0
0000882291,AEMD,2006-11-28,0,1.0124286219722897e-05,1.0
0000882291,AEMD,2006-11-29,0,1.0124286219722897e-05,1.0
0000882291,AEMD,2006-11-30,0,1.0124286219722897e-05,1.0
0000882291,AEMD,2006-12-01,0,1.0124286219722897e-05,1.0
0000882291,AEMD,2006-12-04,0,1.0124286219722897e-05,1.0
0000882291,AEMD,2006-12-05,0,1.0124286219722897e-05,1.0
0000882291,AEMD,2006-12-06,0,1.0124286219722897e-05,1.0
0000882291,AEMD,2006-12-07,0,1.0124286219722897e-05,1.0
0000882291,AEMD,2006-12-08,0,1.0124286219722897e-05,1.0
0000882291,AEMD,2006-12-11,0,1.0124286219722897e-05,1.0
0000882291,AEMD,2006-12-12,0,1.0124286219722897e-05,1.0
0000882291,AEMD,2006-12-13,0,1.0124286219722897e-05,1.0
0000882291,AEMD,2006-12-14,0,1.0124286219722897e-05,1.0
0000882291,AEMD,2006-12-15,0,1.0124286219722897e-05,1.0
0000882291,AEMD,2006-12-18,0,1.0124286219722897e-05,1.0
0000882291,AEMD,2006-12-19,0,1.0124286219722897e-05,1.0
0000882291,AEMD,2006-12-20,0,1.0124286219722897e-05,1.0
0000882291,AEMD,2006-12-21,0,1.0124286219722897e-05,1.0
0000882291,AEMD,2006-12-22,0,1.0124286219722897e-05,1.0
0000882291,AEMD,2006-12-25,0,1.0124286219722897e-05,1.0
0000882291,AEMD,2006-12-26,0,1.0124286219722897e-05,1.0
0000882291,AEMD,2006-12-27,0,1.0124286219722897e-05,1.0
0000882291,AEMD,2006-12-28,0,1.0124286219722897e-05,1.0
0000882291,AEMD,2006-12-29,0,1.0124286219722897e-05,1.0
0000882291,AEMD,2007-01-01,0,1.0124286219722897e-05,1.0
0000882291,AEMD,2007-01-02,0,1.0124286219722897e-05,1.0
0000882291,AEMD,2007-01-03,0,1.0124286219722897e-05,1.0
0000882291,AEMD,2007-01-04,0,1.0124286219722897e-05,1.0
0000882291,AEMD,2007-01-05,0,1.0124286219722897e-05,1.0
0000882291,AEMD,2007-01-08,0,1.0124286219722897e-05,1.0
0000882291,AEMD,2007-01-09,0,1.0124286219722897e-05,1.0
0000882291,AEMD,2007-01-10,0,1.0124286219722897e-05,1.0
0000882291,AEMD,2007-01-11,0,1.0124286219722897e-05,1.0
0000882291,AEMD,2007-01-12,0,1.0124286219722897e-05,1.0
0000882291,AEMD,2007-01-15,0,1.0124286219722897e-05,1.0
0000882291,AEMD,2007-01-16,0,1.0124286219722897e-05,1.0
0000882291,AEMD,2007-01-17,0,1.0124286219722897e-05,1.0
0000882291,AEMD,2007-01-18,0,1.0124286219722897e-05,1.0
0000882291,AEMD,2007-01-19,0,1.0124286219722897e-05,1.0
0000882291,AEMD,2007-01-22,0,1.0124286219722897e-05,1.0
0000882291,AEMD,2007-01-23,0,1.0124286219722897e-05,1.0
0000882291,AEMD,2007-01-24,0,1.0124286219722897e-05,1.0
0000882291,AEMD,2007-01-25,0,1.0124286219722897e-05,1.0
0000882291,AEMD,2007-01-26,0,1.0124286219722897e-05,1.0
0000882291,AEMD,2007-01-29,0,1.0124286219722897e-05,1.0
0000882291,AEMD,2007-01-30,0,1.0902276739913262e-07,1.0
0000882291,AEMD,2007-01-31,0,1.0902276739913262e-07,1.0
0000882291,AEMD,2007-02-01,0,1.0902276739913262e-07,1.0
0000882291,AEMD,2007-02-02,0,1.0902276739913262e-07,1.0
0000882291,AEMD,2007-02-05,0,1.0902276739913262e-07,1.0
0000882291,AEMD,2007-02-06,0,1.0902276739913262e-07,1.0
0000882291,AEMD,2007-02-07,0,1.0902276739913262e-07,1.0
0000882291,AEMD,2007-02-08,0,1.0902276739913262e-07,1.0
0000882291,AEMD,2007-02-09,0,1.0902276739913262e-07,1.0
0000882291,AEMD,2007-02-12,0,8.213600411635627e-08,1.0
0000882291,AEMD,2007-02-13,0,8.213600411635627e-08,1.0
0000882291,AEMD,2007-02-14,0,8.213600411635627e-08,1.0
0000882291,AEMD,2007-02-15,0,8.213600411635627e-08,1.0
0000882291,AEMD,2007-02-16,0,8.213600411635627e-08,1.0
0000882291,AEMD,2007-02-19,0,8.213600411635627e-08,1.0
0000882291,AEMD,2007-02-20,0,8.213600411635627e-08,1.0
0000882291,AEMD,2007-02-21,0,8.213600411635627e-08,1.0
0000882291,AEMD,2007-02-22,0,8.213600411635627e-08,1.0
0000882291,AEMD,2007-02-23,0,8.213600411635627e-08,1.0
0000882291,AEMD,2007-02-26,0,8.213600411635627e-08,1.0
0000882291,AEMD,2007-02-27,0,8.213600411635627e-08,1.0
0000882291,AEMD,2007-02-28,0,8.213600411635627e-08,1.0
0000882291,AEMD,2007-03-01,0,1.4266165053604158e-07,1.0
0000882291,AEMD,2007-03-02,0,1.4266165053604158e-07,1.0
0000882291,AEMD,2007-03-05,0,1.4266165053604158e-07,1.0
0000882291,AEMD,2007-03-06,0,1.4266165053604158e-07,1.0
0000882291,AEMD,2007-03-07,0,1.4266165053604158e-07,1.0
0000882291,AEMD,2007-03-08,0,1.4266165053604158e-07,1.0
0000882291,AEMD,2007-03-09,0,1.4266165053604158e-07,1.0
0000882291,AEMD,2007-03-12,0,1.4266165053604158e-07,1.0
0000882291,AEMD,2007-03-13,0,1.4266165053604158e-07,1.0
0000882291,AEMD,2007-03-14,0,1.4266165053604158e-07,1.0
0000882291,AEMD,2007-03-15,0,5.4321711053568235e-08,1.0
0000882291,AEMD,2007-03-16,0,5.4321711053568235e-08,1.0
0000882291,AEMD,2007-03-19,0,5.4321711053568235e-08,1.0
0000882291,AEMD,2007-03-20,0,5.4321711053568235e-08,1.0
0000882291,AEMD,2007-03-21,0,5.4321711053568235e-08,1.0
0000882291,AEMD,2007-03-22,0,7.682228121265962e-08,1.0
0000882291,AEMD,2007-03-23,0,7.682228121265962e-08,1.0
0000882291,AEMD,2007-03-26,0,7.682228121265962e-08,1.0
0000882291,AEMD,2007-03-27,0,7.682228121265962e-08,1.0
0000882291,AEMD,2007-03-28,0,7.682228121265962e-08,1.0
0000882291,AEMD,2007-03-29,0,7.682228121265962e-08,1.0
0000882291,AEMD,2007-03-30,0,7.682228121265962e-08,1.0
0000882291,AEMD,2007-04-02,0,7.682228121265962e-08,1.0
0000882291,AEMD,2007-04-03,0,7.682228121265962e-08,1.0
0000882291,AEMD,2007-04-04,0,7.682228121265962e-08,1.0
0000882291,AEMD,2007-04-05,0,7.682228121265962e-08,1.0
0000882291,AEMD,2007-04-06,0,7.682228121265962e-08,1.0
0000882291,AEMD,2007-04-09,0,7.682228121265962e-08,1.0
0000882291,AEMD,2007-04-10,0,7.682228121265962e-08,1.0
0000882291,AEMD,2007-04-11,0,7.682228121265962e-08,1.0
0000882291,AEMD,2007-04-12,0,7.682228121265962e-08,1.0
0000882291,AEMD,2007-04-13,0,7.682228121265962e-08,1.0
0000882291,AEMD,2007-04-16,0,7.682228121265962e-08,1.0
0000882291,AEMD,2007-04-17,0,7.682228121265962e-08,1.0
0000882291,AEMD,2007-04-18,0,7.682228121265962e-08,1.0
0000882291,AEMD,2007-04-19,0,7.682228121265962e-08,1.0
0000882291,AEMD,2007-04-20,0,7.682228121265962e-08,1.0
0000882291,AEMD,2007-04-23,0,4.9866690313406386e-08,1.0
0000882291,AEMD,2007-04-24,0,4.9866690313406386e-08,1.0
0000882291,AEMD,2007-04-25,0,4.9866690313406386e-08,1.0
0000882291,AEMD,2007-04-26,0,4.9866690313406386e-08,1.0
0000882291,AEMD,2007-04-27,0,4.9866690313406386e-08,1.0
0000882291,AEMD,2007-04-30,0,4.9866690313406386e-08,1.0
0000882291,AEMD,2007-05-01,0,4.135014051813637e-08,1.0
0000882291,AEMD,2007-05-02,0,4.135014051813637e-08,1.0
0000882291,AEMD,2007-05-03,0,4.135014051813637e-08,1.0
0000882291,AEMD,2007-05-04,0,4.135014051813637e-08,1.0
0000882291,AEMD,2007-05-07,0,4.135014051813637e-08,1.0
0000882291,AEMD,2007-05-08,0,4.135014051813637e-08,1.0
0000882291,AEMD,2007-05-09,0,4.135014051813637e-08,1.0
0000882291,AEMD,2007-05-10,0,4.135014051813637e-08,1.0
0000882291,AEMD,2007-05-11,0,4.135014051813637e-08,1.0
0000882291,AEMD,2007-05-14,0,6.762730930146902e-09,1.0
0000882291,AEMD,2007-05-15,0,6.762730930146902e-09,1.0
0000882291,AEMD,2007-05-16,0,6.762730930146902e-09,1.0
0000882291,AEMD,2007-05-17,0,6.762730930146902e-09,1.0
0000882291,AEMD,2007-05-18,0,6.762730930146902e-09,1.0
0000882291,AEMD,2007-05-21,0,6.762730930146902e-09,1.0
0000882291,AEMD,2007-05-22,0,6.762730930146902e-09,1.0
0000882291,AEMD,2007-05-23,0,6.762730930146902e-09,1.0
0000882291,AEMD,2007-05-24,0,6.762730930146902e-09,1.0
0000882291,AEMD,2007-05-25,0,6.762730930146902e-09,1.0
0000882291,AEMD,2007-05-28,0,6.762730930146902e-09,1.0
0000882291,AEMD,2007-05-29,0,6.762730930146902e-09,1.0
0000882291,AEMD,2007-05-30,0,6.762730930146902e-09,1.0
0000882291,AEMD,2007-05-31,0,6.762730930146902e-09,1.0
0000882291,AEMD,2007-06-01,0,6.762730930146902e-09,1.0
0000882291,AEMD,2007-06-04,0,6.762730930146902e-09,1.0
0000882291,AEMD,2007-06-05,0,6.762730930146902e-09,1.0
0000882291,AEMD,2007-06-06,0,6.762730930146902e-09,1.0
0000882291,AEMD,2007-06-07,0,6.762730930146902e-09,1.0
0000882291,AEMD,2007-06-08,0,6.762730930146902e-09,1.0
0000882291,AEMD,2007-06-11,0,6.762730930146902e-09,1.0
0000882291,AEMD,2007-06-12,0,6.762730930146902e-09,1.0
0000882291,AEMD,2007-06-13,0,6.762730930146902e-09,1.0
0000882291,AEMD,2007-06-14,0,6.762730930146902e-09,1.0
0000882291,AEMD,2007-06-15,0,6.762730930146902e-09,1.0
0000882291,AEMD,2007-06-18,0,6.762730930146902e-09,1.0
0000882291,AEMD,2007-06-19,0,6.762730930146902e-09,1.0
0000882291,AEMD,2007-06-20,0,7.079007399837641e-06,1.0
0000882291,AEMD,2007-06-21,0,7.079007399837641e-06,1.0
0000882291,AEMD,2007-06-22,0,7.079007399837641e-06,1.0
0000882291,AEMD,2007-06-25,0,7.079007399837641e-06,1.0
0000882291,AEMD,2007-06-26,0,7.079007399837641e-06,1.0
0000882291,AEMD,2007-06-27,0,7.079007399837641e-06,1.0
0000882291,AEMD,2007-06-28,0,7.079007399837641e-06,1.0
0000882291,AEMD,2007-06-29,0,7.079007399837641e-06,1.0
0000882291,AEMD,2007-07-02,0,7.079007399837641e-06,1.0
0000882291,AEMD,2007-07-03,0,7.079007399837641e-06,1.0
0000882291,AEMD,2007-07-04,0,7.079007399837641e-06,1.0
0000882291,AEMD,2007-07-05,0,7.079007399837641e-06,1.0
0000882291,AEMD,2007-07-06,0,7.079007399837641e-06,1.0
0000882291,AEMD,2007-07-09,0,7.079007399837641e-06,1.0
0000882291,AEMD,2007-07-10,0,7.079007399837641e-06,1.0
0000882291,AEMD,2007-07-11,0,7.079007399837641e-06,1.0
0000882291,AEMD,2007-07-12,0,7.079007399837641e-06,1.0
0000882291,AEMD,2007-07-13,0,7.079007399837641e-06,1.0
0000882291,AEMD,2007-07-16,0,7.079007399837641e-06,1.0
0000882291,AEMD,2007-07-17,0,7.079007399837641e-06,1.0
0000882291,AEMD,2007-07-18,0,7.079007399837641e-06,1.0
0000882291,AEMD,2007-07-19,0,7.079007399837641e-06,1.0
0000882291,AEMD,2007-07-20,0,7.079007399837641e-06,1.0
0000882291,AEMD,2007-07-23,0,7.079007399837641e-06,1.0
0000882291,AEMD,2007-07-24,0,7.079007399837641e-06,1.0
0000882291,AEMD,2007-07-25,0,7.079007399837641e-06,1.0
0000882291,AEMD,2007-07-26,0,7.079007399837641e-06,1.0
0000882291,AEMD,2007-07-27,0,7.079007399837641e-06,1.0
0000882291,AEMD,2007-07-30,0,6.609286816120426e-06,1.0
0000882291,AEMD,2007-07-31,0,6.609286816120426e-06,1.0
0000882291,AEMD,2007-08-01,0,6.609286816120426e-06,1.0
0000882291,AEMD,2007-08-02,0,6.609286816120426e-06,1.0
0000882291,AEMD,2007-08-03,0,6.609286816120426e-06,1.0
0000882291,AEMD,2007-08-06,0,6.609286816120426e-06,1.0
0000882291,AEMD,2007-08-07,0,6.609286816120426e-06,1.0
0000882291,AEMD,2007-08-08,0,6.609286816120426e-06,1.0
0000882291,AEMD,2007-08-09,0,6.609286816120426e-06,1.0
0000882291,AEMD,2007-08-10,0,6.609286816120426e-06,1.0
0000882291,AEMD,2007-08-13,0,8.990895737562833e-06,1.0
0000882291,AEMD,2007-08-14,0,8.990895737562833e-06,1.0
0000882291,AEMD,2007-08-15,0,8.990895737562833e-06,1.0
0000882291,AEMD,2007-08-16,0,8.990895737562833e-06,1.0
0000882291,AEMD,2007-08-17,0,8.990895737562833e-06,1.0
0000882291,AEMD,2007-08-20,0,5.628883744712889e-07,1.0
0000882291,AEMD,2007-08-21,0,5.628883744712889e-07,1.0
0000882291,AEMD,2007-08-22,0,5.628883744712889e-07,1.0
0000882291,AEMD,2007-08-23,0,5.628883744712889e-07,1.0
0000882291,AEMD,2007-08-24,0,5.628883744712889e-07,1.0
0000882291,AEMD,2007-08-27,0,5.628883744712889e-07,1.0
0000882291,AEMD,2007-08-28,0,5.628883744712889e-07,1.0
0000882291,AEMD,2007-08-29,0,5.628883744712889e-07,1.0
0000882291,AEMD,2007-08-30,0,5.628883744712889e-07,1.0
0000882291,AEMD,2007-08-31,0,5.628883744712889e-07,1.0
0000882291,AEMD,2007-09-03,0,5.628883744712889e-07,1.0
0000882291,AEMD,2007-09-04,0,5.628883744712889e-07,1.0
0000882291,AEMD,2007-09-05,0,5.628883744712889e-07,1.0
0000882291,AEMD,2007-09-06,0,5.628883744712889e-07,1.0
0000882291,AEMD,2007-09-07,0,5.628883744712889e-07,1.0
0000882291,AEMD,2007-09-10,0,5.628883744712889e-07,1.0
0000882291,AEMD,2007-09-11,0,5.628883744712889e-07,1.0
0000882291,AEMD,2007-09-12,0,5.628883744712889e-07,1.0
0000882291,AEMD,2007-09-13,0,5.628883744712889e-07,1.0
0000882291,AEMD,2007-09-14,0,5.628883744712889e-07,1.0
0000882291,AEMD,2007-09-17,0,5.628883744712889e-07,1.0
0000882291,AEMD,2007-09-18,0,5.18938126543644e-07,1.0
0000882291,AEMD,2007-09-19,0,3.815629155727129e-07,1.0
0000882291,AEMD,2007-09-20,0,3.815629155727129e-07,1.0
0000882291,AEMD,2007-09-21,0,3.815629155727129e-07,1.0
0000882291,AEMD,2007-09-24,0,3.815629155727129e-07,1.0
0000882291,AEMD,2007-09-25,0,3.815629155727129e-07,1.0
0000882291,AEMD,2007-09-26,0,3.815629155727129e-07,1.0
0000882291,AEMD,2007-09-27,0,3.815629155727129e-07,1.0
0000882291,AEMD,2007-09-28,0,3.815629155727129e-07,1.0
0000882291,AEMD,2007-10-01,0,3.815629155727129e-07,1.0
0000882291,AEMD,2007-10-02,0,3.815629155727129e-07,1.0
0000882291,AEMD,2007-10-03,0,3.815629155727129e-07,1.0
0000882291,AEMD,2007-10-04,0,3.815629155727129e-07,1.0
0000882291,AEMD,2007-10-05,0,3.815629155727129e-07,1.0
0000882291,AEMD,2007-10-08,0,3.815629155727129e-07,1.0
0000882291,AEMD,2007-10-09,0,3.815629155727129e-07,1.0
0000882291,AEMD,2007-10-10,0,3.815629155727129e-07,1.0
0000882291,AEMD,2007-10-11,0,3.815629155727129e-07,1.0
0000882291,AEMD,2007-10-12,0,3.815629155727129e-07,1.0
0000882291,AEMD,2007-10-15,0,3.815629155727129e-07,1.0
0000882291,AEMD,2007-10-16,0,3.815629155727129e-07,1.0
0000882291,AEMD,2007-10-17,0,3.815629155727129e-07,1.0
0000882291,AEMD,2007-10-18,0,3.815629155727129e-07,1.0
0000882291,AEMD,2007-10-19,0,3.815629155727129e-07,1.0
0000882291,AEMD,2007-10-22,0,3.815629155727129e-07,1.0
0000882291,AEMD,2007-10-23,0,3.815629155727129e-07,1.0
0000882291,AEMD,2007-10-24,0,3.815629155727129e-07,1.0
0000882291,AEMD,2007-10-25,0,3.815629155727129e-07,1.0
0000882291,AEMD,2007-10-26,0,3.815629155727129e-07,1.0
0000882291,AEMD,2007-10-29,0,3.815629155727129e-07,1.0
0000882291,AEMD,2007-10-30,0,3.815629155727129e-07,1.0
0000882291,AEMD,2007-10-31,0,3.815629155727129e-07,1.0
0000882291,AEMD,2007-11-01,0,3.815629155727129e-07,1.0
0000882291,AEMD,2007-11-02,0,3.815629155727129e-07,1.0
0000882291,AEMD,2007-11-05,0,3.815629155727129e-07,1.0
0000882291,AEMD,2007-11-06,0,3.815629155727129e-07,1.0
0000882291,AEMD,2007-11-07,0,3.815629155727129e-07,1.0
0000882291,AEMD,2007-11-08,0,3.815629155727129e-07,1.0
0000882291,AEMD,2007-11-09,0,3.815629155727129e-07,1.0
0000882291,AEMD,2007-11-12,0,3.815629155727129e-07,1.0
0000882291,AEMD,2007-11-13,0,3.815629155727129e-07,1.0
0000882291,AEMD,2007-11-14,0,3.815629155727129e-07,1.0
0000882291,AEMD,2007-11-15,0,3.815629155727129e-07,1.0
0000882291,AEMD,2007-11-16,0,3.815629155727129e-07,1.0
0000882291,AEMD,2007-11-19,0,8.212637790849495e-06,1.0
0000882291,AEMD,2007-11-20,0,8.212637790849495e-06,1.0
0000882291,AEMD,2007-11-21,0,8.212637790849495e-06,1.0
0000882291,AEMD,2007-11-22,0,8.212637790849495e-06,1.0
0000882291,AEMD,2007-11-23,0,8.212637790849495e-06,1.0
0000882291,AEMD,2007-11-26,0,8.212637790849495e-06,1.0
0000882291,AEMD,2007-11-27,0,8.212637790849495e-06,1.0
0000882291,AEMD,2007-11-28,0,8.212637790849495e-06,1.0
0000882291,AEMD,2007-11-29,0,8.212637790849495e-06,1.0
0000882291,AEMD,2007-11-30,0,8.212637790849495e-06,1.0
0000882291,AEMD,2007-12-03,0,8.212637790849495e-06,1.0
0000882291,AEMD,2007-12-04,0,8.212637790849495e-06,1.0
0000882291,AEMD,2007-12-05,0,8.212637790849495e-06,1.0
0000882291,AEMD,2007-12-06,0,8.212637790849495e-06,1.0
0000882291,AEMD,2007-12-07,0,8.212637790849495e-06,1.0
0000882291,AEMD,2007-12-10,0,8.212637790849495e-06,1.0
0000882291,AEMD,2007-12-11,0,8.212637790849495e-06,1.0
0000882291,AEMD,2007-12-12,0,1.3122476568382106e-08,1.0
0000882291,AEMD,2007-12-13,0,1.3122476568382106e-08,1.0
0000882291,AEMD,2007-12-14,0,1.3122476568382106e-08,1.0
0000882291,AEMD,2007-12-17,0,1.3122476568382106e-08,1.0
0000882291,AEMD,2007-12-18,0,1.3122476568382106e-08,1.0
0000882291,AEMD,2007-12-19,0,1.3122476568382106e-08,1.0
0000882291,AEMD,2007-12-20,0,1.3122476568382106e-08,1.0
0000882291,AEMD,2007-12-21,0,1.3122476568382106e-08,1.0
0000882291,AEMD,2007-12-24,0,1.3122476568382106e-08,1.0
0000882291,AEMD,2007-12-25,0,1.3122476568382106e-08,1.0
0000882291,AEMD,2007-12-26,0,1.3122476568382106e-08,1.0
0000882291,AEMD,2007-12-27,0,1.3122476568382106e-08,1.0
0000882291,AEMD,2007-12-28,0,1.3122476568382106e-08,1.0
0000882291,AEMD,2007-12-31,0,1.3122476568382106e-08,1.0
0000882291,AEMD,2008-01-01,0,1.3122476568382106e-08,1.0
0000882291,AEMD,2008-01-02,0,1.3122476568382106e-08,1.0
0000882291,AEMD,2008-01-03,0,1.3122476568382106e-08,1.0
0000882291,AEMD,2008-01-04,0,1.3122476568382106e-08,1.0
0000882291,AEMD,2008-01-07,0,1.3122476568382106e-08,1.0
0000882291,AEMD,2008-01-08,0,1.3122476568382106e-08,1.0
0000882291,AEMD,2008-01-09,0,1.3122476568382106e-08,1.0
0000882291,AEMD,2008-01-10,0,1.3122476568382106e-08,1.0
0000882291,AEMD,2008-01-11,0,8.518029538109943e-09,1.0
0000882291,AEMD,2008-01-14,0,8.518029538109943e-09,1.0
0000882291,AEMD,2008-01-15,0,8.518029538109943e-09,1.0
0000882291,AEMD,2008-01-16,0,8.518029538109943e-09,1.0
0000882291,AEMD,2008-01-17,0,8.518029538109943e-09,1.0
0000882291,AEMD,2008-01-18,0,8.518029538109943e-09,1.0
0000882291,AEMD,2008-01-21,0,8.518029538109943e-09,1.0
0000882291,AEMD,2008-01-22,0,8.518029538109943e-09,1.0
0000882291,AEMD,2008-01-23,0,8.518029538109943e-09,1.0
0000882291,AEMD,2008-01-24,0,8.518029538109943e-09,1.0
0000882291,AEMD,2008-01-25,0,8.518029538109943e-09,1.0
0000882291,AEMD,2008-01-28,0,8.518029538109943e-09,1.0
0000882291,AEMD,2008-01-29,0,8.518029538109943e-09,1.0
0000882291,AEMD,2008-01-30,0,8.518029538109943e-09,1.0
0000882291,AEMD,2008-01-31,0,8.518029538109943e-09,1.0
0000882291,AEMD,2008-02-01,0,8.518029538109943e-09,1.0
0000882291,AEMD,2008-02-04,0,8.518029538109943e-09,1.0
0000882291,AEMD,2008-02-05,0,8.518029538109943e-09,1.0
0000882291,AEMD,2008-02-06,0,8.518029538109943e-09,1.0
0000882291,AEMD,2008-02-07,0,8.518029538109943e-09,1.0
0000882291,AEMD,2008-02-08,0,8.518029538109943e-09,1.0
0000882291,AEMD,2008-02-11,0,8.518029538109943e-09,1.0
0000882291,AEMD,2008-02-12,0,4.4558945014916935e-09,1.0
0000882291,AEMD,2008-02-13,0,4.4558945014916935e-09,1.0
0000882291,AEMD,2008-02-14,0,4.4558945014916935e-09,1.0
0000882291,AEMD,2008-02-15,0,4.4558945014916935e-09,1.0
0000882291,AEMD,2008-02-18,0,4.496846672828829e-09,1.0
0000882291,AEMD,2008-02-19,0,4.496846672828829e-09,1.0
0000882291,AEMD,2008-02-20,0,4.496846672828829e-09,1.0
0000882291,AEMD,2008-02-21,0,4.496846672828829e-09,1.0
0000882291,AEMD,2008-02-22,0,4.496846672828829e-09,1.0
0000882291,AEMD,2008-02-25,0,4.496846672828829e-09,1.0
0000882291,AEMD,2008-02-26,0,4.496846672828829e-09,1.0
0000882291,AEMD,2008-02-27,0,4.496846672828829e-09,1.0
0000882291,AEMD,2008-02-28,0,4.496846672828829e-09,1.0
0000882291,AEMD,2008-02-29,0,4.496846672828829e-09,1.0
0000882291,AEMD,2008-03-03,0,4.496846672828829e-09,1.0
0000882291,AEMD,2008-03-04,0,4.496846672828829e-09,1.0
0000882291,AEMD,2008-03-05,0,4.496846672828829e-09,1.0
0000882291,AEMD,2008-03-06,0,4.496846672828829e-09,1.0
0000882291,AEMD,2008-03-07,0,4.496846672828829e-09,1.0
0000882291,AEMD,2008-03-10,0,4.496846672828829e-09,1.0
0000882291,AEMD,2008-03-11,0,4.496846672828829e-09,1.0
0000882291,AEMD,2008-03-12,0,4.829082661478518e-09,1.0
0000882291,AEMD,2008-03-13,0,4.829082661478518e-09,1.0
0000882291,AEMD,2008-03-14,0,6.481802943314674e-10,1.0
0000882291,AEMD,2008-03-17,0,6.481802943314674e-10,1.0
0000882291,AEMD,2008-03-18,0,6.481802943314674e-10,1.0
0000882291,AEMD,2008-03-19,0,6.481802943314674e-10,1.0
0000882291,AEMD,2008-03-20,0,6.481802943314674e-10,1.0
0000882291,AEMD,2008-03-21,0,6.481802943314674e-10,1.0
0000882291,AEMD,2008-03-24,0,6.481802943314674e-10,1.0
0000882291,AEMD,2008-03-25,0,6.481802943314674e-10,1.0
0000882291,AEMD,2008-03-26,0,6.481802943314674e-10,1.0
0000882291,AEMD,2008-03-27,0,6.481802943314674e-10,1.0
0000882291,AEMD,2008-03-28,0,6.481802943314674e-10,1.0
0000882291,AEMD,2008-03-31,0,6.481802943314674e-10,1.0
0000882291,AEMD,2008-04-01,0,6.481802943314674e-10,1.0
0000882291,AEMD,2008-04-02,0,6.481802943314674e-10,1.0
0000882291,AEMD,2008-04-03,0,6.481802943314674e-10,1.0
0000882291,AEMD,2008-04-04,0,6.481802943314674e-10,1.0
0000882291,AEMD,2008-04-07,0,6.481802943314674e-10,1.0
0000882291,AEMD,2008-04-08,0,6.481802943314674e-10,1.0
0000882291,AEMD,2008-04-09,0,6.481802943314674e-10,1.0
0000882291,AEMD,2008-04-10,0,6.481802943314674e-10,1.0
0000882291,AEMD,2008-04-11,0,6.481802943314674e-10,1.0
0000882291,AEMD,2008-04-14,0,6.481802943314674e-10,1.0
0000882291,AEMD,2008-04-15,0,6.481802943314674e-10,1.0
0000882291,AEMD,2008-04-16,0,6.481802943314674e-10,1.0
0000882291,AEMD,2008-04-17,0,6.481802943314674e-10,1.0
0000882291,AEMD,2008-04-18,0,6.481802943314674e-10,1.0
0000882291,AEMD,2008-04-21,0,6.481802943314674e-10,1.0
0000882291,AEMD,2008-04-22,0,6.481802943314674e-10,1.0
0000882291,AEMD,2008-04-23,0,6.481802943314674e-10,1.0
0000882291,AEMD,2008-04-24,0,6.481802943314674e-10,1.0
0000882291,AEMD,2008-04-25,0,6.481802943314674e-10,1.0
0000882291,AEMD,2008-04-28,0,6.481802943314674e-10,1.0
0000882291,AEMD,2008-04-29,0,6.481802943314674e-10,1.0
0000882291,AEMD,2008-04-30,0,6.481802943314674e-10,1.0
0000882291,AEMD,2008-05-01,0,6.481802943314674e-10,1.0
0000882291,AEMD,2008-05-02,0,7.662679278083814e-10,1.0
0000882291,AEMD,2008-05-05,0,7.662679278083814e-10,1.0
0000882291,AEMD,2008-05-06,0,7.662679278083814e-10,1.0
0000882291,AEMD,2008-05-07,0,7.662679278083814e-10,1.0
0000882291,AEMD,2008-05-08,0,7.662679278083814e-10,1.0
0000882291,AEMD,2008-05-09,0,7.662679278083814e-10,1.0
0000882291,AEMD,2008-05-12,0,7.662679278083814e-10,1.0
0000882291,AEMD,2008-05-13,0,4.709515741515488e-09,1.0
0000882291,AEMD,2008-05-14,0,4.709515741515488e-09,1.0
0000882291,AEMD,2008-05-15,0,4.709515741515488e-09,1.0
0000882291,AEMD,2008-05-16,0,4.709515741515488e-09,1.0
0000882291,AEMD,2008-05-19,0,4.709515741515488e-09,1.0
0000882291,AEMD,2008-05-20,0,4.709515741515488e-09,1.0
0000882291,AEMD,2008-05-21,0,4.709515741515488e-09,1.0
0000882291,AEMD,2008-05-22,0,4.709515741515488e-09,1.0
0000882291,AEMD,2008-05-23,0,4.709515741515488e-09,1.0
0000882291,AEMD,2008-05-26,0,4.709515741515488e-09,1.0
0000882291,AEMD,2008-05-27,0,4.709515741515488e-09,1.0
0000882291,AEMD,2008-05-28,0,4.709515741515488e-09,1.0
0000882291,AEMD,2008-05-29,0,4.709515741515488e-09,1.0
0000882291,AEMD,2008-05-30,0,4.709515741515488e-09,1.0
0000882291,AEMD,2008-06-02,0,3.1153699025660364e-09,1.0
0000882291,AEMD,2008-06-03,0,3.1153699025660364e-09,1.0
0000882291,AEMD,2008-06-04,0,3.1153699025660364e-09,1.0
0000882291,AEMD,2008-06-05,0,3.1153699025660364e-09,1.0
0000882291,AEMD,2008-06-06,0,3.1153699025660364e-09,1.0
0000882291,AEMD,2008-06-09,0,3.1153699025660364e-09,1.0
0000882291,AEMD,2008-06-10,0,3.1631186201844416e-09,1.0
0000882291,AEMD,2008-06-11,0,3.1631186201844416e-09,1.0
0000882291,AEMD,2008-06-12,0,3.1631186201844416e-09,1.0
0000882291,AEMD,2008-06-13,0,3.1631186201844416e-09,1.0
0000882291,AEMD,2008-06-16,0,3.1631186201844416e-09,1.0
0000882291,AEMD,2008-06-17,0,3.1631186201844416e-09,1.0
0000882291,AEMD,2008-06-18,0,3.1631186201844416e-09,1.0
0000882291,AEMD,2008-06-19,0,3.1631186201844416e-09,1.0
0000882291,AEMD,2008-06-20,0,3.1631186201844416e-09,1.0
0000882291,AEMD,2008-06-23,0,3.1631186201844416e-09,1.0
0000882291,AEMD,2008-06-24,0,3.1631186201844416e-09,1.0
0000882291,AEMD,2008-06-25,0,3.1631186201844416e-09,1.0
0000882291,AEMD,2008-06-26,0,3.1631186201844416e-09,1.0
0000882291,AEMD,2008-06-27,0,3.1631186201844416e-09,1.0
0000882291,AEMD,2008-06-30,0,3.1631186201844416e-09,1.0
0000882291,AEMD,2008-07-01,0,3.1631186201844416e-09,1.0
0000882291,AEMD,2008-07-02,0,3.1631186201844416e-09,1.0
0000882291,AEMD,2008-07-03,0,3.1631186201844416e-09,1.0
0000882291,AEMD,2008-07-04,0,3.1631186201844416e-09,1.0
0000882291,AEMD,2008-07-07,0,3.1631186201844416e-09,1.0
0000882291,AEMD,2008-07-08,0,3.1631186201844416e-09,1.0
0000882291,AEMD,2008-07-09,0,3.1631186201844416e-09,1.0
0000882291,AEMD,2008-07-10,0,3.1631186201844416e-09,1.0
0000882291,AEMD,2008-07-11,0,3.1631186201844416e-09,1.0
0000882291,AEMD,2008-07-14,0,3.1631186201844416e-09,1.0
0000882291,AEMD,2008-07-15,0,3.1631186201844416e-09,1.0
0000882291,AEMD,2008-07-16,0,3.1631186201844416e-09,1.0
0000882291,AEMD,2008-07-17,0,3.1631186201844416e-09,1.0
0000882291,AEMD,2008-07-18,0,3.1631186201844416e-09,1.0
0000882291,AEMD,2008-07-21,0,3.1631186201844416e-09,1.0
0000882291,AEMD,2008-07-22,0,3.1631186201844416e-09,1.0
0000882291,AEMD,2008-07-23,0,3.1631186201844416e-09,1.0
0000882291,AEMD,2008-07-24,0,3.1631186201844416e-09,1.0
0000882291,AEMD,2008-07-25,0,3.1631186201844416e-09,1.0
0000882291,AEMD,2008-07-28,0,3.1631186201844416e-09,1.0
0000882291,AEMD,2008-07-29,0,3.1631186201844416e-09,1.0
0000882291,AEMD,2008-07-30,0,3.1631186201844416e-09,1.0
0000882291,AEMD,2008-07-31,0,3.796346294396905e-06,1.0
0000882291,AEMD,2008-08-01,0,3.796346294396905e-06,1.0
0000882291,AEMD,2008-08-04,0,3.796346294396905e-06,1.0
0000882291,AEMD,2008-08-05,0,3.796346294396905e-06,1.0
0000882291,AEMD,2008-08-06,0,3.796346294396905e-06,1.0
0000882291,AEMD,2008-08-07,0,3.796346294396905e-06,1.0
0000882291,AEMD,2008-08-08,0,3.796346294396905e-06,1.0
0000882291,AEMD,2008-08-11,0,8.938711543721597e-06,1.0
0000882291,AEMD,2008-08-12,0,1.278047766403157e-08,1.0
0000882291,AEMD,2008-08-13,0,1.278047766403157e-08,1.0
0000882291,AEMD,2008-08-14,0,6.816359405139697e-09,1.0
0000882291,AEMD,2008-08-15,0,6.816359405139697e-09,1.0
0000882291,AEMD,2008-08-18,0,6.816359405139697e-09,1.0
0000882291,AEMD,2008-08-19,0,6.816359405139697e-09,1.0
0000882291,AEMD,2008-08-20,0,6.816359405139697e-09,1.0
0000882291,AEMD,2008-08-21,0,6.816359405139697e-09,1.0
0000882291,AEMD,2008-08-22,0,6.816359405139697e-09,1.0
0000882291,AEMD,2008-08-25,0,6.816359405139697e-09,1.0
0000882291,AEMD,2008-08-26,0,6.816359405139697e-09,1.0
0000882291,AEMD,2008-08-27,0,6.816359405139697e-09,1.0
0000882291,AEMD,2008-08-28,0,6.816359405139697e-09,1.0
0000882291,AEMD,2008-08-29,0,6.816359405139697e-09,1.0
0000882291,AEMD,2008-09-01,0,6.816359405139697e-09,1.0
0000882291,AEMD,2008-09-02,0,6.816359405139697e-09,1.0
0000882291,AEMD,2008-09-03,0,6.816359405139697e-09,1.0
0000882291,AEMD,2008-09-04,0,6.816359405139697e-09,1.0
0000882291,AEMD,2008-09-05,0,6.816359405139697e-09,1.0
0000882291,AEMD,2008-09-08,0,6.816359405139697e-09,1.0
0000882291,AEMD,2008-09-09,0,6.816359405139697e-09,1.0
0000882291,AEMD,2008-09-10,0,6.816359405139697e-09,1.0
0000882291,AEMD,2008-09-11,0,5.7749131940952656e-09,1.0
0000882291,AEMD,2008-09-12,0,5.7749131940952656e-09,1.0
0000882291,AEMD,2008-09-15,0,2.8131806644008673e-09,1.0
0000882291,AEMD,2008-09-16,0,2.8131806644008673e-09,1.0
0000882291,AEMD,2008-09-17,0,2.8131806644008673e-09,1.0
0000882291,AEMD,2008-09-18,0,2.8131806644008673e-09,1.0
0000882291,AEMD,2008-09-19,0,2.8131806644008673e-09,1.0
0000882291,AEMD,2008-09-22,0,2.8131806644008673e-09,1.0
0000882291,AEMD,2008-09-23,0,2.8131806644008673e-09,1.0
0000882291,AEMD,2008-09-24,0,2.8131806644008673e-09,1.0
0000882291,AEMD,2008-09-25,0,2.8131806644008673e-09,1.0
0000882291,AEMD,2008-09-26,0,2.8131806644008673e-09,1.0
0000882291,AEMD,2008-09-29,0,2.3239394652254972e-10,1.0
0000882291,AEMD,2008-09-30,0,2.3239394652254972e-10,1.0
0000882291,AEMD,2008-10-01,0,2.3239394652254972e-10,1.0
0000882291,AEMD,2008-10-02,0,2.3239394652254972e-10,1.0
0000882291,AEMD,2008-10-03,0,2.3239394652254972e-10,1.0
0000882291,AEMD,2008-10-06,0,2.3239394652254972e-10,1.0
0000882291,AEMD,2008-10-07,0,2.3239394652254972e-10,1.0
0000882291,AEMD,2008-10-08,0,2.3239394652254972e-10,1.0
0000882291,AEMD,2008-10-09,0,2.3239394652254972e-10,1.0
0000882291,AEMD,2008-10-10,0,2.3239394652254972e-10,1.0
0000882291,AEMD,2008-10-13,0,2.3239394652254972e-10,1.0
0000882291,AEMD,2008-10-14,0,2.3239394652254972e-10,1.0
0000882291,AEMD,2008-10-15,0,2.3239394652254972e-10,1.0
0000882291,AEMD,2008-10-16,0,2.3239394652254972e-10,1.0
0000882291,AEMD,2008-10-17,0,2.3239394652254972e-10,1.0
0000882291,AEMD,2008-10-20,0,2.3239394652254972e-10,1.0
0000882291,AEMD,2008-10-21,0,2.3239394652254972e-10,1.0
0000882291,AEMD,2008-10-22,0,2.3239394652254972e-10,1.0
0000882291,AEMD,2008-10-23,0,2.3239394652254972e-10,1.0
0000882291,AEMD,2008-10-24,0,2.3239394652254972e-10,1.0
0000882291,AEMD,2008-10-27,0,2.3239394652254972e-10,1.0
0000882291,AEMD,2008-10-28,0,2.3239394652254972e-10,1.0
0000882291,AEMD,2008-10-29,0,1.8040604781709848e-11,1.0
0000882291,AEMD,2008-10-30,0,1.8040604781709848e-11,1.0
0000882291,AEMD,2008-10-31,0,1.8040604781709848e-11,1.0
0000882291,AEMD,2008-11-03,0,1.8040604781709848e-11,1.0
0000882291,AEMD,2008-11-04,0,1.8040604781709848e-11,1.0
0000882291,AEMD,2008-11-05,0,1.8040604781709848e-11,1.0
0000882291,AEMD,2008-11-06,0,1.8040604781709848e-11,1.0
0000882291,AEMD,2008-11-07,0,1.8040604781709848e-11,1.0
0000882291,AEMD,2008-11-10,0,1.980105601707073e-11,1.0
0000882291,AEMD,2008-11-11,0,1.980105601707073e-11,1.0
0000882291,AEMD,2008-11-12,0,5.062423340884814e-11,1.0
0000882291,AEMD,2008-11-13,0,5.062423340884814e-11,1.0
0000882291,AEMD,2008-11-14,0,5.062423340884814e-11,1.0
0000882291,AEMD,2008-11-17,0,5.062423340884814e-11,1.0
0000882291,AEMD,2008-11-18,0,5.062423340884814e-11,1.0
0000882291,AEMD,2008-11-19,0,4.06108297414411e-11,1.0
0000882291,AEMD,2008-11-20,0,4.06108297414411e-11,1.0
0000882291,AEMD,2008-11-21,0,4.06108297414411e-11,1.0
0000882291,AEMD,2008-11-24,0,4.06108297414411e-11,1.0
0000882291,AEMD,2008-11-25,0,4.06108297414411e-11,1.0
0000882291,AEMD,2008-11-26,0,4.06108297414411e-11,1.0
0000882291,AEMD,2008-11-27,0,4.06108297414411e-11,1.0
0000882291,AEMD,2008-11-28,0,4.06108297414411e-11,1.0
0000882291,AEMD,2008-12-01,0,4.06108297414411e-11,1.0
0000882291,AEMD,2008-12-02,0,4.06108297414411e-11,1.0
0000882291,AEMD,2008-12-03,0,4.06108297414411e-11,1.0
0000882291,AEMD,2008-12-04,0,4.06108297414411e-11,1.0
0000882291,AEMD,2008-12-05,0,4.06108297414411e-11,1.0
0000882291,AEMD,2008-12-08,0,4.06108297414411e-11,1.0
0000882291,AEMD,2008-12-09,0,4.06108297414411e-11,1.0
0000882291,AEMD,2008-12-10,0,4.06108297414411e-11,1.0
0000882291,AEMD,2008-12-11,0,4.06108297414411e-11,1.0
0000882291,AEMD,2008-12-12,0,4.06108297414411e-11,1.0
0000882291,AEMD,2008-12-15,0,4.06108297414411e-11,1.0
0000882291,AEMD,2008-12-16,0,4.06108297414411e-11,1.0
0000882291,AEMD,2008-12-17,0,4.06108297414411e-11,1.0
0000882291,AEMD,2008-12-18,0,4.06108297414411e-11,1.0
0000882291,AEMD,2008-12-19,0,2.170319413911256e-11,1.0
0000882291,AEMD,2008-12-22,0,2.170319413911256e-11,1.0
0000882291,AEMD,2008-12-23,0,2.170319413911256e-11,1.0
0000882291,AEMD,2008-12-24,0,2.170319413911256e-11,1.0
0000882291,AEMD,2008-12-25,0,2.170319413911256e-11,1.0
0000882291,AEMD,2008-12-26,0,2.170319413911256e-11,1.0
0000882291,AEMD,2008-12-29,0,5.162329683150207e-08,1.0
0000882291,AEMD,2008-12-30,0,5.162329683150207e-08,1.0
0000882291,AEMD,2008-12-31,0,5.162329683150207e-08,1.0
0000882291,AEMD,2009-01-01,0,5.162329683150207e-08,1.0
0000882291,AEMD,2009-01-02,0,1.1789581460227583e-09,1.0
0000882291,AEMD,2009-01-05,0,1.1789581460227583e-09,1.0
0000882291,AEMD,2009-01-06,0,1.1789581460227583e-09,1.0
0000882291,AEMD,2009-01-07,0,1.1789581460227583e-09,1.0
0000882291,AEMD,2009-01-08,0,1.1789581460227583e-09,1.0
0000882291,AEMD,2009-01-09,0,1.1789581460227583e-09,1.0
0000882291,AEMD,2009-01-12,0,1.1789581460227583e-09,1.0
0000882291,AEMD,2009-01-13,0,1.1789581460227583e-09,1.0
0000882291,AEMD,2009-01-14,0,1.1789581460227583e-09,1.0
0000882291,AEMD,2009-01-15,0,1.1789581460227583e-09,1.0
0000882291,AEMD,2009-01-16,0,1.1789581460227583e-09,1.0
0000882291,AEMD,2009-01-19,0,1.1789581460227583e-09,1.0
0000882291,AEMD,2009-01-20,0,1.318735690317884e-09,1.0
0000882291,AEMD,2009-01-21,0,1.318735690317884e-09,1.0
0000882291,AEMD,2009-01-22,0,1.318735690317884e-09,1.0
0000882291,AEMD,2009-01-23,0,1.318735690317884e-09,1.0
0000882291,AEMD,2009-01-26,0,1.318735690317884e-09,1.0
0000882291,AEMD,2009-01-27,0,1.318735690317884e-09,1.0
0000882291,AEMD,2009-01-28,0,1.318735690317884e-09,1.0
0000882291,AEMD,2009-01-29,0,1.318735690317884e-09,1.0
0000882291,AEMD,2009-01-30,0,1.318735690317884e-09,1.0
0000882291,AEMD,2009-02-02,0,1.4148734178450372e-09,1.0
0000882291,AEMD,2009-02-03,0,1.4148734178450372e-09,1.0
0000882291,AEMD,2009-02-04,0,1.4148734178450372e-09,1.0
0000882291,AEMD,2009-02-05,0,1.4148734178450372e-09,1.0
0000882291,AEMD,2009-02-06,0,1.4148734178450372e-09,1.0
0000882291,AEMD,2009-02-09,0,1.4409464435593809e-09,1.0
0000882291,AEMD,2009-02-10,0,1.6428456150933345e-09,1.0
0000882291,AEMD,2009-02-11,0,1.6428456150933345e-09,1.0
0000882291,AEMD,2009-02-12,0,1.6428456150933345e-09,1.0
0000882291,AEMD,2009-02-13,0,1.6428456150933345e-09,1.0
0000882291,AEMD,2009-02-16,0,1.6428456150933345e-09,1.0
0000882291,AEMD,2009-02-17,0,1.9801108829479765e-09,1.0
0000882291,AEMD,2009-02-18,0,1.9801108829479765e-09,1.0
0000882291,AEMD,2009-02-19,0,1.6603992579759879e-09,1.0
0000882291,AEMD,2009-02-20,0,1.6603992579759879e-09,1.0
0000882291,AEMD,2009-02-23,0,1.6603992579759879e-09,1.0
0000882291,AEMD,2009-02-24,0,1.6603992579759879e-09,1.0
0000882291,AEMD,2009-02-25,0,1.6603992579759879e-09,1.0
0000882291,AEMD,2009-02-26,0,1.6603992579759879e-09,1.0
0000882291,AEMD,2009-02-27,0,1.6603992579759879e-09,1.0
0000882291,AEMD,2009-03-02,0,1.6603992579759879e-09,1.0
0000882291,AEMD,2009-03-03,0,1.6603992579759879e-09,1.0
0000882291,AEMD,2009-03-04,0,1.6603992579759879e-09,1.0
0000882291,AEMD,2009-03-05,0,1.6603992579759879e-09,1.0
0000882291,AEMD,2009-03-06,0,1.6603992579759879e-09,1.0
0000882291,AEMD,2009-03-09,0,1.6603992579759879e-09,1.0
0000882291,AEMD,2009-03-10,0,1.6603992579759879e-09,1.0
0000882291,AEMD,2009-03-11,0,1.6603992579759879e-09,1.0
0000882291,AEMD,2009-03-12,0,1.6603992579759879e-09,1.0
0000882291,AEMD,2009-03-13,0,1.6603992579759879e-09,1.0
0000882291,AEMD,2009-03-16,0,1.6603992579759879e-09,1.0
0000882291,AEMD,2009-03-17,0,1.6603992579759879e-09,1.0
0000882291,AEMD,2009-03-18,0,1.6603992579759879e-09,1.0
0000882291,AEMD,2009-03-19,0,1.6603992579759879e-09,1.0
0000882291,AEMD,2009-03-20,0,8.515584986650176e-10,1.0
0000882291,AEMD,2009-03-23,0,8.515584986650176e-10,1.0
0000882291,AEMD,2009-03-24,0,8.515584986650176e-10,1.0
0000882291,AEMD,2009-03-25,0,8.515584986650176e-10,1.0
0000882291,AEMD,2009-03-26,0,8.515584986650176e-10,1.0
0000882291,AEMD,2009-03-27,0,8.515584986650176e-10,1.0
0000882291,AEMD,2009-03-30,0,2.8487274851109053e-09,1.0
0000882291,AEMD,2009-03-31,0,2.8487274851109053e-09,1.0
0000882291,AEMD,2009-04-01,0,2.8487274851109053e-09,1.0
0000882291,AEMD,2009-04-02,0,2.8487274851109053e-09,1.0
0000882291,AEMD,2009-04-03,0,2.92850564245025e-09,1.0
0000882291,AEMD,2009-04-06,0,2.92850564245025e-09,1.0
0000882291,AEMD,2009-04-07,0,2.92850564245025e-09,1.0
0000882291,AEMD,2009-04-08,0,2.92850564245025e-09,1.0
0000882291,AEMD,2009-04-09,0,2.92850564245025e-09,1.0
0000882291,AEMD,2009-04-10,0,2.92850564245025e-09,1.0
0000882291,AEMD,2009-04-13,0,2.92850564245025e-09,1.0
0000882291,AEMD,2009-04-14,0,2.92850564245025e-09,1.0
0000882291,AEMD,2009-04-15,0,2.92850564245025e-09,1.0
0000882291,AEMD,2009-04-16,0,2.92850564245025e-09,1.0
0000882291,AEMD,2009-04-17,0,2.92850564245025e-09,1.0
0000882291,AEMD,2009-04-20,0,2.92850564245025e-09,1.0
0000882291,AEMD,2009-04-21,0,1.58848426080302e-07,1.0
0000882291,AEMD,2009-04-22,0,1.58848426080302e-07,1.0
0000882291,AEMD,2009-04-23,0,1.58848426080302e-07,1.0
0000882291,AEMD,2009-04-24,0,1.58848426080302e-07,1.0
0000882291,AEMD,2009-04-27,0,1.58848426080302e-07,1.0
0000882291,AEMD,2009-04-28,0,1.58848426080302e-07,1.0
0000882291,AEMD,2009-04-29,0,1.58848426080302e-07,1.0
0000882291,AEMD,2009-04-30,0,1.58848426080302e-07,1.0
0000882291,AEMD,2009-05-01,0,1.58848426080302e-07,1.0
0000882291,AEMD,2009-05-04,0,1.58848426080302e-07,1.0
0000882291,AEMD,2009-05-05,0,1.58848426080302e-07,1.0
0000882291,AEMD,2009-05-06,0,1.58848426080302e-07,1.0
0000882291,AEMD,2009-05-07,0,1.58848426080302e-07,1.0
0000882291,AEMD,2009-05-08,0,1.58848426080302e-07,1.0
0000882291,AEMD,2009-05-11,0,1.58848426080302e-07,1.0
0000882291,AEMD,2009-05-12,0,1.58848426080302e-07,1.0
0000882291,AEMD,2009-05-13,0,1.58848426080302e-07,1.0
0000882291,AEMD,2009-05-14,0,1.58848426080302e-07,1.0
0000882291,AEMD,2009-05-15,0,1.58848426080302e-07,1.0
0000882291,AEMD,2009-05-18,0,1.58848426080302e-07,1.0
0000882291,AEMD,2009-05-19,0,8.142415119816186e-06,1.0
0000882291,AEMD,2009-05-20,0,8.142415119816186e-06,1.0
0000882291,AEMD,2009-05-21,0,8.142415119816186e-06,1.0
0000882291,AEMD,2009-05-22,0,8.142415119816186e-06,1.0
0000882291,AEMD,2009-05-25,0,8.142415119816186e-06,1.0
0000882291,AEMD,2009-05-26,0,8.142415119816186e-06,1.0
0000882291,AEMD,2009-05-27,0,8.142415119816186e-06,1.0
0000882291,AEMD,2009-05-28,0,8.142415119816186e-06,1.0
0000882291,AEMD,2009-05-29,0,8.142415119816186e-06,1.0
0000882291,AEMD,2009-06-01,0,8.142415119816186e-06,1.0
0000882291,AEMD,2009-06-02,0,8.142415119816186e-06,1.0
0000882291,AEMD,2009-06-03,0,8.142415119816186e-06,1.0
0000882291,AEMD,2009-06-04,0,8.142415119816186e-06,1.0
0000882291,AEMD,2009-06-05,0,8.142415119816186e-06,1.0
0000882291,AEMD,2009-06-08,0,8.142415119816186e-06,1.0
0000882291,AEMD,2009-06-09,0,8.142415119816186e-06,1.0
0000882291,AEMD,2009-06-10,0,8.142415119816186e-06,1.0
0000882291,AEMD,2009-06-11,0,8.142415119816186e-06,1.0
0000882291,AEMD,2009-06-12,0,8.142415119816186e-06,1.0
0000882291,AEMD,2009-06-15,0,8.142415119816186e-06,1.0
0000882291,AEMD,2009-06-16,0,8.142415119816186e-06,1.0
0000882291,AEMD,2009-06-17,0,8.142415119816186e-06,1.0
0000882291,AEMD,2009-06-18,0,8.142415119816186e-06,1.0
0000882291,AEMD,2009-06-19,0,8.142415119816186e-06,1.0
0000882291,AEMD,2009-06-22,0,8.142415119816186e-06,1.0
0000882291,AEMD,2009-06-23,0,8.142415119816186e-06,1.0
0000882291,AEMD,2009-06-24,0,8.142415119816186e-06,1.0
0000882291,AEMD,2009-06-25,0,8.142415119816186e-06,1.0
0000882291,AEMD,2009-06-26,0,8.142415119816186e-06,1.0
0000882291,AEMD,2009-06-29,0,8.142415119816186e-06,1.0
0000882291,AEMD,2009-06-30,0,8.142415119816186e-06,1.0
0000882291,AEMD,2009-07-01,0,8.142415119816186e-06,1.0
0000882291,AEMD,2009-07-02,0,4.725639208155863e-08,1.0
0000882291,AEMD,2009-07-03,0,4.725639208155863e-08,1.0
0000882291,AEMD,2009-07-06,0,4.725639208155863e-08,1.0
0000882291,AEMD,2009-07-07,0,4.725639208155863e-08,1.0
0000882291,AEMD,2009-07-08,0,4.725639208155863e-08,1.0
0000882291,AEMD,2009-07-09,0,4.725639208155863e-08,1.0
0000882291,AEMD,2009-07-10,0,4.725639208155863e-08,1.0
0000882291,AEMD,2009-07-13,0,4.725639208155863e-08,1.0
0000882291,AEMD,2009-07-14,0,4.725639208155863e-08,1.0
0000882291,AEMD,2009-07-15,0,4.725639208155863e-08,1.0
0000882291,AEMD,2009-07-16,0,4.725639208155863e-08,1.0
0000882291,AEMD,2009-07-17,0,4.725639208155863e-08,1.0
0000882291,AEMD,2009-07-20,0,4.82742134336093e-08,1.0
0000882291,AEMD,2009-07-21,0,4.82742134336093e-08,1.0
0000882291,AEMD,2009-07-22,0,4.82742134336093e-08,1.0
0000882291,AEMD,2009-07-23,0,4.82742134336093e-08,1.0
0000882291,AEMD,2009-07-24,0,4.82742134336093e-08,1.0
0000882291,AEMD,2009-07-27,0,7.965447958116246e-08,1.0
0000882291,AEMD,2009-07-28,0,7.965447958116246e-08,1.0
0000882291,AEMD,2009-07-29,0,7.965447958116246e-08,1.0
0000882291,AEMD,2009-07-30,0,7.965447958116246e-08,1.0
0000882291,AEMD,2009-07-31,0,7.965447958116246e-08,1.0
0000882291,AEMD,2009-08-03,0,7.527036963454212e-08,1.0
0000882291,AEMD,2009-08-04,0,4.430681974288977e-09,1.0
0000882291,AEMD,2009-08-05,0,4.430681974288977e-09,1.0
0000882291,AEMD,2009-08-06,0,4.430681974288977e-09,1.0
0000882291,AEMD,2009-08-07,0,4.430681974288977e-09,1.0
0000882291,AEMD,2009-08-10,0,4.430681974288977e-09,1.0
0000882291,AEMD,2009-08-11,0,4.430681974288977e-09,1.0
0000882291,AEMD,2009-08-12,0,4.430681974288977e-09,1.0
0000882291,AEMD,2009-08-13,0,4.430681974288977e-09,1.0
0000882291,AEMD,2009-08-14,0,2.9866238549321134e-09,1.0
0000882291,AEMD,2009-08-17,0,3.3535707751535093e-09,1.0
0000882291,AEMD,2009-08-18,0,3.3535707751535093e-09,1.0
0000882291,AEMD,2009-08-19,0,3.3535707751535093e-09,1.0
0000882291,AEMD,2009-08-20,0,3.3535707751535093e-09,1.0
0000882291,AEMD,2009-08-21,0,3.3535707751535093e-09,1.0
0000882291,AEMD,2009-08-24,0,3.3535707751535093e-09,1.0
0000882291,AEMD,2009-08-25,0,3.3535707751535093e-09,1.0
0000882291,AEMD,2009-08-26,0,2.9666117893941294e-09,1.0
0000882291,AEMD,2009-08-27,0,2.9666117893941294e-09,1.0
0000882291,AEMD,2009-08-28,0,2.9666117893941294e-09,1.0
0000882291,AEMD,2009-08-31,0,2.9666117893941294e-09,1.0
0000882291,AEMD,2009-09-01,0,2.9666117893941294e-09,1.0
0000882291,AEMD,2009-09-02,0,2.9666117893941294e-09,1.0
0000882291,AEMD,2009-09-03,0,3.478006094449733e-07,1.0
0000882291,AEMD,2009-09-04,0,3.478006094449733e-07,1.0
0000882291,AEMD,2009-09-07,0,3.478006094449733e-07,1.0
0000882291,AEMD,2009-09-08,0,3.478006094449733e-07,1.0
0000882291,AEMD,2009-09-09,0,3.478006094449733e-07,1.0
0000882291,AEMD,2009-09-10,0,3.478006094449733e-07,1.0
0000882291,AEMD,2009-09-11,0,3.478006094449733e-07,1.0
0000882291,AEMD,2009-09-14,0,9.255807870018912e-08,1.0
0000882291,AEMD,2009-09-15,0,9.255807870018912e-08,1.0
0000882291,AEMD,2009-09-16,0,9.255807870018912e-08,1.0
0000882291,AEMD,2009-09-17,0,9.255807870018912e-08,1.0
0000882291,AEMD,2009-09-18,0,9.255807870018912e-08,1.0
0000882291,AEMD,2009-09-21,0,9.255807870018912e-08,1.0
0000882291,AEMD,2009-09-22,0,9.255807870018912e-08,1.0
0000882291,AEMD,2009-09-23,0,9.255807870018912e-08,1.0
0000882291,AEMD,2009-09-24,0,9.255807870018912e-08,1.0
0000882291,AEMD,2009-09-25,0,5.9465862219731e-08,1.0
0000882291,AEMD,2009-09-28,0,5.9465862219731e-08,1.0
0000882291,AEMD,2009-09-29,0,5.9465862219731e-08,1.0
0000882291,AEMD,2009-09-30,0,5.63310388330766e-07,1.0
0000882291,AEMD,2009-10-01,0,2.423824556962332e-07,1.0
0000882291,AEMD,2009-10-02,0,2.423824556962332e-07,1.0
0000882291,AEMD,2009-10-05,0,2.423824556962332e-07,1.0
0000882291,AEMD,2009-10-06,0,2.423824556962332e-07,1.0
0000882291,AEMD,2009-10-07,0,2.423824556962332e-07,1.0
0000882291,AEMD,2009-10-08,0,2.423824556962332e-07,1.0
0000882291,AEMD,2009-10-09,0,2.423824556962332e-07,1.0
0000882291,AEMD,2009-10-12,0,2.423824556962332e-07,1.0
0000882291,AEMD,2009-10-13,0,2.423824556962332e-07,1.0
0000882291,AEMD,2009-10-14,0,2.423824556962332e-07,1.0
0000882291,AEMD,2009-10-15,0,2.423824556962332e-07,1.0
0000882291,AEMD,2009-10-16,0,2.423824556962332e-07,1.0
0000882291,AEMD,2009-10-19,0,2.423824556962332e-07,1.0
0000882291,AEMD,2009-10-20,0,2.423824556962332e-07,1.0
0000882291,AEMD,2009-10-21,0,2.423824556962332e-07,1.0
0000882291,AEMD,2009-10-22,0,2.423824556962332e-07,1.0
0000882291,AEMD,2009-10-23,0,2.423824556962332e-07,1.0
0000882291,AEMD,2009-10-26,0,1.6239289584701318e-07,1.0
0000882291,AEMD,2009-10-27,0,1.6239289584701318e-07,1.0
0000882291,AEMD,2009-10-28,0,1.6239289584701318e-07,1.0
0000882291,AEMD,2009-10-29,0,1.6239289584701318e-07,1.0
0000882291,AEMD,2009-10-30,0,1.6239289584701318e-07,1.0
0000882291,AEMD,2009-11-02,0,6.548572284244385e-06,1.0
0000882291,AEMD,2009-11-03,0,6.548572284244385e-06,1.0
0000882291,AEMD,2009-11-04,0,6.548572284244385e-06,1.0
0000882291,AEMD,2009-11-05,0,6.548572284244385e-06,1.0
0000882291,AEMD,2009-11-06,0,6.548572284244385e-06,1.0
0000882291,AEMD,2009-11-09,0,6.548572284244385e-06,1.0
0000882291,AEMD,2009-11-10,0,6.548572284244385e-06,1.0
0000882291,AEMD,2009-11-11,0,6.548572284244385e-06,1.0
0000882291,AEMD,2009-11-12,0,6.2815406080984115e-06,1.0
0000882291,AEMD,2009-11-13,0,6.2815406080984115e-06,1.0
0000882291,AEMD,2009-11-16,0,6.2815406080984115e-06,1.0
0000882291,AEMD,2009-11-17,0,2.7376057514372825e-05,1.0
0000882291,AEMD,2009-11-18,0,2.7376057514372825e-05,1.0
0000882291,AEMD,2009-11-19,0,2.7376057514372825e-05,1.0
0000882291,AEMD,2009-11-20,0,2.7376057514372825e-05,1.0
0000882291,AEMD,2009-11-23,0,2.7376057514372825e-05,1.0
0000882291,AEMD,2009-11-24,0,3.0047407324613948e-05,1.0
0000882291,AEMD,2009-11-25,0,3.0047407324613948e-05,1.0
0000882291,AEMD,2009-11-26,0,3.0047407324613948e-05,1.0
0000882291,AEMD,2009-11-27,0,3.0047407324613948e-05,1.0
0000882291,AEMD,2009-11-30,0,3.0047407324613948e-05,1.0
0000882291,AEMD,2009-12-01,0,3.0047407324613948e-05,1.0
0000882291,AEMD,2009-12-02,0,3.0047407324613948e-05,1.0
0000882291,AEMD,2009-12-03,0,3.0047407324613948e-05,1.0
0000882291,AEMD,2009-12-04,0,3.0047407324613948e-05,1.0
0000882291,AEMD,2009-12-07,0,3.0047407324613948e-05,1.0
0000882291,AEMD,2009-12-08,0,3.0047407324613948e-05,1.0
0000882291,AEMD,2009-12-09,0,3.0047407324613948e-05,1.0
0000882291,AEMD,2009-12-10,0,3.0047407324613948e-05,1.0
0000882291,AEMD,2009-12-11,0,3.0047407324613948e-05,1.0
0000882291,AEMD,2009-12-14,0,3.0047407324613948e-05,1.0
0000882291,AEMD,2009-12-15,0,3.0047407324613948e-05,1.0
0000882291,AEMD,2009-12-16,0,3.0047407324613948e-05,1.0
0000882291,AEMD,2009-12-17,0,6.162460154242433e-06,1.0
0000882291,AEMD,2009-12-18,0,6.162460154242433e-06,1.0
0000882291,AEMD,2009-12-21,0,6.162460154242433e-06,1.0
0000882291,AEMD,2009-12-22,0,6.162460154242433e-06,1.0
0000882291,AEMD,2009-12-23,0,6.162460154242433e-06,1.0
0000882291,AEMD,2009-12-24,0,6.162460154242433e-06,1.0
0000882291,AEMD,2009-12-25,0,6.162460154242433e-06,1.0
0000882291,AEMD,2009-12-28,0,6.162460154242433e-06,1.0
0000882291,AEMD,2009-12-29,0,8.96662666761716e-06,1.0
0000882291,AEMD,2009-12-30,0,8.96662666761716e-06,1.0
0000882291,AEMD,2009-12-31,0,8.96662666761716e-06,1.0
0000882291,AEMD,2010-01-01,0,8.96662666761716e-06,1.0
0000882291,AEMD,2010-01-04,0,8.96662666761716e-06,1.0
0000882291,AEMD,2010-01-05,0,8.96662666761716e-06,1.0
0000882291,AEMD,2010-01-06,0,8.96662666761716e-06,1.0
0000882291,AEMD,2010-01-07,0,8.96662666761716e-06,1.0
0000882291,AEMD,2010-01-08,0,8.96662666761716e-06,1.0
0000882291,AEMD,2010-01-11,0,8.96662666761716e-06,1.0
0000882291,AEMD,2010-01-12,0,8.96662666761716e-06,1.0
0000882291,AEMD,2010-01-13,0,8.96662666761716e-06,1.0
0000882291,AEMD,2010-01-14,0,8.96662666761716e-06,1.0
0000882291,AEMD,2010-01-15,0,8.96662666761716e-06,1.0
0000882291,AEMD,2010-01-18,0,8.96662666761716e-06,1.0
0000882291,AEMD,2010-01-19,0,8.96662666761716e-06,1.0
0000882291,AEMD,2010-01-20,0,8.96662666761716e-06,1.0
0000882291,AEMD,2010-01-21,0,8.96662666761716e-06,1.0
0000882291,AEMD,2010-01-22,0,8.96662666761716e-06,1.0
0000882291,AEMD,2010-01-25,0,7.989025844148447e-06,1.0
0000882291,AEMD,2010-01-26,0,7.989025844148447e-06,1.0
0000882291,AEMD,2010-01-27,0,7.989025844148447e-06,1.0
0000882291,AEMD,2010-01-28,0,7.989025844148447e-06,1.0
0000882291,AEMD,2010-01-29,0,7.989025844148447e-06,1.0
0000882291,AEMD,2010-02-01,0,4.7322152615561336e-08,1.0
0000882291,AEMD,2010-02-02,0,4.7322152615561336e-08,1.0
0000882291,AEMD,2010-02-03,0,4.7322152615561336e-08,1.0
0000882291,AEMD,2010-02-04,0,4.7322152615561336e-08,1.0
0000882291,AEMD,2010-02-05,0,4.7322152615561336e-08,1.0
0000882291,AEMD,2010-02-08,0,4.7322152615561336e-08,1.0
0000882291,AEMD,2010-02-09,0,4.7322152615561336e-08,1.0
0000882291,AEMD,2010-02-10,0,5.103497154251869e-08,1.0
0000882291,AEMD,2010-02-11,0,5.103497154251869e-08,1.0
0000882291,AEMD,2010-02-12,0,5.103497154251869e-08,1.0
0000882291,AEMD,2010-02-15,0,5.071855239034935e-05,1.0
0000882291,AEMD,2010-02-16,0,5.071855239034935e-05,1.0
0000882291,AEMD,2010-02-17,0,2.909128265337419e-07,1.0
0000882291,AEMD,2010-02-18,0,2.909128265337419e-07,1.0
0000882291,AEMD,2010-02-19,0,2.909128265337419e-07,1.0
0000882291,AEMD,2010-02-22,0,2.9627371272672617e-07,1.0
0000882291,AEMD,2010-02-23,0,2.9627371272672617e-07,1.0
0000882291,AEMD,2010-02-24,0,2.9627371272672617e-07,1.0
0000882291,AEMD,2010-02-25,0,2.9627371272672617e-07,1.0
0000882291,AEMD,2010-02-26,0,2.9627371272672617e-07,1.0
0000882291,AEMD,2010-03-01,0,2.9627371272672617e-07,1.0
0000882291,AEMD,2010-03-02,0,2.9627371272672617e-07,1.0
0000882291,AEMD,2010-03-03,0,2.9627371272672617e-07,1.0
0000882291,AEMD,2010-03-04,0,2.9627371272672617e-07,1.0
0000882291,AEMD,2010-03-05,0,2.9627371272672617e-07,1.0
0000882291,AEMD,2010-03-08,0,2.9627371272672617e-07,1.0
0000882291,AEMD,2010-03-09,0,2.9627371272672617e-07,1.0
0000882291,AEMD,2010-03-10,0,2.9627371272672617e-07,1.0
0000882291,AEMD,2010-03-11,0,2.9627371272672617e-07,1.0
0000882291,AEMD,2010-03-12,0,2.9627371272672617e-07,1.0
0000882291,AEMD,2010-03-15,0,2.9627371272672617e-07,1.0
0000882291,AEMD,2010-03-16,0,2.9627371272672617e-07,1.0
0000882291,AEMD,2010-03-17,0,2.9627371272672617e-07,1.0
0000882291,AEMD,2010-03-18,0,2.9627371272672617e-07,1.0
0000882291,AEMD,2010-03-19,0,2.9627371272672617e-07,1.0
0000882291,AEMD,2010-03-22,0,4.0527625692396495e-08,1.0
0000882291,AEMD,2010-03-23,0,4.0527625692396495e-08,1.0
0000882291,AEMD,2010-03-24,0,4.0527625692396495e-08,1.0
0000882291,AEMD,2010-03-25,0,4.0527625692396495e-08,1.0
0000882291,AEMD,2010-03-26,0,4.0527625692396495e-08,1.0
0000882291,AEMD,2010-03-29,0,4.0527625692396495e-08,1.0
0000882291,AEMD,2010-03-30,0,4.0527625692396495e-08,1.0
0000882291,AEMD,2010-03-31,0,4.0527625692396495e-08,1.0
0000882291,AEMD,2010-04-01,0,4.0527625692396495e-08,1.0
0000882291,AEMD,2010-04-02,0,4.0527625692396495e-08,1.0
0000882291,AEMD,2010-04-05,0,4.0527625692396495e-08,1.0
0000882291,AEMD,2010-04-06,0,4.0527625692396495e-08,1.0
0000882291,AEMD,2010-04-07,0,4.0527625692396495e-08,1.0
0000882291,AEMD,2010-04-08,0,4.0527625692396495e-08,1.0
0000882291,AEMD,2010-04-09,0,4.0527625692396495e-08,1.0
0000882291,AEMD,2010-04-12,0,4.0527625692396495e-08,1.0
0000882291,AEMD,2010-04-13,0,4.0527625692396495e-08,1.0
0000882291,AEMD,2010-04-14,0,4.0527625692396495e-08,1.0
0000882291,AEMD,2010-04-15,0,4.0527625692396495e-08,1.0
0000882291,AEMD,2010-04-16,0,4.0527625692396495e-08,1.0
0000882291,AEMD,2010-04-19,0,4.0527625692396495e-08,1.0
0000882291,AEMD,2010-04-20,0,4.0527625692396495e-08,1.0
0000882291,AEMD,2010-04-21,0,4.0527625692396495e-08,1.0
0000882291,AEMD,2010-04-22,0,4.0527625692396495e-08,1.0
0000882291,AEMD,2010-04-23,0,4.0527625692396495e-08,1.0
0000882291,AEMD,2010-04-26,0,4.0527625692396495e-08,1.0
0000882291,AEMD,2010-04-27,0,4.0527625692396495e-08,1.0
0000882291,AEMD,2010-04-28,0,4.0527625692396495e-08,1.0
0000882291,AEMD,2010-04-29,0,4.0527625692396495e-08,1.0
0000882291,AEMD,2010-04-30,0,4.0527625692396495e-08,1.0
0000882291,AEMD,2010-05-03,0,4.0527625692396495e-08,1.0
0000882291,AEMD,2010-05-04,0,4.0527625692396495e-08,1.0
0000882291,AEMD,2010-05-05,0,4.0527625692396495e-08,1.0
0000882291,AEMD,2010-05-06,0,4.0527625692396495e-08,1.0
0000882291,AEMD,2010-05-07,0,4.0527625692396495e-08,1.0
0000882291,AEMD,2010-05-10,0,4.0527625692396495e-08,1.0
0000882291,AEMD,2010-05-11,0,4.0527625692396495e-08,1.0
0000882291,AEMD,2010-05-12,0,4.0527625692396495e-08,1.0
0000882291,AEMD,2010-05-13,0,4.0527625692396495e-08,1.0
0000882291,AEMD,2010-05-14,0,4.0527625692396495e-08,1.0
0000882291,AEMD,2010-05-17,0,4.4781781789233527e-08,1.0
0000882291,AEMD,2010-05-18,0,4.4781781789233527e-08,1.0
0000882291,AEMD,2010-05-19,0,5.1783051748741016e-05,1.0
0000882291,AEMD,2010-05-20,0,5.1783051748741016e-05,1.0
0000882291,AEMD,2010-05-21,0,5.1783051748741016e-05,1.0
0000882291,AEMD,2010-05-24,0,5.1783051748741016e-05,1.0
0000882291,AEMD,2010-05-25,0,5.1783051748741016e-05,1.0
0000882291,AEMD,2010-05-26,0,5.1783051748741016e-05,1.0
0000882291,AEMD,2010-05-27,0,5.1783051748741016e-05,1.0
0000882291,AEMD,2010-05-28,0,5.1783051748741016e-05,1.0
0000882291,AEMD,2010-05-31,0,5.1783051748741016e-05,1.0
0000882291,AEMD,2010-06-01,0,5.1783051748741016e-05,1.0
0000882291,AEMD,2010-06-02,0,5.1783051748741016e-05,1.0
0000882291,AEMD,2010-06-03,0,5.1783051748741016e-05,1.0
0000882291,AEMD,2010-06-04,0,5.1783051748741016e-05,1.0
0000882291,AEMD,2010-06-07,0,5.1783051748741016e-05,1.0
0000882291,AEMD,2010-06-08,0,5.1783051748741016e-05,1.0
0000882291,AEMD,2010-06-09,0,5.1783051748741016e-05,1.0
0000882291,AEMD,2010-06-10,0,5.1783051748741016e-05,1.0
0000882291,AEMD,2010-06-11,0,5.1783051748741016e-05,1.0
0000882291,AEMD,2010-06-14,0,5.1783051748741016e-05,1.0
0000882291,AEMD,2010-06-15,0,5.1783051748741016e-05,1.0
0000882291,AEMD,2010-06-16,0,5.1783051748741016e-05,1.0
0000882291,AEMD,2010-06-17,0,5.1783051748741016e-05,1.0
0000882291,AEMD,2010-06-18,0,5.1783051748741016e-05,1.0
0000882291,AEMD,2010-06-21,0,5.1783051748741016e-05,1.0
0000882291,AEMD,2010-06-22,0,5.1783051748741016e-05,1.0
0000882291,AEMD,2010-06-23,0,5.1783051748741016e-05,1.0
0000882291,AEMD,2010-06-24,0,5.1783051748741016e-05,1.0
0000882291,AEMD,2010-06-25,0,5.1783051748741016e-05,1.0
0000882291,AEMD,2010-06-28,0,5.1783051748741016e-05,1.0
0000882291,AEMD,2010-06-29,0,5.1783051748741016e-05,1.0
0000882291,AEMD,2010-06-30,0,5.1783051748741016e-05,1.0
0000882291,AEMD,2010-07-01,0,5.1783051748741016e-05,1.0
0000882291,AEMD,2010-07-02,0,3.9098137353269317e-07,1.0
0000882291,AEMD,2010-07-05,0,3.9098137353269317e-07,1.0
0000882291,AEMD,2010-07-06,0,3.9098137353269317e-07,1.0
0000882291,AEMD,2010-07-07,0,3.9098137353269317e-07,1.0
0000882291,AEMD,2010-07-08,0,3.9098137353269317e-07,1.0
0000882291,AEMD,2010-07-09,0,3.9098137353269317e-07,1.0
0000882291,AEMD,2010-07-12,0,3.9098137353269317e-07,1.0
0000882291,AEMD,2010-07-13,0,3.9098137353269317e-07,1.0
0000882291,AEMD,2010-07-14,0,3.9098137353269317e-07,1.0
0000882291,AEMD,2010-07-15,0,3.9098137353269317e-07,1.0
0000882291,AEMD,2010-07-16,0,3.9098137353269317e-07,1.0
0000882291,AEMD,2010-07-19,0,2.4663645080556807e-07,1.0
0000882291,AEMD,2010-07-20,0,2.4663645080556807e-07,1.0
0000882291,AEMD,2010-07-21,0,2.4663645080556807e-07,1.0
0000882291,AEMD,2010-07-22,0,2.4663645080556807e-07,1.0
0000882291,AEMD,2010-07-23,0,2.4663645080556807e-07,1.0
0000882291,AEMD,2010-07-26,0,2.4663645080556807e-07,1.0
0000882291,AEMD,2010-07-27,0,2.4663645080556807e-07,1.0
0000882291,AEMD,2010-07-28,0,2.4663645080556807e-07,1.0
0000882291,AEMD,2010-07-29,0,2.4663645080556807e-07,1.0
0000882291,AEMD,2010-07-30,0,2.4663645080556807e-07,1.0
0000882291,AEMD,2010-08-02,0,2.1262494263968174e-08,1.0
0000882291,AEMD,2010-08-03,0,2.1262494263968174e-08,1.0
0000882291,AEMD,2010-08-04,0,2.1262494263968174e-08,1.0
0000882291,AEMD,2010-08-05,0,2.1262494263968174e-08,1.0
0000882291,AEMD,2010-08-06,0,2.1262494263968174e-08,1.0
0000882291,AEMD,2010-08-09,0,2.1262494263968174e-08,1.0
0000882291,AEMD,2010-08-10,0,2.1262494263968174e-08,1.0
0000882291,AEMD,2010-08-11,0,2.1262494263968174e-08,1.0
0000882291,AEMD,2010-08-12,0,2.1262494263968174e-08,1.0
0000882291,AEMD,2010-08-13,0,2.1262494263968174e-08,1.0
0000882291,AEMD,2010-08-16,0,2.1262494263968174e-08,1.0
0000882291,AEMD,2010-08-17,0,1.0590332987843444e-08,1.0
0000882291,AEMD,2010-08-18,0,1.0233871708880715e-08,1.0
0000882291,AEMD,2010-08-19,0,1.0233871708880715e-08,1.0
0000882291,AEMD,2010-08-20,0,1.0233871708880715e-08,1.0
0000882291,AEMD,2010-08-23,0,1.0233871708880715e-08,1.0
0000882291,AEMD,2010-08-24,0,1.0233871708880715e-08,1.0
0000882291,AEMD,2010-08-25,0,1.0233871708880715e-08,1.0
0000882291,AEMD,2010-08-26,0,1.0233871708880715e-08,1.0
0000882291,AEMD,2010-08-27,0,1.0233871708880715e-08,1.0
0000882291,AEMD,2010-08-30,0,1.0233871708880715e-08,1.0
0000882291,AEMD,2010-08-31,0,1.0233871708880715e-08,1.0
0000882291,AEMD,2010-09-01,0,1.0233871708880715e-08,1.0
0000882291,AEMD,2010-09-02,0,1.0233871708880715e-08,1.0
0000882291,AEMD,2010-09-03,0,8.938345984908377e-09,1.0
0000882291,AEMD,2010-09-06,0,8.938345984908377e-09,1.0
0000882291,AEMD,2010-09-07,0,8.938345984908377e-09,1.0
0000882291,AEMD,2010-09-08,0,8.938345984908377e-09,1.0
0000882291,AEMD,2010-09-09,0,8.938345984908377e-09,1.0
0000882291,AEMD,2010-09-10,0,8.938345984908377e-09,1.0
0000882291,AEMD,2010-09-13,0,8.938345984908377e-09,1.0
0000882291,AEMD,2010-09-14,0,8.938345984908377e-09,1.0
0000882291,AEMD,2010-09-15,0,8.938345984908377e-09,1.0
0000882291,AEMD,2010-09-16,0,6.816767147351448e-09,1.0
0000882291,AEMD,2010-09-17,0,6.816767147351448e-09,1.0
0000882291,AEMD,2010-09-20,0,6.816767147351448e-09,1.0
0000882291,AEMD,2010-09-21,0,6.816767147351448e-09,1.0
0000882291,AEMD,2010-09-22,0,6.816767147351448e-09,1.0
0000882291,AEMD,2010-09-23,0,6.816767147351448e-09,1.0
0000882291,AEMD,2010-09-24,0,6.816767147351448e-09,1.0
0000882291,AEMD,2010-09-27,0,6.816767147351448e-09,1.0
0000882291,AEMD,2010-09-28,0,6.816767147351448e-09,1.0
0000882291,AEMD,2010-09-29,0,6.816767147351448e-09,1.0
0000882291,AEMD,2010-09-30,0,8.45037621199028e-09,1.0
0000882291,AEMD,2010-10-01,0,8.327743353253803e-09,1.0
0000882291,AEMD,2010-10-04,0,7.128370605108072e-09,1.0
0000882291,AEMD,2010-10-05,0,7.128370605108072e-09,1.0
0000882291,AEMD,2010-10-06,0,7.128370605108072e-09,1.0
0000882291,AEMD,2010-10-07,0,7.128370605108072e-09,1.0
0000882291,AEMD,2010-10-08,0,7.128370605108072e-09,1.0
0000882291,AEMD,2010-10-11,0,7.128370605108072e-09,1.0
0000882291,AEMD,2010-10-12,0,7.128370605108072e-09,1.0
0000882291,AEMD,2010-10-13,0,7.128370605108072e-09,1.0
0000882291,AEMD,2010-10-14,0,7.128370605108072e-09,1.0
0000882291,AEMD,2010-10-15,0,7.128370605108072e-09,1.0
0000882291,AEMD,2010-10-18,0,1.0918236335425348e-08,1.0
0000882291,AEMD,2010-10-19,0,1.0918236335425348e-08,1.0
0000882291,AEMD,2010-10-20,0,1.0918236335425348e-08,1.0
0000882291,AEMD,2010-10-21,0,1.0918236335425348e-08,1.0
0000882291,AEMD,2010-10-22,0,1.0918236335425348e-08,1.0
0000882291,AEMD,2010-10-25,0,1.0918236335425348e-08,1.0
0000882291,AEMD,2010-10-26,0,1.0918236335425348e-08,1.0
0000882291,AEMD,2010-10-27,0,1.0918236335425348e-08,1.0
0000882291,AEMD,2010-10-28,0,1.0918236335425348e-08,1.0
0000882291,AEMD,2010-10-29,0,1.0918236335425348e-08,1.0
0000882291,AEMD,2010-11-01,0,8.194886240720862e-09,1.0
0000882291,AEMD,2010-11-02,0,8.194886240720862e-09,1.0
0000882291,AEMD,2010-11-03,0,8.194886240720862e-09,1.0
0000882291,AEMD,2010-11-04,0,8.194886240720862e-09,1.0
0000882291,AEMD,2010-11-05,0,8.194886240720862e-09,1.0
0000882291,AEMD,2010-11-08,0,8.194886240720862e-09,1.0
0000882291,AEMD,2010-11-09,0,8.194886240720862e-09,1.0
0000882291,AEMD,2010-11-10,0,8.194886240720862e-09,1.0
0000882291,AEMD,2010-11-11,0,8.194886240720862e-09,1.0
0000882291,AEMD,2010-11-12,0,8.194886240720862e-09,1.0
0000882291,AEMD,2010-11-15,0,2.073773161085141e-08,1.0
0000882291,AEMD,2010-11-16,0,1.3463218500698648e-08,1.0
0000882291,AEMD,2010-11-17,0,1.3463218500698648e-08,1.0
0000882291,AEMD,2010-11-18,0,1.3463218500698648e-08,1.0
0000882291,AEMD,2010-11-19,0,1.3463218500698648e-08,1.0
0000882291,AEMD,2010-11-22,0,1.3463218500698648e-08,1.0
0000882291,AEMD,2010-11-23,0,1.3463218500698648e-08,1.0
0000882291,AEMD,2010-11-24,0,1.3463218500698648e-08,1.0
0000882291,AEMD,2010-11-25,0,1.3463218500698648e-08,1.0
0000882291,AEMD,2010-11-26,0,8.040805969577167e-09,1.0
0000882291,AEMD,2010-11-29,0,8.040805969577167e-09,1.0
0000882291,AEMD,2010-11-30,0,8.040805969577167e-09,1.0
0000882291,AEMD,2010-12-01,0,8.040805969577167e-09,1.0
0000882291,AEMD,2010-12-02,0,8.634876727385615e-09,1.0
0000882291,AEMD,2010-12-03,0,8.634876727385615e-09,1.0
0000882291,AEMD,2010-12-06,0,8.634876727385615e-09,1.0
0000882291,AEMD,2010-12-07,0,8.634876727385615e-09,1.0
0000882291,AEMD,2010-12-08,0,8.634876727385615e-09,1.0
0000882291,AEMD,2010-12-09,0,8.634876727385615e-09,1.0
0000882291,AEMD,2010-12-10,0,8.634876727385615e-09,1.0
0000882291,AEMD,2010-12-13,0,8.634876727385615e-09,1.0
0000882291,AEMD,2010-12-14,0,8.634876727385615e-09,1.0
0000882291,AEMD,2010-12-15,0,8.634876727385615e-09,1.0
0000882291,AEMD,2010-12-16,0,6.064817944248493e-09,1.0
0000882291,AEMD,2010-12-17,0,6.064817944248493e-09,1.0
0000882291,AEMD,2010-12-20,0,6.064817944248493e-09,1.0
0000882291,AEMD,2010-12-21,0,6.064817944248493e-09,1.0
0000882291,AEMD,2010-12-22,0,6.064817944248493e-09,1.0
0000882291,AEMD,2010-12-23,0,6.064817944248493e-09,1.0
0000882291,AEMD,2010-12-24,0,6.064817944248493e-09,1.0
0000882291,AEMD,2010-12-27,0,3.012466121001736e-09,1.0
0000882291,AEMD,2010-12-28,0,3.012466121001736e-09,1.0
0000882291,AEMD,2010-12-29,0,1.0229275429094479e-08,1.0
0000882291,AEMD,2010-12-30,0,1.0455036960524779e-08,1.0
0000882291,AEMD,2010-12-31,0,1.0455036960524779e-08,1.0
0000882291,AEMD,2011-01-03,0,1.0455036960524779e-08,1.0
0000882291,AEMD,2011-01-04,0,1.0455036960524779e-08,1.0
0000882291,AEMD,2011-01-05,0,1.0455036960524779e-08,1.0
0000882291,AEMD,2011-01-06,0,1.0455036960524779e-08,1.0
0000882291,AEMD,2011-01-07,0,1.0455036960524779e-08,1.0
0000882291,AEMD,2011-01-10,0,1.0455036960524779e-08,1.0
0000882291,AEMD,2011-01-11,0,1.0455036960524779e-08,1.0
0000882291,AEMD,2011-01-12,0,1.0455036960524779e-08,1.0
0000882291,AEMD,2011-01-13,0,1.0455036960524779e-08,1.0
0000882291,AEMD,2011-01-14,0,1.0455036960524779e-08,1.0
0000882291,AEMD,2011-01-17,0,1.1213841238478905e-08,1.0
0000882291,AEMD,2011-01-18,0,1.1213841238478905e-08,1.0
0000882291,AEMD,2011-01-19,0,1.1213841238478905e-08,1.0
0000882291,AEMD,2011-01-20,0,1.1213841238478905e-08,1.0
0000882291,AEMD,2011-01-21,0,1.1213841238478905e-08,1.0
0000882291,AEMD,2011-01-24,0,1.1213841238478905e-08,1.0
0000882291,AEMD,2011-01-25,0,1.1213841238478905e-08,1.0
0000882291,AEMD,2011-01-26,0,1.1213841238478905e-08,1.0
0000882291,AEMD,2011-01-27,0,1.1213841238478905e-08,1.0
0000882291,AEMD,2011-01-28,0,1.1213841238478905e-08,1.0
0000882291,AEMD,2011-01-31,0,1.1213841238478905e-08,1.0
0000882291,AEMD,2011-02-01,0,1.1213841238478905e-08,1.0
0000882291,AEMD,2011-02-02,0,1.1213841238478905e-08,1.0
0000882291,AEMD,2011-02-03,0,1.1213841238478905e-08,1.0
0000882291,AEMD,2011-02-04,0,1.1213841238478905e-08,1.0
0000882291,AEMD,2011-02-07,0,1.1213841238478905e-08,1.0
0000882291,AEMD,2011-02-08,0,1.1213841238478905e-08,1.0
0000882291,AEMD,2011-02-09,0,1.1213841238478905e-08,1.0
0000882291,AEMD,2011-02-10,0,1.1213841238478905e-08,1.0
0000882291,AEMD,2011-02-11,0,1.1213841238478905e-08,1.0
0000882291,AEMD,2011-02-14,0,3.8878383219536135e-08,1.0
0000882291,AEMD,2011-02-15,0,3.8878383219536135e-08,1.0
0000882291,AEMD,2011-02-16,0,3.8878383219536135e-08,1.0
0000882291,AEMD,2011-02-17,0,3.8878383219536135e-08,1.0
0000882291,AEMD,2011-02-18,0,1.777160959026152e-08,1.0
0000882291,AEMD,2011-02-21,0,1.777160959026152e-08,1.0
0000882291,AEMD,2011-02-22,0,1.777160959026152e-08,1.0
0000882291,AEMD,2011-02-23,0,1.777160959026152e-08,1.0
0000882291,AEMD,2011-02-24,0,3.366522499929157e-08,1.0
0000882291,AEMD,2011-02-25,0,3.366522499929157e-08,1.0
0000882291,AEMD,2011-02-28,0,3.366522499929157e-08,1.0
0000882291,AEMD,2011-03-01,0,3.366522499929157e-08,1.0
0000882291,AEMD,2011-03-02,0,3.418120586912874e-08,1.0
0000882291,AEMD,2011-03-03,0,3.418120586912874e-08,1.0
0000882291,AEMD,2011-03-04,0,3.418120586912874e-08,1.0
0000882291,AEMD,2011-03-07,0,3.418120586912874e-08,1.0
0000882291,AEMD,2011-03-08,0,3.418120586912874e-08,1.0
0000882291,AEMD,2011-03-09,0,3.418120586912874e-08,1.0
0000882291,AEMD,2011-03-10,0,3.418120586912874e-08,1.0
0000882291,AEMD,2011-03-11,0,3.418120586912874e-08,1.0
0000882291,AEMD,2011-03-14,0,3.418120586912874e-08,1.0
0000882291,AEMD,2011-03-15,0,3.418120586912874e-08,1.0
0000882291,AEMD,2011-03-16,0,3.418120586912874e-08,1.0
0000882291,AEMD,2011-03-17,0,3.418120586912874e-08,1.0
0000882291,AEMD,2011-03-18,0,3.418120586912874e-08,1.0
0000882291,AEMD,2011-03-21,0,1.1581729712648098e-08,1.0
0000882291,AEMD,2011-03-22,0,1.1581729712648098e-08,1.0
0000882291,AEMD,2011-03-23,0,1.1581729712648098e-08,1.0
0000882291,AEMD,2011-03-24,0,1.1581729712648098e-08,1.0
0000882291,AEMD,2011-03-25,0,1.1581729712648098e-08,1.0
0000882291,AEMD,2011-03-28,0,1.2789248104549491e-08,1.0
0000882291,AEMD,2011-03-29,0,1.2789248104549491e-08,1.0
0000882291,AEMD,2011-03-30,0,1.2828308806920451e-08,1.0
0000882291,AEMD,2011-03-31,0,1.2828308806920451e-08,1.0
0000882291,AEMD,2011-04-01,0,1.2828308806920451e-08,1.0
0000882291,AEMD,2011-04-04,0,1.2828308806920451e-08,1.0
0000882291,AEMD,2011-04-05,0,1.2828308806920451e-08,1.0
0000882291,AEMD,2011-04-06,0,1.2828308806920451e-08,1.0
0000882291,AEMD,2011-04-07,0,1.2828308806920451e-08,1.0
0000882291,AEMD,2011-04-08,0,1.4774956169191687e-08,1.0
0000882291,AEMD,2011-04-11,0,1.4774956169191687e-08,1.0
0000882291,AEMD,2011-04-12,0,1.4774956169191687e-08,1.0
0000882291,AEMD,2011-04-13,0,1.4774956169191687e-08,1.0
0000882291,AEMD,2011-04-14,0,1.4774956169191687e-08,1.0
0000882291,AEMD,2011-04-15,0,1.4774956169191687e-08,1.0
0000882291,AEMD,2011-04-18,0,1.4774956169191687e-08,1.0
0000882291,AEMD,2011-04-19,0,1.4774956169191687e-08,1.0
0000882291,AEMD,2011-04-20,0,1.4774956169191687e-08,1.0
0000882291,AEMD,2011-04-21,0,1.4774956169191687e-08,1.0
0000882291,AEMD,2011-04-22,0,1.4774956169191687e-08,1.0
0000882291,AEMD,2011-04-25,0,1.4774956169191687e-08,1.0
0000882291,AEMD,2011-04-26,0,1.4774956169191687e-08,1.0
0000882291,AEMD,2011-04-27,0,1.5852071697603555e-08,1.0
0000882291,AEMD,2011-04-28,0,1.5852071697603555e-08,1.0
0000882291,AEMD,2011-04-29,0,1.5852071697603555e-08,1.0
0000882291,AEMD,2011-05-02,0,1.5852071697603555e-08,1.0
0000882291,AEMD,2011-05-03,0,1.5852071697603555e-08,1.0
0000882291,AEMD,2011-05-04,0,1.5852071697603555e-08,1.0
0000882291,AEMD,2011-05-05,0,1.5852071697603555e-08,1.0
0000882291,AEMD,2011-05-06,0,1.5852071697603555e-08,1.0
0000882291,AEMD,2011-05-09,0,1.028985758794141e-08,1.0
0000882291,AEMD,2011-05-10,0,1.028985758794141e-08,1.0
0000882291,AEMD,2011-05-11,0,1.028985758794141e-08,1.0
0000882291,AEMD,2011-05-12,0,1.028985758794141e-08,1.0
0000882291,AEMD,2011-05-13,0,1.028985758794141e-08,1.0
0000882291,AEMD,2011-05-16,0,1.2130938134947226e-08,1.0
0000882291,AEMD,2011-05-17,0,1.2130938134947226e-08,1.0
0000882291,AEMD,2011-05-18,0,1.2130938134947226e-08,1.0
0000882291,AEMD,2011-05-19,0,1.2130938134947226e-08,1.0
0000882291,AEMD,2011-05-20,0,6.172983238395382e-08,1.0
0000882291,AEMD,2011-05-23,0,6.172983238395382e-08,1.0
0000882291,AEMD,2011-05-24,0,6.172983238395382e-08,1.0
0000882291,AEMD,2011-05-25,0,6.172983238395382e-08,1.0
0000882291,AEMD,2011-05-26,0,6.784770793769395e-08,1.0
0000882291,AEMD,2011-05-27,0,6.784770793769395e-08,1.0
0000882291,AEMD,2011-05-30,0,6.784770793769395e-08,1.0
0000882291,AEMD,2011-05-31,0,6.784770793769395e-08,1.0
0000882291,AEMD,2011-06-01,0,6.784770793769395e-08,1.0
0000882291,AEMD,2011-06-02,0,6.784770793769395e-08,1.0
0000882291,AEMD,2011-06-03,0,6.784770793769395e-08,1.0
0000882291,AEMD,2011-06-06,0,6.784770793769395e-08,1.0
0000882291,AEMD,2011-06-07,0,6.784770793769395e-08,1.0
0000882291,AEMD,2011-06-08,0,6.784770793769395e-08,1.0
0000882291,AEMD,2011-06-09,0,6.784770793769395e-08,1.0
0000882291,AEMD,2011-06-10,0,6.784770793769395e-08,1.0
0000882291,AEMD,2011-06-13,0,6.784770793769395e-08,1.0
0000882291,AEMD,2011-06-14,0,6.784770793769395e-08,1.0
0000882291,AEMD,2011-06-15,0,6.784770793769395e-08,1.0
0000882291,AEMD,2011-06-16,0,6.784770793769395e-08,1.0
0000882291,AEMD,2011-06-17,0,6.784770793769395e-08,1.0
0000882291,AEMD,2011-06-20,0,6.784770793769395e-08,1.0
0000882291,AEMD,2011-06-21,0,6.784770793769395e-08,1.0
0000882291,AEMD,2011-06-22,0,6.784770793769395e-08,1.0
0000882291,AEMD,2011-06-23,0,6.784770793769395e-08,1.0
0000882291,AEMD,2011-06-24,0,6.784770793769395e-08,1.0
0000882291,AEMD,2011-06-27,0,6.97477720138755e-08,1.0
0000882291,AEMD,2011-06-28,0,6.97477720138755e-08,1.0
0000882291,AEMD,2011-06-29,0,8.775147093561948e-08,1.0
0000882291,AEMD,2011-06-30,0,8.775147093561948e-08,1.0
0000882291,AEMD,2011-07-01,0,8.775147093561948e-08,1.0
0000882291,AEMD,2011-07-04,0,8.775147093561948e-08,1.0
0000882291,AEMD,2011-07-05,0,8.775147093561948e-08,1.0
0000882291,AEMD,2011-07-06,0,8.775147093561948e-08,1.0
0000882291,AEMD,2011-07-07,0,9.423472380509531e-08,1.0
0000882291,AEMD,2011-07-08,0,9.423472380509531e-08,1.0
0000882291,AEMD,2011-07-11,0,9.423472380509531e-08,1.0
0000882291,AEMD,2011-07-12,0,9.423472380509531e-08,1.0
0000882291,AEMD,2011-07-13,0,9.423472380509531e-08,1.0
0000882291,AEMD,2011-07-14,0,9.423472380509531e-08,1.0
0000882291,AEMD,2011-07-15,0,4.7433724206822726e-08,1.0
0000882291,AEMD,2011-07-18,0,4.7433724206822726e-08,1.0
0000882291,AEMD,2011-07-19,0,4.7433724206822726e-08,1.0
0000882291,AEMD,2011-07-20,0,4.7433724206822726e-08,1.0
0000882291,AEMD,2011-07-21,0,4.7433724206822726e-08,1.0
0000882291,AEMD,2011-07-22,0,4.7433724206822726e-08,1.0
0000882291,AEMD,2011-07-25,0,4.7433724206822726e-08,1.0
0000882291,AEMD,2011-07-26,0,4.7433724206822726e-08,1.0
0000882291,AEMD,2011-07-27,0,4.7433724206822726e-08,1.0
0000882291,AEMD,2011-07-28,0,4.7433724206822726e-08,1.0
0000882291,AEMD,2011-07-29,0,4.591424662537551e-08,1.0
0000882291,AEMD,2011-08-01,0,4.591424662537551e-08,1.0
0000882291,AEMD,2011-08-02,0,4.591424662537551e-08,1.0
0000882291,AEMD,2011-08-03,0,4.591424662537551e-08,1.0
0000882291,AEMD,2011-08-04,0,4.591424662537551e-08,1.0
0000882291,AEMD,2011-08-05,0,4.591424662537551e-08,1.0
0000882291,AEMD,2011-08-08,0,4.591424662537551e-08,1.0
0000882291,AEMD,2011-08-09,0,4.591424662537551e-08,1.0
0000882291,AEMD,2011-08-10,0,4.591424662537551e-08,1.0
0000882291,AEMD,2011-08-11,0,4.591424662537551e-08,1.0
0000882291,AEMD,2011-08-12,0,4.591424662537551e-08,1.0
0000882291,AEMD,2011-08-15,0,4.024084972020549e-09,1.0
0000882291,AEMD,2011-08-16,0,4.024084972020549e-09,1.0
0000882291,AEMD,2011-08-17,0,4.024084972020549e-09,1.0
0000882291,AEMD,2011-08-18,0,5.104316633081456e-09,1.0
0000882291,AEMD,2011-08-19,0,5.104316633081456e-09,1.0
0000882291,AEMD,2011-08-22,0,2.7004944211742543e-09,1.0
0000882291,AEMD,2011-08-23,0,2.7004944211742543e-09,1.0
0000882291,AEMD,2011-08-24,0,2.7004944211742543e-09,1.0
0000882291,AEMD,2011-08-25,0,2.7004944211742543e-09,1.0
0000882291,AEMD,2011-08-26,0,2.7004944211742543e-09,1.0
0000882291,AEMD,2011-08-29,0,2.7004944211742543e-09,1.0
0000882291,AEMD,2011-08-30,0,2.7004944211742543e-09,1.0
0000882291,AEMD,2011-08-31,0,2.7004944211742543e-09,1.0
0000882291,AEMD,2011-09-01,0,2.7004944211742543e-09,1.0
0000882291,AEMD,2011-09-02,0,2.7004944211742543e-09,1.0
0000882291,AEMD,2011-09-05,0,2.7004944211742543e-09,1.0
0000882291,AEMD,2011-09-06,0,2.7004944211742543e-09,1.0
0000882291,AEMD,2011-09-07,0,2.7004944211742543e-09,1.0
0000882291,AEMD,2011-09-08,0,2.7004944211742543e-09,1.0
0000882291,AEMD,2011-09-09,0,2.7004944211742543e-09,1.0
0000882291,AEMD,2011-09-12,0,2.7004944211742543e-09,1.0
0000882291,AEMD,2011-09-13,0,2.7004944211742543e-09,1.0
0000882291,AEMD,2011-09-14,0,2.7004944211742543e-09,1.0
0000882291,AEMD,2011-09-15,0,2.7004944211742543e-09,1.0
0000882291,AEMD,2011-09-16,0,2.7004944211742543e-09,1.0
0000882291,AEMD,2011-09-19,0,2.7004944211742543e-09,1.0
0000882291,AEMD,2011-09-20,0,2.7004944211742543e-09,1.0
0000882291,AEMD,2011-09-21,0,1.0142123861488363e-09,1.0
0000882291,AEMD,2011-09-22,0,1.0142123861488363e-09,1.0
0000882291,AEMD,2011-09-23,0,1.0142123861488363e-09,1.0
0000882291,AEMD,2011-09-26,0,1.0234956053840577e-09,1.0
0000882291,AEMD,2011-09-27,0,1.3088447740311735e-09,1.0
0000882291,AEMD,2011-09-28,0,1.3088447740311735e-09,1.0
0000882291,AEMD,2011-09-29,0,1.8509807874622328e-09,1.0
0000882291,AEMD,2011-09-30,0,1.8509807874622328e-09,1.0
0000882291,AEMD,2011-10-03,0,1.8509807874622328e-09,1.0
0000882291,AEMD,2011-10-04,0,1.8509807874622328e-09,1.0
0000882291,AEMD,2011-10-05,0,1.6901388542919726e-09,1.0
0000882291,AEMD,2011-10-06,0,1.6901388542919726e-09,1.0
0000882291,AEMD,2011-10-07,0,1.6901388542919726e-09,1.0
0000882291,AEMD,2011-10-10,0,1.6901388542919726e-09,1.0
0000882291,AEMD,2011-10-11,0,1.6901388542919726e-09,1.0
0000882291,AEMD,2011-10-12,0,1.6901388542919726e-09,1.0
0000882291,AEMD,2011-10-13,0,1.0080802786377782e-08,1.0
0000882291,AEMD,2011-10-14,0,1.0080802786377782e-08,1.0
0000882291,AEMD,2011-10-17,0,1.0080802786377782e-08,1.0
0000882291,AEMD,2011-10-18,0,1.0080802786377782e-08,1.0
0000882291,AEMD,2011-10-19,0,1.0080802786377782e-08,1.0
0000882291,AEMD,2011-10-20,0,1.0080802786377782e-08,1.0
0000882291,AEMD,2011-10-21,0,1.0080802786377782e-08,1.0
0000882291,AEMD,2011-10-24,0,1.0080802786377782e-08,1.0
0000882291,AEMD,2011-10-25,0,1.0080802786377782e-08,1.0
0000882291,AEMD,2011-10-26,0,1.0080802786377782e-08,1.0
0000882291,AEMD,2011-10-27,0,1.0080802786377782e-08,1.0
0000882291,AEMD,2011-10-28,0,1.0080802786377782e-08,1.0
0000882291,AEMD,2011-10-31,0,8.03480655105107e-09,1.0
0000882291,AEMD,2011-11-01,0,8.03480655105107e-09,1.0
0000882291,AEMD,2011-11-02,0,8.03480655105107e-09,1.0
0000882291,AEMD,2011-11-03,0,8.03480655105107e-09,1.0
0000882291,AEMD,2011-11-04,0,7.020665490191676e-09,1.0
0000882291,AEMD,2011-11-07,0,7.020665490191676e-09,1.0
0000882291,AEMD,2011-11-08,0,7.020665490191676e-09,1.0
0000882291,AEMD,2011-11-09,0,7.020665490191676e-09,1.0
0000882291,AEMD,2011-11-10,0,7.020665490191676e-09,1.0
0000882291,AEMD,2011-11-11,0,7.020665490191676e-09,1.0
0000882291,AEMD,2011-11-14,0,7.020665490191676e-09,1.0
0000882291,AEMD,2011-11-15,0,7.020665490191676e-09,1.0
0000882291,AEMD,2011-11-16,0,8.832880476294635e-09,1.0
0000882291,AEMD,2011-11-17,0,8.832880476294635e-09,1.0
0000882291,AEMD,2011-11-18,0,2.421736659310482e-09,1.0
0000882291,AEMD,2011-11-21,0,9.90650908946975e-09,1.0
0000882291,AEMD,2011-11-22,0,9.90650908946975e-09,1.0
0000882291,AEMD,2011-11-23,0,9.90650908946975e-09,1.0
0000882291,AEMD,2011-11-24,0,9.90650908946975e-09,1.0
0000882291,AEMD,2011-11-25,0,9.90650908946975e-09,1.0
0000882291,AEMD,2011-11-28,0,9.90650908946975e-09,1.0
0000882291,AEMD,2011-11-29,0,9.90650908946975e-09,1.0
0000882291,AEMD,2011-11-30,0,9.90650908946975e-09,1.0
0000882291,AEMD,2011-12-01,0,9.90650908946975e-09,1.0
0000882291,AEMD,2011-12-02,0,9.90650908946975e-09,1.0
0000882291,AEMD,2011-12-05,0,9.90650908946975e-09,1.0
0000882291,AEMD,2011-12-06,0,9.90650908946975e-09,1.0
0000882291,AEMD,2011-12-07,0,9.90650908946975e-09,1.0
0000882291,AEMD,2011-12-08,0,9.90650908946975e-09,1.0
0000882291,AEMD,2011-12-09,0,9.90650908946975e-09,1.0
0000882291,AEMD,2011-12-12,0,9.90650908946975e-09,1.0
0000882291,AEMD,2011-12-13,0,9.90650908946975e-09,1.0
0000882291,AEMD,2011-12-14,0,9.90650908946975e-09,1.0
0000882291,AEMD,2011-12-15,0,9.90650908946975e-09,1.0
0000882291,AEMD,2011-12-16,0,9.589166960628886e-09,1.0
0000882291,AEMD,2011-12-19,0,3.1829293644412824e-09,1.0
0000882291,AEMD,2011-12-20,0,3.1829293644412824e-09,1.0
0000882291,AEMD,2011-12-21,0,3.1829293644412824e-09,1.0
0000882291,AEMD,2011-12-22,0,3.1829293644412824e-09,1.0
0000882291,AEMD,2011-12-23,0,3.1829293644412824e-09,1.0
0000882291,AEMD,2011-12-26,0,3.311524758319869e-09,1.0
0000882291,AEMD,2011-12-27,0,3.311524758319869e-09,1.0
0000882291,AEMD,2011-12-28,0,3.5561868034072567e-09,1.0
0000882291,AEMD,2011-12-29,0,3.5561868034072567e-09,1.0
0000882291,AEMD,2011-12-30,0,3.5561868034072567e-09,1.0
0000882291,AEMD,2012-01-02,0,3.5561868034072567e-09,1.0
0000882291,AEMD,2012-01-03,0,3.6557772456685137e-09,1.0
0000882291,AEMD,2012-01-04,0,3.6557772456685137e-09,1.0
0000882291,AEMD,2012-01-05,0,3.6557772456685137e-09,1.0
0000882291,AEMD,2012-01-06,0,3.6557772456685137e-09,1.0
0000882291,AEMD,2012-01-09,0,3.6557772456685137e-09,1.0
0000882291,AEMD,2012-01-10,0,3.6557772456685137e-09,1.0
0000882291,AEMD,2012-01-11,0,8.641644177944402e-09,1.0
0000882291,AEMD,2012-01-12,0,8.641644177944402e-09,1.0
0000882291,AEMD,2012-01-13,0,8.641644177944402e-09,1.0
0000882291,AEMD,2012-01-16,0,8.641644177944402e-09,1.0
0000882291,AEMD,2012-01-17,0,8.641644177944402e-09,1.0
0000882291,AEMD,2012-01-18,0,8.641644177944402e-09,1.0
0000882291,AEMD,2012-01-19,0,8.641644177944402e-09,1.0
0000882291,AEMD,2012-01-20,0,8.641644177944402e-09,1.0
0000882291,AEMD,2012-01-23,0,8.641644177944402e-09,1.0
0000882291,AEMD,2012-01-24,0,8.641644177944402e-09,1.0
0000882291,AEMD,2012-01-25,0,8.641644177944402e-09,1.0
0000882291,AEMD,2012-01-26,0,8.641644177944402e-09,1.0
0000882291,AEMD,2012-01-27,0,8.641644177944402e-09,1.0
0000882291,AEMD,2012-01-30,0,8.641644177944402e-09,1.0
0000882291,AEMD,2012-01-31,0,8.641644177944402e-09,1.0
0000882291,AEMD,2012-02-01,0,8.641644177944402e-09,1.0
0000882291,AEMD,2012-02-02,0,8.641644177944402e-09,1.0
0000882291,AEMD,2012-02-03,0,8.641644177944402e-09,1.0
0000882291,AEMD,2012-02-06,0,8.641644177944402e-09,1.0
0000882291,AEMD,2012-02-07,0,8.641644177944402e-09,1.0
0000882291,AEMD,2012-02-08,0,8.641644177944402e-09,1.0
0000882291,AEMD,2012-02-09,0,8.641644177944402e-09,1.0
0000882291,AEMD,2012-02-10,0,8.641644177944402e-09,1.0
0000882291,AEMD,2012-02-13,0,8.641644177944402e-09,1.0
0000882291,AEMD,2012-02-14,0,1.105092267892285e-08,1.0
0000882291,AEMD,2012-02-15,0,1.105092267892285e-08,1.0
0000882291,AEMD,2012-02-16,0,3.074411738466625e-08,1.0
0000882291,AEMD,2012-02-17,0,3.074411738466625e-08,1.0
0000882291,AEMD,2012-02-20,0,3.782583797005814e-08,1.0
0000882291,AEMD,2012-02-21,0,3.782583797005814e-08,1.0
0000882291,AEMD,2012-02-22,0,3.782583797005814e-08,1.0
0000882291,AEMD,2012-02-23,0,3.782583797005814e-08,1.0
0000882291,AEMD,2012-02-24,0,3.782583797005814e-08,1.0
0000882291,AEMD,2012-02-27,0,3.782583797005814e-08,1.0
0000882291,AEMD,2012-02-28,0,3.782583797005814e-08,1.0
0000882291,AEMD,2012-02-29,0,2.9823923122593244e-08,1.0
0000882291,AEMD,2012-03-01,0,2.9823923122593244e-08,1.0
0000882291,AEMD,2012-03-02,0,2.9823923122593244e-08,1.0
0000882291,AEMD,2012-03-05,0,2.9823923122593244e-08,1.0
0000882291,AEMD,2012-03-06,0,2.9823923122593244e-08,1.0
0000882291,AEMD,2012-03-07,0,2.9823923122593244e-08,1.0
0000882291,AEMD,2012-03-08,0,2.9823923122593244e-08,1.0
0000882291,AEMD,2012-03-09,0,2.9823923122593244e-08,1.0
0000882291,AEMD,2012-03-12,0,2.9823923122593244e-08,1.0
0000882291,AEMD,2012-03-13,0,2.9823923122593244e-08,1.0
0000882291,AEMD,2012-03-14,0,2.9823923122593244e-08,1.0
0000882291,AEMD,2012-03-15,0,2.9823923122593244e-08,1.0
0000882291,AEMD,2012-03-16,0,2.9823923122593244e-08,1.0
0000882291,AEMD,2012-03-19,0,1.556780844604451e-08,1.0
0000882291,AEMD,2012-03-20,0,1.556780844604451e-08,1.0
0000882291,AEMD,2012-03-21,0,1.556780844604451e-08,1.0
0000882291,AEMD,2012-03-22,0,1.556780844604451e-08,1.0
0000882291,AEMD,2012-03-23,0,1.556780844604451e-08,1.0
0000882291,AEMD,2012-03-26,0,1.556780844604451e-08,1.0
0000882291,AEMD,2012-03-27,0,1.5806413460305208e-08,1.0
0000882291,AEMD,2012-03-28,0,1.5806413460305208e-08,1.0
0000882291,AEMD,2012-03-29,0,1.5806413460305208e-08,1.0
0000882291,AEMD,2012-03-30,0,1.5806413460305208e-08,1.0
0000882291,AEMD,2012-04-02,0,9.634385817039389e-09,1.0
0000882291,AEMD,2012-04-03,0,9.634385817039389e-09,1.0
0000882291,AEMD,2012-04-04,0,9.634385817039389e-09,1.0
0000882291,AEMD,2012-04-05,0,9.634385817039389e-09,1.0
0000882291,AEMD,2012-04-06,0,1.177201164673897e-08,1.0
0000882291,AEMD,2012-04-09,0,1.177201164673897e-08,1.0
0000882291,AEMD,2012-04-10,0,4.072370105796625e-07,1.0
0000882291,AEMD,2012-04-11,0,4.072370105796625e-07,1.0
0000882291,AEMD,2012-04-12,0,4.072370105796625e-07,1.0
0000882291,AEMD,2012-04-13,0,4.072370105796625e-07,1.0
0000882291,AEMD,2012-04-16,0,4.072370105796625e-07,1.0
0000882291,AEMD,2012-04-17,0,4.072370105796625e-07,1.0
0000882291,AEMD,2012-04-18,0,4.072370105796625e-07,1.0
0000882291,AEMD,2012-04-19,0,4.072370105796625e-07,1.0
0000882291,AEMD,2012-04-20,0,4.072370105796625e-07,1.0
0000882291,AEMD,2012-04-23,0,4.3036257484113767e-07,1.0
0000882291,AEMD,2012-04-24,0,4.3036257484113767e-07,1.0
0000882291,AEMD,2012-04-25,0,4.3036257484113767e-07,1.0
0000882291,AEMD,2012-04-26,0,4.3036257484113767e-07,1.0
0000882291,AEMD,2012-04-27,0,4.3036257484113767e-07,1.0
0000882291,AEMD,2012-04-30,0,4.3036257484113767e-07,1.0
0000882291,AEMD,2012-05-01,0,4.3036257484113767e-07,1.0
0000882291,AEMD,2012-05-02,0,4.3036257484113767e-07,1.0
0000882291,AEMD,2012-05-03,0,4.3036257484113767e-07,1.0
0000882291,AEMD,2012-05-04,0,4.3036257484113767e-07,1.0
0000882291,AEMD,2012-05-07,0,4.0808894204925144e-07,1.0
0000882291,AEMD,2012-05-08,0,4.0808894204925144e-07,1.0
0000882291,AEMD,2012-05-09,0,4.0808894204925144e-07,1.0
0000882291,AEMD,2012-05-10,0,4.043405247136366e-07,1.0
0000882291,AEMD,2012-05-11,0,4.043405247136366e-07,1.0
0000882291,AEMD,2012-05-14,0,4.043405247136366e-07,1.0
0000882291,AEMD,2012-05-15,0,4.206765163055515e-07,1.0
0000882291,AEMD,2012-05-16,0,4.206765163055515e-07,1.0
0000882291,AEMD,2012-05-17,0,2.5439628774580704e-06,1.0
0000882291,AEMD,2012-05-18,0,2.5439628774580704e-06,1.0
0000882291,AEMD,2012-05-21,0,2.5439628774580704e-06,1.0
0000882291,AEMD,2012-05-22,0,2.5439628774580704e-06,1.0
0000882291,AEMD,2012-05-23,0,1.6100901792206402e-07,1.0
0000882291,AEMD,2012-05-24,0,1.6100901792206402e-07,1.0
0000882291,AEMD,2012-05-25,0,1.6100901792206402e-07,1.0
0000882291,AEMD,2012-05-28,0,1.6100901792206402e-07,1.0
0000882291,AEMD,2012-05-29,0,1.6100901792206402e-07,1.0
0000882291,AEMD,2012-05-30,0,2.5799649157275366e-07,1.0
0000882291,AEMD,2012-05-31,0,2.5799649157275366e-07,1.0
0000882291,AEMD,2012-06-01,0,2.5799649157275366e-07,1.0
0000882291,AEMD,2012-06-04,0,2.5799649157275366e-07,1.0
0000882291,AEMD,2012-06-05,0,2.5799649157275366e-07,1.0
0000882291,AEMD,2012-06-06,0,2.5799649157275366e-07,1.0
0000882291,AEMD,2012-06-07,0,2.5799649157275366e-07,1.0
0000882291,AEMD,2012-06-08,0,2.5799649157275366e-07,1.0
0000882291,AEMD,2012-06-11,0,2.5799649157275366e-07,1.0
0000882291,AEMD,2012-06-12,0,2.5799649157275366e-07,1.0
0000882291,AEMD,2012-06-13,0,2.5799649157275366e-07,1.0
0000882291,AEMD,2012-06-14,0,2.5799649157275366e-07,1.0
0000882291,AEMD,2012-06-15,0,2.5799649157275366e-07,1.0
0000882291,AEMD,2012-06-18,0,2.5799649157275366e-07,1.0
0000882291,AEMD,2012-06-19,0,2.5799649157275366e-07,1.0
0000882291,AEMD,2012-06-20,0,2.5799649157275366e-07,1.0
0000882291,AEMD,2012-06-21,0,2.5799649157275366e-07,1.0
0000882291,AEMD,2012-06-22,0,2.5799649157275366e-07,1.0
0000882291,AEMD,2012-06-25,0,2.5799649157275366e-07,1.0
0000882291,AEMD,2012-06-26,0,2.5799649157275366e-07,1.0
0000882291,AEMD,2012-06-27,0,2.425769687558376e-07,1.0
0000882291,AEMD,2012-06-28,0,2.425769687558376e-07,1.0
0000882291,AEMD,2012-06-29,0,5.291244400664215e-08,1.0
0000882291,AEMD,2012-07-02,0,5.291244400664215e-08,1.0
0000882291,AEMD,2012-07-03,0,5.291244400664215e-08,1.0
0000882291,AEMD,2012-07-04,0,5.291244400664215e-08,1.0
0000882291,AEMD,2012-07-05,0,7.068404190457071e-08,1.0
0000882291,AEMD,2012-07-06,0,7.068404190457071e-08,1.0
0000882291,AEMD,2012-07-09,0,6.936452788273004e-08,1.0
0000882291,AEMD,2012-07-10,0,6.936452788273004e-08,1.0
0000882291,AEMD,2012-07-11,0,6.936452788273004e-08,1.0
0000882291,AEMD,2012-07-12,0,6.936452788273004e-08,1.0
0000882291,AEMD,2012-07-13,0,6.936452788273004e-08,1.0
0000882291,AEMD,2012-07-16,0,6.936452788273004e-08,1.0
0000882291,AEMD,2012-07-17,0,6.936452788273004e-08,1.0
0000882291,AEMD,2012-07-18,0,6.936452788273004e-08,1.0
0000882291,AEMD,2012-07-19,0,6.936452788273004e-08,1.0
0000882291,AEMD,2012-07-20,0,6.936452788273004e-08,1.0
0000882291,AEMD,2012-07-23,0,6.806964625440286e-08,1.0
0000882291,AEMD,2012-07-24,0,6.806964625440286e-08,1.0
0000882291,AEMD,2012-07-25,0,6.806964625440286e-08,1.0
0000882291,AEMD,2012-07-26,0,6.806964625440286e-08,1.0
0000882291,AEMD,2012-07-27,0,6.241624528722831e-08,1.0
0000882291,AEMD,2012-07-30,0,7.91231479512586e-10,1.0
0000882291,AEMD,2012-07-31,0,7.91231479512586e-10,1.0
0000882291,AEMD,2012-08-01,0,7.91231479512586e-10,1.0
0000882291,AEMD,2012-08-02,0,7.91231479512586e-10,1.0
0000882291,AEMD,2012-08-03,0,7.91231479512586e-10,1.0
0000882291,AEMD,2012-08-06,0,7.91231479512586e-10,1.0
0000882291,AEMD,2012-08-07,0,7.91231479512586e-10,1.0
0000882291,AEMD,2012-08-08,0,7.91231479512586e-10,1.0
0000882291,AEMD,2012-08-09,0,7.91231479512586e-10,1.0
0000882291,AEMD,2012-08-10,0,7.91231479512586e-10,1.0
0000882291,AEMD,2012-08-13,0,7.91231479512586e-10,1.0
0000882291,AEMD,2012-08-14,0,2.521939380969669e-10,1.0
0000882291,AEMD,2012-08-15,0,3.1506433862494623e-10,1.0
0000882291,AEMD,2012-08-16,0,3.1506433862494623e-10,1.0
0000882291,AEMD,2012-08-17,0,3.1506433862494623e-10,1.0
0000882291,AEMD,2012-08-20,0,3.1506433862494623e-10,1.0
0000882291,AEMD,2012-08-21,0,3.1506433862494623e-10,1.0
0000882291,AEMD,2012-08-22,0,3.1506433862494623e-10,1.0
0000882291,AEMD,2012-08-23,0,3.1506433862494623e-10,1.0
0000882291,AEMD,2012-08-24,0,3.1506433862494623e-10,1.0
0000882291,AEMD,2012-08-27,0,3.054846357355007e-10,1.0
0000882291,AEMD,2012-08-28,0,3.3099953598397145e-10,1.0
0000882291,AEMD,2012-08-29,0,3.3099953598397145e-10,1.0
0000882291,AEMD,2012-08-30,0,3.3099953598397145e-10,1.0
0000882291,AEMD,2012-08-31,0,3.3099953598397145e-10,1.0
0000882291,AEMD,2012-09-03,0,3.3099953598397145e-10,1.0
0000882291,AEMD,2012-09-04,0,3.3099953598397145e-10,1.0
0000882291,AEMD,2012-09-05,0,3.3099953598397145e-10,1.0
0000882291,AEMD,2012-09-06,0,3.3099953598397145e-10,1.0
0000882291,AEMD,2012-09-07,0,2.6872063579773765e-10,1.0
0000882291,AEMD,2012-09-10,0,2.6872063579773765e-10,1.0
0000882291,AEMD,2012-09-11,0,2.6872063579773765e-10,1.0
0000882291,AEMD,2012-09-12,0,2.6872063579773765e-10,1.0
0000882291,AEMD,2012-09-13,0,1.2020273136134808e-10,1.0
0000882291,AEMD,2012-09-14,0,1.2020273136134808e-10,1.0
0000882291,AEMD,2012-09-17,0,1.2020273136134808e-10,1.0
0000882291,AEMD,2012-09-18,0,1.2020273136134808e-10,1.0
0000882291,AEMD,2012-09-19,0,1.2020273136134808e-10,1.0
0000882291,AEMD,2012-09-20,0,1.2020273136134808e-10,1.0
0000882291,AEMD,2012-09-21,0,1.2020273136134808e-10,1.0
0000882291,AEMD,2012-09-24,0,1.2020273136134808e-10,1.0
0000882291,AEMD,2012-09-25,0,1.5710760116343822e-10,1.0
0000882291,AEMD,2012-09-26,0,1.5710760116343822e-10,1.0
0000882291,AEMD,2012-09-27,0,2.7790399656238924e-09,1.0
0000882291,AEMD,2012-09-28,0,2.7790399656238924e-09,1.0
0000882291,AEMD,2012-10-01,0,2.7790399656238924e-09,1.0
0000882291,AEMD,2012-10-02,0,2.7790399656238924e-09,1.0
0000882291,AEMD,2012-10-03,0,2.909005783066974e-09,1.0
0000882291,AEMD,2012-10-04,0,2.909005783066974e-09,1.0
0000882291,AEMD,2012-10-05,0,2.909005783066974e-09,1.0
0000882291,AEMD,2012-10-08,0,1.7629142906043395e-09,1.0
0000882291,AEMD,2012-10-09,0,1.7629142906043395e-09,1.0
0000882291,AEMD,2012-10-10,0,1.7629142906043395e-09,1.0
0000882291,AEMD,2012-10-11,0,1.7629142906043395e-09,1.0
0000882291,AEMD,2012-10-12,0,1.7629142906043395e-09,1.0
0000882291,AEMD,2012-10-15,0,1.7629142906043395e-09,1.0
0000882291,AEMD,2012-10-16,0,1.7629142906043395e-09,1.0
0000882291,AEMD,2012-10-17,0,1.7629142906043395e-09,1.0
0000882291,AEMD,2012-10-18,0,1.7629142906043395e-09,1.0
0000882291,AEMD,2012-10-19,0,1.7629142906043395e-09,1.0
0000882291,AEMD,2012-10-22,0,1.7327833742822526e-09,1.0
0000882291,AEMD,2012-10-23,0,1.7327833742822526e-09,1.0
0000882291,AEMD,2012-10-24,0,1.7327833742822526e-09,1.0
0000882291,AEMD,2012-10-25,0,1.850062383001121e-09,1.0
0000882291,AEMD,2012-10-26,0,1.850062383001121e-09,1.0
0000882291,AEMD,2012-10-29,0,1.850062383001121e-09,1.0
0000882291,AEMD,2012-10-30,0,1.850062383001121e-09,1.0
0000882291,AEMD,2012-10-31,0,1.850062383001121e-09,1.0
0000882291,AEMD,2012-11-01,0,1.850062383001121e-09,1.0
0000882291,AEMD,2012-11-02,0,1.850062383001121e-09,1.0
0000882291,AEMD,2012-11-05,0,1.850062383001121e-09,1.0
0000882291,AEMD,2012-11-06,0,1.850062383001121e-09,1.0
0000882291,AEMD,2012-11-07,0,1.850062383001121e-09,1.0
0000882291,AEMD,2012-11-08,0,1.850062383001121e-09,1.0
0000882291,AEMD,2012-11-09,0,1.850062383001121e-09,1.0
0000882291,AEMD,2012-11-12,0,1.2163009403484989e-08,1.0
0000882291,AEMD,2012-11-13,0,1.2163009403484989e-08,1.0
0000882291,AEMD,2012-11-14,0,6.182227573381258e-09,1.0
0000882291,AEMD,2012-11-15,0,6.182227573381258e-09,1.0
0000882291,AEMD,2012-11-16,0,6.182227573381258e-09,1.0
0000882291,AEMD,2012-11-19,0,6.182227573381258e-09,1.0
0000882291,AEMD,2012-11-20,0,6.182227573381258e-09,1.0
0000882291,AEMD,2012-11-21,0,6.182227573381258e-09,1.0
0000882291,AEMD,2012-11-22,0,6.182227573381258e-09,1.0
0000882291,AEMD,2012-11-23,0,6.182227573381258e-09,1.0
0000882291,AEMD,2012-11-26,0,6.220048548654088e-09,1.0
0000882291,AEMD,2012-11-27,0,6.220048548654088e-09,1.0
0000882291,AEMD,2012-11-28,0,6.220048548654088e-09,1.0
0000882291,AEMD,2012-11-29,0,6.220048548654088e-09,1.0
0000882291,AEMD,2012-11-30,0,6.220048548654088e-09,1.0
0000882291,AEMD,2012-12-03,0,6.220048548654088e-09,1.0
0000882291,AEMD,2012-12-04,0,6.220048548654088e-09,1.0
0000882291,AEMD,2012-12-05,0,6.220048548654088e-09,1.0
0000882291,AEMD,2012-12-06,0,7.449958174569099e-09,1.0
0000882291,AEMD,2012-12-07,0,7.449958174569099e-09,1.0
0000882291,AEMD,2012-12-10,0,7.449958174569099e-09,1.0
0000882291,AEMD,2012-12-11,0,7.449958174569099e-09,1.0
0000882291,AEMD,2012-12-12,0,7.449958174569099e-09,1.0
0000882291,AEMD,2012-12-13,0,7.449958174569099e-09,1.0
0000882291,AEMD,2012-12-14,0,2.352773094766654e-09,1.0
0000882291,AEMD,2012-12-17,0,2.352773094766654e-09,1.0
0000882291,AEMD,2012-12-18,0,2.352773094766654e-09,1.0
0000882291,AEMD,2012-12-19,0,2.352773094766654e-09,1.0
0000882291,AEMD,2012-12-20,0,2.352773094766654e-09,1.0
0000882291,AEMD,2012-12-21,0,2.352773094766654e-09,1.0
0000882291,AEMD,2012-12-24,0,2.455304975979686e-09,1.0
0000882291,AEMD,2012-12-25,0,2.455304975979686e-09,1.0
0000882291,AEMD,2012-12-26,0,1.2008017548781707e-08,1.0
0000882291,AEMD,2012-12-27,0,1.2008017548781707e-08,1.0
0000882291,AEMD,2012-12-28,0,1.2008017548781707e-08,1.0
0000882291,AEMD,2012-12-31,0,1.2008017548781707e-08,1.0
0000882291,AEMD,2013-01-01,0,1.2008017548781707e-08,1.0
0000882291,AEMD,2013-01-02,0,1.2008017548781707e-08,1.0
0000882291,AEMD,2013-01-03,0,1.2008017548781707e-08,1.0
0000882291,AEMD,2013-01-04,0,1.2008017548781707e-08,1.0
0000882291,AEMD,2013-01-07,0,1.2008017548781707e-08,1.0
0000882291,AEMD,2013-01-08,0,1.2008017548781707e-08,1.0
0000882291,AEMD,2013-01-09,0,1.2008017548781707e-08,1.0
0000882291,AEMD,2013-01-10,0,1.2008017548781707e-08,1.0
0000882291,AEMD,2013-01-11,0,1.2008017548781707e-08,1.0
0000882291,AEMD,2013-01-14,0,1.2008017548781707e-08,1.0
0000882291,AEMD,2013-01-15,0,1.2008017548781707e-08,1.0
0000882291,AEMD,2013-01-16,0,1.2008017548781707e-08,1.0
0000882291,AEMD,2013-01-17,0,1.2008017548781707e-08,1.0
0000882291,AEMD,2013-01-18,0,1.2008017548781707e-08,1.0
0000882291,AEMD,2013-01-21,0,1.2008017548781707e-08,1.0
0000882291,AEMD,2013-01-22,0,1.2008017548781707e-08,1.0
0000882291,AEMD,2013-01-23,0,1.2118377968707378e-08,1.0
0000882291,AEMD,2013-01-24,0,1.2118377968707378e-08,1.0
0000882291,AEMD,2013-01-25,0,1.2118377968707378e-08,1.0
0000882291,AEMD,2013-01-28,0,1.2118377968707378e-08,1.0
0000882291,AEMD,2013-01-29,0,1.2118377968707378e-08,1.0
0000882291,AEMD,2013-01-30,0,1.2118377968707378e-08,1.0
0000882291,AEMD,2013-01-31,0,1.2118377968707378e-08,1.0
0000882291,AEMD,2013-02-01,0,1.2118377968707378e-08,1.0
0000882291,AEMD,2013-02-04,0,1.2118377968707378e-08,1.0
0000882291,AEMD,2013-02-05,0,1.2118377968707378e-08,1.0
0000882291,AEMD,2013-02-06,0,1.2118377968707378e-08,1.0
0000882291,AEMD,2013-02-07,0,1.2118377968707378e-08,1.0
0000882291,AEMD,2013-02-08,0,1.2118377968707378e-08,1.0
0000882291,AEMD,2013-02-11,0,1.5848019547950107e-08,1.0
0000882291,AEMD,2013-02-12,0,7.646173324064202e-05,1.0
0000882291,AEMD,2013-02-13,0,3.1901376853214034e-08,1.0
0000882291,AEMD,2013-02-14,0,3.1901376853214034e-08,1.0
0000882291,AEMD,2013-02-15,0,3.1901376853214034e-08,1.0
0000882291,AEMD,2013-02-18,0,3.1901376853214034e-08,1.0
0000882291,AEMD,2013-02-19,0,3.1901376853214034e-08,1.0
0000882291,AEMD,2013-02-20,0,3.1901376853214034e-08,1.0
0000882291,AEMD,2013-02-21,0,3.1901376853214034e-08,1.0
0000882291,AEMD,2013-02-22,0,3.1901376853214034e-08,1.0
0000882291,AEMD,2013-02-25,0,3.1901376853214034e-08,1.0
0000882291,AEMD,2013-02-26,0,3.1901376853214034e-08,1.0
0000882291,AEMD,2013-02-27,0,3.1901376853214034e-08,1.0
0000882291,AEMD,2013-02-28,0,3.1901376853214034e-08,1.0
0000882291,AEMD,2013-03-01,0,3.1901376853214034e-08,1.0
0000882291,AEMD,2013-03-04,0,3.1901376853214034e-08,1.0
0000882291,AEMD,2013-03-05,0,3.1901376853214034e-08,1.0
0000882291,AEMD,2013-03-06,0,3.2887984006724176e-08,1.0
0000882291,AEMD,2013-03-07,0,3.2887984006724176e-08,1.0
0000882291,AEMD,2013-03-08,0,3.2887984006724176e-08,1.0
0000882291,AEMD,2013-03-11,0,3.2887984006724176e-08,1.0
0000882291,AEMD,2013-03-12,0,3.2887984006724176e-08,1.0
0000882291,AEMD,2013-03-13,0,3.2887984006724176e-08,1.0
0000882291,AEMD,2013-03-14,0,3.2887984006724176e-08,1.0
0000882291,AEMD,2013-03-15,0,3.2887984006724176e-08,1.0
0000882291,AEMD,2013-03-18,0,1.0262747090454049e-08,1.0
0000882291,AEMD,2013-03-19,0,1.0262747090454049e-08,1.0
0000882291,AEMD,2013-03-20,0,1.0262747090454049e-08,1.0
0000882291,AEMD,2013-03-21,0,1.0262747090454049e-08,1.0
0000882291,AEMD,2013-03-22,0,1.0262747090454049e-08,1.0
0000882291,AEMD,2013-03-25,0,1.0262747090454049e-08,1.0
0000882291,AEMD,2013-03-26,0,1.0262747090454049e-08,1.0
0000882291,AEMD,2013-03-27,0,1.0262747090454049e-08,1.0
0000882291,AEMD,2013-03-28,0,1.0262747090454049e-08,1.0
0000882291,AEMD,2013-03-29,0,1.0262747090454049e-08,1.0
0000882291,AEMD,2013-04-01,0,1.0262747090454049e-08,1.0
0000882291,AEMD,2013-04-02,0,1.0262747090454049e-08,1.0
0000882291,AEMD,2013-04-03,0,1.0262747090454049e-08,1.0
0000882291,AEMD,2013-04-04,0,1.0262747090454049e-08,1.0
0000882291,AEMD,2013-04-05,0,1.0262747090454049e-08,1.0
0000882291,AEMD,2013-04-08,0,1.0262747090454049e-08,1.0
0000882291,AEMD,2013-04-09,0,1.0262747090454049e-08,1.0
0000882291,AEMD,2013-04-10,0,1.0262747090454049e-08,1.0
0000882291,AEMD,2013-04-11,0,1.0262747090454049e-08,1.0
0000882291,AEMD,2013-04-12,0,1.0262747090454049e-08,1.0
0000882291,AEMD,2013-04-15,0,1.1332747529824682e-08,1.0
0000882291,AEMD,2013-04-16,0,1.1332747529824682e-08,1.0
0000882291,AEMD,2013-04-17,0,1.1332747529824682e-08,1.0
0000882291,AEMD,2013-04-18,0,1.1332747529824682e-08,1.0
0000882291,AEMD,2013-04-19,0,1.1332747529824682e-08,1.0
0000882291,AEMD,2013-04-22,0,1.1332747529824682e-08,1.0
0000882291,AEMD,2013-04-23,0,1.1332747529824682e-08,1.0
0000882291,AEMD,2013-04-24,0,1.1332747529824682e-08,1.0
0000882291,AEMD,2013-04-25,0,1.1332747529824682e-08,1.0
0000882291,AEMD,2013-04-26,0,1.1332747529824682e-08,1.0
0000882291,AEMD,2013-04-29,0,1.1332747529824682e-08,1.0
0000882291,AEMD,2013-04-30,0,1.1332747529824682e-08,1.0
0000882291,AEMD,2013-05-01,0,1.1332747529824682e-08,1.0
0000882291,AEMD,2013-05-02,0,1.1332747529824682e-08,1.0
0000882291,AEMD,2013-05-03,0,1.1332747529824682e-08,1.0
0000882291,AEMD,2013-05-06,0,1.1332747529824682e-08,1.0
0000882291,AEMD,2013-05-07,0,1.1332747529824682e-08,1.0
0000882291,AEMD,2013-05-08,0,1.1332747529824682e-08,1.0
0000882291,AEMD,2013-05-09,0,1.1332747529824682e-08,1.0
0000882291,AEMD,2013-05-10,0,1.1332747529824682e-08,1.0
0000882291,AEMD,2013-05-13,0,1.1332747529824682e-08,1.0
0000882291,AEMD,2013-05-14,0,1.4244545768538495e-08,1.0
0000882291,AEMD,2013-05-15,0,1.5204598277753843e-06,1.0
0000882291,AEMD,2013-05-16,0,1.5204598277753843e-06,1.0
0000882291,AEMD,2013-05-17,0,1.5204598277753843e-06,1.0
0000882291,AEMD,2013-05-20,0,1.5204598277753843e-06,1.0
0000882291,AEMD,2013-05-21,0,1.5204598277753843e-06,1.0
0000882291,AEMD,2013-05-22,0,1.5204598277753843e-06,1.0
0000882291,AEMD,2013-05-23,0,1.5204598277753843e-06,1.0
0000882291,AEMD,2013-05-24,0,1.5204598277753843e-06,1.0
0000882291,AEMD,2013-05-27,0,1.5204598277753843e-06,1.0
0000882291,AEMD,2013-05-28,0,1.5204598277753843e-06,1.0
0000882291,AEMD,2013-05-29,0,1.5204598277753843e-06,1.0
0000882291,AEMD,2013-05-30,0,1.5204598277753843e-06,1.0
0000882291,AEMD,2013-05-31,0,1.5204598277753843e-06,1.0
0000882291,AEMD,2013-06-03,0,1.5204598277753843e-06,1.0
0000882291,AEMD,2013-06-04,0,1.5204598277753843e-06,1.0
0000882291,AEMD,2013-06-05,0,1.5204598277753843e-06,1.0
0000882291,AEMD,2013-06-06,0,1.5204598277753843e-06,1.0
0000882291,AEMD,2013-06-07,0,1.5204598277753843e-06,1.0
0000882291,AEMD,2013-06-10,0,1.5204598277753843e-06,1.0
0000882291,AEMD,2013-06-11,0,1.5204598277753843e-06,1.0
0000882291,AEMD,2013-06-12,0,1.5204598277753843e-06,1.0
0000882291,AEMD,2013-06-13,0,1.5204598277753843e-06,1.0
0000882291,AEMD,2013-06-14,0,1.5204598277753843e-06,1.0
0000882291,AEMD,2013-06-17,0,1.5204598277753843e-06,1.0
0000882291,AEMD,2013-06-18,0,1.5204598277753843e-06,1.0
0000882291,AEMD,2013-06-19,0,1.5204598277753843e-06,1.0
0000882291,AEMD,2013-06-20,0,1.5204598277753843e-06,1.0
0000882291,AEMD,2013-06-21,0,1.5204598277753843e-06,1.0
0000882291,AEMD,2013-06-24,0,1.5204598277753843e-06,1.0
0000882291,AEMD,2013-06-25,0,1.5204598277753843e-06,1.0
0000882291,AEMD,2013-06-26,0,1.5204598277753843e-06,1.0
0000882291,AEMD,2013-06-27,0,1.5204598277753843e-06,1.0
0000882291,AEMD,2013-06-28,0,1.5204598277753843e-06,1.0
0000882291,AEMD,2013-07-01,0,1.5204598277753843e-06,1.0
0000882291,AEMD,2013-07-02,0,1.5204598277753843e-06,1.0
0000882291,AEMD,2013-07-03,0,1.5204598277753843e-06,1.0
0000882291,AEMD,2013-07-04,0,1.5204598277753843e-06,1.0
0000882291,AEMD,2013-07-05,0,1.5204598277753843e-06,1.0
0000882291,AEMD,2013-07-08,0,1.5204598277753843e-06,1.0
0000882291,AEMD,2013-07-09,0,1.5204598277753843e-06,1.0
0000882291,AEMD,2013-07-10,0,1.5204598277753843e-06,1.0
0000882291,AEMD,2013-07-11,0,1.5204598277753843e-06,1.0
0000882291,AEMD,2013-07-12,0,1.5204598277753843e-06,1.0
0000882291,AEMD,2013-07-15,0,7.557130239796134e-05,1.0
0000882291,AEMD,2013-07-16,0,4.993334742766872e-08,1.0
0000882291,AEMD,2013-07-17,0,4.993334742766872e-08,1.0
0000882291,AEMD,2013-07-18,0,4.993334742766872e-08,1.0
0000882291,AEMD,2013-07-19,0,4.993334742766872e-08,1.0
0000882291,AEMD,2013-07-22,0,4.993334742766872e-08,1.0
0000882291,AEMD,2013-07-23,0,4.993334742766872e-08,1.0
0000882291,AEMD,2013-07-24,0,4.993334742766872e-08,1.0
0000882291,AEMD,2013-07-25,0,4.993334742766872e-08,1.0
0000882291,AEMD,2013-07-26,0,4.993334742766872e-08,1.0
0000882291,AEMD,2013-07-29,0,4.993334742766872e-08,1.0
0000882291,AEMD,2013-07-30,0,4.993334742766872e-08,1.0
0000882291,AEMD,2013-07-31,0,4.993334742766872e-08,1.0
0000882291,AEMD,2013-08-01,0,4.993334742766872e-08,1.0
0000882291,AEMD,2013-08-02,0,4.993334742766872e-08,1.0
0000882291,AEMD,2013-08-05,0,4.993334742766872e-08,1.0
0000882291,AEMD,2013-08-06,0,4.993334742766872e-08,1.0
0000882291,AEMD,2013-08-07,0,4.993334742766872e-08,1.0
0000882291,AEMD,2013-08-08,0,4.993334742766872e-08,1.0
0000882291,AEMD,2013-08-09,0,4.993334742766872e-08,1.0
0000882291,AEMD,2013-08-12,0,4.993334742766872e-08,1.0
0000882291,AEMD,2013-08-13,0,3.4112455395746105e-08,1.0
0000882291,AEMD,2013-08-14,0,3.4112455395746105e-08,1.0
0000882291,AEMD,2013-08-15,0,2.38446610709289e-10,1.0
0000882291,AEMD,2013-08-16,0,2.38446610709289e-10,1.0
0000882291,AEMD,2013-08-19,0,2.38446610709289e-10,1.0
0000882291,AEMD,2013-08-20,0,2.38446610709289e-10,1.0
0000882291,AEMD,2013-08-21,0,2.38446610709289e-10,1.0
0000882291,AEMD,2013-08-22,0,2.38446610709289e-10,1.0
0000882291,AEMD,2013-08-23,0,2.38446610709289e-10,1.0
0000882291,AEMD,2013-08-26,0,2.38446610709289e-10,1.0
0000882291,AEMD,2013-08-27,0,2.38446610709289e-10,1.0
0000882291,AEMD,2013-08-28,0,2.38446610709289e-10,1.0
0000882291,AEMD,2013-08-29,0,2.38446610709289e-10,1.0
0000882291,AEMD,2013-08-30,0,2.38446610709289e-10,1.0
0000882291,AEMD,2013-09-02,0,2.38446610709289e-10,1.0
0000882291,AEMD,2013-09-03,0,2.38446610709289e-10,1.0
0000882291,AEMD,2013-09-04,0,2.38446610709289e-10,1.0
0000882291,AEMD,2013-09-05,0,2.38446610709289e-10,1.0
0000882291,AEMD,2013-09-06,0,2.38446610709289e-10,1.0
0000882291,AEMD,2013-09-09,0,2.38446610709289e-10,1.0
0000882291,AEMD,2013-09-10,0,2.38446610709289e-10,1.0
0000882291,AEMD,2013-09-11,0,2.38446610709289e-10,1.0
0000882291,AEMD,2013-09-12,0,1.1496704182290905e-10,1.0
0000882291,AEMD,2013-09-13,0,1.1496704182290905e-10,1.0
0000882291,AEMD,2013-09-16,0,1.1496704182290905e-10,1.0
0000882291,AEMD,2013-09-17,0,1.1496704182290905e-10,1.0
0000882291,AEMD,2013-09-18,0,1.1496704182290905e-10,1.0
0000882291,AEMD,2013-09-19,0,1.1496704182290905e-10,1.0
0000882291,AEMD,2013-09-20,0,1.1496704182290905e-10,1.0
0000882291,AEMD,2013-09-23,0,1.1496704182290905e-10,1.0
0000882291,AEMD,2013-09-24,0,1.1496704182290905e-10,1.0
0000882291,AEMD,2013-09-25,0,1.1496704182290905e-10,1.0
0000882291,AEMD,2013-09-26,0,1.1496704182290905e-10,1.0
0000882291,AEMD,2013-09-27,0,1.1496704182290905e-10,1.0
0000882291,AEMD,2013-09-30,0,1.1496704182290905e-10,1.0
0000882291,AEMD,2013-10-01,0,1.1496704182290905e-10,1.0
0000882291,AEMD,2013-10-02,0,1.1496704182290905e-10,1.0
0000882291,AEMD,2013-10-03,0,1.1496704182290905e-10,1.0
0000882291,AEMD,2013-10-04,0,1.1496704182290905e-10,1.0
0000882291,AEMD,2013-10-07,0,1.1496704182290905e-10,1.0
0000882291,AEMD,2013-10-08,0,1.1496704182290905e-10,1.0
0000882291,AEMD,2013-10-09,0,1.1496704182290905e-10,1.0
0000882291,AEMD,2013-10-10,0,1.1496704182290905e-10,1.0
0000882291,AEMD,2013-10-11,0,1.1496704182290905e-10,1.0
0000882291,AEMD,2013-10-14,0,2.938782232202271e-07,1.0
0000882291,AEMD,2013-10-15,0,2.938782232202271e-07,1.0
0000882291,AEMD,2013-10-16,0,2.938782232202271e-07,1.0
0000882291,AEMD,2013-10-17,0,2.938782232202271e-07,1.0
0000882291,AEMD,2013-10-18,0,2.938782232202271e-07,1.0
0000882291,AEMD,2013-10-21,0,2.938782232202271e-07,1.0
0000882291,AEMD,2013-10-22,0,2.938782232202271e-07,1.0
0000882291,AEMD,2013-10-23,0,2.938782232202271e-07,1.0
0000882291,AEMD,2013-10-24,0,2.938782232202271e-07,1.0
0000882291,AEMD,2013-10-25,0,2.938782232202271e-07,1.0
0000882291,AEMD,2013-10-28,0,2.938782232202271e-07,1.0
0000882291,AEMD,2013-10-29,0,2.938782232202271e-07,1.0
0000882291,AEMD,2013-10-30,0,2.938782232202271e-07,1.0
0000882291,AEMD,2013-10-31,0,2.938782232202271e-07,1.0
0000882291,AEMD,2013-11-01,0,2.938782232202271e-07,1.0
0000882291,AEMD,2013-11-04,0,2.938782232202271e-07,1.0
0000882291,AEMD,2013-11-05,0,2.938782232202271e-07,1.0
0000882291,AEMD,2013-11-06,0,7.646675223182712e-09,1.0
0000882291,AEMD,2013-11-07,0,7.646675223182712e-09,1.0
0000882291,AEMD,2013-11-08,0,7.646675223182712e-09,1.0
0000882291,AEMD,2013-11-11,0,1.9981286507324812e-08,1.0
0000882291,AEMD,2013-11-12,0,1.9981286507324812e-08,1.0
0000882291,AEMD,2013-11-13,0,1.9981286507324812e-08,1.0
0000882291,AEMD,2013-11-14,0,7.503428744749141e-09,1.0
0000882291,AEMD,2013-11-15,0,7.503428744749141e-09,1.0
0000882291,AEMD,2013-11-18,0,7.503428744749141e-09,1.0
0000882291,AEMD,2013-11-19,0,7.503428744749141e-09,1.0
0000882291,AEMD,2013-11-20,0,7.503428744749141e-09,1.0
0000882291,AEMD,2013-11-21,0,5.83025112522354e-09,1.0
0000882291,AEMD,2013-11-22,0,5.745641831323774e-09,1.0
0000882291,AEMD,2013-11-25,0,5.745641831323774e-09,1.0
0000882291,AEMD,2013-11-26,0,5.745641831323774e-09,1.0
0000882291,AEMD,2013-11-27,0,5.745641831323774e-09,1.0
0000882291,AEMD,2013-11-28,0,5.745641831323774e-09,1.0
0000882291,AEMD,2013-11-29,0,5.745641831323774e-09,1.0
0000882291,AEMD,2013-12-02,0,5.745641831323774e-09,1.0
0000882291,AEMD,2013-12-03,0,5.745641831323774e-09,1.0
0000882291,AEMD,2013-12-04,0,5.745641831323774e-09,1.0
0000882291,AEMD,2013-12-05,0,5.745641831323774e-09,1.0
0000882291,AEMD,2013-12-06,0,5.561587670449792e-09,1.0
0000882291,AEMD,2013-12-09,0,5.561587670449792e-09,1.0
0000882291,AEMD,2013-12-10,0,5.561587670449792e-09,1.0
0000882291,AEMD,2013-12-11,0,5.561587670449792e-09,1.0
0000882291,AEMD,2013-12-12,0,5.561587670449792e-09,1.0
0000882291,AEMD,2013-12-13,0,5.561587670449792e-09,1.0
0000882291,AEMD,2013-12-16,0,2.1683982021960673e-09,1.0
0000882291,AEMD,2013-12-17,0,2.1369301509058525e-09,1.0
0000882291,AEMD,2013-12-18,0,2.1369301509058525e-09,1.0
0000882291,AEMD,2013-12-19,0,2.1369301509058525e-09,1.0
0000882291,AEMD,2013-12-20,0,2.1369301509058525e-09,1.0
0000882291,AEMD,2013-12-23,0,2.0472958483474644e-09,1.0
0000882291,AEMD,2013-12-24,0,2.0472958483474644e-09,1.0
0000882291,AEMD,2013-12-25,0,2.0472958483474644e-09,1.0
0000882291,AEMD,2013-12-26,0,2.0472958483474644e-09,1.0
0000882291,AEMD,2013-12-27,0,2.0472958483474644e-09,1.0
0000882291,AEMD,2013-12-30,0,2.0472958483474644e-09,1.0
0000882291,AEMD,2013-12-31,0,2.0472958483474644e-09,1.0
0000882291,AEMD,2014-01-01,0,2.0472958483474644e-09,1.0
0000882291,AEMD,2014-01-02,0,2.0472958483474644e-09,1.0
0000882291,AEMD,2014-01-03,0,2.0472958483474644e-09,1.0
0000882291,AEMD,2014-01-06,0,2.0472958483474644e-09,1.0
0000882291,AEMD,2014-01-07,0,2.0472958483474644e-09,1.0
0000882291,AEMD,2014-01-08,0,1.5907726074328242e-09,1.0
0000882291,AEMD,2014-01-09,0,1.5907726074328242e-09,1.0
0000882291,AEMD,2014-01-10,0,1.5907726074328242e-09,1.0
0000882291,AEMD,2014-01-13,0,9.006601817006327e-09,1.0
0000882291,AEMD,2014-01-14,0,9.006601817006327e-09,1.0
0000882291,AEMD,2014-01-15,0,8.718087046474465e-09,1.0
0000882291,AEMD,2014-01-16,0,8.628816671978107e-09,1.0
0000882291,AEMD,2014-01-17,0,8.628816671978107e-09,1.0
0000882291,AEMD,2014-01-20,0,8.628816671978107e-09,1.0
0000882291,AEMD,2014-01-21,0,8.628816671978107e-09,1.0
0000882291,AEMD,2014-01-22,0,8.628816671978107e-09,1.0
0000882291,AEMD,2014-01-23,0,8.628816671978107e-09,1.0
0000882291,AEMD,2014-01-24,0,8.628816671978107e-09,1.0
0000882291,AEMD,2014-01-27,0,8.628816671978107e-09,1.0
0000882291,AEMD,2014-01-28,0,8.628816671978107e-09,1.0
0000882291,AEMD,2014-01-29,0,8.628816671978107e-09,1.0
0000882291,AEMD,2014-01-30,0,8.628816671978107e-09,1.0
0000882291,AEMD,2014-01-31,0,8.628816671978107e-09,1.0
0000882291,AEMD,2014-02-03,0,8.628816671978107e-09,1.0
0000882291,AEMD,2014-02-04,0,1.1034518881990618e-08,1.0
0000882291,AEMD,2014-02-05,0,1.1034518881990618e-08,1.0
0000882291,AEMD,2014-02-06,0,1.1034518881990618e-08,1.0
0000882291,AEMD,2014-02-07,0,6.5965531560644375e-09,1.0
0000882291,AEMD,2014-02-10,0,7.54380359481568e-09,1.0
0000882291,AEMD,2014-02-11,0,4.078106461577695e-09,1.0
0000882291,AEMD,2014-02-12,0,1.7606193267157855e-08,1.0
0000882291,AEMD,2014-02-13,0,1.7606193267157855e-08,1.0
0000882291,AEMD,2014-02-14,0,1.7606193267157855e-08,1.0
0000882291,AEMD,2014-02-17,0,1.7606193267157855e-08,1.0
0000882291,AEMD,2014-02-18,0,1.7606193267157855e-08,1.0
0000882291,AEMD,2014-02-19,0,2.2514775657603996e-08,1.0
0000882291,AEMD,2014-02-20,0,2.3011679881532518e-08,1.0
0000882291,AEMD,2014-02-21,0,2.3011679881532518e-08,1.0
0000882291,AEMD,2014-02-24,0,2.3011679881532518e-08,1.0
0000882291,AEMD,2014-02-25,0,2.3011679881532518e-08,1.0
0000882291,AEMD,2014-02-26,0,2.3011679881532518e-08,1.0
0000882291,AEMD,2014-02-27,0,1.8155137501404965e-08,1.0
0000882291,AEMD,2014-02-28,0,1.8155137501404965e-08,1.0
0000882291,AEMD,2014-03-03,0,1.8155137501404965e-08,1.0
0000882291,AEMD,2014-03-04,0,1.8155137501404965e-08,1.0
0000882291,AEMD,2014-03-05,0,1.8155137501404965e-08,1.0
0000882291,AEMD,2014-03-06,0,1.8155137501404965e-08,1.0
0000882291,AEMD,2014-03-07,0,1.8155137501404965e-08,1.0
0000882291,AEMD,2014-03-10,0,1.8155137501404965e-08,1.0
0000882291,AEMD,2014-03-11,0,1.8155137501404965e-08,1.0
0000882291,AEMD,2014-03-12,0,1.8155137501404965e-08,1.0
0000882291,AEMD,2014-03-13,0,1.8155137501404965e-08,1.0
0000882291,AEMD,2014-03-14,0,9.690184613766716e-09,1.0
0000882291,AEMD,2014-03-17,0,1.2391794741240122e-08,1.0
0000882291,AEMD,2014-03-18,0,1.2665283374052956e-08,1.0
0000882291,AEMD,2014-03-19,0,1.2665283374052956e-08,1.0
0000882291,AEMD,2014-03-20,0,1.2665283374052956e-08,1.0
0000882291,AEMD,2014-03-21,0,1.2665283374052956e-08,1.0
0000882291,AEMD,2014-03-24,0,1.2665283374052956e-08,1.0
0000882291,AEMD,2014-03-25,0,1.2665283374052956e-08,1.0
0000882291,AEMD,2014-03-26,0,1.2665283374052956e-08,1.0
0000882291,AEMD,2014-03-27,0,1.2665283374052956e-08,1.0
0000882291,AEMD,2014-03-28,0,1.2665283374052956e-08,1.0
0000882291,AEMD,2014-03-31,0,6.623218916407254e-09,1.0
0000882291,AEMD,2014-04-01,0,6.623218916407254e-09,1.0
0000882291,AEMD,2014-04-02,0,6.623218916407254e-09,1.0
0000882291,AEMD,2014-04-03,0,6.623218916407254e-09,1.0
0000882291,AEMD,2014-04-04,0,6.623218916407254e-09,1.0
0000882291,AEMD,2014-04-07,0,9.504550628387224e-09,1.0
0000882291,AEMD,2014-04-08,0,9.504550628387224e-09,1.0
0000882291,AEMD,2014-04-09,0,1.2154406256973537e-08,1.0
0000882291,AEMD,2014-04-10,0,1.2154406256973537e-08,1.0
0000882291,AEMD,2014-04-11,0,1.2154406256973537e-08,1.0
0000882291,AEMD,2014-04-14,0,1.2154406256973537e-08,1.0
0000882291,AEMD,2014-04-15,0,1.2154406256973537e-08,1.0
0000882291,AEMD,2014-04-16,0,1.2154406256973537e-08,1.0
0000882291,AEMD,2014-04-17,0,1.2154406256973537e-08,1.0
0000882291,AEMD,2014-04-18,0,1.2154406256973537e-08,1.0
0000882291,AEMD,2014-04-21,0,1.2154406256973537e-08,1.0
0000882291,AEMD,2014-04-22,0,1.2154406256973537e-08,1.0
0000882291,AEMD,2014-04-23,0,1.2154406256973537e-08,1.0
0000882291,AEMD,2014-04-24,0,1.2154406256973537e-08,1.0
0000882291,AEMD,2014-04-25,0,1.2154406256973537e-08,1.0
0000882291,AEMD,2014-04-28,0,1.2154406256973537e-08,1.0
0000882291,AEMD,2014-04-29,0,1.2154406256973537e-08,1.0
0000882291,AEMD,2014-04-30,0,1.2154406256973537e-08,1.0
0000882291,AEMD,2014-05-01,0,1.2154406256973537e-08,1.0
0000882291,AEMD,2014-05-02,0,1.2154406256973537e-08,1.0
0000882291,AEMD,2014-05-05,0,1.2154406256973537e-08,1.0
0000882291,AEMD,2014-05-06,0,1.2645463539880325e-08,1.0
0000882291,AEMD,2014-05-07,0,8.293312844253434e-09,1.0
0000882291,AEMD,2014-05-08,0,8.293312844253434e-09,1.0
0000882291,AEMD,2014-05-09,0,8.293312844253434e-09,1.0
0000882291,AEMD,2014-05-12,0,8.293312844253434e-09,1.0
0000882291,AEMD,2014-05-13,0,3.140875695367121e-08,1.0
0000882291,AEMD,2014-05-14,0,3.8528765988182155e-08,1.0
0000882291,AEMD,2014-05-15,0,3.8528765988182155e-08,1.0
0000882291,AEMD,2014-05-16,0,3.8528765988182155e-08,1.0
0000882291,AEMD,2014-05-19,0,3.8528765988182155e-08,1.0
0000882291,AEMD,2014-05-20,0,3.8528765988182155e-08,1.0
0000882291,AEMD,2014-05-21,0,4.0085389176574784e-08,1.0
0000882291,AEMD,2014-05-22,0,4.020781728183794e-08,1.0
0000882291,AEMD,2014-05-23,0,3.9929760137771904e-08,1.0
0000882291,AEMD,2014-05-26,0,3.9929760137771904e-08,1.0
0000882291,AEMD,2014-05-27,0,3.9929760137771904e-08,1.0
0000882291,AEMD,2014-05-28,0,3.9929760137771904e-08,1.0
0000882291,AEMD,2014-05-29,0,6.781846451477784e-08,1.0
0000882291,AEMD,2014-05-30,0,6.781846451477784e-08,1.0
0000882291,AEMD,2014-06-02,0,6.781846451477784e-08,1.0
0000882291,AEMD,2014-06-03,0,6.781846451477784e-08,1.0
0000882291,AEMD,2014-06-04,0,6.781846451477784e-08,1.0
0000882291,AEMD,2014-06-05,0,6.781846451477784e-08,1.0
0000882291,AEMD,2014-06-06,0,6.781846451477784e-08,1.0
0000882291,AEMD,2014-06-09,0,6.781846451477784e-08,1.0
0000882291,AEMD,2014-06-10,0,6.781846451477784e-08,1.0
0000882291,AEMD,2014-06-11,0,6.781846451477784e-08,1.0
0000882291,AEMD,2014-06-12,0,6.781846451477784e-08,1.0
0000882291,AEMD,2014-06-13,0,6.781846451477784e-08,1.0
0000882291,AEMD,2014-06-16,0,7.077393620394714e-08,1.0
0000882291,AEMD,2014-06-17,0,7.077393620394714e-08,1.0
0000882291,AEMD,2014-06-18,0,7.077393620394714e-08,1.0
0000882291,AEMD,2014-06-19,0,7.077393620394714e-08,1.0
0000882291,AEMD,2014-06-20,0,7.077393620394714e-08,1.0
0000882291,AEMD,2014-06-23,0,6.634925257433608e-08,1.0
0000882291,AEMD,2014-06-24,0,6.634925257433608e-08,1.0
0000882291,AEMD,2014-06-25,0,6.634925257433608e-08,1.0
0000882291,AEMD,2014-06-26,0,6.634925257433608e-08,1.0
0000882291,AEMD,2014-06-27,0,6.634925257433608e-08,1.0
0000882291,AEMD,2014-06-30,0,9.247004727557978e-08,1.0
0000882291,AEMD,2014-07-01,0,9.247004727557978e-08,1.0
0000882291,AEMD,2014-07-02,0,9.247004727557978e-08,1.0
0000882291,AEMD,2014-07-03,0,9.247004727557978e-08,1.0
0000882291,AEMD,2014-07-04,0,9.247004727557978e-08,1.0
0000882291,AEMD,2014-07-07,0,9.715763555819487e-08,1.0
0000882291,AEMD,2014-07-08,0,1.0108295772554732e-07,1.0
0000882291,AEMD,2014-07-09,0,1.0108295772554732e-07,1.0
0000882291,AEMD,2014-07-10,0,8.700544402080657e-08,1.0
0000882291,AEMD,2014-07-11,0,8.700544402080657e-08,1.0
0000882291,AEMD,2014-07-14,0,8.700544402080657e-08,1.0
0000882291,AEMD,2014-07-15,0,5.636314065904912e-08,1.0
0000882291,AEMD,2014-07-16,0,5.636314065904912e-08,1.0
0000882291,AEMD,2014-07-17,0,5.636314065904912e-08,1.0
0000882291,AEMD,2014-07-18,0,5.636314065904912e-08,1.0
0000882291,AEMD,2014-07-21,0,5.636314065904912e-08,1.0
0000882291,AEMD,2014-07-22,0,5.636314065904912e-08,1.0
0000882291,AEMD,2014-07-23,0,5.636314065904912e-08,1.0
0000882291,AEMD,2014-07-24,0,5.636314065904912e-08,1.0
0000882291,AEMD,2014-07-25,0,5.636314065904912e-08,1.0
0000882291,AEMD,2014-07-28,0,5.014244342876068e-08,1.0
0000882291,AEMD,2014-07-29,0,5.014244342876068e-08,1.0
0000882291,AEMD,2014-07-30,0,5.216214508238859e-08,1.0
0000882291,AEMD,2014-07-31,0,5.216214508238859e-08,1.0
0000882291,AEMD,2014-08-01,0,5.216214508238859e-08,1.0
0000882291,AEMD,2014-08-04,0,5.216214508238859e-08,1.0
0000882291,AEMD,2014-08-05,0,5.216214508238859e-08,1.0
0000882291,AEMD,2014-08-06,0,5.216214508238859e-08,1.0
0000882291,AEMD,2014-08-07,0,5.216214508238859e-08,1.0
0000882291,AEMD,2014-08-08,0,5.216214508238859e-08,1.0
0000882291,AEMD,2014-08-11,0,6.53571914187686e-08,1.0
0000882291,AEMD,2014-08-12,0,6.53571914187686e-08,1.0
0000882291,AEMD,2014-08-13,0,6.53571914187686e-08,1.0
0000882291,AEMD,2014-08-14,0,5.033048105371366e-09,1.0
0000882291,AEMD,2014-08-15,0,5.033048105371366e-09,1.0
0000882291,AEMD,2014-08-18,0,5.033048105371366e-09,1.0
0000882291,AEMD,2014-08-19,0,5.033048105371366e-09,1.0
0000882291,AEMD,2014-08-20,0,5.033048105371366e-09,1.0
0000882291,AEMD,2014-08-21,0,5.318894792187955e-09,1.0
0000882291,AEMD,2014-08-22,0,5.318894792187955e-09,1.0
0000882291,AEMD,2014-08-25,0,5.318894792187955e-09,1.0
0000882291,AEMD,2014-08-26,0,5.318894792187955e-09,1.0
0000882291,AEMD,2014-08-27,0,5.3024898704105955e-09,1.0
0000882291,AEMD,2014-08-28,0,5.3024898704105955e-09,1.0
0000882291,AEMD,2014-08-29,0,5.3024898704105955e-09,1.0
0000882291,AEMD,2014-09-01,0,5.3024898704105955e-09,1.0
0000882291,AEMD,2014-09-02,0,5.3024898704105955e-09,1.0
0000882291,AEMD,2014-09-03,0,5.3024898704105955e-09,1.0
0000882291,AEMD,2014-09-04,0,5.3024898704105955e-09,1.0
0000882291,AEMD,2014-09-05,0,5.3024898704105955e-09,1.0
0000882291,AEMD,2014-09-08,0,5.3024898704105955e-09,1.0
0000882291,AEMD,2014-09-09,0,5.3024898704105955e-09,1.0
0000882291,AEMD,2014-09-10,0,5.3024898704105955e-09,1.0
0000882291,AEMD,2014-09-11,0,5.3024898704105955e-09,1.0
0000882291,AEMD,2014-09-12,0,5.3024898704105955e-09,1.0
0000882291,AEMD,2014-09-15,0,2.952850616067787e-09,1.0
0000882291,AEMD,2014-09-16,0,2.952850616067787e-09,1.0
0000882291,AEMD,2014-09-17,0,2.952850616067787e-09,1.0
0000882291,AEMD,2014-09-18,0,2.952850616067787e-09,1.0
0000882291,AEMD,2014-09-19,0,2.952850616067787e-09,1.0
0000882291,AEMD,2014-09-22,0,2.952850616067787e-09,1.0
0000882291,AEMD,2014-09-23,0,2.952850616067787e-09,1.0
0000882291,AEMD,2014-09-24,0,2.952850616067787e-09,1.0
0000882291,AEMD,2014-09-25,0,2.952850616067787e-09,1.0
0000882291,AEMD,2014-09-26,0,2.952850616067787e-09,1.0
0000882291,AEMD,2014-09-29,0,3.2409978018771023e-09,1.0
0000882291,AEMD,2014-09-30,0,3.2409978018771023e-09,1.0
0000882291,AEMD,2014-10-01,0,3.2409978018771023e-09,1.0
0000882291,AEMD,2014-10-02,0,3.5789062652088017e-09,1.0
0000882291,AEMD,2014-10-03,0,3.5789062652088017e-09,1.0
0000882291,AEMD,2014-10-06,0,3.6226951482380925e-09,1.0
0000882291,AEMD,2014-10-07,0,3.6226951482380925e-09,1.0
0000882291,AEMD,2014-10-08,0,3.976207583158519e-09,1.0
0000882291,AEMD,2014-10-09,0,3.976207583158519e-09,1.0
0000882291,AEMD,2014-10-10,0,3.976207583158519e-09,1.0
0000882291,AEMD,2014-10-13,0,1.8545545756089756e-08,1.0
0000882291,AEMD,2014-10-14,0,1.8545545756089756e-08,1.0
0000882291,AEMD,2014-10-15,0,1.8545545756089756e-08,1.0
0000882291,AEMD,2014-10-16,0,1.8545545756089756e-08,1.0
0000882291,AEMD,2014-10-17,0,1.8545545756089756e-08,1.0
0000882291,AEMD,2014-10-20,0,1.8545545756089756e-08,1.0
0000882291,AEMD,2014-10-21,0,1.8545545756089756e-08,1.0
0000882291,AEMD,2014-10-22,0,1.8545545756089756e-08,1.0
0000882291,AEMD,2014-10-23,0,1.8545545756089756e-08,1.0
0000882291,AEMD,2014-10-24,0,1.8545545756089756e-08,1.0
0000882291,AEMD,2014-10-27,0,2.706956400062656e-08,1.0
0000882291,AEMD,2014-10-28,0,2.706956400062656e-08,1.0
0000882291,AEMD,2014-10-29,0,2.706956400062656e-08,1.0
0000882291,AEMD,2014-10-30,0,2.706956400062656e-08,1.0
0000882291,AEMD,2014-10-31,0,2.706956400062656e-08,1.0
0000882291,AEMD,2014-11-03,0,2.3652884865717968e-08,1.0
0000882291,AEMD,2014-11-04,0,2.3652884865717968e-08,1.0
0000882291,AEMD,2014-11-05,0,2.3652884865717968e-08,1.0
0000882291,AEMD,2014-11-06,0,2.3652884865717968e-08,1.0
0000882291,AEMD,2014-11-07,0,2.3652884865717968e-08,1.0
0000882291,AEMD,2014-11-10,0,1.0741221854520948e-08,1.0
0000882291,AEMD,2014-11-11,0,1.0741221854520948e-08,1.0
0000882291,AEMD,2014-11-12,0,2.0676388687566624e-08,1.0
0000882291,AEMD,2014-11-13,0,2.0676388687566624e-08,1.0
0000882291,AEMD,2014-11-14,0,2.0676388687566624e-08,1.0
0000882291,AEMD,2014-11-17,0,2.0676388687566624e-08,1.0
0000882291,AEMD,2014-11-18,0,2.0676388687566624e-08,1.0
0000882291,AEMD,2014-11-19,0,2.1056628348916414e-08,1.0
0000882291,AEMD,2014-11-20,0,2.1056628348916414e-08,1.0
0000882291,AEMD,2014-11-21,0,2.1056628348916414e-08,1.0
0000882291,AEMD,2014-11-24,0,2.1056628348916414e-08,1.0
0000882291,AEMD,2014-11-25,0,2.1056628348916414e-08,1.0
0000882291,AEMD,2014-11-26,0,2.0000416403421058e-08,1.0
0000882291,AEMD,2014-11-27,0,2.1449303831415433e-08,1.0
0000882291,AEMD,2014-11-28,0,2.1449303831415433e-08,1.0
0000882291,AEMD,2014-12-01,0,2.1449303831415433e-08,1.0
0000882291,AEMD,2014-12-02,0,2.1449303831415433e-08,1.0
0000882291,AEMD,2014-12-03,0,1.7998182910660393e-08,1.0
0000882291,AEMD,2014-12-04,0,1.7998182910660393e-08,1.0
0000882291,AEMD,2014-12-05,0,1.7998182910660393e-08,1.0
0000882291,AEMD,2014-12-08,0,1.7998182910660393e-08,1.0
0000882291,AEMD,2014-12-09,0,1.7998182910660393e-08,1.0
0000882291,AEMD,2014-12-10,0,1.0324068608689482e-08,1.0
0000882291,AEMD,2014-12-11,0,1.0324068608689482e-08,1.0
0000882291,AEMD,2014-12-12,0,1.0324068608689482e-08,1.0
0000882291,AEMD,2014-12-15,0,1.0324068608689482e-08,1.0
0000882291,AEMD,2014-12-16,0,1.0324068608689482e-08,1.0
0000882291,AEMD,2014-12-17,0,1.0324068608689482e-08,1.0
0000882291,AEMD,2014-12-18,0,1.0324068608689482e-08,1.0
0000882291,AEMD,2014-12-19,0,1.0324068608689482e-08,1.0
0000882291,AEMD,2014-12-22,0,1.0324068608689482e-08,1.0
0000882291,AEMD,2014-12-23,0,1.0324068608689482e-08,1.0
0000882291,AEMD,2014-12-24,0,1.0324068608689482e-08,1.0
0000882291,AEMD,2014-12-25,0,1.0324068608689482e-08,1.0
0000882291,AEMD,2014-12-26,0,1.0324068608689482e-08,1.0
0000882291,AEMD,2014-12-29,0,9.00003238923522e-09,1.0
0000882291,AEMD,2014-12-30,0,9.00003238923522e-09,1.0
0000882291,AEMD,2014-12-31,0,2.3363631082979002e-08,1.0
0000882291,AEMD,2015-01-01,0,2.3363631082979002e-08,1.0
0000882291,AEMD,2015-01-02,0,2.064908604456493e-08,1.0
0000882291,AEMD,2015-01-05,0,2.064908604456493e-08,1.0
0000882291,AEMD,2015-01-06,0,2.1029603576438144e-08,1.0
0000882291,AEMD,2015-01-07,0,2.1029603576438144e-08,1.0
0000882291,AEMD,2015-01-08,0,2.1029603576438144e-08,1.0
0000882291,AEMD,2015-01-09,0,2.1029603576438144e-08,1.0
0000882291,AEMD,2015-01-12,0,3.279286521561644e-08,1.0
0000882291,AEMD,2015-01-13,0,3.279286521561644e-08,1.0
0000882291,AEMD,2015-01-14,0,3.279286521561644e-08,1.0
0000882291,AEMD,2015-01-15,0,3.279286521561644e-08,1.0
0000882291,AEMD,2015-01-16,0,3.279286521561644e-08,1.0
0000882291,AEMD,2015-01-19,0,3.279286521561644e-08,1.0
0000882291,AEMD,2015-01-20,0,3.279286521561644e-08,1.0
0000882291,AEMD,2015-01-21,0,3.279286521561644e-08,1.0
0000882291,AEMD,2015-01-22,0,3.279286521561644e-08,1.0
0000882291,AEMD,2015-01-23,0,3.279286521561644e-08,1.0
0000882291,AEMD,2015-01-26,0,3.747813830540965e-08,1.0
0000882291,AEMD,2015-01-27,0,3.747813830540965e-08,1.0
0000882291,AEMD,2015-01-28,0,3.747813830540965e-08,1.0
0000882291,AEMD,2015-01-29,0,3.747813830540965e-08,1.0
0000882291,AEMD,2015-01-30,0,3.238823994008614e-10,1.0
0000882291,AEMD,2015-02-02,0,3.238823994008614e-10,1.0
0000882291,AEMD,2015-02-03,0,3.238823994008614e-10,1.0
0000882291,AEMD,2015-02-04,0,3.238823994008614e-10,1.0
0000882291,AEMD,2015-02-05,0,3.238823994008614e-10,1.0
0000882291,AEMD,2015-02-06,0,3.238823994008614e-10,1.0
0000882291,AEMD,2015-02-09,0,1.052798256485867e-09,1.0
0000882291,AEMD,2015-02-10,0,1.153657668322751e-09,1.0
0000882291,AEMD,2015-02-11,0,5.882342327082809e-10,1.0
0000882291,AEMD,2015-02-12,0,5.882342327082809e-10,1.0
0000882291,AEMD,2015-02-13,0,5.882342327082809e-10,1.0
0000882291,AEMD,2015-02-16,0,5.882342327082809e-10,1.0
0000882291,AEMD,2015-02-17,0,5.882342327082809e-10,1.0
0000882291,AEMD,2015-02-18,0,5.882342327082809e-10,1.0
0000882291,AEMD,2015-02-19,0,5.882342327082809e-10,1.0
0000882291,AEMD,2015-02-20,0,5.882342327082809e-10,1.0
0000882291,AEMD,2015-02-23,0,5.882342327082809e-10,1.0
0000882291,AEMD,2015-02-24,0,5.882342327082809e-10,1.0
0000882291,AEMD,2015-02-25,0,6.316941496012896e-10,1.0
0000882291,AEMD,2015-02-26,0,6.316941496012896e-10,1.0
0000882291,AEMD,2015-02-27,0,6.316941496012896e-10,1.0
0000882291,AEMD,2015-03-02,0,6.316941496012896e-10,1.0
0000882291,AEMD,2015-03-03,0,8.208716496066728e-10,1.0
0000882291,AEMD,2015-03-04,0,8.208716496066728e-10,1.0
0000882291,AEMD,2015-03-05,0,8.208716496066728e-10,1.0
0000882291,AEMD,2015-03-06,0,8.208716496066728e-10,1.0
0000882291,AEMD,2015-03-09,0,8.208716496066728e-10,1.0
0000882291,AEMD,2015-03-10,0,8.208716496066728e-10,1.0
0000882291,AEMD,2015-03-11,0,8.208716496066728e-10,1.0
0000882291,AEMD,2015-03-12,0,8.208716496066728e-10,1.0
0000882291,AEMD,2015-03-13,0,8.208716496066728e-10,1.0
0000882291,AEMD,2015-03-16,0,3.188513957006565e-10,1.0
0000882291,AEMD,2015-03-17,0,3.520950422830873e-10,1.0
0000882291,AEMD,2015-03-18,0,3.520950422830873e-10,1.0
0000882291,AEMD,2015-03-19,0,3.520950422830873e-10,1.0
0000882291,AEMD,2015-03-20,0,3.520950422830873e-10,1.0
0000882291,AEMD,2015-03-23,0,3.520950422830873e-10,1.0
0000882291,AEMD,2015-03-24,0,3.520950422830873e-10,1.0
0000882291,AEMD,2015-03-25,0,3.520950422830873e-10,1.0
0000882291,AEMD,2015-03-26,0,3.520950422830873e-10,1.0
0000882291,AEMD,2015-03-27,0,3.520950422830873e-10,1.0
0000882291,AEMD,2015-03-30,0,3.520950422830873e-10,1.0
0000882291,AEMD,2015-03-31,0,3.553178144716067e-10,1.0
0000882291,AEMD,2015-04-01,0,4.263332969751288e-09,1.0
0000882291,AEMD,2015-04-02,0,4.263332969751288e-09,1.0
0000882291,AEMD,2015-04-03,0,4.263332969751288e-09,1.0
0000882291,AEMD,2015-04-06,0,4.263332969751288e-09,1.0
0000882291,AEMD,2015-04-07,0,4.263332969751288e-09,1.0
0000882291,AEMD,2015-04-08,0,4.263332969751288e-09,1.0
0000882291,AEMD,2015-04-09,0,4.263332969751288e-09,1.0
0000882291,AEMD,2015-04-10,0,4.263332969751288e-09,1.0
0000882291,AEMD,2015-04-13,0,4.263332969751288e-09,1.0
0000882291,AEMD,2015-04-14,0,4.263332969751288e-09,1.0
0000882291,AEMD,2015-04-15,0,8.426654172363455e-08,1.0
0000882291,AEMD,2015-04-16,0,9.040969320303795e-08,1.0
0000882291,AEMD,2015-04-17,0,9.040969320303795e-08,1.0
0000882291,AEMD,2015-04-20,0,4.7559660352421486e-08,1.0
0000882291,AEMD,2015-04-21,0,4.7559660352421486e-08,1.0
0000882291,AEMD,2015-04-22,0,4.7559660352421486e-08,1.0
0000882291,AEMD,2015-04-23,0,4.7559660352421486e-08,1.0
0000882291,AEMD,2015-04-24,0,4.7559660352421486e-08,1.0
0000882291,AEMD,2015-04-27,0,4.82903897752861e-08,1.0
0000882291,AEMD,2015-04-28,0,4.82903897752861e-08,1.0
0000882291,AEMD,2015-04-29,0,4.82903897752861e-08,1.0
0000882291,AEMD,2015-04-30,0,4.82903897752861e-08,1.0
0000882291,AEMD,2015-05-01,0,4.82903897752861e-08,1.0
0000882291,AEMD,2015-05-04,0,4.82903897752861e-08,1.0
0000882291,AEMD,2015-05-05,0,4.82903897752861e-08,1.0
0000882291,AEMD,2015-05-06,0,4.82903897752861e-08,1.0
0000882291,AEMD,2015-05-07,0,4.82903897752861e-08,1.0
0000882291,AEMD,2015-05-08,0,4.82903897752861e-08,1.0
0000882291,AEMD,2015-05-11,0,5.69348193952281e-08,1.0
0000882291,AEMD,2015-05-12,0,5.69348193952281e-08,1.0
0000882291,AEMD,2015-05-13,0,2.353007877794976e-07,1.0
0000882291,AEMD,2015-05-14,0,2.353007877794976e-07,1.0
0000882291,AEMD,2015-05-15,0,2.5918243071642523e-07,1.0
0000882291,AEMD,2015-05-18,0,2.5918243071642523e-07,1.0
0000882291,AEMD,2015-05-19,0,2.5918243071642523e-07,1.0
0000882291,AEMD,2015-05-20,0,2.170551809860489e-09,1.0
0000882291,AEMD,2015-05-21,0,2.170551809860489e-09,1.0
0000882291,AEMD,2015-05-22,0,2.170551809860489e-09,1.0
0000882291,AEMD,2015-05-25,0,2.170551809860489e-09,1.0
0000882291,AEMD,2015-05-26,0,2.170551809860489e-09,1.0
0000882291,AEMD,2015-05-27,0,2.203819469491912e-09,1.0
0000882291,AEMD,2015-05-28,0,2.203819469491912e-09,1.0
0000882291,AEMD,2015-05-29,0,2.203819469491912e-09,1.0
0000882291,AEMD,2015-06-01,0,2.203819469491912e-09,1.0
0000882291,AEMD,2015-06-02,0,2.2859605723094317e-09,1.0
0000882291,AEMD,2015-06-03,0,2.2859605723094317e-09,1.0
0000882291,AEMD,2015-06-04,0,2.2859605723094317e-09,1.0
0000882291,AEMD,2015-06-05,0,2.2859605723094317e-09,1.0
0000882291,AEMD,2015-06-08,0,2.2859605723094317e-09,1.0
0000882291,AEMD,2015-06-09,0,2.2859605723094317e-09,1.0
0000882291,AEMD,2015-06-10,0,2.2859605723094317e-09,1.0
0000882291,AEMD,2015-06-11,0,2.2859605723094317e-09,1.0
0000882291,AEMD,2015-06-12,0,2.2859605723094317e-09,1.0
0000882291,AEMD,2015-06-15,0,2.3499785323522635e-09,1.0
0000882291,AEMD,2015-06-16,0,2.3499785323522635e-09,1.0
0000882291,AEMD,2015-06-17,0,2.3499785323522635e-09,1.0
0000882291,AEMD,2015-06-18,0,2.3499785323522635e-09,1.0
0000882291,AEMD,2015-06-19,0,2.3499785323522635e-09,1.0
0000882291,AEMD,2015-06-22,0,2.3499785323522635e-09,1.0
0000882291,AEMD,2015-06-23,0,2.3499785323522635e-09,1.0
0000882291,AEMD,2015-06-24,0,3.2276039541111885e-09,1.0
0000882291,AEMD,2015-06-25,0,3.2276039541111885e-09,1.0
0000882291,AEMD,2015-06-26,0,2.5202163912321362e-08,1.0
0000882291,AEMD,2015-06-29,0,2.5202163912321362e-08,1.0
0000882291,AEMD,2015-06-30,0,4.5304204816813484e-08,1.0
0000882291,AEMD,2015-07-01,0,4.5304204816813484e-08,1.0
0000882291,AEMD,2015-07-02,0,4.5304204816813484e-08,1.0
0000882291,AEMD,2015-07-03,0,4.5304204816813484e-08,1.0
0000882291,AEMD,2015-07-06,0,4.5304204816813484e-08,1.0
0000882291,AEMD,2015-07-07,0,4.5304204816813484e-08,1.0
0000882291,AEMD,2015-07-08,0,4.5304204816813484e-08,1.0
0000882291,AEMD,2015-07-09,0,4.5304204816813484e-08,1.0
0000882291,AEMD,2015-07-10,0,4.5304204816813484e-08,1.0
0000882291,AEMD,2015-07-13,0,4.5304204816813484e-08,1.0
0000882291,AEMD,2015-07-14,0,3.249856083878574e-08,1.0
0000882291,AEMD,2015-07-15,0,3.249856083878574e-08,1.0
0000882291,AEMD,2015-07-16,0,3.249856083878574e-08,1.0
0000882291,AEMD,2015-07-17,0,3.249856083878574e-08,1.0
0000882291,AEMD,2015-07-20,0,2.164470565021334e-06,1.0
0000882291,AEMD,2015-07-21,0,2.164470565021334e-06,1.0
0000882291,AEMD,2015-07-22,0,2.164470565021334e-06,1.0
0000882291,AEMD,2015-07-23,0,2.164470565021334e-06,1.0
0000882291,AEMD,2015-07-24,0,6.350816055642922e-07,1.0
0000882291,AEMD,2015-07-27,0,2.9443913405512074e-07,1.0
0000882291,AEMD,2015-07-28,0,2.9443913405512074e-07,1.0
0000882291,AEMD,2015-07-29,0,2.9443913405512074e-07,1.0
0000882291,AEMD,2015-07-30,0,2.9443913405512074e-07,1.0
0000882291,AEMD,2015-07-31,0,2.9443913405512074e-07,1.0
0000882291,AEMD,2015-08-03,0,2.9443913405512074e-07,1.0
0000882291,AEMD,2015-08-04,0,2.9443913405512074e-07,1.0
0000882291,AEMD,2015-08-05,0,2.9443913405512074e-07,1.0
0000882291,AEMD,2015-08-06,0,2.9443913405512074e-07,1.0
0000882291,AEMD,2015-08-07,0,2.9443913405512074e-07,1.0
0000882291,AEMD,2015-08-10,0,2.9443913405512074e-07,1.0
0000882291,AEMD,2015-08-11,0,3.589889417064784e-07,1.0
0000882291,AEMD,2015-08-12,0,3.589889417064784e-07,1.0
0000882291,AEMD,2015-08-13,0,3.589889417064784e-07,1.0
0000882291,AEMD,2015-08-14,0,3.0122884348222405e-07,1.0
0000882291,AEMD,2015-08-17,0,3.0122884348222405e-07,1.0
0000882291,AEMD,2015-08-18,0,3.0122884348222405e-07,1.0
0000882291,AEMD,2015-08-19,0,3.0122884348222405e-07,1.0
0000882291,AEMD,2015-08-20,0,3.0122884348222405e-07,1.0
0000882291,AEMD,2015-08-21,0,3.0122884348222405e-07,1.0
0000882291,AEMD,2015-08-24,0,6.531764922272337e-09,1.0
0000882291,AEMD,2015-08-25,0,6.531764922272337e-09,1.0
0000882291,AEMD,2015-08-26,0,6.531764922272337e-09,1.0
0000882291,AEMD,2015-08-27,0,6.531764922272337e-09,1.0
0000882291,AEMD,2015-08-28,0,6.531764922272337e-09,1.0
0000882291,AEMD,2015-08-31,0,6.531764922272337e-09,1.0
0000882291,AEMD,2015-09-01,0,6.531764922272337e-09,1.0
0000882291,AEMD,2015-09-02,0,6.531764922272337e-09,1.0
0000882291,AEMD,2015-09-03,0,6.531764922272337e-09,1.0
0000882291,AEMD,2015-09-04,0,6.531764922272337e-09,1.0
0000882291,AEMD,2015-09-07,0,6.531764922272337e-09,1.0
0000882291,AEMD,2015-09-08,0,6.531764922272337e-09,1.0
0000882291,AEMD,2015-09-09,0,6.531764922272337e-09,1.0
0000882291,AEMD,2015-09-10,0,6.531764922272337e-09,1.0
0000882291,AEMD,2015-09-11,0,6.531764922272337e-09,1.0
0000882291,AEMD,2015-09-14,0,4.417824996429286e-09,1.0
0000882291,AEMD,2015-09-15,0,4.417824996429286e-09,1.0
0000882291,AEMD,2015-09-16,0,4.417824996429286e-09,1.0
0000882291,AEMD,2015-09-17,0,4.417824996429286e-09,1.0
0000882291,AEMD,2015-09-18,0,4.417824996429286e-09,1.0
0000882291,AEMD,2015-09-21,0,4.417824996429286e-09,1.0
0000882291,AEMD,2015-09-22,0,4.955944885749865e-09,1.0
0000882291,AEMD,2015-09-23,0,4.955944885749865e-09,1.0
0000882291,AEMD,2015-09-24,0,1.4005587000818231e-08,1.0
0000882291,AEMD,2015-09-25,0,1.4005587000818231e-08,1.0
0000882291,AEMD,2015-09-28,0,1.5465818267407692e-08,1.0
0000882291,AEMD,2015-09-29,0,1.5465818267407692e-08,1.0
0000882291,AEMD,2015-09-30,0,1.5465818267407692e-08,1.0
0000882291,AEMD,2015-10-01,0,1.5465818267407692e-08,1.0
0000882291,AEMD,2015-10-02,0,1.5465818267407692e-08,1.0
0000882291,AEMD,2015-10-05,0,1.5465818267407692e-08,1.0
0000882291,AEMD,2015-10-06,0,1.5465818267407692e-08,1.0
0000882291,AEMD,2015-10-07,0,1.5465818267407692e-08,1.0
0000882291,AEMD,2015-10-08,0,1.5465818267407692e-08,1.0
0000882291,AEMD,2015-10-09,0,1.5465818267407692e-08,1.0
0000882291,AEMD,2015-10-12,0,1.4190758467010644e-08,1.0
0000882291,AEMD,2015-10-13,0,1.4190758467010644e-08,1.0
0000882291,AEMD,2015-10-14,0,1.4190758467010644e-08,1.0
0000882291,AEMD,2015-10-15,0,1.4190758467010644e-08,1.0
0000882291,AEMD,2015-10-16,0,1.4190758467010644e-08,1.0
0000882291,AEMD,2015-10-19,0,2.2278222219093314e-08,1.0
0000882291,AEMD,2015-10-20,0,2.2278222219093314e-08,1.0
0000882291,AEMD,2015-10-21,0,2.2278222219093314e-08,1.0
0000882291,AEMD,2015-10-22,0,3.274354576381042e-08,1.0
0000882291,AEMD,2015-10-23,0,2.5442581304535606e-07,1.0
0000882291,AEMD,2015-10-26,0,2.5442581304535606e-07,1.0
0000882291,AEMD,2015-10-27,0,2.5442581304535606e-07,1.0
0000882291,AEMD,2015-10-28,0,2.223125808521464e-07,1.0
0000882291,AEMD,2015-10-29,0,2.223125808521464e-07,1.0
0000882291,AEMD,2015-10-30,0,2.223125808521464e-07,1.0
0000882291,AEMD,2015-11-02,0,2.223125808521464e-07,1.0
0000882291,AEMD,2015-11-03,0,2.223125808521464e-07,1.0
0000882291,AEMD,2015-11-04,0,2.223125808521464e-07,1.0
0000882291,AEMD,2015-11-05,0,2.223125808521464e-07,1.0
0000882291,AEMD,2015-11-06,0,2.223125808521464e-07,1.0
0000882291,AEMD,2015-11-09,0,2.223125808521464e-07,1.0
0000882291,AEMD,2015-11-10,0,2.223125808521464e-07,1.0
0000882291,AEMD,2015-11-11,0,2.223125808521464e-07,1.0
0000882291,AEMD,2015-11-12,0,5.823818355337199e-06,1.0
0000882291,AEMD,2015-11-13,0,5.823818355337199e-06,1.0
0000882291,AEMD,2015-11-16,0,5.823818355337199e-06,1.0
0000882291,AEMD,2015-11-17,0,4.233997901769233e-07,1.0
0000882291,AEMD,2015-11-18,0,4.233997901769233e-07,1.0
0000882291,AEMD,2015-11-19,0,4.233997901769233e-07,1.0
0000882291,AEMD,2015-11-20,0,4.233997901769233e-07,1.0
0000882291,AEMD,2015-11-23,0,2.6543685611873073e-07,1.0
0000882291,AEMD,2015-11-24,0,2.6543685611873073e-07,1.0
0000882291,AEMD,2015-11-25,0,2.6543685611873073e-07,1.0
0000882291,AEMD,2015-11-26,0,2.6543685611873073e-07,1.0
0000882291,AEMD,2015-11-27,0,2.6543685611873073e-07,1.0
0000882291,AEMD,2015-11-30,0,2.6543685611873073e-07,1.0
0000882291,AEMD,2015-12-01,0,2.6543685611873073e-07,1.0
0000882291,AEMD,2015-12-02,0,2.6543685611873073e-07,1.0
0000882291,AEMD,2015-12-03,0,2.6543685611873073e-07,1.0
0000882291,AEMD,2015-12-04,0,2.6543685611873073e-07,1.0
0000882291,AEMD,2015-12-07,0,2.6543685611873073e-07,1.0
0000882291,AEMD,2015-12-08,0,2.6543685611873073e-07,1.0
0000882291,AEMD,2015-12-09,0,2.6543685611873073e-07,1.0
0000882291,AEMD,2015-12-10,0,2.6543685611873073e-07,1.0
0000882291,AEMD,2015-12-11,0,2.6543685611873073e-07,1.0
0000882291,AEMD,2015-12-14,0,2.6543685611873073e-07,1.0
0000882291,AEMD,2015-12-15,0,2.6543685611873073e-07,1.0
0000882291,AEMD,2015-12-16,0,2.6543685611873073e-07,1.0
0000882291,AEMD,2015-12-17,0,3.403111952116252e-08,1.0
0000882291,AEMD,2015-12-18,0,3.403111952116252e-08,1.0
0000882291,AEMD,2015-12-21,0,3.476409127429607e-08,1.0
0000882291,AEMD,2015-12-22,0,3.476409127429607e-08,1.0
0000882291,AEMD,2015-12-23,0,3.338308095918516e-08,1.0
0000882291,AEMD,2015-12-24,0,3.338308095918516e-08,1.0
0000882291,AEMD,2015-12-25,0,3.338308095918516e-08,1.0
0000882291,AEMD,2015-12-28,0,1.6593569836816066e-06,1.0
0000882291,AEMD,2015-12-29,0,1.6593569836816066e-06,1.0
0000882291,AEMD,2015-12-30,0,1.6593569836816066e-06,1.0
0000882291,AEMD,2015-12-31,0,1.6593569836816066e-06,1.0
0000882291,AEMD,2016-01-01,0,1.6593569836816066e-06,1.0
0000882291,AEMD,2016-01-04,0,1.6593569836816066e-06,1.0
0000882291,AEMD,2016-01-05,0,1.6593569836816066e-06,1.0
0000882291,AEMD,2016-01-06,0,1.6593569836816066e-06,1.0
0000882291,AEMD,2016-01-07,0,1.6593569836816066e-06,1.0
0000882291,AEMD,2016-01-08,0,1.6593569836816066e-06,1.0
0000882291,AEMD,2016-01-11,0,1.6593569836816066e-06,1.0
0000882291,AEMD,2016-01-12,0,1.6593569836816066e-06,1.0
0000882291,AEMD,2016-01-13,0,1.6593569836816066e-06,1.0
0000882291,AEMD,2016-01-14,0,1.6593569836816066e-06,1.0
0000882291,AEMD,2016-01-15,0,1.6593569836816066e-06,1.0
0000882291,AEMD,2016-01-18,0,1.6593569836816066e-06,1.0
0000882291,AEMD,2016-01-19,0,1.6593569836816066e-06,1.0
0000882291,AEMD,2016-01-20,0,2.8478719561720495e-06,1.0
0000882291,AEMD,2016-01-21,0,3.0329403573819877e-06,1.0
0000882291,AEMD,2016-01-22,0,3.0329403573819877e-06,1.0
0000882291,AEMD,2016-01-25,0,3.0329403573819877e-06,1.0
0000882291,AEMD,2016-01-26,0,3.0329403573819877e-06,1.0
0000882291,AEMD,2016-01-27,0,3.0329403573819877e-06,1.0
0000882291,AEMD,2016-01-28,0,3.0329403573819877e-06,1.0
0000882291,AEMD,2016-01-29,0,3.0329403573819877e-06,1.0
0000882291,AEMD,2016-02-01,0,3.0329403573819877e-06,1.0
0000882291,AEMD,2016-02-02,0,3.0329403573819877e-06,1.0
0000882291,AEMD,2016-02-03,0,3.0329403573819877e-06,1.0
0000882291,AEMD,2016-02-04,0,3.0329403573819877e-06,1.0
0000882291,AEMD,2016-02-05,0,1.5152652161617544e-05,1.0
0000882291,AEMD,2016-02-08,0,1.5152652161617544e-05,1.0
0000882291,AEMD,2016-02-09,0,1.5152652161617544e-05,1.0
0000882291,AEMD,2016-02-10,0,1.5717415299647792e-05,1.0
0000882291,AEMD,2016-02-11,0,1.5717415299647792e-05,1.0
0000882291,AEMD,2016-02-12,0,1.5717415299647792e-05,1.0
0000882291,AEMD,2016-02-15,0,0.0002187903864495964,1.0
0000882291,AEMD,2016-02-16,0,0.00017696021506312504,1.0
0000882291,AEMD,2016-02-17,0,0.00017696021506312504,1.0
0000882291,AEMD,2016-02-18,0,0.00017696021506312504,1.0
0000882291,AEMD,2016-02-19,0,0.00017696021506312504,1.0
0000882291,AEMD,2016-02-22,0,0.00017696021506312504,1.0
0000882291,AEMD,2016-02-23,0,0.006861633826435534,1.0
0000882291,AEMD,2016-02-24,0,0.006861633826435534,1.0
0000882291,AEMD,2016-02-25,0,0.006861633826435534,1.0
0000882291,AEMD,2016-02-26,0,0.006861633826435534,1.0
0000882291,AEMD,2016-02-29,0,0.006861633826435534,1.0
0000882291,AEMD,2016-03-01,0,0.006861633826435534,1.0
0000882291,AEMD,2016-03-02,0,0.006861633826435534,1.0
0000882291,AEMD,2016-03-03,0,0.006861633826435534,1.0
0000882291,AEMD,2016-03-04,0,0.006861633826435534,1.0
0000882291,AEMD,2016-03-07,0,0.003585988244256328,1.0
0000882291,AEMD,2016-03-08,0,0.003585988244256328,1.0
0000882291,AEMD,2016-03-09,0,0.003585988244256328,1.0
0000882291,AEMD,2016-03-10,0,0.003585988244256328,1.0
0000882291,AEMD,2016-03-11,0,0.003585988244256328,1.0
0000882291,AEMD,2016-03-14,0,0.003585988244256328,1.0
0000882291,AEMD,2016-03-15,0,0.003585988244256328,1.0
0000882291,AEMD,2016-03-16,0,0.003585988244256328,1.0
0000882291,AEMD,2016-03-17,0,0.007166381293689659,1.0
0000882291,AEMD,2016-03-18,0,0.008240422787578736,1.0
0000882291,AEMD,2016-03-21,0,0.008240422787578736,1.0
0000882291,AEMD,2016-03-22,0,0.008240422787578736,1.0
0000882291,AEMD,2016-03-23,0,0.008240422787578736,1.0
0000882291,AEMD,2016-03-24,0,0.008240422787578736,1.0
0000882291,AEMD,2016-03-25,0,0.0010633626190554323,1.0
0000882291,AEMD,2016-03-28,0,0.0010730852723967307,1.0
0000882291,AEMD,2016-03-29,0,0.0010730852723967307,1.0
0000882291,AEMD,2016-03-30,0,0.0010730852723967307,1.0
0000882291,AEMD,2016-03-31,0,0.007114245248626383,1.0
0000882291,AEMD,2016-04-01,0,0.007114245248626383,1.0
0000882291,AEMD,2016-04-04,0,0.007114245248626383,1.0
0000882291,AEMD,2016-04-05,0,0.007114245248626383,1.0
0000882291,AEMD,2016-04-06,0,0.007114245248626383,1.0
0000882291,AEMD,2016-04-07,0,0.007114245248626383,1.0
0000882291,AEMD,2016-04-08,0,0.007114245248626383,1.0
0000882291,AEMD,2016-04-11,0,0.007114245248626383,1.0
0000882291,AEMD,2016-04-12,0,0.007114245248626383,1.0
0000882291,AEMD,2016-04-13,0,0.007114245248626383,1.0
0000882291,AEMD,2016-04-14,0,0.007114245248626383,1.0
0000882291,AEMD,2016-04-15,0,0.007114245248626383,1.0
0000882291,AEMD,2016-04-18,0,0.007114245248626383,1.0
0000882291,AEMD,2016-04-19,0,0.007114245248626383,1.0
0000882291,AEMD,2016-04-20,0,0.007547996815494022,1.0
0000882291,AEMD,2016-04-21,0,0.007547996815494022,1.0
0000882291,AEMD,2016-04-22,0,0.007547996815494022,1.0
0000882291,AEMD,2016-04-25,0,0.007547996815494022,1.0
0000882291,AEMD,2016-04-26,0,0.007547996815494022,1.0
0000882291,AEMD,2016-04-27,0,0.007547996815494022,1.0
0000882291,AEMD,2016-04-28,0,0.007547996815494022,1.0
0000882291,AEMD,2016-04-29,0,0.007547996815494022,1.0
0000882291,AEMD,2016-05-02,0,0.002837408910280341,1.0
0000882291,AEMD,2016-05-03,0,0.002837408910280341,1.0
0000882291,AEMD,2016-05-04,0,0.002837408910280341,1.0
0000882291,AEMD,2016-05-05,0,0.0019002809312304023,1.0
0000882291,AEMD,2016-05-06,0,0.002994590800584072,1.0
0000882291,AEMD,2016-05-09,0,0.002994590800584072,1.0
0000882291,AEMD,2016-05-10,0,0.002994590800584072,1.0
0000882291,AEMD,2016-05-11,0,0.002994590800584072,1.0
0000882291,AEMD,2016-05-12,0,0.002994590800584072,1.0
0000882291,AEMD,2016-05-13,0,0.002994590800584072,1.0
0000882291,AEMD,2016-05-16,0,0.00010484988835253236,1.0
0000882291,AEMD,2016-05-17,0,0.00011080406797146067,1.0
0000882291,AEMD,2016-05-18,0,0.00011080406797146067,1.0
0000882291,AEMD,2016-05-19,0,0.00011080406797146067,1.0
0000882291,AEMD,2016-05-20,0,0.00011080406797146067,1.0
0000882291,AEMD,2016-05-23,0,0.00011080406797146067,1.0
0000882291,AEMD,2016-05-24,0,3.522415940264252e-06,1.0
0000882291,AEMD,2016-05-25,0,3.522415940264252e-06,1.0
0000882291,AEMD,2016-05-26,0,3.522415940264252e-06,1.0
0000882291,AEMD,2016-05-27,0,3.522415940264252e-06,1.0
0000882291,AEMD,2016-05-30,0,3.522415940264252e-06,1.0
0000882291,AEMD,2016-05-31,0,3.522415940264252e-06,1.0
0000882291,AEMD,2016-06-01,0,3.522415940264252e-06,1.0
0000882291,AEMD,2016-06-02,0,3.522415940264252e-06,1.0
0000882291,AEMD,2016-06-03,0,3.522415940264252e-06,1.0
0000882291,AEMD,2016-06-06,0,1.0238774200509326e-06,1.0
0000882291,AEMD,2016-06-07,0,1.0238774200509326e-06,1.0
0000882291,AEMD,2016-06-08,0,1.0238774200509326e-06,1.0
0000882291,AEMD,2016-06-09,0,1.0238774200509326e-06,1.0
0000882291,AEMD,2016-06-10,0,1.0238774200509326e-06,1.0
0000882291,AEMD,2016-06-13,0,1.0238774200509326e-06,1.0
0000882291,AEMD,2016-06-14,0,1.0238774200509326e-06,1.0
0000882291,AEMD,2016-06-15,0,1.0238774200509326e-06,1.0
0000882291,AEMD,2016-06-16,0,1.0238774200509326e-06,1.0
0000882291,AEMD,2016-06-17,0,1.0238774200509326e-06,1.0
0000882291,AEMD,2016-06-20,0,1.0238774200509326e-06,1.0
0000882291,AEMD,2016-06-21,0,1.0238774200509326e-06,1.0
0000882291,AEMD,2016-06-22,0,1.0238774200509326e-06,1.0
0000882291,AEMD,2016-06-23,0,1.0238774200509326e-06,1.0
0000882291,AEMD,2016-06-24,0,1.0238774200509326e-06,1.0
0000882291,AEMD,2016-06-27,0,1.0238774200509326e-06,1.0
0000882291,AEMD,2016-06-28,0,1.4062552075486116e-06,1.0
0000882291,AEMD,2016-06-29,0,1.3505300829722427e-07,1.0
0000882291,AEMD,2016-06-30,0,4.634372313290072e-05,1.0
0000882291,AEMD,2016-07-01,0,4.634372313290072e-05,1.0
0000882291,AEMD,2016-07-04,0,4.634372313290072e-05,1.0
0000882291,AEMD,2016-07-05,0,4.634372313290072e-05,1.0
0000882291,AEMD,2016-07-06,0,4.634372313290072e-05,1.0
0000882291,AEMD,2016-07-07,0,4.634372313290072e-05,1.0
0000882291,AEMD,2016-07-08,0,4.634372313290072e-05,1.0
0000882291,AEMD,2016-07-11,0,4.634372313290072e-05,1.0
0000882291,AEMD,2016-07-12,0,4.634372313290072e-05,1.0
0000882291,AEMD,2016-07-13,0,4.634372313290072e-05,1.0
0000882291,AEMD,2016-07-14,0,4.634372313290072e-05,1.0
0000882291,AEMD,2016-07-15,0,4.634372313290072e-05,1.0
0000882291,AEMD,2016-07-18,0,4.634372313290072e-05,1.0
0000882291,AEMD,2016-07-19,0,4.634372313290072e-05,1.0
0000882291,AEMD,2016-07-20,0,4.634372313290072e-05,1.0
0000882291,AEMD,2016-07-21,0,4.634372313290072e-05,1.0
0000882291,AEMD,2016-07-22,0,4.634372313290072e-05,1.0
0000882291,AEMD,2016-07-25,0,4.634372313290072e-05,1.0
0000882291,AEMD,2016-07-26,0,4.634372313290072e-05,1.0
0000882291,AEMD,2016-07-27,0,4.634372313290072e-05,1.0
0000882291,AEMD,2016-07-28,0,4.771669067083559e-05,1.0
0000882291,AEMD,2016-07-29,0,4.771669067083559e-05,1.0
0000882291,AEMD,2016-08-01,0,6.818229081491829e-07,1.0
0000882291,AEMD,2016-08-02,0,6.818229081491829e-07,1.0
0000882291,AEMD,2016-08-03,0,2.6858431272614287e-06,1.0
0000882291,AEMD,2016-08-04,0,3.0117035757740444e-06,1.0
0000882291,AEMD,2016-08-05,0,3.0117035757740444e-06,1.0
0000882291,AEMD,2016-08-08,0,3.0117035757740444e-06,1.0
0000882291,AEMD,2016-08-09,0,3.0117035757740444e-06,1.0
0000882291,AEMD,2016-08-10,0,3.3257046361418095e-06,1.0
0000882291,AEMD,2016-08-11,0,3.3257046361418095e-06,1.0
0000882291,AEMD,2016-08-12,0,3.7890990704319327e-06,1.0
0000882291,AEMD,2016-08-15,0,1.6387592443551315e-06,1.0
0000882291,AEMD,2016-08-16,0,1.6387592443551315e-06,1.0
0000882291,AEMD,2016-08-17,0,1.6387592443551315e-06,1.0
0000882291,AEMD,2016-08-18,0,1.6387592443551315e-06,1.0
0000882291,AEMD,2016-08-19,0,1.6387592443551315e-06,1.0
0000882291,AEMD,2016-08-22,0,6.959526291911595e-07,1.0
0000882291,AEMD,2016-08-23,0,6.959526291911595e-07,1.0
0000882291,AEMD,2016-08-24,0,6.959526291911595e-07,1.0
0000882291,AEMD,2016-08-25,0,6.959526291911595e-07,1.0
0000882291,AEMD,2016-08-26,0,6.959526291911595e-07,1.0
0000882291,AEMD,2016-08-29,0,6.959526291911595e-07,1.0
0000882291,AEMD,2016-08-30,0,6.959526291911595e-07,1.0
0000882291,AEMD,2016-08-31,0,6.959526291911595e-07,1.0
0000882291,AEMD,2016-09-01,0,6.959526291911595e-07,1.0
0000882291,AEMD,2016-09-02,0,6.959526291911595e-07,1.0
0000882291,AEMD,2016-09-05,0,6.959526291911595e-07,1.0
0000882291,AEMD,2016-09-06,0,6.959526291911595e-07,1.0
0000882291,AEMD,2016-09-07,0,6.959526291911595e-07,1.0
0000882291,AEMD,2016-09-08,0,6.959526291911595e-07,1.0
0000882291,AEMD,2016-09-09,0,6.081105997725765e-07,1.0
0000882291,AEMD,2016-09-12,0,4.160480240504707e-07,1.0
0000882291,AEMD,2016-09-13,0,4.160480240504707e-07,1.0
0000882291,AEMD,2016-09-14,0,4.160480240504707e-07,1.0
0000882291,AEMD,2016-09-15,0,4.160480240504707e-07,1.0
0000882291,AEMD,2016-09-16,0,4.160480240504707e-07,1.0
0000882291,AEMD,2016-09-19,0,4.160480240504707e-07,1.0
0000882291,AEMD,2016-09-20,0,4.160480240504707e-07,1.0
0000882291,AEMD,2016-09-21,0,4.160480240504707e-07,1.0
0000882291,AEMD,2016-09-22,0,4.160480240504707e-07,1.0
0000882291,AEMD,2016-09-23,0,4.160480240504707e-07,1.0
0000882291,AEMD,2016-09-26,0,4.667253626622041e-07,1.0
0000882291,AEMD,2016-09-27,0,3.8584484532166676e-07,1.0
0000882291,AEMD,2016-09-28,0,3.625764409611444e-08,1.0
0000882291,AEMD,2016-09-29,0,3.625764409611444e-08,1.0
0000882291,AEMD,2016-09-30,0,3.625764409611444e-08,1.0
0000882291,AEMD,2016-10-03,0,3.625764409611444e-08,1.0
0000882291,AEMD,2016-10-04,0,3.625764409611444e-08,1.0
0000882291,AEMD,2016-10-05,0,3.625764409611444e-08,1.0
0000882291,AEMD,2016-10-06,0,3.625764409611444e-08,1.0
0000882291,AEMD,2016-10-07,0,3.625764409611444e-08,1.0
0000882291,AEMD,2016-10-10,0,3.625764409611444e-08,1.0
0000882291,AEMD,2016-10-11,0,3.625764409611444e-08,1.0
0000882291,AEMD,2016-10-12,0,3.625764409611444e-08,1.0
0000882291,AEMD,2016-10-13,0,3.625764409611444e-08,1.0
0000882291,AEMD,2016-10-14,0,3.625764409611444e-08,1.0
0000882291,AEMD,2016-10-17,0,3.625764409611444e-08,1.0
0000882291,AEMD,2016-10-18,0,3.625764409611444e-08,1.0
0000882291,AEMD,2016-10-19,0,3.625764409611444e-08,1.0
0000882291,AEMD,2016-10-20,0,3.625764409611444e-08,1.0
0000882291,AEMD,2016-10-21,0,3.625764409611444e-08,1.0
0000882291,AEMD,2016-10-24,0,3.625764409611444e-08,1.0
0000882291,AEMD,2016-10-25,0,3.625764409611444e-08,1.0
0000882291,AEMD,2016-10-26,0,3.625764409611444e-08,1.0
0000882291,AEMD,2016-10-27,0,3.625764409611444e-08,1.0
0000882291,AEMD,2016-10-28,0,3.625764409611444e-08,1.0
0000882291,AEMD,2016-10-31,0,3.625764409611444e-08,1.0
0000882291,AEMD,2016-11-01,0,4.820615251003449e-08,1.0
0000882291,AEMD,2016-11-02,0,4.820615251003449e-08,1.0
0000882291,AEMD,2016-11-03,0,4.820615251003449e-08,1.0
0000882291,AEMD,2016-11-04,0,4.820615251003449e-08,1.0
0000882291,AEMD,2016-11-07,0,4.820615251003449e-08,1.0
0000882291,AEMD,2016-11-08,0,2.39615864604292e-06,1.0
0000882291,AEMD,2016-11-09,0,2.39615864604292e-06,1.0
0000882291,AEMD,2016-11-10,0,6.008628122972079e-05,1.0
0000882291,AEMD,2016-11-11,0,3.2982019264307197e-06,1.0
0000882291,AEMD,2016-11-14,0,3.2982019264307197e-06,1.0
0000882291,AEMD,2016-11-15,0,3.2982019264307197e-06,1.0
0000882291,AEMD,2016-11-16,0,3.2982019264307197e-06,1.0
0000882291,AEMD,2016-11-17,0,3.2982019264307197e-06,1.0
0000882291,AEMD,2016-11-18,0,3.2982019264307197e-06,1.0
0000882291,AEMD,2016-11-21,0,3.2982019264307197e-06,1.0
0000882291,AEMD,2016-11-22,0,3.2982019264307197e-06,1.0
0000882291,AEMD,2016-11-23,0,3.2982019264307197e-06,1.0
0000882291,AEMD,2016-11-24,0,3.2982019264307197e-06,1.0
0000882291,AEMD,2016-11-25,0,3.2982019264307197e-06,1.0
0000882291,AEMD,2016-11-28,0,3.2982019264307197e-06,1.0
0000882291,AEMD,2016-11-29,0,3.2982019264307197e-06,1.0
0000882291,AEMD,2016-11-30,0,3.2982019264307197e-06,1.0
0000882291,AEMD,2016-12-01,0,3.2982019264307197e-06,1.0
0000882291,AEMD,2016-12-02,0,3.2982019264307197e-06,1.0
0000882291,AEMD,2016-12-05,0,3.2982019264307197e-06,1.0
0000882291,AEMD,2016-12-06,0,3.2982019264307197e-06,1.0
0000882291,AEMD,2016-12-07,0,3.2982019264307197e-06,1.0
0000882291,AEMD,2016-12-08,0,3.2982019264307197e-06,1.0
0000882291,AEMD,2016-12-09,0,3.2982019264307197e-06,1.0
0000882291,AEMD,2016-12-12,0,2.2105411421661076e-06,1.0
0000882291,AEMD,2016-12-13,0,2.2105411421661076e-06,1.0
0000882291,AEMD,2016-12-14,0,2.2105411421661076e-06,1.0
0000882291,AEMD,2016-12-15,0,2.2105411421661076e-06,1.0
0000882291,AEMD,2016-12-16,0,2.2105411421661076e-06,1.0
0000882291,AEMD,2016-12-19,0,2.2105411421661076e-06,1.0
0000882291,AEMD,2016-12-20,0,2.2105411421661076e-06,1.0
0000882291,AEMD,2016-12-21,0,2.2105411421661076e-06,1.0
0000882291,AEMD,2016-12-22,0,2.2105411421661076e-06,1.0
0000882291,AEMD,2016-12-23,0,2.2105411421661076e-06,1.0
0000882291,AEMD,2016-12-26,0,2.2581522885717756e-06,1.0
0000882291,AEMD,2016-12-27,0,4.832159021077671e-06,1.0
0000882291,AEMD,2016-12-28,0,4.832159021077671e-06,1.0
0000882291,AEMD,2016-12-29,0,4.832159021077671e-06,1.0
0000882291,AEMD,2016-12-30,0,1.352670229401577e-07,1.0
0000882291,AEMD,2017-01-02,0,1.352670229401577e-07,1.0
0000882291,AEMD,2017-01-03,0,1.352670229401577e-07,1.0
0000882291,AEMD,2017-01-04,0,1.352670229401577e-07,1.0
0000882291,AEMD,2017-01-05,0,1.352670229401577e-07,1.0
0000882291,AEMD,2017-01-06,0,1.352670229401577e-07,1.0
0000882291,AEMD,2017-01-09,0,1.352670229401577e-07,1.0
0000882291,AEMD,2017-01-10,0,1.352670229401577e-07,1.0
0000882291,AEMD,2017-01-11,0,1.352670229401577e-07,1.0
0000882291,AEMD,2017-01-12,0,1.352670229401577e-07,1.0
0000882291,AEMD,2017-01-13,0,1.352670229401577e-07,1.0
0000882291,AEMD,2017-01-16,0,1.352670229401577e-07,1.0
0000882291,AEMD,2017-01-17,0,1.352670229401577e-07,1.0
0000882291,AEMD,2017-01-18,0,1.352670229401577e-07,1.0
0000882291,AEMD,2017-01-19,0,1.352670229401577e-07,1.0
0000882291,AEMD,2017-01-20,0,1.352670229401577e-07,1.0
0000882291,AEMD,2017-01-23,0,1.352670229401577e-07,1.0
0000882291,AEMD,2017-01-24,0,1.352670229401577e-07,1.0
0000882291,AEMD,2017-01-25,0,1.352670229401577e-07,1.0
0000882291,AEMD,2017-01-26,0,1.352670229401577e-07,1.0
0000882291,AEMD,2017-01-27,0,1.352670229401577e-07,1.0
0000882291,AEMD,2017-01-30,0,8.513446488530522e-08,1.0
0000882291,AEMD,2017-01-31,0,8.513446488530522e-08,1.0
0000882291,AEMD,2017-02-01,0,8.513446488530522e-08,1.0
0000882291,AEMD,2017-02-02,0,8.513446488530522e-08,1.0
0000882291,AEMD,2017-02-03,0,8.513446488530522e-08,1.0
0000882291,AEMD,2017-02-06,0,8.591371176269146e-08,1.0
0000882291,AEMD,2017-02-07,0,8.591371176269146e-08,1.0
0000882291,AEMD,2017-02-08,0,8.857403198139873e-08,1.0
0000882291,AEMD,2017-02-09,0,1.1509986260897481e-07,1.0
0000882291,AEMD,2017-02-10,0,1.1509986260897481e-07,1.0
0000882291,AEMD,2017-02-13,0,5.656668139512009e-05,1.0
0000882291,AEMD,2017-02-14,0,5.656668139512009e-05,1.0
0000882291,AEMD,2017-02-15,0,5.656668139512009e-05,1.0
0000882291,AEMD,2017-02-16,0,5.656668139512009e-05,1.0
0000882291,AEMD,2017-02-17,0,5.656668139512009e-05,1.0
0000882291,AEMD,2017-02-20,0,5.656668139512009e-05,1.0
0000882291,AEMD,2017-02-21,0,5.656668139512009e-05,1.0
0000882291,AEMD,2017-02-22,0,5.656668139512009e-05,1.0
0000882291,AEMD,2017-02-23,0,5.656668139512009e-05,1.0
0000882291,AEMD,2017-02-24,0,5.656668139512009e-05,1.0
0000882291,AEMD,2017-02-27,0,5.656668139512009e-05,1.0
0000882291,AEMD,2017-02-28,0,5.656668139512009e-05,1.0
0000882291,AEMD,2017-03-01,0,5.656668139512009e-05,1.0
0000882291,AEMD,2017-03-02,0,5.656668139512009e-05,1.0
0000882291,AEMD,2017-03-03,0,5.656668139512009e-05,1.0
0000882291,AEMD,2017-03-06,0,5.656668139512009e-05,1.0
0000882291,AEMD,2017-03-07,0,5.656668139512009e-05,1.0
0000882291,AEMD,2017-03-08,0,5.656668139512009e-05,1.0
0000882291,AEMD,2017-03-09,0,5.656668139512009e-05,1.0
0000882291,AEMD,2017-03-10,0,5.656668139512009e-05,1.0
0000882291,AEMD,2017-03-13,0,5.656668139512009e-05,1.0
0000882291,AEMD,2017-03-14,0,5.656668139512009e-05,1.0
0000882291,AEMD,2017-03-15,0,5.656668139512009e-05,1.0
0000882291,AEMD,2017-03-16,0,1.6102798850244848e-06,1.0
0000882291,AEMD,2017-03-17,0,1.6102798850244848e-06,1.0
0000882291,AEMD,2017-03-20,0,1.6102798850244848e-06,1.0
0000882291,AEMD,2017-03-21,0,1.6102798850244848e-06,1.0
0000882291,AEMD,2017-03-22,0,1.903645451180402e-06,1.0
0000882291,AEMD,2017-03-23,0,1.903645451180402e-06,1.0
0000882291,AEMD,2017-03-24,0,1.903645451180402e-06,1.0
0000882291,AEMD,2017-03-27,0,1.903645451180402e-06,1.0
0000882291,AEMD,2017-03-28,0,1.903645451180402e-06,1.0
0000882291,AEMD,2017-03-29,0,1.903645451180402e-06,1.0
0000882291,AEMD,2017-03-30,0,1.903645451180402e-06,1.0
0000882291,AEMD,2017-03-31,0,2.182652536709711e-06,1.0
0000882291,AEMD,2017-04-03,0,2.182652536709711e-06,1.0
0000882291,AEMD,2017-04-04,0,2.182652536709711e-06,1.0
0000882291,AEMD,2017-04-05,0,2.182652536709711e-06,1.0
0000882291,AEMD,2017-04-06,0,2.182652536709711e-06,1.0
0000882291,AEMD,2017-04-07,0,2.182652536709711e-06,1.0
0000882291,AEMD,2017-04-10,0,2.182652536709711e-06,1.0
0000882291,AEMD,2017-04-11,0,2.182652536709711e-06,1.0
0000882291,AEMD,2017-04-12,0,2.182652536709711e-06,1.0
0000882291,AEMD,2017-04-13,0,2.182652536709711e-06,1.0
0000882291,AEMD,2017-04-14,0,2.182652536709711e-06,1.0
0000882291,AEMD,2017-04-17,0,2.182652536709711e-06,1.0
0000882291,AEMD,2017-04-18,0,2.182652536709711e-06,1.0
0000882291,AEMD,2017-04-19,0,2.182652536709711e-06,1.0
0000882291,AEMD,2017-04-20,0,2.182652536709711e-06,1.0
0000882291,AEMD,2017-04-21,0,1.4438374148805317e-06,1.0
0000882291,AEMD,2017-04-24,0,1.4438374148805317e-06,1.0
0000882291,AEMD,2017-04-25,0,1.4438374148805317e-06,1.0
0000882291,AEMD,2017-04-26,0,1.4438374148805317e-06,1.0
0000882291,AEMD,2017-04-27,0,1.4438374148805317e-06,1.0
0000882291,AEMD,2017-04-28,0,1.4438374148805317e-06,1.0
0000882291,AEMD,2017-05-01,0,1.4438374148805317e-06,1.0
0000882291,AEMD,2017-05-02,0,1.4438374148805317e-06,1.0
0000882291,AEMD,2017-05-03,0,1.4438374148805317e-06,1.0
0000882291,AEMD,2017-05-04,0,1.4438374148805317e-06,1.0
0000882291,AEMD,2017-05-05,0,1.4438374148805317e-06,1.0
0000882291,AEMD,2017-05-08,0,1.4438374148805317e-06,1.0
0000882291,AEMD,2017-05-09,0,1.4438374148805317e-06,1.0
0000882291,AEMD,2017-05-10,0,1.4438374148805317e-06,1.0
0000882291,AEMD,2017-05-11,0,1.4976522676128987e-06,1.0
0000882291,AEMD,2017-05-12,0,1.4976522676128987e-06,1.0
0000882291,AEMD,2017-05-15,0,6.282520358355912e-08,1.0
0000882291,AEMD,2017-05-16,0,6.282520358355912e-08,1.0
0000882291,AEMD,2017-05-17,0,6.282520358355912e-08,1.0
0000882291,AEMD,2017-05-18,0,6.282520358355912e-08,1.0
0000882291,AEMD,2017-05-19,0,6.282520358355912e-08,1.0
0000882291,AEMD,2017-05-22,0,6.282520358355912e-08,1.0
0000882291,AEMD,2017-05-23,0,6.282520358355912e-08,1.0
0000882291,AEMD,2017-05-24,0,6.282520358355912e-08,1.0
0000882291,AEMD,2017-05-25,0,6.282520358355912e-08,1.0
0000882291,AEMD,2017-05-26,0,6.282520358355912e-08,1.0
0000882291,AEMD,2017-05-29,0,6.282520358355912e-08,1.0
0000882291,AEMD,2017-05-30,0,6.282520358355912e-08,1.0
0000882291,AEMD,2017-05-31,0,6.282520358355912e-08,1.0
0000882291,AEMD,2017-06-01,0,6.282520358355912e-08,1.0
0000882291,AEMD,2017-06-02,0,6.282520358355912e-08,1.0
0000882291,AEMD,2017-06-05,0,6.282520358355912e-08,1.0
0000882291,AEMD,2017-06-06,0,6.282520358355912e-08,1.0
0000882291,AEMD,2017-06-07,0,6.282520358355912e-08,1.0
0000882291,AEMD,2017-06-08,0,6.282520358355912e-08,1.0
0000882291,AEMD,2017-06-09,0,6.282520358355912e-08,1.0
0000882291,AEMD,2017-06-12,0,6.282520358355912e-08,1.0
0000882291,AEMD,2017-06-13,0,6.282520358355912e-08,1.0
0000882291,AEMD,2017-06-14,0,6.282520358355912e-08,1.0
0000882291,AEMD,2017-06-15,0,6.282520358355912e-08,1.0
0000882291,AEMD,2017-06-16,0,6.282520358355912e-08,1.0
0000882291,AEMD,2017-06-19,0,6.282520358355912e-08,1.0
0000882291,AEMD,2017-06-20,0,7.539684547276308e-05,1.0
0000882291,AEMD,2017-06-21,0,7.539684547276308e-05,1.0
0000882291,AEMD,2017-06-22,0,7.539684547276308e-05,1.0
0000882291,AEMD,2017-06-23,0,7.539684547276308e-05,1.0
0000882291,AEMD,2017-06-26,0,7.539684547276308e-05,1.0
0000882291,AEMD,2017-06-27,0,7.539684547276308e-05,1.0
0000882291,AEMD,2017-06-28,0,7.539684547276308e-05,1.0
0000882291,AEMD,2017-06-29,0,3.0405513402568052e-05,1.0
0000882291,AEMD,2017-06-30,0,3.0405513402568052e-05,1.0
0000882291,AEMD,2017-07-03,0,3.0405513402568052e-05,1.0
0000882291,AEMD,2017-07-04,0,3.0405513402568052e-05,1.0
0000882291,AEMD,2017-07-05,0,3.0405513402568052e-05,1.0
0000882291,AEMD,2017-07-06,0,3.0405513402568052e-05,1.0
0000882291,AEMD,2017-07-07,0,3.0405513402568052e-05,1.0
0000882291,AEMD,2017-07-10,0,3.0405513402568052e-05,1.0
0000882291,AEMD,2017-07-11,0,3.0405513402568052e-05,1.0
0000882291,AEMD,2017-07-12,0,3.0405513402568052e-05,1.0
0000882291,AEMD,2017-07-13,0,3.0405513402568052e-05,1.0
0000882291,AEMD,2017-07-14,0,3.0405513402568052e-05,1.0
0000882291,AEMD,2017-07-17,0,3.0405513402568052e-05,1.0
0000882291,AEMD,2017-07-18,0,3.0405513402568052e-05,1.0
0000882291,AEMD,2017-07-19,0,3.0405513402568052e-05,1.0
0000882291,AEMD,2017-07-20,0,3.0405513402568052e-05,1.0
0000882291,AEMD,2017-07-21,0,3.0405513402568052e-05,1.0
0000882291,AEMD,2017-07-24,0,3.0405513402568052e-05,1.0
0000882291,AEMD,2017-07-25,0,3.0405513402568052e-05,1.0
0000882291,AEMD,2017-07-26,0,3.0405513402568052e-05,1.0
0000882291,AEMD,2017-07-27,0,3.0405513402568052e-05,1.0
0000882291,AEMD,2017-07-28,0,3.0405513402568052e-05,1.0
0000882291,AEMD,2017-07-31,0,3.2050514113424155e-07,1.0
0000882291,AEMD,2017-08-01,0,5.0810568850743014e-06,1.0
0000882291,AEMD,2017-08-02,0,5.0810568850743014e-06,1.0
0000882291,AEMD,2017-08-03,0,5.0810568850743014e-06,1.0
0000882291,AEMD,2017-08-04,0,5.0810568850743014e-06,1.0
0000882291,AEMD,2017-08-07,0,5.0810568850743014e-06,1.0
0000882291,AEMD,2017-08-08,0,5.0810568850743014e-06,1.0
0000882291,AEMD,2017-08-09,0,5.0810568850743014e-06,1.0
0000882291,AEMD,2017-08-10,0,5.0810568850743014e-06,1.0
0000882291,AEMD,2017-08-11,0,3.630231459395037e-06,1.0
0000882291,AEMD,2017-08-14,0,2.7362629219135877e-06,1.0
0000882291,AEMD,2017-08-15,0,2.7362629219135877e-06,1.0
0000882291,AEMD,2017-08-16,0,2.7362629219135877e-06,1.0
0000882291,AEMD,2017-08-17,0,2.7362629219135877e-06,1.0
0000882291,AEMD,2017-08-18,0,2.7362629219135877e-06,1.0
0000882291,AEMD,2017-08-21,0,2.7362629219135877e-06,1.0
0000882291,AEMD,2017-08-22,0,2.7362629219135877e-06,1.0
0000882291,AEMD,2017-08-23,0,2.7362629219135877e-06,1.0
0000882291,AEMD,2017-08-24,0,2.7362629219135877e-06,1.0
0000882291,AEMD,2017-08-25,0,2.7362629219135877e-06,1.0
0000882291,AEMD,2017-08-28,0,2.7362629219135877e-06,1.0
0000882291,AEMD,2017-08-29,0,2.7362629219135877e-06,1.0
0000882291,AEMD,2017-08-30,0,2.7362629219135877e-06,1.0
0000882291,AEMD,2017-08-31,0,2.6944485708911456e-08,1.0
0000882291,AEMD,2017-09-01,0,2.6944485708911456e-08,1.0
0000882291,AEMD,2017-09-04,0,2.6944485708911456e-08,1.0
0000882291,AEMD,2017-09-05,0,2.6944485708911456e-08,1.0
0000882291,AEMD,2017-09-06,0,2.6944485708911456e-08,1.0
0000882291,AEMD,2017-09-07,0,2.6944485708911456e-08,1.0
0000882291,AEMD,2017-09-08,0,2.6944485708911456e-08,1.0
0000882291,AEMD,2017-09-11,0,1.6125799064297818e-08,1.0
0000882291,AEMD,2017-09-12,0,1.6125799064297818e-08,1.0
0000882291,AEMD,2017-09-13,0,1.6125799064297818e-08,1.0
0000882291,AEMD,2017-09-14,0,1.6125799064297818e-08,1.0
0000882291,AEMD,2017-09-15,0,1.6125799064297818e-08,1.0
0000882291,AEMD,2017-09-18,0,1.2389386589121387e-07,1.0
0000882291,AEMD,2017-09-19,0,1.2389386589121387e-07,1.0
0000882291,AEMD,2017-09-20,0,1.2389386589121387e-07,1.0
0000882291,AEMD,2017-09-21,0,1.2389386589121387e-07,1.0
0000882291,AEMD,2017-09-22,0,1.2389386589121387e-07,1.0
0000882291,AEMD,2017-09-25,0,1.2389386589121387e-07,1.0
0000882291,AEMD,2017-09-26,0,1.2389386589121387e-07,1.0
0000882291,AEMD,2017-09-27,0,2.40422204959851e-07,1.0
0000882291,AEMD,2017-09-28,0,2.40422204959851e-07,1.0
0000882291,AEMD,2017-09-29,0,2.40422204959851e-07,1.0
0000882291,AEMD,2017-10-02,0,2.40422204959851e-07,1.0
0000882291,AEMD,2017-10-03,0,2.40422204959851e-07,1.0
0000882291,AEMD,2017-10-04,0,2.369331702922599e-07,1.0
0000882291,AEMD,2017-10-05,0,2.369331702922599e-07,1.0
0000882291,AEMD,2017-10-06,0,2.369331702922599e-07,1.0
0000882291,AEMD,2017-10-09,0,2.369331702922599e-07,1.0
0000882291,AEMD,2017-10-10,0,2.369331702922599e-07,1.0
0000882291,AEMD,2017-10-11,0,2.369331702922599e-07,1.0
0000882291,AEMD,2017-10-12,0,2.369331702922599e-07,1.0
0000882291,AEMD,2017-10-13,0,2.369331702922599e-07,1.0
0000882291,AEMD,2017-10-16,0,2.369331702922599e-07,1.0
0000882291,AEMD,2017-10-17,0,2.369331702922599e-07,1.0
0000882291,AEMD,2017-10-18,0,1.5752465581825164e-09,1.0
0000882291,AEMD,2017-10-19,0,1.5752465581825164e-09,1.0
0000882291,AEMD,2017-10-20,0,1.5752465581825164e-09,1.0
0000882291,AEMD,2017-10-23,0,1.5752465581825164e-09,1.0
0000882291,AEMD,2017-10-24,0,1.5752465581825164e-09,1.0
0000882291,AEMD,2017-10-25,0,1.5752465581825164e-09,1.0
0000882291,AEMD,2017-10-26,0,1.5752465581825164e-09,1.0
0000882291,AEMD,2017-10-27,0,1.5752465581825164e-09,1.0
0000882291,AEMD,2017-10-30,0,1.0794850818048358e-08,1.0
0000882291,AEMD,2017-10-31,0,1.0794850818048358e-08,1.0
0000882291,AEMD,2017-11-01,0,1.0794850818048358e-08,1.0
0000882291,AEMD,2017-11-02,0,1.0794850818048358e-08,1.0
0000882291,AEMD,2017-11-03,0,7.306008631311499e-09,1.0
0000882291,AEMD,2017-11-06,0,7.306008631311499e-09,1.0
0000882291,AEMD,2017-11-07,0,7.306008631311499e-09,1.0
0000882291,AEMD,2017-11-08,0,7.306008631311499e-09,1.0
0000882291,AEMD,2017-11-09,0,1.2070806356035976e-08,1.0
0000882291,AEMD,2017-11-10,0,1.2070806356035976e-08,1.0
0000882291,AEMD,2017-11-13,0,1.2070806356035976e-08,1.0
0000882291,AEMD,2017-11-14,0,1.2070806356035976e-08,1.0
0000882291,AEMD,2017-11-15,0,1.2070806356035976e-08,1.0
0000882291,AEMD,2017-11-16,0,1.2070806356035976e-08,1.0
0000882291,AEMD,2017-11-17,0,1.2070806356035976e-08,1.0
0000882291,AEMD,2017-11-20,0,1.2070806356035976e-08,1.0
0000882291,AEMD,2017-11-21,0,1.2070806356035976e-08,1.0
0000882291,AEMD,2017-11-22,0,1.2070806356035976e-08,1.0
0000882291,AEMD,2017-11-23,0,1.2070806356035976e-08,1.0
0000882291,AEMD,2017-11-24,0,1.2070806356035976e-08,1.0
0000882291,AEMD,2017-11-27,0,1.2070806356035976e-08,1.0
0000882291,AEMD,2017-11-28,0,1.2070806356035976e-08,1.0
0000882291,AEMD,2017-11-29,0,1.2070806356035976e-08,1.0
0000882291,AEMD,2017-11-30,0,1.2070806356035976e-08,1.0
0000882291,AEMD,2017-12-01,0,1.2070806356035976e-08,1.0
0000882291,AEMD,2017-12-04,0,7.004509827321187e-09,1.0
0000882291,AEMD,2017-12-05,0,7.004509827321187e-09,1.0
0000882291,AEMD,2017-12-06,0,7.004509827321187e-09,1.0
0000882291,AEMD,2017-12-07,0,7.004509827321187e-09,1.0
0000882291,AEMD,2017-12-08,0,7.004509827321187e-09,1.0
0000882291,AEMD,2017-12-11,0,7.004509827321187e-09,1.0
0000882291,AEMD,2017-12-12,0,7.004509827321187e-09,1.0
0000882291,AEMD,2017-12-13,0,7.004509827321187e-09,1.0
0000882291,AEMD,2017-12-14,0,7.004509827321187e-09,1.0
0000882291,AEMD,2017-12-15,0,7.004509827321187e-09,1.0
0000882291,AEMD,2017-12-18,0,7.97262796730182e-07,1.0
0000882291,AEMD,2017-12-19,0,7.97262796730182e-07,1.0
0000882291,AEMD,2017-12-20,0,7.97262796730182e-07,1.0
0000882291,AEMD,2017-12-21,0,7.97262796730182e-07,1.0
0000882291,AEMD,2017-12-22,0,7.97262796730182e-07,1.0
0000882291,AEMD,2017-12-25,0,7.97262796730182e-07,1.0
0000882291,AEMD,2017-12-26,0,8.630499208594478e-07,1.0
0000882291,AEMD,2017-12-27,0,8.630499208594478e-07,1.0
0000882291,AEMD,2017-12-28,0,8.630499208594478e-07,1.0
0000882291,AEMD,2017-12-29,0,8.630499208594478e-07,1.0
0000882291,AEMD,2018-01-01,0,8.630499208594478e-07,1.0
0000882291,AEMD,2018-01-02,0,8.820975360449781e-07,1.0
0000882291,AEMD,2018-01-03,0,8.820975360449781e-07,1.0
0000882291,AEMD,2018-01-04,0,8.820975360449781e-07,1.0
0000882291,AEMD,2018-01-05,0,8.820975360449781e-07,1.0
0000882291,AEMD,2018-01-08,0,8.820975360449781e-07,1.0
0000882291,AEMD,2018-01-09,0,8.820975360449781e-07,1.0
0000882291,AEMD,2018-01-10,0,2.0145108574424195e-08,1.0
0000882291,AEMD,2018-01-11,0,2.0145108574424195e-08,1.0
0000882291,AEMD,2018-01-12,0,2.0145108574424195e-08,1.0
0000882291,AEMD,2018-01-15,0,2.0145108574424195e-08,1.0
0000882291,AEMD,2018-01-16,0,2.0145108574424195e-08,1.0
0000882291,AEMD,2018-01-17,0,2.0145108574424195e-08,1.0
0000882291,AEMD,2018-01-18,0,2.0145108574424195e-08,1.0
0000882291,AEMD,2018-01-19,0,2.0145108574424195e-08,1.0
0000882291,AEMD,2018-01-22,0,2.0145108574424195e-08,1.0
0000882291,AEMD,2018-01-23,0,2.0145108574424195e-08,1.0
0000882291,AEMD,2018-01-24,0,2.0145108574424195e-08,1.0
0000882291,AEMD,2018-01-25,0,2.0145108574424195e-08,1.0
0000882291,AEMD,2018-01-26,0,2.0145108574424195e-08,1.0
0000882291,AEMD,2018-01-29,0,2.6423632060875888e-08,1.0
0000882291,AEMD,2018-01-30,0,2.6423632060875888e-08,1.0
0000882291,AEMD,2018-01-31,0,2.6423632060875888e-08,1.0
0000882291,AEMD,2018-02-01,0,9.396543579536709e-07,1.0
0000882291,AEMD,2018-02-02,0,4.264936014184398e-08,1.0
0000882291,AEMD,2018-02-05,0,4.264936014184398e-08,1.0
0000882291,AEMD,2018-02-06,0,4.264936014184398e-08,1.0
0000882291,AEMD,2018-02-07,0,4.574815305126263e-08,1.0
0000882291,AEMD,2018-02-08,0,4.574815305126263e-08,1.0
0000882291,AEMD,2018-02-09,0,3.997389095246591e-08,1.0
0000882291,AEMD,2018-02-12,0,3.997389095246591e-08,1.0
0000882291,AEMD,2018-02-13,0,3.997389095246591e-08,1.0
0000882291,AEMD,2018-02-14,0,3.997389095246591e-08,1.0
0000882291,AEMD,2018-02-15,0,3.997389095246591e-08,1.0
0000882291,AEMD,2018-02-16,0,3.997389095246591e-08,1.0
0000882291,AEMD,2018-02-19,0,0.0001174376215642975,1.0
0000882291,AEMD,2018-02-20,0,0.0001174376215642975,1.0
0000882291,AEMD,2018-02-21,0,0.0001174376215642975,1.0
0000882291,AEMD,2018-02-22,0,0.0001174376215642975,1.0
0000882291,AEMD,2018-02-23,0,0.0001174376215642975,1.0
0000882291,AEMD,2018-02-26,0,0.0001174376215642975,1.0
0000882291,AEMD,2018-02-27,0,0.0001174376215642975,1.0
0000882291,AEMD,2018-02-28,0,0.0001174376215642975,1.0
0000882291,AEMD,2018-03-01,0,0.0001174376215642975,1.0
0000882291,AEMD,2018-03-02,0,0.0001174376215642975,1.0
0000882291,AEMD,2018-03-05,0,9.079665410215355e-05,1.0
0000882291,AEMD,2018-03-06,0,9.079665410215355e-05,1.0
0000882291,AEMD,2018-03-07,0,9.079665410215355e-05,1.0
0000882291,AEMD,2018-03-08,0,9.079665410215355e-05,1.0
0000882291,AEMD,2018-03-09,0,9.079665410215355e-05,1.0
0000882291,AEMD,2018-03-12,0,9.079665410215355e-05,1.0
0000882291,AEMD,2018-03-13,0,9.079665410215355e-05,1.0
0000882291,AEMD,2018-03-14,0,9.079665410215355e-05,1.0
0000882291,AEMD,2018-03-15,0,9.079665410215355e-05,1.0
0000882291,AEMD,2018-03-16,0,9.079665410215355e-05,1.0
0000882291,AEMD,2018-03-19,0,0.0001378564468815708,1.0
0000882291,AEMD,2018-03-20,0,0.0001378564468815708,1.0
0000882291,AEMD,2018-03-21,0,0.0001378564468815708,1.0
0000882291,AEMD,2018-03-22,0,4.964642909046369e-06,1.0
0000882291,AEMD,2018-03-23,0,4.964642909046369e-06,1.0
0000882291,AEMD,2018-03-26,0,4.964642909046369e-06,1.0
0000882291,AEMD,2018-03-27,0,4.964642909046369e-06,1.0
0000882291,AEMD,2018-03-28,0,4.964642909046369e-06,1.0
0000882291,AEMD,2018-03-29,0,4.964642909046369e-06,1.0
0000882291,AEMD,2018-03-30,0,4.964642909046369e-06,1.0
0000882291,AEMD,2018-04-02,0,4.979805761018181e-06,1.0
0000882291,AEMD,2018-04-03,0,4.979805761018181e-06,1.0
0000882291,AEMD,2018-04-04,0,4.979805761018181e-06,1.0
0000882291,AEMD,2018-04-05,0,4.979805761018181e-06,1.0
0000882291,AEMD,2018-04-06,0,4.979805761018181e-06,1.0
0000882291,AEMD,2018-04-09,0,4.979805761018181e-06,1.0
0000882291,AEMD,2018-04-10,0,4.979805761018181e-06,1.0
0000882291,AEMD,2018-04-11,0,5.119263710921076e-06,1.0
0000882291,AEMD,2018-04-12,0,5.119263710921076e-06,1.0
0000882291,AEMD,2018-04-13,0,5.119263710921076e-06,1.0
0000882291,AEMD,2018-04-16,0,5.119263710921076e-06,1.0
0000882291,AEMD,2018-04-17,0,5.119263710921076e-06,1.0
0000882291,AEMD,2018-04-18,0,5.119263710921076e-06,1.0
0000882291,AEMD,2018-04-19,0,5.119263710921076e-06,1.0
0000882291,AEMD,2018-04-20,0,5.119263710921076e-06,1.0
0000882291,AEMD,2018-04-23,0,5.119263710921076e-06,1.0
0000882291,AEMD,2018-04-24,0,5.119263710921076e-06,1.0
0000882291,AEMD,2018-04-25,0,5.119263710921076e-06,1.0
0000882291,AEMD,2018-04-26,0,5.119263710921076e-06,1.0
0000882291,AEMD,2018-04-27,0,5.119263710921076e-06,1.0
0000882291,AEMD,2018-04-30,0,5.119263710921076e-06,1.0
0000882291,AEMD,2018-05-01,0,5.119263710921076e-06,1.0
0000882291,AEMD,2018-05-02,0,5.541681292719274e-06,1.0
0000882291,AEMD,2018-05-03,0,5.541681292719274e-06,1.0
0000882291,AEMD,2018-05-04,0,9.56439057405573e-06,1.0
0000882291,AEMD,2018-05-07,0,9.56439057405573e-06,1.0
0000882291,AEMD,2018-05-08,0,9.56439057405573e-06,1.0
0000882291,AEMD,2018-05-09,0,9.56439057405573e-06,1.0
0000882291,AEMD,2018-05-10,0,9.56439057405573e-06,1.0
0000882291,AEMD,2018-05-11,0,9.56439057405573e-06,1.0
0000882291,AEMD,2018-05-14,0,9.56439057405573e-06,1.0
0000882291,AEMD,2018-05-15,0,9.56439057405573e-06,1.0
0000882291,AEMD,2018-05-16,0,9.56439057405573e-06,1.0
0000882291,AEMD,2018-05-17,0,9.56439057405573e-06,1.0
0000882291,AEMD,2018-05-18,0,9.56439057405573e-06,1.0
0000882291,AEMD,2018-05-21,0,0.00011916348146848124,1.0
0000882291,AEMD,2018-05-22,0,0.00011916348146848124,1.0
0000882291,AEMD,2018-05-23,0,0.00011916348146848124,1.0
0000882291,AEMD,2018-05-24,0,0.00011916348146848124,1.0
0000882291,AEMD,2018-05-25,0,0.00011916348146848124,1.0
0000882291,AEMD,2018-05-28,0,0.00011916348146848124,1.0
0000882291,AEMD,2018-05-29,0,0.00011916348146848124,1.0
0000882291,AEMD,2018-05-30,0,0.00011916348146848124,1.0
0000882291,AEMD,2018-05-31,0,0.00011916348146848124,1.0
0000882291,AEMD,2018-06-01,0,0.00011916348146848124,1.0
0000882291,AEMD,2018-06-04,0,0.00011916348146848124,1.0
0000882291,AEMD,2018-06-05,0,0.00011916348146848124,1.0
0000882291,AEMD,2018-06-06,0,0.00011916348146848124,1.0
0000882291,AEMD,2018-06-07,0,0.00011916348146848124,1.0
0000882291,AEMD,2018-06-08,0,0.00011916348146848124,1.0
0000882291,AEMD,2018-06-11,0,1.6148186994575523e-05,1.0
0000882291,AEMD,2018-06-12,0,1.6148186994575523e-05,1.0
0000882291,AEMD,2018-06-13,0,1.6148186994575523e-05,1.0
0000882291,AEMD,2018-06-14,0,1.6148186994575523e-05,1.0
0000882291,AEMD,2018-06-15,0,1.6148186994575523e-05,1.0
0000882291,AEMD,2018-06-18,0,1.6148186994575523e-05,1.0
0000882291,AEMD,2018-06-19,0,1.6148186994575523e-05,1.0
0000882291,AEMD,2018-06-20,0,1.6148186994575523e-05,1.0
0000882291,AEMD,2018-06-21,0,1.6148186994575523e-05,1.0
0000882291,AEMD,2018-06-22,0,1.6148186994575523e-05,1.0
0000882291,AEMD,2018-06-25,0,1.4522423314022667e-05,1.0
0000882291,AEMD,2018-06-26,0,1.4522423314022667e-05,1.0
0000882291,AEMD,2018-06-27,0,1.4522423314022667e-05,1.0
0000882291,AEMD,2018-06-28,0,1.4522423314022667e-05,1.0
0000882291,AEMD,2018-06-29,0,1.4522423314022667e-05,1.0
0000882291,AEMD,2018-07-02,0,1.4522423314022667e-05,1.0
0000882291,AEMD,2018-07-03,0,1.4522423314022667e-05,1.0
0000882291,AEMD,2018-07-04,0,1.4522423314022667e-05,1.0
0000882291,AEMD,2018-07-05,0,1.4522423314022667e-05,1.0
0000882291,AEMD,2018-07-06,0,1.4522423314022667e-05,1.0
0000882291,AEMD,2018-07-09,0,1.4522423314022667e-05,1.0
0000882291,AEMD,2018-07-10,0,1.465534701488812e-05,1.0
0000882291,AEMD,2018-07-11,0,6.623801763050165e-07,1.0
0000882291,AEMD,2018-07-12,0,6.623801763050165e-07,1.0
0000882291,AEMD,2018-07-13,0,6.623801763050165e-07,1.0
0000882291,AEMD,2018-07-16,0,6.623801763050165e-07,1.0
0000882291,AEMD,2018-07-17,0,6.623801763050165e-07,1.0
0000882291,AEMD,2018-07-18,0,6.623801763050165e-07,1.0
0000882291,AEMD,2018-07-19,0,6.623801763050165e-07,1.0
0000882291,AEMD,2018-07-20,0,6.623801763050165e-07,1.0
0000882291,AEMD,2018-07-23,0,6.623801763050165e-07,1.0
0000882291,AEMD,2018-07-24,0,6.623801763050165e-07,1.0
0000882291,AEMD,2018-07-25,0,5.787756058218983e-07,1.0
0000882291,AEMD,2018-07-26,0,5.787756058218983e-07,1.0
0000882291,AEMD,2018-07-27,0,5.787756058218983e-07,1.0
0000882291,AEMD,2018-07-30,0,5.787756058218983e-07,1.0
0000882291,AEMD,2018-07-31,0,5.787756058218983e-07,1.0
0000882291,AEMD,2018-08-01,0,5.787756058218983e-07,1.0
0000882291,AEMD,2018-08-02,0,6.24625962671091e-07,1.0
0000882291,AEMD,2018-08-03,0,6.24625962671091e-07,1.0
0000882291,AEMD,2018-08-06,0,6.24625962671091e-07,1.0
0000882291,AEMD,2018-08-07,0,6.24625962671091e-07,1.0
0000882291,AEMD,2018-08-08,0,6.24625962671091e-07,1.0
0000882291,AEMD,2018-08-09,0,7.412235472790004e-07,1.0
0000882291,AEMD,2018-08-10,0,7.412235472790004e-07,1.0
0000882291,AEMD,2018-08-13,0,7.412235472790004e-07,1.0
0000882291,AEMD,2018-08-14,0,7.412235472790004e-07,1.0
0000882291,AEMD,2018-08-15,0,7.412235472790004e-07,1.0
0000882291,AEMD,2018-08-16,0,7.412235472790004e-07,1.0
0000882291,AEMD,2018-08-17,0,7.412235472790004e-07,1.0
0000882291,AEMD,2018-08-20,0,4.3717209293498663e-07,1.0
0000882291,AEMD,2018-08-21,0,4.3717209293498663e-07,1.0
0000882291,AEMD,2018-08-22,0,4.3717209293498663e-07,1.0
0000882291,AEMD,2018-08-23,0,4.3717209293498663e-07,1.0
0000882291,AEMD,2018-08-24,0,4.3717209293498663e-07,1.0
0000882291,AEMD,2018-08-27,0,4.3717209293498663e-07,1.0
0000882291,AEMD,2018-08-28,0,4.3717209293498663e-07,1.0
0000882291,AEMD,2018-08-29,0,4.3717209293498663e-07,1.0
0000882291,AEMD,2018-08-30,0,4.3717209293498663e-07,1.0
0000882291,AEMD,2018-08-31,0,4.3717209293498663e-07,1.0
0000882291,AEMD,2018-09-03,0,4.3717209293498663e-07,1.0
0000882291,AEMD,2018-09-04,0,4.3717209293498663e-07,1.0
0000882291,AEMD,2018-09-05,0,4.3717209293498663e-07,1.0
0000882291,AEMD,2018-09-06,0,4.3717209293498663e-07,1.0
0000882291,AEMD,2018-09-07,0,4.3717209293498663e-07,1.0
0000882291,AEMD,2018-09-10,0,5.561812290234319e-08,1.0
0000882291,AEMD,2018-09-11,0,5.561812290234319e-08,1.0
0000882291,AEMD,2018-09-12,0,5.561812290234319e-08,1.0
0000882291,AEMD,2018-09-13,0,5.561812290234319e-08,1.0
0000882291,AEMD,2018-09-14,0,5.561812290234319e-08,1.0
0000882291,AEMD,2018-09-17,0,5.561812290234319e-08,1.0
0000882291,AEMD,2018-09-18,0,5.561812290234319e-08,1.0
0000882291,AEMD,2018-09-19,0,5.561812290234319e-08,1.0
0000882291,AEMD,2018-09-20,0,5.561812290234319e-08,1.0
0000882291,AEMD,2018-09-21,0,5.561812290234319e-08,1.0
0000882291,AEMD,2018-09-24,0,5.717569944917387e-08,1.0
0000882291,AEMD,2018-09-25,0,5.717569944917387e-08,1.0
0000882291,AEMD,2018-09-26,0,5.717569944917387e-08,1.0
0000882291,AEMD,2018-09-27,0,5.717569944917387e-08,1.0
0000882291,AEMD,2018-09-28,0,5.717569944917387e-08,1.0
0000882291,AEMD,2018-10-01,0,5.717569944917387e-08,1.0
0000882291,AEMD,2018-10-02,0,5.717569944917387e-08,1.0
0000882291,AEMD,2018-10-03,0,5.717569944917387e-08,1.0
0000882291,AEMD,2018-10-04,0,5.717569944917387e-08,1.0
0000882291,AEMD,2018-10-05,0,5.717569944917387e-08,1.0
0000882291,AEMD,2018-10-08,0,5.717569944917387e-08,1.0
0000882291,AEMD,2018-10-09,0,5.717569944917387e-08,1.0
0000882291,AEMD,2018-10-10,0,5.717569944917387e-08,1.0
0000882291,AEMD,2018-10-11,0,5.717569944917387e-08,1.0
0000882291,AEMD,2018-10-12,0,5.717569944917387e-08,1.0
0000882291,AEMD,2018-10-15,0,5.717569944917387e-08,1.0
0000882291,AEMD,2018-10-16,0,5.717569944917387e-08,1.0
0000882291,AEMD,2018-10-17,0,5.717569944917387e-08,1.0
0000882291,AEMD,2018-10-18,0,5.717569944917387e-08,1.0
0000882291,AEMD,2018-10-19,0,5.717569944917387e-08,1.0
0000882291,AEMD,2018-10-22,0,5.717569944917387e-08,1.0
0000882291,AEMD,2018-10-23,0,5.717569944917387e-08,1.0
0000882291,AEMD,2018-10-24,0,5.717569944917387e-08,1.0
0000882291,AEMD,2018-10-25,0,5.717569944917387e-08,1.0
0000882291,AEMD,2018-10-26,0,5.717569944917387e-08,1.0
0000882291,AEMD,2018-10-29,0,5.717569944917387e-08,1.0
0000882291,AEMD,2018-10-30,0,5.717569944917387e-08,1.0
0000882291,AEMD,2018-10-31,0,5.717569944917387e-08,1.0
0000882291,AEMD,2018-11-01,0,5.717569944917387e-08,1.0
0000882291,AEMD,2018-11-02,0,5.717569944917387e-08,1.0
0000882291,AEMD,2018-11-05,0,5.717569944917387e-08,1.0
0000882291,AEMD,2018-11-06,0,5.717569944917387e-08,1.0
0000882291,AEMD,2018-11-07,0,3.853610686367282e-06,1.0
0000882291,AEMD,2018-11-08,0,3.853610686367282e-06,1.0
0000882291,AEMD,2018-11-09,0,3.853610686367282e-06,1.0
0000882291,AEMD,2018-11-12,0,3.853610686367282e-06,1.0
0000882291,AEMD,2018-11-13,0,3.853610686367282e-06,1.0
0000882291,AEMD,2018-11-14,0,3.853610686367282e-06,1.0
0000882291,AEMD,2018-11-15,0,3.853610686367282e-06,1.0
0000882291,AEMD,2018-11-16,0,3.853610686367282e-06,1.0
0000882291,AEMD,2018-11-19,0,3.853610686367282e-06,1.0
0000882291,AEMD,2018-11-20,0,3.853610686367282e-06,1.0
0000882291,AEMD,2018-11-21,0,3.853610686367282e-06,1.0
0000882291,AEMD,2018-11-22,0,3.853610686367282e-06,1.0
0000882291,AEMD,2018-11-23,0,3.853610686367282e-06,1.0
0000882291,AEMD,2018-11-26,0,3.853610686367282e-06,1.0
0000882291,AEMD,2018-11-27,0,3.853610686367282e-06,1.0
0000882291,AEMD,2018-11-28,0,3.853610686367282e-06,1.0
0000882291,AEMD,2018-11-29,0,3.853610686367282e-06,1.0
0000882291,AEMD,2018-11-30,0,3.853610686367282e-06,1.0
0000882291,AEMD,2018-12-03,0,3.853610686367282e-06,1.0
0000882291,AEMD,2018-12-04,0,3.853610686367282e-06,1.0
0000882291,AEMD,2018-12-05,0,3.853610686367282e-06,1.0
0000882291,AEMD,2018-12-06,0,3.853610686367282e-06,1.0
0000882291,AEMD,2018-12-07,0,2.4032538345217507e-06,1.0
0000882291,AEMD,2018-12-10,0,5.349278849946282e-06,1.0
0000882291,AEMD,2018-12-11,0,5.349278849946282e-06,1.0
0000882291,AEMD,2018-12-12,0,5.349278849946282e-06,1.0
0000882291,AEMD,2018-12-13,0,3.863396420795203e-07,1.0
0000882291,AEMD,2018-12-14,0,3.863396420795203e-07,1.0
0000882291,AEMD,2018-12-17,0,3.863396420795203e-07,1.0
0000882291,AEMD,2018-12-18,0,3.863396420795203e-07,1.0
0000882291,AEMD,2018-12-19,0,3.863396420795203e-07,1.0
0000882291,AEMD,2018-12-20,0,3.863396420795203e-07,1.0
0000882291,AEMD,2018-12-21,0,3.863396420795203e-07,1.0
0000882291,AEMD,2018-12-24,0,3.898758582124055e-07,1.0
0000882291,AEMD,2018-12-25,0,3.898758582124055e-07,1.0
0000882291,AEMD,2018-12-26,0,3.898758582124055e-07,1.0
0000882291,AEMD,2018-12-27,0,3.898758582124055e-07,1.0
0000882291,AEMD,2018-12-28,0,3.898758582124055e-07,1.0
0000882291,AEMD,2018-12-31,0,3.898758582124055e-07,1.0
0000882291,AEMD,2019-01-01,0,3.898758582124055e-07,1.0
0000882291,AEMD,2019-01-02,0,3.898758582124055e-07,1.0
0000882291,AEMD,2019-01-03,0,3.898758582124055e-07,1.0
0000882291,AEMD,2019-01-04,0,3.898758582124055e-07,1.0
0000882291,AEMD,2019-01-07,0,3.898758582124055e-07,1.0
0000882291,AEMD,2019-01-08,0,3.898758582124055e-07,1.0
0000882291,AEMD,2019-01-09,0,3.898758582124055e-07,1.0
0000882291,AEMD,2019-01-10,0,3.898758582124055e-07,1.0
0000882291,AEMD,2019-01-11,0,3.898758582124055e-07,1.0
0000882291,AEMD,2019-01-14,0,9.962600662897129e-08,1.0
0000882291,AEMD,2019-01-15,0,9.962600662897129e-08,1.0
0000882291,AEMD,2019-01-16,0,9.962600662897129e-08,1.0
0000882291,AEMD,2019-01-17,0,9.962600662897129e-08,1.0
0000882291,AEMD,2019-01-18,0,9.962600662897129e-08,1.0
0000882291,AEMD,2019-01-21,0,9.962600662897129e-08,1.0
0000882291,AEMD,2019-01-22,0,9.962600662897129e-08,1.0
0000882291,AEMD,2019-01-23,0,9.962600662897129e-08,1.0
0000882291,AEMD,2019-01-24,0,9.962600662897129e-08,1.0
0000882291,AEMD,2019-01-25,0,9.962600662897129e-08,1.0
0000882291,AEMD,2019-01-28,0,9.962600662897129e-08,1.0
0000882291,AEMD,2019-01-29,0,9.962600662897129e-08,1.0
0000882291,AEMD,2019-01-30,0,9.962600662897129e-08,1.0
0000882291,AEMD,2019-01-31,0,9.962600662897129e-08,1.0
0000882291,AEMD,2019-02-01,0,9.962600662897129e-08,1.0
0000882291,AEMD,2019-02-04,0,9.962600662897129e-08,1.0
0000882291,AEMD,2019-02-05,0,3.2024404911046764e-06,1.0
0000882291,AEMD,2019-02-06,0,3.2024404911046764e-06,1.0
0000882291,AEMD,2019-02-07,0,3.2024404911046764e-06,1.0
0000882291,AEMD,2019-02-08,0,3.2024404911046764e-06,1.0
0000882291,AEMD,2019-02-11,0,3.2024404911046764e-06,1.0
0000882291,AEMD,2019-02-12,0,1.610153831332353e-07,1.0
0000882291,AEMD,2019-02-13,0,1.610153831332353e-07,1.0
0000882291,AEMD,2019-02-14,0,1.610153831332353e-07,1.0
0000882291,AEMD,2019-02-15,0,1.610153831332353e-07,1.0
0000882291,AEMD,2019-02-18,0,1.610153831332353e-07,1.0
0000882291,AEMD,2019-02-19,0,1.610153831332353e-07,1.0
0000882291,AEMD,2019-02-20,0,1.610153831332353e-07,1.0
0000882291,AEMD,2019-02-21,0,1.610153831332353e-07,1.0
0000882291,AEMD,2019-02-22,0,1.3413355393789977e-05,1.0
0000882291,AEMD,2019-02-25,0,1.3413355393789977e-05,1.0
0000882291,AEMD,2019-02-26,0,1.3413355393789977e-05,1.0
0000882291,AEMD,2019-02-27,0,1.3413355393789977e-05,1.0
0000882291,AEMD,2019-02-28,0,1.3413355393789977e-05,1.0
0000882291,AEMD,2019-03-01,0,1.3413355393789977e-05,1.0
0000882291,AEMD,2019-03-04,0,1.3413355393789977e-05,1.0
0000882291,AEMD,2019-03-05,0,1.3413355393789977e-05,1.0
0000882291,AEMD,2019-03-06,0,1.3413355393789977e-05,1.0
0000882291,AEMD,2019-03-07,0,1.3413355393789977e-05,1.0
0000882291,AEMD,2019-03-08,0,1.3413355393789977e-05,1.0
0000882291,AEMD,2019-03-11,0,1.3413355393789977e-05,1.0
0000882291,AEMD,2019-03-12,0,1.3413355393789977e-05,1.0
0000882291,AEMD,2019-03-13,0,1.3413355393789977e-05,1.0
0000882291,AEMD,2019-03-14,0,1.4303212041974155e-05,1.0
0000882291,AEMD,2019-03-15,0,9.012328432896259e-06,1.0
0000882291,AEMD,2019-03-18,0,9.012328432896259e-06,1.0
0000882291,AEMD,2019-03-19,0,9.012328432896259e-06,1.0
0000882291,AEMD,2019-03-20,0,9.012328432896259e-06,1.0
0000882291,AEMD,2019-03-21,0,9.012328432896259e-06,1.0
0000882291,AEMD,2019-03-22,0,9.012328432896259e-06,1.0
0000882291,AEMD,2019-03-25,0,8.616294965346477e-07,1.0
0000882291,AEMD,2019-03-26,0,8.616294965346477e-07,1.0
0000882291,AEMD,2019-03-27,0,8.616294965346477e-07,1.0
0000882291,AEMD,2019-03-28,0,8.616294965346477e-07,1.0
0000882291,AEMD,2019-03-29,0,8.616294965346477e-07,1.0
0000882291,AEMD,2019-04-01,0,8.616294965346477e-07,1.0
0000882291,AEMD,2019-04-02,0,8.616294965346477e-07,1.0
0000882291,AEMD,2019-04-03,0,8.616294965346477e-07,1.0
0000882291,AEMD,2019-04-04,0,8.616294965346477e-07,1.0
0000882291,AEMD,2019-04-05,0,8.616294965346477e-07,1.0
0000882291,AEMD,2019-04-08,0,8.616294965346477e-07,1.0
0000882291,AEMD,2019-04-09,0,8.616294965346477e-07,1.0
0000882291,AEMD,2019-04-10,0,8.616294965346477e-07,1.0
0000882291,AEMD,2019-04-11,0,8.616294965346477e-07,1.0
0000882291,AEMD,2019-04-12,0,8.616294965346477e-07,1.0
0000882291,AEMD,2019-04-15,0,8.616294965346477e-07,1.0
0000882291,AEMD,2019-04-16,0,8.616294965346477e-07,1.0
0000882291,AEMD,2019-04-17,0,8.616294965346477e-07,1.0
0000882291,AEMD,2019-04-18,0,8.616294965346477e-07,1.0
0000882291,AEMD,2019-04-19,0,8.616294965346477e-07,1.0
0000882291,AEMD,2019-04-22,0,8.616294965346477e-07,1.0
0000882291,AEMD,2019-04-23,0,8.616294965346477e-07,1.0
0000882291,AEMD,2019-04-24,0,8.616294965346477e-07,1.0
0000882291,AEMD,2019-04-25,0,8.616294965346477e-07,1.0
0000882291,AEMD,2019-04-26,0,8.616294965346477e-07,1.0
0000882291,AEMD,2019-04-29,0,8.616294965346477e-07,1.0
0000882291,AEMD,2019-04-30,0,8.616294965346477e-07,1.0
0000882291,AEMD,2019-05-01,0,8.616294965346477e-07,1.0
0000882291,AEMD,2019-05-02,0,8.616294965346477e-07,1.0
0000882291,AEMD,2019-05-03,0,8.616294965346477e-07,1.0
0000882291,AEMD,2019-05-06,0,8.616294965346477e-07,1.0
0000882291,AEMD,2019-05-07,0,9.13027816505775e-07,1.0
0000882291,AEMD,2019-05-08,0,9.13027816505775e-07,1.0
0000882291,AEMD,2019-05-09,0,1.0082205736017522e-06,1.0
0000882291,AEMD,2019-05-10,0,1.0082205736017522e-06,1.0
0000882291,AEMD,2019-05-13,0,4.1035796889998496e-07,1.0
0000882291,AEMD,2019-05-14,0,6.078765485345524e-07,1.0
0000882291,AEMD,2019-05-15,0,6.078765485345524e-07,1.0
0000882291,AEMD,2019-05-16,0,6.078765485345524e-07,1.0
0000882291,AEMD,2019-05-17,0,6.078765485345524e-07,1.0
0000882291,AEMD,2019-05-20,0,6.078765485345524e-07,1.0
0000882291,AEMD,2019-05-21,0,6.078765485345524e-07,1.0
0000882291,AEMD,2019-05-22,0,6.078765485345524e-07,1.0
0000882291,AEMD,2019-05-23,0,6.078765485345524e-07,1.0
0000882291,AEMD,2019-05-24,0,6.22517729070336e-08,1.0
0000882291,AEMD,2019-05-27,0,6.22517729070336e-08,1.0
0000882291,AEMD,2019-05-28,0,6.22517729070336e-08,1.0
0000882291,AEMD,2019-05-29,0,6.22517729070336e-08,1.0
0000882291,AEMD,2019-05-30,0,6.22517729070336e-08,1.0
0000882291,AEMD,2019-05-31,0,6.22517729070336e-08,1.0
0000882291,AEMD,2019-06-03,0,6.22517729070336e-08,1.0
0000882291,AEMD,2019-06-04,0,6.22517729070336e-08,1.0
0000882291,AEMD,2019-06-05,0,6.22517729070336e-08,1.0
0000882291,AEMD,2019-06-06,0,6.22517729070336e-08,1.0
0000882291,AEMD,2019-06-07,0,6.22517729070336e-08,1.0
0000882291,AEMD,2019-06-10,0,6.679001634315594e-08,1.0
0000882291,AEMD,2019-06-11,0,6.679001634315594e-08,1.0
0000882291,AEMD,2019-06-12,0,2.360316699173905e-08,1.0
0000882291,AEMD,2019-06-13,0,2.360316699173905e-08,1.0
0000882291,AEMD,2019-06-14,0,2.360316699173905e-08,1.0
0000882291,AEMD,2019-06-17,0,2.360316699173905e-08,1.0
0000882291,AEMD,2019-06-18,0,2.360316699173905e-08,1.0
0000882291,AEMD,2019-06-19,0,2.360316699173905e-08,1.0
0000882291,AEMD,2019-06-20,0,2.360316699173905e-08,1.0
0000882291,AEMD,2019-06-21,0,2.360316699173905e-08,1.0
0000882291,AEMD,2019-06-24,0,2.360316699173905e-08,1.0
0000882291,AEMD,2019-06-25,0,2.360316699173905e-08,1.0
0000882291,AEMD,2019-06-26,0,2.360316699173905e-08,1.0
0000882291,AEMD,2019-06-27,0,2.360316699173905e-08,1.0
0000882291,AEMD,2019-06-28,0,2.360316699173905e-08,1.0
0000882291,AEMD,2019-07-01,0,2.360316699173905e-08,1.0
0000882291,AEMD,2019-07-02,0,6.808837304209149e-07,1.0
0000882291,AEMD,2019-07-03,0,6.808837304209149e-07,1.0
0000882291,AEMD,2019-07-04,0,6.808837304209149e-07,1.0
0000882291,AEMD,2019-07-05,0,6.808837304209149e-07,1.0
0000882291,AEMD,2019-07-08,0,6.808837304209149e-07,1.0
0000882291,AEMD,2019-07-09,0,6.808837304209149e-07,1.0
0000882291,AEMD,2019-07-10,0,6.808837304209149e-07,1.0
0000882291,AEMD,2019-07-11,0,6.808837304209149e-07,1.0
0000882291,AEMD,2019-07-12,0,6.808837304209149e-07,1.0
0000882291,AEMD,2019-07-15,0,6.808837304209149e-07,1.0
0000882291,AEMD,2019-07-16,0,6.808837304209149e-07,1.0
0000882291,AEMD,2019-07-17,0,6.808837304209149e-07,1.0
0000882291,AEMD,2019-07-18,0,6.808837304209149e-07,1.0
0000882291,AEMD,2019-07-19,0,6.808837304209149e-07,1.0
0000882291,AEMD,2019-07-22,0,6.808837304209149e-07,1.0
0000882291,AEMD,2019-07-23,0,6.808837304209149e-07,1.0
0000882291,AEMD,2019-07-24,0,6.808837304209149e-07,1.0
0000882291,AEMD,2019-07-25,0,6.808837304209149e-07,1.0
0000882291,AEMD,2019-07-26,0,6.808837304209149e-07,1.0
0000882291,AEMD,2019-07-29,0,6.808837304209149e-07,1.0
0000882291,AEMD,2019-07-30,0,6.808837304209149e-07,1.0
0000882291,AEMD,2019-07-31,0,6.808837304209149e-07,1.0
0000882291,AEMD,2019-08-01,0,4.378163969182786e-08,1.0
0000882291,AEMD,2019-08-02,0,4.378163969182786e-08,1.0
0000882291,AEMD,2019-08-05,0,4.378163969182786e-08,1.0
0000882291,AEMD,2019-08-06,0,4.378163969182786e-08,1.0
0000882291,AEMD,2019-08-07,0,4.5007737453438634e-08,1.0
0000882291,AEMD,2019-08-08,0,4.5007737453438634e-08,1.0
0000882291,AEMD,2019-08-09,0,4.5007737453438634e-08,1.0
0000882291,AEMD,2019-08-12,0,2.2513310393973754e-07,1.0
0000882291,AEMD,2019-08-13,0,2.2513310393973754e-07,1.0
0000882291,AEMD,2019-08-14,0,2.2513310393973754e-07,1.0
0000882291,AEMD,2019-08-15,0,2.8832447631503624e-07,1.0
0000882291,AEMD,2019-08-16,0,2.8832447631503624e-07,1.0
0000882291,AEMD,2019-08-19,0,2.8832447631503624e-07,1.0
0000882291,AEMD,2019-08-20,0,2.8832447631503624e-07,1.0
0000882291,AEMD,2019-08-21,0,2.8832447631503624e-07,1.0
0000882291,AEMD,2019-08-22,0,2.448194341478105e-07,1.0
0000882291,AEMD,2019-08-23,0,2.448194341478105e-07,1.0
0000882291,AEMD,2019-08-26,0,2.448194341478105e-07,1.0
0000882291,AEMD,2019-08-27,0,2.448194341478105e-07,1.0
0000882291,AEMD,2019-08-28,0,2.448194341478105e-07,1.0
0000882291,AEMD,2019-08-29,0,2.448194341478105e-07,1.0
0000882291,AEMD,2019-08-30,0,2.448194341478105e-07,1.0
0000882291,AEMD,2019-09-02,0,2.448194341478105e-07,1.0
0000882291,AEMD,2019-09-03,0,2.448194341478105e-07,1.0
0000882291,AEMD,2019-09-04,0,2.448194341478105e-07,1.0
0000882291,AEMD,2019-09-05,0,2.448194341478105e-07,1.0
0000882291,AEMD,2019-09-06,0,2.448194341478105e-07,1.0
0000882291,AEMD,2019-09-09,0,2.448194341478105e-07,1.0
0000882291,AEMD,2019-09-10,0,2.150735348894314e-06,1.0
0000882291,AEMD,2019-09-11,0,2.307526685964899e-06,1.0
0000882291,AEMD,2019-09-12,0,2.307526685964899e-06,1.0
0000882291,AEMD,2019-09-13,0,2.307526685964899e-06,1.0
0000882291,AEMD,2019-09-16,0,1.5416371207773765e-06,1.0
0000882291,AEMD,2019-09-17,0,1.5416371207773765e-06,1.0
0000882291,AEMD,2019-09-18,0,1.5416371207773765e-06,1.0
0000882291,AEMD,2019-09-19,0,1.5416371207773765e-06,1.0
0000882291,AEMD,2019-09-20,0,1.5416371207773765e-06,1.0
0000882291,AEMD,2019-09-23,0,1.400769450156893e-06,1.0
0000882291,AEMD,2019-09-24,0,1.400769450156893e-06,1.0
0000882291,AEMD,2019-09-25,0,1.400769450156893e-06,1.0
0000882291,AEMD,2019-09-26,0,1.400769450156893e-06,1.0
0000882291,AEMD,2019-09-27,0,1.400769450156893e-06,1.0
0000882291,AEMD,2019-09-30,0,3.3645124704164025e-06,1.0
0000882291,AEMD,2019-10-01,0,3.3645124704164025e-06,1.0
0000882291,AEMD,2019-10-02,0,3.3645124704164025e-06,1.0
0000882291,AEMD,2019-10-03,0,3.3645124704164025e-06,1.0
0000882291,AEMD,2019-10-04,0,3.3645124704164025e-06,1.0
0000882291,AEMD,2019-10-07,0,3.3645124704164025e-06,1.0
0000882291,AEMD,2019-10-08,0,3.3645124704164025e-06,1.0
0000882291,AEMD,2019-10-09,0,3.3645124704164025e-06,1.0
0000882291,AEMD,2019-10-10,0,6.272259538721228e-06,1.0
0000882291,AEMD,2019-10-11,0,6.272259538721228e-06,1.0
0000882291,AEMD,2019-10-14,0,6.272259538721228e-06,1.0
0000882291,AEMD,2019-10-15,0,6.272259538721228e-06,1.0
0000882291,AEMD,2019-10-16,0,6.7295131990959585e-06,1.0
0000882291,AEMD,2019-10-17,0,6.7295131990959585e-06,1.0
0000882291,AEMD,2019-10-18,0,6.7295131990959585e-06,1.0
0000882291,AEMD,2019-10-21,0,6.7295131990959585e-06,1.0
0000882291,AEMD,2019-10-22,0,6.7295131990959585e-06,1.0
0000882291,AEMD,2019-10-23,0,1.056756219641921e-06,1.0
0000882291,AEMD,2019-10-24,0,1.056756219641921e-06,1.0
0000882291,AEMD,2019-10-25,0,1.056756219641921e-06,1.0
0000882291,AEMD,2019-10-28,0,1.056756219641921e-06,1.0
0000882291,AEMD,2019-10-29,0,1.056756219641921e-06,1.0
0000882291,AEMD,2019-10-30,0,1.056756219641921e-06,1.0
0000882291,AEMD,2019-10-31,0,1.056756219641921e-06,1.0
0000882291,AEMD,2019-11-01,0,1.056756219641921e-06,1.0
0000882291,AEMD,2019-11-04,0,9.811724975101196e-07,1.0
0000882291,AEMD,2019-11-05,0,9.901532894200997e-07,1.0
0000882291,AEMD,2019-11-06,0,9.901532894200997e-07,1.0
0000882291,AEMD,2019-11-07,0,9.901532894200997e-07,1.0
0000882291,AEMD,2019-11-08,0,9.901532894200997e-07,1.0
0000882291,AEMD,2019-11-11,0,1.4189846637542871e-06,1.0
0000882291,AEMD,2019-11-12,0,1.4189846637542871e-06,1.0
0000882291,AEMD,2019-11-13,0,1.4823101230389722e-06,1.0
0000882291,AEMD,2019-11-14,0,1.4823101230389722e-06,1.0
0000882291,AEMD,2019-11-15,0,2.640526475788093e-06,1.0
0000882291,AEMD,2019-11-18,0,2.640526475788093e-06,1.0
0000882291,AEMD,2019-11-19,0,2.640526475788093e-06,1.0
0000882291,AEMD,2019-11-20,0,2.640526475788093e-06,1.0
0000882291,AEMD,2019-11-21,0,2.640526475788093e-06,1.0
0000882291,AEMD,2019-11-22,0,2.640526475788093e-06,1.0
0000882291,AEMD,2019-11-25,0,2.640526475788093e-06,1.0
0000882291,AEMD,2019-11-26,0,2.640526475788093e-06,1.0
0000882291,AEMD,2019-11-27,0,2.640526475788093e-06,1.0
0000882291,AEMD,2019-11-28,0,2.640526475788093e-06,1.0
0000882291,AEMD,2019-11-29,0,2.640526475788093e-06,1.0
0000882291,AEMD,2019-12-02,0,2.640526475788093e-06,1.0
0000882291,AEMD,2019-12-03,0,2.640526475788093e-06,1.0
0000882291,AEMD,2019-12-04,0,2.062584562638455e-06,1.0
0000882291,AEMD,2019-12-05,0,2.062584562638455e-06,1.0
0000882291,AEMD,2019-12-06,0,2.062584562638455e-06,1.0
0000882291,AEMD,2019-12-09,0,1.3478358322502252e-06,1.0
0000882291,AEMD,2019-12-10,0,1.3478358322502252e-06,1.0
0000882291,AEMD,2019-12-11,0,1.3478358322502252e-06,1.0
0000882291,AEMD,2019-12-12,0,1.3478358322502252e-06,1.0
0000882291,AEMD,2019-12-13,0,1.3478358322502252e-06,1.0
0000882291,AEMD,2019-12-16,0,1.6590507620955525e-07,1.0
0000882291,AEMD,2019-12-17,0,1.6590507620955525e-07,1.0
0000882291,AEMD,2019-12-18,0,1.6590507620955525e-07,1.0
0000882291,AEMD,2019-12-19,0,2.124720628564235e-07,1.0
0000882291,AEMD,2019-12-20,0,2.124720628564235e-07,1.0
0000882291,AEMD,2019-12-23,0,1.388438957871919e-07,1.0
0000882291,AEMD,2019-12-24,0,1.388438957871919e-07,1.0
0000882291,AEMD,2019-12-25,0,1.388438957871919e-07,1.0
0000882291,AEMD,2019-12-26,0,1.388438957871919e-07,1.0
0000882291,AEMD,2019-12-27,0,1.388438957871919e-07,1.0
0000882291,AEMD,2019-12-30,0,1.607630427991158e-07,1.0
0000882291,AEMD,2019-12-31,0,1.607630427991158e-07,1.0
0000882291,AEMD,2020-01-01,0,1.607630427991158e-07,1.0
0000882291,AEMD,2020-01-02,0,1.607630427991158e-07,1.0
0000882291,AEMD,2020-01-03,0,1.607630427991158e-07,1.0
0000882291,AEMD,2020-01-06,0,1.607630427991158e-07,1.0
0000882291,AEMD,2020-01-07,0,1.607630427991158e-07,1.0
0000882291,AEMD,2020-01-08,0,1.607630427991158e-07,1.0
0000882291,AEMD,2020-01-09,0,1.607630427991158e-07,1.0
0000882291,AEMD,2020-01-10,0,1.607630427991158e-07,1.0
0000882291,AEMD,2020-01-13,0,1.607630427991158e-07,1.0
0000882291,AEMD,2020-01-14,0,1.607630427991158e-07,1.0
0000882291,AEMD,2020-01-15,0,1.607630427991158e-07,1.0
0000882291,AEMD,2020-01-16,0,1.607630427991158e-07,1.0
0000882291,AEMD,2020-01-17,0,1.607630427991158e-07,1.0
0000882291,AEMD,2020-01-20,0,1.4326504487238065e-07,1.0
0000882291,AEMD,2020-01-21,0,1.4326504487238065e-07,1.0
0000882291,AEMD,2020-01-22,0,1.4326504487238065e-07,1.0
0000882291,AEMD,2020-01-23,0,1.274531438939399e-07,1.0
0000882291,AEMD,2020-01-24,0,1.274531438939399e-07,1.0
0000882291,AEMD,2020-01-27,0,1.274531438939399e-07,1.0
0000882291,AEMD,2020-01-28,0,1.274531438939399e-07,1.0
0000882291,AEMD,2020-01-29,0,1.274531438939399e-07,1.0
0000882291,AEMD,2020-01-30,0,1.274531438939399e-07,1.0
0000882291,AEMD,2020-01-31,0,1.274531438939399e-07,1.0
0000882291,AEMD,2020-02-03,0,2.1522232504153736e-07,1.0
0000882291,AEMD,2020-02-04,0,2.1522232504153736e-07,1.0
0000882291,AEMD,2020-02-05,0,2.1522232504153736e-07,1.0
0000882291,AEMD,2020-02-06,0,2.1522232504153736e-07,1.0
0000882291,AEMD,2020-02-07,0,2.1522232504153736e-07,1.0
0000882291,AEMD,2020-02-10,0,2.1719228283643823e-07,1.0
0000882291,AEMD,2020-02-11,0,1.095114092887938e-07,1.0
0000882291,AEMD,2020-02-12,0,1.095114092887938e-07,1.0
0000882291,AEMD,2020-02-13,0,3.9599217944353826e-08,1.0
0000882291,AEMD,2020-02-14,0,3.9599217944353826e-08,1.0
0000882291,AEMD,2020-02-17,0,3.9599217944353826e-08,1.0
0000882291,AEMD,2020-02-18,0,3.9599217944353826e-08,1.0
0000882291,AEMD,2020-02-19,0,4.285352075324648e-08,1.0
0000882291,AEMD,2020-02-20,0,4.285352075324648e-08,1.0
0000882291,AEMD,2020-02-21,0,4.285352075324648e-08,1.0
0000882291,AEMD,2020-02-24,0,1.8185737766742186e-07,1.0
0000882291,AEMD,2020-02-25,0,1.8185737766742186e-07,1.0
0000882291,AEMD,2020-02-26,0,1.8185737766742186e-07,1.0
0000882291,AEMD,2020-02-27,0,1.8185737766742186e-07,1.0
0000882291,AEMD,2020-02-28,0,1.8185737766742186e-07,1.0
0000882291,AEMD,2020-03-02,0,1.8185737766742186e-07,1.0
0000882291,AEMD,2020-03-03,0,1.8185737766742186e-07,1.0
0000882291,AEMD,2020-03-04,0,1.8185737766742186e-07,1.0
0000882291,AEMD,2020-03-05,0,1.8185737766742186e-07,1.0
0000882291,AEMD,2020-03-06,0,1.8185737766742186e-07,1.0
0000882291,AEMD,2020-03-09,0,1.6751388692322945e-07,1.0
0000882291,AEMD,2020-03-10,0,1.6751388692322945e-07,1.0
0000882291,AEMD,2020-03-11,0,1.6751388692322945e-07,1.0
0000882291,AEMD,2020-03-12,0,1.6751388692322945e-07,1.0
0000882291,AEMD,2020-03-13,0,9.029687395646223e-08,1.0
0000882291,AEMD,2020-03-16,0,9.112337303408652e-08,1.0
0000882291,AEMD,2020-03-17,0,9.112337303408652e-08,1.0
0000882291,AEMD,2020-03-18,0,9.112337303408652e-08,1.0
0000882291,AEMD,2020-03-19,0,8.867140384380758e-09,1.0
0000882291,AEMD,2020-03-20,0,8.867140384380758e-09,1.0
0000882291,AEMD,2020-03-23,0,6.605910759093859e-09,1.0
0000882291,AEMD,2020-03-24,0,6.605910759093859e-09,1.0
0000882291,AEMD,2020-03-25,0,6.605910759093859e-09,1.0
0000882291,AEMD,2020-03-26,0,7.1134851723719125e-09,1.0
0000882291,AEMD,2020-03-27,0,7.1134851723719125e-09,1.0
0000882291,AEMD,2020-03-30,0,7.1134851723719125e-09,1.0
0000882291,AEMD,2020-03-31,0,7.1134851723719125e-09,1.0
0000882291,AEMD,2020-04-01,0,7.1134851723719125e-09,1.0
0000882291,AEMD,2020-04-02,0,7.1134851723719125e-09,1.0
0000882291,AEMD,2020-04-03,0,7.1134851723719125e-09,1.0
0000882291,AEMD,2020-04-06,0,7.1134851723719125e-09,1.0
0000882291,AEMD,2020-04-07,0,7.1134851723719125e-09,1.0
0000882291,AEMD,2020-04-08,0,7.1134851723719125e-09,1.0
0000882291,AEMD,2020-04-09,0,7.1134851723719125e-09,1.0
0000882291,AEMD,2020-04-10,0,7.1134851723719125e-09,1.0
0000882291,AEMD,2020-04-13,0,7.1134851723719125e-09,1.0
0000882291,AEMD,2020-04-14,0,7.1134851723719125e-09,1.0
0000882291,AEMD,2020-04-15,0,7.1134851723719125e-09,1.0
0000882291,AEMD,2020-04-16,0,7.1134851723719125e-09,1.0
0000882291,AEMD,2020-04-17,0,7.1134851723719125e-09,1.0
0000882291,AEMD,2020-04-20,0,4.082622994089187e-09,1.0
0000882291,AEMD,2020-04-21,0,4.082622994089187e-09,1.0
0000882291,AEMD,2020-04-22,0,3.827383322168446e-09,1.0
0000882291,AEMD,2020-04-23,0,4.557719161000644e-09,1.0
0000882291,AEMD,2020-04-24,0,4.557719161000644e-09,1.0
0000882291,AEMD,2020-04-27,0,4.557719161000644e-09,1.0
0000882291,AEMD,2020-04-28,0,4.557719161000644e-09,1.0
0000882291,AEMD,2020-04-29,0,4.557719161000644e-09,1.0
0000882291,AEMD,2020-04-30,0,4.557719161000644e-09,1.0
0000882291,AEMD,2020-05-01,0,4.557719161000644e-09,1.0
0000882291,AEMD,2020-05-04,0,4.903802843705238e-09,1.0
0000882291,AEMD,2020-05-05,0,4.903802843705238e-09,1.0
0000882291,AEMD,2020-05-06,0,4.903802843705238e-09,1.0
0000882291,AEMD,2020-05-07,0,4.903802843705238e-09,1.0
0000882291,AEMD,2020-05-08,0,4.903802843705238e-09,1.0
0000882291,AEMD,2020-05-11,0,4.903802843705238e-09,1.0
0000882291,AEMD,2020-05-12,0,1.2071358956768818e-08,1.0
0000882291,AEMD,2020-05-13,0,1.2071358956768818e-08,1.0
0000882291,AEMD,2020-05-14,0,2.2347534544854204e-08,1.0
0000882291,AEMD,2020-05-15,0,2.2347534544854204e-08,1.0
0000882291,AEMD,2020-05-18,0,2.2347534544854204e-08,1.0
0000882291,AEMD,2020-05-19,0,2.2347534544854204e-08,1.0
0000882291,AEMD,2020-05-20,0,2.2347534544854204e-08,1.0
0000882291,AEMD,2020-05-21,0,2.2347534544854204e-08,1.0
0000882291,AEMD,2020-05-22,0,2.2347534544854204e-08,1.0
0000882291,AEMD,2020-05-25,0,2.3830115567033047e-08,1.0
0000882291,AEMD,2020-05-26,0,2.3830115567033047e-08,1.0
0000882291,AEMD,2020-05-27,0,2.3830115567033047e-08,1.0
0000882291,AEMD,2020-05-28,0,2.3830115567033047e-08,1.0
0000882291,AEMD,2020-05-29,0,2.3830115567033047e-08,1.0
0000882291,AEMD,2020-06-01,0,2.3830115567033047e-08,1.0
0000882291,AEMD,2020-06-02,0,2.3830115567033047e-08,1.0
0000882291,AEMD,2020-06-03,0,2.3830115567033047e-08,1.0
0000882291,AEMD,2020-06-04,0,2.3830115567033047e-08,1.0
0000882291,AEMD,2020-06-05,0,2.3830115567033047e-08,1.0
0000882291,AEMD,2020-06-08,0,2.3830115567033047e-08,1.0
0000882291,AEMD,2020-06-09,0,2.3830115567033047e-08,1.0
0000882291,AEMD,2020-06-10,0,2.3830115567033047e-08,1.0
0000882291,AEMD,2020-06-11,0,2.3830115567033047e-08,1.0
0000882291,AEMD,2020-06-12,0,2.3830115567033047e-08,1.0
0000882291,AEMD,2020-06-15,0,2.3830115567033047e-08,1.0
0000882291,AEMD,2020-06-16,0,2.3830115567033047e-08,1.0
0000882291,AEMD,2020-06-17,0,1.4513666146803464e-06,1.0
0000882291,AEMD,2020-06-18,0,1.4513666146803464e-06,1.0
0000882291,AEMD,2020-06-19,0,1.4513666146803464e-06,1.0
0000882291,AEMD,2020-06-22,0,7.415745710605623e-05,1.0
0000882291,AEMD,2020-06-23,0,7.415745710605623e-05,1.0
0000882291,AEMD,2020-06-24,0,7.415745710605623e-05,1.0
0000882291,AEMD,2020-06-25,0,7.415745710605623e-05,1.0
0000882291,AEMD,2020-06-26,0,1.4573269800679097e-07,1.0
0000882291,AEMD,2020-06-29,0,1.4573269800679097e-07,1.0
0000882291,AEMD,2020-06-30,0,1.4573269800679097e-07,1.0
0000882291,AEMD,2020-07-01,0,1.4573269800679097e-07,1.0
0000882291,AEMD,2020-07-02,0,1.4573269800679097e-07,1.0
0000882291,AEMD,2020-07-03,0,1.4573269800679097e-07,1.0
0000882291,AEMD,2020-07-06,0,1.4573269800679097e-07,1.0
0000882291,AEMD,2020-07-07,0,1.4573269800679097e-07,1.0
0000882291,AEMD,2020-07-08,0,1.4573269800679097e-07,1.0
0000882291,AEMD,2020-07-09,0,1.4573269800679097e-07,1.0
0000882291,AEMD,2020-07-10,0,1.4573269800679097e-07,1.0
0000882291,AEMD,2020-07-13,0,1.4573269800679097e-07,1.0
0000882291,AEMD,2020-07-14,0,1.4573269800679097e-07,1.0
0000882291,AEMD,2020-07-15,0,1.4573269800679097e-07,1.0
0000882291,AEMD,2020-07-16,0,1.4573269800679097e-07,1.0
0000882291,AEMD,2020-07-17,0,1.4573269800679097e-07,1.0
0000882291,AEMD,2020-07-20,0,1.5115325616335785e-07,1.0
0000882291,AEMD,2020-07-21,0,1.5115325616335785e-07,1.0
0000882291,AEMD,2020-07-22,0,1.5488617413521343e-07,1.0
0000882291,AEMD,2020-07-23,0,1.5488617413521343e-07,1.0
0000882291,AEMD,2020-07-24,0,1.5488617413521343e-07,1.0
0000882291,AEMD,2020-07-27,0,2.481993109550041e-08,1.0
0000882291,AEMD,2020-07-28,0,2.481993109550041e-08,1.0
0000882291,AEMD,2020-07-29,0,6.604386201678302e-07,1.0
0000882291,AEMD,2020-07-30,0,6.604386201678302e-07,1.0
0000882291,AEMD,2020-07-31,0,6.604386201678302e-07,1.0
0000882291,AEMD,2020-08-03,0,6.604386201678302e-07,1.0
0000882291,AEMD,2020-08-04,0,6.604386201678302e-07,1.0
0000882291,AEMD,2020-08-05,0,6.604386201678302e-07,1.0
0000882291,AEMD,2020-08-06,0,6.604386201678302e-07,1.0
0000882291,AEMD,2020-08-07,0,6.604386201678302e-07,1.0
0000882291,AEMD,2020-08-10,0,7.529484210514395e-07,1.0
0000882291,AEMD,2020-08-11,0,7.529484210514395e-07,1.0
0000882291,AEMD,2020-08-12,0,7.973961502753122e-07,1.0
0000882291,AEMD,2020-08-13,0,7.973961502753122e-07,1.0
0000882291,AEMD,2020-08-14,0,7.973961502753122e-07,1.0
0000882291,AEMD,2020-08-17,0,7.973961502753122e-07,1.0
0000882291,AEMD,2020-08-18,0,7.973961502753122e-07,1.0
0000882291,AEMD,2020-08-19,0,7.973961502753122e-07,1.0
0000882291,AEMD,2020-08-20,0,7.973961502753122e-07,1.0
0000882291,AEMD,2020-08-21,0,7.973961502753122e-07,1.0
0000882291,AEMD,2020-08-24,0,8.190062548605441e-07,1.0
0000882291,AEMD,2020-08-25,0,8.190062548605441e-07,1.0
0000882291,AEMD,2020-08-26,0,8.190062548605441e-07,1.0
0000882291,AEMD,2020-08-27,0,8.190062548605441e-07,1.0
0000882291,AEMD,2020-08-28,0,1.0140446608979332e-07,1.0
0000882291,AEMD,2020-08-31,0,1.0140446608979332e-07,1.0
0000882291,AEMD,2020-09-01,0,1.0140446608979332e-07,1.0
0000882291,AEMD,2020-09-02,0,1.0140446608979332e-07,1.0
0000882291,AEMD,2020-09-03,0,1.0140446608979332e-07,1.0
0000882291,AEMD,2020-09-04,0,1.0140446608979332e-07,1.0
0000882291,AEMD,2020-09-07,0,1.0140446608979332e-07,1.0
0000882291,AEMD,2020-09-08,0,1.0140446608979332e-07,1.0
0000882291,AEMD,2020-09-09,0,1.0140446608979332e-07,1.0
0000882291,AEMD,2020-09-10,0,1.0140446608979332e-07,1.0
0000882291,AEMD,2020-09-11,0,6.589737429583244e-08,1.0
0000882291,AEMD,2020-09-14,0,6.589737429583244e-08,1.0
0000882291,AEMD,2020-09-15,0,9.412637273172367e-08,1.0
0000882291,AEMD,2020-09-16,0,9.412637273172367e-08,1.0
0000882291,AEMD,2020-09-17,0,9.412637273172367e-08,1.0
0000882291,AEMD,2020-09-18,0,9.412637273172367e-08,1.0
0000882291,AEMD,2020-09-21,0,9.585736057274584e-08,1.0
0000882291,AEMD,2020-09-22,0,9.585736057274584e-08,1.0
0000882291,AEMD,2020-09-23,0,9.585736057274584e-08,1.0
0000882291,AEMD,2020-09-24,0,3.871472249752086e-07,1.0
0000882291,AEMD,2020-09-25,0,3.871472249752086e-07,1.0
0000882291,AEMD,2020-09-28,0,3.871472249752086e-07,1.0
0000882291,AEMD,2020-09-29,0,3.871472249752086e-07,1.0
0000882291,AEMD,2020-09-30,0,3.871472249752086e-07,1.0
0000882291,AEMD,2020-10-01,0,3.871472249752086e-07,1.0
0000882291,AEMD,2020-10-02,0,3.871472249752086e-07,1.0
0000882291,AEMD,2020-10-05,0,3.871472249752086e-07,1.0
0000882291,AEMD,2020-10-06,0,3.871472249752086e-07,1.0
0000882291,AEMD,2020-10-07,0,3.871472249752086e-07,1.0
0000882291,AEMD,2020-10-08,0,3.871472249752086e-07,1.0
0000882291,AEMD,2020-10-09,0,3.871472249752086e-07,1.0
0000882291,AEMD,2020-10-12,0,3.871472249752086e-07,1.0
0000882291,AEMD,2020-10-13,0,3.871472249752086e-07,1.0
0000882291,AEMD,2020-10-14,0,3.871472249752086e-07,1.0
0000882291,AEMD,2020-10-15,0,3.871472249752086e-07,1.0
0000882291,AEMD,2020-10-16,0,3.871472249752086e-07,1.0
0000882291,AEMD,2020-10-19,0,3.871472249752086e-07,1.0
0000882291,AEMD,2020-10-20,0,3.871472249752086e-07,1.0
0000882291,AEMD,2020-10-21,0,3.871472249752086e-07,1.0
0000882291,AEMD,2020-10-22,0,3.871472249752086e-07,1.0
0000882291,AEMD,2020-10-23,0,3.871472249752086e-07,1.0
0000882291,AEMD,2020-10-26,0,3.871472249752086e-07,1.0
0000882291,AEMD,2020-10-27,0,2.23984095409149e-06,1.0
0000882291,AEMD,2020-10-28,0,2.23984095409149e-06,1.0
0000882291,AEMD,2020-10-29,0,2.019716317130816e-06,1.0
0000882291,AEMD,2020-10-30,0,2.019716317130816e-06,1.0
0000882291,AEMD,2020-11-02,0,2.019716317130816e-06,1.0
0000882291,AEMD,2020-11-03,0,2.019716317130816e-06,1.0
0000882291,AEMD,2020-11-04,0,3.354962834926263e-08,1.0
0000882291,AEMD,2020-11-05,0,3.354962834926263e-08,1.0
0000882291,AEMD,2020-11-06,0,3.354962834926263e-08,1.0
0000882291,AEMD,2020-11-09,0,3.354962834926263e-08,1.0
0000882291,AEMD,2020-11-10,0,4.6547698275182956e-08,1.0
0000882291,AEMD,2020-11-11,0,4.6547698275182956e-08,1.0
0000882291,AEMD,2020-11-12,0,4.6547698275182956e-08,1.0
0000882291,AEMD,2020-11-13,0,4.6547698275182956e-08,1.0
0000882291,AEMD,2020-11-16,0,4.6547698275182956e-08,1.0
0000882291,AEMD,2020-11-17,0,4.6547698275182956e-08,1.0
0000882291,AEMD,2020-11-18,0,4.6547698275182956e-08,1.0
0000882291,AEMD,2020-11-19,0,4.6547698275182956e-08,1.0
0000882291,AEMD,2020-11-20,0,4.6547698275182956e-08,1.0
0000882291,AEMD,2020-11-23,0,4.6547698275182956e-08,1.0
0000882291,AEMD,2020-11-24,0,4.6547698275182956e-08,1.0
0000882291,AEMD,2020-11-25,0,4.6547698275182956e-08,1.0
0000882291,AEMD,2020-11-26,0,4.6547698275182956e-08,1.0
0000882291,AEMD,2020-11-27,0,4.6547698275182956e-08,1.0
0000882291,AEMD,2020-11-30,0,2.7010939046559164e-08,1.0
0000882291,AEMD,2020-12-01,0,2.7010939046559164e-08,1.0
0000882291,AEMD,2020-12-02,0,2.7010939046559164e-08,1.0
0000882291,AEMD,2020-12-03,0,2.7010939046559164e-08,1.0
0000882291,AEMD,2020-12-04,0,2.9148889851331755e-08,1.0
0000882291,AEMD,2020-12-07,0,2.9148889851331755e-08,1.0
0000882291,AEMD,2020-12-08,0,2.9148889851331755e-08,1.0
0000882291,AEMD,2020-12-09,0,2.9148889851331755e-08,1.0
0000882291,AEMD,2020-12-10,0,2.9148889851331755e-08,1.0
0000882291,AEMD,2020-12-11,0,2.9148889851331755e-08,1.0
0000882291,AEMD,2020-12-14,0,2.9148889851331755e-08,1.0
0000882291,AEMD,2020-12-15,0,2.9148889851331755e-08,1.0
0000882291,AEMD,2020-12-16,0,2.9148889851331755e-08,1.0
0000882291,AEMD,2020-12-17,0,2.9148889851331755e-08,1.0
0000882291,AEMD,2020-12-18,0,2.9148889851331755e-08,1.0
0000882291,AEMD,2020-12-21,0,2.9148889851331755e-08,1.0
0000882291,AEMD,2020-12-22,0,2.9148889851331755e-08,1.0
0000882291,AEMD,2020-12-23,0,3.7486020444041156e-08,1.0
0000882291,AEMD,2020-12-24,0,3.7486020444041156e-08,1.0
0000882291,AEMD,2020-12-25,0,3.7486020444041156e-08,1.0
0000882291,AEMD,2020-12-28,0,3.7486020444041156e-08,1.0
0000882291,AEMD,2020-12-29,0,3.7486020444041156e-08,1.0
0000882291,AEMD,2020-12-30,0,3.7486020444041156e-08,1.0
0000882291,AEMD,2020-12-31,0,3.7486020444041156e-08,1.0
0000882291,AEMD,2021-01-01,0,3.7486020444041156e-08,1.0
0000882291,AEMD,2021-01-04,0,3.7486020444041156e-08,1.0
0000882291,AEMD,2021-01-05,0,3.7486020444041156e-08,1.0
0000882291,AEMD,2021-01-06,0,3.7486020444041156e-08,1.0
0000882291,AEMD,2021-01-07,0,3.7486020444041156e-08,1.0
0000882291,AEMD,2021-01-08,0,3.7486020444041156e-08,1.0
0000882291,AEMD,2021-01-11,0,3.7486020444041156e-08,1.0
0000882291,AEMD,2021-01-12,0,3.7486020444041156e-08,1.0
0000882291,AEMD,2021-01-13,0,3.7486020444041156e-08,1.0
0000882291,AEMD,2021-01-14,0,3.7486020444041156e-08,1.0
0000882291,AEMD,2021-01-15,0,3.7486020444041156e-08,1.0
0000882291,AEMD,2021-01-18,0,3.7486020444041156e-08,1.0
0000882291,AEMD,2021-01-19,0,3.7486020444041156e-08,1.0
0000882291,AEMD,2021-01-20,0,3.7486020444041156e-08,1.0
0000882291,AEMD,2021-01-21,0,3.7486020444041156e-08,1.0
0000882291,AEMD,2021-01-22,0,3.7486020444041156e-08,1.0
0000882291,AEMD,2021-01-25,0,1.0810894296105052e-07,1.0
0000882291,AEMD,2021-01-26,0,1.0810894296105052e-07,1.0
0000882291,AEMD,2021-01-27,0,3.8444659070861385e-06,1.0
0000882291,AEMD,2021-01-28,0,3.8444659070861385e-06,1.0
0000882291,AEMD,2021-01-29,0,3.8444659070861385e-06,1.0
0000882291,AEMD,2021-02-01,0,3.8444659070861385e-06,1.0
0000882291,AEMD,2021-02-02,0,0.0002075616562336532,1.0
0000882291,AEMD,2021-02-03,0,0.0002075616562336532,1.0
0000882291,AEMD,2021-02-04,0,0.0002075616562336532,1.0
0000882291,AEMD,2021-02-05,0,0.0002075616562336532,1.0
0000882291,AEMD,2021-02-08,0,0.00021727452463225205,1.0
0000882291,AEMD,2021-02-09,0,0.00021727452463225205,1.0
0000882291,AEMD,2021-02-10,0,0.00021727452463225205,1.0
0000882291,AEMD,2021-02-11,0,9.579560706689259e-06,1.0
0000882291,AEMD,2021-02-12,0,9.579560706689259e-06,1.0
0000882291,AEMD,2021-02-15,0,9.579560706689259e-06,1.0
0000882291,AEMD,2021-02-16,0,9.579560706689259e-06,1.0
0000882291,AEMD,2021-02-17,0,9.579560706689259e-06,1.0
0000882291,AEMD,2021-02-18,0,9.579560706689259e-06,1.0
0000882291,AEMD,2021-02-19,0,9.579560706689259e-06,1.0
0000882291,AEMD,2021-02-22,0,9.579560706689259e-06,1.0
0000882291,AEMD,2021-02-23,0,9.579560706689259e-06,1.0
0000882291,AEMD,2021-02-24,0,9.579560706689259e-06,1.0
0000882291,AEMD,2021-02-25,0,9.579560706689259e-06,1.0
0000882291,AEMD,2021-02-26,0,9.579560706689259e-06,1.0
0000882291,AEMD,2021-03-01,0,9.579560706689259e-06,1.0
0000882291,AEMD,2021-03-02,0,9.579560706689259e-06,1.0
0000882291,AEMD,2021-03-03,0,9.579560706689259e-06,1.0
0000882291,AEMD,2021-03-04,0,9.579560706689259e-06,1.0
0000882291,AEMD,2021-03-05,0,9.579560706689259e-06,1.0
0000882291,AEMD,2021-03-08,0,9.579560706689259e-06,1.0
0000882291,AEMD,2021-03-09,0,9.579560706689259e-06,1.0
0000882291,AEMD,2021-03-10,0,9.579560706689259e-06,1.0
0000882291,AEMD,2021-03-11,0,9.579560706689259e-06,1.0
0000882291,AEMD,2021-03-12,0,9.579560706689259e-06,1.0
0000882291,AEMD,2021-03-15,0,5.5019782564722115e-06,1.0
0000882291,AEMD,2021-03-16,0,5.5019782564722115e-06,1.0
0000882291,AEMD,2021-03-17,0,5.5019782564722115e-06,1.0
0000882291,AEMD,2021-03-18,0,5.5019782564722115e-06,1.0
0000882291,AEMD,2021-03-19,0,5.5019782564722115e-06,1.0
0000882291,AEMD,2021-03-22,0,5.5019782564722115e-06,1.0
0000882291,AEMD,2021-03-23,0,1.256532811714614e-07,1.0
0000882291,AEMD,2021-03-24,0,1.256532811714614e-07,1.0
0000882291,AEMD,2021-03-25,0,1.256532811714614e-07,1.0
0000882291,AEMD,2021-03-26,0,1.256532811714614e-07,1.0
0000882291,AEMD,2021-03-29,0,1.256532811714614e-07,1.0
0000882291,AEMD,2021-03-30,0,1.256532811714614e-07,1.0
0000882291,AEMD,2021-03-31,0,1.256532811714614e-07,1.0
0000882291,AEMD,2021-04-01,0,1.256532811714614e-07,1.0
0000882291,AEMD,2021-04-02,0,1.256532811714614e-07,1.0
0000882291,AEMD,2021-04-05,0,1.256532811714614e-07,1.0
0000882291,AEMD,2021-04-06,0,1.256532811714614e-07,1.0
0000882291,AEMD,2021-04-07,0,1.256532811714614e-07,1.0
0000882291,AEMD,2021-04-08,0,1.256532811714614e-07,1.0
0000882291,AEMD,2021-04-09,0,1.256532811714614e-07,1.0
0000882291,AEMD,2021-04-12,0,1.256532811714614e-07,1.0
0000882291,AEMD,2021-04-13,0,1.256532811714614e-07,1.0
0000882291,AEMD,2021-04-14,0,1.256532811714614e-07,1.0
0000882291,AEMD,2021-04-15,0,1.256532811714614e-07,1.0
0000882291,AEMD,2021-04-16,0,1.256532811714614e-07,1.0
0000882291,AEMD,2021-04-19,0,1.256532811714614e-07,1.0
0000882291,AEMD,2021-04-20,0,1.256532811714614e-07,1.0
0000882291,AEMD,2021-04-21,0,1.256532811714614e-07,1.0
0000882291,AEMD,2021-04-22,0,1.0979351678738158e-07,1.0
0000882291,AEMD,2021-04-23,0,1.0979351678738158e-07,1.0
0000882291,AEMD,2021-04-26,0,1.0979351678738158e-07,1.0
0000882291,AEMD,2021-04-27,0,1.1885321091188623e-07,1.0
0000882291,AEMD,2021-04-28,0,1.1885321091188623e-07,1.0
0000882291,AEMD,2021-04-29,0,1.1885321091188623e-07,1.0
0000882291,AEMD,2021-04-30,0,1.1885321091188623e-07,1.0
0000882291,AEMD,2021-05-03,0,1.1885321091188623e-07,1.0
0000882291,AEMD,2021-05-04,0,1.2326483700169873e-07,1.0
0000882291,AEMD,2021-05-05,0,1.2326483700169873e-07,1.0
0000882291,AEMD,2021-05-06,0,1.2326483700169873e-07,1.0
0000882291,AEMD,2021-05-07,0,1.2326483700169873e-07,1.0
0000882291,AEMD,2021-05-10,0,1.2326483700169873e-07,1.0
0000882291,AEMD,2021-05-11,0,1.2326483700169873e-07,1.0
0000882291,AEMD,2021-05-12,0,1.2326483700169873e-07,1.0
0000882291,AEMD,2021-05-13,0,4.480165210262157e-06,1.0
0000882291,AEMD,2021-05-14,0,4.480165210262157e-06,1.0
0000882291,AEMD,2021-05-17,0,4.480165210262157e-06,1.0
0000882291,AEMD,2021-05-18,0,4.480165210262157e-06,1.0
0000882291,AEMD,2021-05-19,0,4.480165210262157e-06,1.0
0000882291,AEMD,2021-05-20,0,4.480165210262157e-06,1.0
0000882291,AEMD,2021-05-21,0,4.480165210262157e-06,1.0
0000882291,AEMD,2021-05-24,0,4.480165210262157e-06,1.0
0000882291,AEMD,2021-05-25,0,4.480165210262157e-06,1.0
0000882291,AEMD,2021-05-26,0,4.480165210262157e-06,1.0
0000882291,AEMD,2021-05-27,0,4.480165210262157e-06,1.0
0000882291,AEMD,2021-05-28,0,4.480165210262157e-06,1.0
0000882291,AEMD,2021-05-31,0,4.480165210262157e-06,1.0
0000882291,AEMD,2021-06-01,0,4.480165210262157e-06,1.0
0000882291,AEMD,2021-06-02,0,4.480165210262157e-06,1.0
0000882291,AEMD,2021-06-03,0,4.480165210262157e-06,1.0
0000882291,AEMD,2021-06-04,0,4.480165210262157e-06,1.0
0000882291,AEMD,2021-06-07,0,4.480165210262157e-06,1.0
0000882291,AEMD,2021-06-08,0,4.480165210262157e-06,1.0
0000882291,AEMD,2021-06-09,0,4.480165210262157e-06,1.0
0000882291,AEMD,2021-06-10,0,4.480165210262157e-06,1.0
0000882291,AEMD,2021-06-11,0,4.480165210262157e-06,1.0
0000882291,AEMD,2021-06-14,0,2.846165962868728e-07,1.0
0000882291,AEMD,2021-06-15,0,2.846165962868728e-07,1.0
0000882291,AEMD,2021-06-16,0,2.846165962868728e-07,1.0
0000882291,AEMD,2021-06-17,0,2.846165962868728e-07,1.0
0000882291,AEMD,2021-06-18,0,2.846165962868728e-07,1.0
0000882291,AEMD,2021-06-21,0,1.4147129146271707e-05,1.0
0000882291,AEMD,2021-06-22,0,1.4147129146271707e-05,1.0
0000882291,AEMD,2021-06-23,0,1.4147129146271707e-05,1.0
0000882291,AEMD,2021-06-24,0,1.4147129146271707e-05,1.0
0000882291,AEMD,2021-06-25,0,4.303109420912226e-06,1.0
0000882291,AEMD,2021-06-28,0,4.303109420912226e-06,1.0
0000882291,AEMD,2021-06-29,0,4.303109420912226e-06,1.0
0000882291,AEMD,2021-06-30,0,4.303109420912226e-06,1.0
0000882291,AEMD,2021-07-01,0,4.303109420912226e-06,1.0
0000882291,AEMD,2021-07-02,0,4.303109420912226e-06,1.0
0000882291,AEMD,2021-07-05,0,4.303109420912226e-06,1.0
0000882291,AEMD,2021-07-06,0,4.303109420912226e-06,1.0
0000882291,AEMD,2021-07-07,0,4.303109420912226e-06,1.0
0000882291,AEMD,2021-07-08,0,4.303109420912226e-06,1.0
0000882291,AEMD,2021-07-09,0,4.303109420912226e-06,1.0
0000882291,AEMD,2021-07-12,0,4.303109420912226e-06,1.0
0000882291,AEMD,2021-07-13,0,4.303109420912226e-06,1.0
0000882291,AEMD,2021-07-14,0,4.21543609431008e-06,1.0
0000882291,AEMD,2021-07-15,0,4.21543609431008e-06,1.0
0000882291,AEMD,2021-07-16,0,4.21543609431008e-06,1.0
0000882291,AEMD,2021-07-19,0,4.21543609431008e-06,1.0
0000882291,AEMD,2021-07-20,0,4.21543609431008e-06,1.0
0000882291,AEMD,2021-07-21,0,4.21543609431008e-06,1.0
0000882291,AEMD,2021-07-22,0,4.21543609431008e-06,1.0
0000882291,AEMD,2021-07-23,0,4.21543609431008e-06,1.0
0000882291,AEMD,2021-07-26,0,3.019345141883667e-07,1.0
0000882291,AEMD,2021-07-27,0,3.019345141883667e-07,1.0
0000882291,AEMD,2021-07-28,0,3.019345141883667e-07,1.0
0000882291,AEMD,2021-07-29,0,8.502119184859398e-07,1.0
0000882291,AEMD,2021-07-30,0,8.502119184859398e-07,1.0
0000882291,AEMD,2021-08-02,0,8.502119184859398e-07,1.0
0000882291,AEMD,2021-08-03,0,8.502119184859398e-07,1.0
0000882291,AEMD,2021-08-04,0,8.502119184859398e-07,1.0
0000882291,AEMD,2021-08-05,0,8.502119184859398e-07,1.0
0000882291,AEMD,2021-08-06,0,8.502119184859398e-07,1.0
0000882291,AEMD,2021-08-09,0,8.502119184859398e-07,1.0
0000882291,AEMD,2021-08-10,0,8.369366042229836e-07,1.0
0000882291,AEMD,2021-08-11,0,9.087640775222716e-07,1.0
0000882291,AEMD,2021-08-12,0,9.087640775222716e-07,1.0
0000882291,AEMD,2021-08-13,0,9.087640775222716e-07,1.0
0000882291,AEMD,2021-08-16,0,9.087640775222716e-07,1.0
0000882291,AEMD,2021-08-17,0,9.087640775222716e-07,1.0
0000882291,AEMD,2021-08-18,0,9.087640775222716e-07,1.0
0000882291,AEMD,2021-08-19,0,9.087640775222716e-07,1.0
0000882291,AEMD,2021-08-20,0,9.087640775222716e-07,1.0
0000882291,AEMD,2021-08-23,0,9.087640775222716e-07,1.0
0000882291,AEMD,2021-08-24,0,9.087640775222716e-07,1.0
0000882291,AEMD,2021-08-25,0,9.087640775222716e-07,1.0
0000882291,AEMD,2021-08-26,0,9.087640775222716e-07,1.0
0000882291,AEMD,2021-08-27,0,9.087640775222716e-07,1.0
0000882291,AEMD,2021-08-30,0,4.1140044183111074e-07,1.0
0000882291,AEMD,2021-08-31,0,4.1140044183111074e-07,1.0
0000882291,AEMD,2021-09-01,0,4.1140044183111074e-07,1.0
0000882291,AEMD,2021-09-02,0,4.1140044183111074e-07,1.0
0000882291,AEMD,2021-09-03,0,4.1140044183111074e-07,1.0
0000882291,AEMD,2021-09-06,0,4.1140044183111074e-07,1.0
0000882291,AEMD,2021-09-07,0,4.1140044183111074e-07,1.0
0000882291,AEMD,2021-09-08,0,4.1140044183111074e-07,1.0
0000882291,AEMD,2021-09-09,0,2.5393703220580967e-07,1.0
0000882291,AEMD,2021-09-10,0,2.5393703220580967e-07,1.0
0000882291,AEMD,2021-09-13,0,2.652695710101015e-07,1.0
0000882291,AEMD,2021-09-14,0,2.652695710101015e-07,1.0
0000882291,AEMD,2021-09-15,0,2.652695710101015e-07,1.0
0000882291,AEMD,2021-09-16,0,2.652695710101015e-07,1.0
0000882291,AEMD,2021-09-17,0,2.652695710101015e-07,1.0
0000882291,AEMD,2021-09-20,0,2.676976176017733e-07,1.0
0000882291,AEMD,2021-09-21,0,2.676976176017733e-07,1.0
0000882291,AEMD,2021-09-22,0,2.676976176017733e-07,1.0
0000882291,AEMD,2021-09-23,0,3.7042771855605177e-07,1.0
0000882291,AEMD,2021-09-24,0,3.7042771855605177e-07,1.0
0000882291,AEMD,2021-09-27,0,3.7042771855605177e-07,1.0
0000882291,AEMD,2021-09-28,0,3.7042771855605177e-07,1.0
0000882291,AEMD,2021-09-29,0,3.7042771855605177e-07,1.0
0000882291,AEMD,2021-09-30,0,1.2983667359728301e-06,1.0
0000882291,AEMD,2021-10-01,0,1.2983667359728301e-06,1.0
0000882291,AEMD,2021-10-04,0,1.2983667359728301e-06,1.0
0000882291,AEMD,2021-10-05,0,1.2983667359728301e-06,1.0
0000882291,AEMD,2021-10-06,0,1.2983667359728301e-06,1.0
0000882291,AEMD,2021-10-07,0,1.2983667359728301e-06,1.0
0000882291,AEMD,2021-10-08,0,1.2983667359728301e-06,1.0
0000882291,AEMD,2021-10-11,0,1.2983667359728301e-06,1.0
0000882291,AEMD,2021-10-12,0,1.2983667359728301e-06,1.0
0000882291,AEMD,2021-10-13,0,1.2983667359728301e-06,1.0
0000882291,AEMD,2021-10-14,0,1.2983667359728301e-06,1.0
0000882291,AEMD,2021-10-15,0,1.2983667359728301e-06,1.0
0000882291,AEMD,2021-10-18,0,1.2983667359728301e-06,1.0
0000882291,AEMD,2021-10-19,0,1.2983667359728301e-06,1.0
0000882291,AEMD,2021-10-20,0,1.2983667359728301e-06,1.0
0000882291,AEMD,2021-10-21,0,1.2983667359728301e-06,1.0
0000882291,AEMD,2021-10-22,0,1.2983667359728301e-06,1.0
0000882291,AEMD,2021-10-25,0,1.2983667359728301e-06,1.0
0000882291,AEMD,2021-10-26,0,1.2983667359728301e-06,1.0
0000882291,AEMD,2021-10-27,0,2.1090065263622566e-07,1.0
0000882291,AEMD,2021-10-28,0,2.1090065263622566e-07,1.0
0000882291,AEMD,2021-10-29,0,2.1090065263622566e-07,1.0
0000882291,AEMD,2021-11-01,0,7.167264748184716e-08,1.0
0000882291,AEMD,2021-11-02,0,7.167264748184716e-08,1.0
0000882291,AEMD,2021-11-03,0,7.167264748184716e-08,1.0
0000882291,AEMD,2021-11-04,0,7.167264748184716e-08,1.0
0000882291,AEMD,2021-11-05,0,7.167264748184716e-08,1.0
0000882291,AEMD,2021-11-08,0,2.235858533671803e-06,1.0
0000882291,AEMD,2021-11-09,0,2.235858533671803e-06,1.0
0000882291,AEMD,2021-11-10,0,1.2272201873207355e-07,1.0
0000882291,AEMD,2021-11-11,0,1.2272201873207355e-07,1.0
0000882291,AEMD,2021-11-12,0,1.2272201873207355e-07,1.0
0000882291,AEMD,2021-11-15,0,1.2272201873207355e-07,1.0
0000882291,AEMD,2021-11-16,0,1.2272201873207355e-07,1.0
0000882291,AEMD,2021-11-17,0,1.2272201873207355e-07,1.0
0000882291,AEMD,2021-11-18,0,1.2272201873207355e-07,1.0
0000882291,AEMD,2021-11-19,0,1.2272201873207355e-07,1.0
0000882291,AEMD,2021-11-22,0,1.2272201873207355e-07,1.0
0000882291,AEMD,2021-11-23,0,1.2272201873207355e-07,1.0
0000882291,AEMD,2021-11-24,0,1.2272201873207355e-07,1.0
0000882291,AEMD,2021-11-25,0,1.2272201873207355e-07,1.0
0000882291,AEMD,2021-11-26,0,1.2272201873207355e-07,1.0
0000882291,AEMD,2021-11-29,0,1.2272201873207355e-07,1.0
0000882291,AEMD,2021-11-30,0,1.2272201873207355e-07,1.0
0000882291,AEMD,2021-12-01,0,1.2272201873207355e-07,1.0
0000882291,AEMD,2021-12-02,0,1.2272201873207355e-07,1.0
0000882291,AEMD,2021-12-03,0,1.2272201873207355e-07,1.0
0000882291,AEMD,2021-12-06,0,1.2272201873207355e-07,1.0
0000882291,AEMD,2021-12-07,0,1.2272201873207355e-07,1.0
0000882291,AEMD,2021-12-08,0,1.2272201873207355e-07,1.0
0000882291,AEMD,2021-12-09,0,1.2272201873207355e-07,1.0
0000882291,AEMD,2021-12-10,0,8.225141862854998e-08,1.0
0000882291,AEMD,2021-12-13,0,8.275460758351756e-08,1.0
0000882291,AEMD,2021-12-14,0,8.275460758351756e-08,1.0
0000882291,AEMD,2021-12-15,0,8.275460758351756e-08,1.0
0000882291,AEMD,2021-12-16,0,8.275460758351756e-08,1.0
0000882291,AEMD,2021-12-17,0,8.275460758351756e-08,1.0
0000882291,AEMD,2021-12-20,0,8.275460758351756e-08,1.0
0000882291,AEMD,2021-12-21,0,8.275460758351756e-08,1.0
0000882291,AEMD,2021-12-22,0,9.385449832716501e-08,1.0
0000882291,AEMD,2021-12-23,0,9.385449832716501e-08,1.0
0000882291,AEMD,2021-12-24,0,9.385449832716501e-08,1.0
0000882291,AEMD,2021-12-27,0,9.385449832716501e-08,1.0
0000882291,AEMD,2021-12-28,0,9.385449832716501e-08,1.0
0000882291,AEMD,2021-12-29,0,3.5561722186015846e-06,1.0
0000882291,AEMD,2021-12-30,0,3.5561722186015846e-06,1.0
0000882291,AEMD,2021-12-31,0,3.5561722186015846e-06,1.0
0000882291,AEMD,2022-01-03,0,3.5561722186015846e-06,1.0
0000882291,AEMD,2022-01-04,0,3.5561722186015846e-06,1.0
0000882291,AEMD,2022-01-05,0,3.5561722186015846e-06,1.0
0000882291,AEMD,2022-01-06,0,3.5561722186015846e-06,1.0
0000882291,AEMD,2022-01-07,0,3.5561722186015846e-06,1.0
0000882291,AEMD,2022-01-10,0,3.5561722186015846e-06,1.0
0000882291,AEMD,2022-01-11,0,3.5561722186015846e-06,1.0
0000882291,AEMD,2022-01-12,0,3.5561722186015846e-06,1.0
0000882291,AEMD,2022-01-13,0,3.5561722186015846e-06,1.0
0000882291,AEMD,2022-01-14,0,3.5561722186015846e-06,1.0
0000882291,AEMD,2022-01-17,0,3.5561722186015846e-06,1.0
0000882291,AEMD,2022-01-18,0,3.5561722186015846e-06,1.0
0000882291,AEMD,2022-01-19,0,3.5561722186015846e-06,1.0
0000882291,AEMD,2022-01-20,0,3.5561722186015846e-06,1.0
0000882291,AEMD,2022-01-21,0,3.5561722186015846e-06,1.0
0000882291,AEMD,2022-01-24,0,3.5561722186015846e-06,1.0
0000882291,AEMD,2022-01-25,0,4.975853696041619e-06,1.0
0000882291,AEMD,2022-01-26,0,4.975853696041619e-06,1.0
0000882291,AEMD,2022-01-27,0,4.975853696041619e-06,1.0
0000882291,AEMD,2022-01-28,0,4.975853696041619e-06,1.0
0000882291,AEMD,2022-01-31,0,4.975853696041619e-06,1.0
0000882291,AEMD,2022-02-01,0,4.975853696041619e-06,1.0
0000882291,AEMD,2022-02-02,0,4.975853696041619e-06,1.0
0000882291,AEMD,2022-02-03,0,4.975853696041619e-06,1.0
0000882291,AEMD,2022-02-04,0,4.975853696041619e-06,1.0
0000882291,AEMD,2022-02-07,0,5.2887779473168545e-06,1.0
0000882291,AEMD,2022-02-08,0,0.000138529949636006,1.0
0000882291,AEMD,2022-02-09,0,0.000138529949636006,1.0
0000882291,AEMD,2022-02-10,0,0.000138529949636006,1.0
0000882291,AEMD,2022-02-11,0,0.000138529949636006,1.0
0000882291,AEMD,2022-02-14,0,0.000138529949636006,1.0
0000882291,AEMD,2022-02-15,0,7.604624807856844e-06,1.0
0000882291,AEMD,2022-02-16,0,7.604624807856844e-06,1.0
0000882291,AEMD,2022-02-17,0,7.604624807856844e-06,1.0
0000882291,AEMD,2022-02-18,0,7.604624807856844e-06,1.0
0000882291,AEMD,2022-02-21,0,7.604624807856844e-06,1.0
0000882291,AEMD,2022-02-22,0,7.604624807856844e-06,1.0
0000882291,AEMD,2022-02-23,0,7.604624807856844e-06,1.0
0000882291,AEMD,2022-02-24,0,7.604624807856844e-06,1.0
0000882291,AEMD,2022-02-25,0,7.604624807856844e-06,1.0
0000882291,AEMD,2022-02-28,0,7.604624807856844e-06,1.0
0000882291,AEMD,2022-03-01,0,7.604624807856844e-06,1.0
0000882291,AEMD,2022-03-02,0,7.604624807856844e-06,1.0
0000882291,AEMD,2022-03-03,0,7.604624807856844e-06,1.0
0000882291,AEMD,2022-03-04,0,7.604624807856844e-06,1.0
0000882291,AEMD,2022-03-07,0,7.604624807856844e-06,1.0
0000882291,AEMD,2022-03-08,0,7.604624807856844e-06,1.0
0000882291,AEMD,2022-03-09,0,7.604624807856844e-06,1.0
0000882291,AEMD,2022-03-10,0,7.604624807856844e-06,1.0
0000882291,AEMD,2022-03-11,0,7.604624807856844e-06,1.0
0000882291,AEMD,2022-03-14,0,7.604624807856844e-06,1.0
0000882291,AEMD,2022-03-15,0,7.604624807856844e-06,1.0
0000882291,AEMD,2022-03-16,0,7.604624807856844e-06,1.0
0000882291,AEMD,2022-03-17,0,7.604624807856844e-06,1.0
0000882291,AEMD,2022-03-18,0,5.096825560324525e-06,1.0
0000882291,AEMD,2022-03-21,0,5.096825560324525e-06,1.0
0000882291,AEMD,2022-03-22,0,5.096825560324525e-06,1.0
0000882291,AEMD,2022-03-23,0,5.096825560324525e-06,1.0
0000882291,AEMD,2022-03-24,0,5.096825560324525e-06,1.0
0000882291,AEMD,2022-03-25,0,1.16400423958672e-07,1.0
0000882291,AEMD,2022-03-28,0,1.16400423958672e-07,1.0
0000882291,AEMD,2022-03-29,0,2.0446652114583158e-07,1.0
0000882291,AEMD,2022-03-30,0,2.0446652114583158e-07,1.0
0000882291,AEMD,2022-03-31,0,2.0446652114583158e-07,1.0
0000882291,AEMD,2022-04-01,0,2.0446652114583158e-07,1.0
0000882291,AEMD,2022-04-04,0,2.0446652114583158e-07,1.0
0000882291,AEMD,2022-04-05,0,2.0446652114583158e-07,1.0
0000882291,AEMD,2022-04-06,0,2.0446652114583158e-07,1.0
0000882291,AEMD,2022-04-07,0,2.0446652114583158e-07,1.0
0000882291,AEMD,2022-04-08,0,2.0446652114583158e-07,1.0
0000882291,AEMD,2022-04-11,0,2.0446652114583158e-07,1.0
0000882291,AEMD,2022-04-12,0,2.0446652114583158e-07,1.0
0000882291,AEMD,2022-04-13,0,2.0446652114583158e-07,1.0
0000882291,AEMD,2022-04-14,0,2.0446652114583158e-07,1.0
0000882291,AEMD,2022-04-15,0,2.0446652114583158e-07,1.0
0000882291,AEMD,2022-04-18,0,2.0446652114583158e-07,1.0
0000882291,AEMD,2022-04-19,0,2.0446652114583158e-07,1.0
0000882291,AEMD,2022-04-20,0,2.0446652114583158e-07,1.0
0000882291,AEMD,2022-04-21,0,2.0446652114583158e-07,1.0
0000882291,AEMD,2022-04-22,0,2.0446652114583158e-07,1.0
0000882291,AEMD,2022-04-25,0,1.7865907229725145e-07,1.0
0000882291,AEMD,2022-04-26,0,1.7865907229725145e-07,1.0
0000882291,AEMD,2022-04-27,0,1.7865907229725145e-07,1.0
0000882291,AEMD,2022-04-28,0,1.7865907229725145e-07,1.0
0000882291,AEMD,2022-04-29,0,1.7865907229725145e-07,1.0
0000882291,AEMD,2022-05-02,0,1.7865907229725145e-07,1.0
0000882291,AEMD,2022-05-03,0,1.7865907229725145e-07,1.0
0000882291,AEMD,2022-05-04,0,1.7865907229725145e-07,1.0
0000882291,AEMD,2022-05-05,0,1.7865907229725145e-07,1.0
0000882291,AEMD,2022-05-06,0,1.7865907229725145e-07,1.0
0000882291,AEMD,2022-05-09,0,1.7865907229725145e-07,1.0
0000882291,AEMD,2022-05-10,0,1.8531807987203793e-07,1.0
0000882291,AEMD,2022-05-11,0,1.8531807987203793e-07,1.0
0000882291,AEMD,2022-05-12,0,1.8531807987203793e-07,1.0
0000882291,AEMD,2022-05-13,0,1.8531807987203793e-07,1.0
0000882291,AEMD,2022-05-16,0,1.8531807987203793e-07,1.0
0000882291,AEMD,2022-05-17,0,4.854695298897304e-06,1.0
0000882291,AEMD,2022-05-18,0,4.854695298897304e-06,1.0
0000882291,AEMD,2022-05-19,0,4.854695298897304e-06,1.0
0000882291,AEMD,2022-05-20,0,4.854695298897304e-06,1.0
0000882291,AEMD,2022-05-23,0,4.854695298897304e-06,1.0
0000882291,AEMD,2022-05-24,0,4.854695298897304e-06,1.0
0000882291,AEMD,2022-05-25,0,4.854695298897304e-06,1.0
0000882291,AEMD,2022-05-26,0,4.854695298897304e-06,1.0
0000882291,AEMD,2022-05-27,0,4.854695298897304e-06,1.0
0000882291,AEMD,2022-05-30,0,4.854695298897304e-06,1.0
0000882291,AEMD,2022-05-31,0,4.854695298897304e-06,1.0
0000882291,AEMD,2022-06-01,0,4.854695298897304e-06,1.0
0000882291,AEMD,2022-06-02,0,4.854695298897304e-06,1.0
0000882291,AEMD,2022-06-03,0,4.854695298897304e-06,1.0
0000882291,AEMD,2022-06-06,0,4.854695298897304e-06,1.0
0000882291,AEMD,2022-06-07,0,4.854695298897304e-06,1.0
0000882291,AEMD,2022-06-08,0,4.854695298897304e-06,1.0
0000882291,AEMD,2022-06-09,0,4.854695298897304e-06,1.0
0000882291,AEMD,2022-06-10,0,4.854695298897304e-06,1.0
0000882291,AEMD,2022-06-13,0,4.854695298897304e-06,1.0
0000882291,AEMD,2022-06-14,0,4.854695298897304e-06,1.0
0000882291,AEMD,2022-06-15,0,4.854695298897304e-06,1.0
0000882291,AEMD,2022-06-16,0,4.854695298897304e-06,1.0
0000882291,AEMD,2022-06-17,0,4.854695298897304e-06,1.0
0000882291,AEMD,2022-06-20,0,4.854695298897304e-06,1.0
0000882291,AEMD,2022-06-21,0,4.854695298897304e-06,1.0
0000882291,AEMD,2022-06-22,0,4.854695298897304e-06,1.0
0000882291,AEMD,2022-06-23,0,0.00024125338500891207,1.0
0000882291,AEMD,2022-06-24,0,0.00024125338500891207,1.0
0000882291,AEMD,2022-06-27,0,0.00024125338500891207,1.0
0000882291,AEMD,2022-06-28,0,0.00024125338500891207,1.0
0000882291,AEMD,2022-06-29,0,9.031137764331868e-06,1.0
0000882291,AEMD,2022-06-30,0,9.031137764331868e-06,1.0
0000882291,AEMD,2022-07-01,0,9.031137764331868e-06,1.0
0000882291,AEMD,2022-07-04,0,9.031137764331868e-06,1.0
0000882291,AEMD,2022-07-05,0,9.031137764331868e-06,1.0
0000882291,AEMD,2022-07-06,0,9.031137764331868e-06,1.0
0000882291,AEMD,2022-07-07,0,9.031137764331868e-06,1.0
0000882291,AEMD,2022-07-08,0,9.031137764331868e-06,1.0
0000882291,AEMD,2022-07-11,0,9.031137764331868e-06,1.0
0000882291,AEMD,2022-07-12,0,9.031137764331868e-06,1.0
0000882291,AEMD,2022-07-13,0,9.031137764331868e-06,1.0
0000882291,AEMD,2022-07-14,0,9.031137764331868e-06,1.0
0000882291,AEMD,2022-07-15,0,9.031137764331868e-06,1.0
0000882291,AEMD,2022-07-18,0,6.945525522028162e-06,1.0
0000882291,AEMD,2022-07-19,0,6.945525522028162e-06,1.0
0000882291,AEMD,2022-07-20,0,6.945525522028162e-06,1.0
0000882291,AEMD,2022-07-21,0,6.945525522028162e-06,1.0
0000882291,AEMD,2022-07-22,0,6.945525522028162e-06,1.0
0000882291,AEMD,2022-07-25,0,6.945525522028162e-06,1.0
0000882291,AEMD,2022-07-26,0,6.945525522028162e-06,1.0
0000882291,AEMD,2022-07-27,0,6.945525522028162e-06,1.0
0000882291,AEMD,2022-07-28,0,5.34155305800846e-06,1.0
0000882291,AEMD,2022-07-29,0,6.210141372901109e-06,1.0
0000882291,AEMD,2022-08-01,0,6.210141372901109e-06,1.0
0000882291,AEMD,2022-08-02,0,6.210141372901109e-06,1.0
0000882291,AEMD,2022-08-03,0,6.210141372901109e-06,1.0
0000882291,AEMD,2022-08-04,0,6.210141372901109e-06,1.0
0000882291,AEMD,2022-08-05,0,6.210141372901109e-06,1.0
0000882291,AEMD,2022-08-08,0,6.210141372901109e-06,1.0
0000882291,AEMD,2022-08-09,0,6.210141372901109e-06,1.0
0000882291,AEMD,2022-08-10,0,6.972763415030105e-06,1.0
0000882291,AEMD,2022-08-11,0,6.972763415030105e-06,1.0
0000882291,AEMD,2022-08-12,0,6.972763415030105e-06,1.0
0000882291,AEMD,2022-08-15,0,7.232651460911173e-06,1.0
0000882291,AEMD,2022-08-16,0,7.232651460911173e-06,1.0
0000882291,AEMD,2022-08-17,0,2.3336181411032495e-05,1.0
0000882291,AEMD,2022-08-18,0,2.3336181411032495e-05,1.0
0000882291,AEMD,2022-08-19,0,2.3336181411032495e-05,1.0
0000882291,AEMD,2022-08-22,0,2.3336181411032495e-05,1.0
0000882291,AEMD,2022-08-23,0,2.3336181411032495e-05,1.0
0000882291,AEMD,2022-08-24,0,2.3336181411032495e-05,1.0
0000882291,AEMD,2022-08-25,0,2.3336181411032495e-05,1.0
0000882291,AEMD,2022-08-26,0,2.3336181411032495e-05,1.0
0000882291,AEMD,2022-08-29,0,6.342521967295755e-06,1.0
0000882291,AEMD,2022-08-30,0,6.342521967295755e-06,1.0
0000882291,AEMD,2022-08-31,0,6.342521967295755e-06,1.0
0000882291,AEMD,2022-09-01,0,6.342521967295755e-06,1.0
0000882291,AEMD,2022-09-02,0,6.342521967295755e-06,1.0
0000882291,AEMD,2022-09-05,0,6.342521967295755e-06,1.0
0000882291,AEMD,2022-09-06,0,6.342521967295755e-06,1.0
0000882291,AEMD,2022-09-07,0,6.342521967295755e-06,1.0
0000882291,AEMD,2022-09-08,0,6.342521967295755e-06,1.0
0000882291,AEMD,2022-09-09,0,4.294906534923057e-06,1.0
0000882291,AEMD,2022-09-12,0,4.294906534923057e-06,1.0
0000882291,AEMD,2022-09-13,0,4.294906534923057e-06,1.0
0000882291,AEMD,2022-09-14,0,4.294906534923057e-06,1.0
0000882291,AEMD,2022-09-15,0,4.294906534923057e-06,1.0
0000882291,AEMD,2022-09-16,0,4.294906534923057e-06,1.0
0000882291,AEMD,2022-09-19,0,4.294906534923057e-06,1.0
0000882291,AEMD,2022-09-20,0,4.294906534923057e-06,1.0
0000882291,AEMD,2022-09-21,0,4.33421820843059e-06,1.0
0000882291,AEMD,2022-09-22,0,4.33421820843059e-06,1.0
0000882291,AEMD,2022-09-23,0,4.33421820843059e-06,1.0
0000882291,AEMD,2022-09-26,0,4.33421820843059e-06,1.0
0000882291,AEMD,2022-09-27,0,4.288140635169638e-06,1.0
0000882291,AEMD,2022-09-28,0,4.288140635169638e-06,1.0
0000882291,AEMD,2022-09-29,0,4.288140635169638e-06,1.0
0000882291,AEMD,2022-09-30,0,4.288140635169638e-06,1.0
0000882291,AEMD,2022-10-03,0,4.288140635169638e-06,1.0
0000882291,AEMD,2022-10-04,0,4.288140635169638e-06,1.0
0000882291,AEMD,2022-10-05,0,4.288140635169638e-06,1.0
0000882291,AEMD,2022-10-06,0,4.288140635169638e-06,1.0
0000882291,AEMD,2022-10-07,0,4.288140635169638e-06,1.0
0000882291,AEMD,2022-10-10,0,4.288140635169638e-06,1.0
0000882291,AEMD,2022-10-11,0,4.288140635169638e-06,1.0
0000882291,AEMD,2022-10-12,0,4.288140635169638e-06,1.0
0000882291,AEMD,2022-10-13,0,4.288140635169638e-06,1.0
0000882291,AEMD,2022-10-14,0,4.288140635169638e-06,1.0
0000882291,AEMD,2022-10-17,0,1.9051400067698494e-06,1.0
0000882291,AEMD,2022-10-18,0,1.9051400067698494e-06,1.0
0000882291,AEMD,2022-10-19,0,1.9051400067698494e-06,1.0
0000882291,AEMD,2022-10-20,0,1.9051400067698494e-06,1.0
0000882291,AEMD,2022-10-21,0,1.9051400067698494e-06,1.0
0000882291,AEMD,2022-10-24,0,1.9051400067698494e-06,1.0
0000882291,AEMD,2022-10-25,0,1.9051400067698494e-06,1.0
0000882291,AEMD,2022-10-26,0,5.120491609703753e-06,1.0
0000882291,AEMD,2022-10-27,0,5.120491609703753e-06,1.0
0000882291,AEMD,2022-10-28,0,5.120491609703753e-06,1.0
0000882291,AEMD,2022-10-31,0,5.120491609703753e-06,1.0
0000882291,AEMD,2022-11-01,0,5.120491609703753e-06,1.0
0000882291,AEMD,2022-11-02,0,5.120491609703753e-06,1.0
0000882291,AEMD,2022-11-03,0,5.120491609703753e-06,1.0
0000882291,AEMD,2022-11-04,0,5.120491609703753e-06,1.0
0000882291,AEMD,2022-11-07,0,5.120491609703753e-06,1.0
0000882291,AEMD,2022-11-08,0,0.00013122675837400706,1.0
0000882291,AEMD,2022-11-09,0,0.00013122675837400706,1.0
0000882291,AEMD,2022-11-10,0,0.00013122675837400706,1.0
0000882291,AEMD,2022-11-11,0,0.00013122675837400706,1.0
0000882291,AEMD,2022-11-14,0,0.00013122675837400706,1.0
0000882291,AEMD,2022-11-15,0,7.526611739874185e-06,1.0
0000882291,AEMD,2022-11-16,0,7.526611739874185e-06,1.0
0000882291,AEMD,2022-11-17,0,7.526611739874185e-06,1.0
0000882291,AEMD,2022-11-18,0,7.526611739874185e-06,1.0
0000882291,AEMD,2022-11-21,0,7.526611739874185e-06,1.0
0000882291,AEMD,2022-11-22,0,7.526611739874185e-06,1.0
0000882291,AEMD,2022-11-23,0,7.526611739874185e-06,1.0
0000882291,AEMD,2022-11-24,0,7.526611739874185e-06,1.0
0000882291,AEMD,2022-11-25,0,7.526611739874185e-06,1.0
0000882291,AEMD,2022-11-28,0,7.526611739874185e-06,1.0
0000882291,AEMD,2022-11-29,0,7.526611739874185e-06,1.0
0000882291,AEMD,2022-11-30,0,7.526611739874185e-06,1.0
0000882291,AEMD,2022-12-01,0,7.526611739874185e-06,1.0
0000882291,AEMD,2022-12-02,0,7.526611739874185e-06,1.0
0000882291,AEMD,2022-12-05,0,7.526611739874185e-06,1.0
0000882291,AEMD,2022-12-06,0,7.526611739874185e-06,1.0
0000882291,AEMD,2022-12-07,0,7.526611739874185e-06,1.0
0000882291,AEMD,2022-12-08,0,7.526611739874185e-06,1.0
0000882291,AEMD,2022-12-09,0,7.526611739874185e-06,1.0
0000882291,AEMD,2022-12-12,0,7.526611739874185e-06,1.0
0000882291,AEMD,2022-12-13,0,7.526611739874185e-06,1.0
0000882291,AEMD,2022-12-14,0,7.526611739874185e-06,1.0
0000882291,AEMD,2022-12-15,0,5.202730001585936e-06,1.0
0000882291,AEMD,2022-12-16,0,5.202730001585936e-06,1.0
0000882291,AEMD,2022-12-19,0,5.202730001585936e-06,1.0
0000882291,AEMD,2022-12-20,0,5.202730001585936e-06,1.0
0000882291,AEMD,2022-12-21,0,5.202730001585936e-06,1.0
0000882291,AEMD,2022-12-22,0,5.202730001585936e-06,1.0
0000882291,AEMD,2022-12-23,0,5.202730001585936e-06,1.0
0000882291,AEMD,2022-12-26,0,5.078257298337403e-06,1.0
0000882291,AEMD,2022-12-27,0,5.078257298337403e-06,1.0
0000882291,AEMD,2022-12-28,0,5.078257298337403e-06,1.0
0000882291,AEMD,2022-12-29,0,5.078257298337403e-06,1.0
0000882291,AEMD,2022-12-30,0,5.078257298337403e-06,1.0
0000882291,AEMD,2023-01-02,0,5.078257298337403e-06,1.0
0000882291,AEMD,2023-01-03,0,5.078257298337403e-06,1.0
0000882291,AEMD,2023-01-04,0,5.078257298337403e-06,1.0
0000882291,AEMD,2023-01-05,0,5.078257298337403e-06,1.0
0000882291,AEMD,2023-01-06,0,5.078257298337403e-06,1.0
0000882291,AEMD,2023-01-09,0,5.078257298337403e-06,1.0
0000882291,AEMD,2023-01-10,0,5.078257298337403e-06,1.0
0000882291,AEMD,2023-01-11,0,5.078257298337403e-06,1.0
0000882291,AEMD,2023-01-12,0,5.078257298337403e-06,1.0
0000882291,AEMD,2023-01-13,0,5.078257298337403e-06,1.0
0000882291,AEMD,2023-01-16,0,5.199037561888425e-06,1.0
0000882291,AEMD,2023-01-17,0,5.199037561888425e-06,1.0
0000882291,AEMD,2023-01-18,0,5.199037561888425e-06,1.0
0000882291,AEMD,2023-01-19,0,5.199037561888425e-06,1.0
0000882291,AEMD,2023-01-20,0,5.199037561888425e-06,1.0
0000882291,AEMD,2023-01-23,0,5.199037561888425e-06,1.0
0000882291,AEMD,2023-01-24,0,1.1409159090304712e-05,1.0
0000882291,AEMD,2023-01-25,0,1.1409159090304712e-05,1.0
0000882291,AEMD,2023-01-26,0,1.1409159090304712e-05,1.0
0000882291,AEMD,2023-01-27,0,1.1409159090304712e-05,1.0
0000882291,AEMD,2023-01-30,0,1.1409159090304712e-05,1.0
0000882291,AEMD,2023-01-31,0,1.1409159090304712e-05,1.0
0000882291,AEMD,2023-02-01,0,1.1409159090304712e-05,1.0
0000882291,AEMD,2023-02-02,0,1.1409159090304712e-05,1.0
0000882291,AEMD,2023-02-03,0,1.1409159090304712e-05,1.0
0000882291,AEMD,2023-02-06,0,1.1798364079562198e-05,1.0
0000882291,AEMD,2023-02-07,0,1.1798364079562198e-05,1.0
0000882291,AEMD,2023-02-08,0,1.1798364079562198e-05,1.0
0000882291,AEMD,2023-02-09,0,1.1798364079562198e-05,1.0
0000882291,AEMD,2023-02-10,0,1.1798364079562198e-05,1.0
0000882291,AEMD,2023-02-13,0,0.000289404530364284,1.0
0000882291,AEMD,2023-02-14,0,1.6845961841975308e-05,1.0
0000882291,AEMD,2023-02-15,0,1.6845961841975308e-05,1.0
0000882291,AEMD,2023-02-16,0,1.6845961841975308e-05,1.0
0000882291,AEMD,2023-02-17,0,1.6845961841975308e-05,1.0
0000882291,AEMD,2023-02-20,0,1.6845961841975308e-05,1.0
0000882291,AEMD,2023-02-21,0,1.6845961841975308e-05,1.0
0000882291,AEMD,2023-02-22,0,1.6845961841975308e-05,1.0
0000882291,AEMD,2023-02-23,0,1.6845961841975308e-05,1.0
0000882291,AEMD,2023-02-24,0,1.6845961841975308e-05,1.0
0000882291,AEMD,2023-02-27,0,1.6845961841975308e-05,1.0
0000882291,AEMD,2023-02-28,0,1.6845961841975308e-05,1.0
0000882291,AEMD,2023-03-01,0,1.6845961841975308e-05,1.0
0000882291,AEMD,2023-03-02,0,1.6845961841975308e-05,1.0
0000882291,AEMD,2023-03-03,0,1.6845961841975308e-05,1.0
0000882291,AEMD,2023-03-06,0,1.6845961841975308e-05,1.0
0000882291,AEMD,2023-03-07,0,1.6845961841975308e-05,1.0
0000882291,AEMD,2023-03-08,0,1.6845961841975308e-05,1.0
0000882291,AEMD,2023-03-09,0,1.6845961841975308e-05,1.0
0000882291,AEMD,2023-03-10,0,1.6845961841975308e-05,1.0
0000882291,AEMD,2023-03-13,0,1.6845961841975308e-05,1.0
0000882291,AEMD,2023-03-14,0,1.6845961841975308e-05,1.0
0000882291,AEMD,2023-03-15,0,1.6845961841975308e-05,1.0
0000882291,AEMD,2023-03-16,0,1.6845961841975308e-05,1.0
0000882291,AEMD,2023-03-17,0,1.1765184548308789e-05,1.0
0000882291,AEMD,2023-03-20,0,1.1765184548308789e-05,1.0
0000882291,AEMD,2023-03-21,0,1.1765184548308789e-05,1.0
0000882291,AEMD,2023-03-22,0,1.1765184548308789e-05,1.0
0000882291,AEMD,2023-03-23,0,1.1765184548308789e-05,1.0
0000882291,AEMD,2023-03-24,0,1.1765184548308789e-05,1.0
0000882291,AEMD,2023-03-27,0,1.1765184548308789e-05,1.0
0000882291,AEMD,2023-03-28,0,1.1765184548308789e-05,1.0
0000882291,AEMD,2023-03-29,0,1.1765184548308789e-05,1.0
0000882291,AEMD,2023-03-30,0,1.1765184548308789e-05,1.0
0000882291,AEMD,2023-03-31,0,1.1765184548308789e-05,1.0
0000882291,AEMD,2023-04-03,0,1.1765184548308789e-05,1.0
0000882291,AEMD,2023-04-04,0,1.1765184548308789e-05,1.0
0000882291,AEMD,2023-04-05,0,1.1765184548308789e-05,1.0
0000882291,AEMD,2023-04-06,0,1.1765184548308789e-05,1.0
0000882291,AEMD,2023-04-07,0,1.1765184548308789e-05,1.0
0000882291,AEMD,2023-04-10,0,1.1765184548308789e-05,1.0
0000882291,AEMD,2023-04-11,0,1.1765184548308789e-05,1.0
0000882291,AEMD,2023-04-12,0,1.1765184548308789e-05,1.0
0000882291,AEMD,2023-04-13,0,1.1765184548308789e-05,1.0
0000882291,AEMD,2023-04-14,0,1.1765184548308789e-05,1.0
0000882291,AEMD,2023-04-17,0,1.1765184548308789e-05,1.0
0000882291,AEMD,2023-04-18,0,1.1765184548308789e-05,1.0
0000882291,AEMD,2023-04-19,0,1.1765184548308789e-05,1.0
0000882291,AEMD,2023-04-20,0,1.1765184548308789e-05,1.0
0000882291,AEMD,2023-04-21,0,1.1765184548308789e-05,1.0
0000882291,AEMD,2023-04-24,0,1.1765184548308789e-05,1.0
0000882291,AEMD,2023-04-25,0,1.1765184548308789e-05,1.0
0000882291,AEMD,2023-04-26,0,1.1765184548308789e-05,1.0
0000882291,AEMD,2023-04-27,0,1.1765184548308789e-05,1.0
0000882291,AEMD,2023-04-28,0,1.1765184548308789e-05,1.0
0000882291,AEMD,2023-05-01,0,1.1765184548308789e-05,1.0
0000882291,AEMD,2023-05-02,0,1.1765184548308789e-05,1.0
0000882291,AEMD,2023-05-03,0,1.1765184548308789e-05,1.0
0000882291,AEMD,2023-05-04,0,1.1765184548308789e-05,1.0
0000882291,AEMD,2023-05-05,0,1.1765184548308789e-05,1.0
0000882291,AEMD,2023-05-08,0,1.1765184548308789e-05,1.0
0000882291,AEMD,2023-05-09,0,1.1765184548308789e-05,1.0
0000882291,AEMD,2023-05-10,0,1.1765184548308789e-05,1.0
0000882291,AEMD,2023-05-11,0,1.1765184548308789e-05,1.0
0000882291,AEMD,2023-05-12,0,1.1765184548308789e-05,1.0
0000882291,AEMD,2023-05-15,0,1.2092556960744072e-05,1.0
0000882291,AEMD,2023-05-16,0,0.0002902155967973508,1.0
0000882291,AEMD,2023-05-17,0,0.0002902155967973508,1.0
0000882291,AEMD,2023-05-18,0,0.0002902155967973508,1.0
0000882291,AEMD,2023-05-19,0,0.0002902155967973508,1.0
0000882291,AEMD,2023-05-22,0,0.0002902155967973508,1.0
0000882291,AEMD,2023-05-23,0,0.0002902155967973508,1.0
0000882291,AEMD,2023-05-24,0,0.0002902155967973508,1.0
0000882291,AEMD,2023-05-25,0,0.0002902155967973508,1.0
0000882291,AEMD,2023-05-26,0,0.0002902155967973508,1.0
0000882291,AEMD,2023-05-29,0,0.0002902155967973508,1.0
0000882291,AEMD,2023-05-30,0,0.0002902155967973508,1.0
0000882291,AEMD,2023-05-31,0,0.0002902155967973508,1.0
0000882291,AEMD,2023-06-01,0,0.0002902155967973508,1.0
0000882291,AEMD,2023-06-02,0,0.0002902155967973508,1.0
0000882291,AEMD,2023-06-05,0,0.0002902155967973508,1.0
0000882291,AEMD,2023-06-06,0,0.0002902155967973508,1.0
0000882291,AEMD,2023-06-07,0,0.0002902155967973508,1.0
0000882291,AEMD,2023-06-08,0,0.0002902155967973508,1.0
0000882291,AEMD,2023-06-09,0,0.0002902155967973508,1.0
0000882291,AEMD,2023-06-12,0,0.0002902155967973508,1.0
0000882291,AEMD,2023-06-13,0,0.0002902155967973508,1.0
0000882291,AEMD,2023-06-14,0,0.0002902155967973508,1.0
0000882291,AEMD,2023-06-15,0,0.0002902155967973508,1.0
0000882291,AEMD,2023-06-16,0,0.0002902155967973508,1.0
0000882291,AEMD,2023-06-19,0,0.0002902155967973508,1.0
0000882291,AEMD,2023-06-20,0,0.0002902155967973508,1.0
0000882291,AEMD,2023-06-21,0,0.0002902155967973508,1.0
0000882291,AEMD,2023-06-22,0,0.0002902155967973508,1.0
0000882291,AEMD,2023-06-23,0,0.0002902155967973508,1.0
0000882291,AEMD,2023-06-26,0,0.0002902155967973508,1.0
0000882291,AEMD,2023-06-27,0,0.0002902155967973508,1.0
0000882291,AEMD,2023-06-28,0,0.0002902155967973508,1.0
0000882291,AEMD,2023-06-29,0,1.4955335246432564e-05,1.0
0000882291,AEMD,2023-06-30,0,1.4955335246432564e-05,1.0
0000882291,AEMD,2023-07-03,0,1.4955335246432564e-05,1.0
0000882291,AEMD,2023-07-04,0,1.4955335246432564e-05,1.0
0000882291,AEMD,2023-07-05,0,1.4955335246432564e-05,1.0
0000882291,AEMD,2023-07-06,0,1.4955335246432564e-05,1.0
0000882291,AEMD,2023-07-07,0,1.4955335246432564e-05,1.0
0000882291,AEMD,2023-07-10,0,1.4955335246432564e-05,1.0
0000882291,AEMD,2023-07-11,0,1.4955335246432564e-05,1.0
0000882291,AEMD,2023-07-12,0,1.4955335246432564e-05,1.0
0000882291,AEMD,2023-07-13,0,1.4955335246432564e-05,1.0
0000882291,AEMD,2023-07-14,0,1.4955335246432564e-05,1.0
0000882291,AEMD,2023-07-17,0,1.4955335246432564e-05,1.0
0000882291,AEMD,2023-07-18,0,1.3537201143805058e-05,1.0
0000882291,AEMD,2023-07-19,0,1.3537201143805058e-05,1.0
0000882291,AEMD,2023-07-20,0,1.3537201143805058e-05,1.0
0000882291,AEMD,2023-07-21,0,1.3537201143805058e-05,1.0
0000882291,AEMD,2023-07-24,0,1.3537201143805058e-05,1.0
0000882291,AEMD,2023-07-25,0,1.3537201143805058e-05,1.0
0000882291,AEMD,2023-07-26,0,1.3537201143805058e-05,1.0
0000882291,AEMD,2023-07-27,0,1.3537201143805058e-05,1.0
0000882291,AEMD,2023-07-28,0,1.2253539432226099e-05,1.0
0000882291,AEMD,2023-07-31,0,4.201000253589076e-06,1.0
0000882291,AEMD,2023-08-01,0,4.201000253589076e-06,1.0
0000882291,AEMD,2023-08-02,0,4.201000253589076e-06,1.0
0000882291,AEMD,2023-08-03,0,4.201000253589076e-06,1.0
0000882291,AEMD,2023-08-04,0,4.201000253589076e-06,1.0
0000882291,AEMD,2023-08-07,0,4.201000253589076e-06,1.0
0000882291,AEMD,2023-08-08,0,4.201000253589076e-06,1.0
0000882291,AEMD,2023-08-09,0,4.201000253589076e-06,1.0
0000882291,AEMD,2023-08-10,0,4.201000253589076e-06,1.0
0000882291,AEMD,2023-08-11,0,5.149301732254807e-06,1.0
0000882291,AEMD,2023-08-14,0,5.276469502371395e-06,1.0
0000882291,AEMD,2023-08-15,0,5.276469502371395e-06,1.0
0000882291,AEMD,2023-08-16,0,5.276469502371395e-06,1.0
0000882291,AEMD,2023-08-17,0,7.701297062776573e-06,1.0
0000882291,AEMD,2023-08-18,0,7.701297062776573e-06,1.0
0000882291,AEMD,2023-08-21,0,7.701297062776573e-06,1.0
0000882291,AEMD,2023-08-22,0,7.701297062776573e-06,1.0
0000882291,AEMD,2023-08-23,0,7.701297062776573e-06,1.0
0000882291,AEMD,2023-08-24,0,7.701297062776573e-06,1.0
0000882291,AEMD,2023-08-25,0,7.701297062776573e-06,1.0
0000882291,AEMD,2023-08-28,0,3.2495211518719257e-06,1.0
0000882291,AEMD,2023-08-29,0,3.2495211518719257e-06,1.0
0000882291,AEMD,2023-08-30,0,3.2495211518719257e-06,1.0
0000882291,AEMD,2023-08-31,0,3.2495211518719257e-06,1.0
0000882291,AEMD,2023-09-01,0,3.2495211518719257e-06,1.0
0000882291,AEMD,2023-09-04,0,3.2495211518719257e-06,1.0
0000882291,AEMD,2023-09-05,0,3.2495211518719257e-06,1.0
0000882291,AEMD,2023-09-06,0,3.2495211518719257e-06,1.0
0000882291,AEMD,2023-09-07,0,3.2495211518719257e-06,1.0
0000882291,AEMD,2023-09-08,0,3.2495211518719257e-06,1.0
0000882291,AEMD,2023-09-11,0,2.340617050898359e-06,1.0
0000882291,AEMD,2023-09-12,0,2.340617050898359e-06,1.0
0000882291,AEMD,2023-09-13,0,2.340617050898359e-06,1.0
0000882291,AEMD,2023-09-14,0,2.340617050898359e-06,1.0
0000882291,AEMD,2023-09-15,0,2.340617050898359e-06,1.0
0000882291,AEMD,2023-09-18,0,2.340617050898359e-06,1.0
0000882291,AEMD,2023-09-19,0,2.340617050898359e-06,1.0
0000882291,AEMD,2023-09-20,0,2.340617050898359e-06,1.0
0000882291,AEMD,2023-09-21,0,2.340617050898359e-06,1.0
0000882291,AEMD,2023-09-22,0,2.340617050898359e-06,1.0
0000882291,AEMD,2023-09-25,0,2.340617050898359e-06,1.0
0000882291,AEMD,2023-09-26,0,2.340617050898359e-06,1.0
0000882291,AEMD,2023-09-27,0,1.199996618486074e-06,1.0
0000882291,AEMD,2023-09-28,0,1.199996618486074e-06,1.0
0000882291,AEMD,2023-09-29,0,1.199996618486074e-06,1.0
0000882291,AEMD,2023-10-02,0,1.199996618486074e-06,1.0
0000882291,AEMD,2023-10-03,0,1.199996618486074e-06,1.0
0000882291,AEMD,2023-10-04,0,1.199996618486074e-06,1.0
0000882291,AEMD,2023-10-05,0,1.199996618486074e-06,1.0
0000882291,AEMD,2023-10-06,0,1.199996618486074e-06,1.0
0000882291,AEMD,2023-10-09,0,1.199996618486074e-06,1.0
0000882291,AEMD,2023-10-10,0,1.199996618486074e-06,1.0
0000882291,AEMD,2023-10-11,0,1.199996618486074e-06,1.0
0000882291,AEMD,2023-10-12,0,1.199996618486074e-06,1.0
0000882291,AEMD,2023-10-13,0,1.199996618486074e-06,1.0
0000882291,AEMD,2023-10-16,0,9.613607236872342e-07,1.0
0000882291,AEMD,2023-10-17,0,9.613607236872342e-07,1.0
0000882291,AEMD,2023-10-18,0,9.613607236872342e-07,1.0
0000882291,AEMD,2023-10-19,0,9.613607236872342e-07,1.0
0000882291,AEMD,2023-10-20,0,9.613607236872342e-07,1.0
0000882291,AEMD,2023-10-23,0,9.613607236872342e-07,1.0
0000882291,AEMD,2023-10-24,0,9.613607236872342e-07,1.0
0000882291,AEMD,2023-10-25,0,9.613607236872342e-07,1.0
0000882291,AEMD,2023-10-26,0,7.344926815724098e-06,1.0
0000882291,AEMD,2023-10-27,0,7.344926815724098e-06,1.0
0000882291,AEMD,2023-10-30,0,7.344926815724098e-06,1.0
0000882291,AEMD,2023-10-31,0,7.344926815724098e-06,1.0
0000882291,AEMD,2023-11-01,0,7.344926815724098e-06,1.0
0000882291,AEMD,2023-11-02,0,7.344926815724098e-06,1.0
0000882291,AEMD,2023-11-03,0,7.344926815724098e-06,1.0
0000882291,AEMD,2023-11-06,0,7.344926815724098e-06,1.0
0000882291,AEMD,2023-11-07,0,7.344926815724098e-06,1.0
0000882291,AEMD,2023-11-08,0,7.344926815724098e-06,1.0
0000882291,AEMD,2023-11-09,0,0.00016512021975030058,1.0
0000882291,AEMD,2023-11-10,0,0.00016512021975030058,1.0
0000882291,AEMD,2023-11-13,0,0.00016512021975030058,1.0
0000882291,AEMD,2023-11-14,0,0.00016512021975030058,1.0
0000882291,AEMD,2023-11-15,0,1.0041205323268878e-05,1.0
0000882291,AEMD,2023-11-16,0,1.0041205323268878e-05,1.0
0000882291,AEMD,2023-11-17,0,1.0041205323268878e-05,1.0
0000882291,AEMD,2023-11-20,0,1.0041205323268878e-05,1.0
0000882291,AEMD,2023-11-21,0,1.0041205323268878e-05,1.0
0000882291,AEMD,2023-11-22,0,1.0041205323268878e-05,1.0
0000882291,AEMD,2023-11-23,0,1.0041205323268878e-05,1.0
0000882291,AEMD,2023-11-24,0,1.0041205323268878e-05,1.0
0000882291,AEMD,2023-11-27,0,1.0041205323268878e-05,1.0
0000882291,AEMD,2023-11-28,0,1.0041205323268878e-05,1.0
0000882291,AEMD,2023-11-29,0,1.0041205323268878e-05,1.0
0000882291,AEMD,2023-11-30,0,1.0041205323268878e-05,1.0
0000882291,AEMD,2023-12-01,0,1.0041205323268878e-05,1.0
0000882291,AEMD,2023-12-04,0,1.0041205323268878e-05,1.0
0000882291,AEMD,2023-12-05,0,1.0041205323268878e-05,1.0
0000882291,AEMD,2023-12-06,0,1.0041205323268878e-05,1.0
0000882291,AEMD,2023-12-07,0,1.0041205323268878e-05,1.0
0000882291,AEMD,2023-12-08,0,1.0041205323268878e-05,1.0
0000882291,AEMD,2023-12-11,0,1.0041205323268878e-05,1.0
0000882291,AEMD,2023-12-12,0,1.0041205323268878e-05,1.0
0000882291,AEMD,2023-12-13,0,1.0041205323268878e-05,1.0
0000882291,AEMD,2023-12-14,0,1.0041205323268878e-05,1.0
0000882291,AEMD,2023-12-15,0,7.232653655729036e-06,1.0
0000882291,AEMD,2023-12-18,0,7.232653655729036e-06,1.0
0000882291,AEMD,2023-12-19,0,7.232653655729036e-06,1.0
0000882291,AEMD,2023-12-20,0,7.232653655729036e-06,1.0
0000882291,AEMD,2023-12-21,0,7.232653655729036e-06,1.0
0000882291,AEMD,2023-12-22,0,7.232653655729036e-06,1.0
0000882291,AEMD,2023-12-25,0,7.232653655729036e-06,1.0
0000882291,AEMD,2023-12-26,0,1.1061077288426047e-05,1.0
0000882291,AEMD,2023-12-27,0,1.1061077288426047e-05,1.0
0000882291,AEMD,2023-12-28,0,1.1061077288426047e-05,1.0
0000882291,AEMD,2023-12-29,0,1.1061077288426047e-05,1.0
0000882291,AEMD,2024-01-01,0,1.1061077288426047e-05,1.0
0000882291,AEMD,2024-01-02,0,1.1061077288426047e-05,1.0
0000882291,AEMD,2024-01-03,0,1.1061077288426047e-05,1.0
0000882291,AEMD,2024-01-04,0,1.1061077288426047e-05,1.0
0000882291,AEMD,2024-01-05,0,1.1061077288426047e-05,1.0
0000882291,AEMD,2024-01-08,0,1.1061077288426047e-05,1.0
0000882291,AEMD,2024-01-09,0,1.1061077288426047e-05,1.0
0000882291,AEMD,2024-01-10,0,1.1061077288426047e-05,1.0
0000882291,AEMD,2024-01-11,0,1.1061077288426047e-05,1.0
0000882291,AEMD,2024-01-12,0,1.1061077288426047e-05,1.0
0000882291,AEMD,2024-01-15,0,1.0525885780328804e-05,1.0
0000882291,AEMD,2024-01-16,0,1.0525885780328804e-05,1.0
0000882291,AEMD,2024-01-17,0,1.0525885780328804e-05,1.0
0000882291,AEMD,2024-01-18,0,1.0525885780328804e-05,1.0
0000882291,AEMD,2024-01-19,0,1.0525885780328804e-05,1.0
0000882291,AEMD,2024-01-22,0,1.0525885780328804e-05,1.0
0000882291,AEMD,2024-01-23,0,1.0525885780328804e-05,1.0
0000882291,AEMD,2024-01-24,0,1.3251750597547117e-05,1.0
0000882291,AEMD,2024-01-25,0,1.3251750597547117e-05,1.0
0000882291,AEMD,2024-01-26,0,1.3251750597547117e-05,1.0
0000882291,AEMD,2024-01-29,0,1.3251750597547117e-05,1.0
0000882291,AEMD,2024-01-30,0,1.3251750597547117e-05,1.0
0000882291,AEMD,2024-01-31,0,1.3251750597547117e-05,1.0
0000882291,AEMD,2024-02-01,0,1.3251750597547117e-05,1.0
0000882291,AEMD,2024-02-02,0,1.3251750597547117e-05,1.0
0000882291,AEMD,2024-02-05,0,1.3251750597547117e-05,1.0
0000882291,AEMD,2024-02-06,0,1.3251750597547117e-05,1.0
0000882291,AEMD,2024-02-07,0,1.3455354117163887e-05,1.0
0000882291,AEMD,2024-02-08,0,1.3455354117163887e-05,1.0
0000882291,AEMD,2024-02-09,0,1.3455354117163887e-05,1.0
0000882291,AEMD,2024-02-12,0,1.3455354117163887e-05,1.0
0000882291,AEMD,2024-02-13,0,0.00030244813865560184,1.0
0000882291,AEMD,2024-02-14,0,0.00030244813865560184,1.0
0000882291,AEMD,2024-02-15,0,1.8394692515668996e-05,1.0
0000882291,AEMD,2024-02-16,0,1.8394692515668996e-05,1.0
0000882291,AEMD,2024-02-19,0,1.8394692515668996e-05,1.0
0000882291,AEMD,2024-02-20,0,1.8394692515668996e-05,1.0
0000882291,AEMD,2024-02-21,0,1.8394692515668996e-05,1.0
0000882291,AEMD,2024-02-22,0,1.8394692515668996e-05,1.0
0000882291,AEMD,2024-02-23,0,1.8394692515668996e-05,1.0
0000882291,AEMD,2024-02-26,0,1.8394692515668996e-05,1.0
0000882291,AEMD,2024-02-27,0,1.8394692515668996e-05,1.0
0000882291,AEMD,2024-02-28,0,1.8394692515668996e-05,1.0
0000882291,AEMD,2024-02-29,0,1.8394692515668996e-05,1.0
0000882291,AEMD,2024-03-01,0,1.8394692515668996e-05,1.0
0000882291,AEMD,2024-03-04,0,1.8394692515668996e-05,1.0
0000882291,AEMD,2024-03-05,0,1.8394692515668996e-05,1.0
0000882291,AEMD,2024-03-06,0,1.8394692515668996e-05,1.0
0000882291,AEMD,2024-03-07,0,1.8394692515668996e-05,1.0
0000882291,AEMD,2024-03-08,0,1.8394692515668996e-05,1.0
0000882291,AEMD,2024-03-11,0,1.8394692515668996e-05,1.0
0000882291,AEMD,2024-03-12,0,1.8394692515668996e-05,1.0
0000882291,AEMD,2024-03-13,0,1.8394692515668996e-05,1.0
0000882291,AEMD,2024-03-14,0,1.8394692515668996e-05,1.0
0000882291,AEMD,2024-03-15,0,1.8394692515668996e-05,1.0
0000882291,AEMD,2024-03-18,0,1.3249679360471182e-05,1.0
0000882291,AEMD,2024-03-19,0,1.3249679360471182e-05,1.0
0000882291,AEMD,2024-03-20,0,1.3249679360471182e-05,1.0
0000882291,AEMD,2024-03-21,0,1.3249679360471182e-05,1.0
0000882291,AEMD,2024-03-22,0,1.3249679360471182e-05,1.0
0000882291,AEMD,2024-03-25,0,0.00013739242580897596,1.0
0000882291,AEMD,2024-03-26,0,0.00013739242580897596,1.0
0000882291,AEMD,2024-03-27,0,0.00013739242580897596,1.0
0000882291,AEMD,2024-03-28,0,0.00013739242580897596,1.0
0000882291,AEMD,2024-03-29,0,0.00013739242580897596,1.0
0000882291,AEMD,2024-04-01,0,0.00013739242580897596,1.0
0000882291,AEMD,2024-04-02,0,0.00013739242580897596,1.0
0000882291,AEMD,2024-04-03,0,0.00013739242580897596,1.0
0000882291,AEMD,2024-04-04,0,0.00013739242580897596,1.0
0000882291,AEMD,2024-04-05,0,0.00013739242580897596,1.0
0000882291,AEMD,2024-04-08,0,0.00013739242580897596,1.0
0000882291,AEMD,2024-04-09,0,0.00013739242580897596,1.0
0000882291,AEMD,2024-04-10,0,0.00013739242580897596,1.0
0000882291,AEMD,2024-04-11,0,0.00013739242580897596,1.0
0000882291,AEMD,2024-04-12,0,0.00013739242580897596,1.0
0000882291,AEMD,2024-04-15,0,0.00013739242580897596,1.0
0000882291,AEMD,2024-04-16,0,0.00013739242580897596,1.0
0000882291,AEMD,2024-04-17,0,0.00013739242580897596,1.0
0000882291,AEMD,2024-04-18,0,0.00013739242580897596,1.0
0000882291,AEMD,2024-04-19,0,0.00013739242580897596,1.0
0000882291,AEMD,2024-04-22,0,0.00013739242580897596,1.0
0000882291,AEMD,2024-04-23,0,0.00013739242580897596,1.0
0000882291,AEMD,2024-04-24,0,0.00025483092085218346,1.0
0000882291,AEMD,2024-04-25,0,0.00025483092085218346,1.0
0000882291,AEMD,2024-04-26,0,0.00025483092085218346,1.0
0000882291,AEMD,2024-04-29,0,0.00025483092085218346,1.0
0000882291,AEMD,2024-04-30,0,0.00025483092085218346,1.0
0000882291,AEMD,2024-05-01,0,0.00025483092085218346,1.0
0000882291,AEMD,2024-05-02,0,0.00025483092085218346,1.0
0000882291,AEMD,2024-05-03,0,0.00025483092085218346,1.0
0000882291,AEMD,2024-05-06,0,0.00025483092085218346,1.0
0000882291,AEMD,2024-05-07,0,0.00025483092085218346,1.0
0000882291,AEMD,2024-05-08,0,0.00025483092085218346,1.0
0000882291,AEMD,2024-05-09,0,0.00025483092085218346,1.0
0000882291,AEMD,2024-05-10,0,0.00025483092085218346,1.0
0000882291,AEMD,2024-05-13,0,0.00025483092085218346,1.0
0000882291,AEMD,2024-05-14,0,0.00025874525240427993,1.0
0000882291,AEMD,2024-05-15,0,0.00025874525240427993,1.0
0000882291,AEMD,2024-05-16,0,0.00028857780855501297,1.0
0000882291,AEMD,2024-05-17,0,0.00028857780855501297,1.0
0000882291,AEMD,2024-05-20,0,0.0003485653426407503,1.0
0000882291,AEMD,2024-05-21,0,0.0003485653426407503,1.0
0000882291,AEMD,2024-05-22,0,0.0003485653426407503,1.0
0000882291,AEMD,2024-05-23,0,0.0003485653426407503,1.0
0000882291,AEMD,2024-05-24,0,0.0003485653426407503,1.0
0000882291,AEMD,2024-05-27,0,0.0003485653426407503,1.0
0000882291,AEMD,2024-05-28,0,0.0003485653426407503,1.0
0000882291,AEMD,2024-05-29,0,0.0003485653426407503,1.0
0000882291,AEMD,2024-05-30,0,0.0003485653426407503,1.0
0000882291,AEMD,2024-05-31,0,0.0003485653426407503,1.0
0000882291,AEMD,2024-06-03,0,0.0003485653426407503,1.0
0000882291,AEMD,2024-06-04,0,0.0003485653426407503,1.0
0000882291,AEMD,2024-06-05,0,0.0003485653426407503,1.0
0000882291,AEMD,2024-06-06,0,0.0003485653426407503,1.0
0000882291,AEMD,2024-06-07,0,0.0003485653426407503,1.0
0000882291,AEMD,2024-06-10,0,0.0003485653426407503,1.0
0000882291,AEMD,2024-06-11,0,0.0003485653426407503,1.0
0000882291,AEMD,2024-06-12,0,0.0003485653426407503,1.0
0000882291,AEMD,2024-06-13,0,0.0003485653426407503,1.0
0000882291,AEMD,2024-06-14,0,0.0003485653426407503,1.0
0000882291,AEMD,2024-06-17,0,0.0003485653426407503,1.0
0000882291,AEMD,2024-06-18,0,0.0003485653426407503,1.0
0000882291,AEMD,2024-06-19,0,0.00024852398374242075,1.0
0000882291,AEMD,2024-06-20,0,0.00024852398374242075,1.0
0000882291,AEMD,2024-06-21,0,0.00024852398374242075,1.0
0000882291,AEMD,2024-06-24,0,0.0006666883280893059,1.0
0000882291,AEMD,2024-06-25,0,0.0006666883280893059,1.0
0000882291,AEMD,2024-06-26,0,0.0006666883280893059,1.0
0000882291,AEMD,2024-06-27,0,0.0006666883280893059,1.0
0000882291,AEMD,2024-06-28,0,0.0012532657506107198,1.0
0000882291,AEMD,2024-07-01,0,0.0012532657506107198,1.0
0000882291,AEMD,2024-07-02,0,0.0012532657506107198,1.0
0000882291,AEMD,2024-07-03,0,0.0012532657506107198,1.0
0000882291,AEMD,2024-07-04,0,0.0012532657506107198,1.0
0000882291,AEMD,2024-07-05,0,0.0012532657506107198,1.0
0000882291,AEMD,2024-07-08,0,0.0012532657506107198,1.0
0000882291,AEMD,2024-07-09,0,0.0012532657506107198,1.0
0000882291,AEMD,2024-07-10,0,0.0012532657506107198,1.0
0000882291,AEMD,2024-07-11,0,0.0012532657506107198,1.0
0000882291,AEMD,2024-07-12,0,0.0012532657506107198,1.0
0000882291,AEMD,2024-07-15,0,0.0012532657506107198,1.0
0000882291,AEMD,2024-07-16,0,0.0012532657506107198,1.0
0000882291,AEMD,2024-07-17,0,0.0012532657506107198,1.0
0000882291,AEMD,2024-07-18,0,0.0012532657506107198,1.0
0000882291,AEMD,2024-07-19,0,0.0012532657506107198,1.0
0000882291,AEMD,2024-07-22,0,0.0012532657506107198,1.0
0000882291,AEMD,2024-07-23,0,0.0012532657506107198,1.0
0000882291,AEMD,2024-07-24,0,0.0012532657506107198,1.0
0000882291,AEMD,2024-07-25,0,0.0012532657506107198,1.0
0000882291,AEMD,2024-07-26,0,0.0012532657506107198,1.0
0000882291,AEMD,2024-07-29,0,0.00012614651226156205,1.0
0000882291,AEMD,2024-07-30,0,0.00012614651226156205,1.0
0000882291,AEMD,2024-07-31,0,0.00012614651226156205,1.0
0000882291,AEMD,2024-08-01,0,0.00012614651226156205,1.0
0000882291,AEMD,2024-08-02,0,0.00012614651226156205,1.0
0000882291,AEMD,2024-08-05,0,0.00012614651226156205,1.0
0000882291,AEMD,2024-08-06,0,0.00012614651226156205,1.0
0000882291,AEMD,2024-08-07,0,0.00012614651226156205,1.0
0000882291,AEMD,2024-08-08,0,0.00012614651226156205,1.0
0000882291,AEMD,2024-08-09,0,0.00012614651226156205,1.0
0000882291,AEMD,2024-08-12,0,0.00012614651226156205,1.0
0000882291,AEMD,2024-08-13,0,0.00012614651226156205,1.0
0000882291,AEMD,2024-08-14,0,0.00012808443959698903,1.0
0000882291,AEMD,2024-08-15,0,0.00012982502296424785,1.0
0000882291,AEMD,2024-08-16,0,0.002201132171499683,1.0
0000882291,AEMD,2024-08-19,0,0.0025083986788341944,1.0
0000882291,AEMD,2024-08-20,0,0.0025083986788341944,1.0
0000882291,AEMD,2024-08-21,0,0.0025083986788341944,1.0
0000882291,AEMD,2024-08-22,0,0.0025083986788341944,1.0
0000882291,AEMD,2024-08-23,0,0.0025083986788341944,1.0
0000882291,AEMD,2024-08-26,0,0.0025083986788341944,1.0
0000882291,AEMD,2024-08-27,0,0.0025083986788341944,1.0
0000882291,AEMD,2024-08-28,0,0.0025083986788341944,1.0
0000882291,AEMD,2024-08-29,0,0.0025083986788341944,1.0
0000882291,AEMD,2024-08-30,0,0.0025083986788341944,1.0
0000882291,AEMD,2024-09-02,0,0.0025083986788341944,1.0
0000882291,AEMD,2024-09-03,0,0.0025083986788341944,1.0
0000882291,AEMD,2024-09-04,0,0.0025083986788341944,1.0
0000882291,AEMD,2024-09-05,0,0.0025083986788341944,1.0
0000882291,AEMD,2024-09-06,0,0.0025083986788341944,1.0
0000882291,AEMD,2024-09-09,0,0.0025083986788341944,1.0
0000882291,AEMD,2024-09-10,0,0.0025083986788341944,1.0
0000882291,AEMD,2024-09-11,0,0.0025083986788341944,1.0
0000882291,AEMD,2024-09-12,0,0.0025083986788341944,1.0
0000882291,AEMD,2024-09-13,0,0.0025083986788341944,1.0
0000882291,AEMD,2024-09-16,0,0.00014321507328922465,1.0
0000882291,AEMD,2024-09-17,0,0.00014321507328922465,1.0
0000882291,AEMD,2024-09-18,0,0.00014321507328922465,1.0
0000882291,AEMD,2024-09-19,0,0.00014321507328922465,1.0
0000882291,AEMD,2024-09-20,0,0.00014321507328922465,1.0
0000882291,AEMD,2024-09-23,0,8.56804663417646e-05,1.0
0000882291,AEMD,2024-09-24,0,8.56804663417646e-05,1.0
0000882291,AEMD,2024-09-25,0,8.56804663417646e-05,1.0
0000882291,AEMD,2024-09-26,0,5.915371476757649e-05,1.0
0000882291,AEMD,2024-09-27,0,5.915371476757649e-05,1.0
0000882291,AEMD,2024-09-30,0,5.915371476757649e-05,1.0
0000882291,AEMD,2024-10-01,0,5.915371476757649e-05,1.0
0000882291,AEMD,2024-10-02,0,5.915371476757649e-05,1.0
0000882291,AEMD,2024-10-03,0,0.00025636950159960576,1.0
0000882291,AEMD,2024-10-04,0,0.00025636950159960576,1.0
0000882291,AEMD,2024-10-07,0,0.00025636950159960576,1.0
0000882291,AEMD,2024-10-08,0,0.00025636950159960576,1.0
0000882291,AEMD,2024-10-09,0,0.00025636950159960576,1.0
0000882291,AEMD,2024-10-10,0,0.00025636950159960576,1.0
0000882291,AEMD,2024-10-11,0,0.00025636950159960576,1.0
0000882291,AEMD,2024-10-14,0,0.00025636950159960576,1.0
0000882291,AEMD,2024-10-15,0,0.00025636950159960576,1.0
0000882291,AEMD,2024-10-16,0,0.00025636950159960576,1.0
0000882291,AEMD,2024-10-17,0,0.00025636950159960576,1.0
0000882291,AEMD,2024-10-18,0,0.00025636950159960576,1.0
0000882291,AEMD,2024-10-21,0,0.00025636950159960576,1.0
0000882291,AEMD,2024-10-22,0,0.00025636950159960576,1.0
0000882291,AEMD,2024-10-23,0,0.00025636950159960576,1.0
0000882291,AEMD,2024-10-24,0,0.00025636950159960576,1.0
0000882291,AEMD,2024-10-25,0,0.00025636950159960576,1.0
0000882291,AEMD,2024-10-28,0,0.00025636950159960576,1.0
0000882291,AEMD,2024-10-29,0,0.00025636950159960576,1.0
0000882291,AEMD,2024-10-30,0,0.00025636950159960576,1.0
0000882291,AEMD,2024-10-31,0,0.00025636950159960576,1.0
0000882291,AEMD,2024-11-01,0,0.00025636950159960576,1.0
0000882291,AEMD,2024-11-04,0,9.344337674312286e-05,1.0
0000882291,AEMD,2024-11-05,0,9.344337674312286e-05,1.0
0000882291,AEMD,2024-11-06,0,9.344337674312286e-05,1.0
0000882291,AEMD,2024-11-07,0,9.344337674312286e-05,1.0
0000882291,AEMD,2024-11-08,0,9.344337674312286e-05,1.0
0000882291,AEMD,2024-11-11,0,9.344337674312286e-05,1.0
0000882291,AEMD,2024-11-12,0,9.344337674312286e-05,1.0
0000882291,AEMD,2024-11-13,0,0.00278297437027061,1.0
0000882291,AEMD,2024-11-14,0,0.0028251822060102617,1.0
0000882291,AEMD,2024-11-15,0,0.0028251822060102617,1.0
0000882291,AEMD,2024-11-18,0,0.0028772007597827613,1.0
0000882291,AEMD,2024-11-19,0,0.0028772007597827613,1.0
0000882291,AEMD,2024-11-20,0,0.0028772007597827613,1.0
0000882291,AEMD,2024-11-21,0,0.0028772007597827613,1.0
0000882291,AEMD,2024-11-22,0,0.0028772007597827613,1.0
0000882291,AEMD,2024-11-25,0,0.0028772007597827613,1.0
0000882291,AEMD,2024-11-26,0,0.0028772007597827613,1.0
0000882291,AEMD,2024-11-27,0,0.0028772007597827613,1.0
0000882291,AEMD,2024-11-28,0,0.0028772007597827613,1.0
0000882291,AEMD,2024-11-29,0,0.0028772007597827613,1.0
0000882291,AEMD,2024-12-02,0,0.0028772007597827613,1.0
0000882291,AEMD,2024-12-03,0,0.0028772007597827613,1.0
0000882291,AEMD,2024-12-04,0,0.0028772007597827613,1.0
0000882291,AEMD,2024-12-05,0,0.0028772007597827613,1.0
0000882291,AEMD,2024-12-06,0,0.0028772007597827613,1.0
0000882291,AEMD,2024-12-09,0,0.0028772007597827613,1.0
0000882291,AEMD,2024-12-10,0,0.0028772007597827613,1.0
0000882291,AEMD,2024-12-11,0,0.0028772007597827613,1.0
0000882291,AEMD,2024-12-12,0,0.0028772007597827613,1.0
0000882291,AEMD,2024-12-13,0,0.0028772007597827613,1.0
0000882291,AEMD,2024-12-16,0,0.0018335619051972074,1.0
0000882291,AEMD,2024-12-17,0,0.0018335619051972074,1.0
0000882291,AEMD,2024-12-18,0,0.0018335619051972074,1.0
0000882291,AEMD,2024-12-19,0,0.0018335619051972074,1.0
0000882291,AEMD,2024-12-20,0,0.0018335619051972074,1.0
0000882291,AEMD,2024-12-23,0,0.0018335619051972074,1.0
0000882291,AEMD,2024-12-24,0,0.0018335619051972074,1.0
0000882291,AEMD,2024-12-25,0,0.0016275868705233354,1.0
0000882291,AEMD,2024-12-26,0,0.0016275868705233354,1.0
0000882291,AEMD,2024-12-27,0,0.0016275868705233354,1.0
0000882291,AEMD,2024-12-30,0,0.0016275868705233354,1.0
0000882291,AEMD,2024-12-31,0,0.0016275868705233354,1.0
0000882291,AEMD,2025-01-01,0,0.00022431756883885254,1.0
0000882291,AEMD,2025-01-02,0,0.00022431756883885254,1.0
0000882291,AEMD,2025-01-03,0,0.00022431756883885254,1.0
0000882291,AEMD,2025-01-06,0,0.00022431756883885254,1.0
0000882291,AEMD,2025-01-07,0,0.00022431756883885254,1.0
0000882291,AEMD,2025-01-08,0,0.00022431756883885254,1.0
0000882291,AEMD,2025-01-09,0,0.00022431756883885254,1.0
0000882291,AEMD,2025-01-10,0,0.00022431756883885254,1.0
0000882291,AEMD,2025-01-13,0,0.00022431756883885254,1.0
0000882291,AEMD,2025-01-14,0,0.00022431756883885254,1.0
0000882291,AEMD,2025-01-15,0,0.00022431756883885254,1.0
0000882291,AEMD,2025-01-16,0,0.00022431756883885254,1.0
0000882291,AEMD,2025-01-17,0,0.00022431756883885254,1.0
0000882291,AEMD,2025-01-20,0,0.00022431756883885254,1.0
0000882291,AEMD,2025-01-21,0,0.00022431756883885254,1.0
0000882291,AEMD,2025-01-22,0,0.00022431756883885254,1.0
0000882291,AEMD,2025-01-23,0,0.00022431756883885254,1.0
0000882291,AEMD,2025-01-24,0,0.00022431756883885254,1.0
0000882291,AEMD,2025-01-27,0,0.00022431756883885254,1.0
0000882291,AEMD,2025-01-28,0,0.00022431756883885254,1.0
0000882291,AEMD,2025-01-29,0,0.00022431756883885254,1.0
0000882291,AEMD,2025-01-30,0,0.00022431756883885254,1.0
0000882291,AEMD,2025-01-31,0,0.00022431756883885254,1.0
0000882291,AEMD,2025-02-03,0,0.00022431756883885254,1.0
0000882291,AEMD,2025-02-04,0,0.00022431756883885254,1.0
0000882291,AEMD,2025-02-05,0,0.00022431756883885254,1.0
0000882291,AEMD,2025-02-06,0,0.00022431756883885254,1.0
0000882291,AEMD,2025-02-07,0,0.00022431756883885254,1.0
0000882291,AEMD,2025-02-10,0,0.00022431756883885254,1.0
0000882291,AEMD,2025-02-11,0,0.00023697191193462207,1.0
0000882291,AEMD,2025-02-12,0,0.011271899179168076,1.0
0000882291,AEMD,2025-02-13,0,0.0005813014163199556,1.0
0000882291,AEMD,2025-02-14,0,0.0005813014163199556,1.0
0000882291,AEMD,2025-02-17,0,0.0005813014163199556,1.0
0000882291,AEMD,2025-02-18,0,0.0005813014163199556,1.0
0000882291,AEMD,2025-02-19,0,0.0005813014163199556,1.0
0000882291,AEMD,2025-02-20,0,0.0005813014163199556,1.0
0000882291,AEMD,2025-02-21,0,0.0005813014163199556,1.0
0000882291,AEMD,2025-02-24,0,0.0005813014163199556,1.0
0000882291,AEMD,2025-02-25,0,0.0005813014163199556,1.0
0000882291,AEMD,2025-02-26,0,0.0005813014163199556,1.0
0000882291,AEMD,2025-02-27,0,0.0005813014163199556,1.0
0000882291,AEMD,2025-02-28,0,0.0005813014163199556,1.0
0000882291,AEMD,2025-03-03,0,0.0005813014163199556,1.0
0000882291,AEMD,2025-03-04,0,0.0005813014163199556,1.0
0000882291,AEMD,2025-03-05,0,0.0005813014163199556,1.0
0000882291,AEMD,2025-03-06,0,0.0005813014163199556,1.0
0000882291,AEMD,2025-03-07,0,0.0005813014163199556,1.0
0000882291,AEMD,2025-03-10,0,0.0005813014163199556,1.0
0000882291,AEMD,2025-03-11,0,0.0005813014163199556,1.0
0000882291,AEMD,2025-03-12,0,0.0005813014163199556,1.0
0000882291,AEMD,2025-03-13,0,0.0005813014163199556,1.0
0000882291,AEMD,2025-03-14,0,0.0005813014163199556,1.0
0000882291,AEMD,2025-03-17,0,8.213385869307055e-06,1.0
0000882291,AEMD,2025-03-18,0,8.213385869307055e-06,1.0
0000882291,AEMD,2025-03-19,0,8.213385869307055e-06,1.0
0000882291,AEMD,2025-03-20,0,8.213385869307055e-06,1.0
0000882291,AEMD,2025-03-21,0,8.213385869307055e-06,1.0
0000882291,AEMD,2025-03-24,0,8.213385869307055e-06,1.0
0000882291,AEMD,2025-03-25,0,8.213385869307055e-06,1.0
0000882291,AEMD,2025-03-26,0,8.213385869307055e-06,1.0
0000882291,AEMD,2025-03-27,0,8.213385869307055e-06,1.0
0000882291,AEMD,2025-03-28,0,8.213385869307055e-06,1.0
0000882291,AEMD,2025-03-31,0,8.213385869307055e-06,1.0
0000882291,AEMD,2025-04-01,0,1.0880881218615396e-05,1.0
0000882291,AEMD,2025-04-02,0,1.0880881218615396e-05,1.0
0000882291,AEMD,2025-04-03,0,1.0880881218615396e-05,1.0
0000882291,AEMD,2025-04-04,0,1.0880881218615396e-05,1.0
0000882291,AEMD,2025-04-07,0,1.0880881218615396e-05,1.0
0000882291,AEMD,2025-04-08,0,0.00012204531692169624,1.0
0000882291,AEMD,2025-04-09,0,0.00012204531692169624,1.0
0000882291,AEMD,2025-04-10,0,0.00012204531692169624,1.0
0000882291,AEMD,2025-04-11,0,0.00012204531692169624,1.0
0000882291,AEMD,2025-04-14,0,0.00012204531692169624,1.0
0000882291,AEMD,2025-04-15,0,0.00012204531692169624,1.0
0000882291,AEMD,2025-04-16,0,0.00013185204664981315,1.0
0000882291,AEMD,2025-04-17,0,0.00013185204664981315,1.0
0000882291,AEMD,2025-04-18,0,0.0001508755994879278,1.0
0000882291,AEMD,2025-04-21,0,0.0001508755994879278,1.0
0000882291,AEMD,2025-04-22,0,0.0001508755994879278,1.0
0000882291,AEMD,2025-04-23,0,0.0001508755994879278,1.0
0000882291,AEMD,2025-04-24,0,0.0001508755994879278,1.0
0000882291,AEMD,2025-04-25,0,0.0001508755994879278,1.0
0000882291,AEMD,2025-04-28,0,0.0001508755994879278,1.0
0000882291,AEMD,2025-04-29,0,0.0001508755994879278,1.0
0000882291,AEMD,2025-04-30,0,0.0001508755994879278,1.0
0000882291,AEMD,2025-05-01,0,0.0001508755994879278,1.0
0000882291,AEMD,2025-05-02,0,0.0001508755994879278,1.0
0000882291,AEMD,2025-05-05,0,0.0001508755994879278,1.0
0000882291,AEMD,2025-05-06,0,0.0001508755994879278,1.0
0000882291,AEMD,2025-05-07,0,0.0001508755994879278,1.0
0000882291,AEMD,2025-05-08,0,0.00014537646989892417,1.0
0000882291,AEMD,2025-05-09,0,0.00014537646989892417,1.0
0000882291,AEMD,2025-05-12,0,0.00014537646989892417,1.0
0000882291,AEMD,2025-05-13,0,0.00014537646989892417,1.0
0000882291,AEMD,2025-05-14,0,0.0001508890413888157,1.0
0000882291,AEMD,2025-05-15,0,0.00021867551482810394,1.0
0000882291,AEMD,2025-05-16,0,0.00021867551482810394,1.0
0000882291,AEMD,2025-05-19,0,6.0921903278038265e-05,1.0
0000882291,AEMD,2025-05-20,0,6.0921903278038265e-05,1.0
0000882291,AEMD,2025-05-21,0,6.0921903278038265e-05,1.0
0000882291,AEMD,2025-05-22,0,6.0921903278038265e-05,1.0
0000882291,AEMD,2025-05-23,0,6.0921903278038265e-05,1.0
0000882291,AEMD,2025-05-26,0,6.0921903278038265e-05,1.0
0000882291,AEMD,2025-05-27,0,6.0921903278038265e-05,1.0
0000882291,AEMD,2025-05-28,0,6.0921903278038265e-05,1.0
0000882291,AEMD,2025-05-29,0,6.0921903278038265e-05,1.0
0000882291,AEMD,2025-05-30,0,6.0921903278038265e-05,1.0
0000882291,AEMD,2025-06-02,0,6.0921903278038265e-05,1.0
0000882291,AEMD,2025-06-03,0,6.0921903278038265e-05,1.0
0000882291,AEMD,2025-06-04,0,6.0921903278038265e-05,1.0
0000882291,AEMD,2025-06-05,0,6.0921903278038265e-05,1.0
0000882291,AEMD,2025-06-06,0,6.0921903278038265e-05,1.0
0000882291,AEMD,2025-06-09,0,6.0921903278038265e-05,1.0
0000882291,AEMD,2025-06-10,0,6.0921903278038265e-05,1.0
0000882291,AEMD,2025-06-11,0,6.0921903278038265e-05,1.0
0000882291,AEMD,2025-06-12,0,6.0921903278038265e-05,1.0
0000882291,AEMD,2025-06-13,0,4.572676729451674e-05,1.0
0000882291,AEMD,2025-06-16,0,6.597756522646135e-05,1.0
0000882291,AEMD,2025-06-17,0,6.597756522646135e-05,1.0
0000882291,AEMD,2025-06-18,0,6.597756522646135e-05,1.0
0000882291,AEMD,2025-06-19,0,6.597756522646135e-05,1.0
0000882291,AEMD,2025-06-20,0,6.597756522646135e-05,1.0
0000882291,AEMD,2025-06-23,0,6.597756522646135e-05,1.0
0000882291,AEMD,2025-06-24,0,6.597756522646135e-05,1.0
0000882291,AEMD,2025-06-25,0,6.597756522646135e-05,1.0
0000882291,AEMD,2025-06-26,0,6.597756522646135e-05,1.0
0000882291,AEMD,2025-06-27,0,0.0005652107503407471,1.0
0000882291,AEMD,2025-06-30,0,0.0005652107503407471,1.0
0000882291,AEMD,2025-07-01,0,0.0005652107503407471,1.0
0000882291,AEMD,2025-07-02,0,0.0005652107503407471,1.0
0000882291,AEMD,2025-07-03,0,0.0005652107503407471,1.0
0000882291,AEMD,2025-07-04,0,0.0005652107503407471,1.0
0000882291,AEMD,2025-07-07,0,0.0005385136650349362,1.0
0000882291,AEMD,2025-07-08,0,0.0005385136650349362,1.0
0000882291,AEMD,2025-07-09,0,0.0005385136650349362,1.0
0000882291,AEMD,2025-07-10,0,0.0005385136650349362,1.0
0000882291,AEMD,2025-07-11,0,0.0005385136650349362,1.0
0000882291,AEMD,2025-07-14,0,0.0005385136650349362,1.0
0000882291,AEMD,2025-07-15,0,0.0005385136650349362,1.0
0000882291,AEMD,2025-07-16,0,0.0005385136650349362,1.0
0000882291,AEMD,2025-07-17,0,0.0005130769387527693,1.0
0000882291,AEMD,2025-07-18,0,0.0005130769387527693,1.0
0000882291,AEMD,2025-07-21,0,0.0005130769387527693,1.0
0000882291,AEMD,2025-07-22,0,0.0005130769387527693,1.0
0000882291,AEMD,2025-07-23,0,0.0005130769387527693,1.0
0000882291,AEMD,2025-07-24,0,0.0005130769387527693,1.0
0000882291,AEMD,2025-07-25,0,0.0005130769387527693,1.0
0000882291,AEMD,2025-07-28,0,3.822718501710709e-05,1.0
0000882291,AEMD,2025-07-29,0,3.822718501710709e-05,1.0
0000882291,AEMD,2025-07-30,0,3.822718501710709e-05,1.0
0000882291,AEMD,2025-07-31,0,3.822718501710709e-05,1.0
0000882291,AEMD,2025-08-01,0,3.822718501710709e-05,1.0
0000882291,AEMD,2025-08-04,0,3.822718501710709e-05,1.0
0000882291,AEMD,2025-08-05,0,3.822718501710709e-05,1.0
0000882291,AEMD,2025-08-06,0,3.822718501710709e-05,1.0
0000882291,AEMD,2025-08-07,0,3.822718501710709e-05,1.0
0000882291,AEMD,2025-08-08,0,3.822718501710709e-05,1.0
0000882291,AEMD,2025-08-11,0,3.822718501710709e-05,1.0
0000882291,AEMD,2025-08-12,0,3.907083135272494e-05,1.0
0000882291,AEMD,2025-08-13,0,4.114967752647001e-05,1.0
0000882291,AEMD,2025-08-14,0,4.6202770220003386e-05,1.0
0000882291,AEMD,2025-08-15,0,4.6202770220003386e-05,1.0
0000882291,AEMD,2025-08-18,0,4.6202770220003386e-05,1.0
0000882291,AEMD,2025-08-19,0,4.6202770220003386e-05,1.0
0000882291,AEMD,2025-08-20,0,4.6202770220003386e-05,1.0
0000882291,AEMD,2025-08-21,0,0.017823989850133615,1.0
0000882291,AEMD,2025-08-22,0,0.017823989850133615,1.0
0000882291,AEMD,2025-08-25,0,0.017823989850133615,1.0
0000882291,AEMD,2025-08-26,0,0.017823989850133615,1.0
0000882291,AEMD,2025-08-27,0,0.017823989850133615,1.0
0000882291,AEMD,2025-08-28,0,0.017823989850133615,1.0
0000882291,AEMD,2025-08-29,0,0.017823989850133615,1.0
0000882291,AEMD,2025-09-01,0,0.017823989850133615,1.0
0000882291,AEMD,2025-09-02,0,0.017823989850133615,1.0
0000882291,AEMD,2025-09-03,0,0.017823989850133615,1.0
0000882291,AEMD,2025-09-04,0,0.017823989850133615,1.0
0000882291,AEMD,2025-09-05,0,0.017823989850133615,1.0
0000882291,AEMD,2025-09-08,0,0.017823989850133615,1.0
0000882291,AEMD,2025-09-09,0,0.017823989850133615,1.0
0000882291,AEMD,2025-09-10,0,0.014106581465203272,1.0
0000882291,AEMD,2025-09-11,0,0.014106581465203272,1.0
0000882291,AEMD,2025-09-12,0,0.014106581465203272,1.0
0000882291,AEMD,2025-09-15,0,0.01347775256706625,1.0
0000882291,AEMD,2025-09-16,0,0.01347775256706625,1.0
0000882291,AEMD,2025-09-17,0,0.01347775256706625,1.0
0000882291,AEMD,2025-09-18,0,0.01347775256706625,1.0
0000882291,AEMD,2025-09-19,0,0.01347775256706625,1.0
0000882291,AEMD,2025-09-22,0,0.06282833768763334,1.0
0000882291,AEMD,2025-09-23,0,0.06282833768763334,1.0
0000882291,AEMD,2025-09-24,0,0.06282833768763334,1.0
0000882291,AEMD,2025-09-25,0,0.02017677989958927,1.0
0000882291,AEMD,2025-09-26,0,0.02017677989958927,1.0
0000882291,AEMD,2025-09-29,0,0.02017677989958927,1.0
0000882291,AEMD,2025-09-30,0,0.02017677989958927,1.0
0000882291,AEMD,2025-10-01,0,0.02017677989958927,1.0
0000882291,AEMD,2025-10-02,0,0.02017677989958927,1.0
0000882291,AEMD,2025-10-03,0,0.02017677989958927,1.0
0000882291,AEMD,2025-10-06,0,0.019279649527558892,1.0
0000882291,AEMD,2025-10-07,0,0.019279649527558892,1.0
0000882291,AEMD,2025-10-08,0,0.019279649527558892,1.0
0000882291,AEMD,2025-10-09,0,0.019279649527558892,1.0
0000882291,AEMD,2025-10-10,0,0.011734409589247694,1.0
0000882291,AEMD,2025-10-13,0,0.011734409589247694,1.0
0000882291,AEMD,2025-10-14,0,0.011734409589247694,1.0
0000882291,AEMD,2025-10-15,0,0.011208362594286779,1.0
0000882291,AEMD,2025-10-16,0,0.011208362594286779,1.0
0000882291,AEMD,2025-10-17,0,0.011208362594286779,1.0
0000882291,AEMD,2025-10-20,0,0.011208362594286779,1.0
0000882291,AEMD,2025-10-21,0,0.011208362594286779,1.0
0000882291,AEMD,2025-10-22,0,0.011208362594286779,1.0
0000882291,AEMD,2025-10-23,0,0.011208362594286779,1.0
0000882291,AEMD,2025-10-24,0,0.011208362594286779,1.0
0000882291,AEMD,2025-10-27,0,0.011208362594286779,1.0
0000882291,AEMD,2025-10-28,0,0.011208362594286779,1.0
0000882291,AEMD,2025-10-29,0,0.011208362594286779,1.0
0000882291,AEMD,2025-10-30,0,0.011208362594286779,1.0
0000882291,AEMD,2025-10-31,0,0.011208362594286779,1.0
0000882291,AEMD,2025-11-03,0,0.011208362594286779,1.0
0000882291,AEMD,2025-11-04,0,0.011208362594286779,1.0
0000882291,AEMD,2025-11-05,0,0.011208362594286779,1.0
0000882291,AEMD,2025-11-06,0,0.011208362594286779,1.0
0000882291,AEMD,2025-11-07,0,0.011208362594286779,1.0
0000882291,AEMD,2025-11-10,0,0.011242210135950765,1.0
0000882291,AEMD,2025-11-11,0,0.011242210135950765,1.0
0000882291,AEMD,2025-11-12,0,0.014250045410285912,1.0
0000882291,AEMD,2025-11-13,0,0.01465046143432821,1.0
0000882291,AEMD,2025-11-14,0,0.01465046143432821,1.0
0000882291,AEMD,2025-11-17,0,0.01465046143432821,1.0
0000882291,AEMD,2025-11-18,0,0.01465046143432821,1.0
0000882291,AEMD,2025-11-19,0,0.0005534223723441864,1.0
0000882291,AEMD,2025-11-20,0,0.0005534223723441864,1.0
0000882291,AEMD,2025-11-21,0,0.0005534223723441864,1.0
0000882291,AEMD,2025-11-24,0,0.0005534223723441864,1.0
0000882291,AEMD,2025-11-25,0,0.0005534223723441864,1.0
0000882291,AEMD,2025-11-26,0,0.0005534223723441864,1.0
0000882291,AEMD,2025-11-27,0,0.0005534223723441864,1.0
0000882291,AEMD,2025-11-28,0,0.0005534223723441864,1.0
0000882291,AEMD,2025-12-01,0,0.0005534223723441864,1.0
0000882291,AEMD,2025-12-02,0,0.0005534223723441864,1.0
0000882291,AEMD,2025-12-03,0,0.0005534223723441864,1.0
0000882291,AEMD,2025-12-04,0,0.0005534223723441864,1.0
0000882291,AEMD,2025-12-05,0,0.0005534223723441864,1.0
0000882291,AEMD,2025-12-08,0,0.0003283155153733435,1.0
0000882291,AEMD,2025-12-09,0,0.00041074950998115715,1.0
0000882291,AEMD,2025-12-10,0,0.00041074950998115715,1.0
0000882291,AEMD,2025-12-11,0,0.00041074950998115715,1.0
0000882291,AEMD,2025-12-12,0,0.00041074950998115715,1.0
0000882291,AEMD,2025-12-15,0,0.00034483900832782123,1.0
0000882291,AEMD,2025-12-16,0,0.00034483900832782123,1.0
0000882291,AEMD,2025-12-17,0,0.00034483900832782123,1.0
0000882291,AEMD,2025-12-18,0,0.00034483900832782123,1.0
0000882291,AEMD,2025-12-19,0,0.00034483900832782123,1.0
0000882291,AEMD,2025-12-22,0,0.00034483900832782123,1.0
0000882291,AEMD,2025-12-23,0,0.0007157089001528292,1.0
0000882291,AEMD,2025-12-24,0,0.0010419723415758424,1.0
0000882291,AEMD,2025-12-25,0,0.0010419723415758424,1.0
0000882291,AEMD,2025-12-26,0,0.0010419723415758424,1.0
0000882291,AEMD,2025-12-29,0,0.0010419723415758424,1.0
0000882291,AEMD,2025-12-30,0,0.0010419723415758424,1.0
0000882291,AEMD,2025-12-31,0,0.0010419723415758424,1.0
0000882291,AEMD,2026-01-01,0,0.0010419723415758424,1.0
0000882291,AEMD,2026-01-02,0,0.0010419723415758424,1.0
0000882291,AEMD,2026-01-05,0,0.0010419723415758424,1.0
0000882291,AEMD,2026-01-06,0,0.0010419723415758424,1.0
0000882291,AEMD,2026-01-07,0,0.0007317657174497536,1.0
0000882291,AEMD,2026-01-08,0,0.00010929910436104106,1.0
0000882291,AEMD,2026-01-09,0,0.00010929910436104106,1.0
0000882291,AEMD,2026-01-12,0,0.00010929910436104106,1.0
0000882291,AEMD,2026-01-13,0,0.00010929910436104106,1.0
0000882291,AEMD,2026-01-14,0,0.00010929910436104106,1.0
0000882291,AEMD,2026-01-15,0,0.00010929910436104106,1.0
0000882291,AEMD,2026-01-16,0,0.00010929910436104106,1.0
0000882291,AEMD,2026-01-19,0,7.808868015088947e-06,1.0
0000882291,AEMD,2026-01-20,0,7.808868015088947e-06,1.0
0000882291,AEMD,2026-01-21,0,7.808868015088947e-06,1.0
0000882291,AEMD,2026-01-22,0,1.3811596928878203e-05,1.0
0000882291,AEMD,2026-01-23,0,1.3811596928878203e-05,1.0
0000882291,AEMD,2026-01-26,0,1.3811596928878203e-05,1.0
0000882291,AEMD,2026-01-27,0,1.15455848343649e-05,1.0
0000882291,AEMD,2026-01-28,0,1.15455848343649e-05,1.0
0000882291,AEMD,2026-01-29,0,1.15455848343649e-05,1.0
0000882291,AEMD,2026-01-30,0,1.15455848343649e-05,1.0
0000882291,AEMD,2026-02-02,0,1.15455848343649e-05,1.0
0000882291,AEMD,2026-02-03,0,1.15455848343649e-05,1.0
0000882291,AEMD,2026-02-04,0,1.15455848343649e-05,1.0
0000882291,AEMD,2026-02-05,0,1.15455848343649e-05,1.0
0000882291,AEMD,2026-02-06,0,1.15455848343649e-05,1.0
0000882291,AEMD,2026-02-09,0,1.1554917279293351e-05,1.0
0000882291,AEMD,2026-02-10,0,1.194909451374898e-05,1.0
0000882291,AEMD,2026-02-11,0,1.7318272439728847e-05,1.0
0000882291,AEMD,2026-02-12,0,1.7318272439728847e-05,1.0
0000882291,AEMD,2026-02-13,0,1.069054772865952e-05,1.0
0000882291,AEMD,2026-02-16,0,1.069054772865952e-05,1.0
0000882291,AEMD,2026-02-17,0,7.027437317952128e-06,1.0
0000882291,AEMD,2026-02-18,0,0.000177653986227282,1.0
0000882291,AEMD,2026-02-19,0,0.000177653986227282,1.0
0000882291,AEMD,2026-02-20,0,0.000177653986227282,1.0
0000882291,AEMD,2026-02-23,0,0.000177653986227282,1.0
0000882291,AEMD,2026-02-24,0,0.0001750763019228479,1.0
0000882291,AEMD,2026-02-25,0,0.0001750763019228479,1.0
0000882291,AEMD,2026-02-26,0,0.00014530928142772521,1.0
0000882291,AEMD,2026-02-27,0,0.00014530928142772521,1.0
0000882291,AEMD,2026-03-02,0,0.00014530928142772521,1.0
0000882291,AEMD,2026-03-03,0,0.00014530928142772521,1.0
0000882291,AEMD,2026-03-04,0,0.00014530928142772521,1.0
0000882291,AEMD,2026-03-05,0,0.00014530928142772521,1.0
0000882291,AEMD,2026-03-06,0,0.00014530928142772521,1.0
0000882291,AEMD,2026-03-09,0,0.0003016804200801941,1.0
0000882291,AEMD,2026-03-10,0,0.0003016804200801941,1.0
0000882291,AEMD,2026-03-11,0,0.0003016804200801941,1.0
0000882291,AEMD,2026-03-12,0,0.0003016804200801941,1.0
0000882291,AEMD,2026-03-13,0,0.0003016804200801941,1.0
0000882291,AEMD,2026-03-16,0,0.00021482074170417004,1.0
0000882291,AEMD,2026-03-17,0,0.00021482074170417004,1.0
0000882291,AEMD,2026-03-18,0,0.00021482074170417004,1.0
0000882291,AEMD,2026-03-19,0,0.00021482074170417004,1.0
0000882291,AEMD,2026-03-20,0,0.00021482074170417004,1.0
0000882291,AEMD,2026-03-23,0,0.00021482074170417004,1.0
0000882291,AEMD,2026-03-24,0,0.0002882758907433173,1.0
0000882291,AEMD,2026-03-25,0,0.0002882758907433173,1.0
0000882291,AEMD,2026-03-26,0,0.0002882758907433173,1.0
0000882291,AEMD,2026-03-27,0,0.00021638641364667962,1.0
0000882291,AEMD,2026-03-30,0,0.00021638641364667962,1.0
0000882291,AEMD,2026-03-31,0,0.00021638641364667962,1.0
0000882291,AEMD,2026-04-01,0,0.00021638641364667962,1.0
0000882291,AEMD,2026-04-02,0,0.00021638641364667962,1.0
0000882291,AEMD,2026-04-03,0,0.00021638641364667962,1.0
0000882291,AEMD,2026-04-06,0,0.00021638641364667962,1.0
0000882291,AEMD,2026-04-07,0,0.00021638641364667962,1.0
0000882291,AEMD,2026-04-08,0,0.00021638641364667962,1.0
0000882291,AEMD,2026-04-09,0,0.0013824385150831059,1.0
0000882291,AEMD,2026-04-10,0,0.0013824385150831059,1.0
0000882291,AEMD,2026-04-13,0,0.0013824385150831059,1.0
0000882291,AEMD,2026-04-14,0,0.0013824385150831059,1.0
0000882291,AEMD,2026-04-15,0,0.0013824385150831059,1.0
0000882291,AEMD,2026-04-16,0,0.0013824385150831059,1.0
0000882291,AEMD,2026-04-17,0,0.0013824385150831059,1.0
0000882291,AEMD,2026-04-20,0,0.29611632997966514,1.0
0000882291,AEMD,2026-04-21,0,0.29611632997966514,1.0
0000882291,AEMD,2026-04-22,0,0.29611632997966514,1.0
0000882291,AEMD,2026-04-23,0,0.29611632997966514,1.0
0000882291,AEMD,2026-04-24,0,0.29611632997966514,1.0
0000882291,AEMD,2026-04-27,0,0.29611632997966514,1.0
0000882291,AEMD,2026-04-28,0,0.9588861671103144,1.0
0000882291,AEMD,2026-04-29,0,0.9588861671103144,1.0
0000882291,AEMD,2026-04-30,0,0.9588861671103144,1.0
0000882291,AEMD,2026-05-01,0,0.9588861671103144,1.0
0000882291,AEMD,2026-05-04,0,0.9588861671103144,1.0
0000882291,AEMD,2026-05-05,0,0.9588861671103144,1.0
0000882291,AEMD,2026-05-06,0,0.9588861671103144,1.0
0000882291,AEMD,2026-05-07,0,0.9588861671103144,1.0
0000882291,AEMD,2026-05-08,0,0.9588861671103144,1.0
0000882291,AEMD,2026-05-11,0,0.9588861671103144,1.0
0000882291,AEMD,2026-05-12,0,0.9588861671103144,1.0
0000882291,AEMD,2026-05-13,0,0.9608820310202736,1.0
0000882291,AEMD,2026-05-14,1,0.9608820310202736,1.0
0000882291,AEMD,2026-05-15,1,0.9805766266842183,1.0
0000882291,AEMD,2026-05-18,1,0.9805766266842183,1.0
0000882291,AEMD,2026-05-19,1,0.9805766266842183,1.0
0000882291,AEMD,2026-05-20,1,0.9805766266842183,1.0
0000882291,AEMD,2026-05-21,1,0.9805766266842183,1.0
0000882291,AEMD,2026-05-22,1,0.9805766266842183,1.0
0000882291,AEMD,2026-05-25,1,0.9805766266842183,1.0
0000882291,AEMD,2026-05-26,1,0.9990395665048505,1.0
0000882291,AEMD,2026-05-27,1,0.9990395665048505,1.0
0000882291,AEMD,2026-05-28,1,0.9990395665048505,1.0
0000882291,AEMD,2026-05-29,1,0.9990395665048505,1.0
0000882291,AEMD,2026-06-01,1,0.9990395665048505,1.0
0000882291,AEMD,2026-06-02,1,0.9990395665048505,1.0
0000882291,AEMD,2026-06-03,1,0.9990395665048505,1.0
0000882291,AEMD,2026-06-04,1,0.9990395665048505,1.0
0000882291,AEMD,2026-06-05,1,0.9990395665048505,1.0
0000882291,AEMD,2026-06-08,1,0.9991418612088732,1.0
0000882291,AEMD,2026-06-09,1,0.9991418612088732,1.0
0000882291,AEMD,2026-06-10,1,0.9991418612088732,1.0
0000882291,AEMD,2026-06-11,1,0.9994203110083959,1.0
0000882291,AEMD,2026-06-12,1,0.9994203110083959,1.0
0000882291,AEMD,2026-06-15,1,0.9994203110083959,1.0
0000882291,AEMD,2026-06-16,1,0.9994203110083959,1.0
0000882291,AEMD,2026-06-17,1,0.9994203110083959,1.0
0000882291,AEMD,2026-06-18,1,0.9994203110083959,1.0
0000882291,AEMD,2026-06-19,1,0.9994203110083959,1.0
0000882291,AEMD,2026-06-22,1,0.999993721712731,1.0
0000882291,AEMD,2026-06-23,1,0.999993721712731,1.0
0000882291,AEMD,2026-06-24,1,0.999993721712731,1.0
0000882291,AEMD,2026-06-25,1,0.999993721712731,1.0
0000882291,AEMD,2026-06-26,1,0.999993721712731,1.0
0000882291,AEMD,2026-06-29,1,0.999993721712731,1.0
0000882291,AEMD,2026-06-30,1,0.999993721712731,1.0
0000882291,AEMD,2026-07-01,1,0.999993721712731,1.0
0000882291,AEMD,2026-07-02,1,0.999993721712731,1.0
0000882291,AEMD,2026-07-03,1,0.999993721712731,1.0
0000882291,AEMD,2026-07-06,1,0.999993721712731,1.0
0000882291,AEMD,2026-07-07,1,0.999993721712731,1.0
0000882291,AEMD,2026-07-08,1,0.9999941454074354,1.0
0000882291,AEMD,2026-07-09,1,0.9999941454074354,1.0
0000882291,AEMD,2026-07-10,1,0.9999941454074354,1.0
0000882291,AEMD,2026-07-13,1,0.9999864306288674,1.0
0000882291,AEMD,2026-07-14,1,0.9999864306288674,1.0
0000882291,AEMD,2026-07-15,1,0.9999864306288674,1.0
0000882291,AEMD,2026-07-16,1,0.9999864306288674,1.0
0000882291,AEMD,2026-07-17,1,0.9999864306288674,1.0
0000882291,AEMD,2026-07-20,1,0.998105449845164,1.0
0000882291,AEMD,2026-07-21,1,0.998105449845164,1.0
0000882291,AEMD,2026-07-22,1,0.9995801625704486,1.0
0000882291,AEMD,2026-07-23,1,0.9995801625704486,1.0
0000882291,AEMD,2026-07-24,1,0.9995801625704486,1.0
0000882291,AEMD,2026-07-27,1,0.9995902617545621,1.0
0000882291,AEMD,2026-07-28,1,0.9995902617545621,1.0
0000882291,AEMD,2026-07-29,1,0.9995902617545621,1.0
0000882291,AEMD,2026-07-30,1,0.9995902617545621,1.0
0000882291,AEMD,2026-07-31,1,0.9995902617545621,1.0
0000882291,AEMD,2026-08-03,1,0.9995902617545621,1.0
0000882291,AEMD,2026-08-04,1,0.9995902617545621,1.0
0000882291,AEMD,2026-08-05,1,0.9995902617545621,1.0
0000882291,AEMD,2026-08-06,1,0.9995902617545621,1.0
0000882291,AEMD,2026-08-07,1,0.9993077068724916,1.0
0000882291,AEMD,2026-08-10,1,0.9993077068724916,1.0
0000882291,AEMD,2026-08-11,1,0.9993077068724916,1.0
0000882291,AEMD,2026-08-12,1,0.9993077068724916,1.0
0000882291,AEMD,2026-08-13,1,0.999373943073014,1.0
0000882291,AEMD,2026-08-14,1,0.9995038913216364,1.0
0000882291,AEMD,2026-08-17,1,0.9995038913216364,1.0
0000882291,AEMD,2026-08-18,1,0.9995038913216364,1.0
0000882291,AEMD,2026-08-19,1,0.9995038913216364,1.0
0000882291,AEMD,2026-08-20,1,0.9995038913216364,1.0
0000882291,AEMD,2026-08-21,1,0.9995038913216364,1.0
0000882291,AEMD,2026-08-24,1,0.9999388857283352,1.0
0000882291,AEMD,2026-08-25,1,0.9999388857283352,1.0
0000882291,AEMD,2026-08-26,1,0.9999388857283352,1.0
0000882291,AEMD,2026-08-27,1,0.9999388857283352,1.0
0000882291,AEMD,2026-08-28,1,0.9999388857283352,1.0
0000882291,AEMD,2026-08-31,1,0.9999388857283352,1.0
0000882291,AEMD,2026-09-01,1,0.9999103921726268,1.0
0000882291,AEMD,2026-09-02,1,0.9999103921726268,1.0
0000882291,AEMD,2026-09-03,1,0.9999103921726268,1.0
0000882291,AEMD,2026-09-04,1,0.9999103921726268,1.0
0000882291,AEMD,2026-09-07,1,0.9999103921726268,1.0
0000882291,AEMD,2026-09-08,1,0.9999103921726268,1.0
0000882291,AEMD,2026-09-09,1,0.9993701468801335,1.0
0000882291,AEMD,2026-09-10,1,0.9993701468801335,1.0
0000882291,AEMD,2026-09-11,1,0.9993701468801335,1.0
0000882291,AEMD,2026-09-14,1,0.9993504081255854,1.0
0000882291,AEMD,2026-09-15,1,0.9993831285145687,1.0
0000882291,AEMD,2026-09-16,1,0.9993831285145687,1.0
0000882291,AEMD,2026-09-17,0,0.12199702544452404,1.0
