cik,ticker,date,event_5d,predicted_probability_5d,rank
0000882291,AEMD,2001-07-30,0,1.834644110942676e-05,1.0
0000882291,AEMD,2001-07-31,0,1.834644110942676e-05,1.0
0000882291,AEMD,2001-08-01,0,1.834644110942676e-05,1.0
0000882291,AEMD,2001-08-02,0,1.834644110942676e-05,1.0
0000882291,AEMD,2001-08-03,0,1.834644110942676e-05,1.0
0000882291,AEMD,2001-08-06,0,1.834644110942676e-05,1.0
0000882291,AEMD,2001-08-07,0,1.834644110942676e-05,1.0
0000882291,AEMD,2001-08-08,0,1.834644110942676e-05,1.0
0000882291,AEMD,2001-08-09,0,1.834644110942676e-05,1.0
0000882291,AEMD,2001-08-10,0,1.834644110942676e-05,1.0
0000882291,AEMD,2001-08-13,0,1.834644110942676e-05,1.0
0000882291,AEMD,2001-08-14,0,1.834644110942676e-05,1.0
0000882291,AEMD,2001-08-15,0,1.834644110942676e-05,1.0
0000882291,AEMD,2001-08-16,0,1.834644110942676e-05,1.0
0000882291,AEMD,2001-08-17,0,1.834644110942676e-05,1.0
0000882291,AEMD,2001-08-20,0,1.834644110942676e-05,1.0
0000882291,AEMD,2001-08-21,0,1.834644110942676e-05,1.0
0000882291,AEMD,2001-08-22,0,1.834644110942676e-05,1.0
0000882291,AEMD,2001-08-23,0,1.834644110942676e-05,1.0
0000882291,AEMD,2001-08-24,0,1.834644110942676e-05,1.0
0000882291,AEMD,2001-08-27,0,1.834644110942676e-05,1.0
0000882291,AEMD,2001-08-28,0,1.834644110942676e-05,1.0
0000882291,AEMD,2001-08-29,0,9.552897837800368e-06,1.0
0000882291,AEMD,2001-08-30,0,9.552897837800368e-06,1.0
0000882291,AEMD,2001-08-31,0,9.552897837800368e-06,1.0
0000882291,AEMD,2001-09-03,0,9.552897837800368e-06,1.0
0000882291,AEMD,2001-09-04,0,9.552897837800368e-06,1.0
0000882291,AEMD,2001-09-05,0,9.552897837800368e-06,1.0
0000882291,AEMD,2001-09-06,0,9.552897837800368e-06,1.0
0000882291,AEMD,2001-09-07,0,9.552897837800368e-06,1.0
0000882291,AEMD,2001-09-10,0,9.552897837800368e-06,1.0
0000882291,AEMD,2001-09-11,0,9.552897837800368e-06,1.0
0000882291,AEMD,2001-09-12,0,9.552897837800368e-06,1.0
0000882291,AEMD,2001-09-13,0,9.552897837800368e-06,1.0
0000882291,AEMD,2001-09-14,0,9.552897837800368e-06,1.0
0000882291,AEMD,2001-09-17,0,9.552897837800368e-06,1.0
0000882291,AEMD,2001-09-18,0,9.552897837800368e-06,1.0
0000882291,AEMD,2001-09-19,0,9.552897837800368e-06,1.0
0000882291,AEMD,2001-09-20,0,9.552897837800368e-06,1.0
0000882291,AEMD,2001-09-21,0,9.552897837800368e-06,1.0
0000882291,AEMD,2001-09-24,0,9.552897837800368e-06,1.0
0000882291,AEMD,2001-09-25,0,9.552897837800368e-06,1.0
0000882291,AEMD,2001-09-26,0,9.552897837800368e-06,1.0
0000882291,AEMD,2001-09-27,0,9.552897837800368e-06,1.0
0000882291,AEMD,2001-09-28,0,9.552897837800368e-06,1.0
0000882291,AEMD,2001-10-01,0,9.552897837800368e-06,1.0
0000882291,AEMD,2001-10-02,0,9.552897837800368e-06,1.0
0000882291,AEMD,2001-10-03,0,9.552897837800368e-06,1.0
0000882291,AEMD,2001-10-04,0,9.552897837800368e-06,1.0
0000882291,AEMD,2001-10-05,0,9.552897837800368e-06,1.0
0000882291,AEMD,2001-10-08,0,9.552897837800368e-06,1.0
0000882291,AEMD,2001-10-09,0,9.552897837800368e-06,1.0
0000882291,AEMD,2001-10-10,0,9.552897837800368e-06,1.0
0000882291,AEMD,2001-10-11,0,9.552897837800368e-06,1.0
0000882291,AEMD,2001-10-12,0,9.552897837800368e-06,1.0
0000882291,AEMD,2001-10-15,0,9.552897837800368e-06,1.0
0000882291,AEMD,2001-10-16,0,9.552897837800368e-06,1.0
0000882291,AEMD,2001-10-17,0,9.552897837800368e-06,1.0
0000882291,AEMD,2001-10-18,0,9.552897837800368e-06,1.0
0000882291,AEMD,2001-10-19,0,9.552897837800368e-06,1.0
0000882291,AEMD,2001-10-22,0,9.552897837800368e-06,1.0
0000882291,AEMD,2001-10-23,0,9.552897837800368e-06,1.0
0000882291,AEMD,2001-10-24,0,9.552897837800368e-06,1.0
0000882291,AEMD,2001-10-25,0,9.552897837800368e-06,1.0
0000882291,AEMD,2001-10-26,0,9.552897837800368e-06,1.0
0000882291,AEMD,2001-10-29,0,1.3032771888188034e-05,1.0
0000882291,AEMD,2001-10-30,0,1.3032771888188034e-05,1.0
0000882291,AEMD,2001-10-31,0,1.3032771888188034e-05,1.0
0000882291,AEMD,2001-11-01,0,1.3032771888188034e-05,1.0
0000882291,AEMD,2001-11-02,0,1.3032771888188034e-05,1.0
0000882291,AEMD,2001-11-05,0,1.3032771888188034e-05,1.0
0000882291,AEMD,2001-11-06,0,1.3032771888188034e-05,1.0
0000882291,AEMD,2001-11-07,0,1.3032771888188034e-05,1.0
0000882291,AEMD,2001-11-08,0,1.3032771888188034e-05,1.0
0000882291,AEMD,2001-11-09,0,1.3032771888188034e-05,1.0
0000882291,AEMD,2001-11-12,0,1.3032771888188034e-05,1.0
0000882291,AEMD,2001-11-13,0,1.3032771888188034e-05,1.0
0000882291,AEMD,2001-11-14,0,1.3032771888188034e-05,1.0
0000882291,AEMD,2001-11-15,0,1.3032771888188034e-05,1.0
0000882291,AEMD,2001-11-16,0,1.3032771888188034e-05,1.0
0000882291,AEMD,2001-11-19,0,1.3032771888188034e-05,1.0
0000882291,AEMD,2001-11-20,0,1.3032771888188034e-05,1.0
0000882291,AEMD,2001-11-21,0,1.3032771888188034e-05,1.0
0000882291,AEMD,2001-11-22,0,1.3032771888188034e-05,1.0
0000882291,AEMD,2001-11-23,0,1.3032771888188034e-05,1.0
0000882291,AEMD,2001-11-26,0,1.3032771888188034e-05,1.0
0000882291,AEMD,2001-11-27,0,1.3032771888188034e-05,1.0
0000882291,AEMD,2001-11-28,0,1.3032771888188034e-05,1.0
0000882291,AEMD,2001-11-29,0,1.3032771888188034e-05,1.0
0000882291,AEMD,2001-11-30,0,1.3032771888188034e-05,1.0
0000882291,AEMD,2001-12-03,0,1.3032771888188034e-05,1.0
0000882291,AEMD,2001-12-04,0,1.3032771888188034e-05,1.0
0000882291,AEMD,2001-12-05,0,1.3032771888188034e-05,1.0
0000882291,AEMD,2001-12-06,0,1.3032771888188034e-05,1.0
0000882291,AEMD,2001-12-07,0,1.3032771888188034e-05,1.0
0000882291,AEMD,2001-12-10,0,1.3032771888188034e-05,1.0
0000882291,AEMD,2001-12-11,0,1.3032771888188034e-05,1.0
0000882291,AEMD,2001-12-12,0,1.3032771888188034e-05,1.0
0000882291,AEMD,2001-12-13,0,1.3032771888188034e-05,1.0
0000882291,AEMD,2001-12-14,0,1.3032771888188034e-05,1.0
0000882291,AEMD,2001-12-17,0,1.3032771888188034e-05,1.0
0000882291,AEMD,2001-12-18,0,1.3032771888188034e-05,1.0
0000882291,AEMD,2001-12-19,0,1.3032771888188034e-05,1.0
0000882291,AEMD,2001-12-20,0,1.3032771888188034e-05,1.0
0000882291,AEMD,2001-12-21,0,1.3032771888188034e-05,1.0
0000882291,AEMD,2001-12-24,0,1.3032771888188034e-05,1.0
0000882291,AEMD,2001-12-25,0,1.3032771888188034e-05,1.0
0000882291,AEMD,2001-12-26,0,1.3032771888188034e-05,1.0
0000882291,AEMD,2001-12-27,0,1.3032771888188034e-05,1.0
0000882291,AEMD,2001-12-28,0,1.3032771888188034e-05,1.0
0000882291,AEMD,2001-12-31,0,1.3032771888188034e-05,1.0
0000882291,AEMD,2002-01-01,0,1.3032771888188034e-05,1.0
0000882291,AEMD,2002-01-02,0,1.3032771888188034e-05,1.0
0000882291,AEMD,2002-01-03,0,1.3032771888188034e-05,1.0
0000882291,AEMD,2002-01-04,0,1.3032771888188034e-05,1.0
0000882291,AEMD,2002-01-07,0,1.3032771888188034e-05,1.0
0000882291,AEMD,2002-01-08,0,1.3032771888188034e-05,1.0
0000882291,AEMD,2002-01-09,0,1.3032771888188034e-05,1.0
0000882291,AEMD,2002-01-10,0,1.3032771888188034e-05,1.0
0000882291,AEMD,2002-01-11,0,1.3032771888188034e-05,1.0
0000882291,AEMD,2002-01-14,0,1.3032771888188034e-05,1.0
0000882291,AEMD,2002-01-15,0,1.3032771888188034e-05,1.0
0000882291,AEMD,2002-01-16,0,1.3032771888188034e-05,1.0
0000882291,AEMD,2002-01-17,0,1.3032771888188034e-05,1.0
0000882291,AEMD,2002-01-18,0,1.3032771888188034e-05,1.0
0000882291,AEMD,2002-01-21,0,1.3032771888188034e-05,1.0
0000882291,AEMD,2002-01-22,0,1.3032771888188034e-05,1.0
0000882291,AEMD,2002-01-23,0,1.3032771888188034e-05,1.0
0000882291,AEMD,2002-01-24,0,1.3032771888188034e-05,1.0
0000882291,AEMD,2002-01-25,0,1.3032771888188034e-05,1.0
0000882291,AEMD,2002-01-28,0,1.5424642313663618e-05,1.0
0000882291,AEMD,2002-01-29,0,1.5424642313663618e-05,1.0
0000882291,AEMD,2002-01-30,0,1.5424642313663618e-05,1.0
0000882291,AEMD,2002-01-31,0,1.5424642313663618e-05,1.0
0000882291,AEMD,2002-02-01,0,1.5424642313663618e-05,1.0
0000882291,AEMD,2002-02-04,0,1.5424642313663618e-05,1.0
0000882291,AEMD,2002-02-05,0,1.5424642313663618e-05,1.0
0000882291,AEMD,2002-02-06,0,1.5424642313663618e-05,1.0
0000882291,AEMD,2002-02-07,0,1.5424642313663618e-05,1.0
0000882291,AEMD,2002-02-08,0,1.5424642313663618e-05,1.0
0000882291,AEMD,2002-02-11,0,1.5424642313663618e-05,1.0
0000882291,AEMD,2002-02-12,0,1.5424642313663618e-05,1.0
0000882291,AEMD,2002-02-13,0,1.5424642313663618e-05,1.0
0000882291,AEMD,2002-02-14,0,1.5424642313663618e-05,1.0
0000882291,AEMD,2002-02-15,0,1.5424642313663618e-05,1.0
0000882291,AEMD,2002-02-18,0,1.5424642313663618e-05,1.0
0000882291,AEMD,2002-02-19,0,1.5424642313663618e-05,1.0
0000882291,AEMD,2002-02-20,0,1.5424642313663618e-05,1.0
0000882291,AEMD,2002-02-21,0,1.5424642313663618e-05,1.0
0000882291,AEMD,2002-02-22,0,1.5424642313663618e-05,1.0
0000882291,AEMD,2002-02-25,0,1.5424642313663618e-05,1.0
0000882291,AEMD,2002-02-26,0,1.5424642313663618e-05,1.0
0000882291,AEMD,2002-02-27,0,1.5424642313663618e-05,1.0
0000882291,AEMD,2002-02-28,0,1.5424642313663618e-05,1.0
0000882291,AEMD,2002-03-01,0,1.5424642313663618e-05,1.0
0000882291,AEMD,2002-03-04,0,1.5424642313663618e-05,1.0
0000882291,AEMD,2002-03-05,0,1.5424642313663618e-05,1.0
0000882291,AEMD,2002-03-06,0,1.5424642313663618e-05,1.0
0000882291,AEMD,2002-03-07,0,1.5424642313663618e-05,1.0
0000882291,AEMD,2002-03-08,0,1.5424642313663618e-05,1.0
0000882291,AEMD,2002-03-11,0,1.5424642313663618e-05,1.0
0000882291,AEMD,2002-03-12,0,1.5424642313663618e-05,1.0
0000882291,AEMD,2002-03-13,0,1.5424642313663618e-05,1.0
0000882291,AEMD,2002-03-14,0,1.5424642313663618e-05,1.0
0000882291,AEMD,2002-03-15,0,1.5424642313663618e-05,1.0
0000882291,AEMD,2002-03-18,0,1.5424642313663618e-05,1.0
0000882291,AEMD,2002-03-19,0,1.5424642313663618e-05,1.0
0000882291,AEMD,2002-03-20,0,1.5424642313663618e-05,1.0
0000882291,AEMD,2002-03-21,0,1.5424642313663618e-05,1.0
0000882291,AEMD,2002-03-22,0,1.5424642313663618e-05,1.0
0000882291,AEMD,2002-03-25,0,1.5424642313663618e-05,1.0
0000882291,AEMD,2002-03-26,0,1.5424642313663618e-05,1.0
0000882291,AEMD,2002-03-27,0,1.5424642313663618e-05,1.0
0000882291,AEMD,2002-03-28,0,1.5424642313663618e-05,1.0
0000882291,AEMD,2002-03-29,0,1.5424642313663618e-05,1.0
0000882291,AEMD,2002-04-01,0,1.5424642313663618e-05,1.0
0000882291,AEMD,2002-04-02,0,1.5424642313663618e-05,1.0
0000882291,AEMD,2002-04-03,0,1.5424642313663618e-05,1.0
0000882291,AEMD,2002-04-04,0,1.5424642313663618e-05,1.0
0000882291,AEMD,2002-04-05,0,1.5424642313663618e-05,1.0
0000882291,AEMD,2002-04-08,0,1.5424642313663618e-05,1.0
0000882291,AEMD,2002-04-09,0,1.5424642313663618e-05,1.0
0000882291,AEMD,2002-04-10,0,1.5424642313663618e-05,1.0
0000882291,AEMD,2002-04-11,0,1.5424642313663618e-05,1.0
0000882291,AEMD,2002-04-12,0,1.5424642313663618e-05,1.0
0000882291,AEMD,2002-04-15,0,1.5424642313663618e-05,1.0
0000882291,AEMD,2002-04-16,0,1.5424642313663618e-05,1.0
0000882291,AEMD,2002-04-17,0,1.5424642313663618e-05,1.0
0000882291,AEMD,2002-04-18,0,1.5424642313663618e-05,1.0
0000882291,AEMD,2002-04-19,0,1.5424642313663618e-05,1.0
0000882291,AEMD,2002-04-22,0,1.5424642313663618e-05,1.0
0000882291,AEMD,2002-04-23,0,1.5424642313663618e-05,1.0
0000882291,AEMD,2002-04-24,0,1.5424642313663618e-05,1.0
0000882291,AEMD,2002-04-25,0,1.5424642313663618e-05,1.0
0000882291,AEMD,2002-04-26,0,1.5424642313663618e-05,1.0
0000882291,AEMD,2002-04-29,0,1.5424642313663618e-05,1.0
0000882291,AEMD,2002-04-30,0,1.5424642313663618e-05,1.0
0000882291,AEMD,2002-05-01,0,1.5424642313663618e-05,1.0
0000882291,AEMD,2002-05-02,0,1.5424642313663618e-05,1.0
0000882291,AEMD,2002-05-03,0,1.5424642313663618e-05,1.0
0000882291,AEMD,2002-05-06,0,1.5424642313663618e-05,1.0
0000882291,AEMD,2002-05-07,0,1.5424642313663618e-05,1.0
0000882291,AEMD,2002-05-08,0,1.5424642313663618e-05,1.0
0000882291,AEMD,2002-05-09,0,1.5424642313663618e-05,1.0
0000882291,AEMD,2002-05-10,0,1.5424642313663618e-05,1.0
0000882291,AEMD,2002-05-13,0,1.5424642313663618e-05,1.0
0000882291,AEMD,2002-05-14,0,1.5424642313663618e-05,1.0
0000882291,AEMD,2002-05-15,0,1.5424642313663618e-05,1.0
0000882291,AEMD,2002-05-16,0,1.5424642313663618e-05,1.0
0000882291,AEMD,2002-05-17,0,1.5424642313663618e-05,1.0
0000882291,AEMD,2002-05-20,0,1.5424642313663618e-05,1.0
0000882291,AEMD,2002-05-21,0,1.5424642313663618e-05,1.0
0000882291,AEMD,2002-05-22,0,1.5424642313663618e-05,1.0
0000882291,AEMD,2002-05-23,0,1.5424642313663618e-05,1.0
0000882291,AEMD,2002-05-24,0,1.5424642313663618e-05,1.0
0000882291,AEMD,2002-05-27,0,1.5424642313663618e-05,1.0
0000882291,AEMD,2002-05-28,0,1.5424642313663618e-05,1.0
0000882291,AEMD,2002-05-29,0,1.5424642313663618e-05,1.0
0000882291,AEMD,2002-05-30,0,1.5424642313663618e-05,1.0
0000882291,AEMD,2002-05-31,0,1.5424642313663618e-05,1.0
0000882291,AEMD,2002-06-03,0,1.5424642313663618e-05,1.0
0000882291,AEMD,2002-06-04,0,1.5424642313663618e-05,1.0
0000882291,AEMD,2002-06-05,0,1.5424642313663618e-05,1.0
0000882291,AEMD,2002-06-06,0,1.5424642313663618e-05,1.0
0000882291,AEMD,2002-06-07,0,1.5424642313663618e-05,1.0
0000882291,AEMD,2002-06-10,0,1.5424642313663618e-05,1.0
0000882291,AEMD,2002-06-11,0,1.5424642313663618e-05,1.0
0000882291,AEMD,2002-06-12,0,1.5424642313663618e-05,1.0
0000882291,AEMD,2002-06-13,0,1.5424642313663618e-05,1.0
0000882291,AEMD,2002-06-14,0,1.5424642313663618e-05,1.0
0000882291,AEMD,2002-06-17,0,1.5424642313663618e-05,1.0
0000882291,AEMD,2002-06-18,0,1.5424642313663618e-05,1.0
0000882291,AEMD,2002-06-19,0,1.5424642313663618e-05,1.0
0000882291,AEMD,2002-06-20,0,1.5424642313663618e-05,1.0
0000882291,AEMD,2002-06-21,0,1.5424642313663618e-05,1.0
0000882291,AEMD,2002-06-24,0,1.5424642313663618e-05,1.0
0000882291,AEMD,2002-06-25,0,1.5424642313663618e-05,1.0
0000882291,AEMD,2002-06-26,0,1.5424642313663618e-05,1.0
0000882291,AEMD,2002-06-27,0,1.5424642313663618e-05,1.0
0000882291,AEMD,2002-06-28,0,1.5424642313663618e-05,1.0
0000882291,AEMD,2002-07-01,0,1.5424642313663618e-05,1.0
0000882291,AEMD,2002-07-02,0,1.5424642313663618e-05,1.0
0000882291,AEMD,2002-07-03,0,1.5424642313663618e-05,1.0
0000882291,AEMD,2002-07-04,0,1.5424642313663618e-05,1.0
0000882291,AEMD,2002-07-05,0,1.5424642313663618e-05,1.0
0000882291,AEMD,2002-07-08,0,1.5424642313663618e-05,1.0
0000882291,AEMD,2002-07-09,0,1.5424642313663618e-05,1.0
0000882291,AEMD,2002-07-10,0,1.5424642313663618e-05,1.0
0000882291,AEMD,2002-07-11,0,1.5424642313663618e-05,1.0
0000882291,AEMD,2002-07-12,0,1.5424642313663618e-05,1.0
0000882291,AEMD,2002-07-15,0,1.5424642313663618e-05,1.0
0000882291,AEMD,2002-07-16,0,1.5424642313663618e-05,1.0
0000882291,AEMD,2002-07-17,0,1.5424642313663618e-05,1.0
0000882291,AEMD,2002-07-18,0,1.5424642313663618e-05,1.0
0000882291,AEMD,2002-07-19,0,1.5424642313663618e-05,1.0
0000882291,AEMD,2002-07-22,0,1.5424642313663618e-05,1.0
0000882291,AEMD,2002-07-23,0,1.5424642313663618e-05,1.0
0000882291,AEMD,2002-07-24,0,1.5424642313663618e-05,1.0
0000882291,AEMD,2002-07-25,0,1.5424642313663618e-05,1.0
0000882291,AEMD,2002-07-26,0,1.5424642313663618e-05,1.0
0000882291,AEMD,2002-07-29,0,1.5424642313663618e-05,1.0
0000882291,AEMD,2002-07-30,0,1.5424642313663618e-05,1.0
0000882291,AEMD,2002-07-31,0,1.5424642313663618e-05,1.0
0000882291,AEMD,2002-08-01,0,1.5424642313663618e-05,1.0
0000882291,AEMD,2002-08-02,0,1.5424642313663618e-05,1.0
0000882291,AEMD,2002-08-05,0,1.5424642313663618e-05,1.0
0000882291,AEMD,2002-08-06,0,1.5424642313663618e-05,1.0
0000882291,AEMD,2002-08-07,0,1.5424642313663618e-05,1.0
0000882291,AEMD,2002-08-08,0,1.5424642313663618e-05,1.0
0000882291,AEMD,2002-08-09,0,1.5424642313663618e-05,1.0
0000882291,AEMD,2002-08-12,0,1.5424642313663618e-05,1.0
0000882291,AEMD,2002-08-13,0,1.5424642313663618e-05,1.0
0000882291,AEMD,2002-08-14,0,1.5424642313663618e-05,1.0
0000882291,AEMD,2002-08-15,0,1.5424642313663618e-05,1.0
0000882291,AEMD,2002-08-16,0,1.5424642313663618e-05,1.0
0000882291,AEMD,2002-08-19,0,1.5424642313663618e-05,1.0
0000882291,AEMD,2002-08-20,0,1.5424642313663618e-05,1.0
0000882291,AEMD,2002-08-21,0,1.5424642313663618e-05,1.0
0000882291,AEMD,2002-08-22,0,1.5424642313663618e-05,1.0
0000882291,AEMD,2002-08-23,0,1.5424642313663618e-05,1.0
0000882291,AEMD,2002-08-26,0,1.5424642313663618e-05,1.0
0000882291,AEMD,2002-08-27,0,1.5424642313663618e-05,1.0
0000882291,AEMD,2002-08-28,0,1.5424642313663618e-05,1.0
0000882291,AEMD,2002-08-29,0,1.5424642313663618e-05,1.0
0000882291,AEMD,2002-08-30,0,1.5424642313663618e-05,1.0
0000882291,AEMD,2002-09-02,0,1.5424642313663618e-05,1.0
0000882291,AEMD,2002-09-03,0,1.5424642313663618e-05,1.0
0000882291,AEMD,2002-09-04,0,1.5424642313663618e-05,1.0
0000882291,AEMD,2002-09-05,0,1.5424642313663618e-05,1.0
0000882291,AEMD,2002-09-06,0,1.5424642313663618e-05,1.0
0000882291,AEMD,2002-09-09,0,1.5424642313663618e-05,1.0
0000882291,AEMD,2002-09-10,0,1.5424642313663618e-05,1.0
0000882291,AEMD,2002-09-11,0,1.5424642313663618e-05,1.0
0000882291,AEMD,2002-09-12,0,1.5424642313663618e-05,1.0
0000882291,AEMD,2002-09-13,0,1.5424642313663618e-05,1.0
0000882291,AEMD,2002-09-16,0,1.5424642313663618e-05,1.0
0000882291,AEMD,2002-09-17,0,1.5424642313663618e-05,1.0
0000882291,AEMD,2002-09-18,0,1.5424642313663618e-05,1.0
0000882291,AEMD,2002-09-19,0,1.5424642313663618e-05,1.0
0000882291,AEMD,2002-09-20,0,1.5424642313663618e-05,1.0
0000882291,AEMD,2002-09-23,0,1.5424642313663618e-05,1.0
0000882291,AEMD,2002-09-24,0,1.5424642313663618e-05,1.0
0000882291,AEMD,2002-09-25,0,1.5424642313663618e-05,1.0
0000882291,AEMD,2002-09-26,0,1.5424642313663618e-05,1.0
0000882291,AEMD,2002-09-27,0,1.5424642313663618e-05,1.0
0000882291,AEMD,2002-09-30,0,1.5424642313663618e-05,1.0
0000882291,AEMD,2002-10-01,0,1.5424642313663618e-05,1.0
0000882291,AEMD,2002-10-02,0,1.5424642313663618e-05,1.0
0000882291,AEMD,2002-10-03,0,1.5424642313663618e-05,1.0
0000882291,AEMD,2002-10-04,0,1.5424642313663618e-05,1.0
0000882291,AEMD,2002-10-07,0,1.5424642313663618e-05,1.0
0000882291,AEMD,2002-10-08,0,1.5424642313663618e-05,1.0
0000882291,AEMD,2002-10-09,0,1.5424642313663618e-05,1.0
0000882291,AEMD,2002-10-10,0,1.5424642313663618e-05,1.0
0000882291,AEMD,2002-10-11,0,1.5424642313663618e-05,1.0
0000882291,AEMD,2002-10-14,0,1.5424642313663618e-05,1.0
0000882291,AEMD,2002-10-15,0,1.5424642313663618e-05,1.0
0000882291,AEMD,2002-10-16,0,1.5424642313663618e-05,1.0
0000882291,AEMD,2002-10-17,0,1.5424642313663618e-05,1.0
0000882291,AEMD,2002-10-18,0,1.5424642313663618e-05,1.0
0000882291,AEMD,2002-10-21,0,1.5424642313663618e-05,1.0
0000882291,AEMD,2002-10-22,0,1.5424642313663618e-05,1.0
0000882291,AEMD,2002-10-23,0,1.5424642313663618e-05,1.0
0000882291,AEMD,2002-10-24,0,1.5424642313663618e-05,1.0
0000882291,AEMD,2002-10-25,0,1.5424642313663618e-05,1.0
0000882291,AEMD,2002-10-28,0,1.5424642313663618e-05,1.0
0000882291,AEMD,2002-10-29,0,1.5424642313663618e-05,1.0
0000882291,AEMD,2002-10-30,0,1.5424642313663618e-05,1.0
0000882291,AEMD,2002-10-31,0,1.5424642313663618e-05,1.0
0000882291,AEMD,2002-11-01,0,1.5424642313663618e-05,1.0
0000882291,AEMD,2002-11-04,0,1.5424642313663618e-05,1.0
0000882291,AEMD,2002-11-05,0,1.5424642313663618e-05,1.0
0000882291,AEMD,2002-11-06,0,1.5424642313663618e-05,1.0
0000882291,AEMD,2002-11-07,0,1.5424642313663618e-05,1.0
0000882291,AEMD,2002-11-08,0,1.5424642313663618e-05,1.0
0000882291,AEMD,2002-11-11,0,1.5424642313663618e-05,1.0
0000882291,AEMD,2002-11-12,0,1.5424642313663618e-05,1.0
0000882291,AEMD,2002-11-13,0,1.5424642313663618e-05,1.0
0000882291,AEMD,2002-11-14,0,1.5424642313663618e-05,1.0
0000882291,AEMD,2002-11-15,0,1.5424642313663618e-05,1.0
0000882291,AEMD,2002-11-18,0,1.5424642313663618e-05,1.0
0000882291,AEMD,2002-11-19,0,1.5424642313663618e-05,1.0
0000882291,AEMD,2002-11-20,0,1.5424642313663618e-05,1.0
0000882291,AEMD,2002-11-21,0,1.5424642313663618e-05,1.0
0000882291,AEMD,2002-11-22,0,1.5424642313663618e-05,1.0
0000882291,AEMD,2002-11-25,0,1.5424642313663618e-05,1.0
0000882291,AEMD,2002-11-26,0,1.5424642313663618e-05,1.0
0000882291,AEMD,2002-11-27,0,1.5424642313663618e-05,1.0
0000882291,AEMD,2002-11-28,0,1.5424642313663618e-05,1.0
0000882291,AEMD,2002-11-29,0,1.5424642313663618e-05,1.0
0000882291,AEMD,2002-12-02,0,1.5424642313663618e-05,1.0
0000882291,AEMD,2002-12-03,0,1.5424642313663618e-05,1.0
0000882291,AEMD,2002-12-04,0,1.5424642313663618e-05,1.0
0000882291,AEMD,2002-12-05,0,1.5424642313663618e-05,1.0
0000882291,AEMD,2002-12-06,0,1.5424642313663618e-05,1.0
0000882291,AEMD,2002-12-09,0,1.5424642313663618e-05,1.0
0000882291,AEMD,2002-12-10,0,1.5424642313663618e-05,1.0
0000882291,AEMD,2002-12-11,0,1.5424642313663618e-05,1.0
0000882291,AEMD,2002-12-12,0,1.5424642313663618e-05,1.0
0000882291,AEMD,2002-12-13,0,1.5424642313663618e-05,1.0
0000882291,AEMD,2002-12-16,0,1.5424642313663618e-05,1.0
0000882291,AEMD,2002-12-17,0,1.5424642313663618e-05,1.0
0000882291,AEMD,2002-12-18,0,1.5424642313663618e-05,1.0
0000882291,AEMD,2002-12-19,0,1.5424642313663618e-05,1.0
0000882291,AEMD,2002-12-20,0,1.5424642313663618e-05,1.0
0000882291,AEMD,2002-12-23,0,1.5424642313663618e-05,1.0
0000882291,AEMD,2002-12-24,0,1.5424642313663618e-05,1.0
0000882291,AEMD,2002-12-25,0,1.5424642313663618e-05,1.0
0000882291,AEMD,2002-12-26,0,1.5424642313663618e-05,1.0
0000882291,AEMD,2002-12-27,0,1.5424642313663618e-05,1.0
0000882291,AEMD,2002-12-30,0,1.5424642313663618e-05,1.0
0000882291,AEMD,2002-12-31,0,1.5424642313663618e-05,1.0
0000882291,AEMD,2003-01-01,0,1.5424642313663618e-05,1.0
0000882291,AEMD,2003-01-02,0,1.5424642313663618e-05,1.0
0000882291,AEMD,2003-01-03,0,1.5424642313663618e-05,1.0
0000882291,AEMD,2003-01-06,0,1.5424642313663618e-05,1.0
0000882291,AEMD,2003-01-07,0,1.5424642313663618e-05,1.0
0000882291,AEMD,2003-01-08,0,1.5424642313663618e-05,1.0
0000882291,AEMD,2003-01-09,0,1.5424642313663618e-05,1.0
0000882291,AEMD,2003-01-10,0,1.5424642313663618e-05,1.0
0000882291,AEMD,2003-01-13,0,1.5424642313663618e-05,1.0
0000882291,AEMD,2003-01-14,0,1.5424642313663618e-05,1.0
0000882291,AEMD,2003-01-15,0,1.5424642313663618e-05,1.0
0000882291,AEMD,2003-01-16,0,1.5424642313663618e-05,1.0
0000882291,AEMD,2003-01-17,0,1.5424642313663618e-05,1.0
0000882291,AEMD,2003-01-20,0,1.5424642313663618e-05,1.0
0000882291,AEMD,2003-01-21,0,1.5424642313663618e-05,1.0
0000882291,AEMD,2003-01-22,0,1.5424642313663618e-05,1.0
0000882291,AEMD,2003-01-23,0,1.5424642313663618e-05,1.0
0000882291,AEMD,2003-01-24,0,1.5424642313663618e-05,1.0
0000882291,AEMD,2003-01-27,0,1.5424642313663618e-05,1.0
0000882291,AEMD,2003-01-28,0,1.5424642313663618e-05,1.0
0000882291,AEMD,2003-01-29,0,1.5424642313663618e-05,1.0
0000882291,AEMD,2003-01-30,0,1.5424642313663618e-05,1.0
0000882291,AEMD,2003-01-31,0,1.5424642313663618e-05,1.0
0000882291,AEMD,2003-02-03,0,1.5424642313663618e-05,1.0
0000882291,AEMD,2003-02-04,0,1.5424642313663618e-05,1.0
0000882291,AEMD,2003-02-05,0,1.5424642313663618e-05,1.0
0000882291,AEMD,2003-02-06,0,1.5424642313663618e-05,1.0
0000882291,AEMD,2003-02-07,0,1.5424642313663618e-05,1.0
0000882291,AEMD,2003-02-10,0,1.5424642313663618e-05,1.0
0000882291,AEMD,2003-02-11,0,1.5424642313663618e-05,1.0
0000882291,AEMD,2003-02-12,0,1.5424642313663618e-05,1.0
0000882291,AEMD,2003-02-13,0,1.5424642313663618e-05,1.0
0000882291,AEMD,2003-02-14,0,1.5424642313663618e-05,1.0
0000882291,AEMD,2003-02-17,0,1.5424642313663618e-05,1.0
0000882291,AEMD,2003-02-18,0,1.5424642313663618e-05,1.0
0000882291,AEMD,2003-02-19,0,1.5424642313663618e-05,1.0
0000882291,AEMD,2003-02-20,0,1.5424642313663618e-05,1.0
0000882291,AEMD,2003-02-21,0,1.5424642313663618e-05,1.0
0000882291,AEMD,2003-02-24,0,1.5424642313663618e-05,1.0
0000882291,AEMD,2003-02-25,0,1.5424642313663618e-05,1.0
0000882291,AEMD,2003-02-26,0,1.5424642313663618e-05,1.0
0000882291,AEMD,2003-02-27,0,1.5424642313663618e-05,1.0
0000882291,AEMD,2003-02-28,0,1.5424642313663618e-05,1.0
0000882291,AEMD,2003-03-03,0,1.5424642313663618e-05,1.0
0000882291,AEMD,2003-03-04,0,1.5424642313663618e-05,1.0
0000882291,AEMD,2003-03-05,0,1.5424642313663618e-05,1.0
0000882291,AEMD,2003-03-06,0,1.5424642313663618e-05,1.0
0000882291,AEMD,2003-03-07,0,1.5424642313663618e-05,1.0
0000882291,AEMD,2003-03-10,0,1.5424642313663618e-05,1.0
0000882291,AEMD,2003-03-11,0,1.5424642313663618e-05,1.0
0000882291,AEMD,2003-03-12,0,1.5424642313663618e-05,1.0
0000882291,AEMD,2003-03-13,0,1.5424642313663618e-05,1.0
0000882291,AEMD,2003-03-14,0,1.5424642313663618e-05,1.0
0000882291,AEMD,2003-03-17,0,1.5424642313663618e-05,1.0
0000882291,AEMD,2003-03-18,0,1.5424642313663618e-05,1.0
0000882291,AEMD,2003-03-19,0,1.5424642313663618e-05,1.0
0000882291,AEMD,2003-03-20,0,1.5424642313663618e-05,1.0
0000882291,AEMD,2003-03-21,0,1.5424642313663618e-05,1.0
0000882291,AEMD,2003-03-24,0,1.5424642313663618e-05,1.0
0000882291,AEMD,2003-03-25,0,1.5424642313663618e-05,1.0
0000882291,AEMD,2003-03-26,0,1.5424642313663618e-05,1.0
0000882291,AEMD,2003-03-27,0,1.5424642313663618e-05,1.0
0000882291,AEMD,2003-03-28,0,1.5424642313663618e-05,1.0
0000882291,AEMD,2003-03-31,0,1.5424642313663618e-05,1.0
0000882291,AEMD,2003-04-01,0,1.5424642313663618e-05,1.0
0000882291,AEMD,2003-04-02,0,1.5424642313663618e-05,1.0
0000882291,AEMD,2003-04-03,0,1.5424642313663618e-05,1.0
0000882291,AEMD,2003-04-04,0,1.5424642313663618e-05,1.0
0000882291,AEMD,2003-04-07,0,1.5424642313663618e-05,1.0
0000882291,AEMD,2003-04-08,0,1.5424642313663618e-05,1.0
0000882291,AEMD,2003-04-09,0,1.5424642313663618e-05,1.0
0000882291,AEMD,2003-04-10,0,1.5424642313663618e-05,1.0
0000882291,AEMD,2003-04-11,0,1.5424642313663618e-05,1.0
0000882291,AEMD,2003-04-14,0,1.5424642313663618e-05,1.0
0000882291,AEMD,2003-04-15,0,1.5424642313663618e-05,1.0
0000882291,AEMD,2003-04-16,0,1.5424642313663618e-05,1.0
0000882291,AEMD,2003-04-17,0,1.5424642313663618e-05,1.0
0000882291,AEMD,2003-04-18,0,1.5424642313663618e-05,1.0
0000882291,AEMD,2003-04-21,0,1.5424642313663618e-05,1.0
0000882291,AEMD,2003-04-22,0,1.5424642313663618e-05,1.0
0000882291,AEMD,2003-04-23,0,1.5424642313663618e-05,1.0
0000882291,AEMD,2003-04-24,0,1.5424642313663618e-05,1.0
0000882291,AEMD,2003-04-25,0,1.5424642313663618e-05,1.0
0000882291,AEMD,2003-04-28,0,1.5424642313663618e-05,1.0
0000882291,AEMD,2003-04-29,0,1.5424642313663618e-05,1.0
0000882291,AEMD,2003-04-30,0,1.5424642313663618e-05,1.0
0000882291,AEMD,2003-05-01,0,1.5424642313663618e-05,1.0
0000882291,AEMD,2003-05-02,0,1.5424642313663618e-05,1.0
0000882291,AEMD,2003-05-05,0,1.5424642313663618e-05,1.0
0000882291,AEMD,2003-05-06,0,1.5424642313663618e-05,1.0
0000882291,AEMD,2003-05-07,0,1.5424642313663618e-05,1.0
0000882291,AEMD,2003-05-08,0,1.5424642313663618e-05,1.0
0000882291,AEMD,2003-05-09,0,1.5424642313663618e-05,1.0
0000882291,AEMD,2003-05-12,0,1.5424642313663618e-05,1.0
0000882291,AEMD,2003-05-13,0,1.5424642313663618e-05,1.0
0000882291,AEMD,2003-05-14,0,1.5424642313663618e-05,1.0
0000882291,AEMD,2003-05-15,0,1.5424642313663618e-05,1.0
0000882291,AEMD,2003-05-16,0,1.5424642313663618e-05,1.0
0000882291,AEMD,2003-05-19,0,1.5424642313663618e-05,1.0
0000882291,AEMD,2003-05-20,0,1.5424642313663618e-05,1.0
0000882291,AEMD,2003-05-21,0,1.5424642313663618e-05,1.0
0000882291,AEMD,2003-05-22,0,1.5424642313663618e-05,1.0
0000882291,AEMD,2003-05-23,0,1.5424642313663618e-05,1.0
0000882291,AEMD,2003-05-26,0,1.5424642313663618e-05,1.0
0000882291,AEMD,2003-05-27,0,1.5424642313663618e-05,1.0
0000882291,AEMD,2003-05-28,0,1.5424642313663618e-05,1.0
0000882291,AEMD,2003-05-29,0,1.5424642313663618e-05,1.0
0000882291,AEMD,2003-05-30,0,1.5424642313663618e-05,1.0
0000882291,AEMD,2003-06-02,0,1.5424642313663618e-05,1.0
0000882291,AEMD,2003-06-03,0,1.5424642313663618e-05,1.0
0000882291,AEMD,2003-06-04,0,1.5424642313663618e-05,1.0
0000882291,AEMD,2003-06-05,0,1.5424642313663618e-05,1.0
0000882291,AEMD,2003-06-06,0,1.5424642313663618e-05,1.0
0000882291,AEMD,2003-06-09,0,1.5424642313663618e-05,1.0
0000882291,AEMD,2003-06-10,0,1.5424642313663618e-05,1.0
0000882291,AEMD,2003-06-11,0,1.5424642313663618e-05,1.0
0000882291,AEMD,2003-06-12,0,1.5424642313663618e-05,1.0
0000882291,AEMD,2003-06-13,0,1.5424642313663618e-05,1.0
0000882291,AEMD,2003-06-16,0,1.5424642313663618e-05,1.0
0000882291,AEMD,2003-06-17,0,1.5424642313663618e-05,1.0
0000882291,AEMD,2003-06-18,0,1.5424642313663618e-05,1.0
0000882291,AEMD,2003-06-19,0,1.5424642313663618e-05,1.0
0000882291,AEMD,2003-06-20,0,1.5424642313663618e-05,1.0
0000882291,AEMD,2003-06-23,0,1.5424642313663618e-05,1.0
0000882291,AEMD,2003-06-24,0,1.5424642313663618e-05,1.0
0000882291,AEMD,2003-06-25,0,1.5424642313663618e-05,1.0
0000882291,AEMD,2003-06-26,0,1.5424642313663618e-05,1.0
0000882291,AEMD,2003-06-27,0,1.5424642313663618e-05,1.0
0000882291,AEMD,2003-06-30,0,1.5424642313663618e-05,1.0
0000882291,AEMD,2003-07-01,0,1.5424642313663618e-05,1.0
0000882291,AEMD,2003-07-02,0,1.5424642313663618e-05,1.0
0000882291,AEMD,2003-07-03,0,1.5424642313663618e-05,1.0
0000882291,AEMD,2003-07-04,0,1.5424642313663618e-05,1.0
0000882291,AEMD,2003-07-07,0,1.5424642313663618e-05,1.0
0000882291,AEMD,2003-07-08,0,1.5424642313663618e-05,1.0
0000882291,AEMD,2003-07-09,0,1.5424642313663618e-05,1.0
0000882291,AEMD,2003-07-10,0,1.5424642313663618e-05,1.0
0000882291,AEMD,2003-07-11,0,1.5424642313663618e-05,1.0
0000882291,AEMD,2003-07-14,0,1.5424642313663618e-05,1.0
0000882291,AEMD,2003-07-15,0,1.5424642313663618e-05,1.0
0000882291,AEMD,2003-07-16,0,1.5424642313663618e-05,1.0
0000882291,AEMD,2003-07-17,0,1.5424642313663618e-05,1.0
0000882291,AEMD,2003-07-18,0,1.5424642313663618e-05,1.0
0000882291,AEMD,2003-07-21,0,1.5424642313663618e-05,1.0
0000882291,AEMD,2003-07-22,0,1.5424642313663618e-05,1.0
0000882291,AEMD,2003-07-23,0,1.5424642313663618e-05,1.0
0000882291,AEMD,2003-07-24,0,1.5424642313663618e-05,1.0
0000882291,AEMD,2003-07-25,0,1.5424642313663618e-05,1.0
0000882291,AEMD,2003-07-28,0,1.5424642313663618e-05,1.0
0000882291,AEMD,2003-07-29,0,1.5424642313663618e-05,1.0
0000882291,AEMD,2003-07-30,0,1.5424642313663618e-05,1.0
0000882291,AEMD,2003-07-31,0,1.5424642313663618e-05,1.0
0000882291,AEMD,2003-08-01,0,1.5424642313663618e-05,1.0
0000882291,AEMD,2003-08-04,0,1.5424642313663618e-05,1.0
0000882291,AEMD,2003-08-05,0,1.5424642313663618e-05,1.0
0000882291,AEMD,2003-08-06,0,1.5424642313663618e-05,1.0
0000882291,AEMD,2003-08-07,0,1.5424642313663618e-05,1.0
0000882291,AEMD,2003-08-08,0,1.5424642313663618e-05,1.0
0000882291,AEMD,2003-08-11,0,1.5424642313663618e-05,1.0
0000882291,AEMD,2003-08-12,0,1.5424642313663618e-05,1.0
0000882291,AEMD,2003-08-13,0,1.5424642313663618e-05,1.0
0000882291,AEMD,2003-08-14,0,1.5424642313663618e-05,1.0
0000882291,AEMD,2003-08-15,0,1.5424642313663618e-05,1.0
0000882291,AEMD,2003-08-18,0,1.5424642313663618e-05,1.0
0000882291,AEMD,2003-08-19,0,1.5424642313663618e-05,1.0
0000882291,AEMD,2003-08-20,0,1.5424642313663618e-05,1.0
0000882291,AEMD,2003-08-21,0,1.5424642313663618e-05,1.0
0000882291,AEMD,2003-08-22,0,1.5424642313663618e-05,1.0
0000882291,AEMD,2003-08-25,0,1.5424642313663618e-05,1.0
0000882291,AEMD,2003-08-26,0,1.5424642313663618e-05,1.0
0000882291,AEMD,2003-08-27,0,1.5424642313663618e-05,1.0
0000882291,AEMD,2003-08-28,0,1.5424642313663618e-05,1.0
0000882291,AEMD,2003-08-29,0,1.5424642313663618e-05,1.0
0000882291,AEMD,2003-09-01,0,1.5424642313663618e-05,1.0
0000882291,AEMD,2003-09-02,0,1.5424642313663618e-05,1.0
0000882291,AEMD,2003-09-03,0,1.5424642313663618e-05,1.0
0000882291,AEMD,2003-09-04,0,1.5424642313663618e-05,1.0
0000882291,AEMD,2003-09-05,0,1.5424642313663618e-05,1.0
0000882291,AEMD,2003-09-08,0,1.5424642313663618e-05,1.0
0000882291,AEMD,2003-09-09,0,1.5424642313663618e-05,1.0
0000882291,AEMD,2003-09-10,0,1.5424642313663618e-05,1.0
0000882291,AEMD,2003-09-11,0,1.5424642313663618e-05,1.0
0000882291,AEMD,2003-09-12,0,1.5424642313663618e-05,1.0
0000882291,AEMD,2003-09-15,0,1.5424642313663618e-05,1.0
0000882291,AEMD,2003-09-16,0,1.5424642313663618e-05,1.0
0000882291,AEMD,2003-09-17,0,1.5424642313663618e-05,1.0
0000882291,AEMD,2003-09-18,0,1.5424642313663618e-05,1.0
0000882291,AEMD,2003-09-19,0,1.5424642313663618e-05,1.0
0000882291,AEMD,2003-09-22,0,1.5424642313663618e-05,1.0
0000882291,AEMD,2003-09-23,0,1.5424642313663618e-05,1.0
0000882291,AEMD,2003-09-24,0,1.5424642313663618e-05,1.0
0000882291,AEMD,2003-09-25,0,1.5424642313663618e-05,1.0
0000882291,AEMD,2003-09-26,0,1.5424642313663618e-05,1.0
0000882291,AEMD,2003-09-29,0,1.5424642313663618e-05,1.0
0000882291,AEMD,2003-09-30,0,1.5424642313663618e-05,1.0
0000882291,AEMD,2003-10-01,0,1.5424642313663618e-05,1.0
0000882291,AEMD,2003-10-02,0,1.5424642313663618e-05,1.0
0000882291,AEMD,2003-10-03,0,1.5424642313663618e-05,1.0
0000882291,AEMD,2003-10-06,0,1.5424642313663618e-05,1.0
0000882291,AEMD,2003-10-07,0,1.5424642313663618e-05,1.0
0000882291,AEMD,2003-10-08,0,1.5424642313663618e-05,1.0
0000882291,AEMD,2003-10-09,0,1.5424642313663618e-05,1.0
0000882291,AEMD,2003-10-10,0,1.5424642313663618e-05,1.0
0000882291,AEMD,2003-10-13,0,1.5424642313663618e-05,1.0
0000882291,AEMD,2003-10-14,0,1.5424642313663618e-05,1.0
0000882291,AEMD,2003-10-15,0,1.5424642313663618e-05,1.0
0000882291,AEMD,2003-10-16,0,1.5424642313663618e-05,1.0
0000882291,AEMD,2003-10-17,0,1.5424642313663618e-05,1.0
0000882291,AEMD,2003-10-20,0,1.5424642313663618e-05,1.0
0000882291,AEMD,2003-10-21,0,1.5424642313663618e-05,1.0
0000882291,AEMD,2003-10-22,0,1.5424642313663618e-05,1.0
0000882291,AEMD,2003-10-23,0,1.5424642313663618e-05,1.0
0000882291,AEMD,2003-10-24,0,1.5424642313663618e-05,1.0
0000882291,AEMD,2003-10-27,0,1.5424642313663618e-05,1.0
0000882291,AEMD,2003-10-28,0,1.5424642313663618e-05,1.0
0000882291,AEMD,2003-10-29,0,1.5424642313663618e-05,1.0
0000882291,AEMD,2003-10-30,0,1.5424642313663618e-05,1.0
0000882291,AEMD,2003-10-31,0,1.5424642313663618e-05,1.0
0000882291,AEMD,2003-11-03,0,1.5424642313663618e-05,1.0
0000882291,AEMD,2003-11-04,0,1.5424642313663618e-05,1.0
0000882291,AEMD,2003-11-05,0,1.5424642313663618e-05,1.0
0000882291,AEMD,2003-11-06,0,1.5424642313663618e-05,1.0
0000882291,AEMD,2003-11-07,0,1.5424642313663618e-05,1.0
0000882291,AEMD,2003-11-10,0,1.5424642313663618e-05,1.0
0000882291,AEMD,2003-11-11,0,1.5424642313663618e-05,1.0
0000882291,AEMD,2003-11-12,0,1.5424642313663618e-05,1.0
0000882291,AEMD,2003-11-13,0,1.5424642313663618e-05,1.0
0000882291,AEMD,2003-11-14,0,1.5424642313663618e-05,1.0
0000882291,AEMD,2003-11-17,0,1.5424642313663618e-05,1.0
0000882291,AEMD,2003-11-18,0,1.5424642313663618e-05,1.0
0000882291,AEMD,2003-11-19,0,1.5424642313663618e-05,1.0
0000882291,AEMD,2003-11-20,0,1.5424642313663618e-05,1.0
0000882291,AEMD,2003-11-21,0,1.5424642313663618e-05,1.0
0000882291,AEMD,2003-11-24,0,1.5424642313663618e-05,1.0
0000882291,AEMD,2003-11-25,0,1.5424642313663618e-05,1.0
0000882291,AEMD,2003-11-26,0,1.5424642313663618e-05,1.0
0000882291,AEMD,2003-11-27,0,1.5424642313663618e-05,1.0
0000882291,AEMD,2003-11-28,0,1.5424642313663618e-05,1.0
0000882291,AEMD,2003-12-01,0,1.5424642313663618e-05,1.0
0000882291,AEMD,2003-12-02,0,1.5424642313663618e-05,1.0
0000882291,AEMD,2003-12-03,0,1.5424642313663618e-05,1.0
0000882291,AEMD,2003-12-04,0,1.5424642313663618e-05,1.0
0000882291,AEMD,2003-12-05,0,1.5424642313663618e-05,1.0
0000882291,AEMD,2003-12-08,0,1.5424642313663618e-05,1.0
0000882291,AEMD,2003-12-09,0,1.5424642313663618e-05,1.0
0000882291,AEMD,2003-12-10,0,1.5424642313663618e-05,1.0
0000882291,AEMD,2003-12-11,0,1.5424642313663618e-05,1.0
0000882291,AEMD,2003-12-12,0,1.5424642313663618e-05,1.0
0000882291,AEMD,2003-12-15,0,1.5424642313663618e-05,1.0
0000882291,AEMD,2003-12-16,0,1.5424642313663618e-05,1.0
0000882291,AEMD,2003-12-17,0,1.5424642313663618e-05,1.0
0000882291,AEMD,2003-12-18,0,1.5424642313663618e-05,1.0
0000882291,AEMD,2003-12-19,0,1.5424642313663618e-05,1.0
0000882291,AEMD,2003-12-22,0,1.5424642313663618e-05,1.0
0000882291,AEMD,2003-12-23,0,1.5424642313663618e-05,1.0
0000882291,AEMD,2003-12-24,0,1.5424642313663618e-05,1.0
0000882291,AEMD,2003-12-25,0,1.5424642313663618e-05,1.0
0000882291,AEMD,2003-12-26,0,1.5424642313663618e-05,1.0
0000882291,AEMD,2003-12-29,0,1.5424642313663618e-05,1.0
0000882291,AEMD,2003-12-30,0,1.5424642313663618e-05,1.0
0000882291,AEMD,2003-12-31,0,1.5424642313663618e-05,1.0
0000882291,AEMD,2004-01-01,0,1.5424642313663618e-05,1.0
0000882291,AEMD,2004-01-02,0,1.5424642313663618e-05,1.0
0000882291,AEMD,2004-01-05,0,1.5424642313663618e-05,1.0
0000882291,AEMD,2004-01-06,0,1.5424642313663618e-05,1.0
0000882291,AEMD,2004-01-07,0,1.5424642313663618e-05,1.0
0000882291,AEMD,2004-01-08,0,1.5424642313663618e-05,1.0
0000882291,AEMD,2004-01-09,0,1.5424642313663618e-05,1.0
0000882291,AEMD,2004-01-12,0,1.5424642313663618e-05,1.0
0000882291,AEMD,2004-01-13,0,1.5424642313663618e-05,1.0
0000882291,AEMD,2004-01-14,0,1.5424642313663618e-05,1.0
0000882291,AEMD,2004-01-15,0,1.5424642313663618e-05,1.0
0000882291,AEMD,2004-01-16,0,1.5424642313663618e-05,1.0
0000882291,AEMD,2004-01-19,0,1.5424642313663618e-05,1.0
0000882291,AEMD,2004-01-20,0,1.5424642313663618e-05,1.0
0000882291,AEMD,2004-01-21,0,1.5424642313663618e-05,1.0
0000882291,AEMD,2004-01-22,0,1.5424642313663618e-05,1.0
0000882291,AEMD,2004-01-23,0,1.5424642313663618e-05,1.0
0000882291,AEMD,2004-01-26,0,1.5424642313663618e-05,1.0
0000882291,AEMD,2004-01-27,0,1.5424642313663618e-05,1.0
0000882291,AEMD,2004-01-28,0,1.5424642313663618e-05,1.0
0000882291,AEMD,2004-01-29,0,1.5424642313663618e-05,1.0
0000882291,AEMD,2004-01-30,0,1.5424642313663618e-05,1.0
0000882291,AEMD,2004-02-02,0,1.5424642313663618e-05,1.0
0000882291,AEMD,2004-02-03,0,1.5424642313663618e-05,1.0
0000882291,AEMD,2004-02-04,0,1.5424642313663618e-05,1.0
0000882291,AEMD,2004-02-05,0,1.5424642313663618e-05,1.0
0000882291,AEMD,2004-02-06,0,1.5424642313663618e-05,1.0
0000882291,AEMD,2004-02-09,0,1.5424642313663618e-05,1.0
0000882291,AEMD,2004-02-10,0,1.5424642313663618e-05,1.0
0000882291,AEMD,2004-02-11,0,1.5424642313663618e-05,1.0
0000882291,AEMD,2004-02-12,0,1.5424642313663618e-05,1.0
0000882291,AEMD,2004-02-13,0,1.5424642313663618e-05,1.0
0000882291,AEMD,2004-02-16,0,1.5424642313663618e-05,1.0
0000882291,AEMD,2004-02-17,0,1.5424642313663618e-05,1.0
0000882291,AEMD,2004-02-18,0,1.5424642313663618e-05,1.0
0000882291,AEMD,2004-02-19,0,1.5424642313663618e-05,1.0
0000882291,AEMD,2004-02-20,0,1.5424642313663618e-05,1.0
0000882291,AEMD,2004-02-23,0,1.5424642313663618e-05,1.0
0000882291,AEMD,2004-02-24,0,1.5424642313663618e-05,1.0
0000882291,AEMD,2004-02-25,0,1.5424642313663618e-05,1.0
0000882291,AEMD,2004-02-26,0,1.5424642313663618e-05,1.0
0000882291,AEMD,2004-02-27,0,1.5424642313663618e-05,1.0
0000882291,AEMD,2004-03-01,0,1.5424642313663618e-05,1.0
0000882291,AEMD,2004-03-02,0,1.5424642313663618e-05,1.0
0000882291,AEMD,2004-03-03,0,1.5424642313663618e-05,1.0
0000882291,AEMD,2004-03-04,0,1.5424642313663618e-05,1.0
0000882291,AEMD,2004-03-05,0,1.5424642313663618e-05,1.0
0000882291,AEMD,2004-03-08,0,1.5424642313663618e-05,1.0
0000882291,AEMD,2004-03-09,0,1.5424642313663618e-05,1.0
0000882291,AEMD,2004-03-10,0,1.5424642313663618e-05,1.0
0000882291,AEMD,2004-03-11,0,1.5424642313663618e-05,1.0
0000882291,AEMD,2004-03-12,0,1.5424642313663618e-05,1.0
0000882291,AEMD,2004-03-15,0,1.5424642313663618e-05,1.0
0000882291,AEMD,2004-03-16,0,1.5424642313663618e-05,1.0
0000882291,AEMD,2004-03-17,0,1.5424642313663618e-05,1.0
0000882291,AEMD,2004-03-18,0,1.5424642313663618e-05,1.0
0000882291,AEMD,2004-03-19,0,1.5424642313663618e-05,1.0
0000882291,AEMD,2004-03-22,0,1.5424642313663618e-05,1.0
0000882291,AEMD,2004-03-23,0,1.5424642313663618e-05,1.0
0000882291,AEMD,2004-03-24,0,1.5424642313663618e-05,1.0
0000882291,AEMD,2004-03-25,0,1.5424642313663618e-05,1.0
0000882291,AEMD,2004-03-26,0,1.5424642313663618e-05,1.0
0000882291,AEMD,2004-03-29,0,1.5424642313663618e-05,1.0
0000882291,AEMD,2004-03-30,0,1.5424642313663618e-05,1.0
0000882291,AEMD,2004-03-31,0,1.5424642313663618e-05,1.0
0000882291,AEMD,2004-04-01,0,1.5424642313663618e-05,1.0
0000882291,AEMD,2004-04-02,0,1.5424642313663618e-05,1.0
0000882291,AEMD,2004-04-05,0,1.5424642313663618e-05,1.0
0000882291,AEMD,2004-04-06,0,1.5424642313663618e-05,1.0
0000882291,AEMD,2004-04-07,0,1.5424642313663618e-05,1.0
0000882291,AEMD,2004-04-08,0,1.5424642313663618e-05,1.0
0000882291,AEMD,2004-04-09,0,1.5424642313663618e-05,1.0
0000882291,AEMD,2004-04-12,0,1.5424642313663618e-05,1.0
0000882291,AEMD,2004-04-13,0,1.5424642313663618e-05,1.0
0000882291,AEMD,2004-04-14,0,1.5424642313663618e-05,1.0
0000882291,AEMD,2004-04-15,0,1.5424642313663618e-05,1.0
0000882291,AEMD,2004-04-16,0,1.5424642313663618e-05,1.0
0000882291,AEMD,2004-04-19,0,1.5424642313663618e-05,1.0
0000882291,AEMD,2004-04-20,0,1.5424642313663618e-05,1.0
0000882291,AEMD,2004-04-21,0,1.5424642313663618e-05,1.0
0000882291,AEMD,2004-04-22,0,1.5424642313663618e-05,1.0
0000882291,AEMD,2004-04-23,0,1.5424642313663618e-05,1.0
0000882291,AEMD,2004-04-26,0,1.5424642313663618e-05,1.0
0000882291,AEMD,2004-04-27,0,1.5424642313663618e-05,1.0
0000882291,AEMD,2004-04-28,0,1.5424642313663618e-05,1.0
0000882291,AEMD,2004-04-29,0,1.5424642313663618e-05,1.0
0000882291,AEMD,2004-04-30,0,1.5424642313663618e-05,1.0
0000882291,AEMD,2004-05-03,0,1.5424642313663618e-05,1.0
0000882291,AEMD,2004-05-04,0,1.5424642313663618e-05,1.0
0000882291,AEMD,2004-05-05,0,1.5424642313663618e-05,1.0
0000882291,AEMD,2004-05-06,0,1.5424642313663618e-05,1.0
0000882291,AEMD,2004-05-07,0,1.5424642313663618e-05,1.0
0000882291,AEMD,2004-05-10,0,1.5424642313663618e-05,1.0
0000882291,AEMD,2004-05-11,0,1.5424642313663618e-05,1.0
0000882291,AEMD,2004-05-12,0,1.5424642313663618e-05,1.0
0000882291,AEMD,2004-05-13,0,1.5424642313663618e-05,1.0
0000882291,AEMD,2004-05-14,0,1.5424642313663618e-05,1.0
0000882291,AEMD,2004-05-17,0,1.5424642313663618e-05,1.0
0000882291,AEMD,2004-05-18,0,1.5424642313663618e-05,1.0
0000882291,AEMD,2004-05-19,0,1.5424642313663618e-05,1.0
0000882291,AEMD,2004-05-20,0,1.5424642313663618e-05,1.0
0000882291,AEMD,2004-05-21,0,1.5424642313663618e-05,1.0
0000882291,AEMD,2004-05-24,0,1.5424642313663618e-05,1.0
0000882291,AEMD,2004-05-25,0,1.5424642313663618e-05,1.0
0000882291,AEMD,2004-05-26,0,1.5424642313663618e-05,1.0
0000882291,AEMD,2004-05-27,0,1.5424642313663618e-05,1.0
0000882291,AEMD,2004-05-28,0,1.5424642313663618e-05,1.0
0000882291,AEMD,2004-05-31,0,1.5424642313663618e-05,1.0
0000882291,AEMD,2004-06-01,0,1.5424642313663618e-05,1.0
0000882291,AEMD,2004-06-02,0,1.5424642313663618e-05,1.0
0000882291,AEMD,2004-06-03,0,1.5424642313663618e-05,1.0
0000882291,AEMD,2004-06-04,0,1.5424642313663618e-05,1.0
0000882291,AEMD,2004-06-07,0,1.5424642313663618e-05,1.0
0000882291,AEMD,2004-06-08,0,1.5424642313663618e-05,1.0
0000882291,AEMD,2004-06-09,0,1.2755811802515537e-05,1.0
0000882291,AEMD,2004-06-10,0,1.2755811802515537e-05,1.0
0000882291,AEMD,2004-06-11,0,1.2755811802515537e-05,1.0
0000882291,AEMD,2004-06-14,0,1.2755811802515537e-05,1.0
0000882291,AEMD,2004-06-15,0,1.2755811802515537e-05,1.0
0000882291,AEMD,2004-06-16,0,1.2755811802515537e-05,1.0
0000882291,AEMD,2004-06-17,0,1.2755811802515537e-05,1.0
0000882291,AEMD,2004-06-18,0,1.2755811802515537e-05,1.0
0000882291,AEMD,2004-06-21,0,1.2755811802515537e-05,1.0
0000882291,AEMD,2004-06-22,0,1.2755811802515537e-05,1.0
0000882291,AEMD,2004-06-23,0,1.2755811802515537e-05,1.0
0000882291,AEMD,2004-06-24,0,1.2755811802515537e-05,1.0
0000882291,AEMD,2004-06-25,0,1.2755811802515537e-05,1.0
0000882291,AEMD,2004-06-28,0,1.2755811802515537e-05,1.0
0000882291,AEMD,2004-06-29,0,1.2755811802515537e-05,1.0
0000882291,AEMD,2004-06-30,0,1.2755811802515537e-05,1.0
0000882291,AEMD,2004-07-01,0,1.2755811802515537e-05,1.0
0000882291,AEMD,2004-07-02,0,1.2755811802515537e-05,1.0
0000882291,AEMD,2004-07-05,0,1.2755811802515537e-05,1.0
0000882291,AEMD,2004-07-06,0,1.2755811802515537e-05,1.0
0000882291,AEMD,2004-07-07,0,1.2755811802515537e-05,1.0
0000882291,AEMD,2004-07-08,0,1.2755811802515537e-05,1.0
0000882291,AEMD,2004-07-09,0,1.1777330377196311e-05,1.0
0000882291,AEMD,2004-07-12,0,1.1777330377196311e-05,1.0
0000882291,AEMD,2004-07-13,0,1.1777330377196311e-05,1.0
0000882291,AEMD,2004-07-14,0,1.1777330377196311e-05,1.0
0000882291,AEMD,2004-07-15,0,1.1777330377196311e-05,1.0
0000882291,AEMD,2004-07-16,0,1.1777330377196311e-05,1.0
0000882291,AEMD,2004-07-19,0,1.1777330377196311e-05,1.0
0000882291,AEMD,2004-07-20,0,1.1777330377196311e-05,1.0
0000882291,AEMD,2004-07-21,0,1.1777330377196311e-05,1.0
0000882291,AEMD,2004-07-22,0,1.1777330377196311e-05,1.0
0000882291,AEMD,2004-07-23,0,1.1777330377196311e-05,1.0
0000882291,AEMD,2004-07-26,0,1.1777330377196311e-05,1.0
0000882291,AEMD,2004-07-27,0,1.1777330377196311e-05,1.0
0000882291,AEMD,2004-07-28,0,1.1777330377196311e-05,1.0
0000882291,AEMD,2004-07-29,0,1.1777330377196311e-05,1.0
0000882291,AEMD,2004-07-30,0,1.1777330377196311e-05,1.0
0000882291,AEMD,2004-08-02,0,1.1777330377196311e-05,1.0
0000882291,AEMD,2004-08-03,0,1.1777330377196311e-05,1.0
0000882291,AEMD,2004-08-04,0,1.1777330377196311e-05,1.0
0000882291,AEMD,2004-08-05,0,1.1777330377196311e-05,1.0
0000882291,AEMD,2004-08-06,0,1.1777330377196311e-05,1.0
0000882291,AEMD,2004-08-09,0,1.1777330377196311e-05,1.0
0000882291,AEMD,2004-08-10,0,1.1777330377196311e-05,1.0
0000882291,AEMD,2004-08-11,0,1.1777330377196311e-05,1.0
0000882291,AEMD,2004-08-12,0,1.1777330377196311e-05,1.0
0000882291,AEMD,2004-08-13,0,1.1777330377196311e-05,1.0
0000882291,AEMD,2004-08-16,0,1.1777330377196311e-05,1.0
0000882291,AEMD,2004-08-17,0,1.1777330377196311e-05,1.0
0000882291,AEMD,2004-08-18,0,1.1777330377196311e-05,1.0
0000882291,AEMD,2004-08-19,0,1.1777330377196311e-05,1.0
0000882291,AEMD,2004-08-20,0,1.1777330377196311e-05,1.0
0000882291,AEMD,2004-08-23,0,1.1777330377196311e-05,1.0
0000882291,AEMD,2004-08-24,0,1.1777330377196311e-05,1.0
0000882291,AEMD,2004-08-25,0,1.1777330377196311e-05,1.0
0000882291,AEMD,2004-08-26,0,1.1777330377196311e-05,1.0
0000882291,AEMD,2004-08-27,0,1.1777330377196311e-05,1.0
0000882291,AEMD,2004-08-30,0,1.1777330377196311e-05,1.0
0000882291,AEMD,2004-08-31,0,1.1777330377196311e-05,1.0
0000882291,AEMD,2004-09-01,0,1.1777330377196311e-05,1.0
0000882291,AEMD,2004-09-02,0,1.1777330377196311e-05,1.0
0000882291,AEMD,2004-09-03,0,1.1777330377196311e-05,1.0
0000882291,AEMD,2004-09-06,0,1.1777330377196311e-05,1.0
0000882291,AEMD,2004-09-07,0,1.3507641955416494e-05,1.0
0000882291,AEMD,2004-09-08,0,1.2137365749311774e-05,1.0
0000882291,AEMD,2004-09-09,0,1.2137365749311774e-05,1.0
0000882291,AEMD,2004-09-10,0,1.2137365749311774e-05,1.0
0000882291,AEMD,2004-09-13,0,1.2137365749311774e-05,1.0
0000882291,AEMD,2004-09-14,0,1.2137365749311774e-05,1.0
0000882291,AEMD,2004-09-15,0,1.2137365749311774e-05,1.0
0000882291,AEMD,2004-09-16,0,1.2137365749311774e-05,1.0
0000882291,AEMD,2004-09-17,0,1.2137365749311774e-05,1.0
0000882291,AEMD,2004-09-20,0,1.2137365749311774e-05,1.0
0000882291,AEMD,2004-09-21,0,1.2137365749311774e-05,1.0
0000882291,AEMD,2004-09-22,0,1.2137365749311774e-05,1.0
0000882291,AEMD,2004-09-23,0,1.2137365749311774e-05,1.0
0000882291,AEMD,2004-09-24,0,1.2137365749311774e-05,1.0
0000882291,AEMD,2004-09-27,0,1.2137365749311774e-05,1.0
0000882291,AEMD,2004-09-28,0,1.2137365749311774e-05,1.0
0000882291,AEMD,2004-09-29,0,1.2137365749311774e-05,1.0
0000882291,AEMD,2004-09-30,0,1.2137365749311774e-05,1.0
0000882291,AEMD,2004-10-01,0,1.2137365749311774e-05,1.0
0000882291,AEMD,2004-10-04,0,1.2137365749311774e-05,1.0
0000882291,AEMD,2004-10-05,0,1.2137365749311774e-05,1.0
0000882291,AEMD,2004-10-06,0,1.2137365749311774e-05,1.0
0000882291,AEMD,2004-10-07,0,1.2137365749311774e-05,1.0
0000882291,AEMD,2004-10-08,0,1.2137365749311774e-05,1.0
0000882291,AEMD,2004-10-11,0,1.2137365749311774e-05,1.0
0000882291,AEMD,2004-10-12,0,1.2137365749311774e-05,1.0
0000882291,AEMD,2004-10-13,0,1.2137365749311774e-05,1.0
0000882291,AEMD,2004-10-14,0,1.2137365749311774e-05,1.0
0000882291,AEMD,2004-10-15,0,1.2137365749311774e-05,1.0
0000882291,AEMD,2004-10-18,0,1.2137365749311774e-05,1.0
0000882291,AEMD,2004-10-19,0,1.2137365749311774e-05,1.0
0000882291,AEMD,2004-10-20,0,1.2137365749311774e-05,1.0
0000882291,AEMD,2004-10-21,0,1.2137365749311774e-05,1.0
0000882291,AEMD,2004-10-22,0,1.2137365749311774e-05,1.0
0000882291,AEMD,2004-10-25,0,1.2137365749311774e-05,1.0
0000882291,AEMD,2004-10-26,0,1.2137365749311774e-05,1.0
0000882291,AEMD,2004-10-27,0,1.2137365749311774e-05,1.0
0000882291,AEMD,2004-10-28,0,1.2137365749311774e-05,1.0
0000882291,AEMD,2004-10-29,0,1.2137365749311774e-05,1.0
0000882291,AEMD,2004-11-01,0,1.2137365749311774e-05,1.0
0000882291,AEMD,2004-11-02,0,1.2137365749311774e-05,1.0
0000882291,AEMD,2004-11-03,0,1.2137365749311774e-05,1.0
0000882291,AEMD,2004-11-04,0,1.2137365749311774e-05,1.0
0000882291,AEMD,2004-11-05,0,1.2137365749311774e-05,1.0
0000882291,AEMD,2004-11-08,0,1.2137365749311774e-05,1.0
0000882291,AEMD,2004-11-09,0,1.2137365749311774e-05,1.0
0000882291,AEMD,2004-11-10,0,1.2137365749311774e-05,1.0
0000882291,AEMD,2004-11-11,0,1.2137365749311774e-05,1.0
0000882291,AEMD,2004-11-12,0,1.2137365749311774e-05,1.0
0000882291,AEMD,2004-11-15,0,1.2137365749311774e-05,1.0
0000882291,AEMD,2004-11-16,0,1.2137365749311774e-05,1.0
0000882291,AEMD,2004-11-17,0,1.2137365749311774e-05,1.0
0000882291,AEMD,2004-11-18,0,1.2137365749311774e-05,1.0
0000882291,AEMD,2004-11-19,0,1.2137365749311774e-05,1.0
0000882291,AEMD,2004-11-22,0,1.2137365749311774e-05,1.0
0000882291,AEMD,2004-11-23,0,1.2137365749311774e-05,1.0
0000882291,AEMD,2004-11-24,0,1.2137365749311774e-05,1.0
0000882291,AEMD,2004-11-25,0,1.2137365749311774e-05,1.0
0000882291,AEMD,2004-11-26,0,1.2137365749311774e-05,1.0
0000882291,AEMD,2004-11-29,0,1.2137365749311774e-05,1.0
0000882291,AEMD,2004-11-30,0,1.2137365749311774e-05,1.0
0000882291,AEMD,2004-12-01,0,1.2137365749311774e-05,1.0
0000882291,AEMD,2004-12-02,0,1.2137365749311774e-05,1.0
0000882291,AEMD,2004-12-03,0,1.2137365749311774e-05,1.0
0000882291,AEMD,2004-12-06,0,1.3691636865869404e-05,1.0
0000882291,AEMD,2004-12-07,0,1.3691636865869404e-05,1.0
0000882291,AEMD,2004-12-08,0,1.3691636865869404e-05,1.0
0000882291,AEMD,2004-12-09,0,1.3691636865869404e-05,1.0
0000882291,AEMD,2004-12-10,0,1.3691636865869404e-05,1.0
0000882291,AEMD,2004-12-13,0,1.3691636865869404e-05,1.0
0000882291,AEMD,2004-12-14,0,1.3691636865869404e-05,1.0
0000882291,AEMD,2004-12-15,0,1.3691636865869404e-05,1.0
0000882291,AEMD,2004-12-16,0,1.3691636865869404e-05,1.0
0000882291,AEMD,2004-12-17,0,1.3691636865869404e-05,1.0
0000882291,AEMD,2004-12-20,0,1.3691636865869404e-05,1.0
0000882291,AEMD,2004-12-21,0,1.3691636865869404e-05,1.0
0000882291,AEMD,2004-12-22,0,1.3691636865869404e-05,1.0
0000882291,AEMD,2004-12-23,0,1.3691636865869404e-05,1.0
0000882291,AEMD,2004-12-24,0,1.3691636865869404e-05,1.0
0000882291,AEMD,2004-12-27,0,1.3691636865869404e-05,1.0
0000882291,AEMD,2004-12-28,0,1.3691636865869404e-05,1.0
0000882291,AEMD,2004-12-29,0,1.3691636865869404e-05,1.0
0000882291,AEMD,2004-12-30,0,1.3691636865869404e-05,1.0
0000882291,AEMD,2004-12-31,0,1.3691636865869404e-05,1.0
0000882291,AEMD,2005-01-03,0,1.3691636865869404e-05,1.0
0000882291,AEMD,2005-01-04,0,1.3691636865869404e-05,1.0
0000882291,AEMD,2005-01-05,0,1.3691636865869404e-05,1.0
0000882291,AEMD,2005-01-06,0,1.3691636865869404e-05,1.0
0000882291,AEMD,2005-01-07,0,1.3691636865869404e-05,1.0
0000882291,AEMD,2005-01-10,0,1.3691636865869404e-05,1.0
0000882291,AEMD,2005-01-11,0,1.3691636865869404e-05,1.0
0000882291,AEMD,2005-01-12,0,1.3691636865869404e-05,1.0
0000882291,AEMD,2005-01-13,0,1.3691636865869404e-05,1.0
0000882291,AEMD,2005-01-14,0,1.3691636865869404e-05,1.0
0000882291,AEMD,2005-01-17,0,1.3691636865869404e-05,1.0
0000882291,AEMD,2005-01-18,0,1.3691636865869404e-05,1.0
0000882291,AEMD,2005-01-19,0,1.3691636865869404e-05,1.0
0000882291,AEMD,2005-01-20,0,1.3691636865869404e-05,1.0
0000882291,AEMD,2005-01-21,0,1.3691636865869404e-05,1.0
0000882291,AEMD,2005-01-24,0,1.3691636865869404e-05,1.0
0000882291,AEMD,2005-01-25,0,1.3691636865869404e-05,1.0
0000882291,AEMD,2005-01-26,0,1.3691636865869404e-05,1.0
0000882291,AEMD,2005-01-27,0,1.3691636865869404e-05,1.0
0000882291,AEMD,2005-01-28,0,1.3691636865869404e-05,1.0
0000882291,AEMD,2005-01-31,0,1.3691636865869404e-05,1.0
0000882291,AEMD,2005-02-01,0,1.3691636865869404e-05,1.0
0000882291,AEMD,2005-02-02,0,1.3691636865869404e-05,1.0
0000882291,AEMD,2005-02-03,0,1.3691636865869404e-05,1.0
0000882291,AEMD,2005-02-04,0,1.3691636865869404e-05,1.0
0000882291,AEMD,2005-02-07,0,1.3691636865869404e-05,1.0
0000882291,AEMD,2005-02-08,0,1.3691636865869404e-05,1.0
0000882291,AEMD,2005-02-09,0,1.3691636865869404e-05,1.0
0000882291,AEMD,2005-02-10,0,1.3691636865869404e-05,1.0
0000882291,AEMD,2005-02-11,0,1.3691636865869404e-05,1.0
0000882291,AEMD,2005-02-14,0,1.3691636865869404e-05,1.0
0000882291,AEMD,2005-02-15,0,1.3691636865869404e-05,1.0
0000882291,AEMD,2005-02-16,0,1.3691636865869404e-05,1.0
0000882291,AEMD,2005-02-17,0,1.3691636865869404e-05,1.0
0000882291,AEMD,2005-02-18,0,1.3691636865869404e-05,1.0
0000882291,AEMD,2005-02-21,0,1.3691636865869404e-05,1.0
0000882291,AEMD,2005-02-22,0,1.3691636865869404e-05,1.0
0000882291,AEMD,2005-02-23,0,1.3691636865869404e-05,1.0
0000882291,AEMD,2005-02-24,0,1.3691636865869404e-05,1.0
0000882291,AEMD,2005-02-25,0,1.3691636865869404e-05,1.0
0000882291,AEMD,2005-02-28,0,1.3691636865869404e-05,1.0
0000882291,AEMD,2005-03-01,0,1.3691636865869404e-05,1.0
0000882291,AEMD,2005-03-02,0,1.3691636865869404e-05,1.0
0000882291,AEMD,2005-03-03,0,1.3691636865869404e-05,1.0
0000882291,AEMD,2005-03-04,0,1.3691636865869404e-05,1.0
0000882291,AEMD,2005-03-07,0,1.3691636865869404e-05,1.0
0000882291,AEMD,2005-03-08,0,1.3691636865869404e-05,1.0
0000882291,AEMD,2005-03-09,0,1.3691636865869404e-05,1.0
0000882291,AEMD,2005-03-10,0,1.3691636865869404e-05,1.0
0000882291,AEMD,2005-03-11,0,1.3691636865869404e-05,1.0
0000882291,AEMD,2005-03-14,0,1.3691636865869404e-05,1.0
0000882291,AEMD,2005-03-15,0,1.3691636865869404e-05,1.0
0000882291,AEMD,2005-03-16,0,1.3691636865869404e-05,1.0
0000882291,AEMD,2005-03-17,0,1.3691636865869404e-05,1.0
0000882291,AEMD,2005-03-18,0,1.3691636865869404e-05,1.0
0000882291,AEMD,2005-03-21,0,1.3691636865869404e-05,1.0
0000882291,AEMD,2005-03-22,0,1.3691636865869404e-05,1.0
0000882291,AEMD,2005-03-23,0,1.3691636865869404e-05,1.0
0000882291,AEMD,2005-03-24,0,1.3691636865869404e-05,1.0
0000882291,AEMD,2005-03-25,0,1.3691636865869404e-05,1.0
0000882291,AEMD,2005-03-28,0,1.3691636865869404e-05,1.0
0000882291,AEMD,2005-03-29,0,1.3691636865869404e-05,1.0
0000882291,AEMD,2005-03-30,0,1.3691636865869404e-05,1.0
0000882291,AEMD,2005-03-31,0,1.3691636865869404e-05,1.0
0000882291,AEMD,2005-04-01,0,1.3691636865869404e-05,1.0
0000882291,AEMD,2005-04-04,0,1.3691636865869404e-05,1.0
0000882291,AEMD,2005-04-05,0,1.3691636865869404e-05,1.0
0000882291,AEMD,2005-04-06,0,1.3691636865869404e-05,1.0
0000882291,AEMD,2005-04-07,0,1.3691636865869404e-05,1.0
0000882291,AEMD,2005-04-08,0,1.3691636865869404e-05,1.0
0000882291,AEMD,2005-04-11,0,1.3691636865869404e-05,1.0
0000882291,AEMD,2005-04-12,0,1.3691636865869404e-05,1.0
0000882291,AEMD,2005-04-13,0,1.3691636865869404e-05,1.0
0000882291,AEMD,2005-04-14,0,1.3691636865869404e-05,1.0
0000882291,AEMD,2005-04-15,0,1.3691636865869404e-05,1.0
0000882291,AEMD,2005-04-18,0,1.3691636865869404e-05,1.0
0000882291,AEMD,2005-04-19,0,1.3691636865869404e-05,1.0
0000882291,AEMD,2005-04-20,0,1.3691636865869404e-05,1.0
0000882291,AEMD,2005-04-21,0,1.3691636865869404e-05,1.0
0000882291,AEMD,2005-04-22,0,1.3691636865869404e-05,1.0
0000882291,AEMD,2005-04-25,0,1.3691636865869404e-05,1.0
0000882291,AEMD,2005-04-26,0,8.795016710761054e-06,1.0
0000882291,AEMD,2005-04-27,0,8.795016710761054e-06,1.0
0000882291,AEMD,2005-04-28,0,8.795016710761054e-06,1.0
0000882291,AEMD,2005-04-29,0,8.795016710761054e-06,1.0
0000882291,AEMD,2005-05-02,0,8.795016710761054e-06,1.0
0000882291,AEMD,2005-05-03,0,8.795016710761054e-06,1.0
0000882291,AEMD,2005-05-04,0,8.795016710761054e-06,1.0
0000882291,AEMD,2005-05-05,0,8.795016710761054e-06,1.0
0000882291,AEMD,2005-05-06,0,8.795016710761054e-06,1.0
0000882291,AEMD,2005-05-09,0,3.555518340380542e-06,1.0
0000882291,AEMD,2005-05-10,0,3.555518340380542e-06,1.0
0000882291,AEMD,2005-05-11,0,3.555518340380542e-06,1.0
0000882291,AEMD,2005-05-12,0,3.555518340380542e-06,1.0
0000882291,AEMD,2005-05-13,0,3.555518340380542e-06,1.0
0000882291,AEMD,2005-05-16,0,3.555518340380542e-06,1.0
0000882291,AEMD,2005-05-17,0,3.555518340380542e-06,1.0
0000882291,AEMD,2005-05-18,0,3.555518340380542e-06,1.0
0000882291,AEMD,2005-05-19,0,3.555518340380542e-06,1.0
0000882291,AEMD,2005-05-20,0,3.555518340380542e-06,1.0
0000882291,AEMD,2005-05-23,0,3.4206617945673776e-06,1.0
0000882291,AEMD,2005-05-24,0,3.4206617945673776e-06,1.0
0000882291,AEMD,2005-05-25,0,3.4206617945673776e-06,1.0
0000882291,AEMD,2005-05-26,0,3.1766907451146355e-06,1.0
0000882291,AEMD,2005-05-27,0,3.1766907451146355e-06,1.0
0000882291,AEMD,2005-05-30,0,3.1766907451146355e-06,1.0
0000882291,AEMD,2005-05-31,0,3.1766907451146355e-06,1.0
0000882291,AEMD,2005-06-01,0,3.1766907451146355e-06,1.0
0000882291,AEMD,2005-06-02,0,3.1766907451146355e-06,1.0
0000882291,AEMD,2005-06-03,0,3.1766907451146355e-06,1.0
0000882291,AEMD,2005-06-06,0,3.1766907451146355e-06,1.0
0000882291,AEMD,2005-06-07,0,3.1766907451146355e-06,1.0
0000882291,AEMD,2005-06-08,0,1.7670725107667537e-06,1.0
0000882291,AEMD,2005-06-09,0,1.7670725107667537e-06,1.0
0000882291,AEMD,2005-06-10,0,1.7670725107667537e-06,1.0
0000882291,AEMD,2005-06-13,0,1.7670725107667537e-06,1.0
0000882291,AEMD,2005-06-14,0,1.7670725107667537e-06,1.0
0000882291,AEMD,2005-06-15,0,1.7670725107667537e-06,1.0
0000882291,AEMD,2005-06-16,0,1.7670725107667537e-06,1.0
0000882291,AEMD,2005-06-17,0,1.7670725107667537e-06,1.0
0000882291,AEMD,2005-06-20,0,1.7670725107667537e-06,1.0
0000882291,AEMD,2005-06-21,0,1.7670725107667537e-06,1.0
0000882291,AEMD,2005-06-22,0,1.62170815909414e-06,1.0
0000882291,AEMD,2005-06-23,0,1.62170815909414e-06,1.0
0000882291,AEMD,2005-06-24,0,1.62170815909414e-06,1.0
0000882291,AEMD,2005-06-27,0,1.62170815909414e-06,1.0
0000882291,AEMD,2005-06-28,0,1.62170815909414e-06,1.0
0000882291,AEMD,2005-06-29,0,1.62170815909414e-06,1.0
0000882291,AEMD,2005-06-30,0,1.62170815909414e-06,1.0
0000882291,AEMD,2005-07-01,0,1.62170815909414e-06,1.0
0000882291,AEMD,2005-07-04,0,1.62170815909414e-06,1.0
0000882291,AEMD,2005-07-05,0,1.62170815909414e-06,1.0
0000882291,AEMD,2005-07-06,0,1.62170815909414e-06,1.0
0000882291,AEMD,2005-07-07,0,1.62170815909414e-06,1.0
0000882291,AEMD,2005-07-08,0,1.62170815909414e-06,1.0
0000882291,AEMD,2005-07-11,0,1.62170815909414e-06,1.0
0000882291,AEMD,2005-07-12,0,1.62170815909414e-06,1.0
0000882291,AEMD,2005-07-13,0,1.62170815909414e-06,1.0
0000882291,AEMD,2005-07-14,0,1.62170815909414e-06,1.0
0000882291,AEMD,2005-07-15,0,1.62170815909414e-06,1.0
0000882291,AEMD,2005-07-18,0,1.62170815909414e-06,1.0
0000882291,AEMD,2005-07-19,0,1.62170815909414e-06,1.0
0000882291,AEMD,2005-07-20,0,1.62170815909414e-06,1.0
0000882291,AEMD,2005-07-21,0,1.62170815909414e-06,1.0
0000882291,AEMD,2005-07-22,0,1.62170815909414e-06,1.0
0000882291,AEMD,2005-07-25,0,4.431249032806428e-06,1.0
0000882291,AEMD,2005-07-26,0,4.431249032806428e-06,1.0
0000882291,AEMD,2005-07-27,0,4.431249032806428e-06,1.0
0000882291,AEMD,2005-07-28,0,4.431249032806428e-06,1.0
0000882291,AEMD,2005-07-29,0,4.431249032806428e-06,1.0
0000882291,AEMD,2005-08-01,0,4.431249032806428e-06,1.0
0000882291,AEMD,2005-08-02,0,4.431249032806428e-06,1.0
0000882291,AEMD,2005-08-03,0,4.431249032806428e-06,1.0
0000882291,AEMD,2005-08-04,0,4.431249032806428e-06,1.0
0000882291,AEMD,2005-08-05,0,4.431249032806428e-06,1.0
0000882291,AEMD,2005-08-08,0,8.81096145889021e-06,1.0
0000882291,AEMD,2005-08-09,0,8.81096145889021e-06,1.0
0000882291,AEMD,2005-08-10,0,8.81096145889021e-06,1.0
0000882291,AEMD,2005-08-11,0,8.81096145889021e-06,1.0
0000882291,AEMD,2005-08-12,0,8.81096145889021e-06,1.0
0000882291,AEMD,2005-08-15,0,8.81096145889021e-06,1.0
0000882291,AEMD,2005-08-16,0,8.81096145889021e-06,1.0
0000882291,AEMD,2005-08-17,0,8.81096145889021e-06,1.0
0000882291,AEMD,2005-08-18,0,8.81096145889021e-06,1.0
0000882291,AEMD,2005-08-19,0,8.81096145889021e-06,1.0
0000882291,AEMD,2005-08-22,0,1.0414540556270836e-05,1.0
0000882291,AEMD,2005-08-23,0,1.0414540556270836e-05,1.0
0000882291,AEMD,2005-08-24,0,1.0414540556270836e-05,1.0
0000882291,AEMD,2005-08-25,0,1.0414540556270836e-05,1.0
0000882291,AEMD,2005-08-26,0,1.0414540556270836e-05,1.0
0000882291,AEMD,2005-08-29,0,1.0414540556270836e-05,1.0
0000882291,AEMD,2005-08-30,0,1.0414540556270836e-05,1.0
0000882291,AEMD,2005-08-31,0,1.0414540556270836e-05,1.0
0000882291,AEMD,2005-09-01,0,1.0414540556270836e-05,1.0
0000882291,AEMD,2005-09-02,0,1.0414540556270836e-05,1.0
0000882291,AEMD,2005-09-05,0,1.0414540556270836e-05,1.0
0000882291,AEMD,2005-09-06,0,1.0414540556270836e-05,1.0
0000882291,AEMD,2005-09-07,0,1.0414540556270836e-05,1.0
0000882291,AEMD,2005-09-08,0,1.0414540556270836e-05,1.0
0000882291,AEMD,2005-09-09,0,1.0414540556270836e-05,1.0
0000882291,AEMD,2005-09-12,0,1.0575558731100018e-05,1.0
0000882291,AEMD,2005-09-13,0,1.0575558731100018e-05,1.0
0000882291,AEMD,2005-09-14,0,1.0575558731100018e-05,1.0
0000882291,AEMD,2005-09-15,0,1.0575558731100018e-05,1.0
0000882291,AEMD,2005-09-16,0,1.0575558731100018e-05,1.0
0000882291,AEMD,2005-09-19,0,1.0575558731100018e-05,1.0
0000882291,AEMD,2005-09-20,0,1.0575558731100018e-05,1.0
0000882291,AEMD,2005-09-21,0,1.0575558731100018e-05,1.0
0000882291,AEMD,2005-09-22,0,1.0575558731100018e-05,1.0
0000882291,AEMD,2005-09-23,0,1.0575558731100018e-05,1.0
0000882291,AEMD,2005-09-26,0,1.0575558731100018e-05,1.0
0000882291,AEMD,2005-09-27,0,1.0575558731100018e-05,1.0
0000882291,AEMD,2005-09-28,0,1.0575558731100018e-05,1.0
0000882291,AEMD,2005-09-29,0,1.0575558731100018e-05,1.0
0000882291,AEMD,2005-09-30,0,1.0575558731100018e-05,1.0
0000882291,AEMD,2005-10-03,0,1.0575558731100018e-05,1.0
0000882291,AEMD,2005-10-04,0,1.0575558731100018e-05,1.0
0000882291,AEMD,2005-10-05,0,1.0575558731100018e-05,1.0
0000882291,AEMD,2005-10-06,0,1.0575558731100018e-05,1.0
0000882291,AEMD,2005-10-07,0,1.0575558731100018e-05,1.0
0000882291,AEMD,2005-10-10,0,1.0575558731100018e-05,1.0
0000882291,AEMD,2005-10-11,0,1.0575558731100018e-05,1.0
0000882291,AEMD,2005-10-12,0,9.31258114130538e-06,1.0
0000882291,AEMD,2005-10-13,0,9.31258114130538e-06,1.0
0000882291,AEMD,2005-10-14,0,9.31258114130538e-06,1.0
0000882291,AEMD,2005-10-17,0,9.31258114130538e-06,1.0
0000882291,AEMD,2005-10-18,0,9.31258114130538e-06,1.0
0000882291,AEMD,2005-10-19,0,9.31258114130538e-06,1.0
0000882291,AEMD,2005-10-20,0,9.31258114130538e-06,1.0
0000882291,AEMD,2005-10-21,0,9.31258114130538e-06,1.0
0000882291,AEMD,2005-10-24,0,9.083693442141681e-06,1.0
0000882291,AEMD,2005-10-25,0,9.083693442141681e-06,1.0
0000882291,AEMD,2005-10-26,0,9.083693442141681e-06,1.0
0000882291,AEMD,2005-10-27,0,9.083693442141681e-06,1.0
0000882291,AEMD,2005-10-28,0,9.083693442141681e-06,1.0
0000882291,AEMD,2005-10-31,0,9.083693442141681e-06,1.0
0000882291,AEMD,2005-11-01,0,9.083693442141681e-06,1.0
0000882291,AEMD,2005-11-02,0,9.083693442141681e-06,1.0
0000882291,AEMD,2005-11-03,0,9.083693442141681e-06,1.0
0000882291,AEMD,2005-11-04,0,9.083693442141681e-06,1.0
0000882291,AEMD,2005-11-07,0,9.665429015306619e-06,1.0
0000882291,AEMD,2005-11-08,0,9.665429015306619e-06,1.0
0000882291,AEMD,2005-11-09,0,9.665429015306619e-06,1.0
0000882291,AEMD,2005-11-10,0,9.665429015306619e-06,1.0
0000882291,AEMD,2005-11-11,0,9.665429015306619e-06,1.0
0000882291,AEMD,2005-11-14,0,9.665429015306619e-06,1.0
0000882291,AEMD,2005-11-15,0,9.665429015306619e-06,1.0
0000882291,AEMD,2005-11-16,0,9.665429015306619e-06,1.0
0000882291,AEMD,2005-11-17,0,9.665429015306619e-06,1.0
0000882291,AEMD,2005-11-18,0,9.665429015306619e-06,1.0
0000882291,AEMD,2005-11-21,0,9.617895507324356e-06,1.0
0000882291,AEMD,2005-11-22,0,9.617895507324356e-06,1.0
0000882291,AEMD,2005-11-23,0,9.617895507324356e-06,1.0
0000882291,AEMD,2005-11-24,0,9.617895507324356e-06,1.0
0000882291,AEMD,2005-11-25,0,9.617895507324356e-06,1.0
0000882291,AEMD,2005-11-28,0,9.617895507324356e-06,1.0
0000882291,AEMD,2005-11-29,0,9.617895507324356e-06,1.0
0000882291,AEMD,2005-11-30,0,9.617895507324356e-06,1.0
0000882291,AEMD,2005-12-01,0,9.617895507324356e-06,1.0
0000882291,AEMD,2005-12-02,0,9.617895507324356e-06,1.0
0000882291,AEMD,2005-12-05,0,9.617895507324356e-06,1.0
0000882291,AEMD,2005-12-06,0,9.617895507324356e-06,1.0
0000882291,AEMD,2005-12-07,0,7.791361233742207e-06,1.0
0000882291,AEMD,2005-12-08,0,7.791361233742207e-06,1.0
0000882291,AEMD,2005-12-09,0,7.791361233742207e-06,1.0
0000882291,AEMD,2005-12-12,0,8.26373446126089e-06,1.0
0000882291,AEMD,2005-12-13,0,8.26373446126089e-06,1.0
0000882291,AEMD,2005-12-14,0,8.26373446126089e-06,1.0
0000882291,AEMD,2005-12-15,0,8.26373446126089e-06,1.0
0000882291,AEMD,2005-12-16,0,8.26373446126089e-06,1.0
0000882291,AEMD,2005-12-19,0,8.26373446126089e-06,1.0
0000882291,AEMD,2005-12-20,0,8.26373446126089e-06,1.0
0000882291,AEMD,2005-12-21,0,8.26373446126089e-06,1.0
0000882291,AEMD,2005-12-22,0,8.26373446126089e-06,1.0
0000882291,AEMD,2005-12-23,0,8.26373446126089e-06,1.0
0000882291,AEMD,2005-12-26,0,8.26373446126089e-06,1.0
0000882291,AEMD,2005-12-27,0,8.26373446126089e-06,1.0
0000882291,AEMD,2005-12-28,0,8.26373446126089e-06,1.0
0000882291,AEMD,2005-12-29,0,8.26373446126089e-06,1.0
0000882291,AEMD,2005-12-30,0,8.26373446126089e-06,1.0
0000882291,AEMD,2006-01-02,0,8.26373446126089e-06,1.0
0000882291,AEMD,2006-01-03,0,8.26373446126089e-06,1.0
0000882291,AEMD,2006-01-04,0,8.26373446126089e-06,1.0
0000882291,AEMD,2006-01-05,0,8.26373446126089e-06,1.0
0000882291,AEMD,2006-01-06,0,8.26373446126089e-06,1.0
0000882291,AEMD,2006-01-09,0,8.26373446126089e-06,1.0
0000882291,AEMD,2006-01-10,0,8.26373446126089e-06,1.0
0000882291,AEMD,2006-01-11,0,8.26373446126089e-06,1.0
0000882291,AEMD,2006-01-12,0,8.26373446126089e-06,1.0
0000882291,AEMD,2006-01-13,0,8.26373446126089e-06,1.0
0000882291,AEMD,2006-01-16,0,8.26373446126089e-06,1.0
0000882291,AEMD,2006-01-17,0,8.26373446126089e-06,1.0
0000882291,AEMD,2006-01-18,0,8.26373446126089e-06,1.0
0000882291,AEMD,2006-01-19,0,8.26373446126089e-06,1.0
0000882291,AEMD,2006-01-20,0,8.26373446126089e-06,1.0
0000882291,AEMD,2006-01-23,0,8.26373446126089e-06,1.0
0000882291,AEMD,2006-01-24,0,8.26373446126089e-06,1.0
0000882291,AEMD,2006-01-25,0,8.26373446126089e-06,1.0
0000882291,AEMD,2006-01-26,0,8.26373446126089e-06,1.0
0000882291,AEMD,2006-01-27,0,8.26373446126089e-06,1.0
0000882291,AEMD,2006-01-30,0,8.26373446126089e-06,1.0
0000882291,AEMD,2006-01-31,0,8.26373446126089e-06,1.0
0000882291,AEMD,2006-02-01,0,8.26373446126089e-06,1.0
0000882291,AEMD,2006-02-02,0,8.26373446126089e-06,1.0
0000882291,AEMD,2006-02-03,0,8.26373446126089e-06,1.0
0000882291,AEMD,2006-02-06,0,1.071391125928678e-05,1.0
0000882291,AEMD,2006-02-07,0,1.071391125928678e-05,1.0
0000882291,AEMD,2006-02-08,0,1.071391125928678e-05,1.0
0000882291,AEMD,2006-02-09,0,1.071391125928678e-05,1.0
0000882291,AEMD,2006-02-10,0,1.071391125928678e-05,1.0
0000882291,AEMD,2006-02-13,0,1.071391125928678e-05,1.0
0000882291,AEMD,2006-02-14,0,1.071391125928678e-05,1.0
0000882291,AEMD,2006-02-15,0,1.071391125928678e-05,1.0
0000882291,AEMD,2006-02-16,0,1.071391125928678e-05,1.0
0000882291,AEMD,2006-02-17,0,1.071391125928678e-05,1.0
0000882291,AEMD,2006-02-20,0,1.071391125928678e-05,1.0
0000882291,AEMD,2006-02-21,0,1.071391125928678e-05,1.0
0000882291,AEMD,2006-02-22,0,1.071391125928678e-05,1.0
0000882291,AEMD,2006-02-23,0,1.071391125928678e-05,1.0
0000882291,AEMD,2006-02-24,0,1.0879557924397553e-05,1.0
0000882291,AEMD,2006-02-27,0,1.0879557924397553e-05,1.0
0000882291,AEMD,2006-02-28,0,1.0879557924397553e-05,1.0
0000882291,AEMD,2006-03-01,0,1.0879557924397553e-05,1.0
0000882291,AEMD,2006-03-02,0,1.0879557924397553e-05,1.0
0000882291,AEMD,2006-03-03,0,1.0879557924397553e-05,1.0
0000882291,AEMD,2006-03-06,0,1.0879557924397553e-05,1.0
0000882291,AEMD,2006-03-07,0,1.0879557924397553e-05,1.0
0000882291,AEMD,2006-03-08,0,1.0879557924397553e-05,1.0
0000882291,AEMD,2006-03-09,0,1.0879557924397553e-05,1.0
0000882291,AEMD,2006-03-10,0,1.0879557924397553e-05,1.0
0000882291,AEMD,2006-03-13,0,1.0960889919842467e-05,1.0
0000882291,AEMD,2006-03-14,0,1.0960889919842467e-05,1.0
0000882291,AEMD,2006-03-15,0,1.0960889919842467e-05,1.0
0000882291,AEMD,2006-03-16,0,1.0960889919842467e-05,1.0
0000882291,AEMD,2006-03-17,0,1.0960889919842467e-05,1.0
0000882291,AEMD,2006-03-20,0,1.0960889919842467e-05,1.0
0000882291,AEMD,2006-03-21,0,1.0960889919842467e-05,1.0
0000882291,AEMD,2006-03-22,0,1.0960889919842467e-05,1.0
0000882291,AEMD,2006-03-23,0,1.0960889919842467e-05,1.0
0000882291,AEMD,2006-03-24,0,1.0960889919842467e-05,1.0
0000882291,AEMD,2006-03-27,0,9.65189490712778e-06,1.0
0000882291,AEMD,2006-03-28,0,9.65189490712778e-06,1.0
0000882291,AEMD,2006-03-29,0,9.65189490712778e-06,1.0
0000882291,AEMD,2006-03-30,0,9.65189490712778e-06,1.0
0000882291,AEMD,2006-03-31,0,9.65189490712778e-06,1.0
0000882291,AEMD,2006-04-03,0,9.65189490712778e-06,1.0
0000882291,AEMD,2006-04-04,0,9.583847473320364e-06,1.0
0000882291,AEMD,2006-04-05,0,9.583847473320364e-06,1.0
0000882291,AEMD,2006-04-06,0,9.583847473320364e-06,1.0
0000882291,AEMD,2006-04-07,0,9.583847473320364e-06,1.0
0000882291,AEMD,2006-04-10,0,9.583847473320364e-06,1.0
0000882291,AEMD,2006-04-11,0,9.583847473320364e-06,1.0
0000882291,AEMD,2006-04-12,0,9.583847473320364e-06,1.0
0000882291,AEMD,2006-04-13,0,9.583847473320364e-06,1.0
0000882291,AEMD,2006-04-14,0,9.583847473320364e-06,1.0
0000882291,AEMD,2006-04-17,0,9.583847473320364e-06,1.0
0000882291,AEMD,2006-04-18,0,9.583847473320364e-06,1.0
0000882291,AEMD,2006-04-19,0,9.583847473320364e-06,1.0
0000882291,AEMD,2006-04-20,0,9.583847473320364e-06,1.0
0000882291,AEMD,2006-04-21,0,9.583847473320364e-06,1.0
0000882291,AEMD,2006-04-24,0,9.583847473320364e-06,1.0
0000882291,AEMD,2006-04-25,0,9.583847473320364e-06,1.0
0000882291,AEMD,2006-04-26,0,9.583847473320364e-06,1.0
0000882291,AEMD,2006-04-27,0,9.583847473320364e-06,1.0
0000882291,AEMD,2006-04-28,0,9.583847473320364e-06,1.0
0000882291,AEMD,2006-05-01,0,9.583847473320364e-06,1.0
0000882291,AEMD,2006-05-02,0,9.583847473320364e-06,1.0
0000882291,AEMD,2006-05-03,0,9.583847473320364e-06,1.0
0000882291,AEMD,2006-05-04,0,7.763779210746091e-06,1.0
0000882291,AEMD,2006-05-05,0,7.763779210746091e-06,1.0
0000882291,AEMD,2006-05-08,0,7.791883764184972e-06,1.0
0000882291,AEMD,2006-05-09,0,7.791883764184972e-06,1.0
0000882291,AEMD,2006-05-10,0,7.791883764184972e-06,1.0
0000882291,AEMD,2006-05-11,0,7.791883764184972e-06,1.0
0000882291,AEMD,2006-05-12,0,7.791883764184972e-06,1.0
0000882291,AEMD,2006-05-15,0,7.791883764184972e-06,1.0
0000882291,AEMD,2006-05-16,0,7.791883764184972e-06,1.0
0000882291,AEMD,2006-05-17,0,7.791883764184972e-06,1.0
0000882291,AEMD,2006-05-18,0,7.791883764184972e-06,1.0
0000882291,AEMD,2006-05-19,0,7.791883764184972e-06,1.0
0000882291,AEMD,2006-05-22,0,7.791883764184972e-06,1.0
0000882291,AEMD,2006-05-23,0,7.791883764184972e-06,1.0
0000882291,AEMD,2006-05-24,0,7.791883764184972e-06,1.0
0000882291,AEMD,2006-05-25,0,7.791883764184972e-06,1.0
0000882291,AEMD,2006-05-26,0,8.264288671322202e-06,1.0
0000882291,AEMD,2006-05-29,0,8.264288671322202e-06,1.0
0000882291,AEMD,2006-05-30,0,8.264288671322202e-06,1.0
0000882291,AEMD,2006-05-31,0,8.264288671322202e-06,1.0
0000882291,AEMD,2006-06-01,0,8.264288671322202e-06,1.0
0000882291,AEMD,2006-06-02,0,8.264288671322202e-06,1.0
0000882291,AEMD,2006-06-05,0,8.264288671322202e-06,1.0
0000882291,AEMD,2006-06-06,0,8.264288671322202e-06,1.0
0000882291,AEMD,2006-06-07,0,8.264288671322202e-06,1.0
0000882291,AEMD,2006-06-08,0,8.264288671322202e-06,1.0
0000882291,AEMD,2006-06-09,0,8.264288671322202e-06,1.0
0000882291,AEMD,2006-06-12,0,8.264288671322202e-06,1.0
0000882291,AEMD,2006-06-13,0,8.264288671322202e-06,1.0
0000882291,AEMD,2006-06-14,0,8.264288671322202e-06,1.0
0000882291,AEMD,2006-06-15,0,8.264288671322202e-06,1.0
0000882291,AEMD,2006-06-16,0,8.264288671322202e-06,1.0
0000882291,AEMD,2006-06-19,0,8.264288671322202e-06,1.0
0000882291,AEMD,2006-06-20,0,8.264288671322202e-06,1.0
0000882291,AEMD,2006-06-21,0,8.264288671322202e-06,1.0
0000882291,AEMD,2006-06-22,0,8.264288671322202e-06,1.0
0000882291,AEMD,2006-06-23,0,8.264288671322202e-06,1.0
0000882291,AEMD,2006-06-26,0,8.264288671322202e-06,1.0
0000882291,AEMD,2006-06-27,0,8.264288671322202e-06,1.0
0000882291,AEMD,2006-06-28,0,8.264288671322202e-06,1.0
0000882291,AEMD,2006-06-29,0,8.264288671322202e-06,1.0
0000882291,AEMD,2006-06-30,0,8.264288671322202e-06,1.0
0000882291,AEMD,2006-07-03,0,1.0714629789497797e-05,1.0
0000882291,AEMD,2006-07-04,0,1.0714629789497797e-05,1.0
0000882291,AEMD,2006-07-05,0,1.0714629789497797e-05,1.0
0000882291,AEMD,2006-07-06,0,1.0714629789497797e-05,1.0
0000882291,AEMD,2006-07-07,0,1.0714629789497797e-05,1.0
0000882291,AEMD,2006-07-10,0,1.0714629789497797e-05,1.0
0000882291,AEMD,2006-07-11,0,1.0714629789497797e-05,1.0
0000882291,AEMD,2006-07-12,0,1.0714629789497797e-05,1.0
0000882291,AEMD,2006-07-13,0,1.0714629789497797e-05,1.0
0000882291,AEMD,2006-07-14,0,1.0714629789497797e-05,1.0
0000882291,AEMD,2006-07-17,0,1.0714629789497797e-05,1.0
0000882291,AEMD,2006-07-18,0,1.0714629789497797e-05,1.0
0000882291,AEMD,2006-07-19,0,1.0714629789497797e-05,1.0
0000882291,AEMD,2006-07-20,0,1.0714629789497797e-05,1.0
0000882291,AEMD,2006-07-21,0,1.0714629789497797e-05,1.0
0000882291,AEMD,2006-07-24,0,1.0714629789497797e-05,1.0
0000882291,AEMD,2006-07-25,0,1.0714629789497797e-05,1.0
0000882291,AEMD,2006-07-26,0,1.0714629789497797e-05,1.0
0000882291,AEMD,2006-07-27,0,1.0714629789497797e-05,1.0
0000882291,AEMD,2006-07-28,0,1.0714629789497797e-05,1.0
0000882291,AEMD,2006-07-31,0,1.0714629789497797e-05,1.0
0000882291,AEMD,2006-08-01,0,1.0714629789497797e-05,1.0
0000882291,AEMD,2006-08-02,0,1.0714629789497797e-05,1.0
0000882291,AEMD,2006-08-03,0,1.0714629789497797e-05,1.0
0000882291,AEMD,2006-08-04,0,1.0714629789497797e-05,1.0
0000882291,AEMD,2006-08-07,0,1.0714629789497797e-05,1.0
0000882291,AEMD,2006-08-08,0,1.0714629789497797e-05,1.0
0000882291,AEMD,2006-08-09,0,1.0714629789497797e-05,1.0
0000882291,AEMD,2006-08-10,0,1.0714629789497797e-05,1.0
0000882291,AEMD,2006-08-11,0,1.0714629789497797e-05,1.0
0000882291,AEMD,2006-08-14,0,1.0714629789497797e-05,1.0
0000882291,AEMD,2006-08-15,0,1.0714629789497797e-05,1.0
0000882291,AEMD,2006-08-16,0,1.0714629789497797e-05,1.0
0000882291,AEMD,2006-08-17,0,1.0714629789497797e-05,1.0
0000882291,AEMD,2006-08-18,0,1.0714629789497797e-05,1.0
0000882291,AEMD,2006-08-21,0,1.0714629789497797e-05,1.0
0000882291,AEMD,2006-08-22,0,1.0714629789497797e-05,1.0
0000882291,AEMD,2006-08-23,0,1.0714629789497797e-05,1.0
0000882291,AEMD,2006-08-24,0,1.0794728849780451e-05,1.0
0000882291,AEMD,2006-08-25,0,1.0794728849780451e-05,1.0
0000882291,AEMD,2006-08-28,0,1.0794728849780451e-05,1.0
0000882291,AEMD,2006-08-29,0,1.0794728849780451e-05,1.0
0000882291,AEMD,2006-08-30,0,1.0794728849780451e-05,1.0
0000882291,AEMD,2006-08-31,0,1.0794728849780451e-05,1.0
0000882291,AEMD,2006-09-01,0,1.0794728849780451e-05,1.0
0000882291,AEMD,2006-09-04,0,1.0794728849780451e-05,1.0
0000882291,AEMD,2006-09-05,0,1.0794728849780451e-05,1.0
0000882291,AEMD,2006-09-06,0,1.0794728849780451e-05,1.0
0000882291,AEMD,2006-09-07,0,1.0794728849780451e-05,1.0
0000882291,AEMD,2006-09-08,0,1.0794728849780451e-05,1.0
0000882291,AEMD,2006-09-11,0,1.0794728849780451e-05,1.0
0000882291,AEMD,2006-09-12,0,1.0794728849780451e-05,1.0
0000882291,AEMD,2006-09-13,0,1.0794728849780451e-05,1.0
0000882291,AEMD,2006-09-14,0,1.0794728849780451e-05,1.0
0000882291,AEMD,2006-09-15,0,1.0794728849780451e-05,1.0
0000882291,AEMD,2006-09-18,0,1.0794728849780451e-05,1.0
0000882291,AEMD,2006-09-19,0,1.0794728849780451e-05,1.0
0000882291,AEMD,2006-09-20,0,1.0794728849780451e-05,1.0
0000882291,AEMD,2006-09-21,0,1.0794728849780451e-05,1.0
0000882291,AEMD,2006-09-22,0,1.0794728849780451e-05,1.0
0000882291,AEMD,2006-09-25,0,1.0794728849780451e-05,1.0
0000882291,AEMD,2006-09-26,0,1.0794728849780451e-05,1.0
0000882291,AEMD,2006-09-27,0,1.0794728849780451e-05,1.0
0000882291,AEMD,2006-09-28,0,1.0794728849780451e-05,1.0
0000882291,AEMD,2006-09-29,0,1.0794728849780451e-05,1.0
0000882291,AEMD,2006-10-02,0,1.3707750603896362e-05,1.0
0000882291,AEMD,2006-10-03,0,1.3707750603896362e-05,1.0
0000882291,AEMD,2006-10-04,0,1.3707750603896362e-05,1.0
0000882291,AEMD,2006-10-05,0,1.3707750603896362e-05,1.0
0000882291,AEMD,2006-10-06,0,1.3707750603896362e-05,1.0
0000882291,AEMD,2006-10-09,0,1.3707750603896362e-05,1.0
0000882291,AEMD,2006-10-10,0,1.3707750603896362e-05,1.0
0000882291,AEMD,2006-10-11,0,1.3707750603896362e-05,1.0
0000882291,AEMD,2006-10-12,0,1.3707750603896362e-05,1.0
0000882291,AEMD,2006-10-13,0,1.3707750603896362e-05,1.0
0000882291,AEMD,2006-10-16,0,1.3707750603896362e-05,1.0
0000882291,AEMD,2006-10-17,0,1.3707750603896362e-05,1.0
0000882291,AEMD,2006-10-18,0,1.3707750603896362e-05,1.0
0000882291,AEMD,2006-10-19,0,1.3707750603896362e-05,1.0
0000882291,AEMD,2006-10-20,0,1.3707750603896362e-05,1.0
0000882291,AEMD,2006-10-23,0,1.3707750603896362e-05,1.0
0000882291,AEMD,2006-10-24,0,1.3707750603896362e-05,1.0
0000882291,AEMD,2006-10-25,0,1.3707750603896362e-05,1.0
0000882291,AEMD,2006-10-26,0,1.3707750603896362e-05,1.0
0000882291,AEMD,2006-10-27,0,1.3707750603896362e-05,1.0
0000882291,AEMD,2006-10-30,0,1.3707750603896362e-05,1.0
0000882291,AEMD,2006-10-31,0,1.3707750603896362e-05,1.0
0000882291,AEMD,2006-11-01,0,1.3707750603896362e-05,1.0
0000882291,AEMD,2006-11-02,0,1.3707750603896362e-05,1.0
0000882291,AEMD,2006-11-03,0,1.3707750603896362e-05,1.0
0000882291,AEMD,2006-11-06,0,1.3707750603896362e-05,1.0
0000882291,AEMD,2006-11-07,0,1.3707750603896362e-05,1.0
0000882291,AEMD,2006-11-08,0,1.3707750603896362e-05,1.0
0000882291,AEMD,2006-11-09,0,1.3707750603896362e-05,1.0
0000882291,AEMD,2006-11-10,0,1.3707750603896362e-05,1.0
0000882291,AEMD,2006-11-13,0,1.3707750603896362e-05,1.0
0000882291,AEMD,2006-11-14,0,1.3707750603896362e-05,1.0
0000882291,AEMD,2006-11-15,0,1.3707750603896362e-05,1.0
0000882291,AEMD,2006-11-16,0,1.3707750603896362e-05,1.0
0000882291,AEMD,2006-11-17,0,1.3707750603896362e-05,1.0
0000882291,AEMD,2006-11-20,0,1.3707750603896362e-05,1.0
0000882291,AEMD,2006-11-21,0,1.3707750603896362e-05,1.0
0000882291,AEMD,2006-11-22,0,1.3707750603896362e-05,1.0
0000882291,AEMD,2006-11-23,0,1.3707750603896362e-05,1.0
0000882291,AEMD,2006-11-24,0,1.3707750603896362e-05,1.0
0000882291,AEMD,2006-11-27,0,1.3707750603896362e-05,1.0
0000882291,AEMD,2006-11-28,0,1.3707750603896362e-05,1.0
0000882291,AEMD,2006-11-29,0,1.3707750603896362e-05,1.0
0000882291,AEMD,2006-11-30,0,1.3707750603896362e-05,1.0
0000882291,AEMD,2006-12-01,0,1.3707750603896362e-05,1.0
0000882291,AEMD,2006-12-04,0,1.3707750603896362e-05,1.0
0000882291,AEMD,2006-12-05,0,1.3707750603896362e-05,1.0
0000882291,AEMD,2006-12-06,0,1.3707750603896362e-05,1.0
0000882291,AEMD,2006-12-07,0,1.3707750603896362e-05,1.0
0000882291,AEMD,2006-12-08,0,1.3707750603896362e-05,1.0
0000882291,AEMD,2006-12-11,0,1.3707750603896362e-05,1.0
0000882291,AEMD,2006-12-12,0,1.3707750603896362e-05,1.0
0000882291,AEMD,2006-12-13,0,1.3707750603896362e-05,1.0
0000882291,AEMD,2006-12-14,0,1.3707750603896362e-05,1.0
0000882291,AEMD,2006-12-15,0,1.3707750603896362e-05,1.0
0000882291,AEMD,2006-12-18,0,1.3707750603896362e-05,1.0
0000882291,AEMD,2006-12-19,0,1.3707750603896362e-05,1.0
0000882291,AEMD,2006-12-20,0,1.3707750603896362e-05,1.0
0000882291,AEMD,2006-12-21,0,1.3707750603896362e-05,1.0
0000882291,AEMD,2006-12-22,0,1.3707750603896362e-05,1.0
0000882291,AEMD,2006-12-25,0,1.3707750603896362e-05,1.0
0000882291,AEMD,2006-12-26,0,1.3707750603896362e-05,1.0
0000882291,AEMD,2006-12-27,0,1.3707750603896362e-05,1.0
0000882291,AEMD,2006-12-28,0,1.3707750603896362e-05,1.0
0000882291,AEMD,2006-12-29,0,1.3707750603896362e-05,1.0
0000882291,AEMD,2007-01-01,0,1.3707750603896362e-05,1.0
0000882291,AEMD,2007-01-02,0,1.3707750603896362e-05,1.0
0000882291,AEMD,2007-01-03,0,1.3707750603896362e-05,1.0
0000882291,AEMD,2007-01-04,0,1.3707750603896362e-05,1.0
0000882291,AEMD,2007-01-05,0,1.3707750603896362e-05,1.0
0000882291,AEMD,2007-01-08,0,1.3707750603896362e-05,1.0
0000882291,AEMD,2007-01-09,0,1.3707750603896362e-05,1.0
0000882291,AEMD,2007-01-10,0,1.3707750603896362e-05,1.0
0000882291,AEMD,2007-01-11,0,1.3707750603896362e-05,1.0
0000882291,AEMD,2007-01-12,0,1.3707750603896362e-05,1.0
0000882291,AEMD,2007-01-15,0,1.3707750603896362e-05,1.0
0000882291,AEMD,2007-01-16,0,1.3707750603896362e-05,1.0
0000882291,AEMD,2007-01-17,0,1.3707750603896362e-05,1.0
0000882291,AEMD,2007-01-18,0,1.3707750603896362e-05,1.0
0000882291,AEMD,2007-01-19,0,1.3707750603896362e-05,1.0
0000882291,AEMD,2007-01-22,0,1.3707750603896362e-05,1.0
0000882291,AEMD,2007-01-23,0,1.3707750603896362e-05,1.0
0000882291,AEMD,2007-01-24,0,1.3707750603896362e-05,1.0
0000882291,AEMD,2007-01-25,0,1.3707750603896362e-05,1.0
0000882291,AEMD,2007-01-26,0,1.3707750603896362e-05,1.0
0000882291,AEMD,2007-01-29,0,1.3707750603896362e-05,1.0
0000882291,AEMD,2007-01-30,0,3.1222831432105246e-06,1.0
0000882291,AEMD,2007-01-31,0,3.1222831432105246e-06,1.0
0000882291,AEMD,2007-02-01,0,3.1222831432105246e-06,1.0
0000882291,AEMD,2007-02-02,0,3.1222831432105246e-06,1.0
0000882291,AEMD,2007-02-05,0,3.1222831432105246e-06,1.0
0000882291,AEMD,2007-02-06,0,3.1222831432105246e-06,1.0
0000882291,AEMD,2007-02-07,0,3.1222831432105246e-06,1.0
0000882291,AEMD,2007-02-08,0,3.1222831432105246e-06,1.0
0000882291,AEMD,2007-02-09,0,3.1222831432105246e-06,1.0
0000882291,AEMD,2007-02-12,0,4.475687412074847e-07,1.0
0000882291,AEMD,2007-02-13,0,4.475687412074847e-07,1.0
0000882291,AEMD,2007-02-14,0,4.475687412074847e-07,1.0
0000882291,AEMD,2007-02-15,0,4.475687412074847e-07,1.0
0000882291,AEMD,2007-02-16,0,4.475687412074847e-07,1.0
0000882291,AEMD,2007-02-19,0,4.475687412074847e-07,1.0
0000882291,AEMD,2007-02-20,0,4.475687412074847e-07,1.0
0000882291,AEMD,2007-02-21,0,4.475687412074847e-07,1.0
0000882291,AEMD,2007-02-22,0,4.475687412074847e-07,1.0
0000882291,AEMD,2007-02-23,0,4.475687412074847e-07,1.0
0000882291,AEMD,2007-02-26,0,4.475687412074847e-07,1.0
0000882291,AEMD,2007-02-27,0,4.475687412074847e-07,1.0
0000882291,AEMD,2007-02-28,0,4.475687412074847e-07,1.0
0000882291,AEMD,2007-03-01,0,3.963298286046103e-07,1.0
0000882291,AEMD,2007-03-02,0,3.963298286046103e-07,1.0
0000882291,AEMD,2007-03-05,0,3.963298286046103e-07,1.0
0000882291,AEMD,2007-03-06,0,3.963298286046103e-07,1.0
0000882291,AEMD,2007-03-07,0,3.963298286046103e-07,1.0
0000882291,AEMD,2007-03-08,0,3.963298286046103e-07,1.0
0000882291,AEMD,2007-03-09,0,3.963298286046103e-07,1.0
0000882291,AEMD,2007-03-12,0,3.963298286046103e-07,1.0
0000882291,AEMD,2007-03-13,0,3.963298286046103e-07,1.0
0000882291,AEMD,2007-03-14,0,3.963298286046103e-07,1.0
0000882291,AEMD,2007-03-15,0,1.9503041408586665e-07,1.0
0000882291,AEMD,2007-03-16,0,1.9503041408586665e-07,1.0
0000882291,AEMD,2007-03-19,0,1.9503041408586665e-07,1.0
0000882291,AEMD,2007-03-20,0,1.9503041408586665e-07,1.0
0000882291,AEMD,2007-03-21,0,1.9503041408586665e-07,1.0
0000882291,AEMD,2007-03-22,0,2.2152622216136672e-07,1.0
0000882291,AEMD,2007-03-23,0,2.2152622216136672e-07,1.0
0000882291,AEMD,2007-03-26,0,2.2152622216136672e-07,1.0
0000882291,AEMD,2007-03-27,0,2.2152622216136672e-07,1.0
0000882291,AEMD,2007-03-28,0,2.2152622216136672e-07,1.0
0000882291,AEMD,2007-03-29,0,2.2152622216136672e-07,1.0
0000882291,AEMD,2007-03-30,0,2.2152622216136672e-07,1.0
0000882291,AEMD,2007-04-02,0,2.2152622216136672e-07,1.0
0000882291,AEMD,2007-04-03,0,2.2152622216136672e-07,1.0
0000882291,AEMD,2007-04-04,0,2.2152622216136672e-07,1.0
0000882291,AEMD,2007-04-05,0,2.2152622216136672e-07,1.0
0000882291,AEMD,2007-04-06,0,2.2152622216136672e-07,1.0
0000882291,AEMD,2007-04-09,0,2.2152622216136672e-07,1.0
0000882291,AEMD,2007-04-10,0,2.2152622216136672e-07,1.0
0000882291,AEMD,2007-04-11,0,2.2152622216136672e-07,1.0
0000882291,AEMD,2007-04-12,0,2.2152622216136672e-07,1.0
0000882291,AEMD,2007-04-13,0,2.2152622216136672e-07,1.0
0000882291,AEMD,2007-04-16,0,2.2152622216136672e-07,1.0
0000882291,AEMD,2007-04-17,0,2.2152622216136672e-07,1.0
0000882291,AEMD,2007-04-18,0,2.2152622216136672e-07,1.0
0000882291,AEMD,2007-04-19,0,2.2152622216136672e-07,1.0
0000882291,AEMD,2007-04-20,0,2.2152622216136672e-07,1.0
0000882291,AEMD,2007-04-23,0,1.8054177745015139e-07,1.0
0000882291,AEMD,2007-04-24,0,1.8054177745015139e-07,1.0
0000882291,AEMD,2007-04-25,0,1.8054177745015139e-07,1.0
0000882291,AEMD,2007-04-26,0,1.8054177745015139e-07,1.0
0000882291,AEMD,2007-04-27,0,1.8054177745015139e-07,1.0
0000882291,AEMD,2007-04-30,0,1.8054177745015139e-07,1.0
0000882291,AEMD,2007-05-01,0,1.4913082580023502e-06,1.0
0000882291,AEMD,2007-05-02,0,1.4913082580023502e-06,1.0
0000882291,AEMD,2007-05-03,0,1.4913082580023502e-06,1.0
0000882291,AEMD,2007-05-04,0,1.4913082580023502e-06,1.0
0000882291,AEMD,2007-05-07,0,1.4913082580023502e-06,1.0
0000882291,AEMD,2007-05-08,0,1.4913082580023502e-06,1.0
0000882291,AEMD,2007-05-09,0,1.4913082580023502e-06,1.0
0000882291,AEMD,2007-05-10,0,1.4913082580023502e-06,1.0
0000882291,AEMD,2007-05-11,0,1.4913082580023502e-06,1.0
0000882291,AEMD,2007-05-14,0,8.563934595956368e-06,1.0
0000882291,AEMD,2007-05-15,0,8.563934595956368e-06,1.0
0000882291,AEMD,2007-05-16,0,8.563934595956368e-06,1.0
0000882291,AEMD,2007-05-17,0,8.563934595956368e-06,1.0
0000882291,AEMD,2007-05-18,0,8.563934595956368e-06,1.0
0000882291,AEMD,2007-05-21,0,8.563934595956368e-06,1.0
0000882291,AEMD,2007-05-22,0,8.563934595956368e-06,1.0
0000882291,AEMD,2007-05-23,0,8.563934595956368e-06,1.0
0000882291,AEMD,2007-05-24,0,8.563934595956368e-06,1.0
0000882291,AEMD,2007-05-25,0,8.563934595956368e-06,1.0
0000882291,AEMD,2007-05-28,0,8.563934595956368e-06,1.0
0000882291,AEMD,2007-05-29,0,8.563934595956368e-06,1.0
0000882291,AEMD,2007-05-30,0,8.563934595956368e-06,1.0
0000882291,AEMD,2007-05-31,0,8.563934595956368e-06,1.0
0000882291,AEMD,2007-06-01,0,8.563934595956368e-06,1.0
0000882291,AEMD,2007-06-04,0,8.563934595956368e-06,1.0
0000882291,AEMD,2007-06-05,0,8.563934595956368e-06,1.0
0000882291,AEMD,2007-06-06,0,8.563934595956368e-06,1.0
0000882291,AEMD,2007-06-07,0,8.563934595956368e-06,1.0
0000882291,AEMD,2007-06-08,0,8.563934595956368e-06,1.0
0000882291,AEMD,2007-06-11,0,8.563934595956368e-06,1.0
0000882291,AEMD,2007-06-12,0,8.563934595956368e-06,1.0
0000882291,AEMD,2007-06-13,0,8.563934595956368e-06,1.0
0000882291,AEMD,2007-06-14,0,8.563934595956368e-06,1.0
0000882291,AEMD,2007-06-15,0,8.563934595956368e-06,1.0
0000882291,AEMD,2007-06-18,0,8.563934595956368e-06,1.0
0000882291,AEMD,2007-06-19,0,8.563934595956368e-06,1.0
0000882291,AEMD,2007-06-20,0,1.0773605306613675e-05,1.0
0000882291,AEMD,2007-06-21,0,1.0773605306613675e-05,1.0
0000882291,AEMD,2007-06-22,0,1.0773605306613675e-05,1.0
0000882291,AEMD,2007-06-25,0,1.0773605306613675e-05,1.0
0000882291,AEMD,2007-06-26,0,1.0773605306613675e-05,1.0
0000882291,AEMD,2007-06-27,0,1.0773605306613675e-05,1.0
0000882291,AEMD,2007-06-28,0,1.0773605306613675e-05,1.0
0000882291,AEMD,2007-06-29,0,1.0773605306613675e-05,1.0
0000882291,AEMD,2007-07-02,0,1.0773605306613675e-05,1.0
0000882291,AEMD,2007-07-03,0,1.0773605306613675e-05,1.0
0000882291,AEMD,2007-07-04,0,1.0773605306613675e-05,1.0
0000882291,AEMD,2007-07-05,0,1.0773605306613675e-05,1.0
0000882291,AEMD,2007-07-06,0,1.0773605306613675e-05,1.0
0000882291,AEMD,2007-07-09,0,1.0773605306613675e-05,1.0
0000882291,AEMD,2007-07-10,0,1.0773605306613675e-05,1.0
0000882291,AEMD,2007-07-11,0,1.0773605306613675e-05,1.0
0000882291,AEMD,2007-07-12,0,1.0773605306613675e-05,1.0
0000882291,AEMD,2007-07-13,0,1.0773605306613675e-05,1.0
0000882291,AEMD,2007-07-16,0,1.0773605306613675e-05,1.0
0000882291,AEMD,2007-07-17,0,1.0773605306613675e-05,1.0
0000882291,AEMD,2007-07-18,0,1.0773605306613675e-05,1.0
0000882291,AEMD,2007-07-19,0,1.0773605306613675e-05,1.0
0000882291,AEMD,2007-07-20,0,1.0773605306613675e-05,1.0
0000882291,AEMD,2007-07-23,0,1.0773605306613675e-05,1.0
0000882291,AEMD,2007-07-24,0,1.0773605306613675e-05,1.0
0000882291,AEMD,2007-07-25,0,1.0773605306613675e-05,1.0
0000882291,AEMD,2007-07-26,0,1.0773605306613675e-05,1.0
0000882291,AEMD,2007-07-27,0,1.0773605306613675e-05,1.0
0000882291,AEMD,2007-07-30,0,1.02876261383667e-05,1.0
0000882291,AEMD,2007-07-31,0,1.02876261383667e-05,1.0
0000882291,AEMD,2007-08-01,0,1.02876261383667e-05,1.0
0000882291,AEMD,2007-08-02,0,1.02876261383667e-05,1.0
0000882291,AEMD,2007-08-03,0,1.02876261383667e-05,1.0
0000882291,AEMD,2007-08-06,0,1.02876261383667e-05,1.0
0000882291,AEMD,2007-08-07,0,1.02876261383667e-05,1.0
0000882291,AEMD,2007-08-08,0,1.02876261383667e-05,1.0
0000882291,AEMD,2007-08-09,0,1.02876261383667e-05,1.0
0000882291,AEMD,2007-08-10,0,1.02876261383667e-05,1.0
0000882291,AEMD,2007-08-13,0,1.0792155521985e-05,1.0
0000882291,AEMD,2007-08-14,0,1.0792155521985e-05,1.0
0000882291,AEMD,2007-08-15,0,1.0792155521985e-05,1.0
0000882291,AEMD,2007-08-16,0,1.0792155521985e-05,1.0
0000882291,AEMD,2007-08-17,0,1.0792155521985e-05,1.0
0000882291,AEMD,2007-08-20,0,1.025676158255133e-05,1.0
0000882291,AEMD,2007-08-21,0,1.025676158255133e-05,1.0
0000882291,AEMD,2007-08-22,0,1.025676158255133e-05,1.0
0000882291,AEMD,2007-08-23,0,1.025676158255133e-05,1.0
0000882291,AEMD,2007-08-24,0,1.025676158255133e-05,1.0
0000882291,AEMD,2007-08-27,0,1.025676158255133e-05,1.0
0000882291,AEMD,2007-08-28,0,1.025676158255133e-05,1.0
0000882291,AEMD,2007-08-29,0,1.025676158255133e-05,1.0
0000882291,AEMD,2007-08-30,0,1.025676158255133e-05,1.0
0000882291,AEMD,2007-08-31,0,1.025676158255133e-05,1.0
0000882291,AEMD,2007-09-03,0,1.025676158255133e-05,1.0
0000882291,AEMD,2007-09-04,0,1.025676158255133e-05,1.0
0000882291,AEMD,2007-09-05,0,1.025676158255133e-05,1.0
0000882291,AEMD,2007-09-06,0,1.025676158255133e-05,1.0
0000882291,AEMD,2007-09-07,0,1.025676158255133e-05,1.0
0000882291,AEMD,2007-09-10,0,1.025676158255133e-05,1.0
0000882291,AEMD,2007-09-11,0,1.025676158255133e-05,1.0
0000882291,AEMD,2007-09-12,0,1.025676158255133e-05,1.0
0000882291,AEMD,2007-09-13,0,1.025676158255133e-05,1.0
0000882291,AEMD,2007-09-14,0,1.025676158255133e-05,1.0
0000882291,AEMD,2007-09-17,0,1.025676158255133e-05,1.0
0000882291,AEMD,2007-09-18,0,1.1552386536879817e-05,1.0
0000882291,AEMD,2007-09-19,0,1.0679094593914662e-05,1.0
0000882291,AEMD,2007-09-20,0,1.0679094593914662e-05,1.0
0000882291,AEMD,2007-09-21,0,1.0679094593914662e-05,1.0
0000882291,AEMD,2007-09-24,0,1.0679094593914662e-05,1.0
0000882291,AEMD,2007-09-25,0,1.0679094593914662e-05,1.0
0000882291,AEMD,2007-09-26,0,1.0679094593914662e-05,1.0
0000882291,AEMD,2007-09-27,0,1.0679094593914662e-05,1.0
0000882291,AEMD,2007-09-28,0,1.0679094593914662e-05,1.0
0000882291,AEMD,2007-10-01,0,1.0679094593914662e-05,1.0
0000882291,AEMD,2007-10-02,0,1.0679094593914662e-05,1.0
0000882291,AEMD,2007-10-03,0,1.0679094593914662e-05,1.0
0000882291,AEMD,2007-10-04,0,1.0679094593914662e-05,1.0
0000882291,AEMD,2007-10-05,0,1.0679094593914662e-05,1.0
0000882291,AEMD,2007-10-08,0,1.0679094593914662e-05,1.0
0000882291,AEMD,2007-10-09,0,1.0679094593914662e-05,1.0
0000882291,AEMD,2007-10-10,0,1.0679094593914662e-05,1.0
0000882291,AEMD,2007-10-11,0,1.0679094593914662e-05,1.0
0000882291,AEMD,2007-10-12,0,1.0679094593914662e-05,1.0
0000882291,AEMD,2007-10-15,0,1.0679094593914662e-05,1.0
0000882291,AEMD,2007-10-16,0,1.0679094593914662e-05,1.0
0000882291,AEMD,2007-10-17,0,1.0679094593914662e-05,1.0
0000882291,AEMD,2007-10-18,0,1.0679094593914662e-05,1.0
0000882291,AEMD,2007-10-19,0,1.0679094593914662e-05,1.0
0000882291,AEMD,2007-10-22,0,1.0679094593914662e-05,1.0
0000882291,AEMD,2007-10-23,0,1.0679094593914662e-05,1.0
0000882291,AEMD,2007-10-24,0,1.0679094593914662e-05,1.0
0000882291,AEMD,2007-10-25,0,1.0679094593914662e-05,1.0
0000882291,AEMD,2007-10-26,0,1.0679094593914662e-05,1.0
0000882291,AEMD,2007-10-29,0,1.0679094593914662e-05,1.0
0000882291,AEMD,2007-10-30,0,1.0679094593914662e-05,1.0
0000882291,AEMD,2007-10-31,0,1.0679094593914662e-05,1.0
0000882291,AEMD,2007-11-01,0,1.0679094593914662e-05,1.0
0000882291,AEMD,2007-11-02,0,1.0679094593914662e-05,1.0
0000882291,AEMD,2007-11-05,0,1.0679094593914662e-05,1.0
0000882291,AEMD,2007-11-06,0,1.0679094593914662e-05,1.0
0000882291,AEMD,2007-11-07,0,1.0679094593914662e-05,1.0
0000882291,AEMD,2007-11-08,0,1.0679094593914662e-05,1.0
0000882291,AEMD,2007-11-09,0,1.0679094593914662e-05,1.0
0000882291,AEMD,2007-11-12,0,1.0679094593914662e-05,1.0
0000882291,AEMD,2007-11-13,0,1.0679094593914662e-05,1.0
0000882291,AEMD,2007-11-14,0,1.0679094593914662e-05,1.0
0000882291,AEMD,2007-11-15,0,1.0679094593914662e-05,1.0
0000882291,AEMD,2007-11-16,0,1.0679094593914662e-05,1.0
0000882291,AEMD,2007-11-19,0,1.2174479492509282e-05,1.0
0000882291,AEMD,2007-11-20,0,1.2174479492509282e-05,1.0
0000882291,AEMD,2007-11-21,0,1.2174479492509282e-05,1.0
0000882291,AEMD,2007-11-22,0,1.2174479492509282e-05,1.0
0000882291,AEMD,2007-11-23,0,1.2174479492509282e-05,1.0
0000882291,AEMD,2007-11-26,0,1.2174479492509282e-05,1.0
0000882291,AEMD,2007-11-27,0,1.2174479492509282e-05,1.0
0000882291,AEMD,2007-11-28,0,1.2174479492509282e-05,1.0
0000882291,AEMD,2007-11-29,0,1.2174479492509282e-05,1.0
0000882291,AEMD,2007-11-30,0,1.2174479492509282e-05,1.0
0000882291,AEMD,2007-12-03,0,1.2174479492509282e-05,1.0
0000882291,AEMD,2007-12-04,0,1.2174479492509282e-05,1.0
0000882291,AEMD,2007-12-05,0,1.2174479492509282e-05,1.0
0000882291,AEMD,2007-12-06,0,1.2174479492509282e-05,1.0
0000882291,AEMD,2007-12-07,0,1.2174479492509282e-05,1.0
0000882291,AEMD,2007-12-10,0,1.2174479492509282e-05,1.0
0000882291,AEMD,2007-12-11,0,1.2174479492509282e-05,1.0
0000882291,AEMD,2007-12-12,0,1.054335620911721e-05,1.0
0000882291,AEMD,2007-12-13,0,1.054335620911721e-05,1.0
0000882291,AEMD,2007-12-14,0,1.054335620911721e-05,1.0
0000882291,AEMD,2007-12-17,0,1.054335620911721e-05,1.0
0000882291,AEMD,2007-12-18,0,1.054335620911721e-05,1.0
0000882291,AEMD,2007-12-19,0,1.054335620911721e-05,1.0
0000882291,AEMD,2007-12-20,0,1.054335620911721e-05,1.0
0000882291,AEMD,2007-12-21,0,1.054335620911721e-05,1.0
0000882291,AEMD,2007-12-24,0,1.054335620911721e-05,1.0
0000882291,AEMD,2007-12-25,0,1.054335620911721e-05,1.0
0000882291,AEMD,2007-12-26,0,1.054335620911721e-05,1.0
0000882291,AEMD,2007-12-27,0,1.054335620911721e-05,1.0
0000882291,AEMD,2007-12-28,0,1.054335620911721e-05,1.0
0000882291,AEMD,2007-12-31,0,1.054335620911721e-05,1.0
0000882291,AEMD,2008-01-01,0,1.054335620911721e-05,1.0
0000882291,AEMD,2008-01-02,0,1.054335620911721e-05,1.0
0000882291,AEMD,2008-01-03,0,1.054335620911721e-05,1.0
0000882291,AEMD,2008-01-04,0,1.054335620911721e-05,1.0
0000882291,AEMD,2008-01-07,0,1.054335620911721e-05,1.0
0000882291,AEMD,2008-01-08,0,1.054335620911721e-05,1.0
0000882291,AEMD,2008-01-09,0,1.054335620911721e-05,1.0
0000882291,AEMD,2008-01-10,0,1.054335620911721e-05,1.0
0000882291,AEMD,2008-01-11,0,8.592752075773023e-06,1.0
0000882291,AEMD,2008-01-14,0,8.592752075773023e-06,1.0
0000882291,AEMD,2008-01-15,0,8.592752075773023e-06,1.0
0000882291,AEMD,2008-01-16,0,8.592752075773023e-06,1.0
0000882291,AEMD,2008-01-17,0,8.592752075773023e-06,1.0
0000882291,AEMD,2008-01-18,0,8.592752075773023e-06,1.0
0000882291,AEMD,2008-01-21,0,8.592752075773023e-06,1.0
0000882291,AEMD,2008-01-22,0,8.592752075773023e-06,1.0
0000882291,AEMD,2008-01-23,0,8.592752075773023e-06,1.0
0000882291,AEMD,2008-01-24,0,8.592752075773023e-06,1.0
0000882291,AEMD,2008-01-25,0,8.592752075773023e-06,1.0
0000882291,AEMD,2008-01-28,0,8.592752075773023e-06,1.0
0000882291,AEMD,2008-01-29,0,8.592752075773023e-06,1.0
0000882291,AEMD,2008-01-30,0,8.592752075773023e-06,1.0
0000882291,AEMD,2008-01-31,0,8.592752075773023e-06,1.0
0000882291,AEMD,2008-02-01,0,8.592752075773023e-06,1.0
0000882291,AEMD,2008-02-04,0,8.592752075773023e-06,1.0
0000882291,AEMD,2008-02-05,0,8.592752075773023e-06,1.0
0000882291,AEMD,2008-02-06,0,8.592752075773023e-06,1.0
0000882291,AEMD,2008-02-07,0,8.592752075773023e-06,1.0
0000882291,AEMD,2008-02-08,0,8.592752075773023e-06,1.0
0000882291,AEMD,2008-02-11,0,8.592752075773023e-06,1.0
0000882291,AEMD,2008-02-12,0,6.615993274331525e-07,1.0
0000882291,AEMD,2008-02-13,0,6.615993274331525e-07,1.0
0000882291,AEMD,2008-02-14,0,6.615993274331525e-07,1.0
0000882291,AEMD,2008-02-15,0,6.615993274331525e-07,1.0
0000882291,AEMD,2008-02-18,0,6.605129775273998e-07,1.0
0000882291,AEMD,2008-02-19,0,6.605129775273998e-07,1.0
0000882291,AEMD,2008-02-20,0,6.605129775273998e-07,1.0
0000882291,AEMD,2008-02-21,0,6.605129775273998e-07,1.0
0000882291,AEMD,2008-02-22,0,6.605129775273998e-07,1.0
0000882291,AEMD,2008-02-25,0,6.605129775273998e-07,1.0
0000882291,AEMD,2008-02-26,0,6.605129775273998e-07,1.0
0000882291,AEMD,2008-02-27,0,6.605129775273998e-07,1.0
0000882291,AEMD,2008-02-28,0,6.605129775273998e-07,1.0
0000882291,AEMD,2008-02-29,0,6.605129775273998e-07,1.0
0000882291,AEMD,2008-03-03,0,6.605129775273998e-07,1.0
0000882291,AEMD,2008-03-04,0,6.605129775273998e-07,1.0
0000882291,AEMD,2008-03-05,0,6.605129775273998e-07,1.0
0000882291,AEMD,2008-03-06,0,6.605129775273998e-07,1.0
0000882291,AEMD,2008-03-07,0,6.605129775273998e-07,1.0
0000882291,AEMD,2008-03-10,0,6.605129775273998e-07,1.0
0000882291,AEMD,2008-03-11,0,6.605129775273998e-07,1.0
0000882291,AEMD,2008-03-12,0,7.090521577770214e-07,1.0
0000882291,AEMD,2008-03-13,0,7.090521577770214e-07,1.0
0000882291,AEMD,2008-03-14,0,3.820000141016006e-07,1.0
0000882291,AEMD,2008-03-17,0,3.820000141016006e-07,1.0
0000882291,AEMD,2008-03-18,0,3.820000141016006e-07,1.0
0000882291,AEMD,2008-03-19,0,3.820000141016006e-07,1.0
0000882291,AEMD,2008-03-20,0,3.820000141016006e-07,1.0
0000882291,AEMD,2008-03-21,0,3.820000141016006e-07,1.0
0000882291,AEMD,2008-03-24,0,3.820000141016006e-07,1.0
0000882291,AEMD,2008-03-25,0,3.820000141016006e-07,1.0
0000882291,AEMD,2008-03-26,0,3.820000141016006e-07,1.0
0000882291,AEMD,2008-03-27,0,3.820000141016006e-07,1.0
0000882291,AEMD,2008-03-28,0,3.820000141016006e-07,1.0
0000882291,AEMD,2008-03-31,0,3.820000141016006e-07,1.0
0000882291,AEMD,2008-04-01,0,3.820000141016006e-07,1.0
0000882291,AEMD,2008-04-02,0,3.820000141016006e-07,1.0
0000882291,AEMD,2008-04-03,0,3.820000141016006e-07,1.0
0000882291,AEMD,2008-04-04,0,3.820000141016006e-07,1.0
0000882291,AEMD,2008-04-07,0,3.820000141016006e-07,1.0
0000882291,AEMD,2008-04-08,0,3.820000141016006e-07,1.0
0000882291,AEMD,2008-04-09,0,3.820000141016006e-07,1.0
0000882291,AEMD,2008-04-10,0,3.820000141016006e-07,1.0
0000882291,AEMD,2008-04-11,0,3.820000141016006e-07,1.0
0000882291,AEMD,2008-04-14,0,3.820000141016006e-07,1.0
0000882291,AEMD,2008-04-15,0,3.820000141016006e-07,1.0
0000882291,AEMD,2008-04-16,0,3.820000141016006e-07,1.0
0000882291,AEMD,2008-04-17,0,3.820000141016006e-07,1.0
0000882291,AEMD,2008-04-18,0,3.820000141016006e-07,1.0
0000882291,AEMD,2008-04-21,0,3.820000141016006e-07,1.0
0000882291,AEMD,2008-04-22,0,3.820000141016006e-07,1.0
0000882291,AEMD,2008-04-23,0,3.820000141016006e-07,1.0
0000882291,AEMD,2008-04-24,0,3.820000141016006e-07,1.0
0000882291,AEMD,2008-04-25,0,3.820000141016006e-07,1.0
0000882291,AEMD,2008-04-28,0,3.820000141016006e-07,1.0
0000882291,AEMD,2008-04-29,0,3.820000141016006e-07,1.0
0000882291,AEMD,2008-04-30,0,3.820000141016006e-07,1.0
0000882291,AEMD,2008-05-01,0,3.820000141016006e-07,1.0
0000882291,AEMD,2008-05-02,0,3.838630194117175e-07,1.0
0000882291,AEMD,2008-05-05,0,3.838630194117175e-07,1.0
0000882291,AEMD,2008-05-06,0,3.838630194117175e-07,1.0
0000882291,AEMD,2008-05-07,0,3.838630194117175e-07,1.0
0000882291,AEMD,2008-05-08,0,3.838630194117175e-07,1.0
0000882291,AEMD,2008-05-09,0,3.838630194117175e-07,1.0
0000882291,AEMD,2008-05-12,0,3.838630194117175e-07,1.0
0000882291,AEMD,2008-05-13,0,9.036712119645657e-06,1.0
0000882291,AEMD,2008-05-14,0,9.036712119645657e-06,1.0
0000882291,AEMD,2008-05-15,0,9.036712119645657e-06,1.0
0000882291,AEMD,2008-05-16,0,9.036712119645657e-06,1.0
0000882291,AEMD,2008-05-19,0,9.036712119645657e-06,1.0
0000882291,AEMD,2008-05-20,0,9.036712119645657e-06,1.0
0000882291,AEMD,2008-05-21,0,9.036712119645657e-06,1.0
0000882291,AEMD,2008-05-22,0,9.036712119645657e-06,1.0
0000882291,AEMD,2008-05-23,0,9.036712119645657e-06,1.0
0000882291,AEMD,2008-05-26,0,9.036712119645657e-06,1.0
0000882291,AEMD,2008-05-27,0,9.036712119645657e-06,1.0
0000882291,AEMD,2008-05-28,0,9.036712119645657e-06,1.0
0000882291,AEMD,2008-05-29,0,9.036712119645657e-06,1.0
0000882291,AEMD,2008-05-30,0,9.036712119645657e-06,1.0
0000882291,AEMD,2008-06-02,0,7.58017548655071e-06,1.0
0000882291,AEMD,2008-06-03,0,7.58017548655071e-06,1.0
0000882291,AEMD,2008-06-04,0,7.58017548655071e-06,1.0
0000882291,AEMD,2008-06-05,0,7.58017548655071e-06,1.0
0000882291,AEMD,2008-06-06,0,7.58017548655071e-06,1.0
0000882291,AEMD,2008-06-09,0,7.58017548655071e-06,1.0
0000882291,AEMD,2008-06-10,0,7.6284805152776934e-06,1.0
0000882291,AEMD,2008-06-11,0,7.6284805152776934e-06,1.0
0000882291,AEMD,2008-06-12,0,7.6284805152776934e-06,1.0
0000882291,AEMD,2008-06-13,0,7.6284805152776934e-06,1.0
0000882291,AEMD,2008-06-16,0,7.6284805152776934e-06,1.0
0000882291,AEMD,2008-06-17,0,7.6284805152776934e-06,1.0
0000882291,AEMD,2008-06-18,0,7.6284805152776934e-06,1.0
0000882291,AEMD,2008-06-19,0,7.6284805152776934e-06,1.0
0000882291,AEMD,2008-06-20,0,7.6284805152776934e-06,1.0
0000882291,AEMD,2008-06-23,0,7.6284805152776934e-06,1.0
0000882291,AEMD,2008-06-24,0,7.6284805152776934e-06,1.0
0000882291,AEMD,2008-06-25,0,7.6284805152776934e-06,1.0
0000882291,AEMD,2008-06-26,0,7.6284805152776934e-06,1.0
0000882291,AEMD,2008-06-27,0,7.6284805152776934e-06,1.0
0000882291,AEMD,2008-06-30,0,7.6284805152776934e-06,1.0
0000882291,AEMD,2008-07-01,0,7.6284805152776934e-06,1.0
0000882291,AEMD,2008-07-02,0,7.6284805152776934e-06,1.0
0000882291,AEMD,2008-07-03,0,7.6284805152776934e-06,1.0
0000882291,AEMD,2008-07-04,0,7.6284805152776934e-06,1.0
0000882291,AEMD,2008-07-07,0,7.6284805152776934e-06,1.0
0000882291,AEMD,2008-07-08,0,7.6284805152776934e-06,1.0
0000882291,AEMD,2008-07-09,0,7.6284805152776934e-06,1.0
0000882291,AEMD,2008-07-10,0,7.6284805152776934e-06,1.0
0000882291,AEMD,2008-07-11,0,7.6284805152776934e-06,1.0
0000882291,AEMD,2008-07-14,0,7.6284805152776934e-06,1.0
0000882291,AEMD,2008-07-15,0,7.6284805152776934e-06,1.0
0000882291,AEMD,2008-07-16,0,7.6284805152776934e-06,1.0
0000882291,AEMD,2008-07-17,0,7.6284805152776934e-06,1.0
0000882291,AEMD,2008-07-18,0,7.6284805152776934e-06,1.0
0000882291,AEMD,2008-07-21,0,7.6284805152776934e-06,1.0
0000882291,AEMD,2008-07-22,0,7.6284805152776934e-06,1.0
0000882291,AEMD,2008-07-23,0,7.6284805152776934e-06,1.0
0000882291,AEMD,2008-07-24,0,7.6284805152776934e-06,1.0
0000882291,AEMD,2008-07-25,0,7.6284805152776934e-06,1.0
0000882291,AEMD,2008-07-28,0,7.6284805152776934e-06,1.0
0000882291,AEMD,2008-07-29,0,7.6284805152776934e-06,1.0
0000882291,AEMD,2008-07-30,0,7.6284805152776934e-06,1.0
0000882291,AEMD,2008-07-31,0,1.048993440625771e-05,1.0
0000882291,AEMD,2008-08-01,0,1.048993440625771e-05,1.0
0000882291,AEMD,2008-08-04,0,1.048993440625771e-05,1.0
0000882291,AEMD,2008-08-05,0,1.048993440625771e-05,1.0
0000882291,AEMD,2008-08-06,0,1.048993440625771e-05,1.0
0000882291,AEMD,2008-08-07,0,1.048993440625771e-05,1.0
0000882291,AEMD,2008-08-08,0,1.048993440625771e-05,1.0
0000882291,AEMD,2008-08-11,0,1.0723345564002056e-05,1.0
0000882291,AEMD,2008-08-12,0,1.0348932939466593e-05,1.0
0000882291,AEMD,2008-08-13,0,1.0348932939466593e-05,1.0
0000882291,AEMD,2008-08-14,0,8.603275897736271e-06,1.0
0000882291,AEMD,2008-08-15,0,8.603275897736271e-06,1.0
0000882291,AEMD,2008-08-18,0,8.603275897736271e-06,1.0
0000882291,AEMD,2008-08-19,0,8.603275897736271e-06,1.0
0000882291,AEMD,2008-08-20,0,8.603275897736271e-06,1.0
0000882291,AEMD,2008-08-21,0,8.603275897736271e-06,1.0
0000882291,AEMD,2008-08-22,0,8.603275897736271e-06,1.0
0000882291,AEMD,2008-08-25,0,8.603275897736271e-06,1.0
0000882291,AEMD,2008-08-26,0,8.603275897736271e-06,1.0
0000882291,AEMD,2008-08-27,0,8.603275897736271e-06,1.0
0000882291,AEMD,2008-08-28,0,8.603275897736271e-06,1.0
0000882291,AEMD,2008-08-29,0,8.603275897736271e-06,1.0
0000882291,AEMD,2008-09-01,0,8.603275897736271e-06,1.0
0000882291,AEMD,2008-09-02,0,8.603275897736271e-06,1.0
0000882291,AEMD,2008-09-03,0,8.603275897736271e-06,1.0
0000882291,AEMD,2008-09-04,0,8.603275897736271e-06,1.0
0000882291,AEMD,2008-09-05,0,8.603275897736271e-06,1.0
0000882291,AEMD,2008-09-08,0,8.603275897736271e-06,1.0
0000882291,AEMD,2008-09-09,0,8.603275897736271e-06,1.0
0000882291,AEMD,2008-09-10,0,8.603275897736271e-06,1.0
0000882291,AEMD,2008-09-11,0,7.548461965241045e-06,1.0
0000882291,AEMD,2008-09-12,0,7.548461965241045e-06,1.0
0000882291,AEMD,2008-09-15,0,6.6490669499381126e-06,1.0
0000882291,AEMD,2008-09-16,0,6.6490669499381126e-06,1.0
0000882291,AEMD,2008-09-17,0,6.6490669499381126e-06,1.0
0000882291,AEMD,2008-09-18,0,6.6490669499381126e-06,1.0
0000882291,AEMD,2008-09-19,0,6.6490669499381126e-06,1.0
0000882291,AEMD,2008-09-22,0,6.6490669499381126e-06,1.0
0000882291,AEMD,2008-09-23,0,6.6490669499381126e-06,1.0
0000882291,AEMD,2008-09-24,0,6.6490669499381126e-06,1.0
0000882291,AEMD,2008-09-25,0,6.6490669499381126e-06,1.0
0000882291,AEMD,2008-09-26,0,6.6490669499381126e-06,1.0
0000882291,AEMD,2008-09-29,0,4.465364125976586e-07,1.0
0000882291,AEMD,2008-09-30,0,4.465364125976586e-07,1.0
0000882291,AEMD,2008-10-01,0,4.465364125976586e-07,1.0
0000882291,AEMD,2008-10-02,0,4.465364125976586e-07,1.0
0000882291,AEMD,2008-10-03,0,4.465364125976586e-07,1.0
0000882291,AEMD,2008-10-06,0,4.465364125976586e-07,1.0
0000882291,AEMD,2008-10-07,0,4.465364125976586e-07,1.0
0000882291,AEMD,2008-10-08,0,4.465364125976586e-07,1.0
0000882291,AEMD,2008-10-09,0,4.465364125976586e-07,1.0
0000882291,AEMD,2008-10-10,0,4.465364125976586e-07,1.0
0000882291,AEMD,2008-10-13,0,4.465364125976586e-07,1.0
0000882291,AEMD,2008-10-14,0,4.465364125976586e-07,1.0
0000882291,AEMD,2008-10-15,0,4.465364125976586e-07,1.0
0000882291,AEMD,2008-10-16,0,4.465364125976586e-07,1.0
0000882291,AEMD,2008-10-17,0,4.465364125976586e-07,1.0
0000882291,AEMD,2008-10-20,0,4.465364125976586e-07,1.0
0000882291,AEMD,2008-10-21,0,4.465364125976586e-07,1.0
0000882291,AEMD,2008-10-22,0,4.465364125976586e-07,1.0
0000882291,AEMD,2008-10-23,0,4.465364125976586e-07,1.0
0000882291,AEMD,2008-10-24,0,4.465364125976586e-07,1.0
0000882291,AEMD,2008-10-27,0,4.465364125976586e-07,1.0
0000882291,AEMD,2008-10-28,0,4.465364125976586e-07,1.0
0000882291,AEMD,2008-10-29,0,3.042692372044996e-07,1.0
0000882291,AEMD,2008-10-30,0,3.042692372044996e-07,1.0
0000882291,AEMD,2008-10-31,0,3.042692372044996e-07,1.0
0000882291,AEMD,2008-11-03,0,3.042692372044996e-07,1.0
0000882291,AEMD,2008-11-04,0,3.042692372044996e-07,1.0
0000882291,AEMD,2008-11-05,0,3.042692372044996e-07,1.0
0000882291,AEMD,2008-11-06,0,3.042692372044996e-07,1.0
0000882291,AEMD,2008-11-07,0,3.042692372044996e-07,1.0
0000882291,AEMD,2008-11-10,0,3.286031328905869e-07,1.0
0000882291,AEMD,2008-11-11,0,3.286031328905869e-07,1.0
0000882291,AEMD,2008-11-12,0,4.257892735883796e-07,1.0
0000882291,AEMD,2008-11-13,0,4.257892735883796e-07,1.0
0000882291,AEMD,2008-11-14,0,4.257892735883796e-07,1.0
0000882291,AEMD,2008-11-17,0,4.257892735883796e-07,1.0
0000882291,AEMD,2008-11-18,0,4.257892735883796e-07,1.0
0000882291,AEMD,2008-11-19,0,3.965707820769997e-07,1.0
0000882291,AEMD,2008-11-20,0,3.965707820769997e-07,1.0
0000882291,AEMD,2008-11-21,0,3.965707820769997e-07,1.0
0000882291,AEMD,2008-11-24,0,3.965707820769997e-07,1.0
0000882291,AEMD,2008-11-25,0,3.965707820769997e-07,1.0
0000882291,AEMD,2008-11-26,0,3.965707820769997e-07,1.0
0000882291,AEMD,2008-11-27,0,3.965707820769997e-07,1.0
0000882291,AEMD,2008-11-28,0,3.965707820769997e-07,1.0
0000882291,AEMD,2008-12-01,0,3.965707820769997e-07,1.0
0000882291,AEMD,2008-12-02,0,3.965707820769997e-07,1.0
0000882291,AEMD,2008-12-03,0,3.965707820769997e-07,1.0
0000882291,AEMD,2008-12-04,0,3.965707820769997e-07,1.0
0000882291,AEMD,2008-12-05,0,3.965707820769997e-07,1.0
0000882291,AEMD,2008-12-08,0,3.965707820769997e-07,1.0
0000882291,AEMD,2008-12-09,0,3.965707820769997e-07,1.0
0000882291,AEMD,2008-12-10,0,3.965707820769997e-07,1.0
0000882291,AEMD,2008-12-11,0,3.965707820769997e-07,1.0
0000882291,AEMD,2008-12-12,0,3.965707820769997e-07,1.0
0000882291,AEMD,2008-12-15,0,3.965707820769997e-07,1.0
0000882291,AEMD,2008-12-16,0,3.965707820769997e-07,1.0
0000882291,AEMD,2008-12-17,0,3.965707820769997e-07,1.0
0000882291,AEMD,2008-12-18,0,3.965707820769997e-07,1.0
0000882291,AEMD,2008-12-19,0,3.5313331307074826e-07,1.0
0000882291,AEMD,2008-12-22,0,3.5313331307074826e-07,1.0
0000882291,AEMD,2008-12-23,0,3.5313331307074826e-07,1.0
0000882291,AEMD,2008-12-24,0,3.5313331307074826e-07,1.0
0000882291,AEMD,2008-12-25,0,3.5313331307074826e-07,1.0
0000882291,AEMD,2008-12-26,0,3.5313331307074826e-07,1.0
0000882291,AEMD,2008-12-29,0,7.693049690346743e-06,1.0
0000882291,AEMD,2008-12-30,0,7.693049690346743e-06,1.0
0000882291,AEMD,2008-12-31,0,7.693049690346743e-06,1.0
0000882291,AEMD,2009-01-01,0,7.693049690346743e-06,1.0
0000882291,AEMD,2009-01-02,0,7.811991494513845e-06,1.0
0000882291,AEMD,2009-01-05,0,7.811991494513845e-06,1.0
0000882291,AEMD,2009-01-06,0,7.811991494513845e-06,1.0
0000882291,AEMD,2009-01-07,0,7.811991494513845e-06,1.0
0000882291,AEMD,2009-01-08,0,7.811991494513845e-06,1.0
0000882291,AEMD,2009-01-09,0,7.811991494513845e-06,1.0
0000882291,AEMD,2009-01-12,0,7.811991494513845e-06,1.0
0000882291,AEMD,2009-01-13,0,7.811991494513845e-06,1.0
0000882291,AEMD,2009-01-14,0,7.811991494513845e-06,1.0
0000882291,AEMD,2009-01-15,0,7.811991494513845e-06,1.0
0000882291,AEMD,2009-01-16,0,7.811991494513845e-06,1.0
0000882291,AEMD,2009-01-19,0,7.811991494513845e-06,1.0
0000882291,AEMD,2009-01-20,0,7.481410489125795e-06,1.0
0000882291,AEMD,2009-01-21,0,7.481410489125795e-06,1.0
0000882291,AEMD,2009-01-22,0,7.481410489125795e-06,1.0
0000882291,AEMD,2009-01-23,0,7.481410489125795e-06,1.0
0000882291,AEMD,2009-01-26,0,7.481410489125795e-06,1.0
0000882291,AEMD,2009-01-27,0,7.481410489125795e-06,1.0
0000882291,AEMD,2009-01-28,0,7.481410489125795e-06,1.0
0000882291,AEMD,2009-01-29,0,7.481410489125795e-06,1.0
0000882291,AEMD,2009-01-30,0,7.481410489125795e-06,1.0
0000882291,AEMD,2009-02-02,0,7.746741362923442e-06,1.0
0000882291,AEMD,2009-02-03,0,7.746741362923442e-06,1.0
0000882291,AEMD,2009-02-04,0,7.746741362923442e-06,1.0
0000882291,AEMD,2009-02-05,0,7.746741362923442e-06,1.0
0000882291,AEMD,2009-02-06,0,7.746741362923442e-06,1.0
0000882291,AEMD,2009-02-09,0,7.791838440476355e-06,1.0
0000882291,AEMD,2009-02-10,0,7.610449508165287e-06,1.0
0000882291,AEMD,2009-02-11,0,7.610449508165287e-06,1.0
0000882291,AEMD,2009-02-12,0,7.610449508165287e-06,1.0
0000882291,AEMD,2009-02-13,0,7.610449508165287e-06,1.0
0000882291,AEMD,2009-02-16,0,7.610449508165287e-06,1.0
0000882291,AEMD,2009-02-17,0,7.933754679535122e-06,1.0
0000882291,AEMD,2009-02-18,0,7.933754679535122e-06,1.0
0000882291,AEMD,2009-02-19,0,6.952633611658945e-06,1.0
0000882291,AEMD,2009-02-20,0,6.952633611658945e-06,1.0
0000882291,AEMD,2009-02-23,0,6.952633611658945e-06,1.0
0000882291,AEMD,2009-02-24,0,6.952633611658945e-06,1.0
0000882291,AEMD,2009-02-25,0,6.952633611658945e-06,1.0
0000882291,AEMD,2009-02-26,0,6.952633611658945e-06,1.0
0000882291,AEMD,2009-02-27,0,6.952633611658945e-06,1.0
0000882291,AEMD,2009-03-02,0,6.952633611658945e-06,1.0
0000882291,AEMD,2009-03-03,0,6.952633611658945e-06,1.0
0000882291,AEMD,2009-03-04,0,6.952633611658945e-06,1.0
0000882291,AEMD,2009-03-05,0,6.952633611658945e-06,1.0
0000882291,AEMD,2009-03-06,0,6.952633611658945e-06,1.0
0000882291,AEMD,2009-03-09,0,6.952633611658945e-06,1.0
0000882291,AEMD,2009-03-10,0,6.952633611658945e-06,1.0
0000882291,AEMD,2009-03-11,0,6.952633611658945e-06,1.0
0000882291,AEMD,2009-03-12,0,6.952633611658945e-06,1.0
0000882291,AEMD,2009-03-13,0,6.952633611658945e-06,1.0
0000882291,AEMD,2009-03-16,0,6.952633611658945e-06,1.0
0000882291,AEMD,2009-03-17,0,6.952633611658945e-06,1.0
0000882291,AEMD,2009-03-18,0,6.952633611658945e-06,1.0
0000882291,AEMD,2009-03-19,0,6.952633611658945e-06,1.0
0000882291,AEMD,2009-03-20,0,6.161289193251645e-06,1.0
0000882291,AEMD,2009-03-23,0,6.161289193251645e-06,1.0
0000882291,AEMD,2009-03-24,0,6.161289193251645e-06,1.0
0000882291,AEMD,2009-03-25,0,6.161289193251645e-06,1.0
0000882291,AEMD,2009-03-26,0,6.161289193251645e-06,1.0
0000882291,AEMD,2009-03-27,0,6.161289193251645e-06,1.0
0000882291,AEMD,2009-03-30,0,6.518126308530529e-06,1.0
0000882291,AEMD,2009-03-31,0,6.518126308530529e-06,1.0
0000882291,AEMD,2009-04-01,0,6.518126308530529e-06,1.0
0000882291,AEMD,2009-04-02,0,6.518126308530529e-06,1.0
0000882291,AEMD,2009-04-03,0,6.913306614943064e-06,1.0
0000882291,AEMD,2009-04-06,0,6.913306614943064e-06,1.0
0000882291,AEMD,2009-04-07,0,6.913306614943064e-06,1.0
0000882291,AEMD,2009-04-08,0,6.913306614943064e-06,1.0
0000882291,AEMD,2009-04-09,0,6.913306614943064e-06,1.0
0000882291,AEMD,2009-04-10,0,6.913306614943064e-06,1.0
0000882291,AEMD,2009-04-13,0,6.913306614943064e-06,1.0
0000882291,AEMD,2009-04-14,0,6.913306614943064e-06,1.0
0000882291,AEMD,2009-04-15,0,6.913306614943064e-06,1.0
0000882291,AEMD,2009-04-16,0,6.913306614943064e-06,1.0
0000882291,AEMD,2009-04-17,0,6.913306614943064e-06,1.0
0000882291,AEMD,2009-04-20,0,6.913306614943064e-06,1.0
0000882291,AEMD,2009-04-21,0,7.862153954550597e-06,1.0
0000882291,AEMD,2009-04-22,0,7.862153954550597e-06,1.0
0000882291,AEMD,2009-04-23,0,7.862153954550597e-06,1.0
0000882291,AEMD,2009-04-24,0,7.862153954550597e-06,1.0
0000882291,AEMD,2009-04-27,0,7.862153954550597e-06,1.0
0000882291,AEMD,2009-04-28,0,7.862153954550597e-06,1.0
0000882291,AEMD,2009-04-29,0,7.862153954550597e-06,1.0
0000882291,AEMD,2009-04-30,0,7.862153954550597e-06,1.0
0000882291,AEMD,2009-05-01,0,7.862153954550597e-06,1.0
0000882291,AEMD,2009-05-04,0,7.862153954550597e-06,1.0
0000882291,AEMD,2009-05-05,0,7.862153954550597e-06,1.0
0000882291,AEMD,2009-05-06,0,7.862153954550597e-06,1.0
0000882291,AEMD,2009-05-07,0,7.862153954550597e-06,1.0
0000882291,AEMD,2009-05-08,0,7.862153954550597e-06,1.0
0000882291,AEMD,2009-05-11,0,7.862153954550597e-06,1.0
0000882291,AEMD,2009-05-12,0,7.862153954550597e-06,1.0
0000882291,AEMD,2009-05-13,0,7.862153954550597e-06,1.0
0000882291,AEMD,2009-05-14,0,7.862153954550597e-06,1.0
0000882291,AEMD,2009-05-15,0,7.862153954550597e-06,1.0
0000882291,AEMD,2009-05-18,0,7.862153954550597e-06,1.0
0000882291,AEMD,2009-05-19,0,1.0863175312814397e-05,1.0
0000882291,AEMD,2009-05-20,0,1.0863175312814397e-05,1.0
0000882291,AEMD,2009-05-21,0,1.0863175312814397e-05,1.0
0000882291,AEMD,2009-05-22,0,1.0863175312814397e-05,1.0
0000882291,AEMD,2009-05-25,0,1.0863175312814397e-05,1.0
0000882291,AEMD,2009-05-26,0,1.0863175312814397e-05,1.0
0000882291,AEMD,2009-05-27,0,1.0863175312814397e-05,1.0
0000882291,AEMD,2009-05-28,0,1.0863175312814397e-05,1.0
0000882291,AEMD,2009-05-29,0,1.0863175312814397e-05,1.0
0000882291,AEMD,2009-06-01,0,1.0863175312814397e-05,1.0
0000882291,AEMD,2009-06-02,0,1.0863175312814397e-05,1.0
0000882291,AEMD,2009-06-03,0,1.0863175312814397e-05,1.0
0000882291,AEMD,2009-06-04,0,1.0863175312814397e-05,1.0
0000882291,AEMD,2009-06-05,0,1.0863175312814397e-05,1.0
0000882291,AEMD,2009-06-08,0,1.0863175312814397e-05,1.0
0000882291,AEMD,2009-06-09,0,1.0863175312814397e-05,1.0
0000882291,AEMD,2009-06-10,0,1.0863175312814397e-05,1.0
0000882291,AEMD,2009-06-11,0,1.0863175312814397e-05,1.0
0000882291,AEMD,2009-06-12,0,1.0863175312814397e-05,1.0
0000882291,AEMD,2009-06-15,0,1.0863175312814397e-05,1.0
0000882291,AEMD,2009-06-16,0,1.0863175312814397e-05,1.0
0000882291,AEMD,2009-06-17,0,1.0863175312814397e-05,1.0
0000882291,AEMD,2009-06-18,0,1.0863175312814397e-05,1.0
0000882291,AEMD,2009-06-19,0,1.0863175312814397e-05,1.0
0000882291,AEMD,2009-06-22,0,1.0863175312814397e-05,1.0
0000882291,AEMD,2009-06-23,0,1.0863175312814397e-05,1.0
0000882291,AEMD,2009-06-24,0,1.0863175312814397e-05,1.0
0000882291,AEMD,2009-06-25,0,1.0863175312814397e-05,1.0
0000882291,AEMD,2009-06-26,0,1.0863175312814397e-05,1.0
0000882291,AEMD,2009-06-29,0,1.0863175312814397e-05,1.0
0000882291,AEMD,2009-06-30,0,1.0863175312814397e-05,1.0
0000882291,AEMD,2009-07-01,0,1.0863175312814397e-05,1.0
0000882291,AEMD,2009-07-02,0,4.106293796456831e-06,1.0
0000882291,AEMD,2009-07-03,0,4.106293796456831e-06,1.0
0000882291,AEMD,2009-07-06,0,4.106293796456831e-06,1.0
0000882291,AEMD,2009-07-07,0,4.106293796456831e-06,1.0
0000882291,AEMD,2009-07-08,0,4.106293796456831e-06,1.0
0000882291,AEMD,2009-07-09,0,4.106293796456831e-06,1.0
0000882291,AEMD,2009-07-10,0,4.106293796456831e-06,1.0
0000882291,AEMD,2009-07-13,0,4.106293796456831e-06,1.0
0000882291,AEMD,2009-07-14,0,4.106293796456831e-06,1.0
0000882291,AEMD,2009-07-15,0,4.106293796456831e-06,1.0
0000882291,AEMD,2009-07-16,0,4.106293796456831e-06,1.0
0000882291,AEMD,2009-07-17,0,4.106293796456831e-06,1.0
0000882291,AEMD,2009-07-20,0,4.127936533555945e-06,1.0
0000882291,AEMD,2009-07-21,0,4.127936533555945e-06,1.0
0000882291,AEMD,2009-07-22,0,4.127936533555945e-06,1.0
0000882291,AEMD,2009-07-23,0,4.127936533555945e-06,1.0
0000882291,AEMD,2009-07-24,0,4.127936533555945e-06,1.0
0000882291,AEMD,2009-07-27,0,2.141095143259615e-06,1.0
0000882291,AEMD,2009-07-28,0,2.141095143259615e-06,1.0
0000882291,AEMD,2009-07-29,0,2.141095143259615e-06,1.0
0000882291,AEMD,2009-07-30,0,2.141095143259615e-06,1.0
0000882291,AEMD,2009-07-31,0,2.141095143259615e-06,1.0
0000882291,AEMD,2009-08-03,0,1.3351018897628928e-06,1.0
0000882291,AEMD,2009-08-04,0,2.5274721519817473e-08,1.0
0000882291,AEMD,2009-08-05,0,2.5274721519817473e-08,1.0
0000882291,AEMD,2009-08-06,0,2.5274721519817473e-08,1.0
0000882291,AEMD,2009-08-07,0,2.5274721519817473e-08,1.0
0000882291,AEMD,2009-08-10,0,2.5274721519817473e-08,1.0
0000882291,AEMD,2009-08-11,0,2.5274721519817473e-08,1.0
0000882291,AEMD,2009-08-12,0,2.5274721519817473e-08,1.0
0000882291,AEMD,2009-08-13,0,2.5274721519817473e-08,1.0
0000882291,AEMD,2009-08-14,0,2.690845399162001e-08,1.0
0000882291,AEMD,2009-08-17,0,2.635412118999955e-08,1.0
0000882291,AEMD,2009-08-18,0,2.635412118999955e-08,1.0
0000882291,AEMD,2009-08-19,0,2.635412118999955e-08,1.0
0000882291,AEMD,2009-08-20,0,2.635412118999955e-08,1.0
0000882291,AEMD,2009-08-21,0,2.635412118999955e-08,1.0
0000882291,AEMD,2009-08-24,0,2.635412118999955e-08,1.0
0000882291,AEMD,2009-08-25,0,2.635412118999955e-08,1.0
0000882291,AEMD,2009-08-26,0,1.0619469737013027e-08,1.0
0000882291,AEMD,2009-08-27,0,1.0619469737013027e-08,1.0
0000882291,AEMD,2009-08-28,0,1.0619469737013027e-08,1.0
0000882291,AEMD,2009-08-31,0,1.0619469737013027e-08,1.0
0000882291,AEMD,2009-09-01,0,1.0619469737013027e-08,1.0
0000882291,AEMD,2009-09-02,0,1.0619469737013027e-08,1.0
0000882291,AEMD,2009-09-03,0,4.99820246753882e-08,1.0
0000882291,AEMD,2009-09-04,0,4.99820246753882e-08,1.0
0000882291,AEMD,2009-09-07,0,4.99820246753882e-08,1.0
0000882291,AEMD,2009-09-08,0,4.99820246753882e-08,1.0
0000882291,AEMD,2009-09-09,0,4.99820246753882e-08,1.0
0000882291,AEMD,2009-09-10,0,4.99820246753882e-08,1.0
0000882291,AEMD,2009-09-11,0,4.99820246753882e-08,1.0
0000882291,AEMD,2009-09-14,0,3.483688968192932e-08,1.0
0000882291,AEMD,2009-09-15,0,3.483688968192932e-08,1.0
0000882291,AEMD,2009-09-16,0,3.483688968192932e-08,1.0
0000882291,AEMD,2009-09-17,0,3.483688968192932e-08,1.0
0000882291,AEMD,2009-09-18,0,3.483688968192932e-08,1.0
0000882291,AEMD,2009-09-21,0,3.483688968192932e-08,1.0
0000882291,AEMD,2009-09-22,0,3.483688968192932e-08,1.0
0000882291,AEMD,2009-09-23,0,3.483688968192932e-08,1.0
0000882291,AEMD,2009-09-24,0,3.483688968192932e-08,1.0
0000882291,AEMD,2009-09-25,0,2.835749853923484e-08,1.0
0000882291,AEMD,2009-09-28,0,2.835749853923484e-08,1.0
0000882291,AEMD,2009-09-29,0,2.835749853923484e-08,1.0
0000882291,AEMD,2009-09-30,0,2.285300729722947e-07,1.0
0000882291,AEMD,2009-10-01,0,1.785774498640305e-07,1.0
0000882291,AEMD,2009-10-02,0,1.785774498640305e-07,1.0
0000882291,AEMD,2009-10-05,0,1.785774498640305e-07,1.0
0000882291,AEMD,2009-10-06,0,1.785774498640305e-07,1.0
0000882291,AEMD,2009-10-07,0,1.785774498640305e-07,1.0
0000882291,AEMD,2009-10-08,0,1.785774498640305e-07,1.0
0000882291,AEMD,2009-10-09,0,1.785774498640305e-07,1.0
0000882291,AEMD,2009-10-12,0,1.785774498640305e-07,1.0
0000882291,AEMD,2009-10-13,0,1.785774498640305e-07,1.0
0000882291,AEMD,2009-10-14,0,1.785774498640305e-07,1.0
0000882291,AEMD,2009-10-15,0,1.785774498640305e-07,1.0
0000882291,AEMD,2009-10-16,0,1.785774498640305e-07,1.0
0000882291,AEMD,2009-10-19,0,1.785774498640305e-07,1.0
0000882291,AEMD,2009-10-20,0,1.785774498640305e-07,1.0
0000882291,AEMD,2009-10-21,0,1.785774498640305e-07,1.0
0000882291,AEMD,2009-10-22,0,1.785774498640305e-07,1.0
0000882291,AEMD,2009-10-23,0,1.785774498640305e-07,1.0
0000882291,AEMD,2009-10-26,0,8.92270790483695e-07,1.0
0000882291,AEMD,2009-10-27,0,8.92270790483695e-07,1.0
0000882291,AEMD,2009-10-28,0,8.92270790483695e-07,1.0
0000882291,AEMD,2009-10-29,0,8.92270790483695e-07,1.0
0000882291,AEMD,2009-10-30,0,8.92270790483695e-07,1.0
0000882291,AEMD,2009-11-02,0,4.462665651517176e-06,1.0
0000882291,AEMD,2009-11-03,0,4.462665651517176e-06,1.0
0000882291,AEMD,2009-11-04,0,4.462665651517176e-06,1.0
0000882291,AEMD,2009-11-05,0,4.462665651517176e-06,1.0
0000882291,AEMD,2009-11-06,0,4.462665651517176e-06,1.0
0000882291,AEMD,2009-11-09,0,4.462665651517176e-06,1.0
0000882291,AEMD,2009-11-10,0,4.462665651517176e-06,1.0
0000882291,AEMD,2009-11-11,0,4.462665651517176e-06,1.0
0000882291,AEMD,2009-11-12,0,6.2086133836576526e-06,1.0
0000882291,AEMD,2009-11-13,0,6.2086133836576526e-06,1.0
0000882291,AEMD,2009-11-16,0,6.2086133836576526e-06,1.0
0000882291,AEMD,2009-11-17,0,6.186658187458744e-06,1.0
0000882291,AEMD,2009-11-18,0,6.186658187458744e-06,1.0
0000882291,AEMD,2009-11-19,0,6.186658187458744e-06,1.0
0000882291,AEMD,2009-11-20,0,6.186658187458744e-06,1.0
0000882291,AEMD,2009-11-23,0,6.186658187458744e-06,1.0
0000882291,AEMD,2009-11-24,0,6.681432289409096e-06,1.0
0000882291,AEMD,2009-11-25,0,6.681432289409096e-06,1.0
0000882291,AEMD,2009-11-26,0,6.681432289409096e-06,1.0
0000882291,AEMD,2009-11-27,0,6.681432289409096e-06,1.0
0000882291,AEMD,2009-11-30,0,6.681432289409096e-06,1.0
0000882291,AEMD,2009-12-01,0,6.681432289409096e-06,1.0
0000882291,AEMD,2009-12-02,0,6.681432289409096e-06,1.0
0000882291,AEMD,2009-12-03,0,6.681432289409096e-06,1.0
0000882291,AEMD,2009-12-04,0,6.681432289409096e-06,1.0
0000882291,AEMD,2009-12-07,0,6.681432289409096e-06,1.0
0000882291,AEMD,2009-12-08,0,6.681432289409096e-06,1.0
0000882291,AEMD,2009-12-09,0,6.681432289409096e-06,1.0
0000882291,AEMD,2009-12-10,0,6.681432289409096e-06,1.0
0000882291,AEMD,2009-12-11,0,6.681432289409096e-06,1.0
0000882291,AEMD,2009-12-14,0,6.681432289409096e-06,1.0
0000882291,AEMD,2009-12-15,0,6.681432289409096e-06,1.0
0000882291,AEMD,2009-12-16,0,6.681432289409096e-06,1.0
0000882291,AEMD,2009-12-17,0,4.084060707983023e-06,1.0
0000882291,AEMD,2009-12-18,0,4.084060707983023e-06,1.0
0000882291,AEMD,2009-12-21,0,4.084060707983023e-06,1.0
0000882291,AEMD,2009-12-22,0,4.084060707983023e-06,1.0
0000882291,AEMD,2009-12-23,0,4.084060707983023e-06,1.0
0000882291,AEMD,2009-12-24,0,4.084060707983023e-06,1.0
0000882291,AEMD,2009-12-25,0,4.084060707983023e-06,1.0
0000882291,AEMD,2009-12-28,0,4.084060707983023e-06,1.0
0000882291,AEMD,2009-12-29,0,3.7479644702542903e-06,1.0
0000882291,AEMD,2009-12-30,0,3.7479644702542903e-06,1.0
0000882291,AEMD,2009-12-31,0,3.7479644702542903e-06,1.0
0000882291,AEMD,2010-01-01,0,3.7479644702542903e-06,1.0
0000882291,AEMD,2010-01-04,0,3.7479644702542903e-06,1.0
0000882291,AEMD,2010-01-05,0,3.7479644702542903e-06,1.0
0000882291,AEMD,2010-01-06,0,3.7479644702542903e-06,1.0
0000882291,AEMD,2010-01-07,0,3.7479644702542903e-06,1.0
0000882291,AEMD,2010-01-08,0,3.7479644702542903e-06,1.0
0000882291,AEMD,2010-01-11,0,3.7479644702542903e-06,1.0
0000882291,AEMD,2010-01-12,0,3.7479644702542903e-06,1.0
0000882291,AEMD,2010-01-13,0,3.7479644702542903e-06,1.0
0000882291,AEMD,2010-01-14,0,3.7479644702542903e-06,1.0
0000882291,AEMD,2010-01-15,0,3.7479644702542903e-06,1.0
0000882291,AEMD,2010-01-18,0,3.7479644702542903e-06,1.0
0000882291,AEMD,2010-01-19,0,3.7479644702542903e-06,1.0
0000882291,AEMD,2010-01-20,0,3.7479644702542903e-06,1.0
0000882291,AEMD,2010-01-21,0,3.7479644702542903e-06,1.0
0000882291,AEMD,2010-01-22,0,3.7479644702542903e-06,1.0
0000882291,AEMD,2010-01-25,0,3.2106016839012398e-06,1.0
0000882291,AEMD,2010-01-26,0,3.2106016839012398e-06,1.0
0000882291,AEMD,2010-01-27,0,3.2106016839012398e-06,1.0
0000882291,AEMD,2010-01-28,0,3.2106016839012398e-06,1.0
0000882291,AEMD,2010-01-29,0,3.2106016839012398e-06,1.0
0000882291,AEMD,2010-02-01,0,5.0033167422339005e-06,1.0
0000882291,AEMD,2010-02-02,0,5.0033167422339005e-06,1.0
0000882291,AEMD,2010-02-03,0,5.0033167422339005e-06,1.0
0000882291,AEMD,2010-02-04,0,5.0033167422339005e-06,1.0
0000882291,AEMD,2010-02-05,0,5.0033167422339005e-06,1.0
0000882291,AEMD,2010-02-08,0,5.0033167422339005e-06,1.0
0000882291,AEMD,2010-02-09,0,5.0033167422339005e-06,1.0
0000882291,AEMD,2010-02-10,0,4.871763857087273e-06,1.0
0000882291,AEMD,2010-02-11,0,4.871763857087273e-06,1.0
0000882291,AEMD,2010-02-12,0,4.871763857087273e-06,1.0
0000882291,AEMD,2010-02-15,0,9.419979302458302e-06,1.0
0000882291,AEMD,2010-02-16,0,9.419979302458302e-06,1.0
0000882291,AEMD,2010-02-17,0,1.1395949494522096e-05,1.0
0000882291,AEMD,2010-02-18,0,1.1395949494522096e-05,1.0
0000882291,AEMD,2010-02-19,0,1.1395949494522096e-05,1.0
0000882291,AEMD,2010-02-22,0,1.1462289921770061e-05,1.0
0000882291,AEMD,2010-02-23,0,1.1462289921770061e-05,1.0
0000882291,AEMD,2010-02-24,0,1.1462289921770061e-05,1.0
0000882291,AEMD,2010-02-25,0,1.1462289921770061e-05,1.0
0000882291,AEMD,2010-02-26,0,1.1462289921770061e-05,1.0
0000882291,AEMD,2010-03-01,0,1.1462289921770061e-05,1.0
0000882291,AEMD,2010-03-02,0,1.1462289921770061e-05,1.0
0000882291,AEMD,2010-03-03,0,1.1462289921770061e-05,1.0
0000882291,AEMD,2010-03-04,0,1.1462289921770061e-05,1.0
0000882291,AEMD,2010-03-05,0,1.1462289921770061e-05,1.0
0000882291,AEMD,2010-03-08,0,1.1462289921770061e-05,1.0
0000882291,AEMD,2010-03-09,0,1.1462289921770061e-05,1.0
0000882291,AEMD,2010-03-10,0,1.1462289921770061e-05,1.0
0000882291,AEMD,2010-03-11,0,1.1462289921770061e-05,1.0
0000882291,AEMD,2010-03-12,0,1.1462289921770061e-05,1.0
0000882291,AEMD,2010-03-15,0,1.1462289921770061e-05,1.0
0000882291,AEMD,2010-03-16,0,1.1462289921770061e-05,1.0
0000882291,AEMD,2010-03-17,0,1.1462289921770061e-05,1.0
0000882291,AEMD,2010-03-18,0,1.1462289921770061e-05,1.0
0000882291,AEMD,2010-03-19,0,1.1462289921770061e-05,1.0
0000882291,AEMD,2010-03-22,0,6.007092891884606e-06,1.0
0000882291,AEMD,2010-03-23,0,6.007092891884606e-06,1.0
0000882291,AEMD,2010-03-24,0,6.007092891884606e-06,1.0
0000882291,AEMD,2010-03-25,0,6.007092891884606e-06,1.0
0000882291,AEMD,2010-03-26,0,6.007092891884606e-06,1.0
0000882291,AEMD,2010-03-29,0,6.007092891884606e-06,1.0
0000882291,AEMD,2010-03-30,0,6.007092891884606e-06,1.0
0000882291,AEMD,2010-03-31,0,6.007092891884606e-06,1.0
0000882291,AEMD,2010-04-01,0,6.007092891884606e-06,1.0
0000882291,AEMD,2010-04-02,0,6.007092891884606e-06,1.0
0000882291,AEMD,2010-04-05,0,6.007092891884606e-06,1.0
0000882291,AEMD,2010-04-06,0,6.007092891884606e-06,1.0
0000882291,AEMD,2010-04-07,0,6.007092891884606e-06,1.0
0000882291,AEMD,2010-04-08,0,6.007092891884606e-06,1.0
0000882291,AEMD,2010-04-09,0,6.007092891884606e-06,1.0
0000882291,AEMD,2010-04-12,0,6.007092891884606e-06,1.0
0000882291,AEMD,2010-04-13,0,6.007092891884606e-06,1.0
0000882291,AEMD,2010-04-14,0,6.007092891884606e-06,1.0
0000882291,AEMD,2010-04-15,0,6.007092891884606e-06,1.0
0000882291,AEMD,2010-04-16,0,6.007092891884606e-06,1.0
0000882291,AEMD,2010-04-19,0,6.007092891884606e-06,1.0
0000882291,AEMD,2010-04-20,0,6.007092891884606e-06,1.0
0000882291,AEMD,2010-04-21,0,6.007092891884606e-06,1.0
0000882291,AEMD,2010-04-22,0,6.007092891884606e-06,1.0
0000882291,AEMD,2010-04-23,0,6.007092891884606e-06,1.0
0000882291,AEMD,2010-04-26,0,6.007092891884606e-06,1.0
0000882291,AEMD,2010-04-27,0,6.007092891884606e-06,1.0
0000882291,AEMD,2010-04-28,0,6.007092891884606e-06,1.0
0000882291,AEMD,2010-04-29,0,6.007092891884606e-06,1.0
0000882291,AEMD,2010-04-30,0,6.007092891884606e-06,1.0
0000882291,AEMD,2010-05-03,0,6.007092891884606e-06,1.0
0000882291,AEMD,2010-05-04,0,6.007092891884606e-06,1.0
0000882291,AEMD,2010-05-05,0,6.007092891884606e-06,1.0
0000882291,AEMD,2010-05-06,0,6.007092891884606e-06,1.0
0000882291,AEMD,2010-05-07,0,6.007092891884606e-06,1.0
0000882291,AEMD,2010-05-10,0,6.007092891884606e-06,1.0
0000882291,AEMD,2010-05-11,0,6.007092891884606e-06,1.0
0000882291,AEMD,2010-05-12,0,6.007092891884606e-06,1.0
0000882291,AEMD,2010-05-13,0,6.007092891884606e-06,1.0
0000882291,AEMD,2010-05-14,0,6.007092891884606e-06,1.0
0000882291,AEMD,2010-05-17,0,5.984587766672482e-06,1.0
0000882291,AEMD,2010-05-18,0,5.984587766672482e-06,1.0
0000882291,AEMD,2010-05-19,0,9.829856436099323e-06,1.0
0000882291,AEMD,2010-05-20,0,9.829856436099323e-06,1.0
0000882291,AEMD,2010-05-21,0,9.829856436099323e-06,1.0
0000882291,AEMD,2010-05-24,0,9.829856436099323e-06,1.0
0000882291,AEMD,2010-05-25,0,9.829856436099323e-06,1.0
0000882291,AEMD,2010-05-26,0,9.829856436099323e-06,1.0
0000882291,AEMD,2010-05-27,0,9.829856436099323e-06,1.0
0000882291,AEMD,2010-05-28,0,9.829856436099323e-06,1.0
0000882291,AEMD,2010-05-31,0,9.829856436099323e-06,1.0
0000882291,AEMD,2010-06-01,0,9.829856436099323e-06,1.0
0000882291,AEMD,2010-06-02,0,9.829856436099323e-06,1.0
0000882291,AEMD,2010-06-03,0,9.829856436099323e-06,1.0
0000882291,AEMD,2010-06-04,0,9.829856436099323e-06,1.0
0000882291,AEMD,2010-06-07,0,9.829856436099323e-06,1.0
0000882291,AEMD,2010-06-08,0,9.829856436099323e-06,1.0
0000882291,AEMD,2010-06-09,0,9.829856436099323e-06,1.0
0000882291,AEMD,2010-06-10,0,9.829856436099323e-06,1.0
0000882291,AEMD,2010-06-11,0,9.829856436099323e-06,1.0
0000882291,AEMD,2010-06-14,0,9.829856436099323e-06,1.0
0000882291,AEMD,2010-06-15,0,9.829856436099323e-06,1.0
0000882291,AEMD,2010-06-16,0,9.829856436099323e-06,1.0
0000882291,AEMD,2010-06-17,0,9.829856436099323e-06,1.0
0000882291,AEMD,2010-06-18,0,9.829856436099323e-06,1.0
0000882291,AEMD,2010-06-21,0,9.829856436099323e-06,1.0
0000882291,AEMD,2010-06-22,0,9.829856436099323e-06,1.0
0000882291,AEMD,2010-06-23,0,9.829856436099323e-06,1.0
0000882291,AEMD,2010-06-24,0,9.829856436099323e-06,1.0
0000882291,AEMD,2010-06-25,0,9.829856436099323e-06,1.0
0000882291,AEMD,2010-06-28,0,9.829856436099323e-06,1.0
0000882291,AEMD,2010-06-29,0,9.829856436099323e-06,1.0
0000882291,AEMD,2010-06-30,0,9.829856436099323e-06,1.0
0000882291,AEMD,2010-07-01,0,9.829856436099323e-06,1.0
0000882291,AEMD,2010-07-02,0,3.6716171393014922e-06,1.0
0000882291,AEMD,2010-07-05,0,3.6716171393014922e-06,1.0
0000882291,AEMD,2010-07-06,0,3.6716171393014922e-06,1.0
0000882291,AEMD,2010-07-07,0,3.6716171393014922e-06,1.0
0000882291,AEMD,2010-07-08,0,3.6716171393014922e-06,1.0
0000882291,AEMD,2010-07-09,0,3.6716171393014922e-06,1.0
0000882291,AEMD,2010-07-12,0,3.6716171393014922e-06,1.0
0000882291,AEMD,2010-07-13,0,3.6716171393014922e-06,1.0
0000882291,AEMD,2010-07-14,0,3.6716171393014922e-06,1.0
0000882291,AEMD,2010-07-15,0,3.6716171393014922e-06,1.0
0000882291,AEMD,2010-07-16,0,3.6716171393014922e-06,1.0
0000882291,AEMD,2010-07-19,0,2.7885397821261297e-06,1.0
0000882291,AEMD,2010-07-20,0,2.7885397821261297e-06,1.0
0000882291,AEMD,2010-07-21,0,2.7885397821261297e-06,1.0
0000882291,AEMD,2010-07-22,0,2.7885397821261297e-06,1.0
0000882291,AEMD,2010-07-23,0,2.7885397821261297e-06,1.0
0000882291,AEMD,2010-07-26,0,2.7885397821261297e-06,1.0
0000882291,AEMD,2010-07-27,0,2.7885397821261297e-06,1.0
0000882291,AEMD,2010-07-28,0,2.7885397821261297e-06,1.0
0000882291,AEMD,2010-07-29,0,2.7885397821261297e-06,1.0
0000882291,AEMD,2010-07-30,0,2.7885397821261297e-06,1.0
0000882291,AEMD,2010-08-02,0,1.2014580081803617e-06,1.0
0000882291,AEMD,2010-08-03,0,1.2014580081803617e-06,1.0
0000882291,AEMD,2010-08-04,0,1.2014580081803617e-06,1.0
0000882291,AEMD,2010-08-05,0,1.2014580081803617e-06,1.0
0000882291,AEMD,2010-08-06,0,1.2014580081803617e-06,1.0
0000882291,AEMD,2010-08-09,0,1.2014580081803617e-06,1.0
0000882291,AEMD,2010-08-10,0,1.2014580081803617e-06,1.0
0000882291,AEMD,2010-08-11,0,1.2014580081803617e-06,1.0
0000882291,AEMD,2010-08-12,0,1.2014580081803617e-06,1.0
0000882291,AEMD,2010-08-13,0,1.2014580081803617e-06,1.0
0000882291,AEMD,2010-08-16,0,1.2014580081803617e-06,1.0
0000882291,AEMD,2010-08-17,0,7.941260964537284e-07,1.0
0000882291,AEMD,2010-08-18,0,8.341662492219105e-07,1.0
0000882291,AEMD,2010-08-19,0,8.341662492219105e-07,1.0
0000882291,AEMD,2010-08-20,0,8.341662492219105e-07,1.0
0000882291,AEMD,2010-08-23,0,8.341662492219105e-07,1.0
0000882291,AEMD,2010-08-24,0,8.341662492219105e-07,1.0
0000882291,AEMD,2010-08-25,0,8.341662492219105e-07,1.0
0000882291,AEMD,2010-08-26,0,8.341662492219105e-07,1.0
0000882291,AEMD,2010-08-27,0,8.341662492219105e-07,1.0
0000882291,AEMD,2010-08-30,0,8.341662492219105e-07,1.0
0000882291,AEMD,2010-08-31,0,8.341662492219105e-07,1.0
0000882291,AEMD,2010-09-01,0,8.341662492219105e-07,1.0
0000882291,AEMD,2010-09-02,0,8.341662492219105e-07,1.0
0000882291,AEMD,2010-09-03,0,7.47550185637307e-07,1.0
0000882291,AEMD,2010-09-06,0,7.47550185637307e-07,1.0
0000882291,AEMD,2010-09-07,0,7.47550185637307e-07,1.0
0000882291,AEMD,2010-09-08,0,7.47550185637307e-07,1.0
0000882291,AEMD,2010-09-09,0,7.47550185637307e-07,1.0
0000882291,AEMD,2010-09-10,0,7.47550185637307e-07,1.0
0000882291,AEMD,2010-09-13,0,7.47550185637307e-07,1.0
0000882291,AEMD,2010-09-14,0,7.47550185637307e-07,1.0
0000882291,AEMD,2010-09-15,0,7.47550185637307e-07,1.0
0000882291,AEMD,2010-09-16,0,7.637500007320245e-07,1.0
0000882291,AEMD,2010-09-17,0,7.637500007320245e-07,1.0
0000882291,AEMD,2010-09-20,0,7.637500007320245e-07,1.0
0000882291,AEMD,2010-09-21,0,7.637500007320245e-07,1.0
0000882291,AEMD,2010-09-22,0,7.637500007320245e-07,1.0
0000882291,AEMD,2010-09-23,0,7.637500007320245e-07,1.0
0000882291,AEMD,2010-09-24,0,7.637500007320245e-07,1.0
0000882291,AEMD,2010-09-27,0,7.637500007320245e-07,1.0
0000882291,AEMD,2010-09-28,0,7.637500007320245e-07,1.0
0000882291,AEMD,2010-09-29,0,7.637500007320245e-07,1.0
0000882291,AEMD,2010-09-30,0,5.021077770493531e-06,1.0
0000882291,AEMD,2010-10-01,0,4.999551954332635e-06,1.0
0000882291,AEMD,2010-10-04,0,4.391870488129168e-06,1.0
0000882291,AEMD,2010-10-05,0,4.391870488129168e-06,1.0
0000882291,AEMD,2010-10-06,0,4.391870488129168e-06,1.0
0000882291,AEMD,2010-10-07,0,4.391870488129168e-06,1.0
0000882291,AEMD,2010-10-08,0,4.391870488129168e-06,1.0
0000882291,AEMD,2010-10-11,0,4.391870488129168e-06,1.0
0000882291,AEMD,2010-10-12,0,4.391870488129168e-06,1.0
0000882291,AEMD,2010-10-13,0,4.391870488129168e-06,1.0
0000882291,AEMD,2010-10-14,0,4.391870488129168e-06,1.0
0000882291,AEMD,2010-10-15,0,4.391870488129168e-06,1.0
0000882291,AEMD,2010-10-18,0,5.473452488622475e-06,1.0
0000882291,AEMD,2010-10-19,0,5.473452488622475e-06,1.0
0000882291,AEMD,2010-10-20,0,5.473452488622475e-06,1.0
0000882291,AEMD,2010-10-21,0,5.473452488622475e-06,1.0
0000882291,AEMD,2010-10-22,0,5.473452488622475e-06,1.0
0000882291,AEMD,2010-10-25,0,5.473452488622475e-06,1.0
0000882291,AEMD,2010-10-26,0,5.473452488622475e-06,1.0
0000882291,AEMD,2010-10-27,0,5.473452488622475e-06,1.0
0000882291,AEMD,2010-10-28,0,5.473452488622475e-06,1.0
0000882291,AEMD,2010-10-29,0,5.473452488622475e-06,1.0
0000882291,AEMD,2010-11-01,0,5.071914156138375e-06,1.0
0000882291,AEMD,2010-11-02,0,5.071914156138375e-06,1.0
0000882291,AEMD,2010-11-03,0,5.071914156138375e-06,1.0
0000882291,AEMD,2010-11-04,0,5.071914156138375e-06,1.0
0000882291,AEMD,2010-11-05,0,5.071914156138375e-06,1.0
0000882291,AEMD,2010-11-08,0,5.071914156138375e-06,1.0
0000882291,AEMD,2010-11-09,0,5.071914156138375e-06,1.0
0000882291,AEMD,2010-11-10,0,5.071914156138375e-06,1.0
0000882291,AEMD,2010-11-11,0,5.071914156138375e-06,1.0
0000882291,AEMD,2010-11-12,0,5.071914156138375e-06,1.0
0000882291,AEMD,2010-11-15,0,7.2605579151842385e-06,1.0
0000882291,AEMD,2010-11-16,0,6.117622157863592e-06,1.0
0000882291,AEMD,2010-11-17,0,6.117622157863592e-06,1.0
0000882291,AEMD,2010-11-18,0,6.117622157863592e-06,1.0
0000882291,AEMD,2010-11-19,0,6.117622157863592e-06,1.0
0000882291,AEMD,2010-11-22,0,6.117622157863592e-06,1.0
0000882291,AEMD,2010-11-23,0,6.117622157863592e-06,1.0
0000882291,AEMD,2010-11-24,0,6.117622157863592e-06,1.0
0000882291,AEMD,2010-11-25,0,6.117622157863592e-06,1.0
0000882291,AEMD,2010-11-26,0,4.902958497998912e-06,1.0
0000882291,AEMD,2010-11-29,0,4.902958497998912e-06,1.0
0000882291,AEMD,2010-11-30,0,4.902958497998912e-06,1.0
0000882291,AEMD,2010-12-01,0,4.902958497998912e-06,1.0
0000882291,AEMD,2010-12-02,0,5.263261036405997e-06,1.0
0000882291,AEMD,2010-12-03,0,5.263261036405997e-06,1.0
0000882291,AEMD,2010-12-06,0,5.263261036405997e-06,1.0
0000882291,AEMD,2010-12-07,0,5.263261036405997e-06,1.0
0000882291,AEMD,2010-12-08,0,5.263261036405997e-06,1.0
0000882291,AEMD,2010-12-09,0,5.263261036405997e-06,1.0
0000882291,AEMD,2010-12-10,0,5.263261036405997e-06,1.0
0000882291,AEMD,2010-12-13,0,5.263261036405997e-06,1.0
0000882291,AEMD,2010-12-14,0,5.263261036405997e-06,1.0
0000882291,AEMD,2010-12-15,0,5.263261036405997e-06,1.0
0000882291,AEMD,2010-12-16,0,5.3256627377894545e-06,1.0
0000882291,AEMD,2010-12-17,0,5.3256627377894545e-06,1.0
0000882291,AEMD,2010-12-20,0,5.3256627377894545e-06,1.0
0000882291,AEMD,2010-12-21,0,5.3256627377894545e-06,1.0
0000882291,AEMD,2010-12-22,0,5.3256627377894545e-06,1.0
0000882291,AEMD,2010-12-23,0,5.3256627377894545e-06,1.0
0000882291,AEMD,2010-12-24,0,5.3256627377894545e-06,1.0
0000882291,AEMD,2010-12-27,0,4.206320660017012e-06,1.0
0000882291,AEMD,2010-12-28,0,4.206320660017012e-06,1.0
0000882291,AEMD,2010-12-29,0,5.326521582202021e-06,1.0
0000882291,AEMD,2010-12-30,0,5.358712932364034e-06,1.0
0000882291,AEMD,2010-12-31,0,5.358712932364034e-06,1.0
0000882291,AEMD,2011-01-03,0,5.358712932364034e-06,1.0
0000882291,AEMD,2011-01-04,0,5.358712932364034e-06,1.0
0000882291,AEMD,2011-01-05,0,5.358712932364034e-06,1.0
0000882291,AEMD,2011-01-06,0,5.358712932364034e-06,1.0
0000882291,AEMD,2011-01-07,0,5.358712932364034e-06,1.0
0000882291,AEMD,2011-01-10,0,5.358712932364034e-06,1.0
0000882291,AEMD,2011-01-11,0,5.358712932364034e-06,1.0
0000882291,AEMD,2011-01-12,0,5.358712932364034e-06,1.0
0000882291,AEMD,2011-01-13,0,5.358712932364034e-06,1.0
0000882291,AEMD,2011-01-14,0,5.358712932364034e-06,1.0
0000882291,AEMD,2011-01-17,0,5.388717061523432e-06,1.0
0000882291,AEMD,2011-01-18,0,5.388717061523432e-06,1.0
0000882291,AEMD,2011-01-19,0,5.388717061523432e-06,1.0
0000882291,AEMD,2011-01-20,0,5.388717061523432e-06,1.0
0000882291,AEMD,2011-01-21,0,5.388717061523432e-06,1.0
0000882291,AEMD,2011-01-24,0,5.388717061523432e-06,1.0
0000882291,AEMD,2011-01-25,0,5.388717061523432e-06,1.0
0000882291,AEMD,2011-01-26,0,5.388717061523432e-06,1.0
0000882291,AEMD,2011-01-27,0,5.388717061523432e-06,1.0
0000882291,AEMD,2011-01-28,0,5.388717061523432e-06,1.0
0000882291,AEMD,2011-01-31,0,5.388717061523432e-06,1.0
0000882291,AEMD,2011-02-01,0,5.388717061523432e-06,1.0
0000882291,AEMD,2011-02-02,0,5.388717061523432e-06,1.0
0000882291,AEMD,2011-02-03,0,5.388717061523432e-06,1.0
0000882291,AEMD,2011-02-04,0,5.388717061523432e-06,1.0
0000882291,AEMD,2011-02-07,0,5.388717061523432e-06,1.0
0000882291,AEMD,2011-02-08,0,5.388717061523432e-06,1.0
0000882291,AEMD,2011-02-09,0,5.388717061523432e-06,1.0
0000882291,AEMD,2011-02-10,0,5.388717061523432e-06,1.0
0000882291,AEMD,2011-02-11,0,5.388717061523432e-06,1.0
0000882291,AEMD,2011-02-14,0,8.038425672263197e-06,1.0
0000882291,AEMD,2011-02-15,0,8.038425672263197e-06,1.0
0000882291,AEMD,2011-02-16,0,8.038425672263197e-06,1.0
0000882291,AEMD,2011-02-17,0,8.038425672263197e-06,1.0
0000882291,AEMD,2011-02-18,0,6.109463557938267e-06,1.0
0000882291,AEMD,2011-02-21,0,6.109463557938267e-06,1.0
0000882291,AEMD,2011-02-22,0,6.109463557938267e-06,1.0
0000882291,AEMD,2011-02-23,0,6.109463557938267e-06,1.0
0000882291,AEMD,2011-02-24,0,7.670725618019126e-06,1.0
0000882291,AEMD,2011-02-25,0,7.670725618019126e-06,1.0
0000882291,AEMD,2011-02-28,0,7.670725618019126e-06,1.0
0000882291,AEMD,2011-03-01,0,7.670725618019126e-06,1.0
0000882291,AEMD,2011-03-02,0,7.719607677310066e-06,1.0
0000882291,AEMD,2011-03-03,0,7.719607677310066e-06,1.0
0000882291,AEMD,2011-03-04,0,7.719607677310066e-06,1.0
0000882291,AEMD,2011-03-07,0,7.719607677310066e-06,1.0
0000882291,AEMD,2011-03-08,0,7.719607677310066e-06,1.0
0000882291,AEMD,2011-03-09,0,7.719607677310066e-06,1.0
0000882291,AEMD,2011-03-10,0,7.719607677310066e-06,1.0
0000882291,AEMD,2011-03-11,0,7.719607677310066e-06,1.0
0000882291,AEMD,2011-03-14,0,7.719607677310066e-06,1.0
0000882291,AEMD,2011-03-15,0,7.719607677310066e-06,1.0
0000882291,AEMD,2011-03-16,0,7.719607677310066e-06,1.0
0000882291,AEMD,2011-03-17,0,7.719607677310066e-06,1.0
0000882291,AEMD,2011-03-18,0,7.719607677310066e-06,1.0
0000882291,AEMD,2011-03-21,0,5.986918586142924e-06,1.0
0000882291,AEMD,2011-03-22,0,5.986918586142924e-06,1.0
0000882291,AEMD,2011-03-23,0,5.986918586142924e-06,1.0
0000882291,AEMD,2011-03-24,0,5.986918586142924e-06,1.0
0000882291,AEMD,2011-03-25,0,5.986918586142924e-06,1.0
0000882291,AEMD,2011-03-28,0,6.363442465606806e-06,1.0
0000882291,AEMD,2011-03-29,0,6.363442465606806e-06,1.0
0000882291,AEMD,2011-03-30,0,6.359957641000727e-06,1.0
0000882291,AEMD,2011-03-31,0,6.359957641000727e-06,1.0
0000882291,AEMD,2011-04-01,0,6.359957641000727e-06,1.0
0000882291,AEMD,2011-04-04,0,6.359957641000727e-06,1.0
0000882291,AEMD,2011-04-05,0,6.359957641000727e-06,1.0
0000882291,AEMD,2011-04-06,0,6.359957641000727e-06,1.0
0000882291,AEMD,2011-04-07,0,6.359957641000727e-06,1.0
0000882291,AEMD,2011-04-08,0,6.143383675429963e-06,1.0
0000882291,AEMD,2011-04-11,0,6.143383675429963e-06,1.0
0000882291,AEMD,2011-04-12,0,6.143383675429963e-06,1.0
0000882291,AEMD,2011-04-13,0,6.143383675429963e-06,1.0
0000882291,AEMD,2011-04-14,0,6.143383675429963e-06,1.0
0000882291,AEMD,2011-04-15,0,6.143383675429963e-06,1.0
0000882291,AEMD,2011-04-18,0,6.143383675429963e-06,1.0
0000882291,AEMD,2011-04-19,0,6.143383675429963e-06,1.0
0000882291,AEMD,2011-04-20,0,6.143383675429963e-06,1.0
0000882291,AEMD,2011-04-21,0,6.143383675429963e-06,1.0
0000882291,AEMD,2011-04-22,0,6.143383675429963e-06,1.0
0000882291,AEMD,2011-04-25,0,6.143383675429963e-06,1.0
0000882291,AEMD,2011-04-26,0,6.143383675429963e-06,1.0
0000882291,AEMD,2011-04-27,0,6.361261256059458e-06,1.0
0000882291,AEMD,2011-04-28,0,6.361261256059458e-06,1.0
0000882291,AEMD,2011-04-29,0,6.361261256059458e-06,1.0
0000882291,AEMD,2011-05-02,0,6.361261256059458e-06,1.0
0000882291,AEMD,2011-05-03,0,6.361261256059458e-06,1.0
0000882291,AEMD,2011-05-04,0,6.361261256059458e-06,1.0
0000882291,AEMD,2011-05-05,0,6.361261256059458e-06,1.0
0000882291,AEMD,2011-05-06,0,6.361261256059458e-06,1.0
0000882291,AEMD,2011-05-09,0,5.184373693332963e-06,1.0
0000882291,AEMD,2011-05-10,0,5.184373693332963e-06,1.0
0000882291,AEMD,2011-05-11,0,5.184373693332963e-06,1.0
0000882291,AEMD,2011-05-12,0,5.184373693332963e-06,1.0
0000882291,AEMD,2011-05-13,0,5.184373693332963e-06,1.0
0000882291,AEMD,2011-05-16,0,5.125618980535557e-06,1.0
0000882291,AEMD,2011-05-17,0,5.125618980535557e-06,1.0
0000882291,AEMD,2011-05-18,0,5.125618980535557e-06,1.0
0000882291,AEMD,2011-05-19,0,5.125618980535557e-06,1.0
0000882291,AEMD,2011-05-20,0,8.897783239947752e-06,1.0
0000882291,AEMD,2011-05-23,0,8.897783239947752e-06,1.0
0000882291,AEMD,2011-05-24,0,8.897783239947752e-06,1.0
0000882291,AEMD,2011-05-25,0,8.897783239947752e-06,1.0
0000882291,AEMD,2011-05-26,0,8.827856174097021e-06,1.0
0000882291,AEMD,2011-05-27,0,8.827856174097021e-06,1.0
0000882291,AEMD,2011-05-30,0,8.827856174097021e-06,1.0
0000882291,AEMD,2011-05-31,0,8.827856174097021e-06,1.0
0000882291,AEMD,2011-06-01,0,8.827856174097021e-06,1.0
0000882291,AEMD,2011-06-02,0,8.827856174097021e-06,1.0
0000882291,AEMD,2011-06-03,0,8.827856174097021e-06,1.0
0000882291,AEMD,2011-06-06,0,8.827856174097021e-06,1.0
0000882291,AEMD,2011-06-07,0,8.827856174097021e-06,1.0
0000882291,AEMD,2011-06-08,0,8.827856174097021e-06,1.0
0000882291,AEMD,2011-06-09,0,8.827856174097021e-06,1.0
0000882291,AEMD,2011-06-10,0,8.827856174097021e-06,1.0
0000882291,AEMD,2011-06-13,0,8.827856174097021e-06,1.0
0000882291,AEMD,2011-06-14,0,8.827856174097021e-06,1.0
0000882291,AEMD,2011-06-15,0,8.827856174097021e-06,1.0
0000882291,AEMD,2011-06-16,0,8.827856174097021e-06,1.0
0000882291,AEMD,2011-06-17,0,8.827856174097021e-06,1.0
0000882291,AEMD,2011-06-20,0,8.827856174097021e-06,1.0
0000882291,AEMD,2011-06-21,0,8.827856174097021e-06,1.0
0000882291,AEMD,2011-06-22,0,8.827856174097021e-06,1.0
0000882291,AEMD,2011-06-23,0,8.827856174097021e-06,1.0
0000882291,AEMD,2011-06-24,0,8.827856174097021e-06,1.0
0000882291,AEMD,2011-06-27,0,9.36306923939023e-06,1.0
0000882291,AEMD,2011-06-28,0,9.36306923939023e-06,1.0
0000882291,AEMD,2011-06-29,0,1.0275753447025747e-05,1.0
0000882291,AEMD,2011-06-30,0,1.0275753447025747e-05,1.0
0000882291,AEMD,2011-07-01,0,1.0275753447025747e-05,1.0
0000882291,AEMD,2011-07-04,0,1.0275753447025747e-05,1.0
0000882291,AEMD,2011-07-05,0,1.0275753447025747e-05,1.0
0000882291,AEMD,2011-07-06,0,1.0275753447025747e-05,1.0
0000882291,AEMD,2011-07-07,0,1.1030880927400423e-05,1.0
0000882291,AEMD,2011-07-08,0,1.1030880927400423e-05,1.0
0000882291,AEMD,2011-07-11,0,1.1030880927400423e-05,1.0
0000882291,AEMD,2011-07-12,0,1.1030880927400423e-05,1.0
0000882291,AEMD,2011-07-13,0,1.1030880927400423e-05,1.0
0000882291,AEMD,2011-07-14,0,1.1030880927400423e-05,1.0
0000882291,AEMD,2011-07-15,0,2.3030911353576298e-06,1.0
0000882291,AEMD,2011-07-18,0,2.3030911353576298e-06,1.0
0000882291,AEMD,2011-07-19,0,2.3030911353576298e-06,1.0
0000882291,AEMD,2011-07-20,0,2.3030911353576298e-06,1.0
0000882291,AEMD,2011-07-21,0,2.3030911353576298e-06,1.0
0000882291,AEMD,2011-07-22,0,2.3030911353576298e-06,1.0
0000882291,AEMD,2011-07-25,0,2.3030911353576298e-06,1.0
0000882291,AEMD,2011-07-26,0,2.3030911353576298e-06,1.0
0000882291,AEMD,2011-07-27,0,2.3030911353576298e-06,1.0
0000882291,AEMD,2011-07-28,0,2.3030911353576298e-06,1.0
0000882291,AEMD,2011-07-29,0,2.356170226334453e-06,1.0
0000882291,AEMD,2011-08-01,0,2.356170226334453e-06,1.0
0000882291,AEMD,2011-08-02,0,2.356170226334453e-06,1.0
0000882291,AEMD,2011-08-03,0,2.356170226334453e-06,1.0
0000882291,AEMD,2011-08-04,0,2.356170226334453e-06,1.0
0000882291,AEMD,2011-08-05,0,2.356170226334453e-06,1.0
0000882291,AEMD,2011-08-08,0,2.356170226334453e-06,1.0
0000882291,AEMD,2011-08-09,0,2.356170226334453e-06,1.0
0000882291,AEMD,2011-08-10,0,2.356170226334453e-06,1.0
0000882291,AEMD,2011-08-11,0,2.356170226334453e-06,1.0
0000882291,AEMD,2011-08-12,0,2.356170226334453e-06,1.0
0000882291,AEMD,2011-08-15,0,1.240122306627304e-06,1.0
0000882291,AEMD,2011-08-16,0,1.240122306627304e-06,1.0
0000882291,AEMD,2011-08-17,0,1.240122306627304e-06,1.0
0000882291,AEMD,2011-08-18,0,1.2100544773429194e-06,1.0
0000882291,AEMD,2011-08-19,0,1.2100544773429194e-06,1.0
0000882291,AEMD,2011-08-22,0,9.600525122313813e-07,1.0
0000882291,AEMD,2011-08-23,0,9.600525122313813e-07,1.0
0000882291,AEMD,2011-08-24,0,9.600525122313813e-07,1.0
0000882291,AEMD,2011-08-25,0,9.600525122313813e-07,1.0
0000882291,AEMD,2011-08-26,0,9.600525122313813e-07,1.0
0000882291,AEMD,2011-08-29,0,9.600525122313813e-07,1.0
0000882291,AEMD,2011-08-30,0,9.600525122313813e-07,1.0
0000882291,AEMD,2011-08-31,0,9.600525122313813e-07,1.0
0000882291,AEMD,2011-09-01,0,9.600525122313813e-07,1.0
0000882291,AEMD,2011-09-02,0,9.600525122313813e-07,1.0
0000882291,AEMD,2011-09-05,0,9.600525122313813e-07,1.0
0000882291,AEMD,2011-09-06,0,9.600525122313813e-07,1.0
0000882291,AEMD,2011-09-07,0,9.600525122313813e-07,1.0
0000882291,AEMD,2011-09-08,0,9.600525122313813e-07,1.0
0000882291,AEMD,2011-09-09,0,9.600525122313813e-07,1.0
0000882291,AEMD,2011-09-12,0,9.600525122313813e-07,1.0
0000882291,AEMD,2011-09-13,0,9.600525122313813e-07,1.0
0000882291,AEMD,2011-09-14,0,9.600525122313813e-07,1.0
0000882291,AEMD,2011-09-15,0,9.600525122313813e-07,1.0
0000882291,AEMD,2011-09-16,0,9.600525122313813e-07,1.0
0000882291,AEMD,2011-09-19,0,9.600525122313813e-07,1.0
0000882291,AEMD,2011-09-20,0,9.600525122313813e-07,1.0
0000882291,AEMD,2011-09-21,0,7.536029209949039e-07,1.0
0000882291,AEMD,2011-09-22,0,7.536029209949039e-07,1.0
0000882291,AEMD,2011-09-23,0,7.536029209949039e-07,1.0
0000882291,AEMD,2011-09-26,0,7.592366659549865e-07,1.0
0000882291,AEMD,2011-09-27,0,8.552803681565868e-07,1.0
0000882291,AEMD,2011-09-28,0,8.552803681565868e-07,1.0
0000882291,AEMD,2011-09-29,0,9.714741812949313e-07,1.0
0000882291,AEMD,2011-09-30,0,9.714741812949313e-07,1.0
0000882291,AEMD,2011-10-03,0,9.714741812949313e-07,1.0
0000882291,AEMD,2011-10-04,0,9.714741812949313e-07,1.0
0000882291,AEMD,2011-10-05,0,8.837095504851576e-07,1.0
0000882291,AEMD,2011-10-06,0,8.837095504851576e-07,1.0
0000882291,AEMD,2011-10-07,0,8.837095504851576e-07,1.0
0000882291,AEMD,2011-10-10,0,8.837095504851576e-07,1.0
0000882291,AEMD,2011-10-11,0,8.837095504851576e-07,1.0
0000882291,AEMD,2011-10-12,0,8.837095504851576e-07,1.0
0000882291,AEMD,2011-10-13,0,6.154601889304877e-06,1.0
0000882291,AEMD,2011-10-14,0,6.154601889304877e-06,1.0
0000882291,AEMD,2011-10-17,0,6.154601889304877e-06,1.0
0000882291,AEMD,2011-10-18,0,6.154601889304877e-06,1.0
0000882291,AEMD,2011-10-19,0,6.154601889304877e-06,1.0
0000882291,AEMD,2011-10-20,0,6.154601889304877e-06,1.0
0000882291,AEMD,2011-10-21,0,6.154601889304877e-06,1.0
0000882291,AEMD,2011-10-24,0,6.154601889304877e-06,1.0
0000882291,AEMD,2011-10-25,0,6.154601889304877e-06,1.0
0000882291,AEMD,2011-10-26,0,6.154601889304877e-06,1.0
0000882291,AEMD,2011-10-27,0,6.154601889304877e-06,1.0
0000882291,AEMD,2011-10-28,0,6.154601889304877e-06,1.0
0000882291,AEMD,2011-10-31,0,5.898235648809595e-06,1.0
0000882291,AEMD,2011-11-01,0,5.898235648809595e-06,1.0
0000882291,AEMD,2011-11-02,0,5.898235648809595e-06,1.0
0000882291,AEMD,2011-11-03,0,5.898235648809595e-06,1.0
0000882291,AEMD,2011-11-04,0,5.193840702370596e-06,1.0
0000882291,AEMD,2011-11-07,0,5.193840702370596e-06,1.0
0000882291,AEMD,2011-11-08,0,5.193840702370596e-06,1.0
0000882291,AEMD,2011-11-09,0,5.193840702370596e-06,1.0
0000882291,AEMD,2011-11-10,0,5.193840702370596e-06,1.0
0000882291,AEMD,2011-11-11,0,5.193840702370596e-06,1.0
0000882291,AEMD,2011-11-14,0,5.193840702370596e-06,1.0
0000882291,AEMD,2011-11-15,0,5.193840702370596e-06,1.0
0000882291,AEMD,2011-11-16,0,5.70012319960292e-06,1.0
0000882291,AEMD,2011-11-17,0,5.70012319960292e-06,1.0
0000882291,AEMD,2011-11-18,0,3.388828848216431e-06,1.0
0000882291,AEMD,2011-11-21,0,5.53882557857185e-06,1.0
0000882291,AEMD,2011-11-22,0,5.53882557857185e-06,1.0
0000882291,AEMD,2011-11-23,0,5.53882557857185e-06,1.0
0000882291,AEMD,2011-11-24,0,5.53882557857185e-06,1.0
0000882291,AEMD,2011-11-25,0,5.53882557857185e-06,1.0
0000882291,AEMD,2011-11-28,0,5.53882557857185e-06,1.0
0000882291,AEMD,2011-11-29,0,5.53882557857185e-06,1.0
0000882291,AEMD,2011-11-30,0,5.53882557857185e-06,1.0
0000882291,AEMD,2011-12-01,0,5.53882557857185e-06,1.0
0000882291,AEMD,2011-12-02,0,5.53882557857185e-06,1.0
0000882291,AEMD,2011-12-05,0,5.53882557857185e-06,1.0
0000882291,AEMD,2011-12-06,0,5.53882557857185e-06,1.0
0000882291,AEMD,2011-12-07,0,5.53882557857185e-06,1.0
0000882291,AEMD,2011-12-08,0,5.53882557857185e-06,1.0
0000882291,AEMD,2011-12-09,0,5.53882557857185e-06,1.0
0000882291,AEMD,2011-12-12,0,5.53882557857185e-06,1.0
0000882291,AEMD,2011-12-13,0,5.53882557857185e-06,1.0
0000882291,AEMD,2011-12-14,0,5.53882557857185e-06,1.0
0000882291,AEMD,2011-12-15,0,5.53882557857185e-06,1.0
0000882291,AEMD,2011-12-16,0,5.666477866862732e-06,1.0
0000882291,AEMD,2011-12-19,0,4.384025780022832e-06,1.0
0000882291,AEMD,2011-12-20,0,4.384025780022832e-06,1.0
0000882291,AEMD,2011-12-21,0,4.384025780022832e-06,1.0
0000882291,AEMD,2011-12-22,0,4.384025780022832e-06,1.0
0000882291,AEMD,2011-12-23,0,4.384025780022832e-06,1.0
0000882291,AEMD,2011-12-26,0,4.392671195041316e-06,1.0
0000882291,AEMD,2011-12-27,0,4.392671195041316e-06,1.0
0000882291,AEMD,2011-12-28,0,4.7154745492993845e-06,1.0
0000882291,AEMD,2011-12-29,0,4.7154745492993845e-06,1.0
0000882291,AEMD,2011-12-30,0,4.7154745492993845e-06,1.0
0000882291,AEMD,2012-01-02,0,4.7154745492993845e-06,1.0
0000882291,AEMD,2012-01-03,0,5.0013644127240024e-06,1.0
0000882291,AEMD,2012-01-04,0,5.0013644127240024e-06,1.0
0000882291,AEMD,2012-01-05,0,5.0013644127240024e-06,1.0
0000882291,AEMD,2012-01-06,0,5.0013644127240024e-06,1.0
0000882291,AEMD,2012-01-09,0,5.0013644127240024e-06,1.0
0000882291,AEMD,2012-01-10,0,5.0013644127240024e-06,1.0
0000882291,AEMD,2012-01-11,0,5.142536250460166e-06,1.0
0000882291,AEMD,2012-01-12,0,5.142536250460166e-06,1.0
0000882291,AEMD,2012-01-13,0,5.142536250460166e-06,1.0
0000882291,AEMD,2012-01-16,0,5.142536250460166e-06,1.0
0000882291,AEMD,2012-01-17,0,5.142536250460166e-06,1.0
0000882291,AEMD,2012-01-18,0,5.142536250460166e-06,1.0
0000882291,AEMD,2012-01-19,0,5.142536250460166e-06,1.0
0000882291,AEMD,2012-01-20,0,5.142536250460166e-06,1.0
0000882291,AEMD,2012-01-23,0,5.142536250460166e-06,1.0
0000882291,AEMD,2012-01-24,0,5.142536250460166e-06,1.0
0000882291,AEMD,2012-01-25,0,5.142536250460166e-06,1.0
0000882291,AEMD,2012-01-26,0,5.142536250460166e-06,1.0
0000882291,AEMD,2012-01-27,0,5.142536250460166e-06,1.0
0000882291,AEMD,2012-01-30,0,5.142536250460166e-06,1.0
0000882291,AEMD,2012-01-31,0,5.142536250460166e-06,1.0
0000882291,AEMD,2012-02-01,0,5.142536250460166e-06,1.0
0000882291,AEMD,2012-02-02,0,5.142536250460166e-06,1.0
0000882291,AEMD,2012-02-03,0,5.142536250460166e-06,1.0
0000882291,AEMD,2012-02-06,0,5.142536250460166e-06,1.0
0000882291,AEMD,2012-02-07,0,5.142536250460166e-06,1.0
0000882291,AEMD,2012-02-08,0,5.142536250460166e-06,1.0
0000882291,AEMD,2012-02-09,0,5.142536250460166e-06,1.0
0000882291,AEMD,2012-02-10,0,5.142536250460166e-06,1.0
0000882291,AEMD,2012-02-13,0,5.142536250460166e-06,1.0
0000882291,AEMD,2012-02-14,0,5.793065661818406e-06,1.0
0000882291,AEMD,2012-02-15,0,5.793065661818406e-06,1.0
0000882291,AEMD,2012-02-16,0,8.632200674249919e-06,1.0
0000882291,AEMD,2012-02-17,0,8.632200674249919e-06,1.0
0000882291,AEMD,2012-02-20,0,8.469172745620749e-06,1.0
0000882291,AEMD,2012-02-21,0,8.469172745620749e-06,1.0
0000882291,AEMD,2012-02-22,0,8.469172745620749e-06,1.0
0000882291,AEMD,2012-02-23,0,8.469172745620749e-06,1.0
0000882291,AEMD,2012-02-24,0,8.469172745620749e-06,1.0
0000882291,AEMD,2012-02-27,0,8.469172745620749e-06,1.0
0000882291,AEMD,2012-02-28,0,8.469172745620749e-06,1.0
0000882291,AEMD,2012-02-29,0,7.364920636966813e-06,1.0
0000882291,AEMD,2012-03-01,0,7.364920636966813e-06,1.0
0000882291,AEMD,2012-03-02,0,7.364920636966813e-06,1.0
0000882291,AEMD,2012-03-05,0,7.364920636966813e-06,1.0
0000882291,AEMD,2012-03-06,0,7.364920636966813e-06,1.0
0000882291,AEMD,2012-03-07,0,7.364920636966813e-06,1.0
0000882291,AEMD,2012-03-08,0,7.364920636966813e-06,1.0
0000882291,AEMD,2012-03-09,0,7.364920636966813e-06,1.0
0000882291,AEMD,2012-03-12,0,7.364920636966813e-06,1.0
0000882291,AEMD,2012-03-13,0,7.364920636966813e-06,1.0
0000882291,AEMD,2012-03-14,0,7.364920636966813e-06,1.0
0000882291,AEMD,2012-03-15,0,7.364920636966813e-06,1.0
0000882291,AEMD,2012-03-16,0,7.364920636966813e-06,1.0
0000882291,AEMD,2012-03-19,0,7.00846714694064e-06,1.0
0000882291,AEMD,2012-03-20,0,7.00846714694064e-06,1.0
0000882291,AEMD,2012-03-21,0,7.00846714694064e-06,1.0
0000882291,AEMD,2012-03-22,0,7.00846714694064e-06,1.0
0000882291,AEMD,2012-03-23,0,7.00846714694064e-06,1.0
0000882291,AEMD,2012-03-26,0,7.00846714694064e-06,1.0
0000882291,AEMD,2012-03-27,0,7.053128962785046e-06,1.0
0000882291,AEMD,2012-03-28,0,7.053128962785046e-06,1.0
0000882291,AEMD,2012-03-29,0,7.053128962785046e-06,1.0
0000882291,AEMD,2012-03-30,0,7.053128962785046e-06,1.0
0000882291,AEMD,2012-04-02,0,5.742506087516804e-06,1.0
0000882291,AEMD,2012-04-03,0,5.742506087516804e-06,1.0
0000882291,AEMD,2012-04-04,0,5.742506087516804e-06,1.0
0000882291,AEMD,2012-04-05,0,5.742506087516804e-06,1.0
0000882291,AEMD,2012-04-06,0,6.248349850790314e-06,1.0
0000882291,AEMD,2012-04-09,0,6.248349850790314e-06,1.0
0000882291,AEMD,2012-04-10,0,7.869584056168469e-06,1.0
0000882291,AEMD,2012-04-11,0,7.869584056168469e-06,1.0
0000882291,AEMD,2012-04-12,0,7.869584056168469e-06,1.0
0000882291,AEMD,2012-04-13,0,7.869584056168469e-06,1.0
0000882291,AEMD,2012-04-16,0,7.869584056168469e-06,1.0
0000882291,AEMD,2012-04-17,0,7.869584056168469e-06,1.0
0000882291,AEMD,2012-04-18,0,7.869584056168469e-06,1.0
0000882291,AEMD,2012-04-19,0,7.869584056168469e-06,1.0
0000882291,AEMD,2012-04-20,0,7.869584056168469e-06,1.0
0000882291,AEMD,2012-04-23,0,6.625287463617344e-06,1.0
0000882291,AEMD,2012-04-24,0,6.625287463617344e-06,1.0
0000882291,AEMD,2012-04-25,0,6.625287463617344e-06,1.0
0000882291,AEMD,2012-04-26,0,6.625287463617344e-06,1.0
0000882291,AEMD,2012-04-27,0,6.625287463617344e-06,1.0
0000882291,AEMD,2012-04-30,0,6.625287463617344e-06,1.0
0000882291,AEMD,2012-05-01,0,6.625287463617344e-06,1.0
0000882291,AEMD,2012-05-02,0,6.625287463617344e-06,1.0
0000882291,AEMD,2012-05-03,0,6.625287463617344e-06,1.0
0000882291,AEMD,2012-05-04,0,6.625287463617344e-06,1.0
0000882291,AEMD,2012-05-07,0,6.761642505901402e-06,1.0
0000882291,AEMD,2012-05-08,0,6.761642505901402e-06,1.0
0000882291,AEMD,2012-05-09,0,6.761642505901402e-06,1.0
0000882291,AEMD,2012-05-10,0,3.761559796531055e-06,1.0
0000882291,AEMD,2012-05-11,0,3.761559796531055e-06,1.0
0000882291,AEMD,2012-05-14,0,3.761559796531055e-06,1.0
0000882291,AEMD,2012-05-15,0,3.768977696760747e-06,1.0
0000882291,AEMD,2012-05-16,0,3.768977696760747e-06,1.0
0000882291,AEMD,2012-05-17,0,5.940561631517455e-06,1.0
0000882291,AEMD,2012-05-18,0,5.940561631517455e-06,1.0
0000882291,AEMD,2012-05-21,0,5.940561631517455e-06,1.0
0000882291,AEMD,2012-05-22,0,5.940561631517455e-06,1.0
0000882291,AEMD,2012-05-23,0,1.5379490728630493e-06,1.0
0000882291,AEMD,2012-05-24,0,1.5379490728630493e-06,1.0
0000882291,AEMD,2012-05-25,0,1.5379490728630493e-06,1.0
0000882291,AEMD,2012-05-28,0,1.5379490728630493e-06,1.0
0000882291,AEMD,2012-05-29,0,1.5379490728630493e-06,1.0
0000882291,AEMD,2012-05-30,0,1.8403069095133373e-06,1.0
0000882291,AEMD,2012-05-31,0,1.8403069095133373e-06,1.0
0000882291,AEMD,2012-06-01,0,1.8403069095133373e-06,1.0
0000882291,AEMD,2012-06-04,0,1.8403069095133373e-06,1.0
0000882291,AEMD,2012-06-05,0,1.8403069095133373e-06,1.0
0000882291,AEMD,2012-06-06,0,1.8403069095133373e-06,1.0
0000882291,AEMD,2012-06-07,0,1.8403069095133373e-06,1.0
0000882291,AEMD,2012-06-08,0,1.8403069095133373e-06,1.0
0000882291,AEMD,2012-06-11,0,1.8403069095133373e-06,1.0
0000882291,AEMD,2012-06-12,0,1.8403069095133373e-06,1.0
0000882291,AEMD,2012-06-13,0,1.8403069095133373e-06,1.0
0000882291,AEMD,2012-06-14,0,1.8403069095133373e-06,1.0
0000882291,AEMD,2012-06-15,0,1.8403069095133373e-06,1.0
0000882291,AEMD,2012-06-18,0,1.8403069095133373e-06,1.0
0000882291,AEMD,2012-06-19,0,1.8403069095133373e-06,1.0
0000882291,AEMD,2012-06-20,0,1.8403069095133373e-06,1.0
0000882291,AEMD,2012-06-21,0,1.8403069095133373e-06,1.0
0000882291,AEMD,2012-06-22,0,1.8403069095133373e-06,1.0
0000882291,AEMD,2012-06-25,0,1.8403069095133373e-06,1.0
0000882291,AEMD,2012-06-26,0,1.8403069095133373e-06,1.0
0000882291,AEMD,2012-06-27,0,1.8657548989035648e-06,1.0
0000882291,AEMD,2012-06-28,0,1.8657548989035648e-06,1.0
0000882291,AEMD,2012-06-29,0,1.0000854601737116e-06,1.0
0000882291,AEMD,2012-07-02,0,1.0000854601737116e-06,1.0
0000882291,AEMD,2012-07-03,0,1.0000854601737116e-06,1.0
0000882291,AEMD,2012-07-04,0,1.0000854601737116e-06,1.0
0000882291,AEMD,2012-07-05,0,1.1402551827099178e-06,1.0
0000882291,AEMD,2012-07-06,0,1.1402551827099178e-06,1.0
0000882291,AEMD,2012-07-09,0,2.7029449748647612e-06,1.0
0000882291,AEMD,2012-07-10,0,2.7029449748647612e-06,1.0
0000882291,AEMD,2012-07-11,0,2.7029449748647612e-06,1.0
0000882291,AEMD,2012-07-12,0,2.7029449748647612e-06,1.0
0000882291,AEMD,2012-07-13,0,2.7029449748647612e-06,1.0
0000882291,AEMD,2012-07-16,0,2.7029449748647612e-06,1.0
0000882291,AEMD,2012-07-17,0,2.7029449748647612e-06,1.0
0000882291,AEMD,2012-07-18,0,2.7029449748647612e-06,1.0
0000882291,AEMD,2012-07-19,0,2.7029449748647612e-06,1.0
0000882291,AEMD,2012-07-20,0,2.7029449748647612e-06,1.0
0000882291,AEMD,2012-07-23,0,6.407246379072785e-06,1.0
0000882291,AEMD,2012-07-24,0,6.407246379072785e-06,1.0
0000882291,AEMD,2012-07-25,0,6.407246379072785e-06,1.0
0000882291,AEMD,2012-07-26,0,6.407246379072785e-06,1.0
0000882291,AEMD,2012-07-27,0,6.463166375787043e-06,1.0
0000882291,AEMD,2012-07-30,0,1.1082008283920054e-06,1.0
0000882291,AEMD,2012-07-31,0,1.1082008283920054e-06,1.0
0000882291,AEMD,2012-08-01,0,1.1082008283920054e-06,1.0
0000882291,AEMD,2012-08-02,0,1.1082008283920054e-06,1.0
0000882291,AEMD,2012-08-03,0,1.1082008283920054e-06,1.0
0000882291,AEMD,2012-08-06,0,1.1082008283920054e-06,1.0
0000882291,AEMD,2012-08-07,0,1.1082008283920054e-06,1.0
0000882291,AEMD,2012-08-08,0,1.1082008283920054e-06,1.0
0000882291,AEMD,2012-08-09,0,1.1082008283920054e-06,1.0
0000882291,AEMD,2012-08-10,0,1.1082008283920054e-06,1.0
0000882291,AEMD,2012-08-13,0,1.1082008283920054e-06,1.0
0000882291,AEMD,2012-08-14,0,8.17538926627467e-07,1.0
0000882291,AEMD,2012-08-15,0,7.926656517108806e-07,1.0
0000882291,AEMD,2012-08-16,0,7.926656517108806e-07,1.0
0000882291,AEMD,2012-08-17,0,7.926656517108806e-07,1.0
0000882291,AEMD,2012-08-20,0,7.926656517108806e-07,1.0
0000882291,AEMD,2012-08-21,0,7.926656517108806e-07,1.0
0000882291,AEMD,2012-08-22,0,7.926656517108806e-07,1.0
0000882291,AEMD,2012-08-23,0,7.926656517108806e-07,1.0
0000882291,AEMD,2012-08-24,0,7.926656517108806e-07,1.0
0000882291,AEMD,2012-08-27,0,7.89801589359838e-07,1.0
0000882291,AEMD,2012-08-28,0,8.013922345295329e-07,1.0
0000882291,AEMD,2012-08-29,0,8.013922345295329e-07,1.0
0000882291,AEMD,2012-08-30,0,8.013922345295329e-07,1.0
0000882291,AEMD,2012-08-31,0,8.013922345295329e-07,1.0
0000882291,AEMD,2012-09-03,0,8.013922345295329e-07,1.0
0000882291,AEMD,2012-09-04,0,8.013922345295329e-07,1.0
0000882291,AEMD,2012-09-05,0,8.013922345295329e-07,1.0
0000882291,AEMD,2012-09-06,0,8.013922345295329e-07,1.0
0000882291,AEMD,2012-09-07,0,7.029161414145498e-07,1.0
0000882291,AEMD,2012-09-10,0,7.029161414145498e-07,1.0
0000882291,AEMD,2012-09-11,0,7.029161414145498e-07,1.0
0000882291,AEMD,2012-09-12,0,7.029161414145498e-07,1.0
0000882291,AEMD,2012-09-13,0,6.568983412838915e-07,1.0
0000882291,AEMD,2012-09-14,0,6.568983412838915e-07,1.0
0000882291,AEMD,2012-09-17,0,6.568983412838915e-07,1.0
0000882291,AEMD,2012-09-18,0,6.568983412838915e-07,1.0
0000882291,AEMD,2012-09-19,0,6.568983412838915e-07,1.0
0000882291,AEMD,2012-09-20,0,6.568983412838915e-07,1.0
0000882291,AEMD,2012-09-21,0,6.568983412838915e-07,1.0
0000882291,AEMD,2012-09-24,0,6.568983412838915e-07,1.0
0000882291,AEMD,2012-09-25,0,7.444684790257379e-07,1.0
0000882291,AEMD,2012-09-26,0,7.444684790257379e-07,1.0
0000882291,AEMD,2012-09-27,0,7.245473456727436e-06,1.0
0000882291,AEMD,2012-09-28,0,7.245473456727436e-06,1.0
0000882291,AEMD,2012-10-01,0,7.245473456727436e-06,1.0
0000882291,AEMD,2012-10-02,0,7.245473456727436e-06,1.0
0000882291,AEMD,2012-10-03,0,7.251812510392362e-06,1.0
0000882291,AEMD,2012-10-04,0,7.251812510392362e-06,1.0
0000882291,AEMD,2012-10-05,0,7.251812510392362e-06,1.0
0000882291,AEMD,2012-10-08,0,5.303531424186784e-06,1.0
0000882291,AEMD,2012-10-09,0,5.303531424186784e-06,1.0
0000882291,AEMD,2012-10-10,0,5.303531424186784e-06,1.0
0000882291,AEMD,2012-10-11,0,5.303531424186784e-06,1.0
0000882291,AEMD,2012-10-12,0,5.303531424186784e-06,1.0
0000882291,AEMD,2012-10-15,0,5.303531424186784e-06,1.0
0000882291,AEMD,2012-10-16,0,5.303531424186784e-06,1.0
0000882291,AEMD,2012-10-17,0,5.303531424186784e-06,1.0
0000882291,AEMD,2012-10-18,0,5.303531424186784e-06,1.0
0000882291,AEMD,2012-10-19,0,5.303531424186784e-06,1.0
0000882291,AEMD,2012-10-22,0,4.787961073964177e-06,1.0
0000882291,AEMD,2012-10-23,0,4.787961073964177e-06,1.0
0000882291,AEMD,2012-10-24,0,4.787961073964177e-06,1.0
0000882291,AEMD,2012-10-25,0,4.875296340065384e-06,1.0
0000882291,AEMD,2012-10-26,0,4.875296340065384e-06,1.0
0000882291,AEMD,2012-10-29,0,4.875296340065384e-06,1.0
0000882291,AEMD,2012-10-30,0,4.875296340065384e-06,1.0
0000882291,AEMD,2012-10-31,0,4.875296340065384e-06,1.0
0000882291,AEMD,2012-11-01,0,4.875296340065384e-06,1.0
0000882291,AEMD,2012-11-02,0,4.875296340065384e-06,1.0
0000882291,AEMD,2012-11-05,0,4.875296340065384e-06,1.0
0000882291,AEMD,2012-11-06,0,4.875296340065384e-06,1.0
0000882291,AEMD,2012-11-07,0,4.875296340065384e-06,1.0
0000882291,AEMD,2012-11-08,0,4.875296340065384e-06,1.0
0000882291,AEMD,2012-11-09,0,4.875296340065384e-06,1.0
0000882291,AEMD,2012-11-12,0,8.62962472251778e-06,1.0
0000882291,AEMD,2012-11-13,0,8.62962472251778e-06,1.0
0000882291,AEMD,2012-11-14,0,7.256117415833065e-06,1.0
0000882291,AEMD,2012-11-15,0,7.256117415833065e-06,1.0
0000882291,AEMD,2012-11-16,0,7.256117415833065e-06,1.0
0000882291,AEMD,2012-11-19,0,7.256117415833065e-06,1.0
0000882291,AEMD,2012-11-20,0,7.256117415833065e-06,1.0
0000882291,AEMD,2012-11-21,0,7.256117415833065e-06,1.0
0000882291,AEMD,2012-11-22,0,7.256117415833065e-06,1.0
0000882291,AEMD,2012-11-23,0,7.256117415833065e-06,1.0
0000882291,AEMD,2012-11-26,0,7.2481722351036375e-06,1.0
0000882291,AEMD,2012-11-27,0,7.2481722351036375e-06,1.0
0000882291,AEMD,2012-11-28,0,7.2481722351036375e-06,1.0
0000882291,AEMD,2012-11-29,0,7.2481722351036375e-06,1.0
0000882291,AEMD,2012-11-30,0,7.2481722351036375e-06,1.0
0000882291,AEMD,2012-12-03,0,7.2481722351036375e-06,1.0
0000882291,AEMD,2012-12-04,0,7.2481722351036375e-06,1.0
0000882291,AEMD,2012-12-05,0,7.2481722351036375e-06,1.0
0000882291,AEMD,2012-12-06,0,8.018794722528417e-06,1.0
0000882291,AEMD,2012-12-07,0,8.018794722528417e-06,1.0
0000882291,AEMD,2012-12-10,0,8.018794722528417e-06,1.0
0000882291,AEMD,2012-12-11,0,8.018794722528417e-06,1.0
0000882291,AEMD,2012-12-12,0,8.018794722528417e-06,1.0
0000882291,AEMD,2012-12-13,0,8.018794722528417e-06,1.0
0000882291,AEMD,2012-12-14,0,6.005949178488546e-06,1.0
0000882291,AEMD,2012-12-17,0,6.005949178488546e-06,1.0
0000882291,AEMD,2012-12-18,0,6.005949178488546e-06,1.0
0000882291,AEMD,2012-12-19,0,6.005949178488546e-06,1.0
0000882291,AEMD,2012-12-20,0,6.005949178488546e-06,1.0
0000882291,AEMD,2012-12-21,0,6.005949178488546e-06,1.0
0000882291,AEMD,2012-12-24,0,6.014497513112936e-06,1.0
0000882291,AEMD,2012-12-25,0,6.014497513112936e-06,1.0
0000882291,AEMD,2012-12-26,0,6.461864750493316e-06,1.0
0000882291,AEMD,2012-12-27,0,6.461864750493316e-06,1.0
0000882291,AEMD,2012-12-28,0,6.461864750493316e-06,1.0
0000882291,AEMD,2012-12-31,0,6.461864750493316e-06,1.0
0000882291,AEMD,2013-01-01,0,6.461864750493316e-06,1.0
0000882291,AEMD,2013-01-02,0,6.461864750493316e-06,1.0
0000882291,AEMD,2013-01-03,0,6.461864750493316e-06,1.0
0000882291,AEMD,2013-01-04,0,6.461864750493316e-06,1.0
0000882291,AEMD,2013-01-07,0,6.461864750493316e-06,1.0
0000882291,AEMD,2013-01-08,0,6.461864750493316e-06,1.0
0000882291,AEMD,2013-01-09,0,6.461864750493316e-06,1.0
0000882291,AEMD,2013-01-10,0,6.461864750493316e-06,1.0
0000882291,AEMD,2013-01-11,0,6.461864750493316e-06,1.0
0000882291,AEMD,2013-01-14,0,6.461864750493316e-06,1.0
0000882291,AEMD,2013-01-15,0,6.461864750493316e-06,1.0
0000882291,AEMD,2013-01-16,0,6.461864750493316e-06,1.0
0000882291,AEMD,2013-01-17,0,6.461864750493316e-06,1.0
0000882291,AEMD,2013-01-18,0,6.461864750493316e-06,1.0
0000882291,AEMD,2013-01-21,0,6.461864750493316e-06,1.0
0000882291,AEMD,2013-01-22,0,6.461864750493316e-06,1.0
0000882291,AEMD,2013-01-23,0,6.451254392801783e-06,1.0
0000882291,AEMD,2013-01-24,0,6.451254392801783e-06,1.0
0000882291,AEMD,2013-01-25,0,6.451254392801783e-06,1.0
0000882291,AEMD,2013-01-28,0,6.451254392801783e-06,1.0
0000882291,AEMD,2013-01-29,0,6.451254392801783e-06,1.0
0000882291,AEMD,2013-01-30,0,6.451254392801783e-06,1.0
0000882291,AEMD,2013-01-31,0,6.451254392801783e-06,1.0
0000882291,AEMD,2013-02-01,0,6.451254392801783e-06,1.0
0000882291,AEMD,2013-02-04,0,6.451254392801783e-06,1.0
0000882291,AEMD,2013-02-05,0,6.451254392801783e-06,1.0
0000882291,AEMD,2013-02-06,0,6.451254392801783e-06,1.0
0000882291,AEMD,2013-02-07,0,6.451254392801783e-06,1.0
0000882291,AEMD,2013-02-08,0,6.451254392801783e-06,1.0
0000882291,AEMD,2013-02-11,0,6.20379388451085e-06,1.0
0000882291,AEMD,2013-02-12,0,1.1899278756812725e-05,1.0
0000882291,AEMD,2013-02-13,0,7.456499719318114e-06,1.0
0000882291,AEMD,2013-02-14,0,7.456499719318114e-06,1.0
0000882291,AEMD,2013-02-15,0,7.456499719318114e-06,1.0
0000882291,AEMD,2013-02-18,0,7.456499719318114e-06,1.0
0000882291,AEMD,2013-02-19,0,7.456499719318114e-06,1.0
0000882291,AEMD,2013-02-20,0,7.456499719318114e-06,1.0
0000882291,AEMD,2013-02-21,0,7.456499719318114e-06,1.0
0000882291,AEMD,2013-02-22,0,7.456499719318114e-06,1.0
0000882291,AEMD,2013-02-25,0,7.456499719318114e-06,1.0
0000882291,AEMD,2013-02-26,0,7.456499719318114e-06,1.0
0000882291,AEMD,2013-02-27,0,7.456499719318114e-06,1.0
0000882291,AEMD,2013-02-28,0,7.456499719318114e-06,1.0
0000882291,AEMD,2013-03-01,0,7.456499719318114e-06,1.0
0000882291,AEMD,2013-03-04,0,7.456499719318114e-06,1.0
0000882291,AEMD,2013-03-05,0,7.456499719318114e-06,1.0
0000882291,AEMD,2013-03-06,0,7.4834919422765065e-06,1.0
0000882291,AEMD,2013-03-07,0,7.4834919422765065e-06,1.0
0000882291,AEMD,2013-03-08,0,7.4834919422765065e-06,1.0
0000882291,AEMD,2013-03-11,0,7.4834919422765065e-06,1.0
0000882291,AEMD,2013-03-12,0,7.4834919422765065e-06,1.0
0000882291,AEMD,2013-03-13,0,7.4834919422765065e-06,1.0
0000882291,AEMD,2013-03-14,0,7.4834919422765065e-06,1.0
0000882291,AEMD,2013-03-15,0,7.4834919422765065e-06,1.0
0000882291,AEMD,2013-03-18,0,5.748047124085366e-06,1.0
0000882291,AEMD,2013-03-19,0,5.748047124085366e-06,1.0
0000882291,AEMD,2013-03-20,0,5.748047124085366e-06,1.0
0000882291,AEMD,2013-03-21,0,5.748047124085366e-06,1.0
0000882291,AEMD,2013-03-22,0,5.748047124085366e-06,1.0
0000882291,AEMD,2013-03-25,0,5.748047124085366e-06,1.0
0000882291,AEMD,2013-03-26,0,5.748047124085366e-06,1.0
0000882291,AEMD,2013-03-27,0,5.748047124085366e-06,1.0
0000882291,AEMD,2013-03-28,0,5.748047124085366e-06,1.0
0000882291,AEMD,2013-03-29,0,5.748047124085366e-06,1.0
0000882291,AEMD,2013-04-01,0,5.748047124085366e-06,1.0
0000882291,AEMD,2013-04-02,0,5.748047124085366e-06,1.0
0000882291,AEMD,2013-04-03,0,5.748047124085366e-06,1.0
0000882291,AEMD,2013-04-04,0,5.748047124085366e-06,1.0
0000882291,AEMD,2013-04-05,0,5.748047124085366e-06,1.0
0000882291,AEMD,2013-04-08,0,5.748047124085366e-06,1.0
0000882291,AEMD,2013-04-09,0,5.748047124085366e-06,1.0
0000882291,AEMD,2013-04-10,0,5.748047124085366e-06,1.0
0000882291,AEMD,2013-04-11,0,5.748047124085366e-06,1.0
0000882291,AEMD,2013-04-12,0,5.748047124085366e-06,1.0
0000882291,AEMD,2013-04-15,0,6.109548206965004e-06,1.0
0000882291,AEMD,2013-04-16,0,6.109548206965004e-06,1.0
0000882291,AEMD,2013-04-17,0,6.109548206965004e-06,1.0
0000882291,AEMD,2013-04-18,0,6.109548206965004e-06,1.0
0000882291,AEMD,2013-04-19,0,6.109548206965004e-06,1.0
0000882291,AEMD,2013-04-22,0,6.109548206965004e-06,1.0
0000882291,AEMD,2013-04-23,0,6.109548206965004e-06,1.0
0000882291,AEMD,2013-04-24,0,6.109548206965004e-06,1.0
0000882291,AEMD,2013-04-25,0,6.109548206965004e-06,1.0
0000882291,AEMD,2013-04-26,0,6.109548206965004e-06,1.0
0000882291,AEMD,2013-04-29,0,6.109548206965004e-06,1.0
0000882291,AEMD,2013-04-30,0,6.109548206965004e-06,1.0
0000882291,AEMD,2013-05-01,0,6.109548206965004e-06,1.0
0000882291,AEMD,2013-05-02,0,6.109548206965004e-06,1.0
0000882291,AEMD,2013-05-03,0,6.109548206965004e-06,1.0
0000882291,AEMD,2013-05-06,0,6.109548206965004e-06,1.0
0000882291,AEMD,2013-05-07,0,6.109548206965004e-06,1.0
0000882291,AEMD,2013-05-08,0,6.109548206965004e-06,1.0
0000882291,AEMD,2013-05-09,0,6.109548206965004e-06,1.0
0000882291,AEMD,2013-05-10,0,6.109548206965004e-06,1.0
0000882291,AEMD,2013-05-13,0,6.109548206965004e-06,1.0
0000882291,AEMD,2013-05-14,0,5.917182541877656e-06,1.0
0000882291,AEMD,2013-05-15,0,1.0627153591005193e-05,1.0
0000882291,AEMD,2013-05-16,0,1.0627153591005193e-05,1.0
0000882291,AEMD,2013-05-17,0,1.0627153591005193e-05,1.0
0000882291,AEMD,2013-05-20,0,1.0627153591005193e-05,1.0
0000882291,AEMD,2013-05-21,0,1.0627153591005193e-05,1.0
0000882291,AEMD,2013-05-22,0,1.0627153591005193e-05,1.0
0000882291,AEMD,2013-05-23,0,1.0627153591005193e-05,1.0
0000882291,AEMD,2013-05-24,0,1.0627153591005193e-05,1.0
0000882291,AEMD,2013-05-27,0,1.0627153591005193e-05,1.0
0000882291,AEMD,2013-05-28,0,1.0627153591005193e-05,1.0
0000882291,AEMD,2013-05-29,0,1.0627153591005193e-05,1.0
0000882291,AEMD,2013-05-30,0,1.0627153591005193e-05,1.0
0000882291,AEMD,2013-05-31,0,1.0627153591005193e-05,1.0
0000882291,AEMD,2013-06-03,0,1.0627153591005193e-05,1.0
0000882291,AEMD,2013-06-04,0,1.0627153591005193e-05,1.0
0000882291,AEMD,2013-06-05,0,1.0627153591005193e-05,1.0
0000882291,AEMD,2013-06-06,0,1.0627153591005193e-05,1.0
0000882291,AEMD,2013-06-07,0,1.0627153591005193e-05,1.0
0000882291,AEMD,2013-06-10,0,1.0627153591005193e-05,1.0
0000882291,AEMD,2013-06-11,0,1.0627153591005193e-05,1.0
0000882291,AEMD,2013-06-12,0,1.0627153591005193e-05,1.0
0000882291,AEMD,2013-06-13,0,1.0627153591005193e-05,1.0
0000882291,AEMD,2013-06-14,0,1.0627153591005193e-05,1.0
0000882291,AEMD,2013-06-17,0,1.0627153591005193e-05,1.0
0000882291,AEMD,2013-06-18,0,1.0627153591005193e-05,1.0
0000882291,AEMD,2013-06-19,0,1.0627153591005193e-05,1.0
0000882291,AEMD,2013-06-20,0,1.0627153591005193e-05,1.0
0000882291,AEMD,2013-06-21,0,1.0627153591005193e-05,1.0
0000882291,AEMD,2013-06-24,0,1.0627153591005193e-05,1.0
0000882291,AEMD,2013-06-25,0,1.0627153591005193e-05,1.0
0000882291,AEMD,2013-06-26,0,1.0627153591005193e-05,1.0
0000882291,AEMD,2013-06-27,0,1.0627153591005193e-05,1.0
0000882291,AEMD,2013-06-28,0,1.0627153591005193e-05,1.0
0000882291,AEMD,2013-07-01,0,1.0627153591005193e-05,1.0
0000882291,AEMD,2013-07-02,0,1.0627153591005193e-05,1.0
0000882291,AEMD,2013-07-03,0,1.0627153591005193e-05,1.0
0000882291,AEMD,2013-07-04,0,1.0627153591005193e-05,1.0
0000882291,AEMD,2013-07-05,0,1.0627153591005193e-05,1.0
0000882291,AEMD,2013-07-08,0,1.0627153591005193e-05,1.0
0000882291,AEMD,2013-07-09,0,1.0627153591005193e-05,1.0
0000882291,AEMD,2013-07-10,0,1.0627153591005193e-05,1.0
0000882291,AEMD,2013-07-11,0,1.0627153591005193e-05,1.0
0000882291,AEMD,2013-07-12,0,1.0627153591005193e-05,1.0
0000882291,AEMD,2013-07-15,0,1.1797916675496058e-05,1.0
0000882291,AEMD,2013-07-16,0,5.37614018422931e-06,1.0
0000882291,AEMD,2013-07-17,0,5.37614018422931e-06,1.0
0000882291,AEMD,2013-07-18,0,5.37614018422931e-06,1.0
0000882291,AEMD,2013-07-19,0,5.37614018422931e-06,1.0
0000882291,AEMD,2013-07-22,0,5.37614018422931e-06,1.0
0000882291,AEMD,2013-07-23,0,5.37614018422931e-06,1.0
0000882291,AEMD,2013-07-24,0,5.37614018422931e-06,1.0
0000882291,AEMD,2013-07-25,0,5.37614018422931e-06,1.0
0000882291,AEMD,2013-07-26,0,5.37614018422931e-06,1.0
0000882291,AEMD,2013-07-29,0,5.37614018422931e-06,1.0
0000882291,AEMD,2013-07-30,0,5.37614018422931e-06,1.0
0000882291,AEMD,2013-07-31,0,5.37614018422931e-06,1.0
0000882291,AEMD,2013-08-01,0,5.37614018422931e-06,1.0
0000882291,AEMD,2013-08-02,0,5.37614018422931e-06,1.0
0000882291,AEMD,2013-08-05,0,5.37614018422931e-06,1.0
0000882291,AEMD,2013-08-06,0,5.37614018422931e-06,1.0
0000882291,AEMD,2013-08-07,0,5.37614018422931e-06,1.0
0000882291,AEMD,2013-08-08,0,5.37614018422931e-06,1.0
0000882291,AEMD,2013-08-09,0,5.37614018422931e-06,1.0
0000882291,AEMD,2013-08-12,0,5.37614018422931e-06,1.0
0000882291,AEMD,2013-08-13,0,4.323245305533487e-06,1.0
0000882291,AEMD,2013-08-14,0,4.323245305533487e-06,1.0
0000882291,AEMD,2013-08-15,0,6.731656548353455e-07,1.0
0000882291,AEMD,2013-08-16,0,6.731656548353455e-07,1.0
0000882291,AEMD,2013-08-19,0,6.731656548353455e-07,1.0
0000882291,AEMD,2013-08-20,0,6.731656548353455e-07,1.0
0000882291,AEMD,2013-08-21,0,6.731656548353455e-07,1.0
0000882291,AEMD,2013-08-22,0,6.731656548353455e-07,1.0
0000882291,AEMD,2013-08-23,0,6.731656548353455e-07,1.0
0000882291,AEMD,2013-08-26,0,6.731656548353455e-07,1.0
0000882291,AEMD,2013-08-27,0,6.731656548353455e-07,1.0
0000882291,AEMD,2013-08-28,0,6.731656548353455e-07,1.0
0000882291,AEMD,2013-08-29,0,6.731656548353455e-07,1.0
0000882291,AEMD,2013-08-30,0,6.731656548353455e-07,1.0
0000882291,AEMD,2013-09-02,0,6.731656548353455e-07,1.0
0000882291,AEMD,2013-09-03,0,6.731656548353455e-07,1.0
0000882291,AEMD,2013-09-04,0,6.731656548353455e-07,1.0
0000882291,AEMD,2013-09-05,0,6.731656548353455e-07,1.0
0000882291,AEMD,2013-09-06,0,6.731656548353455e-07,1.0
0000882291,AEMD,2013-09-09,0,6.731656548353455e-07,1.0
0000882291,AEMD,2013-09-10,0,6.731656548353455e-07,1.0
0000882291,AEMD,2013-09-11,0,6.731656548353455e-07,1.0
0000882291,AEMD,2013-09-12,0,5.92242837196801e-07,1.0
0000882291,AEMD,2013-09-13,0,5.92242837196801e-07,1.0
0000882291,AEMD,2013-09-16,0,5.92242837196801e-07,1.0
0000882291,AEMD,2013-09-17,0,5.92242837196801e-07,1.0
0000882291,AEMD,2013-09-18,0,5.92242837196801e-07,1.0
0000882291,AEMD,2013-09-19,0,5.92242837196801e-07,1.0
0000882291,AEMD,2013-09-20,0,5.92242837196801e-07,1.0
0000882291,AEMD,2013-09-23,0,5.92242837196801e-07,1.0
0000882291,AEMD,2013-09-24,0,5.92242837196801e-07,1.0
0000882291,AEMD,2013-09-25,0,5.92242837196801e-07,1.0
0000882291,AEMD,2013-09-26,0,5.92242837196801e-07,1.0
0000882291,AEMD,2013-09-27,0,5.92242837196801e-07,1.0
0000882291,AEMD,2013-09-30,0,5.92242837196801e-07,1.0
0000882291,AEMD,2013-10-01,0,5.92242837196801e-07,1.0
0000882291,AEMD,2013-10-02,0,5.92242837196801e-07,1.0
0000882291,AEMD,2013-10-03,0,5.92242837196801e-07,1.0
0000882291,AEMD,2013-10-04,0,5.92242837196801e-07,1.0
0000882291,AEMD,2013-10-07,0,5.92242837196801e-07,1.0
0000882291,AEMD,2013-10-08,0,5.92242837196801e-07,1.0
0000882291,AEMD,2013-10-09,0,5.92242837196801e-07,1.0
0000882291,AEMD,2013-10-10,0,5.92242837196801e-07,1.0
0000882291,AEMD,2013-10-11,0,5.92242837196801e-07,1.0
0000882291,AEMD,2013-10-14,0,7.792460181415749e-06,1.0
0000882291,AEMD,2013-10-15,0,7.792460181415749e-06,1.0
0000882291,AEMD,2013-10-16,0,7.792460181415749e-06,1.0
0000882291,AEMD,2013-10-17,0,7.792460181415749e-06,1.0
0000882291,AEMD,2013-10-18,0,7.792460181415749e-06,1.0
0000882291,AEMD,2013-10-21,0,7.792460181415749e-06,1.0
0000882291,AEMD,2013-10-22,0,7.792460181415749e-06,1.0
0000882291,AEMD,2013-10-23,0,7.792460181415749e-06,1.0
0000882291,AEMD,2013-10-24,0,7.792460181415749e-06,1.0
0000882291,AEMD,2013-10-25,0,7.792460181415749e-06,1.0
0000882291,AEMD,2013-10-28,0,7.792460181415749e-06,1.0
0000882291,AEMD,2013-10-29,0,7.792460181415749e-06,1.0
0000882291,AEMD,2013-10-30,0,7.792460181415749e-06,1.0
0000882291,AEMD,2013-10-31,0,7.792460181415749e-06,1.0
0000882291,AEMD,2013-11-01,0,7.792460181415749e-06,1.0
0000882291,AEMD,2013-11-04,0,7.792460181415749e-06,1.0
0000882291,AEMD,2013-11-05,0,7.792460181415749e-06,1.0
0000882291,AEMD,2013-11-06,0,8.170424237739088e-06,1.0
0000882291,AEMD,2013-11-07,0,8.170424237739088e-06,1.0
0000882291,AEMD,2013-11-08,0,8.170424237739088e-06,1.0
0000882291,AEMD,2013-11-11,0,1.065082881214053e-05,1.0
0000882291,AEMD,2013-11-12,0,1.065082881214053e-05,1.0
0000882291,AEMD,2013-11-13,0,1.065082881214053e-05,1.0
0000882291,AEMD,2013-11-14,0,7.986769701544228e-06,1.0
0000882291,AEMD,2013-11-15,0,7.986769701544228e-06,1.0
0000882291,AEMD,2013-11-18,0,7.986769701544228e-06,1.0
0000882291,AEMD,2013-11-19,0,7.986769701544228e-06,1.0
0000882291,AEMD,2013-11-20,0,7.986769701544228e-06,1.0
0000882291,AEMD,2013-11-21,0,6.9156396526977906e-06,1.0
0000882291,AEMD,2013-11-22,0,6.885991733709577e-06,1.0
0000882291,AEMD,2013-11-25,0,6.885991733709577e-06,1.0
0000882291,AEMD,2013-11-26,0,6.885991733709577e-06,1.0
0000882291,AEMD,2013-11-27,0,6.885991733709577e-06,1.0
0000882291,AEMD,2013-11-28,0,6.885991733709577e-06,1.0
0000882291,AEMD,2013-11-29,0,6.885991733709577e-06,1.0
0000882291,AEMD,2013-12-02,0,6.885991733709577e-06,1.0
0000882291,AEMD,2013-12-03,0,6.885991733709577e-06,1.0
0000882291,AEMD,2013-12-04,0,6.885991733709577e-06,1.0
0000882291,AEMD,2013-12-05,0,6.885991733709577e-06,1.0
0000882291,AEMD,2013-12-06,0,7.0446916923951345e-06,1.0
0000882291,AEMD,2013-12-09,0,7.0446916923951345e-06,1.0
0000882291,AEMD,2013-12-10,0,7.0446916923951345e-06,1.0
0000882291,AEMD,2013-12-11,0,7.0446916923951345e-06,1.0
0000882291,AEMD,2013-12-12,0,7.0446916923951345e-06,1.0
0000882291,AEMD,2013-12-13,0,7.0446916923951345e-06,1.0
0000882291,AEMD,2013-12-16,0,5.62619138719463e-06,1.0
0000882291,AEMD,2013-12-17,0,5.602071408566147e-06,1.0
0000882291,AEMD,2013-12-18,0,5.602071408566147e-06,1.0
0000882291,AEMD,2013-12-19,0,5.602071408566147e-06,1.0
0000882291,AEMD,2013-12-20,0,5.602071408566147e-06,1.0
0000882291,AEMD,2013-12-23,0,5.724270365708156e-06,1.0
0000882291,AEMD,2013-12-24,0,5.724270365708156e-06,1.0
0000882291,AEMD,2013-12-25,0,5.724270365708156e-06,1.0
0000882291,AEMD,2013-12-26,0,5.724270365708156e-06,1.0
0000882291,AEMD,2013-12-27,0,5.724270365708156e-06,1.0
0000882291,AEMD,2013-12-30,0,5.724270365708156e-06,1.0
0000882291,AEMD,2013-12-31,0,5.724270365708156e-06,1.0
0000882291,AEMD,2014-01-01,0,5.724270365708156e-06,1.0
0000882291,AEMD,2014-01-02,0,5.724270365708156e-06,1.0
0000882291,AEMD,2014-01-03,0,5.724270365708156e-06,1.0
0000882291,AEMD,2014-01-06,0,5.724270365708156e-06,1.0
0000882291,AEMD,2014-01-07,0,5.724270365708156e-06,1.0
0000882291,AEMD,2014-01-08,0,4.956569500708139e-06,1.0
0000882291,AEMD,2014-01-09,0,4.956569500708139e-06,1.0
0000882291,AEMD,2014-01-10,0,4.956569500708139e-06,1.0
0000882291,AEMD,2014-01-13,0,5.140108846382868e-06,1.0
0000882291,AEMD,2014-01-14,0,5.140108846382868e-06,1.0
0000882291,AEMD,2014-01-15,0,5.258572032241435e-06,1.0
0000882291,AEMD,2014-01-16,0,5.252230986804197e-06,1.0
0000882291,AEMD,2014-01-17,0,5.252230986804197e-06,1.0
0000882291,AEMD,2014-01-20,0,5.252230986804197e-06,1.0
0000882291,AEMD,2014-01-21,0,5.252230986804197e-06,1.0
0000882291,AEMD,2014-01-22,0,5.252230986804197e-06,1.0
0000882291,AEMD,2014-01-23,0,5.252230986804197e-06,1.0
0000882291,AEMD,2014-01-24,0,5.252230986804197e-06,1.0
0000882291,AEMD,2014-01-27,0,5.252230986804197e-06,1.0
0000882291,AEMD,2014-01-28,0,5.252230986804197e-06,1.0
0000882291,AEMD,2014-01-29,0,5.252230986804197e-06,1.0
0000882291,AEMD,2014-01-30,0,5.252230986804197e-06,1.0
0000882291,AEMD,2014-01-31,0,5.252230986804197e-06,1.0
0000882291,AEMD,2014-02-03,0,5.252230986804197e-06,1.0
0000882291,AEMD,2014-02-04,0,5.91663666982611e-06,1.0
0000882291,AEMD,2014-02-05,0,5.91663666982611e-06,1.0
0000882291,AEMD,2014-02-06,0,5.91663666982611e-06,1.0
0000882291,AEMD,2014-02-07,0,4.7756869584504845e-06,1.0
0000882291,AEMD,2014-02-10,0,4.661957303748681e-06,1.0
0000882291,AEMD,2014-02-11,0,3.866482844163925e-06,1.0
0000882291,AEMD,2014-02-12,0,5.789510945612866e-06,1.0
0000882291,AEMD,2014-02-13,0,5.789510945612866e-06,1.0
0000882291,AEMD,2014-02-14,0,5.789510945612866e-06,1.0
0000882291,AEMD,2014-02-17,0,5.789510945612866e-06,1.0
0000882291,AEMD,2014-02-18,0,5.789510945612866e-06,1.0
0000882291,AEMD,2014-02-19,0,6.521881942948367e-06,1.0
0000882291,AEMD,2014-02-20,0,6.56129752206861e-06,1.0
0000882291,AEMD,2014-02-21,0,6.56129752206861e-06,1.0
0000882291,AEMD,2014-02-24,0,6.56129752206861e-06,1.0
0000882291,AEMD,2014-02-25,0,6.56129752206861e-06,1.0
0000882291,AEMD,2014-02-26,0,6.56129752206861e-06,1.0
0000882291,AEMD,2014-02-27,0,6.317768706985666e-06,1.0
0000882291,AEMD,2014-02-28,0,6.317768706985666e-06,1.0
0000882291,AEMD,2014-03-03,0,6.317768706985666e-06,1.0
0000882291,AEMD,2014-03-04,0,6.317768706985666e-06,1.0
0000882291,AEMD,2014-03-05,0,6.317768706985666e-06,1.0
0000882291,AEMD,2014-03-06,0,6.317768706985666e-06,1.0
0000882291,AEMD,2014-03-07,0,6.317768706985666e-06,1.0
0000882291,AEMD,2014-03-10,0,6.317768706985666e-06,1.0
0000882291,AEMD,2014-03-11,0,6.317768706985666e-06,1.0
0000882291,AEMD,2014-03-12,0,6.317768706985666e-06,1.0
0000882291,AEMD,2014-03-13,0,6.317768706985666e-06,1.0
0000882291,AEMD,2014-03-14,0,5.869473650126846e-06,1.0
0000882291,AEMD,2014-03-17,0,6.611959833181906e-06,1.0
0000882291,AEMD,2014-03-18,0,6.651919802498557e-06,1.0
0000882291,AEMD,2014-03-19,0,6.651919802498557e-06,1.0
0000882291,AEMD,2014-03-20,0,6.651919802498557e-06,1.0
0000882291,AEMD,2014-03-21,0,6.651919802498557e-06,1.0
0000882291,AEMD,2014-03-24,0,6.651919802498557e-06,1.0
0000882291,AEMD,2014-03-25,0,6.651919802498557e-06,1.0
0000882291,AEMD,2014-03-26,0,6.651919802498557e-06,1.0
0000882291,AEMD,2014-03-27,0,6.651919802498557e-06,1.0
0000882291,AEMD,2014-03-28,0,6.651919802498557e-06,1.0
0000882291,AEMD,2014-03-31,0,5.285619441070527e-06,1.0
0000882291,AEMD,2014-04-01,0,5.285619441070527e-06,1.0
0000882291,AEMD,2014-04-02,0,5.285619441070527e-06,1.0
0000882291,AEMD,2014-04-03,0,5.285619441070527e-06,1.0
0000882291,AEMD,2014-04-04,0,5.285619441070527e-06,1.0
0000882291,AEMD,2014-04-07,0,6.029540958256226e-06,1.0
0000882291,AEMD,2014-04-08,0,6.029540958256226e-06,1.0
0000882291,AEMD,2014-04-09,0,6.792275457340582e-06,1.0
0000882291,AEMD,2014-04-10,0,6.792275457340582e-06,1.0
0000882291,AEMD,2014-04-11,0,6.792275457340582e-06,1.0
0000882291,AEMD,2014-04-14,0,6.792275457340582e-06,1.0
0000882291,AEMD,2014-04-15,0,6.792275457340582e-06,1.0
0000882291,AEMD,2014-04-16,0,6.792275457340582e-06,1.0
0000882291,AEMD,2014-04-17,0,6.792275457340582e-06,1.0
0000882291,AEMD,2014-04-18,0,6.792275457340582e-06,1.0
0000882291,AEMD,2014-04-21,0,6.792275457340582e-06,1.0
0000882291,AEMD,2014-04-22,0,6.792275457340582e-06,1.0
0000882291,AEMD,2014-04-23,0,6.792275457340582e-06,1.0
0000882291,AEMD,2014-04-24,0,6.792275457340582e-06,1.0
0000882291,AEMD,2014-04-25,0,6.792275457340582e-06,1.0
0000882291,AEMD,2014-04-28,0,6.792275457340582e-06,1.0
0000882291,AEMD,2014-04-29,0,6.792275457340582e-06,1.0
0000882291,AEMD,2014-04-30,0,6.792275457340582e-06,1.0
0000882291,AEMD,2014-05-01,0,6.792275457340582e-06,1.0
0000882291,AEMD,2014-05-02,0,6.792275457340582e-06,1.0
0000882291,AEMD,2014-05-05,0,6.792275457340582e-06,1.0
0000882291,AEMD,2014-05-06,0,6.805669972222158e-06,1.0
0000882291,AEMD,2014-05-07,0,5.553259856992454e-06,1.0
0000882291,AEMD,2014-05-08,0,5.553259856992454e-06,1.0
0000882291,AEMD,2014-05-09,0,5.553259856992454e-06,1.0
0000882291,AEMD,2014-05-12,0,5.553259856992454e-06,1.0
0000882291,AEMD,2014-05-13,0,8.01996845133592e-06,1.0
0000882291,AEMD,2014-05-14,0,7.730960805538207e-06,1.0
0000882291,AEMD,2014-05-15,0,7.730960805538207e-06,1.0
0000882291,AEMD,2014-05-16,0,7.730960805538207e-06,1.0
0000882291,AEMD,2014-05-19,0,7.730960805538207e-06,1.0
0000882291,AEMD,2014-05-20,0,7.730960805538207e-06,1.0
0000882291,AEMD,2014-05-21,0,7.746206413996449e-06,1.0
0000882291,AEMD,2014-05-22,0,7.741964349492087e-06,1.0
0000882291,AEMD,2014-05-23,0,7.438060000060015e-06,1.0
0000882291,AEMD,2014-05-26,0,7.438060000060015e-06,1.0
0000882291,AEMD,2014-05-27,0,7.438060000060015e-06,1.0
0000882291,AEMD,2014-05-28,0,7.438060000060015e-06,1.0
0000882291,AEMD,2014-05-29,0,9.061684624218296e-06,1.0
0000882291,AEMD,2014-05-30,0,9.061684624218296e-06,1.0
0000882291,AEMD,2014-06-02,0,9.061684624218296e-06,1.0
0000882291,AEMD,2014-06-03,0,9.061684624218296e-06,1.0
0000882291,AEMD,2014-06-04,0,9.061684624218296e-06,1.0
0000882291,AEMD,2014-06-05,0,9.061684624218296e-06,1.0
0000882291,AEMD,2014-06-06,0,9.061684624218296e-06,1.0
0000882291,AEMD,2014-06-09,0,9.061684624218296e-06,1.0
0000882291,AEMD,2014-06-10,0,9.061684624218296e-06,1.0
0000882291,AEMD,2014-06-11,0,9.061684624218296e-06,1.0
0000882291,AEMD,2014-06-12,0,9.061684624218296e-06,1.0
0000882291,AEMD,2014-06-13,0,9.061684624218296e-06,1.0
0000882291,AEMD,2014-06-16,0,9.074582181803911e-06,1.0
0000882291,AEMD,2014-06-17,0,9.074582181803911e-06,1.0
0000882291,AEMD,2014-06-18,0,9.074582181803911e-06,1.0
0000882291,AEMD,2014-06-19,0,9.074582181803911e-06,1.0
0000882291,AEMD,2014-06-20,0,9.074582181803911e-06,1.0
0000882291,AEMD,2014-06-23,0,8.274254468501716e-06,1.0
0000882291,AEMD,2014-06-24,0,8.274254468501716e-06,1.0
0000882291,AEMD,2014-06-25,0,8.274254468501716e-06,1.0
0000882291,AEMD,2014-06-26,0,8.274254468501716e-06,1.0
0000882291,AEMD,2014-06-27,0,8.274254468501716e-06,1.0
0000882291,AEMD,2014-06-30,0,9.358049557048687e-06,1.0
0000882291,AEMD,2014-07-01,0,9.358049557048687e-06,1.0
0000882291,AEMD,2014-07-02,0,9.358049557048687e-06,1.0
0000882291,AEMD,2014-07-03,0,9.358049557048687e-06,1.0
0000882291,AEMD,2014-07-04,0,9.358049557048687e-06,1.0
0000882291,AEMD,2014-07-07,0,9.985391617064901e-06,1.0
0000882291,AEMD,2014-07-08,0,1.000508296343777e-05,1.0
0000882291,AEMD,2014-07-09,0,1.000508296343777e-05,1.0
0000882291,AEMD,2014-07-10,0,8.927769981515543e-06,1.0
0000882291,AEMD,2014-07-11,0,8.927769981515543e-06,1.0
0000882291,AEMD,2014-07-14,0,8.927769981515543e-06,1.0
0000882291,AEMD,2014-07-15,0,2.1526942093175707e-06,1.0
0000882291,AEMD,2014-07-16,0,2.1526942093175707e-06,1.0
0000882291,AEMD,2014-07-17,0,2.1526942093175707e-06,1.0
0000882291,AEMD,2014-07-18,0,2.1526942093175707e-06,1.0
0000882291,AEMD,2014-07-21,0,2.1526942093175707e-06,1.0
0000882291,AEMD,2014-07-22,0,2.1526942093175707e-06,1.0
0000882291,AEMD,2014-07-23,0,2.1526942093175707e-06,1.0
0000882291,AEMD,2014-07-24,0,2.1526942093175707e-06,1.0
0000882291,AEMD,2014-07-25,0,2.1526942093175707e-06,1.0
0000882291,AEMD,2014-07-28,0,2.0799620019275325e-06,1.0
0000882291,AEMD,2014-07-29,0,2.0799620019275325e-06,1.0
0000882291,AEMD,2014-07-30,0,2.145947153134255e-06,1.0
0000882291,AEMD,2014-07-31,0,2.145947153134255e-06,1.0
0000882291,AEMD,2014-08-01,0,2.145947153134255e-06,1.0
0000882291,AEMD,2014-08-04,0,2.145947153134255e-06,1.0
0000882291,AEMD,2014-08-05,0,2.145947153134255e-06,1.0
0000882291,AEMD,2014-08-06,0,2.145947153134255e-06,1.0
0000882291,AEMD,2014-08-07,0,2.145947153134255e-06,1.0
0000882291,AEMD,2014-08-08,0,2.145947153134255e-06,1.0
0000882291,AEMD,2014-08-11,0,2.1412666960659682e-06,1.0
0000882291,AEMD,2014-08-12,0,2.1412666960659682e-06,1.0
0000882291,AEMD,2014-08-13,0,2.1412666960659682e-06,1.0
0000882291,AEMD,2014-08-14,0,1.0438125589619354e-06,1.0
0000882291,AEMD,2014-08-15,0,1.0438125589619354e-06,1.0
0000882291,AEMD,2014-08-18,0,1.0438125589619354e-06,1.0
0000882291,AEMD,2014-08-19,0,1.0438125589619354e-06,1.0
0000882291,AEMD,2014-08-20,0,1.0438125589619354e-06,1.0
0000882291,AEMD,2014-08-21,0,1.1742184454927913e-06,1.0
0000882291,AEMD,2014-08-22,0,1.1742184454927913e-06,1.0
0000882291,AEMD,2014-08-25,0,1.1742184454927913e-06,1.0
0000882291,AEMD,2014-08-26,0,1.1742184454927913e-06,1.0
0000882291,AEMD,2014-08-27,0,1.1569636227932858e-06,1.0
0000882291,AEMD,2014-08-28,0,1.1569636227932858e-06,1.0
0000882291,AEMD,2014-08-29,0,1.1569636227932858e-06,1.0
0000882291,AEMD,2014-09-01,0,1.1569636227932858e-06,1.0
0000882291,AEMD,2014-09-02,0,1.1569636227932858e-06,1.0
0000882291,AEMD,2014-09-03,0,1.1569636227932858e-06,1.0
0000882291,AEMD,2014-09-04,0,1.1569636227932858e-06,1.0
0000882291,AEMD,2014-09-05,0,1.1569636227932858e-06,1.0
0000882291,AEMD,2014-09-08,0,1.1569636227932858e-06,1.0
0000882291,AEMD,2014-09-09,0,1.1569636227932858e-06,1.0
0000882291,AEMD,2014-09-10,0,1.1569636227932858e-06,1.0
0000882291,AEMD,2014-09-11,0,1.1569636227932858e-06,1.0
0000882291,AEMD,2014-09-12,0,1.1569636227932858e-06,1.0
0000882291,AEMD,2014-09-15,0,1.0352226442738634e-06,1.0
0000882291,AEMD,2014-09-16,0,1.0352226442738634e-06,1.0
0000882291,AEMD,2014-09-17,0,1.0352226442738634e-06,1.0
0000882291,AEMD,2014-09-18,0,1.0352226442738634e-06,1.0
0000882291,AEMD,2014-09-19,0,1.0352226442738634e-06,1.0
0000882291,AEMD,2014-09-22,0,1.0352226442738634e-06,1.0
0000882291,AEMD,2014-09-23,0,1.0352226442738634e-06,1.0
0000882291,AEMD,2014-09-24,0,1.0352226442738634e-06,1.0
0000882291,AEMD,2014-09-25,0,1.0352226442738634e-06,1.0
0000882291,AEMD,2014-09-26,0,1.0352226442738634e-06,1.0
0000882291,AEMD,2014-09-29,0,1.118014385506118e-06,1.0
0000882291,AEMD,2014-09-30,0,1.118014385506118e-06,1.0
0000882291,AEMD,2014-10-01,0,1.118014385506118e-06,1.0
0000882291,AEMD,2014-10-02,0,1.1883279009140334e-06,1.0
0000882291,AEMD,2014-10-03,0,1.1883279009140334e-06,1.0
0000882291,AEMD,2014-10-06,0,1.1965559013430796e-06,1.0
0000882291,AEMD,2014-10-07,0,1.1965559013430796e-06,1.0
0000882291,AEMD,2014-10-08,0,1.292250223565646e-06,1.0
0000882291,AEMD,2014-10-09,0,1.292250223565646e-06,1.0
0000882291,AEMD,2014-10-10,0,1.292250223565646e-06,1.0
0000882291,AEMD,2014-10-13,0,7.98923216976806e-06,1.0
0000882291,AEMD,2014-10-14,0,7.98923216976806e-06,1.0
0000882291,AEMD,2014-10-15,0,7.98923216976806e-06,1.0
0000882291,AEMD,2014-10-16,0,7.98923216976806e-06,1.0
0000882291,AEMD,2014-10-17,0,7.98923216976806e-06,1.0
0000882291,AEMD,2014-10-20,0,7.98923216976806e-06,1.0
0000882291,AEMD,2014-10-21,0,7.98923216976806e-06,1.0
0000882291,AEMD,2014-10-22,0,7.98923216976806e-06,1.0
0000882291,AEMD,2014-10-23,0,7.98923216976806e-06,1.0
0000882291,AEMD,2014-10-24,0,7.98923216976806e-06,1.0
0000882291,AEMD,2014-10-27,0,8.844544171964924e-06,1.0
0000882291,AEMD,2014-10-28,0,8.844544171964924e-06,1.0
0000882291,AEMD,2014-10-29,0,8.844544171964924e-06,1.0
0000882291,AEMD,2014-10-30,0,8.844544171964924e-06,1.0
0000882291,AEMD,2014-10-31,0,8.844544171964924e-06,1.0
0000882291,AEMD,2014-11-03,0,7.788289992648188e-06,1.0
0000882291,AEMD,2014-11-04,0,7.788289992648188e-06,1.0
0000882291,AEMD,2014-11-05,0,7.788289992648188e-06,1.0
0000882291,AEMD,2014-11-06,0,7.788289992648188e-06,1.0
0000882291,AEMD,2014-11-07,0,7.788289992648188e-06,1.0
0000882291,AEMD,2014-11-10,0,6.175693670418423e-06,1.0
0000882291,AEMD,2014-11-11,0,6.175693670418423e-06,1.0
0000882291,AEMD,2014-11-12,0,7.3992836159123045e-06,1.0
0000882291,AEMD,2014-11-13,0,7.3992836159123045e-06,1.0
0000882291,AEMD,2014-11-14,0,7.3992836159123045e-06,1.0
0000882291,AEMD,2014-11-17,0,7.3992836159123045e-06,1.0
0000882291,AEMD,2014-11-18,0,7.3992836159123045e-06,1.0
0000882291,AEMD,2014-11-19,0,7.510326737024958e-06,1.0
0000882291,AEMD,2014-11-20,0,7.510326737024958e-06,1.0
0000882291,AEMD,2014-11-21,0,7.510326737024958e-06,1.0
0000882291,AEMD,2014-11-24,0,7.510326737024958e-06,1.0
0000882291,AEMD,2014-11-25,0,7.510326737024958e-06,1.0
0000882291,AEMD,2014-11-26,0,7.465154300124515e-06,1.0
0000882291,AEMD,2014-11-27,0,7.866758246149324e-06,1.0
0000882291,AEMD,2014-11-28,0,7.866758246149324e-06,1.0
0000882291,AEMD,2014-12-01,0,7.866758246149324e-06,1.0
0000882291,AEMD,2014-12-02,0,7.866758246149324e-06,1.0
0000882291,AEMD,2014-12-03,0,7.471460694360486e-06,1.0
0000882291,AEMD,2014-12-04,0,7.471460694360486e-06,1.0
0000882291,AEMD,2014-12-05,0,7.471460694360486e-06,1.0
0000882291,AEMD,2014-12-08,0,7.471460694360486e-06,1.0
0000882291,AEMD,2014-12-09,0,7.471460694360486e-06,1.0
0000882291,AEMD,2014-12-10,0,7.0001774324165486e-06,1.0
0000882291,AEMD,2014-12-11,0,7.0001774324165486e-06,1.0
0000882291,AEMD,2014-12-12,0,7.0001774324165486e-06,1.0
0000882291,AEMD,2014-12-15,0,7.0001774324165486e-06,1.0
0000882291,AEMD,2014-12-16,0,7.0001774324165486e-06,1.0
0000882291,AEMD,2014-12-17,0,7.0001774324165486e-06,1.0
0000882291,AEMD,2014-12-18,0,7.0001774324165486e-06,1.0
0000882291,AEMD,2014-12-19,0,7.0001774324165486e-06,1.0
0000882291,AEMD,2014-12-22,0,7.0001774324165486e-06,1.0
0000882291,AEMD,2014-12-23,0,7.0001774324165486e-06,1.0
0000882291,AEMD,2014-12-24,0,7.0001774324165486e-06,1.0
0000882291,AEMD,2014-12-25,0,7.0001774324165486e-06,1.0
0000882291,AEMD,2014-12-26,0,7.0001774324165486e-06,1.0
0000882291,AEMD,2014-12-29,0,6.185124973281043e-06,1.0
0000882291,AEMD,2014-12-30,0,6.185124973281043e-06,1.0
0000882291,AEMD,2014-12-31,0,1.32906165571372e-06,1.0
0000882291,AEMD,2015-01-01,0,1.32906165571372e-06,1.0
0000882291,AEMD,2015-01-02,0,1.3099568412990894e-06,1.0
0000882291,AEMD,2015-01-05,0,1.3099568412990894e-06,1.0
0000882291,AEMD,2015-01-06,0,1.31758270680389e-06,1.0
0000882291,AEMD,2015-01-07,0,1.31758270680389e-06,1.0
0000882291,AEMD,2015-01-08,0,1.31758270680389e-06,1.0
0000882291,AEMD,2015-01-09,0,1.31758270680389e-06,1.0
0000882291,AEMD,2015-01-12,0,1.2307558444579861e-06,1.0
0000882291,AEMD,2015-01-13,0,1.2307558444579861e-06,1.0
0000882291,AEMD,2015-01-14,0,1.2307558444579861e-06,1.0
0000882291,AEMD,2015-01-15,0,1.2307558444579861e-06,1.0
0000882291,AEMD,2015-01-16,0,1.2307558444579861e-06,1.0
0000882291,AEMD,2015-01-19,0,1.2307558444579861e-06,1.0
0000882291,AEMD,2015-01-20,0,1.2307558444579861e-06,1.0
0000882291,AEMD,2015-01-21,0,1.2307558444579861e-06,1.0
0000882291,AEMD,2015-01-22,0,1.2307558444579861e-06,1.0
0000882291,AEMD,2015-01-23,0,1.2307558444579861e-06,1.0
0000882291,AEMD,2015-01-26,0,1.2628529056074795e-06,1.0
0000882291,AEMD,2015-01-27,0,1.2628529056074795e-06,1.0
0000882291,AEMD,2015-01-28,0,1.2628529056074795e-06,1.0
0000882291,AEMD,2015-01-29,0,1.2628529056074795e-06,1.0
0000882291,AEMD,2015-01-30,0,2.8413400921656e-07,1.0
0000882291,AEMD,2015-02-02,0,2.8413400921656e-07,1.0
0000882291,AEMD,2015-02-03,0,2.8413400921656e-07,1.0
0000882291,AEMD,2015-02-04,0,2.8413400921656e-07,1.0
0000882291,AEMD,2015-02-05,0,2.8413400921656e-07,1.0
0000882291,AEMD,2015-02-06,0,2.8413400921656e-07,1.0
0000882291,AEMD,2015-02-09,0,3.9339714126244963e-07,1.0
0000882291,AEMD,2015-02-10,0,3.869850576081451e-07,1.0
0000882291,AEMD,2015-02-11,0,3.154846192508336e-07,1.0
0000882291,AEMD,2015-02-12,0,3.154846192508336e-07,1.0
0000882291,AEMD,2015-02-13,0,3.154846192508336e-07,1.0
0000882291,AEMD,2015-02-16,0,3.154846192508336e-07,1.0
0000882291,AEMD,2015-02-17,0,3.154846192508336e-07,1.0
0000882291,AEMD,2015-02-18,0,3.154846192508336e-07,1.0
0000882291,AEMD,2015-02-19,0,3.154846192508336e-07,1.0
0000882291,AEMD,2015-02-20,0,3.154846192508336e-07,1.0
0000882291,AEMD,2015-02-23,0,3.154846192508336e-07,1.0
0000882291,AEMD,2015-02-24,0,3.154846192508336e-07,1.0
0000882291,AEMD,2015-02-25,0,3.386686761772331e-07,1.0
0000882291,AEMD,2015-02-26,0,3.386686761772331e-07,1.0
0000882291,AEMD,2015-02-27,0,3.386686761772331e-07,1.0
0000882291,AEMD,2015-03-02,0,3.386686761772331e-07,1.0
0000882291,AEMD,2015-03-03,0,3.6406321758418567e-07,1.0
0000882291,AEMD,2015-03-04,0,3.6406321758418567e-07,1.0
0000882291,AEMD,2015-03-05,0,3.6406321758418567e-07,1.0
0000882291,AEMD,2015-03-06,0,3.6406321758418567e-07,1.0
0000882291,AEMD,2015-03-09,0,3.6406321758418567e-07,1.0
0000882291,AEMD,2015-03-10,0,3.6406321758418567e-07,1.0
0000882291,AEMD,2015-03-11,0,3.6406321758418567e-07,1.0
0000882291,AEMD,2015-03-12,0,3.6406321758418567e-07,1.0
0000882291,AEMD,2015-03-13,0,3.6406321758418567e-07,1.0
0000882291,AEMD,2015-03-16,0,3.12284476160528e-07,1.0
0000882291,AEMD,2015-03-17,0,3.3192450800233645e-07,1.0
0000882291,AEMD,2015-03-18,0,3.3192450800233645e-07,1.0
0000882291,AEMD,2015-03-19,0,3.3192450800233645e-07,1.0
0000882291,AEMD,2015-03-20,0,3.3192450800233645e-07,1.0
0000882291,AEMD,2015-03-23,0,3.3192450800233645e-07,1.0
0000882291,AEMD,2015-03-24,0,3.3192450800233645e-07,1.0
0000882291,AEMD,2015-03-25,0,3.3192450800233645e-07,1.0
0000882291,AEMD,2015-03-26,0,3.3192450800233645e-07,1.0
0000882291,AEMD,2015-03-27,0,3.3192450800233645e-07,1.0
0000882291,AEMD,2015-03-30,0,3.3192450800233645e-07,1.0
0000882291,AEMD,2015-03-31,0,3.344058927825899e-07,1.0
0000882291,AEMD,2015-04-01,0,6.845610092273987e-06,1.0
0000882291,AEMD,2015-04-02,0,6.845610092273987e-06,1.0
0000882291,AEMD,2015-04-03,0,6.845610092273987e-06,1.0
0000882291,AEMD,2015-04-06,0,6.845610092273987e-06,1.0
0000882291,AEMD,2015-04-07,0,6.845610092273987e-06,1.0
0000882291,AEMD,2015-04-08,0,6.845610092273987e-06,1.0
0000882291,AEMD,2015-04-09,0,6.845610092273987e-06,1.0
0000882291,AEMD,2015-04-10,0,6.845610092273987e-06,1.0
0000882291,AEMD,2015-04-13,0,6.845610092273987e-06,1.0
0000882291,AEMD,2015-04-14,0,6.845610092273987e-06,1.0
0000882291,AEMD,2015-04-15,0,7.751980955503082e-06,1.0
0000882291,AEMD,2015-04-16,0,8.026907629733074e-06,1.0
0000882291,AEMD,2015-04-17,0,8.026907629733074e-06,1.0
0000882291,AEMD,2015-04-20,0,2.880075099564448e-07,1.0
0000882291,AEMD,2015-04-21,0,2.880075099564448e-07,1.0
0000882291,AEMD,2015-04-22,0,2.880075099564448e-07,1.0
0000882291,AEMD,2015-04-23,0,2.880075099564448e-07,1.0
0000882291,AEMD,2015-04-24,0,2.880075099564448e-07,1.0
0000882291,AEMD,2015-04-27,0,2.87219757825324e-07,1.0
0000882291,AEMD,2015-04-28,0,2.87219757825324e-07,1.0
0000882291,AEMD,2015-04-29,0,2.87219757825324e-07,1.0
0000882291,AEMD,2015-04-30,0,2.87219757825324e-07,1.0
0000882291,AEMD,2015-05-01,0,2.87219757825324e-07,1.0
0000882291,AEMD,2015-05-04,0,2.87219757825324e-07,1.0
0000882291,AEMD,2015-05-05,0,2.87219757825324e-07,1.0
0000882291,AEMD,2015-05-06,0,2.87219757825324e-07,1.0
0000882291,AEMD,2015-05-07,0,2.87219757825324e-07,1.0
0000882291,AEMD,2015-05-08,0,2.87219757825324e-07,1.0
0000882291,AEMD,2015-05-11,0,2.7884810927607076e-07,1.0
0000882291,AEMD,2015-05-12,0,2.7884810927607076e-07,1.0
0000882291,AEMD,2015-05-13,0,4.1253484975157584e-07,1.0
0000882291,AEMD,2015-05-14,0,4.1253484975157584e-07,1.0
0000882291,AEMD,2015-05-15,0,3.4633018142748104e-07,1.0
0000882291,AEMD,2015-05-18,0,3.4633018142748104e-07,1.0
0000882291,AEMD,2015-05-19,0,3.4633018142748104e-07,1.0
0000882291,AEMD,2015-05-20,0,5.208635406487379e-08,1.0
0000882291,AEMD,2015-05-21,0,5.208635406487379e-08,1.0
0000882291,AEMD,2015-05-22,0,5.208635406487379e-08,1.0
0000882291,AEMD,2015-05-25,0,5.208635406487379e-08,1.0
0000882291,AEMD,2015-05-26,0,5.208635406487379e-08,1.0
0000882291,AEMD,2015-05-27,0,5.241827934755593e-08,1.0
0000882291,AEMD,2015-05-28,0,5.241827934755593e-08,1.0
0000882291,AEMD,2015-05-29,0,5.241827934755593e-08,1.0
0000882291,AEMD,2015-06-01,0,5.241827934755593e-08,1.0
0000882291,AEMD,2015-06-02,0,5.207484172064728e-08,1.0
0000882291,AEMD,2015-06-03,0,5.207484172064728e-08,1.0
0000882291,AEMD,2015-06-04,0,5.207484172064728e-08,1.0
0000882291,AEMD,2015-06-05,0,5.207484172064728e-08,1.0
0000882291,AEMD,2015-06-08,0,5.207484172064728e-08,1.0
0000882291,AEMD,2015-06-09,0,5.207484172064728e-08,1.0
0000882291,AEMD,2015-06-10,0,5.207484172064728e-08,1.0
0000882291,AEMD,2015-06-11,0,5.207484172064728e-08,1.0
0000882291,AEMD,2015-06-12,0,5.207484172064728e-08,1.0
0000882291,AEMD,2015-06-15,0,5.52320516405562e-08,1.0
0000882291,AEMD,2015-06-16,0,5.52320516405562e-08,1.0
0000882291,AEMD,2015-06-17,0,5.52320516405562e-08,1.0
0000882291,AEMD,2015-06-18,0,5.52320516405562e-08,1.0
0000882291,AEMD,2015-06-19,0,5.52320516405562e-08,1.0
0000882291,AEMD,2015-06-22,0,5.52320516405562e-08,1.0
0000882291,AEMD,2015-06-23,0,5.52320516405562e-08,1.0
0000882291,AEMD,2015-06-24,0,6.21988334291239e-08,1.0
0000882291,AEMD,2015-06-25,0,6.21988334291239e-08,1.0
0000882291,AEMD,2015-06-26,0,4.129199826821325e-09,1.0
0000882291,AEMD,2015-06-29,0,4.129199826821325e-09,1.0
0000882291,AEMD,2015-06-30,0,3.3060195731698463e-09,1.0
0000882291,AEMD,2015-07-01,0,3.3060195731698463e-09,1.0
0000882291,AEMD,2015-07-02,0,3.3060195731698463e-09,1.0
0000882291,AEMD,2015-07-03,0,3.3060195731698463e-09,1.0
0000882291,AEMD,2015-07-06,0,3.3060195731698463e-09,1.0
0000882291,AEMD,2015-07-07,0,3.3060195731698463e-09,1.0
0000882291,AEMD,2015-07-08,0,3.3060195731698463e-09,1.0
0000882291,AEMD,2015-07-09,0,3.3060195731698463e-09,1.0
0000882291,AEMD,2015-07-10,0,3.3060195731698463e-09,1.0
0000882291,AEMD,2015-07-13,0,3.3060195731698463e-09,1.0
0000882291,AEMD,2015-07-14,0,7.435668049093912e-09,1.0
0000882291,AEMD,2015-07-15,0,7.435668049093912e-09,1.0
0000882291,AEMD,2015-07-16,0,7.435668049093912e-09,1.0
0000882291,AEMD,2015-07-17,0,7.435668049093912e-09,1.0
0000882291,AEMD,2015-07-20,0,9.530363763133456e-07,1.0
0000882291,AEMD,2015-07-21,0,9.530363763133456e-07,1.0
0000882291,AEMD,2015-07-22,0,9.530363763133456e-07,1.0
0000882291,AEMD,2015-07-23,0,9.530363763133456e-07,1.0
0000882291,AEMD,2015-07-24,0,2.6404016592611045e-08,1.0
0000882291,AEMD,2015-07-27,0,7.787773222985882e-09,1.0
0000882291,AEMD,2015-07-28,0,7.787773222985882e-09,1.0
0000882291,AEMD,2015-07-29,0,7.787773222985882e-09,1.0
0000882291,AEMD,2015-07-30,0,7.787773222985882e-09,1.0
0000882291,AEMD,2015-07-31,0,7.787773222985882e-09,1.0
0000882291,AEMD,2015-08-03,0,7.787773222985882e-09,1.0
0000882291,AEMD,2015-08-04,0,7.787773222985882e-09,1.0
0000882291,AEMD,2015-08-05,0,7.787773222985882e-09,1.0
0000882291,AEMD,2015-08-06,0,7.787773222985882e-09,1.0
0000882291,AEMD,2015-08-07,0,7.787773222985882e-09,1.0
0000882291,AEMD,2015-08-10,0,7.787773222985882e-09,1.0
0000882291,AEMD,2015-08-11,0,7.515359899987548e-09,1.0
0000882291,AEMD,2015-08-12,0,7.515359899987548e-09,1.0
0000882291,AEMD,2015-08-13,0,7.515359899987548e-09,1.0
0000882291,AEMD,2015-08-14,0,7.137716981326269e-09,1.0
0000882291,AEMD,2015-08-17,0,7.137716981326269e-09,1.0
0000882291,AEMD,2015-08-18,0,7.137716981326269e-09,1.0
0000882291,AEMD,2015-08-19,0,7.137716981326269e-09,1.0
0000882291,AEMD,2015-08-20,0,7.137716981326269e-09,1.0
0000882291,AEMD,2015-08-21,0,7.137716981326269e-09,1.0
0000882291,AEMD,2015-08-24,0,1.0121973675441855e-09,1.0
0000882291,AEMD,2015-08-25,0,1.0121973675441855e-09,1.0
0000882291,AEMD,2015-08-26,0,1.0121973675441855e-09,1.0
0000882291,AEMD,2015-08-27,0,1.0121973675441855e-09,1.0
0000882291,AEMD,2015-08-28,0,1.0121973675441855e-09,1.0
0000882291,AEMD,2015-08-31,0,1.0121973675441855e-09,1.0
0000882291,AEMD,2015-09-01,0,1.0121973675441855e-09,1.0
0000882291,AEMD,2015-09-02,0,1.0121973675441855e-09,1.0
0000882291,AEMD,2015-09-03,0,1.0121973675441855e-09,1.0
0000882291,AEMD,2015-09-04,0,1.0121973675441855e-09,1.0
0000882291,AEMD,2015-09-07,0,1.0121973675441855e-09,1.0
0000882291,AEMD,2015-09-08,0,1.0121973675441855e-09,1.0
0000882291,AEMD,2015-09-09,0,1.0121973675441855e-09,1.0
0000882291,AEMD,2015-09-10,0,1.0121973675441855e-09,1.0
0000882291,AEMD,2015-09-11,0,1.0121973675441855e-09,1.0
0000882291,AEMD,2015-09-14,0,9.324939795711766e-10,1.0
0000882291,AEMD,2015-09-15,0,9.324939795711766e-10,1.0
0000882291,AEMD,2015-09-16,0,9.324939795711766e-10,1.0
0000882291,AEMD,2015-09-17,0,9.324939795711766e-10,1.0
0000882291,AEMD,2015-09-18,0,9.324939795711766e-10,1.0
0000882291,AEMD,2015-09-21,0,9.324939795711766e-10,1.0
0000882291,AEMD,2015-09-22,0,1.0131564564647126e-09,1.0
0000882291,AEMD,2015-09-23,0,1.0131564564647126e-09,1.0
0000882291,AEMD,2015-09-24,0,1.207866538314115e-07,1.0
0000882291,AEMD,2015-09-25,0,1.207866538314115e-07,1.0
0000882291,AEMD,2015-09-28,0,1.283831063971385e-07,1.0
0000882291,AEMD,2015-09-29,0,1.283831063971385e-07,1.0
0000882291,AEMD,2015-09-30,0,1.283831063971385e-07,1.0
0000882291,AEMD,2015-10-01,0,1.283831063971385e-07,1.0
0000882291,AEMD,2015-10-02,0,1.283831063971385e-07,1.0
0000882291,AEMD,2015-10-05,0,1.283831063971385e-07,1.0
0000882291,AEMD,2015-10-06,0,1.283831063971385e-07,1.0
0000882291,AEMD,2015-10-07,0,1.283831063971385e-07,1.0
0000882291,AEMD,2015-10-08,0,1.283831063971385e-07,1.0
0000882291,AEMD,2015-10-09,0,1.283831063971385e-07,1.0
0000882291,AEMD,2015-10-12,0,1.226620093662141e-07,1.0
0000882291,AEMD,2015-10-13,0,1.226620093662141e-07,1.0
0000882291,AEMD,2015-10-14,0,1.226620093662141e-07,1.0
0000882291,AEMD,2015-10-15,0,1.226620093662141e-07,1.0
0000882291,AEMD,2015-10-16,0,1.226620093662141e-07,1.0
0000882291,AEMD,2015-10-19,0,8.82573510456921e-08,1.0
0000882291,AEMD,2015-10-20,0,8.82573510456921e-08,1.0
0000882291,AEMD,2015-10-21,0,8.82573510456921e-08,1.0
0000882291,AEMD,2015-10-22,0,1.368346861290776e-05,1.0
0000882291,AEMD,2015-10-23,0,0.00014059272803936,1.0
0000882291,AEMD,2015-10-26,0,0.00014059272803936,1.0
0000882291,AEMD,2015-10-27,0,0.00014059272803936,1.0
0000882291,AEMD,2015-10-28,0,0.0001238044770050521,1.0
0000882291,AEMD,2015-10-29,0,0.0001238044770050521,1.0
0000882291,AEMD,2015-10-30,0,0.0001238044770050521,1.0
0000882291,AEMD,2015-11-02,0,0.0001238044770050521,1.0
0000882291,AEMD,2015-11-03,0,0.0001238044770050521,1.0
0000882291,AEMD,2015-11-04,0,0.0001238044770050521,1.0
0000882291,AEMD,2015-11-05,0,0.0001238044770050521,1.0
0000882291,AEMD,2015-11-06,0,0.0001238044770050521,1.0
0000882291,AEMD,2015-11-09,0,0.0001238044770050521,1.0
0000882291,AEMD,2015-11-10,0,0.0001238044770050521,1.0
0000882291,AEMD,2015-11-11,0,0.0001238044770050521,1.0
0000882291,AEMD,2015-11-12,0,0.00014900243354269187,1.0
0000882291,AEMD,2015-11-13,0,0.00014900243354269187,1.0
0000882291,AEMD,2015-11-16,0,0.00014900243354269187,1.0
0000882291,AEMD,2015-11-17,0,0.0009979441709216793,1.0
0000882291,AEMD,2015-11-18,0,0.0009979441709216793,1.0
0000882291,AEMD,2015-11-19,0,0.0009979441709216793,1.0
0000882291,AEMD,2015-11-20,0,0.0009979441709216793,1.0
0000882291,AEMD,2015-11-23,0,0.0001941676923608211,1.0
0000882291,AEMD,2015-11-24,0,0.0001941676923608211,1.0
0000882291,AEMD,2015-11-25,0,0.0001941676923608211,1.0
0000882291,AEMD,2015-11-26,0,0.0001941676923608211,1.0
0000882291,AEMD,2015-11-27,0,0.0001941676923608211,1.0
0000882291,AEMD,2015-11-30,0,0.0001941676923608211,1.0
0000882291,AEMD,2015-12-01,0,0.0001941676923608211,1.0
0000882291,AEMD,2015-12-02,0,0.0001941676923608211,1.0
0000882291,AEMD,2015-12-03,0,0.0001941676923608211,1.0
0000882291,AEMD,2015-12-04,0,0.0001941676923608211,1.0
0000882291,AEMD,2015-12-07,0,0.0001941676923608211,1.0
0000882291,AEMD,2015-12-08,0,0.0001941676923608211,1.0
0000882291,AEMD,2015-12-09,0,0.0001941676923608211,1.0
0000882291,AEMD,2015-12-10,0,0.0001941676923608211,1.0
0000882291,AEMD,2015-12-11,0,0.0001941676923608211,1.0
0000882291,AEMD,2015-12-14,0,0.0001941676923608211,1.0
0000882291,AEMD,2015-12-15,0,0.0001941676923608211,1.0
0000882291,AEMD,2015-12-16,0,0.0001941676923608211,1.0
0000882291,AEMD,2015-12-17,0,3.644398947132323e-05,1.0
0000882291,AEMD,2015-12-18,0,3.644398947132323e-05,1.0
0000882291,AEMD,2015-12-21,0,3.663606584998707e-05,1.0
0000882291,AEMD,2015-12-22,0,3.663606584998707e-05,1.0
0000882291,AEMD,2015-12-23,0,2.6601143213818986e-05,1.0
0000882291,AEMD,2015-12-24,0,2.6601143213818986e-05,1.0
0000882291,AEMD,2015-12-25,0,2.6601143213818986e-05,1.0
0000882291,AEMD,2015-12-28,0,2.9531663029255453e-05,1.0
0000882291,AEMD,2015-12-29,0,2.9531663029255453e-05,1.0
0000882291,AEMD,2015-12-30,0,2.9531663029255453e-05,1.0
0000882291,AEMD,2015-12-31,0,2.9531663029255453e-05,1.0
0000882291,AEMD,2016-01-01,0,2.9531663029255453e-05,1.0
0000882291,AEMD,2016-01-04,0,2.9531663029255453e-05,1.0
0000882291,AEMD,2016-01-05,0,2.9531663029255453e-05,1.0
0000882291,AEMD,2016-01-06,0,2.9531663029255453e-05,1.0
0000882291,AEMD,2016-01-07,0,2.9531663029255453e-05,1.0
0000882291,AEMD,2016-01-08,0,2.9531663029255453e-05,1.0
0000882291,AEMD,2016-01-11,0,2.9531663029255453e-05,1.0
0000882291,AEMD,2016-01-12,0,2.9531663029255453e-05,1.0
0000882291,AEMD,2016-01-13,0,2.9531663029255453e-05,1.0
0000882291,AEMD,2016-01-14,0,2.9531663029255453e-05,1.0
0000882291,AEMD,2016-01-15,0,2.9531663029255453e-05,1.0
0000882291,AEMD,2016-01-18,0,2.9531663029255453e-05,1.0
0000882291,AEMD,2016-01-19,0,2.9531663029255453e-05,1.0
0000882291,AEMD,2016-01-20,0,2.2915335458173067e-05,1.0
0000882291,AEMD,2016-01-21,0,1.4464864104960102e-05,1.0
0000882291,AEMD,2016-01-22,0,1.4464864104960102e-05,1.0
0000882291,AEMD,2016-01-25,0,1.4464864104960102e-05,1.0
0000882291,AEMD,2016-01-26,0,1.4464864104960102e-05,1.0
0000882291,AEMD,2016-01-27,0,1.4464864104960102e-05,1.0
0000882291,AEMD,2016-01-28,0,1.4464864104960102e-05,1.0
0000882291,AEMD,2016-01-29,0,1.4464864104960102e-05,1.0
0000882291,AEMD,2016-02-01,0,1.4464864104960102e-05,1.0
0000882291,AEMD,2016-02-02,0,1.4464864104960102e-05,1.0
0000882291,AEMD,2016-02-03,0,1.4464864104960102e-05,1.0
0000882291,AEMD,2016-02-04,0,1.4464864104960102e-05,1.0
0000882291,AEMD,2016-02-05,0,0.000177826193096156,1.0
0000882291,AEMD,2016-02-08,0,0.000177826193096156,1.0
0000882291,AEMD,2016-02-09,0,0.000177826193096156,1.0
0000882291,AEMD,2016-02-10,0,0.00017666130518675967,1.0
0000882291,AEMD,2016-02-11,0,0.00017666130518675967,1.0
0000882291,AEMD,2016-02-12,0,0.00017666130518675967,1.0
0000882291,AEMD,2016-02-15,0,3.4183537976436067e-06,1.0
0000882291,AEMD,2016-02-16,0,2.79290505469042e-06,1.0
0000882291,AEMD,2016-02-17,0,2.79290505469042e-06,1.0
0000882291,AEMD,2016-02-18,0,2.79290505469042e-06,1.0
0000882291,AEMD,2016-02-19,0,2.79290505469042e-06,1.0
0000882291,AEMD,2016-02-22,0,2.79290505469042e-06,1.0
0000882291,AEMD,2016-02-23,0,3.527691319465775e-08,1.0
0000882291,AEMD,2016-02-24,0,3.527691319465775e-08,1.0
0000882291,AEMD,2016-02-25,0,3.527691319465775e-08,1.0
0000882291,AEMD,2016-02-26,0,3.527691319465775e-08,1.0
0000882291,AEMD,2016-02-29,0,3.527691319465775e-08,1.0
0000882291,AEMD,2016-03-01,0,3.527691319465775e-08,1.0
0000882291,AEMD,2016-03-02,0,3.527691319465775e-08,1.0
0000882291,AEMD,2016-03-03,0,3.527691319465775e-08,1.0
0000882291,AEMD,2016-03-04,0,3.527691319465775e-08,1.0
0000882291,AEMD,2016-03-07,0,6.710885115343156e-09,1.0
0000882291,AEMD,2016-03-08,0,6.710885115343156e-09,1.0
0000882291,AEMD,2016-03-09,0,6.710885115343156e-09,1.0
0000882291,AEMD,2016-03-10,0,6.710885115343156e-09,1.0
0000882291,AEMD,2016-03-11,0,6.710885115343156e-09,1.0
0000882291,AEMD,2016-03-14,0,6.710885115343156e-09,1.0
0000882291,AEMD,2016-03-15,0,6.710885115343156e-09,1.0
0000882291,AEMD,2016-03-16,0,6.710885115343156e-09,1.0
0000882291,AEMD,2016-03-17,0,2.0323707403169497e-10,1.0
0000882291,AEMD,2016-03-18,0,2.179085691825191e-10,1.0
0000882291,AEMD,2016-03-21,0,2.179085691825191e-10,1.0
0000882291,AEMD,2016-03-22,0,2.179085691825191e-10,1.0
0000882291,AEMD,2016-03-23,0,2.179085691825191e-10,1.0
0000882291,AEMD,2016-03-24,0,2.179085691825191e-10,1.0
0000882291,AEMD,2016-03-25,0,3.071110982310249e-12,1.0
0000882291,AEMD,2016-03-28,0,3.0940698492049937e-12,1.0
0000882291,AEMD,2016-03-29,0,3.0940698492049937e-12,1.0
0000882291,AEMD,2016-03-30,0,3.0940698492049937e-12,1.0
0000882291,AEMD,2016-03-31,0,1.6531570947621885e-12,1.0
0000882291,AEMD,2016-04-01,0,1.6531570947621885e-12,1.0
0000882291,AEMD,2016-04-04,0,1.6531570947621885e-12,1.0
0000882291,AEMD,2016-04-05,0,1.6531570947621885e-12,1.0
0000882291,AEMD,2016-04-06,0,1.6531570947621885e-12,1.0
0000882291,AEMD,2016-04-07,0,1.6531570947621885e-12,1.0
0000882291,AEMD,2016-04-08,0,1.6531570947621885e-12,1.0
0000882291,AEMD,2016-04-11,0,1.6531570947621885e-12,1.0
0000882291,AEMD,2016-04-12,0,1.6531570947621885e-12,1.0
0000882291,AEMD,2016-04-13,0,1.6531570947621885e-12,1.0
0000882291,AEMD,2016-04-14,0,1.6531570947621885e-12,1.0
0000882291,AEMD,2016-04-15,0,1.6531570947621885e-12,1.0
0000882291,AEMD,2016-04-18,0,1.6531570947621885e-12,1.0
0000882291,AEMD,2016-04-19,0,1.6531570947621885e-12,1.0
0000882291,AEMD,2016-04-20,0,1.3142310778534956e-12,1.0
0000882291,AEMD,2016-04-21,0,1.3142310778534956e-12,1.0
0000882291,AEMD,2016-04-22,0,1.3142310778534956e-12,1.0
0000882291,AEMD,2016-04-25,0,1.3142310778534956e-12,1.0
0000882291,AEMD,2016-04-26,0,1.3142310778534956e-12,1.0
0000882291,AEMD,2016-04-27,0,1.3142310778534956e-12,1.0
0000882291,AEMD,2016-04-28,0,1.3142310778534956e-12,1.0
0000882291,AEMD,2016-04-29,0,1.3142310778534956e-12,1.0
0000882291,AEMD,2016-05-02,0,6.084757994855575e-13,1.0
0000882291,AEMD,2016-05-03,0,6.084757994855575e-13,1.0
0000882291,AEMD,2016-05-04,0,6.084757994855575e-13,1.0
0000882291,AEMD,2016-05-05,0,3.2765959809170373e-13,1.0
0000882291,AEMD,2016-05-06,0,2.3052075783889394e-13,1.0
0000882291,AEMD,2016-05-09,0,2.3052075783889394e-13,1.0
0000882291,AEMD,2016-05-10,0,2.3052075783889394e-13,1.0
0000882291,AEMD,2016-05-11,0,2.3052075783889394e-13,1.0
0000882291,AEMD,2016-05-12,0,2.3052075783889394e-13,1.0
0000882291,AEMD,2016-05-13,0,2.3052075783889394e-13,1.0
0000882291,AEMD,2016-05-16,0,1.018380695339336e-09,1.0
0000882291,AEMD,2016-05-17,0,1.14560947032293e-09,1.0
0000882291,AEMD,2016-05-18,0,1.14560947032293e-09,1.0
0000882291,AEMD,2016-05-19,0,1.14560947032293e-09,1.0
0000882291,AEMD,2016-05-20,0,1.14560947032293e-09,1.0
0000882291,AEMD,2016-05-23,0,1.14560947032293e-09,1.0
0000882291,AEMD,2016-05-24,0,6.208295601096167e-06,1.0
0000882291,AEMD,2016-05-25,0,6.208295601096167e-06,1.0
0000882291,AEMD,2016-05-26,0,6.208295601096167e-06,1.0
0000882291,AEMD,2016-05-27,0,6.208295601096167e-06,1.0
0000882291,AEMD,2016-05-30,0,6.208295601096167e-06,1.0
0000882291,AEMD,2016-05-31,0,6.208295601096167e-06,1.0
0000882291,AEMD,2016-06-01,0,6.208295601096167e-06,1.0
0000882291,AEMD,2016-06-02,0,6.208295601096167e-06,1.0
0000882291,AEMD,2016-06-03,0,6.208295601096167e-06,1.0
0000882291,AEMD,2016-06-06,0,4.114036029455731e-06,1.0
0000882291,AEMD,2016-06-07,0,4.114036029455731e-06,1.0
0000882291,AEMD,2016-06-08,0,4.114036029455731e-06,1.0
0000882291,AEMD,2016-06-09,0,4.114036029455731e-06,1.0
0000882291,AEMD,2016-06-10,0,4.114036029455731e-06,1.0
0000882291,AEMD,2016-06-13,0,4.114036029455731e-06,1.0
0000882291,AEMD,2016-06-14,0,4.114036029455731e-06,1.0
0000882291,AEMD,2016-06-15,0,4.114036029455731e-06,1.0
0000882291,AEMD,2016-06-16,0,4.114036029455731e-06,1.0
0000882291,AEMD,2016-06-17,0,4.114036029455731e-06,1.0
0000882291,AEMD,2016-06-20,0,4.114036029455731e-06,1.0
0000882291,AEMD,2016-06-21,0,4.114036029455731e-06,1.0
0000882291,AEMD,2016-06-22,0,4.114036029455731e-06,1.0
0000882291,AEMD,2016-06-23,0,4.114036029455731e-06,1.0
0000882291,AEMD,2016-06-24,0,4.114036029455731e-06,1.0
0000882291,AEMD,2016-06-27,0,4.114036029455731e-06,1.0
0000882291,AEMD,2016-06-28,0,4.632964069077278e-06,1.0
0000882291,AEMD,2016-06-29,0,1.4483585209409945e-05,1.0
0000882291,AEMD,2016-06-30,0,0.001266882770449307,1.0
0000882291,AEMD,2016-07-01,0,0.001266882770449307,1.0
0000882291,AEMD,2016-07-04,0,0.001266882770449307,1.0
0000882291,AEMD,2016-07-05,0,0.001266882770449307,1.0
0000882291,AEMD,2016-07-06,0,0.001266882770449307,1.0
0000882291,AEMD,2016-07-07,0,0.001266882770449307,1.0
0000882291,AEMD,2016-07-08,0,0.001266882770449307,1.0
0000882291,AEMD,2016-07-11,0,0.001266882770449307,1.0
0000882291,AEMD,2016-07-12,0,0.001266882770449307,1.0
0000882291,AEMD,2016-07-13,0,0.001266882770449307,1.0
0000882291,AEMD,2016-07-14,0,0.001266882770449307,1.0
0000882291,AEMD,2016-07-15,0,0.001266882770449307,1.0
0000882291,AEMD,2016-07-18,0,0.001266882770449307,1.0
0000882291,AEMD,2016-07-19,0,0.001266882770449307,1.0
0000882291,AEMD,2016-07-20,0,0.001266882770449307,1.0
0000882291,AEMD,2016-07-21,0,0.001266882770449307,1.0
0000882291,AEMD,2016-07-22,0,0.001266882770449307,1.0
0000882291,AEMD,2016-07-25,0,0.001266882770449307,1.0
0000882291,AEMD,2016-07-26,0,0.001266882770449307,1.0
0000882291,AEMD,2016-07-27,0,0.001266882770449307,1.0
0000882291,AEMD,2016-07-28,0,0.0013054471598836948,1.0
0000882291,AEMD,2016-07-29,0,0.0013054471598836948,1.0
0000882291,AEMD,2016-08-01,0,2.1260196338382255e-06,1.0
0000882291,AEMD,2016-08-02,0,2.1260196338382255e-06,1.0
0000882291,AEMD,2016-08-03,0,5.840457162122689e-06,1.0
0000882291,AEMD,2016-08-04,0,4.5975111001808895e-06,1.0
0000882291,AEMD,2016-08-05,0,4.5975111001808895e-06,1.0
0000882291,AEMD,2016-08-08,0,4.5975111001808895e-06,1.0
0000882291,AEMD,2016-08-09,0,4.5975111001808895e-06,1.0
0000882291,AEMD,2016-08-10,0,4.8866540452293666e-06,1.0
0000882291,AEMD,2016-08-11,0,4.8866540452293666e-06,1.0
0000882291,AEMD,2016-08-12,0,5.045665184525738e-06,1.0
0000882291,AEMD,2016-08-15,0,2.4973997836278896e-06,1.0
0000882291,AEMD,2016-08-16,0,2.4973997836278896e-06,1.0
0000882291,AEMD,2016-08-17,0,2.4973997836278896e-06,1.0
0000882291,AEMD,2016-08-18,0,2.4973997836278896e-06,1.0
0000882291,AEMD,2016-08-19,0,2.4973997836278896e-06,1.0
0000882291,AEMD,2016-08-22,0,1.217833606770817e-06,1.0
0000882291,AEMD,2016-08-23,0,1.217833606770817e-06,1.0
0000882291,AEMD,2016-08-24,0,1.217833606770817e-06,1.0
0000882291,AEMD,2016-08-25,0,1.217833606770817e-06,1.0
0000882291,AEMD,2016-08-26,0,1.217833606770817e-06,1.0
0000882291,AEMD,2016-08-29,0,1.217833606770817e-06,1.0
0000882291,AEMD,2016-08-30,0,1.217833606770817e-06,1.0
0000882291,AEMD,2016-08-31,0,1.217833606770817e-06,1.0
0000882291,AEMD,2016-09-01,0,1.217833606770817e-06,1.0
0000882291,AEMD,2016-09-02,0,1.217833606770817e-06,1.0
0000882291,AEMD,2016-09-05,0,1.217833606770817e-06,1.0
0000882291,AEMD,2016-09-06,0,1.217833606770817e-06,1.0
0000882291,AEMD,2016-09-07,0,1.217833606770817e-06,1.0
0000882291,AEMD,2016-09-08,0,1.217833606770817e-06,1.0
0000882291,AEMD,2016-09-09,0,1.0723936099932282e-06,1.0
0000882291,AEMD,2016-09-12,0,9.829886687396126e-07,1.0
0000882291,AEMD,2016-09-13,0,9.829886687396126e-07,1.0
0000882291,AEMD,2016-09-14,0,9.829886687396126e-07,1.0
0000882291,AEMD,2016-09-15,0,9.829886687396126e-07,1.0
0000882291,AEMD,2016-09-16,0,9.829886687396126e-07,1.0
0000882291,AEMD,2016-09-19,0,9.829886687396126e-07,1.0
0000882291,AEMD,2016-09-20,0,9.829886687396126e-07,1.0
0000882291,AEMD,2016-09-21,0,9.829886687396126e-07,1.0
0000882291,AEMD,2016-09-22,0,9.829886687396126e-07,1.0
0000882291,AEMD,2016-09-23,0,9.829886687396126e-07,1.0
0000882291,AEMD,2016-09-26,0,1.068018940154414e-06,1.0
0000882291,AEMD,2016-09-27,0,9.60537181510252e-07,1.0
0000882291,AEMD,2016-09-28,0,1.635786498159501e-05,1.0
0000882291,AEMD,2016-09-29,0,1.635786498159501e-05,1.0
0000882291,AEMD,2016-09-30,0,1.635786498159501e-05,1.0
0000882291,AEMD,2016-10-03,0,1.635786498159501e-05,1.0
0000882291,AEMD,2016-10-04,0,1.635786498159501e-05,1.0
0000882291,AEMD,2016-10-05,0,1.635786498159501e-05,1.0
0000882291,AEMD,2016-10-06,0,1.635786498159501e-05,1.0
0000882291,AEMD,2016-10-07,0,1.635786498159501e-05,1.0
0000882291,AEMD,2016-10-10,0,1.635786498159501e-05,1.0
0000882291,AEMD,2016-10-11,0,1.635786498159501e-05,1.0
0000882291,AEMD,2016-10-12,0,1.635786498159501e-05,1.0
0000882291,AEMD,2016-10-13,0,1.635786498159501e-05,1.0
0000882291,AEMD,2016-10-14,0,1.635786498159501e-05,1.0
0000882291,AEMD,2016-10-17,0,1.635786498159501e-05,1.0
0000882291,AEMD,2016-10-18,0,1.635786498159501e-05,1.0
0000882291,AEMD,2016-10-19,0,1.635786498159501e-05,1.0
0000882291,AEMD,2016-10-20,0,1.635786498159501e-05,1.0
0000882291,AEMD,2016-10-21,0,1.635786498159501e-05,1.0
0000882291,AEMD,2016-10-24,0,1.635786498159501e-05,1.0
0000882291,AEMD,2016-10-25,0,1.635786498159501e-05,1.0
0000882291,AEMD,2016-10-26,0,1.635786498159501e-05,1.0
0000882291,AEMD,2016-10-27,0,1.635786498159501e-05,1.0
0000882291,AEMD,2016-10-28,0,1.635786498159501e-05,1.0
0000882291,AEMD,2016-10-31,0,1.635786498159501e-05,1.0
0000882291,AEMD,2016-11-01,0,1.6731949046912312e-05,1.0
0000882291,AEMD,2016-11-02,0,1.6731949046912312e-05,1.0
0000882291,AEMD,2016-11-03,0,1.6731949046912312e-05,1.0
0000882291,AEMD,2016-11-04,0,1.6731949046912312e-05,1.0
0000882291,AEMD,2016-11-07,0,1.6731949046912312e-05,1.0
0000882291,AEMD,2016-11-08,0,1.8575247475249932e-05,1.0
0000882291,AEMD,2016-11-09,0,1.8575247475249932e-05,1.0
0000882291,AEMD,2016-11-10,0,2.208856021408949e-05,1.0
0000882291,AEMD,2016-11-11,0,2.0196551355391777e-05,1.0
0000882291,AEMD,2016-11-14,0,2.0196551355391777e-05,1.0
0000882291,AEMD,2016-11-15,0,2.0196551355391777e-05,1.0
0000882291,AEMD,2016-11-16,0,2.0196551355391777e-05,1.0
0000882291,AEMD,2016-11-17,0,2.0196551355391777e-05,1.0
0000882291,AEMD,2016-11-18,0,2.0196551355391777e-05,1.0
0000882291,AEMD,2016-11-21,0,2.0196551355391777e-05,1.0
0000882291,AEMD,2016-11-22,0,2.0196551355391777e-05,1.0
0000882291,AEMD,2016-11-23,0,2.0196551355391777e-05,1.0
0000882291,AEMD,2016-11-24,0,2.0196551355391777e-05,1.0
0000882291,AEMD,2016-11-25,0,2.0196551355391777e-05,1.0
0000882291,AEMD,2016-11-28,0,2.0196551355391777e-05,1.0
0000882291,AEMD,2016-11-29,0,2.0196551355391777e-05,1.0
0000882291,AEMD,2016-11-30,0,2.0196551355391777e-05,1.0
0000882291,AEMD,2016-12-01,0,2.0196551355391777e-05,1.0
0000882291,AEMD,2016-12-02,0,2.0196551355391777e-05,1.0
0000882291,AEMD,2016-12-05,0,2.0196551355391777e-05,1.0
0000882291,AEMD,2016-12-06,0,2.0196551355391777e-05,1.0
0000882291,AEMD,2016-12-07,0,2.0196551355391777e-05,1.0
0000882291,AEMD,2016-12-08,0,2.0196551355391777e-05,1.0
0000882291,AEMD,2016-12-09,0,2.0196551355391777e-05,1.0
0000882291,AEMD,2016-12-12,0,1.8468184270600094e-05,1.0
0000882291,AEMD,2016-12-13,0,1.8468184270600094e-05,1.0
0000882291,AEMD,2016-12-14,0,1.8468184270600094e-05,1.0
0000882291,AEMD,2016-12-15,0,1.8468184270600094e-05,1.0
0000882291,AEMD,2016-12-16,0,1.8468184270600094e-05,1.0
0000882291,AEMD,2016-12-19,0,1.8468184270600094e-05,1.0
0000882291,AEMD,2016-12-20,0,1.8468184270600094e-05,1.0
0000882291,AEMD,2016-12-21,0,1.8468184270600094e-05,1.0
0000882291,AEMD,2016-12-22,0,1.8468184270600094e-05,1.0
0000882291,AEMD,2016-12-23,0,1.8468184270600094e-05,1.0
0000882291,AEMD,2016-12-26,0,1.8565521749583004e-05,1.0
0000882291,AEMD,2016-12-27,0,1.0040029955070836e-05,1.0
0000882291,AEMD,2016-12-28,0,1.0040029955070836e-05,1.0
0000882291,AEMD,2016-12-29,0,1.0040029955070836e-05,1.0
0000882291,AEMD,2016-12-30,0,1.0755589923864173e-05,1.0
0000882291,AEMD,2017-01-02,0,1.0755589923864173e-05,1.0
0000882291,AEMD,2017-01-03,0,1.0755589923864173e-05,1.0
0000882291,AEMD,2017-01-04,0,1.0755589923864173e-05,1.0
0000882291,AEMD,2017-01-05,0,1.0755589923864173e-05,1.0
0000882291,AEMD,2017-01-06,0,1.0755589923864173e-05,1.0
0000882291,AEMD,2017-01-09,0,1.0755589923864173e-05,1.0
0000882291,AEMD,2017-01-10,0,1.0755589923864173e-05,1.0
0000882291,AEMD,2017-01-11,0,1.0755589923864173e-05,1.0
0000882291,AEMD,2017-01-12,0,1.0755589923864173e-05,1.0
0000882291,AEMD,2017-01-13,0,1.0755589923864173e-05,1.0
0000882291,AEMD,2017-01-16,0,1.0755589923864173e-05,1.0
0000882291,AEMD,2017-01-17,0,1.0755589923864173e-05,1.0
0000882291,AEMD,2017-01-18,0,1.0755589923864173e-05,1.0
0000882291,AEMD,2017-01-19,0,1.0755589923864173e-05,1.0
0000882291,AEMD,2017-01-20,0,1.0755589923864173e-05,1.0
0000882291,AEMD,2017-01-23,0,1.0755589923864173e-05,1.0
0000882291,AEMD,2017-01-24,0,1.0755589923864173e-05,1.0
0000882291,AEMD,2017-01-25,0,1.0755589923864173e-05,1.0
0000882291,AEMD,2017-01-26,0,1.0755589923864173e-05,1.0
0000882291,AEMD,2017-01-27,0,1.0755589923864173e-05,1.0
0000882291,AEMD,2017-01-30,0,8.73404913852669e-06,1.0
0000882291,AEMD,2017-01-31,0,8.73404913852669e-06,1.0
0000882291,AEMD,2017-02-01,0,8.73404913852669e-06,1.0
0000882291,AEMD,2017-02-02,0,8.73404913852669e-06,1.0
0000882291,AEMD,2017-02-03,0,8.73404913852669e-06,1.0
0000882291,AEMD,2017-02-06,0,8.799342157340086e-06,1.0
0000882291,AEMD,2017-02-07,0,8.799342157340086e-06,1.0
0000882291,AEMD,2017-02-08,0,8.751272839815419e-06,1.0
0000882291,AEMD,2017-02-09,0,9.407467422807313e-06,1.0
0000882291,AEMD,2017-02-10,0,9.407467422807313e-06,1.0
0000882291,AEMD,2017-02-13,0,8.955818962465472e-05,1.0
0000882291,AEMD,2017-02-14,0,8.955818962465472e-05,1.0
0000882291,AEMD,2017-02-15,0,8.955818962465472e-05,1.0
0000882291,AEMD,2017-02-16,0,8.955818962465472e-05,1.0
0000882291,AEMD,2017-02-17,0,8.955818962465472e-05,1.0
0000882291,AEMD,2017-02-20,0,8.955818962465472e-05,1.0
0000882291,AEMD,2017-02-21,0,8.955818962465472e-05,1.0
0000882291,AEMD,2017-02-22,0,8.955818962465472e-05,1.0
0000882291,AEMD,2017-02-23,0,8.955818962465472e-05,1.0
0000882291,AEMD,2017-02-24,0,8.955818962465472e-05,1.0
0000882291,AEMD,2017-02-27,0,8.955818962465472e-05,1.0
0000882291,AEMD,2017-02-28,0,8.955818962465472e-05,1.0
0000882291,AEMD,2017-03-01,0,8.955818962465472e-05,1.0
0000882291,AEMD,2017-03-02,0,8.955818962465472e-05,1.0
0000882291,AEMD,2017-03-03,0,8.955818962465472e-05,1.0
0000882291,AEMD,2017-03-06,0,8.955818962465472e-05,1.0
0000882291,AEMD,2017-03-07,0,8.955818962465472e-05,1.0
0000882291,AEMD,2017-03-08,0,8.955818962465472e-05,1.0
0000882291,AEMD,2017-03-09,0,8.955818962465472e-05,1.0
0000882291,AEMD,2017-03-10,0,8.955818962465472e-05,1.0
0000882291,AEMD,2017-03-13,0,8.955818962465472e-05,1.0
0000882291,AEMD,2017-03-14,0,8.955818962465472e-05,1.0
0000882291,AEMD,2017-03-15,0,8.955818962465472e-05,1.0
0000882291,AEMD,2017-03-16,0,7.937561334846487e-07,1.0
0000882291,AEMD,2017-03-17,0,7.937561334846487e-07,1.0
0000882291,AEMD,2017-03-20,0,7.937561334846487e-07,1.0
0000882291,AEMD,2017-03-21,0,7.937561334846487e-07,1.0
0000882291,AEMD,2017-03-22,0,7.976272623463451e-07,1.0
0000882291,AEMD,2017-03-23,0,7.976272623463451e-07,1.0
0000882291,AEMD,2017-03-24,0,7.976272623463451e-07,1.0
0000882291,AEMD,2017-03-27,0,7.976272623463451e-07,1.0
0000882291,AEMD,2017-03-28,0,7.976272623463451e-07,1.0
0000882291,AEMD,2017-03-29,0,7.976272623463451e-07,1.0
0000882291,AEMD,2017-03-30,0,7.976272623463451e-07,1.0
0000882291,AEMD,2017-03-31,0,8.7186100217889e-07,1.0
0000882291,AEMD,2017-04-03,0,8.7186100217889e-07,1.0
0000882291,AEMD,2017-04-04,0,8.7186100217889e-07,1.0
0000882291,AEMD,2017-04-05,0,8.7186100217889e-07,1.0
0000882291,AEMD,2017-04-06,0,8.7186100217889e-07,1.0
0000882291,AEMD,2017-04-07,0,8.7186100217889e-07,1.0
0000882291,AEMD,2017-04-10,0,8.7186100217889e-07,1.0
0000882291,AEMD,2017-04-11,0,8.7186100217889e-07,1.0
0000882291,AEMD,2017-04-12,0,8.7186100217889e-07,1.0
0000882291,AEMD,2017-04-13,0,8.7186100217889e-07,1.0
0000882291,AEMD,2017-04-14,0,8.7186100217889e-07,1.0
0000882291,AEMD,2017-04-17,0,8.7186100217889e-07,1.0
0000882291,AEMD,2017-04-18,0,8.7186100217889e-07,1.0
0000882291,AEMD,2017-04-19,0,8.7186100217889e-07,1.0
0000882291,AEMD,2017-04-20,0,8.7186100217889e-07,1.0
0000882291,AEMD,2017-04-21,0,7.313335438267772e-07,1.0
0000882291,AEMD,2017-04-24,0,7.313335438267772e-07,1.0
0000882291,AEMD,2017-04-25,0,7.313335438267772e-07,1.0
0000882291,AEMD,2017-04-26,0,7.313335438267772e-07,1.0
0000882291,AEMD,2017-04-27,0,7.313335438267772e-07,1.0
0000882291,AEMD,2017-04-28,0,7.313335438267772e-07,1.0
0000882291,AEMD,2017-05-01,0,7.313335438267772e-07,1.0
0000882291,AEMD,2017-05-02,0,7.313335438267772e-07,1.0
0000882291,AEMD,2017-05-03,0,7.313335438267772e-07,1.0
0000882291,AEMD,2017-05-04,0,7.313335438267772e-07,1.0
0000882291,AEMD,2017-05-05,0,7.313335438267772e-07,1.0
0000882291,AEMD,2017-05-08,0,7.313335438267772e-07,1.0
0000882291,AEMD,2017-05-09,0,7.313335438267772e-07,1.0
0000882291,AEMD,2017-05-10,0,7.313335438267772e-07,1.0
0000882291,AEMD,2017-05-11,0,7.265419464967502e-07,1.0
0000882291,AEMD,2017-05-12,0,7.265419464967502e-07,1.0
0000882291,AEMD,2017-05-15,0,1.3006172163912789e-05,1.0
0000882291,AEMD,2017-05-16,0,1.3006172163912789e-05,1.0
0000882291,AEMD,2017-05-17,0,1.3006172163912789e-05,1.0
0000882291,AEMD,2017-05-18,0,1.3006172163912789e-05,1.0
0000882291,AEMD,2017-05-19,0,1.3006172163912789e-05,1.0
0000882291,AEMD,2017-05-22,0,1.3006172163912789e-05,1.0
0000882291,AEMD,2017-05-23,0,1.3006172163912789e-05,1.0
0000882291,AEMD,2017-05-24,0,1.3006172163912789e-05,1.0
0000882291,AEMD,2017-05-25,0,1.3006172163912789e-05,1.0
0000882291,AEMD,2017-05-26,0,1.3006172163912789e-05,1.0
0000882291,AEMD,2017-05-29,0,1.3006172163912789e-05,1.0
0000882291,AEMD,2017-05-30,0,1.3006172163912789e-05,1.0
0000882291,AEMD,2017-05-31,0,1.3006172163912789e-05,1.0
0000882291,AEMD,2017-06-01,0,1.3006172163912789e-05,1.0
0000882291,AEMD,2017-06-02,0,1.3006172163912789e-05,1.0
0000882291,AEMD,2017-06-05,0,1.3006172163912789e-05,1.0
0000882291,AEMD,2017-06-06,0,1.3006172163912789e-05,1.0
0000882291,AEMD,2017-06-07,0,1.3006172163912789e-05,1.0
0000882291,AEMD,2017-06-08,0,1.3006172163912789e-05,1.0
0000882291,AEMD,2017-06-09,0,1.3006172163912789e-05,1.0
0000882291,AEMD,2017-06-12,0,1.3006172163912789e-05,1.0
0000882291,AEMD,2017-06-13,0,1.3006172163912789e-05,1.0
0000882291,AEMD,2017-06-14,0,1.3006172163912789e-05,1.0
0000882291,AEMD,2017-06-15,0,1.3006172163912789e-05,1.0
0000882291,AEMD,2017-06-16,0,1.3006172163912789e-05,1.0
0000882291,AEMD,2017-06-19,0,1.3006172163912789e-05,1.0
0000882291,AEMD,2017-06-20,0,1.7884769763712038e-05,1.0
0000882291,AEMD,2017-06-21,0,1.7884769763712038e-05,1.0
0000882291,AEMD,2017-06-22,0,1.7884769763712038e-05,1.0
0000882291,AEMD,2017-06-23,0,1.7884769763712038e-05,1.0
0000882291,AEMD,2017-06-26,0,1.7884769763712038e-05,1.0
0000882291,AEMD,2017-06-27,0,1.7884769763712038e-05,1.0
0000882291,AEMD,2017-06-28,0,1.7884769763712038e-05,1.0
0000882291,AEMD,2017-06-29,0,0.002055783665761692,1.0
0000882291,AEMD,2017-06-30,0,0.002055783665761692,1.0
0000882291,AEMD,2017-07-03,0,0.002055783665761692,1.0
0000882291,AEMD,2017-07-04,0,0.002055783665761692,1.0
0000882291,AEMD,2017-07-05,0,0.002055783665761692,1.0
0000882291,AEMD,2017-07-06,0,0.002055783665761692,1.0
0000882291,AEMD,2017-07-07,0,0.002055783665761692,1.0
0000882291,AEMD,2017-07-10,0,0.002055783665761692,1.0
0000882291,AEMD,2017-07-11,0,0.002055783665761692,1.0
0000882291,AEMD,2017-07-12,0,0.002055783665761692,1.0
0000882291,AEMD,2017-07-13,0,0.002055783665761692,1.0
0000882291,AEMD,2017-07-14,0,0.002055783665761692,1.0
0000882291,AEMD,2017-07-17,0,0.002055783665761692,1.0
0000882291,AEMD,2017-07-18,0,0.002055783665761692,1.0
0000882291,AEMD,2017-07-19,0,0.002055783665761692,1.0
0000882291,AEMD,2017-07-20,0,0.002055783665761692,1.0
0000882291,AEMD,2017-07-21,0,0.002055783665761692,1.0
0000882291,AEMD,2017-07-24,0,0.002055783665761692,1.0
0000882291,AEMD,2017-07-25,0,0.002055783665761692,1.0
0000882291,AEMD,2017-07-26,0,0.002055783665761692,1.0
0000882291,AEMD,2017-07-27,0,0.002055783665761692,1.0
0000882291,AEMD,2017-07-28,0,0.002055783665761692,1.0
0000882291,AEMD,2017-07-31,0,4.000079915920382e-06,1.0
0000882291,AEMD,2017-08-01,0,0.00026233353471778026,1.0
0000882291,AEMD,2017-08-02,0,0.00026233353471778026,1.0
0000882291,AEMD,2017-08-03,0,0.00026233353471778026,1.0
0000882291,AEMD,2017-08-04,0,0.00026233353471778026,1.0
0000882291,AEMD,2017-08-07,0,0.00026233353471778026,1.0
0000882291,AEMD,2017-08-08,0,0.00026233353471778026,1.0
0000882291,AEMD,2017-08-09,0,0.00026233353471778026,1.0
0000882291,AEMD,2017-08-10,0,0.00026233353471778026,1.0
0000882291,AEMD,2017-08-11,0,0.0002376563830483925,1.0
0000882291,AEMD,2017-08-14,0,0.00011731842940289711,1.0
0000882291,AEMD,2017-08-15,0,0.00011731842940289711,1.0
0000882291,AEMD,2017-08-16,0,0.00011731842940289711,1.0
0000882291,AEMD,2017-08-17,0,0.00011731842940289711,1.0
0000882291,AEMD,2017-08-18,0,0.00011731842940289711,1.0
0000882291,AEMD,2017-08-21,0,0.00011731842940289711,1.0
0000882291,AEMD,2017-08-22,0,0.00011731842940289711,1.0
0000882291,AEMD,2017-08-23,0,0.00011731842940289711,1.0
0000882291,AEMD,2017-08-24,0,0.00011731842940289711,1.0
0000882291,AEMD,2017-08-25,0,0.00011731842940289711,1.0
0000882291,AEMD,2017-08-28,0,0.00011731842940289711,1.0
0000882291,AEMD,2017-08-29,0,0.00011731842940289711,1.0
0000882291,AEMD,2017-08-30,0,0.00011731842940289711,1.0
0000882291,AEMD,2017-08-31,0,2.554420278347559e-07,1.0
0000882291,AEMD,2017-09-01,0,2.554420278347559e-07,1.0
0000882291,AEMD,2017-09-04,0,2.554420278347559e-07,1.0
0000882291,AEMD,2017-09-05,0,2.554420278347559e-07,1.0
0000882291,AEMD,2017-09-06,0,2.554420278347559e-07,1.0
0000882291,AEMD,2017-09-07,0,2.554420278347559e-07,1.0
0000882291,AEMD,2017-09-08,0,2.554420278347559e-07,1.0
0000882291,AEMD,2017-09-11,0,2.3050187228845503e-07,1.0
0000882291,AEMD,2017-09-12,0,2.3050187228845503e-07,1.0
0000882291,AEMD,2017-09-13,0,2.3050187228845503e-07,1.0
0000882291,AEMD,2017-09-14,0,2.3050187228845503e-07,1.0
0000882291,AEMD,2017-09-15,0,2.3050187228845503e-07,1.0
0000882291,AEMD,2017-09-18,0,1.1390061973139114e-05,1.0
0000882291,AEMD,2017-09-19,0,1.1390061973139114e-05,1.0
0000882291,AEMD,2017-09-20,0,1.1390061973139114e-05,1.0
0000882291,AEMD,2017-09-21,0,1.1390061973139114e-05,1.0
0000882291,AEMD,2017-09-22,0,1.1390061973139114e-05,1.0
0000882291,AEMD,2017-09-25,0,1.1390061973139114e-05,1.0
0000882291,AEMD,2017-09-26,0,1.1390061973139114e-05,1.0
0000882291,AEMD,2017-09-27,0,0.00012907062936881578,1.0
0000882291,AEMD,2017-09-28,0,0.00012907062936881578,1.0
0000882291,AEMD,2017-09-29,0,0.00012907062936881578,1.0
0000882291,AEMD,2017-10-02,0,0.00012907062936881578,1.0
0000882291,AEMD,2017-10-03,0,0.00012907062936881578,1.0
0000882291,AEMD,2017-10-04,0,0.00012851736021246216,1.0
0000882291,AEMD,2017-10-05,0,0.00012851736021246216,1.0
0000882291,AEMD,2017-10-06,0,0.00012851736021246216,1.0
0000882291,AEMD,2017-10-09,0,0.00012851736021246216,1.0
0000882291,AEMD,2017-10-10,0,0.00012851736021246216,1.0
0000882291,AEMD,2017-10-11,0,0.00012851736021246216,1.0
0000882291,AEMD,2017-10-12,0,0.00012851736021246216,1.0
0000882291,AEMD,2017-10-13,0,0.00012851736021246216,1.0
0000882291,AEMD,2017-10-16,0,0.00012851736021246216,1.0
0000882291,AEMD,2017-10-17,0,0.00012851736021246216,1.0
0000882291,AEMD,2017-10-18,0,2.744403044861465e-07,1.0
0000882291,AEMD,2017-10-19,0,2.744403044861465e-07,1.0
0000882291,AEMD,2017-10-20,0,2.744403044861465e-07,1.0
0000882291,AEMD,2017-10-23,0,2.744403044861465e-07,1.0
0000882291,AEMD,2017-10-24,0,2.744403044861465e-07,1.0
0000882291,AEMD,2017-10-25,0,2.744403044861465e-07,1.0
0000882291,AEMD,2017-10-26,0,2.744403044861465e-07,1.0
0000882291,AEMD,2017-10-27,0,2.744403044861465e-07,1.0
0000882291,AEMD,2017-10-30,0,5.138021483426219e-06,1.0
0000882291,AEMD,2017-10-31,0,5.138021483426219e-06,1.0
0000882291,AEMD,2017-11-01,0,5.138021483426219e-06,1.0
0000882291,AEMD,2017-11-02,0,5.138021483426219e-06,1.0
0000882291,AEMD,2017-11-03,0,4.589437702272724e-06,1.0
0000882291,AEMD,2017-11-06,0,4.589437702272724e-06,1.0
0000882291,AEMD,2017-11-07,0,4.589437702272724e-06,1.0
0000882291,AEMD,2017-11-08,0,4.589437702272724e-06,1.0
0000882291,AEMD,2017-11-09,0,5.271642314399159e-06,1.0
0000882291,AEMD,2017-11-10,0,5.271642314399159e-06,1.0
0000882291,AEMD,2017-11-13,0,5.271642314399159e-06,1.0
0000882291,AEMD,2017-11-14,0,5.271642314399159e-06,1.0
0000882291,AEMD,2017-11-15,0,5.271642314399159e-06,1.0
0000882291,AEMD,2017-11-16,0,5.271642314399159e-06,1.0
0000882291,AEMD,2017-11-17,0,5.271642314399159e-06,1.0
0000882291,AEMD,2017-11-20,0,5.271642314399159e-06,1.0
0000882291,AEMD,2017-11-21,0,5.271642314399159e-06,1.0
0000882291,AEMD,2017-11-22,0,5.271642314399159e-06,1.0
0000882291,AEMD,2017-11-23,0,5.271642314399159e-06,1.0
0000882291,AEMD,2017-11-24,0,5.271642314399159e-06,1.0
0000882291,AEMD,2017-11-27,0,5.271642314399159e-06,1.0
0000882291,AEMD,2017-11-28,0,5.271642314399159e-06,1.0
0000882291,AEMD,2017-11-29,0,5.271642314399159e-06,1.0
0000882291,AEMD,2017-11-30,0,5.271642314399159e-06,1.0
0000882291,AEMD,2017-12-01,0,5.271642314399159e-06,1.0
0000882291,AEMD,2017-12-04,0,4.739758589460408e-06,1.0
0000882291,AEMD,2017-12-05,0,4.739758589460408e-06,1.0
0000882291,AEMD,2017-12-06,0,4.739758589460408e-06,1.0
0000882291,AEMD,2017-12-07,0,4.739758589460408e-06,1.0
0000882291,AEMD,2017-12-08,0,4.739758589460408e-06,1.0
0000882291,AEMD,2017-12-11,0,4.739758589460408e-06,1.0
0000882291,AEMD,2017-12-12,0,4.739758589460408e-06,1.0
0000882291,AEMD,2017-12-13,0,4.739758589460408e-06,1.0
0000882291,AEMD,2017-12-14,0,4.739758589460408e-06,1.0
0000882291,AEMD,2017-12-15,0,4.739758589460408e-06,1.0
0000882291,AEMD,2017-12-18,0,0.00010771508542217975,1.0
0000882291,AEMD,2017-12-19,0,0.00010771508542217975,1.0
0000882291,AEMD,2017-12-20,0,0.00010771508542217975,1.0
0000882291,AEMD,2017-12-21,0,0.00010771508542217975,1.0
0000882291,AEMD,2017-12-22,0,0.00010771508542217975,1.0
0000882291,AEMD,2017-12-25,0,0.00010771508542217975,1.0
0000882291,AEMD,2017-12-26,0,4.453223322358976e-05,1.0
0000882291,AEMD,2017-12-27,0,4.453223322358976e-05,1.0
0000882291,AEMD,2017-12-28,0,4.453223322358976e-05,1.0
0000882291,AEMD,2017-12-29,0,4.453223322358976e-05,1.0
0000882291,AEMD,2018-01-01,0,4.453223322358976e-05,1.0
0000882291,AEMD,2018-01-02,0,4.480135748182497e-05,1.0
0000882291,AEMD,2018-01-03,0,4.480135748182497e-05,1.0
0000882291,AEMD,2018-01-04,0,4.480135748182497e-05,1.0
0000882291,AEMD,2018-01-05,0,4.480135748182497e-05,1.0
0000882291,AEMD,2018-01-08,0,4.480135748182497e-05,1.0
0000882291,AEMD,2018-01-09,0,4.480135748182497e-05,1.0
0000882291,AEMD,2018-01-10,0,4.5494002622927187e-05,1.0
0000882291,AEMD,2018-01-11,0,4.5494002622927187e-05,1.0
0000882291,AEMD,2018-01-12,0,4.5494002622927187e-05,1.0
0000882291,AEMD,2018-01-15,0,4.5494002622927187e-05,1.0
0000882291,AEMD,2018-01-16,0,4.5494002622927187e-05,1.0
0000882291,AEMD,2018-01-17,0,4.5494002622927187e-05,1.0
0000882291,AEMD,2018-01-18,0,4.5494002622927187e-05,1.0
0000882291,AEMD,2018-01-19,0,4.5494002622927187e-05,1.0
0000882291,AEMD,2018-01-22,0,4.5494002622927187e-05,1.0
0000882291,AEMD,2018-01-23,0,4.5494002622927187e-05,1.0
0000882291,AEMD,2018-01-24,0,4.5494002622927187e-05,1.0
0000882291,AEMD,2018-01-25,0,4.5494002622927187e-05,1.0
0000882291,AEMD,2018-01-26,0,4.5494002622927187e-05,1.0
0000882291,AEMD,2018-01-29,0,1.8672114283692315e-05,1.0
0000882291,AEMD,2018-01-30,0,1.8672114283692315e-05,1.0
0000882291,AEMD,2018-01-31,0,1.8672114283692315e-05,1.0
0000882291,AEMD,2018-02-01,0,2.445087233618438e-05,1.0
0000882291,AEMD,2018-02-02,0,2.1142116027213938e-05,1.0
0000882291,AEMD,2018-02-05,0,2.1142116027213938e-05,1.0
0000882291,AEMD,2018-02-06,0,2.1142116027213938e-05,1.0
0000882291,AEMD,2018-02-07,0,2.0877421628923473e-05,1.0
0000882291,AEMD,2018-02-08,0,2.0877421628923473e-05,1.0
0000882291,AEMD,2018-02-09,0,1.8384174972077817e-05,1.0
0000882291,AEMD,2018-02-12,0,1.8384174972077817e-05,1.0
0000882291,AEMD,2018-02-13,0,1.8384174972077817e-05,1.0
0000882291,AEMD,2018-02-14,0,1.8384174972077817e-05,1.0
0000882291,AEMD,2018-02-15,0,1.8384174972077817e-05,1.0
0000882291,AEMD,2018-02-16,0,1.8384174972077817e-05,1.0
0000882291,AEMD,2018-02-19,0,8.845760083818945e-05,1.0
0000882291,AEMD,2018-02-20,0,8.845760083818945e-05,1.0
0000882291,AEMD,2018-02-21,0,8.845760083818945e-05,1.0
0000882291,AEMD,2018-02-22,0,8.845760083818945e-05,1.0
0000882291,AEMD,2018-02-23,0,8.845760083818945e-05,1.0
0000882291,AEMD,2018-02-26,0,8.845760083818945e-05,1.0
0000882291,AEMD,2018-02-27,0,8.845760083818945e-05,1.0
0000882291,AEMD,2018-02-28,0,8.845760083818945e-05,1.0
0000882291,AEMD,2018-03-01,0,8.845760083818945e-05,1.0
0000882291,AEMD,2018-03-02,0,8.845760083818945e-05,1.0
0000882291,AEMD,2018-03-05,0,8.582938216719041e-05,1.0
0000882291,AEMD,2018-03-06,0,8.582938216719041e-05,1.0
0000882291,AEMD,2018-03-07,0,8.582938216719041e-05,1.0
0000882291,AEMD,2018-03-08,0,8.582938216719041e-05,1.0
0000882291,AEMD,2018-03-09,0,8.582938216719041e-05,1.0
0000882291,AEMD,2018-03-12,0,8.582938216719041e-05,1.0
0000882291,AEMD,2018-03-13,0,8.582938216719041e-05,1.0
0000882291,AEMD,2018-03-14,0,8.582938216719041e-05,1.0
0000882291,AEMD,2018-03-15,0,8.582938216719041e-05,1.0
0000882291,AEMD,2018-03-16,0,8.582938216719041e-05,1.0
0000882291,AEMD,2018-03-19,0,3.462701200150002e-05,1.0
0000882291,AEMD,2018-03-20,0,3.462701200150002e-05,1.0
0000882291,AEMD,2018-03-21,0,3.462701200150002e-05,1.0
0000882291,AEMD,2018-03-22,0,1.893386865762196e-07,1.0
0000882291,AEMD,2018-03-23,0,1.893386865762196e-07,1.0
0000882291,AEMD,2018-03-26,0,1.893386865762196e-07,1.0
0000882291,AEMD,2018-03-27,0,1.893386865762196e-07,1.0
0000882291,AEMD,2018-03-28,0,1.893386865762196e-07,1.0
0000882291,AEMD,2018-03-29,0,1.893386865762196e-07,1.0
0000882291,AEMD,2018-03-30,0,1.893386865762196e-07,1.0
0000882291,AEMD,2018-04-02,0,1.8923499801629732e-07,1.0
0000882291,AEMD,2018-04-03,0,1.8923499801629732e-07,1.0
0000882291,AEMD,2018-04-04,0,1.8923499801629732e-07,1.0
0000882291,AEMD,2018-04-05,0,1.8923499801629732e-07,1.0
0000882291,AEMD,2018-04-06,0,1.8923499801629732e-07,1.0
0000882291,AEMD,2018-04-09,0,1.8923499801629732e-07,1.0
0000882291,AEMD,2018-04-10,0,1.8923499801629732e-07,1.0
0000882291,AEMD,2018-04-11,0,2.007079954614117e-07,1.0
0000882291,AEMD,2018-04-12,0,2.007079954614117e-07,1.0
0000882291,AEMD,2018-04-13,0,2.007079954614117e-07,1.0
0000882291,AEMD,2018-04-16,0,2.007079954614117e-07,1.0
0000882291,AEMD,2018-04-17,0,2.007079954614117e-07,1.0
0000882291,AEMD,2018-04-18,0,2.007079954614117e-07,1.0
0000882291,AEMD,2018-04-19,0,2.007079954614117e-07,1.0
0000882291,AEMD,2018-04-20,0,2.007079954614117e-07,1.0
0000882291,AEMD,2018-04-23,0,2.007079954614117e-07,1.0
0000882291,AEMD,2018-04-24,0,2.007079954614117e-07,1.0
0000882291,AEMD,2018-04-25,0,2.007079954614117e-07,1.0
0000882291,AEMD,2018-04-26,0,2.007079954614117e-07,1.0
0000882291,AEMD,2018-04-27,0,2.007079954614117e-07,1.0
0000882291,AEMD,2018-04-30,0,2.007079954614117e-07,1.0
0000882291,AEMD,2018-05-01,0,2.007079954614117e-07,1.0
0000882291,AEMD,2018-05-02,0,1.9786968816903174e-07,1.0
0000882291,AEMD,2018-05-03,0,1.9786968816903174e-07,1.0
0000882291,AEMD,2018-05-04,0,2.3003802939129622e-07,1.0
0000882291,AEMD,2018-05-07,0,2.3003802939129622e-07,1.0
0000882291,AEMD,2018-05-08,0,2.3003802939129622e-07,1.0
0000882291,AEMD,2018-05-09,0,2.3003802939129622e-07,1.0
0000882291,AEMD,2018-05-10,0,2.3003802939129622e-07,1.0
0000882291,AEMD,2018-05-11,0,2.3003802939129622e-07,1.0
0000882291,AEMD,2018-05-14,0,2.3003802939129622e-07,1.0
0000882291,AEMD,2018-05-15,0,2.3003802939129622e-07,1.0
0000882291,AEMD,2018-05-16,0,2.3003802939129622e-07,1.0
0000882291,AEMD,2018-05-17,0,2.3003802939129622e-07,1.0
0000882291,AEMD,2018-05-18,0,2.3003802939129622e-07,1.0
0000882291,AEMD,2018-05-21,0,2.1125262455718046e-05,1.0
0000882291,AEMD,2018-05-22,0,2.1125262455718046e-05,1.0
0000882291,AEMD,2018-05-23,0,2.1125262455718046e-05,1.0
0000882291,AEMD,2018-05-24,0,2.1125262455718046e-05,1.0
0000882291,AEMD,2018-05-25,0,2.1125262455718046e-05,1.0
0000882291,AEMD,2018-05-28,0,2.1125262455718046e-05,1.0
0000882291,AEMD,2018-05-29,0,2.1125262455718046e-05,1.0
0000882291,AEMD,2018-05-30,0,2.1125262455718046e-05,1.0
0000882291,AEMD,2018-05-31,0,2.1125262455718046e-05,1.0
0000882291,AEMD,2018-06-01,0,2.1125262455718046e-05,1.0
0000882291,AEMD,2018-06-04,0,2.1125262455718046e-05,1.0
0000882291,AEMD,2018-06-05,0,2.1125262455718046e-05,1.0
0000882291,AEMD,2018-06-06,0,2.1125262455718046e-05,1.0
0000882291,AEMD,2018-06-07,0,2.1125262455718046e-05,1.0
0000882291,AEMD,2018-06-08,0,2.1125262455718046e-05,1.0
0000882291,AEMD,2018-06-11,0,5.368067349745536e-06,1.0
0000882291,AEMD,2018-06-12,0,5.368067349745536e-06,1.0
0000882291,AEMD,2018-06-13,0,5.368067349745536e-06,1.0
0000882291,AEMD,2018-06-14,0,5.368067349745536e-06,1.0
0000882291,AEMD,2018-06-15,0,5.368067349745536e-06,1.0
0000882291,AEMD,2018-06-18,0,5.368067349745536e-06,1.0
0000882291,AEMD,2018-06-19,0,5.368067349745536e-06,1.0
0000882291,AEMD,2018-06-20,0,5.368067349745536e-06,1.0
0000882291,AEMD,2018-06-21,0,5.368067349745536e-06,1.0
0000882291,AEMD,2018-06-22,0,5.368067349745536e-06,1.0
0000882291,AEMD,2018-06-25,0,4.852188065392332e-06,1.0
0000882291,AEMD,2018-06-26,0,4.852188065392332e-06,1.0
0000882291,AEMD,2018-06-27,0,4.852188065392332e-06,1.0
0000882291,AEMD,2018-06-28,0,4.852188065392332e-06,1.0
0000882291,AEMD,2018-06-29,0,4.852188065392332e-06,1.0
0000882291,AEMD,2018-07-02,0,4.852188065392332e-06,1.0
0000882291,AEMD,2018-07-03,0,4.852188065392332e-06,1.0
0000882291,AEMD,2018-07-04,0,4.852188065392332e-06,1.0
0000882291,AEMD,2018-07-05,0,4.852188065392332e-06,1.0
0000882291,AEMD,2018-07-06,0,4.852188065392332e-06,1.0
0000882291,AEMD,2018-07-09,0,4.852188065392332e-06,1.0
0000882291,AEMD,2018-07-10,0,4.888461647169531e-06,1.0
0000882291,AEMD,2018-07-11,0,7.777363908697438e-07,1.0
0000882291,AEMD,2018-07-12,0,7.777363908697438e-07,1.0
0000882291,AEMD,2018-07-13,0,7.777363908697438e-07,1.0
0000882291,AEMD,2018-07-16,0,7.777363908697438e-07,1.0
0000882291,AEMD,2018-07-17,0,7.777363908697438e-07,1.0
0000882291,AEMD,2018-07-18,0,7.777363908697438e-07,1.0
0000882291,AEMD,2018-07-19,0,7.777363908697438e-07,1.0
0000882291,AEMD,2018-07-20,0,7.777363908697438e-07,1.0
0000882291,AEMD,2018-07-23,0,7.777363908697438e-07,1.0
0000882291,AEMD,2018-07-24,0,7.777363908697438e-07,1.0
0000882291,AEMD,2018-07-25,0,6.848550469906604e-07,1.0
0000882291,AEMD,2018-07-26,0,6.848550469906604e-07,1.0
0000882291,AEMD,2018-07-27,0,6.848550469906604e-07,1.0
0000882291,AEMD,2018-07-30,0,6.848550469906604e-07,1.0
0000882291,AEMD,2018-07-31,0,6.848550469906604e-07,1.0
0000882291,AEMD,2018-08-01,0,6.848550469906604e-07,1.0
0000882291,AEMD,2018-08-02,0,6.755401399200089e-07,1.0
0000882291,AEMD,2018-08-03,0,6.755401399200089e-07,1.0
0000882291,AEMD,2018-08-06,0,6.755401399200089e-07,1.0
0000882291,AEMD,2018-08-07,0,6.755401399200089e-07,1.0
0000882291,AEMD,2018-08-08,0,6.755401399200089e-07,1.0
0000882291,AEMD,2018-08-09,0,7.287582539036105e-07,1.0
0000882291,AEMD,2018-08-10,0,7.287582539036105e-07,1.0
0000882291,AEMD,2018-08-13,0,7.287582539036105e-07,1.0
0000882291,AEMD,2018-08-14,0,7.287582539036105e-07,1.0
0000882291,AEMD,2018-08-15,0,7.287582539036105e-07,1.0
0000882291,AEMD,2018-08-16,0,7.287582539036105e-07,1.0
0000882291,AEMD,2018-08-17,0,7.287582539036105e-07,1.0
0000882291,AEMD,2018-08-20,0,3.327071500124002e-07,1.0
0000882291,AEMD,2018-08-21,0,3.327071500124002e-07,1.0
0000882291,AEMD,2018-08-22,0,3.327071500124002e-07,1.0
0000882291,AEMD,2018-08-23,0,3.327071500124002e-07,1.0
0000882291,AEMD,2018-08-24,0,3.327071500124002e-07,1.0
0000882291,AEMD,2018-08-27,0,3.327071500124002e-07,1.0
0000882291,AEMD,2018-08-28,0,3.327071500124002e-07,1.0
0000882291,AEMD,2018-08-29,0,3.327071500124002e-07,1.0
0000882291,AEMD,2018-08-30,0,3.327071500124002e-07,1.0
0000882291,AEMD,2018-08-31,0,3.327071500124002e-07,1.0
0000882291,AEMD,2018-09-03,0,3.327071500124002e-07,1.0
0000882291,AEMD,2018-09-04,0,3.327071500124002e-07,1.0
0000882291,AEMD,2018-09-05,0,3.327071500124002e-07,1.0
0000882291,AEMD,2018-09-06,0,3.327071500124002e-07,1.0
0000882291,AEMD,2018-09-07,0,3.327071500124002e-07,1.0
0000882291,AEMD,2018-09-10,0,8.850194992545189e-06,1.0
0000882291,AEMD,2018-09-11,0,8.850194992545189e-06,1.0
0000882291,AEMD,2018-09-12,0,8.850194992545189e-06,1.0
0000882291,AEMD,2018-09-13,0,8.850194992545189e-06,1.0
0000882291,AEMD,2018-09-14,0,8.850194992545189e-06,1.0
0000882291,AEMD,2018-09-17,0,8.850194992545189e-06,1.0
0000882291,AEMD,2018-09-18,0,8.850194992545189e-06,1.0
0000882291,AEMD,2018-09-19,0,8.850194992545189e-06,1.0
0000882291,AEMD,2018-09-20,0,8.850194992545189e-06,1.0
0000882291,AEMD,2018-09-21,0,8.850194992545189e-06,1.0
0000882291,AEMD,2018-09-24,0,9.386762397446057e-06,1.0
0000882291,AEMD,2018-09-25,0,9.386762397446057e-06,1.0
0000882291,AEMD,2018-09-26,0,9.386762397446057e-06,1.0
0000882291,AEMD,2018-09-27,0,9.386762397446057e-06,1.0
0000882291,AEMD,2018-09-28,0,9.386762397446057e-06,1.0
0000882291,AEMD,2018-10-01,0,9.386762397446057e-06,1.0
0000882291,AEMD,2018-10-02,0,9.386762397446057e-06,1.0
0000882291,AEMD,2018-10-03,0,9.386762397446057e-06,1.0
0000882291,AEMD,2018-10-04,0,9.386762397446057e-06,1.0
0000882291,AEMD,2018-10-05,0,9.386762397446057e-06,1.0
0000882291,AEMD,2018-10-08,0,9.386762397446057e-06,1.0
0000882291,AEMD,2018-10-09,0,9.386762397446057e-06,1.0
0000882291,AEMD,2018-10-10,0,9.386762397446057e-06,1.0
0000882291,AEMD,2018-10-11,0,9.386762397446057e-06,1.0
0000882291,AEMD,2018-10-12,0,9.386762397446057e-06,1.0
0000882291,AEMD,2018-10-15,0,9.386762397446057e-06,1.0
0000882291,AEMD,2018-10-16,0,9.386762397446057e-06,1.0
0000882291,AEMD,2018-10-17,0,9.386762397446057e-06,1.0
0000882291,AEMD,2018-10-18,0,9.386762397446057e-06,1.0
0000882291,AEMD,2018-10-19,0,9.386762397446057e-06,1.0
0000882291,AEMD,2018-10-22,0,9.386762397446057e-06,1.0
0000882291,AEMD,2018-10-23,0,9.386762397446057e-06,1.0
0000882291,AEMD,2018-10-24,0,9.386762397446057e-06,1.0
0000882291,AEMD,2018-10-25,0,9.386762397446057e-06,1.0
0000882291,AEMD,2018-10-26,0,9.386762397446057e-06,1.0
0000882291,AEMD,2018-10-29,0,9.386762397446057e-06,1.0
0000882291,AEMD,2018-10-30,0,9.386762397446057e-06,1.0
0000882291,AEMD,2018-10-31,0,9.386762397446057e-06,1.0
0000882291,AEMD,2018-11-01,0,9.386762397446057e-06,1.0
0000882291,AEMD,2018-11-02,0,9.386762397446057e-06,1.0
0000882291,AEMD,2018-11-05,0,9.386762397446057e-06,1.0
0000882291,AEMD,2018-11-06,0,9.386762397446057e-06,1.0
0000882291,AEMD,2018-11-07,0,1.1262981206411416e-05,1.0
0000882291,AEMD,2018-11-08,0,1.1262981206411416e-05,1.0
0000882291,AEMD,2018-11-09,0,1.1262981206411416e-05,1.0
0000882291,AEMD,2018-11-12,0,1.1262981206411416e-05,1.0
0000882291,AEMD,2018-11-13,0,1.1262981206411416e-05,1.0
0000882291,AEMD,2018-11-14,0,1.1262981206411416e-05,1.0
0000882291,AEMD,2018-11-15,0,1.1262981206411416e-05,1.0
0000882291,AEMD,2018-11-16,0,1.1262981206411416e-05,1.0
0000882291,AEMD,2018-11-19,0,1.1262981206411416e-05,1.0
0000882291,AEMD,2018-11-20,0,1.1262981206411416e-05,1.0
0000882291,AEMD,2018-11-21,0,1.1262981206411416e-05,1.0
0000882291,AEMD,2018-11-22,0,1.1262981206411416e-05,1.0
0000882291,AEMD,2018-11-23,0,1.1262981206411416e-05,1.0
0000882291,AEMD,2018-11-26,0,1.1262981206411416e-05,1.0
0000882291,AEMD,2018-11-27,0,1.1262981206411416e-05,1.0
0000882291,AEMD,2018-11-28,0,1.1262981206411416e-05,1.0
0000882291,AEMD,2018-11-29,0,1.1262981206411416e-05,1.0
0000882291,AEMD,2018-11-30,0,1.1262981206411416e-05,1.0
0000882291,AEMD,2018-12-03,0,1.1262981206411416e-05,1.0
0000882291,AEMD,2018-12-04,0,1.1262981206411416e-05,1.0
0000882291,AEMD,2018-12-05,0,1.1262981206411416e-05,1.0
0000882291,AEMD,2018-12-06,0,1.1262981206411416e-05,1.0
0000882291,AEMD,2018-12-07,0,1.021249739636987e-05,1.0
0000882291,AEMD,2018-12-10,0,1.0417109252772502e-05,1.0
0000882291,AEMD,2018-12-11,0,1.0417109252772502e-05,1.0
0000882291,AEMD,2018-12-12,0,1.0417109252772502e-05,1.0
0000882291,AEMD,2018-12-13,0,1.074047841092393e-05,1.0
0000882291,AEMD,2018-12-14,0,1.074047841092393e-05,1.0
0000882291,AEMD,2018-12-17,0,1.074047841092393e-05,1.0
0000882291,AEMD,2018-12-18,0,1.074047841092393e-05,1.0
0000882291,AEMD,2018-12-19,0,1.074047841092393e-05,1.0
0000882291,AEMD,2018-12-20,0,1.074047841092393e-05,1.0
0000882291,AEMD,2018-12-21,0,1.074047841092393e-05,1.0
0000882291,AEMD,2018-12-24,0,1.0820770704936746e-05,1.0
0000882291,AEMD,2018-12-25,0,1.0820770704936746e-05,1.0
0000882291,AEMD,2018-12-26,0,1.0820770704936746e-05,1.0
0000882291,AEMD,2018-12-27,0,1.0820770704936746e-05,1.0
0000882291,AEMD,2018-12-28,0,1.0820770704936746e-05,1.0
0000882291,AEMD,2018-12-31,0,1.0820770704936746e-05,1.0
0000882291,AEMD,2019-01-01,0,1.0820770704936746e-05,1.0
0000882291,AEMD,2019-01-02,0,1.0820770704936746e-05,1.0
0000882291,AEMD,2019-01-03,0,1.0820770704936746e-05,1.0
0000882291,AEMD,2019-01-04,0,1.0820770704936746e-05,1.0
0000882291,AEMD,2019-01-07,0,1.0820770704936746e-05,1.0
0000882291,AEMD,2019-01-08,0,1.0820770704936746e-05,1.0
0000882291,AEMD,2019-01-09,0,1.0820770704936746e-05,1.0
0000882291,AEMD,2019-01-10,0,1.0820770704936746e-05,1.0
0000882291,AEMD,2019-01-11,0,1.0820770704936746e-05,1.0
0000882291,AEMD,2019-01-14,0,6.538833630067964e-06,1.0
0000882291,AEMD,2019-01-15,0,6.538833630067964e-06,1.0
0000882291,AEMD,2019-01-16,0,6.538833630067964e-06,1.0
0000882291,AEMD,2019-01-17,0,6.538833630067964e-06,1.0
0000882291,AEMD,2019-01-18,0,6.538833630067964e-06,1.0
0000882291,AEMD,2019-01-21,0,6.538833630067964e-06,1.0
0000882291,AEMD,2019-01-22,0,6.538833630067964e-06,1.0
0000882291,AEMD,2019-01-23,0,6.538833630067964e-06,1.0
0000882291,AEMD,2019-01-24,0,6.538833630067964e-06,1.0
0000882291,AEMD,2019-01-25,0,6.538833630067964e-06,1.0
0000882291,AEMD,2019-01-28,0,6.538833630067964e-06,1.0
0000882291,AEMD,2019-01-29,0,6.538833630067964e-06,1.0
0000882291,AEMD,2019-01-30,0,6.538833630067964e-06,1.0
0000882291,AEMD,2019-01-31,0,6.538833630067964e-06,1.0
0000882291,AEMD,2019-02-01,0,6.538833630067964e-06,1.0
0000882291,AEMD,2019-02-04,0,6.538833630067964e-06,1.0
0000882291,AEMD,2019-02-05,0,8.207090578303597e-06,1.0
0000882291,AEMD,2019-02-06,0,8.207090578303597e-06,1.0
0000882291,AEMD,2019-02-07,0,8.207090578303597e-06,1.0
0000882291,AEMD,2019-02-08,0,8.207090578303597e-06,1.0
0000882291,AEMD,2019-02-11,0,8.207090578303597e-06,1.0
0000882291,AEMD,2019-02-12,0,7.31313133784181e-06,1.0
0000882291,AEMD,2019-02-13,0,7.31313133784181e-06,1.0
0000882291,AEMD,2019-02-14,0,7.31313133784181e-06,1.0
0000882291,AEMD,2019-02-15,0,7.31313133784181e-06,1.0
0000882291,AEMD,2019-02-18,0,7.31313133784181e-06,1.0
0000882291,AEMD,2019-02-19,0,7.31313133784181e-06,1.0
0000882291,AEMD,2019-02-20,0,7.31313133784181e-06,1.0
0000882291,AEMD,2019-02-21,0,7.31313133784181e-06,1.0
0000882291,AEMD,2019-02-22,0,8.192287462856682e-06,1.0
0000882291,AEMD,2019-02-25,0,8.192287462856682e-06,1.0
0000882291,AEMD,2019-02-26,0,8.192287462856682e-06,1.0
0000882291,AEMD,2019-02-27,0,8.192287462856682e-06,1.0
0000882291,AEMD,2019-02-28,0,8.192287462856682e-06,1.0
0000882291,AEMD,2019-03-01,0,8.192287462856682e-06,1.0
0000882291,AEMD,2019-03-04,0,8.192287462856682e-06,1.0
0000882291,AEMD,2019-03-05,0,8.192287462856682e-06,1.0
0000882291,AEMD,2019-03-06,0,8.192287462856682e-06,1.0
0000882291,AEMD,2019-03-07,0,8.192287462856682e-06,1.0
0000882291,AEMD,2019-03-08,0,8.192287462856682e-06,1.0
0000882291,AEMD,2019-03-11,0,8.192287462856682e-06,1.0
0000882291,AEMD,2019-03-12,0,8.192287462856682e-06,1.0
0000882291,AEMD,2019-03-13,0,8.192287462856682e-06,1.0
0000882291,AEMD,2019-03-14,0,8.629514330549518e-06,1.0
0000882291,AEMD,2019-03-15,0,7.834095390337344e-06,1.0
0000882291,AEMD,2019-03-18,0,7.834095390337344e-06,1.0
0000882291,AEMD,2019-03-19,0,7.834095390337344e-06,1.0
0000882291,AEMD,2019-03-20,0,7.834095390337344e-06,1.0
0000882291,AEMD,2019-03-21,0,7.834095390337344e-06,1.0
0000882291,AEMD,2019-03-22,0,7.834095390337344e-06,1.0
0000882291,AEMD,2019-03-25,0,2.191811072681755e-06,1.0
0000882291,AEMD,2019-03-26,0,2.191811072681755e-06,1.0
0000882291,AEMD,2019-03-27,0,2.191811072681755e-06,1.0
0000882291,AEMD,2019-03-28,0,2.191811072681755e-06,1.0
0000882291,AEMD,2019-03-29,0,2.191811072681755e-06,1.0
0000882291,AEMD,2019-04-01,0,2.191811072681755e-06,1.0
0000882291,AEMD,2019-04-02,0,2.191811072681755e-06,1.0
0000882291,AEMD,2019-04-03,0,2.191811072681755e-06,1.0
0000882291,AEMD,2019-04-04,0,2.191811072681755e-06,1.0
0000882291,AEMD,2019-04-05,0,2.191811072681755e-06,1.0
0000882291,AEMD,2019-04-08,0,2.191811072681755e-06,1.0
0000882291,AEMD,2019-04-09,0,2.191811072681755e-06,1.0
0000882291,AEMD,2019-04-10,0,2.191811072681755e-06,1.0
0000882291,AEMD,2019-04-11,0,2.191811072681755e-06,1.0
0000882291,AEMD,2019-04-12,0,2.191811072681755e-06,1.0
0000882291,AEMD,2019-04-15,0,2.191811072681755e-06,1.0
0000882291,AEMD,2019-04-16,0,2.191811072681755e-06,1.0
0000882291,AEMD,2019-04-17,0,2.191811072681755e-06,1.0
0000882291,AEMD,2019-04-18,0,2.191811072681755e-06,1.0
0000882291,AEMD,2019-04-19,0,2.191811072681755e-06,1.0
0000882291,AEMD,2019-04-22,0,2.191811072681755e-06,1.0
0000882291,AEMD,2019-04-23,0,2.191811072681755e-06,1.0
0000882291,AEMD,2019-04-24,0,2.191811072681755e-06,1.0
0000882291,AEMD,2019-04-25,0,2.191811072681755e-06,1.0
0000882291,AEMD,2019-04-26,0,2.191811072681755e-06,1.0
0000882291,AEMD,2019-04-29,0,2.191811072681755e-06,1.0
0000882291,AEMD,2019-04-30,0,2.191811072681755e-06,1.0
0000882291,AEMD,2019-05-01,0,2.191811072681755e-06,1.0
0000882291,AEMD,2019-05-02,0,2.191811072681755e-06,1.0
0000882291,AEMD,2019-05-03,0,2.191811072681755e-06,1.0
0000882291,AEMD,2019-05-06,0,2.191811072681755e-06,1.0
0000882291,AEMD,2019-05-07,0,2.1691172219861723e-06,1.0
0000882291,AEMD,2019-05-08,0,2.1691172219861723e-06,1.0
0000882291,AEMD,2019-05-09,0,2.3055359378740097e-06,1.0
0000882291,AEMD,2019-05-10,0,2.3055359378740097e-06,1.0
0000882291,AEMD,2019-05-13,0,1.3849266230687735e-06,1.0
0000882291,AEMD,2019-05-14,0,1.5435808109270473e-06,1.0
0000882291,AEMD,2019-05-15,0,1.5435808109270473e-06,1.0
0000882291,AEMD,2019-05-16,0,1.5435808109270473e-06,1.0
0000882291,AEMD,2019-05-17,0,1.5435808109270473e-06,1.0
0000882291,AEMD,2019-05-20,0,1.5435808109270473e-06,1.0
0000882291,AEMD,2019-05-21,0,1.5435808109270473e-06,1.0
0000882291,AEMD,2019-05-22,0,1.5435808109270473e-06,1.0
0000882291,AEMD,2019-05-23,0,1.5435808109270473e-06,1.0
0000882291,AEMD,2019-05-24,0,5.083123010602399e-06,1.0
0000882291,AEMD,2019-05-27,0,5.083123010602399e-06,1.0
0000882291,AEMD,2019-05-28,0,5.083123010602399e-06,1.0
0000882291,AEMD,2019-05-29,0,5.083123010602399e-06,1.0
0000882291,AEMD,2019-05-30,0,5.083123010602399e-06,1.0
0000882291,AEMD,2019-05-31,0,5.083123010602399e-06,1.0
0000882291,AEMD,2019-06-03,0,5.083123010602399e-06,1.0
0000882291,AEMD,2019-06-04,0,5.083123010602399e-06,1.0
0000882291,AEMD,2019-06-05,0,5.083123010602399e-06,1.0
0000882291,AEMD,2019-06-06,0,5.083123010602399e-06,1.0
0000882291,AEMD,2019-06-07,0,5.083123010602399e-06,1.0
0000882291,AEMD,2019-06-10,0,5.263398216904586e-06,1.0
0000882291,AEMD,2019-06-11,0,5.263398216904586e-06,1.0
0000882291,AEMD,2019-06-12,0,2.47266420866355e-06,1.0
0000882291,AEMD,2019-06-13,0,2.47266420866355e-06,1.0
0000882291,AEMD,2019-06-14,0,2.47266420866355e-06,1.0
0000882291,AEMD,2019-06-17,0,2.47266420866355e-06,1.0
0000882291,AEMD,2019-06-18,0,2.47266420866355e-06,1.0
0000882291,AEMD,2019-06-19,0,2.47266420866355e-06,1.0
0000882291,AEMD,2019-06-20,0,2.47266420866355e-06,1.0
0000882291,AEMD,2019-06-21,0,2.47266420866355e-06,1.0
0000882291,AEMD,2019-06-24,0,2.47266420866355e-06,1.0
0000882291,AEMD,2019-06-25,0,2.47266420866355e-06,1.0
0000882291,AEMD,2019-06-26,0,2.47266420866355e-06,1.0
0000882291,AEMD,2019-06-27,0,2.47266420866355e-06,1.0
0000882291,AEMD,2019-06-28,0,2.47266420866355e-06,1.0
0000882291,AEMD,2019-07-01,0,2.47266420866355e-06,1.0
0000882291,AEMD,2019-07-02,0,4.250698692545199e-06,1.0
0000882291,AEMD,2019-07-03,0,4.250698692545199e-06,1.0
0000882291,AEMD,2019-07-04,0,4.250698692545199e-06,1.0
0000882291,AEMD,2019-07-05,0,4.250698692545199e-06,1.0
0000882291,AEMD,2019-07-08,0,4.250698692545199e-06,1.0
0000882291,AEMD,2019-07-09,0,4.250698692545199e-06,1.0
0000882291,AEMD,2019-07-10,0,4.250698692545199e-06,1.0
0000882291,AEMD,2019-07-11,0,4.250698692545199e-06,1.0
0000882291,AEMD,2019-07-12,0,4.250698692545199e-06,1.0
0000882291,AEMD,2019-07-15,0,4.250698692545199e-06,1.0
0000882291,AEMD,2019-07-16,0,4.250698692545199e-06,1.0
0000882291,AEMD,2019-07-17,0,4.250698692545199e-06,1.0
0000882291,AEMD,2019-07-18,0,4.250698692545199e-06,1.0
0000882291,AEMD,2019-07-19,0,4.250698692545199e-06,1.0
0000882291,AEMD,2019-07-22,0,4.250698692545199e-06,1.0
0000882291,AEMD,2019-07-23,0,4.250698692545199e-06,1.0
0000882291,AEMD,2019-07-24,0,4.250698692545199e-06,1.0
0000882291,AEMD,2019-07-25,0,4.250698692545199e-06,1.0
0000882291,AEMD,2019-07-26,0,4.250698692545199e-06,1.0
0000882291,AEMD,2019-07-29,0,4.250698692545199e-06,1.0
0000882291,AEMD,2019-07-30,0,4.250698692545199e-06,1.0
0000882291,AEMD,2019-07-31,0,4.250698692545199e-06,1.0
0000882291,AEMD,2019-08-01,0,1.0315368521550297e-06,1.0
0000882291,AEMD,2019-08-02,0,1.0315368521550297e-06,1.0
0000882291,AEMD,2019-08-05,0,1.0315368521550297e-06,1.0
0000882291,AEMD,2019-08-06,0,1.0315368521550297e-06,1.0
0000882291,AEMD,2019-08-07,0,1.0940771286393617e-06,1.0
0000882291,AEMD,2019-08-08,0,1.0940771286393617e-06,1.0
0000882291,AEMD,2019-08-09,0,1.0940771286393617e-06,1.0
0000882291,AEMD,2019-08-12,0,3.4678788285237947e-06,1.0
0000882291,AEMD,2019-08-13,0,3.4678788285237947e-06,1.0
0000882291,AEMD,2019-08-14,0,3.4678788285237947e-06,1.0
0000882291,AEMD,2019-08-15,0,3.705934062256901e-06,1.0
0000882291,AEMD,2019-08-16,0,3.705934062256901e-06,1.0
0000882291,AEMD,2019-08-19,0,3.705934062256901e-06,1.0
0000882291,AEMD,2019-08-20,0,3.705934062256901e-06,1.0
0000882291,AEMD,2019-08-21,0,3.705934062256901e-06,1.0
0000882291,AEMD,2019-08-22,0,3.2739167577795988e-06,1.0
0000882291,AEMD,2019-08-23,0,3.2739167577795988e-06,1.0
0000882291,AEMD,2019-08-26,0,3.2739167577795988e-06,1.0
0000882291,AEMD,2019-08-27,0,3.2739167577795988e-06,1.0
0000882291,AEMD,2019-08-28,0,3.2739167577795988e-06,1.0
0000882291,AEMD,2019-08-29,0,3.2739167577795988e-06,1.0
0000882291,AEMD,2019-08-30,0,3.2739167577795988e-06,1.0
0000882291,AEMD,2019-09-02,0,3.2739167577795988e-06,1.0
0000882291,AEMD,2019-09-03,0,3.2739167577795988e-06,1.0
0000882291,AEMD,2019-09-04,0,3.2739167577795988e-06,1.0
0000882291,AEMD,2019-09-05,0,3.2739167577795988e-06,1.0
0000882291,AEMD,2019-09-06,0,3.2739167577795988e-06,1.0
0000882291,AEMD,2019-09-09,0,3.2739167577795988e-06,1.0
0000882291,AEMD,2019-09-10,0,1.4816040392621758e-06,1.0
0000882291,AEMD,2019-09-11,0,1.5341499779210107e-06,1.0
0000882291,AEMD,2019-09-12,0,1.5341499779210107e-06,1.0
0000882291,AEMD,2019-09-13,0,1.5341499779210107e-06,1.0
0000882291,AEMD,2019-09-16,0,1.2834345525543539e-06,1.0
0000882291,AEMD,2019-09-17,0,1.2834345525543539e-06,1.0
0000882291,AEMD,2019-09-18,0,1.2834345525543539e-06,1.0
0000882291,AEMD,2019-09-19,0,1.2834345525543539e-06,1.0
0000882291,AEMD,2019-09-20,0,1.2834345525543539e-06,1.0
0000882291,AEMD,2019-09-23,0,3.425871434324231e-07,1.0
0000882291,AEMD,2019-09-24,0,3.425871434324231e-07,1.0
0000882291,AEMD,2019-09-25,0,3.425871434324231e-07,1.0
0000882291,AEMD,2019-09-26,0,3.425871434324231e-07,1.0
0000882291,AEMD,2019-09-27,0,3.425871434324231e-07,1.0
0000882291,AEMD,2019-09-30,0,1.3206739315267246e-06,1.0
0000882291,AEMD,2019-10-01,0,1.3206739315267246e-06,1.0
0000882291,AEMD,2019-10-02,0,1.3206739315267246e-06,1.0
0000882291,AEMD,2019-10-03,0,1.3206739315267246e-06,1.0
0000882291,AEMD,2019-10-04,0,1.3206739315267246e-06,1.0
0000882291,AEMD,2019-10-07,0,1.3206739315267246e-06,1.0
0000882291,AEMD,2019-10-08,0,1.3206739315267246e-06,1.0
0000882291,AEMD,2019-10-09,0,1.3206739315267246e-06,1.0
0000882291,AEMD,2019-10-10,0,7.70403484043192e-07,1.0
0000882291,AEMD,2019-10-11,0,7.70403484043192e-07,1.0
0000882291,AEMD,2019-10-14,0,7.70403484043192e-07,1.0
0000882291,AEMD,2019-10-15,0,7.70403484043192e-07,1.0
0000882291,AEMD,2019-10-16,0,7.977263064397082e-07,1.0
0000882291,AEMD,2019-10-17,0,7.977263064397082e-07,1.0
0000882291,AEMD,2019-10-18,0,7.977263064397082e-07,1.0
0000882291,AEMD,2019-10-21,0,7.977263064397082e-07,1.0
0000882291,AEMD,2019-10-22,0,7.977263064397082e-07,1.0
0000882291,AEMD,2019-10-23,0,2.334211733897977e-07,1.0
0000882291,AEMD,2019-10-24,0,2.334211733897977e-07,1.0
0000882291,AEMD,2019-10-25,0,2.334211733897977e-07,1.0
0000882291,AEMD,2019-10-28,0,2.334211733897977e-07,1.0
0000882291,AEMD,2019-10-29,0,2.334211733897977e-07,1.0
0000882291,AEMD,2019-10-30,0,2.334211733897977e-07,1.0
0000882291,AEMD,2019-10-31,0,2.334211733897977e-07,1.0
0000882291,AEMD,2019-11-01,0,2.334211733897977e-07,1.0
0000882291,AEMD,2019-11-04,0,2.2694726410337416e-07,1.0
0000882291,AEMD,2019-11-05,0,2.2864386538784914e-07,1.0
0000882291,AEMD,2019-11-06,0,2.2864386538784914e-07,1.0
0000882291,AEMD,2019-11-07,0,2.2864386538784914e-07,1.0
0000882291,AEMD,2019-11-08,0,2.2864386538784914e-07,1.0
0000882291,AEMD,2019-11-11,0,2.39600544254842e-07,1.0
0000882291,AEMD,2019-11-12,0,2.39600544254842e-07,1.0
0000882291,AEMD,2019-11-13,0,2.4250540887774825e-07,1.0
0000882291,AEMD,2019-11-14,0,2.4250540887774825e-07,1.0
0000882291,AEMD,2019-11-15,0,1.9486289550155542e-07,1.0
0000882291,AEMD,2019-11-18,0,1.9486289550155542e-07,1.0
0000882291,AEMD,2019-11-19,0,1.9486289550155542e-07,1.0
0000882291,AEMD,2019-11-20,0,1.9486289550155542e-07,1.0
0000882291,AEMD,2019-11-21,0,1.9486289550155542e-07,1.0
0000882291,AEMD,2019-11-22,0,1.9486289550155542e-07,1.0
0000882291,AEMD,2019-11-25,0,1.9486289550155542e-07,1.0
0000882291,AEMD,2019-11-26,0,1.9486289550155542e-07,1.0
0000882291,AEMD,2019-11-27,0,1.9486289550155542e-07,1.0
0000882291,AEMD,2019-11-28,0,1.9486289550155542e-07,1.0
0000882291,AEMD,2019-11-29,0,1.9486289550155542e-07,1.0
0000882291,AEMD,2019-12-02,0,1.9486289550155542e-07,1.0
0000882291,AEMD,2019-12-03,0,1.9486289550155542e-07,1.0
0000882291,AEMD,2019-12-04,0,1.8930097682459158e-07,1.0
0000882291,AEMD,2019-12-05,0,1.8930097682459158e-07,1.0
0000882291,AEMD,2019-12-06,0,1.8930097682459158e-07,1.0
0000882291,AEMD,2019-12-09,0,1.3446123593028842e-06,1.0
0000882291,AEMD,2019-12-10,0,1.3446123593028842e-06,1.0
0000882291,AEMD,2019-12-11,0,1.3446123593028842e-06,1.0
0000882291,AEMD,2019-12-12,0,1.3446123593028842e-06,1.0
0000882291,AEMD,2019-12-13,0,1.3446123593028842e-06,1.0
0000882291,AEMD,2019-12-16,0,3.08985634368393e-07,1.0
0000882291,AEMD,2019-12-17,0,3.08985634368393e-07,1.0
0000882291,AEMD,2019-12-18,0,3.08985634368393e-07,1.0
0000882291,AEMD,2019-12-19,0,3.3019626465634696e-07,1.0
0000882291,AEMD,2019-12-20,0,3.3019626465634696e-07,1.0
0000882291,AEMD,2019-12-23,0,2.345395169753028e-06,1.0
0000882291,AEMD,2019-12-24,0,2.345395169753028e-06,1.0
0000882291,AEMD,2019-12-25,0,2.345395169753028e-06,1.0
0000882291,AEMD,2019-12-26,0,2.345395169753028e-06,1.0
0000882291,AEMD,2019-12-27,0,2.345395169753028e-06,1.0
0000882291,AEMD,2019-12-30,0,2.1043775187284175e-06,1.0
0000882291,AEMD,2019-12-31,0,2.1043775187284175e-06,1.0
0000882291,AEMD,2020-01-01,0,2.1043775187284175e-06,1.0
0000882291,AEMD,2020-01-02,0,2.1043775187284175e-06,1.0
0000882291,AEMD,2020-01-03,0,2.1043775187284175e-06,1.0
0000882291,AEMD,2020-01-06,0,2.1043775187284175e-06,1.0
0000882291,AEMD,2020-01-07,0,2.1043775187284175e-06,1.0
0000882291,AEMD,2020-01-08,0,2.1043775187284175e-06,1.0
0000882291,AEMD,2020-01-09,0,2.1043775187284175e-06,1.0
0000882291,AEMD,2020-01-10,0,2.1043775187284175e-06,1.0
0000882291,AEMD,2020-01-13,0,2.1043775187284175e-06,1.0
0000882291,AEMD,2020-01-14,0,2.1043775187284175e-06,1.0
0000882291,AEMD,2020-01-15,0,2.1043775187284175e-06,1.0
0000882291,AEMD,2020-01-16,0,2.1043775187284175e-06,1.0
0000882291,AEMD,2020-01-17,0,2.1043775187284175e-06,1.0
0000882291,AEMD,2020-01-20,0,1.965571458715196e-06,1.0
0000882291,AEMD,2020-01-21,0,1.965571458715196e-06,1.0
0000882291,AEMD,2020-01-22,0,1.965571458715196e-06,1.0
0000882291,AEMD,2020-01-23,0,1.8991614799064081e-06,1.0
0000882291,AEMD,2020-01-24,0,1.8991614799064081e-06,1.0
0000882291,AEMD,2020-01-27,0,1.8991614799064081e-06,1.0
0000882291,AEMD,2020-01-28,0,1.8991614799064081e-06,1.0
0000882291,AEMD,2020-01-29,0,1.8991614799064081e-06,1.0
0000882291,AEMD,2020-01-30,0,1.8991614799064081e-06,1.0
0000882291,AEMD,2020-01-31,0,1.8991614799064081e-06,1.0
0000882291,AEMD,2020-02-03,0,2.1946503194700417e-06,1.0
0000882291,AEMD,2020-02-04,0,2.1946503194700417e-06,1.0
0000882291,AEMD,2020-02-05,0,2.1946503194700417e-06,1.0
0000882291,AEMD,2020-02-06,0,2.1946503194700417e-06,1.0
0000882291,AEMD,2020-02-07,0,2.1946503194700417e-06,1.0
0000882291,AEMD,2020-02-10,0,2.2110569467289606e-06,1.0
0000882291,AEMD,2020-02-11,0,1.6811595717534414e-06,1.0
0000882291,AEMD,2020-02-12,0,1.6811595717534414e-06,1.0
0000882291,AEMD,2020-02-13,0,8.282440563059485e-06,1.0
0000882291,AEMD,2020-02-14,0,8.282440563059485e-06,1.0
0000882291,AEMD,2020-02-17,0,8.282440563059485e-06,1.0
0000882291,AEMD,2020-02-18,0,8.282440563059485e-06,1.0
0000882291,AEMD,2020-02-19,0,8.816280445777325e-06,1.0
0000882291,AEMD,2020-02-20,0,8.816280445777325e-06,1.0
0000882291,AEMD,2020-02-21,0,8.816280445777325e-06,1.0
0000882291,AEMD,2020-02-24,0,9.914000736187158e-06,1.0
0000882291,AEMD,2020-02-25,0,9.914000736187158e-06,1.0
0000882291,AEMD,2020-02-26,0,9.914000736187158e-06,1.0
0000882291,AEMD,2020-02-27,0,9.914000736187158e-06,1.0
0000882291,AEMD,2020-02-28,0,9.914000736187158e-06,1.0
0000882291,AEMD,2020-03-02,0,9.914000736187158e-06,1.0
0000882291,AEMD,2020-03-03,0,9.914000736187158e-06,1.0
0000882291,AEMD,2020-03-04,0,9.914000736187158e-06,1.0
0000882291,AEMD,2020-03-05,0,9.914000736187158e-06,1.0
0000882291,AEMD,2020-03-06,0,9.914000736187158e-06,1.0
0000882291,AEMD,2020-03-09,0,8.996245468404902e-06,1.0
0000882291,AEMD,2020-03-10,0,8.996245468404902e-06,1.0
0000882291,AEMD,2020-03-11,0,8.996245468404902e-06,1.0
0000882291,AEMD,2020-03-12,0,8.996245468404902e-06,1.0
0000882291,AEMD,2020-03-13,0,8.235143981601888e-06,1.0
0000882291,AEMD,2020-03-16,0,8.296707372494403e-06,1.0
0000882291,AEMD,2020-03-17,0,8.296707372494403e-06,1.0
0000882291,AEMD,2020-03-18,0,8.296707372494403e-06,1.0
0000882291,AEMD,2020-03-19,0,3.421784893578211e-06,1.0
0000882291,AEMD,2020-03-20,0,3.421784893578211e-06,1.0
0000882291,AEMD,2020-03-23,0,2.5369034026327167e-06,1.0
0000882291,AEMD,2020-03-24,0,2.5369034026327167e-06,1.0
0000882291,AEMD,2020-03-25,0,2.5369034026327167e-06,1.0
0000882291,AEMD,2020-03-26,0,2.152604531481673e-06,1.0
0000882291,AEMD,2020-03-27,0,2.152604531481673e-06,1.0
0000882291,AEMD,2020-03-30,0,2.152604531481673e-06,1.0
0000882291,AEMD,2020-03-31,0,2.152604531481673e-06,1.0
0000882291,AEMD,2020-04-01,0,2.152604531481673e-06,1.0
0000882291,AEMD,2020-04-02,0,2.152604531481673e-06,1.0
0000882291,AEMD,2020-04-03,0,2.152604531481673e-06,1.0
0000882291,AEMD,2020-04-06,0,2.152604531481673e-06,1.0
0000882291,AEMD,2020-04-07,0,2.152604531481673e-06,1.0
0000882291,AEMD,2020-04-08,0,2.152604531481673e-06,1.0
0000882291,AEMD,2020-04-09,0,2.152604531481673e-06,1.0
0000882291,AEMD,2020-04-10,0,2.152604531481673e-06,1.0
0000882291,AEMD,2020-04-13,0,2.152604531481673e-06,1.0
0000882291,AEMD,2020-04-14,0,2.152604531481673e-06,1.0
0000882291,AEMD,2020-04-15,0,2.152604531481673e-06,1.0
0000882291,AEMD,2020-04-16,0,2.152604531481673e-06,1.0
0000882291,AEMD,2020-04-17,0,2.152604531481673e-06,1.0
0000882291,AEMD,2020-04-20,0,1.5102464372839506e-06,1.0
0000882291,AEMD,2020-04-21,0,1.5102464372839506e-06,1.0
0000882291,AEMD,2020-04-22,0,1.377050176549978e-06,1.0
0000882291,AEMD,2020-04-23,0,1.4450546050849944e-06,1.0
0000882291,AEMD,2020-04-24,0,1.4450546050849944e-06,1.0
0000882291,AEMD,2020-04-27,0,1.4450546050849944e-06,1.0
0000882291,AEMD,2020-04-28,0,1.4450546050849944e-06,1.0
0000882291,AEMD,2020-04-29,0,1.4450546050849944e-06,1.0
0000882291,AEMD,2020-04-30,0,1.4450546050849944e-06,1.0
0000882291,AEMD,2020-05-01,0,1.4450546050849944e-06,1.0
0000882291,AEMD,2020-05-04,0,1.4261810498982426e-06,1.0
0000882291,AEMD,2020-05-05,0,1.4261810498982426e-06,1.0
0000882291,AEMD,2020-05-06,0,1.4261810498982426e-06,1.0
0000882291,AEMD,2020-05-07,0,1.4261810498982426e-06,1.0
0000882291,AEMD,2020-05-08,0,1.4261810498982426e-06,1.0
0000882291,AEMD,2020-05-11,0,1.4261810498982426e-06,1.0
0000882291,AEMD,2020-05-12,0,1.92490932587547e-06,1.0
0000882291,AEMD,2020-05-13,0,1.92490932587547e-06,1.0
0000882291,AEMD,2020-05-14,0,1.9196560165613657e-06,1.0
0000882291,AEMD,2020-05-15,0,1.9196560165613657e-06,1.0
0000882291,AEMD,2020-05-18,0,1.9196560165613657e-06,1.0
0000882291,AEMD,2020-05-19,0,1.9196560165613657e-06,1.0
0000882291,AEMD,2020-05-20,0,1.9196560165613657e-06,1.0
0000882291,AEMD,2020-05-21,0,1.9196560165613657e-06,1.0
0000882291,AEMD,2020-05-22,0,1.9196560165613657e-06,1.0
0000882291,AEMD,2020-05-25,0,2.0221097862542854e-06,1.0
0000882291,AEMD,2020-05-26,0,2.0221097862542854e-06,1.0
0000882291,AEMD,2020-05-27,0,2.0221097862542854e-06,1.0
0000882291,AEMD,2020-05-28,0,2.0221097862542854e-06,1.0
0000882291,AEMD,2020-05-29,0,2.0221097862542854e-06,1.0
0000882291,AEMD,2020-06-01,0,2.0221097862542854e-06,1.0
0000882291,AEMD,2020-06-02,0,2.0221097862542854e-06,1.0
0000882291,AEMD,2020-06-03,0,2.0221097862542854e-06,1.0
0000882291,AEMD,2020-06-04,0,2.0221097862542854e-06,1.0
0000882291,AEMD,2020-06-05,0,2.0221097862542854e-06,1.0
0000882291,AEMD,2020-06-08,0,2.0221097862542854e-06,1.0
0000882291,AEMD,2020-06-09,0,2.0221097862542854e-06,1.0
0000882291,AEMD,2020-06-10,0,2.0221097862542854e-06,1.0
0000882291,AEMD,2020-06-11,0,2.0221097862542854e-06,1.0
0000882291,AEMD,2020-06-12,0,2.0221097862542854e-06,1.0
0000882291,AEMD,2020-06-15,0,2.0221097862542854e-06,1.0
0000882291,AEMD,2020-06-16,0,2.0221097862542854e-06,1.0
0000882291,AEMD,2020-06-17,0,9.300641508531604e-06,1.0
0000882291,AEMD,2020-06-18,0,9.300641508531604e-06,1.0
0000882291,AEMD,2020-06-19,0,9.300641508531604e-06,1.0
0000882291,AEMD,2020-06-22,0,1.0951264849917509e-05,1.0
0000882291,AEMD,2020-06-23,0,1.0951264849917509e-05,1.0
0000882291,AEMD,2020-06-24,0,1.0951264849917509e-05,1.0
0000882291,AEMD,2020-06-25,0,1.0951264849917509e-05,1.0
0000882291,AEMD,2020-06-26,0,8.152819000380361e-06,1.0
0000882291,AEMD,2020-06-29,0,8.152819000380361e-06,1.0
0000882291,AEMD,2020-06-30,0,8.152819000380361e-06,1.0
0000882291,AEMD,2020-07-01,0,8.152819000380361e-06,1.0
0000882291,AEMD,2020-07-02,0,8.152819000380361e-06,1.0
0000882291,AEMD,2020-07-03,0,8.152819000380361e-06,1.0
0000882291,AEMD,2020-07-06,0,8.152819000380361e-06,1.0
0000882291,AEMD,2020-07-07,0,8.152819000380361e-06,1.0
0000882291,AEMD,2020-07-08,0,8.152819000380361e-06,1.0
0000882291,AEMD,2020-07-09,0,8.152819000380361e-06,1.0
0000882291,AEMD,2020-07-10,0,8.152819000380361e-06,1.0
0000882291,AEMD,2020-07-13,0,8.152819000380361e-06,1.0
0000882291,AEMD,2020-07-14,0,8.152819000380361e-06,1.0
0000882291,AEMD,2020-07-15,0,8.152819000380361e-06,1.0
0000882291,AEMD,2020-07-16,0,8.152819000380361e-06,1.0
0000882291,AEMD,2020-07-17,0,8.152819000380361e-06,1.0
0000882291,AEMD,2020-07-20,0,8.24801730646105e-06,1.0
0000882291,AEMD,2020-07-21,0,8.24801730646105e-06,1.0
0000882291,AEMD,2020-07-22,0,8.211951533838418e-06,1.0
0000882291,AEMD,2020-07-23,0,8.211951533838418e-06,1.0
0000882291,AEMD,2020-07-24,0,8.211951533838418e-06,1.0
0000882291,AEMD,2020-07-27,0,4.212626647052814e-06,1.0
0000882291,AEMD,2020-07-28,0,4.212626647052814e-06,1.0
0000882291,AEMD,2020-07-29,0,0.0007887851330036154,1.0
0000882291,AEMD,2020-07-30,0,0.0007887851330036154,1.0
0000882291,AEMD,2020-07-31,0,0.0007887851330036154,1.0
0000882291,AEMD,2020-08-03,0,0.0007887851330036154,1.0
0000882291,AEMD,2020-08-04,0,0.0007887851330036154,1.0
0000882291,AEMD,2020-08-05,0,0.0007887851330036154,1.0
0000882291,AEMD,2020-08-06,0,0.0007887851330036154,1.0
0000882291,AEMD,2020-08-07,0,0.0007887851330036154,1.0
0000882291,AEMD,2020-08-10,0,0.000777467475588639,1.0
0000882291,AEMD,2020-08-11,0,0.000777467475588639,1.0
0000882291,AEMD,2020-08-12,0,0.0007856989953515972,1.0
0000882291,AEMD,2020-08-13,0,0.0007856989953515972,1.0
0000882291,AEMD,2020-08-14,0,0.0007856989953515972,1.0
0000882291,AEMD,2020-08-17,0,0.0007856989953515972,1.0
0000882291,AEMD,2020-08-18,0,0.0007856989953515972,1.0
0000882291,AEMD,2020-08-19,0,0.0007856989953515972,1.0
0000882291,AEMD,2020-08-20,0,0.0007856989953515972,1.0
0000882291,AEMD,2020-08-21,0,0.0007856989953515972,1.0
0000882291,AEMD,2020-08-24,0,0.0007717858694286672,1.0
0000882291,AEMD,2020-08-25,0,0.0007717858694286672,1.0
0000882291,AEMD,2020-08-26,0,0.0007717858694286672,1.0
0000882291,AEMD,2020-08-27,0,0.0007717858694286672,1.0
0000882291,AEMD,2020-08-28,0,1.2939585297082892e-06,1.0
0000882291,AEMD,2020-08-31,0,1.2939585297082892e-06,1.0
0000882291,AEMD,2020-09-01,0,1.2939585297082892e-06,1.0
0000882291,AEMD,2020-09-02,0,1.2939585297082892e-06,1.0
0000882291,AEMD,2020-09-03,0,1.2939585297082892e-06,1.0
0000882291,AEMD,2020-09-04,0,1.2939585297082892e-06,1.0
0000882291,AEMD,2020-09-07,0,1.2939585297082892e-06,1.0
0000882291,AEMD,2020-09-08,0,1.2939585297082892e-06,1.0
0000882291,AEMD,2020-09-09,0,1.2939585297082892e-06,1.0
0000882291,AEMD,2020-09-10,0,1.2939585297082892e-06,1.0
0000882291,AEMD,2020-09-11,0,1.1789478660684926e-06,1.0
0000882291,AEMD,2020-09-14,0,1.1789478660684926e-06,1.0
0000882291,AEMD,2020-09-15,0,1.1810085390099638e-06,1.0
0000882291,AEMD,2020-09-16,0,1.1810085390099638e-06,1.0
0000882291,AEMD,2020-09-17,0,1.1810085390099638e-06,1.0
0000882291,AEMD,2020-09-18,0,1.1810085390099638e-06,1.0
0000882291,AEMD,2020-09-21,0,1.1987323767173278e-06,1.0
0000882291,AEMD,2020-09-22,0,1.1987323767173278e-06,1.0
0000882291,AEMD,2020-09-23,0,1.1987323767173278e-06,1.0
0000882291,AEMD,2020-09-24,0,2.316480020000004e-06,1.0
0000882291,AEMD,2020-09-25,0,2.316480020000004e-06,1.0
0000882291,AEMD,2020-09-28,0,2.316480020000004e-06,1.0
0000882291,AEMD,2020-09-29,0,2.316480020000004e-06,1.0
0000882291,AEMD,2020-09-30,0,2.316480020000004e-06,1.0
0000882291,AEMD,2020-10-01,0,2.316480020000004e-06,1.0
0000882291,AEMD,2020-10-02,0,2.316480020000004e-06,1.0
0000882291,AEMD,2020-10-05,0,2.316480020000004e-06,1.0
0000882291,AEMD,2020-10-06,0,2.316480020000004e-06,1.0
0000882291,AEMD,2020-10-07,0,2.316480020000004e-06,1.0
0000882291,AEMD,2020-10-08,0,2.316480020000004e-06,1.0
0000882291,AEMD,2020-10-09,0,2.316480020000004e-06,1.0
0000882291,AEMD,2020-10-12,0,2.316480020000004e-06,1.0
0000882291,AEMD,2020-10-13,0,2.316480020000004e-06,1.0
0000882291,AEMD,2020-10-14,0,2.316480020000004e-06,1.0
0000882291,AEMD,2020-10-15,0,2.316480020000004e-06,1.0
0000882291,AEMD,2020-10-16,0,2.316480020000004e-06,1.0
0000882291,AEMD,2020-10-19,0,2.316480020000004e-06,1.0
0000882291,AEMD,2020-10-20,0,2.316480020000004e-06,1.0
0000882291,AEMD,2020-10-21,0,2.316480020000004e-06,1.0
0000882291,AEMD,2020-10-22,0,2.316480020000004e-06,1.0
0000882291,AEMD,2020-10-23,0,2.316480020000004e-06,1.0
0000882291,AEMD,2020-10-26,0,2.316480020000004e-06,1.0
0000882291,AEMD,2020-10-27,0,1.9241176703368593e-05,1.0
0000882291,AEMD,2020-10-28,0,1.9241176703368593e-05,1.0
0000882291,AEMD,2020-10-29,0,1.854747895146783e-05,1.0
0000882291,AEMD,2020-10-30,0,1.854747895146783e-05,1.0
0000882291,AEMD,2020-11-02,0,1.854747895146783e-05,1.0
0000882291,AEMD,2020-11-03,0,1.854747895146783e-05,1.0
0000882291,AEMD,2020-11-04,0,1.3909403721313804e-05,1.0
0000882291,AEMD,2020-11-05,0,1.3909403721313804e-05,1.0
0000882291,AEMD,2020-11-06,0,1.3909403721313804e-05,1.0
0000882291,AEMD,2020-11-09,0,1.3909403721313804e-05,1.0
0000882291,AEMD,2020-11-10,0,1.5225100611394752e-05,1.0
0000882291,AEMD,2020-11-11,0,1.5225100611394752e-05,1.0
0000882291,AEMD,2020-11-12,0,1.5225100611394752e-05,1.0
0000882291,AEMD,2020-11-13,0,1.5225100611394752e-05,1.0
0000882291,AEMD,2020-11-16,0,1.5225100611394752e-05,1.0
0000882291,AEMD,2020-11-17,0,1.5225100611394752e-05,1.0
0000882291,AEMD,2020-11-18,0,1.5225100611394752e-05,1.0
0000882291,AEMD,2020-11-19,0,1.5225100611394752e-05,1.0
0000882291,AEMD,2020-11-20,0,1.5225100611394752e-05,1.0
0000882291,AEMD,2020-11-23,0,1.5225100611394752e-05,1.0
0000882291,AEMD,2020-11-24,0,1.5225100611394752e-05,1.0
0000882291,AEMD,2020-11-25,0,1.5225100611394752e-05,1.0
0000882291,AEMD,2020-11-26,0,1.5225100611394752e-05,1.0
0000882291,AEMD,2020-11-27,0,1.5225100611394752e-05,1.0
0000882291,AEMD,2020-11-30,0,1.368897386533342e-05,1.0
0000882291,AEMD,2020-12-01,0,1.368897386533342e-05,1.0
0000882291,AEMD,2020-12-02,0,1.368897386533342e-05,1.0
0000882291,AEMD,2020-12-03,0,1.368897386533342e-05,1.0
0000882291,AEMD,2020-12-04,0,1.3382716874906318e-05,1.0
0000882291,AEMD,2020-12-07,0,1.3382716874906318e-05,1.0
0000882291,AEMD,2020-12-08,0,1.3382716874906318e-05,1.0
0000882291,AEMD,2020-12-09,0,1.3382716874906318e-05,1.0
0000882291,AEMD,2020-12-10,0,1.3382716874906318e-05,1.0
0000882291,AEMD,2020-12-11,0,1.3382716874906318e-05,1.0
0000882291,AEMD,2020-12-14,0,1.3382716874906318e-05,1.0
0000882291,AEMD,2020-12-15,0,1.3382716874906318e-05,1.0
0000882291,AEMD,2020-12-16,0,1.3382716874906318e-05,1.0
0000882291,AEMD,2020-12-17,0,1.3382716874906318e-05,1.0
0000882291,AEMD,2020-12-18,0,1.3382716874906318e-05,1.0
0000882291,AEMD,2020-12-21,0,1.3382716874906318e-05,1.0
0000882291,AEMD,2020-12-22,0,1.3382716874906318e-05,1.0
0000882291,AEMD,2020-12-23,0,1.2922404927625382e-05,1.0
0000882291,AEMD,2020-12-24,0,1.2922404927625382e-05,1.0
0000882291,AEMD,2020-12-25,0,1.2922404927625382e-05,1.0
0000882291,AEMD,2020-12-28,0,1.2922404927625382e-05,1.0
0000882291,AEMD,2020-12-29,0,1.2922404927625382e-05,1.0
0000882291,AEMD,2020-12-30,0,1.2922404927625382e-05,1.0
0000882291,AEMD,2020-12-31,0,1.2922404927625382e-05,1.0
0000882291,AEMD,2021-01-01,0,1.2922404927625382e-05,1.0
0000882291,AEMD,2021-01-04,0,1.2922404927625382e-05,1.0
0000882291,AEMD,2021-01-05,0,1.2922404927625382e-05,1.0
0000882291,AEMD,2021-01-06,0,1.2922404927625382e-05,1.0
0000882291,AEMD,2021-01-07,0,1.2922404927625382e-05,1.0
0000882291,AEMD,2021-01-08,0,1.2922404927625382e-05,1.0
0000882291,AEMD,2021-01-11,0,1.2922404927625382e-05,1.0
0000882291,AEMD,2021-01-12,0,1.2922404927625382e-05,1.0
0000882291,AEMD,2021-01-13,0,1.2922404927625382e-05,1.0
0000882291,AEMD,2021-01-14,0,1.2922404927625382e-05,1.0
0000882291,AEMD,2021-01-15,0,1.2922404927625382e-05,1.0
0000882291,AEMD,2021-01-18,0,1.2922404927625382e-05,1.0
0000882291,AEMD,2021-01-19,0,1.2922404927625382e-05,1.0
0000882291,AEMD,2021-01-20,0,1.2922404927625382e-05,1.0
0000882291,AEMD,2021-01-21,0,1.2922404927625382e-05,1.0
0000882291,AEMD,2021-01-22,0,1.2922404927625382e-05,1.0
0000882291,AEMD,2021-01-25,0,7.928922925932735e-06,1.0
0000882291,AEMD,2021-01-26,0,7.928922925932735e-06,1.0
0000882291,AEMD,2021-01-27,0,1.0382848127590609e-05,1.0
0000882291,AEMD,2021-01-28,0,1.0382848127590609e-05,1.0
0000882291,AEMD,2021-01-29,0,1.0382848127590609e-05,1.0
0000882291,AEMD,2021-02-01,0,1.0382848127590609e-05,1.0
0000882291,AEMD,2021-02-02,0,1.3752877327011642e-05,1.0
0000882291,AEMD,2021-02-03,0,1.3752877327011642e-05,1.0
0000882291,AEMD,2021-02-04,0,1.3752877327011642e-05,1.0
0000882291,AEMD,2021-02-05,0,1.3752877327011642e-05,1.0
0000882291,AEMD,2021-02-08,0,1.3640337463526925e-05,1.0
0000882291,AEMD,2021-02-09,0,1.3640337463526925e-05,1.0
0000882291,AEMD,2021-02-10,0,1.3640337463526925e-05,1.0
0000882291,AEMD,2021-02-11,0,1.1693563380930684e-05,1.0
0000882291,AEMD,2021-02-12,0,1.1693563380930684e-05,1.0
0000882291,AEMD,2021-02-15,0,1.1693563380930684e-05,1.0
0000882291,AEMD,2021-02-16,0,1.1693563380930684e-05,1.0
0000882291,AEMD,2021-02-17,0,1.1693563380930684e-05,1.0
0000882291,AEMD,2021-02-18,0,1.1693563380930684e-05,1.0
0000882291,AEMD,2021-02-19,0,1.1693563380930684e-05,1.0
0000882291,AEMD,2021-02-22,0,1.1693563380930684e-05,1.0
0000882291,AEMD,2021-02-23,0,1.1693563380930684e-05,1.0
0000882291,AEMD,2021-02-24,0,1.1693563380930684e-05,1.0
0000882291,AEMD,2021-02-25,0,1.1693563380930684e-05,1.0
0000882291,AEMD,2021-02-26,0,1.1693563380930684e-05,1.0
0000882291,AEMD,2021-03-01,0,1.1693563380930684e-05,1.0
0000882291,AEMD,2021-03-02,0,1.1693563380930684e-05,1.0
0000882291,AEMD,2021-03-03,0,1.1693563380930684e-05,1.0
0000882291,AEMD,2021-03-04,0,1.1693563380930684e-05,1.0
0000882291,AEMD,2021-03-05,0,1.1693563380930684e-05,1.0
0000882291,AEMD,2021-03-08,0,1.1693563380930684e-05,1.0
0000882291,AEMD,2021-03-09,0,1.1693563380930684e-05,1.0
0000882291,AEMD,2021-03-10,0,1.1693563380930684e-05,1.0
0000882291,AEMD,2021-03-11,0,1.1693563380930684e-05,1.0
0000882291,AEMD,2021-03-12,0,1.1693563380930684e-05,1.0
0000882291,AEMD,2021-03-15,0,1.0501067143303207e-05,1.0
0000882291,AEMD,2021-03-16,0,1.0501067143303207e-05,1.0
0000882291,AEMD,2021-03-17,0,1.0501067143303207e-05,1.0
0000882291,AEMD,2021-03-18,0,1.0501067143303207e-05,1.0
0000882291,AEMD,2021-03-19,0,1.0501067143303207e-05,1.0
0000882291,AEMD,2021-03-22,0,1.0501067143303207e-05,1.0
0000882291,AEMD,2021-03-23,0,1.0663423082815792e-05,1.0
0000882291,AEMD,2021-03-24,0,1.0663423082815792e-05,1.0
0000882291,AEMD,2021-03-25,0,1.0663423082815792e-05,1.0
0000882291,AEMD,2021-03-26,0,1.0663423082815792e-05,1.0
0000882291,AEMD,2021-03-29,0,1.0663423082815792e-05,1.0
0000882291,AEMD,2021-03-30,0,1.0663423082815792e-05,1.0
0000882291,AEMD,2021-03-31,0,1.0663423082815792e-05,1.0
0000882291,AEMD,2021-04-01,0,1.0663423082815792e-05,1.0
0000882291,AEMD,2021-04-02,0,1.0663423082815792e-05,1.0
0000882291,AEMD,2021-04-05,0,1.0663423082815792e-05,1.0
0000882291,AEMD,2021-04-06,0,1.0663423082815792e-05,1.0
0000882291,AEMD,2021-04-07,0,1.0663423082815792e-05,1.0
0000882291,AEMD,2021-04-08,0,1.0663423082815792e-05,1.0
0000882291,AEMD,2021-04-09,0,1.0663423082815792e-05,1.0
0000882291,AEMD,2021-04-12,0,1.0663423082815792e-05,1.0
0000882291,AEMD,2021-04-13,0,1.0663423082815792e-05,1.0
0000882291,AEMD,2021-04-14,0,1.0663423082815792e-05,1.0
0000882291,AEMD,2021-04-15,0,1.0663423082815792e-05,1.0
0000882291,AEMD,2021-04-16,0,1.0663423082815792e-05,1.0
0000882291,AEMD,2021-04-19,0,1.0663423082815792e-05,1.0
0000882291,AEMD,2021-04-20,0,1.0663423082815792e-05,1.0
0000882291,AEMD,2021-04-21,0,1.0663423082815792e-05,1.0
0000882291,AEMD,2021-04-22,0,9.389952462065557e-06,1.0
0000882291,AEMD,2021-04-23,0,9.389952462065557e-06,1.0
0000882291,AEMD,2021-04-26,0,9.389952462065557e-06,1.0
0000882291,AEMD,2021-04-27,0,9.257165878041371e-06,1.0
0000882291,AEMD,2021-04-28,0,9.257165878041371e-06,1.0
0000882291,AEMD,2021-04-29,0,9.257165878041371e-06,1.0
0000882291,AEMD,2021-04-30,0,9.257165878041371e-06,1.0
0000882291,AEMD,2021-05-03,0,9.257165878041371e-06,1.0
0000882291,AEMD,2021-05-04,0,9.53709997181258e-06,1.0
0000882291,AEMD,2021-05-05,0,9.53709997181258e-06,1.0
0000882291,AEMD,2021-05-06,0,9.53709997181258e-06,1.0
0000882291,AEMD,2021-05-07,0,9.53709997181258e-06,1.0
0000882291,AEMD,2021-05-10,0,9.53709997181258e-06,1.0
0000882291,AEMD,2021-05-11,0,9.53709997181258e-06,1.0
0000882291,AEMD,2021-05-12,0,9.53709997181258e-06,1.0
0000882291,AEMD,2021-05-13,0,1.2564210582322315e-05,1.0
0000882291,AEMD,2021-05-14,0,1.2564210582322315e-05,1.0
0000882291,AEMD,2021-05-17,0,1.2564210582322315e-05,1.0
0000882291,AEMD,2021-05-18,0,1.2564210582322315e-05,1.0
0000882291,AEMD,2021-05-19,0,1.2564210582322315e-05,1.0
0000882291,AEMD,2021-05-20,0,1.2564210582322315e-05,1.0
0000882291,AEMD,2021-05-21,0,1.2564210582322315e-05,1.0
0000882291,AEMD,2021-05-24,0,1.2564210582322315e-05,1.0
0000882291,AEMD,2021-05-25,0,1.2564210582322315e-05,1.0
0000882291,AEMD,2021-05-26,0,1.2564210582322315e-05,1.0
0000882291,AEMD,2021-05-27,0,1.2564210582322315e-05,1.0
0000882291,AEMD,2021-05-28,0,1.2564210582322315e-05,1.0
0000882291,AEMD,2021-05-31,0,1.2564210582322315e-05,1.0
0000882291,AEMD,2021-06-01,0,1.2564210582322315e-05,1.0
0000882291,AEMD,2021-06-02,0,1.2564210582322315e-05,1.0
0000882291,AEMD,2021-06-03,0,1.2564210582322315e-05,1.0
0000882291,AEMD,2021-06-04,0,1.2564210582322315e-05,1.0
0000882291,AEMD,2021-06-07,0,1.2564210582322315e-05,1.0
0000882291,AEMD,2021-06-08,0,1.2564210582322315e-05,1.0
0000882291,AEMD,2021-06-09,0,1.2564210582322315e-05,1.0
0000882291,AEMD,2021-06-10,0,1.2564210582322315e-05,1.0
0000882291,AEMD,2021-06-11,0,1.2564210582322315e-05,1.0
0000882291,AEMD,2021-06-14,0,1.1992318646708196e-05,1.0
0000882291,AEMD,2021-06-15,0,1.1992318646708196e-05,1.0
0000882291,AEMD,2021-06-16,0,1.1992318646708196e-05,1.0
0000882291,AEMD,2021-06-17,0,1.1992318646708196e-05,1.0
0000882291,AEMD,2021-06-18,0,1.1992318646708196e-05,1.0
0000882291,AEMD,2021-06-21,0,1.3313476054459173e-05,1.0
0000882291,AEMD,2021-06-22,0,1.3313476054459173e-05,1.0
0000882291,AEMD,2021-06-23,0,1.3313476054459173e-05,1.0
0000882291,AEMD,2021-06-24,0,1.3313476054459173e-05,1.0
0000882291,AEMD,2021-06-25,0,9.070488420158433e-06,1.0
0000882291,AEMD,2021-06-28,0,9.070488420158433e-06,1.0
0000882291,AEMD,2021-06-29,0,9.070488420158433e-06,1.0
0000882291,AEMD,2021-06-30,0,9.070488420158433e-06,1.0
0000882291,AEMD,2021-07-01,0,9.070488420158433e-06,1.0
0000882291,AEMD,2021-07-02,0,9.070488420158433e-06,1.0
0000882291,AEMD,2021-07-05,0,9.070488420158433e-06,1.0
0000882291,AEMD,2021-07-06,0,9.070488420158433e-06,1.0
0000882291,AEMD,2021-07-07,0,9.070488420158433e-06,1.0
0000882291,AEMD,2021-07-08,0,9.070488420158433e-06,1.0
0000882291,AEMD,2021-07-09,0,9.070488420158433e-06,1.0
0000882291,AEMD,2021-07-12,0,9.070488420158433e-06,1.0
0000882291,AEMD,2021-07-13,0,9.070488420158433e-06,1.0
0000882291,AEMD,2021-07-14,0,9.048626408034928e-06,1.0
0000882291,AEMD,2021-07-15,0,9.048626408034928e-06,1.0
0000882291,AEMD,2021-07-16,0,9.048626408034928e-06,1.0
0000882291,AEMD,2021-07-19,0,9.048626408034928e-06,1.0
0000882291,AEMD,2021-07-20,0,9.048626408034928e-06,1.0
0000882291,AEMD,2021-07-21,0,9.048626408034928e-06,1.0
0000882291,AEMD,2021-07-22,0,9.048626408034928e-06,1.0
0000882291,AEMD,2021-07-23,0,9.048626408034928e-06,1.0
0000882291,AEMD,2021-07-26,0,2.788147067471516e-06,1.0
0000882291,AEMD,2021-07-27,0,2.788147067471516e-06,1.0
0000882291,AEMD,2021-07-28,0,2.788147067471516e-06,1.0
0000882291,AEMD,2021-07-29,0,1.5574086066467594e-06,1.0
0000882291,AEMD,2021-07-30,0,1.5574086066467594e-06,1.0
0000882291,AEMD,2021-08-02,0,1.5574086066467594e-06,1.0
0000882291,AEMD,2021-08-03,0,1.5574086066467594e-06,1.0
0000882291,AEMD,2021-08-04,0,1.5574086066467594e-06,1.0
0000882291,AEMD,2021-08-05,0,1.5574086066467594e-06,1.0
0000882291,AEMD,2021-08-06,0,1.5574086066467594e-06,1.0
0000882291,AEMD,2021-08-09,0,1.5574086066467594e-06,1.0
0000882291,AEMD,2021-08-10,0,1.5404612038831404e-06,1.0
0000882291,AEMD,2021-08-11,0,1.517845157544518e-06,1.0
0000882291,AEMD,2021-08-12,0,1.517845157544518e-06,1.0
0000882291,AEMD,2021-08-13,0,1.517845157544518e-06,1.0
0000882291,AEMD,2021-08-16,0,1.517845157544518e-06,1.0
0000882291,AEMD,2021-08-17,0,1.517845157544518e-06,1.0
0000882291,AEMD,2021-08-18,0,1.517845157544518e-06,1.0
0000882291,AEMD,2021-08-19,0,1.517845157544518e-06,1.0
0000882291,AEMD,2021-08-20,0,1.517845157544518e-06,1.0
0000882291,AEMD,2021-08-23,0,1.517845157544518e-06,1.0
0000882291,AEMD,2021-08-24,0,1.517845157544518e-06,1.0
0000882291,AEMD,2021-08-25,0,1.517845157544518e-06,1.0
0000882291,AEMD,2021-08-26,0,1.517845157544518e-06,1.0
0000882291,AEMD,2021-08-27,0,1.517845157544518e-06,1.0
0000882291,AEMD,2021-08-30,0,9.085523741489106e-07,1.0
0000882291,AEMD,2021-08-31,0,9.085523741489106e-07,1.0
0000882291,AEMD,2021-09-01,0,9.085523741489106e-07,1.0
0000882291,AEMD,2021-09-02,0,9.085523741489106e-07,1.0
0000882291,AEMD,2021-09-03,0,9.085523741489106e-07,1.0
0000882291,AEMD,2021-09-06,0,9.085523741489106e-07,1.0
0000882291,AEMD,2021-09-07,0,9.085523741489106e-07,1.0
0000882291,AEMD,2021-09-08,0,9.085523741489106e-07,1.0
0000882291,AEMD,2021-09-09,0,8.228186664097111e-07,1.0
0000882291,AEMD,2021-09-10,0,8.228186664097111e-07,1.0
0000882291,AEMD,2021-09-13,0,8.32794334168141e-07,1.0
0000882291,AEMD,2021-09-14,0,8.32794334168141e-07,1.0
0000882291,AEMD,2021-09-15,0,8.32794334168141e-07,1.0
0000882291,AEMD,2021-09-16,0,8.32794334168141e-07,1.0
0000882291,AEMD,2021-09-17,0,8.32794334168141e-07,1.0
0000882291,AEMD,2021-09-20,0,8.390200936203308e-07,1.0
0000882291,AEMD,2021-09-21,0,8.390200936203308e-07,1.0
0000882291,AEMD,2021-09-22,0,8.390200936203308e-07,1.0
0000882291,AEMD,2021-09-23,0,4.044123153234738e-06,1.0
0000882291,AEMD,2021-09-24,0,4.044123153234738e-06,1.0
0000882291,AEMD,2021-09-27,0,4.044123153234738e-06,1.0
0000882291,AEMD,2021-09-28,0,4.044123153234738e-06,1.0
0000882291,AEMD,2021-09-29,0,4.044123153234738e-06,1.0
0000882291,AEMD,2021-09-30,0,4.547413198562927e-06,1.0
0000882291,AEMD,2021-10-01,0,4.547413198562927e-06,1.0
0000882291,AEMD,2021-10-04,0,4.547413198562927e-06,1.0
0000882291,AEMD,2021-10-05,0,4.547413198562927e-06,1.0
0000882291,AEMD,2021-10-06,0,4.547413198562927e-06,1.0
0000882291,AEMD,2021-10-07,0,4.547413198562927e-06,1.0
0000882291,AEMD,2021-10-08,0,4.547413198562927e-06,1.0
0000882291,AEMD,2021-10-11,0,4.547413198562927e-06,1.0
0000882291,AEMD,2021-10-12,0,4.547413198562927e-06,1.0
0000882291,AEMD,2021-10-13,0,4.547413198562927e-06,1.0
0000882291,AEMD,2021-10-14,0,4.547413198562927e-06,1.0
0000882291,AEMD,2021-10-15,0,4.547413198562927e-06,1.0
0000882291,AEMD,2021-10-18,0,4.547413198562927e-06,1.0
0000882291,AEMD,2021-10-19,0,4.547413198562927e-06,1.0
0000882291,AEMD,2021-10-20,0,4.547413198562927e-06,1.0
0000882291,AEMD,2021-10-21,0,4.547413198562927e-06,1.0
0000882291,AEMD,2021-10-22,0,4.547413198562927e-06,1.0
0000882291,AEMD,2021-10-25,0,4.547413198562927e-06,1.0
0000882291,AEMD,2021-10-26,0,4.547413198562927e-06,1.0
0000882291,AEMD,2021-10-27,0,9.543586802760708e-06,1.0
0000882291,AEMD,2021-10-28,0,9.543586802760708e-06,1.0
0000882291,AEMD,2021-10-29,0,9.543586802760708e-06,1.0
0000882291,AEMD,2021-11-01,0,5.432764281066157e-06,1.0
0000882291,AEMD,2021-11-02,0,5.432764281066157e-06,1.0
0000882291,AEMD,2021-11-03,0,5.432764281066157e-06,1.0
0000882291,AEMD,2021-11-04,0,5.432764281066157e-06,1.0
0000882291,AEMD,2021-11-05,0,5.432764281066157e-06,1.0
0000882291,AEMD,2021-11-08,0,6.861557713772326e-06,1.0
0000882291,AEMD,2021-11-09,0,6.861557713772326e-06,1.0
0000882291,AEMD,2021-11-10,0,6.273818693961081e-06,1.0
0000882291,AEMD,2021-11-11,0,6.273818693961081e-06,1.0
0000882291,AEMD,2021-11-12,0,6.273818693961081e-06,1.0
0000882291,AEMD,2021-11-15,0,6.273818693961081e-06,1.0
0000882291,AEMD,2021-11-16,0,6.273818693961081e-06,1.0
0000882291,AEMD,2021-11-17,0,6.273818693961081e-06,1.0
0000882291,AEMD,2021-11-18,0,6.273818693961081e-06,1.0
0000882291,AEMD,2021-11-19,0,6.273818693961081e-06,1.0
0000882291,AEMD,2021-11-22,0,6.273818693961081e-06,1.0
0000882291,AEMD,2021-11-23,0,6.273818693961081e-06,1.0
0000882291,AEMD,2021-11-24,0,6.273818693961081e-06,1.0
0000882291,AEMD,2021-11-25,0,6.273818693961081e-06,1.0
0000882291,AEMD,2021-11-26,0,6.273818693961081e-06,1.0
0000882291,AEMD,2021-11-29,0,6.273818693961081e-06,1.0
0000882291,AEMD,2021-11-30,0,6.273818693961081e-06,1.0
0000882291,AEMD,2021-12-01,0,6.273818693961081e-06,1.0
0000882291,AEMD,2021-12-02,0,6.273818693961081e-06,1.0
0000882291,AEMD,2021-12-03,0,6.273818693961081e-06,1.0
0000882291,AEMD,2021-12-06,0,6.273818693961081e-06,1.0
0000882291,AEMD,2021-12-07,0,6.273818693961081e-06,1.0
0000882291,AEMD,2021-12-08,0,6.273818693961081e-06,1.0
0000882291,AEMD,2021-12-09,0,6.273818693961081e-06,1.0
0000882291,AEMD,2021-12-10,0,5.736915160810241e-06,1.0
0000882291,AEMD,2021-12-13,0,5.730633440939814e-06,1.0
0000882291,AEMD,2021-12-14,0,5.730633440939814e-06,1.0
0000882291,AEMD,2021-12-15,0,5.730633440939814e-06,1.0
0000882291,AEMD,2021-12-16,0,5.730633440939814e-06,1.0
0000882291,AEMD,2021-12-17,0,5.730633440939814e-06,1.0
0000882291,AEMD,2021-12-20,0,5.730633440939814e-06,1.0
0000882291,AEMD,2021-12-21,0,5.730633440939814e-06,1.0
0000882291,AEMD,2021-12-22,0,5.324717320759199e-06,1.0
0000882291,AEMD,2021-12-23,0,5.324717320759199e-06,1.0
0000882291,AEMD,2021-12-24,0,5.324717320759199e-06,1.0
0000882291,AEMD,2021-12-27,0,5.324717320759199e-06,1.0
0000882291,AEMD,2021-12-28,0,5.324717320759199e-06,1.0
0000882291,AEMD,2021-12-29,0,8.849600780778927e-06,1.0
0000882291,AEMD,2021-12-30,0,8.849600780778927e-06,1.0
0000882291,AEMD,2021-12-31,0,8.849600780778927e-06,1.0
0000882291,AEMD,2022-01-03,0,8.849600780778927e-06,1.0
0000882291,AEMD,2022-01-04,0,8.849600780778927e-06,1.0
0000882291,AEMD,2022-01-05,0,8.849600780778927e-06,1.0
0000882291,AEMD,2022-01-06,0,8.849600780778927e-06,1.0
0000882291,AEMD,2022-01-07,0,8.849600780778927e-06,1.0
0000882291,AEMD,2022-01-10,0,8.849600780778927e-06,1.0
0000882291,AEMD,2022-01-11,0,8.849600780778927e-06,1.0
0000882291,AEMD,2022-01-12,0,8.849600780778927e-06,1.0
0000882291,AEMD,2022-01-13,0,8.849600780778927e-06,1.0
0000882291,AEMD,2022-01-14,0,8.849600780778927e-06,1.0
0000882291,AEMD,2022-01-17,0,8.849600780778927e-06,1.0
0000882291,AEMD,2022-01-18,0,8.849600780778927e-06,1.0
0000882291,AEMD,2022-01-19,0,8.849600780778927e-06,1.0
0000882291,AEMD,2022-01-20,0,8.849600780778927e-06,1.0
0000882291,AEMD,2022-01-21,0,8.849600780778927e-06,1.0
0000882291,AEMD,2022-01-24,0,8.849600780778927e-06,1.0
0000882291,AEMD,2022-01-25,0,9.641350724062078e-06,1.0
0000882291,AEMD,2022-01-26,0,9.641350724062078e-06,1.0
0000882291,AEMD,2022-01-27,0,9.641350724062078e-06,1.0
0000882291,AEMD,2022-01-28,0,9.641350724062078e-06,1.0
0000882291,AEMD,2022-01-31,0,9.641350724062078e-06,1.0
0000882291,AEMD,2022-02-01,0,9.641350724062078e-06,1.0
0000882291,AEMD,2022-02-02,0,9.641350724062078e-06,1.0
0000882291,AEMD,2022-02-03,0,9.641350724062078e-06,1.0
0000882291,AEMD,2022-02-04,0,9.641350724062078e-06,1.0
0000882291,AEMD,2022-02-07,0,9.536300395509658e-06,1.0
0000882291,AEMD,2022-02-08,0,1.1477492993943505e-05,1.0
0000882291,AEMD,2022-02-09,0,1.1477492993943505e-05,1.0
0000882291,AEMD,2022-02-10,0,1.1477492993943505e-05,1.0
0000882291,AEMD,2022-02-11,0,1.1477492993943505e-05,1.0
0000882291,AEMD,2022-02-14,0,1.1477492993943505e-05,1.0
0000882291,AEMD,2022-02-15,0,1.049437191670636e-05,1.0
0000882291,AEMD,2022-02-16,0,1.049437191670636e-05,1.0
0000882291,AEMD,2022-02-17,0,1.049437191670636e-05,1.0
0000882291,AEMD,2022-02-18,0,1.049437191670636e-05,1.0
0000882291,AEMD,2022-02-21,0,1.049437191670636e-05,1.0
0000882291,AEMD,2022-02-22,0,1.049437191670636e-05,1.0
0000882291,AEMD,2022-02-23,0,1.049437191670636e-05,1.0
0000882291,AEMD,2022-02-24,0,1.049437191670636e-05,1.0
0000882291,AEMD,2022-02-25,0,1.049437191670636e-05,1.0
0000882291,AEMD,2022-02-28,0,1.049437191670636e-05,1.0
0000882291,AEMD,2022-03-01,0,1.049437191670636e-05,1.0
0000882291,AEMD,2022-03-02,0,1.049437191670636e-05,1.0
0000882291,AEMD,2022-03-03,0,1.049437191670636e-05,1.0
0000882291,AEMD,2022-03-04,0,1.049437191670636e-05,1.0
0000882291,AEMD,2022-03-07,0,1.049437191670636e-05,1.0
0000882291,AEMD,2022-03-08,0,1.049437191670636e-05,1.0
0000882291,AEMD,2022-03-09,0,1.049437191670636e-05,1.0
0000882291,AEMD,2022-03-10,0,1.049437191670636e-05,1.0
0000882291,AEMD,2022-03-11,0,1.049437191670636e-05,1.0
0000882291,AEMD,2022-03-14,0,1.049437191670636e-05,1.0
0000882291,AEMD,2022-03-15,0,1.049437191670636e-05,1.0
0000882291,AEMD,2022-03-16,0,1.049437191670636e-05,1.0
0000882291,AEMD,2022-03-17,0,1.049437191670636e-05,1.0
0000882291,AEMD,2022-03-18,0,9.596283545089908e-06,1.0
0000882291,AEMD,2022-03-21,0,9.596283545089908e-06,1.0
0000882291,AEMD,2022-03-22,0,9.596283545089908e-06,1.0
0000882291,AEMD,2022-03-23,0,9.596283545089908e-06,1.0
0000882291,AEMD,2022-03-24,0,9.596283545089908e-06,1.0
0000882291,AEMD,2022-03-25,0,9.744650853003059e-06,1.0
0000882291,AEMD,2022-03-28,0,9.744650853003059e-06,1.0
0000882291,AEMD,2022-03-29,0,1.1894925393426465e-05,1.0
0000882291,AEMD,2022-03-30,0,1.1894925393426465e-05,1.0
0000882291,AEMD,2022-03-31,0,1.1894925393426465e-05,1.0
0000882291,AEMD,2022-04-01,0,1.1894925393426465e-05,1.0
0000882291,AEMD,2022-04-04,0,1.1894925393426465e-05,1.0
0000882291,AEMD,2022-04-05,0,1.1894925393426465e-05,1.0
0000882291,AEMD,2022-04-06,0,1.1894925393426465e-05,1.0
0000882291,AEMD,2022-04-07,0,1.1894925393426465e-05,1.0
0000882291,AEMD,2022-04-08,0,1.1894925393426465e-05,1.0
0000882291,AEMD,2022-04-11,0,1.1894925393426465e-05,1.0
0000882291,AEMD,2022-04-12,0,1.1894925393426465e-05,1.0
0000882291,AEMD,2022-04-13,0,1.1894925393426465e-05,1.0
0000882291,AEMD,2022-04-14,0,1.1894925393426465e-05,1.0
0000882291,AEMD,2022-04-15,0,1.1894925393426465e-05,1.0
0000882291,AEMD,2022-04-18,0,1.1894925393426465e-05,1.0
0000882291,AEMD,2022-04-19,0,1.1894925393426465e-05,1.0
0000882291,AEMD,2022-04-20,0,1.1894925393426465e-05,1.0
0000882291,AEMD,2022-04-21,0,1.1894925393426465e-05,1.0
0000882291,AEMD,2022-04-22,0,1.1894925393426465e-05,1.0
0000882291,AEMD,2022-04-25,0,1.0474385152273473e-05,1.0
0000882291,AEMD,2022-04-26,0,1.0474385152273473e-05,1.0
0000882291,AEMD,2022-04-27,0,1.0474385152273473e-05,1.0
0000882291,AEMD,2022-04-28,0,1.0474385152273473e-05,1.0
0000882291,AEMD,2022-04-29,0,1.0474385152273473e-05,1.0
0000882291,AEMD,2022-05-02,0,1.0474385152273473e-05,1.0
0000882291,AEMD,2022-05-03,0,1.0474385152273473e-05,1.0
0000882291,AEMD,2022-05-04,0,1.0474385152273473e-05,1.0
0000882291,AEMD,2022-05-05,0,1.0474385152273473e-05,1.0
0000882291,AEMD,2022-05-06,0,1.0474385152273473e-05,1.0
0000882291,AEMD,2022-05-09,0,1.0474385152273473e-05,1.0
0000882291,AEMD,2022-05-10,0,1.0405759077943864e-05,1.0
0000882291,AEMD,2022-05-11,0,1.0405759077943864e-05,1.0
0000882291,AEMD,2022-05-12,0,1.0405759077943864e-05,1.0
0000882291,AEMD,2022-05-13,0,1.0405759077943864e-05,1.0
0000882291,AEMD,2022-05-16,0,1.0405759077943864e-05,1.0
0000882291,AEMD,2022-05-17,0,1.2523934945680668e-05,1.0
0000882291,AEMD,2022-05-18,0,1.2523934945680668e-05,1.0
0000882291,AEMD,2022-05-19,0,1.2523934945680668e-05,1.0
0000882291,AEMD,2022-05-20,0,1.2523934945680668e-05,1.0
0000882291,AEMD,2022-05-23,0,1.2523934945680668e-05,1.0
0000882291,AEMD,2022-05-24,0,1.2523934945680668e-05,1.0
0000882291,AEMD,2022-05-25,0,1.2523934945680668e-05,1.0
0000882291,AEMD,2022-05-26,0,1.2523934945680668e-05,1.0
0000882291,AEMD,2022-05-27,0,1.2523934945680668e-05,1.0
0000882291,AEMD,2022-05-30,0,1.2523934945680668e-05,1.0
0000882291,AEMD,2022-05-31,0,1.2523934945680668e-05,1.0
0000882291,AEMD,2022-06-01,0,1.2523934945680668e-05,1.0
0000882291,AEMD,2022-06-02,0,1.2523934945680668e-05,1.0
0000882291,AEMD,2022-06-03,0,1.2523934945680668e-05,1.0
0000882291,AEMD,2022-06-06,0,1.2523934945680668e-05,1.0
0000882291,AEMD,2022-06-07,0,1.2523934945680668e-05,1.0
0000882291,AEMD,2022-06-08,0,1.2523934945680668e-05,1.0
0000882291,AEMD,2022-06-09,0,1.2523934945680668e-05,1.0
0000882291,AEMD,2022-06-10,0,1.2523934945680668e-05,1.0
0000882291,AEMD,2022-06-13,0,1.2523934945680668e-05,1.0
0000882291,AEMD,2022-06-14,0,1.2523934945680668e-05,1.0
0000882291,AEMD,2022-06-15,0,1.2523934945680668e-05,1.0
0000882291,AEMD,2022-06-16,0,1.2523934945680668e-05,1.0
0000882291,AEMD,2022-06-17,0,1.2523934945680668e-05,1.0
0000882291,AEMD,2022-06-20,0,1.2523934945680668e-05,1.0
0000882291,AEMD,2022-06-21,0,1.2523934945680668e-05,1.0
0000882291,AEMD,2022-06-22,0,1.2523934945680668e-05,1.0
0000882291,AEMD,2022-06-23,0,1.3903658095956055e-05,1.0
0000882291,AEMD,2022-06-24,0,1.3903658095956055e-05,1.0
0000882291,AEMD,2022-06-27,0,1.3903658095956055e-05,1.0
0000882291,AEMD,2022-06-28,0,1.3903658095956055e-05,1.0
0000882291,AEMD,2022-06-29,0,5.534215844467437e-06,1.0
0000882291,AEMD,2022-06-30,0,5.534215844467437e-06,1.0
0000882291,AEMD,2022-07-01,0,5.534215844467437e-06,1.0
0000882291,AEMD,2022-07-04,0,5.534215844467437e-06,1.0
0000882291,AEMD,2022-07-05,0,5.534215844467437e-06,1.0
0000882291,AEMD,2022-07-06,0,5.534215844467437e-06,1.0
0000882291,AEMD,2022-07-07,0,5.534215844467437e-06,1.0
0000882291,AEMD,2022-07-08,0,5.534215844467437e-06,1.0
0000882291,AEMD,2022-07-11,0,5.534215844467437e-06,1.0
0000882291,AEMD,2022-07-12,0,5.534215844467437e-06,1.0
0000882291,AEMD,2022-07-13,0,5.534215844467437e-06,1.0
0000882291,AEMD,2022-07-14,0,5.534215844467437e-06,1.0
0000882291,AEMD,2022-07-15,0,5.534215844467437e-06,1.0
0000882291,AEMD,2022-07-18,0,4.212998682457765e-05,1.0
0000882291,AEMD,2022-07-19,0,4.212998682457765e-05,1.0
0000882291,AEMD,2022-07-20,0,4.212998682457765e-05,1.0
0000882291,AEMD,2022-07-21,0,4.212998682457765e-05,1.0
0000882291,AEMD,2022-07-22,0,4.212998682457765e-05,1.0
0000882291,AEMD,2022-07-25,0,4.212998682457765e-05,1.0
0000882291,AEMD,2022-07-26,0,4.212998682457765e-05,1.0
0000882291,AEMD,2022-07-27,0,4.212998682457765e-05,1.0
0000882291,AEMD,2022-07-28,0,0.000320642782345547,1.0
0000882291,AEMD,2022-07-29,0,0.00016962412012862374,1.0
0000882291,AEMD,2022-08-01,0,0.00016962412012862374,1.0
0000882291,AEMD,2022-08-02,0,0.00016962412012862374,1.0
0000882291,AEMD,2022-08-03,0,0.00016962412012862374,1.0
0000882291,AEMD,2022-08-04,0,0.00016962412012862374,1.0
0000882291,AEMD,2022-08-05,0,0.00016962412012862374,1.0
0000882291,AEMD,2022-08-08,0,0.00016962412012862374,1.0
0000882291,AEMD,2022-08-09,0,0.00016962412012862374,1.0
0000882291,AEMD,2022-08-10,0,0.00017439200429414503,1.0
0000882291,AEMD,2022-08-11,0,0.00017439200429414503,1.0
0000882291,AEMD,2022-08-12,0,0.00017439200429414503,1.0
0000882291,AEMD,2022-08-15,0,0.00017324960886319412,1.0
0000882291,AEMD,2022-08-16,0,0.00017324960886319412,1.0
0000882291,AEMD,2022-08-17,0,3.58125900183759e-07,1.0
0000882291,AEMD,2022-08-18,0,3.58125900183759e-07,1.0
0000882291,AEMD,2022-08-19,0,3.58125900183759e-07,1.0
0000882291,AEMD,2022-08-22,0,3.58125900183759e-07,1.0
0000882291,AEMD,2022-08-23,0,3.58125900183759e-07,1.0
0000882291,AEMD,2022-08-24,0,3.58125900183759e-07,1.0
0000882291,AEMD,2022-08-25,0,3.58125900183759e-07,1.0
0000882291,AEMD,2022-08-26,0,3.58125900183759e-07,1.0
0000882291,AEMD,2022-08-29,0,3.712683751504908e-10,1.0
0000882291,AEMD,2022-08-30,0,3.712683751504908e-10,1.0
0000882291,AEMD,2022-08-31,0,3.712683751504908e-10,1.0
0000882291,AEMD,2022-09-01,0,3.712683751504908e-10,1.0
0000882291,AEMD,2022-09-02,0,3.712683751504908e-10,1.0
0000882291,AEMD,2022-09-05,0,3.712683751504908e-10,1.0
0000882291,AEMD,2022-09-06,0,3.712683751504908e-10,1.0
0000882291,AEMD,2022-09-07,0,3.712683751504908e-10,1.0
0000882291,AEMD,2022-09-08,0,3.712683751504908e-10,1.0
0000882291,AEMD,2022-09-09,0,3.3990550643135385e-10,1.0
0000882291,AEMD,2022-09-12,0,3.3990550643135385e-10,1.0
0000882291,AEMD,2022-09-13,0,3.3990550643135385e-10,1.0
0000882291,AEMD,2022-09-14,0,3.3990550643135385e-10,1.0
0000882291,AEMD,2022-09-15,0,3.3990550643135385e-10,1.0
0000882291,AEMD,2022-09-16,0,3.3990550643135385e-10,1.0
0000882291,AEMD,2022-09-19,0,3.3990550643135385e-10,1.0
0000882291,AEMD,2022-09-20,0,3.3990550643135385e-10,1.0
0000882291,AEMD,2022-09-21,0,3.4244655601283975e-10,1.0
0000882291,AEMD,2022-09-22,0,3.4244655601283975e-10,1.0
0000882291,AEMD,2022-09-23,0,3.4244655601283975e-10,1.0
0000882291,AEMD,2022-09-26,0,3.4244655601283975e-10,1.0
0000882291,AEMD,2022-09-27,0,2.7274515127290322e-09,1.0
0000882291,AEMD,2022-09-28,0,2.7274515127290322e-09,1.0
0000882291,AEMD,2022-09-29,0,2.7274515127290322e-09,1.0
0000882291,AEMD,2022-09-30,0,2.7274515127290322e-09,1.0
0000882291,AEMD,2022-10-03,0,2.7274515127290322e-09,1.0
0000882291,AEMD,2022-10-04,0,2.7274515127290322e-09,1.0
0000882291,AEMD,2022-10-05,0,2.7274515127290322e-09,1.0
0000882291,AEMD,2022-10-06,0,2.7274515127290322e-09,1.0
0000882291,AEMD,2022-10-07,0,2.7274515127290322e-09,1.0
0000882291,AEMD,2022-10-10,0,2.7274515127290322e-09,1.0
0000882291,AEMD,2022-10-11,0,2.7274515127290322e-09,1.0
0000882291,AEMD,2022-10-12,0,2.7274515127290322e-09,1.0
0000882291,AEMD,2022-10-13,0,2.7274515127290322e-09,1.0
0000882291,AEMD,2022-10-14,0,2.7274515127290322e-09,1.0
0000882291,AEMD,2022-10-17,0,4.428704211146021e-07,1.0
0000882291,AEMD,2022-10-18,0,4.428704211146021e-07,1.0
0000882291,AEMD,2022-10-19,0,4.428704211146021e-07,1.0
0000882291,AEMD,2022-10-20,0,4.428704211146021e-07,1.0
0000882291,AEMD,2022-10-21,0,4.428704211146021e-07,1.0
0000882291,AEMD,2022-10-24,0,4.428704211146021e-07,1.0
0000882291,AEMD,2022-10-25,0,4.428704211146021e-07,1.0
0000882291,AEMD,2022-10-26,0,6.275732551677461e-05,1.0
0000882291,AEMD,2022-10-27,0,6.275732551677461e-05,1.0
0000882291,AEMD,2022-10-28,0,6.275732551677461e-05,1.0
0000882291,AEMD,2022-10-31,0,6.275732551677461e-05,1.0
0000882291,AEMD,2022-11-01,0,6.275732551677461e-05,1.0
0000882291,AEMD,2022-11-02,0,6.275732551677461e-05,1.0
0000882291,AEMD,2022-11-03,0,6.275732551677461e-05,1.0
0000882291,AEMD,2022-11-04,0,6.275732551677461e-05,1.0
0000882291,AEMD,2022-11-07,0,6.275732551677461e-05,1.0
0000882291,AEMD,2022-11-08,0,7.507757169873574e-05,1.0
0000882291,AEMD,2022-11-09,0,7.507757169873574e-05,1.0
0000882291,AEMD,2022-11-10,0,7.507757169873574e-05,1.0
0000882291,AEMD,2022-11-11,0,7.507757169873574e-05,1.0
0000882291,AEMD,2022-11-14,0,7.507757169873574e-05,1.0
0000882291,AEMD,2022-11-15,0,6.953752459642908e-05,1.0
0000882291,AEMD,2022-11-16,0,6.953752459642908e-05,1.0
0000882291,AEMD,2022-11-17,0,6.953752459642908e-05,1.0
0000882291,AEMD,2022-11-18,0,6.953752459642908e-05,1.0
0000882291,AEMD,2022-11-21,0,6.953752459642908e-05,1.0
0000882291,AEMD,2022-11-22,0,6.953752459642908e-05,1.0
0000882291,AEMD,2022-11-23,0,6.953752459642908e-05,1.0
0000882291,AEMD,2022-11-24,0,6.953752459642908e-05,1.0
0000882291,AEMD,2022-11-25,0,6.953752459642908e-05,1.0
0000882291,AEMD,2022-11-28,0,6.953752459642908e-05,1.0
0000882291,AEMD,2022-11-29,0,6.953752459642908e-05,1.0
0000882291,AEMD,2022-11-30,0,6.953752459642908e-05,1.0
0000882291,AEMD,2022-12-01,0,6.953752459642908e-05,1.0
0000882291,AEMD,2022-12-02,0,6.953752459642908e-05,1.0
0000882291,AEMD,2022-12-05,0,6.953752459642908e-05,1.0
0000882291,AEMD,2022-12-06,0,6.953752459642908e-05,1.0
0000882291,AEMD,2022-12-07,0,6.953752459642908e-05,1.0
0000882291,AEMD,2022-12-08,0,6.953752459642908e-05,1.0
0000882291,AEMD,2022-12-09,0,6.953752459642908e-05,1.0
0000882291,AEMD,2022-12-12,0,6.953752459642908e-05,1.0
0000882291,AEMD,2022-12-13,0,6.953752459642908e-05,1.0
0000882291,AEMD,2022-12-14,0,6.953752459642908e-05,1.0
0000882291,AEMD,2022-12-15,0,6.381752814767832e-05,1.0
0000882291,AEMD,2022-12-16,0,6.381752814767832e-05,1.0
0000882291,AEMD,2022-12-19,0,6.381752814767832e-05,1.0
0000882291,AEMD,2022-12-20,0,6.381752814767832e-05,1.0
0000882291,AEMD,2022-12-21,0,6.381752814767832e-05,1.0
0000882291,AEMD,2022-12-22,0,6.381752814767832e-05,1.0
0000882291,AEMD,2022-12-23,0,6.381752814767832e-05,1.0
0000882291,AEMD,2022-12-26,0,5.731056002550718e-05,1.0
0000882291,AEMD,2022-12-27,0,5.731056002550718e-05,1.0
0000882291,AEMD,2022-12-28,0,5.731056002550718e-05,1.0
0000882291,AEMD,2022-12-29,0,5.731056002550718e-05,1.0
0000882291,AEMD,2022-12-30,0,5.731056002550718e-05,1.0
0000882291,AEMD,2023-01-02,0,5.731056002550718e-05,1.0
0000882291,AEMD,2023-01-03,0,5.731056002550718e-05,1.0
0000882291,AEMD,2023-01-04,0,5.731056002550718e-05,1.0
0000882291,AEMD,2023-01-05,0,5.731056002550718e-05,1.0
0000882291,AEMD,2023-01-06,0,5.731056002550718e-05,1.0
0000882291,AEMD,2023-01-09,0,5.731056002550718e-05,1.0
0000882291,AEMD,2023-01-10,0,5.731056002550718e-05,1.0
0000882291,AEMD,2023-01-11,0,5.731056002550718e-05,1.0
0000882291,AEMD,2023-01-12,0,5.731056002550718e-05,1.0
0000882291,AEMD,2023-01-13,0,5.731056002550718e-05,1.0
0000882291,AEMD,2023-01-16,0,2.317950621242967e-05,1.0
0000882291,AEMD,2023-01-17,0,2.317950621242967e-05,1.0
0000882291,AEMD,2023-01-18,0,2.317950621242967e-05,1.0
0000882291,AEMD,2023-01-19,0,2.317950621242967e-05,1.0
0000882291,AEMD,2023-01-20,0,2.317950621242967e-05,1.0
0000882291,AEMD,2023-01-23,0,2.317950621242967e-05,1.0
0000882291,AEMD,2023-01-24,0,1.4260301860905069e-05,1.0
0000882291,AEMD,2023-01-25,0,1.4260301860905069e-05,1.0
0000882291,AEMD,2023-01-26,0,1.4260301860905069e-05,1.0
0000882291,AEMD,2023-01-27,0,1.4260301860905069e-05,1.0
0000882291,AEMD,2023-01-30,0,1.4260301860905069e-05,1.0
0000882291,AEMD,2023-01-31,0,1.4260301860905069e-05,1.0
0000882291,AEMD,2023-02-01,0,1.4260301860905069e-05,1.0
0000882291,AEMD,2023-02-02,0,1.4260301860905069e-05,1.0
0000882291,AEMD,2023-02-03,0,1.4260301860905069e-05,1.0
0000882291,AEMD,2023-02-06,0,1.4174633992023514e-05,1.0
0000882291,AEMD,2023-02-07,0,1.4174633992023514e-05,1.0
0000882291,AEMD,2023-02-08,0,1.4174633992023514e-05,1.0
0000882291,AEMD,2023-02-09,0,1.4174633992023514e-05,1.0
0000882291,AEMD,2023-02-10,0,1.4174633992023514e-05,1.0
0000882291,AEMD,2023-02-13,0,1.6754375463122167e-05,1.0
0000882291,AEMD,2023-02-14,0,1.5584799745799812e-05,1.0
0000882291,AEMD,2023-02-15,0,1.5584799745799812e-05,1.0
0000882291,AEMD,2023-02-16,0,1.5584799745799812e-05,1.0
0000882291,AEMD,2023-02-17,0,1.5584799745799812e-05,1.0
0000882291,AEMD,2023-02-20,0,1.5584799745799812e-05,1.0
0000882291,AEMD,2023-02-21,0,1.5584799745799812e-05,1.0
0000882291,AEMD,2023-02-22,0,1.5584799745799812e-05,1.0
0000882291,AEMD,2023-02-23,0,1.5584799745799812e-05,1.0
0000882291,AEMD,2023-02-24,0,1.5584799745799812e-05,1.0
0000882291,AEMD,2023-02-27,0,1.5584799745799812e-05,1.0
0000882291,AEMD,2023-02-28,0,1.5584799745799812e-05,1.0
0000882291,AEMD,2023-03-01,0,1.5584799745799812e-05,1.0
0000882291,AEMD,2023-03-02,0,1.5584799745799812e-05,1.0
0000882291,AEMD,2023-03-03,0,1.5584799745799812e-05,1.0
0000882291,AEMD,2023-03-06,0,1.5584799745799812e-05,1.0
0000882291,AEMD,2023-03-07,0,1.5584799745799812e-05,1.0
0000882291,AEMD,2023-03-08,0,1.5584799745799812e-05,1.0
0000882291,AEMD,2023-03-09,0,1.5584799745799812e-05,1.0
0000882291,AEMD,2023-03-10,0,1.5584799745799812e-05,1.0
0000882291,AEMD,2023-03-13,0,1.5584799745799812e-05,1.0
0000882291,AEMD,2023-03-14,0,1.5584799745799812e-05,1.0
0000882291,AEMD,2023-03-15,0,1.5584799745799812e-05,1.0
0000882291,AEMD,2023-03-16,0,1.5584799745799812e-05,1.0
0000882291,AEMD,2023-03-17,0,1.4320034217332057e-05,1.0
0000882291,AEMD,2023-03-20,0,1.4320034217332057e-05,1.0
0000882291,AEMD,2023-03-21,0,1.4320034217332057e-05,1.0
0000882291,AEMD,2023-03-22,0,1.4320034217332057e-05,1.0
0000882291,AEMD,2023-03-23,0,1.4320034217332057e-05,1.0
0000882291,AEMD,2023-03-24,0,1.4320034217332057e-05,1.0
0000882291,AEMD,2023-03-27,0,1.4320034217332057e-05,1.0
0000882291,AEMD,2023-03-28,0,1.4320034217332057e-05,1.0
0000882291,AEMD,2023-03-29,0,1.4320034217332057e-05,1.0
0000882291,AEMD,2023-03-30,0,1.4320034217332057e-05,1.0
0000882291,AEMD,2023-03-31,0,1.4320034217332057e-05,1.0
0000882291,AEMD,2023-04-03,0,1.4320034217332057e-05,1.0
0000882291,AEMD,2023-04-04,0,1.4320034217332057e-05,1.0
0000882291,AEMD,2023-04-05,0,1.4320034217332057e-05,1.0
0000882291,AEMD,2023-04-06,0,1.4320034217332057e-05,1.0
0000882291,AEMD,2023-04-07,0,1.4320034217332057e-05,1.0
0000882291,AEMD,2023-04-10,0,1.4320034217332057e-05,1.0
0000882291,AEMD,2023-04-11,0,1.4320034217332057e-05,1.0
0000882291,AEMD,2023-04-12,0,1.4320034217332057e-05,1.0
0000882291,AEMD,2023-04-13,0,1.4320034217332057e-05,1.0
0000882291,AEMD,2023-04-14,0,1.4320034217332057e-05,1.0
0000882291,AEMD,2023-04-17,0,1.4320034217332057e-05,1.0
0000882291,AEMD,2023-04-18,0,1.4320034217332057e-05,1.0
0000882291,AEMD,2023-04-19,0,1.4320034217332057e-05,1.0
0000882291,AEMD,2023-04-20,0,1.4320034217332057e-05,1.0
0000882291,AEMD,2023-04-21,0,1.4320034217332057e-05,1.0
0000882291,AEMD,2023-04-24,0,1.4320034217332057e-05,1.0
0000882291,AEMD,2023-04-25,0,1.4320034217332057e-05,1.0
0000882291,AEMD,2023-04-26,0,1.4320034217332057e-05,1.0
0000882291,AEMD,2023-04-27,0,1.4320034217332057e-05,1.0
0000882291,AEMD,2023-04-28,0,1.4320034217332057e-05,1.0
0000882291,AEMD,2023-05-01,0,1.4320034217332057e-05,1.0
0000882291,AEMD,2023-05-02,0,1.4320034217332057e-05,1.0
0000882291,AEMD,2023-05-03,0,1.4320034217332057e-05,1.0
0000882291,AEMD,2023-05-04,0,1.4320034217332057e-05,1.0
0000882291,AEMD,2023-05-05,0,1.4320034217332057e-05,1.0
0000882291,AEMD,2023-05-08,0,1.4320034217332057e-05,1.0
0000882291,AEMD,2023-05-09,0,1.4320034217332057e-05,1.0
0000882291,AEMD,2023-05-10,0,1.4320034217332057e-05,1.0
0000882291,AEMD,2023-05-11,0,1.4320034217332057e-05,1.0
0000882291,AEMD,2023-05-12,0,1.4320034217332057e-05,1.0
0000882291,AEMD,2023-05-15,0,1.4249610203359633e-05,1.0
0000882291,AEMD,2023-05-16,0,1.6741817257852702e-05,1.0
0000882291,AEMD,2023-05-17,0,1.6741817257852702e-05,1.0
0000882291,AEMD,2023-05-18,0,1.6741817257852702e-05,1.0
0000882291,AEMD,2023-05-19,0,1.6741817257852702e-05,1.0
0000882291,AEMD,2023-05-22,0,1.6741817257852702e-05,1.0
0000882291,AEMD,2023-05-23,0,1.6741817257852702e-05,1.0
0000882291,AEMD,2023-05-24,0,1.6741817257852702e-05,1.0
0000882291,AEMD,2023-05-25,0,1.6741817257852702e-05,1.0
0000882291,AEMD,2023-05-26,0,1.6741817257852702e-05,1.0
0000882291,AEMD,2023-05-29,0,1.6741817257852702e-05,1.0
0000882291,AEMD,2023-05-30,0,1.6741817257852702e-05,1.0
0000882291,AEMD,2023-05-31,0,1.6741817257852702e-05,1.0
0000882291,AEMD,2023-06-01,0,1.6741817257852702e-05,1.0
0000882291,AEMD,2023-06-02,0,1.6741817257852702e-05,1.0
0000882291,AEMD,2023-06-05,0,1.6741817257852702e-05,1.0
0000882291,AEMD,2023-06-06,0,1.6741817257852702e-05,1.0
0000882291,AEMD,2023-06-07,0,1.6741817257852702e-05,1.0
0000882291,AEMD,2023-06-08,0,1.6741817257852702e-05,1.0
0000882291,AEMD,2023-06-09,0,1.6741817257852702e-05,1.0
0000882291,AEMD,2023-06-12,0,1.6741817257852702e-05,1.0
0000882291,AEMD,2023-06-13,0,1.6741817257852702e-05,1.0
0000882291,AEMD,2023-06-14,0,1.6741817257852702e-05,1.0
0000882291,AEMD,2023-06-15,0,1.6741817257852702e-05,1.0
0000882291,AEMD,2023-06-16,0,1.6741817257852702e-05,1.0
0000882291,AEMD,2023-06-19,0,1.6741817257852702e-05,1.0
0000882291,AEMD,2023-06-20,0,1.6741817257852702e-05,1.0
0000882291,AEMD,2023-06-21,0,1.6741817257852702e-05,1.0
0000882291,AEMD,2023-06-22,0,1.6741817257852702e-05,1.0
0000882291,AEMD,2023-06-23,0,1.6741817257852702e-05,1.0
0000882291,AEMD,2023-06-26,0,1.6741817257852702e-05,1.0
0000882291,AEMD,2023-06-27,0,1.6741817257852702e-05,1.0
0000882291,AEMD,2023-06-28,0,1.6741817257852702e-05,1.0
0000882291,AEMD,2023-06-29,0,6.8176484388750845e-06,1.0
0000882291,AEMD,2023-06-30,0,6.8176484388750845e-06,1.0
0000882291,AEMD,2023-07-03,0,6.8176484388750845e-06,1.0
0000882291,AEMD,2023-07-04,0,6.8176484388750845e-06,1.0
0000882291,AEMD,2023-07-05,0,6.8176484388750845e-06,1.0
0000882291,AEMD,2023-07-06,0,6.8176484388750845e-06,1.0
0000882291,AEMD,2023-07-07,0,6.8176484388750845e-06,1.0
0000882291,AEMD,2023-07-10,0,6.8176484388750845e-06,1.0
0000882291,AEMD,2023-07-11,0,6.8176484388750845e-06,1.0
0000882291,AEMD,2023-07-12,0,6.8176484388750845e-06,1.0
0000882291,AEMD,2023-07-13,0,6.8176484388750845e-06,1.0
0000882291,AEMD,2023-07-14,0,6.8176484388750845e-06,1.0
0000882291,AEMD,2023-07-17,0,6.8176484388750845e-06,1.0
0000882291,AEMD,2023-07-18,0,2.523582495233935e-06,1.0
0000882291,AEMD,2023-07-19,0,2.523582495233935e-06,1.0
0000882291,AEMD,2023-07-20,0,2.523582495233935e-06,1.0
0000882291,AEMD,2023-07-21,0,2.523582495233935e-06,1.0
0000882291,AEMD,2023-07-24,0,2.523582495233935e-06,1.0
0000882291,AEMD,2023-07-25,0,2.523582495233935e-06,1.0
0000882291,AEMD,2023-07-26,0,2.523582495233935e-06,1.0
0000882291,AEMD,2023-07-27,0,2.523582495233935e-06,1.0
0000882291,AEMD,2023-07-28,0,9.341126112803638e-07,1.0
0000882291,AEMD,2023-07-31,0,4.034651092002975e-07,1.0
0000882291,AEMD,2023-08-01,0,4.034651092002975e-07,1.0
0000882291,AEMD,2023-08-02,0,4.034651092002975e-07,1.0
0000882291,AEMD,2023-08-03,0,4.034651092002975e-07,1.0
0000882291,AEMD,2023-08-04,0,4.034651092002975e-07,1.0
0000882291,AEMD,2023-08-07,0,4.034651092002975e-07,1.0
0000882291,AEMD,2023-08-08,0,4.034651092002975e-07,1.0
0000882291,AEMD,2023-08-09,0,4.034651092002975e-07,1.0
0000882291,AEMD,2023-08-10,0,4.034651092002975e-07,1.0
0000882291,AEMD,2023-08-11,0,4.25639805632349e-07,1.0
0000882291,AEMD,2023-08-14,0,4.237786131255755e-07,1.0
0000882291,AEMD,2023-08-15,0,4.237786131255755e-07,1.0
0000882291,AEMD,2023-08-16,0,4.237786131255755e-07,1.0
0000882291,AEMD,2023-08-17,0,4.0898884366010087e-07,1.0
0000882291,AEMD,2023-08-18,0,4.0898884366010087e-07,1.0
0000882291,AEMD,2023-08-21,0,4.0898884366010087e-07,1.0
0000882291,AEMD,2023-08-22,0,4.0898884366010087e-07,1.0
0000882291,AEMD,2023-08-23,0,4.0898884366010087e-07,1.0
0000882291,AEMD,2023-08-24,0,4.0898884366010087e-07,1.0
0000882291,AEMD,2023-08-25,0,4.0898884366010087e-07,1.0
0000882291,AEMD,2023-08-28,0,2.3642755031394343e-07,1.0
0000882291,AEMD,2023-08-29,0,2.3642755031394343e-07,1.0
0000882291,AEMD,2023-08-30,0,2.3642755031394343e-07,1.0
0000882291,AEMD,2023-08-31,0,2.3642755031394343e-07,1.0
0000882291,AEMD,2023-09-01,0,2.3642755031394343e-07,1.0
0000882291,AEMD,2023-09-04,0,2.3642755031394343e-07,1.0
0000882291,AEMD,2023-09-05,0,2.3642755031394343e-07,1.0
0000882291,AEMD,2023-09-06,0,2.3642755031394343e-07,1.0
0000882291,AEMD,2023-09-07,0,2.3642755031394343e-07,1.0
0000882291,AEMD,2023-09-08,0,2.3642755031394343e-07,1.0
0000882291,AEMD,2023-09-11,0,2.180280687615613e-07,1.0
0000882291,AEMD,2023-09-12,0,2.180280687615613e-07,1.0
0000882291,AEMD,2023-09-13,0,2.180280687615613e-07,1.0
0000882291,AEMD,2023-09-14,0,2.180280687615613e-07,1.0
0000882291,AEMD,2023-09-15,0,2.180280687615613e-07,1.0
0000882291,AEMD,2023-09-18,0,2.180280687615613e-07,1.0
0000882291,AEMD,2023-09-19,0,2.180280687615613e-07,1.0
0000882291,AEMD,2023-09-20,0,2.180280687615613e-07,1.0
0000882291,AEMD,2023-09-21,0,2.180280687615613e-07,1.0
0000882291,AEMD,2023-09-22,0,2.180280687615613e-07,1.0
0000882291,AEMD,2023-09-25,0,2.180280687615613e-07,1.0
0000882291,AEMD,2023-09-26,0,2.180280687615613e-07,1.0
0000882291,AEMD,2023-09-27,0,1.871237034036874e-06,1.0
0000882291,AEMD,2023-09-28,0,1.871237034036874e-06,1.0
0000882291,AEMD,2023-09-29,0,1.871237034036874e-06,1.0
0000882291,AEMD,2023-10-02,0,1.871237034036874e-06,1.0
0000882291,AEMD,2023-10-03,0,1.871237034036874e-06,1.0
0000882291,AEMD,2023-10-04,0,1.871237034036874e-06,1.0
0000882291,AEMD,2023-10-05,0,1.871237034036874e-06,1.0
0000882291,AEMD,2023-10-06,0,1.871237034036874e-06,1.0
0000882291,AEMD,2023-10-09,0,1.871237034036874e-06,1.0
0000882291,AEMD,2023-10-10,0,1.871237034036874e-06,1.0
0000882291,AEMD,2023-10-11,0,1.871237034036874e-06,1.0
0000882291,AEMD,2023-10-12,0,1.871237034036874e-06,1.0
0000882291,AEMD,2023-10-13,0,1.871237034036874e-06,1.0
0000882291,AEMD,2023-10-16,0,5.325921395514872e-06,1.0
0000882291,AEMD,2023-10-17,0,5.325921395514872e-06,1.0
0000882291,AEMD,2023-10-18,0,5.325921395514872e-06,1.0
0000882291,AEMD,2023-10-19,0,5.325921395514872e-06,1.0
0000882291,AEMD,2023-10-20,0,5.325921395514872e-06,1.0
0000882291,AEMD,2023-10-23,0,5.325921395514872e-06,1.0
0000882291,AEMD,2023-10-24,0,5.325921395514872e-06,1.0
0000882291,AEMD,2023-10-25,0,5.325921395514872e-06,1.0
0000882291,AEMD,2023-10-26,0,1.1030725907269608e-05,1.0
0000882291,AEMD,2023-10-27,0,1.1030725907269608e-05,1.0
0000882291,AEMD,2023-10-30,0,1.1030725907269608e-05,1.0
0000882291,AEMD,2023-10-31,0,1.1030725907269608e-05,1.0
0000882291,AEMD,2023-11-01,0,1.1030725907269608e-05,1.0
0000882291,AEMD,2023-11-02,0,1.1030725907269608e-05,1.0
0000882291,AEMD,2023-11-03,0,1.1030725907269608e-05,1.0
0000882291,AEMD,2023-11-06,0,1.1030725907269608e-05,1.0
0000882291,AEMD,2023-11-07,0,1.1030725907269608e-05,1.0
0000882291,AEMD,2023-11-08,0,1.1030725907269608e-05,1.0
0000882291,AEMD,2023-11-09,0,1.272780770924373e-05,1.0
0000882291,AEMD,2023-11-10,0,1.272780770924373e-05,1.0
0000882291,AEMD,2023-11-13,0,1.272780770924373e-05,1.0
0000882291,AEMD,2023-11-14,0,1.272780770924373e-05,1.0
0000882291,AEMD,2023-11-15,0,1.1992894523145538e-05,1.0
0000882291,AEMD,2023-11-16,0,1.1992894523145538e-05,1.0
0000882291,AEMD,2023-11-17,0,1.1992894523145538e-05,1.0
0000882291,AEMD,2023-11-20,0,1.1992894523145538e-05,1.0
0000882291,AEMD,2023-11-21,0,1.1992894523145538e-05,1.0
0000882291,AEMD,2023-11-22,0,1.1992894523145538e-05,1.0
0000882291,AEMD,2023-11-23,0,1.1992894523145538e-05,1.0
0000882291,AEMD,2023-11-24,0,1.1992894523145538e-05,1.0
0000882291,AEMD,2023-11-27,0,1.1992894523145538e-05,1.0
0000882291,AEMD,2023-11-28,0,1.1992894523145538e-05,1.0
0000882291,AEMD,2023-11-29,0,1.1992894523145538e-05,1.0
0000882291,AEMD,2023-11-30,0,1.1992894523145538e-05,1.0
0000882291,AEMD,2023-12-01,0,1.1992894523145538e-05,1.0
0000882291,AEMD,2023-12-04,0,1.1992894523145538e-05,1.0
0000882291,AEMD,2023-12-05,0,1.1992894523145538e-05,1.0
0000882291,AEMD,2023-12-06,0,1.1992894523145538e-05,1.0
0000882291,AEMD,2023-12-07,0,1.1992894523145538e-05,1.0
0000882291,AEMD,2023-12-08,0,1.1992894523145538e-05,1.0
0000882291,AEMD,2023-12-11,0,1.1992894523145538e-05,1.0
0000882291,AEMD,2023-12-12,0,1.1992894523145538e-05,1.0
0000882291,AEMD,2023-12-13,0,1.1992894523145538e-05,1.0
0000882291,AEMD,2023-12-14,0,1.1992894523145538e-05,1.0
0000882291,AEMD,2023-12-15,0,1.1059582610407972e-05,1.0
0000882291,AEMD,2023-12-18,0,1.1059582610407972e-05,1.0
0000882291,AEMD,2023-12-19,0,1.1059582610407972e-05,1.0
0000882291,AEMD,2023-12-20,0,1.1059582610407972e-05,1.0
0000882291,AEMD,2023-12-21,0,1.1059582610407972e-05,1.0
0000882291,AEMD,2023-12-22,0,1.1059582610407972e-05,1.0
0000882291,AEMD,2023-12-25,0,1.1059582610407972e-05,1.0
0000882291,AEMD,2023-12-26,0,1.224960475221156e-05,1.0
0000882291,AEMD,2023-12-27,0,1.224960475221156e-05,1.0
0000882291,AEMD,2023-12-28,0,1.224960475221156e-05,1.0
0000882291,AEMD,2023-12-29,0,1.224960475221156e-05,1.0
0000882291,AEMD,2024-01-01,0,1.224960475221156e-05,1.0
0000882291,AEMD,2024-01-02,0,1.224960475221156e-05,1.0
0000882291,AEMD,2024-01-03,0,1.224960475221156e-05,1.0
0000882291,AEMD,2024-01-04,0,1.224960475221156e-05,1.0
0000882291,AEMD,2024-01-05,0,1.224960475221156e-05,1.0
0000882291,AEMD,2024-01-08,0,1.224960475221156e-05,1.0
0000882291,AEMD,2024-01-09,0,1.224960475221156e-05,1.0
0000882291,AEMD,2024-01-10,0,1.224960475221156e-05,1.0
0000882291,AEMD,2024-01-11,0,1.224960475221156e-05,1.0
0000882291,AEMD,2024-01-12,0,1.224960475221156e-05,1.0
0000882291,AEMD,2024-01-15,0,1.205765247607261e-05,1.0
0000882291,AEMD,2024-01-16,0,1.205765247607261e-05,1.0
0000882291,AEMD,2024-01-17,0,1.205765247607261e-05,1.0
0000882291,AEMD,2024-01-18,0,1.205765247607261e-05,1.0
0000882291,AEMD,2024-01-19,0,1.205765247607261e-05,1.0
0000882291,AEMD,2024-01-22,0,1.205765247607261e-05,1.0
0000882291,AEMD,2024-01-23,0,1.205765247607261e-05,1.0
0000882291,AEMD,2024-01-24,0,1.4593007856593772e-05,1.0
0000882291,AEMD,2024-01-25,0,1.4593007856593772e-05,1.0
0000882291,AEMD,2024-01-26,0,1.4593007856593772e-05,1.0
0000882291,AEMD,2024-01-29,0,1.4593007856593772e-05,1.0
0000882291,AEMD,2024-01-30,0,1.4593007856593772e-05,1.0
0000882291,AEMD,2024-01-31,0,1.4593007856593772e-05,1.0
0000882291,AEMD,2024-02-01,0,1.4593007856593772e-05,1.0
0000882291,AEMD,2024-02-02,0,1.4593007856593772e-05,1.0
0000882291,AEMD,2024-02-05,0,1.4593007856593772e-05,1.0
0000882291,AEMD,2024-02-06,0,1.4593007856593772e-05,1.0
0000882291,AEMD,2024-02-07,0,1.4553093935445117e-05,1.0
0000882291,AEMD,2024-02-08,0,1.4553093935445117e-05,1.0
0000882291,AEMD,2024-02-09,0,1.4553093935445117e-05,1.0
0000882291,AEMD,2024-02-12,0,1.4553093935445117e-05,1.0
0000882291,AEMD,2024-02-13,0,1.6792084434162225e-05,1.0
0000882291,AEMD,2024-02-14,0,1.6792084434162225e-05,1.0
0000882291,AEMD,2024-02-15,0,1.5822500567562947e-05,1.0
0000882291,AEMD,2024-02-16,0,1.5822500567562947e-05,1.0
0000882291,AEMD,2024-02-19,0,1.5822500567562947e-05,1.0
0000882291,AEMD,2024-02-20,0,1.5822500567562947e-05,1.0
0000882291,AEMD,2024-02-21,0,1.5822500567562947e-05,1.0
0000882291,AEMD,2024-02-22,0,1.5822500567562947e-05,1.0
0000882291,AEMD,2024-02-23,0,1.5822500567562947e-05,1.0
0000882291,AEMD,2024-02-26,0,1.5822500567562947e-05,1.0
0000882291,AEMD,2024-02-27,0,1.5822500567562947e-05,1.0
0000882291,AEMD,2024-02-28,0,1.5822500567562947e-05,1.0
0000882291,AEMD,2024-02-29,0,1.5822500567562947e-05,1.0
0000882291,AEMD,2024-03-01,0,1.5822500567562947e-05,1.0
0000882291,AEMD,2024-03-04,0,1.5822500567562947e-05,1.0
0000882291,AEMD,2024-03-05,0,1.5822500567562947e-05,1.0
0000882291,AEMD,2024-03-06,0,1.5822500567562947e-05,1.0
0000882291,AEMD,2024-03-07,0,1.5822500567562947e-05,1.0
0000882291,AEMD,2024-03-08,0,1.5822500567562947e-05,1.0
0000882291,AEMD,2024-03-11,0,1.5822500567562947e-05,1.0
0000882291,AEMD,2024-03-12,0,1.5822500567562947e-05,1.0
0000882291,AEMD,2024-03-13,0,1.5822500567562947e-05,1.0
0000882291,AEMD,2024-03-14,0,1.5822500567562947e-05,1.0
0000882291,AEMD,2024-03-15,0,1.5822500567562947e-05,1.0
0000882291,AEMD,2024-03-18,0,1.4591165122405112e-05,1.0
0000882291,AEMD,2024-03-19,0,1.4591165122405112e-05,1.0
0000882291,AEMD,2024-03-20,0,1.4591165122405112e-05,1.0
0000882291,AEMD,2024-03-21,0,1.4591165122405112e-05,1.0
0000882291,AEMD,2024-03-22,0,1.4591165122405112e-05,1.0
0000882291,AEMD,2024-03-25,0,0.0007519500667487555,1.0
0000882291,AEMD,2024-03-26,0,0.0007519500667487555,1.0
0000882291,AEMD,2024-03-27,0,0.0007519500667487555,1.0
0000882291,AEMD,2024-03-28,0,0.0007519500667487555,1.0
0000882291,AEMD,2024-03-29,0,0.0007519500667487555,1.0
0000882291,AEMD,2024-04-01,0,0.0007519500667487555,1.0
0000882291,AEMD,2024-04-02,0,0.0007519500667487555,1.0
0000882291,AEMD,2024-04-03,0,0.0007519500667487555,1.0
0000882291,AEMD,2024-04-04,0,0.0007519500667487555,1.0
0000882291,AEMD,2024-04-05,0,0.0007519500667487555,1.0
0000882291,AEMD,2024-04-08,0,0.0007519500667487555,1.0
0000882291,AEMD,2024-04-09,0,0.0007519500667487555,1.0
0000882291,AEMD,2024-04-10,0,0.0007519500667487555,1.0
0000882291,AEMD,2024-04-11,0,0.0007519500667487555,1.0
0000882291,AEMD,2024-04-12,0,0.0007519500667487555,1.0
0000882291,AEMD,2024-04-15,0,0.0007519500667487555,1.0
0000882291,AEMD,2024-04-16,0,0.0007519500667487555,1.0
0000882291,AEMD,2024-04-17,0,0.0007519500667487555,1.0
0000882291,AEMD,2024-04-18,0,0.0007519500667487555,1.0
0000882291,AEMD,2024-04-19,0,0.0007519500667487555,1.0
0000882291,AEMD,2024-04-22,0,0.0007519500667487555,1.0
0000882291,AEMD,2024-04-23,0,0.0007519500667487555,1.0
0000882291,AEMD,2024-04-24,0,0.0005417050148925944,1.0
0000882291,AEMD,2024-04-25,0,0.0005417050148925944,1.0
0000882291,AEMD,2024-04-26,0,0.0005417050148925944,1.0
0000882291,AEMD,2024-04-29,0,0.0005417050148925944,1.0
0000882291,AEMD,2024-04-30,0,0.0005417050148925944,1.0
0000882291,AEMD,2024-05-01,0,0.0005417050148925944,1.0
0000882291,AEMD,2024-05-02,0,0.0005417050148925944,1.0
0000882291,AEMD,2024-05-03,0,0.0005417050148925944,1.0
0000882291,AEMD,2024-05-06,0,0.0005417050148925944,1.0
0000882291,AEMD,2024-05-07,0,0.0005417050148925944,1.0
0000882291,AEMD,2024-05-08,0,0.0005417050148925944,1.0
0000882291,AEMD,2024-05-09,0,0.0005417050148925944,1.0
0000882291,AEMD,2024-05-10,0,0.0005417050148925944,1.0
0000882291,AEMD,2024-05-13,0,0.0005417050148925944,1.0
0000882291,AEMD,2024-05-14,0,0.0005402241546434316,1.0
0000882291,AEMD,2024-05-15,0,0.0005402241546434316,1.0
0000882291,AEMD,2024-05-16,0,0.0005567380441211219,1.0
0000882291,AEMD,2024-05-17,0,0.0005567380441211219,1.0
0000882291,AEMD,2024-05-20,0,0.0005848023304561184,1.0
0000882291,AEMD,2024-05-21,0,0.0005848023304561184,1.0
0000882291,AEMD,2024-05-22,0,0.0005848023304561184,1.0
0000882291,AEMD,2024-05-23,0,0.0005848023304561184,1.0
0000882291,AEMD,2024-05-24,0,0.0005848023304561184,1.0
0000882291,AEMD,2024-05-27,0,0.0005848023304561184,1.0
0000882291,AEMD,2024-05-28,0,0.0005848023304561184,1.0
0000882291,AEMD,2024-05-29,0,0.0005848023304561184,1.0
0000882291,AEMD,2024-05-30,0,0.0005848023304561184,1.0
0000882291,AEMD,2024-05-31,0,0.0005848023304561184,1.0
0000882291,AEMD,2024-06-03,0,0.0005848023304561184,1.0
0000882291,AEMD,2024-06-04,0,0.0005848023304561184,1.0
0000882291,AEMD,2024-06-05,0,0.0005848023304561184,1.0
0000882291,AEMD,2024-06-06,0,0.0005848023304561184,1.0
0000882291,AEMD,2024-06-07,0,0.0005848023304561184,1.0
0000882291,AEMD,2024-06-10,0,0.0005848023304561184,1.0
0000882291,AEMD,2024-06-11,0,0.0005848023304561184,1.0
0000882291,AEMD,2024-06-12,0,0.0005848023304561184,1.0
0000882291,AEMD,2024-06-13,0,0.0005848023304561184,1.0
0000882291,AEMD,2024-06-14,0,0.0005848023304561184,1.0
0000882291,AEMD,2024-06-17,0,0.0005848023304561184,1.0
0000882291,AEMD,2024-06-18,0,0.0005848023304561184,1.0
0000882291,AEMD,2024-06-19,0,0.0005386658555729564,1.0
0000882291,AEMD,2024-06-20,0,0.0005386658555729564,1.0
0000882291,AEMD,2024-06-21,0,0.0005386658555729564,1.0
0000882291,AEMD,2024-06-24,0,9.188659082590679e-05,1.0
0000882291,AEMD,2024-06-25,0,9.188659082590679e-05,1.0
0000882291,AEMD,2024-06-26,0,9.188659082590679e-05,1.0
0000882291,AEMD,2024-06-27,0,9.188659082590679e-05,1.0
0000882291,AEMD,2024-06-28,0,3.107959292607183e-05,1.0
0000882291,AEMD,2024-07-01,0,3.107959292607183e-05,1.0
0000882291,AEMD,2024-07-02,0,3.107959292607183e-05,1.0
0000882291,AEMD,2024-07-03,0,3.107959292607183e-05,1.0
0000882291,AEMD,2024-07-04,0,3.107959292607183e-05,1.0
0000882291,AEMD,2024-07-05,0,3.107959292607183e-05,1.0
0000882291,AEMD,2024-07-08,0,3.107959292607183e-05,1.0
0000882291,AEMD,2024-07-09,0,3.107959292607183e-05,1.0
0000882291,AEMD,2024-07-10,0,3.107959292607183e-05,1.0
0000882291,AEMD,2024-07-11,0,3.107959292607183e-05,1.0
0000882291,AEMD,2024-07-12,0,3.107959292607183e-05,1.0
0000882291,AEMD,2024-07-15,0,3.107959292607183e-05,1.0
0000882291,AEMD,2024-07-16,0,3.107959292607183e-05,1.0
0000882291,AEMD,2024-07-17,0,3.107959292607183e-05,1.0
0000882291,AEMD,2024-07-18,0,3.107959292607183e-05,1.0
0000882291,AEMD,2024-07-19,0,3.107959292607183e-05,1.0
0000882291,AEMD,2024-07-22,0,3.107959292607183e-05,1.0
0000882291,AEMD,2024-07-23,0,3.107959292607183e-05,1.0
0000882291,AEMD,2024-07-24,0,3.107959292607183e-05,1.0
0000882291,AEMD,2024-07-25,0,3.107959292607183e-05,1.0
0000882291,AEMD,2024-07-26,0,3.107959292607183e-05,1.0
0000882291,AEMD,2024-07-29,0,6.685657586027006e-06,1.0
0000882291,AEMD,2024-07-30,0,6.685657586027006e-06,1.0
0000882291,AEMD,2024-07-31,0,6.685657586027006e-06,1.0
0000882291,AEMD,2024-08-01,0,6.685657586027006e-06,1.0
0000882291,AEMD,2024-08-02,0,6.685657586027006e-06,1.0
0000882291,AEMD,2024-08-05,0,6.685657586027006e-06,1.0
0000882291,AEMD,2024-08-06,0,6.685657586027006e-06,1.0
0000882291,AEMD,2024-08-07,0,6.685657586027006e-06,1.0
0000882291,AEMD,2024-08-08,0,6.685657586027006e-06,1.0
0000882291,AEMD,2024-08-09,0,6.685657586027006e-06,1.0
0000882291,AEMD,2024-08-12,0,6.685657586027006e-06,1.0
0000882291,AEMD,2024-08-13,0,6.685657586027006e-06,1.0
0000882291,AEMD,2024-08-14,0,6.667371231583831e-06,1.0
0000882291,AEMD,2024-08-15,0,6.651729415658885e-06,1.0
0000882291,AEMD,2024-08-16,0,0.0019399743460771933,1.0
0000882291,AEMD,2024-08-19,0,0.002011249102858521,1.0
0000882291,AEMD,2024-08-20,0,0.002011249102858521,1.0
0000882291,AEMD,2024-08-21,0,0.002011249102858521,1.0
0000882291,AEMD,2024-08-22,0,0.002011249102858521,1.0
0000882291,AEMD,2024-08-23,0,0.002011249102858521,1.0
0000882291,AEMD,2024-08-26,0,0.002011249102858521,1.0
0000882291,AEMD,2024-08-27,0,0.002011249102858521,1.0
0000882291,AEMD,2024-08-28,0,0.002011249102858521,1.0
0000882291,AEMD,2024-08-29,0,0.002011249102858521,1.0
0000882291,AEMD,2024-08-30,0,0.002011249102858521,1.0
0000882291,AEMD,2024-09-02,0,0.002011249102858521,1.0
0000882291,AEMD,2024-09-03,0,0.002011249102858521,1.0
0000882291,AEMD,2024-09-04,0,0.002011249102858521,1.0
0000882291,AEMD,2024-09-05,0,0.002011249102858521,1.0
0000882291,AEMD,2024-09-06,0,0.002011249102858521,1.0
0000882291,AEMD,2024-09-09,0,0.002011249102858521,1.0
0000882291,AEMD,2024-09-10,0,0.002011249102858521,1.0
0000882291,AEMD,2024-09-11,0,0.002011249102858521,1.0
0000882291,AEMD,2024-09-12,0,0.002011249102858521,1.0
0000882291,AEMD,2024-09-13,0,0.002011249102858521,1.0
0000882291,AEMD,2024-09-16,0,1.148734321053896e-06,1.0
0000882291,AEMD,2024-09-17,0,1.148734321053896e-06,1.0
0000882291,AEMD,2024-09-18,0,1.148734321053896e-06,1.0
0000882291,AEMD,2024-09-19,0,1.148734321053896e-06,1.0
0000882291,AEMD,2024-09-20,0,1.148734321053896e-06,1.0
0000882291,AEMD,2024-09-23,0,4.082431795377158e-07,1.0
0000882291,AEMD,2024-09-24,0,4.082431795377158e-07,1.0
0000882291,AEMD,2024-09-25,0,4.082431795377158e-07,1.0
0000882291,AEMD,2024-09-26,0,6.894959404954531e-06,1.0
0000882291,AEMD,2024-09-27,0,6.894959404954531e-06,1.0
0000882291,AEMD,2024-09-30,0,6.894959404954531e-06,1.0
0000882291,AEMD,2024-10-01,0,6.894959404954531e-06,1.0
0000882291,AEMD,2024-10-02,0,6.894959404954531e-06,1.0
0000882291,AEMD,2024-10-03,0,6.005266687980434e-06,1.0
0000882291,AEMD,2024-10-04,0,6.005266687980434e-06,1.0
0000882291,AEMD,2024-10-07,0,6.005266687980434e-06,1.0
0000882291,AEMD,2024-10-08,0,6.005266687980434e-06,1.0
0000882291,AEMD,2024-10-09,0,6.005266687980434e-06,1.0
0000882291,AEMD,2024-10-10,0,6.005266687980434e-06,1.0
0000882291,AEMD,2024-10-11,0,6.005266687980434e-06,1.0
0000882291,AEMD,2024-10-14,0,6.005266687980434e-06,1.0
0000882291,AEMD,2024-10-15,0,6.005266687980434e-06,1.0
0000882291,AEMD,2024-10-16,0,6.005266687980434e-06,1.0
0000882291,AEMD,2024-10-17,0,6.005266687980434e-06,1.0
0000882291,AEMD,2024-10-18,0,6.005266687980434e-06,1.0
0000882291,AEMD,2024-10-21,0,6.005266687980434e-06,1.0
0000882291,AEMD,2024-10-22,0,6.005266687980434e-06,1.0
0000882291,AEMD,2024-10-23,0,6.005266687980434e-06,1.0
0000882291,AEMD,2024-10-24,0,6.005266687980434e-06,1.0
0000882291,AEMD,2024-10-25,0,6.005266687980434e-06,1.0
0000882291,AEMD,2024-10-28,0,6.005266687980434e-06,1.0
0000882291,AEMD,2024-10-29,0,6.005266687980434e-06,1.0
0000882291,AEMD,2024-10-30,0,6.005266687980434e-06,1.0
0000882291,AEMD,2024-10-31,0,6.005266687980434e-06,1.0
0000882291,AEMD,2024-11-01,0,6.005266687980434e-06,1.0
0000882291,AEMD,2024-11-04,0,3.4293436945385133e-06,1.0
0000882291,AEMD,2024-11-05,0,3.4293436945385133e-06,1.0
0000882291,AEMD,2024-11-06,0,3.4293436945385133e-06,1.0
0000882291,AEMD,2024-11-07,0,3.4293436945385133e-06,1.0
0000882291,AEMD,2024-11-08,0,3.4293436945385133e-06,1.0
0000882291,AEMD,2024-11-11,0,3.4293436945385133e-06,1.0
0000882291,AEMD,2024-11-12,0,3.4293436945385133e-06,1.0
0000882291,AEMD,2024-11-13,0,4.27936659508846e-06,1.0
0000882291,AEMD,2024-11-14,0,7.08127767223535e-05,1.0
0000882291,AEMD,2024-11-15,0,7.08127767223535e-05,1.0
0000882291,AEMD,2024-11-18,0,7.05804339188468e-05,1.0
0000882291,AEMD,2024-11-19,0,7.05804339188468e-05,1.0
0000882291,AEMD,2024-11-20,0,7.05804339188468e-05,1.0
0000882291,AEMD,2024-11-21,0,7.05804339188468e-05,1.0
0000882291,AEMD,2024-11-22,0,7.05804339188468e-05,1.0
0000882291,AEMD,2024-11-25,0,7.05804339188468e-05,1.0
0000882291,AEMD,2024-11-26,0,7.05804339188468e-05,1.0
0000882291,AEMD,2024-11-27,0,7.05804339188468e-05,1.0
0000882291,AEMD,2024-11-28,0,7.05804339188468e-05,1.0
0000882291,AEMD,2024-11-29,0,7.05804339188468e-05,1.0
0000882291,AEMD,2024-12-02,0,7.05804339188468e-05,1.0
0000882291,AEMD,2024-12-03,0,7.05804339188468e-05,1.0
0000882291,AEMD,2024-12-04,0,7.05804339188468e-05,1.0
0000882291,AEMD,2024-12-05,0,7.05804339188468e-05,1.0
0000882291,AEMD,2024-12-06,0,7.05804339188468e-05,1.0
0000882291,AEMD,2024-12-09,0,7.05804339188468e-05,1.0
0000882291,AEMD,2024-12-10,0,7.05804339188468e-05,1.0
0000882291,AEMD,2024-12-11,0,7.05804339188468e-05,1.0
0000882291,AEMD,2024-12-12,0,7.05804339188468e-05,1.0
0000882291,AEMD,2024-12-13,0,7.05804339188468e-05,1.0
0000882291,AEMD,2024-12-16,0,6.415245547232756e-05,1.0
0000882291,AEMD,2024-12-17,0,6.415245547232756e-05,1.0
0000882291,AEMD,2024-12-18,0,6.415245547232756e-05,1.0
0000882291,AEMD,2024-12-19,0,6.415245547232756e-05,1.0
0000882291,AEMD,2024-12-20,0,6.415245547232756e-05,1.0
0000882291,AEMD,2024-12-23,0,6.415245547232756e-05,1.0
0000882291,AEMD,2024-12-24,0,6.415245547232756e-05,1.0
0000882291,AEMD,2024-12-25,0,5.463574313135011e-05,1.0
0000882291,AEMD,2024-12-26,0,5.463574313135011e-05,1.0
0000882291,AEMD,2024-12-27,0,5.463574313135011e-05,1.0
0000882291,AEMD,2024-12-30,0,5.463574313135011e-05,1.0
0000882291,AEMD,2024-12-31,0,5.463574313135011e-05,1.0
0000882291,AEMD,2025-01-01,0,8.054445930273787e-05,1.0
0000882291,AEMD,2025-01-02,0,8.054445930273787e-05,1.0
0000882291,AEMD,2025-01-03,0,8.054445930273787e-05,1.0
0000882291,AEMD,2025-01-06,0,8.054445930273787e-05,1.0
0000882291,AEMD,2025-01-07,0,8.054445930273787e-05,1.0
0000882291,AEMD,2025-01-08,0,8.054445930273787e-05,1.0
0000882291,AEMD,2025-01-09,0,8.054445930273787e-05,1.0
0000882291,AEMD,2025-01-10,0,8.054445930273787e-05,1.0
0000882291,AEMD,2025-01-13,0,8.054445930273787e-05,1.0
0000882291,AEMD,2025-01-14,0,8.054445930273787e-05,1.0
0000882291,AEMD,2025-01-15,0,8.054445930273787e-05,1.0
0000882291,AEMD,2025-01-16,0,8.054445930273787e-05,1.0
0000882291,AEMD,2025-01-17,0,8.054445930273787e-05,1.0
0000882291,AEMD,2025-01-20,0,8.054445930273787e-05,1.0
0000882291,AEMD,2025-01-21,0,8.054445930273787e-05,1.0
0000882291,AEMD,2025-01-22,0,8.054445930273787e-05,1.0
0000882291,AEMD,2025-01-23,0,8.054445930273787e-05,1.0
0000882291,AEMD,2025-01-24,0,8.054445930273787e-05,1.0
0000882291,AEMD,2025-01-27,0,8.054445930273787e-05,1.0
0000882291,AEMD,2025-01-28,0,8.054445930273787e-05,1.0
0000882291,AEMD,2025-01-29,0,8.054445930273787e-05,1.0
0000882291,AEMD,2025-01-30,0,8.054445930273787e-05,1.0
0000882291,AEMD,2025-01-31,0,8.054445930273787e-05,1.0
0000882291,AEMD,2025-02-03,0,8.054445930273787e-05,1.0
0000882291,AEMD,2025-02-04,0,8.054445930273787e-05,1.0
0000882291,AEMD,2025-02-05,0,8.054445930273787e-05,1.0
0000882291,AEMD,2025-02-06,0,8.054445930273787e-05,1.0
0000882291,AEMD,2025-02-07,0,8.054445930273787e-05,1.0
0000882291,AEMD,2025-02-10,0,8.054445930273787e-05,1.0
0000882291,AEMD,2025-02-11,0,7.975424533074028e-05,1.0
0000882291,AEMD,2025-02-12,0,5.236544445684995e-05,1.0
0000882291,AEMD,2025-02-13,0,4.686264679466408e-05,1.0
0000882291,AEMD,2025-02-14,0,4.686264679466408e-05,1.0
0000882291,AEMD,2025-02-17,0,4.686264679466408e-05,1.0
0000882291,AEMD,2025-02-18,0,4.686264679466408e-05,1.0
0000882291,AEMD,2025-02-19,0,4.686264679466408e-05,1.0
0000882291,AEMD,2025-02-20,0,4.686264679466408e-05,1.0
0000882291,AEMD,2025-02-21,0,4.686264679466408e-05,1.0
0000882291,AEMD,2025-02-24,0,4.686264679466408e-05,1.0
0000882291,AEMD,2025-02-25,0,4.686264679466408e-05,1.0
0000882291,AEMD,2025-02-26,0,4.686264679466408e-05,1.0
0000882291,AEMD,2025-02-27,0,4.686264679466408e-05,1.0
0000882291,AEMD,2025-02-28,0,4.686264679466408e-05,1.0
0000882291,AEMD,2025-03-03,0,4.686264679466408e-05,1.0
0000882291,AEMD,2025-03-04,0,4.686264679466408e-05,1.0
0000882291,AEMD,2025-03-05,0,4.686264679466408e-05,1.0
0000882291,AEMD,2025-03-06,0,4.686264679466408e-05,1.0
0000882291,AEMD,2025-03-07,0,4.686264679466408e-05,1.0
0000882291,AEMD,2025-03-10,0,4.686264679466408e-05,1.0
0000882291,AEMD,2025-03-11,0,4.686264679466408e-05,1.0
0000882291,AEMD,2025-03-12,0,4.686264679466408e-05,1.0
0000882291,AEMD,2025-03-13,0,4.686264679466408e-05,1.0
0000882291,AEMD,2025-03-14,0,4.686264679466408e-05,1.0
0000882291,AEMD,2025-03-17,0,3.2186043927089464e-05,1.0
0000882291,AEMD,2025-03-18,0,3.2186043927089464e-05,1.0
0000882291,AEMD,2025-03-19,0,3.2186043927089464e-05,1.0
0000882291,AEMD,2025-03-20,0,3.2186043927089464e-05,1.0
0000882291,AEMD,2025-03-21,0,3.2186043927089464e-05,1.0
0000882291,AEMD,2025-03-24,0,3.2186043927089464e-05,1.0
0000882291,AEMD,2025-03-25,0,3.2186043927089464e-05,1.0
0000882291,AEMD,2025-03-26,0,3.2186043927089464e-05,1.0
0000882291,AEMD,2025-03-27,0,3.2186043927089464e-05,1.0
0000882291,AEMD,2025-03-28,0,3.2186043927089464e-05,1.0
0000882291,AEMD,2025-03-31,0,3.2186043927089464e-05,1.0
0000882291,AEMD,2025-04-01,0,3.3533118550911654e-05,1.0
0000882291,AEMD,2025-04-02,0,3.3533118550911654e-05,1.0
0000882291,AEMD,2025-04-03,0,3.3533118550911654e-05,1.0
0000882291,AEMD,2025-04-04,0,3.3533118550911654e-05,1.0
0000882291,AEMD,2025-04-07,0,3.3533118550911654e-05,1.0
0000882291,AEMD,2025-04-08,0,3.268733935928845e-05,1.0
0000882291,AEMD,2025-04-09,0,3.268733935928845e-05,1.0
0000882291,AEMD,2025-04-10,0,3.268733935928845e-05,1.0
0000882291,AEMD,2025-04-11,0,3.268733935928845e-05,1.0
0000882291,AEMD,2025-04-14,0,3.268733935928845e-05,1.0
0000882291,AEMD,2025-04-15,0,3.268733935928845e-05,1.0
0000882291,AEMD,2025-04-16,0,3.5725075355899466e-05,1.0
0000882291,AEMD,2025-04-17,0,3.5725075355899466e-05,1.0
0000882291,AEMD,2025-04-18,0,1.873386816156499e-05,1.0
0000882291,AEMD,2025-04-21,0,1.873386816156499e-05,1.0
0000882291,AEMD,2025-04-22,0,1.873386816156499e-05,1.0
0000882291,AEMD,2025-04-23,0,1.873386816156499e-05,1.0
0000882291,AEMD,2025-04-24,0,1.873386816156499e-05,1.0
0000882291,AEMD,2025-04-25,0,1.873386816156499e-05,1.0
0000882291,AEMD,2025-04-28,0,1.873386816156499e-05,1.0
0000882291,AEMD,2025-04-29,0,1.873386816156499e-05,1.0
0000882291,AEMD,2025-04-30,0,1.873386816156499e-05,1.0
0000882291,AEMD,2025-05-01,0,1.873386816156499e-05,1.0
0000882291,AEMD,2025-05-02,0,1.873386816156499e-05,1.0
0000882291,AEMD,2025-05-05,0,1.873386816156499e-05,1.0
0000882291,AEMD,2025-05-06,0,1.873386816156499e-05,1.0
0000882291,AEMD,2025-05-07,0,1.873386816156499e-05,1.0
0000882291,AEMD,2025-05-08,0,1.5482688597074965e-05,1.0
0000882291,AEMD,2025-05-09,0,1.5482688597074965e-05,1.0
0000882291,AEMD,2025-05-12,0,1.5482688597074965e-05,1.0
0000882291,AEMD,2025-05-13,0,1.5482688597074965e-05,1.0
0000882291,AEMD,2025-05-14,0,1.5273420005847573e-05,1.0
0000882291,AEMD,2025-05-15,0,1.6920821332136296e-05,1.0
0000882291,AEMD,2025-05-16,0,1.6920821332136296e-05,1.0
0000882291,AEMD,2025-05-19,0,8.376387964188703e-06,1.0
0000882291,AEMD,2025-05-20,0,8.376387964188703e-06,1.0
0000882291,AEMD,2025-05-21,0,8.376387964188703e-06,1.0
0000882291,AEMD,2025-05-22,0,8.376387964188703e-06,1.0
0000882291,AEMD,2025-05-23,0,8.376387964188703e-06,1.0
0000882291,AEMD,2025-05-26,0,8.376387964188703e-06,1.0
0000882291,AEMD,2025-05-27,0,8.376387964188703e-06,1.0
0000882291,AEMD,2025-05-28,0,8.376387964188703e-06,1.0
0000882291,AEMD,2025-05-29,0,8.376387964188703e-06,1.0
0000882291,AEMD,2025-05-30,0,8.376387964188703e-06,1.0
0000882291,AEMD,2025-06-02,0,8.376387964188703e-06,1.0
0000882291,AEMD,2025-06-03,0,8.376387964188703e-06,1.0
0000882291,AEMD,2025-06-04,0,8.376387964188703e-06,1.0
0000882291,AEMD,2025-06-05,0,8.376387964188703e-06,1.0
0000882291,AEMD,2025-06-06,0,8.376387964188703e-06,1.0
0000882291,AEMD,2025-06-09,0,8.376387964188703e-06,1.0
0000882291,AEMD,2025-06-10,0,8.376387964188703e-06,1.0
0000882291,AEMD,2025-06-11,0,8.376387964188703e-06,1.0
0000882291,AEMD,2025-06-12,0,8.376387964188703e-06,1.0
0000882291,AEMD,2025-06-13,0,7.761888831373524e-06,1.0
0000882291,AEMD,2025-06-16,0,1.001554748632734e-05,1.0
0000882291,AEMD,2025-06-17,0,1.001554748632734e-05,1.0
0000882291,AEMD,2025-06-18,0,1.001554748632734e-05,1.0
0000882291,AEMD,2025-06-19,0,1.001554748632734e-05,1.0
0000882291,AEMD,2025-06-20,0,1.001554748632734e-05,1.0
0000882291,AEMD,2025-06-23,0,1.001554748632734e-05,1.0
0000882291,AEMD,2025-06-24,0,1.001554748632734e-05,1.0
0000882291,AEMD,2025-06-25,0,1.001554748632734e-05,1.0
0000882291,AEMD,2025-06-26,0,1.001554748632734e-05,1.0
0000882291,AEMD,2025-06-27,0,1.6950536484154244e-06,1.0
0000882291,AEMD,2025-06-30,0,1.6950536484154244e-06,1.0
0000882291,AEMD,2025-07-01,0,1.6950536484154244e-06,1.0
0000882291,AEMD,2025-07-02,0,1.6950536484154244e-06,1.0
0000882291,AEMD,2025-07-03,0,1.6950536484154244e-06,1.0
0000882291,AEMD,2025-07-04,0,1.6950536484154244e-06,1.0
0000882291,AEMD,2025-07-07,0,4.123021197308567e-06,1.0
0000882291,AEMD,2025-07-08,0,4.123021197308567e-06,1.0
0000882291,AEMD,2025-07-09,0,4.123021197308567e-06,1.0
0000882291,AEMD,2025-07-10,0,4.123021197308567e-06,1.0
0000882291,AEMD,2025-07-11,0,4.123021197308567e-06,1.0
0000882291,AEMD,2025-07-14,0,4.123021197308567e-06,1.0
0000882291,AEMD,2025-07-15,0,4.123021197308567e-06,1.0
0000882291,AEMD,2025-07-16,0,4.123021197308567e-06,1.0
0000882291,AEMD,2025-07-17,0,1.0028735485502902e-05,1.0
0000882291,AEMD,2025-07-18,0,1.0028735485502902e-05,1.0
0000882291,AEMD,2025-07-21,0,1.0028735485502902e-05,1.0
0000882291,AEMD,2025-07-22,0,1.0028735485502902e-05,1.0
0000882291,AEMD,2025-07-23,0,1.0028735485502902e-05,1.0
0000882291,AEMD,2025-07-24,0,1.0028735485502902e-05,1.0
0000882291,AEMD,2025-07-25,0,1.0028735485502902e-05,1.0
0000882291,AEMD,2025-07-28,0,2.1388437358915633e-06,1.0
0000882291,AEMD,2025-07-29,0,2.1388437358915633e-06,1.0
0000882291,AEMD,2025-07-30,0,2.1388437358915633e-06,1.0
0000882291,AEMD,2025-07-31,0,2.1388437358915633e-06,1.0
0000882291,AEMD,2025-08-01,0,2.1388437358915633e-06,1.0
0000882291,AEMD,2025-08-04,0,2.1388437358915633e-06,1.0
0000882291,AEMD,2025-08-05,0,2.1388437358915633e-06,1.0
0000882291,AEMD,2025-08-06,0,2.1388437358915633e-06,1.0
0000882291,AEMD,2025-08-07,0,2.1388437358915633e-06,1.0
0000882291,AEMD,2025-08-08,0,2.1388437358915633e-06,1.0
0000882291,AEMD,2025-08-11,0,2.1388437358915633e-06,1.0
0000882291,AEMD,2025-08-12,0,2.1517700870548533e-06,1.0
0000882291,AEMD,2025-08-13,0,2.131825098638263e-06,1.0
0000882291,AEMD,2025-08-14,0,2.1917578825086516e-06,1.0
0000882291,AEMD,2025-08-15,0,2.1917578825086516e-06,1.0
0000882291,AEMD,2025-08-18,0,2.1917578825086516e-06,1.0
0000882291,AEMD,2025-08-19,0,2.1917578825086516e-06,1.0
0000882291,AEMD,2025-08-20,0,2.1917578825086516e-06,1.0
0000882291,AEMD,2025-08-21,0,0.00025565296980013347,1.0
0000882291,AEMD,2025-08-22,0,0.00025565296980013347,1.0
0000882291,AEMD,2025-08-25,0,0.00025565296980013347,1.0
0000882291,AEMD,2025-08-26,0,0.00025565296980013347,1.0
0000882291,AEMD,2025-08-27,0,0.00025565296980013347,1.0
0000882291,AEMD,2025-08-28,0,0.00025565296980013347,1.0
0000882291,AEMD,2025-08-29,0,0.00025565296980013347,1.0
0000882291,AEMD,2025-09-01,0,0.00025565296980013347,1.0
0000882291,AEMD,2025-09-02,0,0.00025565296980013347,1.0
0000882291,AEMD,2025-09-03,0,0.00025565296980013347,1.0
0000882291,AEMD,2025-09-04,0,0.00025565296980013347,1.0
0000882291,AEMD,2025-09-05,0,0.00025565296980013347,1.0
0000882291,AEMD,2025-09-08,0,0.00025565296980013347,1.0
0000882291,AEMD,2025-09-09,0,0.00025565296980013347,1.0
0000882291,AEMD,2025-09-10,0,0.00022232685234844284,1.0
0000882291,AEMD,2025-09-11,0,0.00022232685234844284,1.0
0000882291,AEMD,2025-09-12,0,0.00022232685234844284,1.0
0000882291,AEMD,2025-09-15,0,0.00022276076430386422,1.0
0000882291,AEMD,2025-09-16,0,0.00022276076430386422,1.0
0000882291,AEMD,2025-09-17,0,0.00022276076430386422,1.0
0000882291,AEMD,2025-09-18,0,0.00022276076430386422,1.0
0000882291,AEMD,2025-09-19,0,0.00022276076430386422,1.0
0000882291,AEMD,2025-09-22,0,0.0002664739248310938,1.0
0000882291,AEMD,2025-09-23,0,0.0002664739248310938,1.0
0000882291,AEMD,2025-09-24,0,0.0002664739248310938,1.0
0000882291,AEMD,2025-09-25,0,0.004106635684804922,1.0
0000882291,AEMD,2025-09-26,0,0.004106635684804922,1.0
0000882291,AEMD,2025-09-29,0,0.004106635684804922,1.0
0000882291,AEMD,2025-09-30,0,0.004106635684804922,1.0
0000882291,AEMD,2025-10-01,0,0.004106635684804922,1.0
0000882291,AEMD,2025-10-02,0,0.004106635684804922,1.0
0000882291,AEMD,2025-10-03,0,0.004106635684804922,1.0
0000882291,AEMD,2025-10-06,0,0.003896612727040761,1.0
0000882291,AEMD,2025-10-07,0,0.003896612727040761,1.0
0000882291,AEMD,2025-10-08,0,0.003896612727040761,1.0
0000882291,AEMD,2025-10-09,0,0.003896612727040761,1.0
0000882291,AEMD,2025-10-10,0,0.0031513491338844087,1.0
0000882291,AEMD,2025-10-13,0,0.0031513491338844087,1.0
0000882291,AEMD,2025-10-14,0,0.0031513491338844087,1.0
0000882291,AEMD,2025-10-15,0,0.0029900350832485307,1.0
0000882291,AEMD,2025-10-16,0,0.0029900350832485307,1.0
0000882291,AEMD,2025-10-17,0,0.0029900350832485307,1.0
0000882291,AEMD,2025-10-20,0,0.0029900350832485307,1.0
0000882291,AEMD,2025-10-21,0,0.0029900350832485307,1.0
0000882291,AEMD,2025-10-22,0,0.0029900350832485307,1.0
0000882291,AEMD,2025-10-23,0,0.0029900350832485307,1.0
0000882291,AEMD,2025-10-24,0,0.0029900350832485307,1.0
0000882291,AEMD,2025-10-27,0,0.0029900350832485307,1.0
0000882291,AEMD,2025-10-28,0,0.0029900350832485307,1.0
0000882291,AEMD,2025-10-29,0,0.0029900350832485307,1.0
0000882291,AEMD,2025-10-30,0,0.0029900350832485307,1.0
0000882291,AEMD,2025-10-31,0,0.0029900350832485307,1.0
0000882291,AEMD,2025-11-03,0,0.0029900350832485307,1.0
0000882291,AEMD,2025-11-04,0,0.0029900350832485307,1.0
0000882291,AEMD,2025-11-05,0,0.0029900350832485307,1.0
0000882291,AEMD,2025-11-06,0,0.0029900350832485307,1.0
0000882291,AEMD,2025-11-07,0,0.0029900350832485307,1.0
0000882291,AEMD,2025-11-10,0,0.002988402527354755,1.0
0000882291,AEMD,2025-11-11,0,0.002988402527354755,1.0
0000882291,AEMD,2025-11-12,0,0.0031925311019771092,1.0
0000882291,AEMD,2025-11-13,0,0.003198734808821416,1.0
0000882291,AEMD,2025-11-14,0,0.003198734808821416,1.0
0000882291,AEMD,2025-11-17,0,0.003198734808821416,1.0
0000882291,AEMD,2025-11-18,0,0.003198734808821416,1.0
0000882291,AEMD,2025-11-19,0,0.00022312634498281313,1.0
0000882291,AEMD,2025-11-20,0,0.00022312634498281313,1.0
0000882291,AEMD,2025-11-21,0,0.00022312634498281313,1.0
0000882291,AEMD,2025-11-24,0,0.00022312634498281313,1.0
0000882291,AEMD,2025-11-25,0,0.00022312634498281313,1.0
0000882291,AEMD,2025-11-26,0,0.00022312634498281313,1.0
0000882291,AEMD,2025-11-27,0,0.00022312634498281313,1.0
0000882291,AEMD,2025-11-28,0,0.00022312634498281313,1.0
0000882291,AEMD,2025-12-01,0,0.00022312634498281313,1.0
0000882291,AEMD,2025-12-02,0,0.00022312634498281313,1.0
0000882291,AEMD,2025-12-03,0,0.00022312634498281313,1.0
0000882291,AEMD,2025-12-04,0,0.00022312634498281313,1.0
0000882291,AEMD,2025-12-05,0,0.00022312634498281313,1.0
0000882291,AEMD,2025-12-08,0,0.0001718132125669505,1.0
0000882291,AEMD,2025-12-09,0,0.00019238100126360715,1.0
0000882291,AEMD,2025-12-10,0,0.00019238100126360715,1.0
0000882291,AEMD,2025-12-11,0,0.00019238100126360715,1.0
0000882291,AEMD,2025-12-12,0,0.00019238100126360715,1.0
0000882291,AEMD,2025-12-15,0,0.00018847583034250289,1.0
0000882291,AEMD,2025-12-16,0,0.00018847583034250289,1.0
0000882291,AEMD,2025-12-17,0,0.00018847583034250289,1.0
0000882291,AEMD,2025-12-18,0,0.00018847583034250289,1.0
0000882291,AEMD,2025-12-19,0,0.00018847583034250289,1.0
0000882291,AEMD,2025-12-22,0,0.00018847583034250289,1.0
0000882291,AEMD,2025-12-23,0,0.00013310943087058833,1.0
0000882291,AEMD,2025-12-24,0,0.00012302182931366547,1.0
0000882291,AEMD,2025-12-25,0,0.00012302182931366547,1.0
0000882291,AEMD,2025-12-26,0,0.00012302182931366547,1.0
0000882291,AEMD,2025-12-29,0,0.00012302182931366547,1.0
0000882291,AEMD,2025-12-30,0,0.00012302182931366547,1.0
0000882291,AEMD,2025-12-31,0,0.00012302182931366547,1.0
0000882291,AEMD,2026-01-01,0,0.00012302182931366547,1.0
0000882291,AEMD,2026-01-02,0,0.00012302182931366547,1.0
0000882291,AEMD,2026-01-05,0,0.00012302182931366547,1.0
0000882291,AEMD,2026-01-06,0,0.00012302182931366547,1.0
0000882291,AEMD,2026-01-07,0,0.00012250434689926033,1.0
0000882291,AEMD,2026-01-08,0,5.689428752567787e-05,1.0
0000882291,AEMD,2026-01-09,0,5.689428752567787e-05,1.0
0000882291,AEMD,2026-01-12,0,5.689428752567787e-05,1.0
0000882291,AEMD,2026-01-13,0,5.689428752567787e-05,1.0
0000882291,AEMD,2026-01-14,0,5.689428752567787e-05,1.0
0000882291,AEMD,2026-01-15,0,5.689428752567787e-05,1.0
0000882291,AEMD,2026-01-16,0,5.689428752567787e-05,1.0
0000882291,AEMD,2026-01-19,0,0.0009321335537789577,1.0
0000882291,AEMD,2026-01-20,0,0.0009321335537789577,1.0
0000882291,AEMD,2026-01-21,0,0.0009321335537789577,1.0
0000882291,AEMD,2026-01-22,0,0.0008272907045495451,1.0
0000882291,AEMD,2026-01-23,0,0.0008272907045495451,1.0
0000882291,AEMD,2026-01-26,0,0.0008272907045495451,1.0
0000882291,AEMD,2026-01-27,0,0.0007319639023782678,1.0
0000882291,AEMD,2026-01-28,0,0.0007319639023782678,1.0
0000882291,AEMD,2026-01-29,0,0.0007319639023782678,1.0
0000882291,AEMD,2026-01-30,0,0.0007319639023782678,1.0
0000882291,AEMD,2026-02-02,0,0.0007319639023782678,1.0
0000882291,AEMD,2026-02-03,0,0.0007319639023782678,1.0
0000882291,AEMD,2026-02-04,0,0.0007319639023782678,1.0
0000882291,AEMD,2026-02-05,0,0.0007319639023782678,1.0
0000882291,AEMD,2026-02-06,0,0.0007319639023782678,1.0
0000882291,AEMD,2026-02-09,0,0.0006408821763808576,1.0
0000882291,AEMD,2026-02-10,0,0.0006370345149903242,1.0
0000882291,AEMD,2026-02-11,0,0.0007056981577004578,1.0
0000882291,AEMD,2026-02-12,0,0.0007056981577004578,1.0
0000882291,AEMD,2026-02-13,0,0.0006124712879923622,1.0
0000882291,AEMD,2026-02-16,0,0.0006124712879923622,1.0
0000882291,AEMD,2026-02-17,0,0.00023023023085551065,1.0
0000882291,AEMD,2026-02-18,0,3.901015839860011e-06,1.0
0000882291,AEMD,2026-02-19,0,3.901015839860011e-06,1.0
0000882291,AEMD,2026-02-20,0,3.901015839860011e-06,1.0
0000882291,AEMD,2026-02-23,0,3.901015839860011e-06,1.0
0000882291,AEMD,2026-02-24,0,3.884291812211058e-06,1.0
0000882291,AEMD,2026-02-25,0,3.884291812211058e-06,1.0
0000882291,AEMD,2026-02-26,0,3.3998377938932282e-06,1.0
0000882291,AEMD,2026-02-27,0,3.3998377938932282e-06,1.0
0000882291,AEMD,2026-03-02,0,3.3998377938932282e-06,1.0
0000882291,AEMD,2026-03-03,0,3.3998377938932282e-06,1.0
0000882291,AEMD,2026-03-04,0,3.3998377938932282e-06,1.0
0000882291,AEMD,2026-03-05,0,3.3998377938932282e-06,1.0
0000882291,AEMD,2026-03-06,0,3.3998377938932282e-06,1.0
0000882291,AEMD,2026-03-09,0,4.814060775586676e-06,1.0
0000882291,AEMD,2026-03-10,0,4.814060775586676e-06,1.0
0000882291,AEMD,2026-03-11,0,4.814060775586676e-06,1.0
0000882291,AEMD,2026-03-12,0,4.814060775586676e-06,1.0
0000882291,AEMD,2026-03-13,0,4.814060775586676e-06,1.0
0000882291,AEMD,2026-03-16,0,4.626144982413794e-06,1.0
0000882291,AEMD,2026-03-17,0,4.626144982413794e-06,1.0
0000882291,AEMD,2026-03-18,0,4.626144982413794e-06,1.0
0000882291,AEMD,2026-03-19,0,4.626144982413794e-06,1.0
0000882291,AEMD,2026-03-20,0,4.626144982413794e-06,1.0
0000882291,AEMD,2026-03-23,0,4.626144982413794e-06,1.0
0000882291,AEMD,2026-03-24,0,7.3073533492398134e-06,1.0
0000882291,AEMD,2026-03-25,0,7.3073533492398134e-06,1.0
0000882291,AEMD,2026-03-26,0,7.3073533492398134e-06,1.0
0000882291,AEMD,2026-03-27,0,6.77127899789517e-06,1.0
0000882291,AEMD,2026-03-30,0,6.77127899789517e-06,1.0
0000882291,AEMD,2026-03-31,0,6.77127899789517e-06,1.0
0000882291,AEMD,2026-04-01,0,6.77127899789517e-06,1.0
0000882291,AEMD,2026-04-02,0,6.77127899789517e-06,1.0
0000882291,AEMD,2026-04-03,0,6.77127899789517e-06,1.0
0000882291,AEMD,2026-04-06,0,6.77127899789517e-06,1.0
0000882291,AEMD,2026-04-07,0,6.77127899789517e-06,1.0
0000882291,AEMD,2026-04-08,0,6.77127899789517e-06,1.0
0000882291,AEMD,2026-04-09,0,1.8234525142445817e-05,1.0
0000882291,AEMD,2026-04-10,0,1.8234525142445817e-05,1.0
0000882291,AEMD,2026-04-13,0,1.8234525142445817e-05,1.0
0000882291,AEMD,2026-04-14,0,1.8234525142445817e-05,1.0
0000882291,AEMD,2026-04-15,0,1.8234525142445817e-05,1.0
0000882291,AEMD,2026-04-16,0,1.8234525142445817e-05,1.0
0000882291,AEMD,2026-04-17,0,1.8234525142445817e-05,1.0
0000882291,AEMD,2026-04-20,0,0.00013728058456649516,1.0
0000882291,AEMD,2026-04-21,0,0.00013728058456649516,1.0
0000882291,AEMD,2026-04-22,0,0.00013728058456649516,1.0
0000882291,AEMD,2026-04-23,0,0.00013728058456649516,1.0
0000882291,AEMD,2026-04-24,0,0.00013728058456649516,1.0
0000882291,AEMD,2026-04-27,0,0.00013728058456649516,1.0
0000882291,AEMD,2026-04-28,0,0.00015706285210747764,1.0
0000882291,AEMD,2026-04-29,0,0.00015706285210747764,1.0
0000882291,AEMD,2026-04-30,0,0.00015706285210747764,1.0
0000882291,AEMD,2026-05-01,0,0.00015706285210747764,1.0
0000882291,AEMD,2026-05-04,0,0.00015706285210747764,1.0
0000882291,AEMD,2026-05-05,0,0.00015706285210747764,1.0
0000882291,AEMD,2026-05-06,0,0.00015706285210747764,1.0
0000882291,AEMD,2026-05-07,0,0.00015706285210747764,1.0
0000882291,AEMD,2026-05-08,0,0.00015706285210747764,1.0
0000882291,AEMD,2026-05-11,0,0.00015706285210747764,1.0
0000882291,AEMD,2026-05-12,0,0.00015706285210747764,1.0
0000882291,AEMD,2026-05-13,0,0.00015560724307001053,1.0
0000882291,AEMD,2026-05-14,0,0.00015560724307001053,1.0
0000882291,AEMD,2026-05-15,0,0.00018983218555567886,1.0
0000882291,AEMD,2026-05-18,0,0.00018983218555567886,1.0
0000882291,AEMD,2026-05-19,0,0.00018983218555567886,1.0
0000882291,AEMD,2026-05-20,0,0.00018983218555567886,1.0
0000882291,AEMD,2026-05-21,0,0.00018983218555567886,1.0
0000882291,AEMD,2026-05-22,0,0.00018983218555567886,1.0
0000882291,AEMD,2026-05-25,0,0.00018983218555567886,1.0
0000882291,AEMD,2026-05-26,0,0.00021381709119370343,1.0
0000882291,AEMD,2026-05-27,0,0.00021381709119370343,1.0
0000882291,AEMD,2026-05-28,0,0.00021381709119370343,1.0
0000882291,AEMD,2026-05-29,0,0.00021381709119370343,1.0
0000882291,AEMD,2026-06-01,0,0.00021381709119370343,1.0
0000882291,AEMD,2026-06-02,0,0.00021381709119370343,1.0
0000882291,AEMD,2026-06-03,0,0.00021381709119370343,1.0
0000882291,AEMD,2026-06-04,0,0.00021381709119370343,1.0
0000882291,AEMD,2026-06-05,0,0.00021381709119370343,1.0
0000882291,AEMD,2026-06-08,0,0.00021531999769223818,1.0
0000882291,AEMD,2026-06-09,0,0.00021531999769223818,1.0
0000882291,AEMD,2026-06-10,0,0.00021531999769223818,1.0
0000882291,AEMD,2026-06-11,0,1.9426796671121367e-06,1.0
0000882291,AEMD,2026-06-12,0,1.9426796671121367e-06,1.0
0000882291,AEMD,2026-06-15,0,1.9426796671121367e-06,1.0
0000882291,AEMD,2026-06-16,0,1.9426796671121367e-06,1.0
0000882291,AEMD,2026-06-17,0,1.9426796671121367e-06,1.0
0000882291,AEMD,2026-06-18,0,1.9426796671121367e-06,1.0
0000882291,AEMD,2026-06-19,0,1.9426796671121367e-06,1.0
0000882291,AEMD,2026-06-22,0,0.0001573373888725039,1.0
0000882291,AEMD,2026-06-23,0,0.0001573373888725039,1.0
0000882291,AEMD,2026-06-24,0,0.0001573373888725039,1.0
0000882291,AEMD,2026-06-25,0,0.0001573373888725039,1.0
0000882291,AEMD,2026-06-26,0,0.0001573373888725039,1.0
0000882291,AEMD,2026-06-29,0,0.0001573373888725039,1.0
0000882291,AEMD,2026-06-30,0,0.0001573373888725039,1.0
0000882291,AEMD,2026-07-01,0,0.0001573373888725039,1.0
0000882291,AEMD,2026-07-02,0,0.0001573373888725039,1.0
0000882291,AEMD,2026-07-03,0,0.0001573373888725039,1.0
0000882291,AEMD,2026-07-06,0,0.0001573373888725039,1.0
0000882291,AEMD,2026-07-07,0,0.0001573373888725039,1.0
0000882291,AEMD,2026-07-08,0,0.00013377282368337172,1.0
0000882291,AEMD,2026-07-09,0,0.00013377282368337172,1.0
0000882291,AEMD,2026-07-10,0,0.00013377282368337172,1.0
0000882291,AEMD,2026-07-13,0,9.523376352390624e-06,1.0
0000882291,AEMD,2026-07-14,0,9.523376352390624e-06,1.0
0000882291,AEMD,2026-07-15,0,9.523376352390624e-06,1.0
0000882291,AEMD,2026-07-16,0,9.523376352390624e-06,1.0
0000882291,AEMD,2026-07-17,0,9.523376352390624e-06,1.0
0000882291,AEMD,2026-07-20,0,6.6493183133744375e-06,1.0
0000882291,AEMD,2026-07-21,0,6.6493183133744375e-06,1.0
0000882291,AEMD,2026-07-22,0,7.878063895202736e-06,1.0
0000882291,AEMD,2026-07-23,0,7.878063895202736e-06,1.0
0000882291,AEMD,2026-07-24,0,7.878063895202736e-06,1.0
0000882291,AEMD,2026-07-27,0,7.915249050943639e-06,1.0
0000882291,AEMD,2026-07-28,0,7.915249050943639e-06,1.0
0000882291,AEMD,2026-07-29,0,7.915249050943639e-06,1.0
0000882291,AEMD,2026-07-30,0,7.915249050943639e-06,1.0
0000882291,AEMD,2026-07-31,0,7.915249050943639e-06,1.0
0000882291,AEMD,2026-08-03,0,7.915249050943639e-06,1.0
0000882291,AEMD,2026-08-04,0,7.915249050943639e-06,1.0
0000882291,AEMD,2026-08-05,0,7.915249050943639e-06,1.0
0000882291,AEMD,2026-08-06,0,7.915249050943639e-06,1.0
0000882291,AEMD,2026-08-07,0,6.381190254681179e-06,1.0
0000882291,AEMD,2026-08-10,0,6.381190254681179e-06,1.0
0000882291,AEMD,2026-08-11,0,6.381190254681179e-06,1.0
0000882291,AEMD,2026-08-12,0,6.381190254681179e-06,1.0
0000882291,AEMD,2026-08-13,0,6.266875054610595e-06,1.0
0000882291,AEMD,2026-08-14,0,6.668357378266845e-06,1.0
0000882291,AEMD,2026-08-17,0,6.668357378266845e-06,1.0
0000882291,AEMD,2026-08-18,0,6.668357378266845e-06,1.0
0000882291,AEMD,2026-08-19,0,6.668357378266845e-06,1.0
0000882291,AEMD,2026-08-20,0,6.668357378266845e-06,1.0
0000882291,AEMD,2026-08-21,0,6.668357378266845e-06,1.0
0000882291,AEMD,2026-08-24,0,0.0023947834079123577,1.0
0000882291,AEMD,2026-08-25,0,0.0023947834079123577,1.0
0000882291,AEMD,2026-08-26,0,0.0023947834079123577,1.0
0000882291,AEMD,2026-08-27,0,0.0023947834079123577,1.0
0000882291,AEMD,2026-08-28,0,0.0023947834079123577,1.0
0000882291,AEMD,2026-08-31,0,0.0023947834079123577,1.0
0000882291,AEMD,2026-09-01,0,0.3025066673214835,1.0
0000882291,AEMD,2026-09-02,0,0.3025066673214835,1.0
0000882291,AEMD,2026-09-03,0,0.3025066673214835,1.0
0000882291,AEMD,2026-09-04,0,0.3025066673214835,1.0
0000882291,AEMD,2026-09-07,0,0.3025066673214835,1.0
0000882291,AEMD,2026-09-08,0,0.3025066673214835,1.0
0000882291,AEMD,2026-09-09,0,0.9994539030725084,1.0
0000882291,AEMD,2026-09-10,1,0.9994539030725084,1.0
0000882291,AEMD,2026-09-11,1,0.9994539030725084,1.0
0000882291,AEMD,2026-09-14,1,0.9994519238416627,1.0
0000882291,AEMD,2026-09-15,1,0.9996072727959502,1.0
0000882291,AEMD,2026-09-16,1,0.9996072727959502,1.0
0000882291,AEMD,2026-09-17,0,0.17313585068996842,1.0
