cik,ticker,date,event_10d,predicted_probability_10d,rank
0000882291,AEMD,2001-07-30,0,1.828269233909703e-06,1.0
0000882291,AEMD,2001-07-31,0,1.828269233909703e-06,1.0
0000882291,AEMD,2001-08-01,0,1.828269233909703e-06,1.0
0000882291,AEMD,2001-08-02,0,1.828269233909703e-06,1.0
0000882291,AEMD,2001-08-03,0,1.828269233909703e-06,1.0
0000882291,AEMD,2001-08-06,0,1.828269233909703e-06,1.0
0000882291,AEMD,2001-08-07,0,1.828269233909703e-06,1.0
0000882291,AEMD,2001-08-08,0,1.828269233909703e-06,1.0
0000882291,AEMD,2001-08-09,0,1.828269233909703e-06,1.0
0000882291,AEMD,2001-08-10,0,1.828269233909703e-06,1.0
0000882291,AEMD,2001-08-13,0,1.828269233909703e-06,1.0
0000882291,AEMD,2001-08-14,0,1.828269233909703e-06,1.0
0000882291,AEMD,2001-08-15,0,1.828269233909703e-06,1.0
0000882291,AEMD,2001-08-16,0,1.828269233909703e-06,1.0
0000882291,AEMD,2001-08-17,0,1.828269233909703e-06,1.0
0000882291,AEMD,2001-08-20,0,1.828269233909703e-06,1.0
0000882291,AEMD,2001-08-21,0,1.828269233909703e-06,1.0
0000882291,AEMD,2001-08-22,0,1.828269233909703e-06,1.0
0000882291,AEMD,2001-08-23,0,1.828269233909703e-06,1.0
0000882291,AEMD,2001-08-24,0,1.828269233909703e-06,1.0
0000882291,AEMD,2001-08-27,0,1.828269233909703e-06,1.0
0000882291,AEMD,2001-08-28,0,1.828269233909703e-06,1.0
0000882291,AEMD,2001-08-29,0,8.673653655060102e-06,1.0
0000882291,AEMD,2001-08-30,0,8.673653655060102e-06,1.0
0000882291,AEMD,2001-08-31,0,8.673653655060102e-06,1.0
0000882291,AEMD,2001-09-03,0,8.673653655060102e-06,1.0
0000882291,AEMD,2001-09-04,0,8.673653655060102e-06,1.0
0000882291,AEMD,2001-09-05,0,8.673653655060102e-06,1.0
0000882291,AEMD,2001-09-06,0,8.673653655060102e-06,1.0
0000882291,AEMD,2001-09-07,0,8.673653655060102e-06,1.0
0000882291,AEMD,2001-09-10,0,8.673653655060102e-06,1.0
0000882291,AEMD,2001-09-11,0,8.673653655060102e-06,1.0
0000882291,AEMD,2001-09-12,0,8.673653655060102e-06,1.0
0000882291,AEMD,2001-09-13,0,8.673653655060102e-06,1.0
0000882291,AEMD,2001-09-14,0,8.673653655060102e-06,1.0
0000882291,AEMD,2001-09-17,0,8.673653655060102e-06,1.0
0000882291,AEMD,2001-09-18,0,8.673653655060102e-06,1.0
0000882291,AEMD,2001-09-19,0,8.673653655060102e-06,1.0
0000882291,AEMD,2001-09-20,0,8.673653655060102e-06,1.0
0000882291,AEMD,2001-09-21,0,8.673653655060102e-06,1.0
0000882291,AEMD,2001-09-24,0,8.673653655060102e-06,1.0
0000882291,AEMD,2001-09-25,0,8.673653655060102e-06,1.0
0000882291,AEMD,2001-09-26,0,8.673653655060102e-06,1.0
0000882291,AEMD,2001-09-27,0,8.673653655060102e-06,1.0
0000882291,AEMD,2001-09-28,0,8.673653655060102e-06,1.0
0000882291,AEMD,2001-10-01,0,8.673653655060102e-06,1.0
0000882291,AEMD,2001-10-02,0,8.673653655060102e-06,1.0
0000882291,AEMD,2001-10-03,0,8.673653655060102e-06,1.0
0000882291,AEMD,2001-10-04,0,8.673653655060102e-06,1.0
0000882291,AEMD,2001-10-05,0,8.673653655060102e-06,1.0
0000882291,AEMD,2001-10-08,0,8.673653655060102e-06,1.0
0000882291,AEMD,2001-10-09,0,8.673653655060102e-06,1.0
0000882291,AEMD,2001-10-10,0,8.673653655060102e-06,1.0
0000882291,AEMD,2001-10-11,0,8.673653655060102e-06,1.0
0000882291,AEMD,2001-10-12,0,8.673653655060102e-06,1.0
0000882291,AEMD,2001-10-15,0,8.673653655060102e-06,1.0
0000882291,AEMD,2001-10-16,0,8.673653655060102e-06,1.0
0000882291,AEMD,2001-10-17,0,8.673653655060102e-06,1.0
0000882291,AEMD,2001-10-18,0,8.673653655060102e-06,1.0
0000882291,AEMD,2001-10-19,0,8.673653655060102e-06,1.0
0000882291,AEMD,2001-10-22,0,8.673653655060102e-06,1.0
0000882291,AEMD,2001-10-23,0,8.673653655060102e-06,1.0
0000882291,AEMD,2001-10-24,0,8.673653655060102e-06,1.0
0000882291,AEMD,2001-10-25,0,8.673653655060102e-06,1.0
0000882291,AEMD,2001-10-26,0,8.673653655060102e-06,1.0
0000882291,AEMD,2001-10-29,0,1.1229030972083473e-05,1.0
0000882291,AEMD,2001-10-30,0,1.1229030972083473e-05,1.0
0000882291,AEMD,2001-10-31,0,1.1229030972083473e-05,1.0
0000882291,AEMD,2001-11-01,0,1.1229030972083473e-05,1.0
0000882291,AEMD,2001-11-02,0,1.1229030972083473e-05,1.0
0000882291,AEMD,2001-11-05,0,1.1229030972083473e-05,1.0
0000882291,AEMD,2001-11-06,0,1.1229030972083473e-05,1.0
0000882291,AEMD,2001-11-07,0,1.1229030972083473e-05,1.0
0000882291,AEMD,2001-11-08,0,1.1229030972083473e-05,1.0
0000882291,AEMD,2001-11-09,0,1.1229030972083473e-05,1.0
0000882291,AEMD,2001-11-12,0,1.1229030972083473e-05,1.0
0000882291,AEMD,2001-11-13,0,1.1229030972083473e-05,1.0
0000882291,AEMD,2001-11-14,0,1.1229030972083473e-05,1.0
0000882291,AEMD,2001-11-15,0,1.1229030972083473e-05,1.0
0000882291,AEMD,2001-11-16,0,1.1229030972083473e-05,1.0
0000882291,AEMD,2001-11-19,0,1.1229030972083473e-05,1.0
0000882291,AEMD,2001-11-20,0,1.1229030972083473e-05,1.0
0000882291,AEMD,2001-11-21,0,1.1229030972083473e-05,1.0
0000882291,AEMD,2001-11-22,0,1.1229030972083473e-05,1.0
0000882291,AEMD,2001-11-23,0,1.1229030972083473e-05,1.0
0000882291,AEMD,2001-11-26,0,1.1229030972083473e-05,1.0
0000882291,AEMD,2001-11-27,0,1.1229030972083473e-05,1.0
0000882291,AEMD,2001-11-28,0,1.1229030972083473e-05,1.0
0000882291,AEMD,2001-11-29,0,1.1229030972083473e-05,1.0
0000882291,AEMD,2001-11-30,0,1.1229030972083473e-05,1.0
0000882291,AEMD,2001-12-03,0,1.1229030972083473e-05,1.0
0000882291,AEMD,2001-12-04,0,1.1229030972083473e-05,1.0
0000882291,AEMD,2001-12-05,0,1.1229030972083473e-05,1.0
0000882291,AEMD,2001-12-06,0,1.1229030972083473e-05,1.0
0000882291,AEMD,2001-12-07,0,1.1229030972083473e-05,1.0
0000882291,AEMD,2001-12-10,0,1.1229030972083473e-05,1.0
0000882291,AEMD,2001-12-11,0,1.1229030972083473e-05,1.0
0000882291,AEMD,2001-12-12,0,1.1229030972083473e-05,1.0
0000882291,AEMD,2001-12-13,0,1.1229030972083473e-05,1.0
0000882291,AEMD,2001-12-14,0,1.1229030972083473e-05,1.0
0000882291,AEMD,2001-12-17,0,1.1229030972083473e-05,1.0
0000882291,AEMD,2001-12-18,0,1.1229030972083473e-05,1.0
0000882291,AEMD,2001-12-19,0,1.1229030972083473e-05,1.0
0000882291,AEMD,2001-12-20,0,1.1229030972083473e-05,1.0
0000882291,AEMD,2001-12-21,0,1.1229030972083473e-05,1.0
0000882291,AEMD,2001-12-24,0,1.1229030972083473e-05,1.0
0000882291,AEMD,2001-12-25,0,1.1229030972083473e-05,1.0
0000882291,AEMD,2001-12-26,0,1.1229030972083473e-05,1.0
0000882291,AEMD,2001-12-27,0,1.1229030972083473e-05,1.0
0000882291,AEMD,2001-12-28,0,1.1229030972083473e-05,1.0
0000882291,AEMD,2001-12-31,0,1.1229030972083473e-05,1.0
0000882291,AEMD,2002-01-01,0,1.1229030972083473e-05,1.0
0000882291,AEMD,2002-01-02,0,1.1229030972083473e-05,1.0
0000882291,AEMD,2002-01-03,0,1.1229030972083473e-05,1.0
0000882291,AEMD,2002-01-04,0,1.1229030972083473e-05,1.0
0000882291,AEMD,2002-01-07,0,1.1229030972083473e-05,1.0
0000882291,AEMD,2002-01-08,0,1.1229030972083473e-05,1.0
0000882291,AEMD,2002-01-09,0,1.1229030972083473e-05,1.0
0000882291,AEMD,2002-01-10,0,1.1229030972083473e-05,1.0
0000882291,AEMD,2002-01-11,0,1.1229030972083473e-05,1.0
0000882291,AEMD,2002-01-14,0,1.1229030972083473e-05,1.0
0000882291,AEMD,2002-01-15,0,1.1229030972083473e-05,1.0
0000882291,AEMD,2002-01-16,0,1.1229030972083473e-05,1.0
0000882291,AEMD,2002-01-17,0,1.1229030972083473e-05,1.0
0000882291,AEMD,2002-01-18,0,1.1229030972083473e-05,1.0
0000882291,AEMD,2002-01-21,0,1.1229030972083473e-05,1.0
0000882291,AEMD,2002-01-22,0,1.1229030972083473e-05,1.0
0000882291,AEMD,2002-01-23,0,1.1229030972083473e-05,1.0
0000882291,AEMD,2002-01-24,0,1.1229030972083473e-05,1.0
0000882291,AEMD,2002-01-25,0,1.1229030972083473e-05,1.0
0000882291,AEMD,2002-01-28,0,1.4865198765871301e-05,1.0
0000882291,AEMD,2002-01-29,0,1.4865198765871301e-05,1.0
0000882291,AEMD,2002-01-30,0,1.4865198765871301e-05,1.0
0000882291,AEMD,2002-01-31,0,1.4865198765871301e-05,1.0
0000882291,AEMD,2002-02-01,0,1.4865198765871301e-05,1.0
0000882291,AEMD,2002-02-04,0,1.4865198765871301e-05,1.0
0000882291,AEMD,2002-02-05,0,1.4865198765871301e-05,1.0
0000882291,AEMD,2002-02-06,0,1.4865198765871301e-05,1.0
0000882291,AEMD,2002-02-07,0,1.4865198765871301e-05,1.0
0000882291,AEMD,2002-02-08,0,1.4865198765871301e-05,1.0
0000882291,AEMD,2002-02-11,0,1.4865198765871301e-05,1.0
0000882291,AEMD,2002-02-12,0,1.4865198765871301e-05,1.0
0000882291,AEMD,2002-02-13,0,1.4865198765871301e-05,1.0
0000882291,AEMD,2002-02-14,0,1.4865198765871301e-05,1.0
0000882291,AEMD,2002-02-15,0,1.4865198765871301e-05,1.0
0000882291,AEMD,2002-02-18,0,1.4865198765871301e-05,1.0
0000882291,AEMD,2002-02-19,0,1.4865198765871301e-05,1.0
0000882291,AEMD,2002-02-20,0,1.4865198765871301e-05,1.0
0000882291,AEMD,2002-02-21,0,1.4865198765871301e-05,1.0
0000882291,AEMD,2002-02-22,0,1.4865198765871301e-05,1.0
0000882291,AEMD,2002-02-25,0,1.4865198765871301e-05,1.0
0000882291,AEMD,2002-02-26,0,1.4865198765871301e-05,1.0
0000882291,AEMD,2002-02-27,0,1.4865198765871301e-05,1.0
0000882291,AEMD,2002-02-28,0,1.4865198765871301e-05,1.0
0000882291,AEMD,2002-03-01,0,1.4865198765871301e-05,1.0
0000882291,AEMD,2002-03-04,0,1.4865198765871301e-05,1.0
0000882291,AEMD,2002-03-05,0,1.4865198765871301e-05,1.0
0000882291,AEMD,2002-03-06,0,1.4865198765871301e-05,1.0
0000882291,AEMD,2002-03-07,0,1.4865198765871301e-05,1.0
0000882291,AEMD,2002-03-08,0,1.4865198765871301e-05,1.0
0000882291,AEMD,2002-03-11,0,1.4865198765871301e-05,1.0
0000882291,AEMD,2002-03-12,0,1.4865198765871301e-05,1.0
0000882291,AEMD,2002-03-13,0,1.4865198765871301e-05,1.0
0000882291,AEMD,2002-03-14,0,1.4865198765871301e-05,1.0
0000882291,AEMD,2002-03-15,0,1.4865198765871301e-05,1.0
0000882291,AEMD,2002-03-18,0,1.4865198765871301e-05,1.0
0000882291,AEMD,2002-03-19,0,1.4865198765871301e-05,1.0
0000882291,AEMD,2002-03-20,0,1.4865198765871301e-05,1.0
0000882291,AEMD,2002-03-21,0,1.4865198765871301e-05,1.0
0000882291,AEMD,2002-03-22,0,1.4865198765871301e-05,1.0
0000882291,AEMD,2002-03-25,0,1.4865198765871301e-05,1.0
0000882291,AEMD,2002-03-26,0,1.4865198765871301e-05,1.0
0000882291,AEMD,2002-03-27,0,1.4865198765871301e-05,1.0
0000882291,AEMD,2002-03-28,0,1.4865198765871301e-05,1.0
0000882291,AEMD,2002-03-29,0,1.4865198765871301e-05,1.0
0000882291,AEMD,2002-04-01,0,1.4865198765871301e-05,1.0
0000882291,AEMD,2002-04-02,0,1.4865198765871301e-05,1.0
0000882291,AEMD,2002-04-03,0,1.4865198765871301e-05,1.0
0000882291,AEMD,2002-04-04,0,1.4865198765871301e-05,1.0
0000882291,AEMD,2002-04-05,0,1.4865198765871301e-05,1.0
0000882291,AEMD,2002-04-08,0,1.4865198765871301e-05,1.0
0000882291,AEMD,2002-04-09,0,1.4865198765871301e-05,1.0
0000882291,AEMD,2002-04-10,0,1.4865198765871301e-05,1.0
0000882291,AEMD,2002-04-11,0,1.4865198765871301e-05,1.0
0000882291,AEMD,2002-04-12,0,1.4865198765871301e-05,1.0
0000882291,AEMD,2002-04-15,0,1.4865198765871301e-05,1.0
0000882291,AEMD,2002-04-16,0,1.4865198765871301e-05,1.0
0000882291,AEMD,2002-04-17,0,1.4865198765871301e-05,1.0
0000882291,AEMD,2002-04-18,0,1.4865198765871301e-05,1.0
0000882291,AEMD,2002-04-19,0,1.4865198765871301e-05,1.0
0000882291,AEMD,2002-04-22,0,1.4865198765871301e-05,1.0
0000882291,AEMD,2002-04-23,0,1.4865198765871301e-05,1.0
0000882291,AEMD,2002-04-24,0,1.4865198765871301e-05,1.0
0000882291,AEMD,2002-04-25,0,1.4865198765871301e-05,1.0
0000882291,AEMD,2002-04-26,0,1.4865198765871301e-05,1.0
0000882291,AEMD,2002-04-29,0,1.4865198765871301e-05,1.0
0000882291,AEMD,2002-04-30,0,1.4865198765871301e-05,1.0
0000882291,AEMD,2002-05-01,0,1.4865198765871301e-05,1.0
0000882291,AEMD,2002-05-02,0,1.4865198765871301e-05,1.0
0000882291,AEMD,2002-05-03,0,1.4865198765871301e-05,1.0
0000882291,AEMD,2002-05-06,0,1.4865198765871301e-05,1.0
0000882291,AEMD,2002-05-07,0,1.4865198765871301e-05,1.0
0000882291,AEMD,2002-05-08,0,1.4865198765871301e-05,1.0
0000882291,AEMD,2002-05-09,0,1.4865198765871301e-05,1.0
0000882291,AEMD,2002-05-10,0,1.4865198765871301e-05,1.0
0000882291,AEMD,2002-05-13,0,1.4865198765871301e-05,1.0
0000882291,AEMD,2002-05-14,0,1.4865198765871301e-05,1.0
0000882291,AEMD,2002-05-15,0,1.4865198765871301e-05,1.0
0000882291,AEMD,2002-05-16,0,1.4865198765871301e-05,1.0
0000882291,AEMD,2002-05-17,0,1.4865198765871301e-05,1.0
0000882291,AEMD,2002-05-20,0,1.4865198765871301e-05,1.0
0000882291,AEMD,2002-05-21,0,1.4865198765871301e-05,1.0
0000882291,AEMD,2002-05-22,0,1.4865198765871301e-05,1.0
0000882291,AEMD,2002-05-23,0,1.4865198765871301e-05,1.0
0000882291,AEMD,2002-05-24,0,1.4865198765871301e-05,1.0
0000882291,AEMD,2002-05-27,0,1.4865198765871301e-05,1.0
0000882291,AEMD,2002-05-28,0,1.4865198765871301e-05,1.0
0000882291,AEMD,2002-05-29,0,1.4865198765871301e-05,1.0
0000882291,AEMD,2002-05-30,0,1.4865198765871301e-05,1.0
0000882291,AEMD,2002-05-31,0,1.4865198765871301e-05,1.0
0000882291,AEMD,2002-06-03,0,1.4865198765871301e-05,1.0
0000882291,AEMD,2002-06-04,0,1.4865198765871301e-05,1.0
0000882291,AEMD,2002-06-05,0,1.4865198765871301e-05,1.0
0000882291,AEMD,2002-06-06,0,1.4865198765871301e-05,1.0
0000882291,AEMD,2002-06-07,0,1.4865198765871301e-05,1.0
0000882291,AEMD,2002-06-10,0,1.4865198765871301e-05,1.0
0000882291,AEMD,2002-06-11,0,1.4865198765871301e-05,1.0
0000882291,AEMD,2002-06-12,0,1.4865198765871301e-05,1.0
0000882291,AEMD,2002-06-13,0,1.4865198765871301e-05,1.0
0000882291,AEMD,2002-06-14,0,1.4865198765871301e-05,1.0
0000882291,AEMD,2002-06-17,0,1.4865198765871301e-05,1.0
0000882291,AEMD,2002-06-18,0,1.4865198765871301e-05,1.0
0000882291,AEMD,2002-06-19,0,1.4865198765871301e-05,1.0
0000882291,AEMD,2002-06-20,0,1.4865198765871301e-05,1.0
0000882291,AEMD,2002-06-21,0,1.4865198765871301e-05,1.0
0000882291,AEMD,2002-06-24,0,1.4865198765871301e-05,1.0
0000882291,AEMD,2002-06-25,0,1.4865198765871301e-05,1.0
0000882291,AEMD,2002-06-26,0,1.4865198765871301e-05,1.0
0000882291,AEMD,2002-06-27,0,1.4865198765871301e-05,1.0
0000882291,AEMD,2002-06-28,0,1.4865198765871301e-05,1.0
0000882291,AEMD,2002-07-01,0,1.4865198765871301e-05,1.0
0000882291,AEMD,2002-07-02,0,1.4865198765871301e-05,1.0
0000882291,AEMD,2002-07-03,0,1.4865198765871301e-05,1.0
0000882291,AEMD,2002-07-04,0,1.4865198765871301e-05,1.0
0000882291,AEMD,2002-07-05,0,1.4865198765871301e-05,1.0
0000882291,AEMD,2002-07-08,0,1.4865198765871301e-05,1.0
0000882291,AEMD,2002-07-09,0,1.4865198765871301e-05,1.0
0000882291,AEMD,2002-07-10,0,1.4865198765871301e-05,1.0
0000882291,AEMD,2002-07-11,0,1.4865198765871301e-05,1.0
0000882291,AEMD,2002-07-12,0,1.4865198765871301e-05,1.0
0000882291,AEMD,2002-07-15,0,1.4865198765871301e-05,1.0
0000882291,AEMD,2002-07-16,0,1.4865198765871301e-05,1.0
0000882291,AEMD,2002-07-17,0,1.4865198765871301e-05,1.0
0000882291,AEMD,2002-07-18,0,1.4865198765871301e-05,1.0
0000882291,AEMD,2002-07-19,0,1.4865198765871301e-05,1.0
0000882291,AEMD,2002-07-22,0,1.4865198765871301e-05,1.0
0000882291,AEMD,2002-07-23,0,1.4865198765871301e-05,1.0
0000882291,AEMD,2002-07-24,0,1.4865198765871301e-05,1.0
0000882291,AEMD,2002-07-25,0,1.4865198765871301e-05,1.0
0000882291,AEMD,2002-07-26,0,1.4865198765871301e-05,1.0
0000882291,AEMD,2002-07-29,0,1.4865198765871301e-05,1.0
0000882291,AEMD,2002-07-30,0,1.4865198765871301e-05,1.0
0000882291,AEMD,2002-07-31,0,1.4865198765871301e-05,1.0
0000882291,AEMD,2002-08-01,0,1.4865198765871301e-05,1.0
0000882291,AEMD,2002-08-02,0,1.4865198765871301e-05,1.0
0000882291,AEMD,2002-08-05,0,1.4865198765871301e-05,1.0
0000882291,AEMD,2002-08-06,0,1.4865198765871301e-05,1.0
0000882291,AEMD,2002-08-07,0,1.4865198765871301e-05,1.0
0000882291,AEMD,2002-08-08,0,1.4865198765871301e-05,1.0
0000882291,AEMD,2002-08-09,0,1.4865198765871301e-05,1.0
0000882291,AEMD,2002-08-12,0,1.4865198765871301e-05,1.0
0000882291,AEMD,2002-08-13,0,1.4865198765871301e-05,1.0
0000882291,AEMD,2002-08-14,0,1.4865198765871301e-05,1.0
0000882291,AEMD,2002-08-15,0,1.4865198765871301e-05,1.0
0000882291,AEMD,2002-08-16,0,1.4865198765871301e-05,1.0
0000882291,AEMD,2002-08-19,0,1.4865198765871301e-05,1.0
0000882291,AEMD,2002-08-20,0,1.4865198765871301e-05,1.0
0000882291,AEMD,2002-08-21,0,1.4865198765871301e-05,1.0
0000882291,AEMD,2002-08-22,0,1.4865198765871301e-05,1.0
0000882291,AEMD,2002-08-23,0,1.4865198765871301e-05,1.0
0000882291,AEMD,2002-08-26,0,1.4865198765871301e-05,1.0
0000882291,AEMD,2002-08-27,0,1.4865198765871301e-05,1.0
0000882291,AEMD,2002-08-28,0,1.4865198765871301e-05,1.0
0000882291,AEMD,2002-08-29,0,1.4865198765871301e-05,1.0
0000882291,AEMD,2002-08-30,0,1.4865198765871301e-05,1.0
0000882291,AEMD,2002-09-02,0,1.4865198765871301e-05,1.0
0000882291,AEMD,2002-09-03,0,1.4865198765871301e-05,1.0
0000882291,AEMD,2002-09-04,0,1.4865198765871301e-05,1.0
0000882291,AEMD,2002-09-05,0,1.4865198765871301e-05,1.0
0000882291,AEMD,2002-09-06,0,1.4865198765871301e-05,1.0
0000882291,AEMD,2002-09-09,0,1.4865198765871301e-05,1.0
0000882291,AEMD,2002-09-10,0,1.4865198765871301e-05,1.0
0000882291,AEMD,2002-09-11,0,1.4865198765871301e-05,1.0
0000882291,AEMD,2002-09-12,0,1.4865198765871301e-05,1.0
0000882291,AEMD,2002-09-13,0,1.4865198765871301e-05,1.0
0000882291,AEMD,2002-09-16,0,1.4865198765871301e-05,1.0
0000882291,AEMD,2002-09-17,0,1.4865198765871301e-05,1.0
0000882291,AEMD,2002-09-18,0,1.4865198765871301e-05,1.0
0000882291,AEMD,2002-09-19,0,1.4865198765871301e-05,1.0
0000882291,AEMD,2002-09-20,0,1.4865198765871301e-05,1.0
0000882291,AEMD,2002-09-23,0,1.4865198765871301e-05,1.0
0000882291,AEMD,2002-09-24,0,1.4865198765871301e-05,1.0
0000882291,AEMD,2002-09-25,0,1.4865198765871301e-05,1.0
0000882291,AEMD,2002-09-26,0,1.4865198765871301e-05,1.0
0000882291,AEMD,2002-09-27,0,1.4865198765871301e-05,1.0
0000882291,AEMD,2002-09-30,0,1.4865198765871301e-05,1.0
0000882291,AEMD,2002-10-01,0,1.4865198765871301e-05,1.0
0000882291,AEMD,2002-10-02,0,1.4865198765871301e-05,1.0
0000882291,AEMD,2002-10-03,0,1.4865198765871301e-05,1.0
0000882291,AEMD,2002-10-04,0,1.4865198765871301e-05,1.0
0000882291,AEMD,2002-10-07,0,1.4865198765871301e-05,1.0
0000882291,AEMD,2002-10-08,0,1.4865198765871301e-05,1.0
0000882291,AEMD,2002-10-09,0,1.4865198765871301e-05,1.0
0000882291,AEMD,2002-10-10,0,1.4865198765871301e-05,1.0
0000882291,AEMD,2002-10-11,0,1.4865198765871301e-05,1.0
0000882291,AEMD,2002-10-14,0,1.4865198765871301e-05,1.0
0000882291,AEMD,2002-10-15,0,1.4865198765871301e-05,1.0
0000882291,AEMD,2002-10-16,0,1.4865198765871301e-05,1.0
0000882291,AEMD,2002-10-17,0,1.4865198765871301e-05,1.0
0000882291,AEMD,2002-10-18,0,1.4865198765871301e-05,1.0
0000882291,AEMD,2002-10-21,0,1.4865198765871301e-05,1.0
0000882291,AEMD,2002-10-22,0,1.4865198765871301e-05,1.0
0000882291,AEMD,2002-10-23,0,1.4865198765871301e-05,1.0
0000882291,AEMD,2002-10-24,0,1.4865198765871301e-05,1.0
0000882291,AEMD,2002-10-25,0,1.4865198765871301e-05,1.0
0000882291,AEMD,2002-10-28,0,1.4865198765871301e-05,1.0
0000882291,AEMD,2002-10-29,0,1.4865198765871301e-05,1.0
0000882291,AEMD,2002-10-30,0,1.4865198765871301e-05,1.0
0000882291,AEMD,2002-10-31,0,1.4865198765871301e-05,1.0
0000882291,AEMD,2002-11-01,0,1.4865198765871301e-05,1.0
0000882291,AEMD,2002-11-04,0,1.4865198765871301e-05,1.0
0000882291,AEMD,2002-11-05,0,1.4865198765871301e-05,1.0
0000882291,AEMD,2002-11-06,0,1.4865198765871301e-05,1.0
0000882291,AEMD,2002-11-07,0,1.4865198765871301e-05,1.0
0000882291,AEMD,2002-11-08,0,1.4865198765871301e-05,1.0
0000882291,AEMD,2002-11-11,0,1.4865198765871301e-05,1.0
0000882291,AEMD,2002-11-12,0,1.4865198765871301e-05,1.0
0000882291,AEMD,2002-11-13,0,1.4865198765871301e-05,1.0
0000882291,AEMD,2002-11-14,0,1.4865198765871301e-05,1.0
0000882291,AEMD,2002-11-15,0,1.4865198765871301e-05,1.0
0000882291,AEMD,2002-11-18,0,1.4865198765871301e-05,1.0
0000882291,AEMD,2002-11-19,0,1.4865198765871301e-05,1.0
0000882291,AEMD,2002-11-20,0,1.4865198765871301e-05,1.0
0000882291,AEMD,2002-11-21,0,1.4865198765871301e-05,1.0
0000882291,AEMD,2002-11-22,0,1.4865198765871301e-05,1.0
0000882291,AEMD,2002-11-25,0,1.4865198765871301e-05,1.0
0000882291,AEMD,2002-11-26,0,1.4865198765871301e-05,1.0
0000882291,AEMD,2002-11-27,0,1.4865198765871301e-05,1.0
0000882291,AEMD,2002-11-28,0,1.4865198765871301e-05,1.0
0000882291,AEMD,2002-11-29,0,1.4865198765871301e-05,1.0
0000882291,AEMD,2002-12-02,0,1.4865198765871301e-05,1.0
0000882291,AEMD,2002-12-03,0,1.4865198765871301e-05,1.0
0000882291,AEMD,2002-12-04,0,1.4865198765871301e-05,1.0
0000882291,AEMD,2002-12-05,0,1.4865198765871301e-05,1.0
0000882291,AEMD,2002-12-06,0,1.4865198765871301e-05,1.0
0000882291,AEMD,2002-12-09,0,1.4865198765871301e-05,1.0
0000882291,AEMD,2002-12-10,0,1.4865198765871301e-05,1.0
0000882291,AEMD,2002-12-11,0,1.4865198765871301e-05,1.0
0000882291,AEMD,2002-12-12,0,1.4865198765871301e-05,1.0
0000882291,AEMD,2002-12-13,0,1.4865198765871301e-05,1.0
0000882291,AEMD,2002-12-16,0,1.4865198765871301e-05,1.0
0000882291,AEMD,2002-12-17,0,1.4865198765871301e-05,1.0
0000882291,AEMD,2002-12-18,0,1.4865198765871301e-05,1.0
0000882291,AEMD,2002-12-19,0,1.4865198765871301e-05,1.0
0000882291,AEMD,2002-12-20,0,1.4865198765871301e-05,1.0
0000882291,AEMD,2002-12-23,0,1.4865198765871301e-05,1.0
0000882291,AEMD,2002-12-24,0,1.4865198765871301e-05,1.0
0000882291,AEMD,2002-12-25,0,1.4865198765871301e-05,1.0
0000882291,AEMD,2002-12-26,0,1.4865198765871301e-05,1.0
0000882291,AEMD,2002-12-27,0,1.4865198765871301e-05,1.0
0000882291,AEMD,2002-12-30,0,1.4865198765871301e-05,1.0
0000882291,AEMD,2002-12-31,0,1.4865198765871301e-05,1.0
0000882291,AEMD,2003-01-01,0,1.4865198765871301e-05,1.0
0000882291,AEMD,2003-01-02,0,1.4865198765871301e-05,1.0
0000882291,AEMD,2003-01-03,0,1.4865198765871301e-05,1.0
0000882291,AEMD,2003-01-06,0,1.4865198765871301e-05,1.0
0000882291,AEMD,2003-01-07,0,1.4865198765871301e-05,1.0
0000882291,AEMD,2003-01-08,0,1.4865198765871301e-05,1.0
0000882291,AEMD,2003-01-09,0,1.4865198765871301e-05,1.0
0000882291,AEMD,2003-01-10,0,1.4865198765871301e-05,1.0
0000882291,AEMD,2003-01-13,0,1.4865198765871301e-05,1.0
0000882291,AEMD,2003-01-14,0,1.4865198765871301e-05,1.0
0000882291,AEMD,2003-01-15,0,1.4865198765871301e-05,1.0
0000882291,AEMD,2003-01-16,0,1.4865198765871301e-05,1.0
0000882291,AEMD,2003-01-17,0,1.4865198765871301e-05,1.0
0000882291,AEMD,2003-01-20,0,1.4865198765871301e-05,1.0
0000882291,AEMD,2003-01-21,0,1.4865198765871301e-05,1.0
0000882291,AEMD,2003-01-22,0,1.4865198765871301e-05,1.0
0000882291,AEMD,2003-01-23,0,1.4865198765871301e-05,1.0
0000882291,AEMD,2003-01-24,0,1.4865198765871301e-05,1.0
0000882291,AEMD,2003-01-27,0,1.4865198765871301e-05,1.0
0000882291,AEMD,2003-01-28,0,1.4865198765871301e-05,1.0
0000882291,AEMD,2003-01-29,0,1.4865198765871301e-05,1.0
0000882291,AEMD,2003-01-30,0,1.4865198765871301e-05,1.0
0000882291,AEMD,2003-01-31,0,1.4865198765871301e-05,1.0
0000882291,AEMD,2003-02-03,0,1.4865198765871301e-05,1.0
0000882291,AEMD,2003-02-04,0,1.4865198765871301e-05,1.0
0000882291,AEMD,2003-02-05,0,1.4865198765871301e-05,1.0
0000882291,AEMD,2003-02-06,0,1.4865198765871301e-05,1.0
0000882291,AEMD,2003-02-07,0,1.4865198765871301e-05,1.0
0000882291,AEMD,2003-02-10,0,1.4865198765871301e-05,1.0
0000882291,AEMD,2003-02-11,0,1.4865198765871301e-05,1.0
0000882291,AEMD,2003-02-12,0,1.4865198765871301e-05,1.0
0000882291,AEMD,2003-02-13,0,1.4865198765871301e-05,1.0
0000882291,AEMD,2003-02-14,0,1.4865198765871301e-05,1.0
0000882291,AEMD,2003-02-17,0,1.4865198765871301e-05,1.0
0000882291,AEMD,2003-02-18,0,1.4865198765871301e-05,1.0
0000882291,AEMD,2003-02-19,0,1.4865198765871301e-05,1.0
0000882291,AEMD,2003-02-20,0,1.4865198765871301e-05,1.0
0000882291,AEMD,2003-02-21,0,1.4865198765871301e-05,1.0
0000882291,AEMD,2003-02-24,0,1.4865198765871301e-05,1.0
0000882291,AEMD,2003-02-25,0,1.4865198765871301e-05,1.0
0000882291,AEMD,2003-02-26,0,1.4865198765871301e-05,1.0
0000882291,AEMD,2003-02-27,0,1.4865198765871301e-05,1.0
0000882291,AEMD,2003-02-28,0,1.4865198765871301e-05,1.0
0000882291,AEMD,2003-03-03,0,1.4865198765871301e-05,1.0
0000882291,AEMD,2003-03-04,0,1.4865198765871301e-05,1.0
0000882291,AEMD,2003-03-05,0,1.4865198765871301e-05,1.0
0000882291,AEMD,2003-03-06,0,1.4865198765871301e-05,1.0
0000882291,AEMD,2003-03-07,0,1.4865198765871301e-05,1.0
0000882291,AEMD,2003-03-10,0,1.4865198765871301e-05,1.0
0000882291,AEMD,2003-03-11,0,1.4865198765871301e-05,1.0
0000882291,AEMD,2003-03-12,0,1.4865198765871301e-05,1.0
0000882291,AEMD,2003-03-13,0,1.4865198765871301e-05,1.0
0000882291,AEMD,2003-03-14,0,1.4865198765871301e-05,1.0
0000882291,AEMD,2003-03-17,0,1.4865198765871301e-05,1.0
0000882291,AEMD,2003-03-18,0,1.4865198765871301e-05,1.0
0000882291,AEMD,2003-03-19,0,1.4865198765871301e-05,1.0
0000882291,AEMD,2003-03-20,0,1.4865198765871301e-05,1.0
0000882291,AEMD,2003-03-21,0,1.4865198765871301e-05,1.0
0000882291,AEMD,2003-03-24,0,1.4865198765871301e-05,1.0
0000882291,AEMD,2003-03-25,0,1.4865198765871301e-05,1.0
0000882291,AEMD,2003-03-26,0,1.4865198765871301e-05,1.0
0000882291,AEMD,2003-03-27,0,1.4865198765871301e-05,1.0
0000882291,AEMD,2003-03-28,0,1.4865198765871301e-05,1.0
0000882291,AEMD,2003-03-31,0,1.4865198765871301e-05,1.0
0000882291,AEMD,2003-04-01,0,1.4865198765871301e-05,1.0
0000882291,AEMD,2003-04-02,0,1.4865198765871301e-05,1.0
0000882291,AEMD,2003-04-03,0,1.4865198765871301e-05,1.0
0000882291,AEMD,2003-04-04,0,1.4865198765871301e-05,1.0
0000882291,AEMD,2003-04-07,0,1.4865198765871301e-05,1.0
0000882291,AEMD,2003-04-08,0,1.4865198765871301e-05,1.0
0000882291,AEMD,2003-04-09,0,1.4865198765871301e-05,1.0
0000882291,AEMD,2003-04-10,0,1.4865198765871301e-05,1.0
0000882291,AEMD,2003-04-11,0,1.4865198765871301e-05,1.0
0000882291,AEMD,2003-04-14,0,1.4865198765871301e-05,1.0
0000882291,AEMD,2003-04-15,0,1.4865198765871301e-05,1.0
0000882291,AEMD,2003-04-16,0,1.4865198765871301e-05,1.0
0000882291,AEMD,2003-04-17,0,1.4865198765871301e-05,1.0
0000882291,AEMD,2003-04-18,0,1.4865198765871301e-05,1.0
0000882291,AEMD,2003-04-21,0,1.4865198765871301e-05,1.0
0000882291,AEMD,2003-04-22,0,1.4865198765871301e-05,1.0
0000882291,AEMD,2003-04-23,0,1.4865198765871301e-05,1.0
0000882291,AEMD,2003-04-24,0,1.4865198765871301e-05,1.0
0000882291,AEMD,2003-04-25,0,1.4865198765871301e-05,1.0
0000882291,AEMD,2003-04-28,0,1.4865198765871301e-05,1.0
0000882291,AEMD,2003-04-29,0,1.4865198765871301e-05,1.0
0000882291,AEMD,2003-04-30,0,1.4865198765871301e-05,1.0
0000882291,AEMD,2003-05-01,0,1.4865198765871301e-05,1.0
0000882291,AEMD,2003-05-02,0,1.4865198765871301e-05,1.0
0000882291,AEMD,2003-05-05,0,1.4865198765871301e-05,1.0
0000882291,AEMD,2003-05-06,0,1.4865198765871301e-05,1.0
0000882291,AEMD,2003-05-07,0,1.4865198765871301e-05,1.0
0000882291,AEMD,2003-05-08,0,1.4865198765871301e-05,1.0
0000882291,AEMD,2003-05-09,0,1.4865198765871301e-05,1.0
0000882291,AEMD,2003-05-12,0,1.4865198765871301e-05,1.0
0000882291,AEMD,2003-05-13,0,1.4865198765871301e-05,1.0
0000882291,AEMD,2003-05-14,0,1.4865198765871301e-05,1.0
0000882291,AEMD,2003-05-15,0,1.4865198765871301e-05,1.0
0000882291,AEMD,2003-05-16,0,1.4865198765871301e-05,1.0
0000882291,AEMD,2003-05-19,0,1.4865198765871301e-05,1.0
0000882291,AEMD,2003-05-20,0,1.4865198765871301e-05,1.0
0000882291,AEMD,2003-05-21,0,1.4865198765871301e-05,1.0
0000882291,AEMD,2003-05-22,0,1.4865198765871301e-05,1.0
0000882291,AEMD,2003-05-23,0,1.4865198765871301e-05,1.0
0000882291,AEMD,2003-05-26,0,1.4865198765871301e-05,1.0
0000882291,AEMD,2003-05-27,0,1.4865198765871301e-05,1.0
0000882291,AEMD,2003-05-28,0,1.4865198765871301e-05,1.0
0000882291,AEMD,2003-05-29,0,1.4865198765871301e-05,1.0
0000882291,AEMD,2003-05-30,0,1.4865198765871301e-05,1.0
0000882291,AEMD,2003-06-02,0,1.4865198765871301e-05,1.0
0000882291,AEMD,2003-06-03,0,1.4865198765871301e-05,1.0
0000882291,AEMD,2003-06-04,0,1.4865198765871301e-05,1.0
0000882291,AEMD,2003-06-05,0,1.4865198765871301e-05,1.0
0000882291,AEMD,2003-06-06,0,1.4865198765871301e-05,1.0
0000882291,AEMD,2003-06-09,0,1.4865198765871301e-05,1.0
0000882291,AEMD,2003-06-10,0,1.4865198765871301e-05,1.0
0000882291,AEMD,2003-06-11,0,1.4865198765871301e-05,1.0
0000882291,AEMD,2003-06-12,0,1.4865198765871301e-05,1.0
0000882291,AEMD,2003-06-13,0,1.4865198765871301e-05,1.0
0000882291,AEMD,2003-06-16,0,1.4865198765871301e-05,1.0
0000882291,AEMD,2003-06-17,0,1.4865198765871301e-05,1.0
0000882291,AEMD,2003-06-18,0,1.4865198765871301e-05,1.0
0000882291,AEMD,2003-06-19,0,1.4865198765871301e-05,1.0
0000882291,AEMD,2003-06-20,0,1.4865198765871301e-05,1.0
0000882291,AEMD,2003-06-23,0,1.4865198765871301e-05,1.0
0000882291,AEMD,2003-06-24,0,1.4865198765871301e-05,1.0
0000882291,AEMD,2003-06-25,0,1.4865198765871301e-05,1.0
0000882291,AEMD,2003-06-26,0,1.4865198765871301e-05,1.0
0000882291,AEMD,2003-06-27,0,1.4865198765871301e-05,1.0
0000882291,AEMD,2003-06-30,0,1.4865198765871301e-05,1.0
0000882291,AEMD,2003-07-01,0,1.4865198765871301e-05,1.0
0000882291,AEMD,2003-07-02,0,1.4865198765871301e-05,1.0
0000882291,AEMD,2003-07-03,0,1.4865198765871301e-05,1.0
0000882291,AEMD,2003-07-04,0,1.4865198765871301e-05,1.0
0000882291,AEMD,2003-07-07,0,1.4865198765871301e-05,1.0
0000882291,AEMD,2003-07-08,0,1.4865198765871301e-05,1.0
0000882291,AEMD,2003-07-09,0,1.4865198765871301e-05,1.0
0000882291,AEMD,2003-07-10,0,1.4865198765871301e-05,1.0
0000882291,AEMD,2003-07-11,0,1.4865198765871301e-05,1.0
0000882291,AEMD,2003-07-14,0,1.4865198765871301e-05,1.0
0000882291,AEMD,2003-07-15,0,1.4865198765871301e-05,1.0
0000882291,AEMD,2003-07-16,0,1.4865198765871301e-05,1.0
0000882291,AEMD,2003-07-17,0,1.4865198765871301e-05,1.0
0000882291,AEMD,2003-07-18,0,1.4865198765871301e-05,1.0
0000882291,AEMD,2003-07-21,0,1.4865198765871301e-05,1.0
0000882291,AEMD,2003-07-22,0,1.4865198765871301e-05,1.0
0000882291,AEMD,2003-07-23,0,1.4865198765871301e-05,1.0
0000882291,AEMD,2003-07-24,0,1.4865198765871301e-05,1.0
0000882291,AEMD,2003-07-25,0,1.4865198765871301e-05,1.0
0000882291,AEMD,2003-07-28,0,1.4865198765871301e-05,1.0
0000882291,AEMD,2003-07-29,0,1.4865198765871301e-05,1.0
0000882291,AEMD,2003-07-30,0,1.4865198765871301e-05,1.0
0000882291,AEMD,2003-07-31,0,1.4865198765871301e-05,1.0
0000882291,AEMD,2003-08-01,0,1.4865198765871301e-05,1.0
0000882291,AEMD,2003-08-04,0,1.4865198765871301e-05,1.0
0000882291,AEMD,2003-08-05,0,1.4865198765871301e-05,1.0
0000882291,AEMD,2003-08-06,0,1.4865198765871301e-05,1.0
0000882291,AEMD,2003-08-07,0,1.4865198765871301e-05,1.0
0000882291,AEMD,2003-08-08,0,1.4865198765871301e-05,1.0
0000882291,AEMD,2003-08-11,0,1.4865198765871301e-05,1.0
0000882291,AEMD,2003-08-12,0,1.4865198765871301e-05,1.0
0000882291,AEMD,2003-08-13,0,1.4865198765871301e-05,1.0
0000882291,AEMD,2003-08-14,0,1.4865198765871301e-05,1.0
0000882291,AEMD,2003-08-15,0,1.4865198765871301e-05,1.0
0000882291,AEMD,2003-08-18,0,1.4865198765871301e-05,1.0
0000882291,AEMD,2003-08-19,0,1.4865198765871301e-05,1.0
0000882291,AEMD,2003-08-20,0,1.4865198765871301e-05,1.0
0000882291,AEMD,2003-08-21,0,1.4865198765871301e-05,1.0
0000882291,AEMD,2003-08-22,0,1.4865198765871301e-05,1.0
0000882291,AEMD,2003-08-25,0,1.4865198765871301e-05,1.0
0000882291,AEMD,2003-08-26,0,1.4865198765871301e-05,1.0
0000882291,AEMD,2003-08-27,0,1.4865198765871301e-05,1.0
0000882291,AEMD,2003-08-28,0,1.4865198765871301e-05,1.0
0000882291,AEMD,2003-08-29,0,1.4865198765871301e-05,1.0
0000882291,AEMD,2003-09-01,0,1.4865198765871301e-05,1.0
0000882291,AEMD,2003-09-02,0,1.4865198765871301e-05,1.0
0000882291,AEMD,2003-09-03,0,1.4865198765871301e-05,1.0
0000882291,AEMD,2003-09-04,0,1.4865198765871301e-05,1.0
0000882291,AEMD,2003-09-05,0,1.4865198765871301e-05,1.0
0000882291,AEMD,2003-09-08,0,1.4865198765871301e-05,1.0
0000882291,AEMD,2003-09-09,0,1.4865198765871301e-05,1.0
0000882291,AEMD,2003-09-10,0,1.4865198765871301e-05,1.0
0000882291,AEMD,2003-09-11,0,1.4865198765871301e-05,1.0
0000882291,AEMD,2003-09-12,0,1.4865198765871301e-05,1.0
0000882291,AEMD,2003-09-15,0,1.4865198765871301e-05,1.0
0000882291,AEMD,2003-09-16,0,1.4865198765871301e-05,1.0
0000882291,AEMD,2003-09-17,0,1.4865198765871301e-05,1.0
0000882291,AEMD,2003-09-18,0,1.4865198765871301e-05,1.0
0000882291,AEMD,2003-09-19,0,1.4865198765871301e-05,1.0
0000882291,AEMD,2003-09-22,0,1.4865198765871301e-05,1.0
0000882291,AEMD,2003-09-23,0,1.4865198765871301e-05,1.0
0000882291,AEMD,2003-09-24,0,1.4865198765871301e-05,1.0
0000882291,AEMD,2003-09-25,0,1.4865198765871301e-05,1.0
0000882291,AEMD,2003-09-26,0,1.4865198765871301e-05,1.0
0000882291,AEMD,2003-09-29,0,1.4865198765871301e-05,1.0
0000882291,AEMD,2003-09-30,0,1.4865198765871301e-05,1.0
0000882291,AEMD,2003-10-01,0,1.4865198765871301e-05,1.0
0000882291,AEMD,2003-10-02,0,1.4865198765871301e-05,1.0
0000882291,AEMD,2003-10-03,0,1.4865198765871301e-05,1.0
0000882291,AEMD,2003-10-06,0,1.4865198765871301e-05,1.0
0000882291,AEMD,2003-10-07,0,1.4865198765871301e-05,1.0
0000882291,AEMD,2003-10-08,0,1.4865198765871301e-05,1.0
0000882291,AEMD,2003-10-09,0,1.4865198765871301e-05,1.0
0000882291,AEMD,2003-10-10,0,1.4865198765871301e-05,1.0
0000882291,AEMD,2003-10-13,0,1.4865198765871301e-05,1.0
0000882291,AEMD,2003-10-14,0,1.4865198765871301e-05,1.0
0000882291,AEMD,2003-10-15,0,1.4865198765871301e-05,1.0
0000882291,AEMD,2003-10-16,0,1.4865198765871301e-05,1.0
0000882291,AEMD,2003-10-17,0,1.4865198765871301e-05,1.0
0000882291,AEMD,2003-10-20,0,1.4865198765871301e-05,1.0
0000882291,AEMD,2003-10-21,0,1.4865198765871301e-05,1.0
0000882291,AEMD,2003-10-22,0,1.4865198765871301e-05,1.0
0000882291,AEMD,2003-10-23,0,1.4865198765871301e-05,1.0
0000882291,AEMD,2003-10-24,0,1.4865198765871301e-05,1.0
0000882291,AEMD,2003-10-27,0,1.4865198765871301e-05,1.0
0000882291,AEMD,2003-10-28,0,1.4865198765871301e-05,1.0
0000882291,AEMD,2003-10-29,0,1.4865198765871301e-05,1.0
0000882291,AEMD,2003-10-30,0,1.4865198765871301e-05,1.0
0000882291,AEMD,2003-10-31,0,1.4865198765871301e-05,1.0
0000882291,AEMD,2003-11-03,0,1.4865198765871301e-05,1.0
0000882291,AEMD,2003-11-04,0,1.4865198765871301e-05,1.0
0000882291,AEMD,2003-11-05,0,1.4865198765871301e-05,1.0
0000882291,AEMD,2003-11-06,0,1.4865198765871301e-05,1.0
0000882291,AEMD,2003-11-07,0,1.4865198765871301e-05,1.0
0000882291,AEMD,2003-11-10,0,1.4865198765871301e-05,1.0
0000882291,AEMD,2003-11-11,0,1.4865198765871301e-05,1.0
0000882291,AEMD,2003-11-12,0,1.4865198765871301e-05,1.0
0000882291,AEMD,2003-11-13,0,1.4865198765871301e-05,1.0
0000882291,AEMD,2003-11-14,0,1.4865198765871301e-05,1.0
0000882291,AEMD,2003-11-17,0,1.4865198765871301e-05,1.0
0000882291,AEMD,2003-11-18,0,1.4865198765871301e-05,1.0
0000882291,AEMD,2003-11-19,0,1.4865198765871301e-05,1.0
0000882291,AEMD,2003-11-20,0,1.4865198765871301e-05,1.0
0000882291,AEMD,2003-11-21,0,1.4865198765871301e-05,1.0
0000882291,AEMD,2003-11-24,0,1.4865198765871301e-05,1.0
0000882291,AEMD,2003-11-25,0,1.4865198765871301e-05,1.0
0000882291,AEMD,2003-11-26,0,1.4865198765871301e-05,1.0
0000882291,AEMD,2003-11-27,0,1.4865198765871301e-05,1.0
0000882291,AEMD,2003-11-28,0,1.4865198765871301e-05,1.0
0000882291,AEMD,2003-12-01,0,1.4865198765871301e-05,1.0
0000882291,AEMD,2003-12-02,0,1.4865198765871301e-05,1.0
0000882291,AEMD,2003-12-03,0,1.4865198765871301e-05,1.0
0000882291,AEMD,2003-12-04,0,1.4865198765871301e-05,1.0
0000882291,AEMD,2003-12-05,0,1.4865198765871301e-05,1.0
0000882291,AEMD,2003-12-08,0,1.4865198765871301e-05,1.0
0000882291,AEMD,2003-12-09,0,1.4865198765871301e-05,1.0
0000882291,AEMD,2003-12-10,0,1.4865198765871301e-05,1.0
0000882291,AEMD,2003-12-11,0,1.4865198765871301e-05,1.0
0000882291,AEMD,2003-12-12,0,1.4865198765871301e-05,1.0
0000882291,AEMD,2003-12-15,0,1.4865198765871301e-05,1.0
0000882291,AEMD,2003-12-16,0,1.4865198765871301e-05,1.0
0000882291,AEMD,2003-12-17,0,1.4865198765871301e-05,1.0
0000882291,AEMD,2003-12-18,0,1.4865198765871301e-05,1.0
0000882291,AEMD,2003-12-19,0,1.4865198765871301e-05,1.0
0000882291,AEMD,2003-12-22,0,1.4865198765871301e-05,1.0
0000882291,AEMD,2003-12-23,0,1.4865198765871301e-05,1.0
0000882291,AEMD,2003-12-24,0,1.4865198765871301e-05,1.0
0000882291,AEMD,2003-12-25,0,1.4865198765871301e-05,1.0
0000882291,AEMD,2003-12-26,0,1.4865198765871301e-05,1.0
0000882291,AEMD,2003-12-29,0,1.4865198765871301e-05,1.0
0000882291,AEMD,2003-12-30,0,1.4865198765871301e-05,1.0
0000882291,AEMD,2003-12-31,0,1.4865198765871301e-05,1.0
0000882291,AEMD,2004-01-01,0,1.4865198765871301e-05,1.0
0000882291,AEMD,2004-01-02,0,1.4865198765871301e-05,1.0
0000882291,AEMD,2004-01-05,0,1.4865198765871301e-05,1.0
0000882291,AEMD,2004-01-06,0,1.4865198765871301e-05,1.0
0000882291,AEMD,2004-01-07,0,1.4865198765871301e-05,1.0
0000882291,AEMD,2004-01-08,0,1.4865198765871301e-05,1.0
0000882291,AEMD,2004-01-09,0,1.4865198765871301e-05,1.0
0000882291,AEMD,2004-01-12,0,1.4865198765871301e-05,1.0
0000882291,AEMD,2004-01-13,0,1.4865198765871301e-05,1.0
0000882291,AEMD,2004-01-14,0,1.4865198765871301e-05,1.0
0000882291,AEMD,2004-01-15,0,1.4865198765871301e-05,1.0
0000882291,AEMD,2004-01-16,0,1.4865198765871301e-05,1.0
0000882291,AEMD,2004-01-19,0,1.4865198765871301e-05,1.0
0000882291,AEMD,2004-01-20,0,1.4865198765871301e-05,1.0
0000882291,AEMD,2004-01-21,0,1.4865198765871301e-05,1.0
0000882291,AEMD,2004-01-22,0,1.4865198765871301e-05,1.0
0000882291,AEMD,2004-01-23,0,1.4865198765871301e-05,1.0
0000882291,AEMD,2004-01-26,0,1.4865198765871301e-05,1.0
0000882291,AEMD,2004-01-27,0,1.4865198765871301e-05,1.0
0000882291,AEMD,2004-01-28,0,1.4865198765871301e-05,1.0
0000882291,AEMD,2004-01-29,0,1.4865198765871301e-05,1.0
0000882291,AEMD,2004-01-30,0,1.4865198765871301e-05,1.0
0000882291,AEMD,2004-02-02,0,1.4865198765871301e-05,1.0
0000882291,AEMD,2004-02-03,0,1.4865198765871301e-05,1.0
0000882291,AEMD,2004-02-04,0,1.4865198765871301e-05,1.0
0000882291,AEMD,2004-02-05,0,1.4865198765871301e-05,1.0
0000882291,AEMD,2004-02-06,0,1.4865198765871301e-05,1.0
0000882291,AEMD,2004-02-09,0,1.4865198765871301e-05,1.0
0000882291,AEMD,2004-02-10,0,1.4865198765871301e-05,1.0
0000882291,AEMD,2004-02-11,0,1.4865198765871301e-05,1.0
0000882291,AEMD,2004-02-12,0,1.4865198765871301e-05,1.0
0000882291,AEMD,2004-02-13,0,1.4865198765871301e-05,1.0
0000882291,AEMD,2004-02-16,0,1.4865198765871301e-05,1.0
0000882291,AEMD,2004-02-17,0,1.4865198765871301e-05,1.0
0000882291,AEMD,2004-02-18,0,1.4865198765871301e-05,1.0
0000882291,AEMD,2004-02-19,0,1.4865198765871301e-05,1.0
0000882291,AEMD,2004-02-20,0,1.4865198765871301e-05,1.0
0000882291,AEMD,2004-02-23,0,1.4865198765871301e-05,1.0
0000882291,AEMD,2004-02-24,0,1.4865198765871301e-05,1.0
0000882291,AEMD,2004-02-25,0,1.4865198765871301e-05,1.0
0000882291,AEMD,2004-02-26,0,1.4865198765871301e-05,1.0
0000882291,AEMD,2004-02-27,0,1.4865198765871301e-05,1.0
0000882291,AEMD,2004-03-01,0,1.4865198765871301e-05,1.0
0000882291,AEMD,2004-03-02,0,1.4865198765871301e-05,1.0
0000882291,AEMD,2004-03-03,0,1.4865198765871301e-05,1.0
0000882291,AEMD,2004-03-04,0,1.4865198765871301e-05,1.0
0000882291,AEMD,2004-03-05,0,1.4865198765871301e-05,1.0
0000882291,AEMD,2004-03-08,0,1.4865198765871301e-05,1.0
0000882291,AEMD,2004-03-09,0,1.4865198765871301e-05,1.0
0000882291,AEMD,2004-03-10,0,1.4865198765871301e-05,1.0
0000882291,AEMD,2004-03-11,0,1.4865198765871301e-05,1.0
0000882291,AEMD,2004-03-12,0,1.4865198765871301e-05,1.0
0000882291,AEMD,2004-03-15,0,1.4865198765871301e-05,1.0
0000882291,AEMD,2004-03-16,0,1.4865198765871301e-05,1.0
0000882291,AEMD,2004-03-17,0,1.4865198765871301e-05,1.0
0000882291,AEMD,2004-03-18,0,1.4865198765871301e-05,1.0
0000882291,AEMD,2004-03-19,0,1.4865198765871301e-05,1.0
0000882291,AEMD,2004-03-22,0,1.4865198765871301e-05,1.0
0000882291,AEMD,2004-03-23,0,1.4865198765871301e-05,1.0
0000882291,AEMD,2004-03-24,0,1.4865198765871301e-05,1.0
0000882291,AEMD,2004-03-25,0,1.4865198765871301e-05,1.0
0000882291,AEMD,2004-03-26,0,1.4865198765871301e-05,1.0
0000882291,AEMD,2004-03-29,0,1.4865198765871301e-05,1.0
0000882291,AEMD,2004-03-30,0,1.4865198765871301e-05,1.0
0000882291,AEMD,2004-03-31,0,1.4865198765871301e-05,1.0
0000882291,AEMD,2004-04-01,0,1.4865198765871301e-05,1.0
0000882291,AEMD,2004-04-02,0,1.4865198765871301e-05,1.0
0000882291,AEMD,2004-04-05,0,1.4865198765871301e-05,1.0
0000882291,AEMD,2004-04-06,0,1.4865198765871301e-05,1.0
0000882291,AEMD,2004-04-07,0,1.4865198765871301e-05,1.0
0000882291,AEMD,2004-04-08,0,1.4865198765871301e-05,1.0
0000882291,AEMD,2004-04-09,0,1.4865198765871301e-05,1.0
0000882291,AEMD,2004-04-12,0,1.4865198765871301e-05,1.0
0000882291,AEMD,2004-04-13,0,1.4865198765871301e-05,1.0
0000882291,AEMD,2004-04-14,0,1.4865198765871301e-05,1.0
0000882291,AEMD,2004-04-15,0,1.4865198765871301e-05,1.0
0000882291,AEMD,2004-04-16,0,1.4865198765871301e-05,1.0
0000882291,AEMD,2004-04-19,0,1.4865198765871301e-05,1.0
0000882291,AEMD,2004-04-20,0,1.4865198765871301e-05,1.0
0000882291,AEMD,2004-04-21,0,1.4865198765871301e-05,1.0
0000882291,AEMD,2004-04-22,0,1.4865198765871301e-05,1.0
0000882291,AEMD,2004-04-23,0,1.4865198765871301e-05,1.0
0000882291,AEMD,2004-04-26,0,1.4865198765871301e-05,1.0
0000882291,AEMD,2004-04-27,0,1.4865198765871301e-05,1.0
0000882291,AEMD,2004-04-28,0,1.4865198765871301e-05,1.0
0000882291,AEMD,2004-04-29,0,1.4865198765871301e-05,1.0
0000882291,AEMD,2004-04-30,0,1.4865198765871301e-05,1.0
0000882291,AEMD,2004-05-03,0,1.4865198765871301e-05,1.0
0000882291,AEMD,2004-05-04,0,1.4865198765871301e-05,1.0
0000882291,AEMD,2004-05-05,0,1.4865198765871301e-05,1.0
0000882291,AEMD,2004-05-06,0,1.4865198765871301e-05,1.0
0000882291,AEMD,2004-05-07,0,1.4865198765871301e-05,1.0
0000882291,AEMD,2004-05-10,0,1.4865198765871301e-05,1.0
0000882291,AEMD,2004-05-11,0,1.4865198765871301e-05,1.0
0000882291,AEMD,2004-05-12,0,1.4865198765871301e-05,1.0
0000882291,AEMD,2004-05-13,0,1.4865198765871301e-05,1.0
0000882291,AEMD,2004-05-14,0,1.4865198765871301e-05,1.0
0000882291,AEMD,2004-05-17,0,1.4865198765871301e-05,1.0
0000882291,AEMD,2004-05-18,0,1.4865198765871301e-05,1.0
0000882291,AEMD,2004-05-19,0,1.4865198765871301e-05,1.0
0000882291,AEMD,2004-05-20,0,1.4865198765871301e-05,1.0
0000882291,AEMD,2004-05-21,0,1.4865198765871301e-05,1.0
0000882291,AEMD,2004-05-24,0,1.4865198765871301e-05,1.0
0000882291,AEMD,2004-05-25,0,1.4865198765871301e-05,1.0
0000882291,AEMD,2004-05-26,0,1.4865198765871301e-05,1.0
0000882291,AEMD,2004-05-27,0,1.4865198765871301e-05,1.0
0000882291,AEMD,2004-05-28,0,1.4865198765871301e-05,1.0
0000882291,AEMD,2004-05-31,0,1.4865198765871301e-05,1.0
0000882291,AEMD,2004-06-01,0,1.4865198765871301e-05,1.0
0000882291,AEMD,2004-06-02,0,1.4865198765871301e-05,1.0
0000882291,AEMD,2004-06-03,0,1.4865198765871301e-05,1.0
0000882291,AEMD,2004-06-04,0,1.4865198765871301e-05,1.0
0000882291,AEMD,2004-06-07,0,1.4865198765871301e-05,1.0
0000882291,AEMD,2004-06-08,0,1.4865198765871301e-05,1.0
0000882291,AEMD,2004-06-09,0,1.0473589573083623e-05,1.0
0000882291,AEMD,2004-06-10,0,1.0473589573083623e-05,1.0
0000882291,AEMD,2004-06-11,0,1.0473589573083623e-05,1.0
0000882291,AEMD,2004-06-14,0,1.0473589573083623e-05,1.0
0000882291,AEMD,2004-06-15,0,1.0473589573083623e-05,1.0
0000882291,AEMD,2004-06-16,0,1.0473589573083623e-05,1.0
0000882291,AEMD,2004-06-17,0,1.0473589573083623e-05,1.0
0000882291,AEMD,2004-06-18,0,1.0473589573083623e-05,1.0
0000882291,AEMD,2004-06-21,0,1.0473589573083623e-05,1.0
0000882291,AEMD,2004-06-22,0,1.0473589573083623e-05,1.0
0000882291,AEMD,2004-06-23,0,1.0473589573083623e-05,1.0
0000882291,AEMD,2004-06-24,0,1.0473589573083623e-05,1.0
0000882291,AEMD,2004-06-25,0,1.0473589573083623e-05,1.0
0000882291,AEMD,2004-06-28,0,1.0473589573083623e-05,1.0
0000882291,AEMD,2004-06-29,0,1.0473589573083623e-05,1.0
0000882291,AEMD,2004-06-30,0,1.0473589573083623e-05,1.0
0000882291,AEMD,2004-07-01,0,1.0473589573083623e-05,1.0
0000882291,AEMD,2004-07-02,0,1.0473589573083623e-05,1.0
0000882291,AEMD,2004-07-05,0,1.0473589573083623e-05,1.0
0000882291,AEMD,2004-07-06,0,1.0473589573083623e-05,1.0
0000882291,AEMD,2004-07-07,0,1.0473589573083623e-05,1.0
0000882291,AEMD,2004-07-08,0,1.0473589573083623e-05,1.0
0000882291,AEMD,2004-07-09,0,1.1298161772429255e-05,1.0
0000882291,AEMD,2004-07-12,0,1.1298161772429255e-05,1.0
0000882291,AEMD,2004-07-13,0,1.1298161772429255e-05,1.0
0000882291,AEMD,2004-07-14,0,1.1298161772429255e-05,1.0
0000882291,AEMD,2004-07-15,0,1.1298161772429255e-05,1.0
0000882291,AEMD,2004-07-16,0,1.1298161772429255e-05,1.0
0000882291,AEMD,2004-07-19,0,1.1298161772429255e-05,1.0
0000882291,AEMD,2004-07-20,0,1.1298161772429255e-05,1.0
0000882291,AEMD,2004-07-21,0,1.1298161772429255e-05,1.0
0000882291,AEMD,2004-07-22,0,1.1298161772429255e-05,1.0
0000882291,AEMD,2004-07-23,0,1.1298161772429255e-05,1.0
0000882291,AEMD,2004-07-26,0,1.1298161772429255e-05,1.0
0000882291,AEMD,2004-07-27,0,1.1298161772429255e-05,1.0
0000882291,AEMD,2004-07-28,0,1.1298161772429255e-05,1.0
0000882291,AEMD,2004-07-29,0,1.1298161772429255e-05,1.0
0000882291,AEMD,2004-07-30,0,1.1298161772429255e-05,1.0
0000882291,AEMD,2004-08-02,0,1.1298161772429255e-05,1.0
0000882291,AEMD,2004-08-03,0,1.1298161772429255e-05,1.0
0000882291,AEMD,2004-08-04,0,1.1298161772429255e-05,1.0
0000882291,AEMD,2004-08-05,0,1.1298161772429255e-05,1.0
0000882291,AEMD,2004-08-06,0,1.1298161772429255e-05,1.0
0000882291,AEMD,2004-08-09,0,1.1298161772429255e-05,1.0
0000882291,AEMD,2004-08-10,0,1.1298161772429255e-05,1.0
0000882291,AEMD,2004-08-11,0,1.1298161772429255e-05,1.0
0000882291,AEMD,2004-08-12,0,1.1298161772429255e-05,1.0
0000882291,AEMD,2004-08-13,0,1.1298161772429255e-05,1.0
0000882291,AEMD,2004-08-16,0,1.1298161772429255e-05,1.0
0000882291,AEMD,2004-08-17,0,1.1298161772429255e-05,1.0
0000882291,AEMD,2004-08-18,0,1.1298161772429255e-05,1.0
0000882291,AEMD,2004-08-19,0,1.1298161772429255e-05,1.0
0000882291,AEMD,2004-08-20,0,1.1298161772429255e-05,1.0
0000882291,AEMD,2004-08-23,0,1.1298161772429255e-05,1.0
0000882291,AEMD,2004-08-24,0,1.1298161772429255e-05,1.0
0000882291,AEMD,2004-08-25,0,1.1298161772429255e-05,1.0
0000882291,AEMD,2004-08-26,0,1.1298161772429255e-05,1.0
0000882291,AEMD,2004-08-27,0,1.1298161772429255e-05,1.0
0000882291,AEMD,2004-08-30,0,1.1298161772429255e-05,1.0
0000882291,AEMD,2004-08-31,0,1.1298161772429255e-05,1.0
0000882291,AEMD,2004-09-01,0,1.1298161772429255e-05,1.0
0000882291,AEMD,2004-09-02,0,1.1298161772429255e-05,1.0
0000882291,AEMD,2004-09-03,0,1.1298161772429255e-05,1.0
0000882291,AEMD,2004-09-06,0,1.1298161772429255e-05,1.0
0000882291,AEMD,2004-09-07,0,1.3030327209635649e-05,1.0
0000882291,AEMD,2004-09-08,0,1.1777652129561673e-05,1.0
0000882291,AEMD,2004-09-09,0,1.1777652129561673e-05,1.0
0000882291,AEMD,2004-09-10,0,1.1777652129561673e-05,1.0
0000882291,AEMD,2004-09-13,0,1.1777652129561673e-05,1.0
0000882291,AEMD,2004-09-14,0,1.1777652129561673e-05,1.0
0000882291,AEMD,2004-09-15,0,1.1777652129561673e-05,1.0
0000882291,AEMD,2004-09-16,0,1.1777652129561673e-05,1.0
0000882291,AEMD,2004-09-17,0,1.1777652129561673e-05,1.0
0000882291,AEMD,2004-09-20,0,1.1777652129561673e-05,1.0
0000882291,AEMD,2004-09-21,0,1.1777652129561673e-05,1.0
0000882291,AEMD,2004-09-22,0,1.1777652129561673e-05,1.0
0000882291,AEMD,2004-09-23,0,1.1777652129561673e-05,1.0
0000882291,AEMD,2004-09-24,0,1.1777652129561673e-05,1.0
0000882291,AEMD,2004-09-27,0,1.1777652129561673e-05,1.0
0000882291,AEMD,2004-09-28,0,1.1777652129561673e-05,1.0
0000882291,AEMD,2004-09-29,0,1.1777652129561673e-05,1.0
0000882291,AEMD,2004-09-30,0,1.1777652129561673e-05,1.0
0000882291,AEMD,2004-10-01,0,1.1777652129561673e-05,1.0
0000882291,AEMD,2004-10-04,0,1.1777652129561673e-05,1.0
0000882291,AEMD,2004-10-05,0,1.1777652129561673e-05,1.0
0000882291,AEMD,2004-10-06,0,1.1777652129561673e-05,1.0
0000882291,AEMD,2004-10-07,0,1.1777652129561673e-05,1.0
0000882291,AEMD,2004-10-08,0,1.1777652129561673e-05,1.0
0000882291,AEMD,2004-10-11,0,1.1777652129561673e-05,1.0
0000882291,AEMD,2004-10-12,0,1.1777652129561673e-05,1.0
0000882291,AEMD,2004-10-13,0,1.1777652129561673e-05,1.0
0000882291,AEMD,2004-10-14,0,1.1777652129561673e-05,1.0
0000882291,AEMD,2004-10-15,0,1.1777652129561673e-05,1.0
0000882291,AEMD,2004-10-18,0,1.1777652129561673e-05,1.0
0000882291,AEMD,2004-10-19,0,1.1777652129561673e-05,1.0
0000882291,AEMD,2004-10-20,0,1.1777652129561673e-05,1.0
0000882291,AEMD,2004-10-21,0,1.1777652129561673e-05,1.0
0000882291,AEMD,2004-10-22,0,1.1777652129561673e-05,1.0
0000882291,AEMD,2004-10-25,0,1.1777652129561673e-05,1.0
0000882291,AEMD,2004-10-26,0,1.1777652129561673e-05,1.0
0000882291,AEMD,2004-10-27,0,1.1777652129561673e-05,1.0
0000882291,AEMD,2004-10-28,0,1.1777652129561673e-05,1.0
0000882291,AEMD,2004-10-29,0,1.1777652129561673e-05,1.0
0000882291,AEMD,2004-11-01,0,1.1777652129561673e-05,1.0
0000882291,AEMD,2004-11-02,0,1.1777652129561673e-05,1.0
0000882291,AEMD,2004-11-03,0,1.1777652129561673e-05,1.0
0000882291,AEMD,2004-11-04,0,1.1777652129561673e-05,1.0
0000882291,AEMD,2004-11-05,0,1.1777652129561673e-05,1.0
0000882291,AEMD,2004-11-08,0,1.1777652129561673e-05,1.0
0000882291,AEMD,2004-11-09,0,1.1777652129561673e-05,1.0
0000882291,AEMD,2004-11-10,0,1.1777652129561673e-05,1.0
0000882291,AEMD,2004-11-11,0,1.1777652129561673e-05,1.0
0000882291,AEMD,2004-11-12,0,1.1777652129561673e-05,1.0
0000882291,AEMD,2004-11-15,0,1.1777652129561673e-05,1.0
0000882291,AEMD,2004-11-16,0,1.1777652129561673e-05,1.0
0000882291,AEMD,2004-11-17,0,1.1777652129561673e-05,1.0
0000882291,AEMD,2004-11-18,0,1.1777652129561673e-05,1.0
0000882291,AEMD,2004-11-19,0,1.1777652129561673e-05,1.0
0000882291,AEMD,2004-11-22,0,1.1777652129561673e-05,1.0
0000882291,AEMD,2004-11-23,0,1.1777652129561673e-05,1.0
0000882291,AEMD,2004-11-24,0,1.1777652129561673e-05,1.0
0000882291,AEMD,2004-11-25,0,1.1777652129561673e-05,1.0
0000882291,AEMD,2004-11-26,0,1.1777652129561673e-05,1.0
0000882291,AEMD,2004-11-29,0,1.1777652129561673e-05,1.0
0000882291,AEMD,2004-11-30,0,1.1777652129561673e-05,1.0
0000882291,AEMD,2004-12-01,0,1.1777652129561673e-05,1.0
0000882291,AEMD,2004-12-02,0,1.1777652129561673e-05,1.0
0000882291,AEMD,2004-12-03,0,1.1777652129561673e-05,1.0
0000882291,AEMD,2004-12-06,0,1.3224540635683663e-05,1.0
0000882291,AEMD,2004-12-07,0,1.3224540635683663e-05,1.0
0000882291,AEMD,2004-12-08,0,1.3224540635683663e-05,1.0
0000882291,AEMD,2004-12-09,0,1.3224540635683663e-05,1.0
0000882291,AEMD,2004-12-10,0,1.3224540635683663e-05,1.0
0000882291,AEMD,2004-12-13,0,1.3224540635683663e-05,1.0
0000882291,AEMD,2004-12-14,0,1.3224540635683663e-05,1.0
0000882291,AEMD,2004-12-15,0,1.3224540635683663e-05,1.0
0000882291,AEMD,2004-12-16,0,1.3224540635683663e-05,1.0
0000882291,AEMD,2004-12-17,0,1.3224540635683663e-05,1.0
0000882291,AEMD,2004-12-20,0,1.3224540635683663e-05,1.0
0000882291,AEMD,2004-12-21,0,1.3224540635683663e-05,1.0
0000882291,AEMD,2004-12-22,0,1.3224540635683663e-05,1.0
0000882291,AEMD,2004-12-23,0,1.3224540635683663e-05,1.0
0000882291,AEMD,2004-12-24,0,1.3224540635683663e-05,1.0
0000882291,AEMD,2004-12-27,0,1.3224540635683663e-05,1.0
0000882291,AEMD,2004-12-28,0,1.3224540635683663e-05,1.0
0000882291,AEMD,2004-12-29,0,1.3224540635683663e-05,1.0
0000882291,AEMD,2004-12-30,0,1.3224540635683663e-05,1.0
0000882291,AEMD,2004-12-31,0,1.3224540635683663e-05,1.0
0000882291,AEMD,2005-01-03,0,1.3224540635683663e-05,1.0
0000882291,AEMD,2005-01-04,0,1.3224540635683663e-05,1.0
0000882291,AEMD,2005-01-05,0,1.3224540635683663e-05,1.0
0000882291,AEMD,2005-01-06,0,1.3224540635683663e-05,1.0
0000882291,AEMD,2005-01-07,0,1.3224540635683663e-05,1.0
0000882291,AEMD,2005-01-10,0,1.3224540635683663e-05,1.0
0000882291,AEMD,2005-01-11,0,1.3224540635683663e-05,1.0
0000882291,AEMD,2005-01-12,0,1.3224540635683663e-05,1.0
0000882291,AEMD,2005-01-13,0,1.3224540635683663e-05,1.0
0000882291,AEMD,2005-01-14,0,1.3224540635683663e-05,1.0
0000882291,AEMD,2005-01-17,0,1.3224540635683663e-05,1.0
0000882291,AEMD,2005-01-18,0,1.3224540635683663e-05,1.0
0000882291,AEMD,2005-01-19,0,1.3224540635683663e-05,1.0
0000882291,AEMD,2005-01-20,0,1.3224540635683663e-05,1.0
0000882291,AEMD,2005-01-21,0,1.3224540635683663e-05,1.0
0000882291,AEMD,2005-01-24,0,1.3224540635683663e-05,1.0
0000882291,AEMD,2005-01-25,0,1.3224540635683663e-05,1.0
0000882291,AEMD,2005-01-26,0,1.3224540635683663e-05,1.0
0000882291,AEMD,2005-01-27,0,1.3224540635683663e-05,1.0
0000882291,AEMD,2005-01-28,0,1.3224540635683663e-05,1.0
0000882291,AEMD,2005-01-31,0,1.3224540635683663e-05,1.0
0000882291,AEMD,2005-02-01,0,1.3224540635683663e-05,1.0
0000882291,AEMD,2005-02-02,0,1.3224540635683663e-05,1.0
0000882291,AEMD,2005-02-03,0,1.3224540635683663e-05,1.0
0000882291,AEMD,2005-02-04,0,1.3224540635683663e-05,1.0
0000882291,AEMD,2005-02-07,0,1.3224540635683663e-05,1.0
0000882291,AEMD,2005-02-08,0,1.3224540635683663e-05,1.0
0000882291,AEMD,2005-02-09,0,1.3224540635683663e-05,1.0
0000882291,AEMD,2005-02-10,0,1.3224540635683663e-05,1.0
0000882291,AEMD,2005-02-11,0,1.3224540635683663e-05,1.0
0000882291,AEMD,2005-02-14,0,1.3224540635683663e-05,1.0
0000882291,AEMD,2005-02-15,0,1.3224540635683663e-05,1.0
0000882291,AEMD,2005-02-16,0,1.3224540635683663e-05,1.0
0000882291,AEMD,2005-02-17,0,1.3224540635683663e-05,1.0
0000882291,AEMD,2005-02-18,0,1.3224540635683663e-05,1.0
0000882291,AEMD,2005-02-21,0,1.3224540635683663e-05,1.0
0000882291,AEMD,2005-02-22,0,1.3224540635683663e-05,1.0
0000882291,AEMD,2005-02-23,0,1.3224540635683663e-05,1.0
0000882291,AEMD,2005-02-24,0,1.3224540635683663e-05,1.0
0000882291,AEMD,2005-02-25,0,1.3224540635683663e-05,1.0
0000882291,AEMD,2005-02-28,0,1.3224540635683663e-05,1.0
0000882291,AEMD,2005-03-01,0,1.3224540635683663e-05,1.0
0000882291,AEMD,2005-03-02,0,1.3224540635683663e-05,1.0
0000882291,AEMD,2005-03-03,0,1.3224540635683663e-05,1.0
0000882291,AEMD,2005-03-04,0,1.3224540635683663e-05,1.0
0000882291,AEMD,2005-03-07,0,1.3224540635683663e-05,1.0
0000882291,AEMD,2005-03-08,0,1.3224540635683663e-05,1.0
0000882291,AEMD,2005-03-09,0,1.3224540635683663e-05,1.0
0000882291,AEMD,2005-03-10,0,1.3224540635683663e-05,1.0
0000882291,AEMD,2005-03-11,0,1.3224540635683663e-05,1.0
0000882291,AEMD,2005-03-14,0,1.3224540635683663e-05,1.0
0000882291,AEMD,2005-03-15,0,1.3224540635683663e-05,1.0
0000882291,AEMD,2005-03-16,0,1.3224540635683663e-05,1.0
0000882291,AEMD,2005-03-17,0,1.3224540635683663e-05,1.0
0000882291,AEMD,2005-03-18,0,1.3224540635683663e-05,1.0
0000882291,AEMD,2005-03-21,0,1.3224540635683663e-05,1.0
0000882291,AEMD,2005-03-22,0,1.3224540635683663e-05,1.0
0000882291,AEMD,2005-03-23,0,1.3224540635683663e-05,1.0
0000882291,AEMD,2005-03-24,0,1.3224540635683663e-05,1.0
0000882291,AEMD,2005-03-25,0,1.3224540635683663e-05,1.0
0000882291,AEMD,2005-03-28,0,1.3224540635683663e-05,1.0
0000882291,AEMD,2005-03-29,0,1.3224540635683663e-05,1.0
0000882291,AEMD,2005-03-30,0,1.3224540635683663e-05,1.0
0000882291,AEMD,2005-03-31,0,1.3224540635683663e-05,1.0
0000882291,AEMD,2005-04-01,0,1.3224540635683663e-05,1.0
0000882291,AEMD,2005-04-04,0,1.3224540635683663e-05,1.0
0000882291,AEMD,2005-04-05,0,1.3224540635683663e-05,1.0
0000882291,AEMD,2005-04-06,0,1.3224540635683663e-05,1.0
0000882291,AEMD,2005-04-07,0,1.3224540635683663e-05,1.0
0000882291,AEMD,2005-04-08,0,1.3224540635683663e-05,1.0
0000882291,AEMD,2005-04-11,0,1.3224540635683663e-05,1.0
0000882291,AEMD,2005-04-12,0,1.3224540635683663e-05,1.0
0000882291,AEMD,2005-04-13,0,1.3224540635683663e-05,1.0
0000882291,AEMD,2005-04-14,0,1.3224540635683663e-05,1.0
0000882291,AEMD,2005-04-15,0,1.3224540635683663e-05,1.0
0000882291,AEMD,2005-04-18,0,1.3224540635683663e-05,1.0
0000882291,AEMD,2005-04-19,0,1.3224540635683663e-05,1.0
0000882291,AEMD,2005-04-20,0,1.3224540635683663e-05,1.0
0000882291,AEMD,2005-04-21,0,1.3224540635683663e-05,1.0
0000882291,AEMD,2005-04-22,0,1.3224540635683663e-05,1.0
0000882291,AEMD,2005-04-25,0,1.3224540635683663e-05,1.0
0000882291,AEMD,2005-04-26,0,6.191620194433396e-07,1.0
0000882291,AEMD,2005-04-27,0,6.191620194433396e-07,1.0
0000882291,AEMD,2005-04-28,0,6.191620194433396e-07,1.0
0000882291,AEMD,2005-04-29,0,6.191620194433396e-07,1.0
0000882291,AEMD,2005-05-02,0,6.191620194433396e-07,1.0
0000882291,AEMD,2005-05-03,0,6.191620194433396e-07,1.0
0000882291,AEMD,2005-05-04,0,6.191620194433396e-07,1.0
0000882291,AEMD,2005-05-05,0,6.191620194433396e-07,1.0
0000882291,AEMD,2005-05-06,0,6.191620194433396e-07,1.0
0000882291,AEMD,2005-05-09,0,3.837286675162975e-07,1.0
0000882291,AEMD,2005-05-10,0,3.837286675162975e-07,1.0
0000882291,AEMD,2005-05-11,0,3.837286675162975e-07,1.0
0000882291,AEMD,2005-05-12,0,3.837286675162975e-07,1.0
0000882291,AEMD,2005-05-13,0,3.837286675162975e-07,1.0
0000882291,AEMD,2005-05-16,0,3.837286675162975e-07,1.0
0000882291,AEMD,2005-05-17,0,3.837286675162975e-07,1.0
0000882291,AEMD,2005-05-18,0,3.837286675162975e-07,1.0
0000882291,AEMD,2005-05-19,0,3.837286675162975e-07,1.0
0000882291,AEMD,2005-05-20,0,3.837286675162975e-07,1.0
0000882291,AEMD,2005-05-23,0,3.9343269864636035e-07,1.0
0000882291,AEMD,2005-05-24,0,3.9343269864636035e-07,1.0
0000882291,AEMD,2005-05-25,0,3.9343269864636035e-07,1.0
0000882291,AEMD,2005-05-26,0,4.718186195424426e-07,1.0
0000882291,AEMD,2005-05-27,0,4.718186195424426e-07,1.0
0000882291,AEMD,2005-05-30,0,4.718186195424426e-07,1.0
0000882291,AEMD,2005-05-31,0,4.718186195424426e-07,1.0
0000882291,AEMD,2005-06-01,0,4.718186195424426e-07,1.0
0000882291,AEMD,2005-06-02,0,4.718186195424426e-07,1.0
0000882291,AEMD,2005-06-03,0,4.718186195424426e-07,1.0
0000882291,AEMD,2005-06-06,0,4.718186195424426e-07,1.0
0000882291,AEMD,2005-06-07,0,4.718186195424426e-07,1.0
0000882291,AEMD,2005-06-08,0,2.593955903732572e-06,1.0
0000882291,AEMD,2005-06-09,0,2.593955903732572e-06,1.0
0000882291,AEMD,2005-06-10,0,2.593955903732572e-06,1.0
0000882291,AEMD,2005-06-13,0,2.593955903732572e-06,1.0
0000882291,AEMD,2005-06-14,0,2.593955903732572e-06,1.0
0000882291,AEMD,2005-06-15,0,2.593955903732572e-06,1.0
0000882291,AEMD,2005-06-16,0,2.593955903732572e-06,1.0
0000882291,AEMD,2005-06-17,0,2.593955903732572e-06,1.0
0000882291,AEMD,2005-06-20,0,2.593955903732572e-06,1.0
0000882291,AEMD,2005-06-21,0,2.593955903732572e-06,1.0
0000882291,AEMD,2005-06-22,0,2.7534177998628852e-06,1.0
0000882291,AEMD,2005-06-23,0,2.7534177998628852e-06,1.0
0000882291,AEMD,2005-06-24,0,2.7534177998628852e-06,1.0
0000882291,AEMD,2005-06-27,0,2.7534177998628852e-06,1.0
0000882291,AEMD,2005-06-28,0,2.7534177998628852e-06,1.0
0000882291,AEMD,2005-06-29,0,2.7534177998628852e-06,1.0
0000882291,AEMD,2005-06-30,0,2.7534177998628852e-06,1.0
0000882291,AEMD,2005-07-01,0,2.7534177998628852e-06,1.0
0000882291,AEMD,2005-07-04,0,2.7534177998628852e-06,1.0
0000882291,AEMD,2005-07-05,0,2.7534177998628852e-06,1.0
0000882291,AEMD,2005-07-06,0,2.7534177998628852e-06,1.0
0000882291,AEMD,2005-07-07,0,2.7534177998628852e-06,1.0
0000882291,AEMD,2005-07-08,0,2.7534177998628852e-06,1.0
0000882291,AEMD,2005-07-11,0,2.7534177998628852e-06,1.0
0000882291,AEMD,2005-07-12,0,2.7534177998628852e-06,1.0
0000882291,AEMD,2005-07-13,0,2.7534177998628852e-06,1.0
0000882291,AEMD,2005-07-14,0,2.7534177998628852e-06,1.0
0000882291,AEMD,2005-07-15,0,2.7534177998628852e-06,1.0
0000882291,AEMD,2005-07-18,0,2.7534177998628852e-06,1.0
0000882291,AEMD,2005-07-19,0,2.7534177998628852e-06,1.0
0000882291,AEMD,2005-07-20,0,2.7534177998628852e-06,1.0
0000882291,AEMD,2005-07-21,0,2.7534177998628852e-06,1.0
0000882291,AEMD,2005-07-22,0,2.7534177998628852e-06,1.0
0000882291,AEMD,2005-07-25,0,3.665434985696028e-06,1.0
0000882291,AEMD,2005-07-26,0,3.665434985696028e-06,1.0
0000882291,AEMD,2005-07-27,0,3.665434985696028e-06,1.0
0000882291,AEMD,2005-07-28,0,3.665434985696028e-06,1.0
0000882291,AEMD,2005-07-29,0,3.665434985696028e-06,1.0
0000882291,AEMD,2005-08-01,0,3.665434985696028e-06,1.0
0000882291,AEMD,2005-08-02,0,3.665434985696028e-06,1.0
0000882291,AEMD,2005-08-03,0,3.665434985696028e-06,1.0
0000882291,AEMD,2005-08-04,0,3.665434985696028e-06,1.0
0000882291,AEMD,2005-08-05,0,3.665434985696028e-06,1.0
0000882291,AEMD,2005-08-08,0,7.489830248659636e-06,1.0
0000882291,AEMD,2005-08-09,0,7.489830248659636e-06,1.0
0000882291,AEMD,2005-08-10,0,7.489830248659636e-06,1.0
0000882291,AEMD,2005-08-11,0,7.489830248659636e-06,1.0
0000882291,AEMD,2005-08-12,0,7.489830248659636e-06,1.0
0000882291,AEMD,2005-08-15,0,7.489830248659636e-06,1.0
0000882291,AEMD,2005-08-16,0,7.489830248659636e-06,1.0
0000882291,AEMD,2005-08-17,0,7.489830248659636e-06,1.0
0000882291,AEMD,2005-08-18,0,7.489830248659636e-06,1.0
0000882291,AEMD,2005-08-19,0,7.489830248659636e-06,1.0
0000882291,AEMD,2005-08-22,0,8.676822962600217e-06,1.0
0000882291,AEMD,2005-08-23,0,8.676822962600217e-06,1.0
0000882291,AEMD,2005-08-24,0,8.676822962600217e-06,1.0
0000882291,AEMD,2005-08-25,0,8.676822962600217e-06,1.0
0000882291,AEMD,2005-08-26,0,8.676822962600217e-06,1.0
0000882291,AEMD,2005-08-29,0,8.676822962600217e-06,1.0
0000882291,AEMD,2005-08-30,0,8.676822962600217e-06,1.0
0000882291,AEMD,2005-08-31,0,8.676822962600217e-06,1.0
0000882291,AEMD,2005-09-01,0,8.676822962600217e-06,1.0
0000882291,AEMD,2005-09-02,0,8.676822962600217e-06,1.0
0000882291,AEMD,2005-09-05,0,8.676822962600217e-06,1.0
0000882291,AEMD,2005-09-06,0,8.676822962600217e-06,1.0
0000882291,AEMD,2005-09-07,0,8.676822962600217e-06,1.0
0000882291,AEMD,2005-09-08,0,8.676822962600217e-06,1.0
0000882291,AEMD,2005-09-09,0,8.676822962600217e-06,1.0
0000882291,AEMD,2005-09-12,0,4.749279674984153e-06,1.0
0000882291,AEMD,2005-09-13,0,4.749279674984153e-06,1.0
0000882291,AEMD,2005-09-14,0,4.749279674984153e-06,1.0
0000882291,AEMD,2005-09-15,0,4.749279674984153e-06,1.0
0000882291,AEMD,2005-09-16,0,4.749279674984153e-06,1.0
0000882291,AEMD,2005-09-19,0,4.749279674984153e-06,1.0
0000882291,AEMD,2005-09-20,0,4.749279674984153e-06,1.0
0000882291,AEMD,2005-09-21,0,4.749279674984153e-06,1.0
0000882291,AEMD,2005-09-22,0,4.749279674984153e-06,1.0
0000882291,AEMD,2005-09-23,0,4.749279674984153e-06,1.0
0000882291,AEMD,2005-09-26,0,4.749279674984153e-06,1.0
0000882291,AEMD,2005-09-27,0,4.749279674984153e-06,1.0
0000882291,AEMD,2005-09-28,0,4.749279674984153e-06,1.0
0000882291,AEMD,2005-09-29,0,4.749279674984153e-06,1.0
0000882291,AEMD,2005-09-30,0,4.749279674984153e-06,1.0
0000882291,AEMD,2005-10-03,0,4.749279674984153e-06,1.0
0000882291,AEMD,2005-10-04,0,4.749279674984153e-06,1.0
0000882291,AEMD,2005-10-05,0,4.749279674984153e-06,1.0
0000882291,AEMD,2005-10-06,0,4.749279674984153e-06,1.0
0000882291,AEMD,2005-10-07,0,4.749279674984153e-06,1.0
0000882291,AEMD,2005-10-10,0,4.749279674984153e-06,1.0
0000882291,AEMD,2005-10-11,0,4.749279674984153e-06,1.0
0000882291,AEMD,2005-10-12,0,7.314541415462964e-06,1.0
0000882291,AEMD,2005-10-13,0,7.314541415462964e-06,1.0
0000882291,AEMD,2005-10-14,0,7.314541415462964e-06,1.0
0000882291,AEMD,2005-10-17,0,7.314541415462964e-06,1.0
0000882291,AEMD,2005-10-18,0,7.314541415462964e-06,1.0
0000882291,AEMD,2005-10-19,0,7.314541415462964e-06,1.0
0000882291,AEMD,2005-10-20,0,7.314541415462964e-06,1.0
0000882291,AEMD,2005-10-21,0,7.314541415462964e-06,1.0
0000882291,AEMD,2005-10-24,0,7.372613803855033e-06,1.0
0000882291,AEMD,2005-10-25,0,7.372613803855033e-06,1.0
0000882291,AEMD,2005-10-26,0,7.372613803855033e-06,1.0
0000882291,AEMD,2005-10-27,0,7.372613803855033e-06,1.0
0000882291,AEMD,2005-10-28,0,7.372613803855033e-06,1.0
0000882291,AEMD,2005-10-31,0,7.372613803855033e-06,1.0
0000882291,AEMD,2005-11-01,0,7.372613803855033e-06,1.0
0000882291,AEMD,2005-11-02,0,7.372613803855033e-06,1.0
0000882291,AEMD,2005-11-03,0,7.372613803855033e-06,1.0
0000882291,AEMD,2005-11-04,0,7.372613803855033e-06,1.0
0000882291,AEMD,2005-11-07,0,4.47773718002671e-06,1.0
0000882291,AEMD,2005-11-08,0,4.47773718002671e-06,1.0
0000882291,AEMD,2005-11-09,0,4.47773718002671e-06,1.0
0000882291,AEMD,2005-11-10,0,4.47773718002671e-06,1.0
0000882291,AEMD,2005-11-11,0,4.47773718002671e-06,1.0
0000882291,AEMD,2005-11-14,0,4.47773718002671e-06,1.0
0000882291,AEMD,2005-11-15,0,4.47773718002671e-06,1.0
0000882291,AEMD,2005-11-16,0,4.47773718002671e-06,1.0
0000882291,AEMD,2005-11-17,0,4.47773718002671e-06,1.0
0000882291,AEMD,2005-11-18,0,4.47773718002671e-06,1.0
0000882291,AEMD,2005-11-21,0,4.457405544484063e-06,1.0
0000882291,AEMD,2005-11-22,0,4.457405544484063e-06,1.0
0000882291,AEMD,2005-11-23,0,4.457405544484063e-06,1.0
0000882291,AEMD,2005-11-24,0,4.457405544484063e-06,1.0
0000882291,AEMD,2005-11-25,0,4.457405544484063e-06,1.0
0000882291,AEMD,2005-11-28,0,4.457405544484063e-06,1.0
0000882291,AEMD,2005-11-29,0,4.457405544484063e-06,1.0
0000882291,AEMD,2005-11-30,0,4.457405544484063e-06,1.0
0000882291,AEMD,2005-12-01,0,4.457405544484063e-06,1.0
0000882291,AEMD,2005-12-02,0,4.457405544484063e-06,1.0
0000882291,AEMD,2005-12-05,0,4.457405544484063e-06,1.0
0000882291,AEMD,2005-12-06,0,4.457405544484063e-06,1.0
0000882291,AEMD,2005-12-07,0,7.334190187652787e-06,1.0
0000882291,AEMD,2005-12-08,0,7.334190187652787e-06,1.0
0000882291,AEMD,2005-12-09,0,7.334190187652787e-06,1.0
0000882291,AEMD,2005-12-12,0,7.584775982745351e-06,1.0
0000882291,AEMD,2005-12-13,0,7.584775982745351e-06,1.0
0000882291,AEMD,2005-12-14,0,7.584775982745351e-06,1.0
0000882291,AEMD,2005-12-15,0,7.584775982745351e-06,1.0
0000882291,AEMD,2005-12-16,0,7.584775982745351e-06,1.0
0000882291,AEMD,2005-12-19,0,7.584775982745351e-06,1.0
0000882291,AEMD,2005-12-20,0,7.584775982745351e-06,1.0
0000882291,AEMD,2005-12-21,0,7.584775982745351e-06,1.0
0000882291,AEMD,2005-12-22,0,7.584775982745351e-06,1.0
0000882291,AEMD,2005-12-23,0,7.584775982745351e-06,1.0
0000882291,AEMD,2005-12-26,0,7.584775982745351e-06,1.0
0000882291,AEMD,2005-12-27,0,7.584775982745351e-06,1.0
0000882291,AEMD,2005-12-28,0,7.584775982745351e-06,1.0
0000882291,AEMD,2005-12-29,0,7.584775982745351e-06,1.0
0000882291,AEMD,2005-12-30,0,7.584775982745351e-06,1.0
0000882291,AEMD,2006-01-02,0,7.584775982745351e-06,1.0
0000882291,AEMD,2006-01-03,0,7.584775982745351e-06,1.0
0000882291,AEMD,2006-01-04,0,7.584775982745351e-06,1.0
0000882291,AEMD,2006-01-05,0,7.584775982745351e-06,1.0
0000882291,AEMD,2006-01-06,0,7.584775982745351e-06,1.0
0000882291,AEMD,2006-01-09,0,7.584775982745351e-06,1.0
0000882291,AEMD,2006-01-10,0,7.584775982745351e-06,1.0
0000882291,AEMD,2006-01-11,0,7.584775982745351e-06,1.0
0000882291,AEMD,2006-01-12,0,7.584775982745351e-06,1.0
0000882291,AEMD,2006-01-13,0,7.584775982745351e-06,1.0
0000882291,AEMD,2006-01-16,0,7.584775982745351e-06,1.0
0000882291,AEMD,2006-01-17,0,7.584775982745351e-06,1.0
0000882291,AEMD,2006-01-18,0,7.584775982745351e-06,1.0
0000882291,AEMD,2006-01-19,0,7.584775982745351e-06,1.0
0000882291,AEMD,2006-01-20,0,7.584775982745351e-06,1.0
0000882291,AEMD,2006-01-23,0,7.584775982745351e-06,1.0
0000882291,AEMD,2006-01-24,0,7.584775982745351e-06,1.0
0000882291,AEMD,2006-01-25,0,7.584775982745351e-06,1.0
0000882291,AEMD,2006-01-26,0,7.584775982745351e-06,1.0
0000882291,AEMD,2006-01-27,0,7.584775982745351e-06,1.0
0000882291,AEMD,2006-01-30,0,7.584775982745351e-06,1.0
0000882291,AEMD,2006-01-31,0,7.584775982745351e-06,1.0
0000882291,AEMD,2006-02-01,0,7.584775982745351e-06,1.0
0000882291,AEMD,2006-02-02,0,7.584775982745351e-06,1.0
0000882291,AEMD,2006-02-03,0,7.584775982745351e-06,1.0
0000882291,AEMD,2006-02-06,0,1.0323518064043556e-05,1.0
0000882291,AEMD,2006-02-07,0,1.0323518064043556e-05,1.0
0000882291,AEMD,2006-02-08,0,1.0323518064043556e-05,1.0
0000882291,AEMD,2006-02-09,0,1.0323518064043556e-05,1.0
0000882291,AEMD,2006-02-10,0,1.0323518064043556e-05,1.0
0000882291,AEMD,2006-02-13,0,1.0323518064043556e-05,1.0
0000882291,AEMD,2006-02-14,0,1.0323518064043556e-05,1.0
0000882291,AEMD,2006-02-15,0,1.0323518064043556e-05,1.0
0000882291,AEMD,2006-02-16,0,1.0323518064043556e-05,1.0
0000882291,AEMD,2006-02-17,0,1.0323518064043556e-05,1.0
0000882291,AEMD,2006-02-20,0,1.0323518064043556e-05,1.0
0000882291,AEMD,2006-02-21,0,1.0323518064043556e-05,1.0
0000882291,AEMD,2006-02-22,0,1.0323518064043556e-05,1.0
0000882291,AEMD,2006-02-23,0,1.0323518064043556e-05,1.0
0000882291,AEMD,2006-02-24,0,5.650606365100297e-06,1.0
0000882291,AEMD,2006-02-27,0,5.650606365100297e-06,1.0
0000882291,AEMD,2006-02-28,0,5.650606365100297e-06,1.0
0000882291,AEMD,2006-03-01,0,5.650606365100297e-06,1.0
0000882291,AEMD,2006-03-02,0,5.650606365100297e-06,1.0
0000882291,AEMD,2006-03-03,0,5.650606365100297e-06,1.0
0000882291,AEMD,2006-03-06,0,5.650606365100297e-06,1.0
0000882291,AEMD,2006-03-07,0,5.650606365100297e-06,1.0
0000882291,AEMD,2006-03-08,0,5.650606365100297e-06,1.0
0000882291,AEMD,2006-03-09,0,5.650606365100297e-06,1.0
0000882291,AEMD,2006-03-10,0,5.650606365100297e-06,1.0
0000882291,AEMD,2006-03-13,0,5.693544048533916e-06,1.0
0000882291,AEMD,2006-03-14,0,5.693544048533916e-06,1.0
0000882291,AEMD,2006-03-15,0,5.693544048533916e-06,1.0
0000882291,AEMD,2006-03-16,0,5.693544048533916e-06,1.0
0000882291,AEMD,2006-03-17,0,5.693544048533916e-06,1.0
0000882291,AEMD,2006-03-20,0,5.693544048533916e-06,1.0
0000882291,AEMD,2006-03-21,0,5.693544048533916e-06,1.0
0000882291,AEMD,2006-03-22,0,5.693544048533916e-06,1.0
0000882291,AEMD,2006-03-23,0,5.693544048533916e-06,1.0
0000882291,AEMD,2006-03-24,0,5.693544048533916e-06,1.0
0000882291,AEMD,2006-03-27,0,8.768833455398873e-06,1.0
0000882291,AEMD,2006-03-28,0,8.768833455398873e-06,1.0
0000882291,AEMD,2006-03-29,0,8.768833455398873e-06,1.0
0000882291,AEMD,2006-03-30,0,8.768833455398873e-06,1.0
0000882291,AEMD,2006-03-31,0,8.768833455398873e-06,1.0
0000882291,AEMD,2006-04-03,0,8.768833455398873e-06,1.0
0000882291,AEMD,2006-04-04,0,4.43523907299412e-06,1.0
0000882291,AEMD,2006-04-05,0,4.43523907299412e-06,1.0
0000882291,AEMD,2006-04-06,0,4.43523907299412e-06,1.0
0000882291,AEMD,2006-04-07,0,4.43523907299412e-06,1.0
0000882291,AEMD,2006-04-10,0,4.43523907299412e-06,1.0
0000882291,AEMD,2006-04-11,0,4.43523907299412e-06,1.0
0000882291,AEMD,2006-04-12,0,4.43523907299412e-06,1.0
0000882291,AEMD,2006-04-13,0,4.43523907299412e-06,1.0
0000882291,AEMD,2006-04-14,0,4.43523907299412e-06,1.0
0000882291,AEMD,2006-04-17,0,4.43523907299412e-06,1.0
0000882291,AEMD,2006-04-18,0,4.43523907299412e-06,1.0
0000882291,AEMD,2006-04-19,0,4.43523907299412e-06,1.0
0000882291,AEMD,2006-04-20,0,4.43523907299412e-06,1.0
0000882291,AEMD,2006-04-21,0,4.43523907299412e-06,1.0
0000882291,AEMD,2006-04-24,0,4.43523907299412e-06,1.0
0000882291,AEMD,2006-04-25,0,4.43523907299412e-06,1.0
0000882291,AEMD,2006-04-26,0,4.43523907299412e-06,1.0
0000882291,AEMD,2006-04-27,0,4.43523907299412e-06,1.0
0000882291,AEMD,2006-04-28,0,4.43523907299412e-06,1.0
0000882291,AEMD,2006-05-01,0,4.43523907299412e-06,1.0
0000882291,AEMD,2006-05-02,0,4.43523907299412e-06,1.0
0000882291,AEMD,2006-05-03,0,4.43523907299412e-06,1.0
0000882291,AEMD,2006-05-04,0,7.297717703668599e-06,1.0
0000882291,AEMD,2006-05-05,0,7.297717703668599e-06,1.0
0000882291,AEMD,2006-05-08,0,7.327189946884538e-06,1.0
0000882291,AEMD,2006-05-09,0,7.327189946884538e-06,1.0
0000882291,AEMD,2006-05-10,0,7.327189946884538e-06,1.0
0000882291,AEMD,2006-05-11,0,7.327189946884538e-06,1.0
0000882291,AEMD,2006-05-12,0,7.327189946884538e-06,1.0
0000882291,AEMD,2006-05-15,0,7.327189946884538e-06,1.0
0000882291,AEMD,2006-05-16,0,7.327189946884538e-06,1.0
0000882291,AEMD,2006-05-17,0,7.327189946884538e-06,1.0
0000882291,AEMD,2006-05-18,0,7.327189946884538e-06,1.0
0000882291,AEMD,2006-05-19,0,7.327189946884538e-06,1.0
0000882291,AEMD,2006-05-22,0,7.327189946884538e-06,1.0
0000882291,AEMD,2006-05-23,0,7.327189946884538e-06,1.0
0000882291,AEMD,2006-05-24,0,7.327189946884538e-06,1.0
0000882291,AEMD,2006-05-25,0,7.327189946884538e-06,1.0
0000882291,AEMD,2006-05-26,0,7.57753656797676e-06,1.0
0000882291,AEMD,2006-05-29,0,7.57753656797676e-06,1.0
0000882291,AEMD,2006-05-30,0,7.57753656797676e-06,1.0
0000882291,AEMD,2006-05-31,0,7.57753656797676e-06,1.0
0000882291,AEMD,2006-06-01,0,7.57753656797676e-06,1.0
0000882291,AEMD,2006-06-02,0,7.57753656797676e-06,1.0
0000882291,AEMD,2006-06-05,0,7.57753656797676e-06,1.0
0000882291,AEMD,2006-06-06,0,7.57753656797676e-06,1.0
0000882291,AEMD,2006-06-07,0,7.57753656797676e-06,1.0
0000882291,AEMD,2006-06-08,0,7.57753656797676e-06,1.0
0000882291,AEMD,2006-06-09,0,7.57753656797676e-06,1.0
0000882291,AEMD,2006-06-12,0,7.57753656797676e-06,1.0
0000882291,AEMD,2006-06-13,0,7.57753656797676e-06,1.0
0000882291,AEMD,2006-06-14,0,7.57753656797676e-06,1.0
0000882291,AEMD,2006-06-15,0,7.57753656797676e-06,1.0
0000882291,AEMD,2006-06-16,0,7.57753656797676e-06,1.0
0000882291,AEMD,2006-06-19,0,7.57753656797676e-06,1.0
0000882291,AEMD,2006-06-20,0,7.57753656797676e-06,1.0
0000882291,AEMD,2006-06-21,0,7.57753656797676e-06,1.0
0000882291,AEMD,2006-06-22,0,7.57753656797676e-06,1.0
0000882291,AEMD,2006-06-23,0,7.57753656797676e-06,1.0
0000882291,AEMD,2006-06-26,0,7.57753656797676e-06,1.0
0000882291,AEMD,2006-06-27,0,7.57753656797676e-06,1.0
0000882291,AEMD,2006-06-28,0,7.57753656797676e-06,1.0
0000882291,AEMD,2006-06-29,0,7.57753656797676e-06,1.0
0000882291,AEMD,2006-06-30,0,7.57753656797676e-06,1.0
0000882291,AEMD,2006-07-03,0,1.031366463860064e-05,1.0
0000882291,AEMD,2006-07-04,0,1.031366463860064e-05,1.0
0000882291,AEMD,2006-07-05,0,1.031366463860064e-05,1.0
0000882291,AEMD,2006-07-06,0,1.031366463860064e-05,1.0
0000882291,AEMD,2006-07-07,0,1.031366463860064e-05,1.0
0000882291,AEMD,2006-07-10,0,1.031366463860064e-05,1.0
0000882291,AEMD,2006-07-11,0,1.031366463860064e-05,1.0
0000882291,AEMD,2006-07-12,0,1.031366463860064e-05,1.0
0000882291,AEMD,2006-07-13,0,1.031366463860064e-05,1.0
0000882291,AEMD,2006-07-14,0,1.031366463860064e-05,1.0
0000882291,AEMD,2006-07-17,0,1.031366463860064e-05,1.0
0000882291,AEMD,2006-07-18,0,1.031366463860064e-05,1.0
0000882291,AEMD,2006-07-19,0,1.031366463860064e-05,1.0
0000882291,AEMD,2006-07-20,0,1.031366463860064e-05,1.0
0000882291,AEMD,2006-07-21,0,1.031366463860064e-05,1.0
0000882291,AEMD,2006-07-24,0,1.031366463860064e-05,1.0
0000882291,AEMD,2006-07-25,0,1.031366463860064e-05,1.0
0000882291,AEMD,2006-07-26,0,1.031366463860064e-05,1.0
0000882291,AEMD,2006-07-27,0,1.031366463860064e-05,1.0
0000882291,AEMD,2006-07-28,0,1.031366463860064e-05,1.0
0000882291,AEMD,2006-07-31,0,1.031366463860064e-05,1.0
0000882291,AEMD,2006-08-01,0,1.031366463860064e-05,1.0
0000882291,AEMD,2006-08-02,0,1.031366463860064e-05,1.0
0000882291,AEMD,2006-08-03,0,1.031366463860064e-05,1.0
0000882291,AEMD,2006-08-04,0,1.031366463860064e-05,1.0
0000882291,AEMD,2006-08-07,0,1.031366463860064e-05,1.0
0000882291,AEMD,2006-08-08,0,1.031366463860064e-05,1.0
0000882291,AEMD,2006-08-09,0,1.031366463860064e-05,1.0
0000882291,AEMD,2006-08-10,0,1.031366463860064e-05,1.0
0000882291,AEMD,2006-08-11,0,1.031366463860064e-05,1.0
0000882291,AEMD,2006-08-14,0,1.031366463860064e-05,1.0
0000882291,AEMD,2006-08-15,0,1.031366463860064e-05,1.0
0000882291,AEMD,2006-08-16,0,1.031366463860064e-05,1.0
0000882291,AEMD,2006-08-17,0,1.031366463860064e-05,1.0
0000882291,AEMD,2006-08-18,0,1.031366463860064e-05,1.0
0000882291,AEMD,2006-08-21,0,1.031366463860064e-05,1.0
0000882291,AEMD,2006-08-22,0,1.031366463860064e-05,1.0
0000882291,AEMD,2006-08-23,0,1.031366463860064e-05,1.0
0000882291,AEMD,2006-08-24,0,1.0392035482004846e-05,1.0
0000882291,AEMD,2006-08-25,0,1.0392035482004846e-05,1.0
0000882291,AEMD,2006-08-28,0,1.0392035482004846e-05,1.0
0000882291,AEMD,2006-08-29,0,1.0392035482004846e-05,1.0
0000882291,AEMD,2006-08-30,0,1.0392035482004846e-05,1.0
0000882291,AEMD,2006-08-31,0,1.0392035482004846e-05,1.0
0000882291,AEMD,2006-09-01,0,1.0392035482004846e-05,1.0
0000882291,AEMD,2006-09-04,0,1.0392035482004846e-05,1.0
0000882291,AEMD,2006-09-05,0,1.0392035482004846e-05,1.0
0000882291,AEMD,2006-09-06,0,1.0392035482004846e-05,1.0
0000882291,AEMD,2006-09-07,0,1.0392035482004846e-05,1.0
0000882291,AEMD,2006-09-08,0,1.0392035482004846e-05,1.0
0000882291,AEMD,2006-09-11,0,1.0392035482004846e-05,1.0
0000882291,AEMD,2006-09-12,0,1.0392035482004846e-05,1.0
0000882291,AEMD,2006-09-13,0,1.0392035482004846e-05,1.0
0000882291,AEMD,2006-09-14,0,1.0392035482004846e-05,1.0
0000882291,AEMD,2006-09-15,0,1.0392035482004846e-05,1.0
0000882291,AEMD,2006-09-18,0,1.0392035482004846e-05,1.0
0000882291,AEMD,2006-09-19,0,1.0392035482004846e-05,1.0
0000882291,AEMD,2006-09-20,0,1.0392035482004846e-05,1.0
0000882291,AEMD,2006-09-21,0,1.0392035482004846e-05,1.0
0000882291,AEMD,2006-09-22,0,1.0392035482004846e-05,1.0
0000882291,AEMD,2006-09-25,0,1.0392035482004846e-05,1.0
0000882291,AEMD,2006-09-26,0,1.0392035482004846e-05,1.0
0000882291,AEMD,2006-09-27,0,1.0392035482004846e-05,1.0
0000882291,AEMD,2006-09-28,0,1.0392035482004846e-05,1.0
0000882291,AEMD,2006-09-29,0,1.0392035482004846e-05,1.0
0000882291,AEMD,2006-10-02,0,1.3120027332022985e-05,1.0
0000882291,AEMD,2006-10-03,0,1.3120027332022985e-05,1.0
0000882291,AEMD,2006-10-04,0,1.3120027332022985e-05,1.0
0000882291,AEMD,2006-10-05,0,1.3120027332022985e-05,1.0
0000882291,AEMD,2006-10-06,0,1.3120027332022985e-05,1.0
0000882291,AEMD,2006-10-09,0,1.3120027332022985e-05,1.0
0000882291,AEMD,2006-10-10,0,1.3120027332022985e-05,1.0
0000882291,AEMD,2006-10-11,0,1.3120027332022985e-05,1.0
0000882291,AEMD,2006-10-12,0,1.3120027332022985e-05,1.0
0000882291,AEMD,2006-10-13,0,1.3120027332022985e-05,1.0
0000882291,AEMD,2006-10-16,0,1.3120027332022985e-05,1.0
0000882291,AEMD,2006-10-17,0,1.3120027332022985e-05,1.0
0000882291,AEMD,2006-10-18,0,1.3120027332022985e-05,1.0
0000882291,AEMD,2006-10-19,0,1.3120027332022985e-05,1.0
0000882291,AEMD,2006-10-20,0,1.3120027332022985e-05,1.0
0000882291,AEMD,2006-10-23,0,1.3120027332022985e-05,1.0
0000882291,AEMD,2006-10-24,0,1.3120027332022985e-05,1.0
0000882291,AEMD,2006-10-25,0,1.3120027332022985e-05,1.0
0000882291,AEMD,2006-10-26,0,1.3120027332022985e-05,1.0
0000882291,AEMD,2006-10-27,0,1.3120027332022985e-05,1.0
0000882291,AEMD,2006-10-30,0,1.3120027332022985e-05,1.0
0000882291,AEMD,2006-10-31,0,1.3120027332022985e-05,1.0
0000882291,AEMD,2006-11-01,0,1.3120027332022985e-05,1.0
0000882291,AEMD,2006-11-02,0,1.3120027332022985e-05,1.0
0000882291,AEMD,2006-11-03,0,1.3120027332022985e-05,1.0
0000882291,AEMD,2006-11-06,0,1.3120027332022985e-05,1.0
0000882291,AEMD,2006-11-07,0,1.3120027332022985e-05,1.0
0000882291,AEMD,2006-11-08,0,1.3120027332022985e-05,1.0
0000882291,AEMD,2006-11-09,0,1.3120027332022985e-05,1.0
0000882291,AEMD,2006-11-10,0,1.3120027332022985e-05,1.0
0000882291,AEMD,2006-11-13,0,1.3120027332022985e-05,1.0
0000882291,AEMD,2006-11-14,0,1.3120027332022985e-05,1.0
0000882291,AEMD,2006-11-15,0,1.3120027332022985e-05,1.0
0000882291,AEMD,2006-11-16,0,1.3120027332022985e-05,1.0
0000882291,AEMD,2006-11-17,0,1.3120027332022985e-05,1.0
0000882291,AEMD,2006-11-20,0,1.3120027332022985e-05,1.0
0000882291,AEMD,2006-11-21,0,1.3120027332022985e-05,1.0
0000882291,AEMD,2006-11-22,0,1.3120027332022985e-05,1.0
0000882291,AEMD,2006-11-23,0,1.3120027332022985e-05,1.0
0000882291,AEMD,2006-11-24,0,1.3120027332022985e-05,1.0
0000882291,AEMD,2006-11-27,0,1.3120027332022985e-05,1.0
0000882291,AEMD,2006-11-28,0,1.3120027332022985e-05,1.0
0000882291,AEMD,2006-11-29,0,1.3120027332022985e-05,1.0
0000882291,AEMD,2006-11-30,0,1.3120027332022985e-05,1.0
0000882291,AEMD,2006-12-01,0,1.3120027332022985e-05,1.0
0000882291,AEMD,2006-12-04,0,1.3120027332022985e-05,1.0
0000882291,AEMD,2006-12-05,0,1.3120027332022985e-05,1.0
0000882291,AEMD,2006-12-06,0,1.3120027332022985e-05,1.0
0000882291,AEMD,2006-12-07,0,1.3120027332022985e-05,1.0
0000882291,AEMD,2006-12-08,0,1.3120027332022985e-05,1.0
0000882291,AEMD,2006-12-11,0,1.3120027332022985e-05,1.0
0000882291,AEMD,2006-12-12,0,1.3120027332022985e-05,1.0
0000882291,AEMD,2006-12-13,0,1.3120027332022985e-05,1.0
0000882291,AEMD,2006-12-14,0,1.3120027332022985e-05,1.0
0000882291,AEMD,2006-12-15,0,1.3120027332022985e-05,1.0
0000882291,AEMD,2006-12-18,0,1.3120027332022985e-05,1.0
0000882291,AEMD,2006-12-19,0,1.3120027332022985e-05,1.0
0000882291,AEMD,2006-12-20,0,1.3120027332022985e-05,1.0
0000882291,AEMD,2006-12-21,0,1.3120027332022985e-05,1.0
0000882291,AEMD,2006-12-22,0,1.3120027332022985e-05,1.0
0000882291,AEMD,2006-12-25,0,1.3120027332022985e-05,1.0
0000882291,AEMD,2006-12-26,0,1.3120027332022985e-05,1.0
0000882291,AEMD,2006-12-27,0,1.3120027332022985e-05,1.0
0000882291,AEMD,2006-12-28,0,1.3120027332022985e-05,1.0
0000882291,AEMD,2006-12-29,0,1.3120027332022985e-05,1.0
0000882291,AEMD,2007-01-01,0,1.3120027332022985e-05,1.0
0000882291,AEMD,2007-01-02,0,1.3120027332022985e-05,1.0
0000882291,AEMD,2007-01-03,0,1.3120027332022985e-05,1.0
0000882291,AEMD,2007-01-04,0,1.3120027332022985e-05,1.0
0000882291,AEMD,2007-01-05,0,1.3120027332022985e-05,1.0
0000882291,AEMD,2007-01-08,0,1.3120027332022985e-05,1.0
0000882291,AEMD,2007-01-09,0,1.3120027332022985e-05,1.0
0000882291,AEMD,2007-01-10,0,1.3120027332022985e-05,1.0
0000882291,AEMD,2007-01-11,0,1.3120027332022985e-05,1.0
0000882291,AEMD,2007-01-12,0,1.3120027332022985e-05,1.0
0000882291,AEMD,2007-01-15,0,1.3120027332022985e-05,1.0
0000882291,AEMD,2007-01-16,0,1.3120027332022985e-05,1.0
0000882291,AEMD,2007-01-17,0,1.3120027332022985e-05,1.0
0000882291,AEMD,2007-01-18,0,1.3120027332022985e-05,1.0
0000882291,AEMD,2007-01-19,0,1.3120027332022985e-05,1.0
0000882291,AEMD,2007-01-22,0,1.3120027332022985e-05,1.0
0000882291,AEMD,2007-01-23,0,1.3120027332022985e-05,1.0
0000882291,AEMD,2007-01-24,0,1.3120027332022985e-05,1.0
0000882291,AEMD,2007-01-25,0,1.3120027332022985e-05,1.0
0000882291,AEMD,2007-01-26,0,1.3120027332022985e-05,1.0
0000882291,AEMD,2007-01-29,0,1.3120027332022985e-05,1.0
0000882291,AEMD,2007-01-30,0,3.4427856451119284e-07,1.0
0000882291,AEMD,2007-01-31,0,3.4427856451119284e-07,1.0
0000882291,AEMD,2007-02-01,0,3.4427856451119284e-07,1.0
0000882291,AEMD,2007-02-02,0,3.4427856451119284e-07,1.0
0000882291,AEMD,2007-02-05,0,3.4427856451119284e-07,1.0
0000882291,AEMD,2007-02-06,0,3.4427856451119284e-07,1.0
0000882291,AEMD,2007-02-07,0,3.4427856451119284e-07,1.0
0000882291,AEMD,2007-02-08,0,3.4427856451119284e-07,1.0
0000882291,AEMD,2007-02-09,0,3.4427856451119284e-07,1.0
0000882291,AEMD,2007-02-12,0,1.1958628469289052e-07,1.0
0000882291,AEMD,2007-02-13,0,1.1958628469289052e-07,1.0
0000882291,AEMD,2007-02-14,0,1.1958628469289052e-07,1.0
0000882291,AEMD,2007-02-15,0,1.1958628469289052e-07,1.0
0000882291,AEMD,2007-02-16,0,1.1958628469289052e-07,1.0
0000882291,AEMD,2007-02-19,0,1.1958628469289052e-07,1.0
0000882291,AEMD,2007-02-20,0,1.1958628469289052e-07,1.0
0000882291,AEMD,2007-02-21,0,1.1958628469289052e-07,1.0
0000882291,AEMD,2007-02-22,0,1.1958628469289052e-07,1.0
0000882291,AEMD,2007-02-23,0,1.1958628469289052e-07,1.0
0000882291,AEMD,2007-02-26,0,1.1958628469289052e-07,1.0
0000882291,AEMD,2007-02-27,0,1.1958628469289052e-07,1.0
0000882291,AEMD,2007-02-28,0,1.1958628469289052e-07,1.0
0000882291,AEMD,2007-03-01,0,1.8188594072192365e-07,1.0
0000882291,AEMD,2007-03-02,0,1.8188594072192365e-07,1.0
0000882291,AEMD,2007-03-05,0,1.8188594072192365e-07,1.0
0000882291,AEMD,2007-03-06,0,1.8188594072192365e-07,1.0
0000882291,AEMD,2007-03-07,0,1.8188594072192365e-07,1.0
0000882291,AEMD,2007-03-08,0,1.8188594072192365e-07,1.0
0000882291,AEMD,2007-03-09,0,1.8188594072192365e-07,1.0
0000882291,AEMD,2007-03-12,0,1.8188594072192365e-07,1.0
0000882291,AEMD,2007-03-13,0,1.8188594072192365e-07,1.0
0000882291,AEMD,2007-03-14,0,1.8188594072192365e-07,1.0
0000882291,AEMD,2007-03-15,0,1.3858466127184894e-06,1.0
0000882291,AEMD,2007-03-16,0,1.3858466127184894e-06,1.0
0000882291,AEMD,2007-03-19,0,1.3858466127184894e-06,1.0
0000882291,AEMD,2007-03-20,0,1.3858466127184894e-06,1.0
0000882291,AEMD,2007-03-21,0,1.3858466127184894e-06,1.0
0000882291,AEMD,2007-03-22,0,7.944353691858421e-07,1.0
0000882291,AEMD,2007-03-23,0,7.944353691858421e-07,1.0
0000882291,AEMD,2007-03-26,0,7.944353691858421e-07,1.0
0000882291,AEMD,2007-03-27,0,7.944353691858421e-07,1.0
0000882291,AEMD,2007-03-28,0,7.944353691858421e-07,1.0
0000882291,AEMD,2007-03-29,0,7.944353691858421e-07,1.0
0000882291,AEMD,2007-03-30,0,7.944353691858421e-07,1.0
0000882291,AEMD,2007-04-02,0,7.944353691858421e-07,1.0
0000882291,AEMD,2007-04-03,0,7.944353691858421e-07,1.0
0000882291,AEMD,2007-04-04,0,7.944353691858421e-07,1.0
0000882291,AEMD,2007-04-05,0,7.944353691858421e-07,1.0
0000882291,AEMD,2007-04-06,0,7.944353691858421e-07,1.0
0000882291,AEMD,2007-04-09,0,7.944353691858421e-07,1.0
0000882291,AEMD,2007-04-10,0,7.944353691858421e-07,1.0
0000882291,AEMD,2007-04-11,0,7.944353691858421e-07,1.0
0000882291,AEMD,2007-04-12,0,7.944353691858421e-07,1.0
0000882291,AEMD,2007-04-13,0,7.944353691858421e-07,1.0
0000882291,AEMD,2007-04-16,0,7.944353691858421e-07,1.0
0000882291,AEMD,2007-04-17,0,7.944353691858421e-07,1.0
0000882291,AEMD,2007-04-18,0,7.944353691858421e-07,1.0
0000882291,AEMD,2007-04-19,0,7.944353691858421e-07,1.0
0000882291,AEMD,2007-04-20,0,7.944353691858421e-07,1.0
0000882291,AEMD,2007-04-23,0,1.3284114408670334e-06,1.0
0000882291,AEMD,2007-04-24,0,1.3284114408670334e-06,1.0
0000882291,AEMD,2007-04-25,0,1.3284114408670334e-06,1.0
0000882291,AEMD,2007-04-26,0,1.3284114408670334e-06,1.0
0000882291,AEMD,2007-04-27,0,1.3284114408670334e-06,1.0
0000882291,AEMD,2007-04-30,0,1.3284114408670334e-06,1.0
0000882291,AEMD,2007-05-01,0,2.449896916180776e-06,1.0
0000882291,AEMD,2007-05-02,0,2.449896916180776e-06,1.0
0000882291,AEMD,2007-05-03,0,2.449896916180776e-06,1.0
0000882291,AEMD,2007-05-04,0,2.449896916180776e-06,1.0
0000882291,AEMD,2007-05-07,0,2.449896916180776e-06,1.0
0000882291,AEMD,2007-05-08,0,2.449896916180776e-06,1.0
0000882291,AEMD,2007-05-09,0,2.449896916180776e-06,1.0
0000882291,AEMD,2007-05-10,0,2.449896916180776e-06,1.0
0000882291,AEMD,2007-05-11,0,2.449896916180776e-06,1.0
0000882291,AEMD,2007-05-14,0,6.0935960319715105e-06,1.0
0000882291,AEMD,2007-05-15,0,6.0935960319715105e-06,1.0
0000882291,AEMD,2007-05-16,0,6.0935960319715105e-06,1.0
0000882291,AEMD,2007-05-17,0,6.0935960319715105e-06,1.0
0000882291,AEMD,2007-05-18,0,6.0935960319715105e-06,1.0
0000882291,AEMD,2007-05-21,0,6.0935960319715105e-06,1.0
0000882291,AEMD,2007-05-22,0,6.0935960319715105e-06,1.0
0000882291,AEMD,2007-05-23,0,6.0935960319715105e-06,1.0
0000882291,AEMD,2007-05-24,0,6.0935960319715105e-06,1.0
0000882291,AEMD,2007-05-25,0,6.0935960319715105e-06,1.0
0000882291,AEMD,2007-05-28,0,6.0935960319715105e-06,1.0
0000882291,AEMD,2007-05-29,0,6.0935960319715105e-06,1.0
0000882291,AEMD,2007-05-30,0,6.0935960319715105e-06,1.0
0000882291,AEMD,2007-05-31,0,6.0935960319715105e-06,1.0
0000882291,AEMD,2007-06-01,0,6.0935960319715105e-06,1.0
0000882291,AEMD,2007-06-04,0,6.0935960319715105e-06,1.0
0000882291,AEMD,2007-06-05,0,6.0935960319715105e-06,1.0
0000882291,AEMD,2007-06-06,0,6.0935960319715105e-06,1.0
0000882291,AEMD,2007-06-07,0,6.0935960319715105e-06,1.0
0000882291,AEMD,2007-06-08,0,6.0935960319715105e-06,1.0
0000882291,AEMD,2007-06-11,0,6.0935960319715105e-06,1.0
0000882291,AEMD,2007-06-12,0,6.0935960319715105e-06,1.0
0000882291,AEMD,2007-06-13,0,6.0935960319715105e-06,1.0
0000882291,AEMD,2007-06-14,0,6.0935960319715105e-06,1.0
0000882291,AEMD,2007-06-15,0,6.0935960319715105e-06,1.0
0000882291,AEMD,2007-06-18,0,6.0935960319715105e-06,1.0
0000882291,AEMD,2007-06-19,0,6.0935960319715105e-06,1.0
0000882291,AEMD,2007-06-20,0,8.256916282414834e-06,1.0
0000882291,AEMD,2007-06-21,0,8.256916282414834e-06,1.0
0000882291,AEMD,2007-06-22,0,8.256916282414834e-06,1.0
0000882291,AEMD,2007-06-25,0,8.256916282414834e-06,1.0
0000882291,AEMD,2007-06-26,0,8.256916282414834e-06,1.0
0000882291,AEMD,2007-06-27,0,8.256916282414834e-06,1.0
0000882291,AEMD,2007-06-28,0,8.256916282414834e-06,1.0
0000882291,AEMD,2007-06-29,0,8.256916282414834e-06,1.0
0000882291,AEMD,2007-07-02,0,8.256916282414834e-06,1.0
0000882291,AEMD,2007-07-03,0,8.256916282414834e-06,1.0
0000882291,AEMD,2007-07-04,0,8.256916282414834e-06,1.0
0000882291,AEMD,2007-07-05,0,8.256916282414834e-06,1.0
0000882291,AEMD,2007-07-06,0,8.256916282414834e-06,1.0
0000882291,AEMD,2007-07-09,0,8.256916282414834e-06,1.0
0000882291,AEMD,2007-07-10,0,8.256916282414834e-06,1.0
0000882291,AEMD,2007-07-11,0,8.256916282414834e-06,1.0
0000882291,AEMD,2007-07-12,0,8.256916282414834e-06,1.0
0000882291,AEMD,2007-07-13,0,8.256916282414834e-06,1.0
0000882291,AEMD,2007-07-16,0,8.256916282414834e-06,1.0
0000882291,AEMD,2007-07-17,0,8.256916282414834e-06,1.0
0000882291,AEMD,2007-07-18,0,8.256916282414834e-06,1.0
0000882291,AEMD,2007-07-19,0,8.256916282414834e-06,1.0
0000882291,AEMD,2007-07-20,0,8.256916282414834e-06,1.0
0000882291,AEMD,2007-07-23,0,8.256916282414834e-06,1.0
0000882291,AEMD,2007-07-24,0,8.256916282414834e-06,1.0
0000882291,AEMD,2007-07-25,0,8.256916282414834e-06,1.0
0000882291,AEMD,2007-07-26,0,8.256916282414834e-06,1.0
0000882291,AEMD,2007-07-27,0,8.256916282414834e-06,1.0
0000882291,AEMD,2007-07-30,0,8.422422563960074e-06,1.0
0000882291,AEMD,2007-07-31,0,8.422422563960074e-06,1.0
0000882291,AEMD,2007-08-01,0,8.422422563960074e-06,1.0
0000882291,AEMD,2007-08-02,0,8.422422563960074e-06,1.0
0000882291,AEMD,2007-08-03,0,8.422422563960074e-06,1.0
0000882291,AEMD,2007-08-06,0,8.422422563960074e-06,1.0
0000882291,AEMD,2007-08-07,0,8.422422563960074e-06,1.0
0000882291,AEMD,2007-08-08,0,8.422422563960074e-06,1.0
0000882291,AEMD,2007-08-09,0,8.422422563960074e-06,1.0
0000882291,AEMD,2007-08-10,0,8.422422563960074e-06,1.0
0000882291,AEMD,2007-08-13,0,1.0234899345174616e-05,1.0
0000882291,AEMD,2007-08-14,0,1.0234899345174616e-05,1.0
0000882291,AEMD,2007-08-15,0,1.0234899345174616e-05,1.0
0000882291,AEMD,2007-08-16,0,1.0234899345174616e-05,1.0
0000882291,AEMD,2007-08-17,0,1.0234899345174616e-05,1.0
0000882291,AEMD,2007-08-20,0,8.21843961104271e-06,1.0
0000882291,AEMD,2007-08-21,0,8.21843961104271e-06,1.0
0000882291,AEMD,2007-08-22,0,8.21843961104271e-06,1.0
0000882291,AEMD,2007-08-23,0,8.21843961104271e-06,1.0
0000882291,AEMD,2007-08-24,0,8.21843961104271e-06,1.0
0000882291,AEMD,2007-08-27,0,8.21843961104271e-06,1.0
0000882291,AEMD,2007-08-28,0,8.21843961104271e-06,1.0
0000882291,AEMD,2007-08-29,0,8.21843961104271e-06,1.0
0000882291,AEMD,2007-08-30,0,8.21843961104271e-06,1.0
0000882291,AEMD,2007-08-31,0,8.21843961104271e-06,1.0
0000882291,AEMD,2007-09-03,0,8.21843961104271e-06,1.0
0000882291,AEMD,2007-09-04,0,8.21843961104271e-06,1.0
0000882291,AEMD,2007-09-05,0,8.21843961104271e-06,1.0
0000882291,AEMD,2007-09-06,0,8.21843961104271e-06,1.0
0000882291,AEMD,2007-09-07,0,8.21843961104271e-06,1.0
0000882291,AEMD,2007-09-10,0,8.21843961104271e-06,1.0
0000882291,AEMD,2007-09-11,0,8.21843961104271e-06,1.0
0000882291,AEMD,2007-09-12,0,8.21843961104271e-06,1.0
0000882291,AEMD,2007-09-13,0,8.21843961104271e-06,1.0
0000882291,AEMD,2007-09-14,0,8.21843961104271e-06,1.0
0000882291,AEMD,2007-09-17,0,8.21843961104271e-06,1.0
0000882291,AEMD,2007-09-18,0,9.245306881810513e-06,1.0
0000882291,AEMD,2007-09-19,0,1.0005394038438585e-05,1.0
0000882291,AEMD,2007-09-20,0,1.0005394038438585e-05,1.0
0000882291,AEMD,2007-09-21,0,1.0005394038438585e-05,1.0
0000882291,AEMD,2007-09-24,0,1.0005394038438585e-05,1.0
0000882291,AEMD,2007-09-25,0,1.0005394038438585e-05,1.0
0000882291,AEMD,2007-09-26,0,1.0005394038438585e-05,1.0
0000882291,AEMD,2007-09-27,0,1.0005394038438585e-05,1.0
0000882291,AEMD,2007-09-28,0,1.0005394038438585e-05,1.0
0000882291,AEMD,2007-10-01,0,1.0005394038438585e-05,1.0
0000882291,AEMD,2007-10-02,0,1.0005394038438585e-05,1.0
0000882291,AEMD,2007-10-03,0,1.0005394038438585e-05,1.0
0000882291,AEMD,2007-10-04,0,1.0005394038438585e-05,1.0
0000882291,AEMD,2007-10-05,0,1.0005394038438585e-05,1.0
0000882291,AEMD,2007-10-08,0,1.0005394038438585e-05,1.0
0000882291,AEMD,2007-10-09,0,1.0005394038438585e-05,1.0
0000882291,AEMD,2007-10-10,0,1.0005394038438585e-05,1.0
0000882291,AEMD,2007-10-11,0,1.0005394038438585e-05,1.0
0000882291,AEMD,2007-10-12,0,1.0005394038438585e-05,1.0
0000882291,AEMD,2007-10-15,0,1.0005394038438585e-05,1.0
0000882291,AEMD,2007-10-16,0,1.0005394038438585e-05,1.0
0000882291,AEMD,2007-10-17,0,1.0005394038438585e-05,1.0
0000882291,AEMD,2007-10-18,0,1.0005394038438585e-05,1.0
0000882291,AEMD,2007-10-19,0,1.0005394038438585e-05,1.0
0000882291,AEMD,2007-10-22,0,1.0005394038438585e-05,1.0
0000882291,AEMD,2007-10-23,0,1.0005394038438585e-05,1.0
0000882291,AEMD,2007-10-24,0,1.0005394038438585e-05,1.0
0000882291,AEMD,2007-10-25,0,1.0005394038438585e-05,1.0
0000882291,AEMD,2007-10-26,0,1.0005394038438585e-05,1.0
0000882291,AEMD,2007-10-29,0,1.0005394038438585e-05,1.0
0000882291,AEMD,2007-10-30,0,1.0005394038438585e-05,1.0
0000882291,AEMD,2007-10-31,0,1.0005394038438585e-05,1.0
0000882291,AEMD,2007-11-01,0,1.0005394038438585e-05,1.0
0000882291,AEMD,2007-11-02,0,1.0005394038438585e-05,1.0
0000882291,AEMD,2007-11-05,0,1.0005394038438585e-05,1.0
0000882291,AEMD,2007-11-06,0,1.0005394038438585e-05,1.0
0000882291,AEMD,2007-11-07,0,1.0005394038438585e-05,1.0
0000882291,AEMD,2007-11-08,0,1.0005394038438585e-05,1.0
0000882291,AEMD,2007-11-09,0,1.0005394038438585e-05,1.0
0000882291,AEMD,2007-11-12,0,1.0005394038438585e-05,1.0
0000882291,AEMD,2007-11-13,0,1.0005394038438585e-05,1.0
0000882291,AEMD,2007-11-14,0,1.0005394038438585e-05,1.0
0000882291,AEMD,2007-11-15,0,1.0005394038438585e-05,1.0
0000882291,AEMD,2007-11-16,0,1.0005394038438585e-05,1.0
0000882291,AEMD,2007-11-19,0,1.1529052631695728e-05,1.0
0000882291,AEMD,2007-11-20,0,1.1529052631695728e-05,1.0
0000882291,AEMD,2007-11-21,0,1.1529052631695728e-05,1.0
0000882291,AEMD,2007-11-22,0,1.1529052631695728e-05,1.0
0000882291,AEMD,2007-11-23,0,1.1529052631695728e-05,1.0
0000882291,AEMD,2007-11-26,0,1.1529052631695728e-05,1.0
0000882291,AEMD,2007-11-27,0,1.1529052631695728e-05,1.0
0000882291,AEMD,2007-11-28,0,1.1529052631695728e-05,1.0
0000882291,AEMD,2007-11-29,0,1.1529052631695728e-05,1.0
0000882291,AEMD,2007-11-30,0,1.1529052631695728e-05,1.0
0000882291,AEMD,2007-12-03,0,1.1529052631695728e-05,1.0
0000882291,AEMD,2007-12-04,0,1.1529052631695728e-05,1.0
0000882291,AEMD,2007-12-05,0,1.1529052631695728e-05,1.0
0000882291,AEMD,2007-12-06,0,1.1529052631695728e-05,1.0
0000882291,AEMD,2007-12-07,0,1.1529052631695728e-05,1.0
0000882291,AEMD,2007-12-10,0,1.1529052631695728e-05,1.0
0000882291,AEMD,2007-12-11,0,1.1529052631695728e-05,1.0
0000882291,AEMD,2007-12-12,0,4.521450465020622e-06,1.0
0000882291,AEMD,2007-12-13,0,4.521450465020622e-06,1.0
0000882291,AEMD,2007-12-14,0,4.521450465020622e-06,1.0
0000882291,AEMD,2007-12-17,0,4.521450465020622e-06,1.0
0000882291,AEMD,2007-12-18,0,4.521450465020622e-06,1.0
0000882291,AEMD,2007-12-19,0,4.521450465020622e-06,1.0
0000882291,AEMD,2007-12-20,0,4.521450465020622e-06,1.0
0000882291,AEMD,2007-12-21,0,4.521450465020622e-06,1.0
0000882291,AEMD,2007-12-24,0,4.521450465020622e-06,1.0
0000882291,AEMD,2007-12-25,0,4.521450465020622e-06,1.0
0000882291,AEMD,2007-12-26,0,4.521450465020622e-06,1.0
0000882291,AEMD,2007-12-27,0,4.521450465020622e-06,1.0
0000882291,AEMD,2007-12-28,0,4.521450465020622e-06,1.0
0000882291,AEMD,2007-12-31,0,4.521450465020622e-06,1.0
0000882291,AEMD,2008-01-01,0,4.521450465020622e-06,1.0
0000882291,AEMD,2008-01-02,0,4.521450465020622e-06,1.0
0000882291,AEMD,2008-01-03,0,4.521450465020622e-06,1.0
0000882291,AEMD,2008-01-04,0,4.521450465020622e-06,1.0
0000882291,AEMD,2008-01-07,0,4.521450465020622e-06,1.0
0000882291,AEMD,2008-01-08,0,4.521450465020622e-06,1.0
0000882291,AEMD,2008-01-09,0,4.521450465020622e-06,1.0
0000882291,AEMD,2008-01-10,0,4.521450465020622e-06,1.0
0000882291,AEMD,2008-01-11,0,7.560503614980506e-06,1.0
0000882291,AEMD,2008-01-14,0,7.560503614980506e-06,1.0
0000882291,AEMD,2008-01-15,0,7.560503614980506e-06,1.0
0000882291,AEMD,2008-01-16,0,7.560503614980506e-06,1.0
0000882291,AEMD,2008-01-17,0,7.560503614980506e-06,1.0
0000882291,AEMD,2008-01-18,0,7.560503614980506e-06,1.0
0000882291,AEMD,2008-01-21,0,7.560503614980506e-06,1.0
0000882291,AEMD,2008-01-22,0,7.560503614980506e-06,1.0
0000882291,AEMD,2008-01-23,0,7.560503614980506e-06,1.0
0000882291,AEMD,2008-01-24,0,7.560503614980506e-06,1.0
0000882291,AEMD,2008-01-25,0,7.560503614980506e-06,1.0
0000882291,AEMD,2008-01-28,0,7.560503614980506e-06,1.0
0000882291,AEMD,2008-01-29,0,7.560503614980506e-06,1.0
0000882291,AEMD,2008-01-30,0,7.560503614980506e-06,1.0
0000882291,AEMD,2008-01-31,0,7.560503614980506e-06,1.0
0000882291,AEMD,2008-02-01,0,7.560503614980506e-06,1.0
0000882291,AEMD,2008-02-04,0,7.560503614980506e-06,1.0
0000882291,AEMD,2008-02-05,0,7.560503614980506e-06,1.0
0000882291,AEMD,2008-02-06,0,7.560503614980506e-06,1.0
0000882291,AEMD,2008-02-07,0,7.560503614980506e-06,1.0
0000882291,AEMD,2008-02-08,0,7.560503614980506e-06,1.0
0000882291,AEMD,2008-02-11,0,7.560503614980506e-06,1.0
0000882291,AEMD,2008-02-12,0,1.9264290075919957e-07,1.0
0000882291,AEMD,2008-02-13,0,1.9264290075919957e-07,1.0
0000882291,AEMD,2008-02-14,0,1.9264290075919957e-07,1.0
0000882291,AEMD,2008-02-15,0,1.9264290075919957e-07,1.0
0000882291,AEMD,2008-02-18,0,1.9235088532238953e-07,1.0
0000882291,AEMD,2008-02-19,0,1.9235088532238953e-07,1.0
0000882291,AEMD,2008-02-20,0,1.9235088532238953e-07,1.0
0000882291,AEMD,2008-02-21,0,1.9235088532238953e-07,1.0
0000882291,AEMD,2008-02-22,0,1.9235088532238953e-07,1.0
0000882291,AEMD,2008-02-25,0,1.9235088532238953e-07,1.0
0000882291,AEMD,2008-02-26,0,1.9235088532238953e-07,1.0
0000882291,AEMD,2008-02-27,0,1.9235088532238953e-07,1.0
0000882291,AEMD,2008-02-28,0,1.9235088532238953e-07,1.0
0000882291,AEMD,2008-02-29,0,1.9235088532238953e-07,1.0
0000882291,AEMD,2008-03-03,0,1.9235088532238953e-07,1.0
0000882291,AEMD,2008-03-04,0,1.9235088532238953e-07,1.0
0000882291,AEMD,2008-03-05,0,1.9235088532238953e-07,1.0
0000882291,AEMD,2008-03-06,0,1.9235088532238953e-07,1.0
0000882291,AEMD,2008-03-07,0,1.9235088532238953e-07,1.0
0000882291,AEMD,2008-03-10,0,1.9235088532238953e-07,1.0
0000882291,AEMD,2008-03-11,0,1.9235088532238953e-07,1.0
0000882291,AEMD,2008-03-12,0,1.9927888419846133e-07,1.0
0000882291,AEMD,2008-03-13,0,1.9927888419846133e-07,1.0
0000882291,AEMD,2008-03-14,0,1.7210160929729019e-06,1.0
0000882291,AEMD,2008-03-17,0,1.7210160929729019e-06,1.0
0000882291,AEMD,2008-03-18,0,1.7210160929729019e-06,1.0
0000882291,AEMD,2008-03-19,0,1.7210160929729019e-06,1.0
0000882291,AEMD,2008-03-20,0,1.7210160929729019e-06,1.0
0000882291,AEMD,2008-03-21,0,1.7210160929729019e-06,1.0
0000882291,AEMD,2008-03-24,0,1.7210160929729019e-06,1.0
0000882291,AEMD,2008-03-25,0,1.7210160929729019e-06,1.0
0000882291,AEMD,2008-03-26,0,1.7210160929729019e-06,1.0
0000882291,AEMD,2008-03-27,0,1.7210160929729019e-06,1.0
0000882291,AEMD,2008-03-28,0,1.7210160929729019e-06,1.0
0000882291,AEMD,2008-03-31,0,1.7210160929729019e-06,1.0
0000882291,AEMD,2008-04-01,0,1.7210160929729019e-06,1.0
0000882291,AEMD,2008-04-02,0,1.7210160929729019e-06,1.0
0000882291,AEMD,2008-04-03,0,1.7210160929729019e-06,1.0
0000882291,AEMD,2008-04-04,0,1.7210160929729019e-06,1.0
0000882291,AEMD,2008-04-07,0,1.7210160929729019e-06,1.0
0000882291,AEMD,2008-04-08,0,1.7210160929729019e-06,1.0
0000882291,AEMD,2008-04-09,0,1.7210160929729019e-06,1.0
0000882291,AEMD,2008-04-10,0,1.7210160929729019e-06,1.0
0000882291,AEMD,2008-04-11,0,1.7210160929729019e-06,1.0
0000882291,AEMD,2008-04-14,0,1.7210160929729019e-06,1.0
0000882291,AEMD,2008-04-15,0,1.7210160929729019e-06,1.0
0000882291,AEMD,2008-04-16,0,1.7210160929729019e-06,1.0
0000882291,AEMD,2008-04-17,0,1.7210160929729019e-06,1.0
0000882291,AEMD,2008-04-18,0,1.7210160929729019e-06,1.0
0000882291,AEMD,2008-04-21,0,1.7210160929729019e-06,1.0
0000882291,AEMD,2008-04-22,0,1.7210160929729019e-06,1.0
0000882291,AEMD,2008-04-23,0,1.7210160929729019e-06,1.0
0000882291,AEMD,2008-04-24,0,1.7210160929729019e-06,1.0
0000882291,AEMD,2008-04-25,0,1.7210160929729019e-06,1.0
0000882291,AEMD,2008-04-28,0,1.7210160929729019e-06,1.0
0000882291,AEMD,2008-04-29,0,1.7210160929729019e-06,1.0
0000882291,AEMD,2008-04-30,0,1.7210160929729019e-06,1.0
0000882291,AEMD,2008-05-01,0,1.7210160929729019e-06,1.0
0000882291,AEMD,2008-05-02,0,8.872577387349153e-07,1.0
0000882291,AEMD,2008-05-05,0,8.872577387349153e-07,1.0
0000882291,AEMD,2008-05-06,0,8.872577387349153e-07,1.0
0000882291,AEMD,2008-05-07,0,8.872577387349153e-07,1.0
0000882291,AEMD,2008-05-08,0,8.872577387349153e-07,1.0
0000882291,AEMD,2008-05-09,0,8.872577387349153e-07,1.0
0000882291,AEMD,2008-05-12,0,8.872577387349153e-07,1.0
0000882291,AEMD,2008-05-13,0,3.319408637469144e-06,1.0
0000882291,AEMD,2008-05-14,0,3.319408637469144e-06,1.0
0000882291,AEMD,2008-05-15,0,3.319408637469144e-06,1.0
0000882291,AEMD,2008-05-16,0,3.319408637469144e-06,1.0
0000882291,AEMD,2008-05-19,0,3.319408637469144e-06,1.0
0000882291,AEMD,2008-05-20,0,3.319408637469144e-06,1.0
0000882291,AEMD,2008-05-21,0,3.319408637469144e-06,1.0
0000882291,AEMD,2008-05-22,0,3.319408637469144e-06,1.0
0000882291,AEMD,2008-05-23,0,3.319408637469144e-06,1.0
0000882291,AEMD,2008-05-26,0,3.319408637469144e-06,1.0
0000882291,AEMD,2008-05-27,0,3.319408637469144e-06,1.0
0000882291,AEMD,2008-05-28,0,3.319408637469144e-06,1.0
0000882291,AEMD,2008-05-29,0,3.319408637469144e-06,1.0
0000882291,AEMD,2008-05-30,0,3.319408637469144e-06,1.0
0000882291,AEMD,2008-06-02,0,5.908041427242739e-06,1.0
0000882291,AEMD,2008-06-03,0,5.908041427242739e-06,1.0
0000882291,AEMD,2008-06-04,0,5.908041427242739e-06,1.0
0000882291,AEMD,2008-06-05,0,5.908041427242739e-06,1.0
0000882291,AEMD,2008-06-06,0,5.908041427242739e-06,1.0
0000882291,AEMD,2008-06-09,0,5.908041427242739e-06,1.0
0000882291,AEMD,2008-06-10,0,5.9469180132837296e-06,1.0
0000882291,AEMD,2008-06-11,0,5.9469180132837296e-06,1.0
0000882291,AEMD,2008-06-12,0,5.9469180132837296e-06,1.0
0000882291,AEMD,2008-06-13,0,5.9469180132837296e-06,1.0
0000882291,AEMD,2008-06-16,0,5.9469180132837296e-06,1.0
0000882291,AEMD,2008-06-17,0,5.9469180132837296e-06,1.0
0000882291,AEMD,2008-06-18,0,5.9469180132837296e-06,1.0
0000882291,AEMD,2008-06-19,0,5.9469180132837296e-06,1.0
0000882291,AEMD,2008-06-20,0,5.9469180132837296e-06,1.0
0000882291,AEMD,2008-06-23,0,5.9469180132837296e-06,1.0
0000882291,AEMD,2008-06-24,0,5.9469180132837296e-06,1.0
0000882291,AEMD,2008-06-25,0,5.9469180132837296e-06,1.0
0000882291,AEMD,2008-06-26,0,5.9469180132837296e-06,1.0
0000882291,AEMD,2008-06-27,0,5.9469180132837296e-06,1.0
0000882291,AEMD,2008-06-30,0,5.9469180132837296e-06,1.0
0000882291,AEMD,2008-07-01,0,5.9469180132837296e-06,1.0
0000882291,AEMD,2008-07-02,0,5.9469180132837296e-06,1.0
0000882291,AEMD,2008-07-03,0,5.9469180132837296e-06,1.0
0000882291,AEMD,2008-07-04,0,5.9469180132837296e-06,1.0
0000882291,AEMD,2008-07-07,0,5.9469180132837296e-06,1.0
0000882291,AEMD,2008-07-08,0,5.9469180132837296e-06,1.0
0000882291,AEMD,2008-07-09,0,5.9469180132837296e-06,1.0
0000882291,AEMD,2008-07-10,0,5.9469180132837296e-06,1.0
0000882291,AEMD,2008-07-11,0,5.9469180132837296e-06,1.0
0000882291,AEMD,2008-07-14,0,5.9469180132837296e-06,1.0
0000882291,AEMD,2008-07-15,0,5.9469180132837296e-06,1.0
0000882291,AEMD,2008-07-16,0,5.9469180132837296e-06,1.0
0000882291,AEMD,2008-07-17,0,5.9469180132837296e-06,1.0
0000882291,AEMD,2008-07-18,0,5.9469180132837296e-06,1.0
0000882291,AEMD,2008-07-21,0,5.9469180132837296e-06,1.0
0000882291,AEMD,2008-07-22,0,5.9469180132837296e-06,1.0
0000882291,AEMD,2008-07-23,0,5.9469180132837296e-06,1.0
0000882291,AEMD,2008-07-24,0,5.9469180132837296e-06,1.0
0000882291,AEMD,2008-07-25,0,5.9469180132837296e-06,1.0
0000882291,AEMD,2008-07-28,0,5.9469180132837296e-06,1.0
0000882291,AEMD,2008-07-29,0,5.9469180132837296e-06,1.0
0000882291,AEMD,2008-07-30,0,5.9469180132837296e-06,1.0
0000882291,AEMD,2008-07-31,0,8.370815138254404e-06,1.0
0000882291,AEMD,2008-08-01,0,8.370815138254404e-06,1.0
0000882291,AEMD,2008-08-04,0,8.370815138254404e-06,1.0
0000882291,AEMD,2008-08-05,0,8.370815138254404e-06,1.0
0000882291,AEMD,2008-08-06,0,8.370815138254404e-06,1.0
0000882291,AEMD,2008-08-07,0,8.370815138254404e-06,1.0
0000882291,AEMD,2008-08-08,0,8.370815138254404e-06,1.0
0000882291,AEMD,2008-08-11,0,9.987503761814238e-06,1.0
0000882291,AEMD,2008-08-12,0,4.3896470940161015e-06,1.0
0000882291,AEMD,2008-08-13,0,4.3896470940161015e-06,1.0
0000882291,AEMD,2008-08-14,0,4.945954856283809e-06,1.0
0000882291,AEMD,2008-08-15,0,4.945954856283809e-06,1.0
0000882291,AEMD,2008-08-18,0,4.945954856283809e-06,1.0
0000882291,AEMD,2008-08-19,0,4.945954856283809e-06,1.0
0000882291,AEMD,2008-08-20,0,4.945954856283809e-06,1.0
0000882291,AEMD,2008-08-21,0,4.945954856283809e-06,1.0
0000882291,AEMD,2008-08-22,0,4.945954856283809e-06,1.0
0000882291,AEMD,2008-08-25,0,4.945954856283809e-06,1.0
0000882291,AEMD,2008-08-26,0,4.945954856283809e-06,1.0
0000882291,AEMD,2008-08-27,0,4.945954856283809e-06,1.0
0000882291,AEMD,2008-08-28,0,4.945954856283809e-06,1.0
0000882291,AEMD,2008-08-29,0,4.945954856283809e-06,1.0
0000882291,AEMD,2008-09-01,0,4.945954856283809e-06,1.0
0000882291,AEMD,2008-09-02,0,4.945954856283809e-06,1.0
0000882291,AEMD,2008-09-03,0,4.945954856283809e-06,1.0
0000882291,AEMD,2008-09-04,0,4.945954856283809e-06,1.0
0000882291,AEMD,2008-09-05,0,4.945954856283809e-06,1.0
0000882291,AEMD,2008-09-08,0,4.945954856283809e-06,1.0
0000882291,AEMD,2008-09-09,0,4.945954856283809e-06,1.0
0000882291,AEMD,2008-09-10,0,4.945954856283809e-06,1.0
0000882291,AEMD,2008-09-11,0,7.54410444072403e-06,1.0
0000882291,AEMD,2008-09-12,0,7.54410444072403e-06,1.0
0000882291,AEMD,2008-09-15,0,7.17624156279334e-06,1.0
0000882291,AEMD,2008-09-16,0,7.17624156279334e-06,1.0
0000882291,AEMD,2008-09-17,0,7.17624156279334e-06,1.0
0000882291,AEMD,2008-09-18,0,7.17624156279334e-06,1.0
0000882291,AEMD,2008-09-19,0,7.17624156279334e-06,1.0
0000882291,AEMD,2008-09-22,0,7.17624156279334e-06,1.0
0000882291,AEMD,2008-09-23,0,7.17624156279334e-06,1.0
0000882291,AEMD,2008-09-24,0,7.17624156279334e-06,1.0
0000882291,AEMD,2008-09-25,0,7.17624156279334e-06,1.0
0000882291,AEMD,2008-09-26,0,7.17624156279334e-06,1.0
0000882291,AEMD,2008-09-29,0,1.581792815615445e-07,1.0
0000882291,AEMD,2008-09-30,0,1.581792815615445e-07,1.0
0000882291,AEMD,2008-10-01,0,1.581792815615445e-07,1.0
0000882291,AEMD,2008-10-02,0,1.581792815615445e-07,1.0
0000882291,AEMD,2008-10-03,0,1.581792815615445e-07,1.0
0000882291,AEMD,2008-10-06,0,1.581792815615445e-07,1.0
0000882291,AEMD,2008-10-07,0,1.581792815615445e-07,1.0
0000882291,AEMD,2008-10-08,0,1.581792815615445e-07,1.0
0000882291,AEMD,2008-10-09,0,1.581792815615445e-07,1.0
0000882291,AEMD,2008-10-10,0,1.581792815615445e-07,1.0
0000882291,AEMD,2008-10-13,0,1.581792815615445e-07,1.0
0000882291,AEMD,2008-10-14,0,1.581792815615445e-07,1.0
0000882291,AEMD,2008-10-15,0,1.581792815615445e-07,1.0
0000882291,AEMD,2008-10-16,0,1.581792815615445e-07,1.0
0000882291,AEMD,2008-10-17,0,1.581792815615445e-07,1.0
0000882291,AEMD,2008-10-20,0,1.581792815615445e-07,1.0
0000882291,AEMD,2008-10-21,0,1.581792815615445e-07,1.0
0000882291,AEMD,2008-10-22,0,1.581792815615445e-07,1.0
0000882291,AEMD,2008-10-23,0,1.581792815615445e-07,1.0
0000882291,AEMD,2008-10-24,0,1.581792815615445e-07,1.0
0000882291,AEMD,2008-10-27,0,1.581792815615445e-07,1.0
0000882291,AEMD,2008-10-28,0,1.581792815615445e-07,1.0
0000882291,AEMD,2008-10-29,0,1.5529181936106153e-06,1.0
0000882291,AEMD,2008-10-30,0,1.5529181936106153e-06,1.0
0000882291,AEMD,2008-10-31,0,1.5529181936106153e-06,1.0
0000882291,AEMD,2008-11-03,0,1.5529181936106153e-06,1.0
0000882291,AEMD,2008-11-04,0,1.5529181936106153e-06,1.0
0000882291,AEMD,2008-11-05,0,1.5529181936106153e-06,1.0
0000882291,AEMD,2008-11-06,0,1.5529181936106153e-06,1.0
0000882291,AEMD,2008-11-07,0,1.5529181936106153e-06,1.0
0000882291,AEMD,2008-11-10,0,1.610289080181172e-06,1.0
0000882291,AEMD,2008-11-11,0,1.610289080181172e-06,1.0
0000882291,AEMD,2008-11-12,0,1.6733868522501817e-06,1.0
0000882291,AEMD,2008-11-13,0,1.6733868522501817e-06,1.0
0000882291,AEMD,2008-11-14,0,1.6733868522501817e-06,1.0
0000882291,AEMD,2008-11-17,0,1.6733868522501817e-06,1.0
0000882291,AEMD,2008-11-18,0,1.6733868522501817e-06,1.0
0000882291,AEMD,2008-11-19,0,1.6828907582727064e-06,1.0
0000882291,AEMD,2008-11-20,0,1.6828907582727064e-06,1.0
0000882291,AEMD,2008-11-21,0,1.6828907582727064e-06,1.0
0000882291,AEMD,2008-11-24,0,1.6828907582727064e-06,1.0
0000882291,AEMD,2008-11-25,0,1.6828907582727064e-06,1.0
0000882291,AEMD,2008-11-26,0,1.6828907582727064e-06,1.0
0000882291,AEMD,2008-11-27,0,1.6828907582727064e-06,1.0
0000882291,AEMD,2008-11-28,0,1.6828907582727064e-06,1.0
0000882291,AEMD,2008-12-01,0,1.6828907582727064e-06,1.0
0000882291,AEMD,2008-12-02,0,1.6828907582727064e-06,1.0
0000882291,AEMD,2008-12-03,0,1.6828907582727064e-06,1.0
0000882291,AEMD,2008-12-04,0,1.6828907582727064e-06,1.0
0000882291,AEMD,2008-12-05,0,1.6828907582727064e-06,1.0
0000882291,AEMD,2008-12-08,0,1.6828907582727064e-06,1.0
0000882291,AEMD,2008-12-09,0,1.6828907582727064e-06,1.0
0000882291,AEMD,2008-12-10,0,1.6828907582727064e-06,1.0
0000882291,AEMD,2008-12-11,0,1.6828907582727064e-06,1.0
0000882291,AEMD,2008-12-12,0,1.6828907582727064e-06,1.0
0000882291,AEMD,2008-12-15,0,1.6828907582727064e-06,1.0
0000882291,AEMD,2008-12-16,0,1.6828907582727064e-06,1.0
0000882291,AEMD,2008-12-17,0,1.6828907582727064e-06,1.0
0000882291,AEMD,2008-12-18,0,1.6828907582727064e-06,1.0
0000882291,AEMD,2008-12-19,0,1.6479746907697715e-06,1.0
0000882291,AEMD,2008-12-22,0,1.6479746907697715e-06,1.0
0000882291,AEMD,2008-12-23,0,1.6479746907697715e-06,1.0
0000882291,AEMD,2008-12-24,0,1.6479746907697715e-06,1.0
0000882291,AEMD,2008-12-25,0,1.6479746907697715e-06,1.0
0000882291,AEMD,2008-12-26,0,1.6479746907697715e-06,1.0
0000882291,AEMD,2008-12-29,0,7.149954418123195e-06,1.0
0000882291,AEMD,2008-12-30,0,7.149954418123195e-06,1.0
0000882291,AEMD,2008-12-31,0,7.149954418123195e-06,1.0
0000882291,AEMD,2009-01-01,0,7.149954418123195e-06,1.0
0000882291,AEMD,2009-01-02,0,3.913541842714137e-06,1.0
0000882291,AEMD,2009-01-05,0,3.913541842714137e-06,1.0
0000882291,AEMD,2009-01-06,0,3.913541842714137e-06,1.0
0000882291,AEMD,2009-01-07,0,3.913541842714137e-06,1.0
0000882291,AEMD,2009-01-08,0,3.913541842714137e-06,1.0
0000882291,AEMD,2009-01-09,0,3.913541842714137e-06,1.0
0000882291,AEMD,2009-01-12,0,3.913541842714137e-06,1.0
0000882291,AEMD,2009-01-13,0,3.913541842714137e-06,1.0
0000882291,AEMD,2009-01-14,0,3.913541842714137e-06,1.0
0000882291,AEMD,2009-01-15,0,3.913541842714137e-06,1.0
0000882291,AEMD,2009-01-16,0,3.913541842714137e-06,1.0
0000882291,AEMD,2009-01-19,0,3.913541842714137e-06,1.0
0000882291,AEMD,2009-01-20,0,3.211970212524417e-06,1.0
0000882291,AEMD,2009-01-21,0,3.211970212524417e-06,1.0
0000882291,AEMD,2009-01-22,0,3.211970212524417e-06,1.0
0000882291,AEMD,2009-01-23,0,3.211970212524417e-06,1.0
0000882291,AEMD,2009-01-26,0,3.211970212524417e-06,1.0
0000882291,AEMD,2009-01-27,0,3.211970212524417e-06,1.0
0000882291,AEMD,2009-01-28,0,3.211970212524417e-06,1.0
0000882291,AEMD,2009-01-29,0,3.211970212524417e-06,1.0
0000882291,AEMD,2009-01-30,0,3.211970212524417e-06,1.0
0000882291,AEMD,2009-02-02,0,3.4744339760016434e-06,1.0
0000882291,AEMD,2009-02-03,0,3.4744339760016434e-06,1.0
0000882291,AEMD,2009-02-04,0,3.4744339760016434e-06,1.0
0000882291,AEMD,2009-02-05,0,3.4744339760016434e-06,1.0
0000882291,AEMD,2009-02-06,0,3.4744339760016434e-06,1.0
0000882291,AEMD,2009-02-09,0,3.4955287920666772e-06,1.0
0000882291,AEMD,2009-02-10,0,3.420344369938902e-06,1.0
0000882291,AEMD,2009-02-11,0,3.420344369938902e-06,1.0
0000882291,AEMD,2009-02-12,0,3.420344369938902e-06,1.0
0000882291,AEMD,2009-02-13,0,3.420344369938902e-06,1.0
0000882291,AEMD,2009-02-16,0,3.420344369938902e-06,1.0
0000882291,AEMD,2009-02-17,0,3.91799136968932e-06,1.0
0000882291,AEMD,2009-02-18,0,3.91799136968932e-06,1.0
0000882291,AEMD,2009-02-19,0,5.956904834729088e-06,1.0
0000882291,AEMD,2009-02-20,0,5.956904834729088e-06,1.0
0000882291,AEMD,2009-02-23,0,5.956904834729088e-06,1.0
0000882291,AEMD,2009-02-24,0,5.956904834729088e-06,1.0
0000882291,AEMD,2009-02-25,0,5.956904834729088e-06,1.0
0000882291,AEMD,2009-02-26,0,5.956904834729088e-06,1.0
0000882291,AEMD,2009-02-27,0,5.956904834729088e-06,1.0
0000882291,AEMD,2009-03-02,0,5.956904834729088e-06,1.0
0000882291,AEMD,2009-03-03,0,5.956904834729088e-06,1.0
0000882291,AEMD,2009-03-04,0,5.956904834729088e-06,1.0
0000882291,AEMD,2009-03-05,0,5.956904834729088e-06,1.0
0000882291,AEMD,2009-03-06,0,5.956904834729088e-06,1.0
0000882291,AEMD,2009-03-09,0,5.956904834729088e-06,1.0
0000882291,AEMD,2009-03-10,0,5.956904834729088e-06,1.0
0000882291,AEMD,2009-03-11,0,5.956904834729088e-06,1.0
0000882291,AEMD,2009-03-12,0,5.956904834729088e-06,1.0
0000882291,AEMD,2009-03-13,0,5.956904834729088e-06,1.0
0000882291,AEMD,2009-03-16,0,5.956904834729088e-06,1.0
0000882291,AEMD,2009-03-17,0,5.956904834729088e-06,1.0
0000882291,AEMD,2009-03-18,0,5.956904834729088e-06,1.0
0000882291,AEMD,2009-03-19,0,5.956904834729088e-06,1.0
0000882291,AEMD,2009-03-20,0,5.758547391387514e-06,1.0
0000882291,AEMD,2009-03-23,0,5.758547391387514e-06,1.0
0000882291,AEMD,2009-03-24,0,5.758547391387514e-06,1.0
0000882291,AEMD,2009-03-25,0,5.758547391387514e-06,1.0
0000882291,AEMD,2009-03-26,0,5.758547391387514e-06,1.0
0000882291,AEMD,2009-03-27,0,5.758547391387514e-06,1.0
0000882291,AEMD,2009-03-30,0,6.909588415451273e-06,1.0
0000882291,AEMD,2009-03-31,0,6.909588415451273e-06,1.0
0000882291,AEMD,2009-04-01,0,6.909588415451273e-06,1.0
0000882291,AEMD,2009-04-02,0,6.909588415451273e-06,1.0
0000882291,AEMD,2009-04-03,0,7.145667031201077e-06,1.0
0000882291,AEMD,2009-04-06,0,7.145667031201077e-06,1.0
0000882291,AEMD,2009-04-07,0,7.145667031201077e-06,1.0
0000882291,AEMD,2009-04-08,0,7.145667031201077e-06,1.0
0000882291,AEMD,2009-04-09,0,7.145667031201077e-06,1.0
0000882291,AEMD,2009-04-10,0,7.145667031201077e-06,1.0
0000882291,AEMD,2009-04-13,0,7.145667031201077e-06,1.0
0000882291,AEMD,2009-04-14,0,7.145667031201077e-06,1.0
0000882291,AEMD,2009-04-15,0,7.145667031201077e-06,1.0
0000882291,AEMD,2009-04-16,0,7.145667031201077e-06,1.0
0000882291,AEMD,2009-04-17,0,7.145667031201077e-06,1.0
0000882291,AEMD,2009-04-20,0,7.145667031201077e-06,1.0
0000882291,AEMD,2009-04-21,0,8.440502047736846e-06,1.0
0000882291,AEMD,2009-04-22,0,8.440502047736846e-06,1.0
0000882291,AEMD,2009-04-23,0,8.440502047736846e-06,1.0
0000882291,AEMD,2009-04-24,0,8.440502047736846e-06,1.0
0000882291,AEMD,2009-04-27,0,8.440502047736846e-06,1.0
0000882291,AEMD,2009-04-28,0,8.440502047736846e-06,1.0
0000882291,AEMD,2009-04-29,0,8.440502047736846e-06,1.0
0000882291,AEMD,2009-04-30,0,8.440502047736846e-06,1.0
0000882291,AEMD,2009-05-01,0,8.440502047736846e-06,1.0
0000882291,AEMD,2009-05-04,0,8.440502047736846e-06,1.0
0000882291,AEMD,2009-05-05,0,8.440502047736846e-06,1.0
0000882291,AEMD,2009-05-06,0,8.440502047736846e-06,1.0
0000882291,AEMD,2009-05-07,0,8.440502047736846e-06,1.0
0000882291,AEMD,2009-05-08,0,8.440502047736846e-06,1.0
0000882291,AEMD,2009-05-11,0,8.440502047736846e-06,1.0
0000882291,AEMD,2009-05-12,0,8.440502047736846e-06,1.0
0000882291,AEMD,2009-05-13,0,8.440502047736846e-06,1.0
0000882291,AEMD,2009-05-14,0,8.440502047736846e-06,1.0
0000882291,AEMD,2009-05-15,0,8.440502047736846e-06,1.0
0000882291,AEMD,2009-05-18,0,8.440502047736846e-06,1.0
0000882291,AEMD,2009-05-19,0,9.86388657238745e-06,1.0
0000882291,AEMD,2009-05-20,0,9.86388657238745e-06,1.0
0000882291,AEMD,2009-05-21,0,9.86388657238745e-06,1.0
0000882291,AEMD,2009-05-22,0,9.86388657238745e-06,1.0
0000882291,AEMD,2009-05-25,0,9.86388657238745e-06,1.0
0000882291,AEMD,2009-05-26,0,9.86388657238745e-06,1.0
0000882291,AEMD,2009-05-27,0,9.86388657238745e-06,1.0
0000882291,AEMD,2009-05-28,0,9.86388657238745e-06,1.0
0000882291,AEMD,2009-05-29,0,9.86388657238745e-06,1.0
0000882291,AEMD,2009-06-01,0,9.86388657238745e-06,1.0
0000882291,AEMD,2009-06-02,0,9.86388657238745e-06,1.0
0000882291,AEMD,2009-06-03,0,9.86388657238745e-06,1.0
0000882291,AEMD,2009-06-04,0,9.86388657238745e-06,1.0
0000882291,AEMD,2009-06-05,0,9.86388657238745e-06,1.0
0000882291,AEMD,2009-06-08,0,9.86388657238745e-06,1.0
0000882291,AEMD,2009-06-09,0,9.86388657238745e-06,1.0
0000882291,AEMD,2009-06-10,0,9.86388657238745e-06,1.0
0000882291,AEMD,2009-06-11,0,9.86388657238745e-06,1.0
0000882291,AEMD,2009-06-12,0,9.86388657238745e-06,1.0
0000882291,AEMD,2009-06-15,0,9.86388657238745e-06,1.0
0000882291,AEMD,2009-06-16,0,9.86388657238745e-06,1.0
0000882291,AEMD,2009-06-17,0,9.86388657238745e-06,1.0
0000882291,AEMD,2009-06-18,0,9.86388657238745e-06,1.0
0000882291,AEMD,2009-06-19,0,9.86388657238745e-06,1.0
0000882291,AEMD,2009-06-22,0,9.86388657238745e-06,1.0
0000882291,AEMD,2009-06-23,0,9.86388657238745e-06,1.0
0000882291,AEMD,2009-06-24,0,9.86388657238745e-06,1.0
0000882291,AEMD,2009-06-25,0,9.86388657238745e-06,1.0
0000882291,AEMD,2009-06-26,0,9.86388657238745e-06,1.0
0000882291,AEMD,2009-06-29,0,9.86388657238745e-06,1.0
0000882291,AEMD,2009-06-30,0,9.86388657238745e-06,1.0
0000882291,AEMD,2009-07-01,0,9.86388657238745e-06,1.0
0000882291,AEMD,2009-07-02,0,1.6055516681511983e-07,1.0
0000882291,AEMD,2009-07-03,0,1.6055516681511983e-07,1.0
0000882291,AEMD,2009-07-06,0,1.6055516681511983e-07,1.0
0000882291,AEMD,2009-07-07,0,1.6055516681511983e-07,1.0
0000882291,AEMD,2009-07-08,0,1.6055516681511983e-07,1.0
0000882291,AEMD,2009-07-09,0,1.6055516681511983e-07,1.0
0000882291,AEMD,2009-07-10,0,1.6055516681511983e-07,1.0
0000882291,AEMD,2009-07-13,0,1.6055516681511983e-07,1.0
0000882291,AEMD,2009-07-14,0,1.6055516681511983e-07,1.0
0000882291,AEMD,2009-07-15,0,1.6055516681511983e-07,1.0
0000882291,AEMD,2009-07-16,0,1.6055516681511983e-07,1.0
0000882291,AEMD,2009-07-17,0,1.6055516681511983e-07,1.0
0000882291,AEMD,2009-07-20,0,1.6144831202931835e-07,1.0
0000882291,AEMD,2009-07-21,0,1.6144831202931835e-07,1.0
0000882291,AEMD,2009-07-22,0,1.6144831202931835e-07,1.0
0000882291,AEMD,2009-07-23,0,1.6144831202931835e-07,1.0
0000882291,AEMD,2009-07-24,0,1.6144831202931835e-07,1.0
0000882291,AEMD,2009-07-27,0,2.5836977357774707e-07,1.0
0000882291,AEMD,2009-07-28,0,2.5836977357774707e-07,1.0
0000882291,AEMD,2009-07-29,0,2.5836977357774707e-07,1.0
0000882291,AEMD,2009-07-30,0,2.5836977357774707e-07,1.0
0000882291,AEMD,2009-07-31,0,2.5836977357774707e-07,1.0
0000882291,AEMD,2009-08-03,0,2.453022133393856e-07,1.0
0000882291,AEMD,2009-08-04,0,2.1073290725625067e-07,1.0
0000882291,AEMD,2009-08-05,0,2.1073290725625067e-07,1.0
0000882291,AEMD,2009-08-06,0,2.1073290725625067e-07,1.0
0000882291,AEMD,2009-08-07,0,2.1073290725625067e-07,1.0
0000882291,AEMD,2009-08-10,0,2.1073290725625067e-07,1.0
0000882291,AEMD,2009-08-11,0,2.1073290725625067e-07,1.0
0000882291,AEMD,2009-08-12,0,2.1073290725625067e-07,1.0
0000882291,AEMD,2009-08-13,0,2.1073290725625067e-07,1.0
0000882291,AEMD,2009-08-14,0,2.606267960823103e-07,1.0
0000882291,AEMD,2009-08-17,0,2.556666130140711e-07,1.0
0000882291,AEMD,2009-08-18,0,2.556666130140711e-07,1.0
0000882291,AEMD,2009-08-19,0,2.556666130140711e-07,1.0
0000882291,AEMD,2009-08-20,0,2.556666130140711e-07,1.0
0000882291,AEMD,2009-08-21,0,2.556666130140711e-07,1.0
0000882291,AEMD,2009-08-24,0,2.556666130140711e-07,1.0
0000882291,AEMD,2009-08-25,0,2.556666130140711e-07,1.0
0000882291,AEMD,2009-08-26,0,1.227445217683299e-07,1.0
0000882291,AEMD,2009-08-27,0,1.227445217683299e-07,1.0
0000882291,AEMD,2009-08-28,0,1.227445217683299e-07,1.0
0000882291,AEMD,2009-08-31,0,1.227445217683299e-07,1.0
0000882291,AEMD,2009-09-01,0,1.227445217683299e-07,1.0
0000882291,AEMD,2009-09-02,0,1.227445217683299e-07,1.0
0000882291,AEMD,2009-09-03,0,2.535671401542556e-06,1.0
0000882291,AEMD,2009-09-04,0,2.535671401542556e-06,1.0
0000882291,AEMD,2009-09-07,0,2.535671401542556e-06,1.0
0000882291,AEMD,2009-09-08,0,2.535671401542556e-06,1.0
0000882291,AEMD,2009-09-09,0,2.535671401542556e-06,1.0
0000882291,AEMD,2009-09-10,0,2.535671401542556e-06,1.0
0000882291,AEMD,2009-09-11,0,2.535671401542556e-06,1.0
0000882291,AEMD,2009-09-14,0,6.636122616110466e-06,1.0
0000882291,AEMD,2009-09-15,0,6.636122616110466e-06,1.0
0000882291,AEMD,2009-09-16,0,6.636122616110466e-06,1.0
0000882291,AEMD,2009-09-17,0,6.636122616110466e-06,1.0
0000882291,AEMD,2009-09-18,0,6.636122616110466e-06,1.0
0000882291,AEMD,2009-09-21,0,6.636122616110466e-06,1.0
0000882291,AEMD,2009-09-22,0,6.636122616110466e-06,1.0
0000882291,AEMD,2009-09-23,0,6.636122616110466e-06,1.0
0000882291,AEMD,2009-09-24,0,6.636122616110466e-06,1.0
0000882291,AEMD,2009-09-25,0,1.1060790035823067e-05,1.0
0000882291,AEMD,2009-09-28,0,1.1060790035823067e-05,1.0
0000882291,AEMD,2009-09-29,0,1.1060790035823067e-05,1.0
0000882291,AEMD,2009-09-30,0,1.888275330929668e-05,1.0
0000882291,AEMD,2009-10-01,0,9.055764488978474e-06,1.0
0000882291,AEMD,2009-10-02,0,9.055764488978474e-06,1.0
0000882291,AEMD,2009-10-05,0,9.055764488978474e-06,1.0
0000882291,AEMD,2009-10-06,0,9.055764488978474e-06,1.0
0000882291,AEMD,2009-10-07,0,9.055764488978474e-06,1.0
0000882291,AEMD,2009-10-08,0,9.055764488978474e-06,1.0
0000882291,AEMD,2009-10-09,0,9.055764488978474e-06,1.0
0000882291,AEMD,2009-10-12,0,9.055764488978474e-06,1.0
0000882291,AEMD,2009-10-13,0,9.055764488978474e-06,1.0
0000882291,AEMD,2009-10-14,0,9.055764488978474e-06,1.0
0000882291,AEMD,2009-10-15,0,9.055764488978474e-06,1.0
0000882291,AEMD,2009-10-16,0,9.055764488978474e-06,1.0
0000882291,AEMD,2009-10-19,0,9.055764488978474e-06,1.0
0000882291,AEMD,2009-10-20,0,9.055764488978474e-06,1.0
0000882291,AEMD,2009-10-21,0,9.055764488978474e-06,1.0
0000882291,AEMD,2009-10-22,0,9.055764488978474e-06,1.0
0000882291,AEMD,2009-10-23,0,9.055764488978474e-06,1.0
0000882291,AEMD,2009-10-26,0,1.1607497331932558e-05,1.0
0000882291,AEMD,2009-10-27,0,1.1607497331932558e-05,1.0
0000882291,AEMD,2009-10-28,0,1.1607497331932558e-05,1.0
0000882291,AEMD,2009-10-29,0,1.1607497331932558e-05,1.0
0000882291,AEMD,2009-10-30,0,1.1607497331932558e-05,1.0
0000882291,AEMD,2009-11-02,0,5.857012262748549e-06,1.0
0000882291,AEMD,2009-11-03,0,5.857012262748549e-06,1.0
0000882291,AEMD,2009-11-04,0,5.857012262748549e-06,1.0
0000882291,AEMD,2009-11-05,0,5.857012262748549e-06,1.0
0000882291,AEMD,2009-11-06,0,5.857012262748549e-06,1.0
0000882291,AEMD,2009-11-09,0,5.857012262748549e-06,1.0
0000882291,AEMD,2009-11-10,0,5.857012262748549e-06,1.0
0000882291,AEMD,2009-11-11,0,5.857012262748549e-06,1.0
0000882291,AEMD,2009-11-12,0,8.897803347739823e-06,1.0
0000882291,AEMD,2009-11-13,0,8.897803347739823e-06,1.0
0000882291,AEMD,2009-11-16,0,8.897803347739823e-06,1.0
0000882291,AEMD,2009-11-17,0,1.0311211570900146e-06,1.0
0000882291,AEMD,2009-11-18,0,1.0311211570900146e-06,1.0
0000882291,AEMD,2009-11-19,0,1.0311211570900146e-06,1.0
0000882291,AEMD,2009-11-20,0,1.0311211570900146e-06,1.0
0000882291,AEMD,2009-11-23,0,1.0311211570900146e-06,1.0
0000882291,AEMD,2009-11-24,0,1.0692148359427244e-06,1.0
0000882291,AEMD,2009-11-25,0,1.0692148359427244e-06,1.0
0000882291,AEMD,2009-11-26,0,1.0692148359427244e-06,1.0
0000882291,AEMD,2009-11-27,0,1.0692148359427244e-06,1.0
0000882291,AEMD,2009-11-30,0,1.0692148359427244e-06,1.0
0000882291,AEMD,2009-12-01,0,1.0692148359427244e-06,1.0
0000882291,AEMD,2009-12-02,0,1.0692148359427244e-06,1.0
0000882291,AEMD,2009-12-03,0,1.0692148359427244e-06,1.0
0000882291,AEMD,2009-12-04,0,1.0692148359427244e-06,1.0
0000882291,AEMD,2009-12-07,0,1.0692148359427244e-06,1.0
0000882291,AEMD,2009-12-08,0,1.0692148359427244e-06,1.0
0000882291,AEMD,2009-12-09,0,1.0692148359427244e-06,1.0
0000882291,AEMD,2009-12-10,0,1.0692148359427244e-06,1.0
0000882291,AEMD,2009-12-11,0,1.0692148359427244e-06,1.0
0000882291,AEMD,2009-12-14,0,1.0692148359427244e-06,1.0
0000882291,AEMD,2009-12-15,0,1.0692148359427244e-06,1.0
0000882291,AEMD,2009-12-16,0,1.0692148359427244e-06,1.0
0000882291,AEMD,2009-12-17,0,5.528249740685103e-06,1.0
0000882291,AEMD,2009-12-18,0,5.528249740685103e-06,1.0
0000882291,AEMD,2009-12-21,0,5.528249740685103e-06,1.0
0000882291,AEMD,2009-12-22,0,5.528249740685103e-06,1.0
0000882291,AEMD,2009-12-23,0,5.528249740685103e-06,1.0
0000882291,AEMD,2009-12-24,0,5.528249740685103e-06,1.0
0000882291,AEMD,2009-12-25,0,5.528249740685103e-06,1.0
0000882291,AEMD,2009-12-28,0,5.528249740685103e-06,1.0
0000882291,AEMD,2009-12-29,0,5.189589471821763e-06,1.0
0000882291,AEMD,2009-12-30,0,5.189589471821763e-06,1.0
0000882291,AEMD,2009-12-31,0,5.189589471821763e-06,1.0
0000882291,AEMD,2010-01-01,0,5.189589471821763e-06,1.0
0000882291,AEMD,2010-01-04,0,5.189589471821763e-06,1.0
0000882291,AEMD,2010-01-05,0,5.189589471821763e-06,1.0
0000882291,AEMD,2010-01-06,0,5.189589471821763e-06,1.0
0000882291,AEMD,2010-01-07,0,5.189589471821763e-06,1.0
0000882291,AEMD,2010-01-08,0,5.189589471821763e-06,1.0
0000882291,AEMD,2010-01-11,0,5.189589471821763e-06,1.0
0000882291,AEMD,2010-01-12,0,5.189589471821763e-06,1.0
0000882291,AEMD,2010-01-13,0,5.189589471821763e-06,1.0
0000882291,AEMD,2010-01-14,0,5.189589471821763e-06,1.0
0000882291,AEMD,2010-01-15,0,5.189589471821763e-06,1.0
0000882291,AEMD,2010-01-18,0,5.189589471821763e-06,1.0
0000882291,AEMD,2010-01-19,0,5.189589471821763e-06,1.0
0000882291,AEMD,2010-01-20,0,5.189589471821763e-06,1.0
0000882291,AEMD,2010-01-21,0,5.189589471821763e-06,1.0
0000882291,AEMD,2010-01-22,0,5.189589471821763e-06,1.0
0000882291,AEMD,2010-01-25,0,4.695693897471207e-06,1.0
0000882291,AEMD,2010-01-26,0,4.695693897471207e-06,1.0
0000882291,AEMD,2010-01-27,0,4.695693897471207e-06,1.0
0000882291,AEMD,2010-01-28,0,4.695693897471207e-06,1.0
0000882291,AEMD,2010-01-29,0,4.695693897471207e-06,1.0
0000882291,AEMD,2010-02-01,0,2.275379114122641e-06,1.0
0000882291,AEMD,2010-02-02,0,2.275379114122641e-06,1.0
0000882291,AEMD,2010-02-03,0,2.275379114122641e-06,1.0
0000882291,AEMD,2010-02-04,0,2.275379114122641e-06,1.0
0000882291,AEMD,2010-02-05,0,2.275379114122641e-06,1.0
0000882291,AEMD,2010-02-08,0,2.275379114122641e-06,1.0
0000882291,AEMD,2010-02-09,0,2.275379114122641e-06,1.0
0000882291,AEMD,2010-02-10,0,2.206086821213601e-06,1.0
0000882291,AEMD,2010-02-11,0,2.206086821213601e-06,1.0
0000882291,AEMD,2010-02-12,0,2.206086821213601e-06,1.0
0000882291,AEMD,2010-02-15,0,4.8438580737507865e-06,1.0
0000882291,AEMD,2010-02-16,0,4.8438580737507865e-06,1.0
0000882291,AEMD,2010-02-17,0,7.169972801530353e-07,1.0
0000882291,AEMD,2010-02-18,0,7.169972801530353e-07,1.0
0000882291,AEMD,2010-02-19,0,7.169972801530353e-07,1.0
0000882291,AEMD,2010-02-22,0,7.213504979167976e-07,1.0
0000882291,AEMD,2010-02-23,0,7.213504979167976e-07,1.0
0000882291,AEMD,2010-02-24,0,7.213504979167976e-07,1.0
0000882291,AEMD,2010-02-25,0,7.213504979167976e-07,1.0
0000882291,AEMD,2010-02-26,0,7.213504979167976e-07,1.0
0000882291,AEMD,2010-03-01,0,7.213504979167976e-07,1.0
0000882291,AEMD,2010-03-02,0,7.213504979167976e-07,1.0
0000882291,AEMD,2010-03-03,0,7.213504979167976e-07,1.0
0000882291,AEMD,2010-03-04,0,7.213504979167976e-07,1.0
0000882291,AEMD,2010-03-05,0,7.213504979167976e-07,1.0
0000882291,AEMD,2010-03-08,0,7.213504979167976e-07,1.0
0000882291,AEMD,2010-03-09,0,7.213504979167976e-07,1.0
0000882291,AEMD,2010-03-10,0,7.213504979167976e-07,1.0
0000882291,AEMD,2010-03-11,0,7.213504979167976e-07,1.0
0000882291,AEMD,2010-03-12,0,7.213504979167976e-07,1.0
0000882291,AEMD,2010-03-15,0,7.213504979167976e-07,1.0
0000882291,AEMD,2010-03-16,0,7.213504979167976e-07,1.0
0000882291,AEMD,2010-03-17,0,7.213504979167976e-07,1.0
0000882291,AEMD,2010-03-18,0,7.213504979167976e-07,1.0
0000882291,AEMD,2010-03-19,0,7.213504979167976e-07,1.0
0000882291,AEMD,2010-03-22,0,2.620669492934283e-06,1.0
0000882291,AEMD,2010-03-23,0,2.620669492934283e-06,1.0
0000882291,AEMD,2010-03-24,0,2.620669492934283e-06,1.0
0000882291,AEMD,2010-03-25,0,2.620669492934283e-06,1.0
0000882291,AEMD,2010-03-26,0,2.620669492934283e-06,1.0
0000882291,AEMD,2010-03-29,0,2.620669492934283e-06,1.0
0000882291,AEMD,2010-03-30,0,2.620669492934283e-06,1.0
0000882291,AEMD,2010-03-31,0,2.620669492934283e-06,1.0
0000882291,AEMD,2010-04-01,0,2.620669492934283e-06,1.0
0000882291,AEMD,2010-04-02,0,2.620669492934283e-06,1.0
0000882291,AEMD,2010-04-05,0,2.620669492934283e-06,1.0
0000882291,AEMD,2010-04-06,0,2.620669492934283e-06,1.0
0000882291,AEMD,2010-04-07,0,2.620669492934283e-06,1.0
0000882291,AEMD,2010-04-08,0,2.620669492934283e-06,1.0
0000882291,AEMD,2010-04-09,0,2.620669492934283e-06,1.0
0000882291,AEMD,2010-04-12,0,2.620669492934283e-06,1.0
0000882291,AEMD,2010-04-13,0,2.620669492934283e-06,1.0
0000882291,AEMD,2010-04-14,0,2.620669492934283e-06,1.0
0000882291,AEMD,2010-04-15,0,2.620669492934283e-06,1.0
0000882291,AEMD,2010-04-16,0,2.620669492934283e-06,1.0
0000882291,AEMD,2010-04-19,0,2.620669492934283e-06,1.0
0000882291,AEMD,2010-04-20,0,2.620669492934283e-06,1.0
0000882291,AEMD,2010-04-21,0,2.620669492934283e-06,1.0
0000882291,AEMD,2010-04-22,0,2.620669492934283e-06,1.0
0000882291,AEMD,2010-04-23,0,2.620669492934283e-06,1.0
0000882291,AEMD,2010-04-26,0,2.620669492934283e-06,1.0
0000882291,AEMD,2010-04-27,0,2.620669492934283e-06,1.0
0000882291,AEMD,2010-04-28,0,2.620669492934283e-06,1.0
0000882291,AEMD,2010-04-29,0,2.620669492934283e-06,1.0
0000882291,AEMD,2010-04-30,0,2.620669492934283e-06,1.0
0000882291,AEMD,2010-05-03,0,2.620669492934283e-06,1.0
0000882291,AEMD,2010-05-04,0,2.620669492934283e-06,1.0
0000882291,AEMD,2010-05-05,0,2.620669492934283e-06,1.0
0000882291,AEMD,2010-05-06,0,2.620669492934283e-06,1.0
0000882291,AEMD,2010-05-07,0,2.620669492934283e-06,1.0
0000882291,AEMD,2010-05-10,0,2.620669492934283e-06,1.0
0000882291,AEMD,2010-05-11,0,2.620669492934283e-06,1.0
0000882291,AEMD,2010-05-12,0,2.620669492934283e-06,1.0
0000882291,AEMD,2010-05-13,0,2.620669492934283e-06,1.0
0000882291,AEMD,2010-05-14,0,2.620669492934283e-06,1.0
0000882291,AEMD,2010-05-17,0,2.6005404835118827e-06,1.0
0000882291,AEMD,2010-05-18,0,2.6005404835118827e-06,1.0
0000882291,AEMD,2010-05-19,0,5.045777493297357e-06,1.0
0000882291,AEMD,2010-05-20,0,5.045777493297357e-06,1.0
0000882291,AEMD,2010-05-21,0,5.045777493297357e-06,1.0
0000882291,AEMD,2010-05-24,0,5.045777493297357e-06,1.0
0000882291,AEMD,2010-05-25,0,5.045777493297357e-06,1.0
0000882291,AEMD,2010-05-26,0,5.045777493297357e-06,1.0
0000882291,AEMD,2010-05-27,0,5.045777493297357e-06,1.0
0000882291,AEMD,2010-05-28,0,5.045777493297357e-06,1.0
0000882291,AEMD,2010-05-31,0,5.045777493297357e-06,1.0
0000882291,AEMD,2010-06-01,0,5.045777493297357e-06,1.0
0000882291,AEMD,2010-06-02,0,5.045777493297357e-06,1.0
0000882291,AEMD,2010-06-03,0,5.045777493297357e-06,1.0
0000882291,AEMD,2010-06-04,0,5.045777493297357e-06,1.0
0000882291,AEMD,2010-06-07,0,5.045777493297357e-06,1.0
0000882291,AEMD,2010-06-08,0,5.045777493297357e-06,1.0
0000882291,AEMD,2010-06-09,0,5.045777493297357e-06,1.0
0000882291,AEMD,2010-06-10,0,5.045777493297357e-06,1.0
0000882291,AEMD,2010-06-11,0,5.045777493297357e-06,1.0
0000882291,AEMD,2010-06-14,0,5.045777493297357e-06,1.0
0000882291,AEMD,2010-06-15,0,5.045777493297357e-06,1.0
0000882291,AEMD,2010-06-16,0,5.045777493297357e-06,1.0
0000882291,AEMD,2010-06-17,0,5.045777493297357e-06,1.0
0000882291,AEMD,2010-06-18,0,5.045777493297357e-06,1.0
0000882291,AEMD,2010-06-21,0,5.045777493297357e-06,1.0
0000882291,AEMD,2010-06-22,0,5.045777493297357e-06,1.0
0000882291,AEMD,2010-06-23,0,5.045777493297357e-06,1.0
0000882291,AEMD,2010-06-24,0,5.045777493297357e-06,1.0
0000882291,AEMD,2010-06-25,0,5.045777493297357e-06,1.0
0000882291,AEMD,2010-06-28,0,5.045777493297357e-06,1.0
0000882291,AEMD,2010-06-29,0,5.045777493297357e-06,1.0
0000882291,AEMD,2010-06-30,0,5.045777493297357e-06,1.0
0000882291,AEMD,2010-07-01,0,5.045777493297357e-06,1.0
0000882291,AEMD,2010-07-02,0,5.5969023285859293e-08,1.0
0000882291,AEMD,2010-07-05,0,5.5969023285859293e-08,1.0
0000882291,AEMD,2010-07-06,0,5.5969023285859293e-08,1.0
0000882291,AEMD,2010-07-07,0,5.5969023285859293e-08,1.0
0000882291,AEMD,2010-07-08,0,5.5969023285859293e-08,1.0
0000882291,AEMD,2010-07-09,0,5.5969023285859293e-08,1.0
0000882291,AEMD,2010-07-12,0,5.5969023285859293e-08,1.0
0000882291,AEMD,2010-07-13,0,5.5969023285859293e-08,1.0
0000882291,AEMD,2010-07-14,0,5.5969023285859293e-08,1.0
0000882291,AEMD,2010-07-15,0,5.5969023285859293e-08,1.0
0000882291,AEMD,2010-07-16,0,5.5969023285859293e-08,1.0
0000882291,AEMD,2010-07-19,0,4.6155810269900576e-08,1.0
0000882291,AEMD,2010-07-20,0,4.6155810269900576e-08,1.0
0000882291,AEMD,2010-07-21,0,4.6155810269900576e-08,1.0
0000882291,AEMD,2010-07-22,0,4.6155810269900576e-08,1.0
0000882291,AEMD,2010-07-23,0,4.6155810269900576e-08,1.0
0000882291,AEMD,2010-07-26,0,4.6155810269900576e-08,1.0
0000882291,AEMD,2010-07-27,0,4.6155810269900576e-08,1.0
0000882291,AEMD,2010-07-28,0,4.6155810269900576e-08,1.0
0000882291,AEMD,2010-07-29,0,4.6155810269900576e-08,1.0
0000882291,AEMD,2010-07-30,0,4.6155810269900576e-08,1.0
0000882291,AEMD,2010-08-02,0,4.990311612201615e-07,1.0
0000882291,AEMD,2010-08-03,0,4.990311612201615e-07,1.0
0000882291,AEMD,2010-08-04,0,4.990311612201615e-07,1.0
0000882291,AEMD,2010-08-05,0,4.990311612201615e-07,1.0
0000882291,AEMD,2010-08-06,0,4.990311612201615e-07,1.0
0000882291,AEMD,2010-08-09,0,4.990311612201615e-07,1.0
0000882291,AEMD,2010-08-10,0,4.990311612201615e-07,1.0
0000882291,AEMD,2010-08-11,0,4.990311612201615e-07,1.0
0000882291,AEMD,2010-08-12,0,4.990311612201615e-07,1.0
0000882291,AEMD,2010-08-13,0,4.990311612201615e-07,1.0
0000882291,AEMD,2010-08-16,0,4.990311612201615e-07,1.0
0000882291,AEMD,2010-08-17,0,4.1974924294043785e-07,1.0
0000882291,AEMD,2010-08-18,0,4.649487014208527e-07,1.0
0000882291,AEMD,2010-08-19,0,4.649487014208527e-07,1.0
0000882291,AEMD,2010-08-20,0,4.649487014208527e-07,1.0
0000882291,AEMD,2010-08-23,0,4.649487014208527e-07,1.0
0000882291,AEMD,2010-08-24,0,4.649487014208527e-07,1.0
0000882291,AEMD,2010-08-25,0,4.649487014208527e-07,1.0
0000882291,AEMD,2010-08-26,0,4.649487014208527e-07,1.0
0000882291,AEMD,2010-08-27,0,4.649487014208527e-07,1.0
0000882291,AEMD,2010-08-30,0,4.649487014208527e-07,1.0
0000882291,AEMD,2010-08-31,0,4.649487014208527e-07,1.0
0000882291,AEMD,2010-09-01,0,4.649487014208527e-07,1.0
0000882291,AEMD,2010-09-02,0,4.649487014208527e-07,1.0
0000882291,AEMD,2010-09-03,0,4.1467801432582044e-07,1.0
0000882291,AEMD,2010-09-06,0,4.1467801432582044e-07,1.0
0000882291,AEMD,2010-09-07,0,4.1467801432582044e-07,1.0
0000882291,AEMD,2010-09-08,0,4.1467801432582044e-07,1.0
0000882291,AEMD,2010-09-09,0,4.1467801432582044e-07,1.0
0000882291,AEMD,2010-09-10,0,4.1467801432582044e-07,1.0
0000882291,AEMD,2010-09-13,0,4.1467801432582044e-07,1.0
0000882291,AEMD,2010-09-14,0,4.1467801432582044e-07,1.0
0000882291,AEMD,2010-09-15,0,4.1467801432582044e-07,1.0
0000882291,AEMD,2010-09-16,0,4.264934279479889e-07,1.0
0000882291,AEMD,2010-09-17,0,4.264934279479889e-07,1.0
0000882291,AEMD,2010-09-20,0,4.264934279479889e-07,1.0
0000882291,AEMD,2010-09-21,0,4.264934279479889e-07,1.0
0000882291,AEMD,2010-09-22,0,4.264934279479889e-07,1.0
0000882291,AEMD,2010-09-23,0,4.264934279479889e-07,1.0
0000882291,AEMD,2010-09-24,0,4.264934279479889e-07,1.0
0000882291,AEMD,2010-09-27,0,4.264934279479889e-07,1.0
0000882291,AEMD,2010-09-28,0,4.264934279479889e-07,1.0
0000882291,AEMD,2010-09-29,0,4.264934279479889e-07,1.0
0000882291,AEMD,2010-09-30,0,1.5148635176366276e-06,1.0
0000882291,AEMD,2010-10-01,0,1.5190729812390589e-06,1.0
0000882291,AEMD,2010-10-04,0,2.3245428801647725e-06,1.0
0000882291,AEMD,2010-10-05,0,2.3245428801647725e-06,1.0
0000882291,AEMD,2010-10-06,0,2.3245428801647725e-06,1.0
0000882291,AEMD,2010-10-07,0,2.3245428801647725e-06,1.0
0000882291,AEMD,2010-10-08,0,2.3245428801647725e-06,1.0
0000882291,AEMD,2010-10-11,0,2.3245428801647725e-06,1.0
0000882291,AEMD,2010-10-12,0,2.3245428801647725e-06,1.0
0000882291,AEMD,2010-10-13,0,2.3245428801647725e-06,1.0
0000882291,AEMD,2010-10-14,0,2.3245428801647725e-06,1.0
0000882291,AEMD,2010-10-15,0,2.3245428801647725e-06,1.0
0000882291,AEMD,2010-10-18,0,2.524167944942912e-06,1.0
0000882291,AEMD,2010-10-19,0,2.524167944942912e-06,1.0
0000882291,AEMD,2010-10-20,0,2.524167944942912e-06,1.0
0000882291,AEMD,2010-10-21,0,2.524167944942912e-06,1.0
0000882291,AEMD,2010-10-22,0,2.524167944942912e-06,1.0
0000882291,AEMD,2010-10-25,0,2.524167944942912e-06,1.0
0000882291,AEMD,2010-10-26,0,2.524167944942912e-06,1.0
0000882291,AEMD,2010-10-27,0,2.524167944942912e-06,1.0
0000882291,AEMD,2010-10-28,0,2.524167944942912e-06,1.0
0000882291,AEMD,2010-10-29,0,2.524167944942912e-06,1.0
0000882291,AEMD,2010-11-01,0,2.7493659198729607e-06,1.0
0000882291,AEMD,2010-11-02,0,2.7493659198729607e-06,1.0
0000882291,AEMD,2010-11-03,0,2.7493659198729607e-06,1.0
0000882291,AEMD,2010-11-04,0,2.7493659198729607e-06,1.0
0000882291,AEMD,2010-11-05,0,2.7493659198729607e-06,1.0
0000882291,AEMD,2010-11-08,0,2.7493659198729607e-06,1.0
0000882291,AEMD,2010-11-09,0,2.7493659198729607e-06,1.0
0000882291,AEMD,2010-11-10,0,2.7493659198729607e-06,1.0
0000882291,AEMD,2010-11-11,0,2.7493659198729607e-06,1.0
0000882291,AEMD,2010-11-12,0,2.7493659198729607e-06,1.0
0000882291,AEMD,2010-11-15,0,3.0474862245114923e-06,1.0
0000882291,AEMD,2010-11-16,0,1.7604241869343775e-06,1.0
0000882291,AEMD,2010-11-17,0,1.7604241869343775e-06,1.0
0000882291,AEMD,2010-11-18,0,1.7604241869343775e-06,1.0
0000882291,AEMD,2010-11-19,0,1.7604241869343775e-06,1.0
0000882291,AEMD,2010-11-22,0,1.7604241869343775e-06,1.0
0000882291,AEMD,2010-11-23,0,1.7604241869343775e-06,1.0
0000882291,AEMD,2010-11-24,0,1.7604241869343775e-06,1.0
0000882291,AEMD,2010-11-25,0,1.7604241869343775e-06,1.0
0000882291,AEMD,2010-11-26,0,1.6875506034731374e-06,1.0
0000882291,AEMD,2010-11-29,0,1.6875506034731374e-06,1.0
0000882291,AEMD,2010-11-30,0,1.6875506034731374e-06,1.0
0000882291,AEMD,2010-12-01,0,1.6875506034731374e-06,1.0
0000882291,AEMD,2010-12-02,0,1.7483318707600482e-06,1.0
0000882291,AEMD,2010-12-03,0,1.7483318707600482e-06,1.0
0000882291,AEMD,2010-12-06,0,1.7483318707600482e-06,1.0
0000882291,AEMD,2010-12-07,0,1.7483318707600482e-06,1.0
0000882291,AEMD,2010-12-08,0,1.7483318707600482e-06,1.0
0000882291,AEMD,2010-12-09,0,1.7483318707600482e-06,1.0
0000882291,AEMD,2010-12-10,0,1.7483318707600482e-06,1.0
0000882291,AEMD,2010-12-13,0,1.7483318707600482e-06,1.0
0000882291,AEMD,2010-12-14,0,1.7483318707600482e-06,1.0
0000882291,AEMD,2010-12-15,0,1.7483318707600482e-06,1.0
0000882291,AEMD,2010-12-16,0,1.7523482179470204e-06,1.0
0000882291,AEMD,2010-12-17,0,1.7523482179470204e-06,1.0
0000882291,AEMD,2010-12-20,0,1.7523482179470204e-06,1.0
0000882291,AEMD,2010-12-21,0,1.7523482179470204e-06,1.0
0000882291,AEMD,2010-12-22,0,1.7523482179470204e-06,1.0
0000882291,AEMD,2010-12-23,0,1.7523482179470204e-06,1.0
0000882291,AEMD,2010-12-24,0,1.7523482179470204e-06,1.0
0000882291,AEMD,2010-12-27,0,2.6945029979697684e-06,1.0
0000882291,AEMD,2010-12-28,0,2.6945029979697684e-06,1.0
0000882291,AEMD,2010-12-29,0,4.075882255689273e-06,1.0
0000882291,AEMD,2010-12-30,0,4.079527137253528e-06,1.0
0000882291,AEMD,2010-12-31,0,4.079527137253528e-06,1.0
0000882291,AEMD,2011-01-03,0,4.079527137253528e-06,1.0
0000882291,AEMD,2011-01-04,0,4.079527137253528e-06,1.0
0000882291,AEMD,2011-01-05,0,4.079527137253528e-06,1.0
0000882291,AEMD,2011-01-06,0,4.079527137253528e-06,1.0
0000882291,AEMD,2011-01-07,0,4.079527137253528e-06,1.0
0000882291,AEMD,2011-01-10,0,4.079527137253528e-06,1.0
0000882291,AEMD,2011-01-11,0,4.079527137253528e-06,1.0
0000882291,AEMD,2011-01-12,0,4.079527137253528e-06,1.0
0000882291,AEMD,2011-01-13,0,4.079527137253528e-06,1.0
0000882291,AEMD,2011-01-14,0,4.079527137253528e-06,1.0
0000882291,AEMD,2011-01-17,0,4.106310652979489e-06,1.0
0000882291,AEMD,2011-01-18,0,4.106310652979489e-06,1.0
0000882291,AEMD,2011-01-19,0,4.106310652979489e-06,1.0
0000882291,AEMD,2011-01-20,0,4.106310652979489e-06,1.0
0000882291,AEMD,2011-01-21,0,4.106310652979489e-06,1.0
0000882291,AEMD,2011-01-24,0,4.106310652979489e-06,1.0
0000882291,AEMD,2011-01-25,0,4.106310652979489e-06,1.0
0000882291,AEMD,2011-01-26,0,4.106310652979489e-06,1.0
0000882291,AEMD,2011-01-27,0,4.106310652979489e-06,1.0
0000882291,AEMD,2011-01-28,0,4.106310652979489e-06,1.0
0000882291,AEMD,2011-01-31,0,4.106310652979489e-06,1.0
0000882291,AEMD,2011-02-01,0,4.106310652979489e-06,1.0
0000882291,AEMD,2011-02-02,0,4.106310652979489e-06,1.0
0000882291,AEMD,2011-02-03,0,4.106310652979489e-06,1.0
0000882291,AEMD,2011-02-04,0,4.106310652979489e-06,1.0
0000882291,AEMD,2011-02-07,0,4.106310652979489e-06,1.0
0000882291,AEMD,2011-02-08,0,4.106310652979489e-06,1.0
0000882291,AEMD,2011-02-09,0,4.106310652979489e-06,1.0
0000882291,AEMD,2011-02-10,0,4.106310652979489e-06,1.0
0000882291,AEMD,2011-02-11,0,4.106310652979489e-06,1.0
0000882291,AEMD,2011-02-14,0,4.560973651736981e-06,1.0
0000882291,AEMD,2011-02-15,0,4.560973651736981e-06,1.0
0000882291,AEMD,2011-02-16,0,4.560973651736981e-06,1.0
0000882291,AEMD,2011-02-17,0,4.560973651736981e-06,1.0
0000882291,AEMD,2011-02-18,0,2.816155072144388e-06,1.0
0000882291,AEMD,2011-02-21,0,2.816155072144388e-06,1.0
0000882291,AEMD,2011-02-22,0,2.816155072144388e-06,1.0
0000882291,AEMD,2011-02-23,0,2.816155072144388e-06,1.0
0000882291,AEMD,2011-02-24,0,2.986185256721467e-06,1.0
0000882291,AEMD,2011-02-25,0,2.986185256721467e-06,1.0
0000882291,AEMD,2011-02-28,0,2.986185256721467e-06,1.0
0000882291,AEMD,2011-03-01,0,2.986185256721467e-06,1.0
0000882291,AEMD,2011-03-02,0,3.005835259338614e-06,1.0
0000882291,AEMD,2011-03-03,0,3.005835259338614e-06,1.0
0000882291,AEMD,2011-03-04,0,3.005835259338614e-06,1.0
0000882291,AEMD,2011-03-07,0,3.005835259338614e-06,1.0
0000882291,AEMD,2011-03-08,0,3.005835259338614e-06,1.0
0000882291,AEMD,2011-03-09,0,3.005835259338614e-06,1.0
0000882291,AEMD,2011-03-10,0,3.005835259338614e-06,1.0
0000882291,AEMD,2011-03-11,0,3.005835259338614e-06,1.0
0000882291,AEMD,2011-03-14,0,3.005835259338614e-06,1.0
0000882291,AEMD,2011-03-15,0,3.005835259338614e-06,1.0
0000882291,AEMD,2011-03-16,0,3.005835259338614e-06,1.0
0000882291,AEMD,2011-03-17,0,3.005835259338614e-06,1.0
0000882291,AEMD,2011-03-18,0,3.005835259338614e-06,1.0
0000882291,AEMD,2011-03-21,0,4.3381996507737515e-06,1.0
0000882291,AEMD,2011-03-22,0,4.3381996507737515e-06,1.0
0000882291,AEMD,2011-03-23,0,4.3381996507737515e-06,1.0
0000882291,AEMD,2011-03-24,0,4.3381996507737515e-06,1.0
0000882291,AEMD,2011-03-25,0,4.3381996507737515e-06,1.0
0000882291,AEMD,2011-03-28,0,2.702452826448376e-06,1.0
0000882291,AEMD,2011-03-29,0,2.702452826448376e-06,1.0
0000882291,AEMD,2011-03-30,0,2.701086645741147e-06,1.0
0000882291,AEMD,2011-03-31,0,2.701086645741147e-06,1.0
0000882291,AEMD,2011-04-01,0,2.701086645741147e-06,1.0
0000882291,AEMD,2011-04-04,0,2.701086645741147e-06,1.0
0000882291,AEMD,2011-04-05,0,2.701086645741147e-06,1.0
0000882291,AEMD,2011-04-06,0,2.701086645741147e-06,1.0
0000882291,AEMD,2011-04-07,0,2.701086645741147e-06,1.0
0000882291,AEMD,2011-04-08,0,2.204599401452517e-06,1.0
0000882291,AEMD,2011-04-11,0,2.204599401452517e-06,1.0
0000882291,AEMD,2011-04-12,0,2.204599401452517e-06,1.0
0000882291,AEMD,2011-04-13,0,2.204599401452517e-06,1.0
0000882291,AEMD,2011-04-14,0,2.204599401452517e-06,1.0
0000882291,AEMD,2011-04-15,0,2.204599401452517e-06,1.0
0000882291,AEMD,2011-04-18,0,2.204599401452517e-06,1.0
0000882291,AEMD,2011-04-19,0,2.204599401452517e-06,1.0
0000882291,AEMD,2011-04-20,0,2.204599401452517e-06,1.0
0000882291,AEMD,2011-04-21,0,2.204599401452517e-06,1.0
0000882291,AEMD,2011-04-22,0,2.204599401452517e-06,1.0
0000882291,AEMD,2011-04-25,0,2.204599401452517e-06,1.0
0000882291,AEMD,2011-04-26,0,2.204599401452517e-06,1.0
0000882291,AEMD,2011-04-27,0,2.3847468026126318e-06,1.0
0000882291,AEMD,2011-04-28,0,2.3847468026126318e-06,1.0
0000882291,AEMD,2011-04-29,0,2.3847468026126318e-06,1.0
0000882291,AEMD,2011-05-02,0,2.3847468026126318e-06,1.0
0000882291,AEMD,2011-05-03,0,2.3847468026126318e-06,1.0
0000882291,AEMD,2011-05-04,0,2.3847468026126318e-06,1.0
0000882291,AEMD,2011-05-05,0,2.3847468026126318e-06,1.0
0000882291,AEMD,2011-05-06,0,2.3847468026126318e-06,1.0
0000882291,AEMD,2011-05-09,0,3.987639111724454e-06,1.0
0000882291,AEMD,2011-05-10,0,3.987639111724454e-06,1.0
0000882291,AEMD,2011-05-11,0,3.987639111724454e-06,1.0
0000882291,AEMD,2011-05-12,0,3.987639111724454e-06,1.0
0000882291,AEMD,2011-05-13,0,3.987639111724454e-06,1.0
0000882291,AEMD,2011-05-16,0,3.951391364273147e-06,1.0
0000882291,AEMD,2011-05-17,0,3.951391364273147e-06,1.0
0000882291,AEMD,2011-05-18,0,3.951391364273147e-06,1.0
0000882291,AEMD,2011-05-19,0,3.951391364273147e-06,1.0
0000882291,AEMD,2011-05-20,0,4.506937028386651e-06,1.0
0000882291,AEMD,2011-05-23,0,4.506937028386651e-06,1.0
0000882291,AEMD,2011-05-24,0,4.506937028386651e-06,1.0
0000882291,AEMD,2011-05-25,0,4.506937028386651e-06,1.0
0000882291,AEMD,2011-05-26,0,4.477340963290502e-06,1.0
0000882291,AEMD,2011-05-27,0,4.477340963290502e-06,1.0
0000882291,AEMD,2011-05-30,0,4.477340963290502e-06,1.0
0000882291,AEMD,2011-05-31,0,4.477340963290502e-06,1.0
0000882291,AEMD,2011-06-01,0,4.477340963290502e-06,1.0
0000882291,AEMD,2011-06-02,0,4.477340963290502e-06,1.0
0000882291,AEMD,2011-06-03,0,4.477340963290502e-06,1.0
0000882291,AEMD,2011-06-06,0,4.477340963290502e-06,1.0
0000882291,AEMD,2011-06-07,0,4.477340963290502e-06,1.0
0000882291,AEMD,2011-06-08,0,4.477340963290502e-06,1.0
0000882291,AEMD,2011-06-09,0,4.477340963290502e-06,1.0
0000882291,AEMD,2011-06-10,0,4.477340963290502e-06,1.0
0000882291,AEMD,2011-06-13,0,4.477340963290502e-06,1.0
0000882291,AEMD,2011-06-14,0,4.477340963290502e-06,1.0
0000882291,AEMD,2011-06-15,0,4.477340963290502e-06,1.0
0000882291,AEMD,2011-06-16,0,4.477340963290502e-06,1.0
0000882291,AEMD,2011-06-17,0,4.477340963290502e-06,1.0
0000882291,AEMD,2011-06-20,0,4.477340963290502e-06,1.0
0000882291,AEMD,2011-06-21,0,4.477340963290502e-06,1.0
0000882291,AEMD,2011-06-22,0,4.477340963290502e-06,1.0
0000882291,AEMD,2011-06-23,0,4.477340963290502e-06,1.0
0000882291,AEMD,2011-06-24,0,4.477340963290502e-06,1.0
0000882291,AEMD,2011-06-27,0,4.6303178198054495e-06,1.0
0000882291,AEMD,2011-06-28,0,4.6303178198054495e-06,1.0
0000882291,AEMD,2011-06-29,0,2.7139126131571435e-06,1.0
0000882291,AEMD,2011-06-30,0,2.7139126131571435e-06,1.0
0000882291,AEMD,2011-07-01,0,2.7139126131571435e-06,1.0
0000882291,AEMD,2011-07-04,0,2.7139126131571435e-06,1.0
0000882291,AEMD,2011-07-05,0,2.7139126131571435e-06,1.0
0000882291,AEMD,2011-07-06,0,2.7139126131571435e-06,1.0
0000882291,AEMD,2011-07-07,0,2.811660717535384e-06,1.0
0000882291,AEMD,2011-07-08,0,2.811660717535384e-06,1.0
0000882291,AEMD,2011-07-11,0,2.811660717535384e-06,1.0
0000882291,AEMD,2011-07-12,0,2.811660717535384e-06,1.0
0000882291,AEMD,2011-07-13,0,2.811660717535384e-06,1.0
0000882291,AEMD,2011-07-14,0,2.811660717535384e-06,1.0
0000882291,AEMD,2011-07-15,0,2.535059893730206e-07,1.0
0000882291,AEMD,2011-07-18,0,2.535059893730206e-07,1.0
0000882291,AEMD,2011-07-19,0,2.535059893730206e-07,1.0
0000882291,AEMD,2011-07-20,0,2.535059893730206e-07,1.0
0000882291,AEMD,2011-07-21,0,2.535059893730206e-07,1.0
0000882291,AEMD,2011-07-22,0,2.535059893730206e-07,1.0
0000882291,AEMD,2011-07-25,0,2.535059893730206e-07,1.0
0000882291,AEMD,2011-07-26,0,2.535059893730206e-07,1.0
0000882291,AEMD,2011-07-27,0,2.535059893730206e-07,1.0
0000882291,AEMD,2011-07-28,0,2.535059893730206e-07,1.0
0000882291,AEMD,2011-07-29,0,2.6551856236630573e-07,1.0
0000882291,AEMD,2011-08-01,0,2.6551856236630573e-07,1.0
0000882291,AEMD,2011-08-02,0,2.6551856236630573e-07,1.0
0000882291,AEMD,2011-08-03,0,2.6551856236630573e-07,1.0
0000882291,AEMD,2011-08-04,0,2.6551856236630573e-07,1.0
0000882291,AEMD,2011-08-05,0,2.6551856236630573e-07,1.0
0000882291,AEMD,2011-08-08,0,2.6551856236630573e-07,1.0
0000882291,AEMD,2011-08-09,0,2.6551856236630573e-07,1.0
0000882291,AEMD,2011-08-10,0,2.6551856236630573e-07,1.0
0000882291,AEMD,2011-08-11,0,2.6551856236630573e-07,1.0
0000882291,AEMD,2011-08-12,0,2.6551856236630573e-07,1.0
0000882291,AEMD,2011-08-15,0,1.5402087309875547e-06,1.0
0000882291,AEMD,2011-08-16,0,1.5402087309875547e-06,1.0
0000882291,AEMD,2011-08-17,0,1.5402087309875547e-06,1.0
0000882291,AEMD,2011-08-18,0,1.5077982023449815e-06,1.0
0000882291,AEMD,2011-08-19,0,1.5077982023449815e-06,1.0
0000882291,AEMD,2011-08-22,0,9.055040192373953e-07,1.0
0000882291,AEMD,2011-08-23,0,9.055040192373953e-07,1.0
0000882291,AEMD,2011-08-24,0,9.055040192373953e-07,1.0
0000882291,AEMD,2011-08-25,0,9.055040192373953e-07,1.0
0000882291,AEMD,2011-08-26,0,9.055040192373953e-07,1.0
0000882291,AEMD,2011-08-29,0,9.055040192373953e-07,1.0
0000882291,AEMD,2011-08-30,0,9.055040192373953e-07,1.0
0000882291,AEMD,2011-08-31,0,9.055040192373953e-07,1.0
0000882291,AEMD,2011-09-01,0,9.055040192373953e-07,1.0
0000882291,AEMD,2011-09-02,0,9.055040192373953e-07,1.0
0000882291,AEMD,2011-09-05,0,9.055040192373953e-07,1.0
0000882291,AEMD,2011-09-06,0,9.055040192373953e-07,1.0
0000882291,AEMD,2011-09-07,0,9.055040192373953e-07,1.0
0000882291,AEMD,2011-09-08,0,9.055040192373953e-07,1.0
0000882291,AEMD,2011-09-09,0,9.055040192373953e-07,1.0
0000882291,AEMD,2011-09-12,0,9.055040192373953e-07,1.0
0000882291,AEMD,2011-09-13,0,9.055040192373953e-07,1.0
0000882291,AEMD,2011-09-14,0,9.055040192373953e-07,1.0
0000882291,AEMD,2011-09-15,0,9.055040192373953e-07,1.0
0000882291,AEMD,2011-09-16,0,9.055040192373953e-07,1.0
0000882291,AEMD,2011-09-19,0,9.055040192373953e-07,1.0
0000882291,AEMD,2011-09-20,0,9.055040192373953e-07,1.0
0000882291,AEMD,2011-09-21,0,1.3497120591566623e-06,1.0
0000882291,AEMD,2011-09-22,0,1.3497120591566623e-06,1.0
0000882291,AEMD,2011-09-23,0,1.3497120591566623e-06,1.0
0000882291,AEMD,2011-09-26,0,1.3599682611508236e-06,1.0
0000882291,AEMD,2011-09-27,0,1.4190621972417414e-06,1.0
0000882291,AEMD,2011-09-28,0,1.4190621972417414e-06,1.0
0000882291,AEMD,2011-09-29,0,8.134761857461226e-07,1.0
0000882291,AEMD,2011-09-30,0,8.134761857461226e-07,1.0
0000882291,AEMD,2011-10-03,0,8.134761857461226e-07,1.0
0000882291,AEMD,2011-10-04,0,8.134761857461226e-07,1.0
0000882291,AEMD,2011-10-05,0,7.262547702801468e-07,1.0
0000882291,AEMD,2011-10-06,0,7.262547702801468e-07,1.0
0000882291,AEMD,2011-10-07,0,7.262547702801468e-07,1.0
0000882291,AEMD,2011-10-10,0,7.262547702801468e-07,1.0
0000882291,AEMD,2011-10-11,0,7.262547702801468e-07,1.0
0000882291,AEMD,2011-10-12,0,7.262547702801468e-07,1.0
0000882291,AEMD,2011-10-13,0,1.835462036222028e-06,1.0
0000882291,AEMD,2011-10-14,0,1.835462036222028e-06,1.0
0000882291,AEMD,2011-10-17,0,1.835462036222028e-06,1.0
0000882291,AEMD,2011-10-18,0,1.835462036222028e-06,1.0
0000882291,AEMD,2011-10-19,0,1.835462036222028e-06,1.0
0000882291,AEMD,2011-10-20,0,1.835462036222028e-06,1.0
0000882291,AEMD,2011-10-21,0,1.835462036222028e-06,1.0
0000882291,AEMD,2011-10-24,0,1.835462036222028e-06,1.0
0000882291,AEMD,2011-10-25,0,1.835462036222028e-06,1.0
0000882291,AEMD,2011-10-26,0,1.835462036222028e-06,1.0
0000882291,AEMD,2011-10-27,0,1.835462036222028e-06,1.0
0000882291,AEMD,2011-10-28,0,1.835462036222028e-06,1.0
0000882291,AEMD,2011-10-31,0,2.155617650690091e-06,1.0
0000882291,AEMD,2011-11-01,0,2.155617650690091e-06,1.0
0000882291,AEMD,2011-11-02,0,2.155617650690091e-06,1.0
0000882291,AEMD,2011-11-03,0,2.155617650690091e-06,1.0
0000882291,AEMD,2011-11-04,0,3.3199511820851507e-06,1.0
0000882291,AEMD,2011-11-07,0,3.3199511820851507e-06,1.0
0000882291,AEMD,2011-11-08,0,3.3199511820851507e-06,1.0
0000882291,AEMD,2011-11-09,0,3.3199511820851507e-06,1.0
0000882291,AEMD,2011-11-10,0,3.3199511820851507e-06,1.0
0000882291,AEMD,2011-11-11,0,3.3199511820851507e-06,1.0
0000882291,AEMD,2011-11-14,0,3.3199511820851507e-06,1.0
0000882291,AEMD,2011-11-15,0,3.3199511820851507e-06,1.0
0000882291,AEMD,2011-11-16,0,1.9458820867714127e-06,1.0
0000882291,AEMD,2011-11-17,0,1.9458820867714127e-06,1.0
0000882291,AEMD,2011-11-18,0,1.879697059196606e-06,1.0
0000882291,AEMD,2011-11-21,0,2.124894910412608e-06,1.0
0000882291,AEMD,2011-11-22,0,2.124894910412608e-06,1.0
0000882291,AEMD,2011-11-23,0,2.124894910412608e-06,1.0
0000882291,AEMD,2011-11-24,0,2.124894910412608e-06,1.0
0000882291,AEMD,2011-11-25,0,2.124894910412608e-06,1.0
0000882291,AEMD,2011-11-28,0,2.124894910412608e-06,1.0
0000882291,AEMD,2011-11-29,0,2.124894910412608e-06,1.0
0000882291,AEMD,2011-11-30,0,2.124894910412608e-06,1.0
0000882291,AEMD,2011-12-01,0,2.124894910412608e-06,1.0
0000882291,AEMD,2011-12-02,0,2.124894910412608e-06,1.0
0000882291,AEMD,2011-12-05,0,2.124894910412608e-06,1.0
0000882291,AEMD,2011-12-06,0,2.124894910412608e-06,1.0
0000882291,AEMD,2011-12-07,0,2.124894910412608e-06,1.0
0000882291,AEMD,2011-12-08,0,2.124894910412608e-06,1.0
0000882291,AEMD,2011-12-09,0,2.124894910412608e-06,1.0
0000882291,AEMD,2011-12-12,0,2.124894910412608e-06,1.0
0000882291,AEMD,2011-12-13,0,2.124894910412608e-06,1.0
0000882291,AEMD,2011-12-14,0,2.124894910412608e-06,1.0
0000882291,AEMD,2011-12-15,0,2.124894910412608e-06,1.0
0000882291,AEMD,2011-12-16,0,2.225584465108866e-06,1.0
0000882291,AEMD,2011-12-19,0,3.1914452689504543e-06,1.0
0000882291,AEMD,2011-12-20,0,3.1914452689504543e-06,1.0
0000882291,AEMD,2011-12-21,0,3.1914452689504543e-06,1.0
0000882291,AEMD,2011-12-22,0,3.1914452689504543e-06,1.0
0000882291,AEMD,2011-12-23,0,3.1914452689504543e-06,1.0
0000882291,AEMD,2011-12-26,0,3.1994769162368115e-06,1.0
0000882291,AEMD,2011-12-27,0,3.1994769162368115e-06,1.0
0000882291,AEMD,2011-12-28,0,3.3147137314243188e-06,1.0
0000882291,AEMD,2011-12-29,0,3.3147137314243188e-06,1.0
0000882291,AEMD,2011-12-30,0,3.3147137314243188e-06,1.0
0000882291,AEMD,2012-01-02,0,3.3147137314243188e-06,1.0
0000882291,AEMD,2012-01-03,0,3.427967356895726e-06,1.0
0000882291,AEMD,2012-01-04,0,3.427967356895726e-06,1.0
0000882291,AEMD,2012-01-05,0,3.427967356895726e-06,1.0
0000882291,AEMD,2012-01-06,0,3.427967356895726e-06,1.0
0000882291,AEMD,2012-01-09,0,3.427967356895726e-06,1.0
0000882291,AEMD,2012-01-10,0,3.427967356895726e-06,1.0
0000882291,AEMD,2012-01-11,0,3.978749802210411e-06,1.0
0000882291,AEMD,2012-01-12,0,3.978749802210411e-06,1.0
0000882291,AEMD,2012-01-13,0,3.978749802210411e-06,1.0
0000882291,AEMD,2012-01-16,0,3.978749802210411e-06,1.0
0000882291,AEMD,2012-01-17,0,3.978749802210411e-06,1.0
0000882291,AEMD,2012-01-18,0,3.978749802210411e-06,1.0
0000882291,AEMD,2012-01-19,0,3.978749802210411e-06,1.0
0000882291,AEMD,2012-01-20,0,3.978749802210411e-06,1.0
0000882291,AEMD,2012-01-23,0,3.978749802210411e-06,1.0
0000882291,AEMD,2012-01-24,0,3.978749802210411e-06,1.0
0000882291,AEMD,2012-01-25,0,3.978749802210411e-06,1.0
0000882291,AEMD,2012-01-26,0,3.978749802210411e-06,1.0
0000882291,AEMD,2012-01-27,0,3.978749802210411e-06,1.0
0000882291,AEMD,2012-01-30,0,3.978749802210411e-06,1.0
0000882291,AEMD,2012-01-31,0,3.978749802210411e-06,1.0
0000882291,AEMD,2012-02-01,0,3.978749802210411e-06,1.0
0000882291,AEMD,2012-02-02,0,3.978749802210411e-06,1.0
0000882291,AEMD,2012-02-03,0,3.978749802210411e-06,1.0
0000882291,AEMD,2012-02-06,0,3.978749802210411e-06,1.0
0000882291,AEMD,2012-02-07,0,3.978749802210411e-06,1.0
0000882291,AEMD,2012-02-08,0,3.978749802210411e-06,1.0
0000882291,AEMD,2012-02-09,0,3.978749802210411e-06,1.0
0000882291,AEMD,2012-02-10,0,3.978749802210411e-06,1.0
0000882291,AEMD,2012-02-13,0,3.978749802210411e-06,1.0
0000882291,AEMD,2012-02-14,0,4.151635707541066e-06,1.0
0000882291,AEMD,2012-02-15,0,4.151635707541066e-06,1.0
0000882291,AEMD,2012-02-16,0,3.284127370650373e-06,1.0
0000882291,AEMD,2012-02-17,0,3.284127370650373e-06,1.0
0000882291,AEMD,2012-02-20,0,3.2313180534616254e-06,1.0
0000882291,AEMD,2012-02-21,0,3.2313180534616254e-06,1.0
0000882291,AEMD,2012-02-22,0,3.2313180534616254e-06,1.0
0000882291,AEMD,2012-02-23,0,3.2313180534616254e-06,1.0
0000882291,AEMD,2012-02-24,0,3.2313180534616254e-06,1.0
0000882291,AEMD,2012-02-27,0,3.2313180534616254e-06,1.0
0000882291,AEMD,2012-02-28,0,3.2313180534616254e-06,1.0
0000882291,AEMD,2012-02-29,0,2.9384731381819754e-06,1.0
0000882291,AEMD,2012-03-01,0,2.9384731381819754e-06,1.0
0000882291,AEMD,2012-03-02,0,2.9384731381819754e-06,1.0
0000882291,AEMD,2012-03-05,0,2.9384731381819754e-06,1.0
0000882291,AEMD,2012-03-06,0,2.9384731381819754e-06,1.0
0000882291,AEMD,2012-03-07,0,2.9384731381819754e-06,1.0
0000882291,AEMD,2012-03-08,0,2.9384731381819754e-06,1.0
0000882291,AEMD,2012-03-09,0,2.9384731381819754e-06,1.0
0000882291,AEMD,2012-03-12,0,2.9384731381819754e-06,1.0
0000882291,AEMD,2012-03-13,0,2.9384731381819754e-06,1.0
0000882291,AEMD,2012-03-14,0,2.9384731381819754e-06,1.0
0000882291,AEMD,2012-03-15,0,2.9384731381819754e-06,1.0
0000882291,AEMD,2012-03-16,0,2.9384731381819754e-06,1.0
0000882291,AEMD,2012-03-19,0,2.536252983149548e-06,1.0
0000882291,AEMD,2012-03-20,0,2.536252983149548e-06,1.0
0000882291,AEMD,2012-03-21,0,2.536252983149548e-06,1.0
0000882291,AEMD,2012-03-22,0,2.536252983149548e-06,1.0
0000882291,AEMD,2012-03-23,0,2.536252983149548e-06,1.0
0000882291,AEMD,2012-03-26,0,2.536252983149548e-06,1.0
0000882291,AEMD,2012-03-27,0,2.5529423028143316e-06,1.0
0000882291,AEMD,2012-03-28,0,2.5529423028143316e-06,1.0
0000882291,AEMD,2012-03-29,0,2.5529423028143316e-06,1.0
0000882291,AEMD,2012-03-30,0,2.5529423028143316e-06,1.0
0000882291,AEMD,2012-04-02,0,4.205309842473906e-06,1.0
0000882291,AEMD,2012-04-03,0,4.205309842473906e-06,1.0
0000882291,AEMD,2012-04-04,0,4.205309842473906e-06,1.0
0000882291,AEMD,2012-04-05,0,4.205309842473906e-06,1.0
0000882291,AEMD,2012-04-06,0,2.47852465962366e-06,1.0
0000882291,AEMD,2012-04-09,0,2.47852465962366e-06,1.0
0000882291,AEMD,2012-04-10,0,1.223705643830791e-07,1.0
0000882291,AEMD,2012-04-11,0,1.223705643830791e-07,1.0
0000882291,AEMD,2012-04-12,0,1.223705643830791e-07,1.0
0000882291,AEMD,2012-04-13,0,1.223705643830791e-07,1.0
0000882291,AEMD,2012-04-16,0,1.223705643830791e-07,1.0
0000882291,AEMD,2012-04-17,0,1.223705643830791e-07,1.0
0000882291,AEMD,2012-04-18,0,1.223705643830791e-07,1.0
0000882291,AEMD,2012-04-19,0,1.223705643830791e-07,1.0
0000882291,AEMD,2012-04-20,0,1.223705643830791e-07,1.0
0000882291,AEMD,2012-04-23,0,1.9772819070093941e-07,1.0
0000882291,AEMD,2012-04-24,0,1.9772819070093941e-07,1.0
0000882291,AEMD,2012-04-25,0,1.9772819070093941e-07,1.0
0000882291,AEMD,2012-04-26,0,1.9772819070093941e-07,1.0
0000882291,AEMD,2012-04-27,0,1.9772819070093941e-07,1.0
0000882291,AEMD,2012-04-30,0,1.9772819070093941e-07,1.0
0000882291,AEMD,2012-05-01,0,1.9772819070093941e-07,1.0
0000882291,AEMD,2012-05-02,0,1.9772819070093941e-07,1.0
0000882291,AEMD,2012-05-03,0,1.9772819070093941e-07,1.0
0000882291,AEMD,2012-05-04,0,1.9772819070093941e-07,1.0
0000882291,AEMD,2012-05-07,0,2.0576620964522352e-07,1.0
0000882291,AEMD,2012-05-08,0,2.0576620964522352e-07,1.0
0000882291,AEMD,2012-05-09,0,2.0576620964522352e-07,1.0
0000882291,AEMD,2012-05-10,0,1.2449005727380615e-07,1.0
0000882291,AEMD,2012-05-11,0,1.2449005727380615e-07,1.0
0000882291,AEMD,2012-05-14,0,1.2449005727380615e-07,1.0
0000882291,AEMD,2012-05-15,0,1.2480335210441562e-07,1.0
0000882291,AEMD,2012-05-16,0,1.2480335210441562e-07,1.0
0000882291,AEMD,2012-05-17,0,1.3437400079057826e-07,1.0
0000882291,AEMD,2012-05-18,0,1.3437400079057826e-07,1.0
0000882291,AEMD,2012-05-21,0,1.3437400079057826e-07,1.0
0000882291,AEMD,2012-05-22,0,1.3437400079057826e-07,1.0
0000882291,AEMD,2012-05-23,0,1.2817250646614163e-06,1.0
0000882291,AEMD,2012-05-24,0,1.2817250646614163e-06,1.0
0000882291,AEMD,2012-05-25,0,1.2817250646614163e-06,1.0
0000882291,AEMD,2012-05-28,0,1.2817250646614163e-06,1.0
0000882291,AEMD,2012-05-29,0,1.2817250646614163e-06,1.0
0000882291,AEMD,2012-05-30,0,1.2296305892639763e-06,1.0
0000882291,AEMD,2012-05-31,0,1.2296305892639763e-06,1.0
0000882291,AEMD,2012-06-01,0,1.2296305892639763e-06,1.0
0000882291,AEMD,2012-06-04,0,1.2296305892639763e-06,1.0
0000882291,AEMD,2012-06-05,0,1.2296305892639763e-06,1.0
0000882291,AEMD,2012-06-06,0,1.2296305892639763e-06,1.0
0000882291,AEMD,2012-06-07,0,1.2296305892639763e-06,1.0
0000882291,AEMD,2012-06-08,0,1.2296305892639763e-06,1.0
0000882291,AEMD,2012-06-11,0,1.2296305892639763e-06,1.0
0000882291,AEMD,2012-06-12,0,1.2296305892639763e-06,1.0
0000882291,AEMD,2012-06-13,0,1.2296305892639763e-06,1.0
0000882291,AEMD,2012-06-14,0,1.2296305892639763e-06,1.0
0000882291,AEMD,2012-06-15,0,1.2296305892639763e-06,1.0
0000882291,AEMD,2012-06-18,0,1.2296305892639763e-06,1.0
0000882291,AEMD,2012-06-19,0,1.2296305892639763e-06,1.0
0000882291,AEMD,2012-06-20,0,1.2296305892639763e-06,1.0
0000882291,AEMD,2012-06-21,0,1.2296305892639763e-06,1.0
0000882291,AEMD,2012-06-22,0,1.2296305892639763e-06,1.0
0000882291,AEMD,2012-06-25,0,1.2296305892639763e-06,1.0
0000882291,AEMD,2012-06-26,0,1.2296305892639763e-06,1.0
0000882291,AEMD,2012-06-27,0,7.897310347672053e-07,1.0
0000882291,AEMD,2012-06-28,0,7.897310347672053e-07,1.0
0000882291,AEMD,2012-06-29,0,2.2373229211106344e-07,1.0
0000882291,AEMD,2012-07-02,0,2.2373229211106344e-07,1.0
0000882291,AEMD,2012-07-03,0,2.2373229211106344e-07,1.0
0000882291,AEMD,2012-07-04,0,2.2373229211106344e-07,1.0
0000882291,AEMD,2012-07-05,0,2.338717406546942e-07,1.0
0000882291,AEMD,2012-07-06,0,2.338717406546942e-07,1.0
0000882291,AEMD,2012-07-09,0,2.5849616772603573e-07,1.0
0000882291,AEMD,2012-07-10,0,2.5849616772603573e-07,1.0
0000882291,AEMD,2012-07-11,0,2.5849616772603573e-07,1.0
0000882291,AEMD,2012-07-12,0,2.5849616772603573e-07,1.0
0000882291,AEMD,2012-07-13,0,2.5849616772603573e-07,1.0
0000882291,AEMD,2012-07-16,0,2.5849616772603573e-07,1.0
0000882291,AEMD,2012-07-17,0,2.5849616772603573e-07,1.0
0000882291,AEMD,2012-07-18,0,2.5849616772603573e-07,1.0
0000882291,AEMD,2012-07-19,0,2.5849616772603573e-07,1.0
0000882291,AEMD,2012-07-20,0,2.5849616772603573e-07,1.0
0000882291,AEMD,2012-07-23,0,2.8571330751097206e-07,1.0
0000882291,AEMD,2012-07-24,0,2.8571330751097206e-07,1.0
0000882291,AEMD,2012-07-25,0,2.8571330751097206e-07,1.0
0000882291,AEMD,2012-07-26,0,2.8571330751097206e-07,1.0
0000882291,AEMD,2012-07-27,0,3.0078206344583467e-07,1.0
0000882291,AEMD,2012-07-30,0,1.2613857487780377e-06,1.0
0000882291,AEMD,2012-07-31,0,1.2613857487780377e-06,1.0
0000882291,AEMD,2012-08-01,0,1.2613857487780377e-06,1.0
0000882291,AEMD,2012-08-02,0,1.2613857487780377e-06,1.0
0000882291,AEMD,2012-08-03,0,1.2613857487780377e-06,1.0
0000882291,AEMD,2012-08-06,0,1.2613857487780377e-06,1.0
0000882291,AEMD,2012-08-07,0,1.2613857487780377e-06,1.0
0000882291,AEMD,2012-08-08,0,1.2613857487780377e-06,1.0
0000882291,AEMD,2012-08-09,0,1.2613857487780377e-06,1.0
0000882291,AEMD,2012-08-10,0,1.2613857487780377e-06,1.0
0000882291,AEMD,2012-08-13,0,1.2613857487780377e-06,1.0
0000882291,AEMD,2012-08-14,0,9.947921369737858e-07,1.0
0000882291,AEMD,2012-08-15,0,9.67492363454171e-07,1.0
0000882291,AEMD,2012-08-16,0,9.67492363454171e-07,1.0
0000882291,AEMD,2012-08-17,0,9.67492363454171e-07,1.0
0000882291,AEMD,2012-08-20,0,9.67492363454171e-07,1.0
0000882291,AEMD,2012-08-21,0,9.67492363454171e-07,1.0
0000882291,AEMD,2012-08-22,0,9.67492363454171e-07,1.0
0000882291,AEMD,2012-08-23,0,9.67492363454171e-07,1.0
0000882291,AEMD,2012-08-24,0,9.67492363454171e-07,1.0
0000882291,AEMD,2012-08-27,0,9.58177017766569e-07,1.0
0000882291,AEMD,2012-08-28,0,9.627939109315379e-07,1.0
0000882291,AEMD,2012-08-29,0,9.627939109315379e-07,1.0
0000882291,AEMD,2012-08-30,0,9.627939109315379e-07,1.0
0000882291,AEMD,2012-08-31,0,9.627939109315379e-07,1.0
0000882291,AEMD,2012-09-03,0,9.627939109315379e-07,1.0
0000882291,AEMD,2012-09-04,0,9.627939109315379e-07,1.0
0000882291,AEMD,2012-09-05,0,9.627939109315379e-07,1.0
0000882291,AEMD,2012-09-06,0,9.627939109315379e-07,1.0
0000882291,AEMD,2012-09-07,0,8.706928874113374e-07,1.0
0000882291,AEMD,2012-09-10,0,8.706928874113374e-07,1.0
0000882291,AEMD,2012-09-11,0,8.706928874113374e-07,1.0
0000882291,AEMD,2012-09-12,0,8.706928874113374e-07,1.0
0000882291,AEMD,2012-09-13,0,7.160226090396252e-07,1.0
0000882291,AEMD,2012-09-14,0,7.160226090396252e-07,1.0
0000882291,AEMD,2012-09-17,0,7.160226090396252e-07,1.0
0000882291,AEMD,2012-09-18,0,7.160226090396252e-07,1.0
0000882291,AEMD,2012-09-19,0,7.160226090396252e-07,1.0
0000882291,AEMD,2012-09-20,0,7.160226090396252e-07,1.0
0000882291,AEMD,2012-09-21,0,7.160226090396252e-07,1.0
0000882291,AEMD,2012-09-24,0,7.160226090396252e-07,1.0
0000882291,AEMD,2012-09-25,0,7.478036903013412e-07,1.0
0000882291,AEMD,2012-09-26,0,7.478036903013412e-07,1.0
0000882291,AEMD,2012-09-27,0,2.215677195615996e-06,1.0
0000882291,AEMD,2012-09-28,0,2.215677195615996e-06,1.0
0000882291,AEMD,2012-10-01,0,2.215677195615996e-06,1.0
0000882291,AEMD,2012-10-02,0,2.215677195615996e-06,1.0
0000882291,AEMD,2012-10-03,0,2.2190079435878743e-06,1.0
0000882291,AEMD,2012-10-04,0,2.2190079435878743e-06,1.0
0000882291,AEMD,2012-10-05,0,2.2190079435878743e-06,1.0
0000882291,AEMD,2012-10-08,0,3.3715837214726492e-06,1.0
0000882291,AEMD,2012-10-09,0,3.3715837214726492e-06,1.0
0000882291,AEMD,2012-10-10,0,3.3715837214726492e-06,1.0
0000882291,AEMD,2012-10-11,0,3.3715837214726492e-06,1.0
0000882291,AEMD,2012-10-12,0,3.3715837214726492e-06,1.0
0000882291,AEMD,2012-10-15,0,3.3715837214726492e-06,1.0
0000882291,AEMD,2012-10-16,0,3.3715837214726492e-06,1.0
0000882291,AEMD,2012-10-17,0,3.3715837214726492e-06,1.0
0000882291,AEMD,2012-10-18,0,3.3715837214726492e-06,1.0
0000882291,AEMD,2012-10-19,0,3.3715837214726492e-06,1.0
0000882291,AEMD,2012-10-22,0,3.113424827020955e-06,1.0
0000882291,AEMD,2012-10-23,0,3.113424827020955e-06,1.0
0000882291,AEMD,2012-10-24,0,3.113424827020955e-06,1.0
0000882291,AEMD,2012-10-25,0,3.1217849017673823e-06,1.0
0000882291,AEMD,2012-10-26,0,3.1217849017673823e-06,1.0
0000882291,AEMD,2012-10-29,0,3.1217849017673823e-06,1.0
0000882291,AEMD,2012-10-30,0,3.1217849017673823e-06,1.0
0000882291,AEMD,2012-10-31,0,3.1217849017673823e-06,1.0
0000882291,AEMD,2012-11-01,0,3.1217849017673823e-06,1.0
0000882291,AEMD,2012-11-02,0,3.1217849017673823e-06,1.0
0000882291,AEMD,2012-11-05,0,3.1217849017673823e-06,1.0
0000882291,AEMD,2012-11-06,0,3.1217849017673823e-06,1.0
0000882291,AEMD,2012-11-07,0,3.1217849017673823e-06,1.0
0000882291,AEMD,2012-11-08,0,3.1217849017673823e-06,1.0
0000882291,AEMD,2012-11-09,0,3.1217849017673823e-06,1.0
0000882291,AEMD,2012-11-12,0,3.4832960220663374e-06,1.0
0000882291,AEMD,2012-11-13,0,3.4832960220663374e-06,1.0
0000882291,AEMD,2012-11-14,0,2.4248976219363018e-06,1.0
0000882291,AEMD,2012-11-15,0,2.4248976219363018e-06,1.0
0000882291,AEMD,2012-11-16,0,2.4248976219363018e-06,1.0
0000882291,AEMD,2012-11-19,0,2.4248976219363018e-06,1.0
0000882291,AEMD,2012-11-20,0,2.4248976219363018e-06,1.0
0000882291,AEMD,2012-11-21,0,2.4248976219363018e-06,1.0
0000882291,AEMD,2012-11-22,0,2.4248976219363018e-06,1.0
0000882291,AEMD,2012-11-23,0,2.4248976219363018e-06,1.0
0000882291,AEMD,2012-11-26,0,2.422446506521295e-06,1.0
0000882291,AEMD,2012-11-27,0,2.422446506521295e-06,1.0
0000882291,AEMD,2012-11-28,0,2.422446506521295e-06,1.0
0000882291,AEMD,2012-11-29,0,2.422446506521295e-06,1.0
0000882291,AEMD,2012-11-30,0,2.422446506521295e-06,1.0
0000882291,AEMD,2012-12-03,0,2.422446506521295e-06,1.0
0000882291,AEMD,2012-12-04,0,2.422446506521295e-06,1.0
0000882291,AEMD,2012-12-05,0,2.422446506521295e-06,1.0
0000882291,AEMD,2012-12-06,0,2.5209384434968857e-06,1.0
0000882291,AEMD,2012-12-07,0,2.5209384434968857e-06,1.0
0000882291,AEMD,2012-12-10,0,2.5209384434968857e-06,1.0
0000882291,AEMD,2012-12-11,0,2.5209384434968857e-06,1.0
0000882291,AEMD,2012-12-12,0,2.5209384434968857e-06,1.0
0000882291,AEMD,2012-12-13,0,2.5209384434968857e-06,1.0
0000882291,AEMD,2012-12-14,0,3.3635210202249212e-06,1.0
0000882291,AEMD,2012-12-17,0,3.3635210202249212e-06,1.0
0000882291,AEMD,2012-12-18,0,3.3635210202249212e-06,1.0
0000882291,AEMD,2012-12-19,0,3.3635210202249212e-06,1.0
0000882291,AEMD,2012-12-20,0,3.3635210202249212e-06,1.0
0000882291,AEMD,2012-12-21,0,3.3635210202249212e-06,1.0
0000882291,AEMD,2012-12-24,0,3.3702810639745345e-06,1.0
0000882291,AEMD,2012-12-25,0,3.3702810639745345e-06,1.0
0000882291,AEMD,2012-12-26,0,4.301329070393408e-06,1.0
0000882291,AEMD,2012-12-27,0,4.301329070393408e-06,1.0
0000882291,AEMD,2012-12-28,0,4.301329070393408e-06,1.0
0000882291,AEMD,2012-12-31,0,4.301329070393408e-06,1.0
0000882291,AEMD,2013-01-01,0,4.301329070393408e-06,1.0
0000882291,AEMD,2013-01-02,0,4.301329070393408e-06,1.0
0000882291,AEMD,2013-01-03,0,4.301329070393408e-06,1.0
0000882291,AEMD,2013-01-04,0,4.301329070393408e-06,1.0
0000882291,AEMD,2013-01-07,0,4.301329070393408e-06,1.0
0000882291,AEMD,2013-01-08,0,4.301329070393408e-06,1.0
0000882291,AEMD,2013-01-09,0,4.301329070393408e-06,1.0
0000882291,AEMD,2013-01-10,0,4.301329070393408e-06,1.0
0000882291,AEMD,2013-01-11,0,4.301329070393408e-06,1.0
0000882291,AEMD,2013-01-14,0,4.301329070393408e-06,1.0
0000882291,AEMD,2013-01-15,0,4.301329070393408e-06,1.0
0000882291,AEMD,2013-01-16,0,4.301329070393408e-06,1.0
0000882291,AEMD,2013-01-17,0,4.301329070393408e-06,1.0
0000882291,AEMD,2013-01-18,0,4.301329070393408e-06,1.0
0000882291,AEMD,2013-01-21,0,4.301329070393408e-06,1.0
0000882291,AEMD,2013-01-22,0,4.301329070393408e-06,1.0
0000882291,AEMD,2013-01-23,0,4.294808978921096e-06,1.0
0000882291,AEMD,2013-01-24,0,4.294808978921096e-06,1.0
0000882291,AEMD,2013-01-25,0,4.294808978921096e-06,1.0
0000882291,AEMD,2013-01-28,0,4.294808978921096e-06,1.0
0000882291,AEMD,2013-01-29,0,4.294808978921096e-06,1.0
0000882291,AEMD,2013-01-30,0,4.294808978921096e-06,1.0
0000882291,AEMD,2013-01-31,0,4.294808978921096e-06,1.0
0000882291,AEMD,2013-02-01,0,4.294808978921096e-06,1.0
0000882291,AEMD,2013-02-04,0,4.294808978921096e-06,1.0
0000882291,AEMD,2013-02-05,0,4.294808978921096e-06,1.0
0000882291,AEMD,2013-02-06,0,4.294808978921096e-06,1.0
0000882291,AEMD,2013-02-07,0,4.294808978921096e-06,1.0
0000882291,AEMD,2013-02-08,0,4.294808978921096e-06,1.0
0000882291,AEMD,2013-02-11,0,4.145386310930517e-06,1.0
0000882291,AEMD,2013-02-12,0,5.979753236061652e-06,1.0
0000882291,AEMD,2013-02-13,0,2.88632919131826e-06,1.0
0000882291,AEMD,2013-02-14,0,2.88632919131826e-06,1.0
0000882291,AEMD,2013-02-15,0,2.88632919131826e-06,1.0
0000882291,AEMD,2013-02-18,0,2.88632919131826e-06,1.0
0000882291,AEMD,2013-02-19,0,2.88632919131826e-06,1.0
0000882291,AEMD,2013-02-20,0,2.88632919131826e-06,1.0
0000882291,AEMD,2013-02-21,0,2.88632919131826e-06,1.0
0000882291,AEMD,2013-02-22,0,2.88632919131826e-06,1.0
0000882291,AEMD,2013-02-25,0,2.88632919131826e-06,1.0
0000882291,AEMD,2013-02-26,0,2.88632919131826e-06,1.0
0000882291,AEMD,2013-02-27,0,2.88632919131826e-06,1.0
0000882291,AEMD,2013-02-28,0,2.88632919131826e-06,1.0
0000882291,AEMD,2013-03-01,0,2.88632919131826e-06,1.0
0000882291,AEMD,2013-03-04,0,2.88632919131826e-06,1.0
0000882291,AEMD,2013-03-05,0,2.88632919131826e-06,1.0
0000882291,AEMD,2013-03-06,0,2.8979858456535065e-06,1.0
0000882291,AEMD,2013-03-07,0,2.8979858456535065e-06,1.0
0000882291,AEMD,2013-03-08,0,2.8979858456535065e-06,1.0
0000882291,AEMD,2013-03-11,0,2.8979858456535065e-06,1.0
0000882291,AEMD,2013-03-12,0,2.8979858456535065e-06,1.0
0000882291,AEMD,2013-03-13,0,2.8979858456535065e-06,1.0
0000882291,AEMD,2013-03-14,0,2.8979858456535065e-06,1.0
0000882291,AEMD,2013-03-15,0,2.8979858456535065e-06,1.0
0000882291,AEMD,2013-03-18,0,4.076016072351394e-06,1.0
0000882291,AEMD,2013-03-19,0,4.076016072351394e-06,1.0
0000882291,AEMD,2013-03-20,0,4.076016072351394e-06,1.0
0000882291,AEMD,2013-03-21,0,4.076016072351394e-06,1.0
0000882291,AEMD,2013-03-22,0,4.076016072351394e-06,1.0
0000882291,AEMD,2013-03-25,0,4.076016072351394e-06,1.0
0000882291,AEMD,2013-03-26,0,4.076016072351394e-06,1.0
0000882291,AEMD,2013-03-27,0,4.076016072351394e-06,1.0
0000882291,AEMD,2013-03-28,0,4.076016072351394e-06,1.0
0000882291,AEMD,2013-03-29,0,4.076016072351394e-06,1.0
0000882291,AEMD,2013-04-01,0,4.076016072351394e-06,1.0
0000882291,AEMD,2013-04-02,0,4.076016072351394e-06,1.0
0000882291,AEMD,2013-04-03,0,4.076016072351394e-06,1.0
0000882291,AEMD,2013-04-04,0,4.076016072351394e-06,1.0
0000882291,AEMD,2013-04-05,0,4.076016072351394e-06,1.0
0000882291,AEMD,2013-04-08,0,4.076016072351394e-06,1.0
0000882291,AEMD,2013-04-09,0,4.076016072351394e-06,1.0
0000882291,AEMD,2013-04-10,0,4.076016072351394e-06,1.0
0000882291,AEMD,2013-04-11,0,4.076016072351394e-06,1.0
0000882291,AEMD,2013-04-12,0,4.076016072351394e-06,1.0
0000882291,AEMD,2013-04-15,0,2.539127046506605e-06,1.0
0000882291,AEMD,2013-04-16,0,2.539127046506605e-06,1.0
0000882291,AEMD,2013-04-17,0,2.539127046506605e-06,1.0
0000882291,AEMD,2013-04-18,0,2.539127046506605e-06,1.0
0000882291,AEMD,2013-04-19,0,2.539127046506605e-06,1.0
0000882291,AEMD,2013-04-22,0,2.539127046506605e-06,1.0
0000882291,AEMD,2013-04-23,0,2.539127046506605e-06,1.0
0000882291,AEMD,2013-04-24,0,2.539127046506605e-06,1.0
0000882291,AEMD,2013-04-25,0,2.539127046506605e-06,1.0
0000882291,AEMD,2013-04-26,0,2.539127046506605e-06,1.0
0000882291,AEMD,2013-04-29,0,2.539127046506605e-06,1.0
0000882291,AEMD,2013-04-30,0,2.539127046506605e-06,1.0
0000882291,AEMD,2013-05-01,0,2.539127046506605e-06,1.0
0000882291,AEMD,2013-05-02,0,2.539127046506605e-06,1.0
0000882291,AEMD,2013-05-03,0,2.539127046506605e-06,1.0
0000882291,AEMD,2013-05-06,0,2.539127046506605e-06,1.0
0000882291,AEMD,2013-05-07,0,2.539127046506605e-06,1.0
0000882291,AEMD,2013-05-08,0,2.539127046506605e-06,1.0
0000882291,AEMD,2013-05-09,0,2.539127046506605e-06,1.0
0000882291,AEMD,2013-05-10,0,2.539127046506605e-06,1.0
0000882291,AEMD,2013-05-13,0,2.539127046506605e-06,1.0
0000882291,AEMD,2013-05-14,0,2.466950525448471e-06,1.0
0000882291,AEMD,2013-05-15,0,5.015942724628996e-06,1.0
0000882291,AEMD,2013-05-16,0,5.015942724628996e-06,1.0
0000882291,AEMD,2013-05-17,0,5.015942724628996e-06,1.0
0000882291,AEMD,2013-05-20,0,5.015942724628996e-06,1.0
0000882291,AEMD,2013-05-21,0,5.015942724628996e-06,1.0
0000882291,AEMD,2013-05-22,0,5.015942724628996e-06,1.0
0000882291,AEMD,2013-05-23,0,5.015942724628996e-06,1.0
0000882291,AEMD,2013-05-24,0,5.015942724628996e-06,1.0
0000882291,AEMD,2013-05-27,0,5.015942724628996e-06,1.0
0000882291,AEMD,2013-05-28,0,5.015942724628996e-06,1.0
0000882291,AEMD,2013-05-29,0,5.015942724628996e-06,1.0
0000882291,AEMD,2013-05-30,0,5.015942724628996e-06,1.0
0000882291,AEMD,2013-05-31,0,5.015942724628996e-06,1.0
0000882291,AEMD,2013-06-03,0,5.015942724628996e-06,1.0
0000882291,AEMD,2013-06-04,0,5.015942724628996e-06,1.0
0000882291,AEMD,2013-06-05,0,5.015942724628996e-06,1.0
0000882291,AEMD,2013-06-06,0,5.015942724628996e-06,1.0
0000882291,AEMD,2013-06-07,0,5.015942724628996e-06,1.0
0000882291,AEMD,2013-06-10,0,5.015942724628996e-06,1.0
0000882291,AEMD,2013-06-11,0,5.015942724628996e-06,1.0
0000882291,AEMD,2013-06-12,0,5.015942724628996e-06,1.0
0000882291,AEMD,2013-06-13,0,5.015942724628996e-06,1.0
0000882291,AEMD,2013-06-14,0,5.015942724628996e-06,1.0
0000882291,AEMD,2013-06-17,0,5.015942724628996e-06,1.0
0000882291,AEMD,2013-06-18,0,5.015942724628996e-06,1.0
0000882291,AEMD,2013-06-19,0,5.015942724628996e-06,1.0
0000882291,AEMD,2013-06-20,0,5.015942724628996e-06,1.0
0000882291,AEMD,2013-06-21,0,5.015942724628996e-06,1.0
0000882291,AEMD,2013-06-24,0,5.015942724628996e-06,1.0
0000882291,AEMD,2013-06-25,0,5.015942724628996e-06,1.0
0000882291,AEMD,2013-06-26,0,5.015942724628996e-06,1.0
0000882291,AEMD,2013-06-27,0,5.015942724628996e-06,1.0
0000882291,AEMD,2013-06-28,0,5.015942724628996e-06,1.0
0000882291,AEMD,2013-07-01,0,5.015942724628996e-06,1.0
0000882291,AEMD,2013-07-02,0,5.015942724628996e-06,1.0
0000882291,AEMD,2013-07-03,0,5.015942724628996e-06,1.0
0000882291,AEMD,2013-07-04,0,5.015942724628996e-06,1.0
0000882291,AEMD,2013-07-05,0,5.015942724628996e-06,1.0
0000882291,AEMD,2013-07-08,0,5.015942724628996e-06,1.0
0000882291,AEMD,2013-07-09,0,5.015942724628996e-06,1.0
0000882291,AEMD,2013-07-10,0,5.015942724628996e-06,1.0
0000882291,AEMD,2013-07-11,0,5.015942724628996e-06,1.0
0000882291,AEMD,2013-07-12,0,5.015942724628996e-06,1.0
0000882291,AEMD,2013-07-15,0,5.903715981469182e-06,1.0
0000882291,AEMD,2013-07-16,0,3.3269892568723216e-07,1.0
0000882291,AEMD,2013-07-17,0,3.3269892568723216e-07,1.0
0000882291,AEMD,2013-07-18,0,3.3269892568723216e-07,1.0
0000882291,AEMD,2013-07-19,0,3.3269892568723216e-07,1.0
0000882291,AEMD,2013-07-22,0,3.3269892568723216e-07,1.0
0000882291,AEMD,2013-07-23,0,3.3269892568723216e-07,1.0
0000882291,AEMD,2013-07-24,0,3.3269892568723216e-07,1.0
0000882291,AEMD,2013-07-25,0,3.3269892568723216e-07,1.0
0000882291,AEMD,2013-07-26,0,3.3269892568723216e-07,1.0
0000882291,AEMD,2013-07-29,0,3.3269892568723216e-07,1.0
0000882291,AEMD,2013-07-30,0,3.3269892568723216e-07,1.0
0000882291,AEMD,2013-07-31,0,3.3269892568723216e-07,1.0
0000882291,AEMD,2013-08-01,0,3.3269892568723216e-07,1.0
0000882291,AEMD,2013-08-02,0,3.3269892568723216e-07,1.0
0000882291,AEMD,2013-08-05,0,3.3269892568723216e-07,1.0
0000882291,AEMD,2013-08-06,0,3.3269892568723216e-07,1.0
0000882291,AEMD,2013-08-07,0,3.3269892568723216e-07,1.0
0000882291,AEMD,2013-08-08,0,3.3269892568723216e-07,1.0
0000882291,AEMD,2013-08-09,0,3.3269892568723216e-07,1.0
0000882291,AEMD,2013-08-12,0,3.3269892568723216e-07,1.0
0000882291,AEMD,2013-08-13,0,3.66508520233101e-07,1.0
0000882291,AEMD,2013-08-14,0,3.66508520233101e-07,1.0
0000882291,AEMD,2013-08-15,0,1.2054157106853983e-06,1.0
0000882291,AEMD,2013-08-16,0,1.2054157106853983e-06,1.0
0000882291,AEMD,2013-08-19,0,1.2054157106853983e-06,1.0
0000882291,AEMD,2013-08-20,0,1.2054157106853983e-06,1.0
0000882291,AEMD,2013-08-21,0,1.2054157106853983e-06,1.0
0000882291,AEMD,2013-08-22,0,1.2054157106853983e-06,1.0
0000882291,AEMD,2013-08-23,0,1.2054157106853983e-06,1.0
0000882291,AEMD,2013-08-26,0,1.2054157106853983e-06,1.0
0000882291,AEMD,2013-08-27,0,1.2054157106853983e-06,1.0
0000882291,AEMD,2013-08-28,0,1.2054157106853983e-06,1.0
0000882291,AEMD,2013-08-29,0,1.2054157106853983e-06,1.0
0000882291,AEMD,2013-08-30,0,1.2054157106853983e-06,1.0
0000882291,AEMD,2013-09-02,0,1.2054157106853983e-06,1.0
0000882291,AEMD,2013-09-03,0,1.2054157106853983e-06,1.0
0000882291,AEMD,2013-09-04,0,1.2054157106853983e-06,1.0
0000882291,AEMD,2013-09-05,0,1.2054157106853983e-06,1.0
0000882291,AEMD,2013-09-06,0,1.2054157106853983e-06,1.0
0000882291,AEMD,2013-09-09,0,1.2054157106853983e-06,1.0
0000882291,AEMD,2013-09-10,0,1.2054157106853983e-06,1.0
0000882291,AEMD,2013-09-11,0,1.2054157106853983e-06,1.0
0000882291,AEMD,2013-09-12,0,1.1429453683250672e-06,1.0
0000882291,AEMD,2013-09-13,0,1.1429453683250672e-06,1.0
0000882291,AEMD,2013-09-16,0,1.1429453683250672e-06,1.0
0000882291,AEMD,2013-09-17,0,1.1429453683250672e-06,1.0
0000882291,AEMD,2013-09-18,0,1.1429453683250672e-06,1.0
0000882291,AEMD,2013-09-19,0,1.1429453683250672e-06,1.0
0000882291,AEMD,2013-09-20,0,1.1429453683250672e-06,1.0
0000882291,AEMD,2013-09-23,0,1.1429453683250672e-06,1.0
0000882291,AEMD,2013-09-24,0,1.1429453683250672e-06,1.0
0000882291,AEMD,2013-09-25,0,1.1429453683250672e-06,1.0
0000882291,AEMD,2013-09-26,0,1.1429453683250672e-06,1.0
0000882291,AEMD,2013-09-27,0,1.1429453683250672e-06,1.0
0000882291,AEMD,2013-09-30,0,1.1429453683250672e-06,1.0
0000882291,AEMD,2013-10-01,0,1.1429453683250672e-06,1.0
0000882291,AEMD,2013-10-02,0,1.1429453683250672e-06,1.0
0000882291,AEMD,2013-10-03,0,1.1429453683250672e-06,1.0
0000882291,AEMD,2013-10-04,0,1.1429453683250672e-06,1.0
0000882291,AEMD,2013-10-07,0,1.1429453683250672e-06,1.0
0000882291,AEMD,2013-10-08,0,1.1429453683250672e-06,1.0
0000882291,AEMD,2013-10-09,0,1.1429453683250672e-06,1.0
0000882291,AEMD,2013-10-10,0,1.1429453683250672e-06,1.0
0000882291,AEMD,2013-10-11,0,1.1429453683250672e-06,1.0
0000882291,AEMD,2013-10-14,0,3.930261302800992e-06,1.0
0000882291,AEMD,2013-10-15,0,3.930261302800992e-06,1.0
0000882291,AEMD,2013-10-16,0,3.930261302800992e-06,1.0
0000882291,AEMD,2013-10-17,0,3.930261302800992e-06,1.0
0000882291,AEMD,2013-10-18,0,3.930261302800992e-06,1.0
0000882291,AEMD,2013-10-21,0,3.930261302800992e-06,1.0
0000882291,AEMD,2013-10-22,0,3.930261302800992e-06,1.0
0000882291,AEMD,2013-10-23,0,3.930261302800992e-06,1.0
0000882291,AEMD,2013-10-24,0,3.930261302800992e-06,1.0
0000882291,AEMD,2013-10-25,0,3.930261302800992e-06,1.0
0000882291,AEMD,2013-10-28,0,3.930261302800992e-06,1.0
0000882291,AEMD,2013-10-29,0,3.930261302800992e-06,1.0
0000882291,AEMD,2013-10-30,0,3.930261302800992e-06,1.0
0000882291,AEMD,2013-10-31,0,3.930261302800992e-06,1.0
0000882291,AEMD,2013-11-01,0,3.930261302800992e-06,1.0
0000882291,AEMD,2013-11-04,0,3.930261302800992e-06,1.0
0000882291,AEMD,2013-11-05,0,3.930261302800992e-06,1.0
0000882291,AEMD,2013-11-06,0,2.0240624379744786e-06,1.0
0000882291,AEMD,2013-11-07,0,2.0240624379744786e-06,1.0
0000882291,AEMD,2013-11-08,0,2.0240624379744786e-06,1.0
0000882291,AEMD,2013-11-11,0,2.1052544816032534e-06,1.0
0000882291,AEMD,2013-11-12,0,2.1052544816032534e-06,1.0
0000882291,AEMD,2013-11-13,0,2.1052544816032534e-06,1.0
0000882291,AEMD,2013-11-14,0,2.5354113180814038e-06,1.0
0000882291,AEMD,2013-11-15,0,2.5354113180814038e-06,1.0
0000882291,AEMD,2013-11-18,0,2.5354113180814038e-06,1.0
0000882291,AEMD,2013-11-19,0,2.5354113180814038e-06,1.0
0000882291,AEMD,2013-11-20,0,2.5354113180814038e-06,1.0
0000882291,AEMD,2013-11-21,0,2.3120410836160938e-06,1.0
0000882291,AEMD,2013-11-22,0,2.318465718505931e-06,1.0
0000882291,AEMD,2013-11-25,0,2.318465718505931e-06,1.0
0000882291,AEMD,2013-11-26,0,2.318465718505931e-06,1.0
0000882291,AEMD,2013-11-27,0,2.318465718505931e-06,1.0
0000882291,AEMD,2013-11-28,0,2.318465718505931e-06,1.0
0000882291,AEMD,2013-11-29,0,2.318465718505931e-06,1.0
0000882291,AEMD,2013-12-02,0,2.318465718505931e-06,1.0
0000882291,AEMD,2013-12-03,0,2.318465718505931e-06,1.0
0000882291,AEMD,2013-12-04,0,2.318465718505931e-06,1.0
0000882291,AEMD,2013-12-05,0,2.318465718505931e-06,1.0
0000882291,AEMD,2013-12-06,0,2.428327732058407e-06,1.0
0000882291,AEMD,2013-12-09,0,2.428327732058407e-06,1.0
0000882291,AEMD,2013-12-10,0,2.428327732058407e-06,1.0
0000882291,AEMD,2013-12-11,0,2.428327732058407e-06,1.0
0000882291,AEMD,2013-12-12,0,2.428327732058407e-06,1.0
0000882291,AEMD,2013-12-13,0,2.428327732058407e-06,1.0
0000882291,AEMD,2013-12-16,0,1.7840803402092343e-06,1.0
0000882291,AEMD,2013-12-17,0,1.7890378952239592e-06,1.0
0000882291,AEMD,2013-12-18,0,1.7890378952239592e-06,1.0
0000882291,AEMD,2013-12-19,0,1.7890378952239592e-06,1.0
0000882291,AEMD,2013-12-20,0,1.7890378952239592e-06,1.0
0000882291,AEMD,2013-12-23,0,1.867779370568294e-06,1.0
0000882291,AEMD,2013-12-24,0,1.867779370568294e-06,1.0
0000882291,AEMD,2013-12-25,0,1.867779370568294e-06,1.0
0000882291,AEMD,2013-12-26,0,1.867779370568294e-06,1.0
0000882291,AEMD,2013-12-27,0,1.867779370568294e-06,1.0
0000882291,AEMD,2013-12-30,0,1.867779370568294e-06,1.0
0000882291,AEMD,2013-12-31,0,1.867779370568294e-06,1.0
0000882291,AEMD,2014-01-01,0,1.867779370568294e-06,1.0
0000882291,AEMD,2014-01-02,0,1.867779370568294e-06,1.0
0000882291,AEMD,2014-01-03,0,1.867779370568294e-06,1.0
0000882291,AEMD,2014-01-06,0,1.867779370568294e-06,1.0
0000882291,AEMD,2014-01-07,0,1.867779370568294e-06,1.0
0000882291,AEMD,2014-01-08,0,1.7032275414589804e-06,1.0
0000882291,AEMD,2014-01-09,0,1.7032275414589804e-06,1.0
0000882291,AEMD,2014-01-10,0,1.7032275414589804e-06,1.0
0000882291,AEMD,2014-01-13,0,2.102431560015668e-06,1.0
0000882291,AEMD,2014-01-14,0,2.102431560015668e-06,1.0
0000882291,AEMD,2014-01-15,0,2.2020566762982026e-06,1.0
0000882291,AEMD,2014-01-16,0,2.1949664968790086e-06,1.0
0000882291,AEMD,2014-01-17,0,2.1949664968790086e-06,1.0
0000882291,AEMD,2014-01-20,0,2.1949664968790086e-06,1.0
0000882291,AEMD,2014-01-21,0,2.1949664968790086e-06,1.0
0000882291,AEMD,2014-01-22,0,2.1949664968790086e-06,1.0
0000882291,AEMD,2014-01-23,0,2.1949664968790086e-06,1.0
0000882291,AEMD,2014-01-24,0,2.1949664968790086e-06,1.0
0000882291,AEMD,2014-01-27,0,2.1949664968790086e-06,1.0
0000882291,AEMD,2014-01-28,0,2.1949664968790086e-06,1.0
0000882291,AEMD,2014-01-29,0,2.1949664968790086e-06,1.0
0000882291,AEMD,2014-01-30,0,2.1949664968790086e-06,1.0
0000882291,AEMD,2014-01-31,0,2.1949664968790086e-06,1.0
0000882291,AEMD,2014-02-03,0,2.1949664968790086e-06,1.0
0000882291,AEMD,2014-02-04,0,2.2903430586564137e-06,1.0
0000882291,AEMD,2014-02-05,0,2.2903430586564137e-06,1.0
0000882291,AEMD,2014-02-06,0,2.2903430586564137e-06,1.0
0000882291,AEMD,2014-02-07,0,3.732238426927831e-06,1.0
0000882291,AEMD,2014-02-10,0,3.6501165091556026e-06,1.0
0000882291,AEMD,2014-02-11,0,3.956441990555883e-06,1.0
0000882291,AEMD,2014-02-12,0,4.200625751184272e-06,1.0
0000882291,AEMD,2014-02-13,0,4.200625751184272e-06,1.0
0000882291,AEMD,2014-02-14,0,4.200625751184272e-06,1.0
0000882291,AEMD,2014-02-17,0,4.200625751184272e-06,1.0
0000882291,AEMD,2014-02-18,0,4.200625751184272e-06,1.0
0000882291,AEMD,2014-02-19,0,4.3831526387533995e-06,1.0
0000882291,AEMD,2014-02-20,0,4.387072297450758e-06,1.0
0000882291,AEMD,2014-02-21,0,4.387072297450758e-06,1.0
0000882291,AEMD,2014-02-24,0,4.387072297450758e-06,1.0
0000882291,AEMD,2014-02-25,0,4.387072297450758e-06,1.0
0000882291,AEMD,2014-02-26,0,4.387072297450758e-06,1.0
0000882291,AEMD,2014-02-27,0,2.9130061482213667e-06,1.0
0000882291,AEMD,2014-02-28,0,2.9130061482213667e-06,1.0
0000882291,AEMD,2014-03-03,0,2.9130061482213667e-06,1.0
0000882291,AEMD,2014-03-04,0,2.9130061482213667e-06,1.0
0000882291,AEMD,2014-03-05,0,2.9130061482213667e-06,1.0
0000882291,AEMD,2014-03-06,0,2.9130061482213667e-06,1.0
0000882291,AEMD,2014-03-07,0,2.9130061482213667e-06,1.0
0000882291,AEMD,2014-03-10,0,2.9130061482213667e-06,1.0
0000882291,AEMD,2014-03-11,0,2.9130061482213667e-06,1.0
0000882291,AEMD,2014-03-12,0,2.9130061482213667e-06,1.0
0000882291,AEMD,2014-03-13,0,2.9130061482213667e-06,1.0
0000882291,AEMD,2014-03-14,0,2.3927924502598262e-06,1.0
0000882291,AEMD,2014-03-17,0,2.4967650029927487e-06,1.0
0000882291,AEMD,2014-03-18,0,2.498997753239768e-06,1.0
0000882291,AEMD,2014-03-19,0,2.498997753239768e-06,1.0
0000882291,AEMD,2014-03-20,0,2.498997753239768e-06,1.0
0000882291,AEMD,2014-03-21,0,2.498997753239768e-06,1.0
0000882291,AEMD,2014-03-24,0,2.498997753239768e-06,1.0
0000882291,AEMD,2014-03-25,0,2.498997753239768e-06,1.0
0000882291,AEMD,2014-03-26,0,2.498997753239768e-06,1.0
0000882291,AEMD,2014-03-27,0,2.498997753239768e-06,1.0
0000882291,AEMD,2014-03-28,0,2.498997753239768e-06,1.0
0000882291,AEMD,2014-03-31,0,3.905052921828876e-06,1.0
0000882291,AEMD,2014-04-01,0,3.905052921828876e-06,1.0
0000882291,AEMD,2014-04-02,0,3.905052921828876e-06,1.0
0000882291,AEMD,2014-04-03,0,3.905052921828876e-06,1.0
0000882291,AEMD,2014-04-04,0,3.905052921828876e-06,1.0
0000882291,AEMD,2014-04-07,0,2.232367368015338e-06,1.0
0000882291,AEMD,2014-04-08,0,2.232367368015338e-06,1.0
0000882291,AEMD,2014-04-09,0,2.3293690836127532e-06,1.0
0000882291,AEMD,2014-04-10,0,2.3293690836127532e-06,1.0
0000882291,AEMD,2014-04-11,0,2.3293690836127532e-06,1.0
0000882291,AEMD,2014-04-14,0,2.3293690836127532e-06,1.0
0000882291,AEMD,2014-04-15,0,2.3293690836127532e-06,1.0
0000882291,AEMD,2014-04-16,0,2.3293690836127532e-06,1.0
0000882291,AEMD,2014-04-17,0,2.3293690836127532e-06,1.0
0000882291,AEMD,2014-04-18,0,2.3293690836127532e-06,1.0
0000882291,AEMD,2014-04-21,0,2.3293690836127532e-06,1.0
0000882291,AEMD,2014-04-22,0,2.3293690836127532e-06,1.0
0000882291,AEMD,2014-04-23,0,2.3293690836127532e-06,1.0
0000882291,AEMD,2014-04-24,0,2.3293690836127532e-06,1.0
0000882291,AEMD,2014-04-25,0,2.3293690836127532e-06,1.0
0000882291,AEMD,2014-04-28,0,2.3293690836127532e-06,1.0
0000882291,AEMD,2014-04-29,0,2.3293690836127532e-06,1.0
0000882291,AEMD,2014-04-30,0,2.3293690836127532e-06,1.0
0000882291,AEMD,2014-05-01,0,2.3293690836127532e-06,1.0
0000882291,AEMD,2014-05-02,0,2.3293690836127532e-06,1.0
0000882291,AEMD,2014-05-05,0,2.3293690836127532e-06,1.0
0000882291,AEMD,2014-05-06,0,2.3352312198775604e-06,1.0
0000882291,AEMD,2014-05-07,0,3.917455473566366e-06,1.0
0000882291,AEMD,2014-05-08,0,3.917455473566366e-06,1.0
0000882291,AEMD,2014-05-09,0,3.917455473566366e-06,1.0
0000882291,AEMD,2014-05-12,0,3.917455473566366e-06,1.0
0000882291,AEMD,2014-05-13,0,4.136986246170688e-06,1.0
0000882291,AEMD,2014-05-14,0,3.999175815028202e-06,1.0
0000882291,AEMD,2014-05-15,0,3.999175815028202e-06,1.0
0000882291,AEMD,2014-05-16,0,3.999175815028202e-06,1.0
0000882291,AEMD,2014-05-19,0,3.999175815028202e-06,1.0
0000882291,AEMD,2014-05-20,0,3.999175815028202e-06,1.0
0000882291,AEMD,2014-05-21,0,4.009240203061196e-06,1.0
0000882291,AEMD,2014-05-22,0,4.0072134000738e-06,1.0
0000882291,AEMD,2014-05-23,0,2.2140468494455655e-06,1.0
0000882291,AEMD,2014-05-26,0,2.2140468494455655e-06,1.0
0000882291,AEMD,2014-05-27,0,2.2140468494455655e-06,1.0
0000882291,AEMD,2014-05-28,0,2.2140468494455655e-06,1.0
0000882291,AEMD,2014-05-29,0,2.3372545607764327e-06,1.0
0000882291,AEMD,2014-05-30,0,2.3372545607764327e-06,1.0
0000882291,AEMD,2014-06-02,0,2.3372545607764327e-06,1.0
0000882291,AEMD,2014-06-03,0,2.3372545607764327e-06,1.0
0000882291,AEMD,2014-06-04,0,2.3372545607764327e-06,1.0
0000882291,AEMD,2014-06-05,0,2.3372545607764327e-06,1.0
0000882291,AEMD,2014-06-06,0,2.3372545607764327e-06,1.0
0000882291,AEMD,2014-06-09,0,2.3372545607764327e-06,1.0
0000882291,AEMD,2014-06-10,0,2.3372545607764327e-06,1.0
0000882291,AEMD,2014-06-11,0,2.3372545607764327e-06,1.0
0000882291,AEMD,2014-06-12,0,2.3372545607764327e-06,1.0
0000882291,AEMD,2014-06-13,0,2.3372545607764327e-06,1.0
0000882291,AEMD,2014-06-16,0,2.3419520070648377e-06,1.0
0000882291,AEMD,2014-06-17,0,2.3419520070648377e-06,1.0
0000882291,AEMD,2014-06-18,0,2.3419520070648377e-06,1.0
0000882291,AEMD,2014-06-19,0,2.3419520070648377e-06,1.0
0000882291,AEMD,2014-06-20,0,2.3419520070648377e-06,1.0
0000882291,AEMD,2014-06-23,0,3.901669279562103e-06,1.0
0000882291,AEMD,2014-06-24,0,3.901669279562103e-06,1.0
0000882291,AEMD,2014-06-25,0,3.901669279562103e-06,1.0
0000882291,AEMD,2014-06-26,0,3.901669279562103e-06,1.0
0000882291,AEMD,2014-06-27,0,3.901669279562103e-06,1.0
0000882291,AEMD,2014-06-30,0,2.2428460207539737e-06,1.0
0000882291,AEMD,2014-07-01,0,2.2428460207539737e-06,1.0
0000882291,AEMD,2014-07-02,0,2.2428460207539737e-06,1.0
0000882291,AEMD,2014-07-03,0,2.2428460207539737e-06,1.0
0000882291,AEMD,2014-07-04,0,2.2428460207539737e-06,1.0
0000882291,AEMD,2014-07-07,0,2.3215515011081632e-06,1.0
0000882291,AEMD,2014-07-08,0,2.327393963536151e-06,1.0
0000882291,AEMD,2014-07-09,0,2.327393963536151e-06,1.0
0000882291,AEMD,2014-07-10,0,2.081522425617851e-06,1.0
0000882291,AEMD,2014-07-11,0,2.081522425617851e-06,1.0
0000882291,AEMD,2014-07-14,0,2.081522425617851e-06,1.0
0000882291,AEMD,2014-07-15,0,2.0580649845799288e-07,1.0
0000882291,AEMD,2014-07-16,0,2.0580649845799288e-07,1.0
0000882291,AEMD,2014-07-17,0,2.0580649845799288e-07,1.0
0000882291,AEMD,2014-07-18,0,2.0580649845799288e-07,1.0
0000882291,AEMD,2014-07-21,0,2.0580649845799288e-07,1.0
0000882291,AEMD,2014-07-22,0,2.0580649845799288e-07,1.0
0000882291,AEMD,2014-07-23,0,2.0580649845799288e-07,1.0
0000882291,AEMD,2014-07-24,0,2.0580649845799288e-07,1.0
0000882291,AEMD,2014-07-25,0,2.0580649845799288e-07,1.0
0000882291,AEMD,2014-07-28,0,2.104263672374547e-07,1.0
0000882291,AEMD,2014-07-29,0,2.104263672374547e-07,1.0
0000882291,AEMD,2014-07-30,0,2.2542964105624897e-07,1.0
0000882291,AEMD,2014-07-31,0,2.2542964105624897e-07,1.0
0000882291,AEMD,2014-08-01,0,2.2542964105624897e-07,1.0
0000882291,AEMD,2014-08-04,0,2.2542964105624897e-07,1.0
0000882291,AEMD,2014-08-05,0,2.2542964105624897e-07,1.0
0000882291,AEMD,2014-08-06,0,2.2542964105624897e-07,1.0
0000882291,AEMD,2014-08-07,0,2.2542964105624897e-07,1.0
0000882291,AEMD,2014-08-08,0,2.2542964105624897e-07,1.0
0000882291,AEMD,2014-08-11,0,2.3416710344680425e-07,1.0
0000882291,AEMD,2014-08-12,0,2.3416710344680425e-07,1.0
0000882291,AEMD,2014-08-13,0,2.3416710344680425e-07,1.0
0000882291,AEMD,2014-08-14,0,1.289861388702523e-06,1.0
0000882291,AEMD,2014-08-15,0,1.289861388702523e-06,1.0
0000882291,AEMD,2014-08-18,0,1.289861388702523e-06,1.0
0000882291,AEMD,2014-08-19,0,1.289861388702523e-06,1.0
0000882291,AEMD,2014-08-20,0,1.289861388702523e-06,1.0
0000882291,AEMD,2014-08-21,0,1.379508569206552e-06,1.0
0000882291,AEMD,2014-08-22,0,1.379508569206552e-06,1.0
0000882291,AEMD,2014-08-25,0,1.379508569206552e-06,1.0
0000882291,AEMD,2014-08-26,0,1.379508569206552e-06,1.0
0000882291,AEMD,2014-08-27,0,1.3389252103934618e-06,1.0
0000882291,AEMD,2014-08-28,0,1.3389252103934618e-06,1.0
0000882291,AEMD,2014-08-29,0,1.3389252103934618e-06,1.0
0000882291,AEMD,2014-09-01,0,1.3389252103934618e-06,1.0
0000882291,AEMD,2014-09-02,0,1.3389252103934618e-06,1.0
0000882291,AEMD,2014-09-03,0,1.3389252103934618e-06,1.0
0000882291,AEMD,2014-09-04,0,1.3389252103934618e-06,1.0
0000882291,AEMD,2014-09-05,0,1.3389252103934618e-06,1.0
0000882291,AEMD,2014-09-08,0,1.3389252103934618e-06,1.0
0000882291,AEMD,2014-09-09,0,1.3389252103934618e-06,1.0
0000882291,AEMD,2014-09-10,0,1.3389252103934618e-06,1.0
0000882291,AEMD,2014-09-11,0,1.3389252103934618e-06,1.0
0000882291,AEMD,2014-09-12,0,1.3389252103934618e-06,1.0
0000882291,AEMD,2014-09-15,0,1.3281689417812358e-06,1.0
0000882291,AEMD,2014-09-16,0,1.3281689417812358e-06,1.0
0000882291,AEMD,2014-09-17,0,1.3281689417812358e-06,1.0
0000882291,AEMD,2014-09-18,0,1.3281689417812358e-06,1.0
0000882291,AEMD,2014-09-19,0,1.3281689417812358e-06,1.0
0000882291,AEMD,2014-09-22,0,1.3281689417812358e-06,1.0
0000882291,AEMD,2014-09-23,0,1.3281689417812358e-06,1.0
0000882291,AEMD,2014-09-24,0,1.3281689417812358e-06,1.0
0000882291,AEMD,2014-09-25,0,1.3281689417812358e-06,1.0
0000882291,AEMD,2014-09-26,0,1.3281689417812358e-06,1.0
0000882291,AEMD,2014-09-29,0,1.3772367212542215e-06,1.0
0000882291,AEMD,2014-09-30,0,1.3772367212542215e-06,1.0
0000882291,AEMD,2014-10-01,0,1.3772367212542215e-06,1.0
0000882291,AEMD,2014-10-02,0,8.579395634841022e-07,1.0
0000882291,AEMD,2014-10-03,0,8.579395634841022e-07,1.0
0000882291,AEMD,2014-10-06,0,8.640218704103966e-07,1.0
0000882291,AEMD,2014-10-07,0,8.640218704103966e-07,1.0
0000882291,AEMD,2014-10-08,0,8.959422486606883e-07,1.0
0000882291,AEMD,2014-10-09,0,8.959422486606883e-07,1.0
0000882291,AEMD,2014-10-10,0,8.959422486606883e-07,1.0
0000882291,AEMD,2014-10-13,0,2.1700196647177094e-06,1.0
0000882291,AEMD,2014-10-14,0,2.1700196647177094e-06,1.0
0000882291,AEMD,2014-10-15,0,2.1700196647177094e-06,1.0
0000882291,AEMD,2014-10-16,0,2.1700196647177094e-06,1.0
0000882291,AEMD,2014-10-17,0,2.1700196647177094e-06,1.0
0000882291,AEMD,2014-10-20,0,2.1700196647177094e-06,1.0
0000882291,AEMD,2014-10-21,0,2.1700196647177094e-06,1.0
0000882291,AEMD,2014-10-22,0,2.1700196647177094e-06,1.0
0000882291,AEMD,2014-10-23,0,2.1700196647177094e-06,1.0
0000882291,AEMD,2014-10-24,0,2.1700196647177094e-06,1.0
0000882291,AEMD,2014-10-27,0,2.02805624514661e-06,1.0
0000882291,AEMD,2014-10-28,0,2.02805624514661e-06,1.0
0000882291,AEMD,2014-10-29,0,2.02805624514661e-06,1.0
0000882291,AEMD,2014-10-30,0,2.02805624514661e-06,1.0
0000882291,AEMD,2014-10-31,0,2.02805624514661e-06,1.0
0000882291,AEMD,2014-11-03,0,3.123489079878488e-06,1.0
0000882291,AEMD,2014-11-04,0,3.123489079878488e-06,1.0
0000882291,AEMD,2014-11-05,0,3.123489079878488e-06,1.0
0000882291,AEMD,2014-11-06,0,3.123489079878488e-06,1.0
0000882291,AEMD,2014-11-07,0,3.123489079878488e-06,1.0
0000882291,AEMD,2014-11-10,0,3.628415681330557e-06,1.0
0000882291,AEMD,2014-11-11,0,3.628415681330557e-06,1.0
0000882291,AEMD,2014-11-12,0,3.7270304838364156e-06,1.0
0000882291,AEMD,2014-11-13,0,3.7270304838364156e-06,1.0
0000882291,AEMD,2014-11-14,0,3.7270304838364156e-06,1.0
0000882291,AEMD,2014-11-17,0,3.7270304838364156e-06,1.0
0000882291,AEMD,2014-11-18,0,3.7270304838364156e-06,1.0
0000882291,AEMD,2014-11-19,0,3.7838875257392898e-06,1.0
0000882291,AEMD,2014-11-20,0,3.7838875257392898e-06,1.0
0000882291,AEMD,2014-11-21,0,3.7838875257392898e-06,1.0
0000882291,AEMD,2014-11-24,0,3.7838875257392898e-06,1.0
0000882291,AEMD,2014-11-25,0,3.7838875257392898e-06,1.0
0000882291,AEMD,2014-11-26,0,3.723361855275793e-06,1.0
0000882291,AEMD,2014-11-27,0,2.3323514605919663e-06,1.0
0000882291,AEMD,2014-11-28,0,2.3323514605919663e-06,1.0
0000882291,AEMD,2014-12-01,0,2.3323514605919663e-06,1.0
0000882291,AEMD,2014-12-02,0,2.3323514605919663e-06,1.0
0000882291,AEMD,2014-12-03,0,2.4113240303850678e-06,1.0
0000882291,AEMD,2014-12-04,0,2.4113240303850678e-06,1.0
0000882291,AEMD,2014-12-05,0,2.4113240303850678e-06,1.0
0000882291,AEMD,2014-12-08,0,2.4113240303850678e-06,1.0
0000882291,AEMD,2014-12-09,0,2.4113240303850678e-06,1.0
0000882291,AEMD,2014-12-10,0,2.0259249073848064e-06,1.0
0000882291,AEMD,2014-12-11,0,2.0259249073848064e-06,1.0
0000882291,AEMD,2014-12-12,0,2.0259249073848064e-06,1.0
0000882291,AEMD,2014-12-15,0,2.0259249073848064e-06,1.0
0000882291,AEMD,2014-12-16,0,2.0259249073848064e-06,1.0
0000882291,AEMD,2014-12-17,0,2.0259249073848064e-06,1.0
0000882291,AEMD,2014-12-18,0,2.0259249073848064e-06,1.0
0000882291,AEMD,2014-12-19,0,2.0259249073848064e-06,1.0
0000882291,AEMD,2014-12-22,0,2.0259249073848064e-06,1.0
0000882291,AEMD,2014-12-23,0,2.0259249073848064e-06,1.0
0000882291,AEMD,2014-12-24,0,2.0259249073848064e-06,1.0
0000882291,AEMD,2014-12-25,0,2.0259249073848064e-06,1.0
0000882291,AEMD,2014-12-26,0,2.0259249073848064e-06,1.0
0000882291,AEMD,2014-12-29,0,3.118968374234405e-06,1.0
0000882291,AEMD,2014-12-30,0,3.118968374234405e-06,1.0
0000882291,AEMD,2014-12-31,0,1.1400043635233746e-07,1.0
0000882291,AEMD,2015-01-01,0,1.1400043635233746e-07,1.0
0000882291,AEMD,2015-01-02,0,1.096728971443966e-07,1.0
0000882291,AEMD,2015-01-05,0,1.096728971443966e-07,1.0
0000882291,AEMD,2015-01-06,0,1.1033877177040044e-07,1.0
0000882291,AEMD,2015-01-07,0,1.1033877177040044e-07,1.0
0000882291,AEMD,2015-01-08,0,1.1033877177040044e-07,1.0
0000882291,AEMD,2015-01-09,0,1.1033877177040044e-07,1.0
0000882291,AEMD,2015-01-12,0,1.0723057519711167e-07,1.0
0000882291,AEMD,2015-01-13,0,1.0723057519711167e-07,1.0
0000882291,AEMD,2015-01-14,0,1.0723057519711167e-07,1.0
0000882291,AEMD,2015-01-15,0,1.0723057519711167e-07,1.0
0000882291,AEMD,2015-01-16,0,1.0723057519711167e-07,1.0
0000882291,AEMD,2015-01-19,0,1.0723057519711167e-07,1.0
0000882291,AEMD,2015-01-20,0,1.0723057519711167e-07,1.0
0000882291,AEMD,2015-01-21,0,1.0723057519711167e-07,1.0
0000882291,AEMD,2015-01-22,0,1.0723057519711167e-07,1.0
0000882291,AEMD,2015-01-23,0,1.0723057519711167e-07,1.0
0000882291,AEMD,2015-01-26,0,1.0727605028660327e-07,1.0
0000882291,AEMD,2015-01-27,0,1.0727605028660327e-07,1.0
0000882291,AEMD,2015-01-28,0,1.0727605028660327e-07,1.0
0000882291,AEMD,2015-01-29,0,1.0727605028660327e-07,1.0
0000882291,AEMD,2015-01-30,0,7.456859021995243e-07,1.0
0000882291,AEMD,2015-02-02,0,7.456859021995243e-07,1.0
0000882291,AEMD,2015-02-03,0,7.456859021995243e-07,1.0
0000882291,AEMD,2015-02-04,0,7.456859021995243e-07,1.0
0000882291,AEMD,2015-02-05,0,7.456859021995243e-07,1.0
0000882291,AEMD,2015-02-06,0,7.456859021995243e-07,1.0
0000882291,AEMD,2015-02-09,0,7.825617758521802e-07,1.0
0000882291,AEMD,2015-02-10,0,7.707800038287845e-07,1.0
0000882291,AEMD,2015-02-11,0,8.447907571629555e-07,1.0
0000882291,AEMD,2015-02-12,0,8.447907571629555e-07,1.0
0000882291,AEMD,2015-02-13,0,8.447907571629555e-07,1.0
0000882291,AEMD,2015-02-16,0,8.447907571629555e-07,1.0
0000882291,AEMD,2015-02-17,0,8.447907571629555e-07,1.0
0000882291,AEMD,2015-02-18,0,8.447907571629555e-07,1.0
0000882291,AEMD,2015-02-19,0,8.447907571629555e-07,1.0
0000882291,AEMD,2015-02-20,0,8.447907571629555e-07,1.0
0000882291,AEMD,2015-02-23,0,8.447907571629555e-07,1.0
0000882291,AEMD,2015-02-24,0,8.447907571629555e-07,1.0
0000882291,AEMD,2015-02-25,0,8.752179914866002e-07,1.0
0000882291,AEMD,2015-02-26,0,8.752179914866002e-07,1.0
0000882291,AEMD,2015-02-27,0,8.752179914866002e-07,1.0
0000882291,AEMD,2015-03-02,0,8.752179914866002e-07,1.0
0000882291,AEMD,2015-03-03,0,8.84656379352928e-07,1.0
0000882291,AEMD,2015-03-04,0,8.84656379352928e-07,1.0
0000882291,AEMD,2015-03-05,0,8.84656379352928e-07,1.0
0000882291,AEMD,2015-03-06,0,8.84656379352928e-07,1.0
0000882291,AEMD,2015-03-09,0,8.84656379352928e-07,1.0
0000882291,AEMD,2015-03-10,0,8.84656379352928e-07,1.0
0000882291,AEMD,2015-03-11,0,8.84656379352928e-07,1.0
0000882291,AEMD,2015-03-12,0,8.84656379352928e-07,1.0
0000882291,AEMD,2015-03-13,0,8.84656379352928e-07,1.0
0000882291,AEMD,2015-03-16,0,7.838819343583921e-07,1.0
0000882291,AEMD,2015-03-17,0,4.883134204489414e-07,1.0
0000882291,AEMD,2015-03-18,0,4.883134204489414e-07,1.0
0000882291,AEMD,2015-03-19,0,4.883134204489414e-07,1.0
0000882291,AEMD,2015-03-20,0,4.883134204489414e-07,1.0
0000882291,AEMD,2015-03-23,0,4.883134204489414e-07,1.0
0000882291,AEMD,2015-03-24,0,4.883134204489414e-07,1.0
0000882291,AEMD,2015-03-25,0,4.883134204489414e-07,1.0
0000882291,AEMD,2015-03-26,0,4.883134204489414e-07,1.0
0000882291,AEMD,2015-03-27,0,4.883134204489414e-07,1.0
0000882291,AEMD,2015-03-30,0,4.883134204489414e-07,1.0
0000882291,AEMD,2015-03-31,0,4.92024023306408e-07,1.0
0000882291,AEMD,2015-04-01,0,1.8877666163135822e-06,1.0
0000882291,AEMD,2015-04-02,0,1.8877666163135822e-06,1.0
0000882291,AEMD,2015-04-03,0,1.8877666163135822e-06,1.0
0000882291,AEMD,2015-04-06,0,1.8877666163135822e-06,1.0
0000882291,AEMD,2015-04-07,0,1.8877666163135822e-06,1.0
0000882291,AEMD,2015-04-08,0,1.8877666163135822e-06,1.0
0000882291,AEMD,2015-04-09,0,1.8877666163135822e-06,1.0
0000882291,AEMD,2015-04-10,0,1.8877666163135822e-06,1.0
0000882291,AEMD,2015-04-13,0,1.8877666163135822e-06,1.0
0000882291,AEMD,2015-04-14,0,1.8877666163135822e-06,1.0
0000882291,AEMD,2015-04-15,0,3.8292933052959973e-07,1.0
0000882291,AEMD,2015-04-16,0,4.142202124975552e-07,1.0
0000882291,AEMD,2015-04-17,0,4.142202124975552e-07,1.0
0000882291,AEMD,2015-04-20,0,1.0013418776918414e-07,1.0
0000882291,AEMD,2015-04-21,0,1.0013418776918414e-07,1.0
0000882291,AEMD,2015-04-22,0,1.0013418776918414e-07,1.0
0000882291,AEMD,2015-04-23,0,1.0013418776918414e-07,1.0
0000882291,AEMD,2015-04-24,0,1.0013418776918414e-07,1.0
0000882291,AEMD,2015-04-27,0,9.988133690765399e-08,1.0
0000882291,AEMD,2015-04-28,0,9.988133690765399e-08,1.0
0000882291,AEMD,2015-04-29,0,9.988133690765399e-08,1.0
0000882291,AEMD,2015-04-30,0,9.988133690765399e-08,1.0
0000882291,AEMD,2015-05-01,0,9.988133690765399e-08,1.0
0000882291,AEMD,2015-05-04,0,9.988133690765399e-08,1.0
0000882291,AEMD,2015-05-05,0,9.988133690765399e-08,1.0
0000882291,AEMD,2015-05-06,0,9.988133690765399e-08,1.0
0000882291,AEMD,2015-05-07,0,9.988133690765399e-08,1.0
0000882291,AEMD,2015-05-08,0,9.988133690765399e-08,1.0
0000882291,AEMD,2015-05-11,0,9.719089773656696e-08,1.0
0000882291,AEMD,2015-05-12,0,9.719089773656696e-08,1.0
0000882291,AEMD,2015-05-13,0,1.0300504312449976e-07,1.0
0000882291,AEMD,2015-05-14,0,1.0300504312449976e-07,1.0
0000882291,AEMD,2015-05-15,0,9.854326402322599e-08,1.0
0000882291,AEMD,2015-05-18,0,9.854326402322599e-08,1.0
0000882291,AEMD,2015-05-19,0,9.854326402322599e-08,1.0
0000882291,AEMD,2015-05-20,0,5.521987498659024e-07,1.0
0000882291,AEMD,2015-05-21,0,5.521987498659024e-07,1.0
0000882291,AEMD,2015-05-22,0,5.521987498659024e-07,1.0
0000882291,AEMD,2015-05-25,0,5.521987498659024e-07,1.0
0000882291,AEMD,2015-05-26,0,5.521987498659024e-07,1.0
0000882291,AEMD,2015-05-27,0,5.55832393639332e-07,1.0
0000882291,AEMD,2015-05-28,0,5.55832393639332e-07,1.0
0000882291,AEMD,2015-05-29,0,5.55832393639332e-07,1.0
0000882291,AEMD,2015-06-01,0,5.55832393639332e-07,1.0
0000882291,AEMD,2015-06-02,0,5.524698426027482e-07,1.0
0000882291,AEMD,2015-06-03,0,5.524698426027482e-07,1.0
0000882291,AEMD,2015-06-04,0,5.524698426027482e-07,1.0
0000882291,AEMD,2015-06-05,0,5.524698426027482e-07,1.0
0000882291,AEMD,2015-06-08,0,5.524698426027482e-07,1.0
0000882291,AEMD,2015-06-09,0,5.524698426027482e-07,1.0
0000882291,AEMD,2015-06-10,0,5.524698426027482e-07,1.0
0000882291,AEMD,2015-06-11,0,5.524698426027482e-07,1.0
0000882291,AEMD,2015-06-12,0,5.524698426027482e-07,1.0
0000882291,AEMD,2015-06-15,0,5.713461005378939e-07,1.0
0000882291,AEMD,2015-06-16,0,5.713461005378939e-07,1.0
0000882291,AEMD,2015-06-17,0,5.713461005378939e-07,1.0
0000882291,AEMD,2015-06-18,0,5.713461005378939e-07,1.0
0000882291,AEMD,2015-06-19,0,5.713461005378939e-07,1.0
0000882291,AEMD,2015-06-22,0,5.713461005378939e-07,1.0
0000882291,AEMD,2015-06-23,0,5.713461005378939e-07,1.0
0000882291,AEMD,2015-06-24,0,3.293463020127836e-07,1.0
0000882291,AEMD,2015-06-25,0,3.293463020127836e-07,1.0
0000882291,AEMD,2015-06-26,0,3.225658775497685e-08,1.0
0000882291,AEMD,2015-06-29,0,3.225658775497685e-08,1.0
0000882291,AEMD,2015-06-30,0,2.7691651344779588e-08,1.0
0000882291,AEMD,2015-07-01,0,2.7691651344779588e-08,1.0
0000882291,AEMD,2015-07-02,0,2.7691651344779588e-08,1.0
0000882291,AEMD,2015-07-03,0,2.7691651344779588e-08,1.0
0000882291,AEMD,2015-07-06,0,2.7691651344779588e-08,1.0
0000882291,AEMD,2015-07-07,0,2.7691651344779588e-08,1.0
0000882291,AEMD,2015-07-08,0,2.7691651344779588e-08,1.0
0000882291,AEMD,2015-07-09,0,2.7691651344779588e-08,1.0
0000882291,AEMD,2015-07-10,0,2.7691651344779588e-08,1.0
0000882291,AEMD,2015-07-13,0,2.7691651344779588e-08,1.0
0000882291,AEMD,2015-07-14,0,3.32403784817169e-08,1.0
0000882291,AEMD,2015-07-15,0,3.32403784817169e-08,1.0
0000882291,AEMD,2015-07-16,0,3.32403784817169e-08,1.0
0000882291,AEMD,2015-07-17,0,3.32403784817169e-08,1.0
0000882291,AEMD,2015-07-20,0,8.80484494293958e-08,1.0
0000882291,AEMD,2015-07-21,0,8.80484494293958e-08,1.0
0000882291,AEMD,2015-07-22,0,8.80484494293958e-08,1.0
0000882291,AEMD,2015-07-23,0,8.80484494293958e-08,1.0
0000882291,AEMD,2015-07-24,0,9.885042058329197e-08,1.0
0000882291,AEMD,2015-07-27,0,4.3266022903690146e-08,1.0
0000882291,AEMD,2015-07-28,0,4.3266022903690146e-08,1.0
0000882291,AEMD,2015-07-29,0,4.3266022903690146e-08,1.0
0000882291,AEMD,2015-07-30,0,4.3266022903690146e-08,1.0
0000882291,AEMD,2015-07-31,0,4.3266022903690146e-08,1.0
0000882291,AEMD,2015-08-03,0,4.3266022903690146e-08,1.0
0000882291,AEMD,2015-08-04,0,4.3266022903690146e-08,1.0
0000882291,AEMD,2015-08-05,0,4.3266022903690146e-08,1.0
0000882291,AEMD,2015-08-06,0,4.3266022903690146e-08,1.0
0000882291,AEMD,2015-08-07,0,4.3266022903690146e-08,1.0
0000882291,AEMD,2015-08-10,0,4.3266022903690146e-08,1.0
0000882291,AEMD,2015-08-11,0,4.1867068215985615e-08,1.0
0000882291,AEMD,2015-08-12,0,4.1867068215985615e-08,1.0
0000882291,AEMD,2015-08-13,0,4.1867068215985615e-08,1.0
0000882291,AEMD,2015-08-14,0,4.3284675232839754e-08,1.0
0000882291,AEMD,2015-08-17,0,4.3284675232839754e-08,1.0
0000882291,AEMD,2015-08-18,0,4.3284675232839754e-08,1.0
0000882291,AEMD,2015-08-19,0,4.3284675232839754e-08,1.0
0000882291,AEMD,2015-08-20,0,4.3284675232839754e-08,1.0
0000882291,AEMD,2015-08-21,0,4.3284675232839754e-08,1.0
0000882291,AEMD,2015-08-24,0,2.405366937324612e-07,1.0
0000882291,AEMD,2015-08-25,0,2.405366937324612e-07,1.0
0000882291,AEMD,2015-08-26,0,2.405366937324612e-07,1.0
0000882291,AEMD,2015-08-27,0,2.405366937324612e-07,1.0
0000882291,AEMD,2015-08-28,0,2.405366937324612e-07,1.0
0000882291,AEMD,2015-08-31,0,2.405366937324612e-07,1.0
0000882291,AEMD,2015-09-01,0,2.405366937324612e-07,1.0
0000882291,AEMD,2015-09-02,0,2.405366937324612e-07,1.0
0000882291,AEMD,2015-09-03,0,2.405366937324612e-07,1.0
0000882291,AEMD,2015-09-04,0,2.405366937324612e-07,1.0
0000882291,AEMD,2015-09-07,0,2.405366937324612e-07,1.0
0000882291,AEMD,2015-09-08,0,2.405366937324612e-07,1.0
0000882291,AEMD,2015-09-09,0,2.405366937324612e-07,1.0
0000882291,AEMD,2015-09-10,0,2.405366937324612e-07,1.0
0000882291,AEMD,2015-09-11,0,2.405366937324612e-07,1.0
0000882291,AEMD,2015-09-14,0,2.547867131400997e-07,1.0
0000882291,AEMD,2015-09-15,0,2.547867131400997e-07,1.0
0000882291,AEMD,2015-09-16,0,2.547867131400997e-07,1.0
0000882291,AEMD,2015-09-17,0,2.547867131400997e-07,1.0
0000882291,AEMD,2015-09-18,0,2.547867131400997e-07,1.0
0000882291,AEMD,2015-09-21,0,2.547867131400997e-07,1.0
0000882291,AEMD,2015-09-22,0,2.644358088234589e-07,1.0
0000882291,AEMD,2015-09-23,0,2.644358088234589e-07,1.0
0000882291,AEMD,2015-09-24,0,7.017951472233526e-07,1.0
0000882291,AEMD,2015-09-25,0,7.017951472233526e-07,1.0
0000882291,AEMD,2015-09-28,0,4.371780534381883e-07,1.0
0000882291,AEMD,2015-09-29,0,4.371780534381883e-07,1.0
0000882291,AEMD,2015-09-30,0,4.371780534381883e-07,1.0
0000882291,AEMD,2015-10-01,0,4.371780534381883e-07,1.0
0000882291,AEMD,2015-10-02,0,4.371780534381883e-07,1.0
0000882291,AEMD,2015-10-05,0,4.371780534381883e-07,1.0
0000882291,AEMD,2015-10-06,0,4.371780534381883e-07,1.0
0000882291,AEMD,2015-10-07,0,4.371780534381883e-07,1.0
0000882291,AEMD,2015-10-08,0,4.371780534381883e-07,1.0
0000882291,AEMD,2015-10-09,0,4.371780534381883e-07,1.0
0000882291,AEMD,2015-10-12,0,4.314084361849736e-07,1.0
0000882291,AEMD,2015-10-13,0,4.314084361849736e-07,1.0
0000882291,AEMD,2015-10-14,0,4.314084361849736e-07,1.0
0000882291,AEMD,2015-10-15,0,4.314084361849736e-07,1.0
0000882291,AEMD,2015-10-16,0,4.314084361849736e-07,1.0
0000882291,AEMD,2015-10-19,0,3.552204056318536e-07,1.0
0000882291,AEMD,2015-10-20,0,3.552204056318536e-07,1.0
0000882291,AEMD,2015-10-21,0,3.552204056318536e-07,1.0
0000882291,AEMD,2015-10-22,0,2.111524586973914e-06,1.0
0000882291,AEMD,2015-10-23,0,7.696687784130449e-06,1.0
0000882291,AEMD,2015-10-26,0,7.696687784130449e-06,1.0
0000882291,AEMD,2015-10-27,0,7.696687784130449e-06,1.0
0000882291,AEMD,2015-10-28,0,1.1853934866990753e-05,1.0
0000882291,AEMD,2015-10-29,0,1.1853934866990753e-05,1.0
0000882291,AEMD,2015-10-30,0,1.1853934866990753e-05,1.0
0000882291,AEMD,2015-11-02,0,1.1853934866990753e-05,1.0
0000882291,AEMD,2015-11-03,0,1.1853934866990753e-05,1.0
0000882291,AEMD,2015-11-04,0,1.1853934866990753e-05,1.0
0000882291,AEMD,2015-11-05,0,1.1853934866990753e-05,1.0
0000882291,AEMD,2015-11-06,0,1.1853934866990753e-05,1.0
0000882291,AEMD,2015-11-09,0,1.1853934866990753e-05,1.0
0000882291,AEMD,2015-11-10,0,1.1853934866990753e-05,1.0
0000882291,AEMD,2015-11-11,0,1.1853934866990753e-05,1.0
0000882291,AEMD,2015-11-12,0,1.376941777770627e-05,1.0
0000882291,AEMD,2015-11-13,0,1.376941777770627e-05,1.0
0000882291,AEMD,2015-11-16,0,1.376941777770627e-05,1.0
0000882291,AEMD,2015-11-17,0,0.0001318575427037015,1.0
0000882291,AEMD,2015-11-18,0,0.0001318575427037015,1.0
0000882291,AEMD,2015-11-19,0,0.0001318575427037015,1.0
0000882291,AEMD,2015-11-20,0,0.0001318575427037015,1.0
0000882291,AEMD,2015-11-23,0,1.7328523694161178e-05,1.0
0000882291,AEMD,2015-11-24,0,1.7328523694161178e-05,1.0
0000882291,AEMD,2015-11-25,0,1.7328523694161178e-05,1.0
0000882291,AEMD,2015-11-26,0,1.7328523694161178e-05,1.0
0000882291,AEMD,2015-11-27,0,1.7328523694161178e-05,1.0
0000882291,AEMD,2015-11-30,0,1.7328523694161178e-05,1.0
0000882291,AEMD,2015-12-01,0,1.7328523694161178e-05,1.0
0000882291,AEMD,2015-12-02,0,1.7328523694161178e-05,1.0
0000882291,AEMD,2015-12-03,0,1.7328523694161178e-05,1.0
0000882291,AEMD,2015-12-04,0,1.7328523694161178e-05,1.0
0000882291,AEMD,2015-12-07,0,1.7328523694161178e-05,1.0
0000882291,AEMD,2015-12-08,0,1.7328523694161178e-05,1.0
0000882291,AEMD,2015-12-09,0,1.7328523694161178e-05,1.0
0000882291,AEMD,2015-12-10,0,1.7328523694161178e-05,1.0
0000882291,AEMD,2015-12-11,0,1.7328523694161178e-05,1.0
0000882291,AEMD,2015-12-14,0,1.7328523694161178e-05,1.0
0000882291,AEMD,2015-12-15,0,1.7328523694161178e-05,1.0
0000882291,AEMD,2015-12-16,0,1.7328523694161178e-05,1.0
0000882291,AEMD,2015-12-17,0,1.0002585562463713e-05,1.0
0000882291,AEMD,2015-12-18,0,1.0002585562463713e-05,1.0
0000882291,AEMD,2015-12-21,0,1.0058227951223045e-05,1.0
0000882291,AEMD,2015-12-22,0,1.0058227951223045e-05,1.0
0000882291,AEMD,2015-12-23,0,8.583736297845166e-06,1.0
0000882291,AEMD,2015-12-24,0,8.583736297845166e-06,1.0
0000882291,AEMD,2015-12-25,0,8.583736297845166e-06,1.0
0000882291,AEMD,2015-12-28,0,1.0102968064858824e-05,1.0
0000882291,AEMD,2015-12-29,0,1.0102968064858824e-05,1.0
0000882291,AEMD,2015-12-30,0,1.0102968064858824e-05,1.0
0000882291,AEMD,2015-12-31,0,1.0102968064858824e-05,1.0
0000882291,AEMD,2016-01-01,0,1.0102968064858824e-05,1.0
0000882291,AEMD,2016-01-04,0,1.0102968064858824e-05,1.0
0000882291,AEMD,2016-01-05,0,1.0102968064858824e-05,1.0
0000882291,AEMD,2016-01-06,0,1.0102968064858824e-05,1.0
0000882291,AEMD,2016-01-07,0,1.0102968064858824e-05,1.0
0000882291,AEMD,2016-01-08,0,1.0102968064858824e-05,1.0
0000882291,AEMD,2016-01-11,0,1.0102968064858824e-05,1.0
0000882291,AEMD,2016-01-12,0,1.0102968064858824e-05,1.0
0000882291,AEMD,2016-01-13,0,1.0102968064858824e-05,1.0
0000882291,AEMD,2016-01-14,0,1.0102968064858824e-05,1.0
0000882291,AEMD,2016-01-15,0,1.0102968064858824e-05,1.0
0000882291,AEMD,2016-01-18,0,1.0102968064858824e-05,1.0
0000882291,AEMD,2016-01-19,0,1.0102968064858824e-05,1.0
0000882291,AEMD,2016-01-20,0,1.0019919157094854e-05,1.0
0000882291,AEMD,2016-01-21,0,5.732485546907658e-06,1.0
0000882291,AEMD,2016-01-22,0,5.732485546907658e-06,1.0
0000882291,AEMD,2016-01-25,0,5.732485546907658e-06,1.0
0000882291,AEMD,2016-01-26,0,5.732485546907658e-06,1.0
0000882291,AEMD,2016-01-27,0,5.732485546907658e-06,1.0
0000882291,AEMD,2016-01-28,0,5.732485546907658e-06,1.0
0000882291,AEMD,2016-01-29,0,5.732485546907658e-06,1.0
0000882291,AEMD,2016-02-01,0,5.732485546907658e-06,1.0
0000882291,AEMD,2016-02-02,0,5.732485546907658e-06,1.0
0000882291,AEMD,2016-02-03,0,5.732485546907658e-06,1.0
0000882291,AEMD,2016-02-04,0,5.732485546907658e-06,1.0
0000882291,AEMD,2016-02-05,0,3.0484661143887682e-05,1.0
0000882291,AEMD,2016-02-08,0,3.0484661143887682e-05,1.0
0000882291,AEMD,2016-02-09,0,3.0484661143887682e-05,1.0
0000882291,AEMD,2016-02-10,0,3.0300247315603995e-05,1.0
0000882291,AEMD,2016-02-11,0,3.0300247315603995e-05,1.0
0000882291,AEMD,2016-02-12,0,3.0300247315603995e-05,1.0
0000882291,AEMD,2016-02-15,0,7.776842020307821e-06,1.0
0000882291,AEMD,2016-02-16,0,6.11780116671578e-06,1.0
0000882291,AEMD,2016-02-17,0,6.11780116671578e-06,1.0
0000882291,AEMD,2016-02-18,0,6.11780116671578e-06,1.0
0000882291,AEMD,2016-02-19,0,6.11780116671578e-06,1.0
0000882291,AEMD,2016-02-22,0,6.11780116671578e-06,1.0
0000882291,AEMD,2016-02-23,0,2.0978991632010407e-05,1.0
0000882291,AEMD,2016-02-24,0,2.0978991632010407e-05,1.0
0000882291,AEMD,2016-02-25,0,2.0978991632010407e-05,1.0
0000882291,AEMD,2016-02-26,0,2.0978991632010407e-05,1.0
0000882291,AEMD,2016-02-29,0,2.0978991632010407e-05,1.0
0000882291,AEMD,2016-03-01,0,2.0978991632010407e-05,1.0
0000882291,AEMD,2016-03-02,0,2.0978991632010407e-05,1.0
0000882291,AEMD,2016-03-03,0,2.0978991632010407e-05,1.0
0000882291,AEMD,2016-03-04,0,2.0978991632010407e-05,1.0
0000882291,AEMD,2016-03-07,0,2.6012891854770253e-06,1.0
0000882291,AEMD,2016-03-08,0,2.6012891854770253e-06,1.0
0000882291,AEMD,2016-03-09,0,2.6012891854770253e-06,1.0
0000882291,AEMD,2016-03-10,0,2.6012891854770253e-06,1.0
0000882291,AEMD,2016-03-11,0,2.6012891854770253e-06,1.0
0000882291,AEMD,2016-03-14,0,2.6012891854770253e-06,1.0
0000882291,AEMD,2016-03-15,0,2.6012891854770253e-06,1.0
0000882291,AEMD,2016-03-16,0,2.6012891854770253e-06,1.0
0000882291,AEMD,2016-03-17,0,2.425897365506163e-07,1.0
0000882291,AEMD,2016-03-18,0,2.8385577965128293e-07,1.0
0000882291,AEMD,2016-03-21,0,2.8385577965128293e-07,1.0
0000882291,AEMD,2016-03-22,0,2.8385577965128293e-07,1.0
0000882291,AEMD,2016-03-23,0,2.8385577965128293e-07,1.0
0000882291,AEMD,2016-03-24,0,2.8385577965128293e-07,1.0
0000882291,AEMD,2016-03-25,0,4.173495988080563e-07,1.0
0000882291,AEMD,2016-03-28,0,4.205209610106495e-07,1.0
0000882291,AEMD,2016-03-29,0,4.205209610106495e-07,1.0
0000882291,AEMD,2016-03-30,0,4.205209610106495e-07,1.0
0000882291,AEMD,2016-03-31,0,1.2882353805117906e-07,1.0
0000882291,AEMD,2016-04-01,0,1.2882353805117906e-07,1.0
0000882291,AEMD,2016-04-04,0,1.2882353805117906e-07,1.0
0000882291,AEMD,2016-04-05,0,1.2882353805117906e-07,1.0
0000882291,AEMD,2016-04-06,0,1.2882353805117906e-07,1.0
0000882291,AEMD,2016-04-07,0,1.2882353805117906e-07,1.0
0000882291,AEMD,2016-04-08,0,1.2882353805117906e-07,1.0
0000882291,AEMD,2016-04-11,0,1.2882353805117906e-07,1.0
0000882291,AEMD,2016-04-12,0,1.2882353805117906e-07,1.0
0000882291,AEMD,2016-04-13,0,1.2882353805117906e-07,1.0
0000882291,AEMD,2016-04-14,0,1.2882353805117906e-07,1.0
0000882291,AEMD,2016-04-15,0,1.2882353805117906e-07,1.0
0000882291,AEMD,2016-04-18,0,1.2882353805117906e-07,1.0
0000882291,AEMD,2016-04-19,0,1.2882353805117906e-07,1.0
0000882291,AEMD,2016-04-20,0,9.875195460672829e-08,1.0
0000882291,AEMD,2016-04-21,0,9.875195460672829e-08,1.0
0000882291,AEMD,2016-04-22,0,9.875195460672829e-08,1.0
0000882291,AEMD,2016-04-25,0,9.875195460672829e-08,1.0
0000882291,AEMD,2016-04-26,0,9.875195460672829e-08,1.0
0000882291,AEMD,2016-04-27,0,9.875195460672829e-08,1.0
0000882291,AEMD,2016-04-28,0,9.875195460672829e-08,1.0
0000882291,AEMD,2016-04-29,0,9.875195460672829e-08,1.0
0000882291,AEMD,2016-05-02,0,2.4870996011202966e-07,1.0
0000882291,AEMD,2016-05-03,0,2.4870996011202966e-07,1.0
0000882291,AEMD,2016-05-04,0,2.4870996011202966e-07,1.0
0000882291,AEMD,2016-05-05,0,2.140386068491698e-08,1.0
0000882291,AEMD,2016-05-06,0,1.244390193028899e-08,1.0
0000882291,AEMD,2016-05-09,0,1.244390193028899e-08,1.0
0000882291,AEMD,2016-05-10,0,1.244390193028899e-08,1.0
0000882291,AEMD,2016-05-11,0,1.244390193028899e-08,1.0
0000882291,AEMD,2016-05-12,0,1.244390193028899e-08,1.0
0000882291,AEMD,2016-05-13,0,1.244390193028899e-08,1.0
0000882291,AEMD,2016-05-16,0,4.504271851835422e-08,1.0
0000882291,AEMD,2016-05-17,0,4.8173254968743924e-08,1.0
0000882291,AEMD,2016-05-18,0,4.8173254968743924e-08,1.0
0000882291,AEMD,2016-05-19,0,4.8173254968743924e-08,1.0
0000882291,AEMD,2016-05-20,0,4.8173254968743924e-08,1.0
0000882291,AEMD,2016-05-23,0,4.8173254968743924e-08,1.0
0000882291,AEMD,2016-05-24,0,2.2054904504340282e-07,1.0
0000882291,AEMD,2016-05-25,0,2.2054904504340282e-07,1.0
0000882291,AEMD,2016-05-26,0,2.2054904504340282e-07,1.0
0000882291,AEMD,2016-05-27,0,2.2054904504340282e-07,1.0
0000882291,AEMD,2016-05-30,0,2.2054904504340282e-07,1.0
0000882291,AEMD,2016-05-31,0,2.2054904504340282e-07,1.0
0000882291,AEMD,2016-06-01,0,2.2054904504340282e-07,1.0
0000882291,AEMD,2016-06-02,0,2.2054904504340282e-07,1.0
0000882291,AEMD,2016-06-03,0,2.2054904504340282e-07,1.0
0000882291,AEMD,2016-06-06,0,1.7101166085295318e-06,1.0
0000882291,AEMD,2016-06-07,0,1.7101166085295318e-06,1.0
0000882291,AEMD,2016-06-08,0,1.7101166085295318e-06,1.0
0000882291,AEMD,2016-06-09,0,1.7101166085295318e-06,1.0
0000882291,AEMD,2016-06-10,0,1.7101166085295318e-06,1.0
0000882291,AEMD,2016-06-13,0,1.7101166085295318e-06,1.0
0000882291,AEMD,2016-06-14,0,1.7101166085295318e-06,1.0
0000882291,AEMD,2016-06-15,0,1.7101166085295318e-06,1.0
0000882291,AEMD,2016-06-16,0,1.7101166085295318e-06,1.0
0000882291,AEMD,2016-06-17,0,1.7101166085295318e-06,1.0
0000882291,AEMD,2016-06-20,0,1.7101166085295318e-06,1.0
0000882291,AEMD,2016-06-21,0,1.7101166085295318e-06,1.0
0000882291,AEMD,2016-06-22,0,1.7101166085295318e-06,1.0
0000882291,AEMD,2016-06-23,0,1.7101166085295318e-06,1.0
0000882291,AEMD,2016-06-24,0,1.7101166085295318e-06,1.0
0000882291,AEMD,2016-06-27,0,1.7101166085295318e-06,1.0
0000882291,AEMD,2016-06-28,0,9.85778763805108e-07,1.0
0000882291,AEMD,2016-06-29,0,1.7911982858354804e-06,1.0
0000882291,AEMD,2016-06-30,0,0.0003204644558934462,1.0
0000882291,AEMD,2016-07-01,0,0.0003204644558934462,1.0
0000882291,AEMD,2016-07-04,0,0.0003204644558934462,1.0
0000882291,AEMD,2016-07-05,0,0.0003204644558934462,1.0
0000882291,AEMD,2016-07-06,0,0.0003204644558934462,1.0
0000882291,AEMD,2016-07-07,0,0.0003204644558934462,1.0
0000882291,AEMD,2016-07-08,0,0.0003204644558934462,1.0
0000882291,AEMD,2016-07-11,0,0.0003204644558934462,1.0
0000882291,AEMD,2016-07-12,0,0.0003204644558934462,1.0
0000882291,AEMD,2016-07-13,0,0.0003204644558934462,1.0
0000882291,AEMD,2016-07-14,0,0.0003204644558934462,1.0
0000882291,AEMD,2016-07-15,0,0.0003204644558934462,1.0
0000882291,AEMD,2016-07-18,0,0.0003204644558934462,1.0
0000882291,AEMD,2016-07-19,0,0.0003204644558934462,1.0
0000882291,AEMD,2016-07-20,0,0.0003204644558934462,1.0
0000882291,AEMD,2016-07-21,0,0.0003204644558934462,1.0
0000882291,AEMD,2016-07-22,0,0.0003204644558934462,1.0
0000882291,AEMD,2016-07-25,0,0.0003204644558934462,1.0
0000882291,AEMD,2016-07-26,0,0.0003204644558934462,1.0
0000882291,AEMD,2016-07-27,0,0.0003204644558934462,1.0
0000882291,AEMD,2016-07-28,0,0.00034220054151603034,1.0
0000882291,AEMD,2016-07-29,0,0.00034220054151603034,1.0
0000882291,AEMD,2016-08-01,0,1.0119855939684745e-05,1.0
0000882291,AEMD,2016-08-02,0,1.0119855939684745e-05,1.0
0000882291,AEMD,2016-08-03,0,1.4839968757124726e-05,1.0
0000882291,AEMD,2016-08-04,0,1.127280728404453e-05,1.0
0000882291,AEMD,2016-08-05,0,1.127280728404453e-05,1.0
0000882291,AEMD,2016-08-08,0,1.127280728404453e-05,1.0
0000882291,AEMD,2016-08-09,0,1.127280728404453e-05,1.0
0000882291,AEMD,2016-08-10,0,7.022339222659466e-06,1.0
0000882291,AEMD,2016-08-11,0,7.022339222659466e-06,1.0
0000882291,AEMD,2016-08-12,0,6.607213407952802e-06,1.0
0000882291,AEMD,2016-08-15,0,4.501683448057917e-06,1.0
0000882291,AEMD,2016-08-16,0,4.501683448057917e-06,1.0
0000882291,AEMD,2016-08-17,0,4.501683448057917e-06,1.0
0000882291,AEMD,2016-08-18,0,4.501683448057917e-06,1.0
0000882291,AEMD,2016-08-19,0,4.501683448057917e-06,1.0
0000882291,AEMD,2016-08-22,0,3.0210367004260695e-06,1.0
0000882291,AEMD,2016-08-23,0,3.0210367004260695e-06,1.0
0000882291,AEMD,2016-08-24,0,3.0210367004260695e-06,1.0
0000882291,AEMD,2016-08-25,0,3.0210367004260695e-06,1.0
0000882291,AEMD,2016-08-26,0,3.0210367004260695e-06,1.0
0000882291,AEMD,2016-08-29,0,3.0210367004260695e-06,1.0
0000882291,AEMD,2016-08-30,0,3.0210367004260695e-06,1.0
0000882291,AEMD,2016-08-31,0,3.0210367004260695e-06,1.0
0000882291,AEMD,2016-09-01,0,3.0210367004260695e-06,1.0
0000882291,AEMD,2016-09-02,0,3.0210367004260695e-06,1.0
0000882291,AEMD,2016-09-05,0,3.0210367004260695e-06,1.0
0000882291,AEMD,2016-09-06,0,3.0210367004260695e-06,1.0
0000882291,AEMD,2016-09-07,0,3.0210367004260695e-06,1.0
0000882291,AEMD,2016-09-08,0,3.0210367004260695e-06,1.0
0000882291,AEMD,2016-09-09,0,4.652814785189551e-06,1.0
0000882291,AEMD,2016-09-12,0,4.9229411433067265e-06,1.0
0000882291,AEMD,2016-09-13,0,4.9229411433067265e-06,1.0
0000882291,AEMD,2016-09-14,0,4.9229411433067265e-06,1.0
0000882291,AEMD,2016-09-15,0,4.9229411433067265e-06,1.0
0000882291,AEMD,2016-09-16,0,4.9229411433067265e-06,1.0
0000882291,AEMD,2016-09-19,0,4.9229411433067265e-06,1.0
0000882291,AEMD,2016-09-20,0,4.9229411433067265e-06,1.0
0000882291,AEMD,2016-09-21,0,4.9229411433067265e-06,1.0
0000882291,AEMD,2016-09-22,0,4.9229411433067265e-06,1.0
0000882291,AEMD,2016-09-23,0,4.9229411433067265e-06,1.0
0000882291,AEMD,2016-09-26,0,5.10937825929956e-06,1.0
0000882291,AEMD,2016-09-27,0,4.90064682978616e-06,1.0
0000882291,AEMD,2016-09-28,0,5.150357650792095e-06,1.0
0000882291,AEMD,2016-09-29,0,5.150357650792095e-06,1.0
0000882291,AEMD,2016-09-30,0,5.150357650792095e-06,1.0
0000882291,AEMD,2016-10-03,0,5.150357650792095e-06,1.0
0000882291,AEMD,2016-10-04,0,5.150357650792095e-06,1.0
0000882291,AEMD,2016-10-05,0,5.150357650792095e-06,1.0
0000882291,AEMD,2016-10-06,0,5.150357650792095e-06,1.0
0000882291,AEMD,2016-10-07,0,5.150357650792095e-06,1.0
0000882291,AEMD,2016-10-10,0,5.150357650792095e-06,1.0
0000882291,AEMD,2016-10-11,0,5.150357650792095e-06,1.0
0000882291,AEMD,2016-10-12,0,5.150357650792095e-06,1.0
0000882291,AEMD,2016-10-13,0,5.150357650792095e-06,1.0
0000882291,AEMD,2016-10-14,0,5.150357650792095e-06,1.0
0000882291,AEMD,2016-10-17,0,5.150357650792095e-06,1.0
0000882291,AEMD,2016-10-18,0,5.150357650792095e-06,1.0
0000882291,AEMD,2016-10-19,0,5.150357650792095e-06,1.0
0000882291,AEMD,2016-10-20,0,5.150357650792095e-06,1.0
0000882291,AEMD,2016-10-21,0,5.150357650792095e-06,1.0
0000882291,AEMD,2016-10-24,0,5.150357650792095e-06,1.0
0000882291,AEMD,2016-10-25,0,5.150357650792095e-06,1.0
0000882291,AEMD,2016-10-26,0,5.150357650792095e-06,1.0
0000882291,AEMD,2016-10-27,0,5.150357650792095e-06,1.0
0000882291,AEMD,2016-10-28,0,5.150357650792095e-06,1.0
0000882291,AEMD,2016-10-31,0,5.150357650792095e-06,1.0
0000882291,AEMD,2016-11-01,0,5.232670976929798e-06,1.0
0000882291,AEMD,2016-11-02,0,5.232670976929798e-06,1.0
0000882291,AEMD,2016-11-03,0,5.232670976929798e-06,1.0
0000882291,AEMD,2016-11-04,0,5.232670976929798e-06,1.0
0000882291,AEMD,2016-11-07,0,5.232670976929798e-06,1.0
0000882291,AEMD,2016-11-08,0,6.1588027980446255e-06,1.0
0000882291,AEMD,2016-11-09,0,6.1588027980446255e-06,1.0
0000882291,AEMD,2016-11-10,0,7.141235368179435e-06,1.0
0000882291,AEMD,2016-11-11,0,5.879291891696884e-06,1.0
0000882291,AEMD,2016-11-14,0,5.879291891696884e-06,1.0
0000882291,AEMD,2016-11-15,0,5.879291891696884e-06,1.0
0000882291,AEMD,2016-11-16,0,5.879291891696884e-06,1.0
0000882291,AEMD,2016-11-17,0,5.879291891696884e-06,1.0
0000882291,AEMD,2016-11-18,0,5.879291891696884e-06,1.0
0000882291,AEMD,2016-11-21,0,5.879291891696884e-06,1.0
0000882291,AEMD,2016-11-22,0,5.879291891696884e-06,1.0
0000882291,AEMD,2016-11-23,0,5.879291891696884e-06,1.0
0000882291,AEMD,2016-11-24,0,5.879291891696884e-06,1.0
0000882291,AEMD,2016-11-25,0,5.879291891696884e-06,1.0
0000882291,AEMD,2016-11-28,0,5.879291891696884e-06,1.0
0000882291,AEMD,2016-11-29,0,5.879291891696884e-06,1.0
0000882291,AEMD,2016-11-30,0,5.879291891696884e-06,1.0
0000882291,AEMD,2016-12-01,0,5.879291891696884e-06,1.0
0000882291,AEMD,2016-12-02,0,5.879291891696884e-06,1.0
0000882291,AEMD,2016-12-05,0,5.879291891696884e-06,1.0
0000882291,AEMD,2016-12-06,0,5.879291891696884e-06,1.0
0000882291,AEMD,2016-12-07,0,5.879291891696884e-06,1.0
0000882291,AEMD,2016-12-08,0,5.879291891696884e-06,1.0
0000882291,AEMD,2016-12-09,0,5.879291891696884e-06,1.0
0000882291,AEMD,2016-12-12,0,6.180629173754836e-06,1.0
0000882291,AEMD,2016-12-13,0,6.180629173754836e-06,1.0
0000882291,AEMD,2016-12-14,0,6.180629173754836e-06,1.0
0000882291,AEMD,2016-12-15,0,6.180629173754836e-06,1.0
0000882291,AEMD,2016-12-16,0,6.180629173754836e-06,1.0
0000882291,AEMD,2016-12-19,0,6.180629173754836e-06,1.0
0000882291,AEMD,2016-12-20,0,6.180629173754836e-06,1.0
0000882291,AEMD,2016-12-21,0,6.180629173754836e-06,1.0
0000882291,AEMD,2016-12-22,0,6.180629173754836e-06,1.0
0000882291,AEMD,2016-12-23,0,6.180629173754836e-06,1.0
0000882291,AEMD,2016-12-26,0,6.215010913439086e-06,1.0
0000882291,AEMD,2016-12-27,0,4.1450679477613e-06,1.0
0000882291,AEMD,2016-12-28,0,4.1450679477613e-06,1.0
0000882291,AEMD,2016-12-29,0,4.1450679477613e-06,1.0
0000882291,AEMD,2016-12-30,0,2.105273480115478e-06,1.0
0000882291,AEMD,2017-01-02,0,2.105273480115478e-06,1.0
0000882291,AEMD,2017-01-03,0,2.105273480115478e-06,1.0
0000882291,AEMD,2017-01-04,0,2.105273480115478e-06,1.0
0000882291,AEMD,2017-01-05,0,2.105273480115478e-06,1.0
0000882291,AEMD,2017-01-06,0,2.105273480115478e-06,1.0
0000882291,AEMD,2017-01-09,0,2.105273480115478e-06,1.0
0000882291,AEMD,2017-01-10,0,2.105273480115478e-06,1.0
0000882291,AEMD,2017-01-11,0,2.105273480115478e-06,1.0
0000882291,AEMD,2017-01-12,0,2.105273480115478e-06,1.0
0000882291,AEMD,2017-01-13,0,2.105273480115478e-06,1.0
0000882291,AEMD,2017-01-16,0,2.105273480115478e-06,1.0
0000882291,AEMD,2017-01-17,0,2.105273480115478e-06,1.0
0000882291,AEMD,2017-01-18,0,2.105273480115478e-06,1.0
0000882291,AEMD,2017-01-19,0,2.105273480115478e-06,1.0
0000882291,AEMD,2017-01-20,0,2.105273480115478e-06,1.0
0000882291,AEMD,2017-01-23,0,2.105273480115478e-06,1.0
0000882291,AEMD,2017-01-24,0,2.105273480115478e-06,1.0
0000882291,AEMD,2017-01-25,0,2.105273480115478e-06,1.0
0000882291,AEMD,2017-01-26,0,2.105273480115478e-06,1.0
0000882291,AEMD,2017-01-27,0,2.105273480115478e-06,1.0
0000882291,AEMD,2017-01-30,0,3.486425488977736e-06,1.0
0000882291,AEMD,2017-01-31,0,3.486425488977736e-06,1.0
0000882291,AEMD,2017-02-01,0,3.486425488977736e-06,1.0
0000882291,AEMD,2017-02-02,0,3.486425488977736e-06,1.0
0000882291,AEMD,2017-02-03,0,3.486425488977736e-06,1.0
0000882291,AEMD,2017-02-06,0,3.5129181077743075e-06,1.0
0000882291,AEMD,2017-02-07,0,3.5129181077743075e-06,1.0
0000882291,AEMD,2017-02-08,0,3.495199486078451e-06,1.0
0000882291,AEMD,2017-02-09,0,3.5328917654623802e-06,1.0
0000882291,AEMD,2017-02-10,0,3.5328917654623802e-06,1.0
0000882291,AEMD,2017-02-13,0,2.0707034056250784e-05,1.0
0000882291,AEMD,2017-02-14,0,2.0707034056250784e-05,1.0
0000882291,AEMD,2017-02-15,0,2.0707034056250784e-05,1.0
0000882291,AEMD,2017-02-16,0,2.0707034056250784e-05,1.0
0000882291,AEMD,2017-02-17,0,2.0707034056250784e-05,1.0
0000882291,AEMD,2017-02-20,0,2.0707034056250784e-05,1.0
0000882291,AEMD,2017-02-21,0,2.0707034056250784e-05,1.0
0000882291,AEMD,2017-02-22,0,2.0707034056250784e-05,1.0
0000882291,AEMD,2017-02-23,0,2.0707034056250784e-05,1.0
0000882291,AEMD,2017-02-24,0,2.0707034056250784e-05,1.0
0000882291,AEMD,2017-02-27,0,2.0707034056250784e-05,1.0
0000882291,AEMD,2017-02-28,0,2.0707034056250784e-05,1.0
0000882291,AEMD,2017-03-01,0,2.0707034056250784e-05,1.0
0000882291,AEMD,2017-03-02,0,2.0707034056250784e-05,1.0
0000882291,AEMD,2017-03-03,0,2.0707034056250784e-05,1.0
0000882291,AEMD,2017-03-06,0,2.0707034056250784e-05,1.0
0000882291,AEMD,2017-03-07,0,2.0707034056250784e-05,1.0
0000882291,AEMD,2017-03-08,0,2.0707034056250784e-05,1.0
0000882291,AEMD,2017-03-09,0,2.0707034056250784e-05,1.0
0000882291,AEMD,2017-03-10,0,2.0707034056250784e-05,1.0
0000882291,AEMD,2017-03-13,0,2.0707034056250784e-05,1.0
0000882291,AEMD,2017-03-14,0,2.0707034056250784e-05,1.0
0000882291,AEMD,2017-03-15,0,2.0707034056250784e-05,1.0
0000882291,AEMD,2017-03-16,0,2.6241413269049867e-06,1.0
0000882291,AEMD,2017-03-17,0,2.6241413269049867e-06,1.0
0000882291,AEMD,2017-03-20,0,2.6241413269049867e-06,1.0
0000882291,AEMD,2017-03-21,0,2.6241413269049867e-06,1.0
0000882291,AEMD,2017-03-22,0,1.3528581911727876e-06,1.0
0000882291,AEMD,2017-03-23,0,1.3528581911727876e-06,1.0
0000882291,AEMD,2017-03-24,0,1.3528581911727876e-06,1.0
0000882291,AEMD,2017-03-27,0,1.3528581911727876e-06,1.0
0000882291,AEMD,2017-03-28,0,1.3528581911727876e-06,1.0
0000882291,AEMD,2017-03-29,0,1.3528581911727876e-06,1.0
0000882291,AEMD,2017-03-30,0,1.3528581911727876e-06,1.0
0000882291,AEMD,2017-03-31,0,1.4053482081489879e-06,1.0
0000882291,AEMD,2017-04-03,0,1.4053482081489879e-06,1.0
0000882291,AEMD,2017-04-04,0,1.4053482081489879e-06,1.0
0000882291,AEMD,2017-04-05,0,1.4053482081489879e-06,1.0
0000882291,AEMD,2017-04-06,0,1.4053482081489879e-06,1.0
0000882291,AEMD,2017-04-07,0,1.4053482081489879e-06,1.0
0000882291,AEMD,2017-04-10,0,1.4053482081489879e-06,1.0
0000882291,AEMD,2017-04-11,0,1.4053482081489879e-06,1.0
0000882291,AEMD,2017-04-12,0,1.4053482081489879e-06,1.0
0000882291,AEMD,2017-04-13,0,1.4053482081489879e-06,1.0
0000882291,AEMD,2017-04-14,0,1.4053482081489879e-06,1.0
0000882291,AEMD,2017-04-17,0,1.4053482081489879e-06,1.0
0000882291,AEMD,2017-04-18,0,1.4053482081489879e-06,1.0
0000882291,AEMD,2017-04-19,0,1.4053482081489879e-06,1.0
0000882291,AEMD,2017-04-20,0,1.4053482081489879e-06,1.0
0000882291,AEMD,2017-04-21,0,2.50130933963697e-06,1.0
0000882291,AEMD,2017-04-24,0,2.50130933963697e-06,1.0
0000882291,AEMD,2017-04-25,0,2.50130933963697e-06,1.0
0000882291,AEMD,2017-04-26,0,2.50130933963697e-06,1.0
0000882291,AEMD,2017-04-27,0,2.50130933963697e-06,1.0
0000882291,AEMD,2017-04-28,0,2.50130933963697e-06,1.0
0000882291,AEMD,2017-05-01,0,2.50130933963697e-06,1.0
0000882291,AEMD,2017-05-02,0,2.50130933963697e-06,1.0
0000882291,AEMD,2017-05-03,0,2.50130933963697e-06,1.0
0000882291,AEMD,2017-05-04,0,2.50130933963697e-06,1.0
0000882291,AEMD,2017-05-05,0,2.50130933963697e-06,1.0
0000882291,AEMD,2017-05-08,0,2.50130933963697e-06,1.0
0000882291,AEMD,2017-05-09,0,2.50130933963697e-06,1.0
0000882291,AEMD,2017-05-10,0,2.50130933963697e-06,1.0
0000882291,AEMD,2017-05-11,0,2.486177504671858e-06,1.0
0000882291,AEMD,2017-05-12,0,2.486177504671858e-06,1.0
0000882291,AEMD,2017-05-15,0,3.89061424758938e-06,1.0
0000882291,AEMD,2017-05-16,0,3.89061424758938e-06,1.0
0000882291,AEMD,2017-05-17,0,3.89061424758938e-06,1.0
0000882291,AEMD,2017-05-18,0,3.89061424758938e-06,1.0
0000882291,AEMD,2017-05-19,0,3.89061424758938e-06,1.0
0000882291,AEMD,2017-05-22,0,3.89061424758938e-06,1.0
0000882291,AEMD,2017-05-23,0,3.89061424758938e-06,1.0
0000882291,AEMD,2017-05-24,0,3.89061424758938e-06,1.0
0000882291,AEMD,2017-05-25,0,3.89061424758938e-06,1.0
0000882291,AEMD,2017-05-26,0,3.89061424758938e-06,1.0
0000882291,AEMD,2017-05-29,0,3.89061424758938e-06,1.0
0000882291,AEMD,2017-05-30,0,3.89061424758938e-06,1.0
0000882291,AEMD,2017-05-31,0,3.89061424758938e-06,1.0
0000882291,AEMD,2017-06-01,0,3.89061424758938e-06,1.0
0000882291,AEMD,2017-06-02,0,3.89061424758938e-06,1.0
0000882291,AEMD,2017-06-05,0,3.89061424758938e-06,1.0
0000882291,AEMD,2017-06-06,0,3.89061424758938e-06,1.0
0000882291,AEMD,2017-06-07,0,3.89061424758938e-06,1.0
0000882291,AEMD,2017-06-08,0,3.89061424758938e-06,1.0
0000882291,AEMD,2017-06-09,0,3.89061424758938e-06,1.0
0000882291,AEMD,2017-06-12,0,3.89061424758938e-06,1.0
0000882291,AEMD,2017-06-13,0,3.89061424758938e-06,1.0
0000882291,AEMD,2017-06-14,0,3.89061424758938e-06,1.0
0000882291,AEMD,2017-06-15,0,3.89061424758938e-06,1.0
0000882291,AEMD,2017-06-16,0,3.89061424758938e-06,1.0
0000882291,AEMD,2017-06-19,0,3.89061424758938e-06,1.0
0000882291,AEMD,2017-06-20,0,5.476389596097098e-06,1.0
0000882291,AEMD,2017-06-21,0,5.476389596097098e-06,1.0
0000882291,AEMD,2017-06-22,0,5.476389596097098e-06,1.0
0000882291,AEMD,2017-06-23,0,5.476389596097098e-06,1.0
0000882291,AEMD,2017-06-26,0,5.476389596097098e-06,1.0
0000882291,AEMD,2017-06-27,0,5.476389596097098e-06,1.0
0000882291,AEMD,2017-06-28,0,5.476389596097098e-06,1.0
0000882291,AEMD,2017-06-29,0,0.0003462780971129129,1.0
0000882291,AEMD,2017-06-30,0,0.0003462780971129129,1.0
0000882291,AEMD,2017-07-03,0,0.0003462780971129129,1.0
0000882291,AEMD,2017-07-04,0,0.0003462780971129129,1.0
0000882291,AEMD,2017-07-05,0,0.0003462780971129129,1.0
0000882291,AEMD,2017-07-06,0,0.0003462780971129129,1.0
0000882291,AEMD,2017-07-07,0,0.0003462780971129129,1.0
0000882291,AEMD,2017-07-10,0,0.0003462780971129129,1.0
0000882291,AEMD,2017-07-11,0,0.0003462780971129129,1.0
0000882291,AEMD,2017-07-12,0,0.0003462780971129129,1.0
0000882291,AEMD,2017-07-13,0,0.0003462780971129129,1.0
0000882291,AEMD,2017-07-14,0,0.0003462780971129129,1.0
0000882291,AEMD,2017-07-17,0,0.0003462780971129129,1.0
0000882291,AEMD,2017-07-18,0,0.0003462780971129129,1.0
0000882291,AEMD,2017-07-19,0,0.0003462780971129129,1.0
0000882291,AEMD,2017-07-20,0,0.0003462780971129129,1.0
0000882291,AEMD,2017-07-21,0,0.0003462780971129129,1.0
0000882291,AEMD,2017-07-24,0,0.0003462780971129129,1.0
0000882291,AEMD,2017-07-25,0,0.0003462780971129129,1.0
0000882291,AEMD,2017-07-26,0,0.0003462780971129129,1.0
0000882291,AEMD,2017-07-27,0,0.0003462780971129129,1.0
0000882291,AEMD,2017-07-28,0,0.0003462780971129129,1.0
0000882291,AEMD,2017-07-31,0,1.0613246071393381e-05,1.0
0000882291,AEMD,2017-08-01,0,0.0014462024677919637,1.0
0000882291,AEMD,2017-08-02,0,0.0014462024677919637,1.0
0000882291,AEMD,2017-08-03,0,0.0014462024677919637,1.0
0000882291,AEMD,2017-08-04,0,0.0014462024677919637,1.0
0000882291,AEMD,2017-08-07,0,0.0014462024677919637,1.0
0000882291,AEMD,2017-08-08,0,0.0014462024677919637,1.0
0000882291,AEMD,2017-08-09,0,0.0014462024677919637,1.0
0000882291,AEMD,2017-08-10,0,0.0014462024677919637,1.0
0000882291,AEMD,2017-08-11,0,0.0015413660915418433,1.0
0000882291,AEMD,2017-08-14,0,0.0008367383466739192,1.0
0000882291,AEMD,2017-08-15,0,0.0008367383466739192,1.0
0000882291,AEMD,2017-08-16,0,0.0008367383466739192,1.0
0000882291,AEMD,2017-08-17,0,0.0008367383466739192,1.0
0000882291,AEMD,2017-08-18,0,0.0008367383466739192,1.0
0000882291,AEMD,2017-08-21,0,0.0008367383466739192,1.0
0000882291,AEMD,2017-08-22,0,0.0008367383466739192,1.0
0000882291,AEMD,2017-08-23,0,0.0008367383466739192,1.0
0000882291,AEMD,2017-08-24,0,0.0008367383466739192,1.0
0000882291,AEMD,2017-08-25,0,0.0008367383466739192,1.0
0000882291,AEMD,2017-08-28,0,0.0008367383466739192,1.0
0000882291,AEMD,2017-08-29,0,0.0008367383466739192,1.0
0000882291,AEMD,2017-08-30,0,0.0008367383466739192,1.0
0000882291,AEMD,2017-08-31,0,2.4969531317709638e-05,1.0
0000882291,AEMD,2017-09-01,0,2.4969531317709638e-05,1.0
0000882291,AEMD,2017-09-04,0,2.4969531317709638e-05,1.0
0000882291,AEMD,2017-09-05,0,2.4969531317709638e-05,1.0
0000882291,AEMD,2017-09-06,0,2.4969531317709638e-05,1.0
0000882291,AEMD,2017-09-07,0,2.4969531317709638e-05,1.0
0000882291,AEMD,2017-09-08,0,2.4969531317709638e-05,1.0
0000882291,AEMD,2017-09-11,0,2.5334446983944414e-05,1.0
0000882291,AEMD,2017-09-12,0,2.5334446983944414e-05,1.0
0000882291,AEMD,2017-09-13,0,2.5334446983944414e-05,1.0
0000882291,AEMD,2017-09-14,0,2.5334446983944414e-05,1.0
0000882291,AEMD,2017-09-15,0,2.5334446983944414e-05,1.0
0000882291,AEMD,2017-09-18,0,0.0035024202281815795,1.0
0000882291,AEMD,2017-09-19,0,0.0035024202281815795,1.0
0000882291,AEMD,2017-09-20,0,0.0035024202281815795,1.0
0000882291,AEMD,2017-09-21,0,0.0035024202281815795,1.0
0000882291,AEMD,2017-09-22,0,0.0035024202281815795,1.0
0000882291,AEMD,2017-09-25,0,0.0035024202281815795,1.0
0000882291,AEMD,2017-09-26,0,0.0035024202281815795,1.0
0000882291,AEMD,2017-09-27,0,0.0015913512988474047,1.0
0000882291,AEMD,2017-09-28,0,0.0015913512988474047,1.0
0000882291,AEMD,2017-09-29,0,0.0015913512988474047,1.0
0000882291,AEMD,2017-10-02,0,0.0015913512988474047,1.0
0000882291,AEMD,2017-10-03,0,0.0015913512988474047,1.0
0000882291,AEMD,2017-10-04,0,0.0015957662549388966,1.0
0000882291,AEMD,2017-10-05,0,0.0015957662549388966,1.0
0000882291,AEMD,2017-10-06,0,0.0015957662549388966,1.0
0000882291,AEMD,2017-10-09,0,0.0015957662549388966,1.0
0000882291,AEMD,2017-10-10,0,0.0015957662549388966,1.0
0000882291,AEMD,2017-10-11,0,0.0015957662549388966,1.0
0000882291,AEMD,2017-10-12,0,0.0015957662549388966,1.0
0000882291,AEMD,2017-10-13,0,0.0015957662549388966,1.0
0000882291,AEMD,2017-10-16,0,0.0015957662549388966,1.0
0000882291,AEMD,2017-10-17,0,0.0015957662549388966,1.0
0000882291,AEMD,2017-10-18,0,4.458586417171459e-05,1.0
0000882291,AEMD,2017-10-19,0,4.458586417171459e-05,1.0
0000882291,AEMD,2017-10-20,0,4.458586417171459e-05,1.0
0000882291,AEMD,2017-10-23,0,4.458586417171459e-05,1.0
0000882291,AEMD,2017-10-24,0,4.458586417171459e-05,1.0
0000882291,AEMD,2017-10-25,0,4.458586417171459e-05,1.0
0000882291,AEMD,2017-10-26,0,4.458586417171459e-05,1.0
0000882291,AEMD,2017-10-27,0,4.458586417171459e-05,1.0
0000882291,AEMD,2017-10-30,0,2.3469665332983753e-05,1.0
0000882291,AEMD,2017-10-31,0,2.3469665332983753e-05,1.0
0000882291,AEMD,2017-11-01,0,2.3469665332983753e-05,1.0
0000882291,AEMD,2017-11-02,0,2.3469665332983753e-05,1.0
0000882291,AEMD,2017-11-03,0,2.514427201692071e-05,1.0
0000882291,AEMD,2017-11-06,0,2.514427201692071e-05,1.0
0000882291,AEMD,2017-11-07,0,2.514427201692071e-05,1.0
0000882291,AEMD,2017-11-08,0,2.514427201692071e-05,1.0
0000882291,AEMD,2017-11-09,0,2.5666544488207025e-05,1.0
0000882291,AEMD,2017-11-10,0,2.5666544488207025e-05,1.0
0000882291,AEMD,2017-11-13,0,2.5666544488207025e-05,1.0
0000882291,AEMD,2017-11-14,0,2.5666544488207025e-05,1.0
0000882291,AEMD,2017-11-15,0,2.5666544488207025e-05,1.0
0000882291,AEMD,2017-11-16,0,2.5666544488207025e-05,1.0
0000882291,AEMD,2017-11-17,0,2.5666544488207025e-05,1.0
0000882291,AEMD,2017-11-20,0,2.5666544488207025e-05,1.0
0000882291,AEMD,2017-11-21,0,2.5666544488207025e-05,1.0
0000882291,AEMD,2017-11-22,0,2.5666544488207025e-05,1.0
0000882291,AEMD,2017-11-23,0,2.5666544488207025e-05,1.0
0000882291,AEMD,2017-11-24,0,2.5666544488207025e-05,1.0
0000882291,AEMD,2017-11-27,0,2.5666544488207025e-05,1.0
0000882291,AEMD,2017-11-28,0,2.5666544488207025e-05,1.0
0000882291,AEMD,2017-11-29,0,2.5666544488207025e-05,1.0
0000882291,AEMD,2017-11-30,0,2.5666544488207025e-05,1.0
0000882291,AEMD,2017-12-01,0,2.5666544488207025e-05,1.0
0000882291,AEMD,2017-12-04,0,2.5790914739113112e-05,1.0
0000882291,AEMD,2017-12-05,0,2.5790914739113112e-05,1.0
0000882291,AEMD,2017-12-06,0,2.5790914739113112e-05,1.0
0000882291,AEMD,2017-12-07,0,2.5790914739113112e-05,1.0
0000882291,AEMD,2017-12-08,0,2.5790914739113112e-05,1.0
0000882291,AEMD,2017-12-11,0,2.5790914739113112e-05,1.0
0000882291,AEMD,2017-12-12,0,2.5790914739113112e-05,1.0
0000882291,AEMD,2017-12-13,0,2.5790914739113112e-05,1.0
0000882291,AEMD,2017-12-14,0,2.5790914739113112e-05,1.0
0000882291,AEMD,2017-12-15,0,2.5790914739113112e-05,1.0
0000882291,AEMD,2017-12-18,0,3.402351861036294e-05,1.0
0000882291,AEMD,2017-12-19,0,3.402351861036294e-05,1.0
0000882291,AEMD,2017-12-20,0,3.402351861036294e-05,1.0
0000882291,AEMD,2017-12-21,0,3.402351861036294e-05,1.0
0000882291,AEMD,2017-12-22,0,3.402351861036294e-05,1.0
0000882291,AEMD,2017-12-25,0,3.402351861036294e-05,1.0
0000882291,AEMD,2017-12-26,0,1.447523660736917e-05,1.0
0000882291,AEMD,2017-12-27,0,1.447523660736917e-05,1.0
0000882291,AEMD,2017-12-28,0,1.447523660736917e-05,1.0
0000882291,AEMD,2017-12-29,0,1.447523660736917e-05,1.0
0000882291,AEMD,2018-01-01,0,1.447523660736917e-05,1.0
0000882291,AEMD,2018-01-02,0,1.4488181037696227e-05,1.0
0000882291,AEMD,2018-01-03,0,1.4488181037696227e-05,1.0
0000882291,AEMD,2018-01-04,0,1.4488181037696227e-05,1.0
0000882291,AEMD,2018-01-05,0,1.4488181037696227e-05,1.0
0000882291,AEMD,2018-01-08,0,1.4488181037696227e-05,1.0
0000882291,AEMD,2018-01-09,0,1.4488181037696227e-05,1.0
0000882291,AEMD,2018-01-10,0,7.9301611925051e-06,1.0
0000882291,AEMD,2018-01-11,0,7.9301611925051e-06,1.0
0000882291,AEMD,2018-01-12,0,7.9301611925051e-06,1.0
0000882291,AEMD,2018-01-15,0,7.9301611925051e-06,1.0
0000882291,AEMD,2018-01-16,0,7.9301611925051e-06,1.0
0000882291,AEMD,2018-01-17,0,7.9301611925051e-06,1.0
0000882291,AEMD,2018-01-18,0,7.9301611925051e-06,1.0
0000882291,AEMD,2018-01-19,0,7.9301611925051e-06,1.0
0000882291,AEMD,2018-01-22,0,7.9301611925051e-06,1.0
0000882291,AEMD,2018-01-23,0,7.9301611925051e-06,1.0
0000882291,AEMD,2018-01-24,0,7.9301611925051e-06,1.0
0000882291,AEMD,2018-01-25,0,7.9301611925051e-06,1.0
0000882291,AEMD,2018-01-26,0,7.9301611925051e-06,1.0
0000882291,AEMD,2018-01-29,0,3.3583515084400986e-06,1.0
0000882291,AEMD,2018-01-30,0,3.3583515084400986e-06,1.0
0000882291,AEMD,2018-01-31,0,3.3583515084400986e-06,1.0
0000882291,AEMD,2018-02-01,0,3.95015869637742e-06,1.0
0000882291,AEMD,2018-02-02,0,3.371573799897204e-06,1.0
0000882291,AEMD,2018-02-05,0,3.371573799897204e-06,1.0
0000882291,AEMD,2018-02-06,0,3.371573799897204e-06,1.0
0000882291,AEMD,2018-02-07,0,3.3325888456109794e-06,1.0
0000882291,AEMD,2018-02-08,0,3.3325888456109794e-06,1.0
0000882291,AEMD,2018-02-09,0,5.132647359850409e-06,1.0
0000882291,AEMD,2018-02-12,0,5.132647359850409e-06,1.0
0000882291,AEMD,2018-02-13,0,5.132647359850409e-06,1.0
0000882291,AEMD,2018-02-14,0,5.132647359850409e-06,1.0
0000882291,AEMD,2018-02-15,0,5.132647359850409e-06,1.0
0000882291,AEMD,2018-02-16,0,5.132647359850409e-06,1.0
0000882291,AEMD,2018-02-19,0,2.6465787884367267e-05,1.0
0000882291,AEMD,2018-02-20,0,2.6465787884367267e-05,1.0
0000882291,AEMD,2018-02-21,0,2.6465787884367267e-05,1.0
0000882291,AEMD,2018-02-22,0,2.6465787884367267e-05,1.0
0000882291,AEMD,2018-02-23,0,2.6465787884367267e-05,1.0
0000882291,AEMD,2018-02-26,0,2.6465787884367267e-05,1.0
0000882291,AEMD,2018-02-27,0,2.6465787884367267e-05,1.0
0000882291,AEMD,2018-02-28,0,2.6465787884367267e-05,1.0
0000882291,AEMD,2018-03-01,0,2.6465787884367267e-05,1.0
0000882291,AEMD,2018-03-02,0,2.6465787884367267e-05,1.0
0000882291,AEMD,2018-03-05,0,2.4415786507578526e-05,1.0
0000882291,AEMD,2018-03-06,0,2.4415786507578526e-05,1.0
0000882291,AEMD,2018-03-07,0,2.4415786507578526e-05,1.0
0000882291,AEMD,2018-03-08,0,2.4415786507578526e-05,1.0
0000882291,AEMD,2018-03-09,0,2.4415786507578526e-05,1.0
0000882291,AEMD,2018-03-12,0,2.4415786507578526e-05,1.0
0000882291,AEMD,2018-03-13,0,2.4415786507578526e-05,1.0
0000882291,AEMD,2018-03-14,0,2.4415786507578526e-05,1.0
0000882291,AEMD,2018-03-15,0,2.4415786507578526e-05,1.0
0000882291,AEMD,2018-03-16,0,2.4415786507578526e-05,1.0
0000882291,AEMD,2018-03-19,0,1.0184141000125776e-05,1.0
0000882291,AEMD,2018-03-20,0,1.0184141000125776e-05,1.0
0000882291,AEMD,2018-03-21,0,1.0184141000125776e-05,1.0
0000882291,AEMD,2018-03-22,0,1.8171409524374796e-06,1.0
0000882291,AEMD,2018-03-23,0,1.8171409524374796e-06,1.0
0000882291,AEMD,2018-03-26,0,1.8171409524374796e-06,1.0
0000882291,AEMD,2018-03-27,0,1.8171409524374796e-06,1.0
0000882291,AEMD,2018-03-28,0,1.8171409524374796e-06,1.0
0000882291,AEMD,2018-03-29,0,1.8171409524374796e-06,1.0
0000882291,AEMD,2018-03-30,0,1.8171409524374796e-06,1.0
0000882291,AEMD,2018-04-02,0,1.816222325816523e-06,1.0
0000882291,AEMD,2018-04-03,0,1.816222325816523e-06,1.0
0000882291,AEMD,2018-04-04,0,1.816222325816523e-06,1.0
0000882291,AEMD,2018-04-05,0,1.816222325816523e-06,1.0
0000882291,AEMD,2018-04-06,0,1.816222325816523e-06,1.0
0000882291,AEMD,2018-04-09,0,1.816222325816523e-06,1.0
0000882291,AEMD,2018-04-10,0,1.816222325816523e-06,1.0
0000882291,AEMD,2018-04-11,0,1.8782771813756917e-06,1.0
0000882291,AEMD,2018-04-12,0,1.8782771813756917e-06,1.0
0000882291,AEMD,2018-04-13,0,1.8782771813756917e-06,1.0
0000882291,AEMD,2018-04-16,0,1.8782771813756917e-06,1.0
0000882291,AEMD,2018-04-17,0,1.8782771813756917e-06,1.0
0000882291,AEMD,2018-04-18,0,1.8782771813756917e-06,1.0
0000882291,AEMD,2018-04-19,0,1.8782771813756917e-06,1.0
0000882291,AEMD,2018-04-20,0,1.8782771813756917e-06,1.0
0000882291,AEMD,2018-04-23,0,1.8782771813756917e-06,1.0
0000882291,AEMD,2018-04-24,0,1.8782771813756917e-06,1.0
0000882291,AEMD,2018-04-25,0,1.8782771813756917e-06,1.0
0000882291,AEMD,2018-04-26,0,1.8782771813756917e-06,1.0
0000882291,AEMD,2018-04-27,0,1.8782771813756917e-06,1.0
0000882291,AEMD,2018-04-30,0,1.8782771813756917e-06,1.0
0000882291,AEMD,2018-05-01,0,1.8782771813756917e-06,1.0
0000882291,AEMD,2018-05-02,0,1.853744700671337e-06,1.0
0000882291,AEMD,2018-05-03,0,1.853744700671337e-06,1.0
0000882291,AEMD,2018-05-04,0,1.8956356376072704e-06,1.0
0000882291,AEMD,2018-05-07,0,1.8956356376072704e-06,1.0
0000882291,AEMD,2018-05-08,0,1.8956356376072704e-06,1.0
0000882291,AEMD,2018-05-09,0,1.8956356376072704e-06,1.0
0000882291,AEMD,2018-05-10,0,1.8956356376072704e-06,1.0
0000882291,AEMD,2018-05-11,0,1.8956356376072704e-06,1.0
0000882291,AEMD,2018-05-14,0,1.8956356376072704e-06,1.0
0000882291,AEMD,2018-05-15,0,1.8956356376072704e-06,1.0
0000882291,AEMD,2018-05-16,0,1.8956356376072704e-06,1.0
0000882291,AEMD,2018-05-17,0,1.8956356376072704e-06,1.0
0000882291,AEMD,2018-05-18,0,1.8956356376072704e-06,1.0
0000882291,AEMD,2018-05-21,0,5.471866330883018e-06,1.0
0000882291,AEMD,2018-05-22,0,5.471866330883018e-06,1.0
0000882291,AEMD,2018-05-23,0,5.471866330883018e-06,1.0
0000882291,AEMD,2018-05-24,0,5.471866330883018e-06,1.0
0000882291,AEMD,2018-05-25,0,5.471866330883018e-06,1.0
0000882291,AEMD,2018-05-28,0,5.471866330883018e-06,1.0
0000882291,AEMD,2018-05-29,0,5.471866330883018e-06,1.0
0000882291,AEMD,2018-05-30,0,5.471866330883018e-06,1.0
0000882291,AEMD,2018-05-31,0,5.471866330883018e-06,1.0
0000882291,AEMD,2018-06-01,0,5.471866330883018e-06,1.0
0000882291,AEMD,2018-06-04,0,5.471866330883018e-06,1.0
0000882291,AEMD,2018-06-05,0,5.471866330883018e-06,1.0
0000882291,AEMD,2018-06-06,0,5.471866330883018e-06,1.0
0000882291,AEMD,2018-06-07,0,5.471866330883018e-06,1.0
0000882291,AEMD,2018-06-08,0,5.471866330883018e-06,1.0
0000882291,AEMD,2018-06-11,0,1.983786551621191e-07,1.0
0000882291,AEMD,2018-06-12,0,1.983786551621191e-07,1.0
0000882291,AEMD,2018-06-13,0,1.983786551621191e-07,1.0
0000882291,AEMD,2018-06-14,0,1.983786551621191e-07,1.0
0000882291,AEMD,2018-06-15,0,1.983786551621191e-07,1.0
0000882291,AEMD,2018-06-18,0,1.983786551621191e-07,1.0
0000882291,AEMD,2018-06-19,0,1.983786551621191e-07,1.0
0000882291,AEMD,2018-06-20,0,1.983786551621191e-07,1.0
0000882291,AEMD,2018-06-21,0,1.983786551621191e-07,1.0
0000882291,AEMD,2018-06-22,0,1.983786551621191e-07,1.0
0000882291,AEMD,2018-06-25,0,1.7595055128201845e-07,1.0
0000882291,AEMD,2018-06-26,0,1.7595055128201845e-07,1.0
0000882291,AEMD,2018-06-27,0,1.7595055128201845e-07,1.0
0000882291,AEMD,2018-06-28,0,1.7595055128201845e-07,1.0
0000882291,AEMD,2018-06-29,0,1.7595055128201845e-07,1.0
0000882291,AEMD,2018-07-02,0,1.7595055128201845e-07,1.0
0000882291,AEMD,2018-07-03,0,1.7595055128201845e-07,1.0
0000882291,AEMD,2018-07-04,0,1.7595055128201845e-07,1.0
0000882291,AEMD,2018-07-05,0,1.7595055128201845e-07,1.0
0000882291,AEMD,2018-07-06,0,1.7595055128201845e-07,1.0
0000882291,AEMD,2018-07-09,0,1.7595055128201845e-07,1.0
0000882291,AEMD,2018-07-10,0,1.77287567215854e-07,1.0
0000882291,AEMD,2018-07-11,0,7.572837645562397e-07,1.0
0000882291,AEMD,2018-07-12,0,7.572837645562397e-07,1.0
0000882291,AEMD,2018-07-13,0,7.572837645562397e-07,1.0
0000882291,AEMD,2018-07-16,0,7.572837645562397e-07,1.0
0000882291,AEMD,2018-07-17,0,7.572837645562397e-07,1.0
0000882291,AEMD,2018-07-18,0,7.572837645562397e-07,1.0
0000882291,AEMD,2018-07-19,0,7.572837645562397e-07,1.0
0000882291,AEMD,2018-07-20,0,7.572837645562397e-07,1.0
0000882291,AEMD,2018-07-23,0,7.572837645562397e-07,1.0
0000882291,AEMD,2018-07-24,0,7.572837645562397e-07,1.0
0000882291,AEMD,2018-07-25,0,1.1663232704714815e-06,1.0
0000882291,AEMD,2018-07-26,0,1.1663232704714815e-06,1.0
0000882291,AEMD,2018-07-27,0,1.1663232704714815e-06,1.0
0000882291,AEMD,2018-07-30,0,1.1663232704714815e-06,1.0
0000882291,AEMD,2018-07-31,0,1.1663232704714815e-06,1.0
0000882291,AEMD,2018-08-01,0,1.1663232704714815e-06,1.0
0000882291,AEMD,2018-08-02,0,1.1516719334930762e-06,1.0
0000882291,AEMD,2018-08-03,0,1.1516719334930762e-06,1.0
0000882291,AEMD,2018-08-06,0,1.1516719334930762e-06,1.0
0000882291,AEMD,2018-08-07,0,1.1516719334930762e-06,1.0
0000882291,AEMD,2018-08-08,0,1.1516719334930762e-06,1.0
0000882291,AEMD,2018-08-09,0,6.825488675791071e-07,1.0
0000882291,AEMD,2018-08-10,0,6.825488675791071e-07,1.0
0000882291,AEMD,2018-08-13,0,6.825488675791071e-07,1.0
0000882291,AEMD,2018-08-14,0,6.825488675791071e-07,1.0
0000882291,AEMD,2018-08-15,0,6.825488675791071e-07,1.0
0000882291,AEMD,2018-08-16,0,6.825488675791071e-07,1.0
0000882291,AEMD,2018-08-17,0,6.825488675791071e-07,1.0
0000882291,AEMD,2018-08-20,0,3.6495767006343025e-07,1.0
0000882291,AEMD,2018-08-21,0,3.6495767006343025e-07,1.0
0000882291,AEMD,2018-08-22,0,3.6495767006343025e-07,1.0
0000882291,AEMD,2018-08-23,0,3.6495767006343025e-07,1.0
0000882291,AEMD,2018-08-24,0,3.6495767006343025e-07,1.0
0000882291,AEMD,2018-08-27,0,3.6495767006343025e-07,1.0
0000882291,AEMD,2018-08-28,0,3.6495767006343025e-07,1.0
0000882291,AEMD,2018-08-29,0,3.6495767006343025e-07,1.0
0000882291,AEMD,2018-08-30,0,3.6495767006343025e-07,1.0
0000882291,AEMD,2018-08-31,0,3.6495767006343025e-07,1.0
0000882291,AEMD,2018-09-03,0,3.6495767006343025e-07,1.0
0000882291,AEMD,2018-09-04,0,3.6495767006343025e-07,1.0
0000882291,AEMD,2018-09-05,0,3.6495767006343025e-07,1.0
0000882291,AEMD,2018-09-06,0,3.6495767006343025e-07,1.0
0000882291,AEMD,2018-09-07,0,3.6495767006343025e-07,1.0
0000882291,AEMD,2018-09-10,0,2.3716231779231905e-06,1.0
0000882291,AEMD,2018-09-11,0,2.3716231779231905e-06,1.0
0000882291,AEMD,2018-09-12,0,2.3716231779231905e-06,1.0
0000882291,AEMD,2018-09-13,0,2.3716231779231905e-06,1.0
0000882291,AEMD,2018-09-14,0,2.3716231779231905e-06,1.0
0000882291,AEMD,2018-09-17,0,2.3716231779231905e-06,1.0
0000882291,AEMD,2018-09-18,0,2.3716231779231905e-06,1.0
0000882291,AEMD,2018-09-19,0,2.3716231779231905e-06,1.0
0000882291,AEMD,2018-09-20,0,2.3716231779231905e-06,1.0
0000882291,AEMD,2018-09-21,0,2.3716231779231905e-06,1.0
0000882291,AEMD,2018-09-24,0,2.452654363986255e-06,1.0
0000882291,AEMD,2018-09-25,0,2.452654363986255e-06,1.0
0000882291,AEMD,2018-09-26,0,2.452654363986255e-06,1.0
0000882291,AEMD,2018-09-27,0,2.452654363986255e-06,1.0
0000882291,AEMD,2018-09-28,0,2.452654363986255e-06,1.0
0000882291,AEMD,2018-10-01,0,2.452654363986255e-06,1.0
0000882291,AEMD,2018-10-02,0,2.452654363986255e-06,1.0
0000882291,AEMD,2018-10-03,0,2.452654363986255e-06,1.0
0000882291,AEMD,2018-10-04,0,2.452654363986255e-06,1.0
0000882291,AEMD,2018-10-05,0,2.452654363986255e-06,1.0
0000882291,AEMD,2018-10-08,0,2.452654363986255e-06,1.0
0000882291,AEMD,2018-10-09,0,2.452654363986255e-06,1.0
0000882291,AEMD,2018-10-10,0,2.452654363986255e-06,1.0
0000882291,AEMD,2018-10-11,0,2.452654363986255e-06,1.0
0000882291,AEMD,2018-10-12,0,2.452654363986255e-06,1.0
0000882291,AEMD,2018-10-15,0,2.452654363986255e-06,1.0
0000882291,AEMD,2018-10-16,0,2.452654363986255e-06,1.0
0000882291,AEMD,2018-10-17,0,2.452654363986255e-06,1.0
0000882291,AEMD,2018-10-18,0,2.452654363986255e-06,1.0
0000882291,AEMD,2018-10-19,0,2.452654363986255e-06,1.0
0000882291,AEMD,2018-10-22,0,2.452654363986255e-06,1.0
0000882291,AEMD,2018-10-23,0,2.452654363986255e-06,1.0
0000882291,AEMD,2018-10-24,0,2.452654363986255e-06,1.0
0000882291,AEMD,2018-10-25,0,2.452654363986255e-06,1.0
0000882291,AEMD,2018-10-26,0,2.452654363986255e-06,1.0
0000882291,AEMD,2018-10-29,0,2.452654363986255e-06,1.0
0000882291,AEMD,2018-10-30,0,2.452654363986255e-06,1.0
0000882291,AEMD,2018-10-31,0,2.452654363986255e-06,1.0
0000882291,AEMD,2018-11-01,0,2.452654363986255e-06,1.0
0000882291,AEMD,2018-11-02,0,2.452654363986255e-06,1.0
0000882291,AEMD,2018-11-05,0,2.452654363986255e-06,1.0
0000882291,AEMD,2018-11-06,0,2.452654363986255e-06,1.0
0000882291,AEMD,2018-11-07,0,2.819855158149854e-06,1.0
0000882291,AEMD,2018-11-08,0,2.819855158149854e-06,1.0
0000882291,AEMD,2018-11-09,0,2.819855158149854e-06,1.0
0000882291,AEMD,2018-11-12,0,2.819855158149854e-06,1.0
0000882291,AEMD,2018-11-13,0,2.819855158149854e-06,1.0
0000882291,AEMD,2018-11-14,0,2.819855158149854e-06,1.0
0000882291,AEMD,2018-11-15,0,2.819855158149854e-06,1.0
0000882291,AEMD,2018-11-16,0,2.819855158149854e-06,1.0
0000882291,AEMD,2018-11-19,0,2.819855158149854e-06,1.0
0000882291,AEMD,2018-11-20,0,2.819855158149854e-06,1.0
0000882291,AEMD,2018-11-21,0,2.819855158149854e-06,1.0
0000882291,AEMD,2018-11-22,0,2.819855158149854e-06,1.0
0000882291,AEMD,2018-11-23,0,2.819855158149854e-06,1.0
0000882291,AEMD,2018-11-26,0,2.819855158149854e-06,1.0
0000882291,AEMD,2018-11-27,0,2.819855158149854e-06,1.0
0000882291,AEMD,2018-11-28,0,2.819855158149854e-06,1.0
0000882291,AEMD,2018-11-29,0,2.819855158149854e-06,1.0
0000882291,AEMD,2018-11-30,0,2.819855158149854e-06,1.0
0000882291,AEMD,2018-12-03,0,2.819855158149854e-06,1.0
0000882291,AEMD,2018-12-04,0,2.819855158149854e-06,1.0
0000882291,AEMD,2018-12-05,0,2.819855158149854e-06,1.0
0000882291,AEMD,2018-12-06,0,2.819855158149854e-06,1.0
0000882291,AEMD,2018-12-07,0,2.898213423892524e-06,1.0
0000882291,AEMD,2018-12-10,0,3.882088740434539e-06,1.0
0000882291,AEMD,2018-12-11,0,3.882088740434539e-06,1.0
0000882291,AEMD,2018-12-12,0,3.882088740434539e-06,1.0
0000882291,AEMD,2018-12-13,0,4.48030948719902e-07,1.0
0000882291,AEMD,2018-12-14,0,4.48030948719902e-07,1.0
0000882291,AEMD,2018-12-17,0,4.48030948719902e-07,1.0
0000882291,AEMD,2018-12-18,0,4.48030948719902e-07,1.0
0000882291,AEMD,2018-12-19,0,4.48030948719902e-07,1.0
0000882291,AEMD,2018-12-20,0,4.48030948719902e-07,1.0
0000882291,AEMD,2018-12-21,0,4.48030948719902e-07,1.0
0000882291,AEMD,2018-12-24,0,4.5143545270527737e-07,1.0
0000882291,AEMD,2018-12-25,0,4.5143545270527737e-07,1.0
0000882291,AEMD,2018-12-26,0,4.5143545270527737e-07,1.0
0000882291,AEMD,2018-12-27,0,4.5143545270527737e-07,1.0
0000882291,AEMD,2018-12-28,0,4.5143545270527737e-07,1.0
0000882291,AEMD,2018-12-31,0,4.5143545270527737e-07,1.0
0000882291,AEMD,2019-01-01,0,4.5143545270527737e-07,1.0
0000882291,AEMD,2019-01-02,0,4.5143545270527737e-07,1.0
0000882291,AEMD,2019-01-03,0,4.5143545270527737e-07,1.0
0000882291,AEMD,2019-01-04,0,4.5143545270527737e-07,1.0
0000882291,AEMD,2019-01-07,0,4.5143545270527737e-07,1.0
0000882291,AEMD,2019-01-08,0,4.5143545270527737e-07,1.0
0000882291,AEMD,2019-01-09,0,4.5143545270527737e-07,1.0
0000882291,AEMD,2019-01-10,0,4.5143545270527737e-07,1.0
0000882291,AEMD,2019-01-11,0,4.5143545270527737e-07,1.0
0000882291,AEMD,2019-01-14,0,1.7712330331505975e-06,1.0
0000882291,AEMD,2019-01-15,0,1.7712330331505975e-06,1.0
0000882291,AEMD,2019-01-16,0,1.7712330331505975e-06,1.0
0000882291,AEMD,2019-01-17,0,1.7712330331505975e-06,1.0
0000882291,AEMD,2019-01-18,0,1.7712330331505975e-06,1.0
0000882291,AEMD,2019-01-21,0,1.7712330331505975e-06,1.0
0000882291,AEMD,2019-01-22,0,1.7712330331505975e-06,1.0
0000882291,AEMD,2019-01-23,0,1.7712330331505975e-06,1.0
0000882291,AEMD,2019-01-24,0,1.7712330331505975e-06,1.0
0000882291,AEMD,2019-01-25,0,1.7712330331505975e-06,1.0
0000882291,AEMD,2019-01-28,0,1.7712330331505975e-06,1.0
0000882291,AEMD,2019-01-29,0,1.7712330331505975e-06,1.0
0000882291,AEMD,2019-01-30,0,1.7712330331505975e-06,1.0
0000882291,AEMD,2019-01-31,0,1.7712330331505975e-06,1.0
0000882291,AEMD,2019-02-01,0,1.7712330331505975e-06,1.0
0000882291,AEMD,2019-02-04,0,1.7712330331505975e-06,1.0
0000882291,AEMD,2019-02-05,0,2.0713810148661095e-06,1.0
0000882291,AEMD,2019-02-06,0,2.0713810148661095e-06,1.0
0000882291,AEMD,2019-02-07,0,2.0713810148661095e-06,1.0
0000882291,AEMD,2019-02-08,0,2.0713810148661095e-06,1.0
0000882291,AEMD,2019-02-11,0,2.0713810148661095e-06,1.0
0000882291,AEMD,2019-02-12,0,1.7339719668264314e-06,1.0
0000882291,AEMD,2019-02-13,0,1.7339719668264314e-06,1.0
0000882291,AEMD,2019-02-14,0,1.7339719668264314e-06,1.0
0000882291,AEMD,2019-02-15,0,1.7339719668264314e-06,1.0
0000882291,AEMD,2019-02-18,0,1.7339719668264314e-06,1.0
0000882291,AEMD,2019-02-19,0,1.7339719668264314e-06,1.0
0000882291,AEMD,2019-02-20,0,1.7339719668264314e-06,1.0
0000882291,AEMD,2019-02-21,0,1.7339719668264314e-06,1.0
0000882291,AEMD,2019-02-22,0,8.728635667657854e-08,1.0
0000882291,AEMD,2019-02-25,0,8.728635667657854e-08,1.0
0000882291,AEMD,2019-02-26,0,8.728635667657854e-08,1.0
0000882291,AEMD,2019-02-27,0,8.728635667657854e-08,1.0
0000882291,AEMD,2019-02-28,0,8.728635667657854e-08,1.0
0000882291,AEMD,2019-03-01,0,8.728635667657854e-08,1.0
0000882291,AEMD,2019-03-04,0,8.728635667657854e-08,1.0
0000882291,AEMD,2019-03-05,0,8.728635667657854e-08,1.0
0000882291,AEMD,2019-03-06,0,8.728635667657854e-08,1.0
0000882291,AEMD,2019-03-07,0,8.728635667657854e-08,1.0
0000882291,AEMD,2019-03-08,0,8.728635667657854e-08,1.0
0000882291,AEMD,2019-03-11,0,8.728635667657854e-08,1.0
0000882291,AEMD,2019-03-12,0,8.728635667657854e-08,1.0
0000882291,AEMD,2019-03-13,0,8.728635667657854e-08,1.0
0000882291,AEMD,2019-03-14,0,8.619490733816854e-08,1.0
0000882291,AEMD,2019-03-15,0,8.887626644300564e-08,1.0
0000882291,AEMD,2019-03-18,0,8.887626644300564e-08,1.0
0000882291,AEMD,2019-03-19,0,8.887626644300564e-08,1.0
0000882291,AEMD,2019-03-20,0,8.887626644300564e-08,1.0
0000882291,AEMD,2019-03-21,0,8.887626644300564e-08,1.0
0000882291,AEMD,2019-03-22,0,8.887626644300564e-08,1.0
0000882291,AEMD,2019-03-25,0,8.782408133820664e-07,1.0
0000882291,AEMD,2019-03-26,0,8.782408133820664e-07,1.0
0000882291,AEMD,2019-03-27,0,8.782408133820664e-07,1.0
0000882291,AEMD,2019-03-28,0,8.782408133820664e-07,1.0
0000882291,AEMD,2019-03-29,0,8.782408133820664e-07,1.0
0000882291,AEMD,2019-04-01,0,8.782408133820664e-07,1.0
0000882291,AEMD,2019-04-02,0,8.782408133820664e-07,1.0
0000882291,AEMD,2019-04-03,0,8.782408133820664e-07,1.0
0000882291,AEMD,2019-04-04,0,8.782408133820664e-07,1.0
0000882291,AEMD,2019-04-05,0,8.782408133820664e-07,1.0
0000882291,AEMD,2019-04-08,0,8.782408133820664e-07,1.0
0000882291,AEMD,2019-04-09,0,8.782408133820664e-07,1.0
0000882291,AEMD,2019-04-10,0,8.782408133820664e-07,1.0
0000882291,AEMD,2019-04-11,0,8.782408133820664e-07,1.0
0000882291,AEMD,2019-04-12,0,8.782408133820664e-07,1.0
0000882291,AEMD,2019-04-15,0,8.782408133820664e-07,1.0
0000882291,AEMD,2019-04-16,0,8.782408133820664e-07,1.0
0000882291,AEMD,2019-04-17,0,8.782408133820664e-07,1.0
0000882291,AEMD,2019-04-18,0,8.782408133820664e-07,1.0
0000882291,AEMD,2019-04-19,0,8.782408133820664e-07,1.0
0000882291,AEMD,2019-04-22,0,8.782408133820664e-07,1.0
0000882291,AEMD,2019-04-23,0,8.782408133820664e-07,1.0
0000882291,AEMD,2019-04-24,0,8.782408133820664e-07,1.0
0000882291,AEMD,2019-04-25,0,8.782408133820664e-07,1.0
0000882291,AEMD,2019-04-26,0,8.782408133820664e-07,1.0
0000882291,AEMD,2019-04-29,0,8.782408133820664e-07,1.0
0000882291,AEMD,2019-04-30,0,8.782408133820664e-07,1.0
0000882291,AEMD,2019-05-01,0,8.782408133820664e-07,1.0
0000882291,AEMD,2019-05-02,0,8.782408133820664e-07,1.0
0000882291,AEMD,2019-05-03,0,8.782408133820664e-07,1.0
0000882291,AEMD,2019-05-06,0,8.782408133820664e-07,1.0
0000882291,AEMD,2019-05-07,0,8.698434442388854e-07,1.0
0000882291,AEMD,2019-05-08,0,8.698434442388854e-07,1.0
0000882291,AEMD,2019-05-09,0,5.418625212053557e-07,1.0
0000882291,AEMD,2019-05-10,0,5.418625212053557e-07,1.0
0000882291,AEMD,2019-05-13,0,9.241337585811312e-08,1.0
0000882291,AEMD,2019-05-14,0,9.391228469254228e-08,1.0
0000882291,AEMD,2019-05-15,0,9.391228469254228e-08,1.0
0000882291,AEMD,2019-05-16,0,9.391228469254228e-08,1.0
0000882291,AEMD,2019-05-17,0,9.391228469254228e-08,1.0
0000882291,AEMD,2019-05-20,0,9.391228469254228e-08,1.0
0000882291,AEMD,2019-05-21,0,9.391228469254228e-08,1.0
0000882291,AEMD,2019-05-22,0,9.391228469254228e-08,1.0
0000882291,AEMD,2019-05-23,0,9.391228469254228e-08,1.0
0000882291,AEMD,2019-05-24,0,1.6850863886889627e-07,1.0
0000882291,AEMD,2019-05-27,0,1.6850863886889627e-07,1.0
0000882291,AEMD,2019-05-28,0,1.6850863886889627e-07,1.0
0000882291,AEMD,2019-05-29,0,1.6850863886889627e-07,1.0
0000882291,AEMD,2019-05-30,0,1.6850863886889627e-07,1.0
0000882291,AEMD,2019-05-31,0,1.6850863886889627e-07,1.0
0000882291,AEMD,2019-06-03,0,1.6850863886889627e-07,1.0
0000882291,AEMD,2019-06-04,0,1.6850863886889627e-07,1.0
0000882291,AEMD,2019-06-05,0,1.6850863886889627e-07,1.0
0000882291,AEMD,2019-06-06,0,1.6850863886889627e-07,1.0
0000882291,AEMD,2019-06-07,0,1.6850863886889627e-07,1.0
0000882291,AEMD,2019-06-10,0,1.8227824263655618e-07,1.0
0000882291,AEMD,2019-06-11,0,1.8227824263655618e-07,1.0
0000882291,AEMD,2019-06-12,0,1.066015215783942e-06,1.0
0000882291,AEMD,2019-06-13,0,1.066015215783942e-06,1.0
0000882291,AEMD,2019-06-14,0,1.066015215783942e-06,1.0
0000882291,AEMD,2019-06-17,0,1.066015215783942e-06,1.0
0000882291,AEMD,2019-06-18,0,1.066015215783942e-06,1.0
0000882291,AEMD,2019-06-19,0,1.066015215783942e-06,1.0
0000882291,AEMD,2019-06-20,0,1.066015215783942e-06,1.0
0000882291,AEMD,2019-06-21,0,1.066015215783942e-06,1.0
0000882291,AEMD,2019-06-24,0,1.066015215783942e-06,1.0
0000882291,AEMD,2019-06-25,0,1.066015215783942e-06,1.0
0000882291,AEMD,2019-06-26,0,1.066015215783942e-06,1.0
0000882291,AEMD,2019-06-27,0,1.066015215783942e-06,1.0
0000882291,AEMD,2019-06-28,0,1.066015215783942e-06,1.0
0000882291,AEMD,2019-07-01,0,1.066015215783942e-06,1.0
0000882291,AEMD,2019-07-02,0,6.499514877680304e-08,1.0
0000882291,AEMD,2019-07-03,0,6.499514877680304e-08,1.0
0000882291,AEMD,2019-07-04,0,6.499514877680304e-08,1.0
0000882291,AEMD,2019-07-05,0,6.499514877680304e-08,1.0
0000882291,AEMD,2019-07-08,0,6.499514877680304e-08,1.0
0000882291,AEMD,2019-07-09,0,6.499514877680304e-08,1.0
0000882291,AEMD,2019-07-10,0,6.499514877680304e-08,1.0
0000882291,AEMD,2019-07-11,0,6.499514877680304e-08,1.0
0000882291,AEMD,2019-07-12,0,6.499514877680304e-08,1.0
0000882291,AEMD,2019-07-15,0,6.499514877680304e-08,1.0
0000882291,AEMD,2019-07-16,0,6.499514877680304e-08,1.0
0000882291,AEMD,2019-07-17,0,6.499514877680304e-08,1.0
0000882291,AEMD,2019-07-18,0,6.499514877680304e-08,1.0
0000882291,AEMD,2019-07-19,0,6.499514877680304e-08,1.0
0000882291,AEMD,2019-07-22,0,6.499514877680304e-08,1.0
0000882291,AEMD,2019-07-23,0,6.499514877680304e-08,1.0
0000882291,AEMD,2019-07-24,0,6.499514877680304e-08,1.0
0000882291,AEMD,2019-07-25,0,6.499514877680304e-08,1.0
0000882291,AEMD,2019-07-26,0,6.499514877680304e-08,1.0
0000882291,AEMD,2019-07-29,0,6.499514877680304e-08,1.0
0000882291,AEMD,2019-07-30,0,6.499514877680304e-08,1.0
0000882291,AEMD,2019-07-31,0,6.499514877680304e-08,1.0
0000882291,AEMD,2019-08-01,0,6.681957525331277e-07,1.0
0000882291,AEMD,2019-08-02,0,6.681957525331277e-07,1.0
0000882291,AEMD,2019-08-05,0,6.681957525331277e-07,1.0
0000882291,AEMD,2019-08-06,0,6.681957525331277e-07,1.0
0000882291,AEMD,2019-08-07,0,6.91026019262321e-07,1.0
0000882291,AEMD,2019-08-08,0,6.91026019262321e-07,1.0
0000882291,AEMD,2019-08-09,0,6.91026019262321e-07,1.0
0000882291,AEMD,2019-08-12,0,6.088974902228244e-07,1.0
0000882291,AEMD,2019-08-13,0,6.088974902228244e-07,1.0
0000882291,AEMD,2019-08-14,0,6.088974902228244e-07,1.0
0000882291,AEMD,2019-08-15,0,5.60324327410204e-07,1.0
0000882291,AEMD,2019-08-16,0,5.60324327410204e-07,1.0
0000882291,AEMD,2019-08-19,0,5.60324327410204e-07,1.0
0000882291,AEMD,2019-08-20,0,5.60324327410204e-07,1.0
0000882291,AEMD,2019-08-21,0,5.60324327410204e-07,1.0
0000882291,AEMD,2019-08-22,0,5.252998307163212e-07,1.0
0000882291,AEMD,2019-08-23,0,5.252998307163212e-07,1.0
0000882291,AEMD,2019-08-26,0,5.252998307163212e-07,1.0
0000882291,AEMD,2019-08-27,0,5.252998307163212e-07,1.0
0000882291,AEMD,2019-08-28,0,5.252998307163212e-07,1.0
0000882291,AEMD,2019-08-29,0,5.252998307163212e-07,1.0
0000882291,AEMD,2019-08-30,0,5.252998307163212e-07,1.0
0000882291,AEMD,2019-09-02,0,5.252998307163212e-07,1.0
0000882291,AEMD,2019-09-03,0,5.252998307163212e-07,1.0
0000882291,AEMD,2019-09-04,0,5.252998307163212e-07,1.0
0000882291,AEMD,2019-09-05,0,5.252998307163212e-07,1.0
0000882291,AEMD,2019-09-06,0,5.252998307163212e-07,1.0
0000882291,AEMD,2019-09-09,0,5.252998307163212e-07,1.0
0000882291,AEMD,2019-09-10,0,3.4839938137194734e-08,1.0
0000882291,AEMD,2019-09-11,0,3.768686762415921e-08,1.0
0000882291,AEMD,2019-09-12,0,3.768686762415921e-08,1.0
0000882291,AEMD,2019-09-13,0,3.768686762415921e-08,1.0
0000882291,AEMD,2019-09-16,0,3.6291048753376825e-08,1.0
0000882291,AEMD,2019-09-17,0,3.6291048753376825e-08,1.0
0000882291,AEMD,2019-09-18,0,3.6291048753376825e-08,1.0
0000882291,AEMD,2019-09-19,0,3.6291048753376825e-08,1.0
0000882291,AEMD,2019-09-20,0,3.6291048753376825e-08,1.0
0000882291,AEMD,2019-09-23,0,2.4390807550222664e-08,1.0
0000882291,AEMD,2019-09-24,0,2.4390807550222664e-08,1.0
0000882291,AEMD,2019-09-25,0,2.4390807550222664e-08,1.0
0000882291,AEMD,2019-09-26,0,2.4390807550222664e-08,1.0
0000882291,AEMD,2019-09-27,0,2.4390807550222664e-08,1.0
0000882291,AEMD,2019-09-30,0,3.136253318920136e-08,1.0
0000882291,AEMD,2019-10-01,0,3.136253318920136e-08,1.0
0000882291,AEMD,2019-10-02,0,3.136253318920136e-08,1.0
0000882291,AEMD,2019-10-03,0,3.136253318920136e-08,1.0
0000882291,AEMD,2019-10-04,0,3.136253318920136e-08,1.0
0000882291,AEMD,2019-10-07,0,3.136253318920136e-08,1.0
0000882291,AEMD,2019-10-08,0,3.136253318920136e-08,1.0
0000882291,AEMD,2019-10-09,0,3.136253318920136e-08,1.0
0000882291,AEMD,2019-10-10,0,3.013164001419746e-08,1.0
0000882291,AEMD,2019-10-11,0,3.013164001419746e-08,1.0
0000882291,AEMD,2019-10-14,0,3.013164001419746e-08,1.0
0000882291,AEMD,2019-10-15,0,3.013164001419746e-08,1.0
0000882291,AEMD,2019-10-16,0,3.259383310266127e-08,1.0
0000882291,AEMD,2019-10-17,0,3.259383310266127e-08,1.0
0000882291,AEMD,2019-10-18,0,3.259383310266127e-08,1.0
0000882291,AEMD,2019-10-21,0,3.259383310266127e-08,1.0
0000882291,AEMD,2019-10-22,0,3.259383310266127e-08,1.0
0000882291,AEMD,2019-10-23,0,4.518054333977646e-07,1.0
0000882291,AEMD,2019-10-24,0,4.518054333977646e-07,1.0
0000882291,AEMD,2019-10-25,0,4.518054333977646e-07,1.0
0000882291,AEMD,2019-10-28,0,4.518054333977646e-07,1.0
0000882291,AEMD,2019-10-29,0,4.518054333977646e-07,1.0
0000882291,AEMD,2019-10-30,0,4.518054333977646e-07,1.0
0000882291,AEMD,2019-10-31,0,4.518054333977646e-07,1.0
0000882291,AEMD,2019-11-01,0,4.518054333977646e-07,1.0
0000882291,AEMD,2019-11-04,0,4.419363108152409e-07,1.0
0000882291,AEMD,2019-11-05,0,4.45294502799502e-07,1.0
0000882291,AEMD,2019-11-06,0,4.45294502799502e-07,1.0
0000882291,AEMD,2019-11-07,0,4.45294502799502e-07,1.0
0000882291,AEMD,2019-11-08,0,4.45294502799502e-07,1.0
0000882291,AEMD,2019-11-11,0,4.4743333397952155e-07,1.0
0000882291,AEMD,2019-11-12,0,4.4743333397952155e-07,1.0
0000882291,AEMD,2019-11-13,0,4.4823393445342935e-07,1.0
0000882291,AEMD,2019-11-14,0,4.4823393445342935e-07,1.0
0000882291,AEMD,2019-11-15,0,2.706489319670604e-08,1.0
0000882291,AEMD,2019-11-18,0,2.706489319670604e-08,1.0
0000882291,AEMD,2019-11-19,0,2.706489319670604e-08,1.0
0000882291,AEMD,2019-11-20,0,2.706489319670604e-08,1.0
0000882291,AEMD,2019-11-21,0,2.706489319670604e-08,1.0
0000882291,AEMD,2019-11-22,0,2.706489319670604e-08,1.0
0000882291,AEMD,2019-11-25,0,2.706489319670604e-08,1.0
0000882291,AEMD,2019-11-26,0,2.706489319670604e-08,1.0
0000882291,AEMD,2019-11-27,0,2.706489319670604e-08,1.0
0000882291,AEMD,2019-11-28,0,2.706489319670604e-08,1.0
0000882291,AEMD,2019-11-29,0,2.706489319670604e-08,1.0
0000882291,AEMD,2019-12-02,0,2.706489319670604e-08,1.0
0000882291,AEMD,2019-12-03,0,2.706489319670604e-08,1.0
0000882291,AEMD,2019-12-04,0,2.504908805921625e-08,1.0
0000882291,AEMD,2019-12-05,0,2.504908805921625e-08,1.0
0000882291,AEMD,2019-12-06,0,2.504908805921625e-08,1.0
0000882291,AEMD,2019-12-09,0,4.025866842221021e-08,1.0
0000882291,AEMD,2019-12-10,0,4.025866842221021e-08,1.0
0000882291,AEMD,2019-12-11,0,4.025866842221021e-08,1.0
0000882291,AEMD,2019-12-12,0,4.025866842221021e-08,1.0
0000882291,AEMD,2019-12-13,0,4.025866842221021e-08,1.0
0000882291,AEMD,2019-12-16,0,5.342886982100155e-07,1.0
0000882291,AEMD,2019-12-17,0,5.342886982100155e-07,1.0
0000882291,AEMD,2019-12-18,0,5.342886982100155e-07,1.0
0000882291,AEMD,2019-12-19,0,4.916672485807899e-07,1.0
0000882291,AEMD,2019-12-20,0,4.916672485807899e-07,1.0
0000882291,AEMD,2019-12-23,0,7.902029439059268e-07,1.0
0000882291,AEMD,2019-12-24,0,7.902029439059268e-07,1.0
0000882291,AEMD,2019-12-25,0,7.902029439059268e-07,1.0
0000882291,AEMD,2019-12-26,0,7.902029439059268e-07,1.0
0000882291,AEMD,2019-12-27,0,7.902029439059268e-07,1.0
0000882291,AEMD,2019-12-30,0,7.229846631017818e-07,1.0
0000882291,AEMD,2019-12-31,0,7.229846631017818e-07,1.0
0000882291,AEMD,2020-01-01,0,7.229846631017818e-07,1.0
0000882291,AEMD,2020-01-02,0,7.229846631017818e-07,1.0
0000882291,AEMD,2020-01-03,0,7.229846631017818e-07,1.0
0000882291,AEMD,2020-01-06,0,7.229846631017818e-07,1.0
0000882291,AEMD,2020-01-07,0,7.229846631017818e-07,1.0
0000882291,AEMD,2020-01-08,0,7.229846631017818e-07,1.0
0000882291,AEMD,2020-01-09,0,7.229846631017818e-07,1.0
0000882291,AEMD,2020-01-10,0,7.229846631017818e-07,1.0
0000882291,AEMD,2020-01-13,0,7.229846631017818e-07,1.0
0000882291,AEMD,2020-01-14,0,7.229846631017818e-07,1.0
0000882291,AEMD,2020-01-15,0,7.229846631017818e-07,1.0
0000882291,AEMD,2020-01-16,0,7.229846631017818e-07,1.0
0000882291,AEMD,2020-01-17,0,7.229846631017818e-07,1.0
0000882291,AEMD,2020-01-20,0,4.0355467888321275e-07,1.0
0000882291,AEMD,2020-01-21,0,4.0355467888321275e-07,1.0
0000882291,AEMD,2020-01-22,0,4.0355467888321275e-07,1.0
0000882291,AEMD,2020-01-23,0,4.126135244434634e-07,1.0
0000882291,AEMD,2020-01-24,0,4.126135244434634e-07,1.0
0000882291,AEMD,2020-01-27,0,4.126135244434634e-07,1.0
0000882291,AEMD,2020-01-28,0,4.126135244434634e-07,1.0
0000882291,AEMD,2020-01-29,0,4.126135244434634e-07,1.0
0000882291,AEMD,2020-01-30,0,4.126135244434634e-07,1.0
0000882291,AEMD,2020-01-31,0,4.126135244434634e-07,1.0
0000882291,AEMD,2020-02-03,0,4.21560797179252e-07,1.0
0000882291,AEMD,2020-02-04,0,4.21560797179252e-07,1.0
0000882291,AEMD,2020-02-05,0,4.21560797179252e-07,1.0
0000882291,AEMD,2020-02-06,0,4.21560797179252e-07,1.0
0000882291,AEMD,2020-02-07,0,4.21560797179252e-07,1.0
0000882291,AEMD,2020-02-10,0,4.247641594836967e-07,1.0
0000882291,AEMD,2020-02-11,0,4.205423272336078e-07,1.0
0000882291,AEMD,2020-02-12,0,4.205423272336078e-07,1.0
0000882291,AEMD,2020-02-13,0,1.3135338958054811e-06,1.0
0000882291,AEMD,2020-02-14,0,1.3135338958054811e-06,1.0
0000882291,AEMD,2020-02-17,0,1.3135338958054811e-06,1.0
0000882291,AEMD,2020-02-18,0,1.3135338958054811e-06,1.0
0000882291,AEMD,2020-02-19,0,1.5075194938614393e-06,1.0
0000882291,AEMD,2020-02-20,0,1.5075194938614393e-06,1.0
0000882291,AEMD,2020-02-21,0,1.5075194938614393e-06,1.0
0000882291,AEMD,2020-02-24,0,3.641504519554503e-07,1.0
0000882291,AEMD,2020-02-25,0,3.641504519554503e-07,1.0
0000882291,AEMD,2020-02-26,0,3.641504519554503e-07,1.0
0000882291,AEMD,2020-02-27,0,3.641504519554503e-07,1.0
0000882291,AEMD,2020-02-28,0,3.641504519554503e-07,1.0
0000882291,AEMD,2020-03-02,0,3.641504519554503e-07,1.0
0000882291,AEMD,2020-03-03,0,3.641504519554503e-07,1.0
0000882291,AEMD,2020-03-04,0,3.641504519554503e-07,1.0
0000882291,AEMD,2020-03-05,0,3.641504519554503e-07,1.0
0000882291,AEMD,2020-03-06,0,3.641504519554503e-07,1.0
0000882291,AEMD,2020-03-09,0,3.491861665116285e-07,1.0
0000882291,AEMD,2020-03-10,0,3.491861665116285e-07,1.0
0000882291,AEMD,2020-03-11,0,3.491861665116285e-07,1.0
0000882291,AEMD,2020-03-12,0,3.491861665116285e-07,1.0
0000882291,AEMD,2020-03-13,0,3.627944960531341e-07,1.0
0000882291,AEMD,2020-03-16,0,3.6555130429884276e-07,1.0
0000882291,AEMD,2020-03-17,0,3.6555130429884276e-07,1.0
0000882291,AEMD,2020-03-18,0,3.6555130429884276e-07,1.0
0000882291,AEMD,2020-03-19,0,1.554865271240846e-07,1.0
0000882291,AEMD,2020-03-20,0,1.554865271240846e-07,1.0
0000882291,AEMD,2020-03-23,0,1.1728981767244355e-07,1.0
0000882291,AEMD,2020-03-24,0,1.1728981767244355e-07,1.0
0000882291,AEMD,2020-03-25,0,1.1728981767244355e-07,1.0
0000882291,AEMD,2020-03-26,0,1.0270044985467541e-07,1.0
0000882291,AEMD,2020-03-27,0,1.0270044985467541e-07,1.0
0000882291,AEMD,2020-03-30,0,1.0270044985467541e-07,1.0
0000882291,AEMD,2020-03-31,0,1.0270044985467541e-07,1.0
0000882291,AEMD,2020-04-01,0,1.0270044985467541e-07,1.0
0000882291,AEMD,2020-04-02,0,1.0270044985467541e-07,1.0
0000882291,AEMD,2020-04-03,0,1.0270044985467541e-07,1.0
0000882291,AEMD,2020-04-06,0,1.0270044985467541e-07,1.0
0000882291,AEMD,2020-04-07,0,1.0270044985467541e-07,1.0
0000882291,AEMD,2020-04-08,0,1.0270044985467541e-07,1.0
0000882291,AEMD,2020-04-09,0,1.0270044985467541e-07,1.0
0000882291,AEMD,2020-04-10,0,1.0270044985467541e-07,1.0
0000882291,AEMD,2020-04-13,0,1.0270044985467541e-07,1.0
0000882291,AEMD,2020-04-14,0,1.0270044985467541e-07,1.0
0000882291,AEMD,2020-04-15,0,1.0270044985467541e-07,1.0
0000882291,AEMD,2020-04-16,0,1.0270044985467541e-07,1.0
0000882291,AEMD,2020-04-17,0,1.0270044985467541e-07,1.0
0000882291,AEMD,2020-04-20,0,5.395174860472139e-07,1.0
0000882291,AEMD,2020-04-21,0,5.395174860472139e-07,1.0
0000882291,AEMD,2020-04-22,0,8.988319665085179e-07,1.0
0000882291,AEMD,2020-04-23,0,9.052824352024432e-07,1.0
0000882291,AEMD,2020-04-24,0,9.052824352024432e-07,1.0
0000882291,AEMD,2020-04-27,0,9.052824352024432e-07,1.0
0000882291,AEMD,2020-04-28,0,9.052824352024432e-07,1.0
0000882291,AEMD,2020-04-29,0,9.052824352024432e-07,1.0
0000882291,AEMD,2020-04-30,0,9.052824352024432e-07,1.0
0000882291,AEMD,2020-05-01,0,9.052824352024432e-07,1.0
0000882291,AEMD,2020-05-04,0,8.943624177667759e-07,1.0
0000882291,AEMD,2020-05-05,0,8.943624177667759e-07,1.0
0000882291,AEMD,2020-05-06,0,8.943624177667759e-07,1.0
0000882291,AEMD,2020-05-07,0,8.943624177667759e-07,1.0
0000882291,AEMD,2020-05-08,0,8.943624177667759e-07,1.0
0000882291,AEMD,2020-05-11,0,8.943624177667759e-07,1.0
0000882291,AEMD,2020-05-12,0,9.58588356655495e-07,1.0
0000882291,AEMD,2020-05-13,0,9.58588356655495e-07,1.0
0000882291,AEMD,2020-05-14,0,1.0472239982560743e-06,1.0
0000882291,AEMD,2020-05-15,0,1.0472239982560743e-06,1.0
0000882291,AEMD,2020-05-18,0,1.0472239982560743e-06,1.0
0000882291,AEMD,2020-05-19,0,1.0472239982560743e-06,1.0
0000882291,AEMD,2020-05-20,0,1.0472239982560743e-06,1.0
0000882291,AEMD,2020-05-21,0,1.0472239982560743e-06,1.0
0000882291,AEMD,2020-05-22,0,1.0472239982560743e-06,1.0
0000882291,AEMD,2020-05-25,0,1.034129273030949e-06,1.0
0000882291,AEMD,2020-05-26,0,1.034129273030949e-06,1.0
0000882291,AEMD,2020-05-27,0,1.034129273030949e-06,1.0
0000882291,AEMD,2020-05-28,0,1.034129273030949e-06,1.0
0000882291,AEMD,2020-05-29,0,1.034129273030949e-06,1.0
0000882291,AEMD,2020-06-01,0,1.034129273030949e-06,1.0
0000882291,AEMD,2020-06-02,0,1.034129273030949e-06,1.0
0000882291,AEMD,2020-06-03,0,1.034129273030949e-06,1.0
0000882291,AEMD,2020-06-04,0,1.034129273030949e-06,1.0
0000882291,AEMD,2020-06-05,0,1.034129273030949e-06,1.0
0000882291,AEMD,2020-06-08,0,1.034129273030949e-06,1.0
0000882291,AEMD,2020-06-09,0,1.034129273030949e-06,1.0
0000882291,AEMD,2020-06-10,0,1.034129273030949e-06,1.0
0000882291,AEMD,2020-06-11,0,1.034129273030949e-06,1.0
0000882291,AEMD,2020-06-12,0,1.034129273030949e-06,1.0
0000882291,AEMD,2020-06-15,0,1.034129273030949e-06,1.0
0000882291,AEMD,2020-06-16,0,1.034129273030949e-06,1.0
0000882291,AEMD,2020-06-17,0,2.7536232786786103e-06,1.0
0000882291,AEMD,2020-06-18,0,2.7536232786786103e-06,1.0
0000882291,AEMD,2020-06-19,0,2.7536232786786103e-06,1.0
0000882291,AEMD,2020-06-22,0,3.3517239063398577e-06,1.0
0000882291,AEMD,2020-06-23,0,3.3517239063398577e-06,1.0
0000882291,AEMD,2020-06-24,0,3.3517239063398577e-06,1.0
0000882291,AEMD,2020-06-25,0,3.3517239063398577e-06,1.0
0000882291,AEMD,2020-06-26,0,3.4626637738562634e-07,1.0
0000882291,AEMD,2020-06-29,0,3.4626637738562634e-07,1.0
0000882291,AEMD,2020-06-30,0,3.4626637738562634e-07,1.0
0000882291,AEMD,2020-07-01,0,3.4626637738562634e-07,1.0
0000882291,AEMD,2020-07-02,0,3.4626637738562634e-07,1.0
0000882291,AEMD,2020-07-03,0,3.4626637738562634e-07,1.0
0000882291,AEMD,2020-07-06,0,3.4626637738562634e-07,1.0
0000882291,AEMD,2020-07-07,0,3.4626637738562634e-07,1.0
0000882291,AEMD,2020-07-08,0,3.4626637738562634e-07,1.0
0000882291,AEMD,2020-07-09,0,3.4626637738562634e-07,1.0
0000882291,AEMD,2020-07-10,0,3.4626637738562634e-07,1.0
0000882291,AEMD,2020-07-13,0,3.4626637738562634e-07,1.0
0000882291,AEMD,2020-07-14,0,3.4626637738562634e-07,1.0
0000882291,AEMD,2020-07-15,0,3.4626637738562634e-07,1.0
0000882291,AEMD,2020-07-16,0,3.4626637738562634e-07,1.0
0000882291,AEMD,2020-07-17,0,3.4626637738562634e-07,1.0
0000882291,AEMD,2020-07-20,0,3.504838256954331e-07,1.0
0000882291,AEMD,2020-07-21,0,3.504838256954331e-07,1.0
0000882291,AEMD,2020-07-22,0,3.490688770293396e-07,1.0
0000882291,AEMD,2020-07-23,0,3.490688770293396e-07,1.0
0000882291,AEMD,2020-07-24,0,3.490688770293396e-07,1.0
0000882291,AEMD,2020-07-27,0,1.512297159666338e-06,1.0
0000882291,AEMD,2020-07-28,0,1.512297159666338e-06,1.0
0000882291,AEMD,2020-07-29,0,7.980721978636962e-05,1.0
0000882291,AEMD,2020-07-30,0,7.980721978636962e-05,1.0
0000882291,AEMD,2020-07-31,0,7.980721978636962e-05,1.0
0000882291,AEMD,2020-08-03,0,7.980721978636962e-05,1.0
0000882291,AEMD,2020-08-04,0,7.980721978636962e-05,1.0
0000882291,AEMD,2020-08-05,0,7.980721978636962e-05,1.0
0000882291,AEMD,2020-08-06,0,7.980721978636962e-05,1.0
0000882291,AEMD,2020-08-07,0,7.980721978636962e-05,1.0
0000882291,AEMD,2020-08-10,0,7.88035903048887e-05,1.0
0000882291,AEMD,2020-08-11,0,7.88035903048887e-05,1.0
0000882291,AEMD,2020-08-12,0,7.518125992743213e-05,1.0
0000882291,AEMD,2020-08-13,0,7.518125992743213e-05,1.0
0000882291,AEMD,2020-08-14,0,7.518125992743213e-05,1.0
0000882291,AEMD,2020-08-17,0,7.518125992743213e-05,1.0
0000882291,AEMD,2020-08-18,0,7.518125992743213e-05,1.0
0000882291,AEMD,2020-08-19,0,7.518125992743213e-05,1.0
0000882291,AEMD,2020-08-20,0,7.518125992743213e-05,1.0
0000882291,AEMD,2020-08-21,0,7.518125992743213e-05,1.0
0000882291,AEMD,2020-08-24,0,7.348400947434819e-05,1.0
0000882291,AEMD,2020-08-25,0,7.348400947434819e-05,1.0
0000882291,AEMD,2020-08-26,0,7.348400947434819e-05,1.0
0000882291,AEMD,2020-08-27,0,7.348400947434819e-05,1.0
0000882291,AEMD,2020-08-28,0,3.8099246491611185e-06,1.0
0000882291,AEMD,2020-08-31,0,3.8099246491611185e-06,1.0
0000882291,AEMD,2020-09-01,0,3.8099246491611185e-06,1.0
0000882291,AEMD,2020-09-02,0,3.8099246491611185e-06,1.0
0000882291,AEMD,2020-09-03,0,3.8099246491611185e-06,1.0
0000882291,AEMD,2020-09-04,0,3.8099246491611185e-06,1.0
0000882291,AEMD,2020-09-07,0,3.8099246491611185e-06,1.0
0000882291,AEMD,2020-09-08,0,3.8099246491611185e-06,1.0
0000882291,AEMD,2020-09-09,0,3.8099246491611185e-06,1.0
0000882291,AEMD,2020-09-10,0,3.8099246491611185e-06,1.0
0000882291,AEMD,2020-09-11,0,3.966635685160979e-06,1.0
0000882291,AEMD,2020-09-14,0,3.966635685160979e-06,1.0
0000882291,AEMD,2020-09-15,0,3.9088475155561045e-06,1.0
0000882291,AEMD,2020-09-16,0,3.9088475155561045e-06,1.0
0000882291,AEMD,2020-09-17,0,3.9088475155561045e-06,1.0
0000882291,AEMD,2020-09-18,0,3.9088475155561045e-06,1.0
0000882291,AEMD,2020-09-21,0,3.968478223414057e-06,1.0
0000882291,AEMD,2020-09-22,0,3.968478223414057e-06,1.0
0000882291,AEMD,2020-09-23,0,3.968478223414057e-06,1.0
0000882291,AEMD,2020-09-24,0,4.641213038959171e-06,1.0
0000882291,AEMD,2020-09-25,0,4.641213038959171e-06,1.0
0000882291,AEMD,2020-09-28,0,4.641213038959171e-06,1.0
0000882291,AEMD,2020-09-29,0,4.641213038959171e-06,1.0
0000882291,AEMD,2020-09-30,0,4.641213038959171e-06,1.0
0000882291,AEMD,2020-10-01,0,4.641213038959171e-06,1.0
0000882291,AEMD,2020-10-02,0,4.641213038959171e-06,1.0
0000882291,AEMD,2020-10-05,0,4.641213038959171e-06,1.0
0000882291,AEMD,2020-10-06,0,4.641213038959171e-06,1.0
0000882291,AEMD,2020-10-07,0,4.641213038959171e-06,1.0
0000882291,AEMD,2020-10-08,0,4.641213038959171e-06,1.0
0000882291,AEMD,2020-10-09,0,4.641213038959171e-06,1.0
0000882291,AEMD,2020-10-12,0,4.641213038959171e-06,1.0
0000882291,AEMD,2020-10-13,0,4.641213038959171e-06,1.0
0000882291,AEMD,2020-10-14,0,4.641213038959171e-06,1.0
0000882291,AEMD,2020-10-15,0,4.641213038959171e-06,1.0
0000882291,AEMD,2020-10-16,0,4.641213038959171e-06,1.0
0000882291,AEMD,2020-10-19,0,4.641213038959171e-06,1.0
0000882291,AEMD,2020-10-20,0,4.641213038959171e-06,1.0
0000882291,AEMD,2020-10-21,0,4.641213038959171e-06,1.0
0000882291,AEMD,2020-10-22,0,4.641213038959171e-06,1.0
0000882291,AEMD,2020-10-23,0,4.641213038959171e-06,1.0
0000882291,AEMD,2020-10-26,0,4.641213038959171e-06,1.0
0000882291,AEMD,2020-10-27,0,5.624660934095147e-06,1.0
0000882291,AEMD,2020-10-28,0,5.624660934095147e-06,1.0
0000882291,AEMD,2020-10-29,0,5.532416765261067e-06,1.0
0000882291,AEMD,2020-10-30,0,5.532416765261067e-06,1.0
0000882291,AEMD,2020-11-02,0,5.532416765261067e-06,1.0
0000882291,AEMD,2020-11-03,0,5.532416765261067e-06,1.0
0000882291,AEMD,2020-11-04,0,2.1128502529761556e-06,1.0
0000882291,AEMD,2020-11-05,0,2.1128502529761556e-06,1.0
0000882291,AEMD,2020-11-06,0,2.1128502529761556e-06,1.0
0000882291,AEMD,2020-11-09,0,2.1128502529761556e-06,1.0
0000882291,AEMD,2020-11-10,0,2.141369840335082e-06,1.0
0000882291,AEMD,2020-11-11,0,2.141369840335082e-06,1.0
0000882291,AEMD,2020-11-12,0,2.141369840335082e-06,1.0
0000882291,AEMD,2020-11-13,0,2.141369840335082e-06,1.0
0000882291,AEMD,2020-11-16,0,2.141369840335082e-06,1.0
0000882291,AEMD,2020-11-17,0,2.141369840335082e-06,1.0
0000882291,AEMD,2020-11-18,0,2.141369840335082e-06,1.0
0000882291,AEMD,2020-11-19,0,2.141369840335082e-06,1.0
0000882291,AEMD,2020-11-20,0,2.141369840335082e-06,1.0
0000882291,AEMD,2020-11-23,0,2.141369840335082e-06,1.0
0000882291,AEMD,2020-11-24,0,2.141369840335082e-06,1.0
0000882291,AEMD,2020-11-25,0,2.141369840335082e-06,1.0
0000882291,AEMD,2020-11-26,0,2.141369840335082e-06,1.0
0000882291,AEMD,2020-11-27,0,2.141369840335082e-06,1.0
0000882291,AEMD,2020-11-30,0,2.1517463442800207e-06,1.0
0000882291,AEMD,2020-12-01,0,2.1517463442800207e-06,1.0
0000882291,AEMD,2020-12-02,0,2.1517463442800207e-06,1.0
0000882291,AEMD,2020-12-03,0,2.1517463442800207e-06,1.0
0000882291,AEMD,2020-12-04,0,4.19458175667319e-06,1.0
0000882291,AEMD,2020-12-07,0,4.19458175667319e-06,1.0
0000882291,AEMD,2020-12-08,0,4.19458175667319e-06,1.0
0000882291,AEMD,2020-12-09,0,4.19458175667319e-06,1.0
0000882291,AEMD,2020-12-10,0,4.19458175667319e-06,1.0
0000882291,AEMD,2020-12-11,0,4.19458175667319e-06,1.0
0000882291,AEMD,2020-12-14,0,4.19458175667319e-06,1.0
0000882291,AEMD,2020-12-15,0,4.19458175667319e-06,1.0
0000882291,AEMD,2020-12-16,0,4.19458175667319e-06,1.0
0000882291,AEMD,2020-12-17,0,4.19458175667319e-06,1.0
0000882291,AEMD,2020-12-18,0,4.19458175667319e-06,1.0
0000882291,AEMD,2020-12-21,0,4.19458175667319e-06,1.0
0000882291,AEMD,2020-12-22,0,4.19458175667319e-06,1.0
0000882291,AEMD,2020-12-23,0,4.021288239384516e-06,1.0
0000882291,AEMD,2020-12-24,0,4.021288239384516e-06,1.0
0000882291,AEMD,2020-12-25,0,4.021288239384516e-06,1.0
0000882291,AEMD,2020-12-28,0,4.021288239384516e-06,1.0
0000882291,AEMD,2020-12-29,0,4.021288239384516e-06,1.0
0000882291,AEMD,2020-12-30,0,4.021288239384516e-06,1.0
0000882291,AEMD,2020-12-31,0,4.021288239384516e-06,1.0
0000882291,AEMD,2021-01-01,0,4.021288239384516e-06,1.0
0000882291,AEMD,2021-01-04,0,4.021288239384516e-06,1.0
0000882291,AEMD,2021-01-05,0,4.021288239384516e-06,1.0
0000882291,AEMD,2021-01-06,0,4.021288239384516e-06,1.0
0000882291,AEMD,2021-01-07,0,4.021288239384516e-06,1.0
0000882291,AEMD,2021-01-08,0,4.021288239384516e-06,1.0
0000882291,AEMD,2021-01-11,0,4.021288239384516e-06,1.0
0000882291,AEMD,2021-01-12,0,4.021288239384516e-06,1.0
0000882291,AEMD,2021-01-13,0,4.021288239384516e-06,1.0
0000882291,AEMD,2021-01-14,0,4.021288239384516e-06,1.0
0000882291,AEMD,2021-01-15,0,4.021288239384516e-06,1.0
0000882291,AEMD,2021-01-18,0,4.021288239384516e-06,1.0
0000882291,AEMD,2021-01-19,0,4.021288239384516e-06,1.0
0000882291,AEMD,2021-01-20,0,4.021288239384516e-06,1.0
0000882291,AEMD,2021-01-21,0,4.021288239384516e-06,1.0
0000882291,AEMD,2021-01-22,0,4.021288239384516e-06,1.0
0000882291,AEMD,2021-01-25,0,2.7675903172578185e-06,1.0
0000882291,AEMD,2021-01-26,0,2.7675903172578185e-06,1.0
0000882291,AEMD,2021-01-27,0,3.2552941734538516e-06,1.0
0000882291,AEMD,2021-01-28,0,3.2552941734538516e-06,1.0
0000882291,AEMD,2021-01-29,0,3.2552941734538516e-06,1.0
0000882291,AEMD,2021-02-01,0,3.2552941734538516e-06,1.0
0000882291,AEMD,2021-02-02,0,4.237748564474456e-06,1.0
0000882291,AEMD,2021-02-03,0,4.237748564474456e-06,1.0
0000882291,AEMD,2021-02-04,0,4.237748564474456e-06,1.0
0000882291,AEMD,2021-02-05,0,4.237748564474456e-06,1.0
0000882291,AEMD,2021-02-08,0,4.205727216661035e-06,1.0
0000882291,AEMD,2021-02-09,0,4.205727216661035e-06,1.0
0000882291,AEMD,2021-02-10,0,4.205727216661035e-06,1.0
0000882291,AEMD,2021-02-11,0,3.6096866578133055e-06,1.0
0000882291,AEMD,2021-02-12,0,3.6096866578133055e-06,1.0
0000882291,AEMD,2021-02-15,0,3.6096866578133055e-06,1.0
0000882291,AEMD,2021-02-16,0,3.6096866578133055e-06,1.0
0000882291,AEMD,2021-02-17,0,3.6096866578133055e-06,1.0
0000882291,AEMD,2021-02-18,0,3.6096866578133055e-06,1.0
0000882291,AEMD,2021-02-19,0,3.6096866578133055e-06,1.0
0000882291,AEMD,2021-02-22,0,3.6096866578133055e-06,1.0
0000882291,AEMD,2021-02-23,0,3.6096866578133055e-06,1.0
0000882291,AEMD,2021-02-24,0,3.6096866578133055e-06,1.0
0000882291,AEMD,2021-02-25,0,3.6096866578133055e-06,1.0
0000882291,AEMD,2021-02-26,0,3.6096866578133055e-06,1.0
0000882291,AEMD,2021-03-01,0,3.6096866578133055e-06,1.0
0000882291,AEMD,2021-03-02,0,3.6096866578133055e-06,1.0
0000882291,AEMD,2021-03-03,0,3.6096866578133055e-06,1.0
0000882291,AEMD,2021-03-04,0,3.6096866578133055e-06,1.0
0000882291,AEMD,2021-03-05,0,3.6096866578133055e-06,1.0
0000882291,AEMD,2021-03-08,0,3.6096866578133055e-06,1.0
0000882291,AEMD,2021-03-09,0,3.6096866578133055e-06,1.0
0000882291,AEMD,2021-03-10,0,3.6096866578133055e-06,1.0
0000882291,AEMD,2021-03-11,0,3.6096866578133055e-06,1.0
0000882291,AEMD,2021-03-12,0,3.6096866578133055e-06,1.0
0000882291,AEMD,2021-03-15,0,3.6154994380526247e-06,1.0
0000882291,AEMD,2021-03-16,0,3.6154994380526247e-06,1.0
0000882291,AEMD,2021-03-17,0,3.6154994380526247e-06,1.0
0000882291,AEMD,2021-03-18,0,3.6154994380526247e-06,1.0
0000882291,AEMD,2021-03-19,0,3.6154994380526247e-06,1.0
0000882291,AEMD,2021-03-22,0,3.6154994380526247e-06,1.0
0000882291,AEMD,2021-03-23,0,1.9789476783249343e-06,1.0
0000882291,AEMD,2021-03-24,0,1.9789476783249343e-06,1.0
0000882291,AEMD,2021-03-25,0,1.9789476783249343e-06,1.0
0000882291,AEMD,2021-03-26,0,1.9789476783249343e-06,1.0
0000882291,AEMD,2021-03-29,0,1.9789476783249343e-06,1.0
0000882291,AEMD,2021-03-30,0,1.9789476783249343e-06,1.0
0000882291,AEMD,2021-03-31,0,1.9789476783249343e-06,1.0
0000882291,AEMD,2021-04-01,0,1.9789476783249343e-06,1.0
0000882291,AEMD,2021-04-02,0,1.9789476783249343e-06,1.0
0000882291,AEMD,2021-04-05,0,1.9789476783249343e-06,1.0
0000882291,AEMD,2021-04-06,0,1.9789476783249343e-06,1.0
0000882291,AEMD,2021-04-07,0,1.9789476783249343e-06,1.0
0000882291,AEMD,2021-04-08,0,1.9789476783249343e-06,1.0
0000882291,AEMD,2021-04-09,0,1.9789476783249343e-06,1.0
0000882291,AEMD,2021-04-12,0,1.9789476783249343e-06,1.0
0000882291,AEMD,2021-04-13,0,1.9789476783249343e-06,1.0
0000882291,AEMD,2021-04-14,0,1.9789476783249343e-06,1.0
0000882291,AEMD,2021-04-15,0,1.9789476783249343e-06,1.0
0000882291,AEMD,2021-04-16,0,1.9789476783249343e-06,1.0
0000882291,AEMD,2021-04-19,0,1.9789476783249343e-06,1.0
0000882291,AEMD,2021-04-20,0,1.9789476783249343e-06,1.0
0000882291,AEMD,2021-04-21,0,1.9789476783249343e-06,1.0
0000882291,AEMD,2021-04-22,0,3.0478551281067096e-06,1.0
0000882291,AEMD,2021-04-23,0,3.0478551281067096e-06,1.0
0000882291,AEMD,2021-04-26,0,3.0478551281067096e-06,1.0
0000882291,AEMD,2021-04-27,0,3.008046647466916e-06,1.0
0000882291,AEMD,2021-04-28,0,3.008046647466916e-06,1.0
0000882291,AEMD,2021-04-29,0,3.008046647466916e-06,1.0
0000882291,AEMD,2021-04-30,0,3.008046647466916e-06,1.0
0000882291,AEMD,2021-05-03,0,3.008046647466916e-06,1.0
0000882291,AEMD,2021-05-04,0,3.100524187420422e-06,1.0
0000882291,AEMD,2021-05-05,0,3.100524187420422e-06,1.0
0000882291,AEMD,2021-05-06,0,3.100524187420422e-06,1.0
0000882291,AEMD,2021-05-07,0,3.100524187420422e-06,1.0
0000882291,AEMD,2021-05-10,0,3.100524187420422e-06,1.0
0000882291,AEMD,2021-05-11,0,3.100524187420422e-06,1.0
0000882291,AEMD,2021-05-12,0,3.100524187420422e-06,1.0
0000882291,AEMD,2021-05-13,0,3.6501585875234397e-06,1.0
0000882291,AEMD,2021-05-14,0,3.6501585875234397e-06,1.0
0000882291,AEMD,2021-05-17,0,3.6501585875234397e-06,1.0
0000882291,AEMD,2021-05-18,0,3.6501585875234397e-06,1.0
0000882291,AEMD,2021-05-19,0,3.6501585875234397e-06,1.0
0000882291,AEMD,2021-05-20,0,3.6501585875234397e-06,1.0
0000882291,AEMD,2021-05-21,0,3.6501585875234397e-06,1.0
0000882291,AEMD,2021-05-24,0,3.6501585875234397e-06,1.0
0000882291,AEMD,2021-05-25,0,3.6501585875234397e-06,1.0
0000882291,AEMD,2021-05-26,0,3.6501585875234397e-06,1.0
0000882291,AEMD,2021-05-27,0,3.6501585875234397e-06,1.0
0000882291,AEMD,2021-05-28,0,3.6501585875234397e-06,1.0
0000882291,AEMD,2021-05-31,0,3.6501585875234397e-06,1.0
0000882291,AEMD,2021-06-01,0,3.6501585875234397e-06,1.0
0000882291,AEMD,2021-06-02,0,3.6501585875234397e-06,1.0
0000882291,AEMD,2021-06-03,0,3.6501585875234397e-06,1.0
0000882291,AEMD,2021-06-04,0,3.6501585875234397e-06,1.0
0000882291,AEMD,2021-06-07,0,3.6501585875234397e-06,1.0
0000882291,AEMD,2021-06-08,0,3.6501585875234397e-06,1.0
0000882291,AEMD,2021-06-09,0,3.6501585875234397e-06,1.0
0000882291,AEMD,2021-06-10,0,3.6501585875234397e-06,1.0
0000882291,AEMD,2021-06-11,0,3.6501585875234397e-06,1.0
0000882291,AEMD,2021-06-14,0,2.9228856932240746e-06,1.0
0000882291,AEMD,2021-06-15,0,2.9228856932240746e-06,1.0
0000882291,AEMD,2021-06-16,0,2.9228856932240746e-06,1.0
0000882291,AEMD,2021-06-17,0,2.9228856932240746e-06,1.0
0000882291,AEMD,2021-06-18,0,2.9228856932240746e-06,1.0
0000882291,AEMD,2021-06-21,0,3.4402094120527883e-06,1.0
0000882291,AEMD,2021-06-22,0,3.4402094120527883e-06,1.0
0000882291,AEMD,2021-06-23,0,3.4402094120527883e-06,1.0
0000882291,AEMD,2021-06-24,0,3.4402094120527883e-06,1.0
0000882291,AEMD,2021-06-25,0,5.530465026259338e-08,1.0
0000882291,AEMD,2021-06-28,0,5.530465026259338e-08,1.0
0000882291,AEMD,2021-06-29,0,5.530465026259338e-08,1.0
0000882291,AEMD,2021-06-30,0,5.530465026259338e-08,1.0
0000882291,AEMD,2021-07-01,0,5.530465026259338e-08,1.0
0000882291,AEMD,2021-07-02,0,5.530465026259338e-08,1.0
0000882291,AEMD,2021-07-05,0,5.530465026259338e-08,1.0
0000882291,AEMD,2021-07-06,0,5.530465026259338e-08,1.0
0000882291,AEMD,2021-07-07,0,5.530465026259338e-08,1.0
0000882291,AEMD,2021-07-08,0,5.530465026259338e-08,1.0
0000882291,AEMD,2021-07-09,0,5.530465026259338e-08,1.0
0000882291,AEMD,2021-07-12,0,5.530465026259338e-08,1.0
0000882291,AEMD,2021-07-13,0,5.530465026259338e-08,1.0
0000882291,AEMD,2021-07-14,0,5.494908316014646e-08,1.0
0000882291,AEMD,2021-07-15,0,5.494908316014646e-08,1.0
0000882291,AEMD,2021-07-16,0,5.494908316014646e-08,1.0
0000882291,AEMD,2021-07-19,0,5.494908316014646e-08,1.0
0000882291,AEMD,2021-07-20,0,5.494908316014646e-08,1.0
0000882291,AEMD,2021-07-21,0,5.494908316014646e-08,1.0
0000882291,AEMD,2021-07-22,0,5.494908316014646e-08,1.0
0000882291,AEMD,2021-07-23,0,5.494908316014646e-08,1.0
0000882291,AEMD,2021-07-26,0,7.647137173406938e-07,1.0
0000882291,AEMD,2021-07-27,0,7.647137173406938e-07,1.0
0000882291,AEMD,2021-07-28,0,7.647137173406938e-07,1.0
0000882291,AEMD,2021-07-29,0,8.065126675074244e-08,1.0
0000882291,AEMD,2021-07-30,0,8.065126675074244e-08,1.0
0000882291,AEMD,2021-08-02,0,8.065126675074244e-08,1.0
0000882291,AEMD,2021-08-03,0,8.065126675074244e-08,1.0
0000882291,AEMD,2021-08-04,0,8.065126675074244e-08,1.0
0000882291,AEMD,2021-08-05,0,8.065126675074244e-08,1.0
0000882291,AEMD,2021-08-06,0,8.065126675074244e-08,1.0
0000882291,AEMD,2021-08-09,0,8.065126675074244e-08,1.0
0000882291,AEMD,2021-08-10,0,7.801873214450338e-08,1.0
0000882291,AEMD,2021-08-11,0,7.696078906557275e-08,1.0
0000882291,AEMD,2021-08-12,0,7.696078906557275e-08,1.0
0000882291,AEMD,2021-08-13,0,7.696078906557275e-08,1.0
0000882291,AEMD,2021-08-16,0,7.696078906557275e-08,1.0
0000882291,AEMD,2021-08-17,0,7.696078906557275e-08,1.0
0000882291,AEMD,2021-08-18,0,7.696078906557275e-08,1.0
0000882291,AEMD,2021-08-19,0,7.696078906557275e-08,1.0
0000882291,AEMD,2021-08-20,0,7.696078906557275e-08,1.0
0000882291,AEMD,2021-08-23,0,7.696078906557275e-08,1.0
0000882291,AEMD,2021-08-24,0,7.696078906557275e-08,1.0
0000882291,AEMD,2021-08-25,0,7.696078906557275e-08,1.0
0000882291,AEMD,2021-08-26,0,7.696078906557275e-08,1.0
0000882291,AEMD,2021-08-27,0,7.696078906557275e-08,1.0
0000882291,AEMD,2021-08-30,0,4.999020290110229e-07,1.0
0000882291,AEMD,2021-08-31,0,4.999020290110229e-07,1.0
0000882291,AEMD,2021-09-01,0,4.999020290110229e-07,1.0
0000882291,AEMD,2021-09-02,0,4.999020290110229e-07,1.0
0000882291,AEMD,2021-09-03,0,4.999020290110229e-07,1.0
0000882291,AEMD,2021-09-06,0,4.999020290110229e-07,1.0
0000882291,AEMD,2021-09-07,0,4.999020290110229e-07,1.0
0000882291,AEMD,2021-09-08,0,4.999020290110229e-07,1.0
0000882291,AEMD,2021-09-09,0,5.121390488386887e-07,1.0
0000882291,AEMD,2021-09-10,0,5.121390488386887e-07,1.0
0000882291,AEMD,2021-09-13,0,5.130554283470775e-07,1.0
0000882291,AEMD,2021-09-14,0,5.130554283470775e-07,1.0
0000882291,AEMD,2021-09-15,0,5.130554283470775e-07,1.0
0000882291,AEMD,2021-09-16,0,5.130554283470775e-07,1.0
0000882291,AEMD,2021-09-17,0,5.130554283470775e-07,1.0
0000882291,AEMD,2021-09-20,0,5.169540410234459e-07,1.0
0000882291,AEMD,2021-09-21,0,5.169540410234459e-07,1.0
0000882291,AEMD,2021-09-22,0,5.169540410234459e-07,1.0
0000882291,AEMD,2021-09-23,0,1.0879065326164288e-06,1.0
0000882291,AEMD,2021-09-24,0,1.0879065326164288e-06,1.0
0000882291,AEMD,2021-09-27,0,1.0879065326164288e-06,1.0
0000882291,AEMD,2021-09-28,0,1.0879065326164288e-06,1.0
0000882291,AEMD,2021-09-29,0,1.0879065326164288e-06,1.0
0000882291,AEMD,2021-09-30,0,1.5633564945843364e-07,1.0
0000882291,AEMD,2021-10-01,0,1.5633564945843364e-07,1.0
0000882291,AEMD,2021-10-04,0,1.5633564945843364e-07,1.0
0000882291,AEMD,2021-10-05,0,1.5633564945843364e-07,1.0
0000882291,AEMD,2021-10-06,0,1.5633564945843364e-07,1.0
0000882291,AEMD,2021-10-07,0,1.5633564945843364e-07,1.0
0000882291,AEMD,2021-10-08,0,1.5633564945843364e-07,1.0
0000882291,AEMD,2021-10-11,0,1.5633564945843364e-07,1.0
0000882291,AEMD,2021-10-12,0,1.5633564945843364e-07,1.0
0000882291,AEMD,2021-10-13,0,1.5633564945843364e-07,1.0
0000882291,AEMD,2021-10-14,0,1.5633564945843364e-07,1.0
0000882291,AEMD,2021-10-15,0,1.5633564945843364e-07,1.0
0000882291,AEMD,2021-10-18,0,1.5633564945843364e-07,1.0
0000882291,AEMD,2021-10-19,0,1.5633564945843364e-07,1.0
0000882291,AEMD,2021-10-20,0,1.5633564945843364e-07,1.0
0000882291,AEMD,2021-10-21,0,1.5633564945843364e-07,1.0
0000882291,AEMD,2021-10-22,0,1.5633564945843364e-07,1.0
0000882291,AEMD,2021-10-25,0,1.5633564945843364e-07,1.0
0000882291,AEMD,2021-10-26,0,1.5633564945843364e-07,1.0
0000882291,AEMD,2021-10-27,0,2.9939207847545045e-07,1.0
0000882291,AEMD,2021-10-28,0,2.9939207847545045e-07,1.0
0000882291,AEMD,2021-10-29,0,2.9939207847545045e-07,1.0
0000882291,AEMD,2021-11-01,0,1.3018786854086748e-06,1.0
0000882291,AEMD,2021-11-02,0,1.3018786854086748e-06,1.0
0000882291,AEMD,2021-11-03,0,1.3018786854086748e-06,1.0
0000882291,AEMD,2021-11-04,0,1.3018786854086748e-06,1.0
0000882291,AEMD,2021-11-05,0,1.3018786854086748e-06,1.0
0000882291,AEMD,2021-11-08,0,1.5231051279714574e-06,1.0
0000882291,AEMD,2021-11-09,0,1.5231051279714574e-06,1.0
0000882291,AEMD,2021-11-10,0,1.253952611434142e-06,1.0
0000882291,AEMD,2021-11-11,0,1.253952611434142e-06,1.0
0000882291,AEMD,2021-11-12,0,1.253952611434142e-06,1.0
0000882291,AEMD,2021-11-15,0,1.253952611434142e-06,1.0
0000882291,AEMD,2021-11-16,0,1.253952611434142e-06,1.0
0000882291,AEMD,2021-11-17,0,1.253952611434142e-06,1.0
0000882291,AEMD,2021-11-18,0,1.253952611434142e-06,1.0
0000882291,AEMD,2021-11-19,0,1.253952611434142e-06,1.0
0000882291,AEMD,2021-11-22,0,1.253952611434142e-06,1.0
0000882291,AEMD,2021-11-23,0,1.253952611434142e-06,1.0
0000882291,AEMD,2021-11-24,0,1.253952611434142e-06,1.0
0000882291,AEMD,2021-11-25,0,1.253952611434142e-06,1.0
0000882291,AEMD,2021-11-26,0,1.253952611434142e-06,1.0
0000882291,AEMD,2021-11-29,0,1.253952611434142e-06,1.0
0000882291,AEMD,2021-11-30,0,1.253952611434142e-06,1.0
0000882291,AEMD,2021-12-01,0,1.253952611434142e-06,1.0
0000882291,AEMD,2021-12-02,0,1.253952611434142e-06,1.0
0000882291,AEMD,2021-12-03,0,1.253952611434142e-06,1.0
0000882291,AEMD,2021-12-06,0,1.253952611434142e-06,1.0
0000882291,AEMD,2021-12-07,0,1.253952611434142e-06,1.0
0000882291,AEMD,2021-12-08,0,1.253952611434142e-06,1.0
0000882291,AEMD,2021-12-09,0,1.253952611434142e-06,1.0
0000882291,AEMD,2021-12-10,0,1.3182230229144456e-06,1.0
0000882291,AEMD,2021-12-13,0,1.3168905458998113e-06,1.0
0000882291,AEMD,2021-12-14,0,1.3168905458998113e-06,1.0
0000882291,AEMD,2021-12-15,0,1.3168905458998113e-06,1.0
0000882291,AEMD,2021-12-16,0,1.3168905458998113e-06,1.0
0000882291,AEMD,2021-12-17,0,1.3168905458998113e-06,1.0
0000882291,AEMD,2021-12-20,0,1.3168905458998113e-06,1.0
0000882291,AEMD,2021-12-21,0,1.3168905458998113e-06,1.0
0000882291,AEMD,2021-12-22,0,1.2540398464075087e-06,1.0
0000882291,AEMD,2021-12-23,0,1.2540398464075087e-06,1.0
0000882291,AEMD,2021-12-24,0,1.2540398464075087e-06,1.0
0000882291,AEMD,2021-12-27,0,1.2540398464075087e-06,1.0
0000882291,AEMD,2021-12-28,0,1.2540398464075087e-06,1.0
0000882291,AEMD,2021-12-29,0,2.334519976761534e-06,1.0
0000882291,AEMD,2021-12-30,0,2.334519976761534e-06,1.0
0000882291,AEMD,2021-12-31,0,2.334519976761534e-06,1.0
0000882291,AEMD,2022-01-03,0,2.334519976761534e-06,1.0
0000882291,AEMD,2022-01-04,0,2.334519976761534e-06,1.0
0000882291,AEMD,2022-01-05,0,2.334519976761534e-06,1.0
0000882291,AEMD,2022-01-06,0,2.334519976761534e-06,1.0
0000882291,AEMD,2022-01-07,0,2.334519976761534e-06,1.0
0000882291,AEMD,2022-01-10,0,2.334519976761534e-06,1.0
0000882291,AEMD,2022-01-11,0,2.334519976761534e-06,1.0
0000882291,AEMD,2022-01-12,0,2.334519976761534e-06,1.0
0000882291,AEMD,2022-01-13,0,2.334519976761534e-06,1.0
0000882291,AEMD,2022-01-14,0,2.334519976761534e-06,1.0
0000882291,AEMD,2022-01-17,0,2.334519976761534e-06,1.0
0000882291,AEMD,2022-01-18,0,2.334519976761534e-06,1.0
0000882291,AEMD,2022-01-19,0,2.334519976761534e-06,1.0
0000882291,AEMD,2022-01-20,0,2.334519976761534e-06,1.0
0000882291,AEMD,2022-01-21,0,2.334519976761534e-06,1.0
0000882291,AEMD,2022-01-24,0,2.334519976761534e-06,1.0
0000882291,AEMD,2022-01-25,0,2.8503225899427194e-06,1.0
0000882291,AEMD,2022-01-26,0,2.8503225899427194e-06,1.0
0000882291,AEMD,2022-01-27,0,2.8503225899427194e-06,1.0
0000882291,AEMD,2022-01-28,0,2.8503225899427194e-06,1.0
0000882291,AEMD,2022-01-31,0,2.8503225899427194e-06,1.0
0000882291,AEMD,2022-02-01,0,2.8503225899427194e-06,1.0
0000882291,AEMD,2022-02-02,0,2.8503225899427194e-06,1.0
0000882291,AEMD,2022-02-03,0,2.8503225899427194e-06,1.0
0000882291,AEMD,2022-02-04,0,2.8503225899427194e-06,1.0
0000882291,AEMD,2022-02-07,0,2.821641901732805e-06,1.0
0000882291,AEMD,2022-02-08,0,3.2775971276235454e-06,1.0
0000882291,AEMD,2022-02-09,0,3.2775971276235454e-06,1.0
0000882291,AEMD,2022-02-10,0,3.2775971276235454e-06,1.0
0000882291,AEMD,2022-02-11,0,3.2775971276235454e-06,1.0
0000882291,AEMD,2022-02-14,0,3.2775971276235454e-06,1.0
0000882291,AEMD,2022-02-15,0,2.698403856826774e-06,1.0
0000882291,AEMD,2022-02-16,0,2.698403856826774e-06,1.0
0000882291,AEMD,2022-02-17,0,2.698403856826774e-06,1.0
0000882291,AEMD,2022-02-18,0,2.698403856826774e-06,1.0
0000882291,AEMD,2022-02-21,0,2.698403856826774e-06,1.0
0000882291,AEMD,2022-02-22,0,2.698403856826774e-06,1.0
0000882291,AEMD,2022-02-23,0,2.698403856826774e-06,1.0
0000882291,AEMD,2022-02-24,0,2.698403856826774e-06,1.0
0000882291,AEMD,2022-02-25,0,2.698403856826774e-06,1.0
0000882291,AEMD,2022-02-28,0,2.698403856826774e-06,1.0
0000882291,AEMD,2022-03-01,0,2.698403856826774e-06,1.0
0000882291,AEMD,2022-03-02,0,2.698403856826774e-06,1.0
0000882291,AEMD,2022-03-03,0,2.698403856826774e-06,1.0
0000882291,AEMD,2022-03-04,0,2.698403856826774e-06,1.0
0000882291,AEMD,2022-03-07,0,2.698403856826774e-06,1.0
0000882291,AEMD,2022-03-08,0,2.698403856826774e-06,1.0
0000882291,AEMD,2022-03-09,0,2.698403856826774e-06,1.0
0000882291,AEMD,2022-03-10,0,2.698403856826774e-06,1.0
0000882291,AEMD,2022-03-11,0,2.698403856826774e-06,1.0
0000882291,AEMD,2022-03-14,0,2.698403856826774e-06,1.0
0000882291,AEMD,2022-03-15,0,2.698403856826774e-06,1.0
0000882291,AEMD,2022-03-16,0,2.698403856826774e-06,1.0
0000882291,AEMD,2022-03-17,0,2.698403856826774e-06,1.0
0000882291,AEMD,2022-03-18,0,2.8367083360306957e-06,1.0
0000882291,AEMD,2022-03-21,0,2.8367083360306957e-06,1.0
0000882291,AEMD,2022-03-22,0,2.8367083360306957e-06,1.0
0000882291,AEMD,2022-03-23,0,2.8367083360306957e-06,1.0
0000882291,AEMD,2022-03-24,0,2.8367083360306957e-06,1.0
0000882291,AEMD,2022-03-25,0,1.5526749465505637e-06,1.0
0000882291,AEMD,2022-03-28,0,1.5526749465505637e-06,1.0
0000882291,AEMD,2022-03-29,0,2.0112177207714706e-06,1.0
0000882291,AEMD,2022-03-30,0,2.0112177207714706e-06,1.0
0000882291,AEMD,2022-03-31,0,2.0112177207714706e-06,1.0
0000882291,AEMD,2022-04-01,0,2.0112177207714706e-06,1.0
0000882291,AEMD,2022-04-04,0,2.0112177207714706e-06,1.0
0000882291,AEMD,2022-04-05,0,2.0112177207714706e-06,1.0
0000882291,AEMD,2022-04-06,0,2.0112177207714706e-06,1.0
0000882291,AEMD,2022-04-07,0,2.0112177207714706e-06,1.0
0000882291,AEMD,2022-04-08,0,2.0112177207714706e-06,1.0
0000882291,AEMD,2022-04-11,0,2.0112177207714706e-06,1.0
0000882291,AEMD,2022-04-12,0,2.0112177207714706e-06,1.0
0000882291,AEMD,2022-04-13,0,2.0112177207714706e-06,1.0
0000882291,AEMD,2022-04-14,0,2.0112177207714706e-06,1.0
0000882291,AEMD,2022-04-15,0,2.0112177207714706e-06,1.0
0000882291,AEMD,2022-04-18,0,2.0112177207714706e-06,1.0
0000882291,AEMD,2022-04-19,0,2.0112177207714706e-06,1.0
0000882291,AEMD,2022-04-20,0,2.0112177207714706e-06,1.0
0000882291,AEMD,2022-04-21,0,2.0112177207714706e-06,1.0
0000882291,AEMD,2022-04-22,0,2.0112177207714706e-06,1.0
0000882291,AEMD,2022-04-25,0,3.097555435288062e-06,1.0
0000882291,AEMD,2022-04-26,0,3.097555435288062e-06,1.0
0000882291,AEMD,2022-04-27,0,3.097555435288062e-06,1.0
0000882291,AEMD,2022-04-28,0,3.097555435288062e-06,1.0
0000882291,AEMD,2022-04-29,0,3.097555435288062e-06,1.0
0000882291,AEMD,2022-05-02,0,3.097555435288062e-06,1.0
0000882291,AEMD,2022-05-03,0,3.097555435288062e-06,1.0
0000882291,AEMD,2022-05-04,0,3.097555435288062e-06,1.0
0000882291,AEMD,2022-05-05,0,3.097555435288062e-06,1.0
0000882291,AEMD,2022-05-06,0,3.097555435288062e-06,1.0
0000882291,AEMD,2022-05-09,0,3.097555435288062e-06,1.0
0000882291,AEMD,2022-05-10,0,3.0788165815520427e-06,1.0
0000882291,AEMD,2022-05-11,0,3.0788165815520427e-06,1.0
0000882291,AEMD,2022-05-12,0,3.0788165815520427e-06,1.0
0000882291,AEMD,2022-05-13,0,3.0788165815520427e-06,1.0
0000882291,AEMD,2022-05-16,0,3.0788165815520427e-06,1.0
0000882291,AEMD,2022-05-17,0,3.5763290723091437e-06,1.0
0000882291,AEMD,2022-05-18,0,3.5763290723091437e-06,1.0
0000882291,AEMD,2022-05-19,0,3.5763290723091437e-06,1.0
0000882291,AEMD,2022-05-20,0,3.5763290723091437e-06,1.0
0000882291,AEMD,2022-05-23,0,3.5763290723091437e-06,1.0
0000882291,AEMD,2022-05-24,0,3.5763290723091437e-06,1.0
0000882291,AEMD,2022-05-25,0,3.5763290723091437e-06,1.0
0000882291,AEMD,2022-05-26,0,3.5763290723091437e-06,1.0
0000882291,AEMD,2022-05-27,0,3.5763290723091437e-06,1.0
0000882291,AEMD,2022-05-30,0,3.5763290723091437e-06,1.0
0000882291,AEMD,2022-05-31,0,3.5763290723091437e-06,1.0
0000882291,AEMD,2022-06-01,0,3.5763290723091437e-06,1.0
0000882291,AEMD,2022-06-02,0,3.5763290723091437e-06,1.0
0000882291,AEMD,2022-06-03,0,3.5763290723091437e-06,1.0
0000882291,AEMD,2022-06-06,0,3.5763290723091437e-06,1.0
0000882291,AEMD,2022-06-07,0,3.5763290723091437e-06,1.0
0000882291,AEMD,2022-06-08,0,3.5763290723091437e-06,1.0
0000882291,AEMD,2022-06-09,0,3.5763290723091437e-06,1.0
0000882291,AEMD,2022-06-10,0,3.5763290723091437e-06,1.0
0000882291,AEMD,2022-06-13,0,3.5763290723091437e-06,1.0
0000882291,AEMD,2022-06-14,0,3.5763290723091437e-06,1.0
0000882291,AEMD,2022-06-15,0,3.5763290723091437e-06,1.0
0000882291,AEMD,2022-06-16,0,3.5763290723091437e-06,1.0
0000882291,AEMD,2022-06-17,0,3.5763290723091437e-06,1.0
0000882291,AEMD,2022-06-20,0,3.5763290723091437e-06,1.0
0000882291,AEMD,2022-06-21,0,3.5763290723091437e-06,1.0
0000882291,AEMD,2022-06-22,0,3.5763290723091437e-06,1.0
0000882291,AEMD,2022-06-23,0,4.209305735339771e-06,1.0
0000882291,AEMD,2022-06-24,0,4.209305735339771e-06,1.0
0000882291,AEMD,2022-06-27,0,4.209305735339771e-06,1.0
0000882291,AEMD,2022-06-28,0,4.209305735339771e-06,1.0
0000882291,AEMD,2022-06-29,0,4.478026504686254e-08,1.0
0000882291,AEMD,2022-06-30,0,4.478026504686254e-08,1.0
0000882291,AEMD,2022-07-01,0,4.478026504686254e-08,1.0
0000882291,AEMD,2022-07-04,0,4.478026504686254e-08,1.0
0000882291,AEMD,2022-07-05,0,4.478026504686254e-08,1.0
0000882291,AEMD,2022-07-06,0,4.478026504686254e-08,1.0
0000882291,AEMD,2022-07-07,0,4.478026504686254e-08,1.0
0000882291,AEMD,2022-07-08,0,4.478026504686254e-08,1.0
0000882291,AEMD,2022-07-11,0,4.478026504686254e-08,1.0
0000882291,AEMD,2022-07-12,0,4.478026504686254e-08,1.0
0000882291,AEMD,2022-07-13,0,4.478026504686254e-08,1.0
0000882291,AEMD,2022-07-14,0,4.478026504686254e-08,1.0
0000882291,AEMD,2022-07-15,0,4.478026504686254e-08,1.0
0000882291,AEMD,2022-07-18,0,2.1567092980998547e-05,1.0
0000882291,AEMD,2022-07-19,0,2.1567092980998547e-05,1.0
0000882291,AEMD,2022-07-20,0,2.1567092980998547e-05,1.0
0000882291,AEMD,2022-07-21,0,2.1567092980998547e-05,1.0
0000882291,AEMD,2022-07-22,0,2.1567092980998547e-05,1.0
0000882291,AEMD,2022-07-25,0,2.1567092980998547e-05,1.0
0000882291,AEMD,2022-07-26,0,2.1567092980998547e-05,1.0
0000882291,AEMD,2022-07-27,0,2.1567092980998547e-05,1.0
0000882291,AEMD,2022-07-28,0,0.010280808437572727,1.0
0000882291,AEMD,2022-07-29,0,0.010153097016311572,1.0
0000882291,AEMD,2022-08-01,0,0.010153097016311572,1.0
0000882291,AEMD,2022-08-02,0,0.010153097016311572,1.0
0000882291,AEMD,2022-08-03,0,0.010153097016311572,1.0
0000882291,AEMD,2022-08-04,0,0.010153097016311572,1.0
0000882291,AEMD,2022-08-05,0,0.010153097016311572,1.0
0000882291,AEMD,2022-08-08,0,0.010153097016311572,1.0
0000882291,AEMD,2022-08-09,0,0.010153097016311572,1.0
0000882291,AEMD,2022-08-10,0,0.009584936244010137,1.0
0000882291,AEMD,2022-08-11,0,0.009584936244010137,1.0
0000882291,AEMD,2022-08-12,0,0.009584936244010137,1.0
0000882291,AEMD,2022-08-15,0,0.009527503849990676,1.0
0000882291,AEMD,2022-08-16,0,0.009527503849990676,1.0
0000882291,AEMD,2022-08-17,0,4.245221897479532e-05,1.0
0000882291,AEMD,2022-08-18,0,4.245221897479532e-05,1.0
0000882291,AEMD,2022-08-19,0,4.245221897479532e-05,1.0
0000882291,AEMD,2022-08-22,0,4.245221897479532e-05,1.0
0000882291,AEMD,2022-08-23,0,4.245221897479532e-05,1.0
0000882291,AEMD,2022-08-24,0,4.245221897479532e-05,1.0
0000882291,AEMD,2022-08-25,0,4.245221897479532e-05,1.0
0000882291,AEMD,2022-08-26,0,4.245221897479532e-05,1.0
0000882291,AEMD,2022-08-29,0,2.703362825499615e-06,1.0
0000882291,AEMD,2022-08-30,0,2.703362825499615e-06,1.0
0000882291,AEMD,2022-08-31,0,2.703362825499615e-06,1.0
0000882291,AEMD,2022-09-01,0,2.703362825499615e-06,1.0
0000882291,AEMD,2022-09-02,0,2.703362825499615e-06,1.0
0000882291,AEMD,2022-09-05,0,2.703362825499615e-06,1.0
0000882291,AEMD,2022-09-06,0,2.703362825499615e-06,1.0
0000882291,AEMD,2022-09-07,0,2.703362825499615e-06,1.0
0000882291,AEMD,2022-09-08,0,2.703362825499615e-06,1.0
0000882291,AEMD,2022-09-09,0,2.851101438878824e-06,1.0
0000882291,AEMD,2022-09-12,0,2.851101438878824e-06,1.0
0000882291,AEMD,2022-09-13,0,2.851101438878824e-06,1.0
0000882291,AEMD,2022-09-14,0,2.851101438878824e-06,1.0
0000882291,AEMD,2022-09-15,0,2.851101438878824e-06,1.0
0000882291,AEMD,2022-09-16,0,2.851101438878824e-06,1.0
0000882291,AEMD,2022-09-19,0,2.851101438878824e-06,1.0
0000882291,AEMD,2022-09-20,0,2.851101438878824e-06,1.0
0000882291,AEMD,2022-09-21,0,2.8727663768395556e-06,1.0
0000882291,AEMD,2022-09-22,0,2.8727663768395556e-06,1.0
0000882291,AEMD,2022-09-23,0,2.8727663768395556e-06,1.0
0000882291,AEMD,2022-09-26,0,2.8727663768395556e-06,1.0
0000882291,AEMD,2022-09-27,0,4.696158869479139e-06,1.0
0000882291,AEMD,2022-09-28,0,4.696158869479139e-06,1.0
0000882291,AEMD,2022-09-29,0,4.696158869479139e-06,1.0
0000882291,AEMD,2022-09-30,0,4.696158869479139e-06,1.0
0000882291,AEMD,2022-10-03,0,4.696158869479139e-06,1.0
0000882291,AEMD,2022-10-04,0,4.696158869479139e-06,1.0
0000882291,AEMD,2022-10-05,0,4.696158869479139e-06,1.0
0000882291,AEMD,2022-10-06,0,4.696158869479139e-06,1.0
0000882291,AEMD,2022-10-07,0,4.696158869479139e-06,1.0
0000882291,AEMD,2022-10-10,0,4.696158869479139e-06,1.0
0000882291,AEMD,2022-10-11,0,4.696158869479139e-06,1.0
0000882291,AEMD,2022-10-12,0,4.696158869479139e-06,1.0
0000882291,AEMD,2022-10-13,0,4.696158869479139e-06,1.0
0000882291,AEMD,2022-10-14,0,4.696158869479139e-06,1.0
0000882291,AEMD,2022-10-17,0,5.10837466944043e-06,1.0
0000882291,AEMD,2022-10-18,0,5.10837466944043e-06,1.0
0000882291,AEMD,2022-10-19,0,5.10837466944043e-06,1.0
0000882291,AEMD,2022-10-20,0,5.10837466944043e-06,1.0
0000882291,AEMD,2022-10-21,0,5.10837466944043e-06,1.0
0000882291,AEMD,2022-10-24,0,5.10837466944043e-06,1.0
0000882291,AEMD,2022-10-25,0,5.10837466944043e-06,1.0
0000882291,AEMD,2022-10-26,0,1.2935266300988675e-05,1.0
0000882291,AEMD,2022-10-27,0,1.2935266300988675e-05,1.0
0000882291,AEMD,2022-10-28,0,1.2935266300988675e-05,1.0
0000882291,AEMD,2022-10-31,0,1.2935266300988675e-05,1.0
0000882291,AEMD,2022-11-01,0,1.2935266300988675e-05,1.0
0000882291,AEMD,2022-11-02,0,1.2935266300988675e-05,1.0
0000882291,AEMD,2022-11-03,0,1.2935266300988675e-05,1.0
0000882291,AEMD,2022-11-04,0,1.2935266300988675e-05,1.0
0000882291,AEMD,2022-11-07,0,1.2935266300988675e-05,1.0
0000882291,AEMD,2022-11-08,0,1.501205497017724e-05,1.0
0000882291,AEMD,2022-11-09,0,1.501205497017724e-05,1.0
0000882291,AEMD,2022-11-10,0,1.501205497017724e-05,1.0
0000882291,AEMD,2022-11-11,0,1.501205497017724e-05,1.0
0000882291,AEMD,2022-11-14,0,1.501205497017724e-05,1.0
0000882291,AEMD,2022-11-15,0,1.2256799057778213e-05,1.0
0000882291,AEMD,2022-11-16,0,1.2256799057778213e-05,1.0
0000882291,AEMD,2022-11-17,0,1.2256799057778213e-05,1.0
0000882291,AEMD,2022-11-18,0,1.2256799057778213e-05,1.0
0000882291,AEMD,2022-11-21,0,1.2256799057778213e-05,1.0
0000882291,AEMD,2022-11-22,0,1.2256799057778213e-05,1.0
0000882291,AEMD,2022-11-23,0,1.2256799057778213e-05,1.0
0000882291,AEMD,2022-11-24,0,1.2256799057778213e-05,1.0
0000882291,AEMD,2022-11-25,0,1.2256799057778213e-05,1.0
0000882291,AEMD,2022-11-28,0,1.2256799057778213e-05,1.0
0000882291,AEMD,2022-11-29,0,1.2256799057778213e-05,1.0
0000882291,AEMD,2022-11-30,0,1.2256799057778213e-05,1.0
0000882291,AEMD,2022-12-01,0,1.2256799057778213e-05,1.0
0000882291,AEMD,2022-12-02,0,1.2256799057778213e-05,1.0
0000882291,AEMD,2022-12-05,0,1.2256799057778213e-05,1.0
0000882291,AEMD,2022-12-06,0,1.2256799057778213e-05,1.0
0000882291,AEMD,2022-12-07,0,1.2256799057778213e-05,1.0
0000882291,AEMD,2022-12-08,0,1.2256799057778213e-05,1.0
0000882291,AEMD,2022-12-09,0,1.2256799057778213e-05,1.0
0000882291,AEMD,2022-12-12,0,1.2256799057778213e-05,1.0
0000882291,AEMD,2022-12-13,0,1.2256799057778213e-05,1.0
0000882291,AEMD,2022-12-14,0,1.2256799057778213e-05,1.0
0000882291,AEMD,2022-12-15,0,1.3010270760374453e-05,1.0
0000882291,AEMD,2022-12-16,0,1.3010270760374453e-05,1.0
0000882291,AEMD,2022-12-19,0,1.3010270760374453e-05,1.0
0000882291,AEMD,2022-12-20,0,1.3010270760374453e-05,1.0
0000882291,AEMD,2022-12-21,0,1.3010270760374453e-05,1.0
0000882291,AEMD,2022-12-22,0,1.3010270760374453e-05,1.0
0000882291,AEMD,2022-12-23,0,1.3010270760374453e-05,1.0
0000882291,AEMD,2022-12-26,0,1.235635179856171e-05,1.0
0000882291,AEMD,2022-12-27,0,1.235635179856171e-05,1.0
0000882291,AEMD,2022-12-28,0,1.235635179856171e-05,1.0
0000882291,AEMD,2022-12-29,0,1.235635179856171e-05,1.0
0000882291,AEMD,2022-12-30,0,1.235635179856171e-05,1.0
0000882291,AEMD,2023-01-02,0,1.235635179856171e-05,1.0
0000882291,AEMD,2023-01-03,0,1.235635179856171e-05,1.0
0000882291,AEMD,2023-01-04,0,1.235635179856171e-05,1.0
0000882291,AEMD,2023-01-05,0,1.235635179856171e-05,1.0
0000882291,AEMD,2023-01-06,0,1.235635179856171e-05,1.0
0000882291,AEMD,2023-01-09,0,1.235635179856171e-05,1.0
0000882291,AEMD,2023-01-10,0,1.235635179856171e-05,1.0
0000882291,AEMD,2023-01-11,0,1.235635179856171e-05,1.0
0000882291,AEMD,2023-01-12,0,1.235635179856171e-05,1.0
0000882291,AEMD,2023-01-13,0,1.235635179856171e-05,1.0
0000882291,AEMD,2023-01-16,0,5.2935830373782915e-06,1.0
0000882291,AEMD,2023-01-17,0,5.2935830373782915e-06,1.0
0000882291,AEMD,2023-01-18,0,5.2935830373782915e-06,1.0
0000882291,AEMD,2023-01-19,0,5.2935830373782915e-06,1.0
0000882291,AEMD,2023-01-20,0,5.2935830373782915e-06,1.0
0000882291,AEMD,2023-01-23,0,5.2935830373782915e-06,1.0
0000882291,AEMD,2023-01-24,0,4.001930648388528e-06,1.0
0000882291,AEMD,2023-01-25,0,4.001930648388528e-06,1.0
0000882291,AEMD,2023-01-26,0,4.001930648388528e-06,1.0
0000882291,AEMD,2023-01-27,0,4.001930648388528e-06,1.0
0000882291,AEMD,2023-01-30,0,4.001930648388528e-06,1.0
0000882291,AEMD,2023-01-31,0,4.001930648388528e-06,1.0
0000882291,AEMD,2023-02-01,0,4.001930648388528e-06,1.0
0000882291,AEMD,2023-02-02,0,4.001930648388528e-06,1.0
0000882291,AEMD,2023-02-03,0,4.001930648388528e-06,1.0
0000882291,AEMD,2023-02-06,0,3.979732628463972e-06,1.0
0000882291,AEMD,2023-02-07,0,3.979732628463972e-06,1.0
0000882291,AEMD,2023-02-08,0,3.979732628463972e-06,1.0
0000882291,AEMD,2023-02-09,0,3.979732628463972e-06,1.0
0000882291,AEMD,2023-02-10,0,3.979732628463972e-06,1.0
0000882291,AEMD,2023-02-13,0,4.61044556667055e-06,1.0
0000882291,AEMD,2023-02-14,0,3.7538235966518427e-06,1.0
0000882291,AEMD,2023-02-15,0,3.7538235966518427e-06,1.0
0000882291,AEMD,2023-02-16,0,3.7538235966518427e-06,1.0
0000882291,AEMD,2023-02-17,0,3.7538235966518427e-06,1.0
0000882291,AEMD,2023-02-20,0,3.7538235966518427e-06,1.0
0000882291,AEMD,2023-02-21,0,3.7538235966518427e-06,1.0
0000882291,AEMD,2023-02-22,0,3.7538235966518427e-06,1.0
0000882291,AEMD,2023-02-23,0,3.7538235966518427e-06,1.0
0000882291,AEMD,2023-02-24,0,3.7538235966518427e-06,1.0
0000882291,AEMD,2023-02-27,0,3.7538235966518427e-06,1.0
0000882291,AEMD,2023-02-28,0,3.7538235966518427e-06,1.0
0000882291,AEMD,2023-03-01,0,3.7538235966518427e-06,1.0
0000882291,AEMD,2023-03-02,0,3.7538235966518427e-06,1.0
0000882291,AEMD,2023-03-03,0,3.7538235966518427e-06,1.0
0000882291,AEMD,2023-03-06,0,3.7538235966518427e-06,1.0
0000882291,AEMD,2023-03-07,0,3.7538235966518427e-06,1.0
0000882291,AEMD,2023-03-08,0,3.7538235966518427e-06,1.0
0000882291,AEMD,2023-03-09,0,3.7538235966518427e-06,1.0
0000882291,AEMD,2023-03-10,0,3.7538235966518427e-06,1.0
0000882291,AEMD,2023-03-13,0,3.7538235966518427e-06,1.0
0000882291,AEMD,2023-03-14,0,3.7538235966518427e-06,1.0
0000882291,AEMD,2023-03-15,0,3.7538235966518427e-06,1.0
0000882291,AEMD,2023-03-16,0,3.7538235966518427e-06,1.0
0000882291,AEMD,2023-03-17,0,3.9974583737257225e-06,1.0
0000882291,AEMD,2023-03-20,0,3.9974583737257225e-06,1.0
0000882291,AEMD,2023-03-21,0,3.9974583737257225e-06,1.0
0000882291,AEMD,2023-03-22,0,3.9974583737257225e-06,1.0
0000882291,AEMD,2023-03-23,0,3.9974583737257225e-06,1.0
0000882291,AEMD,2023-03-24,0,3.9974583737257225e-06,1.0
0000882291,AEMD,2023-03-27,0,3.9974583737257225e-06,1.0
0000882291,AEMD,2023-03-28,0,3.9974583737257225e-06,1.0
0000882291,AEMD,2023-03-29,0,3.9974583737257225e-06,1.0
0000882291,AEMD,2023-03-30,0,3.9974583737257225e-06,1.0
0000882291,AEMD,2023-03-31,0,3.9974583737257225e-06,1.0
0000882291,AEMD,2023-04-03,0,3.9974583737257225e-06,1.0
0000882291,AEMD,2023-04-04,0,3.9974583737257225e-06,1.0
0000882291,AEMD,2023-04-05,0,3.9974583737257225e-06,1.0
0000882291,AEMD,2023-04-06,0,3.9974583737257225e-06,1.0
0000882291,AEMD,2023-04-07,0,3.9974583737257225e-06,1.0
0000882291,AEMD,2023-04-10,0,3.9974583737257225e-06,1.0
0000882291,AEMD,2023-04-11,0,3.9974583737257225e-06,1.0
0000882291,AEMD,2023-04-12,0,3.9974583737257225e-06,1.0
0000882291,AEMD,2023-04-13,0,3.9974583737257225e-06,1.0
0000882291,AEMD,2023-04-14,0,3.9974583737257225e-06,1.0
0000882291,AEMD,2023-04-17,0,3.9974583737257225e-06,1.0
0000882291,AEMD,2023-04-18,0,3.9974583737257225e-06,1.0
0000882291,AEMD,2023-04-19,0,3.9974583737257225e-06,1.0
0000882291,AEMD,2023-04-20,0,3.9974583737257225e-06,1.0
0000882291,AEMD,2023-04-21,0,3.9974583737257225e-06,1.0
0000882291,AEMD,2023-04-24,0,3.9974583737257225e-06,1.0
0000882291,AEMD,2023-04-25,0,3.9974583737257225e-06,1.0
0000882291,AEMD,2023-04-26,0,3.9974583737257225e-06,1.0
0000882291,AEMD,2023-04-27,0,3.9974583737257225e-06,1.0
0000882291,AEMD,2023-04-28,0,3.9974583737257225e-06,1.0
0000882291,AEMD,2023-05-01,0,3.9974583737257225e-06,1.0
0000882291,AEMD,2023-05-02,0,3.9974583737257225e-06,1.0
0000882291,AEMD,2023-05-03,0,3.9974583737257225e-06,1.0
0000882291,AEMD,2023-05-04,0,3.9974583737257225e-06,1.0
0000882291,AEMD,2023-05-05,0,3.9974583737257225e-06,1.0
0000882291,AEMD,2023-05-08,0,3.9974583737257225e-06,1.0
0000882291,AEMD,2023-05-09,0,3.9974583737257225e-06,1.0
0000882291,AEMD,2023-05-10,0,3.9974583737257225e-06,1.0
0000882291,AEMD,2023-05-11,0,3.9974583737257225e-06,1.0
0000882291,AEMD,2023-05-12,0,3.9974583737257225e-06,1.0
0000882291,AEMD,2023-05-15,0,3.979307485823781e-06,1.0
0000882291,AEMD,2023-05-16,0,4.60583425515371e-06,1.0
0000882291,AEMD,2023-05-17,0,4.60583425515371e-06,1.0
0000882291,AEMD,2023-05-18,0,4.60583425515371e-06,1.0
0000882291,AEMD,2023-05-19,0,4.60583425515371e-06,1.0
0000882291,AEMD,2023-05-22,0,4.60583425515371e-06,1.0
0000882291,AEMD,2023-05-23,0,4.60583425515371e-06,1.0
0000882291,AEMD,2023-05-24,0,4.60583425515371e-06,1.0
0000882291,AEMD,2023-05-25,0,4.60583425515371e-06,1.0
0000882291,AEMD,2023-05-26,0,4.60583425515371e-06,1.0
0000882291,AEMD,2023-05-29,0,4.60583425515371e-06,1.0
0000882291,AEMD,2023-05-30,0,4.60583425515371e-06,1.0
0000882291,AEMD,2023-05-31,0,4.60583425515371e-06,1.0
0000882291,AEMD,2023-06-01,0,4.60583425515371e-06,1.0
0000882291,AEMD,2023-06-02,0,4.60583425515371e-06,1.0
0000882291,AEMD,2023-06-05,0,4.60583425515371e-06,1.0
0000882291,AEMD,2023-06-06,0,4.60583425515371e-06,1.0
0000882291,AEMD,2023-06-07,0,4.60583425515371e-06,1.0
0000882291,AEMD,2023-06-08,0,4.60583425515371e-06,1.0
0000882291,AEMD,2023-06-09,0,4.60583425515371e-06,1.0
0000882291,AEMD,2023-06-12,0,4.60583425515371e-06,1.0
0000882291,AEMD,2023-06-13,0,4.60583425515371e-06,1.0
0000882291,AEMD,2023-06-14,0,4.60583425515371e-06,1.0
0000882291,AEMD,2023-06-15,0,4.60583425515371e-06,1.0
0000882291,AEMD,2023-06-16,0,4.60583425515371e-06,1.0
0000882291,AEMD,2023-06-19,0,4.60583425515371e-06,1.0
0000882291,AEMD,2023-06-20,0,4.60583425515371e-06,1.0
0000882291,AEMD,2023-06-21,0,4.60583425515371e-06,1.0
0000882291,AEMD,2023-06-22,0,4.60583425515371e-06,1.0
0000882291,AEMD,2023-06-23,0,4.60583425515371e-06,1.0
0000882291,AEMD,2023-06-26,0,4.60583425515371e-06,1.0
0000882291,AEMD,2023-06-27,0,4.60583425515371e-06,1.0
0000882291,AEMD,2023-06-28,0,4.60583425515371e-06,1.0
0000882291,AEMD,2023-06-29,0,4.834637714332968e-08,1.0
0000882291,AEMD,2023-06-30,0,4.834637714332968e-08,1.0
0000882291,AEMD,2023-07-03,0,4.834637714332968e-08,1.0
0000882291,AEMD,2023-07-04,0,4.834637714332968e-08,1.0
0000882291,AEMD,2023-07-05,0,4.834637714332968e-08,1.0
0000882291,AEMD,2023-07-06,0,4.834637714332968e-08,1.0
0000882291,AEMD,2023-07-07,0,4.834637714332968e-08,1.0
0000882291,AEMD,2023-07-10,0,4.834637714332968e-08,1.0
0000882291,AEMD,2023-07-11,0,4.834637714332968e-08,1.0
0000882291,AEMD,2023-07-12,0,4.834637714332968e-08,1.0
0000882291,AEMD,2023-07-13,0,4.834637714332968e-08,1.0
0000882291,AEMD,2023-07-14,0,4.834637714332968e-08,1.0
0000882291,AEMD,2023-07-17,0,4.834637714332968e-08,1.0
0000882291,AEMD,2023-07-18,0,2.6355062915433998e-08,1.0
0000882291,AEMD,2023-07-19,0,2.6355062915433998e-08,1.0
0000882291,AEMD,2023-07-20,0,2.6355062915433998e-08,1.0
0000882291,AEMD,2023-07-21,0,2.6355062915433998e-08,1.0
0000882291,AEMD,2023-07-24,0,2.6355062915433998e-08,1.0
0000882291,AEMD,2023-07-25,0,2.6355062915433998e-08,1.0
0000882291,AEMD,2023-07-26,0,2.6355062915433998e-08,1.0
0000882291,AEMD,2023-07-27,0,2.6355062915433998e-08,1.0
0000882291,AEMD,2023-07-28,0,1.4366936580773578e-08,1.0
0000882291,AEMD,2023-07-31,0,4.235379275768168e-08,1.0
0000882291,AEMD,2023-08-01,0,4.235379275768168e-08,1.0
0000882291,AEMD,2023-08-02,0,4.235379275768168e-08,1.0
0000882291,AEMD,2023-08-03,0,4.235379275768168e-08,1.0
0000882291,AEMD,2023-08-04,0,4.235379275768168e-08,1.0
0000882291,AEMD,2023-08-07,0,4.235379275768168e-08,1.0
0000882291,AEMD,2023-08-08,0,4.235379275768168e-08,1.0
0000882291,AEMD,2023-08-09,0,4.235379275768168e-08,1.0
0000882291,AEMD,2023-08-10,0,4.235379275768168e-08,1.0
0000882291,AEMD,2023-08-11,0,3.930094429885119e-08,1.0
0000882291,AEMD,2023-08-14,0,3.914228123976082e-08,1.0
0000882291,AEMD,2023-08-15,0,3.914228123976082e-08,1.0
0000882291,AEMD,2023-08-16,0,3.914228123976082e-08,1.0
0000882291,AEMD,2023-08-17,0,5.127022858791053e-08,1.0
0000882291,AEMD,2023-08-18,0,5.127022858791053e-08,1.0
0000882291,AEMD,2023-08-21,0,5.127022858791053e-08,1.0
0000882291,AEMD,2023-08-22,0,5.127022858791053e-08,1.0
0000882291,AEMD,2023-08-23,0,5.127022858791053e-08,1.0
0000882291,AEMD,2023-08-24,0,5.127022858791053e-08,1.0
0000882291,AEMD,2023-08-25,0,5.127022858791053e-08,1.0
0000882291,AEMD,2023-08-28,0,3.078704776046855e-07,1.0
0000882291,AEMD,2023-08-29,0,3.078704776046855e-07,1.0
0000882291,AEMD,2023-08-30,0,3.078704776046855e-07,1.0
0000882291,AEMD,2023-08-31,0,3.078704776046855e-07,1.0
0000882291,AEMD,2023-09-01,0,3.078704776046855e-07,1.0
0000882291,AEMD,2023-09-04,0,3.078704776046855e-07,1.0
0000882291,AEMD,2023-09-05,0,3.078704776046855e-07,1.0
0000882291,AEMD,2023-09-06,0,3.078704776046855e-07,1.0
0000882291,AEMD,2023-09-07,0,3.078704776046855e-07,1.0
0000882291,AEMD,2023-09-08,0,3.078704776046855e-07,1.0
0000882291,AEMD,2023-09-11,0,3.3103966293433163e-07,1.0
0000882291,AEMD,2023-09-12,0,3.3103966293433163e-07,1.0
0000882291,AEMD,2023-09-13,0,3.3103966293433163e-07,1.0
0000882291,AEMD,2023-09-14,0,3.3103966293433163e-07,1.0
0000882291,AEMD,2023-09-15,0,3.3103966293433163e-07,1.0
0000882291,AEMD,2023-09-18,0,3.3103966293433163e-07,1.0
0000882291,AEMD,2023-09-19,0,3.3103966293433163e-07,1.0
0000882291,AEMD,2023-09-20,0,3.3103966293433163e-07,1.0
0000882291,AEMD,2023-09-21,0,3.3103966293433163e-07,1.0
0000882291,AEMD,2023-09-22,0,3.3103966293433163e-07,1.0
0000882291,AEMD,2023-09-25,0,3.3103966293433163e-07,1.0
0000882291,AEMD,2023-09-26,0,3.3103966293433163e-07,1.0
0000882291,AEMD,2023-09-27,0,7.879313578015341e-07,1.0
0000882291,AEMD,2023-09-28,0,7.879313578015341e-07,1.0
0000882291,AEMD,2023-09-29,0,7.879313578015341e-07,1.0
0000882291,AEMD,2023-10-02,0,7.879313578015341e-07,1.0
0000882291,AEMD,2023-10-03,0,7.879313578015341e-07,1.0
0000882291,AEMD,2023-10-04,0,7.879313578015341e-07,1.0
0000882291,AEMD,2023-10-05,0,7.879313578015341e-07,1.0
0000882291,AEMD,2023-10-06,0,7.879313578015341e-07,1.0
0000882291,AEMD,2023-10-09,0,7.879313578015341e-07,1.0
0000882291,AEMD,2023-10-10,0,7.879313578015341e-07,1.0
0000882291,AEMD,2023-10-11,0,7.879313578015341e-07,1.0
0000882291,AEMD,2023-10-12,0,7.879313578015341e-07,1.0
0000882291,AEMD,2023-10-13,0,7.879313578015341e-07,1.0
0000882291,AEMD,2023-10-16,0,1.0818527727181717e-06,1.0
0000882291,AEMD,2023-10-17,0,1.0818527727181717e-06,1.0
0000882291,AEMD,2023-10-18,0,1.0818527727181717e-06,1.0
0000882291,AEMD,2023-10-19,0,1.0818527727181717e-06,1.0
0000882291,AEMD,2023-10-20,0,1.0818527727181717e-06,1.0
0000882291,AEMD,2023-10-23,0,1.0818527727181717e-06,1.0
0000882291,AEMD,2023-10-24,0,1.0818527727181717e-06,1.0
0000882291,AEMD,2023-10-25,0,1.0818527727181717e-06,1.0
0000882291,AEMD,2023-10-26,0,2.2800368247843694e-06,1.0
0000882291,AEMD,2023-10-27,0,2.2800368247843694e-06,1.0
0000882291,AEMD,2023-10-30,0,2.2800368247843694e-06,1.0
0000882291,AEMD,2023-10-31,0,2.2800368247843694e-06,1.0
0000882291,AEMD,2023-11-01,0,2.2800368247843694e-06,1.0
0000882291,AEMD,2023-11-02,0,2.2800368247843694e-06,1.0
0000882291,AEMD,2023-11-03,0,2.2800368247843694e-06,1.0
0000882291,AEMD,2023-11-06,0,2.2800368247843694e-06,1.0
0000882291,AEMD,2023-11-07,0,2.2800368247843694e-06,1.0
0000882291,AEMD,2023-11-08,0,2.2800368247843694e-06,1.0
0000882291,AEMD,2023-11-09,0,2.631953377471105e-06,1.0
0000882291,AEMD,2023-11-10,0,2.631953377471105e-06,1.0
0000882291,AEMD,2023-11-13,0,2.631953377471105e-06,1.0
0000882291,AEMD,2023-11-14,0,2.631953377471105e-06,1.0
0000882291,AEMD,2023-11-15,0,2.1251696135591453e-06,1.0
0000882291,AEMD,2023-11-16,0,2.1251696135591453e-06,1.0
0000882291,AEMD,2023-11-17,0,2.1251696135591453e-06,1.0
0000882291,AEMD,2023-11-20,0,2.1251696135591453e-06,1.0
0000882291,AEMD,2023-11-21,0,2.1251696135591453e-06,1.0
0000882291,AEMD,2023-11-22,0,2.1251696135591453e-06,1.0
0000882291,AEMD,2023-11-23,0,2.1251696135591453e-06,1.0
0000882291,AEMD,2023-11-24,0,2.1251696135591453e-06,1.0
0000882291,AEMD,2023-11-27,0,2.1251696135591453e-06,1.0
0000882291,AEMD,2023-11-28,0,2.1251696135591453e-06,1.0
0000882291,AEMD,2023-11-29,0,2.1251696135591453e-06,1.0
0000882291,AEMD,2023-11-30,0,2.1251696135591453e-06,1.0
0000882291,AEMD,2023-12-01,0,2.1251696135591453e-06,1.0
0000882291,AEMD,2023-12-04,0,2.1251696135591453e-06,1.0
0000882291,AEMD,2023-12-05,0,2.1251696135591453e-06,1.0
0000882291,AEMD,2023-12-06,0,2.1251696135591453e-06,1.0
0000882291,AEMD,2023-12-07,0,2.1251696135591453e-06,1.0
0000882291,AEMD,2023-12-08,0,2.1251696135591453e-06,1.0
0000882291,AEMD,2023-12-11,0,2.1251696135591453e-06,1.0
0000882291,AEMD,2023-12-12,0,2.1251696135591453e-06,1.0
0000882291,AEMD,2023-12-13,0,2.1251696135591453e-06,1.0
0000882291,AEMD,2023-12-14,0,2.1251696135591453e-06,1.0
0000882291,AEMD,2023-12-15,0,2.2851016499192377e-06,1.0
0000882291,AEMD,2023-12-18,0,2.2851016499192377e-06,1.0
0000882291,AEMD,2023-12-19,0,2.2851016499192377e-06,1.0
0000882291,AEMD,2023-12-20,0,2.2851016499192377e-06,1.0
0000882291,AEMD,2023-12-21,0,2.2851016499192377e-06,1.0
0000882291,AEMD,2023-12-22,0,2.2851016499192377e-06,1.0
0000882291,AEMD,2023-12-25,0,2.2851016499192377e-06,1.0
0000882291,AEMD,2023-12-26,0,2.866347876961222e-06,1.0
0000882291,AEMD,2023-12-27,0,2.866347876961222e-06,1.0
0000882291,AEMD,2023-12-28,0,2.866347876961222e-06,1.0
0000882291,AEMD,2023-12-29,0,2.866347876961222e-06,1.0
0000882291,AEMD,2024-01-01,0,2.866347876961222e-06,1.0
0000882291,AEMD,2024-01-02,0,2.866347876961222e-06,1.0
0000882291,AEMD,2024-01-03,0,2.866347876961222e-06,1.0
0000882291,AEMD,2024-01-04,0,2.866347876961222e-06,1.0
0000882291,AEMD,2024-01-05,0,2.866347876961222e-06,1.0
0000882291,AEMD,2024-01-08,0,2.866347876961222e-06,1.0
0000882291,AEMD,2024-01-09,0,2.866347876961222e-06,1.0
0000882291,AEMD,2024-01-10,0,2.866347876961222e-06,1.0
0000882291,AEMD,2024-01-11,0,2.866347876961222e-06,1.0
0000882291,AEMD,2024-01-12,0,2.866347876961222e-06,1.0
0000882291,AEMD,2024-01-15,0,2.9154778913144176e-06,1.0
0000882291,AEMD,2024-01-16,0,2.9154778913144176e-06,1.0
0000882291,AEMD,2024-01-17,0,2.9154778913144176e-06,1.0
0000882291,AEMD,2024-01-18,0,2.9154778913144176e-06,1.0
0000882291,AEMD,2024-01-19,0,2.9154778913144176e-06,1.0
0000882291,AEMD,2024-01-22,0,2.9154778913144176e-06,1.0
0000882291,AEMD,2024-01-23,0,2.9154778913144176e-06,1.0
0000882291,AEMD,2024-01-24,0,3.9482284331725845e-06,1.0
0000882291,AEMD,2024-01-25,0,3.9482284331725845e-06,1.0
0000882291,AEMD,2024-01-26,0,3.9482284331725845e-06,1.0
0000882291,AEMD,2024-01-29,0,3.9482284331725845e-06,1.0
0000882291,AEMD,2024-01-30,0,3.9482284331725845e-06,1.0
0000882291,AEMD,2024-01-31,0,3.9482284331725845e-06,1.0
0000882291,AEMD,2024-02-01,0,3.9482284331725845e-06,1.0
0000882291,AEMD,2024-02-02,0,3.9482284331725845e-06,1.0
0000882291,AEMD,2024-02-05,0,3.9482284331725845e-06,1.0
0000882291,AEMD,2024-02-06,0,3.9482284331725845e-06,1.0
0000882291,AEMD,2024-02-07,0,3.938258720018828e-06,1.0
0000882291,AEMD,2024-02-08,0,3.938258720018828e-06,1.0
0000882291,AEMD,2024-02-09,0,3.938258720018828e-06,1.0
0000882291,AEMD,2024-02-12,0,3.938258720018828e-06,1.0
0000882291,AEMD,2024-02-13,0,4.546115472310879e-06,1.0
0000882291,AEMD,2024-02-14,0,4.546115472310879e-06,1.0
0000882291,AEMD,2024-02-15,0,3.6707603201008424e-06,1.0
0000882291,AEMD,2024-02-16,0,3.6707603201008424e-06,1.0
0000882291,AEMD,2024-02-19,0,3.6707603201008424e-06,1.0
0000882291,AEMD,2024-02-20,0,3.6707603201008424e-06,1.0
0000882291,AEMD,2024-02-21,0,3.6707603201008424e-06,1.0
0000882291,AEMD,2024-02-22,0,3.6707603201008424e-06,1.0
0000882291,AEMD,2024-02-23,0,3.6707603201008424e-06,1.0
0000882291,AEMD,2024-02-26,0,3.6707603201008424e-06,1.0
0000882291,AEMD,2024-02-27,0,3.6707603201008424e-06,1.0
0000882291,AEMD,2024-02-28,0,3.6707603201008424e-06,1.0
0000882291,AEMD,2024-02-29,0,3.6707603201008424e-06,1.0
0000882291,AEMD,2024-03-01,0,3.6707603201008424e-06,1.0
0000882291,AEMD,2024-03-04,0,3.6707603201008424e-06,1.0
0000882291,AEMD,2024-03-05,0,3.6707603201008424e-06,1.0
0000882291,AEMD,2024-03-06,0,3.6707603201008424e-06,1.0
0000882291,AEMD,2024-03-07,0,3.6707603201008424e-06,1.0
0000882291,AEMD,2024-03-08,0,3.6707603201008424e-06,1.0
0000882291,AEMD,2024-03-11,0,3.6707603201008424e-06,1.0
0000882291,AEMD,2024-03-12,0,3.6707603201008424e-06,1.0
0000882291,AEMD,2024-03-13,0,3.6707603201008424e-06,1.0
0000882291,AEMD,2024-03-14,0,3.6707603201008424e-06,1.0
0000882291,AEMD,2024-03-15,0,3.6707603201008424e-06,1.0
0000882291,AEMD,2024-03-18,0,3.947007069337803e-06,1.0
0000882291,AEMD,2024-03-19,0,3.947007069337803e-06,1.0
0000882291,AEMD,2024-03-20,0,3.947007069337803e-06,1.0
0000882291,AEMD,2024-03-21,0,3.947007069337803e-06,1.0
0000882291,AEMD,2024-03-22,0,3.947007069337803e-06,1.0
0000882291,AEMD,2024-03-25,0,0.0005609593372493142,1.0
0000882291,AEMD,2024-03-26,0,0.0005609593372493142,1.0
0000882291,AEMD,2024-03-27,0,0.0005609593372493142,1.0
0000882291,AEMD,2024-03-28,0,0.0005609593372493142,1.0
0000882291,AEMD,2024-03-29,0,0.0005609593372493142,1.0
0000882291,AEMD,2024-04-01,0,0.0005609593372493142,1.0
0000882291,AEMD,2024-04-02,0,0.0005609593372493142,1.0
0000882291,AEMD,2024-04-03,0,0.0005609593372493142,1.0
0000882291,AEMD,2024-04-04,0,0.0005609593372493142,1.0
0000882291,AEMD,2024-04-05,0,0.0005609593372493142,1.0
0000882291,AEMD,2024-04-08,0,0.0005609593372493142,1.0
0000882291,AEMD,2024-04-09,0,0.0005609593372493142,1.0
0000882291,AEMD,2024-04-10,0,0.0005609593372493142,1.0
0000882291,AEMD,2024-04-11,0,0.0005609593372493142,1.0
0000882291,AEMD,2024-04-12,0,0.0005609593372493142,1.0
0000882291,AEMD,2024-04-15,0,0.0005609593372493142,1.0
0000882291,AEMD,2024-04-16,0,0.0005609593372493142,1.0
0000882291,AEMD,2024-04-17,0,0.0005609593372493142,1.0
0000882291,AEMD,2024-04-18,0,0.0005609593372493142,1.0
0000882291,AEMD,2024-04-19,0,0.0005609593372493142,1.0
0000882291,AEMD,2024-04-22,0,0.0005609593372493142,1.0
0000882291,AEMD,2024-04-23,0,0.0005609593372493142,1.0
0000882291,AEMD,2024-04-24,0,0.0005008201020010455,1.0
0000882291,AEMD,2024-04-25,0,0.0005008201020010455,1.0
0000882291,AEMD,2024-04-26,0,0.0005008201020010455,1.0
0000882291,AEMD,2024-04-29,0,0.0005008201020010455,1.0
0000882291,AEMD,2024-04-30,0,0.0005008201020010455,1.0
0000882291,AEMD,2024-05-01,0,0.0005008201020010455,1.0
0000882291,AEMD,2024-05-02,0,0.0005008201020010455,1.0
0000882291,AEMD,2024-05-03,0,0.0005008201020010455,1.0
0000882291,AEMD,2024-05-06,0,0.0005008201020010455,1.0
0000882291,AEMD,2024-05-07,0,0.0005008201020010455,1.0
0000882291,AEMD,2024-05-08,0,0.0005008201020010455,1.0
0000882291,AEMD,2024-05-09,0,0.0005008201020010455,1.0
0000882291,AEMD,2024-05-10,0,0.0005008201020010455,1.0
0000882291,AEMD,2024-05-13,0,0.0005008201020010455,1.0
0000882291,AEMD,2024-05-14,0,0.0004995561026663622,1.0
0000882291,AEMD,2024-05-15,0,0.0004995561026663622,1.0
0000882291,AEMD,2024-05-16,0,0.000501792642304786,1.0
0000882291,AEMD,2024-05-17,0,0.000501792642304786,1.0
0000882291,AEMD,2024-05-20,0,0.00046693372948061594,1.0
0000882291,AEMD,2024-05-21,0,0.00046693372948061594,1.0
0000882291,AEMD,2024-05-22,0,0.00046693372948061594,1.0
0000882291,AEMD,2024-05-23,0,0.00046693372948061594,1.0
0000882291,AEMD,2024-05-24,0,0.00046693372948061594,1.0
0000882291,AEMD,2024-05-27,0,0.00046693372948061594,1.0
0000882291,AEMD,2024-05-28,0,0.00046693372948061594,1.0
0000882291,AEMD,2024-05-29,0,0.00046693372948061594,1.0
0000882291,AEMD,2024-05-30,0,0.00046693372948061594,1.0
0000882291,AEMD,2024-05-31,0,0.00046693372948061594,1.0
0000882291,AEMD,2024-06-03,0,0.00046693372948061594,1.0
0000882291,AEMD,2024-06-04,0,0.00046693372948061594,1.0
0000882291,AEMD,2024-06-05,0,0.00046693372948061594,1.0
0000882291,AEMD,2024-06-06,0,0.00046693372948061594,1.0
0000882291,AEMD,2024-06-07,0,0.00046693372948061594,1.0
0000882291,AEMD,2024-06-10,0,0.00046693372948061594,1.0
0000882291,AEMD,2024-06-11,0,0.00046693372948061594,1.0
0000882291,AEMD,2024-06-12,0,0.00046693372948061594,1.0
0000882291,AEMD,2024-06-13,0,0.00046693372948061594,1.0
0000882291,AEMD,2024-06-14,0,0.00046693372948061594,1.0
0000882291,AEMD,2024-06-17,0,0.00046693372948061594,1.0
0000882291,AEMD,2024-06-18,0,0.00046693372948061594,1.0
0000882291,AEMD,2024-06-19,0,0.0005004400789702266,1.0
0000882291,AEMD,2024-06-20,0,0.0005004400789702266,1.0
0000882291,AEMD,2024-06-21,0,0.0005004400789702266,1.0
0000882291,AEMD,2024-06-24,0,2.9261148910223985e-05,1.0
0000882291,AEMD,2024-06-25,0,2.9261148910223985e-05,1.0
0000882291,AEMD,2024-06-26,0,2.9261148910223985e-05,1.0
0000882291,AEMD,2024-06-27,0,2.9261148910223985e-05,1.0
0000882291,AEMD,2024-06-28,0,4.7091902588373615e-07,1.0
0000882291,AEMD,2024-07-01,0,4.7091902588373615e-07,1.0
0000882291,AEMD,2024-07-02,0,4.7091902588373615e-07,1.0
0000882291,AEMD,2024-07-03,0,4.7091902588373615e-07,1.0
0000882291,AEMD,2024-07-04,0,4.7091902588373615e-07,1.0
0000882291,AEMD,2024-07-05,0,4.7091902588373615e-07,1.0
0000882291,AEMD,2024-07-08,0,4.7091902588373615e-07,1.0
0000882291,AEMD,2024-07-09,0,4.7091902588373615e-07,1.0
0000882291,AEMD,2024-07-10,0,4.7091902588373615e-07,1.0
0000882291,AEMD,2024-07-11,0,4.7091902588373615e-07,1.0
0000882291,AEMD,2024-07-12,0,4.7091902588373615e-07,1.0
0000882291,AEMD,2024-07-15,0,4.7091902588373615e-07,1.0
0000882291,AEMD,2024-07-16,0,4.7091902588373615e-07,1.0
0000882291,AEMD,2024-07-17,0,4.7091902588373615e-07,1.0
0000882291,AEMD,2024-07-18,0,4.7091902588373615e-07,1.0
0000882291,AEMD,2024-07-19,0,4.7091902588373615e-07,1.0
0000882291,AEMD,2024-07-22,0,4.7091902588373615e-07,1.0
0000882291,AEMD,2024-07-23,0,4.7091902588373615e-07,1.0
0000882291,AEMD,2024-07-24,0,4.7091902588373615e-07,1.0
0000882291,AEMD,2024-07-25,0,4.7091902588373615e-07,1.0
0000882291,AEMD,2024-07-26,0,4.7091902588373615e-07,1.0
0000882291,AEMD,2024-07-29,0,5.933616036413486e-06,1.0
0000882291,AEMD,2024-07-30,0,5.933616036413486e-06,1.0
0000882291,AEMD,2024-07-31,0,5.933616036413486e-06,1.0
0000882291,AEMD,2024-08-01,0,5.933616036413486e-06,1.0
0000882291,AEMD,2024-08-02,0,5.933616036413486e-06,1.0
0000882291,AEMD,2024-08-05,0,5.933616036413486e-06,1.0
0000882291,AEMD,2024-08-06,0,5.933616036413486e-06,1.0
0000882291,AEMD,2024-08-07,0,5.933616036413486e-06,1.0
0000882291,AEMD,2024-08-08,0,5.933616036413486e-06,1.0
0000882291,AEMD,2024-08-09,0,5.933616036413486e-06,1.0
0000882291,AEMD,2024-08-12,0,5.933616036413486e-06,1.0
0000882291,AEMD,2024-08-13,0,5.933616036413486e-06,1.0
0000882291,AEMD,2024-08-14,0,5.918633029807746e-06,1.0
0000882291,AEMD,2024-08-15,0,5.6937571071287e-06,1.0
0000882291,AEMD,2024-08-16,0,0.0020689540652854307,1.0
0000882291,AEMD,2024-08-19,0,0.002080056861437069,1.0
0000882291,AEMD,2024-08-20,0,0.002080056861437069,1.0
0000882291,AEMD,2024-08-21,0,0.002080056861437069,1.0
0000882291,AEMD,2024-08-22,0,0.002080056861437069,1.0
0000882291,AEMD,2024-08-23,0,0.002080056861437069,1.0
0000882291,AEMD,2024-08-26,0,0.002080056861437069,1.0
0000882291,AEMD,2024-08-27,0,0.002080056861437069,1.0
0000882291,AEMD,2024-08-28,0,0.002080056861437069,1.0
0000882291,AEMD,2024-08-29,0,0.002080056861437069,1.0
0000882291,AEMD,2024-08-30,0,0.002080056861437069,1.0
0000882291,AEMD,2024-09-02,0,0.002080056861437069,1.0
0000882291,AEMD,2024-09-03,0,0.002080056861437069,1.0
0000882291,AEMD,2024-09-04,0,0.002080056861437069,1.0
0000882291,AEMD,2024-09-05,0,0.002080056861437069,1.0
0000882291,AEMD,2024-09-06,0,0.002080056861437069,1.0
0000882291,AEMD,2024-09-09,0,0.002080056861437069,1.0
0000882291,AEMD,2024-09-10,0,0.002080056861437069,1.0
0000882291,AEMD,2024-09-11,0,0.002080056861437069,1.0
0000882291,AEMD,2024-09-12,0,0.002080056861437069,1.0
0000882291,AEMD,2024-09-13,0,0.002080056861437069,1.0
0000882291,AEMD,2024-09-16,0,3.529004245501275e-05,1.0
0000882291,AEMD,2024-09-17,0,3.529004245501275e-05,1.0
0000882291,AEMD,2024-09-18,0,3.529004245501275e-05,1.0
0000882291,AEMD,2024-09-19,0,3.529004245501275e-05,1.0
0000882291,AEMD,2024-09-20,0,3.529004245501275e-05,1.0
0000882291,AEMD,2024-09-23,0,1.044354020239253e-05,1.0
0000882291,AEMD,2024-09-24,0,1.044354020239253e-05,1.0
0000882291,AEMD,2024-09-25,0,1.044354020239253e-05,1.0
0000882291,AEMD,2024-09-26,0,1.9815879100671e-05,1.0
0000882291,AEMD,2024-09-27,0,1.9815879100671e-05,1.0
0000882291,AEMD,2024-09-30,0,1.9815879100671e-05,1.0
0000882291,AEMD,2024-10-01,0,1.9815879100671e-05,1.0
0000882291,AEMD,2024-10-02,0,1.9815879100671e-05,1.0
0000882291,AEMD,2024-10-03,0,6.112305218814631e-06,1.0
0000882291,AEMD,2024-10-04,0,6.112305218814631e-06,1.0
0000882291,AEMD,2024-10-07,0,6.112305218814631e-06,1.0
0000882291,AEMD,2024-10-08,0,6.112305218814631e-06,1.0
0000882291,AEMD,2024-10-09,0,6.112305218814631e-06,1.0
0000882291,AEMD,2024-10-10,0,6.112305218814631e-06,1.0
0000882291,AEMD,2024-10-11,0,6.112305218814631e-06,1.0
0000882291,AEMD,2024-10-14,0,6.112305218814631e-06,1.0
0000882291,AEMD,2024-10-15,0,6.112305218814631e-06,1.0
0000882291,AEMD,2024-10-16,0,6.112305218814631e-06,1.0
0000882291,AEMD,2024-10-17,0,6.112305218814631e-06,1.0
0000882291,AEMD,2024-10-18,0,6.112305218814631e-06,1.0
0000882291,AEMD,2024-10-21,0,6.112305218814631e-06,1.0
0000882291,AEMD,2024-10-22,0,6.112305218814631e-06,1.0
0000882291,AEMD,2024-10-23,0,6.112305218814631e-06,1.0
0000882291,AEMD,2024-10-24,0,6.112305218814631e-06,1.0
0000882291,AEMD,2024-10-25,0,6.112305218814631e-06,1.0
0000882291,AEMD,2024-10-28,0,6.112305218814631e-06,1.0
0000882291,AEMD,2024-10-29,0,6.112305218814631e-06,1.0
0000882291,AEMD,2024-10-30,0,6.112305218814631e-06,1.0
0000882291,AEMD,2024-10-31,0,6.112305218814631e-06,1.0
0000882291,AEMD,2024-11-01,0,6.112305218814631e-06,1.0
0000882291,AEMD,2024-11-04,0,1.7405715706171456e-05,1.0
0000882291,AEMD,2024-11-05,0,1.7405715706171456e-05,1.0
0000882291,AEMD,2024-11-06,0,1.7405715706171456e-05,1.0
0000882291,AEMD,2024-11-07,0,1.7405715706171456e-05,1.0
0000882291,AEMD,2024-11-08,0,1.7405715706171456e-05,1.0
0000882291,AEMD,2024-11-11,0,1.7405715706171456e-05,1.0
0000882291,AEMD,2024-11-12,0,1.7405715706171456e-05,1.0
0000882291,AEMD,2024-11-13,0,2.032701837988351e-05,1.0
0000882291,AEMD,2024-11-14,0,1.3026079176617577e-05,1.0
0000882291,AEMD,2024-11-15,0,1.3026079176617577e-05,1.0
0000882291,AEMD,2024-11-18,0,1.2986618759749498e-05,1.0
0000882291,AEMD,2024-11-19,0,1.2986618759749498e-05,1.0
0000882291,AEMD,2024-11-20,0,1.2986618759749498e-05,1.0
0000882291,AEMD,2024-11-21,0,1.2986618759749498e-05,1.0
0000882291,AEMD,2024-11-22,0,1.2986618759749498e-05,1.0
0000882291,AEMD,2024-11-25,0,1.2986618759749498e-05,1.0
0000882291,AEMD,2024-11-26,0,1.2986618759749498e-05,1.0
0000882291,AEMD,2024-11-27,0,1.2986618759749498e-05,1.0
0000882291,AEMD,2024-11-28,0,1.2986618759749498e-05,1.0
0000882291,AEMD,2024-11-29,0,1.2986618759749498e-05,1.0
0000882291,AEMD,2024-12-02,0,1.2986618759749498e-05,1.0
0000882291,AEMD,2024-12-03,0,1.2986618759749498e-05,1.0
0000882291,AEMD,2024-12-04,0,1.2986618759749498e-05,1.0
0000882291,AEMD,2024-12-05,0,1.2986618759749498e-05,1.0
0000882291,AEMD,2024-12-06,0,1.2986618759749498e-05,1.0
0000882291,AEMD,2024-12-09,0,1.2986618759749498e-05,1.0
0000882291,AEMD,2024-12-10,0,1.2986618759749498e-05,1.0
0000882291,AEMD,2024-12-11,0,1.2986618759749498e-05,1.0
0000882291,AEMD,2024-12-12,0,1.2986618759749498e-05,1.0
0000882291,AEMD,2024-12-13,0,1.2986618759749498e-05,1.0
0000882291,AEMD,2024-12-16,0,1.3433856146246793e-05,1.0
0000882291,AEMD,2024-12-17,0,1.3433856146246793e-05,1.0
0000882291,AEMD,2024-12-18,0,1.3433856146246793e-05,1.0
0000882291,AEMD,2024-12-19,0,1.3433856146246793e-05,1.0
0000882291,AEMD,2024-12-20,0,1.3433856146246793e-05,1.0
0000882291,AEMD,2024-12-23,0,1.3433856146246793e-05,1.0
0000882291,AEMD,2024-12-24,0,1.3433856146246793e-05,1.0
0000882291,AEMD,2024-12-25,0,1.2495319821151489e-05,1.0
0000882291,AEMD,2024-12-26,0,1.2495319821151489e-05,1.0
0000882291,AEMD,2024-12-27,0,1.2495319821151489e-05,1.0
0000882291,AEMD,2024-12-30,0,1.2495319821151489e-05,1.0
0000882291,AEMD,2024-12-31,0,1.2495319821151489e-05,1.0
0000882291,AEMD,2025-01-01,0,1.9560612808329793e-05,1.0
0000882291,AEMD,2025-01-02,0,1.9560612808329793e-05,1.0
0000882291,AEMD,2025-01-03,0,1.9560612808329793e-05,1.0
0000882291,AEMD,2025-01-06,0,1.9560612808329793e-05,1.0
0000882291,AEMD,2025-01-07,0,1.9560612808329793e-05,1.0
0000882291,AEMD,2025-01-08,0,1.9560612808329793e-05,1.0
0000882291,AEMD,2025-01-09,0,1.9560612808329793e-05,1.0
0000882291,AEMD,2025-01-10,0,1.9560612808329793e-05,1.0
0000882291,AEMD,2025-01-13,0,1.9560612808329793e-05,1.0
0000882291,AEMD,2025-01-14,0,1.9560612808329793e-05,1.0
0000882291,AEMD,2025-01-15,0,1.9560612808329793e-05,1.0
0000882291,AEMD,2025-01-16,0,1.9560612808329793e-05,1.0
0000882291,AEMD,2025-01-17,0,1.9560612808329793e-05,1.0
0000882291,AEMD,2025-01-20,0,1.9560612808329793e-05,1.0
0000882291,AEMD,2025-01-21,0,1.9560612808329793e-05,1.0
0000882291,AEMD,2025-01-22,0,1.9560612808329793e-05,1.0
0000882291,AEMD,2025-01-23,0,1.9560612808329793e-05,1.0
0000882291,AEMD,2025-01-24,0,1.9560612808329793e-05,1.0
0000882291,AEMD,2025-01-27,0,1.9560612808329793e-05,1.0
0000882291,AEMD,2025-01-28,0,1.9560612808329793e-05,1.0
0000882291,AEMD,2025-01-29,0,1.9560612808329793e-05,1.0
0000882291,AEMD,2025-01-30,0,1.9560612808329793e-05,1.0
0000882291,AEMD,2025-01-31,0,1.9560612808329793e-05,1.0
0000882291,AEMD,2025-02-03,0,1.9560612808329793e-05,1.0
0000882291,AEMD,2025-02-04,0,1.9560612808329793e-05,1.0
0000882291,AEMD,2025-02-05,0,1.9560612808329793e-05,1.0
0000882291,AEMD,2025-02-06,0,1.9560612808329793e-05,1.0
0000882291,AEMD,2025-02-07,0,1.9560612808329793e-05,1.0
0000882291,AEMD,2025-02-10,0,1.9560612808329793e-05,1.0
0000882291,AEMD,2025-02-11,0,1.938338470831337e-05,1.0
0000882291,AEMD,2025-02-12,0,1.2569219380658631e-05,1.0
0000882291,AEMD,2025-02-13,0,1.049266984149977e-05,1.0
0000882291,AEMD,2025-02-14,0,1.049266984149977e-05,1.0
0000882291,AEMD,2025-02-17,0,1.049266984149977e-05,1.0
0000882291,AEMD,2025-02-18,0,1.049266984149977e-05,1.0
0000882291,AEMD,2025-02-19,0,1.049266984149977e-05,1.0
0000882291,AEMD,2025-02-20,0,1.049266984149977e-05,1.0
0000882291,AEMD,2025-02-21,0,1.049266984149977e-05,1.0
0000882291,AEMD,2025-02-24,0,1.049266984149977e-05,1.0
0000882291,AEMD,2025-02-25,0,1.049266984149977e-05,1.0
0000882291,AEMD,2025-02-26,0,1.049266984149977e-05,1.0
0000882291,AEMD,2025-02-27,0,1.049266984149977e-05,1.0
0000882291,AEMD,2025-02-28,0,1.049266984149977e-05,1.0
0000882291,AEMD,2025-03-03,0,1.049266984149977e-05,1.0
0000882291,AEMD,2025-03-04,0,1.049266984149977e-05,1.0
0000882291,AEMD,2025-03-05,0,1.049266984149977e-05,1.0
0000882291,AEMD,2025-03-06,0,1.049266984149977e-05,1.0
0000882291,AEMD,2025-03-07,0,1.049266984149977e-05,1.0
0000882291,AEMD,2025-03-10,0,1.049266984149977e-05,1.0
0000882291,AEMD,2025-03-11,0,1.049266984149977e-05,1.0
0000882291,AEMD,2025-03-12,0,1.049266984149977e-05,1.0
0000882291,AEMD,2025-03-13,0,1.049266984149977e-05,1.0
0000882291,AEMD,2025-03-14,0,1.049266984149977e-05,1.0
0000882291,AEMD,2025-03-17,0,3.96751046887543e-06,1.0
0000882291,AEMD,2025-03-18,0,3.96751046887543e-06,1.0
0000882291,AEMD,2025-03-19,0,3.96751046887543e-06,1.0
0000882291,AEMD,2025-03-20,0,3.96751046887543e-06,1.0
0000882291,AEMD,2025-03-21,0,3.96751046887543e-06,1.0
0000882291,AEMD,2025-03-24,0,3.96751046887543e-06,1.0
0000882291,AEMD,2025-03-25,0,3.96751046887543e-06,1.0
0000882291,AEMD,2025-03-26,0,3.96751046887543e-06,1.0
0000882291,AEMD,2025-03-27,0,3.96751046887543e-06,1.0
0000882291,AEMD,2025-03-28,0,3.96751046887543e-06,1.0
0000882291,AEMD,2025-03-31,0,3.96751046887543e-06,1.0
0000882291,AEMD,2025-04-01,0,4.629014517186993e-06,1.0
0000882291,AEMD,2025-04-02,0,4.629014517186993e-06,1.0
0000882291,AEMD,2025-04-03,0,4.629014517186993e-06,1.0
0000882291,AEMD,2025-04-04,0,4.629014517186993e-06,1.0
0000882291,AEMD,2025-04-07,0,4.629014517186993e-06,1.0
0000882291,AEMD,2025-04-08,0,8.171438283018419e-07,1.0
0000882291,AEMD,2025-04-09,0,8.171438283018419e-07,1.0
0000882291,AEMD,2025-04-10,0,8.171438283018419e-07,1.0
0000882291,AEMD,2025-04-11,0,8.171438283018419e-07,1.0
0000882291,AEMD,2025-04-14,0,8.171438283018419e-07,1.0
0000882291,AEMD,2025-04-15,0,8.171438283018419e-07,1.0
0000882291,AEMD,2025-04-16,0,9.918103461256629e-07,1.0
0000882291,AEMD,2025-04-17,0,9.918103461256629e-07,1.0
0000882291,AEMD,2025-04-18,0,9.057593186441341e-07,1.0
0000882291,AEMD,2025-04-21,0,9.057593186441341e-07,1.0
0000882291,AEMD,2025-04-22,0,9.057593186441341e-07,1.0
0000882291,AEMD,2025-04-23,0,9.057593186441341e-07,1.0
0000882291,AEMD,2025-04-24,0,9.057593186441341e-07,1.0
0000882291,AEMD,2025-04-25,0,9.057593186441341e-07,1.0
0000882291,AEMD,2025-04-28,0,9.057593186441341e-07,1.0
0000882291,AEMD,2025-04-29,0,9.057593186441341e-07,1.0
0000882291,AEMD,2025-04-30,0,9.057593186441341e-07,1.0
0000882291,AEMD,2025-05-01,0,9.057593186441341e-07,1.0
0000882291,AEMD,2025-05-02,0,9.057593186441341e-07,1.0
0000882291,AEMD,2025-05-05,0,9.057593186441341e-07,1.0
0000882291,AEMD,2025-05-06,0,9.057593186441341e-07,1.0
0000882291,AEMD,2025-05-07,0,9.057593186441341e-07,1.0
0000882291,AEMD,2025-05-08,0,8.30947330343659e-07,1.0
0000882291,AEMD,2025-05-09,0,8.30947330343659e-07,1.0
0000882291,AEMD,2025-05-12,0,8.30947330343659e-07,1.0
0000882291,AEMD,2025-05-13,0,8.30947330343659e-07,1.0
0000882291,AEMD,2025-05-14,0,8.261241574199321e-07,1.0
0000882291,AEMD,2025-05-15,0,8.387734778296902e-07,1.0
0000882291,AEMD,2025-05-16,0,8.387734778296902e-07,1.0
0000882291,AEMD,2025-05-19,0,3.5276700055182504e-06,1.0
0000882291,AEMD,2025-05-20,0,3.5276700055182504e-06,1.0
0000882291,AEMD,2025-05-21,0,3.5276700055182504e-06,1.0
0000882291,AEMD,2025-05-22,0,3.5276700055182504e-06,1.0
0000882291,AEMD,2025-05-23,0,3.5276700055182504e-06,1.0
0000882291,AEMD,2025-05-26,0,3.5276700055182504e-06,1.0
0000882291,AEMD,2025-05-27,0,3.5276700055182504e-06,1.0
0000882291,AEMD,2025-05-28,0,3.5276700055182504e-06,1.0
0000882291,AEMD,2025-05-29,0,3.5276700055182504e-06,1.0
0000882291,AEMD,2025-05-30,0,3.5276700055182504e-06,1.0
0000882291,AEMD,2025-06-02,0,3.5276700055182504e-06,1.0
0000882291,AEMD,2025-06-03,0,3.5276700055182504e-06,1.0
0000882291,AEMD,2025-06-04,0,3.5276700055182504e-06,1.0
0000882291,AEMD,2025-06-05,0,3.5276700055182504e-06,1.0
0000882291,AEMD,2025-06-06,0,3.5276700055182504e-06,1.0
0000882291,AEMD,2025-06-09,0,3.5276700055182504e-06,1.0
0000882291,AEMD,2025-06-10,0,3.5276700055182504e-06,1.0
0000882291,AEMD,2025-06-11,0,3.5276700055182504e-06,1.0
0000882291,AEMD,2025-06-12,0,3.5276700055182504e-06,1.0
0000882291,AEMD,2025-06-13,0,3.842396794883943e-06,1.0
0000882291,AEMD,2025-06-16,0,4.299527099833833e-06,1.0
0000882291,AEMD,2025-06-17,0,4.299527099833833e-06,1.0
0000882291,AEMD,2025-06-18,0,4.299527099833833e-06,1.0
0000882291,AEMD,2025-06-19,0,4.299527099833833e-06,1.0
0000882291,AEMD,2025-06-20,0,4.299527099833833e-06,1.0
0000882291,AEMD,2025-06-23,0,4.299527099833833e-06,1.0
0000882291,AEMD,2025-06-24,0,4.299527099833833e-06,1.0
0000882291,AEMD,2025-06-25,0,4.299527099833833e-06,1.0
0000882291,AEMD,2025-06-26,0,4.299527099833833e-06,1.0
0000882291,AEMD,2025-06-27,0,9.356578247414e-08,1.0
0000882291,AEMD,2025-06-30,0,9.356578247414e-08,1.0
0000882291,AEMD,2025-07-01,0,9.356578247414e-08,1.0
0000882291,AEMD,2025-07-02,0,9.356578247414e-08,1.0
0000882291,AEMD,2025-07-03,0,9.356578247414e-08,1.0
0000882291,AEMD,2025-07-04,0,9.356578247414e-08,1.0
0000882291,AEMD,2025-07-07,0,1.1362678850901615e-07,1.0
0000882291,AEMD,2025-07-08,0,1.1362678850901615e-07,1.0
0000882291,AEMD,2025-07-09,0,1.1362678850901615e-07,1.0
0000882291,AEMD,2025-07-10,0,1.1362678850901615e-07,1.0
0000882291,AEMD,2025-07-11,0,1.1362678850901615e-07,1.0
0000882291,AEMD,2025-07-14,0,1.1362678850901615e-07,1.0
0000882291,AEMD,2025-07-15,0,1.1362678850901615e-07,1.0
0000882291,AEMD,2025-07-16,0,1.1362678850901615e-07,1.0
0000882291,AEMD,2025-07-17,0,1.379889813341567e-07,1.0
0000882291,AEMD,2025-07-18,0,1.379889813341567e-07,1.0
0000882291,AEMD,2025-07-21,0,1.379889813341567e-07,1.0
0000882291,AEMD,2025-07-22,0,1.379889813341567e-07,1.0
0000882291,AEMD,2025-07-23,0,1.379889813341567e-07,1.0
0000882291,AEMD,2025-07-24,0,1.379889813341567e-07,1.0
0000882291,AEMD,2025-07-25,0,1.379889813341567e-07,1.0
0000882291,AEMD,2025-07-28,0,1.674597298240064e-06,1.0
0000882291,AEMD,2025-07-29,0,1.674597298240064e-06,1.0
0000882291,AEMD,2025-07-30,0,1.674597298240064e-06,1.0
0000882291,AEMD,2025-07-31,0,1.674597298240064e-06,1.0
0000882291,AEMD,2025-08-01,0,1.674597298240064e-06,1.0
0000882291,AEMD,2025-08-04,0,1.674597298240064e-06,1.0
0000882291,AEMD,2025-08-05,0,1.674597298240064e-06,1.0
0000882291,AEMD,2025-08-06,0,1.674597298240064e-06,1.0
0000882291,AEMD,2025-08-07,0,1.674597298240064e-06,1.0
0000882291,AEMD,2025-08-08,0,1.674597298240064e-06,1.0
0000882291,AEMD,2025-08-11,0,1.674597298240064e-06,1.0
0000882291,AEMD,2025-08-12,0,1.6760948202750288e-06,1.0
0000882291,AEMD,2025-08-13,0,1.6617484358777935e-06,1.0
0000882291,AEMD,2025-08-14,0,1.5678582778845474e-06,1.0
0000882291,AEMD,2025-08-15,0,1.5678582778845474e-06,1.0
0000882291,AEMD,2025-08-18,0,1.5678582778845474e-06,1.0
0000882291,AEMD,2025-08-19,0,1.5678582778845474e-06,1.0
0000882291,AEMD,2025-08-20,0,1.5678582778845474e-06,1.0
0000882291,AEMD,2025-08-21,0,0.00015896750321231013,1.0
0000882291,AEMD,2025-08-22,0,0.00015896750321231013,1.0
0000882291,AEMD,2025-08-25,0,0.00015896750321231013,1.0
0000882291,AEMD,2025-08-26,0,0.00015896750321231013,1.0
0000882291,AEMD,2025-08-27,0,0.00015896750321231013,1.0
0000882291,AEMD,2025-08-28,0,0.00015896750321231013,1.0
0000882291,AEMD,2025-08-29,0,0.00015896750321231013,1.0
0000882291,AEMD,2025-09-01,0,0.00015896750321231013,1.0
0000882291,AEMD,2025-09-02,0,0.00015896750321231013,1.0
0000882291,AEMD,2025-09-03,0,0.00015896750321231013,1.0
0000882291,AEMD,2025-09-04,0,0.00015896750321231013,1.0
0000882291,AEMD,2025-09-05,0,0.00015896750321231013,1.0
0000882291,AEMD,2025-09-08,0,0.00015896750321231013,1.0
0000882291,AEMD,2025-09-09,0,0.00015896750321231013,1.0
0000882291,AEMD,2025-09-10,0,0.00014456278315404516,1.0
0000882291,AEMD,2025-09-11,0,0.00014456278315404516,1.0
0000882291,AEMD,2025-09-12,0,0.00014456278315404516,1.0
0000882291,AEMD,2025-09-15,0,0.0001417944283735398,1.0
0000882291,AEMD,2025-09-16,0,0.0001417944283735398,1.0
0000882291,AEMD,2025-09-17,0,0.0001417944283735398,1.0
0000882291,AEMD,2025-09-18,0,0.0001417944283735398,1.0
0000882291,AEMD,2025-09-19,0,0.0001417944283735398,1.0
0000882291,AEMD,2025-09-22,0,0.00014911267902873126,1.0
0000882291,AEMD,2025-09-23,0,0.00014911267902873126,1.0
0000882291,AEMD,2025-09-24,0,0.00014911267902873126,1.0
0000882291,AEMD,2025-09-25,0,0.0004074268176082133,1.0
0000882291,AEMD,2025-09-26,0,0.0004074268176082133,1.0
0000882291,AEMD,2025-09-29,0,0.0004074268176082133,1.0
0000882291,AEMD,2025-09-30,0,0.0004074268176082133,1.0
0000882291,AEMD,2025-10-01,0,0.0004074268176082133,1.0
0000882291,AEMD,2025-10-02,0,0.0004074268176082133,1.0
0000882291,AEMD,2025-10-03,0,0.0004074268176082133,1.0
0000882291,AEMD,2025-10-06,0,0.00039941878348964736,1.0
0000882291,AEMD,2025-10-07,0,0.00039941878348964736,1.0
0000882291,AEMD,2025-10-08,0,0.00039941878348964736,1.0
0000882291,AEMD,2025-10-09,0,0.00039941878348964736,1.0
0000882291,AEMD,2025-10-10,0,0.0006528124786488289,1.0
0000882291,AEMD,2025-10-13,0,0.0006528124786488289,1.0
0000882291,AEMD,2025-10-14,0,0.0006528124786488289,1.0
0000882291,AEMD,2025-10-15,0,0.0006399844411760067,1.0
0000882291,AEMD,2025-10-16,0,0.0006399844411760067,1.0
0000882291,AEMD,2025-10-17,0,0.0006399844411760067,1.0
0000882291,AEMD,2025-10-20,0,0.0006399844411760067,1.0
0000882291,AEMD,2025-10-21,0,0.0006399844411760067,1.0
0000882291,AEMD,2025-10-22,0,0.0006399844411760067,1.0
0000882291,AEMD,2025-10-23,0,0.0006399844411760067,1.0
0000882291,AEMD,2025-10-24,0,0.0006399844411760067,1.0
0000882291,AEMD,2025-10-27,0,0.0006399844411760067,1.0
0000882291,AEMD,2025-10-28,0,0.0006399844411760067,1.0
0000882291,AEMD,2025-10-29,0,0.0006399844411760067,1.0
0000882291,AEMD,2025-10-30,0,0.0006399844411760067,1.0
0000882291,AEMD,2025-10-31,0,0.0006399844411760067,1.0
0000882291,AEMD,2025-11-03,0,0.0006399844411760067,1.0
0000882291,AEMD,2025-11-04,0,0.0006399844411760067,1.0
0000882291,AEMD,2025-11-05,0,0.0006399844411760067,1.0
0000882291,AEMD,2025-11-06,0,0.0006399844411760067,1.0
0000882291,AEMD,2025-11-07,0,0.0006399844411760067,1.0
0000882291,AEMD,2025-11-10,0,0.0006396611136158195,1.0
0000882291,AEMD,2025-11-11,0,0.0006396611136158195,1.0
0000882291,AEMD,2025-11-12,0,0.0006459774942028647,1.0
0000882291,AEMD,2025-11-13,0,0.0006197279529647197,1.0
0000882291,AEMD,2025-11-14,0,0.0006197279529647197,1.0
0000882291,AEMD,2025-11-17,0,0.0006197279529647197,1.0
0000882291,AEMD,2025-11-18,0,0.0006197279529647197,1.0
0000882291,AEMD,2025-11-19,0,3.87061197635801e-05,1.0
0000882291,AEMD,2025-11-20,0,3.87061197635801e-05,1.0
0000882291,AEMD,2025-11-21,0,3.87061197635801e-05,1.0
0000882291,AEMD,2025-11-24,0,3.87061197635801e-05,1.0
0000882291,AEMD,2025-11-25,0,3.87061197635801e-05,1.0
0000882291,AEMD,2025-11-26,0,3.87061197635801e-05,1.0
0000882291,AEMD,2025-11-27,0,3.87061197635801e-05,1.0
0000882291,AEMD,2025-11-28,0,3.87061197635801e-05,1.0
0000882291,AEMD,2025-12-01,0,3.87061197635801e-05,1.0
0000882291,AEMD,2025-12-02,0,3.87061197635801e-05,1.0
0000882291,AEMD,2025-12-03,0,3.87061197635801e-05,1.0
0000882291,AEMD,2025-12-04,0,3.87061197635801e-05,1.0
0000882291,AEMD,2025-12-05,0,3.87061197635801e-05,1.0
0000882291,AEMD,2025-12-08,0,2.0500787572587116e-05,1.0
0000882291,AEMD,2025-12-09,0,2.1372466852191055e-05,1.0
0000882291,AEMD,2025-12-10,0,2.1372466852191055e-05,1.0
0000882291,AEMD,2025-12-11,0,2.1372466852191055e-05,1.0
0000882291,AEMD,2025-12-12,0,2.1372466852191055e-05,1.0
0000882291,AEMD,2025-12-15,0,2.0232285654755575e-05,1.0
0000882291,AEMD,2025-12-16,0,2.0232285654755575e-05,1.0
0000882291,AEMD,2025-12-17,0,2.0232285654755575e-05,1.0
0000882291,AEMD,2025-12-18,0,2.0232285654755575e-05,1.0
0000882291,AEMD,2025-12-19,0,2.0232285654755575e-05,1.0
0000882291,AEMD,2025-12-22,0,2.0232285654755575e-05,1.0
0000882291,AEMD,2025-12-23,0,2.888373545630462e-06,1.0
0000882291,AEMD,2025-12-24,0,3.166718398677534e-06,1.0
0000882291,AEMD,2025-12-25,0,3.166718398677534e-06,1.0
0000882291,AEMD,2025-12-26,0,3.166718398677534e-06,1.0
0000882291,AEMD,2025-12-29,0,3.166718398677534e-06,1.0
0000882291,AEMD,2025-12-30,0,3.166718398677534e-06,1.0
0000882291,AEMD,2025-12-31,0,3.166718398677534e-06,1.0
0000882291,AEMD,2026-01-01,0,3.166718398677534e-06,1.0
0000882291,AEMD,2026-01-02,0,3.166718398677534e-06,1.0
0000882291,AEMD,2026-01-05,0,3.166718398677534e-06,1.0
0000882291,AEMD,2026-01-06,0,3.166718398677534e-06,1.0
0000882291,AEMD,2026-01-07,0,4.0017069741101535e-06,1.0
0000882291,AEMD,2026-01-08,0,2.377167968197061e-06,1.0
0000882291,AEMD,2026-01-09,0,2.377167968197061e-06,1.0
0000882291,AEMD,2026-01-12,0,2.377167968197061e-06,1.0
0000882291,AEMD,2026-01-13,0,2.377167968197061e-06,1.0
0000882291,AEMD,2026-01-14,0,2.377167968197061e-06,1.0
0000882291,AEMD,2026-01-15,0,2.377167968197061e-06,1.0
0000882291,AEMD,2026-01-16,0,2.377167968197061e-06,1.0
0000882291,AEMD,2026-01-19,0,0.0006558533713829786,1.0
0000882291,AEMD,2026-01-20,0,0.0006558533713829786,1.0
0000882291,AEMD,2026-01-21,0,0.0006558533713829786,1.0
0000882291,AEMD,2026-01-22,0,0.0008054559657800977,1.0
0000882291,AEMD,2026-01-23,0,0.0008054559657800977,1.0
0000882291,AEMD,2026-01-26,0,0.0008054559657800977,1.0
0000882291,AEMD,2026-01-27,0,0.0007244332411746382,1.0
0000882291,AEMD,2026-01-28,0,0.0007244332411746382,1.0
0000882291,AEMD,2026-01-29,0,0.0007244332411746382,1.0
0000882291,AEMD,2026-01-30,0,0.0007244332411746382,1.0
0000882291,AEMD,2026-02-02,0,0.0007244332411746382,1.0
0000882291,AEMD,2026-02-03,0,0.0007244332411746382,1.0
0000882291,AEMD,2026-02-04,0,0.0007244332411746382,1.0
0000882291,AEMD,2026-02-05,0,0.0007244332411746382,1.0
0000882291,AEMD,2026-02-06,0,0.0007244332411746382,1.0
0000882291,AEMD,2026-02-09,0,0.0008333645657966342,1.0
0000882291,AEMD,2026-02-10,0,0.0008287458486285455,1.0
0000882291,AEMD,2026-02-11,0,0.0008414246448531414,1.0
0000882291,AEMD,2026-02-12,0,0.0008414246448531414,1.0
0000882291,AEMD,2026-02-13,0,0.0009220397085322607,1.0
0000882291,AEMD,2026-02-16,0,0.0009220397085322607,1.0
0000882291,AEMD,2026-02-17,0,0.0002890502932779349,1.0
0000882291,AEMD,2026-02-18,0,5.206428334683532e-05,1.0
0000882291,AEMD,2026-02-19,0,5.206428334683532e-05,1.0
0000882291,AEMD,2026-02-20,0,5.206428334683532e-05,1.0
0000882291,AEMD,2026-02-23,0,5.206428334683532e-05,1.0
0000882291,AEMD,2026-02-24,0,5.2208950898622035e-05,1.0
0000882291,AEMD,2026-02-25,0,5.2208950898622035e-05,1.0
0000882291,AEMD,2026-02-26,0,7.912081471073154e-05,1.0
0000882291,AEMD,2026-02-27,0,7.912081471073154e-05,1.0
0000882291,AEMD,2026-03-02,0,7.912081471073154e-05,1.0
0000882291,AEMD,2026-03-03,0,7.912081471073154e-05,1.0
0000882291,AEMD,2026-03-04,0,7.912081471073154e-05,1.0
0000882291,AEMD,2026-03-05,0,7.912081471073154e-05,1.0
0000882291,AEMD,2026-03-06,0,7.912081471073154e-05,1.0
0000882291,AEMD,2026-03-09,0,8.999924579267002e-05,1.0
0000882291,AEMD,2026-03-10,0,8.999924579267002e-05,1.0
0000882291,AEMD,2026-03-11,0,8.999924579267002e-05,1.0
0000882291,AEMD,2026-03-12,0,8.999924579267002e-05,1.0
0000882291,AEMD,2026-03-13,0,8.999924579267002e-05,1.0
0000882291,AEMD,2026-03-16,0,8.091387820978849e-05,1.0
0000882291,AEMD,2026-03-17,0,8.091387820978849e-05,1.0
0000882291,AEMD,2026-03-18,0,8.091387820978849e-05,1.0
0000882291,AEMD,2026-03-19,0,8.091387820978849e-05,1.0
0000882291,AEMD,2026-03-20,0,8.091387820978849e-05,1.0
0000882291,AEMD,2026-03-23,0,8.091387820978849e-05,1.0
0000882291,AEMD,2026-03-24,0,9.652302297789717e-05,1.0
0000882291,AEMD,2026-03-25,0,9.652302297789717e-05,1.0
0000882291,AEMD,2026-03-26,0,9.652302297789717e-05,1.0
0000882291,AEMD,2026-03-27,0,0.00010513360843496498,1.0
0000882291,AEMD,2026-03-30,0,0.00010513360843496498,1.0
0000882291,AEMD,2026-03-31,0,0.00010513360843496498,1.0
0000882291,AEMD,2026-04-01,0,0.00010513360843496498,1.0
0000882291,AEMD,2026-04-02,0,0.00010513360843496498,1.0
0000882291,AEMD,2026-04-03,0,0.00010513360843496498,1.0
0000882291,AEMD,2026-04-06,0,0.00010513360843496498,1.0
0000882291,AEMD,2026-04-07,0,0.00010513360843496498,1.0
0000882291,AEMD,2026-04-08,0,0.00010513360843496498,1.0
0000882291,AEMD,2026-04-09,0,0.00014266158254148614,1.0
0000882291,AEMD,2026-04-10,0,0.00014266158254148614,1.0
0000882291,AEMD,2026-04-13,0,0.00014266158254148614,1.0
0000882291,AEMD,2026-04-14,0,0.00014266158254148614,1.0
0000882291,AEMD,2026-04-15,0,0.00014266158254148614,1.0
0000882291,AEMD,2026-04-16,0,0.00014266158254148614,1.0
0000882291,AEMD,2026-04-17,0,0.00014266158254148614,1.0
0000882291,AEMD,2026-04-20,0,7.023910042766232e-05,1.0
0000882291,AEMD,2026-04-21,0,7.023910042766232e-05,1.0
0000882291,AEMD,2026-04-22,0,7.023910042766232e-05,1.0
0000882291,AEMD,2026-04-23,0,7.023910042766232e-05,1.0
0000882291,AEMD,2026-04-24,0,7.023910042766232e-05,1.0
0000882291,AEMD,2026-04-27,0,7.023910042766232e-05,1.0
0000882291,AEMD,2026-04-28,0,8.304005840053378e-05,1.0
0000882291,AEMD,2026-04-29,0,8.304005840053378e-05,1.0
0000882291,AEMD,2026-04-30,0,8.304005840053378e-05,1.0
0000882291,AEMD,2026-05-01,0,8.304005840053378e-05,1.0
0000882291,AEMD,2026-05-04,0,8.304005840053378e-05,1.0
0000882291,AEMD,2026-05-05,0,8.304005840053378e-05,1.0
0000882291,AEMD,2026-05-06,0,8.304005840053378e-05,1.0
0000882291,AEMD,2026-05-07,0,8.304005840053378e-05,1.0
0000882291,AEMD,2026-05-08,0,8.304005840053378e-05,1.0
0000882291,AEMD,2026-05-11,0,8.304005840053378e-05,1.0
0000882291,AEMD,2026-05-12,0,8.304005840053378e-05,1.0
0000882291,AEMD,2026-05-13,0,8.232934174994488e-05,1.0
0000882291,AEMD,2026-05-14,0,8.232934174994488e-05,1.0
0000882291,AEMD,2026-05-15,0,8.479380430626352e-05,1.0
0000882291,AEMD,2026-05-18,0,8.479380430626352e-05,1.0
0000882291,AEMD,2026-05-19,0,8.479380430626352e-05,1.0
0000882291,AEMD,2026-05-20,0,8.479380430626352e-05,1.0
0000882291,AEMD,2026-05-21,0,8.479380430626352e-05,1.0
0000882291,AEMD,2026-05-22,0,8.479380430626352e-05,1.0
0000882291,AEMD,2026-05-25,0,8.479380430626352e-05,1.0
0000882291,AEMD,2026-05-26,0,9.753091038170941e-05,1.0
0000882291,AEMD,2026-05-27,0,9.753091038170941e-05,1.0
0000882291,AEMD,2026-05-28,0,9.753091038170941e-05,1.0
0000882291,AEMD,2026-05-29,0,9.753091038170941e-05,1.0
0000882291,AEMD,2026-06-01,0,9.753091038170941e-05,1.0
0000882291,AEMD,2026-06-02,0,9.753091038170941e-05,1.0
0000882291,AEMD,2026-06-03,0,9.753091038170941e-05,1.0
0000882291,AEMD,2026-06-04,0,9.753091038170941e-05,1.0
0000882291,AEMD,2026-06-05,0,9.753091038170941e-05,1.0
0000882291,AEMD,2026-06-08,0,9.836846135333306e-05,1.0
0000882291,AEMD,2026-06-09,0,9.836846135333306e-05,1.0
0000882291,AEMD,2026-06-10,0,9.836846135333306e-05,1.0
0000882291,AEMD,2026-06-11,0,1.762566771482521e-06,1.0
0000882291,AEMD,2026-06-12,0,1.762566771482521e-06,1.0
0000882291,AEMD,2026-06-15,0,1.762566771482521e-06,1.0
0000882291,AEMD,2026-06-16,0,1.762566771482521e-06,1.0
0000882291,AEMD,2026-06-17,0,1.762566771482521e-06,1.0
0000882291,AEMD,2026-06-18,0,1.762566771482521e-06,1.0
0000882291,AEMD,2026-06-19,0,1.762566771482521e-06,1.0
0000882291,AEMD,2026-06-22,0,0.000818015295386325,1.0
0000882291,AEMD,2026-06-23,0,0.000818015295386325,1.0
0000882291,AEMD,2026-06-24,0,0.000818015295386325,1.0
0000882291,AEMD,2026-06-25,0,0.000818015295386325,1.0
0000882291,AEMD,2026-06-26,0,0.000818015295386325,1.0
0000882291,AEMD,2026-06-29,0,0.000818015295386325,1.0
0000882291,AEMD,2026-06-30,0,0.000818015295386325,1.0
0000882291,AEMD,2026-07-01,0,0.000818015295386325,1.0
0000882291,AEMD,2026-07-02,0,0.000818015295386325,1.0
0000882291,AEMD,2026-07-03,0,0.000818015295386325,1.0
0000882291,AEMD,2026-07-06,0,0.000818015295386325,1.0
0000882291,AEMD,2026-07-07,0,0.000818015295386325,1.0
0000882291,AEMD,2026-07-08,0,0.0007332697581276807,1.0
0000882291,AEMD,2026-07-09,0,0.0007332697581276807,1.0
0000882291,AEMD,2026-07-10,0,0.0007332697581276807,1.0
0000882291,AEMD,2026-07-13,0,0.0006952435841112748,1.0
0000882291,AEMD,2026-07-14,0,0.0006952435841112748,1.0
0000882291,AEMD,2026-07-15,0,0.0006952435841112748,1.0
0000882291,AEMD,2026-07-16,0,0.0006952435841112748,1.0
0000882291,AEMD,2026-07-17,0,0.0006952435841112748,1.0
0000882291,AEMD,2026-07-20,0,0.00012157860902043695,1.0
0000882291,AEMD,2026-07-21,0,0.00012157860902043695,1.0
0000882291,AEMD,2026-07-22,0,0.00012459759080560688,1.0
0000882291,AEMD,2026-07-23,0,0.00012459759080560688,1.0
0000882291,AEMD,2026-07-24,0,0.00012459759080560688,1.0
0000882291,AEMD,2026-07-27,0,0.00012522729162736885,1.0
0000882291,AEMD,2026-07-28,0,0.00012522729162736885,1.0
0000882291,AEMD,2026-07-29,0,0.00012522729162736885,1.0
0000882291,AEMD,2026-07-30,0,0.00012522729162736885,1.0
0000882291,AEMD,2026-07-31,0,0.00012522729162736885,1.0
0000882291,AEMD,2026-08-03,0,0.00012522729162736885,1.0
0000882291,AEMD,2026-08-04,0,0.00012522729162736885,1.0
0000882291,AEMD,2026-08-05,0,0.00012522729162736885,1.0
0000882291,AEMD,2026-08-06,0,0.00012522729162736885,1.0
0000882291,AEMD,2026-08-07,0,0.00020339201747581685,1.0
0000882291,AEMD,2026-08-10,0,0.00020339201747581685,1.0
0000882291,AEMD,2026-08-11,0,0.00020339201747581685,1.0
0000882291,AEMD,2026-08-12,0,0.00020339201747581685,1.0
0000882291,AEMD,2026-08-13,0,0.00020002687471376435,1.0
0000882291,AEMD,2026-08-14,0,0.00018458460016529223,1.0
0000882291,AEMD,2026-08-17,0,0.00018458460016529223,1.0
0000882291,AEMD,2026-08-18,0,0.00018458460016529223,1.0
0000882291,AEMD,2026-08-19,0,0.00018458460016529223,1.0
0000882291,AEMD,2026-08-20,0,0.00018458460016529223,1.0
0000882291,AEMD,2026-08-21,0,0.00018458460016529223,1.0
0000882291,AEMD,2026-08-24,0,0.104878234312148,1.0
0000882291,AEMD,2026-08-25,0,0.104878234312148,1.0
0000882291,AEMD,2026-08-26,0,0.104878234312148,1.0
0000882291,AEMD,2026-08-27,0,0.104878234312148,1.0
0000882291,AEMD,2026-08-28,0,0.104878234312148,1.0
0000882291,AEMD,2026-08-31,0,0.104878234312148,1.0
0000882291,AEMD,2026-09-01,0,0.9990692338989164,1.0
0000882291,AEMD,2026-09-02,0,0.9990692338989164,1.0
0000882291,AEMD,2026-09-03,1,0.9990692338989164,1.0
0000882291,AEMD,2026-09-04,1,0.9990692338989164,1.0
0000882291,AEMD,2026-09-07,1,0.9990692338989164,1.0
0000882291,AEMD,2026-09-08,1,0.9990692338989164,1.0
0000882291,AEMD,2026-09-09,1,0.999833572293758,1.0
0000882291,AEMD,2026-09-10,1,0.999833572293758,1.0
0000882291,AEMD,2026-09-11,1,0.999833572293758,1.0
0000882291,AEMD,2026-09-14,1,0.9998319545628372,1.0
0000882291,AEMD,2026-09-15,1,0.9998882524622862,1.0
0000882291,AEMD,2026-09-16,1,0.9998882524622862,1.0
0000882291,AEMD,2026-09-17,0,0.2008051205387304,1.0
