cik,ticker,date,event_40d,predicted_probability_40d,rank
0000882291,AEMD,2001-07-30,0,6.583811057418079e-06,1.0
0000882291,AEMD,2001-07-31,0,6.583811057418079e-06,1.0
0000882291,AEMD,2001-08-01,0,6.583811057418079e-06,1.0
0000882291,AEMD,2001-08-02,0,6.583811057418079e-06,1.0
0000882291,AEMD,2001-08-03,0,6.583811057418079e-06,1.0
0000882291,AEMD,2001-08-06,0,6.583811057418079e-06,1.0
0000882291,AEMD,2001-08-07,0,6.583811057418079e-06,1.0
0000882291,AEMD,2001-08-08,0,6.583811057418079e-06,1.0
0000882291,AEMD,2001-08-09,0,6.583811057418079e-06,1.0
0000882291,AEMD,2001-08-10,0,6.583811057418079e-06,1.0
0000882291,AEMD,2001-08-13,0,6.583811057418079e-06,1.0
0000882291,AEMD,2001-08-14,0,6.583811057418079e-06,1.0
0000882291,AEMD,2001-08-15,0,6.583811057418079e-06,1.0
0000882291,AEMD,2001-08-16,0,6.583811057418079e-06,1.0
0000882291,AEMD,2001-08-17,0,6.583811057418079e-06,1.0
0000882291,AEMD,2001-08-20,0,6.583811057418079e-06,1.0
0000882291,AEMD,2001-08-21,0,6.583811057418079e-06,1.0
0000882291,AEMD,2001-08-22,0,6.583811057418079e-06,1.0
0000882291,AEMD,2001-08-23,0,6.583811057418079e-06,1.0
0000882291,AEMD,2001-08-24,0,6.583811057418079e-06,1.0
0000882291,AEMD,2001-08-27,0,6.583811057418079e-06,1.0
0000882291,AEMD,2001-08-28,0,6.583811057418079e-06,1.0
0000882291,AEMD,2001-08-29,0,2.0259865552307796e-05,1.0
0000882291,AEMD,2001-08-30,0,2.0259865552307796e-05,1.0
0000882291,AEMD,2001-08-31,0,2.0259865552307796e-05,1.0
0000882291,AEMD,2001-09-03,0,2.0259865552307796e-05,1.0
0000882291,AEMD,2001-09-04,0,2.0259865552307796e-05,1.0
0000882291,AEMD,2001-09-05,0,2.0259865552307796e-05,1.0
0000882291,AEMD,2001-09-06,0,2.0259865552307796e-05,1.0
0000882291,AEMD,2001-09-07,0,2.0259865552307796e-05,1.0
0000882291,AEMD,2001-09-10,0,2.0259865552307796e-05,1.0
0000882291,AEMD,2001-09-11,0,2.0259865552307796e-05,1.0
0000882291,AEMD,2001-09-12,0,2.0259865552307796e-05,1.0
0000882291,AEMD,2001-09-13,0,2.0259865552307796e-05,1.0
0000882291,AEMD,2001-09-14,0,2.0259865552307796e-05,1.0
0000882291,AEMD,2001-09-17,0,2.0259865552307796e-05,1.0
0000882291,AEMD,2001-09-18,0,2.0259865552307796e-05,1.0
0000882291,AEMD,2001-09-19,0,2.0259865552307796e-05,1.0
0000882291,AEMD,2001-09-20,0,2.0259865552307796e-05,1.0
0000882291,AEMD,2001-09-21,0,2.0259865552307796e-05,1.0
0000882291,AEMD,2001-09-24,0,2.0259865552307796e-05,1.0
0000882291,AEMD,2001-09-25,0,2.0259865552307796e-05,1.0
0000882291,AEMD,2001-09-26,0,2.0259865552307796e-05,1.0
0000882291,AEMD,2001-09-27,0,2.0259865552307796e-05,1.0
0000882291,AEMD,2001-09-28,0,2.0259865552307796e-05,1.0
0000882291,AEMD,2001-10-01,0,2.0259865552307796e-05,1.0
0000882291,AEMD,2001-10-02,0,2.0259865552307796e-05,1.0
0000882291,AEMD,2001-10-03,0,2.0259865552307796e-05,1.0
0000882291,AEMD,2001-10-04,0,2.0259865552307796e-05,1.0
0000882291,AEMD,2001-10-05,0,2.0259865552307796e-05,1.0
0000882291,AEMD,2001-10-08,0,2.0259865552307796e-05,1.0
0000882291,AEMD,2001-10-09,0,2.0259865552307796e-05,1.0
0000882291,AEMD,2001-10-10,0,2.0259865552307796e-05,1.0
0000882291,AEMD,2001-10-11,0,2.0259865552307796e-05,1.0
0000882291,AEMD,2001-10-12,0,2.0259865552307796e-05,1.0
0000882291,AEMD,2001-10-15,0,2.0259865552307796e-05,1.0
0000882291,AEMD,2001-10-16,0,2.0259865552307796e-05,1.0
0000882291,AEMD,2001-10-17,0,2.0259865552307796e-05,1.0
0000882291,AEMD,2001-10-18,0,2.0259865552307796e-05,1.0
0000882291,AEMD,2001-10-19,0,2.0259865552307796e-05,1.0
0000882291,AEMD,2001-10-22,0,2.0259865552307796e-05,1.0
0000882291,AEMD,2001-10-23,0,2.0259865552307796e-05,1.0
0000882291,AEMD,2001-10-24,0,2.0259865552307796e-05,1.0
0000882291,AEMD,2001-10-25,0,2.0259865552307796e-05,1.0
0000882291,AEMD,2001-10-26,0,2.0259865552307796e-05,1.0
0000882291,AEMD,2001-10-29,0,2.818165476679899e-06,1.0
0000882291,AEMD,2001-10-30,0,2.818165476679899e-06,1.0
0000882291,AEMD,2001-10-31,0,2.818165476679899e-06,1.0
0000882291,AEMD,2001-11-01,0,2.818165476679899e-06,1.0
0000882291,AEMD,2001-11-02,0,2.818165476679899e-06,1.0
0000882291,AEMD,2001-11-05,0,2.818165476679899e-06,1.0
0000882291,AEMD,2001-11-06,0,2.818165476679899e-06,1.0
0000882291,AEMD,2001-11-07,0,2.818165476679899e-06,1.0
0000882291,AEMD,2001-11-08,0,2.818165476679899e-06,1.0
0000882291,AEMD,2001-11-09,0,2.818165476679899e-06,1.0
0000882291,AEMD,2001-11-12,0,2.818165476679899e-06,1.0
0000882291,AEMD,2001-11-13,0,2.818165476679899e-06,1.0
0000882291,AEMD,2001-11-14,0,2.818165476679899e-06,1.0
0000882291,AEMD,2001-11-15,0,2.818165476679899e-06,1.0
0000882291,AEMD,2001-11-16,0,2.818165476679899e-06,1.0
0000882291,AEMD,2001-11-19,0,2.818165476679899e-06,1.0
0000882291,AEMD,2001-11-20,0,2.818165476679899e-06,1.0
0000882291,AEMD,2001-11-21,0,2.818165476679899e-06,1.0
0000882291,AEMD,2001-11-22,0,2.818165476679899e-06,1.0
0000882291,AEMD,2001-11-23,0,2.818165476679899e-06,1.0
0000882291,AEMD,2001-11-26,0,2.818165476679899e-06,1.0
0000882291,AEMD,2001-11-27,0,2.818165476679899e-06,1.0
0000882291,AEMD,2001-11-28,0,2.818165476679899e-06,1.0
0000882291,AEMD,2001-11-29,0,2.818165476679899e-06,1.0
0000882291,AEMD,2001-11-30,0,2.818165476679899e-06,1.0
0000882291,AEMD,2001-12-03,0,2.818165476679899e-06,1.0
0000882291,AEMD,2001-12-04,0,2.818165476679899e-06,1.0
0000882291,AEMD,2001-12-05,0,2.818165476679899e-06,1.0
0000882291,AEMD,2001-12-06,0,2.818165476679899e-06,1.0
0000882291,AEMD,2001-12-07,0,2.818165476679899e-06,1.0
0000882291,AEMD,2001-12-10,0,2.818165476679899e-06,1.0
0000882291,AEMD,2001-12-11,0,2.818165476679899e-06,1.0
0000882291,AEMD,2001-12-12,0,2.818165476679899e-06,1.0
0000882291,AEMD,2001-12-13,0,2.818165476679899e-06,1.0
0000882291,AEMD,2001-12-14,0,2.818165476679899e-06,1.0
0000882291,AEMD,2001-12-17,0,2.818165476679899e-06,1.0
0000882291,AEMD,2001-12-18,0,2.818165476679899e-06,1.0
0000882291,AEMD,2001-12-19,0,2.818165476679899e-06,1.0
0000882291,AEMD,2001-12-20,0,2.818165476679899e-06,1.0
0000882291,AEMD,2001-12-21,0,2.818165476679899e-06,1.0
0000882291,AEMD,2001-12-24,0,2.818165476679899e-06,1.0
0000882291,AEMD,2001-12-25,0,2.818165476679899e-06,1.0
0000882291,AEMD,2001-12-26,0,2.818165476679899e-06,1.0
0000882291,AEMD,2001-12-27,0,2.818165476679899e-06,1.0
0000882291,AEMD,2001-12-28,0,2.818165476679899e-06,1.0
0000882291,AEMD,2001-12-31,0,2.818165476679899e-06,1.0
0000882291,AEMD,2002-01-01,0,2.818165476679899e-06,1.0
0000882291,AEMD,2002-01-02,0,2.818165476679899e-06,1.0
0000882291,AEMD,2002-01-03,0,2.818165476679899e-06,1.0
0000882291,AEMD,2002-01-04,0,2.818165476679899e-06,1.0
0000882291,AEMD,2002-01-07,0,2.818165476679899e-06,1.0
0000882291,AEMD,2002-01-08,0,2.818165476679899e-06,1.0
0000882291,AEMD,2002-01-09,0,2.818165476679899e-06,1.0
0000882291,AEMD,2002-01-10,0,2.818165476679899e-06,1.0
0000882291,AEMD,2002-01-11,0,2.818165476679899e-06,1.0
0000882291,AEMD,2002-01-14,0,2.818165476679899e-06,1.0
0000882291,AEMD,2002-01-15,0,2.818165476679899e-06,1.0
0000882291,AEMD,2002-01-16,0,2.818165476679899e-06,1.0
0000882291,AEMD,2002-01-17,0,2.818165476679899e-06,1.0
0000882291,AEMD,2002-01-18,0,2.818165476679899e-06,1.0
0000882291,AEMD,2002-01-21,0,2.818165476679899e-06,1.0
0000882291,AEMD,2002-01-22,0,2.818165476679899e-06,1.0
0000882291,AEMD,2002-01-23,0,2.818165476679899e-06,1.0
0000882291,AEMD,2002-01-24,0,2.818165476679899e-06,1.0
0000882291,AEMD,2002-01-25,0,2.818165476679899e-06,1.0
0000882291,AEMD,2002-01-28,0,6.427091720289454e-06,1.0
0000882291,AEMD,2002-01-29,0,6.427091720289454e-06,1.0
0000882291,AEMD,2002-01-30,0,6.427091720289454e-06,1.0
0000882291,AEMD,2002-01-31,0,6.427091720289454e-06,1.0
0000882291,AEMD,2002-02-01,0,6.427091720289454e-06,1.0
0000882291,AEMD,2002-02-04,0,6.427091720289454e-06,1.0
0000882291,AEMD,2002-02-05,0,6.427091720289454e-06,1.0
0000882291,AEMD,2002-02-06,0,6.427091720289454e-06,1.0
0000882291,AEMD,2002-02-07,0,6.427091720289454e-06,1.0
0000882291,AEMD,2002-02-08,0,6.427091720289454e-06,1.0
0000882291,AEMD,2002-02-11,0,6.427091720289454e-06,1.0
0000882291,AEMD,2002-02-12,0,6.427091720289454e-06,1.0
0000882291,AEMD,2002-02-13,0,6.427091720289454e-06,1.0
0000882291,AEMD,2002-02-14,0,6.427091720289454e-06,1.0
0000882291,AEMD,2002-02-15,0,6.427091720289454e-06,1.0
0000882291,AEMD,2002-02-18,0,6.427091720289454e-06,1.0
0000882291,AEMD,2002-02-19,0,6.427091720289454e-06,1.0
0000882291,AEMD,2002-02-20,0,6.427091720289454e-06,1.0
0000882291,AEMD,2002-02-21,0,6.427091720289454e-06,1.0
0000882291,AEMD,2002-02-22,0,6.427091720289454e-06,1.0
0000882291,AEMD,2002-02-25,0,6.427091720289454e-06,1.0
0000882291,AEMD,2002-02-26,0,6.427091720289454e-06,1.0
0000882291,AEMD,2002-02-27,0,6.427091720289454e-06,1.0
0000882291,AEMD,2002-02-28,0,6.427091720289454e-06,1.0
0000882291,AEMD,2002-03-01,0,6.427091720289454e-06,1.0
0000882291,AEMD,2002-03-04,0,6.427091720289454e-06,1.0
0000882291,AEMD,2002-03-05,0,6.427091720289454e-06,1.0
0000882291,AEMD,2002-03-06,0,6.427091720289454e-06,1.0
0000882291,AEMD,2002-03-07,0,6.427091720289454e-06,1.0
0000882291,AEMD,2002-03-08,0,6.427091720289454e-06,1.0
0000882291,AEMD,2002-03-11,0,6.427091720289454e-06,1.0
0000882291,AEMD,2002-03-12,0,6.427091720289454e-06,1.0
0000882291,AEMD,2002-03-13,0,6.427091720289454e-06,1.0
0000882291,AEMD,2002-03-14,0,6.427091720289454e-06,1.0
0000882291,AEMD,2002-03-15,0,6.427091720289454e-06,1.0
0000882291,AEMD,2002-03-18,0,6.427091720289454e-06,1.0
0000882291,AEMD,2002-03-19,0,6.427091720289454e-06,1.0
0000882291,AEMD,2002-03-20,0,6.427091720289454e-06,1.0
0000882291,AEMD,2002-03-21,0,6.427091720289454e-06,1.0
0000882291,AEMD,2002-03-22,0,6.427091720289454e-06,1.0
0000882291,AEMD,2002-03-25,0,6.427091720289454e-06,1.0
0000882291,AEMD,2002-03-26,0,6.427091720289454e-06,1.0
0000882291,AEMD,2002-03-27,0,6.427091720289454e-06,1.0
0000882291,AEMD,2002-03-28,0,6.427091720289454e-06,1.0
0000882291,AEMD,2002-03-29,0,6.427091720289454e-06,1.0
0000882291,AEMD,2002-04-01,0,6.427091720289454e-06,1.0
0000882291,AEMD,2002-04-02,0,6.427091720289454e-06,1.0
0000882291,AEMD,2002-04-03,0,6.427091720289454e-06,1.0
0000882291,AEMD,2002-04-04,0,6.427091720289454e-06,1.0
0000882291,AEMD,2002-04-05,0,6.427091720289454e-06,1.0
0000882291,AEMD,2002-04-08,0,6.427091720289454e-06,1.0
0000882291,AEMD,2002-04-09,0,6.427091720289454e-06,1.0
0000882291,AEMD,2002-04-10,0,6.427091720289454e-06,1.0
0000882291,AEMD,2002-04-11,0,6.427091720289454e-06,1.0
0000882291,AEMD,2002-04-12,0,6.427091720289454e-06,1.0
0000882291,AEMD,2002-04-15,0,6.427091720289454e-06,1.0
0000882291,AEMD,2002-04-16,0,6.427091720289454e-06,1.0
0000882291,AEMD,2002-04-17,0,6.427091720289454e-06,1.0
0000882291,AEMD,2002-04-18,0,6.427091720289454e-06,1.0
0000882291,AEMD,2002-04-19,0,6.427091720289454e-06,1.0
0000882291,AEMD,2002-04-22,0,6.427091720289454e-06,1.0
0000882291,AEMD,2002-04-23,0,6.427091720289454e-06,1.0
0000882291,AEMD,2002-04-24,0,6.427091720289454e-06,1.0
0000882291,AEMD,2002-04-25,0,6.427091720289454e-06,1.0
0000882291,AEMD,2002-04-26,0,6.427091720289454e-06,1.0
0000882291,AEMD,2002-04-29,0,6.427091720289454e-06,1.0
0000882291,AEMD,2002-04-30,0,6.427091720289454e-06,1.0
0000882291,AEMD,2002-05-01,0,6.427091720289454e-06,1.0
0000882291,AEMD,2002-05-02,0,6.427091720289454e-06,1.0
0000882291,AEMD,2002-05-03,0,6.427091720289454e-06,1.0
0000882291,AEMD,2002-05-06,0,6.427091720289454e-06,1.0
0000882291,AEMD,2002-05-07,0,6.427091720289454e-06,1.0
0000882291,AEMD,2002-05-08,0,6.427091720289454e-06,1.0
0000882291,AEMD,2002-05-09,0,6.427091720289454e-06,1.0
0000882291,AEMD,2002-05-10,0,6.427091720289454e-06,1.0
0000882291,AEMD,2002-05-13,0,6.427091720289454e-06,1.0
0000882291,AEMD,2002-05-14,0,6.427091720289454e-06,1.0
0000882291,AEMD,2002-05-15,0,6.427091720289454e-06,1.0
0000882291,AEMD,2002-05-16,0,6.427091720289454e-06,1.0
0000882291,AEMD,2002-05-17,0,6.427091720289454e-06,1.0
0000882291,AEMD,2002-05-20,0,6.427091720289454e-06,1.0
0000882291,AEMD,2002-05-21,0,6.427091720289454e-06,1.0
0000882291,AEMD,2002-05-22,0,6.427091720289454e-06,1.0
0000882291,AEMD,2002-05-23,0,6.427091720289454e-06,1.0
0000882291,AEMD,2002-05-24,0,6.427091720289454e-06,1.0
0000882291,AEMD,2002-05-27,0,6.427091720289454e-06,1.0
0000882291,AEMD,2002-05-28,0,6.427091720289454e-06,1.0
0000882291,AEMD,2002-05-29,0,6.427091720289454e-06,1.0
0000882291,AEMD,2002-05-30,0,6.427091720289454e-06,1.0
0000882291,AEMD,2002-05-31,0,6.427091720289454e-06,1.0
0000882291,AEMD,2002-06-03,0,6.427091720289454e-06,1.0
0000882291,AEMD,2002-06-04,0,6.427091720289454e-06,1.0
0000882291,AEMD,2002-06-05,0,6.427091720289454e-06,1.0
0000882291,AEMD,2002-06-06,0,6.427091720289454e-06,1.0
0000882291,AEMD,2002-06-07,0,6.427091720289454e-06,1.0
0000882291,AEMD,2002-06-10,0,6.427091720289454e-06,1.0
0000882291,AEMD,2002-06-11,0,6.427091720289454e-06,1.0
0000882291,AEMD,2002-06-12,0,6.427091720289454e-06,1.0
0000882291,AEMD,2002-06-13,0,6.427091720289454e-06,1.0
0000882291,AEMD,2002-06-14,0,6.427091720289454e-06,1.0
0000882291,AEMD,2002-06-17,0,6.427091720289454e-06,1.0
0000882291,AEMD,2002-06-18,0,6.427091720289454e-06,1.0
0000882291,AEMD,2002-06-19,0,6.427091720289454e-06,1.0
0000882291,AEMD,2002-06-20,0,6.427091720289454e-06,1.0
0000882291,AEMD,2002-06-21,0,6.427091720289454e-06,1.0
0000882291,AEMD,2002-06-24,0,6.427091720289454e-06,1.0
0000882291,AEMD,2002-06-25,0,6.427091720289454e-06,1.0
0000882291,AEMD,2002-06-26,0,6.427091720289454e-06,1.0
0000882291,AEMD,2002-06-27,0,6.427091720289454e-06,1.0
0000882291,AEMD,2002-06-28,0,6.427091720289454e-06,1.0
0000882291,AEMD,2002-07-01,0,6.427091720289454e-06,1.0
0000882291,AEMD,2002-07-02,0,6.427091720289454e-06,1.0
0000882291,AEMD,2002-07-03,0,6.427091720289454e-06,1.0
0000882291,AEMD,2002-07-04,0,6.427091720289454e-06,1.0
0000882291,AEMD,2002-07-05,0,6.427091720289454e-06,1.0
0000882291,AEMD,2002-07-08,0,6.427091720289454e-06,1.0
0000882291,AEMD,2002-07-09,0,6.427091720289454e-06,1.0
0000882291,AEMD,2002-07-10,0,6.427091720289454e-06,1.0
0000882291,AEMD,2002-07-11,0,6.427091720289454e-06,1.0
0000882291,AEMD,2002-07-12,0,6.427091720289454e-06,1.0
0000882291,AEMD,2002-07-15,0,6.427091720289454e-06,1.0
0000882291,AEMD,2002-07-16,0,6.427091720289454e-06,1.0
0000882291,AEMD,2002-07-17,0,6.427091720289454e-06,1.0
0000882291,AEMD,2002-07-18,0,6.427091720289454e-06,1.0
0000882291,AEMD,2002-07-19,0,6.427091720289454e-06,1.0
0000882291,AEMD,2002-07-22,0,6.427091720289454e-06,1.0
0000882291,AEMD,2002-07-23,0,6.427091720289454e-06,1.0
0000882291,AEMD,2002-07-24,0,6.427091720289454e-06,1.0
0000882291,AEMD,2002-07-25,0,6.427091720289454e-06,1.0
0000882291,AEMD,2002-07-26,0,6.427091720289454e-06,1.0
0000882291,AEMD,2002-07-29,0,6.427091720289454e-06,1.0
0000882291,AEMD,2002-07-30,0,6.427091720289454e-06,1.0
0000882291,AEMD,2002-07-31,0,6.427091720289454e-06,1.0
0000882291,AEMD,2002-08-01,0,6.427091720289454e-06,1.0
0000882291,AEMD,2002-08-02,0,6.427091720289454e-06,1.0
0000882291,AEMD,2002-08-05,0,6.427091720289454e-06,1.0
0000882291,AEMD,2002-08-06,0,6.427091720289454e-06,1.0
0000882291,AEMD,2002-08-07,0,6.427091720289454e-06,1.0
0000882291,AEMD,2002-08-08,0,6.427091720289454e-06,1.0
0000882291,AEMD,2002-08-09,0,6.427091720289454e-06,1.0
0000882291,AEMD,2002-08-12,0,6.427091720289454e-06,1.0
0000882291,AEMD,2002-08-13,0,6.427091720289454e-06,1.0
0000882291,AEMD,2002-08-14,0,6.427091720289454e-06,1.0
0000882291,AEMD,2002-08-15,0,6.427091720289454e-06,1.0
0000882291,AEMD,2002-08-16,0,6.427091720289454e-06,1.0
0000882291,AEMD,2002-08-19,0,6.427091720289454e-06,1.0
0000882291,AEMD,2002-08-20,0,6.427091720289454e-06,1.0
0000882291,AEMD,2002-08-21,0,6.427091720289454e-06,1.0
0000882291,AEMD,2002-08-22,0,6.427091720289454e-06,1.0
0000882291,AEMD,2002-08-23,0,6.427091720289454e-06,1.0
0000882291,AEMD,2002-08-26,0,6.427091720289454e-06,1.0
0000882291,AEMD,2002-08-27,0,6.427091720289454e-06,1.0
0000882291,AEMD,2002-08-28,0,6.427091720289454e-06,1.0
0000882291,AEMD,2002-08-29,0,6.427091720289454e-06,1.0
0000882291,AEMD,2002-08-30,0,6.427091720289454e-06,1.0
0000882291,AEMD,2002-09-02,0,6.427091720289454e-06,1.0
0000882291,AEMD,2002-09-03,0,6.427091720289454e-06,1.0
0000882291,AEMD,2002-09-04,0,6.427091720289454e-06,1.0
0000882291,AEMD,2002-09-05,0,6.427091720289454e-06,1.0
0000882291,AEMD,2002-09-06,0,6.427091720289454e-06,1.0
0000882291,AEMD,2002-09-09,0,6.427091720289454e-06,1.0
0000882291,AEMD,2002-09-10,0,6.427091720289454e-06,1.0
0000882291,AEMD,2002-09-11,0,6.427091720289454e-06,1.0
0000882291,AEMD,2002-09-12,0,6.427091720289454e-06,1.0
0000882291,AEMD,2002-09-13,0,6.427091720289454e-06,1.0
0000882291,AEMD,2002-09-16,0,6.427091720289454e-06,1.0
0000882291,AEMD,2002-09-17,0,6.427091720289454e-06,1.0
0000882291,AEMD,2002-09-18,0,6.427091720289454e-06,1.0
0000882291,AEMD,2002-09-19,0,6.427091720289454e-06,1.0
0000882291,AEMD,2002-09-20,0,6.427091720289454e-06,1.0
0000882291,AEMD,2002-09-23,0,6.427091720289454e-06,1.0
0000882291,AEMD,2002-09-24,0,6.427091720289454e-06,1.0
0000882291,AEMD,2002-09-25,0,6.427091720289454e-06,1.0
0000882291,AEMD,2002-09-26,0,6.427091720289454e-06,1.0
0000882291,AEMD,2002-09-27,0,6.427091720289454e-06,1.0
0000882291,AEMD,2002-09-30,0,6.427091720289454e-06,1.0
0000882291,AEMD,2002-10-01,0,6.427091720289454e-06,1.0
0000882291,AEMD,2002-10-02,0,6.427091720289454e-06,1.0
0000882291,AEMD,2002-10-03,0,6.427091720289454e-06,1.0
0000882291,AEMD,2002-10-04,0,6.427091720289454e-06,1.0
0000882291,AEMD,2002-10-07,0,6.427091720289454e-06,1.0
0000882291,AEMD,2002-10-08,0,6.427091720289454e-06,1.0
0000882291,AEMD,2002-10-09,0,6.427091720289454e-06,1.0
0000882291,AEMD,2002-10-10,0,6.427091720289454e-06,1.0
0000882291,AEMD,2002-10-11,0,6.427091720289454e-06,1.0
0000882291,AEMD,2002-10-14,0,6.427091720289454e-06,1.0
0000882291,AEMD,2002-10-15,0,6.427091720289454e-06,1.0
0000882291,AEMD,2002-10-16,0,6.427091720289454e-06,1.0
0000882291,AEMD,2002-10-17,0,6.427091720289454e-06,1.0
0000882291,AEMD,2002-10-18,0,6.427091720289454e-06,1.0
0000882291,AEMD,2002-10-21,0,6.427091720289454e-06,1.0
0000882291,AEMD,2002-10-22,0,6.427091720289454e-06,1.0
0000882291,AEMD,2002-10-23,0,6.427091720289454e-06,1.0
0000882291,AEMD,2002-10-24,0,6.427091720289454e-06,1.0
0000882291,AEMD,2002-10-25,0,6.427091720289454e-06,1.0
0000882291,AEMD,2002-10-28,0,6.427091720289454e-06,1.0
0000882291,AEMD,2002-10-29,0,6.427091720289454e-06,1.0
0000882291,AEMD,2002-10-30,0,6.427091720289454e-06,1.0
0000882291,AEMD,2002-10-31,0,6.427091720289454e-06,1.0
0000882291,AEMD,2002-11-01,0,6.427091720289454e-06,1.0
0000882291,AEMD,2002-11-04,0,6.427091720289454e-06,1.0
0000882291,AEMD,2002-11-05,0,6.427091720289454e-06,1.0
0000882291,AEMD,2002-11-06,0,6.427091720289454e-06,1.0
0000882291,AEMD,2002-11-07,0,6.427091720289454e-06,1.0
0000882291,AEMD,2002-11-08,0,6.427091720289454e-06,1.0
0000882291,AEMD,2002-11-11,0,6.427091720289454e-06,1.0
0000882291,AEMD,2002-11-12,0,6.427091720289454e-06,1.0
0000882291,AEMD,2002-11-13,0,6.427091720289454e-06,1.0
0000882291,AEMD,2002-11-14,0,6.427091720289454e-06,1.0
0000882291,AEMD,2002-11-15,0,6.427091720289454e-06,1.0
0000882291,AEMD,2002-11-18,0,6.427091720289454e-06,1.0
0000882291,AEMD,2002-11-19,0,6.427091720289454e-06,1.0
0000882291,AEMD,2002-11-20,0,6.427091720289454e-06,1.0
0000882291,AEMD,2002-11-21,0,6.427091720289454e-06,1.0
0000882291,AEMD,2002-11-22,0,6.427091720289454e-06,1.0
0000882291,AEMD,2002-11-25,0,6.427091720289454e-06,1.0
0000882291,AEMD,2002-11-26,0,6.427091720289454e-06,1.0
0000882291,AEMD,2002-11-27,0,6.427091720289454e-06,1.0
0000882291,AEMD,2002-11-28,0,6.427091720289454e-06,1.0
0000882291,AEMD,2002-11-29,0,6.427091720289454e-06,1.0
0000882291,AEMD,2002-12-02,0,6.427091720289454e-06,1.0
0000882291,AEMD,2002-12-03,0,6.427091720289454e-06,1.0
0000882291,AEMD,2002-12-04,0,6.427091720289454e-06,1.0
0000882291,AEMD,2002-12-05,0,6.427091720289454e-06,1.0
0000882291,AEMD,2002-12-06,0,6.427091720289454e-06,1.0
0000882291,AEMD,2002-12-09,0,6.427091720289454e-06,1.0
0000882291,AEMD,2002-12-10,0,6.427091720289454e-06,1.0
0000882291,AEMD,2002-12-11,0,6.427091720289454e-06,1.0
0000882291,AEMD,2002-12-12,0,6.427091720289454e-06,1.0
0000882291,AEMD,2002-12-13,0,6.427091720289454e-06,1.0
0000882291,AEMD,2002-12-16,0,6.427091720289454e-06,1.0
0000882291,AEMD,2002-12-17,0,6.427091720289454e-06,1.0
0000882291,AEMD,2002-12-18,0,6.427091720289454e-06,1.0
0000882291,AEMD,2002-12-19,0,6.427091720289454e-06,1.0
0000882291,AEMD,2002-12-20,0,6.427091720289454e-06,1.0
0000882291,AEMD,2002-12-23,0,6.427091720289454e-06,1.0
0000882291,AEMD,2002-12-24,0,6.427091720289454e-06,1.0
0000882291,AEMD,2002-12-25,0,6.427091720289454e-06,1.0
0000882291,AEMD,2002-12-26,0,6.427091720289454e-06,1.0
0000882291,AEMD,2002-12-27,0,6.427091720289454e-06,1.0
0000882291,AEMD,2002-12-30,0,6.427091720289454e-06,1.0
0000882291,AEMD,2002-12-31,0,6.427091720289454e-06,1.0
0000882291,AEMD,2003-01-01,0,6.427091720289454e-06,1.0
0000882291,AEMD,2003-01-02,0,6.427091720289454e-06,1.0
0000882291,AEMD,2003-01-03,0,6.427091720289454e-06,1.0
0000882291,AEMD,2003-01-06,0,6.427091720289454e-06,1.0
0000882291,AEMD,2003-01-07,0,6.427091720289454e-06,1.0
0000882291,AEMD,2003-01-08,0,6.427091720289454e-06,1.0
0000882291,AEMD,2003-01-09,0,6.427091720289454e-06,1.0
0000882291,AEMD,2003-01-10,0,6.427091720289454e-06,1.0
0000882291,AEMD,2003-01-13,0,6.427091720289454e-06,1.0
0000882291,AEMD,2003-01-14,0,6.427091720289454e-06,1.0
0000882291,AEMD,2003-01-15,0,6.427091720289454e-06,1.0
0000882291,AEMD,2003-01-16,0,6.427091720289454e-06,1.0
0000882291,AEMD,2003-01-17,0,6.427091720289454e-06,1.0
0000882291,AEMD,2003-01-20,0,6.427091720289454e-06,1.0
0000882291,AEMD,2003-01-21,0,6.427091720289454e-06,1.0
0000882291,AEMD,2003-01-22,0,6.427091720289454e-06,1.0
0000882291,AEMD,2003-01-23,0,6.427091720289454e-06,1.0
0000882291,AEMD,2003-01-24,0,6.427091720289454e-06,1.0
0000882291,AEMD,2003-01-27,0,6.427091720289454e-06,1.0
0000882291,AEMD,2003-01-28,0,6.427091720289454e-06,1.0
0000882291,AEMD,2003-01-29,0,6.427091720289454e-06,1.0
0000882291,AEMD,2003-01-30,0,6.427091720289454e-06,1.0
0000882291,AEMD,2003-01-31,0,6.427091720289454e-06,1.0
0000882291,AEMD,2003-02-03,0,6.427091720289454e-06,1.0
0000882291,AEMD,2003-02-04,0,6.427091720289454e-06,1.0
0000882291,AEMD,2003-02-05,0,6.427091720289454e-06,1.0
0000882291,AEMD,2003-02-06,0,6.427091720289454e-06,1.0
0000882291,AEMD,2003-02-07,0,6.427091720289454e-06,1.0
0000882291,AEMD,2003-02-10,0,6.427091720289454e-06,1.0
0000882291,AEMD,2003-02-11,0,6.427091720289454e-06,1.0
0000882291,AEMD,2003-02-12,0,6.427091720289454e-06,1.0
0000882291,AEMD,2003-02-13,0,6.427091720289454e-06,1.0
0000882291,AEMD,2003-02-14,0,6.427091720289454e-06,1.0
0000882291,AEMD,2003-02-17,0,6.427091720289454e-06,1.0
0000882291,AEMD,2003-02-18,0,6.427091720289454e-06,1.0
0000882291,AEMD,2003-02-19,0,6.427091720289454e-06,1.0
0000882291,AEMD,2003-02-20,0,6.427091720289454e-06,1.0
0000882291,AEMD,2003-02-21,0,6.427091720289454e-06,1.0
0000882291,AEMD,2003-02-24,0,6.427091720289454e-06,1.0
0000882291,AEMD,2003-02-25,0,6.427091720289454e-06,1.0
0000882291,AEMD,2003-02-26,0,6.427091720289454e-06,1.0
0000882291,AEMD,2003-02-27,0,6.427091720289454e-06,1.0
0000882291,AEMD,2003-02-28,0,6.427091720289454e-06,1.0
0000882291,AEMD,2003-03-03,0,6.427091720289454e-06,1.0
0000882291,AEMD,2003-03-04,0,6.427091720289454e-06,1.0
0000882291,AEMD,2003-03-05,0,6.427091720289454e-06,1.0
0000882291,AEMD,2003-03-06,0,6.427091720289454e-06,1.0
0000882291,AEMD,2003-03-07,0,6.427091720289454e-06,1.0
0000882291,AEMD,2003-03-10,0,6.427091720289454e-06,1.0
0000882291,AEMD,2003-03-11,0,6.427091720289454e-06,1.0
0000882291,AEMD,2003-03-12,0,6.427091720289454e-06,1.0
0000882291,AEMD,2003-03-13,0,6.427091720289454e-06,1.0
0000882291,AEMD,2003-03-14,0,6.427091720289454e-06,1.0
0000882291,AEMD,2003-03-17,0,6.427091720289454e-06,1.0
0000882291,AEMD,2003-03-18,0,6.427091720289454e-06,1.0
0000882291,AEMD,2003-03-19,0,6.427091720289454e-06,1.0
0000882291,AEMD,2003-03-20,0,6.427091720289454e-06,1.0
0000882291,AEMD,2003-03-21,0,6.427091720289454e-06,1.0
0000882291,AEMD,2003-03-24,0,6.427091720289454e-06,1.0
0000882291,AEMD,2003-03-25,0,6.427091720289454e-06,1.0
0000882291,AEMD,2003-03-26,0,6.427091720289454e-06,1.0
0000882291,AEMD,2003-03-27,0,6.427091720289454e-06,1.0
0000882291,AEMD,2003-03-28,0,6.427091720289454e-06,1.0
0000882291,AEMD,2003-03-31,0,6.427091720289454e-06,1.0
0000882291,AEMD,2003-04-01,0,6.427091720289454e-06,1.0
0000882291,AEMD,2003-04-02,0,6.427091720289454e-06,1.0
0000882291,AEMD,2003-04-03,0,6.427091720289454e-06,1.0
0000882291,AEMD,2003-04-04,0,6.427091720289454e-06,1.0
0000882291,AEMD,2003-04-07,0,6.427091720289454e-06,1.0
0000882291,AEMD,2003-04-08,0,6.427091720289454e-06,1.0
0000882291,AEMD,2003-04-09,0,6.427091720289454e-06,1.0
0000882291,AEMD,2003-04-10,0,6.427091720289454e-06,1.0
0000882291,AEMD,2003-04-11,0,6.427091720289454e-06,1.0
0000882291,AEMD,2003-04-14,0,6.427091720289454e-06,1.0
0000882291,AEMD,2003-04-15,0,6.427091720289454e-06,1.0
0000882291,AEMD,2003-04-16,0,6.427091720289454e-06,1.0
0000882291,AEMD,2003-04-17,0,6.427091720289454e-06,1.0
0000882291,AEMD,2003-04-18,0,6.427091720289454e-06,1.0
0000882291,AEMD,2003-04-21,0,6.427091720289454e-06,1.0
0000882291,AEMD,2003-04-22,0,6.427091720289454e-06,1.0
0000882291,AEMD,2003-04-23,0,6.427091720289454e-06,1.0
0000882291,AEMD,2003-04-24,0,6.427091720289454e-06,1.0
0000882291,AEMD,2003-04-25,0,6.427091720289454e-06,1.0
0000882291,AEMD,2003-04-28,0,6.427091720289454e-06,1.0
0000882291,AEMD,2003-04-29,0,6.427091720289454e-06,1.0
0000882291,AEMD,2003-04-30,0,6.427091720289454e-06,1.0
0000882291,AEMD,2003-05-01,0,6.427091720289454e-06,1.0
0000882291,AEMD,2003-05-02,0,6.427091720289454e-06,1.0
0000882291,AEMD,2003-05-05,0,6.427091720289454e-06,1.0
0000882291,AEMD,2003-05-06,0,6.427091720289454e-06,1.0
0000882291,AEMD,2003-05-07,0,6.427091720289454e-06,1.0
0000882291,AEMD,2003-05-08,0,6.427091720289454e-06,1.0
0000882291,AEMD,2003-05-09,0,6.427091720289454e-06,1.0
0000882291,AEMD,2003-05-12,0,6.427091720289454e-06,1.0
0000882291,AEMD,2003-05-13,0,6.427091720289454e-06,1.0
0000882291,AEMD,2003-05-14,0,6.427091720289454e-06,1.0
0000882291,AEMD,2003-05-15,0,6.427091720289454e-06,1.0
0000882291,AEMD,2003-05-16,0,6.427091720289454e-06,1.0
0000882291,AEMD,2003-05-19,0,6.427091720289454e-06,1.0
0000882291,AEMD,2003-05-20,0,6.427091720289454e-06,1.0
0000882291,AEMD,2003-05-21,0,6.427091720289454e-06,1.0
0000882291,AEMD,2003-05-22,0,6.427091720289454e-06,1.0
0000882291,AEMD,2003-05-23,0,6.427091720289454e-06,1.0
0000882291,AEMD,2003-05-26,0,6.427091720289454e-06,1.0
0000882291,AEMD,2003-05-27,0,6.427091720289454e-06,1.0
0000882291,AEMD,2003-05-28,0,6.427091720289454e-06,1.0
0000882291,AEMD,2003-05-29,0,6.427091720289454e-06,1.0
0000882291,AEMD,2003-05-30,0,6.427091720289454e-06,1.0
0000882291,AEMD,2003-06-02,0,6.427091720289454e-06,1.0
0000882291,AEMD,2003-06-03,0,6.427091720289454e-06,1.0
0000882291,AEMD,2003-06-04,0,6.427091720289454e-06,1.0
0000882291,AEMD,2003-06-05,0,6.427091720289454e-06,1.0
0000882291,AEMD,2003-06-06,0,6.427091720289454e-06,1.0
0000882291,AEMD,2003-06-09,0,6.427091720289454e-06,1.0
0000882291,AEMD,2003-06-10,0,6.427091720289454e-06,1.0
0000882291,AEMD,2003-06-11,0,6.427091720289454e-06,1.0
0000882291,AEMD,2003-06-12,0,6.427091720289454e-06,1.0
0000882291,AEMD,2003-06-13,0,6.427091720289454e-06,1.0
0000882291,AEMD,2003-06-16,0,6.427091720289454e-06,1.0
0000882291,AEMD,2003-06-17,0,6.427091720289454e-06,1.0
0000882291,AEMD,2003-06-18,0,6.427091720289454e-06,1.0
0000882291,AEMD,2003-06-19,0,6.427091720289454e-06,1.0
0000882291,AEMD,2003-06-20,0,6.427091720289454e-06,1.0
0000882291,AEMD,2003-06-23,0,6.427091720289454e-06,1.0
0000882291,AEMD,2003-06-24,0,6.427091720289454e-06,1.0
0000882291,AEMD,2003-06-25,0,6.427091720289454e-06,1.0
0000882291,AEMD,2003-06-26,0,6.427091720289454e-06,1.0
0000882291,AEMD,2003-06-27,0,6.427091720289454e-06,1.0
0000882291,AEMD,2003-06-30,0,6.427091720289454e-06,1.0
0000882291,AEMD,2003-07-01,0,6.427091720289454e-06,1.0
0000882291,AEMD,2003-07-02,0,6.427091720289454e-06,1.0
0000882291,AEMD,2003-07-03,0,6.427091720289454e-06,1.0
0000882291,AEMD,2003-07-04,0,6.427091720289454e-06,1.0
0000882291,AEMD,2003-07-07,0,6.427091720289454e-06,1.0
0000882291,AEMD,2003-07-08,0,6.427091720289454e-06,1.0
0000882291,AEMD,2003-07-09,0,6.427091720289454e-06,1.0
0000882291,AEMD,2003-07-10,0,6.427091720289454e-06,1.0
0000882291,AEMD,2003-07-11,0,6.427091720289454e-06,1.0
0000882291,AEMD,2003-07-14,0,6.427091720289454e-06,1.0
0000882291,AEMD,2003-07-15,0,6.427091720289454e-06,1.0
0000882291,AEMD,2003-07-16,0,6.427091720289454e-06,1.0
0000882291,AEMD,2003-07-17,0,6.427091720289454e-06,1.0
0000882291,AEMD,2003-07-18,0,6.427091720289454e-06,1.0
0000882291,AEMD,2003-07-21,0,6.427091720289454e-06,1.0
0000882291,AEMD,2003-07-22,0,6.427091720289454e-06,1.0
0000882291,AEMD,2003-07-23,0,6.427091720289454e-06,1.0
0000882291,AEMD,2003-07-24,0,6.427091720289454e-06,1.0
0000882291,AEMD,2003-07-25,0,6.427091720289454e-06,1.0
0000882291,AEMD,2003-07-28,0,6.427091720289454e-06,1.0
0000882291,AEMD,2003-07-29,0,6.427091720289454e-06,1.0
0000882291,AEMD,2003-07-30,0,6.427091720289454e-06,1.0
0000882291,AEMD,2003-07-31,0,6.427091720289454e-06,1.0
0000882291,AEMD,2003-08-01,0,6.427091720289454e-06,1.0
0000882291,AEMD,2003-08-04,0,6.427091720289454e-06,1.0
0000882291,AEMD,2003-08-05,0,6.427091720289454e-06,1.0
0000882291,AEMD,2003-08-06,0,6.427091720289454e-06,1.0
0000882291,AEMD,2003-08-07,0,6.427091720289454e-06,1.0
0000882291,AEMD,2003-08-08,0,6.427091720289454e-06,1.0
0000882291,AEMD,2003-08-11,0,6.427091720289454e-06,1.0
0000882291,AEMD,2003-08-12,0,6.427091720289454e-06,1.0
0000882291,AEMD,2003-08-13,0,6.427091720289454e-06,1.0
0000882291,AEMD,2003-08-14,0,6.427091720289454e-06,1.0
0000882291,AEMD,2003-08-15,0,6.427091720289454e-06,1.0
0000882291,AEMD,2003-08-18,0,6.427091720289454e-06,1.0
0000882291,AEMD,2003-08-19,0,6.427091720289454e-06,1.0
0000882291,AEMD,2003-08-20,0,6.427091720289454e-06,1.0
0000882291,AEMD,2003-08-21,0,6.427091720289454e-06,1.0
0000882291,AEMD,2003-08-22,0,6.427091720289454e-06,1.0
0000882291,AEMD,2003-08-25,0,6.427091720289454e-06,1.0
0000882291,AEMD,2003-08-26,0,6.427091720289454e-06,1.0
0000882291,AEMD,2003-08-27,0,6.427091720289454e-06,1.0
0000882291,AEMD,2003-08-28,0,6.427091720289454e-06,1.0
0000882291,AEMD,2003-08-29,0,6.427091720289454e-06,1.0
0000882291,AEMD,2003-09-01,0,6.427091720289454e-06,1.0
0000882291,AEMD,2003-09-02,0,6.427091720289454e-06,1.0
0000882291,AEMD,2003-09-03,0,6.427091720289454e-06,1.0
0000882291,AEMD,2003-09-04,0,6.427091720289454e-06,1.0
0000882291,AEMD,2003-09-05,0,6.427091720289454e-06,1.0
0000882291,AEMD,2003-09-08,0,6.427091720289454e-06,1.0
0000882291,AEMD,2003-09-09,0,6.427091720289454e-06,1.0
0000882291,AEMD,2003-09-10,0,6.427091720289454e-06,1.0
0000882291,AEMD,2003-09-11,0,6.427091720289454e-06,1.0
0000882291,AEMD,2003-09-12,0,6.427091720289454e-06,1.0
0000882291,AEMD,2003-09-15,0,6.427091720289454e-06,1.0
0000882291,AEMD,2003-09-16,0,6.427091720289454e-06,1.0
0000882291,AEMD,2003-09-17,0,6.427091720289454e-06,1.0
0000882291,AEMD,2003-09-18,0,6.427091720289454e-06,1.0
0000882291,AEMD,2003-09-19,0,6.427091720289454e-06,1.0
0000882291,AEMD,2003-09-22,0,6.427091720289454e-06,1.0
0000882291,AEMD,2003-09-23,0,6.427091720289454e-06,1.0
0000882291,AEMD,2003-09-24,0,6.427091720289454e-06,1.0
0000882291,AEMD,2003-09-25,0,6.427091720289454e-06,1.0
0000882291,AEMD,2003-09-26,0,6.427091720289454e-06,1.0
0000882291,AEMD,2003-09-29,0,6.427091720289454e-06,1.0
0000882291,AEMD,2003-09-30,0,6.427091720289454e-06,1.0
0000882291,AEMD,2003-10-01,0,6.427091720289454e-06,1.0
0000882291,AEMD,2003-10-02,0,6.427091720289454e-06,1.0
0000882291,AEMD,2003-10-03,0,6.427091720289454e-06,1.0
0000882291,AEMD,2003-10-06,0,6.427091720289454e-06,1.0
0000882291,AEMD,2003-10-07,0,6.427091720289454e-06,1.0
0000882291,AEMD,2003-10-08,0,6.427091720289454e-06,1.0
0000882291,AEMD,2003-10-09,0,6.427091720289454e-06,1.0
0000882291,AEMD,2003-10-10,0,6.427091720289454e-06,1.0
0000882291,AEMD,2003-10-13,0,6.427091720289454e-06,1.0
0000882291,AEMD,2003-10-14,0,6.427091720289454e-06,1.0
0000882291,AEMD,2003-10-15,0,6.427091720289454e-06,1.0
0000882291,AEMD,2003-10-16,0,6.427091720289454e-06,1.0
0000882291,AEMD,2003-10-17,0,6.427091720289454e-06,1.0
0000882291,AEMD,2003-10-20,0,6.427091720289454e-06,1.0
0000882291,AEMD,2003-10-21,0,6.427091720289454e-06,1.0
0000882291,AEMD,2003-10-22,0,6.427091720289454e-06,1.0
0000882291,AEMD,2003-10-23,0,6.427091720289454e-06,1.0
0000882291,AEMD,2003-10-24,0,6.427091720289454e-06,1.0
0000882291,AEMD,2003-10-27,0,6.427091720289454e-06,1.0
0000882291,AEMD,2003-10-28,0,6.427091720289454e-06,1.0
0000882291,AEMD,2003-10-29,0,6.427091720289454e-06,1.0
0000882291,AEMD,2003-10-30,0,6.427091720289454e-06,1.0
0000882291,AEMD,2003-10-31,0,6.427091720289454e-06,1.0
0000882291,AEMD,2003-11-03,0,6.427091720289454e-06,1.0
0000882291,AEMD,2003-11-04,0,6.427091720289454e-06,1.0
0000882291,AEMD,2003-11-05,0,6.427091720289454e-06,1.0
0000882291,AEMD,2003-11-06,0,6.427091720289454e-06,1.0
0000882291,AEMD,2003-11-07,0,6.427091720289454e-06,1.0
0000882291,AEMD,2003-11-10,0,6.427091720289454e-06,1.0
0000882291,AEMD,2003-11-11,0,6.427091720289454e-06,1.0
0000882291,AEMD,2003-11-12,0,6.427091720289454e-06,1.0
0000882291,AEMD,2003-11-13,0,6.427091720289454e-06,1.0
0000882291,AEMD,2003-11-14,0,6.427091720289454e-06,1.0
0000882291,AEMD,2003-11-17,0,6.427091720289454e-06,1.0
0000882291,AEMD,2003-11-18,0,6.427091720289454e-06,1.0
0000882291,AEMD,2003-11-19,0,6.427091720289454e-06,1.0
0000882291,AEMD,2003-11-20,0,6.427091720289454e-06,1.0
0000882291,AEMD,2003-11-21,0,6.427091720289454e-06,1.0
0000882291,AEMD,2003-11-24,0,6.427091720289454e-06,1.0
0000882291,AEMD,2003-11-25,0,6.427091720289454e-06,1.0
0000882291,AEMD,2003-11-26,0,6.427091720289454e-06,1.0
0000882291,AEMD,2003-11-27,0,6.427091720289454e-06,1.0
0000882291,AEMD,2003-11-28,0,6.427091720289454e-06,1.0
0000882291,AEMD,2003-12-01,0,6.427091720289454e-06,1.0
0000882291,AEMD,2003-12-02,0,6.427091720289454e-06,1.0
0000882291,AEMD,2003-12-03,0,6.427091720289454e-06,1.0
0000882291,AEMD,2003-12-04,0,6.427091720289454e-06,1.0
0000882291,AEMD,2003-12-05,0,6.427091720289454e-06,1.0
0000882291,AEMD,2003-12-08,0,6.427091720289454e-06,1.0
0000882291,AEMD,2003-12-09,0,6.427091720289454e-06,1.0
0000882291,AEMD,2003-12-10,0,6.427091720289454e-06,1.0
0000882291,AEMD,2003-12-11,0,6.427091720289454e-06,1.0
0000882291,AEMD,2003-12-12,0,6.427091720289454e-06,1.0
0000882291,AEMD,2003-12-15,0,6.427091720289454e-06,1.0
0000882291,AEMD,2003-12-16,0,6.427091720289454e-06,1.0
0000882291,AEMD,2003-12-17,0,6.427091720289454e-06,1.0
0000882291,AEMD,2003-12-18,0,6.427091720289454e-06,1.0
0000882291,AEMD,2003-12-19,0,6.427091720289454e-06,1.0
0000882291,AEMD,2003-12-22,0,6.427091720289454e-06,1.0
0000882291,AEMD,2003-12-23,0,6.427091720289454e-06,1.0
0000882291,AEMD,2003-12-24,0,6.427091720289454e-06,1.0
0000882291,AEMD,2003-12-25,0,6.427091720289454e-06,1.0
0000882291,AEMD,2003-12-26,0,6.427091720289454e-06,1.0
0000882291,AEMD,2003-12-29,0,6.427091720289454e-06,1.0
0000882291,AEMD,2003-12-30,0,6.427091720289454e-06,1.0
0000882291,AEMD,2003-12-31,0,6.427091720289454e-06,1.0
0000882291,AEMD,2004-01-01,0,6.427091720289454e-06,1.0
0000882291,AEMD,2004-01-02,0,6.427091720289454e-06,1.0
0000882291,AEMD,2004-01-05,0,6.427091720289454e-06,1.0
0000882291,AEMD,2004-01-06,0,6.427091720289454e-06,1.0
0000882291,AEMD,2004-01-07,0,6.427091720289454e-06,1.0
0000882291,AEMD,2004-01-08,0,6.427091720289454e-06,1.0
0000882291,AEMD,2004-01-09,0,6.427091720289454e-06,1.0
0000882291,AEMD,2004-01-12,0,6.427091720289454e-06,1.0
0000882291,AEMD,2004-01-13,0,6.427091720289454e-06,1.0
0000882291,AEMD,2004-01-14,0,6.427091720289454e-06,1.0
0000882291,AEMD,2004-01-15,0,6.427091720289454e-06,1.0
0000882291,AEMD,2004-01-16,0,6.427091720289454e-06,1.0
0000882291,AEMD,2004-01-19,0,6.427091720289454e-06,1.0
0000882291,AEMD,2004-01-20,0,6.427091720289454e-06,1.0
0000882291,AEMD,2004-01-21,0,6.427091720289454e-06,1.0
0000882291,AEMD,2004-01-22,0,6.427091720289454e-06,1.0
0000882291,AEMD,2004-01-23,0,6.427091720289454e-06,1.0
0000882291,AEMD,2004-01-26,0,6.427091720289454e-06,1.0
0000882291,AEMD,2004-01-27,0,6.427091720289454e-06,1.0
0000882291,AEMD,2004-01-28,0,6.427091720289454e-06,1.0
0000882291,AEMD,2004-01-29,0,6.427091720289454e-06,1.0
0000882291,AEMD,2004-01-30,0,6.427091720289454e-06,1.0
0000882291,AEMD,2004-02-02,0,6.427091720289454e-06,1.0
0000882291,AEMD,2004-02-03,0,6.427091720289454e-06,1.0
0000882291,AEMD,2004-02-04,0,6.427091720289454e-06,1.0
0000882291,AEMD,2004-02-05,0,6.427091720289454e-06,1.0
0000882291,AEMD,2004-02-06,0,6.427091720289454e-06,1.0
0000882291,AEMD,2004-02-09,0,6.427091720289454e-06,1.0
0000882291,AEMD,2004-02-10,0,6.427091720289454e-06,1.0
0000882291,AEMD,2004-02-11,0,6.427091720289454e-06,1.0
0000882291,AEMD,2004-02-12,0,6.427091720289454e-06,1.0
0000882291,AEMD,2004-02-13,0,6.427091720289454e-06,1.0
0000882291,AEMD,2004-02-16,0,6.427091720289454e-06,1.0
0000882291,AEMD,2004-02-17,0,6.427091720289454e-06,1.0
0000882291,AEMD,2004-02-18,0,6.427091720289454e-06,1.0
0000882291,AEMD,2004-02-19,0,6.427091720289454e-06,1.0
0000882291,AEMD,2004-02-20,0,6.427091720289454e-06,1.0
0000882291,AEMD,2004-02-23,0,6.427091720289454e-06,1.0
0000882291,AEMD,2004-02-24,0,6.427091720289454e-06,1.0
0000882291,AEMD,2004-02-25,0,6.427091720289454e-06,1.0
0000882291,AEMD,2004-02-26,0,6.427091720289454e-06,1.0
0000882291,AEMD,2004-02-27,0,6.427091720289454e-06,1.0
0000882291,AEMD,2004-03-01,0,6.427091720289454e-06,1.0
0000882291,AEMD,2004-03-02,0,6.427091720289454e-06,1.0
0000882291,AEMD,2004-03-03,0,6.427091720289454e-06,1.0
0000882291,AEMD,2004-03-04,0,6.427091720289454e-06,1.0
0000882291,AEMD,2004-03-05,0,6.427091720289454e-06,1.0
0000882291,AEMD,2004-03-08,0,6.427091720289454e-06,1.0
0000882291,AEMD,2004-03-09,0,6.427091720289454e-06,1.0
0000882291,AEMD,2004-03-10,0,6.427091720289454e-06,1.0
0000882291,AEMD,2004-03-11,0,6.427091720289454e-06,1.0
0000882291,AEMD,2004-03-12,0,6.427091720289454e-06,1.0
0000882291,AEMD,2004-03-15,0,6.427091720289454e-06,1.0
0000882291,AEMD,2004-03-16,0,6.427091720289454e-06,1.0
0000882291,AEMD,2004-03-17,0,6.427091720289454e-06,1.0
0000882291,AEMD,2004-03-18,0,6.427091720289454e-06,1.0
0000882291,AEMD,2004-03-19,0,6.427091720289454e-06,1.0
0000882291,AEMD,2004-03-22,0,6.427091720289454e-06,1.0
0000882291,AEMD,2004-03-23,0,6.427091720289454e-06,1.0
0000882291,AEMD,2004-03-24,0,6.427091720289454e-06,1.0
0000882291,AEMD,2004-03-25,0,6.427091720289454e-06,1.0
0000882291,AEMD,2004-03-26,0,6.427091720289454e-06,1.0
0000882291,AEMD,2004-03-29,0,6.427091720289454e-06,1.0
0000882291,AEMD,2004-03-30,0,6.427091720289454e-06,1.0
0000882291,AEMD,2004-03-31,0,6.427091720289454e-06,1.0
0000882291,AEMD,2004-04-01,0,6.427091720289454e-06,1.0
0000882291,AEMD,2004-04-02,0,6.427091720289454e-06,1.0
0000882291,AEMD,2004-04-05,0,6.427091720289454e-06,1.0
0000882291,AEMD,2004-04-06,0,6.427091720289454e-06,1.0
0000882291,AEMD,2004-04-07,0,6.427091720289454e-06,1.0
0000882291,AEMD,2004-04-08,0,6.427091720289454e-06,1.0
0000882291,AEMD,2004-04-09,0,6.427091720289454e-06,1.0
0000882291,AEMD,2004-04-12,0,6.427091720289454e-06,1.0
0000882291,AEMD,2004-04-13,0,6.427091720289454e-06,1.0
0000882291,AEMD,2004-04-14,0,6.427091720289454e-06,1.0
0000882291,AEMD,2004-04-15,0,6.427091720289454e-06,1.0
0000882291,AEMD,2004-04-16,0,6.427091720289454e-06,1.0
0000882291,AEMD,2004-04-19,0,6.427091720289454e-06,1.0
0000882291,AEMD,2004-04-20,0,6.427091720289454e-06,1.0
0000882291,AEMD,2004-04-21,0,6.427091720289454e-06,1.0
0000882291,AEMD,2004-04-22,0,6.427091720289454e-06,1.0
0000882291,AEMD,2004-04-23,0,6.427091720289454e-06,1.0
0000882291,AEMD,2004-04-26,0,6.427091720289454e-06,1.0
0000882291,AEMD,2004-04-27,0,6.427091720289454e-06,1.0
0000882291,AEMD,2004-04-28,0,6.427091720289454e-06,1.0
0000882291,AEMD,2004-04-29,0,6.427091720289454e-06,1.0
0000882291,AEMD,2004-04-30,0,6.427091720289454e-06,1.0
0000882291,AEMD,2004-05-03,0,6.427091720289454e-06,1.0
0000882291,AEMD,2004-05-04,0,6.427091720289454e-06,1.0
0000882291,AEMD,2004-05-05,0,6.427091720289454e-06,1.0
0000882291,AEMD,2004-05-06,0,6.427091720289454e-06,1.0
0000882291,AEMD,2004-05-07,0,6.427091720289454e-06,1.0
0000882291,AEMD,2004-05-10,0,6.427091720289454e-06,1.0
0000882291,AEMD,2004-05-11,0,6.427091720289454e-06,1.0
0000882291,AEMD,2004-05-12,0,6.427091720289454e-06,1.0
0000882291,AEMD,2004-05-13,0,6.427091720289454e-06,1.0
0000882291,AEMD,2004-05-14,0,6.427091720289454e-06,1.0
0000882291,AEMD,2004-05-17,0,6.427091720289454e-06,1.0
0000882291,AEMD,2004-05-18,0,6.427091720289454e-06,1.0
0000882291,AEMD,2004-05-19,0,6.427091720289454e-06,1.0
0000882291,AEMD,2004-05-20,0,6.427091720289454e-06,1.0
0000882291,AEMD,2004-05-21,0,6.427091720289454e-06,1.0
0000882291,AEMD,2004-05-24,0,6.427091720289454e-06,1.0
0000882291,AEMD,2004-05-25,0,6.427091720289454e-06,1.0
0000882291,AEMD,2004-05-26,0,6.427091720289454e-06,1.0
0000882291,AEMD,2004-05-27,0,6.427091720289454e-06,1.0
0000882291,AEMD,2004-05-28,0,6.427091720289454e-06,1.0
0000882291,AEMD,2004-05-31,0,6.427091720289454e-06,1.0
0000882291,AEMD,2004-06-01,0,6.427091720289454e-06,1.0
0000882291,AEMD,2004-06-02,0,6.427091720289454e-06,1.0
0000882291,AEMD,2004-06-03,0,6.427091720289454e-06,1.0
0000882291,AEMD,2004-06-04,0,6.427091720289454e-06,1.0
0000882291,AEMD,2004-06-07,0,6.427091720289454e-06,1.0
0000882291,AEMD,2004-06-08,0,6.427091720289454e-06,1.0
0000882291,AEMD,2004-06-09,0,4.034518671998458e-06,1.0
0000882291,AEMD,2004-06-10,0,4.034518671998458e-06,1.0
0000882291,AEMD,2004-06-11,0,4.034518671998458e-06,1.0
0000882291,AEMD,2004-06-14,0,4.034518671998458e-06,1.0
0000882291,AEMD,2004-06-15,0,4.034518671998458e-06,1.0
0000882291,AEMD,2004-06-16,0,4.034518671998458e-06,1.0
0000882291,AEMD,2004-06-17,0,4.034518671998458e-06,1.0
0000882291,AEMD,2004-06-18,0,4.034518671998458e-06,1.0
0000882291,AEMD,2004-06-21,0,4.034518671998458e-06,1.0
0000882291,AEMD,2004-06-22,0,4.034518671998458e-06,1.0
0000882291,AEMD,2004-06-23,0,4.034518671998458e-06,1.0
0000882291,AEMD,2004-06-24,0,4.034518671998458e-06,1.0
0000882291,AEMD,2004-06-25,0,4.034518671998458e-06,1.0
0000882291,AEMD,2004-06-28,0,4.034518671998458e-06,1.0
0000882291,AEMD,2004-06-29,0,4.034518671998458e-06,1.0
0000882291,AEMD,2004-06-30,0,4.034518671998458e-06,1.0
0000882291,AEMD,2004-07-01,0,4.034518671998458e-06,1.0
0000882291,AEMD,2004-07-02,0,4.034518671998458e-06,1.0
0000882291,AEMD,2004-07-05,0,4.034518671998458e-06,1.0
0000882291,AEMD,2004-07-06,0,4.034518671998458e-06,1.0
0000882291,AEMD,2004-07-07,0,4.034518671998458e-06,1.0
0000882291,AEMD,2004-07-08,0,4.034518671998458e-06,1.0
0000882291,AEMD,2004-07-09,0,3.7765505980427033e-06,1.0
0000882291,AEMD,2004-07-12,0,3.7765505980427033e-06,1.0
0000882291,AEMD,2004-07-13,0,3.7765505980427033e-06,1.0
0000882291,AEMD,2004-07-14,0,3.7765505980427033e-06,1.0
0000882291,AEMD,2004-07-15,0,3.7765505980427033e-06,1.0
0000882291,AEMD,2004-07-16,0,3.7765505980427033e-06,1.0
0000882291,AEMD,2004-07-19,0,3.7765505980427033e-06,1.0
0000882291,AEMD,2004-07-20,0,3.7765505980427033e-06,1.0
0000882291,AEMD,2004-07-21,0,3.7765505980427033e-06,1.0
0000882291,AEMD,2004-07-22,0,3.7765505980427033e-06,1.0
0000882291,AEMD,2004-07-23,0,3.7765505980427033e-06,1.0
0000882291,AEMD,2004-07-26,0,3.7765505980427033e-06,1.0
0000882291,AEMD,2004-07-27,0,3.7765505980427033e-06,1.0
0000882291,AEMD,2004-07-28,0,3.7765505980427033e-06,1.0
0000882291,AEMD,2004-07-29,0,3.7765505980427033e-06,1.0
0000882291,AEMD,2004-07-30,0,3.7765505980427033e-06,1.0
0000882291,AEMD,2004-08-02,0,3.7765505980427033e-06,1.0
0000882291,AEMD,2004-08-03,0,3.7765505980427033e-06,1.0
0000882291,AEMD,2004-08-04,0,3.7765505980427033e-06,1.0
0000882291,AEMD,2004-08-05,0,3.7765505980427033e-06,1.0
0000882291,AEMD,2004-08-06,0,3.7765505980427033e-06,1.0
0000882291,AEMD,2004-08-09,0,3.7765505980427033e-06,1.0
0000882291,AEMD,2004-08-10,0,3.7765505980427033e-06,1.0
0000882291,AEMD,2004-08-11,0,3.7765505980427033e-06,1.0
0000882291,AEMD,2004-08-12,0,3.7765505980427033e-06,1.0
0000882291,AEMD,2004-08-13,0,3.7765505980427033e-06,1.0
0000882291,AEMD,2004-08-16,0,3.7765505980427033e-06,1.0
0000882291,AEMD,2004-08-17,0,3.7765505980427033e-06,1.0
0000882291,AEMD,2004-08-18,0,3.7765505980427033e-06,1.0
0000882291,AEMD,2004-08-19,0,3.7765505980427033e-06,1.0
0000882291,AEMD,2004-08-20,0,3.7765505980427033e-06,1.0
0000882291,AEMD,2004-08-23,0,3.7765505980427033e-06,1.0
0000882291,AEMD,2004-08-24,0,3.7765505980427033e-06,1.0
0000882291,AEMD,2004-08-25,0,3.7765505980427033e-06,1.0
0000882291,AEMD,2004-08-26,0,3.7765505980427033e-06,1.0
0000882291,AEMD,2004-08-27,0,3.7765505980427033e-06,1.0
0000882291,AEMD,2004-08-30,0,3.7765505980427033e-06,1.0
0000882291,AEMD,2004-08-31,0,3.7765505980427033e-06,1.0
0000882291,AEMD,2004-09-01,0,3.7765505980427033e-06,1.0
0000882291,AEMD,2004-09-02,0,3.7765505980427033e-06,1.0
0000882291,AEMD,2004-09-03,0,3.7765505980427033e-06,1.0
0000882291,AEMD,2004-09-06,0,3.7765505980427033e-06,1.0
0000882291,AEMD,2004-09-07,0,5.371376614560326e-06,1.0
0000882291,AEMD,2004-09-08,0,3.7092402623628784e-06,1.0
0000882291,AEMD,2004-09-09,0,3.7092402623628784e-06,1.0
0000882291,AEMD,2004-09-10,0,3.7092402623628784e-06,1.0
0000882291,AEMD,2004-09-13,0,3.7092402623628784e-06,1.0
0000882291,AEMD,2004-09-14,0,3.7092402623628784e-06,1.0
0000882291,AEMD,2004-09-15,0,3.7092402623628784e-06,1.0
0000882291,AEMD,2004-09-16,0,3.7092402623628784e-06,1.0
0000882291,AEMD,2004-09-17,0,3.7092402623628784e-06,1.0
0000882291,AEMD,2004-09-20,0,3.7092402623628784e-06,1.0
0000882291,AEMD,2004-09-21,0,3.7092402623628784e-06,1.0
0000882291,AEMD,2004-09-22,0,3.7092402623628784e-06,1.0
0000882291,AEMD,2004-09-23,0,3.7092402623628784e-06,1.0
0000882291,AEMD,2004-09-24,0,3.7092402623628784e-06,1.0
0000882291,AEMD,2004-09-27,0,3.7092402623628784e-06,1.0
0000882291,AEMD,2004-09-28,0,3.7092402623628784e-06,1.0
0000882291,AEMD,2004-09-29,0,3.7092402623628784e-06,1.0
0000882291,AEMD,2004-09-30,0,3.7092402623628784e-06,1.0
0000882291,AEMD,2004-10-01,0,3.7092402623628784e-06,1.0
0000882291,AEMD,2004-10-04,0,3.7092402623628784e-06,1.0
0000882291,AEMD,2004-10-05,0,3.7092402623628784e-06,1.0
0000882291,AEMD,2004-10-06,0,3.7092402623628784e-06,1.0
0000882291,AEMD,2004-10-07,0,3.7092402623628784e-06,1.0
0000882291,AEMD,2004-10-08,0,3.7092402623628784e-06,1.0
0000882291,AEMD,2004-10-11,0,3.7092402623628784e-06,1.0
0000882291,AEMD,2004-10-12,0,3.7092402623628784e-06,1.0
0000882291,AEMD,2004-10-13,0,3.7092402623628784e-06,1.0
0000882291,AEMD,2004-10-14,0,3.7092402623628784e-06,1.0
0000882291,AEMD,2004-10-15,0,3.7092402623628784e-06,1.0
0000882291,AEMD,2004-10-18,0,3.7092402623628784e-06,1.0
0000882291,AEMD,2004-10-19,0,3.7092402623628784e-06,1.0
0000882291,AEMD,2004-10-20,0,3.7092402623628784e-06,1.0
0000882291,AEMD,2004-10-21,0,3.7092402623628784e-06,1.0
0000882291,AEMD,2004-10-22,0,3.7092402623628784e-06,1.0
0000882291,AEMD,2004-10-25,0,3.7092402623628784e-06,1.0
0000882291,AEMD,2004-10-26,0,3.7092402623628784e-06,1.0
0000882291,AEMD,2004-10-27,0,3.7092402623628784e-06,1.0
0000882291,AEMD,2004-10-28,0,3.7092402623628784e-06,1.0
0000882291,AEMD,2004-10-29,0,3.7092402623628784e-06,1.0
0000882291,AEMD,2004-11-01,0,3.7092402623628784e-06,1.0
0000882291,AEMD,2004-11-02,0,3.7092402623628784e-06,1.0
0000882291,AEMD,2004-11-03,0,3.7092402623628784e-06,1.0
0000882291,AEMD,2004-11-04,0,3.7092402623628784e-06,1.0
0000882291,AEMD,2004-11-05,0,3.7092402623628784e-06,1.0
0000882291,AEMD,2004-11-08,0,3.7092402623628784e-06,1.0
0000882291,AEMD,2004-11-09,0,3.7092402623628784e-06,1.0
0000882291,AEMD,2004-11-10,0,3.7092402623628784e-06,1.0
0000882291,AEMD,2004-11-11,0,3.7092402623628784e-06,1.0
0000882291,AEMD,2004-11-12,0,3.7092402623628784e-06,1.0
0000882291,AEMD,2004-11-15,0,3.7092402623628784e-06,1.0
0000882291,AEMD,2004-11-16,0,3.7092402623628784e-06,1.0
0000882291,AEMD,2004-11-17,0,3.7092402623628784e-06,1.0
0000882291,AEMD,2004-11-18,0,3.7092402623628784e-06,1.0
0000882291,AEMD,2004-11-19,0,3.7092402623628784e-06,1.0
0000882291,AEMD,2004-11-22,0,3.7092402623628784e-06,1.0
0000882291,AEMD,2004-11-23,0,3.7092402623628784e-06,1.0
0000882291,AEMD,2004-11-24,0,3.7092402623628784e-06,1.0
0000882291,AEMD,2004-11-25,0,3.7092402623628784e-06,1.0
0000882291,AEMD,2004-11-26,0,3.7092402623628784e-06,1.0
0000882291,AEMD,2004-11-29,0,3.7092402623628784e-06,1.0
0000882291,AEMD,2004-11-30,0,3.7092402623628784e-06,1.0
0000882291,AEMD,2004-12-01,0,3.7092402623628784e-06,1.0
0000882291,AEMD,2004-12-02,0,3.7092402623628784e-06,1.0
0000882291,AEMD,2004-12-03,0,3.7092402623628784e-06,1.0
0000882291,AEMD,2004-12-06,0,4.9430997376987365e-06,1.0
0000882291,AEMD,2004-12-07,0,4.9430997376987365e-06,1.0
0000882291,AEMD,2004-12-08,0,4.9430997376987365e-06,1.0
0000882291,AEMD,2004-12-09,0,4.9430997376987365e-06,1.0
0000882291,AEMD,2004-12-10,0,4.9430997376987365e-06,1.0
0000882291,AEMD,2004-12-13,0,4.9430997376987365e-06,1.0
0000882291,AEMD,2004-12-14,0,4.9430997376987365e-06,1.0
0000882291,AEMD,2004-12-15,0,4.9430997376987365e-06,1.0
0000882291,AEMD,2004-12-16,0,4.9430997376987365e-06,1.0
0000882291,AEMD,2004-12-17,0,4.9430997376987365e-06,1.0
0000882291,AEMD,2004-12-20,0,4.9430997376987365e-06,1.0
0000882291,AEMD,2004-12-21,0,4.9430997376987365e-06,1.0
0000882291,AEMD,2004-12-22,0,4.9430997376987365e-06,1.0
0000882291,AEMD,2004-12-23,0,4.9430997376987365e-06,1.0
0000882291,AEMD,2004-12-24,0,4.9430997376987365e-06,1.0
0000882291,AEMD,2004-12-27,0,4.9430997376987365e-06,1.0
0000882291,AEMD,2004-12-28,0,4.9430997376987365e-06,1.0
0000882291,AEMD,2004-12-29,0,4.9430997376987365e-06,1.0
0000882291,AEMD,2004-12-30,0,4.9430997376987365e-06,1.0
0000882291,AEMD,2004-12-31,0,4.9430997376987365e-06,1.0
0000882291,AEMD,2005-01-03,0,4.9430997376987365e-06,1.0
0000882291,AEMD,2005-01-04,0,4.9430997376987365e-06,1.0
0000882291,AEMD,2005-01-05,0,4.9430997376987365e-06,1.0
0000882291,AEMD,2005-01-06,0,4.9430997376987365e-06,1.0
0000882291,AEMD,2005-01-07,0,4.9430997376987365e-06,1.0
0000882291,AEMD,2005-01-10,0,4.9430997376987365e-06,1.0
0000882291,AEMD,2005-01-11,0,4.9430997376987365e-06,1.0
0000882291,AEMD,2005-01-12,0,4.9430997376987365e-06,1.0
0000882291,AEMD,2005-01-13,0,4.9430997376987365e-06,1.0
0000882291,AEMD,2005-01-14,0,4.9430997376987365e-06,1.0
0000882291,AEMD,2005-01-17,0,4.9430997376987365e-06,1.0
0000882291,AEMD,2005-01-18,0,4.9430997376987365e-06,1.0
0000882291,AEMD,2005-01-19,0,4.9430997376987365e-06,1.0
0000882291,AEMD,2005-01-20,0,4.9430997376987365e-06,1.0
0000882291,AEMD,2005-01-21,0,4.9430997376987365e-06,1.0
0000882291,AEMD,2005-01-24,0,4.9430997376987365e-06,1.0
0000882291,AEMD,2005-01-25,0,4.9430997376987365e-06,1.0
0000882291,AEMD,2005-01-26,0,4.9430997376987365e-06,1.0
0000882291,AEMD,2005-01-27,0,4.9430997376987365e-06,1.0
0000882291,AEMD,2005-01-28,0,4.9430997376987365e-06,1.0
0000882291,AEMD,2005-01-31,0,4.9430997376987365e-06,1.0
0000882291,AEMD,2005-02-01,0,4.9430997376987365e-06,1.0
0000882291,AEMD,2005-02-02,0,4.9430997376987365e-06,1.0
0000882291,AEMD,2005-02-03,0,4.9430997376987365e-06,1.0
0000882291,AEMD,2005-02-04,0,4.9430997376987365e-06,1.0
0000882291,AEMD,2005-02-07,0,4.9430997376987365e-06,1.0
0000882291,AEMD,2005-02-08,0,4.9430997376987365e-06,1.0
0000882291,AEMD,2005-02-09,0,4.9430997376987365e-06,1.0
0000882291,AEMD,2005-02-10,0,4.9430997376987365e-06,1.0
0000882291,AEMD,2005-02-11,0,4.9430997376987365e-06,1.0
0000882291,AEMD,2005-02-14,0,4.9430997376987365e-06,1.0
0000882291,AEMD,2005-02-15,0,4.9430997376987365e-06,1.0
0000882291,AEMD,2005-02-16,0,4.9430997376987365e-06,1.0
0000882291,AEMD,2005-02-17,0,4.9430997376987365e-06,1.0
0000882291,AEMD,2005-02-18,0,4.9430997376987365e-06,1.0
0000882291,AEMD,2005-02-21,0,4.9430997376987365e-06,1.0
0000882291,AEMD,2005-02-22,0,4.9430997376987365e-06,1.0
0000882291,AEMD,2005-02-23,0,4.9430997376987365e-06,1.0
0000882291,AEMD,2005-02-24,0,4.9430997376987365e-06,1.0
0000882291,AEMD,2005-02-25,0,4.9430997376987365e-06,1.0
0000882291,AEMD,2005-02-28,0,4.9430997376987365e-06,1.0
0000882291,AEMD,2005-03-01,0,4.9430997376987365e-06,1.0
0000882291,AEMD,2005-03-02,0,4.9430997376987365e-06,1.0
0000882291,AEMD,2005-03-03,0,4.9430997376987365e-06,1.0
0000882291,AEMD,2005-03-04,0,4.9430997376987365e-06,1.0
0000882291,AEMD,2005-03-07,0,4.9430997376987365e-06,1.0
0000882291,AEMD,2005-03-08,0,4.9430997376987365e-06,1.0
0000882291,AEMD,2005-03-09,0,4.9430997376987365e-06,1.0
0000882291,AEMD,2005-03-10,0,4.9430997376987365e-06,1.0
0000882291,AEMD,2005-03-11,0,4.9430997376987365e-06,1.0
0000882291,AEMD,2005-03-14,0,4.9430997376987365e-06,1.0
0000882291,AEMD,2005-03-15,0,4.9430997376987365e-06,1.0
0000882291,AEMD,2005-03-16,0,4.9430997376987365e-06,1.0
0000882291,AEMD,2005-03-17,0,4.9430997376987365e-06,1.0
0000882291,AEMD,2005-03-18,0,4.9430997376987365e-06,1.0
0000882291,AEMD,2005-03-21,0,4.9430997376987365e-06,1.0
0000882291,AEMD,2005-03-22,0,4.9430997376987365e-06,1.0
0000882291,AEMD,2005-03-23,0,4.9430997376987365e-06,1.0
0000882291,AEMD,2005-03-24,0,4.9430997376987365e-06,1.0
0000882291,AEMD,2005-03-25,0,4.9430997376987365e-06,1.0
0000882291,AEMD,2005-03-28,0,4.9430997376987365e-06,1.0
0000882291,AEMD,2005-03-29,0,4.9430997376987365e-06,1.0
0000882291,AEMD,2005-03-30,0,4.9430997376987365e-06,1.0
0000882291,AEMD,2005-03-31,0,4.9430997376987365e-06,1.0
0000882291,AEMD,2005-04-01,0,4.9430997376987365e-06,1.0
0000882291,AEMD,2005-04-04,0,4.9430997376987365e-06,1.0
0000882291,AEMD,2005-04-05,0,4.9430997376987365e-06,1.0
0000882291,AEMD,2005-04-06,0,4.9430997376987365e-06,1.0
0000882291,AEMD,2005-04-07,0,4.9430997376987365e-06,1.0
0000882291,AEMD,2005-04-08,0,4.9430997376987365e-06,1.0
0000882291,AEMD,2005-04-11,0,4.9430997376987365e-06,1.0
0000882291,AEMD,2005-04-12,0,4.9430997376987365e-06,1.0
0000882291,AEMD,2005-04-13,0,4.9430997376987365e-06,1.0
0000882291,AEMD,2005-04-14,0,4.9430997376987365e-06,1.0
0000882291,AEMD,2005-04-15,0,4.9430997376987365e-06,1.0
0000882291,AEMD,2005-04-18,0,4.9430997376987365e-06,1.0
0000882291,AEMD,2005-04-19,0,4.9430997376987365e-06,1.0
0000882291,AEMD,2005-04-20,0,4.9430997376987365e-06,1.0
0000882291,AEMD,2005-04-21,0,4.9430997376987365e-06,1.0
0000882291,AEMD,2005-04-22,0,4.9430997376987365e-06,1.0
0000882291,AEMD,2005-04-25,0,4.9430997376987365e-06,1.0
0000882291,AEMD,2005-04-26,0,1.2827133037563908e-06,1.0
0000882291,AEMD,2005-04-27,0,1.2827133037563908e-06,1.0
0000882291,AEMD,2005-04-28,0,1.2827133037563908e-06,1.0
0000882291,AEMD,2005-04-29,0,1.2827133037563908e-06,1.0
0000882291,AEMD,2005-05-02,0,1.2827133037563908e-06,1.0
0000882291,AEMD,2005-05-03,0,1.2827133037563908e-06,1.0
0000882291,AEMD,2005-05-04,0,1.2827133037563908e-06,1.0
0000882291,AEMD,2005-05-05,0,1.2827133037563908e-06,1.0
0000882291,AEMD,2005-05-06,0,1.2827133037563908e-06,1.0
0000882291,AEMD,2005-05-09,0,1.0753494959345708e-06,1.0
0000882291,AEMD,2005-05-10,0,1.0753494959345708e-06,1.0
0000882291,AEMD,2005-05-11,0,1.0753494959345708e-06,1.0
0000882291,AEMD,2005-05-12,0,1.0753494959345708e-06,1.0
0000882291,AEMD,2005-05-13,0,1.0753494959345708e-06,1.0
0000882291,AEMD,2005-05-16,0,1.0753494959345708e-06,1.0
0000882291,AEMD,2005-05-17,0,1.0753494959345708e-06,1.0
0000882291,AEMD,2005-05-18,0,1.0753494959345708e-06,1.0
0000882291,AEMD,2005-05-19,0,1.0753494959345708e-06,1.0
0000882291,AEMD,2005-05-20,0,1.0753494959345708e-06,1.0
0000882291,AEMD,2005-05-23,0,1.0566590666768991e-06,1.0
0000882291,AEMD,2005-05-24,0,1.0566590666768991e-06,1.0
0000882291,AEMD,2005-05-25,0,1.0566590666768991e-06,1.0
0000882291,AEMD,2005-05-26,0,1.5689655867502012e-06,1.0
0000882291,AEMD,2005-05-27,0,1.5689655867502012e-06,1.0
0000882291,AEMD,2005-05-30,0,1.5689655867502012e-06,1.0
0000882291,AEMD,2005-05-31,0,1.5689655867502012e-06,1.0
0000882291,AEMD,2005-06-01,0,1.5689655867502012e-06,1.0
0000882291,AEMD,2005-06-02,0,1.5689655867502012e-06,1.0
0000882291,AEMD,2005-06-03,0,1.5689655867502012e-06,1.0
0000882291,AEMD,2005-06-06,0,1.5689655867502012e-06,1.0
0000882291,AEMD,2005-06-07,0,1.5689655867502012e-06,1.0
0000882291,AEMD,2005-06-08,0,5.7321890623097806e-06,1.0
0000882291,AEMD,2005-06-09,0,5.7321890623097806e-06,1.0
0000882291,AEMD,2005-06-10,0,5.7321890623097806e-06,1.0
0000882291,AEMD,2005-06-13,0,5.7321890623097806e-06,1.0
0000882291,AEMD,2005-06-14,0,5.7321890623097806e-06,1.0
0000882291,AEMD,2005-06-15,0,5.7321890623097806e-06,1.0
0000882291,AEMD,2005-06-16,0,5.7321890623097806e-06,1.0
0000882291,AEMD,2005-06-17,0,5.7321890623097806e-06,1.0
0000882291,AEMD,2005-06-20,0,5.7321890623097806e-06,1.0
0000882291,AEMD,2005-06-21,0,5.7321890623097806e-06,1.0
0000882291,AEMD,2005-06-22,0,5.484456098844644e-06,1.0
0000882291,AEMD,2005-06-23,0,5.484456098844644e-06,1.0
0000882291,AEMD,2005-06-24,0,5.484456098844644e-06,1.0
0000882291,AEMD,2005-06-27,0,5.484456098844644e-06,1.0
0000882291,AEMD,2005-06-28,0,5.484456098844644e-06,1.0
0000882291,AEMD,2005-06-29,0,5.484456098844644e-06,1.0
0000882291,AEMD,2005-06-30,0,5.484456098844644e-06,1.0
0000882291,AEMD,2005-07-01,0,5.484456098844644e-06,1.0
0000882291,AEMD,2005-07-04,0,5.484456098844644e-06,1.0
0000882291,AEMD,2005-07-05,0,5.484456098844644e-06,1.0
0000882291,AEMD,2005-07-06,0,5.484456098844644e-06,1.0
0000882291,AEMD,2005-07-07,0,5.484456098844644e-06,1.0
0000882291,AEMD,2005-07-08,0,5.484456098844644e-06,1.0
0000882291,AEMD,2005-07-11,0,5.484456098844644e-06,1.0
0000882291,AEMD,2005-07-12,0,5.484456098844644e-06,1.0
0000882291,AEMD,2005-07-13,0,5.484456098844644e-06,1.0
0000882291,AEMD,2005-07-14,0,5.484456098844644e-06,1.0
0000882291,AEMD,2005-07-15,0,5.484456098844644e-06,1.0
0000882291,AEMD,2005-07-18,0,5.484456098844644e-06,1.0
0000882291,AEMD,2005-07-19,0,5.484456098844644e-06,1.0
0000882291,AEMD,2005-07-20,0,5.484456098844644e-06,1.0
0000882291,AEMD,2005-07-21,0,5.484456098844644e-06,1.0
0000882291,AEMD,2005-07-22,0,5.484456098844644e-06,1.0
0000882291,AEMD,2005-07-25,0,4.192164328789473e-06,1.0
0000882291,AEMD,2005-07-26,0,4.192164328789473e-06,1.0
0000882291,AEMD,2005-07-27,0,4.192164328789473e-06,1.0
0000882291,AEMD,2005-07-28,0,4.192164328789473e-06,1.0
0000882291,AEMD,2005-07-29,0,4.192164328789473e-06,1.0
0000882291,AEMD,2005-08-01,0,4.192164328789473e-06,1.0
0000882291,AEMD,2005-08-02,0,4.192164328789473e-06,1.0
0000882291,AEMD,2005-08-03,0,4.192164328789473e-06,1.0
0000882291,AEMD,2005-08-04,0,4.192164328789473e-06,1.0
0000882291,AEMD,2005-08-05,0,4.192164328789473e-06,1.0
0000882291,AEMD,2005-08-08,0,1.0407632720620077e-06,1.0
0000882291,AEMD,2005-08-09,0,1.0407632720620077e-06,1.0
0000882291,AEMD,2005-08-10,0,1.0407632720620077e-06,1.0
0000882291,AEMD,2005-08-11,0,1.0407632720620077e-06,1.0
0000882291,AEMD,2005-08-12,0,1.0407632720620077e-06,1.0
0000882291,AEMD,2005-08-15,0,1.0407632720620077e-06,1.0
0000882291,AEMD,2005-08-16,0,1.0407632720620077e-06,1.0
0000882291,AEMD,2005-08-17,0,1.0407632720620077e-06,1.0
0000882291,AEMD,2005-08-18,0,1.0407632720620077e-06,1.0
0000882291,AEMD,2005-08-19,0,1.0407632720620077e-06,1.0
0000882291,AEMD,2005-08-22,0,1.457851553082308e-06,1.0
0000882291,AEMD,2005-08-23,0,1.457851553082308e-06,1.0
0000882291,AEMD,2005-08-24,0,1.457851553082308e-06,1.0
0000882291,AEMD,2005-08-25,0,1.457851553082308e-06,1.0
0000882291,AEMD,2005-08-26,0,1.457851553082308e-06,1.0
0000882291,AEMD,2005-08-29,0,1.457851553082308e-06,1.0
0000882291,AEMD,2005-08-30,0,1.457851553082308e-06,1.0
0000882291,AEMD,2005-08-31,0,1.457851553082308e-06,1.0
0000882291,AEMD,2005-09-01,0,1.457851553082308e-06,1.0
0000882291,AEMD,2005-09-02,0,1.457851553082308e-06,1.0
0000882291,AEMD,2005-09-05,0,1.457851553082308e-06,1.0
0000882291,AEMD,2005-09-06,0,1.457851553082308e-06,1.0
0000882291,AEMD,2005-09-07,0,1.457851553082308e-06,1.0
0000882291,AEMD,2005-09-08,0,1.457851553082308e-06,1.0
0000882291,AEMD,2005-09-09,0,1.457851553082308e-06,1.0
0000882291,AEMD,2005-09-12,0,4.987259778240162e-07,1.0
0000882291,AEMD,2005-09-13,0,4.987259778240162e-07,1.0
0000882291,AEMD,2005-09-14,0,4.987259778240162e-07,1.0
0000882291,AEMD,2005-09-15,0,4.987259778240162e-07,1.0
0000882291,AEMD,2005-09-16,0,4.987259778240162e-07,1.0
0000882291,AEMD,2005-09-19,0,4.987259778240162e-07,1.0
0000882291,AEMD,2005-09-20,0,4.987259778240162e-07,1.0
0000882291,AEMD,2005-09-21,0,4.987259778240162e-07,1.0
0000882291,AEMD,2005-09-22,0,4.987259778240162e-07,1.0
0000882291,AEMD,2005-09-23,0,4.987259778240162e-07,1.0
0000882291,AEMD,2005-09-26,0,4.987259778240162e-07,1.0
0000882291,AEMD,2005-09-27,0,4.987259778240162e-07,1.0
0000882291,AEMD,2005-09-28,0,4.987259778240162e-07,1.0
0000882291,AEMD,2005-09-29,0,4.987259778240162e-07,1.0
0000882291,AEMD,2005-09-30,0,4.987259778240162e-07,1.0
0000882291,AEMD,2005-10-03,0,4.987259778240162e-07,1.0
0000882291,AEMD,2005-10-04,0,4.987259778240162e-07,1.0
0000882291,AEMD,2005-10-05,0,4.987259778240162e-07,1.0
0000882291,AEMD,2005-10-06,0,4.987259778240162e-07,1.0
0000882291,AEMD,2005-10-07,0,4.987259778240162e-07,1.0
0000882291,AEMD,2005-10-10,0,4.987259778240162e-07,1.0
0000882291,AEMD,2005-10-11,0,4.987259778240162e-07,1.0
0000882291,AEMD,2005-10-12,0,9.577098421521276e-07,1.0
0000882291,AEMD,2005-10-13,0,9.577098421521276e-07,1.0
0000882291,AEMD,2005-10-14,0,9.577098421521276e-07,1.0
0000882291,AEMD,2005-10-17,0,9.577098421521276e-07,1.0
0000882291,AEMD,2005-10-18,0,9.577098421521276e-07,1.0
0000882291,AEMD,2005-10-19,0,9.577098421521276e-07,1.0
0000882291,AEMD,2005-10-20,0,9.577098421521276e-07,1.0
0000882291,AEMD,2005-10-21,0,9.577098421521276e-07,1.0
0000882291,AEMD,2005-10-24,0,1.0082426320723118e-06,1.0
0000882291,AEMD,2005-10-25,0,1.0082426320723118e-06,1.0
0000882291,AEMD,2005-10-26,0,1.0082426320723118e-06,1.0
0000882291,AEMD,2005-10-27,0,1.0082426320723118e-06,1.0
0000882291,AEMD,2005-10-28,0,1.0082426320723118e-06,1.0
0000882291,AEMD,2005-10-31,0,1.0082426320723118e-06,1.0
0000882291,AEMD,2005-11-01,0,1.0082426320723118e-06,1.0
0000882291,AEMD,2005-11-02,0,1.0082426320723118e-06,1.0
0000882291,AEMD,2005-11-03,0,1.0082426320723118e-06,1.0
0000882291,AEMD,2005-11-04,0,1.0082426320723118e-06,1.0
0000882291,AEMD,2005-11-07,0,6.784535553196372e-07,1.0
0000882291,AEMD,2005-11-08,0,6.784535553196372e-07,1.0
0000882291,AEMD,2005-11-09,0,6.784535553196372e-07,1.0
0000882291,AEMD,2005-11-10,0,6.784535553196372e-07,1.0
0000882291,AEMD,2005-11-11,0,6.784535553196372e-07,1.0
0000882291,AEMD,2005-11-14,0,6.784535553196372e-07,1.0
0000882291,AEMD,2005-11-15,0,6.784535553196372e-07,1.0
0000882291,AEMD,2005-11-16,0,6.784535553196372e-07,1.0
0000882291,AEMD,2005-11-17,0,6.784535553196372e-07,1.0
0000882291,AEMD,2005-11-18,0,6.784535553196372e-07,1.0
0000882291,AEMD,2005-11-21,0,6.818488245846942e-07,1.0
0000882291,AEMD,2005-11-22,0,6.818488245846942e-07,1.0
0000882291,AEMD,2005-11-23,0,6.818488245846942e-07,1.0
0000882291,AEMD,2005-11-24,0,6.818488245846942e-07,1.0
0000882291,AEMD,2005-11-25,0,6.818488245846942e-07,1.0
0000882291,AEMD,2005-11-28,0,6.818488245846942e-07,1.0
0000882291,AEMD,2005-11-29,0,6.818488245846942e-07,1.0
0000882291,AEMD,2005-11-30,0,6.818488245846942e-07,1.0
0000882291,AEMD,2005-12-01,0,6.818488245846942e-07,1.0
0000882291,AEMD,2005-12-02,0,6.818488245846942e-07,1.0
0000882291,AEMD,2005-12-05,0,6.818488245846942e-07,1.0
0000882291,AEMD,2005-12-06,0,6.818488245846942e-07,1.0
0000882291,AEMD,2005-12-07,0,1.2418500788297985e-06,1.0
0000882291,AEMD,2005-12-08,0,1.2418500788297985e-06,1.0
0000882291,AEMD,2005-12-09,0,1.2418500788297985e-06,1.0
0000882291,AEMD,2005-12-12,0,1.257023004953365e-06,1.0
0000882291,AEMD,2005-12-13,0,1.257023004953365e-06,1.0
0000882291,AEMD,2005-12-14,0,1.257023004953365e-06,1.0
0000882291,AEMD,2005-12-15,0,1.257023004953365e-06,1.0
0000882291,AEMD,2005-12-16,0,1.257023004953365e-06,1.0
0000882291,AEMD,2005-12-19,0,1.257023004953365e-06,1.0
0000882291,AEMD,2005-12-20,0,1.257023004953365e-06,1.0
0000882291,AEMD,2005-12-21,0,1.257023004953365e-06,1.0
0000882291,AEMD,2005-12-22,0,1.257023004953365e-06,1.0
0000882291,AEMD,2005-12-23,0,1.257023004953365e-06,1.0
0000882291,AEMD,2005-12-26,0,1.257023004953365e-06,1.0
0000882291,AEMD,2005-12-27,0,1.257023004953365e-06,1.0
0000882291,AEMD,2005-12-28,0,1.257023004953365e-06,1.0
0000882291,AEMD,2005-12-29,0,1.257023004953365e-06,1.0
0000882291,AEMD,2005-12-30,0,1.257023004953365e-06,1.0
0000882291,AEMD,2006-01-02,0,1.257023004953365e-06,1.0
0000882291,AEMD,2006-01-03,0,1.257023004953365e-06,1.0
0000882291,AEMD,2006-01-04,0,1.257023004953365e-06,1.0
0000882291,AEMD,2006-01-05,0,1.257023004953365e-06,1.0
0000882291,AEMD,2006-01-06,0,1.257023004953365e-06,1.0
0000882291,AEMD,2006-01-09,0,1.257023004953365e-06,1.0
0000882291,AEMD,2006-01-10,0,1.257023004953365e-06,1.0
0000882291,AEMD,2006-01-11,0,1.257023004953365e-06,1.0
0000882291,AEMD,2006-01-12,0,1.257023004953365e-06,1.0
0000882291,AEMD,2006-01-13,0,1.257023004953365e-06,1.0
0000882291,AEMD,2006-01-16,0,1.257023004953365e-06,1.0
0000882291,AEMD,2006-01-17,0,1.257023004953365e-06,1.0
0000882291,AEMD,2006-01-18,0,1.257023004953365e-06,1.0
0000882291,AEMD,2006-01-19,0,1.257023004953365e-06,1.0
0000882291,AEMD,2006-01-20,0,1.257023004953365e-06,1.0
0000882291,AEMD,2006-01-23,0,1.257023004953365e-06,1.0
0000882291,AEMD,2006-01-24,0,1.257023004953365e-06,1.0
0000882291,AEMD,2006-01-25,0,1.257023004953365e-06,1.0
0000882291,AEMD,2006-01-26,0,1.257023004953365e-06,1.0
0000882291,AEMD,2006-01-27,0,1.257023004953365e-06,1.0
0000882291,AEMD,2006-01-30,0,1.257023004953365e-06,1.0
0000882291,AEMD,2006-01-31,0,1.257023004953365e-06,1.0
0000882291,AEMD,2006-02-01,0,1.257023004953365e-06,1.0
0000882291,AEMD,2006-02-02,0,1.257023004953365e-06,1.0
0000882291,AEMD,2006-02-03,0,1.257023004953365e-06,1.0
0000882291,AEMD,2006-02-06,0,2.6229733244833665e-06,1.0
0000882291,AEMD,2006-02-07,0,2.6229733244833665e-06,1.0
0000882291,AEMD,2006-02-08,0,2.6229733244833665e-06,1.0
0000882291,AEMD,2006-02-09,0,2.6229733244833665e-06,1.0
0000882291,AEMD,2006-02-10,0,2.6229733244833665e-06,1.0
0000882291,AEMD,2006-02-13,0,2.6229733244833665e-06,1.0
0000882291,AEMD,2006-02-14,0,2.6229733244833665e-06,1.0
0000882291,AEMD,2006-02-15,0,2.6229733244833665e-06,1.0
0000882291,AEMD,2006-02-16,0,2.6229733244833665e-06,1.0
0000882291,AEMD,2006-02-17,0,2.6229733244833665e-06,1.0
0000882291,AEMD,2006-02-20,0,2.6229733244833665e-06,1.0
0000882291,AEMD,2006-02-21,0,2.6229733244833665e-06,1.0
0000882291,AEMD,2006-02-22,0,2.6229733244833665e-06,1.0
0000882291,AEMD,2006-02-23,0,2.6229733244833665e-06,1.0
0000882291,AEMD,2006-02-24,0,8.973107968627204e-07,1.0
0000882291,AEMD,2006-02-27,0,8.973107968627204e-07,1.0
0000882291,AEMD,2006-02-28,0,8.973107968627204e-07,1.0
0000882291,AEMD,2006-03-01,0,8.973107968627204e-07,1.0
0000882291,AEMD,2006-03-02,0,8.973107968627204e-07,1.0
0000882291,AEMD,2006-03-03,0,8.973107968627204e-07,1.0
0000882291,AEMD,2006-03-06,0,8.973107968627204e-07,1.0
0000882291,AEMD,2006-03-07,0,8.973107968627204e-07,1.0
0000882291,AEMD,2006-03-08,0,8.973107968627204e-07,1.0
0000882291,AEMD,2006-03-09,0,8.973107968627204e-07,1.0
0000882291,AEMD,2006-03-10,0,8.973107968627204e-07,1.0
0000882291,AEMD,2006-03-13,0,9.229494988402935e-07,1.0
0000882291,AEMD,2006-03-14,0,9.229494988402935e-07,1.0
0000882291,AEMD,2006-03-15,0,9.229494988402935e-07,1.0
0000882291,AEMD,2006-03-16,0,9.229494988402935e-07,1.0
0000882291,AEMD,2006-03-17,0,9.229494988402935e-07,1.0
0000882291,AEMD,2006-03-20,0,9.229494988402935e-07,1.0
0000882291,AEMD,2006-03-21,0,9.229494988402935e-07,1.0
0000882291,AEMD,2006-03-22,0,9.229494988402935e-07,1.0
0000882291,AEMD,2006-03-23,0,9.229494988402935e-07,1.0
0000882291,AEMD,2006-03-24,0,9.229494988402935e-07,1.0
0000882291,AEMD,2006-03-27,0,1.7723509763970935e-06,1.0
0000882291,AEMD,2006-03-28,0,1.7723509763970935e-06,1.0
0000882291,AEMD,2006-03-29,0,1.7723509763970935e-06,1.0
0000882291,AEMD,2006-03-30,0,1.7723509763970935e-06,1.0
0000882291,AEMD,2006-03-31,0,1.7723509763970935e-06,1.0
0000882291,AEMD,2006-04-03,0,1.7723509763970935e-06,1.0
0000882291,AEMD,2006-04-04,0,6.606163532858481e-07,1.0
0000882291,AEMD,2006-04-05,0,6.606163532858481e-07,1.0
0000882291,AEMD,2006-04-06,0,6.606163532858481e-07,1.0
0000882291,AEMD,2006-04-07,0,6.606163532858481e-07,1.0
0000882291,AEMD,2006-04-10,0,6.606163532858481e-07,1.0
0000882291,AEMD,2006-04-11,0,6.606163532858481e-07,1.0
0000882291,AEMD,2006-04-12,0,6.606163532858481e-07,1.0
0000882291,AEMD,2006-04-13,0,6.606163532858481e-07,1.0
0000882291,AEMD,2006-04-14,0,6.606163532858481e-07,1.0
0000882291,AEMD,2006-04-17,0,6.606163532858481e-07,1.0
0000882291,AEMD,2006-04-18,0,6.606163532858481e-07,1.0
0000882291,AEMD,2006-04-19,0,6.606163532858481e-07,1.0
0000882291,AEMD,2006-04-20,0,6.606163532858481e-07,1.0
0000882291,AEMD,2006-04-21,0,6.606163532858481e-07,1.0
0000882291,AEMD,2006-04-24,0,6.606163532858481e-07,1.0
0000882291,AEMD,2006-04-25,0,6.606163532858481e-07,1.0
0000882291,AEMD,2006-04-26,0,6.606163532858481e-07,1.0
0000882291,AEMD,2006-04-27,0,6.606163532858481e-07,1.0
0000882291,AEMD,2006-04-28,0,6.606163532858481e-07,1.0
0000882291,AEMD,2006-05-01,0,6.606163532858481e-07,1.0
0000882291,AEMD,2006-05-02,0,6.606163532858481e-07,1.0
0000882291,AEMD,2006-05-03,0,6.606163532858481e-07,1.0
0000882291,AEMD,2006-05-04,0,1.2031794367469064e-06,1.0
0000882291,AEMD,2006-05-05,0,1.2031794367469064e-06,1.0
0000882291,AEMD,2006-05-08,0,1.242371965029018e-06,1.0
0000882291,AEMD,2006-05-09,0,1.242371965029018e-06,1.0
0000882291,AEMD,2006-05-10,0,1.242371965029018e-06,1.0
0000882291,AEMD,2006-05-11,0,1.242371965029018e-06,1.0
0000882291,AEMD,2006-05-12,0,1.242371965029018e-06,1.0
0000882291,AEMD,2006-05-15,0,1.242371965029018e-06,1.0
0000882291,AEMD,2006-05-16,0,1.242371965029018e-06,1.0
0000882291,AEMD,2006-05-17,0,1.242371965029018e-06,1.0
0000882291,AEMD,2006-05-18,0,1.242371965029018e-06,1.0
0000882291,AEMD,2006-05-19,0,1.242371965029018e-06,1.0
0000882291,AEMD,2006-05-22,0,1.242371965029018e-06,1.0
0000882291,AEMD,2006-05-23,0,1.242371965029018e-06,1.0
0000882291,AEMD,2006-05-24,0,1.242371965029018e-06,1.0
0000882291,AEMD,2006-05-25,0,1.242371965029018e-06,1.0
0000882291,AEMD,2006-05-26,0,1.2575512675509297e-06,1.0
0000882291,AEMD,2006-05-29,0,1.2575512675509297e-06,1.0
0000882291,AEMD,2006-05-30,0,1.2575512675509297e-06,1.0
0000882291,AEMD,2006-05-31,0,1.2575512675509297e-06,1.0
0000882291,AEMD,2006-06-01,0,1.2575512675509297e-06,1.0
0000882291,AEMD,2006-06-02,0,1.2575512675509297e-06,1.0
0000882291,AEMD,2006-06-05,0,1.2575512675509297e-06,1.0
0000882291,AEMD,2006-06-06,0,1.2575512675509297e-06,1.0
0000882291,AEMD,2006-06-07,0,1.2575512675509297e-06,1.0
0000882291,AEMD,2006-06-08,0,1.2575512675509297e-06,1.0
0000882291,AEMD,2006-06-09,0,1.2575512675509297e-06,1.0
0000882291,AEMD,2006-06-12,0,1.2575512675509297e-06,1.0
0000882291,AEMD,2006-06-13,0,1.2575512675509297e-06,1.0
0000882291,AEMD,2006-06-14,0,1.2575512675509297e-06,1.0
0000882291,AEMD,2006-06-15,0,1.2575512675509297e-06,1.0
0000882291,AEMD,2006-06-16,0,1.2575512675509297e-06,1.0
0000882291,AEMD,2006-06-19,0,1.2575512675509297e-06,1.0
0000882291,AEMD,2006-06-20,0,1.2575512675509297e-06,1.0
0000882291,AEMD,2006-06-21,0,1.2575512675509297e-06,1.0
0000882291,AEMD,2006-06-22,0,1.2575512675509297e-06,1.0
0000882291,AEMD,2006-06-23,0,1.2575512675509297e-06,1.0
0000882291,AEMD,2006-06-26,0,1.2575512675509297e-06,1.0
0000882291,AEMD,2006-06-27,0,1.2575512675509297e-06,1.0
0000882291,AEMD,2006-06-28,0,1.2575512675509297e-06,1.0
0000882291,AEMD,2006-06-29,0,1.2575512675509297e-06,1.0
0000882291,AEMD,2006-06-30,0,1.2575512675509297e-06,1.0
0000882291,AEMD,2006-07-03,0,2.6240756247617152e-06,1.0
0000882291,AEMD,2006-07-04,0,2.6240756247617152e-06,1.0
0000882291,AEMD,2006-07-05,0,2.6240756247617152e-06,1.0
0000882291,AEMD,2006-07-06,0,2.6240756247617152e-06,1.0
0000882291,AEMD,2006-07-07,0,2.6240756247617152e-06,1.0
0000882291,AEMD,2006-07-10,0,2.6240756247617152e-06,1.0
0000882291,AEMD,2006-07-11,0,2.6240756247617152e-06,1.0
0000882291,AEMD,2006-07-12,0,2.6240756247617152e-06,1.0
0000882291,AEMD,2006-07-13,0,2.6240756247617152e-06,1.0
0000882291,AEMD,2006-07-14,0,2.6240756247617152e-06,1.0
0000882291,AEMD,2006-07-17,0,2.6240756247617152e-06,1.0
0000882291,AEMD,2006-07-18,0,2.6240756247617152e-06,1.0
0000882291,AEMD,2006-07-19,0,2.6240756247617152e-06,1.0
0000882291,AEMD,2006-07-20,0,2.6240756247617152e-06,1.0
0000882291,AEMD,2006-07-21,0,2.6240756247617152e-06,1.0
0000882291,AEMD,2006-07-24,0,2.6240756247617152e-06,1.0
0000882291,AEMD,2006-07-25,0,2.6240756247617152e-06,1.0
0000882291,AEMD,2006-07-26,0,2.6240756247617152e-06,1.0
0000882291,AEMD,2006-07-27,0,2.6240756247617152e-06,1.0
0000882291,AEMD,2006-07-28,0,2.6240756247617152e-06,1.0
0000882291,AEMD,2006-07-31,0,2.6240756247617152e-06,1.0
0000882291,AEMD,2006-08-01,0,2.6240756247617152e-06,1.0
0000882291,AEMD,2006-08-02,0,2.6240756247617152e-06,1.0
0000882291,AEMD,2006-08-03,0,2.6240756247617152e-06,1.0
0000882291,AEMD,2006-08-04,0,2.6240756247617152e-06,1.0
0000882291,AEMD,2006-08-07,0,2.6240756247617152e-06,1.0
0000882291,AEMD,2006-08-08,0,2.6240756247617152e-06,1.0
0000882291,AEMD,2006-08-09,0,2.6240756247617152e-06,1.0
0000882291,AEMD,2006-08-10,0,2.6240756247617152e-06,1.0
0000882291,AEMD,2006-08-11,0,2.6240756247617152e-06,1.0
0000882291,AEMD,2006-08-14,0,2.6240756247617152e-06,1.0
0000882291,AEMD,2006-08-15,0,2.6240756247617152e-06,1.0
0000882291,AEMD,2006-08-16,0,2.6240756247617152e-06,1.0
0000882291,AEMD,2006-08-17,0,2.6240756247617152e-06,1.0
0000882291,AEMD,2006-08-18,0,2.6240756247617152e-06,1.0
0000882291,AEMD,2006-08-21,0,2.6240756247617152e-06,1.0
0000882291,AEMD,2006-08-22,0,2.6240756247617152e-06,1.0
0000882291,AEMD,2006-08-23,0,2.6240756247617152e-06,1.0
0000882291,AEMD,2006-08-24,0,2.6990527382128293e-06,1.0
0000882291,AEMD,2006-08-25,0,2.6990527382128293e-06,1.0
0000882291,AEMD,2006-08-28,0,2.6990527382128293e-06,1.0
0000882291,AEMD,2006-08-29,0,2.6990527382128293e-06,1.0
0000882291,AEMD,2006-08-30,0,2.6990527382128293e-06,1.0
0000882291,AEMD,2006-08-31,0,2.6990527382128293e-06,1.0
0000882291,AEMD,2006-09-01,0,2.6990527382128293e-06,1.0
0000882291,AEMD,2006-09-04,0,2.6990527382128293e-06,1.0
0000882291,AEMD,2006-09-05,0,2.6990527382128293e-06,1.0
0000882291,AEMD,2006-09-06,0,2.6990527382128293e-06,1.0
0000882291,AEMD,2006-09-07,0,2.6990527382128293e-06,1.0
0000882291,AEMD,2006-09-08,0,2.6990527382128293e-06,1.0
0000882291,AEMD,2006-09-11,0,2.6990527382128293e-06,1.0
0000882291,AEMD,2006-09-12,0,2.6990527382128293e-06,1.0
0000882291,AEMD,2006-09-13,0,2.6990527382128293e-06,1.0
0000882291,AEMD,2006-09-14,0,2.6990527382128293e-06,1.0
0000882291,AEMD,2006-09-15,0,2.6990527382128293e-06,1.0
0000882291,AEMD,2006-09-18,0,2.6990527382128293e-06,1.0
0000882291,AEMD,2006-09-19,0,2.6990527382128293e-06,1.0
0000882291,AEMD,2006-09-20,0,2.6990527382128293e-06,1.0
0000882291,AEMD,2006-09-21,0,2.6990527382128293e-06,1.0
0000882291,AEMD,2006-09-22,0,2.6990527382128293e-06,1.0
0000882291,AEMD,2006-09-25,0,2.6990527382128293e-06,1.0
0000882291,AEMD,2006-09-26,0,2.6990527382128293e-06,1.0
0000882291,AEMD,2006-09-27,0,2.6990527382128293e-06,1.0
0000882291,AEMD,2006-09-28,0,2.6990527382128293e-06,1.0
0000882291,AEMD,2006-09-29,0,2.6990527382128293e-06,1.0
0000882291,AEMD,2006-10-02,0,4.9610040073711294e-06,1.0
0000882291,AEMD,2006-10-03,0,4.9610040073711294e-06,1.0
0000882291,AEMD,2006-10-04,0,4.9610040073711294e-06,1.0
0000882291,AEMD,2006-10-05,0,4.9610040073711294e-06,1.0
0000882291,AEMD,2006-10-06,0,4.9610040073711294e-06,1.0
0000882291,AEMD,2006-10-09,0,4.9610040073711294e-06,1.0
0000882291,AEMD,2006-10-10,0,4.9610040073711294e-06,1.0
0000882291,AEMD,2006-10-11,0,4.9610040073711294e-06,1.0
0000882291,AEMD,2006-10-12,0,4.9610040073711294e-06,1.0
0000882291,AEMD,2006-10-13,0,4.9610040073711294e-06,1.0
0000882291,AEMD,2006-10-16,0,4.9610040073711294e-06,1.0
0000882291,AEMD,2006-10-17,0,4.9610040073711294e-06,1.0
0000882291,AEMD,2006-10-18,0,4.9610040073711294e-06,1.0
0000882291,AEMD,2006-10-19,0,4.9610040073711294e-06,1.0
0000882291,AEMD,2006-10-20,0,4.9610040073711294e-06,1.0
0000882291,AEMD,2006-10-23,0,4.9610040073711294e-06,1.0
0000882291,AEMD,2006-10-24,0,4.9610040073711294e-06,1.0
0000882291,AEMD,2006-10-25,0,4.9610040073711294e-06,1.0
0000882291,AEMD,2006-10-26,0,4.9610040073711294e-06,1.0
0000882291,AEMD,2006-10-27,0,4.9610040073711294e-06,1.0
0000882291,AEMD,2006-10-30,0,4.9610040073711294e-06,1.0
0000882291,AEMD,2006-10-31,0,4.9610040073711294e-06,1.0
0000882291,AEMD,2006-11-01,0,4.9610040073711294e-06,1.0
0000882291,AEMD,2006-11-02,0,4.9610040073711294e-06,1.0
0000882291,AEMD,2006-11-03,0,4.9610040073711294e-06,1.0
0000882291,AEMD,2006-11-06,0,4.9610040073711294e-06,1.0
0000882291,AEMD,2006-11-07,0,4.9610040073711294e-06,1.0
0000882291,AEMD,2006-11-08,0,4.9610040073711294e-06,1.0
0000882291,AEMD,2006-11-09,0,4.9610040073711294e-06,1.0
0000882291,AEMD,2006-11-10,0,4.9610040073711294e-06,1.0
0000882291,AEMD,2006-11-13,0,4.9610040073711294e-06,1.0
0000882291,AEMD,2006-11-14,0,4.9610040073711294e-06,1.0
0000882291,AEMD,2006-11-15,0,4.9610040073711294e-06,1.0
0000882291,AEMD,2006-11-16,0,4.9610040073711294e-06,1.0
0000882291,AEMD,2006-11-17,0,4.9610040073711294e-06,1.0
0000882291,AEMD,2006-11-20,0,4.9610040073711294e-06,1.0
0000882291,AEMD,2006-11-21,0,4.9610040073711294e-06,1.0
0000882291,AEMD,2006-11-22,0,4.9610040073711294e-06,1.0
0000882291,AEMD,2006-11-23,0,4.9610040073711294e-06,1.0
0000882291,AEMD,2006-11-24,0,4.9610040073711294e-06,1.0
0000882291,AEMD,2006-11-27,0,4.9610040073711294e-06,1.0
0000882291,AEMD,2006-11-28,0,4.9610040073711294e-06,1.0
0000882291,AEMD,2006-11-29,0,4.9610040073711294e-06,1.0
0000882291,AEMD,2006-11-30,0,4.9610040073711294e-06,1.0
0000882291,AEMD,2006-12-01,0,4.9610040073711294e-06,1.0
0000882291,AEMD,2006-12-04,0,4.9610040073711294e-06,1.0
0000882291,AEMD,2006-12-05,0,4.9610040073711294e-06,1.0
0000882291,AEMD,2006-12-06,0,4.9610040073711294e-06,1.0
0000882291,AEMD,2006-12-07,0,4.9610040073711294e-06,1.0
0000882291,AEMD,2006-12-08,0,4.9610040073711294e-06,1.0
0000882291,AEMD,2006-12-11,0,4.9610040073711294e-06,1.0
0000882291,AEMD,2006-12-12,0,4.9610040073711294e-06,1.0
0000882291,AEMD,2006-12-13,0,4.9610040073711294e-06,1.0
0000882291,AEMD,2006-12-14,0,4.9610040073711294e-06,1.0
0000882291,AEMD,2006-12-15,0,4.9610040073711294e-06,1.0
0000882291,AEMD,2006-12-18,0,4.9610040073711294e-06,1.0
0000882291,AEMD,2006-12-19,0,4.9610040073711294e-06,1.0
0000882291,AEMD,2006-12-20,0,4.9610040073711294e-06,1.0
0000882291,AEMD,2006-12-21,0,4.9610040073711294e-06,1.0
0000882291,AEMD,2006-12-22,0,4.9610040073711294e-06,1.0
0000882291,AEMD,2006-12-25,0,4.9610040073711294e-06,1.0
0000882291,AEMD,2006-12-26,0,4.9610040073711294e-06,1.0
0000882291,AEMD,2006-12-27,0,4.9610040073711294e-06,1.0
0000882291,AEMD,2006-12-28,0,4.9610040073711294e-06,1.0
0000882291,AEMD,2006-12-29,0,4.9610040073711294e-06,1.0
0000882291,AEMD,2007-01-01,0,4.9610040073711294e-06,1.0
0000882291,AEMD,2007-01-02,0,4.9610040073711294e-06,1.0
0000882291,AEMD,2007-01-03,0,4.9610040073711294e-06,1.0
0000882291,AEMD,2007-01-04,0,4.9610040073711294e-06,1.0
0000882291,AEMD,2007-01-05,0,4.9610040073711294e-06,1.0
0000882291,AEMD,2007-01-08,0,4.9610040073711294e-06,1.0
0000882291,AEMD,2007-01-09,0,4.9610040073711294e-06,1.0
0000882291,AEMD,2007-01-10,0,4.9610040073711294e-06,1.0
0000882291,AEMD,2007-01-11,0,4.9610040073711294e-06,1.0
0000882291,AEMD,2007-01-12,0,4.9610040073711294e-06,1.0
0000882291,AEMD,2007-01-15,0,4.9610040073711294e-06,1.0
0000882291,AEMD,2007-01-16,0,4.9610040073711294e-06,1.0
0000882291,AEMD,2007-01-17,0,4.9610040073711294e-06,1.0
0000882291,AEMD,2007-01-18,0,4.9610040073711294e-06,1.0
0000882291,AEMD,2007-01-19,0,4.9610040073711294e-06,1.0
0000882291,AEMD,2007-01-22,0,4.9610040073711294e-06,1.0
0000882291,AEMD,2007-01-23,0,4.9610040073711294e-06,1.0
0000882291,AEMD,2007-01-24,0,4.9610040073711294e-06,1.0
0000882291,AEMD,2007-01-25,0,4.9610040073711294e-06,1.0
0000882291,AEMD,2007-01-26,0,4.9610040073711294e-06,1.0
0000882291,AEMD,2007-01-29,0,4.9610040073711294e-06,1.0
0000882291,AEMD,2007-01-30,0,9.45066951290939e-07,1.0
0000882291,AEMD,2007-01-31,0,9.45066951290939e-07,1.0
0000882291,AEMD,2007-02-01,0,9.45066951290939e-07,1.0
0000882291,AEMD,2007-02-02,0,9.45066951290939e-07,1.0
0000882291,AEMD,2007-02-05,0,9.45066951290939e-07,1.0
0000882291,AEMD,2007-02-06,0,9.45066951290939e-07,1.0
0000882291,AEMD,2007-02-07,0,9.45066951290939e-07,1.0
0000882291,AEMD,2007-02-08,0,9.45066951290939e-07,1.0
0000882291,AEMD,2007-02-09,0,9.45066951290939e-07,1.0
0000882291,AEMD,2007-02-12,0,5.816279913787894e-07,1.0
0000882291,AEMD,2007-02-13,0,5.816279913787894e-07,1.0
0000882291,AEMD,2007-02-14,0,5.816279913787894e-07,1.0
0000882291,AEMD,2007-02-15,0,5.816279913787894e-07,1.0
0000882291,AEMD,2007-02-16,0,5.816279913787894e-07,1.0
0000882291,AEMD,2007-02-19,0,5.816279913787894e-07,1.0
0000882291,AEMD,2007-02-20,0,5.816279913787894e-07,1.0
0000882291,AEMD,2007-02-21,0,5.816279913787894e-07,1.0
0000882291,AEMD,2007-02-22,0,5.816279913787894e-07,1.0
0000882291,AEMD,2007-02-23,0,5.816279913787894e-07,1.0
0000882291,AEMD,2007-02-26,0,5.816279913787894e-07,1.0
0000882291,AEMD,2007-02-27,0,5.816279913787894e-07,1.0
0000882291,AEMD,2007-02-28,0,5.816279913787894e-07,1.0
0000882291,AEMD,2007-03-01,0,1.4313134588920041e-06,1.0
0000882291,AEMD,2007-03-02,0,1.4313134588920041e-06,1.0
0000882291,AEMD,2007-03-05,0,1.4313134588920041e-06,1.0
0000882291,AEMD,2007-03-06,0,1.4313134588920041e-06,1.0
0000882291,AEMD,2007-03-07,0,1.4313134588920041e-06,1.0
0000882291,AEMD,2007-03-08,0,1.4313134588920041e-06,1.0
0000882291,AEMD,2007-03-09,0,1.4313134588920041e-06,1.0
0000882291,AEMD,2007-03-12,0,1.4313134588920041e-06,1.0
0000882291,AEMD,2007-03-13,0,1.4313134588920041e-06,1.0
0000882291,AEMD,2007-03-14,0,1.4313134588920041e-06,1.0
0000882291,AEMD,2007-03-15,0,7.971641458187167e-06,1.0
0000882291,AEMD,2007-03-16,0,7.971641458187167e-06,1.0
0000882291,AEMD,2007-03-19,0,7.971641458187167e-06,1.0
0000882291,AEMD,2007-03-20,0,7.971641458187167e-06,1.0
0000882291,AEMD,2007-03-21,0,7.971641458187167e-06,1.0
0000882291,AEMD,2007-03-22,0,4.319897401290847e-06,1.0
0000882291,AEMD,2007-03-23,0,4.319897401290847e-06,1.0
0000882291,AEMD,2007-03-26,0,4.319897401290847e-06,1.0
0000882291,AEMD,2007-03-27,0,4.319897401290847e-06,1.0
0000882291,AEMD,2007-03-28,0,4.319897401290847e-06,1.0
0000882291,AEMD,2007-03-29,0,4.319897401290847e-06,1.0
0000882291,AEMD,2007-03-30,0,4.319897401290847e-06,1.0
0000882291,AEMD,2007-04-02,0,4.319897401290847e-06,1.0
0000882291,AEMD,2007-04-03,0,4.319897401290847e-06,1.0
0000882291,AEMD,2007-04-04,0,4.319897401290847e-06,1.0
0000882291,AEMD,2007-04-05,0,4.319897401290847e-06,1.0
0000882291,AEMD,2007-04-06,0,4.319897401290847e-06,1.0
0000882291,AEMD,2007-04-09,0,4.319897401290847e-06,1.0
0000882291,AEMD,2007-04-10,0,4.319897401290847e-06,1.0
0000882291,AEMD,2007-04-11,0,4.319897401290847e-06,1.0
0000882291,AEMD,2007-04-12,0,4.319897401290847e-06,1.0
0000882291,AEMD,2007-04-13,0,4.319897401290847e-06,1.0
0000882291,AEMD,2007-04-16,0,4.319897401290847e-06,1.0
0000882291,AEMD,2007-04-17,0,4.319897401290847e-06,1.0
0000882291,AEMD,2007-04-18,0,4.319897401290847e-06,1.0
0000882291,AEMD,2007-04-19,0,4.319897401290847e-06,1.0
0000882291,AEMD,2007-04-20,0,4.319897401290847e-06,1.0
0000882291,AEMD,2007-04-23,0,7.697395416751157e-06,1.0
0000882291,AEMD,2007-04-24,0,7.697395416751157e-06,1.0
0000882291,AEMD,2007-04-25,0,7.697395416751157e-06,1.0
0000882291,AEMD,2007-04-26,0,7.697395416751157e-06,1.0
0000882291,AEMD,2007-04-27,0,7.697395416751157e-06,1.0
0000882291,AEMD,2007-04-30,0,7.697395416751157e-06,1.0
0000882291,AEMD,2007-05-01,0,4.456012151224335e-06,1.0
0000882291,AEMD,2007-05-02,0,4.456012151224335e-06,1.0
0000882291,AEMD,2007-05-03,0,4.456012151224335e-06,1.0
0000882291,AEMD,2007-05-04,0,4.456012151224335e-06,1.0
0000882291,AEMD,2007-05-07,0,4.456012151224335e-06,1.0
0000882291,AEMD,2007-05-08,0,4.456012151224335e-06,1.0
0000882291,AEMD,2007-05-09,0,4.456012151224335e-06,1.0
0000882291,AEMD,2007-05-10,0,4.456012151224335e-06,1.0
0000882291,AEMD,2007-05-11,0,4.456012151224335e-06,1.0
0000882291,AEMD,2007-05-14,0,5.7278741458576e-07,1.0
0000882291,AEMD,2007-05-15,0,5.7278741458576e-07,1.0
0000882291,AEMD,2007-05-16,0,5.7278741458576e-07,1.0
0000882291,AEMD,2007-05-17,0,5.7278741458576e-07,1.0
0000882291,AEMD,2007-05-18,0,5.7278741458576e-07,1.0
0000882291,AEMD,2007-05-21,0,5.7278741458576e-07,1.0
0000882291,AEMD,2007-05-22,0,5.7278741458576e-07,1.0
0000882291,AEMD,2007-05-23,0,5.7278741458576e-07,1.0
0000882291,AEMD,2007-05-24,0,5.7278741458576e-07,1.0
0000882291,AEMD,2007-05-25,0,5.7278741458576e-07,1.0
0000882291,AEMD,2007-05-28,0,5.7278741458576e-07,1.0
0000882291,AEMD,2007-05-29,0,5.7278741458576e-07,1.0
0000882291,AEMD,2007-05-30,0,5.7278741458576e-07,1.0
0000882291,AEMD,2007-05-31,0,5.7278741458576e-07,1.0
0000882291,AEMD,2007-06-01,0,5.7278741458576e-07,1.0
0000882291,AEMD,2007-06-04,0,5.7278741458576e-07,1.0
0000882291,AEMD,2007-06-05,0,5.7278741458576e-07,1.0
0000882291,AEMD,2007-06-06,0,5.7278741458576e-07,1.0
0000882291,AEMD,2007-06-07,0,5.7278741458576e-07,1.0
0000882291,AEMD,2007-06-08,0,5.7278741458576e-07,1.0
0000882291,AEMD,2007-06-11,0,5.7278741458576e-07,1.0
0000882291,AEMD,2007-06-12,0,5.7278741458576e-07,1.0
0000882291,AEMD,2007-06-13,0,5.7278741458576e-07,1.0
0000882291,AEMD,2007-06-14,0,5.7278741458576e-07,1.0
0000882291,AEMD,2007-06-15,0,5.7278741458576e-07,1.0
0000882291,AEMD,2007-06-18,0,5.7278741458576e-07,1.0
0000882291,AEMD,2007-06-19,0,5.7278741458576e-07,1.0
0000882291,AEMD,2007-06-20,0,1.213595316361549e-06,1.0
0000882291,AEMD,2007-06-21,0,1.213595316361549e-06,1.0
0000882291,AEMD,2007-06-22,0,1.213595316361549e-06,1.0
0000882291,AEMD,2007-06-25,0,1.213595316361549e-06,1.0
0000882291,AEMD,2007-06-26,0,1.213595316361549e-06,1.0
0000882291,AEMD,2007-06-27,0,1.213595316361549e-06,1.0
0000882291,AEMD,2007-06-28,0,1.213595316361549e-06,1.0
0000882291,AEMD,2007-06-29,0,1.213595316361549e-06,1.0
0000882291,AEMD,2007-07-02,0,1.213595316361549e-06,1.0
0000882291,AEMD,2007-07-03,0,1.213595316361549e-06,1.0
0000882291,AEMD,2007-07-04,0,1.213595316361549e-06,1.0
0000882291,AEMD,2007-07-05,0,1.213595316361549e-06,1.0
0000882291,AEMD,2007-07-06,0,1.213595316361549e-06,1.0
0000882291,AEMD,2007-07-09,0,1.213595316361549e-06,1.0
0000882291,AEMD,2007-07-10,0,1.213595316361549e-06,1.0
0000882291,AEMD,2007-07-11,0,1.213595316361549e-06,1.0
0000882291,AEMD,2007-07-12,0,1.213595316361549e-06,1.0
0000882291,AEMD,2007-07-13,0,1.213595316361549e-06,1.0
0000882291,AEMD,2007-07-16,0,1.213595316361549e-06,1.0
0000882291,AEMD,2007-07-17,0,1.213595316361549e-06,1.0
0000882291,AEMD,2007-07-18,0,1.213595316361549e-06,1.0
0000882291,AEMD,2007-07-19,0,1.213595316361549e-06,1.0
0000882291,AEMD,2007-07-20,0,1.213595316361549e-06,1.0
0000882291,AEMD,2007-07-23,0,1.213595316361549e-06,1.0
0000882291,AEMD,2007-07-24,0,1.213595316361549e-06,1.0
0000882291,AEMD,2007-07-25,0,1.213595316361549e-06,1.0
0000882291,AEMD,2007-07-26,0,1.213595316361549e-06,1.0
0000882291,AEMD,2007-07-27,0,1.213595316361549e-06,1.0
0000882291,AEMD,2007-07-30,0,1.388856357465806e-06,1.0
0000882291,AEMD,2007-07-31,0,1.388856357465806e-06,1.0
0000882291,AEMD,2007-08-01,0,1.388856357465806e-06,1.0
0000882291,AEMD,2007-08-02,0,1.388856357465806e-06,1.0
0000882291,AEMD,2007-08-03,0,1.388856357465806e-06,1.0
0000882291,AEMD,2007-08-06,0,1.388856357465806e-06,1.0
0000882291,AEMD,2007-08-07,0,1.388856357465806e-06,1.0
0000882291,AEMD,2007-08-08,0,1.388856357465806e-06,1.0
0000882291,AEMD,2007-08-09,0,1.388856357465806e-06,1.0
0000882291,AEMD,2007-08-10,0,1.388856357465806e-06,1.0
0000882291,AEMD,2007-08-13,0,2.7256177673842696e-06,1.0
0000882291,AEMD,2007-08-14,0,2.7256177673842696e-06,1.0
0000882291,AEMD,2007-08-15,0,2.7256177673842696e-06,1.0
0000882291,AEMD,2007-08-16,0,2.7256177673842696e-06,1.0
0000882291,AEMD,2007-08-17,0,2.7256177673842696e-06,1.0
0000882291,AEMD,2007-08-20,0,2.046145707276628e-06,1.0
0000882291,AEMD,2007-08-21,0,2.046145707276628e-06,1.0
0000882291,AEMD,2007-08-22,0,2.046145707276628e-06,1.0
0000882291,AEMD,2007-08-23,0,2.046145707276628e-06,1.0
0000882291,AEMD,2007-08-24,0,2.046145707276628e-06,1.0
0000882291,AEMD,2007-08-27,0,2.046145707276628e-06,1.0
0000882291,AEMD,2007-08-28,0,2.046145707276628e-06,1.0
0000882291,AEMD,2007-08-29,0,2.046145707276628e-06,1.0
0000882291,AEMD,2007-08-30,0,2.046145707276628e-06,1.0
0000882291,AEMD,2007-08-31,0,2.046145707276628e-06,1.0
0000882291,AEMD,2007-09-03,0,2.046145707276628e-06,1.0
0000882291,AEMD,2007-09-04,0,2.046145707276628e-06,1.0
0000882291,AEMD,2007-09-05,0,2.046145707276628e-06,1.0
0000882291,AEMD,2007-09-06,0,2.046145707276628e-06,1.0
0000882291,AEMD,2007-09-07,0,2.046145707276628e-06,1.0
0000882291,AEMD,2007-09-10,0,2.046145707276628e-06,1.0
0000882291,AEMD,2007-09-11,0,2.046145707276628e-06,1.0
0000882291,AEMD,2007-09-12,0,2.046145707276628e-06,1.0
0000882291,AEMD,2007-09-13,0,2.046145707276628e-06,1.0
0000882291,AEMD,2007-09-14,0,2.046145707276628e-06,1.0
0000882291,AEMD,2007-09-17,0,2.046145707276628e-06,1.0
0000882291,AEMD,2007-09-18,0,2.820587520422457e-06,1.0
0000882291,AEMD,2007-09-19,0,2.628701254353631e-06,1.0
0000882291,AEMD,2007-09-20,0,2.628701254353631e-06,1.0
0000882291,AEMD,2007-09-21,0,2.628701254353631e-06,1.0
0000882291,AEMD,2007-09-24,0,2.628701254353631e-06,1.0
0000882291,AEMD,2007-09-25,0,2.628701254353631e-06,1.0
0000882291,AEMD,2007-09-26,0,2.628701254353631e-06,1.0
0000882291,AEMD,2007-09-27,0,2.628701254353631e-06,1.0
0000882291,AEMD,2007-09-28,0,2.628701254353631e-06,1.0
0000882291,AEMD,2007-10-01,0,2.628701254353631e-06,1.0
0000882291,AEMD,2007-10-02,0,2.628701254353631e-06,1.0
0000882291,AEMD,2007-10-03,0,2.628701254353631e-06,1.0
0000882291,AEMD,2007-10-04,0,2.628701254353631e-06,1.0
0000882291,AEMD,2007-10-05,0,2.628701254353631e-06,1.0
0000882291,AEMD,2007-10-08,0,2.628701254353631e-06,1.0
0000882291,AEMD,2007-10-09,0,2.628701254353631e-06,1.0
0000882291,AEMD,2007-10-10,0,2.628701254353631e-06,1.0
0000882291,AEMD,2007-10-11,0,2.628701254353631e-06,1.0
0000882291,AEMD,2007-10-12,0,2.628701254353631e-06,1.0
0000882291,AEMD,2007-10-15,0,2.628701254353631e-06,1.0
0000882291,AEMD,2007-10-16,0,2.628701254353631e-06,1.0
0000882291,AEMD,2007-10-17,0,2.628701254353631e-06,1.0
0000882291,AEMD,2007-10-18,0,2.628701254353631e-06,1.0
0000882291,AEMD,2007-10-19,0,2.628701254353631e-06,1.0
0000882291,AEMD,2007-10-22,0,2.628701254353631e-06,1.0
0000882291,AEMD,2007-10-23,0,2.628701254353631e-06,1.0
0000882291,AEMD,2007-10-24,0,2.628701254353631e-06,1.0
0000882291,AEMD,2007-10-25,0,2.628701254353631e-06,1.0
0000882291,AEMD,2007-10-26,0,2.628701254353631e-06,1.0
0000882291,AEMD,2007-10-29,0,2.628701254353631e-06,1.0
0000882291,AEMD,2007-10-30,0,2.628701254353631e-06,1.0
0000882291,AEMD,2007-10-31,0,2.628701254353631e-06,1.0
0000882291,AEMD,2007-11-01,0,2.628701254353631e-06,1.0
0000882291,AEMD,2007-11-02,0,2.628701254353631e-06,1.0
0000882291,AEMD,2007-11-05,0,2.628701254353631e-06,1.0
0000882291,AEMD,2007-11-06,0,2.628701254353631e-06,1.0
0000882291,AEMD,2007-11-07,0,2.628701254353631e-06,1.0
0000882291,AEMD,2007-11-08,0,2.628701254353631e-06,1.0
0000882291,AEMD,2007-11-09,0,2.628701254353631e-06,1.0
0000882291,AEMD,2007-11-12,0,2.628701254353631e-06,1.0
0000882291,AEMD,2007-11-13,0,2.628701254353631e-06,1.0
0000882291,AEMD,2007-11-14,0,2.628701254353631e-06,1.0
0000882291,AEMD,2007-11-15,0,2.628701254353631e-06,1.0
0000882291,AEMD,2007-11-16,0,2.628701254353631e-06,1.0
0000882291,AEMD,2007-11-19,0,3.7502276076658776e-06,1.0
0000882291,AEMD,2007-11-20,0,3.7502276076658776e-06,1.0
0000882291,AEMD,2007-11-21,0,3.7502276076658776e-06,1.0
0000882291,AEMD,2007-11-22,0,3.7502276076658776e-06,1.0
0000882291,AEMD,2007-11-23,0,3.7502276076658776e-06,1.0
0000882291,AEMD,2007-11-26,0,3.7502276076658776e-06,1.0
0000882291,AEMD,2007-11-27,0,3.7502276076658776e-06,1.0
0000882291,AEMD,2007-11-28,0,3.7502276076658776e-06,1.0
0000882291,AEMD,2007-11-29,0,3.7502276076658776e-06,1.0
0000882291,AEMD,2007-11-30,0,3.7502276076658776e-06,1.0
0000882291,AEMD,2007-12-03,0,3.7502276076658776e-06,1.0
0000882291,AEMD,2007-12-04,0,3.7502276076658776e-06,1.0
0000882291,AEMD,2007-12-05,0,3.7502276076658776e-06,1.0
0000882291,AEMD,2007-12-06,0,3.7502276076658776e-06,1.0
0000882291,AEMD,2007-12-07,0,3.7502276076658776e-06,1.0
0000882291,AEMD,2007-12-10,0,3.7502276076658776e-06,1.0
0000882291,AEMD,2007-12-11,0,3.7502276076658776e-06,1.0
0000882291,AEMD,2007-12-12,0,7.208386683622812e-07,1.0
0000882291,AEMD,2007-12-13,0,7.208386683622812e-07,1.0
0000882291,AEMD,2007-12-14,0,7.208386683622812e-07,1.0
0000882291,AEMD,2007-12-17,0,7.208386683622812e-07,1.0
0000882291,AEMD,2007-12-18,0,7.208386683622812e-07,1.0
0000882291,AEMD,2007-12-19,0,7.208386683622812e-07,1.0
0000882291,AEMD,2007-12-20,0,7.208386683622812e-07,1.0
0000882291,AEMD,2007-12-21,0,7.208386683622812e-07,1.0
0000882291,AEMD,2007-12-24,0,7.208386683622812e-07,1.0
0000882291,AEMD,2007-12-25,0,7.208386683622812e-07,1.0
0000882291,AEMD,2007-12-26,0,7.208386683622812e-07,1.0
0000882291,AEMD,2007-12-27,0,7.208386683622812e-07,1.0
0000882291,AEMD,2007-12-28,0,7.208386683622812e-07,1.0
0000882291,AEMD,2007-12-31,0,7.208386683622812e-07,1.0
0000882291,AEMD,2008-01-01,0,7.208386683622812e-07,1.0
0000882291,AEMD,2008-01-02,0,7.208386683622812e-07,1.0
0000882291,AEMD,2008-01-03,0,7.208386683622812e-07,1.0
0000882291,AEMD,2008-01-04,0,7.208386683622812e-07,1.0
0000882291,AEMD,2008-01-07,0,7.208386683622812e-07,1.0
0000882291,AEMD,2008-01-08,0,7.208386683622812e-07,1.0
0000882291,AEMD,2008-01-09,0,7.208386683622812e-07,1.0
0000882291,AEMD,2008-01-10,0,7.208386683622812e-07,1.0
0000882291,AEMD,2008-01-11,0,1.2844276981536914e-06,1.0
0000882291,AEMD,2008-01-14,0,1.2844276981536914e-06,1.0
0000882291,AEMD,2008-01-15,0,1.2844276981536914e-06,1.0
0000882291,AEMD,2008-01-16,0,1.2844276981536914e-06,1.0
0000882291,AEMD,2008-01-17,0,1.2844276981536914e-06,1.0
0000882291,AEMD,2008-01-18,0,1.2844276981536914e-06,1.0
0000882291,AEMD,2008-01-21,0,1.2844276981536914e-06,1.0
0000882291,AEMD,2008-01-22,0,1.2844276981536914e-06,1.0
0000882291,AEMD,2008-01-23,0,1.2844276981536914e-06,1.0
0000882291,AEMD,2008-01-24,0,1.2844276981536914e-06,1.0
0000882291,AEMD,2008-01-25,0,1.2844276981536914e-06,1.0
0000882291,AEMD,2008-01-28,0,1.2844276981536914e-06,1.0
0000882291,AEMD,2008-01-29,0,1.2844276981536914e-06,1.0
0000882291,AEMD,2008-01-30,0,1.2844276981536914e-06,1.0
0000882291,AEMD,2008-01-31,0,1.2844276981536914e-06,1.0
0000882291,AEMD,2008-02-01,0,1.2844276981536914e-06,1.0
0000882291,AEMD,2008-02-04,0,1.2844276981536914e-06,1.0
0000882291,AEMD,2008-02-05,0,1.2844276981536914e-06,1.0
0000882291,AEMD,2008-02-06,0,1.2844276981536914e-06,1.0
0000882291,AEMD,2008-02-07,0,1.2844276981536914e-06,1.0
0000882291,AEMD,2008-02-08,0,1.2844276981536914e-06,1.0
0000882291,AEMD,2008-02-11,0,1.2844276981536914e-06,1.0
0000882291,AEMD,2008-02-12,0,2.6099407207846697e-07,1.0
0000882291,AEMD,2008-02-13,0,2.6099407207846697e-07,1.0
0000882291,AEMD,2008-02-14,0,2.6099407207846697e-07,1.0
0000882291,AEMD,2008-02-15,0,2.6099407207846697e-07,1.0
0000882291,AEMD,2008-02-18,0,2.614287230068179e-07,1.0
0000882291,AEMD,2008-02-19,0,2.614287230068179e-07,1.0
0000882291,AEMD,2008-02-20,0,2.614287230068179e-07,1.0
0000882291,AEMD,2008-02-21,0,2.614287230068179e-07,1.0
0000882291,AEMD,2008-02-22,0,2.614287230068179e-07,1.0
0000882291,AEMD,2008-02-25,0,2.614287230068179e-07,1.0
0000882291,AEMD,2008-02-26,0,2.614287230068179e-07,1.0
0000882291,AEMD,2008-02-27,0,2.614287230068179e-07,1.0
0000882291,AEMD,2008-02-28,0,2.614287230068179e-07,1.0
0000882291,AEMD,2008-02-29,0,2.614287230068179e-07,1.0
0000882291,AEMD,2008-03-03,0,2.614287230068179e-07,1.0
0000882291,AEMD,2008-03-04,0,2.614287230068179e-07,1.0
0000882291,AEMD,2008-03-05,0,2.614287230068179e-07,1.0
0000882291,AEMD,2008-03-06,0,2.614287230068179e-07,1.0
0000882291,AEMD,2008-03-07,0,2.614287230068179e-07,1.0
0000882291,AEMD,2008-03-10,0,2.614287230068179e-07,1.0
0000882291,AEMD,2008-03-11,0,2.614287230068179e-07,1.0
0000882291,AEMD,2008-03-12,0,2.6301200943869145e-07,1.0
0000882291,AEMD,2008-03-13,0,2.6301200943869145e-07,1.0
0000882291,AEMD,2008-03-14,0,5.468111360346517e-06,1.0
0000882291,AEMD,2008-03-17,0,5.468111360346517e-06,1.0
0000882291,AEMD,2008-03-18,0,5.468111360346517e-06,1.0
0000882291,AEMD,2008-03-19,0,5.468111360346517e-06,1.0
0000882291,AEMD,2008-03-20,0,5.468111360346517e-06,1.0
0000882291,AEMD,2008-03-21,0,5.468111360346517e-06,1.0
0000882291,AEMD,2008-03-24,0,5.468111360346517e-06,1.0
0000882291,AEMD,2008-03-25,0,5.468111360346517e-06,1.0
0000882291,AEMD,2008-03-26,0,5.468111360346517e-06,1.0
0000882291,AEMD,2008-03-27,0,5.468111360346517e-06,1.0
0000882291,AEMD,2008-03-28,0,5.468111360346517e-06,1.0
0000882291,AEMD,2008-03-31,0,5.468111360346517e-06,1.0
0000882291,AEMD,2008-04-01,0,5.468111360346517e-06,1.0
0000882291,AEMD,2008-04-02,0,5.468111360346517e-06,1.0
0000882291,AEMD,2008-04-03,0,5.468111360346517e-06,1.0
0000882291,AEMD,2008-04-04,0,5.468111360346517e-06,1.0
0000882291,AEMD,2008-04-07,0,5.468111360346517e-06,1.0
0000882291,AEMD,2008-04-08,0,5.468111360346517e-06,1.0
0000882291,AEMD,2008-04-09,0,5.468111360346517e-06,1.0
0000882291,AEMD,2008-04-10,0,5.468111360346517e-06,1.0
0000882291,AEMD,2008-04-11,0,5.468111360346517e-06,1.0
0000882291,AEMD,2008-04-14,0,5.468111360346517e-06,1.0
0000882291,AEMD,2008-04-15,0,5.468111360346517e-06,1.0
0000882291,AEMD,2008-04-16,0,5.468111360346517e-06,1.0
0000882291,AEMD,2008-04-17,0,5.468111360346517e-06,1.0
0000882291,AEMD,2008-04-18,0,5.468111360346517e-06,1.0
0000882291,AEMD,2008-04-21,0,5.468111360346517e-06,1.0
0000882291,AEMD,2008-04-22,0,5.468111360346517e-06,1.0
0000882291,AEMD,2008-04-23,0,5.468111360346517e-06,1.0
0000882291,AEMD,2008-04-24,0,5.468111360346517e-06,1.0
0000882291,AEMD,2008-04-25,0,5.468111360346517e-06,1.0
0000882291,AEMD,2008-04-28,0,5.468111360346517e-06,1.0
0000882291,AEMD,2008-04-29,0,5.468111360346517e-06,1.0
0000882291,AEMD,2008-04-30,0,5.468111360346517e-06,1.0
0000882291,AEMD,2008-05-01,0,5.468111360346517e-06,1.0
0000882291,AEMD,2008-05-02,0,2.6049387956843375e-06,1.0
0000882291,AEMD,2008-05-05,0,2.6049387956843375e-06,1.0
0000882291,AEMD,2008-05-06,0,2.6049387956843375e-06,1.0
0000882291,AEMD,2008-05-07,0,2.6049387956843375e-06,1.0
0000882291,AEMD,2008-05-08,0,2.6049387956843375e-06,1.0
0000882291,AEMD,2008-05-09,0,2.6049387956843375e-06,1.0
0000882291,AEMD,2008-05-12,0,2.6049387956843375e-06,1.0
0000882291,AEMD,2008-05-13,0,2.291908461399594e-07,1.0
0000882291,AEMD,2008-05-14,0,2.291908461399594e-07,1.0
0000882291,AEMD,2008-05-15,0,2.291908461399594e-07,1.0
0000882291,AEMD,2008-05-16,0,2.291908461399594e-07,1.0
0000882291,AEMD,2008-05-19,0,2.291908461399594e-07,1.0
0000882291,AEMD,2008-05-20,0,2.291908461399594e-07,1.0
0000882291,AEMD,2008-05-21,0,2.291908461399594e-07,1.0
0000882291,AEMD,2008-05-22,0,2.291908461399594e-07,1.0
0000882291,AEMD,2008-05-23,0,2.291908461399594e-07,1.0
0000882291,AEMD,2008-05-26,0,2.291908461399594e-07,1.0
0000882291,AEMD,2008-05-27,0,2.291908461399594e-07,1.0
0000882291,AEMD,2008-05-28,0,2.291908461399594e-07,1.0
0000882291,AEMD,2008-05-29,0,2.291908461399594e-07,1.0
0000882291,AEMD,2008-05-30,0,2.291908461399594e-07,1.0
0000882291,AEMD,2008-06-02,0,4.5185336451056667e-07,1.0
0000882291,AEMD,2008-06-03,0,4.5185336451056667e-07,1.0
0000882291,AEMD,2008-06-04,0,4.5185336451056667e-07,1.0
0000882291,AEMD,2008-06-05,0,4.5185336451056667e-07,1.0
0000882291,AEMD,2008-06-06,0,4.5185336451056667e-07,1.0
0000882291,AEMD,2008-06-09,0,4.5185336451056667e-07,1.0
0000882291,AEMD,2008-06-10,0,4.6527995498535516e-07,1.0
0000882291,AEMD,2008-06-11,0,4.6527995498535516e-07,1.0
0000882291,AEMD,2008-06-12,0,4.6527995498535516e-07,1.0
0000882291,AEMD,2008-06-13,0,4.6527995498535516e-07,1.0
0000882291,AEMD,2008-06-16,0,4.6527995498535516e-07,1.0
0000882291,AEMD,2008-06-17,0,4.6527995498535516e-07,1.0
0000882291,AEMD,2008-06-18,0,4.6527995498535516e-07,1.0
0000882291,AEMD,2008-06-19,0,4.6527995498535516e-07,1.0
0000882291,AEMD,2008-06-20,0,4.6527995498535516e-07,1.0
0000882291,AEMD,2008-06-23,0,4.6527995498535516e-07,1.0
0000882291,AEMD,2008-06-24,0,4.6527995498535516e-07,1.0
0000882291,AEMD,2008-06-25,0,4.6527995498535516e-07,1.0
0000882291,AEMD,2008-06-26,0,4.6527995498535516e-07,1.0
0000882291,AEMD,2008-06-27,0,4.6527995498535516e-07,1.0
0000882291,AEMD,2008-06-30,0,4.6527995498535516e-07,1.0
0000882291,AEMD,2008-07-01,0,4.6527995498535516e-07,1.0
0000882291,AEMD,2008-07-02,0,4.6527995498535516e-07,1.0
0000882291,AEMD,2008-07-03,0,4.6527995498535516e-07,1.0
0000882291,AEMD,2008-07-04,0,4.6527995498535516e-07,1.0
0000882291,AEMD,2008-07-07,0,4.6527995498535516e-07,1.0
0000882291,AEMD,2008-07-08,0,4.6527995498535516e-07,1.0
0000882291,AEMD,2008-07-09,0,4.6527995498535516e-07,1.0
0000882291,AEMD,2008-07-10,0,4.6527995498535516e-07,1.0
0000882291,AEMD,2008-07-11,0,4.6527995498535516e-07,1.0
0000882291,AEMD,2008-07-14,0,4.6527995498535516e-07,1.0
0000882291,AEMD,2008-07-15,0,4.6527995498535516e-07,1.0
0000882291,AEMD,2008-07-16,0,4.6527995498535516e-07,1.0
0000882291,AEMD,2008-07-17,0,4.6527995498535516e-07,1.0
0000882291,AEMD,2008-07-18,0,4.6527995498535516e-07,1.0
0000882291,AEMD,2008-07-21,0,4.6527995498535516e-07,1.0
0000882291,AEMD,2008-07-22,0,4.6527995498535516e-07,1.0
0000882291,AEMD,2008-07-23,0,4.6527995498535516e-07,1.0
0000882291,AEMD,2008-07-24,0,4.6527995498535516e-07,1.0
0000882291,AEMD,2008-07-25,0,4.6527995498535516e-07,1.0
0000882291,AEMD,2008-07-28,0,4.6527995498535516e-07,1.0
0000882291,AEMD,2008-07-29,0,4.6527995498535516e-07,1.0
0000882291,AEMD,2008-07-30,0,4.6527995498535516e-07,1.0
0000882291,AEMD,2008-07-31,0,9.827417859679685e-07,1.0
0000882291,AEMD,2008-08-01,0,9.827417859679685e-07,1.0
0000882291,AEMD,2008-08-04,0,9.827417859679685e-07,1.0
0000882291,AEMD,2008-08-05,0,9.827417859679685e-07,1.0
0000882291,AEMD,2008-08-06,0,9.827417859679685e-07,1.0
0000882291,AEMD,2008-08-07,0,9.827417859679685e-07,1.0
0000882291,AEMD,2008-08-08,0,9.827417859679685e-07,1.0
0000882291,AEMD,2008-08-11,0,2.634544797886277e-06,1.0
0000882291,AEMD,2008-08-12,0,6.765906912652926e-07,1.0
0000882291,AEMD,2008-08-13,0,6.765906912652926e-07,1.0
0000882291,AEMD,2008-08-14,0,6.222206357333852e-07,1.0
0000882291,AEMD,2008-08-15,0,6.222206357333852e-07,1.0
0000882291,AEMD,2008-08-18,0,6.222206357333852e-07,1.0
0000882291,AEMD,2008-08-19,0,6.222206357333852e-07,1.0
0000882291,AEMD,2008-08-20,0,6.222206357333852e-07,1.0
0000882291,AEMD,2008-08-21,0,6.222206357333852e-07,1.0
0000882291,AEMD,2008-08-22,0,6.222206357333852e-07,1.0
0000882291,AEMD,2008-08-25,0,6.222206357333852e-07,1.0
0000882291,AEMD,2008-08-26,0,6.222206357333852e-07,1.0
0000882291,AEMD,2008-08-27,0,6.222206357333852e-07,1.0
0000882291,AEMD,2008-08-28,0,6.222206357333852e-07,1.0
0000882291,AEMD,2008-08-29,0,6.222206357333852e-07,1.0
0000882291,AEMD,2008-09-01,0,6.222206357333852e-07,1.0
0000882291,AEMD,2008-09-02,0,6.222206357333852e-07,1.0
0000882291,AEMD,2008-09-03,0,6.222206357333852e-07,1.0
0000882291,AEMD,2008-09-04,0,6.222206357333852e-07,1.0
0000882291,AEMD,2008-09-05,0,6.222206357333852e-07,1.0
0000882291,AEMD,2008-09-08,0,6.222206357333852e-07,1.0
0000882291,AEMD,2008-09-09,0,6.222206357333852e-07,1.0
0000882291,AEMD,2008-09-10,0,6.222206357333852e-07,1.0
0000882291,AEMD,2008-09-11,0,1.210659474121625e-06,1.0
0000882291,AEMD,2008-09-12,0,1.210659474121625e-06,1.0
0000882291,AEMD,2008-09-15,0,1.34430989221093e-06,1.0
0000882291,AEMD,2008-09-16,0,1.34430989221093e-06,1.0
0000882291,AEMD,2008-09-17,0,1.34430989221093e-06,1.0
0000882291,AEMD,2008-09-18,0,1.34430989221093e-06,1.0
0000882291,AEMD,2008-09-19,0,1.34430989221093e-06,1.0
0000882291,AEMD,2008-09-22,0,1.34430989221093e-06,1.0
0000882291,AEMD,2008-09-23,0,1.34430989221093e-06,1.0
0000882291,AEMD,2008-09-24,0,1.34430989221093e-06,1.0
0000882291,AEMD,2008-09-25,0,1.34430989221093e-06,1.0
0000882291,AEMD,2008-09-26,0,1.34430989221093e-06,1.0
0000882291,AEMD,2008-09-29,0,1.2158017581465504e-07,1.0
0000882291,AEMD,2008-09-30,0,1.2158017581465504e-07,1.0
0000882291,AEMD,2008-10-01,0,1.2158017581465504e-07,1.0
0000882291,AEMD,2008-10-02,0,1.2158017581465504e-07,1.0
0000882291,AEMD,2008-10-03,0,1.2158017581465504e-07,1.0
0000882291,AEMD,2008-10-06,0,1.2158017581465504e-07,1.0
0000882291,AEMD,2008-10-07,0,1.2158017581465504e-07,1.0
0000882291,AEMD,2008-10-08,0,1.2158017581465504e-07,1.0
0000882291,AEMD,2008-10-09,0,1.2158017581465504e-07,1.0
0000882291,AEMD,2008-10-10,0,1.2158017581465504e-07,1.0
0000882291,AEMD,2008-10-13,0,1.2158017581465504e-07,1.0
0000882291,AEMD,2008-10-14,0,1.2158017581465504e-07,1.0
0000882291,AEMD,2008-10-15,0,1.2158017581465504e-07,1.0
0000882291,AEMD,2008-10-16,0,1.2158017581465504e-07,1.0
0000882291,AEMD,2008-10-17,0,1.2158017581465504e-07,1.0
0000882291,AEMD,2008-10-20,0,1.2158017581465504e-07,1.0
0000882291,AEMD,2008-10-21,0,1.2158017581465504e-07,1.0
0000882291,AEMD,2008-10-22,0,1.2158017581465504e-07,1.0
0000882291,AEMD,2008-10-23,0,1.2158017581465504e-07,1.0
0000882291,AEMD,2008-10-24,0,1.2158017581465504e-07,1.0
0000882291,AEMD,2008-10-27,0,1.2158017581465504e-07,1.0
0000882291,AEMD,2008-10-28,0,1.2158017581465504e-07,1.0
0000882291,AEMD,2008-10-29,0,4.430815628274202e-06,1.0
0000882291,AEMD,2008-10-30,0,4.430815628274202e-06,1.0
0000882291,AEMD,2008-10-31,0,4.430815628274202e-06,1.0
0000882291,AEMD,2008-11-03,0,4.430815628274202e-06,1.0
0000882291,AEMD,2008-11-04,0,4.430815628274202e-06,1.0
0000882291,AEMD,2008-11-05,0,4.430815628274202e-06,1.0
0000882291,AEMD,2008-11-06,0,4.430815628274202e-06,1.0
0000882291,AEMD,2008-11-07,0,4.430815628274202e-06,1.0
0000882291,AEMD,2008-11-10,0,4.444061488700603e-06,1.0
0000882291,AEMD,2008-11-11,0,4.444061488700603e-06,1.0
0000882291,AEMD,2008-11-12,0,3.897327711016056e-06,1.0
0000882291,AEMD,2008-11-13,0,3.897327711016056e-06,1.0
0000882291,AEMD,2008-11-14,0,3.897327711016056e-06,1.0
0000882291,AEMD,2008-11-17,0,3.897327711016056e-06,1.0
0000882291,AEMD,2008-11-18,0,3.897327711016056e-06,1.0
0000882291,AEMD,2008-11-19,0,3.96555653821888e-06,1.0
0000882291,AEMD,2008-11-20,0,3.96555653821888e-06,1.0
0000882291,AEMD,2008-11-21,0,3.96555653821888e-06,1.0
0000882291,AEMD,2008-11-24,0,3.96555653821888e-06,1.0
0000882291,AEMD,2008-11-25,0,3.96555653821888e-06,1.0
0000882291,AEMD,2008-11-26,0,3.96555653821888e-06,1.0
0000882291,AEMD,2008-11-27,0,3.96555653821888e-06,1.0
0000882291,AEMD,2008-11-28,0,3.96555653821888e-06,1.0
0000882291,AEMD,2008-12-01,0,3.96555653821888e-06,1.0
0000882291,AEMD,2008-12-02,0,3.96555653821888e-06,1.0
0000882291,AEMD,2008-12-03,0,3.96555653821888e-06,1.0
0000882291,AEMD,2008-12-04,0,3.96555653821888e-06,1.0
0000882291,AEMD,2008-12-05,0,3.96555653821888e-06,1.0
0000882291,AEMD,2008-12-08,0,3.96555653821888e-06,1.0
0000882291,AEMD,2008-12-09,0,3.96555653821888e-06,1.0
0000882291,AEMD,2008-12-10,0,3.96555653821888e-06,1.0
0000882291,AEMD,2008-12-11,0,3.96555653821888e-06,1.0
0000882291,AEMD,2008-12-12,0,3.96555653821888e-06,1.0
0000882291,AEMD,2008-12-15,0,3.96555653821888e-06,1.0
0000882291,AEMD,2008-12-16,0,3.96555653821888e-06,1.0
0000882291,AEMD,2008-12-17,0,3.96555653821888e-06,1.0
0000882291,AEMD,2008-12-18,0,3.96555653821888e-06,1.0
0000882291,AEMD,2008-12-19,0,4.233157280598818e-06,1.0
0000882291,AEMD,2008-12-22,0,4.233157280598818e-06,1.0
0000882291,AEMD,2008-12-23,0,4.233157280598818e-06,1.0
0000882291,AEMD,2008-12-24,0,4.233157280598818e-06,1.0
0000882291,AEMD,2008-12-25,0,4.233157280598818e-06,1.0
0000882291,AEMD,2008-12-26,0,4.233157280598818e-06,1.0
0000882291,AEMD,2008-12-29,0,6.115376815331171e-07,1.0
0000882291,AEMD,2008-12-30,0,6.115376815331171e-07,1.0
0000882291,AEMD,2008-12-31,0,6.115376815331171e-07,1.0
0000882291,AEMD,2009-01-01,0,6.115376815331171e-07,1.0
0000882291,AEMD,2009-01-02,0,2.0920481083122477e-07,1.0
0000882291,AEMD,2009-01-05,0,2.0920481083122477e-07,1.0
0000882291,AEMD,2009-01-06,0,2.0920481083122477e-07,1.0
0000882291,AEMD,2009-01-07,0,2.0920481083122477e-07,1.0
0000882291,AEMD,2009-01-08,0,2.0920481083122477e-07,1.0
0000882291,AEMD,2009-01-09,0,2.0920481083122477e-07,1.0
0000882291,AEMD,2009-01-12,0,2.0920481083122477e-07,1.0
0000882291,AEMD,2009-01-13,0,2.0920481083122477e-07,1.0
0000882291,AEMD,2009-01-14,0,2.0920481083122477e-07,1.0
0000882291,AEMD,2009-01-15,0,2.0920481083122477e-07,1.0
0000882291,AEMD,2009-01-16,0,2.0920481083122477e-07,1.0
0000882291,AEMD,2009-01-19,0,2.0920481083122477e-07,1.0
0000882291,AEMD,2009-01-20,0,2.0033494815604117e-07,1.0
0000882291,AEMD,2009-01-21,0,2.0033494815604117e-07,1.0
0000882291,AEMD,2009-01-22,0,2.0033494815604117e-07,1.0
0000882291,AEMD,2009-01-23,0,2.0033494815604117e-07,1.0
0000882291,AEMD,2009-01-26,0,2.0033494815604117e-07,1.0
0000882291,AEMD,2009-01-27,0,2.0033494815604117e-07,1.0
0000882291,AEMD,2009-01-28,0,2.0033494815604117e-07,1.0
0000882291,AEMD,2009-01-29,0,2.0033494815604117e-07,1.0
0000882291,AEMD,2009-01-30,0,2.0033494815604117e-07,1.0
0000882291,AEMD,2009-02-02,0,2.1685814758545528e-07,1.0
0000882291,AEMD,2009-02-03,0,2.1685814758545528e-07,1.0
0000882291,AEMD,2009-02-04,0,2.1685814758545528e-07,1.0
0000882291,AEMD,2009-02-05,0,2.1685814758545528e-07,1.0
0000882291,AEMD,2009-02-06,0,2.1685814758545528e-07,1.0
0000882291,AEMD,2009-02-09,0,2.234258687096348e-07,1.0
0000882291,AEMD,2009-02-10,0,2.288187219787835e-07,1.0
0000882291,AEMD,2009-02-11,0,2.288187219787835e-07,1.0
0000882291,AEMD,2009-02-12,0,2.288187219787835e-07,1.0
0000882291,AEMD,2009-02-13,0,2.288187219787835e-07,1.0
0000882291,AEMD,2009-02-16,0,2.288187219787835e-07,1.0
0000882291,AEMD,2009-02-17,0,1.9154023781530833e-07,1.0
0000882291,AEMD,2009-02-18,0,1.9154023781530833e-07,1.0
0000882291,AEMD,2009-02-19,0,3.743171195344636e-07,1.0
0000882291,AEMD,2009-02-20,0,3.743171195344636e-07,1.0
0000882291,AEMD,2009-02-23,0,3.743171195344636e-07,1.0
0000882291,AEMD,2009-02-24,0,3.743171195344636e-07,1.0
0000882291,AEMD,2009-02-25,0,3.743171195344636e-07,1.0
0000882291,AEMD,2009-02-26,0,3.743171195344636e-07,1.0
0000882291,AEMD,2009-02-27,0,3.743171195344636e-07,1.0
0000882291,AEMD,2009-03-02,0,3.743171195344636e-07,1.0
0000882291,AEMD,2009-03-03,0,3.743171195344636e-07,1.0
0000882291,AEMD,2009-03-04,0,3.743171195344636e-07,1.0
0000882291,AEMD,2009-03-05,0,3.743171195344636e-07,1.0
0000882291,AEMD,2009-03-06,0,3.743171195344636e-07,1.0
0000882291,AEMD,2009-03-09,0,3.743171195344636e-07,1.0
0000882291,AEMD,2009-03-10,0,3.743171195344636e-07,1.0
0000882291,AEMD,2009-03-11,0,3.743171195344636e-07,1.0
0000882291,AEMD,2009-03-12,0,3.743171195344636e-07,1.0
0000882291,AEMD,2009-03-13,0,3.743171195344636e-07,1.0
0000882291,AEMD,2009-03-16,0,3.743171195344636e-07,1.0
0000882291,AEMD,2009-03-17,0,3.743171195344636e-07,1.0
0000882291,AEMD,2009-03-18,0,3.743171195344636e-07,1.0
0000882291,AEMD,2009-03-19,0,3.743171195344636e-07,1.0
0000882291,AEMD,2009-03-20,0,4.066376986520704e-07,1.0
0000882291,AEMD,2009-03-23,0,4.066376986520704e-07,1.0
0000882291,AEMD,2009-03-24,0,4.066376986520704e-07,1.0
0000882291,AEMD,2009-03-25,0,4.066376986520704e-07,1.0
0000882291,AEMD,2009-03-26,0,4.066376986520704e-07,1.0
0000882291,AEMD,2009-03-27,0,4.066376986520704e-07,1.0
0000882291,AEMD,2009-03-30,0,1.3169749262539747e-06,1.0
0000882291,AEMD,2009-03-31,0,1.3169749262539747e-06,1.0
0000882291,AEMD,2009-04-01,0,1.3169749262539747e-06,1.0
0000882291,AEMD,2009-04-02,0,1.3169749262539747e-06,1.0
0000882291,AEMD,2009-04-03,0,1.3330657266523225e-06,1.0
0000882291,AEMD,2009-04-06,0,1.3330657266523225e-06,1.0
0000882291,AEMD,2009-04-07,0,1.3330657266523225e-06,1.0
0000882291,AEMD,2009-04-08,0,1.3330657266523225e-06,1.0
0000882291,AEMD,2009-04-09,0,1.3330657266523225e-06,1.0
0000882291,AEMD,2009-04-10,0,1.3330657266523225e-06,1.0
0000882291,AEMD,2009-04-13,0,1.3330657266523225e-06,1.0
0000882291,AEMD,2009-04-14,0,1.3330657266523225e-06,1.0
0000882291,AEMD,2009-04-15,0,1.3330657266523225e-06,1.0
0000882291,AEMD,2009-04-16,0,1.3330657266523225e-06,1.0
0000882291,AEMD,2009-04-17,0,1.3330657266523225e-06,1.0
0000882291,AEMD,2009-04-20,0,1.3330657266523225e-06,1.0
0000882291,AEMD,2009-04-21,0,1.94978019583519e-06,1.0
0000882291,AEMD,2009-04-22,0,1.94978019583519e-06,1.0
0000882291,AEMD,2009-04-23,0,1.94978019583519e-06,1.0
0000882291,AEMD,2009-04-24,0,1.94978019583519e-06,1.0
0000882291,AEMD,2009-04-27,0,1.94978019583519e-06,1.0
0000882291,AEMD,2009-04-28,0,1.94978019583519e-06,1.0
0000882291,AEMD,2009-04-29,0,1.94978019583519e-06,1.0
0000882291,AEMD,2009-04-30,0,1.94978019583519e-06,1.0
0000882291,AEMD,2009-05-01,0,1.94978019583519e-06,1.0
0000882291,AEMD,2009-05-04,0,1.94978019583519e-06,1.0
0000882291,AEMD,2009-05-05,0,1.94978019583519e-06,1.0
0000882291,AEMD,2009-05-06,0,1.94978019583519e-06,1.0
0000882291,AEMD,2009-05-07,0,1.94978019583519e-06,1.0
0000882291,AEMD,2009-05-08,0,1.94978019583519e-06,1.0
0000882291,AEMD,2009-05-11,0,1.94978019583519e-06,1.0
0000882291,AEMD,2009-05-12,0,1.94978019583519e-06,1.0
0000882291,AEMD,2009-05-13,0,1.94978019583519e-06,1.0
0000882291,AEMD,2009-05-14,0,1.94978019583519e-06,1.0
0000882291,AEMD,2009-05-15,0,1.94978019583519e-06,1.0
0000882291,AEMD,2009-05-18,0,1.94978019583519e-06,1.0
0000882291,AEMD,2009-05-19,0,2.54733564057923e-06,1.0
0000882291,AEMD,2009-05-20,0,2.54733564057923e-06,1.0
0000882291,AEMD,2009-05-21,0,2.54733564057923e-06,1.0
0000882291,AEMD,2009-05-22,0,2.54733564057923e-06,1.0
0000882291,AEMD,2009-05-25,0,2.54733564057923e-06,1.0
0000882291,AEMD,2009-05-26,0,2.54733564057923e-06,1.0
0000882291,AEMD,2009-05-27,0,2.54733564057923e-06,1.0
0000882291,AEMD,2009-05-28,0,2.54733564057923e-06,1.0
0000882291,AEMD,2009-05-29,0,2.54733564057923e-06,1.0
0000882291,AEMD,2009-06-01,0,2.54733564057923e-06,1.0
0000882291,AEMD,2009-06-02,0,2.54733564057923e-06,1.0
0000882291,AEMD,2009-06-03,0,2.54733564057923e-06,1.0
0000882291,AEMD,2009-06-04,0,2.54733564057923e-06,1.0
0000882291,AEMD,2009-06-05,0,2.54733564057923e-06,1.0
0000882291,AEMD,2009-06-08,0,2.54733564057923e-06,1.0
0000882291,AEMD,2009-06-09,0,2.54733564057923e-06,1.0
0000882291,AEMD,2009-06-10,0,2.54733564057923e-06,1.0
0000882291,AEMD,2009-06-11,0,2.54733564057923e-06,1.0
0000882291,AEMD,2009-06-12,0,2.54733564057923e-06,1.0
0000882291,AEMD,2009-06-15,0,2.54733564057923e-06,1.0
0000882291,AEMD,2009-06-16,0,2.54733564057923e-06,1.0
0000882291,AEMD,2009-06-17,0,2.54733564057923e-06,1.0
0000882291,AEMD,2009-06-18,0,2.54733564057923e-06,1.0
0000882291,AEMD,2009-06-19,0,2.54733564057923e-06,1.0
0000882291,AEMD,2009-06-22,0,2.54733564057923e-06,1.0
0000882291,AEMD,2009-06-23,0,2.54733564057923e-06,1.0
0000882291,AEMD,2009-06-24,0,2.54733564057923e-06,1.0
0000882291,AEMD,2009-06-25,0,2.54733564057923e-06,1.0
0000882291,AEMD,2009-06-26,0,2.54733564057923e-06,1.0
0000882291,AEMD,2009-06-29,0,2.54733564057923e-06,1.0
0000882291,AEMD,2009-06-30,0,2.54733564057923e-06,1.0
0000882291,AEMD,2009-07-01,0,2.54733564057923e-06,1.0
0000882291,AEMD,2009-07-02,0,1.0413729952321923e-07,1.0
0000882291,AEMD,2009-07-03,0,1.0413729952321923e-07,1.0
0000882291,AEMD,2009-07-06,0,1.0413729952321923e-07,1.0
0000882291,AEMD,2009-07-07,0,1.0413729952321923e-07,1.0
0000882291,AEMD,2009-07-08,0,1.0413729952321923e-07,1.0
0000882291,AEMD,2009-07-09,0,1.0413729952321923e-07,1.0
0000882291,AEMD,2009-07-10,0,1.0413729952321923e-07,1.0
0000882291,AEMD,2009-07-13,0,1.0413729952321923e-07,1.0
0000882291,AEMD,2009-07-14,0,1.0413729952321923e-07,1.0
0000882291,AEMD,2009-07-15,0,1.0413729952321923e-07,1.0
0000882291,AEMD,2009-07-16,0,1.0413729952321923e-07,1.0
0000882291,AEMD,2009-07-17,0,1.0413729952321923e-07,1.0
0000882291,AEMD,2009-07-20,0,1.0735070737055403e-07,1.0
0000882291,AEMD,2009-07-21,0,1.0735070737055403e-07,1.0
0000882291,AEMD,2009-07-22,0,1.0735070737055403e-07,1.0
0000882291,AEMD,2009-07-23,0,1.0735070737055403e-07,1.0
0000882291,AEMD,2009-07-24,0,1.0735070737055403e-07,1.0
0000882291,AEMD,2009-07-27,0,1.845845205375295e-07,1.0
0000882291,AEMD,2009-07-28,0,1.845845205375295e-07,1.0
0000882291,AEMD,2009-07-29,0,1.845845205375295e-07,1.0
0000882291,AEMD,2009-07-30,0,1.845845205375295e-07,1.0
0000882291,AEMD,2009-07-31,0,1.845845205375295e-07,1.0
0000882291,AEMD,2009-08-03,0,6.895530261052852e-07,1.0
0000882291,AEMD,2009-08-04,0,7.425447128843749e-07,1.0
0000882291,AEMD,2009-08-05,0,7.425447128843749e-07,1.0
0000882291,AEMD,2009-08-06,0,7.425447128843749e-07,1.0
0000882291,AEMD,2009-08-07,0,7.425447128843749e-07,1.0
0000882291,AEMD,2009-08-10,0,7.425447128843749e-07,1.0
0000882291,AEMD,2009-08-11,0,7.425447128843749e-07,1.0
0000882291,AEMD,2009-08-12,0,7.425447128843749e-07,1.0
0000882291,AEMD,2009-08-13,0,7.425447128843749e-07,1.0
0000882291,AEMD,2009-08-14,0,6.612206365082368e-07,1.0
0000882291,AEMD,2009-08-17,0,6.75305155680634e-07,1.0
0000882291,AEMD,2009-08-18,0,6.75305155680634e-07,1.0
0000882291,AEMD,2009-08-19,0,6.75305155680634e-07,1.0
0000882291,AEMD,2009-08-20,0,6.75305155680634e-07,1.0
0000882291,AEMD,2009-08-21,0,6.75305155680634e-07,1.0
0000882291,AEMD,2009-08-24,0,6.75305155680634e-07,1.0
0000882291,AEMD,2009-08-25,0,6.75305155680634e-07,1.0
0000882291,AEMD,2009-08-26,0,6.689913656926611e-07,1.0
0000882291,AEMD,2009-08-27,0,6.689913656926611e-07,1.0
0000882291,AEMD,2009-08-28,0,6.689913656926611e-07,1.0
0000882291,AEMD,2009-08-31,0,6.689913656926611e-07,1.0
0000882291,AEMD,2009-09-01,0,6.689913656926611e-07,1.0
0000882291,AEMD,2009-09-02,0,6.689913656926611e-07,1.0
0000882291,AEMD,2009-09-03,0,1.2816235057221781e-06,1.0
0000882291,AEMD,2009-09-04,0,1.2816235057221781e-06,1.0
0000882291,AEMD,2009-09-07,0,1.2816235057221781e-06,1.0
0000882291,AEMD,2009-09-08,0,1.2816235057221781e-06,1.0
0000882291,AEMD,2009-09-09,0,1.2816235057221781e-06,1.0
0000882291,AEMD,2009-09-10,0,1.2816235057221781e-06,1.0
0000882291,AEMD,2009-09-11,0,1.2816235057221781e-06,1.0
0000882291,AEMD,2009-09-14,0,1.3576820679966306e-06,1.0
0000882291,AEMD,2009-09-15,0,1.3576820679966306e-06,1.0
0000882291,AEMD,2009-09-16,0,1.3576820679966306e-06,1.0
0000882291,AEMD,2009-09-17,0,1.3576820679966306e-06,1.0
0000882291,AEMD,2009-09-18,0,1.3576820679966306e-06,1.0
0000882291,AEMD,2009-09-21,0,1.3576820679966306e-06,1.0
0000882291,AEMD,2009-09-22,0,1.3576820679966306e-06,1.0
0000882291,AEMD,2009-09-23,0,1.3576820679966306e-06,1.0
0000882291,AEMD,2009-09-24,0,1.3576820679966306e-06,1.0
0000882291,AEMD,2009-09-25,0,2.429804571075068e-06,1.0
0000882291,AEMD,2009-09-28,0,2.429804571075068e-06,1.0
0000882291,AEMD,2009-09-29,0,2.429804571075068e-06,1.0
0000882291,AEMD,2009-09-30,0,1.5340116866685793e-06,1.0
0000882291,AEMD,2009-10-01,0,1.0220761393773437e-06,1.0
0000882291,AEMD,2009-10-02,0,1.0220761393773437e-06,1.0
0000882291,AEMD,2009-10-05,0,1.0220761393773437e-06,1.0
0000882291,AEMD,2009-10-06,0,1.0220761393773437e-06,1.0
0000882291,AEMD,2009-10-07,0,1.0220761393773437e-06,1.0
0000882291,AEMD,2009-10-08,0,1.0220761393773437e-06,1.0
0000882291,AEMD,2009-10-09,0,1.0220761393773437e-06,1.0
0000882291,AEMD,2009-10-12,0,1.0220761393773437e-06,1.0
0000882291,AEMD,2009-10-13,0,1.0220761393773437e-06,1.0
0000882291,AEMD,2009-10-14,0,1.0220761393773437e-06,1.0
0000882291,AEMD,2009-10-15,0,1.0220761393773437e-06,1.0
0000882291,AEMD,2009-10-16,0,1.0220761393773437e-06,1.0
0000882291,AEMD,2009-10-19,0,1.0220761393773437e-06,1.0
0000882291,AEMD,2009-10-20,0,1.0220761393773437e-06,1.0
0000882291,AEMD,2009-10-21,0,1.0220761393773437e-06,1.0
0000882291,AEMD,2009-10-22,0,1.0220761393773437e-06,1.0
0000882291,AEMD,2009-10-23,0,1.0220761393773437e-06,1.0
0000882291,AEMD,2009-10-26,0,5.380637955464864e-07,1.0
0000882291,AEMD,2009-10-27,0,5.380637955464864e-07,1.0
0000882291,AEMD,2009-10-28,0,5.380637955464864e-07,1.0
0000882291,AEMD,2009-10-29,0,5.380637955464864e-07,1.0
0000882291,AEMD,2009-10-30,0,5.380637955464864e-07,1.0
0000882291,AEMD,2009-11-02,0,8.600794131231416e-08,1.0
0000882291,AEMD,2009-11-03,0,8.600794131231416e-08,1.0
0000882291,AEMD,2009-11-04,0,8.600794131231416e-08,1.0
0000882291,AEMD,2009-11-05,0,8.600794131231416e-08,1.0
0000882291,AEMD,2009-11-06,0,8.600794131231416e-08,1.0
0000882291,AEMD,2009-11-09,0,8.600794131231416e-08,1.0
0000882291,AEMD,2009-11-10,0,8.600794131231416e-08,1.0
0000882291,AEMD,2009-11-11,0,8.600794131231416e-08,1.0
0000882291,AEMD,2009-11-12,0,1.6362784990736525e-07,1.0
0000882291,AEMD,2009-11-13,0,1.6362784990736525e-07,1.0
0000882291,AEMD,2009-11-16,0,1.6362784990736525e-07,1.0
0000882291,AEMD,2009-11-17,0,3.2328792795122015e-08,1.0
0000882291,AEMD,2009-11-18,0,3.2328792795122015e-08,1.0
0000882291,AEMD,2009-11-19,0,3.2328792795122015e-08,1.0
0000882291,AEMD,2009-11-20,0,3.2328792795122015e-08,1.0
0000882291,AEMD,2009-11-23,0,3.2328792795122015e-08,1.0
0000882291,AEMD,2009-11-24,0,3.2425439688654864e-08,1.0
0000882291,AEMD,2009-11-25,0,3.2425439688654864e-08,1.0
0000882291,AEMD,2009-11-26,0,3.2425439688654864e-08,1.0
0000882291,AEMD,2009-11-27,0,3.2425439688654864e-08,1.0
0000882291,AEMD,2009-11-30,0,3.2425439688654864e-08,1.0
0000882291,AEMD,2009-12-01,0,3.2425439688654864e-08,1.0
0000882291,AEMD,2009-12-02,0,3.2425439688654864e-08,1.0
0000882291,AEMD,2009-12-03,0,3.2425439688654864e-08,1.0
0000882291,AEMD,2009-12-04,0,3.2425439688654864e-08,1.0
0000882291,AEMD,2009-12-07,0,3.2425439688654864e-08,1.0
0000882291,AEMD,2009-12-08,0,3.2425439688654864e-08,1.0
0000882291,AEMD,2009-12-09,0,3.2425439688654864e-08,1.0
0000882291,AEMD,2009-12-10,0,3.2425439688654864e-08,1.0
0000882291,AEMD,2009-12-11,0,3.2425439688654864e-08,1.0
0000882291,AEMD,2009-12-14,0,3.2425439688654864e-08,1.0
0000882291,AEMD,2009-12-15,0,3.2425439688654864e-08,1.0
0000882291,AEMD,2009-12-16,0,3.2425439688654864e-08,1.0
0000882291,AEMD,2009-12-17,0,7.07827961123203e-08,1.0
0000882291,AEMD,2009-12-18,0,7.07827961123203e-08,1.0
0000882291,AEMD,2009-12-21,0,7.07827961123203e-08,1.0
0000882291,AEMD,2009-12-22,0,7.07827961123203e-08,1.0
0000882291,AEMD,2009-12-23,0,7.07827961123203e-08,1.0
0000882291,AEMD,2009-12-24,0,7.07827961123203e-08,1.0
0000882291,AEMD,2009-12-25,0,7.07827961123203e-08,1.0
0000882291,AEMD,2009-12-28,0,7.07827961123203e-08,1.0
0000882291,AEMD,2009-12-29,0,1.1419322390866755e-07,1.0
0000882291,AEMD,2009-12-30,0,1.1419322390866755e-07,1.0
0000882291,AEMD,2009-12-31,0,1.1419322390866755e-07,1.0
0000882291,AEMD,2010-01-01,0,1.1419322390866755e-07,1.0
0000882291,AEMD,2010-01-04,0,1.1419322390866755e-07,1.0
0000882291,AEMD,2010-01-05,0,1.1419322390866755e-07,1.0
0000882291,AEMD,2010-01-06,0,1.1419322390866755e-07,1.0
0000882291,AEMD,2010-01-07,0,1.1419322390866755e-07,1.0
0000882291,AEMD,2010-01-08,0,1.1419322390866755e-07,1.0
0000882291,AEMD,2010-01-11,0,1.1419322390866755e-07,1.0
0000882291,AEMD,2010-01-12,0,1.1419322390866755e-07,1.0
0000882291,AEMD,2010-01-13,0,1.1419322390866755e-07,1.0
0000882291,AEMD,2010-01-14,0,1.1419322390866755e-07,1.0
0000882291,AEMD,2010-01-15,0,1.1419322390866755e-07,1.0
0000882291,AEMD,2010-01-18,0,1.1419322390866755e-07,1.0
0000882291,AEMD,2010-01-19,0,1.1419322390866755e-07,1.0
0000882291,AEMD,2010-01-20,0,1.1419322390866755e-07,1.0
0000882291,AEMD,2010-01-21,0,1.1419322390866755e-07,1.0
0000882291,AEMD,2010-01-22,0,1.1419322390866755e-07,1.0
0000882291,AEMD,2010-01-25,0,1.1286049754044826e-07,1.0
0000882291,AEMD,2010-01-26,0,1.1286049754044826e-07,1.0
0000882291,AEMD,2010-01-27,0,1.1286049754044826e-07,1.0
0000882291,AEMD,2010-01-28,0,1.1286049754044826e-07,1.0
0000882291,AEMD,2010-01-29,0,1.1286049754044826e-07,1.0
0000882291,AEMD,2010-02-01,0,1.6350765933661098e-06,1.0
0000882291,AEMD,2010-02-02,0,1.6350765933661098e-06,1.0
0000882291,AEMD,2010-02-03,0,1.6350765933661098e-06,1.0
0000882291,AEMD,2010-02-04,0,1.6350765933661098e-06,1.0
0000882291,AEMD,2010-02-05,0,1.6350765933661098e-06,1.0
0000882291,AEMD,2010-02-08,0,1.6350765933661098e-06,1.0
0000882291,AEMD,2010-02-09,0,1.6350765933661098e-06,1.0
0000882291,AEMD,2010-02-10,0,1.7663952441002729e-06,1.0
0000882291,AEMD,2010-02-11,0,1.7663952441002729e-06,1.0
0000882291,AEMD,2010-02-12,0,1.7663952441002729e-06,1.0
0000882291,AEMD,2010-02-15,0,7.362251817718476e-06,1.0
0000882291,AEMD,2010-02-16,0,7.362251817718476e-06,1.0
0000882291,AEMD,2010-02-17,0,1.0866085330190386e-06,1.0
0000882291,AEMD,2010-02-18,0,1.0866085330190386e-06,1.0
0000882291,AEMD,2010-02-19,0,1.0866085330190386e-06,1.0
0000882291,AEMD,2010-02-22,0,1.1195173054146654e-06,1.0
0000882291,AEMD,2010-02-23,0,1.1195173054146654e-06,1.0
0000882291,AEMD,2010-02-24,0,1.1195173054146654e-06,1.0
0000882291,AEMD,2010-02-25,0,1.1195173054146654e-06,1.0
0000882291,AEMD,2010-02-26,0,1.1195173054146654e-06,1.0
0000882291,AEMD,2010-03-01,0,1.1195173054146654e-06,1.0
0000882291,AEMD,2010-03-02,0,1.1195173054146654e-06,1.0
0000882291,AEMD,2010-03-03,0,1.1195173054146654e-06,1.0
0000882291,AEMD,2010-03-04,0,1.1195173054146654e-06,1.0
0000882291,AEMD,2010-03-05,0,1.1195173054146654e-06,1.0
0000882291,AEMD,2010-03-08,0,1.1195173054146654e-06,1.0
0000882291,AEMD,2010-03-09,0,1.1195173054146654e-06,1.0
0000882291,AEMD,2010-03-10,0,1.1195173054146654e-06,1.0
0000882291,AEMD,2010-03-11,0,1.1195173054146654e-06,1.0
0000882291,AEMD,2010-03-12,0,1.1195173054146654e-06,1.0
0000882291,AEMD,2010-03-15,0,1.1195173054146654e-06,1.0
0000882291,AEMD,2010-03-16,0,1.1195173054146654e-06,1.0
0000882291,AEMD,2010-03-17,0,1.1195173054146654e-06,1.0
0000882291,AEMD,2010-03-18,0,1.1195173054146654e-06,1.0
0000882291,AEMD,2010-03-19,0,1.1195173054146654e-06,1.0
0000882291,AEMD,2010-03-22,0,1.8759401219933836e-06,1.0
0000882291,AEMD,2010-03-23,0,1.8759401219933836e-06,1.0
0000882291,AEMD,2010-03-24,0,1.8759401219933836e-06,1.0
0000882291,AEMD,2010-03-25,0,1.8759401219933836e-06,1.0
0000882291,AEMD,2010-03-26,0,1.8759401219933836e-06,1.0
0000882291,AEMD,2010-03-29,0,1.8759401219933836e-06,1.0
0000882291,AEMD,2010-03-30,0,1.8759401219933836e-06,1.0
0000882291,AEMD,2010-03-31,0,1.8759401219933836e-06,1.0
0000882291,AEMD,2010-04-01,0,1.8759401219933836e-06,1.0
0000882291,AEMD,2010-04-02,0,1.8759401219933836e-06,1.0
0000882291,AEMD,2010-04-05,0,1.8759401219933836e-06,1.0
0000882291,AEMD,2010-04-06,0,1.8759401219933836e-06,1.0
0000882291,AEMD,2010-04-07,0,1.8759401219933836e-06,1.0
0000882291,AEMD,2010-04-08,0,1.8759401219933836e-06,1.0
0000882291,AEMD,2010-04-09,0,1.8759401219933836e-06,1.0
0000882291,AEMD,2010-04-12,0,1.8759401219933836e-06,1.0
0000882291,AEMD,2010-04-13,0,1.8759401219933836e-06,1.0
0000882291,AEMD,2010-04-14,0,1.8759401219933836e-06,1.0
0000882291,AEMD,2010-04-15,0,1.8759401219933836e-06,1.0
0000882291,AEMD,2010-04-16,0,1.8759401219933836e-06,1.0
0000882291,AEMD,2010-04-19,0,1.8759401219933836e-06,1.0
0000882291,AEMD,2010-04-20,0,1.8759401219933836e-06,1.0
0000882291,AEMD,2010-04-21,0,1.8759401219933836e-06,1.0
0000882291,AEMD,2010-04-22,0,1.8759401219933836e-06,1.0
0000882291,AEMD,2010-04-23,0,1.8759401219933836e-06,1.0
0000882291,AEMD,2010-04-26,0,1.8759401219933836e-06,1.0
0000882291,AEMD,2010-04-27,0,1.8759401219933836e-06,1.0
0000882291,AEMD,2010-04-28,0,1.8759401219933836e-06,1.0
0000882291,AEMD,2010-04-29,0,1.8759401219933836e-06,1.0
0000882291,AEMD,2010-04-30,0,1.8759401219933836e-06,1.0
0000882291,AEMD,2010-05-03,0,1.8759401219933836e-06,1.0
0000882291,AEMD,2010-05-04,0,1.8759401219933836e-06,1.0
0000882291,AEMD,2010-05-05,0,1.8759401219933836e-06,1.0
0000882291,AEMD,2010-05-06,0,1.8759401219933836e-06,1.0
0000882291,AEMD,2010-05-07,0,1.8759401219933836e-06,1.0
0000882291,AEMD,2010-05-10,0,1.8759401219933836e-06,1.0
0000882291,AEMD,2010-05-11,0,1.8759401219933836e-06,1.0
0000882291,AEMD,2010-05-12,0,1.8759401219933836e-06,1.0
0000882291,AEMD,2010-05-13,0,1.8759401219933836e-06,1.0
0000882291,AEMD,2010-05-14,0,1.8759401219933836e-06,1.0
0000882291,AEMD,2010-05-17,0,2.2041084208060817e-06,1.0
0000882291,AEMD,2010-05-18,0,2.2041084208060817e-06,1.0
0000882291,AEMD,2010-05-19,0,8.436231669939348e-06,1.0
0000882291,AEMD,2010-05-20,0,8.436231669939348e-06,1.0
0000882291,AEMD,2010-05-21,0,8.436231669939348e-06,1.0
0000882291,AEMD,2010-05-24,0,8.436231669939348e-06,1.0
0000882291,AEMD,2010-05-25,0,8.436231669939348e-06,1.0
0000882291,AEMD,2010-05-26,0,8.436231669939348e-06,1.0
0000882291,AEMD,2010-05-27,0,8.436231669939348e-06,1.0
0000882291,AEMD,2010-05-28,0,8.436231669939348e-06,1.0
0000882291,AEMD,2010-05-31,0,8.436231669939348e-06,1.0
0000882291,AEMD,2010-06-01,0,8.436231669939348e-06,1.0
0000882291,AEMD,2010-06-02,0,8.436231669939348e-06,1.0
0000882291,AEMD,2010-06-03,0,8.436231669939348e-06,1.0
0000882291,AEMD,2010-06-04,0,8.436231669939348e-06,1.0
0000882291,AEMD,2010-06-07,0,8.436231669939348e-06,1.0
0000882291,AEMD,2010-06-08,0,8.436231669939348e-06,1.0
0000882291,AEMD,2010-06-09,0,8.436231669939348e-06,1.0
0000882291,AEMD,2010-06-10,0,8.436231669939348e-06,1.0
0000882291,AEMD,2010-06-11,0,8.436231669939348e-06,1.0
0000882291,AEMD,2010-06-14,0,8.436231669939348e-06,1.0
0000882291,AEMD,2010-06-15,0,8.436231669939348e-06,1.0
0000882291,AEMD,2010-06-16,0,8.436231669939348e-06,1.0
0000882291,AEMD,2010-06-17,0,8.436231669939348e-06,1.0
0000882291,AEMD,2010-06-18,0,8.436231669939348e-06,1.0
0000882291,AEMD,2010-06-21,0,8.436231669939348e-06,1.0
0000882291,AEMD,2010-06-22,0,8.436231669939348e-06,1.0
0000882291,AEMD,2010-06-23,0,8.436231669939348e-06,1.0
0000882291,AEMD,2010-06-24,0,8.436231669939348e-06,1.0
0000882291,AEMD,2010-06-25,0,8.436231669939348e-06,1.0
0000882291,AEMD,2010-06-28,0,8.436231669939348e-06,1.0
0000882291,AEMD,2010-06-29,0,8.436231669939348e-06,1.0
0000882291,AEMD,2010-06-30,0,8.436231669939348e-06,1.0
0000882291,AEMD,2010-07-01,0,8.436231669939348e-06,1.0
0000882291,AEMD,2010-07-02,0,6.841311374402693e-07,1.0
0000882291,AEMD,2010-07-05,0,6.841311374402693e-07,1.0
0000882291,AEMD,2010-07-06,0,6.841311374402693e-07,1.0
0000882291,AEMD,2010-07-07,0,6.841311374402693e-07,1.0
0000882291,AEMD,2010-07-08,0,6.841311374402693e-07,1.0
0000882291,AEMD,2010-07-09,0,6.841311374402693e-07,1.0
0000882291,AEMD,2010-07-12,0,6.841311374402693e-07,1.0
0000882291,AEMD,2010-07-13,0,6.841311374402693e-07,1.0
0000882291,AEMD,2010-07-14,0,6.841311374402693e-07,1.0
0000882291,AEMD,2010-07-15,0,6.841311374402693e-07,1.0
0000882291,AEMD,2010-07-16,0,6.841311374402693e-07,1.0
0000882291,AEMD,2010-07-19,0,5.215386730609801e-07,1.0
0000882291,AEMD,2010-07-20,0,5.215386730609801e-07,1.0
0000882291,AEMD,2010-07-21,0,5.215386730609801e-07,1.0
0000882291,AEMD,2010-07-22,0,5.215386730609801e-07,1.0
0000882291,AEMD,2010-07-23,0,5.215386730609801e-07,1.0
0000882291,AEMD,2010-07-26,0,5.215386730609801e-07,1.0
0000882291,AEMD,2010-07-27,0,5.215386730609801e-07,1.0
0000882291,AEMD,2010-07-28,0,5.215386730609801e-07,1.0
0000882291,AEMD,2010-07-29,0,5.215386730609801e-07,1.0
0000882291,AEMD,2010-07-30,0,5.215386730609801e-07,1.0
0000882291,AEMD,2010-08-02,0,2.6720978736983766e-06,1.0
0000882291,AEMD,2010-08-03,0,2.6720978736983766e-06,1.0
0000882291,AEMD,2010-08-04,0,2.6720978736983766e-06,1.0
0000882291,AEMD,2010-08-05,0,2.6720978736983766e-06,1.0
0000882291,AEMD,2010-08-06,0,2.6720978736983766e-06,1.0
0000882291,AEMD,2010-08-09,0,2.6720978736983766e-06,1.0
0000882291,AEMD,2010-08-10,0,2.6720978736983766e-06,1.0
0000882291,AEMD,2010-08-11,0,2.6720978736983766e-06,1.0
0000882291,AEMD,2010-08-12,0,2.6720978736983766e-06,1.0
0000882291,AEMD,2010-08-13,0,2.6720978736983766e-06,1.0
0000882291,AEMD,2010-08-16,0,2.6720978736983766e-06,1.0
0000882291,AEMD,2010-08-17,0,2.058279310965424e-06,1.0
0000882291,AEMD,2010-08-18,0,2.598210827974638e-06,1.0
0000882291,AEMD,2010-08-19,0,2.598210827974638e-06,1.0
0000882291,AEMD,2010-08-20,0,2.598210827974638e-06,1.0
0000882291,AEMD,2010-08-23,0,2.598210827974638e-06,1.0
0000882291,AEMD,2010-08-24,0,2.598210827974638e-06,1.0
0000882291,AEMD,2010-08-25,0,2.598210827974638e-06,1.0
0000882291,AEMD,2010-08-26,0,2.598210827974638e-06,1.0
0000882291,AEMD,2010-08-27,0,2.598210827974638e-06,1.0
0000882291,AEMD,2010-08-30,0,2.598210827974638e-06,1.0
0000882291,AEMD,2010-08-31,0,2.598210827974638e-06,1.0
0000882291,AEMD,2010-09-01,0,2.598210827974638e-06,1.0
0000882291,AEMD,2010-09-02,0,2.598210827974638e-06,1.0
0000882291,AEMD,2010-09-03,0,2.2974581697280047e-06,1.0
0000882291,AEMD,2010-09-06,0,2.2974581697280047e-06,1.0
0000882291,AEMD,2010-09-07,0,2.2974581697280047e-06,1.0
0000882291,AEMD,2010-09-08,0,2.2974581697280047e-06,1.0
0000882291,AEMD,2010-09-09,0,2.2974581697280047e-06,1.0
0000882291,AEMD,2010-09-10,0,2.2974581697280047e-06,1.0
0000882291,AEMD,2010-09-13,0,2.2974581697280047e-06,1.0
0000882291,AEMD,2010-09-14,0,2.2974581697280047e-06,1.0
0000882291,AEMD,2010-09-15,0,2.2974581697280047e-06,1.0
0000882291,AEMD,2010-09-16,0,3.207459356621759e-06,1.0
0000882291,AEMD,2010-09-17,0,3.207459356621759e-06,1.0
0000882291,AEMD,2010-09-20,0,3.207459356621759e-06,1.0
0000882291,AEMD,2010-09-21,0,3.207459356621759e-06,1.0
0000882291,AEMD,2010-09-22,0,3.207459356621759e-06,1.0
0000882291,AEMD,2010-09-23,0,3.207459356621759e-06,1.0
0000882291,AEMD,2010-09-24,0,3.207459356621759e-06,1.0
0000882291,AEMD,2010-09-27,0,3.207459356621759e-06,1.0
0000882291,AEMD,2010-09-28,0,3.207459356621759e-06,1.0
0000882291,AEMD,2010-09-29,0,3.207459356621759e-06,1.0
0000882291,AEMD,2010-09-30,0,8.694703579810177e-07,1.0
0000882291,AEMD,2010-10-01,0,8.677781223444335e-07,1.0
0000882291,AEMD,2010-10-04,0,1.6810641903807079e-06,1.0
0000882291,AEMD,2010-10-05,0,1.6810641903807079e-06,1.0
0000882291,AEMD,2010-10-06,0,1.6810641903807079e-06,1.0
0000882291,AEMD,2010-10-07,0,1.6810641903807079e-06,1.0
0000882291,AEMD,2010-10-08,0,1.6810641903807079e-06,1.0
0000882291,AEMD,2010-10-11,0,1.6810641903807079e-06,1.0
0000882291,AEMD,2010-10-12,0,1.6810641903807079e-06,1.0
0000882291,AEMD,2010-10-13,0,1.6810641903807079e-06,1.0
0000882291,AEMD,2010-10-14,0,1.6810641903807079e-06,1.0
0000882291,AEMD,2010-10-15,0,1.6810641903807079e-06,1.0
0000882291,AEMD,2010-10-18,0,1.635280557566924e-06,1.0
0000882291,AEMD,2010-10-19,0,1.635280557566924e-06,1.0
0000882291,AEMD,2010-10-20,0,1.635280557566924e-06,1.0
0000882291,AEMD,2010-10-21,0,1.635280557566924e-06,1.0
0000882291,AEMD,2010-10-22,0,1.635280557566924e-06,1.0
0000882291,AEMD,2010-10-25,0,1.635280557566924e-06,1.0
0000882291,AEMD,2010-10-26,0,1.635280557566924e-06,1.0
0000882291,AEMD,2010-10-27,0,1.635280557566924e-06,1.0
0000882291,AEMD,2010-10-28,0,1.635280557566924e-06,1.0
0000882291,AEMD,2010-10-29,0,1.635280557566924e-06,1.0
0000882291,AEMD,2010-11-01,0,1.510741301779233e-06,1.0
0000882291,AEMD,2010-11-02,0,1.510741301779233e-06,1.0
0000882291,AEMD,2010-11-03,0,1.510741301779233e-06,1.0
0000882291,AEMD,2010-11-04,0,1.510741301779233e-06,1.0
0000882291,AEMD,2010-11-05,0,1.510741301779233e-06,1.0
0000882291,AEMD,2010-11-08,0,1.510741301779233e-06,1.0
0000882291,AEMD,2010-11-09,0,1.510741301779233e-06,1.0
0000882291,AEMD,2010-11-10,0,1.510741301779233e-06,1.0
0000882291,AEMD,2010-11-11,0,1.510741301779233e-06,1.0
0000882291,AEMD,2010-11-12,0,1.510741301779233e-06,1.0
0000882291,AEMD,2010-11-15,0,1.3699433098313166e-06,1.0
0000882291,AEMD,2010-11-16,0,6.025212883518738e-07,1.0
0000882291,AEMD,2010-11-17,0,6.025212883518738e-07,1.0
0000882291,AEMD,2010-11-18,0,6.025212883518738e-07,1.0
0000882291,AEMD,2010-11-19,0,6.025212883518738e-07,1.0
0000882291,AEMD,2010-11-22,0,6.025212883518738e-07,1.0
0000882291,AEMD,2010-11-23,0,6.025212883518738e-07,1.0
0000882291,AEMD,2010-11-24,0,6.025212883518738e-07,1.0
0000882291,AEMD,2010-11-25,0,6.025212883518738e-07,1.0
0000882291,AEMD,2010-11-26,0,5.064625481798139e-07,1.0
0000882291,AEMD,2010-11-29,0,5.064625481798139e-07,1.0
0000882291,AEMD,2010-11-30,0,5.064625481798139e-07,1.0
0000882291,AEMD,2010-12-01,0,5.064625481798139e-07,1.0
0000882291,AEMD,2010-12-02,0,5.095298281400479e-07,1.0
0000882291,AEMD,2010-12-03,0,5.095298281400479e-07,1.0
0000882291,AEMD,2010-12-06,0,5.095298281400479e-07,1.0
0000882291,AEMD,2010-12-07,0,5.095298281400479e-07,1.0
0000882291,AEMD,2010-12-08,0,5.095298281400479e-07,1.0
0000882291,AEMD,2010-12-09,0,5.095298281400479e-07,1.0
0000882291,AEMD,2010-12-10,0,5.095298281400479e-07,1.0
0000882291,AEMD,2010-12-13,0,5.095298281400479e-07,1.0
0000882291,AEMD,2010-12-14,0,5.095298281400479e-07,1.0
0000882291,AEMD,2010-12-15,0,5.095298281400479e-07,1.0
0000882291,AEMD,2010-12-16,0,7.367135101972949e-07,1.0
0000882291,AEMD,2010-12-17,0,7.367135101972949e-07,1.0
0000882291,AEMD,2010-12-20,0,7.367135101972949e-07,1.0
0000882291,AEMD,2010-12-21,0,7.367135101972949e-07,1.0
0000882291,AEMD,2010-12-22,0,7.367135101972949e-07,1.0
0000882291,AEMD,2010-12-23,0,7.367135101972949e-07,1.0
0000882291,AEMD,2010-12-24,0,7.367135101972949e-07,1.0
0000882291,AEMD,2010-12-27,0,1.4710230157329274e-06,1.0
0000882291,AEMD,2010-12-28,0,1.4710230157329274e-06,1.0
0000882291,AEMD,2010-12-29,0,6.0955021067683674e-06,1.0
0000882291,AEMD,2010-12-30,0,6.076921152080284e-06,1.0
0000882291,AEMD,2010-12-31,0,6.076921152080284e-06,1.0
0000882291,AEMD,2011-01-03,0,6.076921152080284e-06,1.0
0000882291,AEMD,2011-01-04,0,6.076921152080284e-06,1.0
0000882291,AEMD,2011-01-05,0,6.076921152080284e-06,1.0
0000882291,AEMD,2011-01-06,0,6.076921152080284e-06,1.0
0000882291,AEMD,2011-01-07,0,6.076921152080284e-06,1.0
0000882291,AEMD,2011-01-10,0,6.076921152080284e-06,1.0
0000882291,AEMD,2011-01-11,0,6.076921152080284e-06,1.0
0000882291,AEMD,2011-01-12,0,6.076921152080284e-06,1.0
0000882291,AEMD,2011-01-13,0,6.076921152080284e-06,1.0
0000882291,AEMD,2011-01-14,0,6.076921152080284e-06,1.0
0000882291,AEMD,2011-01-17,0,6.490058298263362e-06,1.0
0000882291,AEMD,2011-01-18,0,6.490058298263362e-06,1.0
0000882291,AEMD,2011-01-19,0,6.490058298263362e-06,1.0
0000882291,AEMD,2011-01-20,0,6.490058298263362e-06,1.0
0000882291,AEMD,2011-01-21,0,6.490058298263362e-06,1.0
0000882291,AEMD,2011-01-24,0,6.490058298263362e-06,1.0
0000882291,AEMD,2011-01-25,0,6.490058298263362e-06,1.0
0000882291,AEMD,2011-01-26,0,6.490058298263362e-06,1.0
0000882291,AEMD,2011-01-27,0,6.490058298263362e-06,1.0
0000882291,AEMD,2011-01-28,0,6.490058298263362e-06,1.0
0000882291,AEMD,2011-01-31,0,6.490058298263362e-06,1.0
0000882291,AEMD,2011-02-01,0,6.490058298263362e-06,1.0
0000882291,AEMD,2011-02-02,0,6.490058298263362e-06,1.0
0000882291,AEMD,2011-02-03,0,6.490058298263362e-06,1.0
0000882291,AEMD,2011-02-04,0,6.490058298263362e-06,1.0
0000882291,AEMD,2011-02-07,0,6.490058298263362e-06,1.0
0000882291,AEMD,2011-02-08,0,6.490058298263362e-06,1.0
0000882291,AEMD,2011-02-09,0,6.490058298263362e-06,1.0
0000882291,AEMD,2011-02-10,0,6.490058298263362e-06,1.0
0000882291,AEMD,2011-02-11,0,6.490058298263362e-06,1.0
0000882291,AEMD,2011-02-14,0,6.212402251460666e-06,1.0
0000882291,AEMD,2011-02-15,0,6.212402251460666e-06,1.0
0000882291,AEMD,2011-02-16,0,6.212402251460666e-06,1.0
0000882291,AEMD,2011-02-17,0,6.212402251460666e-06,1.0
0000882291,AEMD,2011-02-18,0,2.6075015422730715e-06,1.0
0000882291,AEMD,2011-02-21,0,2.6075015422730715e-06,1.0
0000882291,AEMD,2011-02-22,0,2.6075015422730715e-06,1.0
0000882291,AEMD,2011-02-23,0,2.6075015422730715e-06,1.0
0000882291,AEMD,2011-02-24,0,2.4231133555661488e-06,1.0
0000882291,AEMD,2011-02-25,0,2.4231133555661488e-06,1.0
0000882291,AEMD,2011-02-28,0,2.4231133555661488e-06,1.0
0000882291,AEMD,2011-03-01,0,2.4231133555661488e-06,1.0
0000882291,AEMD,2011-03-02,0,2.4951147773004635e-06,1.0
0000882291,AEMD,2011-03-03,0,2.4951147773004635e-06,1.0
0000882291,AEMD,2011-03-04,0,2.4951147773004635e-06,1.0
0000882291,AEMD,2011-03-07,0,2.4951147773004635e-06,1.0
0000882291,AEMD,2011-03-08,0,2.4951147773004635e-06,1.0
0000882291,AEMD,2011-03-09,0,2.4951147773004635e-06,1.0
0000882291,AEMD,2011-03-10,0,2.4951147773004635e-06,1.0
0000882291,AEMD,2011-03-11,0,2.4951147773004635e-06,1.0
0000882291,AEMD,2011-03-14,0,2.4951147773004635e-06,1.0
0000882291,AEMD,2011-03-15,0,2.4951147773004635e-06,1.0
0000882291,AEMD,2011-03-16,0,2.4951147773004635e-06,1.0
0000882291,AEMD,2011-03-17,0,2.4951147773004635e-06,1.0
0000882291,AEMD,2011-03-18,0,2.4951147773004635e-06,1.0
0000882291,AEMD,2011-03-21,0,6.539016357696577e-06,1.0
0000882291,AEMD,2011-03-22,0,6.539016357696577e-06,1.0
0000882291,AEMD,2011-03-23,0,6.539016357696577e-06,1.0
0000882291,AEMD,2011-03-24,0,6.539016357696577e-06,1.0
0000882291,AEMD,2011-03-25,0,6.539016357696577e-06,1.0
0000882291,AEMD,2011-03-28,0,3.272095562276455e-06,1.0
0000882291,AEMD,2011-03-29,0,3.272095562276455e-06,1.0
0000882291,AEMD,2011-03-30,0,3.27391096278743e-06,1.0
0000882291,AEMD,2011-03-31,0,3.27391096278743e-06,1.0
0000882291,AEMD,2011-04-01,0,3.27391096278743e-06,1.0
0000882291,AEMD,2011-04-04,0,3.27391096278743e-06,1.0
0000882291,AEMD,2011-04-05,0,3.27391096278743e-06,1.0
0000882291,AEMD,2011-04-06,0,3.27391096278743e-06,1.0
0000882291,AEMD,2011-04-07,0,3.27391096278743e-06,1.0
0000882291,AEMD,2011-04-08,0,3.147343432410287e-06,1.0
0000882291,AEMD,2011-04-11,0,3.147343432410287e-06,1.0
0000882291,AEMD,2011-04-12,0,3.147343432410287e-06,1.0
0000882291,AEMD,2011-04-13,0,3.147343432410287e-06,1.0
0000882291,AEMD,2011-04-14,0,3.147343432410287e-06,1.0
0000882291,AEMD,2011-04-15,0,3.147343432410287e-06,1.0
0000882291,AEMD,2011-04-18,0,3.147343432410287e-06,1.0
0000882291,AEMD,2011-04-19,0,3.147343432410287e-06,1.0
0000882291,AEMD,2011-04-20,0,3.147343432410287e-06,1.0
0000882291,AEMD,2011-04-21,0,3.147343432410287e-06,1.0
0000882291,AEMD,2011-04-22,0,3.147343432410287e-06,1.0
0000882291,AEMD,2011-04-25,0,3.147343432410287e-06,1.0
0000882291,AEMD,2011-04-26,0,3.147343432410287e-06,1.0
0000882291,AEMD,2011-04-27,0,3.4069287807890046e-06,1.0
0000882291,AEMD,2011-04-28,0,3.4069287807890046e-06,1.0
0000882291,AEMD,2011-04-29,0,3.4069287807890046e-06,1.0
0000882291,AEMD,2011-05-02,0,3.4069287807890046e-06,1.0
0000882291,AEMD,2011-05-03,0,3.4069287807890046e-06,1.0
0000882291,AEMD,2011-05-04,0,3.4069287807890046e-06,1.0
0000882291,AEMD,2011-05-05,0,3.4069287807890046e-06,1.0
0000882291,AEMD,2011-05-06,0,3.4069287807890046e-06,1.0
0000882291,AEMD,2011-05-09,0,6.070629523232503e-06,1.0
0000882291,AEMD,2011-05-10,0,6.070629523232503e-06,1.0
0000882291,AEMD,2011-05-11,0,6.070629523232503e-06,1.0
0000882291,AEMD,2011-05-12,0,6.070629523232503e-06,1.0
0000882291,AEMD,2011-05-13,0,6.070629523232503e-06,1.0
0000882291,AEMD,2011-05-16,0,6.595779779959065e-06,1.0
0000882291,AEMD,2011-05-17,0,6.595779779959065e-06,1.0
0000882291,AEMD,2011-05-18,0,6.595779779959065e-06,1.0
0000882291,AEMD,2011-05-19,0,6.595779779959065e-06,1.0
0000882291,AEMD,2011-05-20,0,5.424385327643524e-06,1.0
0000882291,AEMD,2011-05-23,0,5.424385327643524e-06,1.0
0000882291,AEMD,2011-05-24,0,5.424385327643524e-06,1.0
0000882291,AEMD,2011-05-25,0,5.424385327643524e-06,1.0
0000882291,AEMD,2011-05-26,0,5.666700954435041e-06,1.0
0000882291,AEMD,2011-05-27,0,5.666700954435041e-06,1.0
0000882291,AEMD,2011-05-30,0,5.666700954435041e-06,1.0
0000882291,AEMD,2011-05-31,0,5.666700954435041e-06,1.0
0000882291,AEMD,2011-06-01,0,5.666700954435041e-06,1.0
0000882291,AEMD,2011-06-02,0,5.666700954435041e-06,1.0
0000882291,AEMD,2011-06-03,0,5.666700954435041e-06,1.0
0000882291,AEMD,2011-06-06,0,5.666700954435041e-06,1.0
0000882291,AEMD,2011-06-07,0,5.666700954435041e-06,1.0
0000882291,AEMD,2011-06-08,0,5.666700954435041e-06,1.0
0000882291,AEMD,2011-06-09,0,5.666700954435041e-06,1.0
0000882291,AEMD,2011-06-10,0,5.666700954435041e-06,1.0
0000882291,AEMD,2011-06-13,0,5.666700954435041e-06,1.0
0000882291,AEMD,2011-06-14,0,5.666700954435041e-06,1.0
0000882291,AEMD,2011-06-15,0,5.666700954435041e-06,1.0
0000882291,AEMD,2011-06-16,0,5.666700954435041e-06,1.0
0000882291,AEMD,2011-06-17,0,5.666700954435041e-06,1.0
0000882291,AEMD,2011-06-20,0,5.666700954435041e-06,1.0
0000882291,AEMD,2011-06-21,0,5.666700954435041e-06,1.0
0000882291,AEMD,2011-06-22,0,5.666700954435041e-06,1.0
0000882291,AEMD,2011-06-23,0,5.666700954435041e-06,1.0
0000882291,AEMD,2011-06-24,0,5.666700954435041e-06,1.0
0000882291,AEMD,2011-06-27,0,5.735936405084275e-06,1.0
0000882291,AEMD,2011-06-28,0,5.735936405084275e-06,1.0
0000882291,AEMD,2011-06-29,0,3.0602781622855254e-06,1.0
0000882291,AEMD,2011-06-30,0,3.0602781622855254e-06,1.0
0000882291,AEMD,2011-07-01,0,3.0602781622855254e-06,1.0
0000882291,AEMD,2011-07-04,0,3.0602781622855254e-06,1.0
0000882291,AEMD,2011-07-05,0,3.0602781622855254e-06,1.0
0000882291,AEMD,2011-07-06,0,3.0602781622855254e-06,1.0
0000882291,AEMD,2011-07-07,0,3.078812021889725e-06,1.0
0000882291,AEMD,2011-07-08,0,3.078812021889725e-06,1.0
0000882291,AEMD,2011-07-11,0,3.078812021889725e-06,1.0
0000882291,AEMD,2011-07-12,0,3.078812021889725e-06,1.0
0000882291,AEMD,2011-07-13,0,3.078812021889725e-06,1.0
0000882291,AEMD,2011-07-14,0,3.078812021889725e-06,1.0
0000882291,AEMD,2011-07-15,0,1.7612218254786582e-06,1.0
0000882291,AEMD,2011-07-18,0,1.7612218254786582e-06,1.0
0000882291,AEMD,2011-07-19,0,1.7612218254786582e-06,1.0
0000882291,AEMD,2011-07-20,0,1.7612218254786582e-06,1.0
0000882291,AEMD,2011-07-21,0,1.7612218254786582e-06,1.0
0000882291,AEMD,2011-07-22,0,1.7612218254786582e-06,1.0
0000882291,AEMD,2011-07-25,0,1.7612218254786582e-06,1.0
0000882291,AEMD,2011-07-26,0,1.7612218254786582e-06,1.0
0000882291,AEMD,2011-07-27,0,1.7612218254786582e-06,1.0
0000882291,AEMD,2011-07-28,0,1.7612218254786582e-06,1.0
0000882291,AEMD,2011-07-29,0,1.9918285866618193e-06,1.0
0000882291,AEMD,2011-08-01,0,1.9918285866618193e-06,1.0
0000882291,AEMD,2011-08-02,0,1.9918285866618193e-06,1.0
0000882291,AEMD,2011-08-03,0,1.9918285866618193e-06,1.0
0000882291,AEMD,2011-08-04,0,1.9918285866618193e-06,1.0
0000882291,AEMD,2011-08-05,0,1.9918285866618193e-06,1.0
0000882291,AEMD,2011-08-08,0,1.9918285866618193e-06,1.0
0000882291,AEMD,2011-08-09,0,1.9918285866618193e-06,1.0
0000882291,AEMD,2011-08-10,0,1.9918285866618193e-06,1.0
0000882291,AEMD,2011-08-11,0,1.9918285866618193e-06,1.0
0000882291,AEMD,2011-08-12,0,1.9918285866618193e-06,1.0
0000882291,AEMD,2011-08-15,0,2.1417082982944123e-05,1.0
0000882291,AEMD,2011-08-16,0,2.1417082982944123e-05,1.0
0000882291,AEMD,2011-08-17,0,2.1417082982944123e-05,1.0
0000882291,AEMD,2011-08-18,0,2.3581601245968685e-05,1.0
0000882291,AEMD,2011-08-19,0,2.3581601245968685e-05,1.0
0000882291,AEMD,2011-08-22,0,1.0092608668264842e-05,1.0
0000882291,AEMD,2011-08-23,0,1.0092608668264842e-05,1.0
0000882291,AEMD,2011-08-24,0,1.0092608668264842e-05,1.0
0000882291,AEMD,2011-08-25,0,1.0092608668264842e-05,1.0
0000882291,AEMD,2011-08-26,0,1.0092608668264842e-05,1.0
0000882291,AEMD,2011-08-29,0,1.0092608668264842e-05,1.0
0000882291,AEMD,2011-08-30,0,1.0092608668264842e-05,1.0
0000882291,AEMD,2011-08-31,0,1.0092608668264842e-05,1.0
0000882291,AEMD,2011-09-01,0,1.0092608668264842e-05,1.0
0000882291,AEMD,2011-09-02,0,1.0092608668264842e-05,1.0
0000882291,AEMD,2011-09-05,0,1.0092608668264842e-05,1.0
0000882291,AEMD,2011-09-06,0,1.0092608668264842e-05,1.0
0000882291,AEMD,2011-09-07,0,1.0092608668264842e-05,1.0
0000882291,AEMD,2011-09-08,0,1.0092608668264842e-05,1.0
0000882291,AEMD,2011-09-09,0,1.0092608668264842e-05,1.0
0000882291,AEMD,2011-09-12,0,1.0092608668264842e-05,1.0
0000882291,AEMD,2011-09-13,0,1.0092608668264842e-05,1.0
0000882291,AEMD,2011-09-14,0,1.0092608668264842e-05,1.0
0000882291,AEMD,2011-09-15,0,1.0092608668264842e-05,1.0
0000882291,AEMD,2011-09-16,0,1.0092608668264842e-05,1.0
0000882291,AEMD,2011-09-19,0,1.0092608668264842e-05,1.0
0000882291,AEMD,2011-09-20,0,1.0092608668264842e-05,1.0
0000882291,AEMD,2011-09-21,0,2.5316374097421612e-05,1.0
0000882291,AEMD,2011-09-22,0,2.5316374097421612e-05,1.0
0000882291,AEMD,2011-09-23,0,2.5316374097421612e-05,1.0
0000882291,AEMD,2011-09-26,0,2.603971618817295e-05,1.0
0000882291,AEMD,2011-09-27,0,2.5565341133623973e-05,1.0
0000882291,AEMD,2011-09-28,0,2.5565341133623973e-05,1.0
0000882291,AEMD,2011-09-29,0,1.385417814029294e-05,1.0
0000882291,AEMD,2011-09-30,0,1.385417814029294e-05,1.0
0000882291,AEMD,2011-10-03,0,1.385417814029294e-05,1.0
0000882291,AEMD,2011-10-04,0,1.385417814029294e-05,1.0
0000882291,AEMD,2011-10-05,0,1.2663780538131357e-05,1.0
0000882291,AEMD,2011-10-06,0,1.2663780538131357e-05,1.0
0000882291,AEMD,2011-10-07,0,1.2663780538131357e-05,1.0
0000882291,AEMD,2011-10-10,0,1.2663780538131357e-05,1.0
0000882291,AEMD,2011-10-11,0,1.2663780538131357e-05,1.0
0000882291,AEMD,2011-10-12,0,1.2663780538131357e-05,1.0
0000882291,AEMD,2011-10-13,0,1.431515181400824e-06,1.0
0000882291,AEMD,2011-10-14,0,1.431515181400824e-06,1.0
0000882291,AEMD,2011-10-17,0,1.431515181400824e-06,1.0
0000882291,AEMD,2011-10-18,0,1.431515181400824e-06,1.0
0000882291,AEMD,2011-10-19,0,1.431515181400824e-06,1.0
0000882291,AEMD,2011-10-20,0,1.431515181400824e-06,1.0
0000882291,AEMD,2011-10-21,0,1.431515181400824e-06,1.0
0000882291,AEMD,2011-10-24,0,1.431515181400824e-06,1.0
0000882291,AEMD,2011-10-25,0,1.431515181400824e-06,1.0
0000882291,AEMD,2011-10-26,0,1.431515181400824e-06,1.0
0000882291,AEMD,2011-10-27,0,1.431515181400824e-06,1.0
0000882291,AEMD,2011-10-28,0,1.431515181400824e-06,1.0
0000882291,AEMD,2011-10-31,0,1.437853570756471e-06,1.0
0000882291,AEMD,2011-11-01,0,1.437853570756471e-06,1.0
0000882291,AEMD,2011-11-02,0,1.437853570756471e-06,1.0
0000882291,AEMD,2011-11-03,0,1.437853570756471e-06,1.0
0000882291,AEMD,2011-11-04,0,2.761126124062435e-06,1.0
0000882291,AEMD,2011-11-07,0,2.761126124062435e-06,1.0
0000882291,AEMD,2011-11-08,0,2.761126124062435e-06,1.0
0000882291,AEMD,2011-11-09,0,2.761126124062435e-06,1.0
0000882291,AEMD,2011-11-10,0,2.761126124062435e-06,1.0
0000882291,AEMD,2011-11-11,0,2.761126124062435e-06,1.0
0000882291,AEMD,2011-11-14,0,2.761126124062435e-06,1.0
0000882291,AEMD,2011-11-15,0,2.761126124062435e-06,1.0
0000882291,AEMD,2011-11-16,0,1.4731338805825507e-06,1.0
0000882291,AEMD,2011-11-17,0,1.4731338805825507e-06,1.0
0000882291,AEMD,2011-11-18,0,1.0049922135060727e-06,1.0
0000882291,AEMD,2011-11-21,0,8.521294279243036e-07,1.0
0000882291,AEMD,2011-11-22,0,8.521294279243036e-07,1.0
0000882291,AEMD,2011-11-23,0,8.521294279243036e-07,1.0
0000882291,AEMD,2011-11-24,0,8.521294279243036e-07,1.0
0000882291,AEMD,2011-11-25,0,8.521294279243036e-07,1.0
0000882291,AEMD,2011-11-28,0,8.521294279243036e-07,1.0
0000882291,AEMD,2011-11-29,0,8.521294279243036e-07,1.0
0000882291,AEMD,2011-11-30,0,8.521294279243036e-07,1.0
0000882291,AEMD,2011-12-01,0,8.521294279243036e-07,1.0
0000882291,AEMD,2011-12-02,0,8.521294279243036e-07,1.0
0000882291,AEMD,2011-12-05,0,8.521294279243036e-07,1.0
0000882291,AEMD,2011-12-06,0,8.521294279243036e-07,1.0
0000882291,AEMD,2011-12-07,0,8.521294279243036e-07,1.0
0000882291,AEMD,2011-12-08,0,8.521294279243036e-07,1.0
0000882291,AEMD,2011-12-09,0,8.521294279243036e-07,1.0
0000882291,AEMD,2011-12-12,0,8.521294279243036e-07,1.0
0000882291,AEMD,2011-12-13,0,8.521294279243036e-07,1.0
0000882291,AEMD,2011-12-14,0,8.521294279243036e-07,1.0
0000882291,AEMD,2011-12-15,0,8.521294279243036e-07,1.0
0000882291,AEMD,2011-12-16,0,9.637036809080388e-07,1.0
0000882291,AEMD,2011-12-19,0,2.5478289935619043e-06,1.0
0000882291,AEMD,2011-12-20,0,2.5478289935619043e-06,1.0
0000882291,AEMD,2011-12-21,0,2.5478289935619043e-06,1.0
0000882291,AEMD,2011-12-22,0,2.5478289935619043e-06,1.0
0000882291,AEMD,2011-12-23,0,2.5478289935619043e-06,1.0
0000882291,AEMD,2011-12-26,0,2.6352034757651848e-06,1.0
0000882291,AEMD,2011-12-27,0,2.6352034757651848e-06,1.0
0000882291,AEMD,2011-12-28,0,2.6511629766814377e-06,1.0
0000882291,AEMD,2011-12-29,0,2.6511629766814377e-06,1.0
0000882291,AEMD,2011-12-30,0,2.6511629766814377e-06,1.0
0000882291,AEMD,2012-01-02,0,2.6511629766814377e-06,1.0
0000882291,AEMD,2012-01-03,0,2.683554843694098e-06,1.0
0000882291,AEMD,2012-01-04,0,2.683554843694098e-06,1.0
0000882291,AEMD,2012-01-05,0,2.683554843694098e-06,1.0
0000882291,AEMD,2012-01-06,0,2.683554843694098e-06,1.0
0000882291,AEMD,2012-01-09,0,2.683554843694098e-06,1.0
0000882291,AEMD,2012-01-10,0,2.683554843694098e-06,1.0
0000882291,AEMD,2012-01-11,0,6.258844937012177e-06,1.0
0000882291,AEMD,2012-01-12,0,6.258844937012177e-06,1.0
0000882291,AEMD,2012-01-13,0,6.258844937012177e-06,1.0
0000882291,AEMD,2012-01-16,0,6.258844937012177e-06,1.0
0000882291,AEMD,2012-01-17,0,6.258844937012177e-06,1.0
0000882291,AEMD,2012-01-18,0,6.258844937012177e-06,1.0
0000882291,AEMD,2012-01-19,0,6.258844937012177e-06,1.0
0000882291,AEMD,2012-01-20,0,6.258844937012177e-06,1.0
0000882291,AEMD,2012-01-23,0,6.258844937012177e-06,1.0
0000882291,AEMD,2012-01-24,0,6.258844937012177e-06,1.0
0000882291,AEMD,2012-01-25,0,6.258844937012177e-06,1.0
0000882291,AEMD,2012-01-26,0,6.258844937012177e-06,1.0
0000882291,AEMD,2012-01-27,0,6.258844937012177e-06,1.0
0000882291,AEMD,2012-01-30,0,6.258844937012177e-06,1.0
0000882291,AEMD,2012-01-31,0,6.258844937012177e-06,1.0
0000882291,AEMD,2012-02-01,0,6.258844937012177e-06,1.0
0000882291,AEMD,2012-02-02,0,6.258844937012177e-06,1.0
0000882291,AEMD,2012-02-03,0,6.258844937012177e-06,1.0
0000882291,AEMD,2012-02-06,0,6.258844937012177e-06,1.0
0000882291,AEMD,2012-02-07,0,6.258844937012177e-06,1.0
0000882291,AEMD,2012-02-08,0,6.258844937012177e-06,1.0
0000882291,AEMD,2012-02-09,0,6.258844937012177e-06,1.0
0000882291,AEMD,2012-02-10,0,6.258844937012177e-06,1.0
0000882291,AEMD,2012-02-13,0,6.258844937012177e-06,1.0
0000882291,AEMD,2012-02-14,0,6.144823050263477e-06,1.0
0000882291,AEMD,2012-02-15,0,6.144823050263477e-06,1.0
0000882291,AEMD,2012-02-16,0,2.384149324264481e-06,1.0
0000882291,AEMD,2012-02-17,0,2.384149324264481e-06,1.0
0000882291,AEMD,2012-02-20,0,2.610588408157684e-06,1.0
0000882291,AEMD,2012-02-21,0,2.610588408157684e-06,1.0
0000882291,AEMD,2012-02-22,0,2.610588408157684e-06,1.0
0000882291,AEMD,2012-02-23,0,2.610588408157684e-06,1.0
0000882291,AEMD,2012-02-24,0,2.610588408157684e-06,1.0
0000882291,AEMD,2012-02-27,0,2.610588408157684e-06,1.0
0000882291,AEMD,2012-02-28,0,2.610588408157684e-06,1.0
0000882291,AEMD,2012-02-29,0,2.2771364378449625e-06,1.0
0000882291,AEMD,2012-03-01,0,2.2771364378449625e-06,1.0
0000882291,AEMD,2012-03-02,0,2.2771364378449625e-06,1.0
0000882291,AEMD,2012-03-05,0,2.2771364378449625e-06,1.0
0000882291,AEMD,2012-03-06,0,2.2771364378449625e-06,1.0
0000882291,AEMD,2012-03-07,0,2.2771364378449625e-06,1.0
0000882291,AEMD,2012-03-08,0,2.2771364378449625e-06,1.0
0000882291,AEMD,2012-03-09,0,2.2771364378449625e-06,1.0
0000882291,AEMD,2012-03-12,0,2.2771364378449625e-06,1.0
0000882291,AEMD,2012-03-13,0,2.2771364378449625e-06,1.0
0000882291,AEMD,2012-03-14,0,2.2771364378449625e-06,1.0
0000882291,AEMD,2012-03-15,0,2.2771364378449625e-06,1.0
0000882291,AEMD,2012-03-16,0,2.2771364378449625e-06,1.0
0000882291,AEMD,2012-03-19,0,3.349194793821876e-06,1.0
0000882291,AEMD,2012-03-20,0,3.349194793821876e-06,1.0
0000882291,AEMD,2012-03-21,0,3.349194793821876e-06,1.0
0000882291,AEMD,2012-03-22,0,3.349194793821876e-06,1.0
0000882291,AEMD,2012-03-23,0,3.349194793821876e-06,1.0
0000882291,AEMD,2012-03-26,0,3.349194793821876e-06,1.0
0000882291,AEMD,2012-03-27,0,3.4487140987311697e-06,1.0
0000882291,AEMD,2012-03-28,0,3.4487140987311697e-06,1.0
0000882291,AEMD,2012-03-29,0,3.4487140987311697e-06,1.0
0000882291,AEMD,2012-03-30,0,3.4487140987311697e-06,1.0
0000882291,AEMD,2012-04-02,0,6.517424756813107e-06,1.0
0000882291,AEMD,2012-04-03,0,6.517424756813107e-06,1.0
0000882291,AEMD,2012-04-04,0,6.517424756813107e-06,1.0
0000882291,AEMD,2012-04-05,0,6.517424756813107e-06,1.0
0000882291,AEMD,2012-04-06,0,3.463702609988744e-06,1.0
0000882291,AEMD,2012-04-09,0,3.463702609988744e-06,1.0
0000882291,AEMD,2012-04-10,0,2.6767746085814264e-06,1.0
0000882291,AEMD,2012-04-11,0,2.6767746085814264e-06,1.0
0000882291,AEMD,2012-04-12,0,2.6767746085814264e-06,1.0
0000882291,AEMD,2012-04-13,0,2.6767746085814264e-06,1.0
0000882291,AEMD,2012-04-16,0,2.6767746085814264e-06,1.0
0000882291,AEMD,2012-04-17,0,2.6767746085814264e-06,1.0
0000882291,AEMD,2012-04-18,0,2.6767746085814264e-06,1.0
0000882291,AEMD,2012-04-19,0,2.6767746085814264e-06,1.0
0000882291,AEMD,2012-04-20,0,2.6767746085814264e-06,1.0
0000882291,AEMD,2012-04-23,0,3.382662468993187e-06,1.0
0000882291,AEMD,2012-04-24,0,3.382662468993187e-06,1.0
0000882291,AEMD,2012-04-25,0,3.382662468993187e-06,1.0
0000882291,AEMD,2012-04-26,0,3.382662468993187e-06,1.0
0000882291,AEMD,2012-04-27,0,3.382662468993187e-06,1.0
0000882291,AEMD,2012-04-30,0,3.382662468993187e-06,1.0
0000882291,AEMD,2012-05-01,0,3.382662468993187e-06,1.0
0000882291,AEMD,2012-05-02,0,3.382662468993187e-06,1.0
0000882291,AEMD,2012-05-03,0,3.382662468993187e-06,1.0
0000882291,AEMD,2012-05-04,0,3.382662468993187e-06,1.0
0000882291,AEMD,2012-05-07,0,3.859226376279203e-06,1.0
0000882291,AEMD,2012-05-08,0,3.859226376279203e-06,1.0
0000882291,AEMD,2012-05-09,0,3.859226376279203e-06,1.0
0000882291,AEMD,2012-05-10,0,4.076604295504976e-06,1.0
0000882291,AEMD,2012-05-11,0,4.076604295504976e-06,1.0
0000882291,AEMD,2012-05-14,0,4.076604295504976e-06,1.0
0000882291,AEMD,2012-05-15,0,4.216405917652933e-06,1.0
0000882291,AEMD,2012-05-16,0,4.216405917652933e-06,1.0
0000882291,AEMD,2012-05-17,0,3.7992675470865976e-06,1.0
0000882291,AEMD,2012-05-18,0,3.7992675470865976e-06,1.0
0000882291,AEMD,2012-05-21,0,3.7992675470865976e-06,1.0
0000882291,AEMD,2012-05-22,0,3.7992675470865976e-06,1.0
0000882291,AEMD,2012-05-23,0,8.878295019109308e-06,1.0
0000882291,AEMD,2012-05-24,0,8.878295019109308e-06,1.0
0000882291,AEMD,2012-05-25,0,8.878295019109308e-06,1.0
0000882291,AEMD,2012-05-28,0,8.878295019109308e-06,1.0
0000882291,AEMD,2012-05-29,0,8.878295019109308e-06,1.0
0000882291,AEMD,2012-05-30,0,9.468524361015105e-06,1.0
0000882291,AEMD,2012-05-31,0,9.468524361015105e-06,1.0
0000882291,AEMD,2012-06-01,0,9.468524361015105e-06,1.0
0000882291,AEMD,2012-06-04,0,9.468524361015105e-06,1.0
0000882291,AEMD,2012-06-05,0,9.468524361015105e-06,1.0
0000882291,AEMD,2012-06-06,0,9.468524361015105e-06,1.0
0000882291,AEMD,2012-06-07,0,9.468524361015105e-06,1.0
0000882291,AEMD,2012-06-08,0,9.468524361015105e-06,1.0
0000882291,AEMD,2012-06-11,0,9.468524361015105e-06,1.0
0000882291,AEMD,2012-06-12,0,9.468524361015105e-06,1.0
0000882291,AEMD,2012-06-13,0,9.468524361015105e-06,1.0
0000882291,AEMD,2012-06-14,0,9.468524361015105e-06,1.0
0000882291,AEMD,2012-06-15,0,9.468524361015105e-06,1.0
0000882291,AEMD,2012-06-18,0,9.468524361015105e-06,1.0
0000882291,AEMD,2012-06-19,0,9.468524361015105e-06,1.0
0000882291,AEMD,2012-06-20,0,9.468524361015105e-06,1.0
0000882291,AEMD,2012-06-21,0,9.468524361015105e-06,1.0
0000882291,AEMD,2012-06-22,0,9.468524361015105e-06,1.0
0000882291,AEMD,2012-06-25,0,9.468524361015105e-06,1.0
0000882291,AEMD,2012-06-26,0,9.468524361015105e-06,1.0
0000882291,AEMD,2012-06-27,0,4.637560690755411e-06,1.0
0000882291,AEMD,2012-06-28,0,4.637560690755411e-06,1.0
0000882291,AEMD,2012-06-29,0,1.6835613216868913e-06,1.0
0000882291,AEMD,2012-07-02,0,1.6835613216868913e-06,1.0
0000882291,AEMD,2012-07-03,0,1.6835613216868913e-06,1.0
0000882291,AEMD,2012-07-04,0,1.6835613216868913e-06,1.0
0000882291,AEMD,2012-07-05,0,1.6428288172397777e-06,1.0
0000882291,AEMD,2012-07-06,0,1.6428288172397777e-06,1.0
0000882291,AEMD,2012-07-09,0,1.1733601596254077e-06,1.0
0000882291,AEMD,2012-07-10,0,1.1733601596254077e-06,1.0
0000882291,AEMD,2012-07-11,0,1.1733601596254077e-06,1.0
0000882291,AEMD,2012-07-12,0,1.1733601596254077e-06,1.0
0000882291,AEMD,2012-07-13,0,1.1733601596254077e-06,1.0
0000882291,AEMD,2012-07-16,0,1.1733601596254077e-06,1.0
0000882291,AEMD,2012-07-17,0,1.1733601596254077e-06,1.0
0000882291,AEMD,2012-07-18,0,1.1733601596254077e-06,1.0
0000882291,AEMD,2012-07-19,0,1.1733601596254077e-06,1.0
0000882291,AEMD,2012-07-20,0,1.1733601596254077e-06,1.0
0000882291,AEMD,2012-07-23,0,8.380507238739567e-07,1.0
0000882291,AEMD,2012-07-24,0,8.380507238739567e-07,1.0
0000882291,AEMD,2012-07-25,0,8.380507238739567e-07,1.0
0000882291,AEMD,2012-07-26,0,8.380507238739567e-07,1.0
0000882291,AEMD,2012-07-27,0,9.463938394448291e-07,1.0
0000882291,AEMD,2012-07-30,0,8.088632258651177e-06,1.0
0000882291,AEMD,2012-07-31,0,8.088632258651177e-06,1.0
0000882291,AEMD,2012-08-01,0,8.088632258651177e-06,1.0
0000882291,AEMD,2012-08-02,0,8.088632258651177e-06,1.0
0000882291,AEMD,2012-08-03,0,8.088632258651177e-06,1.0
0000882291,AEMD,2012-08-06,0,8.088632258651177e-06,1.0
0000882291,AEMD,2012-08-07,0,8.088632258651177e-06,1.0
0000882291,AEMD,2012-08-08,0,8.088632258651177e-06,1.0
0000882291,AEMD,2012-08-09,0,8.088632258651177e-06,1.0
0000882291,AEMD,2012-08-10,0,8.088632258651177e-06,1.0
0000882291,AEMD,2012-08-13,0,8.088632258651177e-06,1.0
0000882291,AEMD,2012-08-14,0,3.429825869626282e-06,1.0
0000882291,AEMD,2012-08-15,0,3.667490961984106e-06,1.0
0000882291,AEMD,2012-08-16,0,3.667490961984106e-06,1.0
0000882291,AEMD,2012-08-17,0,3.667490961984106e-06,1.0
0000882291,AEMD,2012-08-20,0,3.667490961984106e-06,1.0
0000882291,AEMD,2012-08-21,0,3.667490961984106e-06,1.0
0000882291,AEMD,2012-08-22,0,3.667490961984106e-06,1.0
0000882291,AEMD,2012-08-23,0,3.667490961984106e-06,1.0
0000882291,AEMD,2012-08-24,0,3.667490961984106e-06,1.0
0000882291,AEMD,2012-08-27,0,3.7159915870243354e-06,1.0
0000882291,AEMD,2012-08-28,0,3.8179120890698815e-06,1.0
0000882291,AEMD,2012-08-29,0,3.8179120890698815e-06,1.0
0000882291,AEMD,2012-08-30,0,3.8179120890698815e-06,1.0
0000882291,AEMD,2012-08-31,0,3.8179120890698815e-06,1.0
0000882291,AEMD,2012-09-03,0,3.8179120890698815e-06,1.0
0000882291,AEMD,2012-09-04,0,3.8179120890698815e-06,1.0
0000882291,AEMD,2012-09-05,0,3.8179120890698815e-06,1.0
0000882291,AEMD,2012-09-06,0,3.8179120890698815e-06,1.0
0000882291,AEMD,2012-09-07,0,3.343249604288278e-06,1.0
0000882291,AEMD,2012-09-10,0,3.343249604288278e-06,1.0
0000882291,AEMD,2012-09-11,0,3.343249604288278e-06,1.0
0000882291,AEMD,2012-09-12,0,3.343249604288278e-06,1.0
0000882291,AEMD,2012-09-13,0,5.251075323542617e-06,1.0
0000882291,AEMD,2012-09-14,0,5.251075323542617e-06,1.0
0000882291,AEMD,2012-09-17,0,5.251075323542617e-06,1.0
0000882291,AEMD,2012-09-18,0,5.251075323542617e-06,1.0
0000882291,AEMD,2012-09-19,0,5.251075323542617e-06,1.0
0000882291,AEMD,2012-09-20,0,5.251075323542617e-06,1.0
0000882291,AEMD,2012-09-21,0,5.251075323542617e-06,1.0
0000882291,AEMD,2012-09-24,0,5.251075323542617e-06,1.0
0000882291,AEMD,2012-09-25,0,5.1396973180324624e-06,1.0
0000882291,AEMD,2012-09-26,0,5.1396973180324624e-06,1.0
0000882291,AEMD,2012-09-27,0,8.755665483781366e-07,1.0
0000882291,AEMD,2012-09-28,0,8.755665483781366e-07,1.0
0000882291,AEMD,2012-10-01,0,8.755665483781366e-07,1.0
0000882291,AEMD,2012-10-02,0,8.755665483781366e-07,1.0
0000882291,AEMD,2012-10-03,0,9.065981668623443e-07,1.0
0000882291,AEMD,2012-10-04,0,9.065981668623443e-07,1.0
0000882291,AEMD,2012-10-05,0,9.065981668623443e-07,1.0
0000882291,AEMD,2012-10-08,0,1.738881781705948e-06,1.0
0000882291,AEMD,2012-10-09,0,1.738881781705948e-06,1.0
0000882291,AEMD,2012-10-10,0,1.738881781705948e-06,1.0
0000882291,AEMD,2012-10-11,0,1.738881781705948e-06,1.0
0000882291,AEMD,2012-10-12,0,1.738881781705948e-06,1.0
0000882291,AEMD,2012-10-15,0,1.738881781705948e-06,1.0
0000882291,AEMD,2012-10-16,0,1.738881781705948e-06,1.0
0000882291,AEMD,2012-10-17,0,1.738881781705948e-06,1.0
0000882291,AEMD,2012-10-18,0,1.738881781705948e-06,1.0
0000882291,AEMD,2012-10-19,0,1.738881781705948e-06,1.0
0000882291,AEMD,2012-10-22,0,1.831235855867368e-06,1.0
0000882291,AEMD,2012-10-23,0,1.831235855867368e-06,1.0
0000882291,AEMD,2012-10-24,0,1.831235855867368e-06,1.0
0000882291,AEMD,2012-10-25,0,1.8145402807219172e-06,1.0
0000882291,AEMD,2012-10-26,0,1.8145402807219172e-06,1.0
0000882291,AEMD,2012-10-29,0,1.8145402807219172e-06,1.0
0000882291,AEMD,2012-10-30,0,1.8145402807219172e-06,1.0
0000882291,AEMD,2012-10-31,0,1.8145402807219172e-06,1.0
0000882291,AEMD,2012-11-01,0,1.8145402807219172e-06,1.0
0000882291,AEMD,2012-11-02,0,1.8145402807219172e-06,1.0
0000882291,AEMD,2012-11-05,0,1.8145402807219172e-06,1.0
0000882291,AEMD,2012-11-06,0,1.8145402807219172e-06,1.0
0000882291,AEMD,2012-11-07,0,1.8145402807219172e-06,1.0
0000882291,AEMD,2012-11-08,0,1.8145402807219172e-06,1.0
0000882291,AEMD,2012-11-09,0,1.8145402807219172e-06,1.0
0000882291,AEMD,2012-11-12,0,1.4169026064836927e-06,1.0
0000882291,AEMD,2012-11-13,0,1.4169026064836927e-06,1.0
0000882291,AEMD,2012-11-14,0,6.699439981860741e-07,1.0
0000882291,AEMD,2012-11-15,0,6.699439981860741e-07,1.0
0000882291,AEMD,2012-11-16,0,6.699439981860741e-07,1.0
0000882291,AEMD,2012-11-19,0,6.699439981860741e-07,1.0
0000882291,AEMD,2012-11-20,0,6.699439981860741e-07,1.0
0000882291,AEMD,2012-11-21,0,6.699439981860741e-07,1.0
0000882291,AEMD,2012-11-22,0,6.699439981860741e-07,1.0
0000882291,AEMD,2012-11-23,0,6.699439981860741e-07,1.0
0000882291,AEMD,2012-11-26,0,6.706875933579426e-07,1.0
0000882291,AEMD,2012-11-27,0,6.706875933579426e-07,1.0
0000882291,AEMD,2012-11-28,0,6.706875933579426e-07,1.0
0000882291,AEMD,2012-11-29,0,6.706875933579426e-07,1.0
0000882291,AEMD,2012-11-30,0,6.706875933579426e-07,1.0
0000882291,AEMD,2012-12-03,0,6.706875933579426e-07,1.0
0000882291,AEMD,2012-12-04,0,6.706875933579426e-07,1.0
0000882291,AEMD,2012-12-05,0,6.706875933579426e-07,1.0
0000882291,AEMD,2012-12-06,0,6.64527705196324e-07,1.0
0000882291,AEMD,2012-12-07,0,6.64527705196324e-07,1.0
0000882291,AEMD,2012-12-10,0,6.64527705196324e-07,1.0
0000882291,AEMD,2012-12-11,0,6.64527705196324e-07,1.0
0000882291,AEMD,2012-12-12,0,6.64527705196324e-07,1.0
0000882291,AEMD,2012-12-13,0,6.64527705196324e-07,1.0
0000882291,AEMD,2012-12-14,0,1.6088564678500174e-06,1.0
0000882291,AEMD,2012-12-17,0,1.6088564678500174e-06,1.0
0000882291,AEMD,2012-12-18,0,1.6088564678500174e-06,1.0
0000882291,AEMD,2012-12-19,0,1.6088564678500174e-06,1.0
0000882291,AEMD,2012-12-20,0,1.6088564678500174e-06,1.0
0000882291,AEMD,2012-12-21,0,1.6088564678500174e-06,1.0
0000882291,AEMD,2012-12-24,0,1.6649533886069225e-06,1.0
0000882291,AEMD,2012-12-25,0,1.6649533886069225e-06,1.0
0000882291,AEMD,2012-12-26,0,6.771025026313184e-06,1.0
0000882291,AEMD,2012-12-27,0,6.771025026313184e-06,1.0
0000882291,AEMD,2012-12-28,0,6.771025026313184e-06,1.0
0000882291,AEMD,2012-12-31,0,6.771025026313184e-06,1.0
0000882291,AEMD,2013-01-01,0,6.771025026313184e-06,1.0
0000882291,AEMD,2013-01-02,0,6.771025026313184e-06,1.0
0000882291,AEMD,2013-01-03,0,6.771025026313184e-06,1.0
0000882291,AEMD,2013-01-04,0,6.771025026313184e-06,1.0
0000882291,AEMD,2013-01-07,0,6.771025026313184e-06,1.0
0000882291,AEMD,2013-01-08,0,6.771025026313184e-06,1.0
0000882291,AEMD,2013-01-09,0,6.771025026313184e-06,1.0
0000882291,AEMD,2013-01-10,0,6.771025026313184e-06,1.0
0000882291,AEMD,2013-01-11,0,6.771025026313184e-06,1.0
0000882291,AEMD,2013-01-14,0,6.771025026313184e-06,1.0
0000882291,AEMD,2013-01-15,0,6.771025026313184e-06,1.0
0000882291,AEMD,2013-01-16,0,6.771025026313184e-06,1.0
0000882291,AEMD,2013-01-17,0,6.771025026313184e-06,1.0
0000882291,AEMD,2013-01-18,0,6.771025026313184e-06,1.0
0000882291,AEMD,2013-01-21,0,6.771025026313184e-06,1.0
0000882291,AEMD,2013-01-22,0,6.771025026313184e-06,1.0
0000882291,AEMD,2013-01-23,0,6.7823011947678686e-06,1.0
0000882291,AEMD,2013-01-24,0,6.7823011947678686e-06,1.0
0000882291,AEMD,2013-01-25,0,6.7823011947678686e-06,1.0
0000882291,AEMD,2013-01-28,0,6.7823011947678686e-06,1.0
0000882291,AEMD,2013-01-29,0,6.7823011947678686e-06,1.0
0000882291,AEMD,2013-01-30,0,6.7823011947678686e-06,1.0
0000882291,AEMD,2013-01-31,0,6.7823011947678686e-06,1.0
0000882291,AEMD,2013-02-01,0,6.7823011947678686e-06,1.0
0000882291,AEMD,2013-02-04,0,6.7823011947678686e-06,1.0
0000882291,AEMD,2013-02-05,0,6.7823011947678686e-06,1.0
0000882291,AEMD,2013-02-06,0,6.7823011947678686e-06,1.0
0000882291,AEMD,2013-02-07,0,6.7823011947678686e-06,1.0
0000882291,AEMD,2013-02-08,0,6.7823011947678686e-06,1.0
0000882291,AEMD,2013-02-11,0,7.312859296333288e-06,1.0
0000882291,AEMD,2013-02-12,0,1.2512762379280674e-05,1.0
0000882291,AEMD,2013-02-13,0,2.455239740722276e-06,1.0
0000882291,AEMD,2013-02-14,0,2.455239740722276e-06,1.0
0000882291,AEMD,2013-02-15,0,2.455239740722276e-06,1.0
0000882291,AEMD,2013-02-18,0,2.455239740722276e-06,1.0
0000882291,AEMD,2013-02-19,0,2.455239740722276e-06,1.0
0000882291,AEMD,2013-02-20,0,2.455239740722276e-06,1.0
0000882291,AEMD,2013-02-21,0,2.455239740722276e-06,1.0
0000882291,AEMD,2013-02-22,0,2.455239740722276e-06,1.0
0000882291,AEMD,2013-02-25,0,2.455239740722276e-06,1.0
0000882291,AEMD,2013-02-26,0,2.455239740722276e-06,1.0
0000882291,AEMD,2013-02-27,0,2.455239740722276e-06,1.0
0000882291,AEMD,2013-02-28,0,2.455239740722276e-06,1.0
0000882291,AEMD,2013-03-01,0,2.455239740722276e-06,1.0
0000882291,AEMD,2013-03-04,0,2.455239740722276e-06,1.0
0000882291,AEMD,2013-03-05,0,2.455239740722276e-06,1.0
0000882291,AEMD,2013-03-06,0,2.5352169458106366e-06,1.0
0000882291,AEMD,2013-03-07,0,2.5352169458106366e-06,1.0
0000882291,AEMD,2013-03-08,0,2.5352169458106366e-06,1.0
0000882291,AEMD,2013-03-11,0,2.5352169458106366e-06,1.0
0000882291,AEMD,2013-03-12,0,2.5352169458106366e-06,1.0
0000882291,AEMD,2013-03-13,0,2.5352169458106366e-06,1.0
0000882291,AEMD,2013-03-14,0,2.5352169458106366e-06,1.0
0000882291,AEMD,2013-03-15,0,2.5352169458106366e-06,1.0
0000882291,AEMD,2013-03-18,0,6.881008100954876e-06,1.0
0000882291,AEMD,2013-03-19,0,6.881008100954876e-06,1.0
0000882291,AEMD,2013-03-20,0,6.881008100954876e-06,1.0
0000882291,AEMD,2013-03-21,0,6.881008100954876e-06,1.0
0000882291,AEMD,2013-03-22,0,6.881008100954876e-06,1.0
0000882291,AEMD,2013-03-25,0,6.881008100954876e-06,1.0
0000882291,AEMD,2013-03-26,0,6.881008100954876e-06,1.0
0000882291,AEMD,2013-03-27,0,6.881008100954876e-06,1.0
0000882291,AEMD,2013-03-28,0,6.881008100954876e-06,1.0
0000882291,AEMD,2013-03-29,0,6.881008100954876e-06,1.0
0000882291,AEMD,2013-04-01,0,6.881008100954876e-06,1.0
0000882291,AEMD,2013-04-02,0,6.881008100954876e-06,1.0
0000882291,AEMD,2013-04-03,0,6.881008100954876e-06,1.0
0000882291,AEMD,2013-04-04,0,6.881008100954876e-06,1.0
0000882291,AEMD,2013-04-05,0,6.881008100954876e-06,1.0
0000882291,AEMD,2013-04-08,0,6.881008100954876e-06,1.0
0000882291,AEMD,2013-04-09,0,6.881008100954876e-06,1.0
0000882291,AEMD,2013-04-10,0,6.881008100954876e-06,1.0
0000882291,AEMD,2013-04-11,0,6.881008100954876e-06,1.0
0000882291,AEMD,2013-04-12,0,6.881008100954876e-06,1.0
0000882291,AEMD,2013-04-15,0,3.4432273428444395e-06,1.0
0000882291,AEMD,2013-04-16,0,3.4432273428444395e-06,1.0
0000882291,AEMD,2013-04-17,0,3.4432273428444395e-06,1.0
0000882291,AEMD,2013-04-18,0,3.4432273428444395e-06,1.0
0000882291,AEMD,2013-04-19,0,3.4432273428444395e-06,1.0
0000882291,AEMD,2013-04-22,0,3.4432273428444395e-06,1.0
0000882291,AEMD,2013-04-23,0,3.4432273428444395e-06,1.0
0000882291,AEMD,2013-04-24,0,3.4432273428444395e-06,1.0
0000882291,AEMD,2013-04-25,0,3.4432273428444395e-06,1.0
0000882291,AEMD,2013-04-26,0,3.4432273428444395e-06,1.0
0000882291,AEMD,2013-04-29,0,3.4432273428444395e-06,1.0
0000882291,AEMD,2013-04-30,0,3.4432273428444395e-06,1.0
0000882291,AEMD,2013-05-01,0,3.4432273428444395e-06,1.0
0000882291,AEMD,2013-05-02,0,3.4432273428444395e-06,1.0
0000882291,AEMD,2013-05-03,0,3.4432273428444395e-06,1.0
0000882291,AEMD,2013-05-06,0,3.4432273428444395e-06,1.0
0000882291,AEMD,2013-05-07,0,3.4432273428444395e-06,1.0
0000882291,AEMD,2013-05-08,0,3.4432273428444395e-06,1.0
0000882291,AEMD,2013-05-09,0,3.4432273428444395e-06,1.0
0000882291,AEMD,2013-05-10,0,3.4432273428444395e-06,1.0
0000882291,AEMD,2013-05-13,0,3.4432273428444395e-06,1.0
0000882291,AEMD,2013-05-14,0,3.685907643122736e-06,1.0
0000882291,AEMD,2013-05-15,0,8.178731549719563e-06,1.0
0000882291,AEMD,2013-05-16,0,8.178731549719563e-06,1.0
0000882291,AEMD,2013-05-17,0,8.178731549719563e-06,1.0
0000882291,AEMD,2013-05-20,0,8.178731549719563e-06,1.0
0000882291,AEMD,2013-05-21,0,8.178731549719563e-06,1.0
0000882291,AEMD,2013-05-22,0,8.178731549719563e-06,1.0
0000882291,AEMD,2013-05-23,0,8.178731549719563e-06,1.0
0000882291,AEMD,2013-05-24,0,8.178731549719563e-06,1.0
0000882291,AEMD,2013-05-27,0,8.178731549719563e-06,1.0
0000882291,AEMD,2013-05-28,0,8.178731549719563e-06,1.0
0000882291,AEMD,2013-05-29,0,8.178731549719563e-06,1.0
0000882291,AEMD,2013-05-30,0,8.178731549719563e-06,1.0
0000882291,AEMD,2013-05-31,0,8.178731549719563e-06,1.0
0000882291,AEMD,2013-06-03,0,8.178731549719563e-06,1.0
0000882291,AEMD,2013-06-04,0,8.178731549719563e-06,1.0
0000882291,AEMD,2013-06-05,0,8.178731549719563e-06,1.0
0000882291,AEMD,2013-06-06,0,8.178731549719563e-06,1.0
0000882291,AEMD,2013-06-07,0,8.178731549719563e-06,1.0
0000882291,AEMD,2013-06-10,0,8.178731549719563e-06,1.0
0000882291,AEMD,2013-06-11,0,8.178731549719563e-06,1.0
0000882291,AEMD,2013-06-12,0,8.178731549719563e-06,1.0
0000882291,AEMD,2013-06-13,0,8.178731549719563e-06,1.0
0000882291,AEMD,2013-06-14,0,8.178731549719563e-06,1.0
0000882291,AEMD,2013-06-17,0,8.178731549719563e-06,1.0
0000882291,AEMD,2013-06-18,0,8.178731549719563e-06,1.0
0000882291,AEMD,2013-06-19,0,8.178731549719563e-06,1.0
0000882291,AEMD,2013-06-20,0,8.178731549719563e-06,1.0
0000882291,AEMD,2013-06-21,0,8.178731549719563e-06,1.0
0000882291,AEMD,2013-06-24,0,8.178731549719563e-06,1.0
0000882291,AEMD,2013-06-25,0,8.178731549719563e-06,1.0
0000882291,AEMD,2013-06-26,0,8.178731549719563e-06,1.0
0000882291,AEMD,2013-06-27,0,8.178731549719563e-06,1.0
0000882291,AEMD,2013-06-28,0,8.178731549719563e-06,1.0
0000882291,AEMD,2013-07-01,0,8.178731549719563e-06,1.0
0000882291,AEMD,2013-07-02,0,8.178731549719563e-06,1.0
0000882291,AEMD,2013-07-03,0,8.178731549719563e-06,1.0
0000882291,AEMD,2013-07-04,0,8.178731549719563e-06,1.0
0000882291,AEMD,2013-07-05,0,8.178731549719563e-06,1.0
0000882291,AEMD,2013-07-08,0,8.178731549719563e-06,1.0
0000882291,AEMD,2013-07-09,0,8.178731549719563e-06,1.0
0000882291,AEMD,2013-07-10,0,8.178731549719563e-06,1.0
0000882291,AEMD,2013-07-11,0,8.178731549719563e-06,1.0
0000882291,AEMD,2013-07-12,0,8.178731549719563e-06,1.0
0000882291,AEMD,2013-07-15,0,1.2109387473543389e-05,1.0
0000882291,AEMD,2013-07-16,0,1.0723743611326248e-06,1.0
0000882291,AEMD,2013-07-17,0,1.0723743611326248e-06,1.0
0000882291,AEMD,2013-07-18,0,1.0723743611326248e-06,1.0
0000882291,AEMD,2013-07-19,0,1.0723743611326248e-06,1.0
0000882291,AEMD,2013-07-22,0,1.0723743611326248e-06,1.0
0000882291,AEMD,2013-07-23,0,1.0723743611326248e-06,1.0
0000882291,AEMD,2013-07-24,0,1.0723743611326248e-06,1.0
0000882291,AEMD,2013-07-25,0,1.0723743611326248e-06,1.0
0000882291,AEMD,2013-07-26,0,1.0723743611326248e-06,1.0
0000882291,AEMD,2013-07-29,0,1.0723743611326248e-06,1.0
0000882291,AEMD,2013-07-30,0,1.0723743611326248e-06,1.0
0000882291,AEMD,2013-07-31,0,1.0723743611326248e-06,1.0
0000882291,AEMD,2013-08-01,0,1.0723743611326248e-06,1.0
0000882291,AEMD,2013-08-02,0,1.0723743611326248e-06,1.0
0000882291,AEMD,2013-08-05,0,1.0723743611326248e-06,1.0
0000882291,AEMD,2013-08-06,0,1.0723743611326248e-06,1.0
0000882291,AEMD,2013-08-07,0,1.0723743611326248e-06,1.0
0000882291,AEMD,2013-08-08,0,1.0723743611326248e-06,1.0
0000882291,AEMD,2013-08-09,0,1.0723743611326248e-06,1.0
0000882291,AEMD,2013-08-12,0,1.0723743611326248e-06,1.0
0000882291,AEMD,2013-08-13,0,1.0885783678597292e-06,1.0
0000882291,AEMD,2013-08-14,0,1.0885783678597292e-06,1.0
0000882291,AEMD,2013-08-15,0,1.074581863227342e-05,1.0
0000882291,AEMD,2013-08-16,0,1.074581863227342e-05,1.0
0000882291,AEMD,2013-08-19,0,1.074581863227342e-05,1.0
0000882291,AEMD,2013-08-20,0,1.074581863227342e-05,1.0
0000882291,AEMD,2013-08-21,0,1.074581863227342e-05,1.0
0000882291,AEMD,2013-08-22,0,1.074581863227342e-05,1.0
0000882291,AEMD,2013-08-23,0,1.074581863227342e-05,1.0
0000882291,AEMD,2013-08-26,0,1.074581863227342e-05,1.0
0000882291,AEMD,2013-08-27,0,1.074581863227342e-05,1.0
0000882291,AEMD,2013-08-28,0,1.074581863227342e-05,1.0
0000882291,AEMD,2013-08-29,0,1.074581863227342e-05,1.0
0000882291,AEMD,2013-08-30,0,1.074581863227342e-05,1.0
0000882291,AEMD,2013-09-02,0,1.074581863227342e-05,1.0
0000882291,AEMD,2013-09-03,0,1.074581863227342e-05,1.0
0000882291,AEMD,2013-09-04,0,1.074581863227342e-05,1.0
0000882291,AEMD,2013-09-05,0,1.074581863227342e-05,1.0
0000882291,AEMD,2013-09-06,0,1.074581863227342e-05,1.0
0000882291,AEMD,2013-09-09,0,1.074581863227342e-05,1.0
0000882291,AEMD,2013-09-10,0,1.074581863227342e-05,1.0
0000882291,AEMD,2013-09-11,0,1.074581863227342e-05,1.0
0000882291,AEMD,2013-09-12,0,1.1984455655886013e-05,1.0
0000882291,AEMD,2013-09-13,0,1.1984455655886013e-05,1.0
0000882291,AEMD,2013-09-16,0,1.1984455655886013e-05,1.0
0000882291,AEMD,2013-09-17,0,1.1984455655886013e-05,1.0
0000882291,AEMD,2013-09-18,0,1.1984455655886013e-05,1.0
0000882291,AEMD,2013-09-19,0,1.1984455655886013e-05,1.0
0000882291,AEMD,2013-09-20,0,1.1984455655886013e-05,1.0
0000882291,AEMD,2013-09-23,0,1.1984455655886013e-05,1.0
0000882291,AEMD,2013-09-24,0,1.1984455655886013e-05,1.0
0000882291,AEMD,2013-09-25,0,1.1984455655886013e-05,1.0
0000882291,AEMD,2013-09-26,0,1.1984455655886013e-05,1.0
0000882291,AEMD,2013-09-27,0,1.1984455655886013e-05,1.0
0000882291,AEMD,2013-09-30,0,1.1984455655886013e-05,1.0
0000882291,AEMD,2013-10-01,0,1.1984455655886013e-05,1.0
0000882291,AEMD,2013-10-02,0,1.1984455655886013e-05,1.0
0000882291,AEMD,2013-10-03,0,1.1984455655886013e-05,1.0
0000882291,AEMD,2013-10-04,0,1.1984455655886013e-05,1.0
0000882291,AEMD,2013-10-07,0,1.1984455655886013e-05,1.0
0000882291,AEMD,2013-10-08,0,1.1984455655886013e-05,1.0
0000882291,AEMD,2013-10-09,0,1.1984455655886013e-05,1.0
0000882291,AEMD,2013-10-10,0,1.1984455655886013e-05,1.0
0000882291,AEMD,2013-10-11,0,1.1984455655886013e-05,1.0
0000882291,AEMD,2013-10-14,0,2.5970272325948454e-06,1.0
0000882291,AEMD,2013-10-15,0,2.5970272325948454e-06,1.0
0000882291,AEMD,2013-10-16,0,2.5970272325948454e-06,1.0
0000882291,AEMD,2013-10-17,0,2.5970272325948454e-06,1.0
0000882291,AEMD,2013-10-18,0,2.5970272325948454e-06,1.0
0000882291,AEMD,2013-10-21,0,2.5970272325948454e-06,1.0
0000882291,AEMD,2013-10-22,0,2.5970272325948454e-06,1.0
0000882291,AEMD,2013-10-23,0,2.5970272325948454e-06,1.0
0000882291,AEMD,2013-10-24,0,2.5970272325948454e-06,1.0
0000882291,AEMD,2013-10-25,0,2.5970272325948454e-06,1.0
0000882291,AEMD,2013-10-28,0,2.5970272325948454e-06,1.0
0000882291,AEMD,2013-10-29,0,2.5970272325948454e-06,1.0
0000882291,AEMD,2013-10-30,0,2.5970272325948454e-06,1.0
0000882291,AEMD,2013-10-31,0,2.5970272325948454e-06,1.0
0000882291,AEMD,2013-11-01,0,2.5970272325948454e-06,1.0
0000882291,AEMD,2013-11-04,0,2.5970272325948454e-06,1.0
0000882291,AEMD,2013-11-05,0,2.5970272325948454e-06,1.0
0000882291,AEMD,2013-11-06,0,9.472590596989219e-07,1.0
0000882291,AEMD,2013-11-07,0,9.472590596989219e-07,1.0
0000882291,AEMD,2013-11-08,0,9.472590596989219e-07,1.0
0000882291,AEMD,2013-11-11,0,8.281891864830269e-07,1.0
0000882291,AEMD,2013-11-12,0,8.281891864830269e-07,1.0
0000882291,AEMD,2013-11-13,0,8.281891864830269e-07,1.0
0000882291,AEMD,2013-11-14,0,7.268452238301523e-07,1.0
0000882291,AEMD,2013-11-15,0,7.268452238301523e-07,1.0
0000882291,AEMD,2013-11-18,0,7.268452238301523e-07,1.0
0000882291,AEMD,2013-11-19,0,7.268452238301523e-07,1.0
0000882291,AEMD,2013-11-20,0,7.268452238301523e-07,1.0
0000882291,AEMD,2013-11-21,0,6.327707565379309e-07,1.0
0000882291,AEMD,2013-11-22,0,6.315392050915406e-07,1.0
0000882291,AEMD,2013-11-25,0,6.315392050915406e-07,1.0
0000882291,AEMD,2013-11-26,0,6.315392050915406e-07,1.0
0000882291,AEMD,2013-11-27,0,6.315392050915406e-07,1.0
0000882291,AEMD,2013-11-28,0,6.315392050915406e-07,1.0
0000882291,AEMD,2013-11-29,0,6.315392050915406e-07,1.0
0000882291,AEMD,2013-12-02,0,6.315392050915406e-07,1.0
0000882291,AEMD,2013-12-03,0,6.315392050915406e-07,1.0
0000882291,AEMD,2013-12-04,0,6.315392050915406e-07,1.0
0000882291,AEMD,2013-12-05,0,6.315392050915406e-07,1.0
0000882291,AEMD,2013-12-06,0,7.142303202058935e-07,1.0
0000882291,AEMD,2013-12-09,0,7.142303202058935e-07,1.0
0000882291,AEMD,2013-12-10,0,7.142303202058935e-07,1.0
0000882291,AEMD,2013-12-11,0,7.142303202058935e-07,1.0
0000882291,AEMD,2013-12-12,0,7.142303202058935e-07,1.0
0000882291,AEMD,2013-12-13,0,7.142303202058935e-07,1.0
0000882291,AEMD,2013-12-16,0,8.338150803830361e-07,1.0
0000882291,AEMD,2013-12-17,0,8.321922399600065e-07,1.0
0000882291,AEMD,2013-12-18,0,8.321922399600065e-07,1.0
0000882291,AEMD,2013-12-19,0,8.321922399600065e-07,1.0
0000882291,AEMD,2013-12-20,0,8.321922399600065e-07,1.0
0000882291,AEMD,2013-12-23,0,9.452866229895144e-07,1.0
0000882291,AEMD,2013-12-24,0,9.452866229895144e-07,1.0
0000882291,AEMD,2013-12-25,0,9.452866229895144e-07,1.0
0000882291,AEMD,2013-12-26,0,9.452866229895144e-07,1.0
0000882291,AEMD,2013-12-27,0,9.452866229895144e-07,1.0
0000882291,AEMD,2013-12-30,0,9.452866229895144e-07,1.0
0000882291,AEMD,2013-12-31,0,9.452866229895144e-07,1.0
0000882291,AEMD,2014-01-01,0,9.452866229895144e-07,1.0
0000882291,AEMD,2014-01-02,0,9.452866229895144e-07,1.0
0000882291,AEMD,2014-01-03,0,9.452866229895144e-07,1.0
0000882291,AEMD,2014-01-06,0,9.452866229895144e-07,1.0
0000882291,AEMD,2014-01-07,0,9.452866229895144e-07,1.0
0000882291,AEMD,2014-01-08,0,8.229396422714313e-07,1.0
0000882291,AEMD,2014-01-09,0,8.229396422714313e-07,1.0
0000882291,AEMD,2014-01-10,0,8.229396422714313e-07,1.0
0000882291,AEMD,2014-01-13,0,3.3471222877326295e-06,1.0
0000882291,AEMD,2014-01-14,0,3.3471222877326295e-06,1.0
0000882291,AEMD,2014-01-15,0,3.7853792037569843e-06,1.0
0000882291,AEMD,2014-01-16,0,3.8019927257133868e-06,1.0
0000882291,AEMD,2014-01-17,0,3.8019927257133868e-06,1.0
0000882291,AEMD,2014-01-20,0,3.8019927257133868e-06,1.0
0000882291,AEMD,2014-01-21,0,3.8019927257133868e-06,1.0
0000882291,AEMD,2014-01-22,0,3.8019927257133868e-06,1.0
0000882291,AEMD,2014-01-23,0,3.8019927257133868e-06,1.0
0000882291,AEMD,2014-01-24,0,3.8019927257133868e-06,1.0
0000882291,AEMD,2014-01-27,0,3.8019927257133868e-06,1.0
0000882291,AEMD,2014-01-28,0,3.8019927257133868e-06,1.0
0000882291,AEMD,2014-01-29,0,3.8019927257133868e-06,1.0
0000882291,AEMD,2014-01-30,0,3.8019927257133868e-06,1.0
0000882291,AEMD,2014-01-31,0,3.8019927257133868e-06,1.0
0000882291,AEMD,2014-02-03,0,3.8019927257133868e-06,1.0
0000882291,AEMD,2014-02-04,0,3.7327289184090537e-06,1.0
0000882291,AEMD,2014-02-05,0,3.7327289184090537e-06,1.0
0000882291,AEMD,2014-02-06,0,3.7327289184090537e-06,1.0
0000882291,AEMD,2014-02-07,0,6.888300550895033e-06,1.0
0000882291,AEMD,2014-02-10,0,7.058476984944541e-06,1.0
0000882291,AEMD,2014-02-11,0,6.814030592815289e-06,1.0
0000882291,AEMD,2014-02-12,0,5.5535391617284555e-06,1.0
0000882291,AEMD,2014-02-13,0,5.5535391617284555e-06,1.0
0000882291,AEMD,2014-02-14,0,5.5535391617284555e-06,1.0
0000882291,AEMD,2014-02-17,0,5.5535391617284555e-06,1.0
0000882291,AEMD,2014-02-18,0,5.5535391617284555e-06,1.0
0000882291,AEMD,2014-02-19,0,5.452366268293754e-06,1.0
0000882291,AEMD,2014-02-20,0,5.4357457776832285e-06,1.0
0000882291,AEMD,2014-02-21,0,5.4357457776832285e-06,1.0
0000882291,AEMD,2014-02-24,0,5.4357457776832285e-06,1.0
0000882291,AEMD,2014-02-25,0,5.4357457776832285e-06,1.0
0000882291,AEMD,2014-02-26,0,5.4357457776832285e-06,1.0
0000882291,AEMD,2014-02-27,0,2.6008335697354383e-06,1.0
0000882291,AEMD,2014-02-28,0,2.6008335697354383e-06,1.0
0000882291,AEMD,2014-03-03,0,2.6008335697354383e-06,1.0
0000882291,AEMD,2014-03-04,0,2.6008335697354383e-06,1.0
0000882291,AEMD,2014-03-05,0,2.6008335697354383e-06,1.0
0000882291,AEMD,2014-03-06,0,2.6008335697354383e-06,1.0
0000882291,AEMD,2014-03-07,0,2.6008335697354383e-06,1.0
0000882291,AEMD,2014-03-10,0,2.6008335697354383e-06,1.0
0000882291,AEMD,2014-03-11,0,2.6008335697354383e-06,1.0
0000882291,AEMD,2014-03-12,0,2.6008335697354383e-06,1.0
0000882291,AEMD,2014-03-13,0,2.6008335697354383e-06,1.0
0000882291,AEMD,2014-03-14,0,3.39725331377448e-06,1.0
0000882291,AEMD,2014-03-17,0,3.335362929081968e-06,1.0
0000882291,AEMD,2014-03-18,0,3.325195694799196e-06,1.0
0000882291,AEMD,2014-03-19,0,3.325195694799196e-06,1.0
0000882291,AEMD,2014-03-20,0,3.325195694799196e-06,1.0
0000882291,AEMD,2014-03-21,0,3.325195694799196e-06,1.0
0000882291,AEMD,2014-03-24,0,3.325195694799196e-06,1.0
0000882291,AEMD,2014-03-25,0,3.325195694799196e-06,1.0
0000882291,AEMD,2014-03-26,0,3.325195694799196e-06,1.0
0000882291,AEMD,2014-03-27,0,3.325195694799196e-06,1.0
0000882291,AEMD,2014-03-28,0,3.325195694799196e-06,1.0
0000882291,AEMD,2014-03-31,0,6.495723051283887e-06,1.0
0000882291,AEMD,2014-04-01,0,6.495723051283887e-06,1.0
0000882291,AEMD,2014-04-02,0,6.495723051283887e-06,1.0
0000882291,AEMD,2014-04-03,0,6.495723051283887e-06,1.0
0000882291,AEMD,2014-04-04,0,6.495723051283887e-06,1.0
0000882291,AEMD,2014-04-07,0,3.5269472418521094e-06,1.0
0000882291,AEMD,2014-04-08,0,3.5269472418521094e-06,1.0
0000882291,AEMD,2014-04-09,0,3.4626941309907876e-06,1.0
0000882291,AEMD,2014-04-10,0,3.4626941309907876e-06,1.0
0000882291,AEMD,2014-04-11,0,3.4626941309907876e-06,1.0
0000882291,AEMD,2014-04-14,0,3.4626941309907876e-06,1.0
0000882291,AEMD,2014-04-15,0,3.4626941309907876e-06,1.0
0000882291,AEMD,2014-04-16,0,3.4626941309907876e-06,1.0
0000882291,AEMD,2014-04-17,0,3.4626941309907876e-06,1.0
0000882291,AEMD,2014-04-18,0,3.4626941309907876e-06,1.0
0000882291,AEMD,2014-04-21,0,3.4626941309907876e-06,1.0
0000882291,AEMD,2014-04-22,0,3.4626941309907876e-06,1.0
0000882291,AEMD,2014-04-23,0,3.4626941309907876e-06,1.0
0000882291,AEMD,2014-04-24,0,3.4626941309907876e-06,1.0
0000882291,AEMD,2014-04-25,0,3.4626941309907876e-06,1.0
0000882291,AEMD,2014-04-28,0,3.4626941309907876e-06,1.0
0000882291,AEMD,2014-04-29,0,3.4626941309907876e-06,1.0
0000882291,AEMD,2014-04-30,0,3.4626941309907876e-06,1.0
0000882291,AEMD,2014-05-01,0,3.4626941309907876e-06,1.0
0000882291,AEMD,2014-05-02,0,3.4626941309907876e-06,1.0
0000882291,AEMD,2014-05-05,0,3.4626941309907876e-06,1.0
0000882291,AEMD,2014-05-06,0,3.5814426110503678e-06,1.0
0000882291,AEMD,2014-05-07,0,6.353700319575865e-06,1.0
0000882291,AEMD,2014-05-08,0,6.353700319575865e-06,1.0
0000882291,AEMD,2014-05-09,0,6.353700319575865e-06,1.0
0000882291,AEMD,2014-05-12,0,6.353700319575865e-06,1.0
0000882291,AEMD,2014-05-13,0,5.274092739269063e-06,1.0
0000882291,AEMD,2014-05-14,0,5.473776299088285e-06,1.0
0000882291,AEMD,2014-05-15,0,5.473776299088285e-06,1.0
0000882291,AEMD,2014-05-16,0,5.473776299088285e-06,1.0
0000882291,AEMD,2014-05-19,0,5.473776299088285e-06,1.0
0000882291,AEMD,2014-05-20,0,5.473776299088285e-06,1.0
0000882291,AEMD,2014-05-21,0,5.6614917712240434e-06,1.0
0000882291,AEMD,2014-05-22,0,5.6646328318340176e-06,1.0
0000882291,AEMD,2014-05-23,0,2.5162311332757875e-06,1.0
0000882291,AEMD,2014-05-26,0,2.5162311332757875e-06,1.0
0000882291,AEMD,2014-05-27,0,2.5162311332757875e-06,1.0
0000882291,AEMD,2014-05-28,0,2.5162311332757875e-06,1.0
0000882291,AEMD,2014-05-29,0,2.3742646819464386e-06,1.0
0000882291,AEMD,2014-05-30,0,2.3742646819464386e-06,1.0
0000882291,AEMD,2014-06-02,0,2.3742646819464386e-06,1.0
0000882291,AEMD,2014-06-03,0,2.3742646819464386e-06,1.0
0000882291,AEMD,2014-06-04,0,2.3742646819464386e-06,1.0
0000882291,AEMD,2014-06-05,0,2.3742646819464386e-06,1.0
0000882291,AEMD,2014-06-06,0,2.3742646819464386e-06,1.0
0000882291,AEMD,2014-06-09,0,2.3742646819464386e-06,1.0
0000882291,AEMD,2014-06-10,0,2.3742646819464386e-06,1.0
0000882291,AEMD,2014-06-11,0,2.3742646819464386e-06,1.0
0000882291,AEMD,2014-06-12,0,2.3742646819464386e-06,1.0
0000882291,AEMD,2014-06-13,0,2.3742646819464386e-06,1.0
0000882291,AEMD,2014-06-16,0,2.4570494641081744e-06,1.0
0000882291,AEMD,2014-06-17,0,2.4570494641081744e-06,1.0
0000882291,AEMD,2014-06-18,0,2.4570494641081744e-06,1.0
0000882291,AEMD,2014-06-19,0,2.4570494641081744e-06,1.0
0000882291,AEMD,2014-06-20,0,2.4570494641081744e-06,1.0
0000882291,AEMD,2014-06-23,0,5.107447848637146e-06,1.0
0000882291,AEMD,2014-06-24,0,5.107447848637146e-06,1.0
0000882291,AEMD,2014-06-25,0,5.107447848637146e-06,1.0
0000882291,AEMD,2014-06-26,0,5.107447848637146e-06,1.0
0000882291,AEMD,2014-06-27,0,5.107447848637146e-06,1.0
0000882291,AEMD,2014-06-30,0,2.762377093576489e-06,1.0
0000882291,AEMD,2014-07-01,0,2.762377093576489e-06,1.0
0000882291,AEMD,2014-07-02,0,2.762377093576489e-06,1.0
0000882291,AEMD,2014-07-03,0,2.762377093576489e-06,1.0
0000882291,AEMD,2014-07-04,0,2.762377093576489e-06,1.0
0000882291,AEMD,2014-07-07,0,2.7876042884453522e-06,1.0
0000882291,AEMD,2014-07-08,0,2.8832015288810657e-06,1.0
0000882291,AEMD,2014-07-09,0,2.8832015288810657e-06,1.0
0000882291,AEMD,2014-07-10,0,2.544498247608615e-06,1.0
0000882291,AEMD,2014-07-11,0,2.544498247608615e-06,1.0
0000882291,AEMD,2014-07-14,0,2.544498247608615e-06,1.0
0000882291,AEMD,2014-07-15,0,1.6719698034915212e-06,1.0
0000882291,AEMD,2014-07-16,0,1.6719698034915212e-06,1.0
0000882291,AEMD,2014-07-17,0,1.6719698034915212e-06,1.0
0000882291,AEMD,2014-07-18,0,1.6719698034915212e-06,1.0
0000882291,AEMD,2014-07-21,0,1.6719698034915212e-06,1.0
0000882291,AEMD,2014-07-22,0,1.6719698034915212e-06,1.0
0000882291,AEMD,2014-07-23,0,1.6719698034915212e-06,1.0
0000882291,AEMD,2014-07-24,0,1.6719698034915212e-06,1.0
0000882291,AEMD,2014-07-25,0,1.6719698034915212e-06,1.0
0000882291,AEMD,2014-07-28,0,1.6461134565930619e-06,1.0
0000882291,AEMD,2014-07-29,0,1.6461134565930619e-06,1.0
0000882291,AEMD,2014-07-30,0,1.805445652199904e-06,1.0
0000882291,AEMD,2014-07-31,0,1.805445652199904e-06,1.0
0000882291,AEMD,2014-08-01,0,1.805445652199904e-06,1.0
0000882291,AEMD,2014-08-04,0,1.805445652199904e-06,1.0
0000882291,AEMD,2014-08-05,0,1.805445652199904e-06,1.0
0000882291,AEMD,2014-08-06,0,1.805445652199904e-06,1.0
0000882291,AEMD,2014-08-07,0,1.805445652199904e-06,1.0
0000882291,AEMD,2014-08-08,0,1.805445652199904e-06,1.0
0000882291,AEMD,2014-08-11,0,2.0483449277096675e-06,1.0
0000882291,AEMD,2014-08-12,0,2.0483449277096675e-06,1.0
0000882291,AEMD,2014-08-13,0,2.0483449277096675e-06,1.0
0000882291,AEMD,2014-08-14,0,1.9970810347717155e-05,1.0
0000882291,AEMD,2014-08-15,0,1.9970810347717155e-05,1.0
0000882291,AEMD,2014-08-18,0,1.9970810347717155e-05,1.0
0000882291,AEMD,2014-08-19,0,1.9970810347717155e-05,1.0
0000882291,AEMD,2014-08-20,0,1.9970810347717155e-05,1.0
0000882291,AEMD,2014-08-21,0,2.0461788937430043e-05,1.0
0000882291,AEMD,2014-08-22,0,2.0461788937430043e-05,1.0
0000882291,AEMD,2014-08-25,0,2.0461788937430043e-05,1.0
0000882291,AEMD,2014-08-26,0,2.0461788937430043e-05,1.0
0000882291,AEMD,2014-08-27,0,2.2076667237417394e-05,1.0
0000882291,AEMD,2014-08-28,0,2.2076667237417394e-05,1.0
0000882291,AEMD,2014-08-29,0,2.2076667237417394e-05,1.0
0000882291,AEMD,2014-09-01,0,2.2076667237417394e-05,1.0
0000882291,AEMD,2014-09-02,0,2.2076667237417394e-05,1.0
0000882291,AEMD,2014-09-03,0,2.2076667237417394e-05,1.0
0000882291,AEMD,2014-09-04,0,2.2076667237417394e-05,1.0
0000882291,AEMD,2014-09-05,0,2.2076667237417394e-05,1.0
0000882291,AEMD,2014-09-08,0,2.2076667237417394e-05,1.0
0000882291,AEMD,2014-09-09,0,2.2076667237417394e-05,1.0
0000882291,AEMD,2014-09-10,0,2.2076667237417394e-05,1.0
0000882291,AEMD,2014-09-11,0,2.2076667237417394e-05,1.0
0000882291,AEMD,2014-09-12,0,2.2076667237417394e-05,1.0
0000882291,AEMD,2014-09-15,0,2.3157188416061872e-05,1.0
0000882291,AEMD,2014-09-16,0,2.3157188416061872e-05,1.0
0000882291,AEMD,2014-09-17,0,2.3157188416061872e-05,1.0
0000882291,AEMD,2014-09-18,0,2.3157188416061872e-05,1.0
0000882291,AEMD,2014-09-19,0,2.3157188416061872e-05,1.0
0000882291,AEMD,2014-09-22,0,2.3157188416061872e-05,1.0
0000882291,AEMD,2014-09-23,0,2.3157188416061872e-05,1.0
0000882291,AEMD,2014-09-24,0,2.3157188416061872e-05,1.0
0000882291,AEMD,2014-09-25,0,2.3157188416061872e-05,1.0
0000882291,AEMD,2014-09-26,0,2.3157188416061872e-05,1.0
0000882291,AEMD,2014-09-29,0,2.322641520184903e-05,1.0
0000882291,AEMD,2014-09-30,0,2.322641520184903e-05,1.0
0000882291,AEMD,2014-10-01,0,2.322641520184903e-05,1.0
0000882291,AEMD,2014-10-02,0,1.162249481773303e-05,1.0
0000882291,AEMD,2014-10-03,0,1.162249481773303e-05,1.0
0000882291,AEMD,2014-10-06,0,1.196121112943701e-05,1.0
0000882291,AEMD,2014-10-07,0,1.196121112943701e-05,1.0
0000882291,AEMD,2014-10-08,0,1.199696873024499e-05,1.0
0000882291,AEMD,2014-10-09,0,1.199696873024499e-05,1.0
0000882291,AEMD,2014-10-10,0,1.199696873024499e-05,1.0
0000882291,AEMD,2014-10-13,0,1.3813021948992222e-06,1.0
0000882291,AEMD,2014-10-14,0,1.3813021948992222e-06,1.0
0000882291,AEMD,2014-10-15,0,1.3813021948992222e-06,1.0
0000882291,AEMD,2014-10-16,0,1.3813021948992222e-06,1.0
0000882291,AEMD,2014-10-17,0,1.3813021948992222e-06,1.0
0000882291,AEMD,2014-10-20,0,1.3813021948992222e-06,1.0
0000882291,AEMD,2014-10-21,0,1.3813021948992222e-06,1.0
0000882291,AEMD,2014-10-22,0,1.3813021948992222e-06,1.0
0000882291,AEMD,2014-10-23,0,1.3813021948992222e-06,1.0
0000882291,AEMD,2014-10-24,0,1.3813021948992222e-06,1.0
0000882291,AEMD,2014-10-27,0,1.4512934402525392e-06,1.0
0000882291,AEMD,2014-10-28,0,1.4512934402525392e-06,1.0
0000882291,AEMD,2014-10-29,0,1.4512934402525392e-06,1.0
0000882291,AEMD,2014-10-30,0,1.4512934402525392e-06,1.0
0000882291,AEMD,2014-10-31,0,1.4512934402525392e-06,1.0
0000882291,AEMD,2014-11-03,0,2.786934819718023e-06,1.0
0000882291,AEMD,2014-11-04,0,2.786934819718023e-06,1.0
0000882291,AEMD,2014-11-05,0,2.786934819718023e-06,1.0
0000882291,AEMD,2014-11-06,0,2.786934819718023e-06,1.0
0000882291,AEMD,2014-11-07,0,2.786934819718023e-06,1.0
0000882291,AEMD,2014-11-10,0,2.5086401673582616e-06,1.0
0000882291,AEMD,2014-11-11,0,2.5086401673582616e-06,1.0
0000882291,AEMD,2014-11-12,0,2.289083824203471e-06,1.0
0000882291,AEMD,2014-11-13,0,2.289083824203471e-06,1.0
0000882291,AEMD,2014-11-14,0,2.289083824203471e-06,1.0
0000882291,AEMD,2014-11-17,0,2.289083824203471e-06,1.0
0000882291,AEMD,2014-11-18,0,2.289083824203471e-06,1.0
0000882291,AEMD,2014-11-19,0,2.4217636200727068e-06,1.0
0000882291,AEMD,2014-11-20,0,2.4217636200727068e-06,1.0
0000882291,AEMD,2014-11-21,0,2.4217636200727068e-06,1.0
0000882291,AEMD,2014-11-24,0,2.4217636200727068e-06,1.0
0000882291,AEMD,2014-11-25,0,2.4217636200727068e-06,1.0
0000882291,AEMD,2014-11-26,0,2.4753762080745115e-06,1.0
0000882291,AEMD,2014-11-27,0,1.2338481633867852e-06,1.0
0000882291,AEMD,2014-11-28,0,1.2338481633867852e-06,1.0
0000882291,AEMD,2014-12-01,0,1.2338481633867852e-06,1.0
0000882291,AEMD,2014-12-02,0,1.2338481633867852e-06,1.0
0000882291,AEMD,2014-12-03,0,1.2053376373040996e-06,1.0
0000882291,AEMD,2014-12-04,0,1.2053376373040996e-06,1.0
0000882291,AEMD,2014-12-05,0,1.2053376373040996e-06,1.0
0000882291,AEMD,2014-12-08,0,1.2053376373040996e-06,1.0
0000882291,AEMD,2014-12-09,0,1.2053376373040996e-06,1.0
0000882291,AEMD,2014-12-10,0,1.5269014734165413e-06,1.0
0000882291,AEMD,2014-12-11,0,1.5269014734165413e-06,1.0
0000882291,AEMD,2014-12-12,0,1.5269014734165413e-06,1.0
0000882291,AEMD,2014-12-15,0,1.5269014734165413e-06,1.0
0000882291,AEMD,2014-12-16,0,1.5269014734165413e-06,1.0
0000882291,AEMD,2014-12-17,0,1.5269014734165413e-06,1.0
0000882291,AEMD,2014-12-18,0,1.5269014734165413e-06,1.0
0000882291,AEMD,2014-12-19,0,1.5269014734165413e-06,1.0
0000882291,AEMD,2014-12-22,0,1.5269014734165413e-06,1.0
0000882291,AEMD,2014-12-23,0,1.5269014734165413e-06,1.0
0000882291,AEMD,2014-12-24,0,1.5269014734165413e-06,1.0
0000882291,AEMD,2014-12-25,0,1.5269014734165413e-06,1.0
0000882291,AEMD,2014-12-26,0,1.5269014734165413e-06,1.0
0000882291,AEMD,2014-12-29,0,3.047502155759374e-06,1.0
0000882291,AEMD,2014-12-30,0,3.047502155759374e-06,1.0
0000882291,AEMD,2014-12-31,0,1.2160371080858572e-06,1.0
0000882291,AEMD,2015-01-01,0,1.2160371080858572e-06,1.0
0000882291,AEMD,2015-01-02,0,1.2816503573447216e-06,1.0
0000882291,AEMD,2015-01-05,0,1.2816503573447216e-06,1.0
0000882291,AEMD,2015-01-06,0,1.3204661131053649e-06,1.0
0000882291,AEMD,2015-01-07,0,1.3204661131053649e-06,1.0
0000882291,AEMD,2015-01-08,0,1.3204661131053649e-06,1.0
0000882291,AEMD,2015-01-09,0,1.3204661131053649e-06,1.0
0000882291,AEMD,2015-01-12,0,1.736375888802118e-06,1.0
0000882291,AEMD,2015-01-13,0,1.736375888802118e-06,1.0
0000882291,AEMD,2015-01-14,0,1.736375888802118e-06,1.0
0000882291,AEMD,2015-01-15,0,1.736375888802118e-06,1.0
0000882291,AEMD,2015-01-16,0,1.736375888802118e-06,1.0
0000882291,AEMD,2015-01-19,0,1.736375888802118e-06,1.0
0000882291,AEMD,2015-01-20,0,1.736375888802118e-06,1.0
0000882291,AEMD,2015-01-21,0,1.736375888802118e-06,1.0
0000882291,AEMD,2015-01-22,0,1.736375888802118e-06,1.0
0000882291,AEMD,2015-01-23,0,1.736375888802118e-06,1.0
0000882291,AEMD,2015-01-26,0,1.7176765310907625e-06,1.0
0000882291,AEMD,2015-01-27,0,1.7176765310907625e-06,1.0
0000882291,AEMD,2015-01-28,0,1.7176765310907625e-06,1.0
0000882291,AEMD,2015-01-29,0,1.7176765310907625e-06,1.0
0000882291,AEMD,2015-01-30,0,1.6733318098254772e-05,1.0
0000882291,AEMD,2015-02-02,0,1.6733318098254772e-05,1.0
0000882291,AEMD,2015-02-03,0,1.6733318098254772e-05,1.0
0000882291,AEMD,2015-02-04,0,1.6733318098254772e-05,1.0
0000882291,AEMD,2015-02-05,0,1.6733318098254772e-05,1.0
0000882291,AEMD,2015-02-06,0,1.6733318098254772e-05,1.0
0000882291,AEMD,2015-02-09,0,1.4190084589574372e-05,1.0
0000882291,AEMD,2015-02-10,0,1.4428177093697616e-05,1.0
0000882291,AEMD,2015-02-11,0,1.3820391963424537e-05,1.0
0000882291,AEMD,2015-02-12,0,1.3820391963424537e-05,1.0
0000882291,AEMD,2015-02-13,0,1.3820391963424537e-05,1.0
0000882291,AEMD,2015-02-16,0,1.3820391963424537e-05,1.0
0000882291,AEMD,2015-02-17,0,1.3820391963424537e-05,1.0
0000882291,AEMD,2015-02-18,0,1.3820391963424537e-05,1.0
0000882291,AEMD,2015-02-19,0,1.3820391963424537e-05,1.0
0000882291,AEMD,2015-02-20,0,1.3820391963424537e-05,1.0
0000882291,AEMD,2015-02-23,0,1.3820391963424537e-05,1.0
0000882291,AEMD,2015-02-24,0,1.3820391963424537e-05,1.0
0000882291,AEMD,2015-02-25,0,1.3904091031904634e-05,1.0
0000882291,AEMD,2015-02-26,0,1.3904091031904634e-05,1.0
0000882291,AEMD,2015-02-27,0,1.3904091031904634e-05,1.0
0000882291,AEMD,2015-03-02,0,1.3904091031904634e-05,1.0
0000882291,AEMD,2015-03-03,0,1.3403928775467085e-05,1.0
0000882291,AEMD,2015-03-04,0,1.3403928775467085e-05,1.0
0000882291,AEMD,2015-03-05,0,1.3403928775467085e-05,1.0
0000882291,AEMD,2015-03-06,0,1.3403928775467085e-05,1.0
0000882291,AEMD,2015-03-09,0,1.3403928775467085e-05,1.0
0000882291,AEMD,2015-03-10,0,1.3403928775467085e-05,1.0
0000882291,AEMD,2015-03-11,0,1.3403928775467085e-05,1.0
0000882291,AEMD,2015-03-12,0,1.3403928775467085e-05,1.0
0000882291,AEMD,2015-03-13,0,1.3403928775467085e-05,1.0
0000882291,AEMD,2015-03-16,0,1.6388907186467507e-05,1.0
0000882291,AEMD,2015-03-17,0,8.200978777453446e-06,1.0
0000882291,AEMD,2015-03-18,0,8.200978777453446e-06,1.0
0000882291,AEMD,2015-03-19,0,8.200978777453446e-06,1.0
0000882291,AEMD,2015-03-20,0,8.200978777453446e-06,1.0
0000882291,AEMD,2015-03-23,0,8.200978777453446e-06,1.0
0000882291,AEMD,2015-03-24,0,8.200978777453446e-06,1.0
0000882291,AEMD,2015-03-25,0,8.200978777453446e-06,1.0
0000882291,AEMD,2015-03-26,0,8.200978777453446e-06,1.0
0000882291,AEMD,2015-03-27,0,8.200978777453446e-06,1.0
0000882291,AEMD,2015-03-30,0,8.200978777453446e-06,1.0
0000882291,AEMD,2015-03-31,0,8.435302126696025e-06,1.0
0000882291,AEMD,2015-04-01,0,1.0382207989282218e-06,1.0
0000882291,AEMD,2015-04-02,0,1.0382207989282218e-06,1.0
0000882291,AEMD,2015-04-03,0,1.0382207989282218e-06,1.0
0000882291,AEMD,2015-04-06,0,1.0382207989282218e-06,1.0
0000882291,AEMD,2015-04-07,0,1.0382207989282218e-06,1.0
0000882291,AEMD,2015-04-08,0,1.0382207989282218e-06,1.0
0000882291,AEMD,2015-04-09,0,1.0382207989282218e-06,1.0
0000882291,AEMD,2015-04-10,0,1.0382207989282218e-06,1.0
0000882291,AEMD,2015-04-13,0,1.0382207989282218e-06,1.0
0000882291,AEMD,2015-04-14,0,1.0382207989282218e-06,1.0
0000882291,AEMD,2015-04-15,0,4.063774093845141e-06,1.0
0000882291,AEMD,2015-04-16,0,4.3989441158209625e-06,1.0
0000882291,AEMD,2015-04-17,0,4.3989441158209625e-06,1.0
0000882291,AEMD,2015-04-20,0,2.6192075210828723e-06,1.0
0000882291,AEMD,2015-04-21,0,2.6192075210828723e-06,1.0
0000882291,AEMD,2015-04-22,0,2.6192075210828723e-06,1.0
0000882291,AEMD,2015-04-23,0,2.6192075210828723e-06,1.0
0000882291,AEMD,2015-04-24,0,2.6192075210828723e-06,1.0
0000882291,AEMD,2015-04-27,0,2.626481441999074e-06,1.0
0000882291,AEMD,2015-04-28,0,2.626481441999074e-06,1.0
0000882291,AEMD,2015-04-29,0,2.626481441999074e-06,1.0
0000882291,AEMD,2015-04-30,0,2.626481441999074e-06,1.0
0000882291,AEMD,2015-05-01,0,2.626481441999074e-06,1.0
0000882291,AEMD,2015-05-04,0,2.626481441999074e-06,1.0
0000882291,AEMD,2015-05-05,0,2.626481441999074e-06,1.0
0000882291,AEMD,2015-05-06,0,2.626481441999074e-06,1.0
0000882291,AEMD,2015-05-07,0,2.626481441999074e-06,1.0
0000882291,AEMD,2015-05-08,0,2.626481441999074e-06,1.0
0000882291,AEMD,2015-05-11,0,2.7063387244833103e-06,1.0
0000882291,AEMD,2015-05-12,0,2.7063387244833103e-06,1.0
0000882291,AEMD,2015-05-13,0,2.2192149034036678e-06,1.0
0000882291,AEMD,2015-05-14,0,2.2192149034036678e-06,1.0
0000882291,AEMD,2015-05-15,0,2.563983214348075e-06,1.0
0000882291,AEMD,2015-05-18,0,2.563983214348075e-06,1.0
0000882291,AEMD,2015-05-19,0,2.563983214348075e-06,1.0
0000882291,AEMD,2015-05-20,0,3.289202171450967e-05,1.0
0000882291,AEMD,2015-05-21,0,3.289202171450967e-05,1.0
0000882291,AEMD,2015-05-22,0,3.289202171450967e-05,1.0
0000882291,AEMD,2015-05-25,0,3.289202171450967e-05,1.0
0000882291,AEMD,2015-05-26,0,3.289202171450967e-05,1.0
0000882291,AEMD,2015-05-27,0,3.3869358585185576e-05,1.0
0000882291,AEMD,2015-05-28,0,3.3869358585185576e-05,1.0
0000882291,AEMD,2015-05-29,0,3.3869358585185576e-05,1.0
0000882291,AEMD,2015-06-01,0,3.3869358585185576e-05,1.0
0000882291,AEMD,2015-06-02,0,3.409553482332847e-05,1.0
0000882291,AEMD,2015-06-03,0,3.409553482332847e-05,1.0
0000882291,AEMD,2015-06-04,0,3.409553482332847e-05,1.0
0000882291,AEMD,2015-06-05,0,3.409553482332847e-05,1.0
0000882291,AEMD,2015-06-08,0,3.409553482332847e-05,1.0
0000882291,AEMD,2015-06-09,0,3.409553482332847e-05,1.0
0000882291,AEMD,2015-06-10,0,3.409553482332847e-05,1.0
0000882291,AEMD,2015-06-11,0,3.409553482332847e-05,1.0
0000882291,AEMD,2015-06-12,0,3.409553482332847e-05,1.0
0000882291,AEMD,2015-06-15,0,3.451210026548457e-05,1.0
0000882291,AEMD,2015-06-16,0,3.451210026548457e-05,1.0
0000882291,AEMD,2015-06-17,0,3.451210026548457e-05,1.0
0000882291,AEMD,2015-06-18,0,3.451210026548457e-05,1.0
0000882291,AEMD,2015-06-19,0,3.451210026548457e-05,1.0
0000882291,AEMD,2015-06-22,0,3.451210026548457e-05,1.0
0000882291,AEMD,2015-06-23,0,3.451210026548457e-05,1.0
0000882291,AEMD,2015-06-24,0,1.8629886437157358e-05,1.0
0000882291,AEMD,2015-06-25,0,1.8629886437157358e-05,1.0
0000882291,AEMD,2015-06-26,0,2.8543485295903287e-05,1.0
0000882291,AEMD,2015-06-29,0,2.8543485295903287e-05,1.0
0000882291,AEMD,2015-06-30,0,3.434347311041547e-05,1.0
0000882291,AEMD,2015-07-01,0,3.434347311041547e-05,1.0
0000882291,AEMD,2015-07-02,0,3.434347311041547e-05,1.0
0000882291,AEMD,2015-07-03,0,3.434347311041547e-05,1.0
0000882291,AEMD,2015-07-06,0,3.434347311041547e-05,1.0
0000882291,AEMD,2015-07-07,0,3.434347311041547e-05,1.0
0000882291,AEMD,2015-07-08,0,3.434347311041547e-05,1.0
0000882291,AEMD,2015-07-09,0,3.434347311041547e-05,1.0
0000882291,AEMD,2015-07-10,0,3.434347311041547e-05,1.0
0000882291,AEMD,2015-07-13,0,3.434347311041547e-05,1.0
0000882291,AEMD,2015-07-14,0,2.5545105099742274e-05,1.0
0000882291,AEMD,2015-07-15,0,2.5545105099742274e-05,1.0
0000882291,AEMD,2015-07-16,0,2.5545105099742274e-05,1.0
0000882291,AEMD,2015-07-17,0,2.5545105099742274e-05,1.0
0000882291,AEMD,2015-07-20,0,3.732834416746308e-06,1.0
0000882291,AEMD,2015-07-21,0,3.732834416746308e-06,1.0
0000882291,AEMD,2015-07-22,0,3.732834416746308e-06,1.0
0000882291,AEMD,2015-07-23,0,3.732834416746308e-06,1.0
0000882291,AEMD,2015-07-24,0,6.693688762173108e-06,1.0
0000882291,AEMD,2015-07-27,0,2.1945775794595252e-05,1.0
0000882291,AEMD,2015-07-28,0,2.1945775794595252e-05,1.0
0000882291,AEMD,2015-07-29,0,2.1945775794595252e-05,1.0
0000882291,AEMD,2015-07-30,0,2.1945775794595252e-05,1.0
0000882291,AEMD,2015-07-31,0,2.1945775794595252e-05,1.0
0000882291,AEMD,2015-08-03,0,2.1945775794595252e-05,1.0
0000882291,AEMD,2015-08-04,0,2.1945775794595252e-05,1.0
0000882291,AEMD,2015-08-05,0,2.1945775794595252e-05,1.0
0000882291,AEMD,2015-08-06,0,2.1945775794595252e-05,1.0
0000882291,AEMD,2015-08-07,0,2.1945775794595252e-05,1.0
0000882291,AEMD,2015-08-10,0,2.1945775794595252e-05,1.0
0000882291,AEMD,2015-08-11,0,2.2751403105960066e-05,1.0
0000882291,AEMD,2015-08-12,0,2.2751403105960066e-05,1.0
0000882291,AEMD,2015-08-13,0,2.2751403105960066e-05,1.0
0000882291,AEMD,2015-08-14,0,2.2225697548379276e-05,1.0
0000882291,AEMD,2015-08-17,0,2.2225697548379276e-05,1.0
0000882291,AEMD,2015-08-18,0,2.2225697548379276e-05,1.0
0000882291,AEMD,2015-08-19,0,2.2225697548379276e-05,1.0
0000882291,AEMD,2015-08-20,0,2.2225697548379276e-05,1.0
0000882291,AEMD,2015-08-21,0,2.2225697548379276e-05,1.0
0000882291,AEMD,2015-08-24,0,0.0002510302898696825,1.0
0000882291,AEMD,2015-08-25,0,0.0002510302898696825,1.0
0000882291,AEMD,2015-08-26,0,0.0002510302898696825,1.0
0000882291,AEMD,2015-08-27,0,0.0002510302898696825,1.0
0000882291,AEMD,2015-08-28,0,0.0002510302898696825,1.0
0000882291,AEMD,2015-08-31,0,0.0002510302898696825,1.0
0000882291,AEMD,2015-09-01,0,0.0002510302898696825,1.0
0000882291,AEMD,2015-09-02,0,0.0002510302898696825,1.0
0000882291,AEMD,2015-09-03,0,0.0002510302898696825,1.0
0000882291,AEMD,2015-09-04,0,0.0002510302898696825,1.0
0000882291,AEMD,2015-09-07,0,0.0002510302898696825,1.0
0000882291,AEMD,2015-09-08,0,0.0002510302898696825,1.0
0000882291,AEMD,2015-09-09,0,0.0002510302898696825,1.0
0000882291,AEMD,2015-09-10,0,0.0002510302898696825,1.0
0000882291,AEMD,2015-09-11,0,0.0002510302898696825,1.0
0000882291,AEMD,2015-09-14,0,0.00025031111667405114,1.0
0000882291,AEMD,2015-09-15,0,0.00025031111667405114,1.0
0000882291,AEMD,2015-09-16,0,0.00025031111667405114,1.0
0000882291,AEMD,2015-09-17,0,0.00025031111667405114,1.0
0000882291,AEMD,2015-09-18,0,0.00025031111667405114,1.0
0000882291,AEMD,2015-09-21,0,0.00025031111667405114,1.0
0000882291,AEMD,2015-09-22,0,0.0002502941152338619,1.0
0000882291,AEMD,2015-09-23,0,0.0002502941152338619,1.0
0000882291,AEMD,2015-09-24,0,3.913485948378551e-05,1.0
0000882291,AEMD,2015-09-25,0,3.913485948378551e-05,1.0
0000882291,AEMD,2015-09-28,0,1.9583233690836138e-05,1.0
0000882291,AEMD,2015-09-29,0,1.9583233690836138e-05,1.0
0000882291,AEMD,2015-09-30,0,1.9583233690836138e-05,1.0
0000882291,AEMD,2015-10-01,0,1.9583233690836138e-05,1.0
0000882291,AEMD,2015-10-02,0,1.9583233690836138e-05,1.0
0000882291,AEMD,2015-10-05,0,1.9583233690836138e-05,1.0
0000882291,AEMD,2015-10-06,0,1.9583233690836138e-05,1.0
0000882291,AEMD,2015-10-07,0,1.9583233690836138e-05,1.0
0000882291,AEMD,2015-10-08,0,1.9583233690836138e-05,1.0
0000882291,AEMD,2015-10-09,0,1.9583233690836138e-05,1.0
0000882291,AEMD,2015-10-12,0,1.8914200956521455e-05,1.0
0000882291,AEMD,2015-10-13,0,1.8914200956521455e-05,1.0
0000882291,AEMD,2015-10-14,0,1.8914200956521455e-05,1.0
0000882291,AEMD,2015-10-15,0,1.8914200956521455e-05,1.0
0000882291,AEMD,2015-10-16,0,1.8914200956521455e-05,1.0
0000882291,AEMD,2015-10-19,0,2.0811900668394925e-05,1.0
0000882291,AEMD,2015-10-20,0,2.0811900668394925e-05,1.0
0000882291,AEMD,2015-10-21,0,2.0811900668394925e-05,1.0
0000882291,AEMD,2015-10-22,0,1.191186663142638e-06,1.0
0000882291,AEMD,2015-10-23,0,1.8009812837186572e-06,1.0
0000882291,AEMD,2015-10-26,0,1.8009812837186572e-06,1.0
0000882291,AEMD,2015-10-27,0,1.8009812837186572e-06,1.0
0000882291,AEMD,2015-10-28,0,3.4584431340696153e-06,1.0
0000882291,AEMD,2015-10-29,0,3.4584431340696153e-06,1.0
0000882291,AEMD,2015-10-30,0,3.4584431340696153e-06,1.0
0000882291,AEMD,2015-11-02,0,3.4584431340696153e-06,1.0
0000882291,AEMD,2015-11-03,0,3.4584431340696153e-06,1.0
0000882291,AEMD,2015-11-04,0,3.4584431340696153e-06,1.0
0000882291,AEMD,2015-11-05,0,3.4584431340696153e-06,1.0
0000882291,AEMD,2015-11-06,0,3.4584431340696153e-06,1.0
0000882291,AEMD,2015-11-09,0,3.4584431340696153e-06,1.0
0000882291,AEMD,2015-11-10,0,3.4584431340696153e-06,1.0
0000882291,AEMD,2015-11-11,0,3.4584431340696153e-06,1.0
0000882291,AEMD,2015-11-12,0,4.800250554766088e-06,1.0
0000882291,AEMD,2015-11-13,0,4.800250554766088e-06,1.0
0000882291,AEMD,2015-11-16,0,4.800250554766088e-06,1.0
0000882291,AEMD,2015-11-17,0,8.855437129222197e-06,1.0
0000882291,AEMD,2015-11-18,0,8.855437129222197e-06,1.0
0000882291,AEMD,2015-11-19,0,8.855437129222197e-06,1.0
0000882291,AEMD,2015-11-20,0,8.855437129222197e-06,1.0
0000882291,AEMD,2015-11-23,0,3.1393860976992217e-06,1.0
0000882291,AEMD,2015-11-24,0,3.1393860976992217e-06,1.0
0000882291,AEMD,2015-11-25,0,3.1393860976992217e-06,1.0
0000882291,AEMD,2015-11-26,0,3.1393860976992217e-06,1.0
0000882291,AEMD,2015-11-27,0,3.1393860976992217e-06,1.0
0000882291,AEMD,2015-11-30,0,3.1393860976992217e-06,1.0
0000882291,AEMD,2015-12-01,0,3.1393860976992217e-06,1.0
0000882291,AEMD,2015-12-02,0,3.1393860976992217e-06,1.0
0000882291,AEMD,2015-12-03,0,3.1393860976992217e-06,1.0
0000882291,AEMD,2015-12-04,0,3.1393860976992217e-06,1.0
0000882291,AEMD,2015-12-07,0,3.1393860976992217e-06,1.0
0000882291,AEMD,2015-12-08,0,3.1393860976992217e-06,1.0
0000882291,AEMD,2015-12-09,0,3.1393860976992217e-06,1.0
0000882291,AEMD,2015-12-10,0,3.1393860976992217e-06,1.0
0000882291,AEMD,2015-12-11,0,3.1393860976992217e-06,1.0
0000882291,AEMD,2015-12-14,0,3.1393860976992217e-06,1.0
0000882291,AEMD,2015-12-15,0,3.1393860976992217e-06,1.0
0000882291,AEMD,2015-12-16,0,3.1393860976992217e-06,1.0
0000882291,AEMD,2015-12-17,0,1.233803430854282e-06,1.0
0000882291,AEMD,2015-12-18,0,1.233803430854282e-06,1.0
0000882291,AEMD,2015-12-21,0,1.2718753707636195e-06,1.0
0000882291,AEMD,2015-12-22,0,1.2718753707636195e-06,1.0
0000882291,AEMD,2015-12-23,0,1.1907204602581293e-06,1.0
0000882291,AEMD,2015-12-24,0,1.1907204602581293e-06,1.0
0000882291,AEMD,2015-12-25,0,1.1907204602581293e-06,1.0
0000882291,AEMD,2015-12-28,0,1.7629804528111426e-06,1.0
0000882291,AEMD,2015-12-29,0,1.7629804528111426e-06,1.0
0000882291,AEMD,2015-12-30,0,1.7629804528111426e-06,1.0
0000882291,AEMD,2015-12-31,0,1.7629804528111426e-06,1.0
0000882291,AEMD,2016-01-01,0,1.7629804528111426e-06,1.0
0000882291,AEMD,2016-01-04,0,1.7629804528111426e-06,1.0
0000882291,AEMD,2016-01-05,0,1.7629804528111426e-06,1.0
0000882291,AEMD,2016-01-06,0,1.7629804528111426e-06,1.0
0000882291,AEMD,2016-01-07,0,1.7629804528111426e-06,1.0
0000882291,AEMD,2016-01-08,0,1.7629804528111426e-06,1.0
0000882291,AEMD,2016-01-11,0,1.7629804528111426e-06,1.0
0000882291,AEMD,2016-01-12,0,1.7629804528111426e-06,1.0
0000882291,AEMD,2016-01-13,0,1.7629804528111426e-06,1.0
0000882291,AEMD,2016-01-14,0,1.7629804528111426e-06,1.0
0000882291,AEMD,2016-01-15,0,1.7629804528111426e-06,1.0
0000882291,AEMD,2016-01-18,0,1.7629804528111426e-06,1.0
0000882291,AEMD,2016-01-19,0,1.7629804528111426e-06,1.0
0000882291,AEMD,2016-01-20,0,3.0163978927864472e-06,1.0
0000882291,AEMD,2016-01-21,0,2.7036112467324635e-06,1.0
0000882291,AEMD,2016-01-22,0,2.7036112467324635e-06,1.0
0000882291,AEMD,2016-01-25,0,2.7036112467324635e-06,1.0
0000882291,AEMD,2016-01-26,0,2.7036112467324635e-06,1.0
0000882291,AEMD,2016-01-27,0,2.7036112467324635e-06,1.0
0000882291,AEMD,2016-01-28,0,2.7036112467324635e-06,1.0
0000882291,AEMD,2016-01-29,0,2.7036112467324635e-06,1.0
0000882291,AEMD,2016-02-01,0,2.7036112467324635e-06,1.0
0000882291,AEMD,2016-02-02,0,2.7036112467324635e-06,1.0
0000882291,AEMD,2016-02-03,0,2.7036112467324635e-06,1.0
0000882291,AEMD,2016-02-04,0,2.7036112467324635e-06,1.0
0000882291,AEMD,2016-02-05,0,8.498120835812753e-06,1.0
0000882291,AEMD,2016-02-08,0,8.498120835812753e-06,1.0
0000882291,AEMD,2016-02-09,0,8.498120835812753e-06,1.0
0000882291,AEMD,2016-02-10,0,8.554871898570144e-06,1.0
0000882291,AEMD,2016-02-11,0,8.554871898570144e-06,1.0
0000882291,AEMD,2016-02-12,0,8.554871898570144e-06,1.0
0000882291,AEMD,2016-02-15,0,9.73517664725449e-05,1.0
0000882291,AEMD,2016-02-16,0,7.671553620264186e-05,1.0
0000882291,AEMD,2016-02-17,0,7.671553620264186e-05,1.0
0000882291,AEMD,2016-02-18,0,7.671553620264186e-05,1.0
0000882291,AEMD,2016-02-19,0,7.671553620264186e-05,1.0
0000882291,AEMD,2016-02-22,0,7.671553620264186e-05,1.0
0000882291,AEMD,2016-02-23,0,0.0013698344930679431,1.0
0000882291,AEMD,2016-02-24,0,0.0013698344930679431,1.0
0000882291,AEMD,2016-02-25,0,0.0013698344930679431,1.0
0000882291,AEMD,2016-02-26,0,0.0013698344930679431,1.0
0000882291,AEMD,2016-02-29,0,0.0013698344930679431,1.0
0000882291,AEMD,2016-03-01,0,0.0013698344930679431,1.0
0000882291,AEMD,2016-03-02,0,0.0013698344930679431,1.0
0000882291,AEMD,2016-03-03,0,0.0013698344930679431,1.0
0000882291,AEMD,2016-03-04,0,0.0013698344930679431,1.0
0000882291,AEMD,2016-03-07,0,0.0005258977976788872,1.0
0000882291,AEMD,2016-03-08,0,0.0005258977976788872,1.0
0000882291,AEMD,2016-03-09,0,0.0005258977976788872,1.0
0000882291,AEMD,2016-03-10,0,0.0005258977976788872,1.0
0000882291,AEMD,2016-03-11,0,0.0005258977976788872,1.0
0000882291,AEMD,2016-03-14,0,0.0005258977976788872,1.0
0000882291,AEMD,2016-03-15,0,0.0005258977976788872,1.0
0000882291,AEMD,2016-03-16,0,0.0005258977976788872,1.0
0000882291,AEMD,2016-03-17,0,0.0010879541492876887,1.0
0000882291,AEMD,2016-03-18,0,0.0012745812096511555,1.0
0000882291,AEMD,2016-03-21,0,0.0012745812096511555,1.0
0000882291,AEMD,2016-03-22,0,0.0012745812096511555,1.0
0000882291,AEMD,2016-03-23,0,0.0012745812096511555,1.0
0000882291,AEMD,2016-03-24,0,0.0012745812096511555,1.0
0000882291,AEMD,2016-03-25,0,0.005810022670963212,1.0
0000882291,AEMD,2016-03-28,0,0.00597503965996384,1.0
0000882291,AEMD,2016-03-29,0,0.00597503965996384,1.0
0000882291,AEMD,2016-03-30,0,0.00597503965996384,1.0
0000882291,AEMD,2016-03-31,0,0.00792873056515361,1.0
0000882291,AEMD,2016-04-01,0,0.00792873056515361,1.0
0000882291,AEMD,2016-04-04,0,0.00792873056515361,1.0
0000882291,AEMD,2016-04-05,0,0.00792873056515361,1.0
0000882291,AEMD,2016-04-06,0,0.00792873056515361,1.0
0000882291,AEMD,2016-04-07,0,0.00792873056515361,1.0
0000882291,AEMD,2016-04-08,0,0.00792873056515361,1.0
0000882291,AEMD,2016-04-11,0,0.00792873056515361,1.0
0000882291,AEMD,2016-04-12,0,0.00792873056515361,1.0
0000882291,AEMD,2016-04-13,0,0.00792873056515361,1.0
0000882291,AEMD,2016-04-14,0,0.00792873056515361,1.0
0000882291,AEMD,2016-04-15,0,0.00792873056515361,1.0
0000882291,AEMD,2016-04-18,0,0.00792873056515361,1.0
0000882291,AEMD,2016-04-19,0,0.00792873056515361,1.0
0000882291,AEMD,2016-04-20,0,0.008619459711706808,1.0
0000882291,AEMD,2016-04-21,0,0.008619459711706808,1.0
0000882291,AEMD,2016-04-22,0,0.008619459711706808,1.0
0000882291,AEMD,2016-04-25,0,0.008619459711706808,1.0
0000882291,AEMD,2016-04-26,0,0.008619459711706808,1.0
0000882291,AEMD,2016-04-27,0,0.008619459711706808,1.0
0000882291,AEMD,2016-04-28,0,0.008619459711706808,1.0
0000882291,AEMD,2016-04-29,0,0.008619459711706808,1.0
0000882291,AEMD,2016-05-02,0,0.013551425600180527,1.0
0000882291,AEMD,2016-05-03,0,0.013551425600180527,1.0
0000882291,AEMD,2016-05-04,0,0.013551425600180527,1.0
0000882291,AEMD,2016-05-05,0,0.0017998244930078637,1.0
0000882291,AEMD,2016-05-06,0,0.0015273483748443105,1.0
0000882291,AEMD,2016-05-09,0,0.0015273483748443105,1.0
0000882291,AEMD,2016-05-10,0,0.0015273483748443105,1.0
0000882291,AEMD,2016-05-11,0,0.0015273483748443105,1.0
0000882291,AEMD,2016-05-12,0,0.0015273483748443105,1.0
0000882291,AEMD,2016-05-13,0,0.0015273483748443105,1.0
0000882291,AEMD,2016-05-16,0,5.795071265604375e-05,1.0
0000882291,AEMD,2016-05-17,0,5.937536450861648e-05,1.0
0000882291,AEMD,2016-05-18,0,5.937536450861648e-05,1.0
0000882291,AEMD,2016-05-19,0,5.937536450861648e-05,1.0
0000882291,AEMD,2016-05-20,0,5.937536450861648e-05,1.0
0000882291,AEMD,2016-05-23,0,5.937536450861648e-05,1.0
0000882291,AEMD,2016-05-24,0,2.076765547219106e-06,1.0
0000882291,AEMD,2016-05-25,0,2.076765547219106e-06,1.0
0000882291,AEMD,2016-05-26,0,2.076765547219106e-06,1.0
0000882291,AEMD,2016-05-27,0,2.076765547219106e-06,1.0
0000882291,AEMD,2016-05-30,0,2.076765547219106e-06,1.0
0000882291,AEMD,2016-05-31,0,2.076765547219106e-06,1.0
0000882291,AEMD,2016-06-01,0,2.076765547219106e-06,1.0
0000882291,AEMD,2016-06-02,0,2.076765547219106e-06,1.0
0000882291,AEMD,2016-06-03,0,2.076765547219106e-06,1.0
0000882291,AEMD,2016-06-06,0,9.761828714186163e-06,1.0
0000882291,AEMD,2016-06-07,0,9.761828714186163e-06,1.0
0000882291,AEMD,2016-06-08,0,9.761828714186163e-06,1.0
0000882291,AEMD,2016-06-09,0,9.761828714186163e-06,1.0
0000882291,AEMD,2016-06-10,0,9.761828714186163e-06,1.0
0000882291,AEMD,2016-06-13,0,9.761828714186163e-06,1.0
0000882291,AEMD,2016-06-14,0,9.761828714186163e-06,1.0
0000882291,AEMD,2016-06-15,0,9.761828714186163e-06,1.0
0000882291,AEMD,2016-06-16,0,9.761828714186163e-06,1.0
0000882291,AEMD,2016-06-17,0,9.761828714186163e-06,1.0
0000882291,AEMD,2016-06-20,0,9.761828714186163e-06,1.0
0000882291,AEMD,2016-06-21,0,9.761828714186163e-06,1.0
0000882291,AEMD,2016-06-22,0,9.761828714186163e-06,1.0
0000882291,AEMD,2016-06-23,0,9.761828714186163e-06,1.0
0000882291,AEMD,2016-06-24,0,9.761828714186163e-06,1.0
0000882291,AEMD,2016-06-27,0,9.761828714186163e-06,1.0
0000882291,AEMD,2016-06-28,0,5.2694471658216455e-06,1.0
0000882291,AEMD,2016-06-29,0,6.3180420822304e-07,1.0
0000882291,AEMD,2016-06-30,0,0.00011605965890750524,1.0
0000882291,AEMD,2016-07-01,0,0.00011605965890750524,1.0
0000882291,AEMD,2016-07-04,0,0.00011605965890750524,1.0
0000882291,AEMD,2016-07-05,0,0.00011605965890750524,1.0
0000882291,AEMD,2016-07-06,0,0.00011605965890750524,1.0
0000882291,AEMD,2016-07-07,0,0.00011605965890750524,1.0
0000882291,AEMD,2016-07-08,0,0.00011605965890750524,1.0
0000882291,AEMD,2016-07-11,0,0.00011605965890750524,1.0
0000882291,AEMD,2016-07-12,0,0.00011605965890750524,1.0
0000882291,AEMD,2016-07-13,0,0.00011605965890750524,1.0
0000882291,AEMD,2016-07-14,0,0.00011605965890750524,1.0
0000882291,AEMD,2016-07-15,0,0.00011605965890750524,1.0
0000882291,AEMD,2016-07-18,0,0.00011605965890750524,1.0
0000882291,AEMD,2016-07-19,0,0.00011605965890750524,1.0
0000882291,AEMD,2016-07-20,0,0.00011605965890750524,1.0
0000882291,AEMD,2016-07-21,0,0.00011605965890750524,1.0
0000882291,AEMD,2016-07-22,0,0.00011605965890750524,1.0
0000882291,AEMD,2016-07-25,0,0.00011605965890750524,1.0
0000882291,AEMD,2016-07-26,0,0.00011605965890750524,1.0
0000882291,AEMD,2016-07-27,0,0.00011605965890750524,1.0
0000882291,AEMD,2016-07-28,0,0.000127850605513905,1.0
0000882291,AEMD,2016-07-29,0,0.000127850605513905,1.0
0000882291,AEMD,2016-08-01,0,3.552044591969297e-05,1.0
0000882291,AEMD,2016-08-02,0,3.552044591969297e-05,1.0
0000882291,AEMD,2016-08-03,0,3.622359355195285e-05,1.0
0000882291,AEMD,2016-08-04,0,3.9801990789401085e-05,1.0
0000882291,AEMD,2016-08-05,0,3.9801990789401085e-05,1.0
0000882291,AEMD,2016-08-08,0,3.9801990789401085e-05,1.0
0000882291,AEMD,2016-08-09,0,3.9801990789401085e-05,1.0
0000882291,AEMD,2016-08-10,0,1.9917075391847654e-05,1.0
0000882291,AEMD,2016-08-11,0,1.9917075391847654e-05,1.0
0000882291,AEMD,2016-08-12,0,2.1235782662149655e-05,1.0
0000882291,AEMD,2016-08-15,0,1.76802650975083e-05,1.0
0000882291,AEMD,2016-08-16,0,1.76802650975083e-05,1.0
0000882291,AEMD,2016-08-17,0,1.76802650975083e-05,1.0
0000882291,AEMD,2016-08-18,0,1.76802650975083e-05,1.0
0000882291,AEMD,2016-08-19,0,1.76802650975083e-05,1.0
0000882291,AEMD,2016-08-22,0,1.3913591639528653e-05,1.0
0000882291,AEMD,2016-08-23,0,1.3913591639528653e-05,1.0
0000882291,AEMD,2016-08-24,0,1.3913591639528653e-05,1.0
0000882291,AEMD,2016-08-25,0,1.3913591639528653e-05,1.0
0000882291,AEMD,2016-08-26,0,1.3913591639528653e-05,1.0
0000882291,AEMD,2016-08-29,0,1.3913591639528653e-05,1.0
0000882291,AEMD,2016-08-30,0,1.3913591639528653e-05,1.0
0000882291,AEMD,2016-08-31,0,1.3913591639528653e-05,1.0
0000882291,AEMD,2016-09-01,0,1.3913591639528653e-05,1.0
0000882291,AEMD,2016-09-02,0,1.3913591639528653e-05,1.0
0000882291,AEMD,2016-09-05,0,1.3913591639528653e-05,1.0
0000882291,AEMD,2016-09-06,0,1.3913591639528653e-05,1.0
0000882291,AEMD,2016-09-07,0,1.3913591639528653e-05,1.0
0000882291,AEMD,2016-09-08,0,1.3913591639528653e-05,1.0
0000882291,AEMD,2016-09-09,0,2.671811723532632e-05,1.0
0000882291,AEMD,2016-09-12,0,2.5675632541393905e-05,1.0
0000882291,AEMD,2016-09-13,0,2.5675632541393905e-05,1.0
0000882291,AEMD,2016-09-14,0,2.5675632541393905e-05,1.0
0000882291,AEMD,2016-09-15,0,2.5675632541393905e-05,1.0
0000882291,AEMD,2016-09-16,0,2.5675632541393905e-05,1.0
0000882291,AEMD,2016-09-19,0,2.5675632541393905e-05,1.0
0000882291,AEMD,2016-09-20,0,2.5675632541393905e-05,1.0
0000882291,AEMD,2016-09-21,0,2.5675632541393905e-05,1.0
0000882291,AEMD,2016-09-22,0,2.5675632541393905e-05,1.0
0000882291,AEMD,2016-09-23,0,2.5675632541393905e-05,1.0
0000882291,AEMD,2016-09-26,0,2.5673888228903287e-05,1.0
0000882291,AEMD,2016-09-27,0,2.2637551774888025e-05,1.0
0000882291,AEMD,2016-09-28,0,1.3803609026377912e-06,1.0
0000882291,AEMD,2016-09-29,0,1.3803609026377912e-06,1.0
0000882291,AEMD,2016-09-30,0,1.3803609026377912e-06,1.0
0000882291,AEMD,2016-10-03,0,1.3803609026377912e-06,1.0
0000882291,AEMD,2016-10-04,0,1.3803609026377912e-06,1.0
0000882291,AEMD,2016-10-05,0,1.3803609026377912e-06,1.0
0000882291,AEMD,2016-10-06,0,1.3803609026377912e-06,1.0
0000882291,AEMD,2016-10-07,0,1.3803609026377912e-06,1.0
0000882291,AEMD,2016-10-10,0,1.3803609026377912e-06,1.0
0000882291,AEMD,2016-10-11,0,1.3803609026377912e-06,1.0
0000882291,AEMD,2016-10-12,0,1.3803609026377912e-06,1.0
0000882291,AEMD,2016-10-13,0,1.3803609026377912e-06,1.0
0000882291,AEMD,2016-10-14,0,1.3803609026377912e-06,1.0
0000882291,AEMD,2016-10-17,0,1.3803609026377912e-06,1.0
0000882291,AEMD,2016-10-18,0,1.3803609026377912e-06,1.0
0000882291,AEMD,2016-10-19,0,1.3803609026377912e-06,1.0
0000882291,AEMD,2016-10-20,0,1.3803609026377912e-06,1.0
0000882291,AEMD,2016-10-21,0,1.3803609026377912e-06,1.0
0000882291,AEMD,2016-10-24,0,1.3803609026377912e-06,1.0
0000882291,AEMD,2016-10-25,0,1.3803609026377912e-06,1.0
0000882291,AEMD,2016-10-26,0,1.3803609026377912e-06,1.0
0000882291,AEMD,2016-10-27,0,1.3803609026377912e-06,1.0
0000882291,AEMD,2016-10-28,0,1.3803609026377912e-06,1.0
0000882291,AEMD,2016-10-31,0,1.3803609026377912e-06,1.0
0000882291,AEMD,2016-11-01,0,2.2096695847977335e-06,1.0
0000882291,AEMD,2016-11-02,0,2.2096695847977335e-06,1.0
0000882291,AEMD,2016-11-03,0,2.2096695847977335e-06,1.0
0000882291,AEMD,2016-11-04,0,2.2096695847977335e-06,1.0
0000882291,AEMD,2016-11-07,0,2.2096695847977335e-06,1.0
0000882291,AEMD,2016-11-08,0,3.2716347014145156e-06,1.0
0000882291,AEMD,2016-11-09,0,3.2716347014145156e-06,1.0
0000882291,AEMD,2016-11-10,0,4.568776122752142e-06,1.0
0000882291,AEMD,2016-11-11,0,3.370209884755052e-06,1.0
0000882291,AEMD,2016-11-14,0,3.370209884755052e-06,1.0
0000882291,AEMD,2016-11-15,0,3.370209884755052e-06,1.0
0000882291,AEMD,2016-11-16,0,3.370209884755052e-06,1.0
0000882291,AEMD,2016-11-17,0,3.370209884755052e-06,1.0
0000882291,AEMD,2016-11-18,0,3.370209884755052e-06,1.0
0000882291,AEMD,2016-11-21,0,3.370209884755052e-06,1.0
0000882291,AEMD,2016-11-22,0,3.370209884755052e-06,1.0
0000882291,AEMD,2016-11-23,0,3.370209884755052e-06,1.0
0000882291,AEMD,2016-11-24,0,3.370209884755052e-06,1.0
0000882291,AEMD,2016-11-25,0,3.370209884755052e-06,1.0
0000882291,AEMD,2016-11-28,0,3.370209884755052e-06,1.0
0000882291,AEMD,2016-11-29,0,3.370209884755052e-06,1.0
0000882291,AEMD,2016-11-30,0,3.370209884755052e-06,1.0
0000882291,AEMD,2016-12-01,0,3.370209884755052e-06,1.0
0000882291,AEMD,2016-12-02,0,3.370209884755052e-06,1.0
0000882291,AEMD,2016-12-05,0,3.370209884755052e-06,1.0
0000882291,AEMD,2016-12-06,0,3.370209884755052e-06,1.0
0000882291,AEMD,2016-12-07,0,3.370209884755052e-06,1.0
0000882291,AEMD,2016-12-08,0,3.370209884755052e-06,1.0
0000882291,AEMD,2016-12-09,0,3.370209884755052e-06,1.0
0000882291,AEMD,2016-12-12,0,3.2671993531400077e-06,1.0
0000882291,AEMD,2016-12-13,0,3.2671993531400077e-06,1.0
0000882291,AEMD,2016-12-14,0,3.2671993531400077e-06,1.0
0000882291,AEMD,2016-12-15,0,3.2671993531400077e-06,1.0
0000882291,AEMD,2016-12-16,0,3.2671993531400077e-06,1.0
0000882291,AEMD,2016-12-19,0,3.2671993531400077e-06,1.0
0000882291,AEMD,2016-12-20,0,3.2671993531400077e-06,1.0
0000882291,AEMD,2016-12-21,0,3.2671993531400077e-06,1.0
0000882291,AEMD,2016-12-22,0,3.2671993531400077e-06,1.0
0000882291,AEMD,2016-12-23,0,3.2671993531400077e-06,1.0
0000882291,AEMD,2016-12-26,0,3.3680163500760835e-06,1.0
0000882291,AEMD,2016-12-27,0,9.904307099737544e-06,1.0
0000882291,AEMD,2016-12-28,0,9.904307099737544e-06,1.0
0000882291,AEMD,2016-12-29,0,9.904307099737544e-06,1.0
0000882291,AEMD,2016-12-30,0,3.6479492242621945e-06,1.0
0000882291,AEMD,2017-01-02,0,3.6479492242621945e-06,1.0
0000882291,AEMD,2017-01-03,0,3.6479492242621945e-06,1.0
0000882291,AEMD,2017-01-04,0,3.6479492242621945e-06,1.0
0000882291,AEMD,2017-01-05,0,3.6479492242621945e-06,1.0
0000882291,AEMD,2017-01-06,0,3.6479492242621945e-06,1.0
0000882291,AEMD,2017-01-09,0,3.6479492242621945e-06,1.0
0000882291,AEMD,2017-01-10,0,3.6479492242621945e-06,1.0
0000882291,AEMD,2017-01-11,0,3.6479492242621945e-06,1.0
0000882291,AEMD,2017-01-12,0,3.6479492242621945e-06,1.0
0000882291,AEMD,2017-01-13,0,3.6479492242621945e-06,1.0
0000882291,AEMD,2017-01-16,0,3.6479492242621945e-06,1.0
0000882291,AEMD,2017-01-17,0,3.6479492242621945e-06,1.0
0000882291,AEMD,2017-01-18,0,3.6479492242621945e-06,1.0
0000882291,AEMD,2017-01-19,0,3.6479492242621945e-06,1.0
0000882291,AEMD,2017-01-20,0,3.6479492242621945e-06,1.0
0000882291,AEMD,2017-01-23,0,3.6479492242621945e-06,1.0
0000882291,AEMD,2017-01-24,0,3.6479492242621945e-06,1.0
0000882291,AEMD,2017-01-25,0,3.6479492242621945e-06,1.0
0000882291,AEMD,2017-01-26,0,3.6479492242621945e-06,1.0
0000882291,AEMD,2017-01-27,0,3.6479492242621945e-06,1.0
0000882291,AEMD,2017-01-30,0,6.586050115435217e-06,1.0
0000882291,AEMD,2017-01-31,0,6.586050115435217e-06,1.0
0000882291,AEMD,2017-02-01,0,6.586050115435217e-06,1.0
0000882291,AEMD,2017-02-02,0,6.586050115435217e-06,1.0
0000882291,AEMD,2017-02-03,0,6.586050115435217e-06,1.0
0000882291,AEMD,2017-02-06,0,6.774231054162444e-06,1.0
0000882291,AEMD,2017-02-07,0,6.774231054162444e-06,1.0
0000882291,AEMD,2017-02-08,0,6.811909196461488e-06,1.0
0000882291,AEMD,2017-02-09,0,6.566867419827446e-06,1.0
0000882291,AEMD,2017-02-10,0,6.566867419827446e-06,1.0
0000882291,AEMD,2017-02-13,0,0.00014056165748101295,1.0
0000882291,AEMD,2017-02-14,0,0.00014056165748101295,1.0
0000882291,AEMD,2017-02-15,0,0.00014056165748101295,1.0
0000882291,AEMD,2017-02-16,0,0.00014056165748101295,1.0
0000882291,AEMD,2017-02-17,0,0.00014056165748101295,1.0
0000882291,AEMD,2017-02-20,0,0.00014056165748101295,1.0
0000882291,AEMD,2017-02-21,0,0.00014056165748101295,1.0
0000882291,AEMD,2017-02-22,0,0.00014056165748101295,1.0
0000882291,AEMD,2017-02-23,0,0.00014056165748101295,1.0
0000882291,AEMD,2017-02-24,0,0.00014056165748101295,1.0
0000882291,AEMD,2017-02-27,0,0.00014056165748101295,1.0
0000882291,AEMD,2017-02-28,0,0.00014056165748101295,1.0
0000882291,AEMD,2017-03-01,0,0.00014056165748101295,1.0
0000882291,AEMD,2017-03-02,0,0.00014056165748101295,1.0
0000882291,AEMD,2017-03-03,0,0.00014056165748101295,1.0
0000882291,AEMD,2017-03-06,0,0.00014056165748101295,1.0
0000882291,AEMD,2017-03-07,0,0.00014056165748101295,1.0
0000882291,AEMD,2017-03-08,0,0.00014056165748101295,1.0
0000882291,AEMD,2017-03-09,0,0.00014056165748101295,1.0
0000882291,AEMD,2017-03-10,0,0.00014056165748101295,1.0
0000882291,AEMD,2017-03-13,0,0.00014056165748101295,1.0
0000882291,AEMD,2017-03-14,0,0.00014056165748101295,1.0
0000882291,AEMD,2017-03-15,0,0.00014056165748101295,1.0
0000882291,AEMD,2017-03-16,0,3.983177169931275e-05,1.0
0000882291,AEMD,2017-03-17,0,3.983177169931275e-05,1.0
0000882291,AEMD,2017-03-20,0,3.983177169931275e-05,1.0
0000882291,AEMD,2017-03-21,0,3.983177169931275e-05,1.0
0000882291,AEMD,2017-03-22,0,1.8975691527435674e-05,1.0
0000882291,AEMD,2017-03-23,0,1.8975691527435674e-05,1.0
0000882291,AEMD,2017-03-24,0,1.8975691527435674e-05,1.0
0000882291,AEMD,2017-03-27,0,1.8975691527435674e-05,1.0
0000882291,AEMD,2017-03-28,0,1.8975691527435674e-05,1.0
0000882291,AEMD,2017-03-29,0,1.8975691527435674e-05,1.0
0000882291,AEMD,2017-03-30,0,1.8975691527435674e-05,1.0
0000882291,AEMD,2017-03-31,0,1.8916563337833727e-05,1.0
0000882291,AEMD,2017-04-03,0,1.8916563337833727e-05,1.0
0000882291,AEMD,2017-04-04,0,1.8916563337833727e-05,1.0
0000882291,AEMD,2017-04-05,0,1.8916563337833727e-05,1.0
0000882291,AEMD,2017-04-06,0,1.8916563337833727e-05,1.0
0000882291,AEMD,2017-04-07,0,1.8916563337833727e-05,1.0
0000882291,AEMD,2017-04-10,0,1.8916563337833727e-05,1.0
0000882291,AEMD,2017-04-11,0,1.8916563337833727e-05,1.0
0000882291,AEMD,2017-04-12,0,1.8916563337833727e-05,1.0
0000882291,AEMD,2017-04-13,0,1.8916563337833727e-05,1.0
0000882291,AEMD,2017-04-14,0,1.8916563337833727e-05,1.0
0000882291,AEMD,2017-04-17,0,1.8916563337833727e-05,1.0
0000882291,AEMD,2017-04-18,0,1.8916563337833727e-05,1.0
0000882291,AEMD,2017-04-19,0,1.8916563337833727e-05,1.0
0000882291,AEMD,2017-04-20,0,1.8916563337833727e-05,1.0
0000882291,AEMD,2017-04-21,0,3.729362561883512e-05,1.0
0000882291,AEMD,2017-04-24,0,3.729362561883512e-05,1.0
0000882291,AEMD,2017-04-25,0,3.729362561883512e-05,1.0
0000882291,AEMD,2017-04-26,0,3.729362561883512e-05,1.0
0000882291,AEMD,2017-04-27,0,3.729362561883512e-05,1.0
0000882291,AEMD,2017-04-28,0,3.729362561883512e-05,1.0
0000882291,AEMD,2017-05-01,0,3.729362561883512e-05,1.0
0000882291,AEMD,2017-05-02,0,3.729362561883512e-05,1.0
0000882291,AEMD,2017-05-03,0,3.729362561883512e-05,1.0
0000882291,AEMD,2017-05-04,0,3.729362561883512e-05,1.0
0000882291,AEMD,2017-05-05,0,3.729362561883512e-05,1.0
0000882291,AEMD,2017-05-08,0,3.729362561883512e-05,1.0
0000882291,AEMD,2017-05-09,0,3.729362561883512e-05,1.0
0000882291,AEMD,2017-05-10,0,3.729362561883512e-05,1.0
0000882291,AEMD,2017-05-11,0,3.754266791618601e-05,1.0
0000882291,AEMD,2017-05-12,0,3.754266791618601e-05,1.0
0000882291,AEMD,2017-05-15,0,2.658235105640157e-06,1.0
0000882291,AEMD,2017-05-16,0,2.658235105640157e-06,1.0
0000882291,AEMD,2017-05-17,0,2.658235105640157e-06,1.0
0000882291,AEMD,2017-05-18,0,2.658235105640157e-06,1.0
0000882291,AEMD,2017-05-19,0,2.658235105640157e-06,1.0
0000882291,AEMD,2017-05-22,0,2.658235105640157e-06,1.0
0000882291,AEMD,2017-05-23,0,2.658235105640157e-06,1.0
0000882291,AEMD,2017-05-24,0,2.658235105640157e-06,1.0
0000882291,AEMD,2017-05-25,0,2.658235105640157e-06,1.0
0000882291,AEMD,2017-05-26,0,2.658235105640157e-06,1.0
0000882291,AEMD,2017-05-29,0,2.658235105640157e-06,1.0
0000882291,AEMD,2017-05-30,0,2.658235105640157e-06,1.0
0000882291,AEMD,2017-05-31,0,2.658235105640157e-06,1.0
0000882291,AEMD,2017-06-01,0,2.658235105640157e-06,1.0
0000882291,AEMD,2017-06-02,0,2.658235105640157e-06,1.0
0000882291,AEMD,2017-06-05,0,2.658235105640157e-06,1.0
0000882291,AEMD,2017-06-06,0,2.658235105640157e-06,1.0
0000882291,AEMD,2017-06-07,0,2.658235105640157e-06,1.0
0000882291,AEMD,2017-06-08,0,2.658235105640157e-06,1.0
0000882291,AEMD,2017-06-09,0,2.658235105640157e-06,1.0
0000882291,AEMD,2017-06-12,0,2.658235105640157e-06,1.0
0000882291,AEMD,2017-06-13,0,2.658235105640157e-06,1.0
0000882291,AEMD,2017-06-14,0,2.658235105640157e-06,1.0
0000882291,AEMD,2017-06-15,0,2.658235105640157e-06,1.0
0000882291,AEMD,2017-06-16,0,2.658235105640157e-06,1.0
0000882291,AEMD,2017-06-19,0,2.658235105640157e-06,1.0
0000882291,AEMD,2017-06-20,0,5.614581750156383e-06,1.0
0000882291,AEMD,2017-06-21,0,5.614581750156383e-06,1.0
0000882291,AEMD,2017-06-22,0,5.614581750156383e-06,1.0
0000882291,AEMD,2017-06-23,0,5.614581750156383e-06,1.0
0000882291,AEMD,2017-06-26,0,5.614581750156383e-06,1.0
0000882291,AEMD,2017-06-27,0,5.614581750156383e-06,1.0
0000882291,AEMD,2017-06-28,0,5.614581750156383e-06,1.0
0000882291,AEMD,2017-06-29,0,0.00010920311457824159,1.0
0000882291,AEMD,2017-06-30,0,0.00010920311457824159,1.0
0000882291,AEMD,2017-07-03,0,0.00010920311457824159,1.0
0000882291,AEMD,2017-07-04,0,0.00010920311457824159,1.0
0000882291,AEMD,2017-07-05,0,0.00010920311457824159,1.0
0000882291,AEMD,2017-07-06,0,0.00010920311457824159,1.0
0000882291,AEMD,2017-07-07,0,0.00010920311457824159,1.0
0000882291,AEMD,2017-07-10,0,0.00010920311457824159,1.0
0000882291,AEMD,2017-07-11,0,0.00010920311457824159,1.0
0000882291,AEMD,2017-07-12,0,0.00010920311457824159,1.0
0000882291,AEMD,2017-07-13,0,0.00010920311457824159,1.0
0000882291,AEMD,2017-07-14,0,0.00010920311457824159,1.0
0000882291,AEMD,2017-07-17,0,0.00010920311457824159,1.0
0000882291,AEMD,2017-07-18,0,0.00010920311457824159,1.0
0000882291,AEMD,2017-07-19,0,0.00010920311457824159,1.0
0000882291,AEMD,2017-07-20,0,0.00010920311457824159,1.0
0000882291,AEMD,2017-07-21,0,0.00010920311457824159,1.0
0000882291,AEMD,2017-07-24,0,0.00010920311457824159,1.0
0000882291,AEMD,2017-07-25,0,0.00010920311457824159,1.0
0000882291,AEMD,2017-07-26,0,0.00010920311457824159,1.0
0000882291,AEMD,2017-07-27,0,0.00010920311457824159,1.0
0000882291,AEMD,2017-07-28,0,0.00010920311457824159,1.0
0000882291,AEMD,2017-07-31,0,3.199325011698166e-05,1.0
0000882291,AEMD,2017-08-01,0,0.00035174620606235723,1.0
0000882291,AEMD,2017-08-02,0,0.00035174620606235723,1.0
0000882291,AEMD,2017-08-03,0,0.00035174620606235723,1.0
0000882291,AEMD,2017-08-04,0,0.00035174620606235723,1.0
0000882291,AEMD,2017-08-07,0,0.00035174620606235723,1.0
0000882291,AEMD,2017-08-08,0,0.00035174620606235723,1.0
0000882291,AEMD,2017-08-09,0,0.00035174620606235723,1.0
0000882291,AEMD,2017-08-10,0,0.00035174620606235723,1.0
0000882291,AEMD,2017-08-11,0,0.00033633818264559823,1.0
0000882291,AEMD,2017-08-14,0,0.00029145600452179325,1.0
0000882291,AEMD,2017-08-15,0,0.00029145600452179325,1.0
0000882291,AEMD,2017-08-16,0,0.00029145600452179325,1.0
0000882291,AEMD,2017-08-17,0,0.00029145600452179325,1.0
0000882291,AEMD,2017-08-18,0,0.00029145600452179325,1.0
0000882291,AEMD,2017-08-21,0,0.00029145600452179325,1.0
0000882291,AEMD,2017-08-22,0,0.00029145600452179325,1.0
0000882291,AEMD,2017-08-23,0,0.00029145600452179325,1.0
0000882291,AEMD,2017-08-24,0,0.00029145600452179325,1.0
0000882291,AEMD,2017-08-25,0,0.00029145600452179325,1.0
0000882291,AEMD,2017-08-28,0,0.00029145600452179325,1.0
0000882291,AEMD,2017-08-29,0,0.00029145600452179325,1.0
0000882291,AEMD,2017-08-30,0,0.00029145600452179325,1.0
0000882291,AEMD,2017-08-31,0,0.00014917232963832005,1.0
0000882291,AEMD,2017-09-01,0,0.00014917232963832005,1.0
0000882291,AEMD,2017-09-04,0,0.00014917232963832005,1.0
0000882291,AEMD,2017-09-05,0,0.00014917232963832005,1.0
0000882291,AEMD,2017-09-06,0,0.00014917232963832005,1.0
0000882291,AEMD,2017-09-07,0,0.00014917232963832005,1.0
0000882291,AEMD,2017-09-08,0,0.00014917232963832005,1.0
0000882291,AEMD,2017-09-11,0,0.00015174928766627336,1.0
0000882291,AEMD,2017-09-12,0,0.00015174928766627336,1.0
0000882291,AEMD,2017-09-13,0,0.00015174928766627336,1.0
0000882291,AEMD,2017-09-14,0,0.00015174928766627336,1.0
0000882291,AEMD,2017-09-15,0,0.00015174928766627336,1.0
0000882291,AEMD,2017-09-18,0,0.0014395430765666642,1.0
0000882291,AEMD,2017-09-19,0,0.0014395430765666642,1.0
0000882291,AEMD,2017-09-20,0,0.0014395430765666642,1.0
0000882291,AEMD,2017-09-21,0,0.0014395430765666642,1.0
0000882291,AEMD,2017-09-22,0,0.0014395430765666642,1.0
0000882291,AEMD,2017-09-25,0,0.0014395430765666642,1.0
0000882291,AEMD,2017-09-26,0,0.0014395430765666642,1.0
0000882291,AEMD,2017-09-27,0,0.0002504318804257155,1.0
0000882291,AEMD,2017-09-28,0,0.0002504318804257155,1.0
0000882291,AEMD,2017-09-29,0,0.0002504318804257155,1.0
0000882291,AEMD,2017-10-02,0,0.0002504318804257155,1.0
0000882291,AEMD,2017-10-03,0,0.0002504318804257155,1.0
0000882291,AEMD,2017-10-04,0,0.00024994459044232285,1.0
0000882291,AEMD,2017-10-05,0,0.00024994459044232285,1.0
0000882291,AEMD,2017-10-06,0,0.00024994459044232285,1.0
0000882291,AEMD,2017-10-09,0,0.00024994459044232285,1.0
0000882291,AEMD,2017-10-10,0,0.00024994459044232285,1.0
0000882291,AEMD,2017-10-11,0,0.00024994459044232285,1.0
0000882291,AEMD,2017-10-12,0,0.00024994459044232285,1.0
0000882291,AEMD,2017-10-13,0,0.00024994459044232285,1.0
0000882291,AEMD,2017-10-16,0,0.00024994459044232285,1.0
0000882291,AEMD,2017-10-17,0,0.00024994459044232285,1.0
0000882291,AEMD,2017-10-18,0,0.00016863080686666944,1.0
0000882291,AEMD,2017-10-19,0,0.00016863080686666944,1.0
0000882291,AEMD,2017-10-20,0,0.00016863080686666944,1.0
0000882291,AEMD,2017-10-23,0,0.00016863080686666944,1.0
0000882291,AEMD,2017-10-24,0,0.00016863080686666944,1.0
0000882291,AEMD,2017-10-25,0,0.00016863080686666944,1.0
0000882291,AEMD,2017-10-26,0,0.00016863080686666944,1.0
0000882291,AEMD,2017-10-27,0,0.00016863080686666944,1.0
0000882291,AEMD,2017-10-30,0,2.5773361003048353e-05,1.0
0000882291,AEMD,2017-10-31,0,2.5773361003048353e-05,1.0
0000882291,AEMD,2017-11-01,0,2.5773361003048353e-05,1.0
0000882291,AEMD,2017-11-02,0,2.5773361003048353e-05,1.0
0000882291,AEMD,2017-11-03,0,2.460794027577286e-05,1.0
0000882291,AEMD,2017-11-06,0,2.460794027577286e-05,1.0
0000882291,AEMD,2017-11-07,0,2.460794027577286e-05,1.0
0000882291,AEMD,2017-11-08,0,2.460794027577286e-05,1.0
0000882291,AEMD,2017-11-09,0,2.2939316029042574e-05,1.0
0000882291,AEMD,2017-11-10,0,2.2939316029042574e-05,1.0
0000882291,AEMD,2017-11-13,0,2.2939316029042574e-05,1.0
0000882291,AEMD,2017-11-14,0,2.2939316029042574e-05,1.0
0000882291,AEMD,2017-11-15,0,2.2939316029042574e-05,1.0
0000882291,AEMD,2017-11-16,0,2.2939316029042574e-05,1.0
0000882291,AEMD,2017-11-17,0,2.2939316029042574e-05,1.0
0000882291,AEMD,2017-11-20,0,2.2939316029042574e-05,1.0
0000882291,AEMD,2017-11-21,0,2.2939316029042574e-05,1.0
0000882291,AEMD,2017-11-22,0,2.2939316029042574e-05,1.0
0000882291,AEMD,2017-11-23,0,2.2939316029042574e-05,1.0
0000882291,AEMD,2017-11-24,0,2.2939316029042574e-05,1.0
0000882291,AEMD,2017-11-27,0,2.2939316029042574e-05,1.0
0000882291,AEMD,2017-11-28,0,2.2939316029042574e-05,1.0
0000882291,AEMD,2017-11-29,0,2.2939316029042574e-05,1.0
0000882291,AEMD,2017-11-30,0,2.2939316029042574e-05,1.0
0000882291,AEMD,2017-12-01,0,2.2939316029042574e-05,1.0
0000882291,AEMD,2017-12-04,0,2.3644239922952303e-05,1.0
0000882291,AEMD,2017-12-05,0,2.3644239922952303e-05,1.0
0000882291,AEMD,2017-12-06,0,2.3644239922952303e-05,1.0
0000882291,AEMD,2017-12-07,0,2.3644239922952303e-05,1.0
0000882291,AEMD,2017-12-08,0,2.3644239922952303e-05,1.0
0000882291,AEMD,2017-12-11,0,2.3644239922952303e-05,1.0
0000882291,AEMD,2017-12-12,0,2.3644239922952303e-05,1.0
0000882291,AEMD,2017-12-13,0,2.3644239922952303e-05,1.0
0000882291,AEMD,2017-12-14,0,2.3644239922952303e-05,1.0
0000882291,AEMD,2017-12-15,0,2.3644239922952303e-05,1.0
0000882291,AEMD,2017-12-18,0,2.050693630127235e-06,1.0
0000882291,AEMD,2017-12-19,0,2.050693630127235e-06,1.0
0000882291,AEMD,2017-12-20,0,2.050693630127235e-06,1.0
0000882291,AEMD,2017-12-21,0,2.050693630127235e-06,1.0
0000882291,AEMD,2017-12-22,0,2.050693630127235e-06,1.0
0000882291,AEMD,2017-12-25,0,2.050693630127235e-06,1.0
0000882291,AEMD,2017-12-26,0,2.3769412284826e-06,1.0
0000882291,AEMD,2017-12-27,0,2.3769412284826e-06,1.0
0000882291,AEMD,2017-12-28,0,2.3769412284826e-06,1.0
0000882291,AEMD,2017-12-29,0,2.3769412284826e-06,1.0
0000882291,AEMD,2018-01-01,0,2.3769412284826e-06,1.0
0000882291,AEMD,2018-01-02,0,2.3696955577859532e-06,1.0
0000882291,AEMD,2018-01-03,0,2.3696955577859532e-06,1.0
0000882291,AEMD,2018-01-04,0,2.3696955577859532e-06,1.0
0000882291,AEMD,2018-01-05,0,2.3696955577859532e-06,1.0
0000882291,AEMD,2018-01-08,0,2.3696955577859532e-06,1.0
0000882291,AEMD,2018-01-09,0,2.3696955577859532e-06,1.0
0000882291,AEMD,2018-01-10,0,8.106651467291807e-07,1.0
0000882291,AEMD,2018-01-11,0,8.106651467291807e-07,1.0
0000882291,AEMD,2018-01-12,0,8.106651467291807e-07,1.0
0000882291,AEMD,2018-01-15,0,8.106651467291807e-07,1.0
0000882291,AEMD,2018-01-16,0,8.106651467291807e-07,1.0
0000882291,AEMD,2018-01-17,0,8.106651467291807e-07,1.0
0000882291,AEMD,2018-01-18,0,8.106651467291807e-07,1.0
0000882291,AEMD,2018-01-19,0,8.106651467291807e-07,1.0
0000882291,AEMD,2018-01-22,0,8.106651467291807e-07,1.0
0000882291,AEMD,2018-01-23,0,8.106651467291807e-07,1.0
0000882291,AEMD,2018-01-24,0,8.106651467291807e-07,1.0
0000882291,AEMD,2018-01-25,0,8.106651467291807e-07,1.0
0000882291,AEMD,2018-01-26,0,8.106651467291807e-07,1.0
0000882291,AEMD,2018-01-29,0,1.053591400193966e-06,1.0
0000882291,AEMD,2018-01-30,0,1.053591400193966e-06,1.0
0000882291,AEMD,2018-01-31,0,1.053591400193966e-06,1.0
0000882291,AEMD,2018-02-01,0,1.4011783660496314e-06,1.0
0000882291,AEMD,2018-02-02,0,1.0077459146369849e-06,1.0
0000882291,AEMD,2018-02-05,0,1.0077459146369849e-06,1.0
0000882291,AEMD,2018-02-06,0,1.0077459146369849e-06,1.0
0000882291,AEMD,2018-02-07,0,1.0206842684118074e-06,1.0
0000882291,AEMD,2018-02-08,0,1.0206842684118074e-06,1.0
0000882291,AEMD,2018-02-09,0,1.9600320486349415e-06,1.0
0000882291,AEMD,2018-02-12,0,1.9600320486349415e-06,1.0
0000882291,AEMD,2018-02-13,0,1.9600320486349415e-06,1.0
0000882291,AEMD,2018-02-14,0,1.9600320486349415e-06,1.0
0000882291,AEMD,2018-02-15,0,1.9600320486349415e-06,1.0
0000882291,AEMD,2018-02-16,0,1.9600320486349415e-06,1.0
0000882291,AEMD,2018-02-19,0,9.085223340187997e-05,1.0
0000882291,AEMD,2018-02-20,0,9.085223340187997e-05,1.0
0000882291,AEMD,2018-02-21,0,9.085223340187997e-05,1.0
0000882291,AEMD,2018-02-22,0,9.085223340187997e-05,1.0
0000882291,AEMD,2018-02-23,0,9.085223340187997e-05,1.0
0000882291,AEMD,2018-02-26,0,9.085223340187997e-05,1.0
0000882291,AEMD,2018-02-27,0,9.085223340187997e-05,1.0
0000882291,AEMD,2018-02-28,0,9.085223340187997e-05,1.0
0000882291,AEMD,2018-03-01,0,9.085223340187997e-05,1.0
0000882291,AEMD,2018-03-02,0,9.085223340187997e-05,1.0
0000882291,AEMD,2018-03-05,0,0.00010136276921831545,1.0
0000882291,AEMD,2018-03-06,0,0.00010136276921831545,1.0
0000882291,AEMD,2018-03-07,0,0.00010136276921831545,1.0
0000882291,AEMD,2018-03-08,0,0.00010136276921831545,1.0
0000882291,AEMD,2018-03-09,0,0.00010136276921831545,1.0
0000882291,AEMD,2018-03-12,0,0.00010136276921831545,1.0
0000882291,AEMD,2018-03-13,0,0.00010136276921831545,1.0
0000882291,AEMD,2018-03-14,0,0.00010136276921831545,1.0
0000882291,AEMD,2018-03-15,0,0.00010136276921831545,1.0
0000882291,AEMD,2018-03-16,0,0.00010136276921831545,1.0
0000882291,AEMD,2018-03-19,0,0.00013892100152261468,1.0
0000882291,AEMD,2018-03-20,0,0.00013892100152261468,1.0
0000882291,AEMD,2018-03-21,0,0.00013892100152261468,1.0
0000882291,AEMD,2018-03-22,0,8.391707423973223e-05,1.0
0000882291,AEMD,2018-03-23,0,8.391707423973223e-05,1.0
0000882291,AEMD,2018-03-26,0,8.391707423973223e-05,1.0
0000882291,AEMD,2018-03-27,0,8.391707423973223e-05,1.0
0000882291,AEMD,2018-03-28,0,8.391707423973223e-05,1.0
0000882291,AEMD,2018-03-29,0,8.391707423973223e-05,1.0
0000882291,AEMD,2018-03-30,0,8.391707423973223e-05,1.0
0000882291,AEMD,2018-04-02,0,8.396362875013485e-05,1.0
0000882291,AEMD,2018-04-03,0,8.396362875013485e-05,1.0
0000882291,AEMD,2018-04-04,0,8.396362875013485e-05,1.0
0000882291,AEMD,2018-04-05,0,8.396362875013485e-05,1.0
0000882291,AEMD,2018-04-06,0,8.396362875013485e-05,1.0
0000882291,AEMD,2018-04-09,0,8.396362875013485e-05,1.0
0000882291,AEMD,2018-04-10,0,8.396362875013485e-05,1.0
0000882291,AEMD,2018-04-11,0,8.498941059352712e-05,1.0
0000882291,AEMD,2018-04-12,0,8.498941059352712e-05,1.0
0000882291,AEMD,2018-04-13,0,8.498941059352712e-05,1.0
0000882291,AEMD,2018-04-16,0,8.498941059352712e-05,1.0
0000882291,AEMD,2018-04-17,0,8.498941059352712e-05,1.0
0000882291,AEMD,2018-04-18,0,8.498941059352712e-05,1.0
0000882291,AEMD,2018-04-19,0,8.498941059352712e-05,1.0
0000882291,AEMD,2018-04-20,0,8.498941059352712e-05,1.0
0000882291,AEMD,2018-04-23,0,8.498941059352712e-05,1.0
0000882291,AEMD,2018-04-24,0,8.498941059352712e-05,1.0
0000882291,AEMD,2018-04-25,0,8.498941059352712e-05,1.0
0000882291,AEMD,2018-04-26,0,8.498941059352712e-05,1.0
0000882291,AEMD,2018-04-27,0,8.498941059352712e-05,1.0
0000882291,AEMD,2018-04-30,0,8.498941059352712e-05,1.0
0000882291,AEMD,2018-05-01,0,8.498941059352712e-05,1.0
0000882291,AEMD,2018-05-02,0,8.62238320095534e-05,1.0
0000882291,AEMD,2018-05-03,0,8.62238320095534e-05,1.0
0000882291,AEMD,2018-05-04,0,7.9888223364719e-05,1.0
0000882291,AEMD,2018-05-07,0,7.9888223364719e-05,1.0
0000882291,AEMD,2018-05-08,0,7.9888223364719e-05,1.0
0000882291,AEMD,2018-05-09,0,7.9888223364719e-05,1.0
0000882291,AEMD,2018-05-10,0,7.9888223364719e-05,1.0
0000882291,AEMD,2018-05-11,0,7.9888223364719e-05,1.0
0000882291,AEMD,2018-05-14,0,7.9888223364719e-05,1.0
0000882291,AEMD,2018-05-15,0,7.9888223364719e-05,1.0
0000882291,AEMD,2018-05-16,0,7.9888223364719e-05,1.0
0000882291,AEMD,2018-05-17,0,7.9888223364719e-05,1.0
0000882291,AEMD,2018-05-18,0,7.9888223364719e-05,1.0
0000882291,AEMD,2018-05-21,0,7.09196603758102e-06,1.0
0000882291,AEMD,2018-05-22,0,7.09196603758102e-06,1.0
0000882291,AEMD,2018-05-23,0,7.09196603758102e-06,1.0
0000882291,AEMD,2018-05-24,0,7.09196603758102e-06,1.0
0000882291,AEMD,2018-05-25,0,7.09196603758102e-06,1.0
0000882291,AEMD,2018-05-28,0,7.09196603758102e-06,1.0
0000882291,AEMD,2018-05-29,0,7.09196603758102e-06,1.0
0000882291,AEMD,2018-05-30,0,7.09196603758102e-06,1.0
0000882291,AEMD,2018-05-31,0,7.09196603758102e-06,1.0
0000882291,AEMD,2018-06-01,0,7.09196603758102e-06,1.0
0000882291,AEMD,2018-06-04,0,7.09196603758102e-06,1.0
0000882291,AEMD,2018-06-05,0,7.09196603758102e-06,1.0
0000882291,AEMD,2018-06-06,0,7.09196603758102e-06,1.0
0000882291,AEMD,2018-06-07,0,7.09196603758102e-06,1.0
0000882291,AEMD,2018-06-08,0,7.09196603758102e-06,1.0
0000882291,AEMD,2018-06-11,0,7.473297340714491e-06,1.0
0000882291,AEMD,2018-06-12,0,7.473297340714491e-06,1.0
0000882291,AEMD,2018-06-13,0,7.473297340714491e-06,1.0
0000882291,AEMD,2018-06-14,0,7.473297340714491e-06,1.0
0000882291,AEMD,2018-06-15,0,7.473297340714491e-06,1.0
0000882291,AEMD,2018-06-18,0,7.473297340714491e-06,1.0
0000882291,AEMD,2018-06-19,0,7.473297340714491e-06,1.0
0000882291,AEMD,2018-06-20,0,7.473297340714491e-06,1.0
0000882291,AEMD,2018-06-21,0,7.473297340714491e-06,1.0
0000882291,AEMD,2018-06-22,0,7.473297340714491e-06,1.0
0000882291,AEMD,2018-06-25,0,6.634036997197906e-06,1.0
0000882291,AEMD,2018-06-26,0,6.634036997197906e-06,1.0
0000882291,AEMD,2018-06-27,0,6.634036997197906e-06,1.0
0000882291,AEMD,2018-06-28,0,6.634036997197906e-06,1.0
0000882291,AEMD,2018-06-29,0,6.634036997197906e-06,1.0
0000882291,AEMD,2018-07-02,0,6.634036997197906e-06,1.0
0000882291,AEMD,2018-07-03,0,6.634036997197906e-06,1.0
0000882291,AEMD,2018-07-04,0,6.634036997197906e-06,1.0
0000882291,AEMD,2018-07-05,0,6.634036997197906e-06,1.0
0000882291,AEMD,2018-07-06,0,6.634036997197906e-06,1.0
0000882291,AEMD,2018-07-09,0,6.634036997197906e-06,1.0
0000882291,AEMD,2018-07-10,0,6.8235890391933335e-06,1.0
0000882291,AEMD,2018-07-11,0,1.7707455261788515e-05,1.0
0000882291,AEMD,2018-07-12,0,1.7707455261788515e-05,1.0
0000882291,AEMD,2018-07-13,0,1.7707455261788515e-05,1.0
0000882291,AEMD,2018-07-16,0,1.7707455261788515e-05,1.0
0000882291,AEMD,2018-07-17,0,1.7707455261788515e-05,1.0
0000882291,AEMD,2018-07-18,0,1.7707455261788515e-05,1.0
0000882291,AEMD,2018-07-19,0,1.7707455261788515e-05,1.0
0000882291,AEMD,2018-07-20,0,1.7707455261788515e-05,1.0
0000882291,AEMD,2018-07-23,0,1.7707455261788515e-05,1.0
0000882291,AEMD,2018-07-24,0,1.7707455261788515e-05,1.0
0000882291,AEMD,2018-07-25,0,3.400331316484184e-05,1.0
0000882291,AEMD,2018-07-26,0,3.400331316484184e-05,1.0
0000882291,AEMD,2018-07-27,0,3.400331316484184e-05,1.0
0000882291,AEMD,2018-07-30,0,3.400331316484184e-05,1.0
0000882291,AEMD,2018-07-31,0,3.400331316484184e-05,1.0
0000882291,AEMD,2018-08-01,0,3.400331316484184e-05,1.0
0000882291,AEMD,2018-08-02,0,3.447808863612e-05,1.0
0000882291,AEMD,2018-08-03,0,3.447808863612e-05,1.0
0000882291,AEMD,2018-08-06,0,3.447808863612e-05,1.0
0000882291,AEMD,2018-08-07,0,3.447808863612e-05,1.0
0000882291,AEMD,2018-08-08,0,3.447808863612e-05,1.0
0000882291,AEMD,2018-08-09,0,1.825245575877876e-05,1.0
0000882291,AEMD,2018-08-10,0,1.825245575877876e-05,1.0
0000882291,AEMD,2018-08-13,0,1.825245575877876e-05,1.0
0000882291,AEMD,2018-08-14,0,1.825245575877876e-05,1.0
0000882291,AEMD,2018-08-15,0,1.825245575877876e-05,1.0
0000882291,AEMD,2018-08-16,0,1.825245575877876e-05,1.0
0000882291,AEMD,2018-08-17,0,1.825245575877876e-05,1.0
0000882291,AEMD,2018-08-20,0,1.4558800046081818e-05,1.0
0000882291,AEMD,2018-08-21,0,1.4558800046081818e-05,1.0
0000882291,AEMD,2018-08-22,0,1.4558800046081818e-05,1.0
0000882291,AEMD,2018-08-23,0,1.4558800046081818e-05,1.0
0000882291,AEMD,2018-08-24,0,1.4558800046081818e-05,1.0
0000882291,AEMD,2018-08-27,0,1.4558800046081818e-05,1.0
0000882291,AEMD,2018-08-28,0,1.4558800046081818e-05,1.0
0000882291,AEMD,2018-08-29,0,1.4558800046081818e-05,1.0
0000882291,AEMD,2018-08-30,0,1.4558800046081818e-05,1.0
0000882291,AEMD,2018-08-31,0,1.4558800046081818e-05,1.0
0000882291,AEMD,2018-09-03,0,1.4558800046081818e-05,1.0
0000882291,AEMD,2018-09-04,0,1.4558800046081818e-05,1.0
0000882291,AEMD,2018-09-05,0,1.4558800046081818e-05,1.0
0000882291,AEMD,2018-09-06,0,1.4558800046081818e-05,1.0
0000882291,AEMD,2018-09-07,0,1.4558800046081818e-05,1.0
0000882291,AEMD,2018-09-10,0,2.7853140928276305e-06,1.0
0000882291,AEMD,2018-09-11,0,2.7853140928276305e-06,1.0
0000882291,AEMD,2018-09-12,0,2.7853140928276305e-06,1.0
0000882291,AEMD,2018-09-13,0,2.7853140928276305e-06,1.0
0000882291,AEMD,2018-09-14,0,2.7853140928276305e-06,1.0
0000882291,AEMD,2018-09-17,0,2.7853140928276305e-06,1.0
0000882291,AEMD,2018-09-18,0,2.7853140928276305e-06,1.0
0000882291,AEMD,2018-09-19,0,2.7853140928276305e-06,1.0
0000882291,AEMD,2018-09-20,0,2.7853140928276305e-06,1.0
0000882291,AEMD,2018-09-21,0,2.7853140928276305e-06,1.0
0000882291,AEMD,2018-09-24,0,2.819345011419093e-06,1.0
0000882291,AEMD,2018-09-25,0,2.819345011419093e-06,1.0
0000882291,AEMD,2018-09-26,0,2.819345011419093e-06,1.0
0000882291,AEMD,2018-09-27,0,2.819345011419093e-06,1.0
0000882291,AEMD,2018-09-28,0,2.819345011419093e-06,1.0
0000882291,AEMD,2018-10-01,0,2.819345011419093e-06,1.0
0000882291,AEMD,2018-10-02,0,2.819345011419093e-06,1.0
0000882291,AEMD,2018-10-03,0,2.819345011419093e-06,1.0
0000882291,AEMD,2018-10-04,0,2.819345011419093e-06,1.0
0000882291,AEMD,2018-10-05,0,2.819345011419093e-06,1.0
0000882291,AEMD,2018-10-08,0,2.819345011419093e-06,1.0
0000882291,AEMD,2018-10-09,0,2.819345011419093e-06,1.0
0000882291,AEMD,2018-10-10,0,2.819345011419093e-06,1.0
0000882291,AEMD,2018-10-11,0,2.819345011419093e-06,1.0
0000882291,AEMD,2018-10-12,0,2.819345011419093e-06,1.0
0000882291,AEMD,2018-10-15,0,2.819345011419093e-06,1.0
0000882291,AEMD,2018-10-16,0,2.819345011419093e-06,1.0
0000882291,AEMD,2018-10-17,0,2.819345011419093e-06,1.0
0000882291,AEMD,2018-10-18,0,2.819345011419093e-06,1.0
0000882291,AEMD,2018-10-19,0,2.819345011419093e-06,1.0
0000882291,AEMD,2018-10-22,0,2.819345011419093e-06,1.0
0000882291,AEMD,2018-10-23,0,2.819345011419093e-06,1.0
0000882291,AEMD,2018-10-24,0,2.819345011419093e-06,1.0
0000882291,AEMD,2018-10-25,0,2.819345011419093e-06,1.0
0000882291,AEMD,2018-10-26,0,2.819345011419093e-06,1.0
0000882291,AEMD,2018-10-29,0,2.819345011419093e-06,1.0
0000882291,AEMD,2018-10-30,0,2.819345011419093e-06,1.0
0000882291,AEMD,2018-10-31,0,2.819345011419093e-06,1.0
0000882291,AEMD,2018-11-01,0,2.819345011419093e-06,1.0
0000882291,AEMD,2018-11-02,0,2.819345011419093e-06,1.0
0000882291,AEMD,2018-11-05,0,2.819345011419093e-06,1.0
0000882291,AEMD,2018-11-06,0,2.819345011419093e-06,1.0
0000882291,AEMD,2018-11-07,0,4.190362390101726e-06,1.0
0000882291,AEMD,2018-11-08,0,4.190362390101726e-06,1.0
0000882291,AEMD,2018-11-09,0,4.190362390101726e-06,1.0
0000882291,AEMD,2018-11-12,0,4.190362390101726e-06,1.0
0000882291,AEMD,2018-11-13,0,4.190362390101726e-06,1.0
0000882291,AEMD,2018-11-14,0,4.190362390101726e-06,1.0
0000882291,AEMD,2018-11-15,0,4.190362390101726e-06,1.0
0000882291,AEMD,2018-11-16,0,4.190362390101726e-06,1.0
0000882291,AEMD,2018-11-19,0,4.190362390101726e-06,1.0
0000882291,AEMD,2018-11-20,0,4.190362390101726e-06,1.0
0000882291,AEMD,2018-11-21,0,4.190362390101726e-06,1.0
0000882291,AEMD,2018-11-22,0,4.190362390101726e-06,1.0
0000882291,AEMD,2018-11-23,0,4.190362390101726e-06,1.0
0000882291,AEMD,2018-11-26,0,4.190362390101726e-06,1.0
0000882291,AEMD,2018-11-27,0,4.190362390101726e-06,1.0
0000882291,AEMD,2018-11-28,0,4.190362390101726e-06,1.0
0000882291,AEMD,2018-11-29,0,4.190362390101726e-06,1.0
0000882291,AEMD,2018-11-30,0,4.190362390101726e-06,1.0
0000882291,AEMD,2018-12-03,0,4.190362390101726e-06,1.0
0000882291,AEMD,2018-12-04,0,4.190362390101726e-06,1.0
0000882291,AEMD,2018-12-05,0,4.190362390101726e-06,1.0
0000882291,AEMD,2018-12-06,0,4.190362390101726e-06,1.0
0000882291,AEMD,2018-12-07,0,4.188740966624026e-06,1.0
0000882291,AEMD,2018-12-10,0,1.1041443073827246e-05,1.0
0000882291,AEMD,2018-12-11,0,1.1041443073827246e-05,1.0
0000882291,AEMD,2018-12-12,0,1.1041443073827246e-05,1.0
0000882291,AEMD,2018-12-13,0,1.2625362190732774e-06,1.0
0000882291,AEMD,2018-12-14,0,1.2625362190732774e-06,1.0
0000882291,AEMD,2018-12-17,0,1.2625362190732774e-06,1.0
0000882291,AEMD,2018-12-18,0,1.2625362190732774e-06,1.0
0000882291,AEMD,2018-12-19,0,1.2625362190732774e-06,1.0
0000882291,AEMD,2018-12-20,0,1.2625362190732774e-06,1.0
0000882291,AEMD,2018-12-21,0,1.2625362190732774e-06,1.0
0000882291,AEMD,2018-12-24,0,1.2986104286000213e-06,1.0
0000882291,AEMD,2018-12-25,0,1.2986104286000213e-06,1.0
0000882291,AEMD,2018-12-26,0,1.2986104286000213e-06,1.0
0000882291,AEMD,2018-12-27,0,1.2986104286000213e-06,1.0
0000882291,AEMD,2018-12-28,0,1.2986104286000213e-06,1.0
0000882291,AEMD,2018-12-31,0,1.2986104286000213e-06,1.0
0000882291,AEMD,2019-01-01,0,1.2986104286000213e-06,1.0
0000882291,AEMD,2019-01-02,0,1.2986104286000213e-06,1.0
0000882291,AEMD,2019-01-03,0,1.2986104286000213e-06,1.0
0000882291,AEMD,2019-01-04,0,1.2986104286000213e-06,1.0
0000882291,AEMD,2019-01-07,0,1.2986104286000213e-06,1.0
0000882291,AEMD,2019-01-08,0,1.2986104286000213e-06,1.0
0000882291,AEMD,2019-01-09,0,1.2986104286000213e-06,1.0
0000882291,AEMD,2019-01-10,0,1.2986104286000213e-06,1.0
0000882291,AEMD,2019-01-11,0,1.2986104286000213e-06,1.0
0000882291,AEMD,2019-01-14,0,2.2753011593730423e-06,1.0
0000882291,AEMD,2019-01-15,0,2.2753011593730423e-06,1.0
0000882291,AEMD,2019-01-16,0,2.2753011593730423e-06,1.0
0000882291,AEMD,2019-01-17,0,2.2753011593730423e-06,1.0
0000882291,AEMD,2019-01-18,0,2.2753011593730423e-06,1.0
0000882291,AEMD,2019-01-21,0,2.2753011593730423e-06,1.0
0000882291,AEMD,2019-01-22,0,2.2753011593730423e-06,1.0
0000882291,AEMD,2019-01-23,0,2.2753011593730423e-06,1.0
0000882291,AEMD,2019-01-24,0,2.2753011593730423e-06,1.0
0000882291,AEMD,2019-01-25,0,2.2753011593730423e-06,1.0
0000882291,AEMD,2019-01-28,0,2.2753011593730423e-06,1.0
0000882291,AEMD,2019-01-29,0,2.2753011593730423e-06,1.0
0000882291,AEMD,2019-01-30,0,2.2753011593730423e-06,1.0
0000882291,AEMD,2019-01-31,0,2.2753011593730423e-06,1.0
0000882291,AEMD,2019-02-01,0,2.2753011593730423e-06,1.0
0000882291,AEMD,2019-02-04,0,2.2753011593730423e-06,1.0
0000882291,AEMD,2019-02-05,0,3.204413478434333e-06,1.0
0000882291,AEMD,2019-02-06,0,3.204413478434333e-06,1.0
0000882291,AEMD,2019-02-07,0,3.204413478434333e-06,1.0
0000882291,AEMD,2019-02-08,0,3.204413478434333e-06,1.0
0000882291,AEMD,2019-02-11,0,3.204413478434333e-06,1.0
0000882291,AEMD,2019-02-12,0,2.3363019427251373e-06,1.0
0000882291,AEMD,2019-02-13,0,2.3363019427251373e-06,1.0
0000882291,AEMD,2019-02-14,0,2.3363019427251373e-06,1.0
0000882291,AEMD,2019-02-15,0,2.3363019427251373e-06,1.0
0000882291,AEMD,2019-02-18,0,2.3363019427251373e-06,1.0
0000882291,AEMD,2019-02-19,0,2.3363019427251373e-06,1.0
0000882291,AEMD,2019-02-20,0,2.3363019427251373e-06,1.0
0000882291,AEMD,2019-02-21,0,2.3363019427251373e-06,1.0
0000882291,AEMD,2019-02-22,0,4.321922241144307e-06,1.0
0000882291,AEMD,2019-02-25,0,4.321922241144307e-06,1.0
0000882291,AEMD,2019-02-26,0,4.321922241144307e-06,1.0
0000882291,AEMD,2019-02-27,0,4.321922241144307e-06,1.0
0000882291,AEMD,2019-02-28,0,4.321922241144307e-06,1.0
0000882291,AEMD,2019-03-01,0,4.321922241144307e-06,1.0
0000882291,AEMD,2019-03-04,0,4.321922241144307e-06,1.0
0000882291,AEMD,2019-03-05,0,4.321922241144307e-06,1.0
0000882291,AEMD,2019-03-06,0,4.321922241144307e-06,1.0
0000882291,AEMD,2019-03-07,0,4.321922241144307e-06,1.0
0000882291,AEMD,2019-03-08,0,4.321922241144307e-06,1.0
0000882291,AEMD,2019-03-11,0,4.321922241144307e-06,1.0
0000882291,AEMD,2019-03-12,0,4.321922241144307e-06,1.0
0000882291,AEMD,2019-03-13,0,4.321922241144307e-06,1.0
0000882291,AEMD,2019-03-14,0,4.359462886479179e-06,1.0
0000882291,AEMD,2019-03-15,0,4.338733920297012e-06,1.0
0000882291,AEMD,2019-03-18,0,4.338733920297012e-06,1.0
0000882291,AEMD,2019-03-19,0,4.338733920297012e-06,1.0
0000882291,AEMD,2019-03-20,0,4.338733920297012e-06,1.0
0000882291,AEMD,2019-03-21,0,4.338733920297012e-06,1.0
0000882291,AEMD,2019-03-22,0,4.338733920297012e-06,1.0
0000882291,AEMD,2019-03-25,0,1.201132705514512e-05,1.0
0000882291,AEMD,2019-03-26,0,1.201132705514512e-05,1.0
0000882291,AEMD,2019-03-27,0,1.201132705514512e-05,1.0
0000882291,AEMD,2019-03-28,0,1.201132705514512e-05,1.0
0000882291,AEMD,2019-03-29,0,1.201132705514512e-05,1.0
0000882291,AEMD,2019-04-01,0,1.201132705514512e-05,1.0
0000882291,AEMD,2019-04-02,0,1.201132705514512e-05,1.0
0000882291,AEMD,2019-04-03,0,1.201132705514512e-05,1.0
0000882291,AEMD,2019-04-04,0,1.201132705514512e-05,1.0
0000882291,AEMD,2019-04-05,0,1.201132705514512e-05,1.0
0000882291,AEMD,2019-04-08,0,1.201132705514512e-05,1.0
0000882291,AEMD,2019-04-09,0,1.201132705514512e-05,1.0
0000882291,AEMD,2019-04-10,0,1.201132705514512e-05,1.0
0000882291,AEMD,2019-04-11,0,1.201132705514512e-05,1.0
0000882291,AEMD,2019-04-12,0,1.201132705514512e-05,1.0
0000882291,AEMD,2019-04-15,0,1.201132705514512e-05,1.0
0000882291,AEMD,2019-04-16,0,1.201132705514512e-05,1.0
0000882291,AEMD,2019-04-17,0,1.201132705514512e-05,1.0
0000882291,AEMD,2019-04-18,0,1.201132705514512e-05,1.0
0000882291,AEMD,2019-04-19,0,1.201132705514512e-05,1.0
0000882291,AEMD,2019-04-22,0,1.201132705514512e-05,1.0
0000882291,AEMD,2019-04-23,0,1.201132705514512e-05,1.0
0000882291,AEMD,2019-04-24,0,1.201132705514512e-05,1.0
0000882291,AEMD,2019-04-25,0,1.201132705514512e-05,1.0
0000882291,AEMD,2019-04-26,0,1.201132705514512e-05,1.0
0000882291,AEMD,2019-04-29,0,1.201132705514512e-05,1.0
0000882291,AEMD,2019-04-30,0,1.201132705514512e-05,1.0
0000882291,AEMD,2019-05-01,0,1.201132705514512e-05,1.0
0000882291,AEMD,2019-05-02,0,1.201132705514512e-05,1.0
0000882291,AEMD,2019-05-03,0,1.201132705514512e-05,1.0
0000882291,AEMD,2019-05-06,0,1.201132705514512e-05,1.0
0000882291,AEMD,2019-05-07,0,1.2138576881150171e-05,1.0
0000882291,AEMD,2019-05-08,0,1.2138576881150171e-05,1.0
0000882291,AEMD,2019-05-09,0,6.07410847271458e-06,1.0
0000882291,AEMD,2019-05-10,0,6.07410847271458e-06,1.0
0000882291,AEMD,2019-05-13,0,1.1982685115469089e-06,1.0
0000882291,AEMD,2019-05-14,0,1.1341960027915093e-06,1.0
0000882291,AEMD,2019-05-15,0,1.1341960027915093e-06,1.0
0000882291,AEMD,2019-05-16,0,1.1341960027915093e-06,1.0
0000882291,AEMD,2019-05-17,0,1.1341960027915093e-06,1.0
0000882291,AEMD,2019-05-20,0,1.1341960027915093e-06,1.0
0000882291,AEMD,2019-05-21,0,1.1341960027915093e-06,1.0
0000882291,AEMD,2019-05-22,0,1.1341960027915093e-06,1.0
0000882291,AEMD,2019-05-23,0,1.1341960027915093e-06,1.0
0000882291,AEMD,2019-05-24,0,1.3717028571768176e-07,1.0
0000882291,AEMD,2019-05-27,0,1.3717028571768176e-07,1.0
0000882291,AEMD,2019-05-28,0,1.3717028571768176e-07,1.0
0000882291,AEMD,2019-05-29,0,1.3717028571768176e-07,1.0
0000882291,AEMD,2019-05-30,0,1.3717028571768176e-07,1.0
0000882291,AEMD,2019-05-31,0,1.3717028571768176e-07,1.0
0000882291,AEMD,2019-06-03,0,1.3717028571768176e-07,1.0
0000882291,AEMD,2019-06-04,0,1.3717028571768176e-07,1.0
0000882291,AEMD,2019-06-05,0,1.3717028571768176e-07,1.0
0000882291,AEMD,2019-06-06,0,1.3717028571768176e-07,1.0
0000882291,AEMD,2019-06-07,0,1.3717028571768176e-07,1.0
0000882291,AEMD,2019-06-10,0,1.4848379922361054e-07,1.0
0000882291,AEMD,2019-06-11,0,1.4848379922361054e-07,1.0
0000882291,AEMD,2019-06-12,0,7.563405027955786e-07,1.0
0000882291,AEMD,2019-06-13,0,7.563405027955786e-07,1.0
0000882291,AEMD,2019-06-14,0,7.563405027955786e-07,1.0
0000882291,AEMD,2019-06-17,0,7.563405027955786e-07,1.0
0000882291,AEMD,2019-06-18,0,7.563405027955786e-07,1.0
0000882291,AEMD,2019-06-19,0,7.563405027955786e-07,1.0
0000882291,AEMD,2019-06-20,0,7.563405027955786e-07,1.0
0000882291,AEMD,2019-06-21,0,7.563405027955786e-07,1.0
0000882291,AEMD,2019-06-24,0,7.563405027955786e-07,1.0
0000882291,AEMD,2019-06-25,0,7.563405027955786e-07,1.0
0000882291,AEMD,2019-06-26,0,7.563405027955786e-07,1.0
0000882291,AEMD,2019-06-27,0,7.563405027955786e-07,1.0
0000882291,AEMD,2019-06-28,0,7.563405027955786e-07,1.0
0000882291,AEMD,2019-07-01,0,7.563405027955786e-07,1.0
0000882291,AEMD,2019-07-02,0,1.0408496884583447e-06,1.0
0000882291,AEMD,2019-07-03,0,1.0408496884583447e-06,1.0
0000882291,AEMD,2019-07-04,0,1.0408496884583447e-06,1.0
0000882291,AEMD,2019-07-05,0,1.0408496884583447e-06,1.0
0000882291,AEMD,2019-07-08,0,1.0408496884583447e-06,1.0
0000882291,AEMD,2019-07-09,0,1.0408496884583447e-06,1.0
0000882291,AEMD,2019-07-10,0,1.0408496884583447e-06,1.0
0000882291,AEMD,2019-07-11,0,1.0408496884583447e-06,1.0
0000882291,AEMD,2019-07-12,0,1.0408496884583447e-06,1.0
0000882291,AEMD,2019-07-15,0,1.0408496884583447e-06,1.0
0000882291,AEMD,2019-07-16,0,1.0408496884583447e-06,1.0
0000882291,AEMD,2019-07-17,0,1.0408496884583447e-06,1.0
0000882291,AEMD,2019-07-18,0,1.0408496884583447e-06,1.0
0000882291,AEMD,2019-07-19,0,1.0408496884583447e-06,1.0
0000882291,AEMD,2019-07-22,0,1.0408496884583447e-06,1.0
0000882291,AEMD,2019-07-23,0,1.0408496884583447e-06,1.0
0000882291,AEMD,2019-07-24,0,1.0408496884583447e-06,1.0
0000882291,AEMD,2019-07-25,0,1.0408496884583447e-06,1.0
0000882291,AEMD,2019-07-26,0,1.0408496884583447e-06,1.0
0000882291,AEMD,2019-07-29,0,1.0408496884583447e-06,1.0
0000882291,AEMD,2019-07-30,0,1.0408496884583447e-06,1.0
0000882291,AEMD,2019-07-31,0,1.0408496884583447e-06,1.0
0000882291,AEMD,2019-08-01,0,3.899035789006333e-06,1.0
0000882291,AEMD,2019-08-02,0,3.899035789006333e-06,1.0
0000882291,AEMD,2019-08-05,0,3.899035789006333e-06,1.0
0000882291,AEMD,2019-08-06,0,3.899035789006333e-06,1.0
0000882291,AEMD,2019-08-07,0,3.946674085986674e-06,1.0
0000882291,AEMD,2019-08-08,0,3.946674085986674e-06,1.0
0000882291,AEMD,2019-08-09,0,3.946674085986674e-06,1.0
0000882291,AEMD,2019-08-12,0,2.0823679808320426e-06,1.0
0000882291,AEMD,2019-08-13,0,2.0823679808320426e-06,1.0
0000882291,AEMD,2019-08-14,0,2.0823679808320426e-06,1.0
0000882291,AEMD,2019-08-15,0,2.255118435204132e-06,1.0
0000882291,AEMD,2019-08-16,0,2.255118435204132e-06,1.0
0000882291,AEMD,2019-08-19,0,2.255118435204132e-06,1.0
0000882291,AEMD,2019-08-20,0,2.255118435204132e-06,1.0
0000882291,AEMD,2019-08-21,0,2.255118435204132e-06,1.0
0000882291,AEMD,2019-08-22,0,2.1291269942355264e-06,1.0
0000882291,AEMD,2019-08-23,0,2.1291269942355264e-06,1.0
0000882291,AEMD,2019-08-26,0,2.1291269942355264e-06,1.0
0000882291,AEMD,2019-08-27,0,2.1291269942355264e-06,1.0
0000882291,AEMD,2019-08-28,0,2.1291269942355264e-06,1.0
0000882291,AEMD,2019-08-29,0,2.1291269942355264e-06,1.0
0000882291,AEMD,2019-08-30,0,2.1291269942355264e-06,1.0
0000882291,AEMD,2019-09-02,0,2.1291269942355264e-06,1.0
0000882291,AEMD,2019-09-03,0,2.1291269942355264e-06,1.0
0000882291,AEMD,2019-09-04,0,2.1291269942355264e-06,1.0
0000882291,AEMD,2019-09-05,0,2.1291269942355264e-06,1.0
0000882291,AEMD,2019-09-06,0,2.1291269942355264e-06,1.0
0000882291,AEMD,2019-09-09,0,2.1291269942355264e-06,1.0
0000882291,AEMD,2019-09-10,0,1.1959845209720485e-06,1.0
0000882291,AEMD,2019-09-11,0,1.2946266682263755e-06,1.0
0000882291,AEMD,2019-09-12,0,1.2946266682263755e-06,1.0
0000882291,AEMD,2019-09-13,0,1.2946266682263755e-06,1.0
0000882291,AEMD,2019-09-16,0,1.0663740862368733e-06,1.0
0000882291,AEMD,2019-09-17,0,1.0663740862368733e-06,1.0
0000882291,AEMD,2019-09-18,0,1.0663740862368733e-06,1.0
0000882291,AEMD,2019-09-19,0,1.0663740862368733e-06,1.0
0000882291,AEMD,2019-09-20,0,1.0663740862368733e-06,1.0
0000882291,AEMD,2019-09-23,0,8.121154602775392e-07,1.0
0000882291,AEMD,2019-09-24,0,8.121154602775392e-07,1.0
0000882291,AEMD,2019-09-25,0,8.121154602775392e-07,1.0
0000882291,AEMD,2019-09-26,0,8.121154602775392e-07,1.0
0000882291,AEMD,2019-09-27,0,8.121154602775392e-07,1.0
0000882291,AEMD,2019-09-30,0,5.55334390239656e-07,1.0
0000882291,AEMD,2019-10-01,0,5.55334390239656e-07,1.0
0000882291,AEMD,2019-10-02,0,5.55334390239656e-07,1.0
0000882291,AEMD,2019-10-03,0,5.55334390239656e-07,1.0
0000882291,AEMD,2019-10-04,0,5.55334390239656e-07,1.0
0000882291,AEMD,2019-10-07,0,5.55334390239656e-07,1.0
0000882291,AEMD,2019-10-08,0,5.55334390239656e-07,1.0
0000882291,AEMD,2019-10-09,0,5.55334390239656e-07,1.0
0000882291,AEMD,2019-10-10,0,1.039111268268174e-06,1.0
0000882291,AEMD,2019-10-11,0,1.039111268268174e-06,1.0
0000882291,AEMD,2019-10-14,0,1.039111268268174e-06,1.0
0000882291,AEMD,2019-10-15,0,1.039111268268174e-06,1.0
0000882291,AEMD,2019-10-16,0,1.1248148725761871e-06,1.0
0000882291,AEMD,2019-10-17,0,1.1248148725761871e-06,1.0
0000882291,AEMD,2019-10-18,0,1.1248148725761871e-06,1.0
0000882291,AEMD,2019-10-21,0,1.1248148725761871e-06,1.0
0000882291,AEMD,2019-10-22,0,1.1248148725761871e-06,1.0
0000882291,AEMD,2019-10-23,0,5.062029361896359e-06,1.0
0000882291,AEMD,2019-10-24,0,5.062029361896359e-06,1.0
0000882291,AEMD,2019-10-25,0,5.062029361896359e-06,1.0
0000882291,AEMD,2019-10-28,0,5.062029361896359e-06,1.0
0000882291,AEMD,2019-10-29,0,5.062029361896359e-06,1.0
0000882291,AEMD,2019-10-30,0,5.062029361896359e-06,1.0
0000882291,AEMD,2019-10-31,0,5.062029361896359e-06,1.0
0000882291,AEMD,2019-11-01,0,5.062029361896359e-06,1.0
0000882291,AEMD,2019-11-04,0,5.2519752684357e-06,1.0
0000882291,AEMD,2019-11-05,0,5.402038352536302e-06,1.0
0000882291,AEMD,2019-11-06,0,5.402038352536302e-06,1.0
0000882291,AEMD,2019-11-07,0,5.402038352536302e-06,1.0
0000882291,AEMD,2019-11-08,0,5.402038352536302e-06,1.0
0000882291,AEMD,2019-11-11,0,1.0024767838995274e-05,1.0
0000882291,AEMD,2019-11-12,0,1.0024767838995274e-05,1.0
0000882291,AEMD,2019-11-13,0,9.963744111827571e-06,1.0
0000882291,AEMD,2019-11-14,0,9.963744111827571e-06,1.0
0000882291,AEMD,2019-11-15,0,1.1678350554267965e-06,1.0
0000882291,AEMD,2019-11-18,0,1.1678350554267965e-06,1.0
0000882291,AEMD,2019-11-19,0,1.1678350554267965e-06,1.0
0000882291,AEMD,2019-11-20,0,1.1678350554267965e-06,1.0
0000882291,AEMD,2019-11-21,0,1.1678350554267965e-06,1.0
0000882291,AEMD,2019-11-22,0,1.1678350554267965e-06,1.0
0000882291,AEMD,2019-11-25,0,1.1678350554267965e-06,1.0
0000882291,AEMD,2019-11-26,0,1.1678350554267965e-06,1.0
0000882291,AEMD,2019-11-27,0,1.1678350554267965e-06,1.0
0000882291,AEMD,2019-11-28,0,1.1678350554267965e-06,1.0
0000882291,AEMD,2019-11-29,0,1.1678350554267965e-06,1.0
0000882291,AEMD,2019-12-02,0,1.1678350554267965e-06,1.0
0000882291,AEMD,2019-12-03,0,1.1678350554267965e-06,1.0
0000882291,AEMD,2019-12-04,0,1.2972598543997048e-06,1.0
0000882291,AEMD,2019-12-05,0,1.2972598543997048e-06,1.0
0000882291,AEMD,2019-12-06,0,1.2972598543997048e-06,1.0
0000882291,AEMD,2019-12-09,0,7.665754134412826e-07,1.0
0000882291,AEMD,2019-12-10,0,7.665754134412826e-07,1.0
0000882291,AEMD,2019-12-11,0,7.665754134412826e-07,1.0
0000882291,AEMD,2019-12-12,0,7.665754134412826e-07,1.0
0000882291,AEMD,2019-12-13,0,7.665754134412826e-07,1.0
0000882291,AEMD,2019-12-16,0,4.670915838689728e-06,1.0
0000882291,AEMD,2019-12-17,0,4.670915838689728e-06,1.0
0000882291,AEMD,2019-12-18,0,4.670915838689728e-06,1.0
0000882291,AEMD,2019-12-19,0,5.058407664777988e-06,1.0
0000882291,AEMD,2019-12-20,0,5.058407664777988e-06,1.0
0000882291,AEMD,2019-12-23,0,2.9891134764224912e-06,1.0
0000882291,AEMD,2019-12-24,0,2.9891134764224912e-06,1.0
0000882291,AEMD,2019-12-25,0,2.9891134764224912e-06,1.0
0000882291,AEMD,2019-12-26,0,2.9891134764224912e-06,1.0
0000882291,AEMD,2019-12-27,0,2.9891134764224912e-06,1.0
0000882291,AEMD,2019-12-30,0,3.842389866849561e-06,1.0
0000882291,AEMD,2019-12-31,0,3.842389866849561e-06,1.0
0000882291,AEMD,2020-01-01,0,3.842389866849561e-06,1.0
0000882291,AEMD,2020-01-02,0,3.842389866849561e-06,1.0
0000882291,AEMD,2020-01-03,0,3.842389866849561e-06,1.0
0000882291,AEMD,2020-01-06,0,3.842389866849561e-06,1.0
0000882291,AEMD,2020-01-07,0,3.842389866849561e-06,1.0
0000882291,AEMD,2020-01-08,0,3.842389866849561e-06,1.0
0000882291,AEMD,2020-01-09,0,3.842389866849561e-06,1.0
0000882291,AEMD,2020-01-10,0,3.842389866849561e-06,1.0
0000882291,AEMD,2020-01-13,0,3.842389866849561e-06,1.0
0000882291,AEMD,2020-01-14,0,3.842389866849561e-06,1.0
0000882291,AEMD,2020-01-15,0,3.842389866849561e-06,1.0
0000882291,AEMD,2020-01-16,0,3.842389866849561e-06,1.0
0000882291,AEMD,2020-01-17,0,3.842389866849561e-06,1.0
0000882291,AEMD,2020-01-20,0,1.7017942196796762e-06,1.0
0000882291,AEMD,2020-01-21,0,1.7017942196796762e-06,1.0
0000882291,AEMD,2020-01-22,0,1.7017942196796762e-06,1.0
0000882291,AEMD,2020-01-23,0,1.6754766508396827e-06,1.0
0000882291,AEMD,2020-01-24,0,1.6754766508396827e-06,1.0
0000882291,AEMD,2020-01-27,0,1.6754766508396827e-06,1.0
0000882291,AEMD,2020-01-28,0,1.6754766508396827e-06,1.0
0000882291,AEMD,2020-01-29,0,1.6754766508396827e-06,1.0
0000882291,AEMD,2020-01-30,0,1.6754766508396827e-06,1.0
0000882291,AEMD,2020-01-31,0,1.6754766508396827e-06,1.0
0000882291,AEMD,2020-02-03,0,1.5571018290462932e-06,1.0
0000882291,AEMD,2020-02-04,0,1.5571018290462932e-06,1.0
0000882291,AEMD,2020-02-05,0,1.5571018290462932e-06,1.0
0000882291,AEMD,2020-02-06,0,1.5571018290462932e-06,1.0
0000882291,AEMD,2020-02-07,0,1.5571018290462932e-06,1.0
0000882291,AEMD,2020-02-10,0,1.6015925927709358e-06,1.0
0000882291,AEMD,2020-02-11,0,1.3166060063526425e-06,1.0
0000882291,AEMD,2020-02-12,0,1.3166060063526425e-06,1.0
0000882291,AEMD,2020-02-13,0,4.39946654903663e-07,1.0
0000882291,AEMD,2020-02-14,0,4.39946654903663e-07,1.0
0000882291,AEMD,2020-02-17,0,4.39946654903663e-07,1.0
0000882291,AEMD,2020-02-18,0,4.39946654903663e-07,1.0
0000882291,AEMD,2020-02-19,0,5.292360613464694e-07,1.0
0000882291,AEMD,2020-02-20,0,5.292360613464694e-07,1.0
0000882291,AEMD,2020-02-21,0,5.292360613464694e-07,1.0
0000882291,AEMD,2020-02-24,0,2.601006343338658e-07,1.0
0000882291,AEMD,2020-02-25,0,2.601006343338658e-07,1.0
0000882291,AEMD,2020-02-26,0,2.601006343338658e-07,1.0
0000882291,AEMD,2020-02-27,0,2.601006343338658e-07,1.0
0000882291,AEMD,2020-02-28,0,2.601006343338658e-07,1.0
0000882291,AEMD,2020-03-02,0,2.601006343338658e-07,1.0
0000882291,AEMD,2020-03-03,0,2.601006343338658e-07,1.0
0000882291,AEMD,2020-03-04,0,2.601006343338658e-07,1.0
0000882291,AEMD,2020-03-05,0,2.601006343338658e-07,1.0
0000882291,AEMD,2020-03-06,0,2.601006343338658e-07,1.0
0000882291,AEMD,2020-03-09,0,3.113719926966305e-07,1.0
0000882291,AEMD,2020-03-10,0,3.113719926966305e-07,1.0
0000882291,AEMD,2020-03-11,0,3.113719926966305e-07,1.0
0000882291,AEMD,2020-03-12,0,3.113719926966305e-07,1.0
0000882291,AEMD,2020-03-13,0,3.69377391762483e-07,1.0
0000882291,AEMD,2020-03-16,0,3.7993155208278837e-07,1.0
0000882291,AEMD,2020-03-17,0,3.7993155208278837e-07,1.0
0000882291,AEMD,2020-03-18,0,3.7993155208278837e-07,1.0
0000882291,AEMD,2020-03-19,0,5.7156949815517896e-08,1.0
0000882291,AEMD,2020-03-20,0,5.7156949815517896e-08,1.0
0000882291,AEMD,2020-03-23,0,5.391849091411881e-08,1.0
0000882291,AEMD,2020-03-24,0,5.391849091411881e-08,1.0
0000882291,AEMD,2020-03-25,0,5.391849091411881e-08,1.0
0000882291,AEMD,2020-03-26,0,5.448005573950271e-08,1.0
0000882291,AEMD,2020-03-27,0,5.448005573950271e-08,1.0
0000882291,AEMD,2020-03-30,0,5.448005573950271e-08,1.0
0000882291,AEMD,2020-03-31,0,5.448005573950271e-08,1.0
0000882291,AEMD,2020-04-01,0,5.448005573950271e-08,1.0
0000882291,AEMD,2020-04-02,0,5.448005573950271e-08,1.0
0000882291,AEMD,2020-04-03,0,5.448005573950271e-08,1.0
0000882291,AEMD,2020-04-06,0,5.448005573950271e-08,1.0
0000882291,AEMD,2020-04-07,0,5.448005573950271e-08,1.0
0000882291,AEMD,2020-04-08,0,5.448005573950271e-08,1.0
0000882291,AEMD,2020-04-09,0,5.448005573950271e-08,1.0
0000882291,AEMD,2020-04-10,0,5.448005573950271e-08,1.0
0000882291,AEMD,2020-04-13,0,5.448005573950271e-08,1.0
0000882291,AEMD,2020-04-14,0,5.448005573950271e-08,1.0
0000882291,AEMD,2020-04-15,0,5.448005573950271e-08,1.0
0000882291,AEMD,2020-04-16,0,5.448005573950271e-08,1.0
0000882291,AEMD,2020-04-17,0,5.448005573950271e-08,1.0
0000882291,AEMD,2020-04-20,0,1.737248251010693e-07,1.0
0000882291,AEMD,2020-04-21,0,1.737248251010693e-07,1.0
0000882291,AEMD,2020-04-22,0,3.611212076062777e-07,1.0
0000882291,AEMD,2020-04-23,0,3.5240808132906096e-07,1.0
0000882291,AEMD,2020-04-24,0,3.5240808132906096e-07,1.0
0000882291,AEMD,2020-04-27,0,3.5240808132906096e-07,1.0
0000882291,AEMD,2020-04-28,0,3.5240808132906096e-07,1.0
0000882291,AEMD,2020-04-29,0,3.5240808132906096e-07,1.0
0000882291,AEMD,2020-04-30,0,3.5240808132906096e-07,1.0
0000882291,AEMD,2020-05-01,0,3.5240808132906096e-07,1.0
0000882291,AEMD,2020-05-04,0,3.5713064947315514e-07,1.0
0000882291,AEMD,2020-05-05,0,3.5713064947315514e-07,1.0
0000882291,AEMD,2020-05-06,0,3.5713064947315514e-07,1.0
0000882291,AEMD,2020-05-07,0,3.5713064947315514e-07,1.0
0000882291,AEMD,2020-05-08,0,3.5713064947315514e-07,1.0
0000882291,AEMD,2020-05-11,0,3.5713064947315514e-07,1.0
0000882291,AEMD,2020-05-12,0,3.1993776656759894e-07,1.0
0000882291,AEMD,2020-05-13,0,3.1993776656759894e-07,1.0
0000882291,AEMD,2020-05-14,0,9.548750580376738e-07,1.0
0000882291,AEMD,2020-05-15,0,9.548750580376738e-07,1.0
0000882291,AEMD,2020-05-18,0,9.548750580376738e-07,1.0
0000882291,AEMD,2020-05-19,0,9.548750580376738e-07,1.0
0000882291,AEMD,2020-05-20,0,9.548750580376738e-07,1.0
0000882291,AEMD,2020-05-21,0,9.548750580376738e-07,1.0
0000882291,AEMD,2020-05-22,0,9.548750580376738e-07,1.0
0000882291,AEMD,2020-05-25,0,9.631692256878556e-07,1.0
0000882291,AEMD,2020-05-26,0,9.631692256878556e-07,1.0
0000882291,AEMD,2020-05-27,0,9.631692256878556e-07,1.0
0000882291,AEMD,2020-05-28,0,9.631692256878556e-07,1.0
0000882291,AEMD,2020-05-29,0,9.631692256878556e-07,1.0
0000882291,AEMD,2020-06-01,0,9.631692256878556e-07,1.0
0000882291,AEMD,2020-06-02,0,9.631692256878556e-07,1.0
0000882291,AEMD,2020-06-03,0,9.631692256878556e-07,1.0
0000882291,AEMD,2020-06-04,0,9.631692256878556e-07,1.0
0000882291,AEMD,2020-06-05,0,9.631692256878556e-07,1.0
0000882291,AEMD,2020-06-08,0,9.631692256878556e-07,1.0
0000882291,AEMD,2020-06-09,0,9.631692256878556e-07,1.0
0000882291,AEMD,2020-06-10,0,9.631692256878556e-07,1.0
0000882291,AEMD,2020-06-11,0,9.631692256878556e-07,1.0
0000882291,AEMD,2020-06-12,0,9.631692256878556e-07,1.0
0000882291,AEMD,2020-06-15,0,9.631692256878556e-07,1.0
0000882291,AEMD,2020-06-16,0,9.631692256878556e-07,1.0
0000882291,AEMD,2020-06-17,0,2.922999000790653e-06,1.0
0000882291,AEMD,2020-06-18,0,2.922999000790653e-06,1.0
0000882291,AEMD,2020-06-19,0,2.922999000790653e-06,1.0
0000882291,AEMD,2020-06-22,0,4.3806648337489856e-06,1.0
0000882291,AEMD,2020-06-23,0,4.3806648337489856e-06,1.0
0000882291,AEMD,2020-06-24,0,4.3806648337489856e-06,1.0
0000882291,AEMD,2020-06-25,0,4.3806648337489856e-06,1.0
0000882291,AEMD,2020-06-26,0,3.1123665188933536e-07,1.0
0000882291,AEMD,2020-06-29,0,3.1123665188933536e-07,1.0
0000882291,AEMD,2020-06-30,0,3.1123665188933536e-07,1.0
0000882291,AEMD,2020-07-01,0,3.1123665188933536e-07,1.0
0000882291,AEMD,2020-07-02,0,3.1123665188933536e-07,1.0
0000882291,AEMD,2020-07-03,0,3.1123665188933536e-07,1.0
0000882291,AEMD,2020-07-06,0,3.1123665188933536e-07,1.0
0000882291,AEMD,2020-07-07,0,3.1123665188933536e-07,1.0
0000882291,AEMD,2020-07-08,0,3.1123665188933536e-07,1.0
0000882291,AEMD,2020-07-09,0,3.1123665188933536e-07,1.0
0000882291,AEMD,2020-07-10,0,3.1123665188933536e-07,1.0
0000882291,AEMD,2020-07-13,0,3.1123665188933536e-07,1.0
0000882291,AEMD,2020-07-14,0,3.1123665188933536e-07,1.0
0000882291,AEMD,2020-07-15,0,3.1123665188933536e-07,1.0
0000882291,AEMD,2020-07-16,0,3.1123665188933536e-07,1.0
0000882291,AEMD,2020-07-17,0,3.1123665188933536e-07,1.0
0000882291,AEMD,2020-07-20,0,3.303742233572879e-07,1.0
0000882291,AEMD,2020-07-21,0,3.303742233572879e-07,1.0
0000882291,AEMD,2020-07-22,0,3.3184344509923874e-07,1.0
0000882291,AEMD,2020-07-23,0,3.3184344509923874e-07,1.0
0000882291,AEMD,2020-07-24,0,3.3184344509923874e-07,1.0
0000882291,AEMD,2020-07-27,0,9.357627880580756e-07,1.0
0000882291,AEMD,2020-07-28,0,9.357627880580756e-07,1.0
0000882291,AEMD,2020-07-29,0,4.366534103637129e-06,1.0
0000882291,AEMD,2020-07-30,0,4.366534103637129e-06,1.0
0000882291,AEMD,2020-07-31,0,4.366534103637129e-06,1.0
0000882291,AEMD,2020-08-03,0,4.366534103637129e-06,1.0
0000882291,AEMD,2020-08-04,0,4.366534103637129e-06,1.0
0000882291,AEMD,2020-08-05,0,4.366534103637129e-06,1.0
0000882291,AEMD,2020-08-06,0,4.366534103637129e-06,1.0
0000882291,AEMD,2020-08-07,0,4.366534103637129e-06,1.0
0000882291,AEMD,2020-08-10,0,4.592056881068313e-06,1.0
0000882291,AEMD,2020-08-11,0,4.592056881068313e-06,1.0
0000882291,AEMD,2020-08-12,0,4.848640698604634e-06,1.0
0000882291,AEMD,2020-08-13,0,4.848640698604634e-06,1.0
0000882291,AEMD,2020-08-14,0,4.848640698604634e-06,1.0
0000882291,AEMD,2020-08-17,0,4.848640698604634e-06,1.0
0000882291,AEMD,2020-08-18,0,4.848640698604634e-06,1.0
0000882291,AEMD,2020-08-19,0,4.848640698604634e-06,1.0
0000882291,AEMD,2020-08-20,0,4.848640698604634e-06,1.0
0000882291,AEMD,2020-08-21,0,4.848640698604634e-06,1.0
0000882291,AEMD,2020-08-24,0,5.191770877831565e-06,1.0
0000882291,AEMD,2020-08-25,0,5.191770877831565e-06,1.0
0000882291,AEMD,2020-08-26,0,5.191770877831565e-06,1.0
0000882291,AEMD,2020-08-27,0,5.191770877831565e-06,1.0
0000882291,AEMD,2020-08-28,0,3.2114579290846608e-06,1.0
0000882291,AEMD,2020-08-31,0,3.2114579290846608e-06,1.0
0000882291,AEMD,2020-09-01,0,3.2114579290846608e-06,1.0
0000882291,AEMD,2020-09-02,0,3.2114579290846608e-06,1.0
0000882291,AEMD,2020-09-03,0,3.2114579290846608e-06,1.0
0000882291,AEMD,2020-09-04,0,3.2114579290846608e-06,1.0
0000882291,AEMD,2020-09-07,0,3.2114579290846608e-06,1.0
0000882291,AEMD,2020-09-08,0,3.2114579290846608e-06,1.0
0000882291,AEMD,2020-09-09,0,3.2114579290846608e-06,1.0
0000882291,AEMD,2020-09-10,0,3.2114579290846608e-06,1.0
0000882291,AEMD,2020-09-11,0,3.154471400527574e-06,1.0
0000882291,AEMD,2020-09-14,0,3.154471400527574e-06,1.0
0000882291,AEMD,2020-09-15,0,6.125221430669353e-06,1.0
0000882291,AEMD,2020-09-16,0,6.125221430669353e-06,1.0
0000882291,AEMD,2020-09-17,0,6.125221430669353e-06,1.0
0000882291,AEMD,2020-09-18,0,6.125221430669353e-06,1.0
0000882291,AEMD,2020-09-21,0,6.480249858274458e-06,1.0
0000882291,AEMD,2020-09-22,0,6.480249858274458e-06,1.0
0000882291,AEMD,2020-09-23,0,6.480249858274458e-06,1.0
0000882291,AEMD,2020-09-24,0,5.887461375444036e-06,1.0
0000882291,AEMD,2020-09-25,0,5.887461375444036e-06,1.0
0000882291,AEMD,2020-09-28,0,5.887461375444036e-06,1.0
0000882291,AEMD,2020-09-29,0,5.887461375444036e-06,1.0
0000882291,AEMD,2020-09-30,0,5.887461375444036e-06,1.0
0000882291,AEMD,2020-10-01,0,5.887461375444036e-06,1.0
0000882291,AEMD,2020-10-02,0,5.887461375444036e-06,1.0
0000882291,AEMD,2020-10-05,0,5.887461375444036e-06,1.0
0000882291,AEMD,2020-10-06,0,5.887461375444036e-06,1.0
0000882291,AEMD,2020-10-07,0,5.887461375444036e-06,1.0
0000882291,AEMD,2020-10-08,0,5.887461375444036e-06,1.0
0000882291,AEMD,2020-10-09,0,5.887461375444036e-06,1.0
0000882291,AEMD,2020-10-12,0,5.887461375444036e-06,1.0
0000882291,AEMD,2020-10-13,0,5.887461375444036e-06,1.0
0000882291,AEMD,2020-10-14,0,5.887461375444036e-06,1.0
0000882291,AEMD,2020-10-15,0,5.887461375444036e-06,1.0
0000882291,AEMD,2020-10-16,0,5.887461375444036e-06,1.0
0000882291,AEMD,2020-10-19,0,5.887461375444036e-06,1.0
0000882291,AEMD,2020-10-20,0,5.887461375444036e-06,1.0
0000882291,AEMD,2020-10-21,0,5.887461375444036e-06,1.0
0000882291,AEMD,2020-10-22,0,5.887461375444036e-06,1.0
0000882291,AEMD,2020-10-23,0,5.887461375444036e-06,1.0
0000882291,AEMD,2020-10-26,0,5.887461375444036e-06,1.0
0000882291,AEMD,2020-10-27,0,1.4230683185055468e-06,1.0
0000882291,AEMD,2020-10-28,0,1.4230683185055468e-06,1.0
0000882291,AEMD,2020-10-29,0,1.4707256116997214e-06,1.0
0000882291,AEMD,2020-10-30,0,1.4707256116997214e-06,1.0
0000882291,AEMD,2020-11-02,0,1.4707256116997214e-06,1.0
0000882291,AEMD,2020-11-03,0,1.4707256116997214e-06,1.0
0000882291,AEMD,2020-11-04,0,3.5194613466055343e-07,1.0
0000882291,AEMD,2020-11-05,0,3.5194613466055343e-07,1.0
0000882291,AEMD,2020-11-06,0,3.5194613466055343e-07,1.0
0000882291,AEMD,2020-11-09,0,3.5194613466055343e-07,1.0
0000882291,AEMD,2020-11-10,0,3.361923456734095e-07,1.0
0000882291,AEMD,2020-11-11,0,3.361923456734095e-07,1.0
0000882291,AEMD,2020-11-12,0,3.361923456734095e-07,1.0
0000882291,AEMD,2020-11-13,0,3.361923456734095e-07,1.0
0000882291,AEMD,2020-11-16,0,3.361923456734095e-07,1.0
0000882291,AEMD,2020-11-17,0,3.361923456734095e-07,1.0
0000882291,AEMD,2020-11-18,0,3.361923456734095e-07,1.0
0000882291,AEMD,2020-11-19,0,3.361923456734095e-07,1.0
0000882291,AEMD,2020-11-20,0,3.361923456734095e-07,1.0
0000882291,AEMD,2020-11-23,0,3.361923456734095e-07,1.0
0000882291,AEMD,2020-11-24,0,3.361923456734095e-07,1.0
0000882291,AEMD,2020-11-25,0,3.361923456734095e-07,1.0
0000882291,AEMD,2020-11-26,0,3.361923456734095e-07,1.0
0000882291,AEMD,2020-11-27,0,3.361923456734095e-07,1.0
0000882291,AEMD,2020-11-30,0,3.465237582827221e-07,1.0
0000882291,AEMD,2020-12-01,0,3.465237582827221e-07,1.0
0000882291,AEMD,2020-12-02,0,3.465237582827221e-07,1.0
0000882291,AEMD,2020-12-03,0,3.465237582827221e-07,1.0
0000882291,AEMD,2020-12-04,0,8.440381131863344e-07,1.0
0000882291,AEMD,2020-12-07,0,8.440381131863344e-07,1.0
0000882291,AEMD,2020-12-08,0,8.440381131863344e-07,1.0
0000882291,AEMD,2020-12-09,0,8.440381131863344e-07,1.0
0000882291,AEMD,2020-12-10,0,8.440381131863344e-07,1.0
0000882291,AEMD,2020-12-11,0,8.440381131863344e-07,1.0
0000882291,AEMD,2020-12-14,0,8.440381131863344e-07,1.0
0000882291,AEMD,2020-12-15,0,8.440381131863344e-07,1.0
0000882291,AEMD,2020-12-16,0,8.440381131863344e-07,1.0
0000882291,AEMD,2020-12-17,0,8.440381131863344e-07,1.0
0000882291,AEMD,2020-12-18,0,8.440381131863344e-07,1.0
0000882291,AEMD,2020-12-21,0,8.440381131863344e-07,1.0
0000882291,AEMD,2020-12-22,0,8.440381131863344e-07,1.0
0000882291,AEMD,2020-12-23,0,1.1154765815124033e-06,1.0
0000882291,AEMD,2020-12-24,0,1.1154765815124033e-06,1.0
0000882291,AEMD,2020-12-25,0,1.1154765815124033e-06,1.0
0000882291,AEMD,2020-12-28,0,1.1154765815124033e-06,1.0
0000882291,AEMD,2020-12-29,0,1.1154765815124033e-06,1.0
0000882291,AEMD,2020-12-30,0,1.1154765815124033e-06,1.0
0000882291,AEMD,2020-12-31,0,1.1154765815124033e-06,1.0
0000882291,AEMD,2021-01-01,0,1.1154765815124033e-06,1.0
0000882291,AEMD,2021-01-04,0,1.1154765815124033e-06,1.0
0000882291,AEMD,2021-01-05,0,1.1154765815124033e-06,1.0
0000882291,AEMD,2021-01-06,0,1.1154765815124033e-06,1.0
0000882291,AEMD,2021-01-07,0,1.1154765815124033e-06,1.0
0000882291,AEMD,2021-01-08,0,1.1154765815124033e-06,1.0
0000882291,AEMD,2021-01-11,0,1.1154765815124033e-06,1.0
0000882291,AEMD,2021-01-12,0,1.1154765815124033e-06,1.0
0000882291,AEMD,2021-01-13,0,1.1154765815124033e-06,1.0
0000882291,AEMD,2021-01-14,0,1.1154765815124033e-06,1.0
0000882291,AEMD,2021-01-15,0,1.1154765815124033e-06,1.0
0000882291,AEMD,2021-01-18,0,1.1154765815124033e-06,1.0
0000882291,AEMD,2021-01-19,0,1.1154765815124033e-06,1.0
0000882291,AEMD,2021-01-20,0,1.1154765815124033e-06,1.0
0000882291,AEMD,2021-01-21,0,1.1154765815124033e-06,1.0
0000882291,AEMD,2021-01-22,0,1.1154765815124033e-06,1.0
0000882291,AEMD,2021-01-25,0,7.839960664091444e-06,1.0
0000882291,AEMD,2021-01-26,0,7.839960664091444e-06,1.0
0000882291,AEMD,2021-01-27,0,1.0426393644463685e-05,1.0
0000882291,AEMD,2021-01-28,0,1.0426393644463685e-05,1.0
0000882291,AEMD,2021-01-29,0,1.0426393644463685e-05,1.0
0000882291,AEMD,2021-02-01,0,1.0426393644463685e-05,1.0
0000882291,AEMD,2021-02-02,0,1.60100176818946e-05,1.0
0000882291,AEMD,2021-02-03,0,1.60100176818946e-05,1.0
0000882291,AEMD,2021-02-04,0,1.60100176818946e-05,1.0
0000882291,AEMD,2021-02-05,0,1.60100176818946e-05,1.0
0000882291,AEMD,2021-02-08,0,1.6143773106866632e-05,1.0
0000882291,AEMD,2021-02-09,0,1.6143773106866632e-05,1.0
0000882291,AEMD,2021-02-10,0,1.6143773106866632e-05,1.0
0000882291,AEMD,2021-02-11,0,1.1565710479375746e-05,1.0
0000882291,AEMD,2021-02-12,0,1.1565710479375746e-05,1.0
0000882291,AEMD,2021-02-15,0,1.1565710479375746e-05,1.0
0000882291,AEMD,2021-02-16,0,1.1565710479375746e-05,1.0
0000882291,AEMD,2021-02-17,0,1.1565710479375746e-05,1.0
0000882291,AEMD,2021-02-18,0,1.1565710479375746e-05,1.0
0000882291,AEMD,2021-02-19,0,1.1565710479375746e-05,1.0
0000882291,AEMD,2021-02-22,0,1.1565710479375746e-05,1.0
0000882291,AEMD,2021-02-23,0,1.1565710479375746e-05,1.0
0000882291,AEMD,2021-02-24,0,1.1565710479375746e-05,1.0
0000882291,AEMD,2021-02-25,0,1.1565710479375746e-05,1.0
0000882291,AEMD,2021-02-26,0,1.1565710479375746e-05,1.0
0000882291,AEMD,2021-03-01,0,1.1565710479375746e-05,1.0
0000882291,AEMD,2021-03-02,0,1.1565710479375746e-05,1.0
0000882291,AEMD,2021-03-03,0,1.1565710479375746e-05,1.0
0000882291,AEMD,2021-03-04,0,1.1565710479375746e-05,1.0
0000882291,AEMD,2021-03-05,0,1.1565710479375746e-05,1.0
0000882291,AEMD,2021-03-08,0,1.1565710479375746e-05,1.0
0000882291,AEMD,2021-03-09,0,1.1565710479375746e-05,1.0
0000882291,AEMD,2021-03-10,0,1.1565710479375746e-05,1.0
0000882291,AEMD,2021-03-11,0,1.1565710479375746e-05,1.0
0000882291,AEMD,2021-03-12,0,1.1565710479375746e-05,1.0
0000882291,AEMD,2021-03-15,0,1.197344808648765e-05,1.0
0000882291,AEMD,2021-03-16,0,1.197344808648765e-05,1.0
0000882291,AEMD,2021-03-17,0,1.197344808648765e-05,1.0
0000882291,AEMD,2021-03-18,0,1.197344808648765e-05,1.0
0000882291,AEMD,2021-03-19,0,1.197344808648765e-05,1.0
0000882291,AEMD,2021-03-22,0,1.197344808648765e-05,1.0
0000882291,AEMD,2021-03-23,0,4.0961035468136094e-06,1.0
0000882291,AEMD,2021-03-24,0,4.0961035468136094e-06,1.0
0000882291,AEMD,2021-03-25,0,4.0961035468136094e-06,1.0
0000882291,AEMD,2021-03-26,0,4.0961035468136094e-06,1.0
0000882291,AEMD,2021-03-29,0,4.0961035468136094e-06,1.0
0000882291,AEMD,2021-03-30,0,4.0961035468136094e-06,1.0
0000882291,AEMD,2021-03-31,0,4.0961035468136094e-06,1.0
0000882291,AEMD,2021-04-01,0,4.0961035468136094e-06,1.0
0000882291,AEMD,2021-04-02,0,4.0961035468136094e-06,1.0
0000882291,AEMD,2021-04-05,0,4.0961035468136094e-06,1.0
0000882291,AEMD,2021-04-06,0,4.0961035468136094e-06,1.0
0000882291,AEMD,2021-04-07,0,4.0961035468136094e-06,1.0
0000882291,AEMD,2021-04-08,0,4.0961035468136094e-06,1.0
0000882291,AEMD,2021-04-09,0,4.0961035468136094e-06,1.0
0000882291,AEMD,2021-04-12,0,4.0961035468136094e-06,1.0
0000882291,AEMD,2021-04-13,0,4.0961035468136094e-06,1.0
0000882291,AEMD,2021-04-14,0,4.0961035468136094e-06,1.0
0000882291,AEMD,2021-04-15,0,4.0961035468136094e-06,1.0
0000882291,AEMD,2021-04-16,0,4.0961035468136094e-06,1.0
0000882291,AEMD,2021-04-19,0,4.0961035468136094e-06,1.0
0000882291,AEMD,2021-04-20,0,4.0961035468136094e-06,1.0
0000882291,AEMD,2021-04-21,0,4.0961035468136094e-06,1.0
0000882291,AEMD,2021-04-22,0,7.865773727863585e-06,1.0
0000882291,AEMD,2021-04-23,0,7.865773727863585e-06,1.0
0000882291,AEMD,2021-04-26,0,7.865773727863585e-06,1.0
0000882291,AEMD,2021-04-27,0,7.9800284245752e-06,1.0
0000882291,AEMD,2021-04-28,0,7.9800284245752e-06,1.0
0000882291,AEMD,2021-04-29,0,7.9800284245752e-06,1.0
0000882291,AEMD,2021-04-30,0,7.9800284245752e-06,1.0
0000882291,AEMD,2021-05-03,0,7.9800284245752e-06,1.0
0000882291,AEMD,2021-05-04,0,8.93190816320403e-06,1.0
0000882291,AEMD,2021-05-05,0,8.93190816320403e-06,1.0
0000882291,AEMD,2021-05-06,0,8.93190816320403e-06,1.0
0000882291,AEMD,2021-05-07,0,8.93190816320403e-06,1.0
0000882291,AEMD,2021-05-10,0,8.93190816320403e-06,1.0
0000882291,AEMD,2021-05-11,0,8.93190816320403e-06,1.0
0000882291,AEMD,2021-05-12,0,8.93190816320403e-06,1.0
0000882291,AEMD,2021-05-13,0,1.1842365197491915e-05,1.0
0000882291,AEMD,2021-05-14,0,1.1842365197491915e-05,1.0
0000882291,AEMD,2021-05-17,0,1.1842365197491915e-05,1.0
0000882291,AEMD,2021-05-18,0,1.1842365197491915e-05,1.0
0000882291,AEMD,2021-05-19,0,1.1842365197491915e-05,1.0
0000882291,AEMD,2021-05-20,0,1.1842365197491915e-05,1.0
0000882291,AEMD,2021-05-21,0,1.1842365197491915e-05,1.0
0000882291,AEMD,2021-05-24,0,1.1842365197491915e-05,1.0
0000882291,AEMD,2021-05-25,0,1.1842365197491915e-05,1.0
0000882291,AEMD,2021-05-26,0,1.1842365197491915e-05,1.0
0000882291,AEMD,2021-05-27,0,1.1842365197491915e-05,1.0
0000882291,AEMD,2021-05-28,0,1.1842365197491915e-05,1.0
0000882291,AEMD,2021-05-31,0,1.1842365197491915e-05,1.0
0000882291,AEMD,2021-06-01,0,1.1842365197491915e-05,1.0
0000882291,AEMD,2021-06-02,0,1.1842365197491915e-05,1.0
0000882291,AEMD,2021-06-03,0,1.1842365197491915e-05,1.0
0000882291,AEMD,2021-06-04,0,1.1842365197491915e-05,1.0
0000882291,AEMD,2021-06-07,0,1.1842365197491915e-05,1.0
0000882291,AEMD,2021-06-08,0,1.1842365197491915e-05,1.0
0000882291,AEMD,2021-06-09,0,1.1842365197491915e-05,1.0
0000882291,AEMD,2021-06-10,0,1.1842365197491915e-05,1.0
0000882291,AEMD,2021-06-11,0,1.1842365197491915e-05,1.0
0000882291,AEMD,2021-06-14,0,8.907526417805673e-06,1.0
0000882291,AEMD,2021-06-15,0,8.907526417805673e-06,1.0
0000882291,AEMD,2021-06-16,0,8.907526417805673e-06,1.0
0000882291,AEMD,2021-06-17,0,8.907526417805673e-06,1.0
0000882291,AEMD,2021-06-18,0,8.907526417805673e-06,1.0
0000882291,AEMD,2021-06-21,0,1.3188432752421828e-05,1.0
0000882291,AEMD,2021-06-22,0,1.3188432752421828e-05,1.0
0000882291,AEMD,2021-06-23,0,1.3188432752421828e-05,1.0
0000882291,AEMD,2021-06-24,0,1.3188432752421828e-05,1.0
0000882291,AEMD,2021-06-25,0,1.816381743944392e-06,1.0
0000882291,AEMD,2021-06-28,0,1.816381743944392e-06,1.0
0000882291,AEMD,2021-06-29,0,1.816381743944392e-06,1.0
0000882291,AEMD,2021-06-30,0,1.816381743944392e-06,1.0
0000882291,AEMD,2021-07-01,0,1.816381743944392e-06,1.0
0000882291,AEMD,2021-07-02,0,1.816381743944392e-06,1.0
0000882291,AEMD,2021-07-05,0,1.816381743944392e-06,1.0
0000882291,AEMD,2021-07-06,0,1.816381743944392e-06,1.0
0000882291,AEMD,2021-07-07,0,1.816381743944392e-06,1.0
0000882291,AEMD,2021-07-08,0,1.816381743944392e-06,1.0
0000882291,AEMD,2021-07-09,0,1.816381743944392e-06,1.0
0000882291,AEMD,2021-07-12,0,1.816381743944392e-06,1.0
0000882291,AEMD,2021-07-13,0,1.816381743944392e-06,1.0
0000882291,AEMD,2021-07-14,0,1.8323604749923853e-06,1.0
0000882291,AEMD,2021-07-15,0,1.8323604749923853e-06,1.0
0000882291,AEMD,2021-07-16,0,1.8323604749923853e-06,1.0
0000882291,AEMD,2021-07-19,0,1.8323604749923853e-06,1.0
0000882291,AEMD,2021-07-20,0,1.8323604749923853e-06,1.0
0000882291,AEMD,2021-07-21,0,1.8323604749923853e-06,1.0
0000882291,AEMD,2021-07-22,0,1.8323604749923853e-06,1.0
0000882291,AEMD,2021-07-23,0,1.8323604749923853e-06,1.0
0000882291,AEMD,2021-07-26,0,7.821848921166245e-06,1.0
0000882291,AEMD,2021-07-27,0,7.821848921166245e-06,1.0
0000882291,AEMD,2021-07-28,0,7.821848921166245e-06,1.0
0000882291,AEMD,2021-07-29,0,2.1123724226216896e-06,1.0
0000882291,AEMD,2021-07-30,0,2.1123724226216896e-06,1.0
0000882291,AEMD,2021-08-02,0,2.1123724226216896e-06,1.0
0000882291,AEMD,2021-08-03,0,2.1123724226216896e-06,1.0
0000882291,AEMD,2021-08-04,0,2.1123724226216896e-06,1.0
0000882291,AEMD,2021-08-05,0,2.1123724226216896e-06,1.0
0000882291,AEMD,2021-08-06,0,2.1123724226216896e-06,1.0
0000882291,AEMD,2021-08-09,0,2.1123724226216896e-06,1.0
0000882291,AEMD,2021-08-10,0,2.2087821295681425e-06,1.0
0000882291,AEMD,2021-08-11,0,2.242109353450566e-06,1.0
0000882291,AEMD,2021-08-12,0,2.242109353450566e-06,1.0
0000882291,AEMD,2021-08-13,0,2.242109353450566e-06,1.0
0000882291,AEMD,2021-08-16,0,2.242109353450566e-06,1.0
0000882291,AEMD,2021-08-17,0,2.242109353450566e-06,1.0
0000882291,AEMD,2021-08-18,0,2.242109353450566e-06,1.0
0000882291,AEMD,2021-08-19,0,2.242109353450566e-06,1.0
0000882291,AEMD,2021-08-20,0,2.242109353450566e-06,1.0
0000882291,AEMD,2021-08-23,0,2.242109353450566e-06,1.0
0000882291,AEMD,2021-08-24,0,2.242109353450566e-06,1.0
0000882291,AEMD,2021-08-25,0,2.242109353450566e-06,1.0
0000882291,AEMD,2021-08-26,0,2.242109353450566e-06,1.0
0000882291,AEMD,2021-08-27,0,2.242109353450566e-06,1.0
0000882291,AEMD,2021-08-30,0,9.473161058988251e-06,1.0
0000882291,AEMD,2021-08-31,0,9.473161058988251e-06,1.0
0000882291,AEMD,2021-09-01,0,9.473161058988251e-06,1.0
0000882291,AEMD,2021-09-02,0,9.473161058988251e-06,1.0
0000882291,AEMD,2021-09-03,0,9.473161058988251e-06,1.0
0000882291,AEMD,2021-09-06,0,9.473161058988251e-06,1.0
0000882291,AEMD,2021-09-07,0,9.473161058988251e-06,1.0
0000882291,AEMD,2021-09-08,0,9.473161058988251e-06,1.0
0000882291,AEMD,2021-09-09,0,9.511055632228312e-06,1.0
0000882291,AEMD,2021-09-10,0,9.511055632228312e-06,1.0
0000882291,AEMD,2021-09-13,0,9.453158993658089e-06,1.0
0000882291,AEMD,2021-09-14,0,9.453158993658089e-06,1.0
0000882291,AEMD,2021-09-15,0,9.453158993658089e-06,1.0
0000882291,AEMD,2021-09-16,0,9.453158993658089e-06,1.0
0000882291,AEMD,2021-09-17,0,9.453158993658089e-06,1.0
0000882291,AEMD,2021-09-20,0,9.723260049087236e-06,1.0
0000882291,AEMD,2021-09-21,0,9.723260049087236e-06,1.0
0000882291,AEMD,2021-09-22,0,9.723260049087236e-06,1.0
0000882291,AEMD,2021-09-23,0,1.3540025955461748e-05,1.0
0000882291,AEMD,2021-09-24,0,1.3540025955461748e-05,1.0
0000882291,AEMD,2021-09-27,0,1.3540025955461748e-05,1.0
0000882291,AEMD,2021-09-28,0,1.3540025955461748e-05,1.0
0000882291,AEMD,2021-09-29,0,1.3540025955461748e-05,1.0
0000882291,AEMD,2021-09-30,0,2.3275811079156995e-06,1.0
0000882291,AEMD,2021-10-01,0,2.3275811079156995e-06,1.0
0000882291,AEMD,2021-10-04,0,2.3275811079156995e-06,1.0
0000882291,AEMD,2021-10-05,0,2.3275811079156995e-06,1.0
0000882291,AEMD,2021-10-06,0,2.3275811079156995e-06,1.0
0000882291,AEMD,2021-10-07,0,2.3275811079156995e-06,1.0
0000882291,AEMD,2021-10-08,0,2.3275811079156995e-06,1.0
0000882291,AEMD,2021-10-11,0,2.3275811079156995e-06,1.0
0000882291,AEMD,2021-10-12,0,2.3275811079156995e-06,1.0
0000882291,AEMD,2021-10-13,0,2.3275811079156995e-06,1.0
0000882291,AEMD,2021-10-14,0,2.3275811079156995e-06,1.0
0000882291,AEMD,2021-10-15,0,2.3275811079156995e-06,1.0
0000882291,AEMD,2021-10-18,0,2.3275811079156995e-06,1.0
0000882291,AEMD,2021-10-19,0,2.3275811079156995e-06,1.0
0000882291,AEMD,2021-10-20,0,2.3275811079156995e-06,1.0
0000882291,AEMD,2021-10-21,0,2.3275811079156995e-06,1.0
0000882291,AEMD,2021-10-22,0,2.3275811079156995e-06,1.0
0000882291,AEMD,2021-10-25,0,2.3275811079156995e-06,1.0
0000882291,AEMD,2021-10-26,0,2.3275811079156995e-06,1.0
0000882291,AEMD,2021-10-27,0,4.084885477273393e-07,1.0
0000882291,AEMD,2021-10-28,0,4.084885477273393e-07,1.0
0000882291,AEMD,2021-10-29,0,4.084885477273393e-07,1.0
0000882291,AEMD,2021-11-01,0,9.172696075568067e-07,1.0
0000882291,AEMD,2021-11-02,0,9.172696075568067e-07,1.0
0000882291,AEMD,2021-11-03,0,9.172696075568067e-07,1.0
0000882291,AEMD,2021-11-04,0,9.172696075568067e-07,1.0
0000882291,AEMD,2021-11-05,0,9.172696075568067e-07,1.0
0000882291,AEMD,2021-11-08,0,1.2424347049541655e-06,1.0
0000882291,AEMD,2021-11-09,0,1.2424347049541655e-06,1.0
0000882291,AEMD,2021-11-10,0,9.164953495991062e-07,1.0
0000882291,AEMD,2021-11-11,0,9.164953495991062e-07,1.0
0000882291,AEMD,2021-11-12,0,9.164953495991062e-07,1.0
0000882291,AEMD,2021-11-15,0,9.164953495991062e-07,1.0
0000882291,AEMD,2021-11-16,0,9.164953495991062e-07,1.0
0000882291,AEMD,2021-11-17,0,9.164953495991062e-07,1.0
0000882291,AEMD,2021-11-18,0,9.164953495991062e-07,1.0
0000882291,AEMD,2021-11-19,0,9.164953495991062e-07,1.0
0000882291,AEMD,2021-11-22,0,9.164953495991062e-07,1.0
0000882291,AEMD,2021-11-23,0,9.164953495991062e-07,1.0
0000882291,AEMD,2021-11-24,0,9.164953495991062e-07,1.0
0000882291,AEMD,2021-11-25,0,9.164953495991062e-07,1.0
0000882291,AEMD,2021-11-26,0,9.164953495991062e-07,1.0
0000882291,AEMD,2021-11-29,0,9.164953495991062e-07,1.0
0000882291,AEMD,2021-11-30,0,9.164953495991062e-07,1.0
0000882291,AEMD,2021-12-01,0,9.164953495991062e-07,1.0
0000882291,AEMD,2021-12-02,0,9.164953495991062e-07,1.0
0000882291,AEMD,2021-12-03,0,9.164953495991062e-07,1.0
0000882291,AEMD,2021-12-06,0,9.164953495991062e-07,1.0
0000882291,AEMD,2021-12-07,0,9.164953495991062e-07,1.0
0000882291,AEMD,2021-12-08,0,9.164953495991062e-07,1.0
0000882291,AEMD,2021-12-09,0,9.164953495991062e-07,1.0
0000882291,AEMD,2021-12-10,0,8.884825845234929e-07,1.0
0000882291,AEMD,2021-12-13,0,8.894687433925733e-07,1.0
0000882291,AEMD,2021-12-14,0,8.894687433925733e-07,1.0
0000882291,AEMD,2021-12-15,0,8.894687433925733e-07,1.0
0000882291,AEMD,2021-12-16,0,8.894687433925733e-07,1.0
0000882291,AEMD,2021-12-17,0,8.894687433925733e-07,1.0
0000882291,AEMD,2021-12-20,0,8.894687433925733e-07,1.0
0000882291,AEMD,2021-12-21,0,8.894687433925733e-07,1.0
0000882291,AEMD,2021-12-22,0,1.1271997595706733e-06,1.0
0000882291,AEMD,2021-12-23,0,1.1271997595706733e-06,1.0
0000882291,AEMD,2021-12-24,0,1.1271997595706733e-06,1.0
0000882291,AEMD,2021-12-27,0,1.1271997595706733e-06,1.0
0000882291,AEMD,2021-12-28,0,1.1271997595706733e-06,1.0
0000882291,AEMD,2021-12-29,0,3.445680230110194e-06,1.0
0000882291,AEMD,2021-12-30,0,3.445680230110194e-06,1.0
0000882291,AEMD,2021-12-31,0,3.445680230110194e-06,1.0
0000882291,AEMD,2022-01-03,0,3.445680230110194e-06,1.0
0000882291,AEMD,2022-01-04,0,3.445680230110194e-06,1.0
0000882291,AEMD,2022-01-05,0,3.445680230110194e-06,1.0
0000882291,AEMD,2022-01-06,0,3.445680230110194e-06,1.0
0000882291,AEMD,2022-01-07,0,3.445680230110194e-06,1.0
0000882291,AEMD,2022-01-10,0,3.445680230110194e-06,1.0
0000882291,AEMD,2022-01-11,0,3.445680230110194e-06,1.0
0000882291,AEMD,2022-01-12,0,3.445680230110194e-06,1.0
0000882291,AEMD,2022-01-13,0,3.445680230110194e-06,1.0
0000882291,AEMD,2022-01-14,0,3.445680230110194e-06,1.0
0000882291,AEMD,2022-01-17,0,3.445680230110194e-06,1.0
0000882291,AEMD,2022-01-18,0,3.445680230110194e-06,1.0
0000882291,AEMD,2022-01-19,0,3.445680230110194e-06,1.0
0000882291,AEMD,2022-01-20,0,3.445680230110194e-06,1.0
0000882291,AEMD,2022-01-21,0,3.445680230110194e-06,1.0
0000882291,AEMD,2022-01-24,0,3.445680230110194e-06,1.0
0000882291,AEMD,2022-01-25,0,6.570174158053786e-06,1.0
0000882291,AEMD,2022-01-26,0,6.570174158053786e-06,1.0
0000882291,AEMD,2022-01-27,0,6.570174158053786e-06,1.0
0000882291,AEMD,2022-01-28,0,6.570174158053786e-06,1.0
0000882291,AEMD,2022-01-31,0,6.570174158053786e-06,1.0
0000882291,AEMD,2022-02-01,0,6.570174158053786e-06,1.0
0000882291,AEMD,2022-02-02,0,6.570174158053786e-06,1.0
0000882291,AEMD,2022-02-03,0,6.570174158053786e-06,1.0
0000882291,AEMD,2022-02-04,0,6.570174158053786e-06,1.0
0000882291,AEMD,2022-02-07,0,6.6434637878223725e-06,1.0
0000882291,AEMD,2022-02-08,0,9.220984728993505e-06,1.0
0000882291,AEMD,2022-02-09,0,9.220984728993505e-06,1.0
0000882291,AEMD,2022-02-10,0,9.220984728993505e-06,1.0
0000882291,AEMD,2022-02-11,0,9.220984728993505e-06,1.0
0000882291,AEMD,2022-02-14,0,9.220984728993505e-06,1.0
0000882291,AEMD,2022-02-15,0,6.801972995330128e-06,1.0
0000882291,AEMD,2022-02-16,0,6.801972995330128e-06,1.0
0000882291,AEMD,2022-02-17,0,6.801972995330128e-06,1.0
0000882291,AEMD,2022-02-18,0,6.801972995330128e-06,1.0
0000882291,AEMD,2022-02-21,0,6.801972995330128e-06,1.0
0000882291,AEMD,2022-02-22,0,6.801972995330128e-06,1.0
0000882291,AEMD,2022-02-23,0,6.801972995330128e-06,1.0
0000882291,AEMD,2022-02-24,0,6.801972995330128e-06,1.0
0000882291,AEMD,2022-02-25,0,6.801972995330128e-06,1.0
0000882291,AEMD,2022-02-28,0,6.801972995330128e-06,1.0
0000882291,AEMD,2022-03-01,0,6.801972995330128e-06,1.0
0000882291,AEMD,2022-03-02,0,6.801972995330128e-06,1.0
0000882291,AEMD,2022-03-03,0,6.801972995330128e-06,1.0
0000882291,AEMD,2022-03-04,0,6.801972995330128e-06,1.0
0000882291,AEMD,2022-03-07,0,6.801972995330128e-06,1.0
0000882291,AEMD,2022-03-08,0,6.801972995330128e-06,1.0
0000882291,AEMD,2022-03-09,0,6.801972995330128e-06,1.0
0000882291,AEMD,2022-03-10,0,6.801972995330128e-06,1.0
0000882291,AEMD,2022-03-11,0,6.801972995330128e-06,1.0
0000882291,AEMD,2022-03-14,0,6.801972995330128e-06,1.0
0000882291,AEMD,2022-03-15,0,6.801972995330128e-06,1.0
0000882291,AEMD,2022-03-16,0,6.801972995330128e-06,1.0
0000882291,AEMD,2022-03-17,0,6.801972995330128e-06,1.0
0000882291,AEMD,2022-03-18,0,6.594071248205556e-06,1.0
0000882291,AEMD,2022-03-21,0,6.594071248205556e-06,1.0
0000882291,AEMD,2022-03-22,0,6.594071248205556e-06,1.0
0000882291,AEMD,2022-03-23,0,6.594071248205556e-06,1.0
0000882291,AEMD,2022-03-24,0,6.594071248205556e-06,1.0
0000882291,AEMD,2022-03-25,0,2.2558166069440444e-06,1.0
0000882291,AEMD,2022-03-28,0,2.2558166069440444e-06,1.0
0000882291,AEMD,2022-03-29,0,4.5013755496837885e-06,1.0
0000882291,AEMD,2022-03-30,0,4.5013755496837885e-06,1.0
0000882291,AEMD,2022-03-31,0,4.5013755496837885e-06,1.0
0000882291,AEMD,2022-04-01,0,4.5013755496837885e-06,1.0
0000882291,AEMD,2022-04-04,0,4.5013755496837885e-06,1.0
0000882291,AEMD,2022-04-05,0,4.5013755496837885e-06,1.0
0000882291,AEMD,2022-04-06,0,4.5013755496837885e-06,1.0
0000882291,AEMD,2022-04-07,0,4.5013755496837885e-06,1.0
0000882291,AEMD,2022-04-08,0,4.5013755496837885e-06,1.0
0000882291,AEMD,2022-04-11,0,4.5013755496837885e-06,1.0
0000882291,AEMD,2022-04-12,0,4.5013755496837885e-06,1.0
0000882291,AEMD,2022-04-13,0,4.5013755496837885e-06,1.0
0000882291,AEMD,2022-04-14,0,4.5013755496837885e-06,1.0
0000882291,AEMD,2022-04-15,0,4.5013755496837885e-06,1.0
0000882291,AEMD,2022-04-18,0,4.5013755496837885e-06,1.0
0000882291,AEMD,2022-04-19,0,4.5013755496837885e-06,1.0
0000882291,AEMD,2022-04-20,0,4.5013755496837885e-06,1.0
0000882291,AEMD,2022-04-21,0,4.5013755496837885e-06,1.0
0000882291,AEMD,2022-04-22,0,4.5013755496837885e-06,1.0
0000882291,AEMD,2022-04-25,0,8.644016912026932e-06,1.0
0000882291,AEMD,2022-04-26,0,8.644016912026932e-06,1.0
0000882291,AEMD,2022-04-27,0,8.644016912026932e-06,1.0
0000882291,AEMD,2022-04-28,0,8.644016912026932e-06,1.0
0000882291,AEMD,2022-04-29,0,8.644016912026932e-06,1.0
0000882291,AEMD,2022-05-02,0,8.644016912026932e-06,1.0
0000882291,AEMD,2022-05-03,0,8.644016912026932e-06,1.0
0000882291,AEMD,2022-05-04,0,8.644016912026932e-06,1.0
0000882291,AEMD,2022-05-05,0,8.644016912026932e-06,1.0
0000882291,AEMD,2022-05-06,0,8.644016912026932e-06,1.0
0000882291,AEMD,2022-05-09,0,8.644016912026932e-06,1.0
0000882291,AEMD,2022-05-10,0,8.701742270806738e-06,1.0
0000882291,AEMD,2022-05-11,0,8.701742270806738e-06,1.0
0000882291,AEMD,2022-05-12,0,8.701742270806738e-06,1.0
0000882291,AEMD,2022-05-13,0,8.701742270806738e-06,1.0
0000882291,AEMD,2022-05-16,0,8.701742270806738e-06,1.0
0000882291,AEMD,2022-05-17,0,1.2077821311447058e-05,1.0
0000882291,AEMD,2022-05-18,0,1.2077821311447058e-05,1.0
0000882291,AEMD,2022-05-19,0,1.2077821311447058e-05,1.0
0000882291,AEMD,2022-05-20,0,1.2077821311447058e-05,1.0
0000882291,AEMD,2022-05-23,0,1.2077821311447058e-05,1.0
0000882291,AEMD,2022-05-24,0,1.2077821311447058e-05,1.0
0000882291,AEMD,2022-05-25,0,1.2077821311447058e-05,1.0
0000882291,AEMD,2022-05-26,0,1.2077821311447058e-05,1.0
0000882291,AEMD,2022-05-27,0,1.2077821311447058e-05,1.0
0000882291,AEMD,2022-05-30,0,1.2077821311447058e-05,1.0
0000882291,AEMD,2022-05-31,0,1.2077821311447058e-05,1.0
0000882291,AEMD,2022-06-01,0,1.2077821311447058e-05,1.0
0000882291,AEMD,2022-06-02,0,1.2077821311447058e-05,1.0
0000882291,AEMD,2022-06-03,0,1.2077821311447058e-05,1.0
0000882291,AEMD,2022-06-06,0,1.2077821311447058e-05,1.0
0000882291,AEMD,2022-06-07,0,1.2077821311447058e-05,1.0
0000882291,AEMD,2022-06-08,0,1.2077821311447058e-05,1.0
0000882291,AEMD,2022-06-09,0,1.2077821311447058e-05,1.0
0000882291,AEMD,2022-06-10,0,1.2077821311447058e-05,1.0
0000882291,AEMD,2022-06-13,0,1.2077821311447058e-05,1.0
0000882291,AEMD,2022-06-14,0,1.2077821311447058e-05,1.0
0000882291,AEMD,2022-06-15,0,1.2077821311447058e-05,1.0
0000882291,AEMD,2022-06-16,0,1.2077821311447058e-05,1.0
0000882291,AEMD,2022-06-17,0,1.2077821311447058e-05,1.0
0000882291,AEMD,2022-06-20,0,1.2077821311447058e-05,1.0
0000882291,AEMD,2022-06-21,0,1.2077821311447058e-05,1.0
0000882291,AEMD,2022-06-22,0,1.2077821311447058e-05,1.0
0000882291,AEMD,2022-06-23,0,1.7882326023419845e-05,1.0
0000882291,AEMD,2022-06-24,0,1.7882326023419845e-05,1.0
0000882291,AEMD,2022-06-27,0,1.7882326023419845e-05,1.0
0000882291,AEMD,2022-06-28,0,1.7882326023419845e-05,1.0
0000882291,AEMD,2022-06-29,0,2.3354980528033024e-06,1.0
0000882291,AEMD,2022-06-30,0,2.3354980528033024e-06,1.0
0000882291,AEMD,2022-07-01,0,2.3354980528033024e-06,1.0
0000882291,AEMD,2022-07-04,0,2.3354980528033024e-06,1.0
0000882291,AEMD,2022-07-05,0,2.3354980528033024e-06,1.0
0000882291,AEMD,2022-07-06,0,2.3354980528033024e-06,1.0
0000882291,AEMD,2022-07-07,0,2.3354980528033024e-06,1.0
0000882291,AEMD,2022-07-08,0,2.3354980528033024e-06,1.0
0000882291,AEMD,2022-07-11,0,2.3354980528033024e-06,1.0
0000882291,AEMD,2022-07-12,0,2.3354980528033024e-06,1.0
0000882291,AEMD,2022-07-13,0,2.3354980528033024e-06,1.0
0000882291,AEMD,2022-07-14,0,2.3354980528033024e-06,1.0
0000882291,AEMD,2022-07-15,0,2.3354980528033024e-06,1.0
0000882291,AEMD,2022-07-18,0,7.859522562803996e-06,1.0
0000882291,AEMD,2022-07-19,0,7.859522562803996e-06,1.0
0000882291,AEMD,2022-07-20,0,7.859522562803996e-06,1.0
0000882291,AEMD,2022-07-21,0,7.859522562803996e-06,1.0
0000882291,AEMD,2022-07-22,0,7.859522562803996e-06,1.0
0000882291,AEMD,2022-07-25,0,7.859522562803996e-06,1.0
0000882291,AEMD,2022-07-26,0,7.859522562803996e-06,1.0
0000882291,AEMD,2022-07-27,0,7.859522562803996e-06,1.0
0000882291,AEMD,2022-07-28,0,2.6448871475587537e-05,1.0
0000882291,AEMD,2022-07-29,0,4.946941380281552e-05,1.0
0000882291,AEMD,2022-08-01,0,4.946941380281552e-05,1.0
0000882291,AEMD,2022-08-02,0,4.946941380281552e-05,1.0
0000882291,AEMD,2022-08-03,0,4.946941380281552e-05,1.0
0000882291,AEMD,2022-08-04,0,4.946941380281552e-05,1.0
0000882291,AEMD,2022-08-05,0,4.946941380281552e-05,1.0
0000882291,AEMD,2022-08-08,0,4.946941380281552e-05,1.0
0000882291,AEMD,2022-08-09,0,4.946941380281552e-05,1.0
0000882291,AEMD,2022-08-10,0,5.264202402941281e-05,1.0
0000882291,AEMD,2022-08-11,0,5.264202402941281e-05,1.0
0000882291,AEMD,2022-08-12,0,5.264202402941281e-05,1.0
0000882291,AEMD,2022-08-15,0,5.2993555633374576e-05,1.0
0000882291,AEMD,2022-08-16,0,5.2993555633374576e-05,1.0
0000882291,AEMD,2022-08-17,0,3.416971712423089e-05,1.0
0000882291,AEMD,2022-08-18,0,3.416971712423089e-05,1.0
0000882291,AEMD,2022-08-19,0,3.416971712423089e-05,1.0
0000882291,AEMD,2022-08-22,0,3.416971712423089e-05,1.0
0000882291,AEMD,2022-08-23,0,3.416971712423089e-05,1.0
0000882291,AEMD,2022-08-24,0,3.416971712423089e-05,1.0
0000882291,AEMD,2022-08-25,0,3.416971712423089e-05,1.0
0000882291,AEMD,2022-08-26,0,3.416971712423089e-05,1.0
0000882291,AEMD,2022-08-29,0,5.298842155692657e-05,1.0
0000882291,AEMD,2022-08-30,0,5.298842155692657e-05,1.0
0000882291,AEMD,2022-08-31,0,5.298842155692657e-05,1.0
0000882291,AEMD,2022-09-01,0,5.298842155692657e-05,1.0
0000882291,AEMD,2022-09-02,0,5.298842155692657e-05,1.0
0000882291,AEMD,2022-09-05,0,5.298842155692657e-05,1.0
0000882291,AEMD,2022-09-06,0,5.298842155692657e-05,1.0
0000882291,AEMD,2022-09-07,0,5.298842155692657e-05,1.0
0000882291,AEMD,2022-09-08,0,5.298842155692657e-05,1.0
0000882291,AEMD,2022-09-09,0,5.114445184522735e-05,1.0
0000882291,AEMD,2022-09-12,0,5.114445184522735e-05,1.0
0000882291,AEMD,2022-09-13,0,5.114445184522735e-05,1.0
0000882291,AEMD,2022-09-14,0,5.114445184522735e-05,1.0
0000882291,AEMD,2022-09-15,0,5.114445184522735e-05,1.0
0000882291,AEMD,2022-09-16,0,5.114445184522735e-05,1.0
0000882291,AEMD,2022-09-19,0,5.114445184522735e-05,1.0
0000882291,AEMD,2022-09-20,0,5.114445184522735e-05,1.0
0000882291,AEMD,2022-09-21,0,5.260571765496045e-05,1.0
0000882291,AEMD,2022-09-22,0,5.260571765496045e-05,1.0
0000882291,AEMD,2022-09-23,0,5.260571765496045e-05,1.0
0000882291,AEMD,2022-09-26,0,5.260571765496045e-05,1.0
0000882291,AEMD,2022-09-27,0,2.9334505995805616e-05,1.0
0000882291,AEMD,2022-09-28,0,2.9334505995805616e-05,1.0
0000882291,AEMD,2022-09-29,0,2.9334505995805616e-05,1.0
0000882291,AEMD,2022-09-30,0,2.9334505995805616e-05,1.0
0000882291,AEMD,2022-10-03,0,2.9334505995805616e-05,1.0
0000882291,AEMD,2022-10-04,0,2.9334505995805616e-05,1.0
0000882291,AEMD,2022-10-05,0,2.9334505995805616e-05,1.0
0000882291,AEMD,2022-10-06,0,2.9334505995805616e-05,1.0
0000882291,AEMD,2022-10-07,0,2.9334505995805616e-05,1.0
0000882291,AEMD,2022-10-10,0,2.9334505995805616e-05,1.0
0000882291,AEMD,2022-10-11,0,2.9334505995805616e-05,1.0
0000882291,AEMD,2022-10-12,0,2.9334505995805616e-05,1.0
0000882291,AEMD,2022-10-13,0,2.9334505995805616e-05,1.0
0000882291,AEMD,2022-10-14,0,2.9334505995805616e-05,1.0
0000882291,AEMD,2022-10-17,0,4.921295967123236e-06,1.0
0000882291,AEMD,2022-10-18,0,4.921295967123236e-06,1.0
0000882291,AEMD,2022-10-19,0,4.921295967123236e-06,1.0
0000882291,AEMD,2022-10-20,0,4.921295967123236e-06,1.0
0000882291,AEMD,2022-10-21,0,4.921295967123236e-06,1.0
0000882291,AEMD,2022-10-24,0,4.921295967123236e-06,1.0
0000882291,AEMD,2022-10-25,0,4.921295967123236e-06,1.0
0000882291,AEMD,2022-10-26,0,5.31075837397282e-07,1.0
0000882291,AEMD,2022-10-27,0,5.31075837397282e-07,1.0
0000882291,AEMD,2022-10-28,0,5.31075837397282e-07,1.0
0000882291,AEMD,2022-10-31,0,5.31075837397282e-07,1.0
0000882291,AEMD,2022-11-01,0,5.31075837397282e-07,1.0
0000882291,AEMD,2022-11-02,0,5.31075837397282e-07,1.0
0000882291,AEMD,2022-11-03,0,5.31075837397282e-07,1.0
0000882291,AEMD,2022-11-04,0,5.31075837397282e-07,1.0
0000882291,AEMD,2022-11-07,0,5.31075837397282e-07,1.0
0000882291,AEMD,2022-11-08,0,7.393774389490453e-07,1.0
0000882291,AEMD,2022-11-09,0,7.393774389490453e-07,1.0
0000882291,AEMD,2022-11-10,0,7.393774389490453e-07,1.0
0000882291,AEMD,2022-11-11,0,7.393774389490453e-07,1.0
0000882291,AEMD,2022-11-14,0,7.393774389490453e-07,1.0
0000882291,AEMD,2022-11-15,0,5.486066666480982e-07,1.0
0000882291,AEMD,2022-11-16,0,5.486066666480982e-07,1.0
0000882291,AEMD,2022-11-17,0,5.486066666480982e-07,1.0
0000882291,AEMD,2022-11-18,0,5.486066666480982e-07,1.0
0000882291,AEMD,2022-11-21,0,5.486066666480982e-07,1.0
0000882291,AEMD,2022-11-22,0,5.486066666480982e-07,1.0
0000882291,AEMD,2022-11-23,0,5.486066666480982e-07,1.0
0000882291,AEMD,2022-11-24,0,5.486066666480982e-07,1.0
0000882291,AEMD,2022-11-25,0,5.486066666480982e-07,1.0
0000882291,AEMD,2022-11-28,0,5.486066666480982e-07,1.0
0000882291,AEMD,2022-11-29,0,5.486066666480982e-07,1.0
0000882291,AEMD,2022-11-30,0,5.486066666480982e-07,1.0
0000882291,AEMD,2022-12-01,0,5.486066666480982e-07,1.0
0000882291,AEMD,2022-12-02,0,5.486066666480982e-07,1.0
0000882291,AEMD,2022-12-05,0,5.486066666480982e-07,1.0
0000882291,AEMD,2022-12-06,0,5.486066666480982e-07,1.0
0000882291,AEMD,2022-12-07,0,5.486066666480982e-07,1.0
0000882291,AEMD,2022-12-08,0,5.486066666480982e-07,1.0
0000882291,AEMD,2022-12-09,0,5.486066666480982e-07,1.0
0000882291,AEMD,2022-12-12,0,5.486066666480982e-07,1.0
0000882291,AEMD,2022-12-13,0,5.486066666480982e-07,1.0
0000882291,AEMD,2022-12-14,0,5.486066666480982e-07,1.0
0000882291,AEMD,2022-12-15,0,5.248969411182253e-07,1.0
0000882291,AEMD,2022-12-16,0,5.248969411182253e-07,1.0
0000882291,AEMD,2022-12-19,0,5.248969411182253e-07,1.0
0000882291,AEMD,2022-12-20,0,5.248969411182253e-07,1.0
0000882291,AEMD,2022-12-21,0,5.248969411182253e-07,1.0
0000882291,AEMD,2022-12-22,0,5.248969411182253e-07,1.0
0000882291,AEMD,2022-12-23,0,5.248969411182253e-07,1.0
0000882291,AEMD,2022-12-26,0,6.350223153389927e-07,1.0
0000882291,AEMD,2022-12-27,0,6.350223153389927e-07,1.0
0000882291,AEMD,2022-12-28,0,6.350223153389927e-07,1.0
0000882291,AEMD,2022-12-29,0,6.350223153389927e-07,1.0
0000882291,AEMD,2022-12-30,0,6.350223153389927e-07,1.0
0000882291,AEMD,2023-01-02,0,6.350223153389927e-07,1.0
0000882291,AEMD,2023-01-03,0,6.350223153389927e-07,1.0
0000882291,AEMD,2023-01-04,0,6.350223153389927e-07,1.0
0000882291,AEMD,2023-01-05,0,6.350223153389927e-07,1.0
0000882291,AEMD,2023-01-06,0,6.350223153389927e-07,1.0
0000882291,AEMD,2023-01-09,0,6.350223153389927e-07,1.0
0000882291,AEMD,2023-01-10,0,6.350223153389927e-07,1.0
0000882291,AEMD,2023-01-11,0,6.350223153389927e-07,1.0
0000882291,AEMD,2023-01-12,0,6.350223153389927e-07,1.0
0000882291,AEMD,2023-01-13,0,6.350223153389927e-07,1.0
0000882291,AEMD,2023-01-16,0,1.859045791489621e-06,1.0
0000882291,AEMD,2023-01-17,0,1.859045791489621e-06,1.0
0000882291,AEMD,2023-01-18,0,1.859045791489621e-06,1.0
0000882291,AEMD,2023-01-19,0,1.859045791489621e-06,1.0
0000882291,AEMD,2023-01-20,0,1.859045791489621e-06,1.0
0000882291,AEMD,2023-01-23,0,1.859045791489621e-06,1.0
0000882291,AEMD,2023-01-24,0,1.9982094166387083e-05,1.0
0000882291,AEMD,2023-01-25,0,1.9982094166387083e-05,1.0
0000882291,AEMD,2023-01-26,0,1.9982094166387083e-05,1.0
0000882291,AEMD,2023-01-27,0,1.9982094166387083e-05,1.0
0000882291,AEMD,2023-01-30,0,1.9982094166387083e-05,1.0
0000882291,AEMD,2023-01-31,0,1.9982094166387083e-05,1.0
0000882291,AEMD,2023-02-01,0,1.9982094166387083e-05,1.0
0000882291,AEMD,2023-02-02,0,1.9982094166387083e-05,1.0
0000882291,AEMD,2023-02-03,0,1.9982094166387083e-05,1.0
0000882291,AEMD,2023-02-06,0,2.010438050728729e-05,1.0
0000882291,AEMD,2023-02-07,0,2.010438050728729e-05,1.0
0000882291,AEMD,2023-02-08,0,2.010438050728729e-05,1.0
0000882291,AEMD,2023-02-09,0,2.010438050728729e-05,1.0
0000882291,AEMD,2023-02-10,0,2.010438050728729e-05,1.0
0000882291,AEMD,2023-02-13,0,2.816104220665561e-05,1.0
0000882291,AEMD,2023-02-14,0,2.093595370351083e-05,1.0
0000882291,AEMD,2023-02-15,0,2.093595370351083e-05,1.0
0000882291,AEMD,2023-02-16,0,2.093595370351083e-05,1.0
0000882291,AEMD,2023-02-17,0,2.093595370351083e-05,1.0
0000882291,AEMD,2023-02-20,0,2.093595370351083e-05,1.0
0000882291,AEMD,2023-02-21,0,2.093595370351083e-05,1.0
0000882291,AEMD,2023-02-22,0,2.093595370351083e-05,1.0
0000882291,AEMD,2023-02-23,0,2.093595370351083e-05,1.0
0000882291,AEMD,2023-02-24,0,2.093595370351083e-05,1.0
0000882291,AEMD,2023-02-27,0,2.093595370351083e-05,1.0
0000882291,AEMD,2023-02-28,0,2.093595370351083e-05,1.0
0000882291,AEMD,2023-03-01,0,2.093595370351083e-05,1.0
0000882291,AEMD,2023-03-02,0,2.093595370351083e-05,1.0
0000882291,AEMD,2023-03-03,0,2.093595370351083e-05,1.0
0000882291,AEMD,2023-03-06,0,2.093595370351083e-05,1.0
0000882291,AEMD,2023-03-07,0,2.093595370351083e-05,1.0
0000882291,AEMD,2023-03-08,0,2.093595370351083e-05,1.0
0000882291,AEMD,2023-03-09,0,2.093595370351083e-05,1.0
0000882291,AEMD,2023-03-10,0,2.093595370351083e-05,1.0
0000882291,AEMD,2023-03-13,0,2.093595370351083e-05,1.0
0000882291,AEMD,2023-03-14,0,2.093595370351083e-05,1.0
0000882291,AEMD,2023-03-15,0,2.093595370351083e-05,1.0
0000882291,AEMD,2023-03-16,0,2.093595370351083e-05,1.0
0000882291,AEMD,2023-03-17,0,1.994363117617759e-05,1.0
0000882291,AEMD,2023-03-20,0,1.994363117617759e-05,1.0
0000882291,AEMD,2023-03-21,0,1.994363117617759e-05,1.0
0000882291,AEMD,2023-03-22,0,1.994363117617759e-05,1.0
0000882291,AEMD,2023-03-23,0,1.994363117617759e-05,1.0
0000882291,AEMD,2023-03-24,0,1.994363117617759e-05,1.0
0000882291,AEMD,2023-03-27,0,1.994363117617759e-05,1.0
0000882291,AEMD,2023-03-28,0,1.994363117617759e-05,1.0
0000882291,AEMD,2023-03-29,0,1.994363117617759e-05,1.0
0000882291,AEMD,2023-03-30,0,1.994363117617759e-05,1.0
0000882291,AEMD,2023-03-31,0,1.994363117617759e-05,1.0
0000882291,AEMD,2023-04-03,0,1.994363117617759e-05,1.0
0000882291,AEMD,2023-04-04,0,1.994363117617759e-05,1.0
0000882291,AEMD,2023-04-05,0,1.994363117617759e-05,1.0
0000882291,AEMD,2023-04-06,0,1.994363117617759e-05,1.0
0000882291,AEMD,2023-04-07,0,1.994363117617759e-05,1.0
0000882291,AEMD,2023-04-10,0,1.994363117617759e-05,1.0
0000882291,AEMD,2023-04-11,0,1.994363117617759e-05,1.0
0000882291,AEMD,2023-04-12,0,1.994363117617759e-05,1.0
0000882291,AEMD,2023-04-13,0,1.994363117617759e-05,1.0
0000882291,AEMD,2023-04-14,0,1.994363117617759e-05,1.0
0000882291,AEMD,2023-04-17,0,1.994363117617759e-05,1.0
0000882291,AEMD,2023-04-18,0,1.994363117617759e-05,1.0
0000882291,AEMD,2023-04-19,0,1.994363117617759e-05,1.0
0000882291,AEMD,2023-04-20,0,1.994363117617759e-05,1.0
0000882291,AEMD,2023-04-21,0,1.994363117617759e-05,1.0
0000882291,AEMD,2023-04-24,0,1.994363117617759e-05,1.0
0000882291,AEMD,2023-04-25,0,1.994363117617759e-05,1.0
0000882291,AEMD,2023-04-26,0,1.994363117617759e-05,1.0
0000882291,AEMD,2023-04-27,0,1.994363117617759e-05,1.0
0000882291,AEMD,2023-04-28,0,1.994363117617759e-05,1.0
0000882291,AEMD,2023-05-01,0,1.994363117617759e-05,1.0
0000882291,AEMD,2023-05-02,0,1.994363117617759e-05,1.0
0000882291,AEMD,2023-05-03,0,1.994363117617759e-05,1.0
0000882291,AEMD,2023-05-04,0,1.994363117617759e-05,1.0
0000882291,AEMD,2023-05-05,0,1.994363117617759e-05,1.0
0000882291,AEMD,2023-05-08,0,1.994363117617759e-05,1.0
0000882291,AEMD,2023-05-09,0,1.994363117617759e-05,1.0
0000882291,AEMD,2023-05-10,0,1.994363117617759e-05,1.0
0000882291,AEMD,2023-05-11,0,1.994363117617759e-05,1.0
0000882291,AEMD,2023-05-12,0,1.994363117617759e-05,1.0
0000882291,AEMD,2023-05-15,0,2.004343563056336e-05,1.0
0000882291,AEMD,2023-05-16,0,2.816151789903197e-05,1.0
0000882291,AEMD,2023-05-17,0,2.816151789903197e-05,1.0
0000882291,AEMD,2023-05-18,0,2.816151789903197e-05,1.0
0000882291,AEMD,2023-05-19,0,2.816151789903197e-05,1.0
0000882291,AEMD,2023-05-22,0,2.816151789903197e-05,1.0
0000882291,AEMD,2023-05-23,0,2.816151789903197e-05,1.0
0000882291,AEMD,2023-05-24,0,2.816151789903197e-05,1.0
0000882291,AEMD,2023-05-25,0,2.816151789903197e-05,1.0
0000882291,AEMD,2023-05-26,0,2.816151789903197e-05,1.0
0000882291,AEMD,2023-05-29,0,2.816151789903197e-05,1.0
0000882291,AEMD,2023-05-30,0,2.816151789903197e-05,1.0
0000882291,AEMD,2023-05-31,0,2.816151789903197e-05,1.0
0000882291,AEMD,2023-06-01,0,2.816151789903197e-05,1.0
0000882291,AEMD,2023-06-02,0,2.816151789903197e-05,1.0
0000882291,AEMD,2023-06-05,0,2.816151789903197e-05,1.0
0000882291,AEMD,2023-06-06,0,2.816151789903197e-05,1.0
0000882291,AEMD,2023-06-07,0,2.816151789903197e-05,1.0
0000882291,AEMD,2023-06-08,0,2.816151789903197e-05,1.0
0000882291,AEMD,2023-06-09,0,2.816151789903197e-05,1.0
0000882291,AEMD,2023-06-12,0,2.816151789903197e-05,1.0
0000882291,AEMD,2023-06-13,0,2.816151789903197e-05,1.0
0000882291,AEMD,2023-06-14,0,2.816151789903197e-05,1.0
0000882291,AEMD,2023-06-15,0,2.816151789903197e-05,1.0
0000882291,AEMD,2023-06-16,0,2.816151789903197e-05,1.0
0000882291,AEMD,2023-06-19,0,2.816151789903197e-05,1.0
0000882291,AEMD,2023-06-20,0,2.816151789903197e-05,1.0
0000882291,AEMD,2023-06-21,0,2.816151789903197e-05,1.0
0000882291,AEMD,2023-06-22,0,2.816151789903197e-05,1.0
0000882291,AEMD,2023-06-23,0,2.816151789903197e-05,1.0
0000882291,AEMD,2023-06-26,0,2.816151789903197e-05,1.0
0000882291,AEMD,2023-06-27,0,2.816151789903197e-05,1.0
0000882291,AEMD,2023-06-28,0,2.816151789903197e-05,1.0
0000882291,AEMD,2023-06-29,0,3.143638185145915e-06,1.0
0000882291,AEMD,2023-06-30,0,3.143638185145915e-06,1.0
0000882291,AEMD,2023-07-03,0,3.143638185145915e-06,1.0
0000882291,AEMD,2023-07-04,0,3.143638185145915e-06,1.0
0000882291,AEMD,2023-07-05,0,3.143638185145915e-06,1.0
0000882291,AEMD,2023-07-06,0,3.143638185145915e-06,1.0
0000882291,AEMD,2023-07-07,0,3.143638185145915e-06,1.0
0000882291,AEMD,2023-07-10,0,3.143638185145915e-06,1.0
0000882291,AEMD,2023-07-11,0,3.143638185145915e-06,1.0
0000882291,AEMD,2023-07-12,0,3.143638185145915e-06,1.0
0000882291,AEMD,2023-07-13,0,3.143638185145915e-06,1.0
0000882291,AEMD,2023-07-14,0,3.143638185145915e-06,1.0
0000882291,AEMD,2023-07-17,0,3.143638185145915e-06,1.0
0000882291,AEMD,2023-07-18,0,2.3531865725920648e-06,1.0
0000882291,AEMD,2023-07-19,0,2.3531865725920648e-06,1.0
0000882291,AEMD,2023-07-20,0,2.3531865725920648e-06,1.0
0000882291,AEMD,2023-07-21,0,2.3531865725920648e-06,1.0
0000882291,AEMD,2023-07-24,0,2.3531865725920648e-06,1.0
0000882291,AEMD,2023-07-25,0,2.3531865725920648e-06,1.0
0000882291,AEMD,2023-07-26,0,2.3531865725920648e-06,1.0
0000882291,AEMD,2023-07-27,0,2.3531865725920648e-06,1.0
0000882291,AEMD,2023-07-28,0,1.7614895922140572e-06,1.0
0000882291,AEMD,2023-07-31,0,2.8727146615346597e-06,1.0
0000882291,AEMD,2023-08-01,0,2.8727146615346597e-06,1.0
0000882291,AEMD,2023-08-02,0,2.8727146615346597e-06,1.0
0000882291,AEMD,2023-08-03,0,2.8727146615346597e-06,1.0
0000882291,AEMD,2023-08-04,0,2.8727146615346597e-06,1.0
0000882291,AEMD,2023-08-07,0,2.8727146615346597e-06,1.0
0000882291,AEMD,2023-08-08,0,2.8727146615346597e-06,1.0
0000882291,AEMD,2023-08-09,0,2.8727146615346597e-06,1.0
0000882291,AEMD,2023-08-10,0,2.8727146615346597e-06,1.0
0000882291,AEMD,2023-08-11,0,3.092901540637871e-06,1.0
0000882291,AEMD,2023-08-14,0,3.1066560809704937e-06,1.0
0000882291,AEMD,2023-08-15,0,3.1066560809704937e-06,1.0
0000882291,AEMD,2023-08-16,0,3.1066560809704937e-06,1.0
0000882291,AEMD,2023-08-17,0,4.928156436546166e-06,1.0
0000882291,AEMD,2023-08-18,0,4.928156436546166e-06,1.0
0000882291,AEMD,2023-08-21,0,4.928156436546166e-06,1.0
0000882291,AEMD,2023-08-22,0,4.928156436546166e-06,1.0
0000882291,AEMD,2023-08-23,0,4.928156436546166e-06,1.0
0000882291,AEMD,2023-08-24,0,4.928156436546166e-06,1.0
0000882291,AEMD,2023-08-25,0,4.928156436546166e-06,1.0
0000882291,AEMD,2023-08-28,0,1.9235368466483756e-05,1.0
0000882291,AEMD,2023-08-29,0,1.9235368466483756e-05,1.0
0000882291,AEMD,2023-08-30,0,1.9235368466483756e-05,1.0
0000882291,AEMD,2023-08-31,0,1.9235368466483756e-05,1.0
0000882291,AEMD,2023-09-01,0,1.9235368466483756e-05,1.0
0000882291,AEMD,2023-09-04,0,1.9235368466483756e-05,1.0
0000882291,AEMD,2023-09-05,0,1.9235368466483756e-05,1.0
0000882291,AEMD,2023-09-06,0,1.9235368466483756e-05,1.0
0000882291,AEMD,2023-09-07,0,1.9235368466483756e-05,1.0
0000882291,AEMD,2023-09-08,0,1.9235368466483756e-05,1.0
0000882291,AEMD,2023-09-11,0,1.8084494452021626e-05,1.0
0000882291,AEMD,2023-09-12,0,1.8084494452021626e-05,1.0
0000882291,AEMD,2023-09-13,0,1.8084494452021626e-05,1.0
0000882291,AEMD,2023-09-14,0,1.8084494452021626e-05,1.0
0000882291,AEMD,2023-09-15,0,1.8084494452021626e-05,1.0
0000882291,AEMD,2023-09-18,0,1.8084494452021626e-05,1.0
0000882291,AEMD,2023-09-19,0,1.8084494452021626e-05,1.0
0000882291,AEMD,2023-09-20,0,1.8084494452021626e-05,1.0
0000882291,AEMD,2023-09-21,0,1.8084494452021626e-05,1.0
0000882291,AEMD,2023-09-22,0,1.8084494452021626e-05,1.0
0000882291,AEMD,2023-09-25,0,1.8084494452021626e-05,1.0
0000882291,AEMD,2023-09-26,0,1.8084494452021626e-05,1.0
0000882291,AEMD,2023-09-27,0,2.0218604368519618e-05,1.0
0000882291,AEMD,2023-09-28,0,2.0218604368519618e-05,1.0
0000882291,AEMD,2023-09-29,0,2.0218604368519618e-05,1.0
0000882291,AEMD,2023-10-02,0,2.0218604368519618e-05,1.0
0000882291,AEMD,2023-10-03,0,2.0218604368519618e-05,1.0
0000882291,AEMD,2023-10-04,0,2.0218604368519618e-05,1.0
0000882291,AEMD,2023-10-05,0,2.0218604368519618e-05,1.0
0000882291,AEMD,2023-10-06,0,2.0218604368519618e-05,1.0
0000882291,AEMD,2023-10-09,0,2.0218604368519618e-05,1.0
0000882291,AEMD,2023-10-10,0,2.0218604368519618e-05,1.0
0000882291,AEMD,2023-10-11,0,2.0218604368519618e-05,1.0
0000882291,AEMD,2023-10-12,0,2.0218604368519618e-05,1.0
0000882291,AEMD,2023-10-13,0,2.0218604368519618e-05,1.0
0000882291,AEMD,2023-10-16,0,1.578734179542508e-05,1.0
0000882291,AEMD,2023-10-17,0,1.578734179542508e-05,1.0
0000882291,AEMD,2023-10-18,0,1.578734179542508e-05,1.0
0000882291,AEMD,2023-10-19,0,1.578734179542508e-05,1.0
0000882291,AEMD,2023-10-20,0,1.578734179542508e-05,1.0
0000882291,AEMD,2023-10-23,0,1.578734179542508e-05,1.0
0000882291,AEMD,2023-10-24,0,1.578734179542508e-05,1.0
0000882291,AEMD,2023-10-25,0,1.578734179542508e-05,1.0
0000882291,AEMD,2023-10-26,0,4.003853333528147e-06,1.0
0000882291,AEMD,2023-10-27,0,4.003853333528147e-06,1.0
0000882291,AEMD,2023-10-30,0,4.003853333528147e-06,1.0
0000882291,AEMD,2023-10-31,0,4.003853333528147e-06,1.0
0000882291,AEMD,2023-11-01,0,4.003853333528147e-06,1.0
0000882291,AEMD,2023-11-02,0,4.003853333528147e-06,1.0
0000882291,AEMD,2023-11-03,0,4.003853333528147e-06,1.0
0000882291,AEMD,2023-11-06,0,4.003853333528147e-06,1.0
0000882291,AEMD,2023-11-07,0,4.003853333528147e-06,1.0
0000882291,AEMD,2023-11-08,0,4.003853333528147e-06,1.0
0000882291,AEMD,2023-11-09,0,5.677308971542467e-06,1.0
0000882291,AEMD,2023-11-10,0,5.677308971542467e-06,1.0
0000882291,AEMD,2023-11-13,0,5.677308971542467e-06,1.0
0000882291,AEMD,2023-11-14,0,5.677308971542467e-06,1.0
0000882291,AEMD,2023-11-15,0,4.245435950747567e-06,1.0
0000882291,AEMD,2023-11-16,0,4.245435950747567e-06,1.0
0000882291,AEMD,2023-11-17,0,4.245435950747567e-06,1.0
0000882291,AEMD,2023-11-20,0,4.245435950747567e-06,1.0
0000882291,AEMD,2023-11-21,0,4.245435950747567e-06,1.0
0000882291,AEMD,2023-11-22,0,4.245435950747567e-06,1.0
0000882291,AEMD,2023-11-23,0,4.245435950747567e-06,1.0
0000882291,AEMD,2023-11-24,0,4.245435950747567e-06,1.0
0000882291,AEMD,2023-11-27,0,4.245435950747567e-06,1.0
0000882291,AEMD,2023-11-28,0,4.245435950747567e-06,1.0
0000882291,AEMD,2023-11-29,0,4.245435950747567e-06,1.0
0000882291,AEMD,2023-11-30,0,4.245435950747567e-06,1.0
0000882291,AEMD,2023-12-01,0,4.245435950747567e-06,1.0
0000882291,AEMD,2023-12-04,0,4.245435950747567e-06,1.0
0000882291,AEMD,2023-12-05,0,4.245435950747567e-06,1.0
0000882291,AEMD,2023-12-06,0,4.245435950747567e-06,1.0
0000882291,AEMD,2023-12-07,0,4.245435950747567e-06,1.0
0000882291,AEMD,2023-12-08,0,4.245435950747567e-06,1.0
0000882291,AEMD,2023-12-11,0,4.245435950747567e-06,1.0
0000882291,AEMD,2023-12-12,0,4.245435950747567e-06,1.0
0000882291,AEMD,2023-12-13,0,4.245435950747567e-06,1.0
0000882291,AEMD,2023-12-14,0,4.245435950747567e-06,1.0
0000882291,AEMD,2023-12-15,0,3.991423100214052e-06,1.0
0000882291,AEMD,2023-12-18,0,3.991423100214052e-06,1.0
0000882291,AEMD,2023-12-19,0,3.991423100214052e-06,1.0
0000882291,AEMD,2023-12-20,0,3.991423100214052e-06,1.0
0000882291,AEMD,2023-12-21,0,3.991423100214052e-06,1.0
0000882291,AEMD,2023-12-22,0,3.991423100214052e-06,1.0
0000882291,AEMD,2023-12-25,0,3.991423100214052e-06,1.0
0000882291,AEMD,2023-12-26,0,7.475238229526018e-06,1.0
0000882291,AEMD,2023-12-27,0,7.475238229526018e-06,1.0
0000882291,AEMD,2023-12-28,0,7.475238229526018e-06,1.0
0000882291,AEMD,2023-12-29,0,7.475238229526018e-06,1.0
0000882291,AEMD,2024-01-01,0,7.475238229526018e-06,1.0
0000882291,AEMD,2024-01-02,0,7.475238229526018e-06,1.0
0000882291,AEMD,2024-01-03,0,7.475238229526018e-06,1.0
0000882291,AEMD,2024-01-04,0,7.475238229526018e-06,1.0
0000882291,AEMD,2024-01-05,0,7.475238229526018e-06,1.0
0000882291,AEMD,2024-01-08,0,7.475238229526018e-06,1.0
0000882291,AEMD,2024-01-09,0,7.475238229526018e-06,1.0
0000882291,AEMD,2024-01-10,0,7.475238229526018e-06,1.0
0000882291,AEMD,2024-01-11,0,7.475238229526018e-06,1.0
0000882291,AEMD,2024-01-12,0,7.475238229526018e-06,1.0
0000882291,AEMD,2024-01-15,0,8.08105943189773e-06,1.0
0000882291,AEMD,2024-01-16,0,8.08105943189773e-06,1.0
0000882291,AEMD,2024-01-17,0,8.08105943189773e-06,1.0
0000882291,AEMD,2024-01-18,0,8.08105943189773e-06,1.0
0000882291,AEMD,2024-01-19,0,8.08105943189773e-06,1.0
0000882291,AEMD,2024-01-22,0,8.08105943189773e-06,1.0
0000882291,AEMD,2024-01-23,0,8.08105943189773e-06,1.0
0000882291,AEMD,2024-01-24,0,2.0054777287276618e-05,1.0
0000882291,AEMD,2024-01-25,0,2.0054777287276618e-05,1.0
0000882291,AEMD,2024-01-26,0,2.0054777287276618e-05,1.0
0000882291,AEMD,2024-01-29,0,2.0054777287276618e-05,1.0
0000882291,AEMD,2024-01-30,0,2.0054777287276618e-05,1.0
0000882291,AEMD,2024-01-31,0,2.0054777287276618e-05,1.0
0000882291,AEMD,2024-02-01,0,2.0054777287276618e-05,1.0
0000882291,AEMD,2024-02-02,0,2.0054777287276618e-05,1.0
0000882291,AEMD,2024-02-05,0,2.0054777287276618e-05,1.0
0000882291,AEMD,2024-02-06,0,2.0054777287276618e-05,1.0
0000882291,AEMD,2024-02-07,0,2.011047135209931e-05,1.0
0000882291,AEMD,2024-02-08,0,2.011047135209931e-05,1.0
0000882291,AEMD,2024-02-09,0,2.011047135209931e-05,1.0
0000882291,AEMD,2024-02-12,0,2.011047135209931e-05,1.0
0000882291,AEMD,2024-02-13,0,2.8515677601559624e-05,1.0
0000882291,AEMD,2024-02-14,0,2.8515677601559624e-05,1.0
0000882291,AEMD,2024-02-15,0,2.132386678017165e-05,1.0
0000882291,AEMD,2024-02-16,0,2.132386678017165e-05,1.0
0000882291,AEMD,2024-02-19,0,2.132386678017165e-05,1.0
0000882291,AEMD,2024-02-20,0,2.132386678017165e-05,1.0
0000882291,AEMD,2024-02-21,0,2.132386678017165e-05,1.0
0000882291,AEMD,2024-02-22,0,2.132386678017165e-05,1.0
0000882291,AEMD,2024-02-23,0,2.132386678017165e-05,1.0
0000882291,AEMD,2024-02-26,0,2.132386678017165e-05,1.0
0000882291,AEMD,2024-02-27,0,2.132386678017165e-05,1.0
0000882291,AEMD,2024-02-28,0,2.132386678017165e-05,1.0
0000882291,AEMD,2024-02-29,0,2.132386678017165e-05,1.0
0000882291,AEMD,2024-03-01,0,2.132386678017165e-05,1.0
0000882291,AEMD,2024-03-04,0,2.132386678017165e-05,1.0
0000882291,AEMD,2024-03-05,0,2.132386678017165e-05,1.0
0000882291,AEMD,2024-03-06,0,2.132386678017165e-05,1.0
0000882291,AEMD,2024-03-07,0,2.132386678017165e-05,1.0
0000882291,AEMD,2024-03-08,0,2.132386678017165e-05,1.0
0000882291,AEMD,2024-03-11,0,2.132386678017165e-05,1.0
0000882291,AEMD,2024-03-12,0,2.132386678017165e-05,1.0
0000882291,AEMD,2024-03-13,0,2.132386678017165e-05,1.0
0000882291,AEMD,2024-03-14,0,2.132386678017165e-05,1.0
0000882291,AEMD,2024-03-15,0,2.132386678017165e-05,1.0
0000882291,AEMD,2024-03-18,0,2.0048038036908762e-05,1.0
0000882291,AEMD,2024-03-19,0,2.0048038036908762e-05,1.0
0000882291,AEMD,2024-03-20,0,2.0048038036908762e-05,1.0
0000882291,AEMD,2024-03-21,0,2.0048038036908762e-05,1.0
0000882291,AEMD,2024-03-22,0,2.0048038036908762e-05,1.0
0000882291,AEMD,2024-03-25,0,3.444759021009972e-08,1.0
0000882291,AEMD,2024-03-26,0,3.444759021009972e-08,1.0
0000882291,AEMD,2024-03-27,0,3.444759021009972e-08,1.0
0000882291,AEMD,2024-03-28,0,3.444759021009972e-08,1.0
0000882291,AEMD,2024-03-29,0,3.444759021009972e-08,1.0
0000882291,AEMD,2024-04-01,0,3.444759021009972e-08,1.0
0000882291,AEMD,2024-04-02,0,3.444759021009972e-08,1.0
0000882291,AEMD,2024-04-03,0,3.444759021009972e-08,1.0
0000882291,AEMD,2024-04-04,0,3.444759021009972e-08,1.0
0000882291,AEMD,2024-04-05,0,3.444759021009972e-08,1.0
0000882291,AEMD,2024-04-08,0,3.444759021009972e-08,1.0
0000882291,AEMD,2024-04-09,0,3.444759021009972e-08,1.0
0000882291,AEMD,2024-04-10,0,3.444759021009972e-08,1.0
0000882291,AEMD,2024-04-11,0,3.444759021009972e-08,1.0
0000882291,AEMD,2024-04-12,0,3.444759021009972e-08,1.0
0000882291,AEMD,2024-04-15,0,3.444759021009972e-08,1.0
0000882291,AEMD,2024-04-16,0,3.444759021009972e-08,1.0
0000882291,AEMD,2024-04-17,0,3.444759021009972e-08,1.0
0000882291,AEMD,2024-04-18,0,3.444759021009972e-08,1.0
0000882291,AEMD,2024-04-19,0,3.444759021009972e-08,1.0
0000882291,AEMD,2024-04-22,0,3.444759021009972e-08,1.0
0000882291,AEMD,2024-04-23,0,3.444759021009972e-08,1.0
0000882291,AEMD,2024-04-24,0,0.0007556105912847281,1.0
0000882291,AEMD,2024-04-25,0,0.0007556105912847281,1.0
0000882291,AEMD,2024-04-26,0,0.0007556105912847281,1.0
0000882291,AEMD,2024-04-29,0,0.0007556105912847281,1.0
0000882291,AEMD,2024-04-30,0,0.0007556105912847281,1.0
0000882291,AEMD,2024-05-01,0,0.0007556105912847281,1.0
0000882291,AEMD,2024-05-02,0,0.0007556105912847281,1.0
0000882291,AEMD,2024-05-03,0,0.0007556105912847281,1.0
0000882291,AEMD,2024-05-06,0,0.0007556105912847281,1.0
0000882291,AEMD,2024-05-07,0,0.0007556105912847281,1.0
0000882291,AEMD,2024-05-08,0,0.0007556105912847281,1.0
0000882291,AEMD,2024-05-09,0,0.0007556105912847281,1.0
0000882291,AEMD,2024-05-10,0,0.0007556105912847281,1.0
0000882291,AEMD,2024-05-13,0,0.0007556105912847281,1.0
0000882291,AEMD,2024-05-14,0,0.0007577074474957417,1.0
0000882291,AEMD,2024-05-15,0,0.0007577074474957417,1.0
0000882291,AEMD,2024-05-16,0,0.0007462375168106095,1.0
0000882291,AEMD,2024-05-17,0,0.0007462375168106095,1.0
0000882291,AEMD,2024-05-20,0,0.0008018267367309298,1.0
0000882291,AEMD,2024-05-21,0,0.0008018267367309298,1.0
0000882291,AEMD,2024-05-22,0,0.0008018267367309298,1.0
0000882291,AEMD,2024-05-23,0,0.0008018267367309298,1.0
0000882291,AEMD,2024-05-24,0,0.0008018267367309298,1.0
0000882291,AEMD,2024-05-27,0,0.0008018267367309298,1.0
0000882291,AEMD,2024-05-28,0,0.0008018267367309298,1.0
0000882291,AEMD,2024-05-29,0,0.0008018267367309298,1.0
0000882291,AEMD,2024-05-30,0,0.0008018267367309298,1.0
0000882291,AEMD,2024-05-31,0,0.0008018267367309298,1.0
0000882291,AEMD,2024-06-03,0,0.0008018267367309298,1.0
0000882291,AEMD,2024-06-04,0,0.0008018267367309298,1.0
0000882291,AEMD,2024-06-05,0,0.0008018267367309298,1.0
0000882291,AEMD,2024-06-06,0,0.0008018267367309298,1.0
0000882291,AEMD,2024-06-07,0,0.0008018267367309298,1.0
0000882291,AEMD,2024-06-10,0,0.0008018267367309298,1.0
0000882291,AEMD,2024-06-11,0,0.0008018267367309298,1.0
0000882291,AEMD,2024-06-12,0,0.0008018267367309298,1.0
0000882291,AEMD,2024-06-13,0,0.0008018267367309298,1.0
0000882291,AEMD,2024-06-14,0,0.0008018267367309298,1.0
0000882291,AEMD,2024-06-17,0,0.0008018267367309298,1.0
0000882291,AEMD,2024-06-18,0,0.0008018267367309298,1.0
0000882291,AEMD,2024-06-19,0,0.0007571940494641341,1.0
0000882291,AEMD,2024-06-20,0,0.0007571940494641341,1.0
0000882291,AEMD,2024-06-21,0,0.0007571940494641341,1.0
0000882291,AEMD,2024-06-24,0,0.00017516232058993516,1.0
0000882291,AEMD,2024-06-25,0,0.00017516232058993516,1.0
0000882291,AEMD,2024-06-26,0,0.00017516232058993516,1.0
0000882291,AEMD,2024-06-27,0,0.00017516232058993516,1.0
0000882291,AEMD,2024-06-28,0,7.154381409949324e-05,1.0
0000882291,AEMD,2024-07-01,0,7.154381409949324e-05,1.0
0000882291,AEMD,2024-07-02,0,7.154381409949324e-05,1.0
0000882291,AEMD,2024-07-03,0,7.154381409949324e-05,1.0
0000882291,AEMD,2024-07-04,0,7.154381409949324e-05,1.0
0000882291,AEMD,2024-07-05,0,7.154381409949324e-05,1.0
0000882291,AEMD,2024-07-08,0,7.154381409949324e-05,1.0
0000882291,AEMD,2024-07-09,0,7.154381409949324e-05,1.0
0000882291,AEMD,2024-07-10,0,7.154381409949324e-05,1.0
0000882291,AEMD,2024-07-11,0,7.154381409949324e-05,1.0
0000882291,AEMD,2024-07-12,0,7.154381409949324e-05,1.0
0000882291,AEMD,2024-07-15,0,7.154381409949324e-05,1.0
0000882291,AEMD,2024-07-16,0,7.154381409949324e-05,1.0
0000882291,AEMD,2024-07-17,0,7.154381409949324e-05,1.0
0000882291,AEMD,2024-07-18,0,7.154381409949324e-05,1.0
0000882291,AEMD,2024-07-19,0,7.154381409949324e-05,1.0
0000882291,AEMD,2024-07-22,0,7.154381409949324e-05,1.0
0000882291,AEMD,2024-07-23,0,7.154381409949324e-05,1.0
0000882291,AEMD,2024-07-24,0,7.154381409949324e-05,1.0
0000882291,AEMD,2024-07-25,0,7.154381409949324e-05,1.0
0000882291,AEMD,2024-07-26,0,7.154381409949324e-05,1.0
0000882291,AEMD,2024-07-29,0,0.00034342204017871335,1.0
0000882291,AEMD,2024-07-30,0,0.00034342204017871335,1.0
0000882291,AEMD,2024-07-31,0,0.00034342204017871335,1.0
0000882291,AEMD,2024-08-01,0,0.00034342204017871335,1.0
0000882291,AEMD,2024-08-02,0,0.00034342204017871335,1.0
0000882291,AEMD,2024-08-05,0,0.00034342204017871335,1.0
0000882291,AEMD,2024-08-06,0,0.00034342204017871335,1.0
0000882291,AEMD,2024-08-07,0,0.00034342204017871335,1.0
0000882291,AEMD,2024-08-08,0,0.00034342204017871335,1.0
0000882291,AEMD,2024-08-09,0,0.00034342204017871335,1.0
0000882291,AEMD,2024-08-12,0,0.00034342204017871335,1.0
0000882291,AEMD,2024-08-13,0,0.00034342204017871335,1.0
0000882291,AEMD,2024-08-14,0,0.0003443754472842663,1.0
0000882291,AEMD,2024-08-15,0,0.0003614925450796464,1.0
0000882291,AEMD,2024-08-16,0,0.0017514386786272654,1.0
0000882291,AEMD,2024-08-19,0,0.0017197027627353168,1.0
0000882291,AEMD,2024-08-20,0,0.0017197027627353168,1.0
0000882291,AEMD,2024-08-21,0,0.0017197027627353168,1.0
0000882291,AEMD,2024-08-22,0,0.0017197027627353168,1.0
0000882291,AEMD,2024-08-23,0,0.0017197027627353168,1.0
0000882291,AEMD,2024-08-26,0,0.0017197027627353168,1.0
0000882291,AEMD,2024-08-27,0,0.0017197027627353168,1.0
0000882291,AEMD,2024-08-28,0,0.0017197027627353168,1.0
0000882291,AEMD,2024-08-29,0,0.0017197027627353168,1.0
0000882291,AEMD,2024-08-30,0,0.0017197027627353168,1.0
0000882291,AEMD,2024-09-02,0,0.0017197027627353168,1.0
0000882291,AEMD,2024-09-03,0,0.0017197027627353168,1.0
0000882291,AEMD,2024-09-04,0,0.0017197027627353168,1.0
0000882291,AEMD,2024-09-05,0,0.0017197027627353168,1.0
0000882291,AEMD,2024-09-06,0,0.0017197027627353168,1.0
0000882291,AEMD,2024-09-09,0,0.0017197027627353168,1.0
0000882291,AEMD,2024-09-10,0,0.0017197027627353168,1.0
0000882291,AEMD,2024-09-11,0,0.0017197027627353168,1.0
0000882291,AEMD,2024-09-12,0,0.0017197027627353168,1.0
0000882291,AEMD,2024-09-13,0,0.0017197027627353168,1.0
0000882291,AEMD,2024-09-16,0,0.0006190018903654405,1.0
0000882291,AEMD,2024-09-17,0,0.0006190018903654405,1.0
0000882291,AEMD,2024-09-18,0,0.0006190018903654405,1.0
0000882291,AEMD,2024-09-19,0,0.0006190018903654405,1.0
0000882291,AEMD,2024-09-20,0,0.0006190018903654405,1.0
0000882291,AEMD,2024-09-23,0,0.0003523325434853992,1.0
0000882291,AEMD,2024-09-24,0,0.0003523325434853992,1.0
0000882291,AEMD,2024-09-25,0,0.0003523325434853992,1.0
0000882291,AEMD,2024-09-26,0,0.0001443990728696606,1.0
0000882291,AEMD,2024-09-27,0,0.0001443990728696606,1.0
0000882291,AEMD,2024-09-30,0,0.0001443990728696606,1.0
0000882291,AEMD,2024-10-01,0,0.0001443990728696606,1.0
0000882291,AEMD,2024-10-02,0,0.0001443990728696606,1.0
0000882291,AEMD,2024-10-03,0,0.00014137930824328963,1.0
0000882291,AEMD,2024-10-04,0,0.00014137930824328963,1.0
0000882291,AEMD,2024-10-07,0,0.00014137930824328963,1.0
0000882291,AEMD,2024-10-08,0,0.00014137930824328963,1.0
0000882291,AEMD,2024-10-09,0,0.00014137930824328963,1.0
0000882291,AEMD,2024-10-10,0,0.00014137930824328963,1.0
0000882291,AEMD,2024-10-11,0,0.00014137930824328963,1.0
0000882291,AEMD,2024-10-14,0,0.00014137930824328963,1.0
0000882291,AEMD,2024-10-15,0,0.00014137930824328963,1.0
0000882291,AEMD,2024-10-16,0,0.00014137930824328963,1.0
0000882291,AEMD,2024-10-17,0,0.00014137930824328963,1.0
0000882291,AEMD,2024-10-18,0,0.00014137930824328963,1.0
0000882291,AEMD,2024-10-21,0,0.00014137930824328963,1.0
0000882291,AEMD,2024-10-22,0,0.00014137930824328963,1.0
0000882291,AEMD,2024-10-23,0,0.00014137930824328963,1.0
0000882291,AEMD,2024-10-24,0,0.00014137930824328963,1.0
0000882291,AEMD,2024-10-25,0,0.00014137930824328963,1.0
0000882291,AEMD,2024-10-28,0,0.00014137930824328963,1.0
0000882291,AEMD,2024-10-29,0,0.00014137930824328963,1.0
0000882291,AEMD,2024-10-30,0,0.00014137930824328963,1.0
0000882291,AEMD,2024-10-31,0,0.00014137930824328963,1.0
0000882291,AEMD,2024-11-01,0,0.00014137930824328963,1.0
0000882291,AEMD,2024-11-04,0,0.00020928124246695582,1.0
0000882291,AEMD,2024-11-05,0,0.00020928124246695582,1.0
0000882291,AEMD,2024-11-06,0,0.00020928124246695582,1.0
0000882291,AEMD,2024-11-07,0,0.00020928124246695582,1.0
0000882291,AEMD,2024-11-08,0,0.00020928124246695582,1.0
0000882291,AEMD,2024-11-11,0,0.00020928124246695582,1.0
0000882291,AEMD,2024-11-12,0,0.00020928124246695582,1.0
0000882291,AEMD,2024-11-13,0,0.0002851844414793825,1.0
0000882291,AEMD,2024-11-14,0,0.00015521051896557903,1.0
0000882291,AEMD,2024-11-15,0,0.00015521051896557903,1.0
0000882291,AEMD,2024-11-18,0,0.0001557278339650268,1.0
0000882291,AEMD,2024-11-19,0,0.0001557278339650268,1.0
0000882291,AEMD,2024-11-20,0,0.0001557278339650268,1.0
0000882291,AEMD,2024-11-21,0,0.0001557278339650268,1.0
0000882291,AEMD,2024-11-22,0,0.0001557278339650268,1.0
0000882291,AEMD,2024-11-25,0,0.0001557278339650268,1.0
0000882291,AEMD,2024-11-26,0,0.0001557278339650268,1.0
0000882291,AEMD,2024-11-27,0,0.0001557278339650268,1.0
0000882291,AEMD,2024-11-28,0,0.0001557278339650268,1.0
0000882291,AEMD,2024-11-29,0,0.0001557278339650268,1.0
0000882291,AEMD,2024-12-02,0,0.0001557278339650268,1.0
0000882291,AEMD,2024-12-03,0,0.0001557278339650268,1.0
0000882291,AEMD,2024-12-04,0,0.0001557278339650268,1.0
0000882291,AEMD,2024-12-05,0,0.0001557278339650268,1.0
0000882291,AEMD,2024-12-06,0,0.0001557278339650268,1.0
0000882291,AEMD,2024-12-09,0,0.0001557278339650268,1.0
0000882291,AEMD,2024-12-10,0,0.0001557278339650268,1.0
0000882291,AEMD,2024-12-11,0,0.0001557278339650268,1.0
0000882291,AEMD,2024-12-12,0,0.0001557278339650268,1.0
0000882291,AEMD,2024-12-13,0,0.0001557278339650268,1.0
0000882291,AEMD,2024-12-16,0,0.00015431032472120701,1.0
0000882291,AEMD,2024-12-17,0,0.00015431032472120701,1.0
0000882291,AEMD,2024-12-18,0,0.00015431032472120701,1.0
0000882291,AEMD,2024-12-19,0,0.00015431032472120701,1.0
0000882291,AEMD,2024-12-20,0,0.00015431032472120701,1.0
0000882291,AEMD,2024-12-23,0,0.00015431032472120701,1.0
0000882291,AEMD,2024-12-24,0,0.00015431032472120701,1.0
0000882291,AEMD,2024-12-25,0,0.00017529483063397904,1.0
0000882291,AEMD,2024-12-26,0,0.00017529483063397904,1.0
0000882291,AEMD,2024-12-27,0,0.00017529483063397904,1.0
0000882291,AEMD,2024-12-30,0,0.00017529483063397904,1.0
0000882291,AEMD,2024-12-31,0,0.00017529483063397904,1.0
0000882291,AEMD,2025-01-01,0,2.860636466695276e-05,1.0
0000882291,AEMD,2025-01-02,0,2.860636466695276e-05,1.0
0000882291,AEMD,2025-01-03,0,2.860636466695276e-05,1.0
0000882291,AEMD,2025-01-06,0,2.860636466695276e-05,1.0
0000882291,AEMD,2025-01-07,0,2.860636466695276e-05,1.0
0000882291,AEMD,2025-01-08,0,2.860636466695276e-05,1.0
0000882291,AEMD,2025-01-09,0,2.860636466695276e-05,1.0
0000882291,AEMD,2025-01-10,0,2.860636466695276e-05,1.0
0000882291,AEMD,2025-01-13,0,2.860636466695276e-05,1.0
0000882291,AEMD,2025-01-14,0,2.860636466695276e-05,1.0
0000882291,AEMD,2025-01-15,0,2.860636466695276e-05,1.0
0000882291,AEMD,2025-01-16,0,2.860636466695276e-05,1.0
0000882291,AEMD,2025-01-17,0,2.860636466695276e-05,1.0
0000882291,AEMD,2025-01-20,0,2.860636466695276e-05,1.0
0000882291,AEMD,2025-01-21,0,2.860636466695276e-05,1.0
0000882291,AEMD,2025-01-22,0,2.860636466695276e-05,1.0
0000882291,AEMD,2025-01-23,0,2.860636466695276e-05,1.0
0000882291,AEMD,2025-01-24,0,2.860636466695276e-05,1.0
0000882291,AEMD,2025-01-27,0,2.860636466695276e-05,1.0
0000882291,AEMD,2025-01-28,0,2.860636466695276e-05,1.0
0000882291,AEMD,2025-01-29,0,2.860636466695276e-05,1.0
0000882291,AEMD,2025-01-30,0,2.860636466695276e-05,1.0
0000882291,AEMD,2025-01-31,0,2.860636466695276e-05,1.0
0000882291,AEMD,2025-02-03,0,2.860636466695276e-05,1.0
0000882291,AEMD,2025-02-04,0,2.860636466695276e-05,1.0
0000882291,AEMD,2025-02-05,0,2.860636466695276e-05,1.0
0000882291,AEMD,2025-02-06,0,2.860636466695276e-05,1.0
0000882291,AEMD,2025-02-07,0,2.860636466695276e-05,1.0
0000882291,AEMD,2025-02-10,0,2.860636466695276e-05,1.0
0000882291,AEMD,2025-02-11,0,2.8893389751635116e-05,1.0
0000882291,AEMD,2025-02-12,0,0.00019937551408594464,1.0
0000882291,AEMD,2025-02-13,0,0.00014565362009830653,1.0
0000882291,AEMD,2025-02-14,0,0.00014565362009830653,1.0
0000882291,AEMD,2025-02-17,0,0.00014565362009830653,1.0
0000882291,AEMD,2025-02-18,0,0.00014565362009830653,1.0
0000882291,AEMD,2025-02-19,0,0.00014565362009830653,1.0
0000882291,AEMD,2025-02-20,0,0.00014565362009830653,1.0
0000882291,AEMD,2025-02-21,0,0.00014565362009830653,1.0
0000882291,AEMD,2025-02-24,0,0.00014565362009830653,1.0
0000882291,AEMD,2025-02-25,0,0.00014565362009830653,1.0
0000882291,AEMD,2025-02-26,0,0.00014565362009830653,1.0
0000882291,AEMD,2025-02-27,0,0.00014565362009830653,1.0
0000882291,AEMD,2025-02-28,0,0.00014565362009830653,1.0
0000882291,AEMD,2025-03-03,0,0.00014565362009830653,1.0
0000882291,AEMD,2025-03-04,0,0.00014565362009830653,1.0
0000882291,AEMD,2025-03-05,0,0.00014565362009830653,1.0
0000882291,AEMD,2025-03-06,0,0.00014565362009830653,1.0
0000882291,AEMD,2025-03-07,0,0.00014565362009830653,1.0
0000882291,AEMD,2025-03-10,0,0.00014565362009830653,1.0
0000882291,AEMD,2025-03-11,0,0.00014565362009830653,1.0
0000882291,AEMD,2025-03-12,0,0.00014565362009830653,1.0
0000882291,AEMD,2025-03-13,0,0.00014565362009830653,1.0
0000882291,AEMD,2025-03-14,0,0.00014565362009830653,1.0
0000882291,AEMD,2025-03-17,0,3.081034619033368e-05,1.0
0000882291,AEMD,2025-03-18,0,3.081034619033368e-05,1.0
0000882291,AEMD,2025-03-19,0,3.081034619033368e-05,1.0
0000882291,AEMD,2025-03-20,0,3.081034619033368e-05,1.0
0000882291,AEMD,2025-03-21,0,3.081034619033368e-05,1.0
0000882291,AEMD,2025-03-24,0,3.081034619033368e-05,1.0
0000882291,AEMD,2025-03-25,0,3.081034619033368e-05,1.0
0000882291,AEMD,2025-03-26,0,3.081034619033368e-05,1.0
0000882291,AEMD,2025-03-27,0,3.081034619033368e-05,1.0
0000882291,AEMD,2025-03-28,0,3.081034619033368e-05,1.0
0000882291,AEMD,2025-03-31,0,3.081034619033368e-05,1.0
0000882291,AEMD,2025-04-01,0,4.961138415155541e-05,1.0
0000882291,AEMD,2025-04-02,0,4.961138415155541e-05,1.0
0000882291,AEMD,2025-04-03,0,4.961138415155541e-05,1.0
0000882291,AEMD,2025-04-04,0,4.961138415155541e-05,1.0
0000882291,AEMD,2025-04-07,0,4.961138415155541e-05,1.0
0000882291,AEMD,2025-04-08,0,0.00011040082133192704,1.0
0000882291,AEMD,2025-04-09,0,0.00011040082133192704,1.0
0000882291,AEMD,2025-04-10,0,0.00011040082133192704,1.0
0000882291,AEMD,2025-04-11,0,0.00011040082133192704,1.0
0000882291,AEMD,2025-04-14,0,0.00011040082133192704,1.0
0000882291,AEMD,2025-04-15,0,0.00011040082133192704,1.0
0000882291,AEMD,2025-04-16,0,0.00014823052001122287,1.0
0000882291,AEMD,2025-04-17,0,0.00014823052001122287,1.0
0000882291,AEMD,2025-04-18,0,0.00017421665000437827,1.0
0000882291,AEMD,2025-04-21,0,0.00017421665000437827,1.0
0000882291,AEMD,2025-04-22,0,0.00017421665000437827,1.0
0000882291,AEMD,2025-04-23,0,0.00017421665000437827,1.0
0000882291,AEMD,2025-04-24,0,0.00017421665000437827,1.0
0000882291,AEMD,2025-04-25,0,0.00017421665000437827,1.0
0000882291,AEMD,2025-04-28,0,0.00017421665000437827,1.0
0000882291,AEMD,2025-04-29,0,0.00017421665000437827,1.0
0000882291,AEMD,2025-04-30,0,0.00017421665000437827,1.0
0000882291,AEMD,2025-05-01,0,0.00017421665000437827,1.0
0000882291,AEMD,2025-05-02,0,0.00017421665000437827,1.0
0000882291,AEMD,2025-05-05,0,0.00017421665000437827,1.0
0000882291,AEMD,2025-05-06,0,0.00017421665000437827,1.0
0000882291,AEMD,2025-05-07,0,0.00017421665000437827,1.0
0000882291,AEMD,2025-05-08,0,0.00021306563607122807,1.0
0000882291,AEMD,2025-05-09,0,0.00021306563607122807,1.0
0000882291,AEMD,2025-05-12,0,0.00021306563607122807,1.0
0000882291,AEMD,2025-05-13,0,0.00021306563607122807,1.0
0000882291,AEMD,2025-05-14,0,0.0002146652247591498,1.0
0000882291,AEMD,2025-05-15,0,0.00020381035275034406,1.0
0000882291,AEMD,2025-05-16,0,0.00020381035275034406,1.0
0000882291,AEMD,2025-05-19,0,0.000613082882136662,1.0
0000882291,AEMD,2025-05-20,0,0.000613082882136662,1.0
0000882291,AEMD,2025-05-21,0,0.000613082882136662,1.0
0000882291,AEMD,2025-05-22,0,0.000613082882136662,1.0
0000882291,AEMD,2025-05-23,0,0.000613082882136662,1.0
0000882291,AEMD,2025-05-26,0,0.000613082882136662,1.0
0000882291,AEMD,2025-05-27,0,0.000613082882136662,1.0
0000882291,AEMD,2025-05-28,0,0.000613082882136662,1.0
0000882291,AEMD,2025-05-29,0,0.000613082882136662,1.0
0000882291,AEMD,2025-05-30,0,0.000613082882136662,1.0
0000882291,AEMD,2025-06-02,0,0.000613082882136662,1.0
0000882291,AEMD,2025-06-03,0,0.000613082882136662,1.0
0000882291,AEMD,2025-06-04,0,0.000613082882136662,1.0
0000882291,AEMD,2025-06-05,0,0.000613082882136662,1.0
0000882291,AEMD,2025-06-06,0,0.000613082882136662,1.0
0000882291,AEMD,2025-06-09,0,0.000613082882136662,1.0
0000882291,AEMD,2025-06-10,0,0.000613082882136662,1.0
0000882291,AEMD,2025-06-11,0,0.000613082882136662,1.0
0000882291,AEMD,2025-06-12,0,0.000613082882136662,1.0
0000882291,AEMD,2025-06-13,0,0.0005664182574396381,1.0
0000882291,AEMD,2025-06-16,0,0.0005645775860052857,1.0
0000882291,AEMD,2025-06-17,0,0.0005645775860052857,1.0
0000882291,AEMD,2025-06-18,0,0.0005645775860052857,1.0
0000882291,AEMD,2025-06-19,0,0.0005645775860052857,1.0
0000882291,AEMD,2025-06-20,0,0.0005645775860052857,1.0
0000882291,AEMD,2025-06-23,0,0.0005645775860052857,1.0
0000882291,AEMD,2025-06-24,0,0.0005645775860052857,1.0
0000882291,AEMD,2025-06-25,0,0.0005645775860052857,1.0
0000882291,AEMD,2025-06-26,0,0.0005645775860052857,1.0
0000882291,AEMD,2025-06-27,0,6.648436152106013e-05,1.0
0000882291,AEMD,2025-06-30,0,6.648436152106013e-05,1.0
0000882291,AEMD,2025-07-01,0,6.648436152106013e-05,1.0
0000882291,AEMD,2025-07-02,0,6.648436152106013e-05,1.0
0000882291,AEMD,2025-07-03,0,6.648436152106013e-05,1.0
0000882291,AEMD,2025-07-04,0,6.648436152106013e-05,1.0
0000882291,AEMD,2025-07-07,0,4.752813738921848e-05,1.0
0000882291,AEMD,2025-07-08,0,4.752813738921848e-05,1.0
0000882291,AEMD,2025-07-09,0,4.752813738921848e-05,1.0
0000882291,AEMD,2025-07-10,0,4.752813738921848e-05,1.0
0000882291,AEMD,2025-07-11,0,4.752813738921848e-05,1.0
0000882291,AEMD,2025-07-14,0,4.752813738921848e-05,1.0
0000882291,AEMD,2025-07-15,0,4.752813738921848e-05,1.0
0000882291,AEMD,2025-07-16,0,4.752813738921848e-05,1.0
0000882291,AEMD,2025-07-17,0,3.397658610390481e-05,1.0
0000882291,AEMD,2025-07-18,0,3.397658610390481e-05,1.0
0000882291,AEMD,2025-07-21,0,3.397658610390481e-05,1.0
0000882291,AEMD,2025-07-22,0,3.397658610390481e-05,1.0
0000882291,AEMD,2025-07-23,0,3.397658610390481e-05,1.0
0000882291,AEMD,2025-07-24,0,3.397658610390481e-05,1.0
0000882291,AEMD,2025-07-25,0,3.397658610390481e-05,1.0
0000882291,AEMD,2025-07-28,0,0.00020671224823628668,1.0
0000882291,AEMD,2025-07-29,0,0.00020671224823628668,1.0
0000882291,AEMD,2025-07-30,0,0.00020671224823628668,1.0
0000882291,AEMD,2025-07-31,0,0.00020671224823628668,1.0
0000882291,AEMD,2025-08-01,0,0.00020671224823628668,1.0
0000882291,AEMD,2025-08-04,0,0.00020671224823628668,1.0
0000882291,AEMD,2025-08-05,0,0.00020671224823628668,1.0
0000882291,AEMD,2025-08-06,0,0.00020671224823628668,1.0
0000882291,AEMD,2025-08-07,0,0.00020671224823628668,1.0
0000882291,AEMD,2025-08-08,0,0.00020671224823628668,1.0
0000882291,AEMD,2025-08-11,0,0.00020671224823628668,1.0
0000882291,AEMD,2025-08-12,0,0.00020608225211072445,1.0
0000882291,AEMD,2025-08-13,0,0.00020803423382138007,1.0
0000882291,AEMD,2025-08-14,0,0.000221373792878162,1.0
0000882291,AEMD,2025-08-15,0,0.000221373792878162,1.0
0000882291,AEMD,2025-08-18,0,0.000221373792878162,1.0
0000882291,AEMD,2025-08-19,0,0.000221373792878162,1.0
0000882291,AEMD,2025-08-20,0,0.000221373792878162,1.0
0000882291,AEMD,2025-08-21,0,6.980303866527223e-06,1.0
0000882291,AEMD,2025-08-22,0,6.980303866527223e-06,1.0
0000882291,AEMD,2025-08-25,0,6.980303866527223e-06,1.0
0000882291,AEMD,2025-08-26,0,6.980303866527223e-06,1.0
0000882291,AEMD,2025-08-27,0,6.980303866527223e-06,1.0
0000882291,AEMD,2025-08-28,0,6.980303866527223e-06,1.0
0000882291,AEMD,2025-08-29,0,6.980303866527223e-06,1.0
0000882291,AEMD,2025-09-01,0,6.980303866527223e-06,1.0
0000882291,AEMD,2025-09-02,0,6.980303866527223e-06,1.0
0000882291,AEMD,2025-09-03,0,6.980303866527223e-06,1.0
0000882291,AEMD,2025-09-04,0,6.980303866527223e-06,1.0
0000882291,AEMD,2025-09-05,0,6.980303866527223e-06,1.0
0000882291,AEMD,2025-09-08,0,6.980303866527223e-06,1.0
0000882291,AEMD,2025-09-09,0,6.980303866527223e-06,1.0
0000882291,AEMD,2025-09-10,0,6.088709006694055e-06,1.0
0000882291,AEMD,2025-09-11,0,6.088709006694055e-06,1.0
0000882291,AEMD,2025-09-12,0,6.088709006694055e-06,1.0
0000882291,AEMD,2025-09-15,0,7.002971771029394e-06,1.0
0000882291,AEMD,2025-09-16,0,7.002971771029394e-06,1.0
0000882291,AEMD,2025-09-17,0,7.002971771029394e-06,1.0
0000882291,AEMD,2025-09-18,0,7.002971771029394e-06,1.0
0000882291,AEMD,2025-09-19,0,7.002971771029394e-06,1.0
0000882291,AEMD,2025-09-22,0,0.1547873303436112,1.0
0000882291,AEMD,2025-09-23,0,0.1547873303436112,1.0
0000882291,AEMD,2025-09-24,0,0.1547873303436112,1.0
0000882291,AEMD,2025-09-25,0,0.01488550694330154,1.0
0000882291,AEMD,2025-09-26,0,0.01488550694330154,1.0
0000882291,AEMD,2025-09-29,0,0.01488550694330154,1.0
0000882291,AEMD,2025-09-30,0,0.01488550694330154,1.0
0000882291,AEMD,2025-10-01,0,0.01488550694330154,1.0
0000882291,AEMD,2025-10-02,0,0.01488550694330154,1.0
0000882291,AEMD,2025-10-03,0,0.01488550694330154,1.0
0000882291,AEMD,2025-10-06,0,0.014486856664125915,1.0
0000882291,AEMD,2025-10-07,0,0.014486856664125915,1.0
0000882291,AEMD,2025-10-08,0,0.014486856664125915,1.0
0000882291,AEMD,2025-10-09,0,0.014486856664125915,1.0
0000882291,AEMD,2025-10-10,0,0.026298011420600363,1.0
0000882291,AEMD,2025-10-13,0,0.026298011420600363,1.0
0000882291,AEMD,2025-10-14,0,0.026298011420600363,1.0
0000882291,AEMD,2025-10-15,0,0.025601664811356704,1.0
0000882291,AEMD,2025-10-16,0,0.025601664811356704,1.0
0000882291,AEMD,2025-10-17,0,0.025601664811356704,1.0
0000882291,AEMD,2025-10-20,0,0.025601664811356704,1.0
0000882291,AEMD,2025-10-21,0,0.025601664811356704,1.0
0000882291,AEMD,2025-10-22,0,0.025601664811356704,1.0
0000882291,AEMD,2025-10-23,0,0.025601664811356704,1.0
0000882291,AEMD,2025-10-24,0,0.025601664811356704,1.0
0000882291,AEMD,2025-10-27,0,0.025601664811356704,1.0
0000882291,AEMD,2025-10-28,0,0.025601664811356704,1.0
0000882291,AEMD,2025-10-29,0,0.025601664811356704,1.0
0000882291,AEMD,2025-10-30,0,0.025601664811356704,1.0
0000882291,AEMD,2025-10-31,0,0.025601664811356704,1.0
0000882291,AEMD,2025-11-03,0,0.025601664811356704,1.0
0000882291,AEMD,2025-11-04,0,0.025601664811356704,1.0
0000882291,AEMD,2025-11-05,0,0.025601664811356704,1.0
0000882291,AEMD,2025-11-06,0,0.025601664811356704,1.0
0000882291,AEMD,2025-11-07,0,0.025601664811356704,1.0
0000882291,AEMD,2025-11-10,0,0.02561550514208579,1.0
0000882291,AEMD,2025-11-11,0,0.02561550514208579,1.0
0000882291,AEMD,2025-11-12,0,0.02479052123088836,1.0
0000882291,AEMD,2025-11-13,0,0.02604050056024671,1.0
0000882291,AEMD,2025-11-14,0,0.02604050056024671,1.0
0000882291,AEMD,2025-11-17,0,0.02604050056024671,1.0
0000882291,AEMD,2025-11-18,0,0.02604050056024671,1.0
0000882291,AEMD,2025-11-19,0,0.001302186471590282,1.0
0000882291,AEMD,2025-11-20,0,0.001302186471590282,1.0
0000882291,AEMD,2025-11-21,0,0.001302186471590282,1.0
0000882291,AEMD,2025-11-24,0,0.001302186471590282,1.0
0000882291,AEMD,2025-11-25,0,0.001302186471590282,1.0
0000882291,AEMD,2025-11-26,0,0.001302186471590282,1.0
0000882291,AEMD,2025-11-27,0,0.001302186471590282,1.0
0000882291,AEMD,2025-11-28,0,0.001302186471590282,1.0
0000882291,AEMD,2025-12-01,0,0.001302186471590282,1.0
0000882291,AEMD,2025-12-02,0,0.001302186471590282,1.0
0000882291,AEMD,2025-12-03,0,0.001302186471590282,1.0
0000882291,AEMD,2025-12-04,0,0.001302186471590282,1.0
0000882291,AEMD,2025-12-05,0,0.001302186471590282,1.0
0000882291,AEMD,2025-12-08,0,0.0004866088398194601,1.0
0000882291,AEMD,2025-12-09,0,0.00047920820095162,1.0
0000882291,AEMD,2025-12-10,0,0.00047920820095162,1.0
0000882291,AEMD,2025-12-11,0,0.00047920820095162,1.0
0000882291,AEMD,2025-12-12,0,0.00047920820095162,1.0
0000882291,AEMD,2025-12-15,0,0.0005162266311639764,1.0
0000882291,AEMD,2025-12-16,0,0.0005162266311639764,1.0
0000882291,AEMD,2025-12-17,0,0.0005162266311639764,1.0
0000882291,AEMD,2025-12-18,0,0.0005162266311639764,1.0
0000882291,AEMD,2025-12-19,0,0.0005162266311639764,1.0
0000882291,AEMD,2025-12-22,0,0.0005162266311639764,1.0
0000882291,AEMD,2025-12-23,0,0.00011016564526799043,1.0
0000882291,AEMD,2025-12-24,0,0.00022517030117338459,1.0
0000882291,AEMD,2025-12-25,0,0.00022517030117338459,1.0
0000882291,AEMD,2025-12-26,0,0.00022517030117338459,1.0
0000882291,AEMD,2025-12-29,0,0.00022517030117338459,1.0
0000882291,AEMD,2025-12-30,0,0.00022517030117338459,1.0
0000882291,AEMD,2025-12-31,0,0.00022517030117338459,1.0
0000882291,AEMD,2026-01-01,0,0.00022517030117338459,1.0
0000882291,AEMD,2026-01-02,0,0.00022517030117338459,1.0
0000882291,AEMD,2026-01-05,0,0.00022517030117338459,1.0
0000882291,AEMD,2026-01-06,0,0.00022517030117338459,1.0
0000882291,AEMD,2026-01-07,0,0.00029695183815750233,1.0
0000882291,AEMD,2026-01-08,0,9.186365291767095e-05,1.0
0000882291,AEMD,2026-01-09,0,9.186365291767095e-05,1.0
0000882291,AEMD,2026-01-12,0,9.186365291767095e-05,1.0
0000882291,AEMD,2026-01-13,0,9.186365291767095e-05,1.0
0000882291,AEMD,2026-01-14,0,9.186365291767095e-05,1.0
0000882291,AEMD,2026-01-15,0,9.186365291767095e-05,1.0
0000882291,AEMD,2026-01-16,0,9.186365291767095e-05,1.0
0000882291,AEMD,2026-01-19,0,0.0006287120684381109,1.0
0000882291,AEMD,2026-01-20,0,0.0006287120684381109,1.0
0000882291,AEMD,2026-01-21,0,0.0006287120684381109,1.0
0000882291,AEMD,2026-01-22,0,0.0010322626617521688,1.0
0000882291,AEMD,2026-01-23,0,0.0010322626617521688,1.0
0000882291,AEMD,2026-01-26,0,0.0010322626617521688,1.0
0000882291,AEMD,2026-01-27,0,0.0009075681905414542,1.0
0000882291,AEMD,2026-01-28,0,0.0009075681905414542,1.0
0000882291,AEMD,2026-01-29,0,0.0009075681905414542,1.0
0000882291,AEMD,2026-01-30,0,0.0009075681905414542,1.0
0000882291,AEMD,2026-02-02,0,0.0009075681905414542,1.0
0000882291,AEMD,2026-02-03,0,0.0009075681905414542,1.0
0000882291,AEMD,2026-02-04,0,0.0009075681905414542,1.0
0000882291,AEMD,2026-02-05,0,0.0009075681905414542,1.0
0000882291,AEMD,2026-02-06,0,0.0009075681905414542,1.0
0000882291,AEMD,2026-02-09,0,0.0023595567479588234,1.0
0000882291,AEMD,2026-02-10,0,0.002373962763606156,1.0
0000882291,AEMD,2026-02-11,0,0.002254165924266876,1.0
0000882291,AEMD,2026-02-12,0,0.002254165924266876,1.0
0000882291,AEMD,2026-02-13,0,0.0021141025746492527,1.0
0000882291,AEMD,2026-02-16,0,0.0021141025746492527,1.0
0000882291,AEMD,2026-02-17,0,0.0015139054645969072,1.0
0000882291,AEMD,2026-02-18,0,0.0004694866849761765,1.0
0000882291,AEMD,2026-02-19,0,0.0004694866849761765,1.0
0000882291,AEMD,2026-02-20,0,0.0004694866849761765,1.0
0000882291,AEMD,2026-02-23,0,0.0004694866849761765,1.0
0000882291,AEMD,2026-02-24,0,0.0004685733582504345,1.0
0000882291,AEMD,2026-02-25,0,0.0004685733582504345,1.0
0000882291,AEMD,2026-02-26,0,0.0009193128842080814,1.0
0000882291,AEMD,2026-02-27,0,0.0009193128842080814,1.0
0000882291,AEMD,2026-03-02,0,0.0009193128842080814,1.0
0000882291,AEMD,2026-03-03,0,0.0009193128842080814,1.0
0000882291,AEMD,2026-03-04,0,0.0009193128842080814,1.0
0000882291,AEMD,2026-03-05,0,0.0009193128842080814,1.0
0000882291,AEMD,2026-03-06,0,0.0009193128842080814,1.0
0000882291,AEMD,2026-03-09,0,0.0009048360069278153,1.0
0000882291,AEMD,2026-03-10,0,0.0009048360069278153,1.0
0000882291,AEMD,2026-03-11,0,0.0009048360069278153,1.0
0000882291,AEMD,2026-03-12,0,0.0009048360069278153,1.0
0000882291,AEMD,2026-03-13,0,0.0009048360069278153,1.0
0000882291,AEMD,2026-03-16,0,0.0010453732437512725,1.0
0000882291,AEMD,2026-03-17,0,0.0010453732437512725,1.0
0000882291,AEMD,2026-03-18,0,0.0010453732437512725,1.0
0000882291,AEMD,2026-03-19,0,0.0010453732437512725,1.0
0000882291,AEMD,2026-03-20,0,0.0010453732437512725,1.0
0000882291,AEMD,2026-03-23,0,0.0010453732437512725,1.0
0000882291,AEMD,2026-03-24,0,0.0011438920209747537,1.0
0000882291,AEMD,2026-03-25,0,0.0011438920209747537,1.0
0000882291,AEMD,2026-03-26,0,0.0011438920209747537,1.0
0000882291,AEMD,2026-03-27,0,0.0010568677397167843,1.0
0000882291,AEMD,2026-03-30,0,0.0010568677397167843,1.0
0000882291,AEMD,2026-03-31,0,0.0010568677397167843,1.0
0000882291,AEMD,2026-04-01,0,0.0010568677397167843,1.0
0000882291,AEMD,2026-04-02,0,0.0010568677397167843,1.0
0000882291,AEMD,2026-04-03,0,0.0010568677397167843,1.0
0000882291,AEMD,2026-04-06,0,0.0010568677397167843,1.0
0000882291,AEMD,2026-04-07,0,0.0010568677397167843,1.0
0000882291,AEMD,2026-04-08,0,0.0010568677397167843,1.0
0000882291,AEMD,2026-04-09,0,0.0009600211066918844,1.0
0000882291,AEMD,2026-04-10,0,0.0009600211066918844,1.0
0000882291,AEMD,2026-04-13,0,0.0009600211066918844,1.0
0000882291,AEMD,2026-04-14,0,0.0009600211066918844,1.0
0000882291,AEMD,2026-04-15,0,0.0009600211066918844,1.0
0000882291,AEMD,2026-04-16,0,0.0009600211066918844,1.0
0000882291,AEMD,2026-04-17,0,0.0009600211066918844,1.0
0000882291,AEMD,2026-04-20,0,0.0003540369919562861,1.0
0000882291,AEMD,2026-04-21,0,0.0003540369919562861,1.0
0000882291,AEMD,2026-04-22,0,0.0003540369919562861,1.0
0000882291,AEMD,2026-04-23,0,0.0003540369919562861,1.0
0000882291,AEMD,2026-04-24,0,0.0003540369919562861,1.0
0000882291,AEMD,2026-04-27,0,0.0003540369919562861,1.0
0000882291,AEMD,2026-04-28,0,0.000516162760964041,1.0
0000882291,AEMD,2026-04-29,0,0.000516162760964041,1.0
0000882291,AEMD,2026-04-30,0,0.000516162760964041,1.0
0000882291,AEMD,2026-05-01,0,0.000516162760964041,1.0
0000882291,AEMD,2026-05-04,0,0.000516162760964041,1.0
0000882291,AEMD,2026-05-05,0,0.000516162760964041,1.0
0000882291,AEMD,2026-05-06,0,0.000516162760964041,1.0
0000882291,AEMD,2026-05-07,0,0.000516162760964041,1.0
0000882291,AEMD,2026-05-08,0,0.000516162760964041,1.0
0000882291,AEMD,2026-05-11,0,0.000516162760964041,1.0
0000882291,AEMD,2026-05-12,0,0.000516162760964041,1.0
0000882291,AEMD,2026-05-13,0,0.0005210502503860694,1.0
0000882291,AEMD,2026-05-14,0,0.0005210502503860694,1.0
0000882291,AEMD,2026-05-15,0,0.0004711366061861917,1.0
0000882291,AEMD,2026-05-18,0,0.0004711366061861917,1.0
0000882291,AEMD,2026-05-19,0,0.0004711366061861917,1.0
0000882291,AEMD,2026-05-20,0,0.0004711366061861917,1.0
0000882291,AEMD,2026-05-21,0,0.0004711366061861917,1.0
0000882291,AEMD,2026-05-22,0,0.0004711366061861917,1.0
0000882291,AEMD,2026-05-25,0,0.0004711366061861917,1.0
0000882291,AEMD,2026-05-26,0,0.0006761241354815936,1.0
0000882291,AEMD,2026-05-27,0,0.0006761241354815936,1.0
0000882291,AEMD,2026-05-28,0,0.0006761241354815936,1.0
0000882291,AEMD,2026-05-29,0,0.0006761241354815936,1.0
0000882291,AEMD,2026-06-01,0,0.0006761241354815936,1.0
0000882291,AEMD,2026-06-02,0,0.0006761241354815936,1.0
0000882291,AEMD,2026-06-03,0,0.0006761241354815936,1.0
0000882291,AEMD,2026-06-04,0,0.0006761241354815936,1.0
0000882291,AEMD,2026-06-05,0,0.0006761241354815936,1.0
0000882291,AEMD,2026-06-08,0,0.0007472148975786523,1.0
0000882291,AEMD,2026-06-09,0,0.0007472148975786523,1.0
0000882291,AEMD,2026-06-10,0,0.0007472148975786523,1.0
0000882291,AEMD,2026-06-11,0,0.0028408582231361622,1.0
0000882291,AEMD,2026-06-12,0,0.0028408582231361622,1.0
0000882291,AEMD,2026-06-15,0,0.0028408582231361622,1.0
0000882291,AEMD,2026-06-16,0,0.0028408582231361622,1.0
0000882291,AEMD,2026-06-17,0,0.0028408582231361622,1.0
0000882291,AEMD,2026-06-18,0,0.0028408582231361622,1.0
0000882291,AEMD,2026-06-19,0,0.0028408582231361622,1.0
0000882291,AEMD,2026-06-22,0,0.00020813412281270568,1.0
0000882291,AEMD,2026-06-23,0,0.00020813412281270568,1.0
0000882291,AEMD,2026-06-24,0,0.00020813412281270568,1.0
0000882291,AEMD,2026-06-25,0,0.00020813412281270568,1.0
0000882291,AEMD,2026-06-26,0,0.00020813412281270568,1.0
0000882291,AEMD,2026-06-29,0,0.00020813412281270568,1.0
0000882291,AEMD,2026-06-30,0,0.00020813412281270568,1.0
0000882291,AEMD,2026-07-01,0,0.00020813412281270568,1.0
0000882291,AEMD,2026-07-02,0,0.00020813412281270568,1.0
0000882291,AEMD,2026-07-03,0,0.00020813412281270568,1.0
0000882291,AEMD,2026-07-06,0,0.00020813412281270568,1.0
0000882291,AEMD,2026-07-07,0,0.00020813412281270568,1.0
0000882291,AEMD,2026-07-08,0,0.0002698781461161919,1.0
0000882291,AEMD,2026-07-09,0,0.0002698781461161919,1.0
0000882291,AEMD,2026-07-10,0,0.0002698781461161919,1.0
0000882291,AEMD,2026-07-13,0,0.0015455781847968867,1.0
0000882291,AEMD,2026-07-14,0,0.0015455781847968867,1.0
0000882291,AEMD,2026-07-15,0,0.0015455781847968867,1.0
0000882291,AEMD,2026-07-16,0,0.0015455781847968867,1.0
0000882291,AEMD,2026-07-17,0,0.0015455781847968867,1.0
0000882291,AEMD,2026-07-20,0,0.03690733231031371,1.0
0000882291,AEMD,2026-07-21,0,0.03690733231031371,1.0
0000882291,AEMD,2026-07-22,0,0.9990374174031232,1.0
0000882291,AEMD,2026-07-23,1,0.9990374174031232,1.0
0000882291,AEMD,2026-07-24,1,0.9990374174031232,1.0
0000882291,AEMD,2026-07-27,1,0.9990667215074003,1.0
0000882291,AEMD,2026-07-28,1,0.9990667215074003,1.0
0000882291,AEMD,2026-07-29,1,0.9990667215074003,1.0
0000882291,AEMD,2026-07-30,1,0.9990667215074003,1.0
0000882291,AEMD,2026-07-31,1,0.9990667215074003,1.0
0000882291,AEMD,2026-08-03,1,0.9990667215074003,1.0
0000882291,AEMD,2026-08-04,1,0.9990667215074003,1.0
0000882291,AEMD,2026-08-05,1,0.9990667215074003,1.0
0000882291,AEMD,2026-08-06,1,0.9990667215074003,1.0
0000882291,AEMD,2026-08-07,1,0.9994962569903666,1.0
0000882291,AEMD,2026-08-10,1,0.9994962569903666,1.0
0000882291,AEMD,2026-08-11,1,0.9994962569903666,1.0
0000882291,AEMD,2026-08-12,1,0.9994962569903666,1.0
0000882291,AEMD,2026-08-13,1,0.9995053890134774,1.0
0000882291,AEMD,2026-08-14,1,0.999542370556451,1.0
0000882291,AEMD,2026-08-17,1,0.999542370556451,1.0
0000882291,AEMD,2026-08-18,1,0.999542370556451,1.0
0000882291,AEMD,2026-08-19,1,0.999542370556451,1.0
0000882291,AEMD,2026-08-20,1,0.999542370556451,1.0
0000882291,AEMD,2026-08-21,1,0.999542370556451,1.0
0000882291,AEMD,2026-08-24,1,0.999893603370141,1.0
0000882291,AEMD,2026-08-25,1,0.999893603370141,1.0
0000882291,AEMD,2026-08-26,1,0.999893603370141,1.0
0000882291,AEMD,2026-08-27,1,0.999893603370141,1.0
0000882291,AEMD,2026-08-28,1,0.999893603370141,1.0
0000882291,AEMD,2026-08-31,1,0.999893603370141,1.0
0000882291,AEMD,2026-09-01,1,0.9999897119229774,1.0
0000882291,AEMD,2026-09-02,1,0.9999897119229774,1.0
0000882291,AEMD,2026-09-03,1,0.9999897119229774,1.0
0000882291,AEMD,2026-09-04,1,0.9999897119229774,1.0
0000882291,AEMD,2026-09-07,1,0.9999897119229774,1.0
0000882291,AEMD,2026-09-08,1,0.9999897119229774,1.0
0000882291,AEMD,2026-09-09,1,0.9997525861050174,1.0
0000882291,AEMD,2026-09-10,1,0.9997525861050174,1.0
0000882291,AEMD,2026-09-11,1,0.9997525861050174,1.0
0000882291,AEMD,2026-09-14,1,0.9997558145413873,1.0
0000882291,AEMD,2026-09-15,1,0.9997905384552296,1.0
0000882291,AEMD,2026-09-16,1,0.9997905384552296,1.0
0000882291,AEMD,2026-09-17,0,0.12615555922637278,1.0
